date,Sequence_1,Sequence_2,Sequence_3,Sequence_4,Sequence_5,Sequence_6,Sequence_7,Sequence_8,Sequence_9,Sequence_10,Sequence_11,Sequence_12,Sequence_13,Sequence_14,Sequence_15,Sequence_16,Sequence_17,Sequence_18,Sequence_19,Sequence_20
2013-01-02,0.011962942,0.022288283,0.030071026,0.010223143,0.023692949,-0.0003934189,0.038712516,0.024596423,-0.015883023,0.0047224653,0.04872501,0.014558604,0.0024150999,0.04903334,0.015395799,0.0170497,0.004591371,0.018603178,0.041420046,0.006067938
2013-01-03,0.0,0.0,0.0015823033,0.0038518857,0.010329466,0.017472034,0.023793759,0.008616874,0.008848613,0.009907632,-0.0010546364,-0.012311087,0.0113638025,0.005929019,0.0,0.0013462127,-0.0037818272,0.0025107819,-0.013497735,0.0100199655
2013-01-04,0.010038594,0.0068118423,-0.007938964,-0.0028081562,0.00854762,-0.01746271,0.0059240954,-0.003957255,0.06501896,0.0033455666,0.005172878,0.09778833,0.016730288,0.031359136,0.0031478489,0.00027395942,-0.002919346,0.0044400175,-3.727996e-06,0.010227656
2013-01-07,-0.001628417,0.0017105073,-0.00050049496,-0.00044091878,0.0027120071,0.023394251,-0.0059755025,0.0149888145,0.0015598442,0.027278436,0.0048122485,-0.029843103,0.004592532,0.015879747,0.006547825,-0.0019688995,-0.017513417,-0.0018359112,0.019360766,-0.05893322
2013-01-08,-0.016736945,0.0052564517,-0.003657502,-0.0005125765,-0.0016963211,-0.033807613,-0.020588636,0.010281733,-0.004899622,0.0,0.016760109,-0.00096839765,-0.0032806601,0.001271979,0.0005670287,0.008228372,0.023589645,0.0016930252,0.005115137,-0.008022102
2013-01-09,0.013064974,0.0079963785,-0.034882944,-0.01904305,0.000727276,0.004100899,0.00764749,-0.012891348,0.004100106,0.014019596,-0.042048816,-0.006043874,0.008190774,0.017990889,0.0006248341,0.009049065,0.01290878,0.0041080015,0.004252702,0.0035401382
2013-01-10,0.018648366,0.010440755,0.019884653,0.028938549,0.0009779638,-0.002465679,0.011430092,0.0019976012,-0.00093463797,-0.013403349,0.018536266,-0.0012112436,0.008115512,0.021275043,-0.037435632,0.023369122,0.0048645274,-0.0016083851,-0.0031969883,-0.0065079154
2013-01-11,0.007363473,0.0008006722,0.018593209,0.018301366,-0.0006520979,-0.003862422,-0.009053153,0.007544523,-0.012811137,0.02289177,0.02123697,0.0026600538,0.0026360254,-0.0027505113,0.0110014975,-0.000732587,0.021238979,-0.002342203,-0.0034498961,0.022760047
2013-01-14,0.006488779,-0.007932851,0.011336244,0.018610833,0.0,0.014241482,0.012765734,-0.023816891,-0.0012839444,0.020835439,0.008713421,-0.0056556887,-0.000290644,0.00037337953,-0.051539328,0.013790927,-7.130717e-06,0.0034005381,-0.007237651,0.006330397
2013-01-15,-0.009473304,-0.0029734508,0.013755772,0.012902172,-0.0051473626,0.0026459605,0.0,0.0068326723,0.013621699,0.016699063,0.0068111415,0.0051350826,0.0047548236,0.0032340677,0.01475325,-0.0019734039,0.0062411386,0.0030290026,-0.004977034,0.008568476
2013-01-16,0.020973666,-0.010100015,0.011457332,-0.005846667,0.0043307333,0.015478754,-0.018698804,-0.007567207,0.0,0.0071568494,-0.007262765,0.014965467,-0.02876819,-0.02072738,0.010683957,-0.013026435,0.0012728292,0.001182542,-0.06624829,0.009888714
2013-01-17,0.01770728,0.004055858,-0.010958271,0.0075401864,-0.0013524626,-0.0004440964,-0.019452367,-0.00277169,0.014818634,0.0,0.004566151,0.015938435,-0.0010666831,-0.001831535,0.019170383,-0.0038548077,0.0040105493,0.0057573947,-0.009268814,0.0030426725
2013-01-18,0.0053091757,0.004588103,-0.0030053009,0.013477073,0.023730911,0.0060687005,0.007975459,-0.0008171125,0.012990689,-0.00918427,0.014316883,-0.041138805,0.00038347297,0.09796953,-0.023334488,0.011111719,-0.003982774,0.0140211675,-0.003083374,-0.115349606
2013-01-21,0.007009604,0.0029087076,-0.02210461,-0.0018258191,0.00027890812,0.0033585527,-0.005492138,0.04640595,0.0,-0.008754573,-0.004048003,-0.017044855,0.0016497397,0.018516429,0.0539314,0.005737093,-0.013572627,-5.825835e-05,0.0012714969,0.01187296
2013-01-22,0.008282535,0.02341124,0.0014042063,-0.0014830091,0.015206194,0.0015066289,0.010423997,0.012397815,0.028993536,0.0079456195,-0.086054735,0.058189627,0.005224594,-0.016486019,-0.00076005014,0.011737606,-0.009612647,-0.0007630407,0.052590623,-0.009292701
2013-01-23,-0.01913798,0.00056302786,0.023799883,-0.0009996662,0.01234167,0.022364926,-0.018578215,-0.05614916,-0.011831506,0.0126691805,0.009408673,0.019453235,-0.0012102413,0.001406564,-0.046661407,-0.00069545436,-0.0014310187,0.012907539,0.013085666,0.009934582
2013-01-24,-0.000944006,0.010863994,-0.0008591892,0.008578548,-0.0043879827,0.0110147735,0.016143719,0.0014347959,0.0024901084,0.00035345525,0.00019357848,0.009712493,-0.0039110384,0.009883842,0.06705183,-0.0066627157,0.030670332,0.008482862,0.01042396,0.0012868426
2013-01-25,0.016710976,0.003196459,0.0036397397,-0.008515679,-0.0027489231,-0.0013992214,0.036935885,0.008207796,0.002312123,0.029120376,-0.01300226,0.009156497,-0.0010461448,-0.014235687,-0.0074623055,0.002494774,0.009307216,-0.000111693866,-0.00015516713,-0.0046174824
2013-01-28,-0.023005357,0.027797556,0.028944848,-0.015693365,0.024542157,0.011800999,0.058437306,0.00095950684,-0.02303255,-0.022949066,-0.009060072,0.0,-0.014264196,0.0239782,0.0023635237,0.00027174124,0.0,-0.01279315,-0.0016391787,0.0014718567
2013-01-29,0.012798921,0.004368825,0.021717176,-0.004312024,-0.003794286,-0.010916877,0.043078005,0.009735383,0.008535268,0.009881806,-0.003772376,0.010418246,0.009046177,0.0077107153,0.0077682133,0.007670409,-0.0003913571,-0.0022808225,-0.018592088,0.0040208874
2013-01-30,0.0020996714,-0.00038014876,0.008464192,0.009095627,0.00053512113,0.01179849,0.005992793,-0.0094319815,0.0070423638,0.00694688,0.05677385,0.008386553,0.0003993337,0.011124083,-0.0017426267,-0.0008552268,0.009876798,-0.0015320374,0.009737464,0.0060095913
2013-01-31,-0.008949114,-0.00087905565,0.009009534,0.015220367,0.0,-0.0076566404,-0.00017738059,0.0017193715,-0.0029478788,0.013755955,0.01374487,0.00075484486,-0.0038547937,0.020078572,0.016568225,0.009290056,0.00021967271,-0.0047687176,-0.0024693059,-0.00072997366
2013-02-01,-0.0018967352,0.007557236,0.005650319,-0.0016503149,0.007006863,0.0027047074,-0.0034106395,-0.017558776,0.01016142,0.0018897511,-0.001481115,0.003730499,0.011283548,-0.020490782,0.028408043,0.011260331,0.010201564,-0.020166071,-0.0044907387,0.008207988
2013-02-04,-0.008138557,0.0024478347,-0.012217491,0.032506034,-0.00029773437,0.0079399645,-0.00390893,0.0003793646,-0.0080653615,-0.0009080641,0.03583067,0.015281868,0.004207849,0.010618737,0.0011880213,-0.00050004676,0.004517273,-0.0054860464,0.011904967,0.014851319
2013-02-05,0.002046998,-0.0028509994,0.023499511,0.0,-0.0077480986,-0.016667588,0.024727883,0.022762408,-0.107440524,0.0013899021,-0.013240683,-0.07563829,-0.001537583,0.003717485,0.02568383,0.009083959,0.0021267384,0.0063031097,-0.0064814077,0.010982721
2013-02-06,-0.0068420693,0.010968269,0.005483782,0.00702558,0.01596009,0.0168124,0.0006834983,0.0005222419,0.0007636412,-0.0016678753,0.010717083,0.0057119178,0.0014029648,0.003714182,-0.006197158,0.001346324,0.015310635,-0.0019353357,0.023024831,-0.005564543
2013-02-07,-0.02501824,0.004383953,0.0128356805,0.013158057,-0.0036768115,-0.0029435016,0.0029993316,0.0038733205,0.016551817,0.0045959386,0.03154293,0.015421661,0.010693978,0.007002235,0.0005808508,0.0040736264,0.00022707257,0.023242844,0.013677564,-0.0012019239
2013-02-08,0.012752434,0.0014640972,0.017170437,-0.004303618,0.0036946388,-0.004276736,0.026118726,0.01605261,-0.01393111,0.009781831,0.0034843818,-0.00011610433,-0.037384525,-0.00013329074,0.0,0.011289181,0.0127566755,-0.008185104,-8.732101e-05,0.006921909
2013-02-11,0.0125569375,0.0051024295,-0.008002152,0.0030856493,0.013683324,-0.016651947,-0.0046848156,-0.0060910275,-0.100599386,0.0020396116,0.0040992526,0.008805637,-0.0037971903,0.0033996312,-2.095897e-05,-0.013318517,0.010908665,0.012943251,-0.0010220008,0.011326234
2013-02-12,-0.017135026,-0.0077023664,0.0012267535,-0.0010311349,-0.003140462,0.021904364,-0.0010585763,-0.013128353,0.027394364,-0.045497686,0.015632156,0.008577247,0.0021209214,0.008380322,-0.028522838,-0.0008159303,0.0025017874,-0.0013169557,0.009765633,0.0015998501
2013-02-13,0.0276992,0.00074947026,0.00017786636,0.0013391882,0.0022195,-0.015426802,0.006176705,-0.0024316402,0.010807215,-0.006485043,-0.0024747206,0.014245184,-0.010100724,0.0032696172,-0.0044315015,-0.0032048358,0.0037091002,-0.012088315,0.00092847773,-0.0014918942
2013-02-14,0.013053372,0.0,0.008752747,-0.037216038,0.012687392,0.009694318,-0.029869266,-0.0017256784,0.02663994,0.0068914145,0.00078267045,0.017207185,0.0056445966,0.0,0.033621795,-0.009952027,-0.00035539863,-0.00030756314,0.0027379547,0.004502194
2013-02-15,4.2702526e-05,0.0069116326,0.0044816807,0.0045078234,0.0055195047,0.0018836029,0.0020923058,-0.023234697,0.028973896,-0.010667772,-0.050196107,-0.0018058601,0.011808619,0.0,-0.020738648,0.015640121,0.007488055,0.016785571,-0.0036592477,0.015110023
2013-02-18,0.008028716,0.0043513295,-0.02832005,0.0049130735,0.006371571,0.0011864377,0.0053261775,0.023317296,0.0021126866,0.011962658,-2.9904608e-05,0.0031037582,0.0071494365,0.014138643,0.0050765467,0.0031087666,-0.0058329445,0.0099886665,0.015499842,-0.0009142341
2013-02-19,0.0059022903,-0.004374541,0.0036323017,0.019037368,-0.005712179,-0.005364637,1.3171651e-05,-0.0069718566,-0.014006534,0.006525853,-0.00053522276,-0.013318678,0.0067833127,0.014955185,0.019318743,-0.0049871095,0.010587868,0.008370951,-0.020609092,0.0056901556
2013-02-20,0.004832657,0.00015179529,0.013473438,0.0041981763,0.011615216,-0.0027790319,-0.0077574006,0.006517819,-0.0015144257,0.009848643,0.021771338,0.0023658199,-0.0076929624,-0.0017426492,0.0047288476,0.010137196,0.0029526032,0.006357929,0.0,0.0061551137
2013-02-21,0.0,0.012282459,-0.0030176088,0.004840588,-0.009412335,-0.015288811,-0.011520063,0.015410034,-0.0019852188,-0.00143137,0.03618164,0.003799132,0.0071783536,0.0,-0.014106107,-0.009439101,0.009058041,0.0012678334,-0.011280341,-0.03025043
2013-02-22,0.00866206,0.0,0.023102986,0.0031545812,0.0048459154,0.01696602,0.010597833,-0.009624028,-0.009896013,0.011892539,-0.0053082434,-0.002241649,0.0054182285,0.0050813686,-0.029249333,0.0,0.003048677,-0.0036866276,0.0041528684,0.0034174868
2013-02-25,0.0047051134,0.009600439,-0.004350392,-0.004578196,0.024604509,0.005729687,0.012285213,0.015346948,0.048033096,0.009631956,0.043051273,0.005394883,0.006857954,0.00063882326,0.019352851,0.013170311,-0.018667655,0.0,0.013049648,0.0063874675
2013-02-26,0.004520878,-0.0046034725,0.0026928517,0.0,-0.0055049695,-0.0022829378,0.00069299224,-0.014308736,-0.015273143,-0.0161698,0.0042140074,-0.00068699836,0.0011975509,0.0081023825,0.011095455,0.009972089,0.004213275,0.0064297765,-0.023765365,-0.00074767217
2013-02-27,0.003721279,0.007155818,0.014773688,-0.0023776055,0.00044741345,0.0058184913,0.018176878,-0.00018380296,0.019522252,-0.0061262464,0.023535406,0.0038737806,0.014209266,0.006104573,-0.0008308,-0.0017299753,-0.01931828,-0.0010764147,0.021989381,0.0047496604
2013-02-28,0.0,0.0037156,-0.0028461176,0.017530562,-0.029721582,-0.00495013,-0.02934767,0.0060771424,0.0071961964,0.007947627,0.02151251,0.003212273,0.011661732,0.0074205273,0.003276352,-0.030975094,-0.0030820384,0.0024564718,0.0023395885,0.008039756
2013-03-01,-9.115762e-05,0.00044729924,0.0,0.0028874022,0.007151632,0.0166589,0.003106986,0.01572932,-0.0029406506,-0.0055767624,-0.007579847,-0.008851598,-0.0067941505,-0.00335215,0.0106981015,0.0048388233,0.019279968,0.0033271292,-0.004661291,-0.011293117
2013-03-04,0.0032649622,0.004392451,0.019945547,0.013574664,0.0014094295,-0.0081704315,0.007476266,0.021297164,-0.0056017973,0.008174478,0.0050012474,0.049099345,-0.0017924508,0.016738372,0.008601174,0.00803879,0.018459862,0.0032922872,0.023778353,0.010574609
2013-03-05,0.0021519302,0.007911793,0.00064593117,-0.0072953487,9.648371e-05,0.008364874,-0.050679103,0.004096262,-0.009702592,0.00035905748,-0.013919022,0.0032252278,0.0,0.008777681,0.017342148,-0.002825077,0.0017998955,0.016962003,0.0088449195,0.0039778193
2013-03-06,0.010224551,0.0003982467,0.01924703,-0.0039822194,0.0053995885,0.00072688336,-0.0024254003,0.0058462224,0.0038075163,0.007726272,0.0058177277,0.004043691,0.01016772,0.009953295,0.0034523574,0.008299557,0.0022561448,0.009262517,0.015542426,-0.003793075
2013-03-07,0.00069266534,0.00337753,-0.0038906827,0.007190329,0.008701879,-0.0038812486,0.020402057,0.005514042,0.008364421,-0.015596844,0.006264151,0.028553471,-0.0081266,-0.004538949,-0.0017950488,0.004244028,0.015859509,-0.0065825414,0.006240723,0.0069564367
2013-03-08,0.0073061245,0.0012730033,0.0068388344,-0.073646314,0.00083354476,-0.046656013,0.0,0.02223384,0.003271274,-0.009642302,0.024151936,-0.012210992,0.002877364,-0.005537902,0.004058043,-0.0048843627,-0.00044226562,-0.0017375494,-0.008560941,0.0064746775
2013-03-11,0.015521096,0.00460793,-0.003755269,0.006268744,0.011163888,-0.0021090035,0.006722145,0.0187771,0.01080556,0.00870453,0.0030554684,-0.0008133108,0.0041477806,-0.033927962,-0.0025982242,0.012448526,-0.008854595,0.0029170793,0.015958859,0.0010407853
2013-03-12,-0.004513849,-0.001257401,-0.030735806,0.010838487,-0.0001783772,0.019411398,-0.008344617,0.0028521756,0.0008366808,0.0061854636,0.023313014,0.003576146,-0.0032099376,-0.0019849597,-0.039553788,-0.0032870104,0.0016937763,0.012034584,-0.0038583805,0.018611265
2013-03-13,0.0132750375,0.0047303354,0.017823715,-0.036097877,0.019760393,4.897795e-05,0.0134330345,-0.00033312532,0.0112278545,0.0042594406,-0.013271314,-0.00866047,-0.009809418,0.00035393995,-0.002399041,-0.029847274,-0.0061663073,0.007767814,-0.0057635265,0.0
2013-03-14,0.00225524,0.0039990665,0.01720866,0.011837287,-0.0031165124,0.015370724,-0.031173838,0.013230042,0.00073155167,0.007789808,0.024861306,0.020421358,0.010960176,0.0006994137,-0.023617832,-0.010774726,-0.00044135255,0.0008137546,0.01589022,-0.019097533
2013-03-15,0.01054633,0.0,-0.009078145,0.0063515026,0.0065464866,0.0055443347,0.012230084,-0.015078371,0.0037054217,-0.0023044413,0.018872634,0.012468712,0.021960557,-0.0023482407,0.0042724395,-0.0025450583,-0.0019254887,0.007389583,0.0018350325,-0.01220705
2013-03-18,-1.0085999e-05,0.0012792955,-0.0015857356,0.024364406,0.0026113593,0.011561743,0.017609483,-0.0037257567,0.00032431516,-0.0018546858,-0.010368389,0.0075923456,-0.007339671,-0.043421574,0.0037197084,-0.0028304348,0.007190241,-0.0030715992,-0.01231876,-0.0064816712
2013-03-19,-0.0063630324,0.0038309048,0.00877629,0.0003683855,0.003567698,-0.0037037947,-0.008424437,0.0067599746,-0.005345298,0.006459549,0.0019216684,0.012771193,0.006274373,-0.019356146,0.019982161,0.021281399,0.010954786,-0.016496891,-0.005659824,-0.038182244
2013-03-20,-0.018297872,0.0065782066,0.00400676,0.004857027,0.011532604,0.002261752,0.014024084,-0.010316571,0.014334293,0.010069707,0.00022326542,-0.009099204,0.01741736,-0.0028685108,0.004767805,0.022722114,0.00207188,0.005311552,0.0035658472,0.012840902
2013-03-21,-0.024562182,0.0032243875,0.0,-0.029996691,-0.013180936,0.0071760123,0.0376265,0.0056049973,-0.0026449317,0.007768051,0.0075089615,0.008774195,0.0021116403,0.0060886624,0.031539638,0.011805582,0.007650835,0.015208989,0.021899926,0.001311382
2013-03-22,0.0012524027,0.004354303,0.0013645589,0.015006108,0.014946935,0.011805496,0.00457202,0.008469913,0.015322123,0.008079255,-0.010243727,0.0038028813,0.008200788,-0.02009648,0.003830226,0.0009773389,0.0027854703,-0.0010484342,-0.0059561445,0.0
2013-03-25,0.0222443,0.0046770056,0.016517,0.012016942,0.008832377,0.0072442023,0.009377897,-0.0030450835,0.006855708,-0.0018006322,0.027896736,0.004857349,-0.00016476038,-0.0035722775,0.007395803,0.0032787684,0.0077694124,0.00545041,0.004596164,0.0034228098
2013-03-26,0.008104656,0.0007785788,0.019737564,0.007400176,-0.0026341125,0.011651698,0.0,0.021543901,0.00503438,0.0037051397,-0.007335222,-0.006248883,-0.005811832,0.015408158,-0.01587702,-0.0005279429,0.012019992,-0.0031860126,0.013181237,0.0007664492
2013-03-27,-0.0020544778,0.0008973979,0.0018061228,-0.008140633,0.0032644963,-0.013011428,0.007836304,0.0041002245,0.0016993622,-0.0047236136,0.010001029,0.007013137,-0.000108857115,-0.001424418,0.013090519,0.0055720815,-0.0011809333,0.0018090844,0.0065899785,0.017210169
2013-03-28,0.0,-0.00020002507,-0.0024754473,-0.00016524295,0.0012027809,0.009147602,0.0,-0.01127216,-0.00041450173,-0.011273316,-0.0012140913,-0.02982076,-0.006403362,0.00044314546,0.0062285685,0.0023003097,0.0014715613,-0.025199056,0.024007821,0.014267004
2013-03-29,0.015116553,-0.0021136773,0.018774604,0.013942707,0.0030700578,0.012772702,0.0058828616,-0.018204194,-0.00028674264,-0.00430275,0.002890688,0.008166775,0.00025349233,-0.03591838,0.030973308,-0.020857705,0.0063540465,0.0,-0.00608062,0.0012839227
2013-04-01,0.0013449639,0.004228929,-0.015121558,0.008270015,0.0036723383,-0.00026127242,-0.008172097,-0.034961354,-0.0030986806,0.00479996,0.02102511,0.013514396,0.017605906,0.093971536,0.0036106398,0.012235946,0.0012822805,-0.00054883107,0.04299654,0.009541779
2013-04-02,0.0,-0.00442777,0.0019670352,-0.023506032,0.004039135,-0.016128222,0.0147792,0.01680598,0.0038346045,-0.032433547,0.008506038,-0.020626899,0.010014908,0.033603843,0.005700955,0.009575045,0.013067469,0.017920509,0.013705652,0.00022282962
2013-04-03,0.0234385,0.013805282,0.018778326,0.0043864455,-0.00053293724,-0.0060401917,0.0041021537,0.009836722,-0.00906484,0.017437134,0.007285051,0.02117447,-0.002443846,0.011419771,0.0062827407,0.0067356946,0.0029754802,-0.0139069185,0.0036091262,0.009674283
2013-04-04,-0.002679209,-0.0054888637,-0.014085762,-0.0010211156,-0.0055121053,-0.016843814,-0.0075573996,0.019856706,0.0078030955,0.02379501,0.02124906,-0.0148941055,-0.012495704,0.00047870094,0.0025622554,0.0020466808,0.013704925,0.04594438,-0.0031715282,0.010044681
2013-04-05,0.0024195416,-0.08160734,0.0019982946,-0.008056108,-0.007647305,0.0132941995,-0.00649146,0.0049581076,0.020587346,0.021727053,-0.0075150393,0.007891846,0.0052307197,0.029726703,0.008064633,-0.0025430277,-0.0004440504,0.00619769,0.00095180434,0.015523987
2013-04-08,-0.020643046,0.0660642,-0.0041208663,0.036228247,0.006585038,0.0044047264,0.00028271772,0.0007565868,0.00475103,0.0041445186,0.011104566,0.020334104,0.008201742,0.0,0.02239658,-0.003987317,0.0066223876,0.0013988941,0.035781287,0.0011874536
2013-04-09,0.0065676635,0.05054894,-0.0482525,0.0025873166,-0.0030152234,0.0040902193,-0.01106238,0.00010689885,-0.0012319812,0.019598527,-0.034480907,0.013567839,0.024546085,0.012491997,0.0008915632,0.021213885,0.00012679824,0.019231109,-0.025576359,0.012312766
2013-04-10,0.042017877,-0.0025205784,0.014909777,0.00028859088,-0.013077801,-0.002424563,-0.018859478,0.015104687,-0.0056177303,-0.0010876344,0.0032907182,0.0034679333,-0.047253873,0.0029092145,0.013423557,0.0033002924,-0.0011657738,0.013475153,0.045355327,-0.004065988
2013-04-11,0.0016879832,0.002753022,0.017772743,0.0065670945,0.021859443,-0.0007383961,-0.013123879,0.0002898512,0.005550028,-0.03368281,0.034901723,0.010804888,0.0076494315,-0.009088556,-0.0112299565,0.008649844,0.00055005285,0.008100448,0.008497632,0.010067943
2013-04-12,0.008444435,-0.009232291,-0.00011577595,0.034519672,-0.08820292,0.007256942,0.021588441,0.010490371,-0.021725694,0.007589466,0.009685178,-0.0003304561,0.021274393,0.0034032965,0.004576319,0.015240704,0.0065644444,-0.0066740196,0.00036489888,0.01953018
2013-04-15,-0.0106770815,0.0056385724,0.0037897504,-0.00663769,0.010411888,0.004615124,0.060123764,-0.0040382133,0.06735254,0.0118799405,0.02207588,-0.005825861,-0.09783813,0.01450197,0.0046181553,0.006418332,0.001631146,0.0140532795,0.0051812697,-0.015894637
2013-04-16,0.025739975,-0.008219333,-0.015186649,0.023576567,0.0004683992,-0.003165801,-0.04641982,-0.009035334,0.009297696,0.007551921,0.0016326441,4.2613235e-07,0.013612196,-0.0054991036,0.011813046,0.00070829265,0.009932296,0.0010005782,0.002972932,0.011350577
2013-04-17,0.0024048644,-0.0017360585,-0.0047974875,-0.04801643,-0.0007625182,-0.0010894367,0.02534382,-0.00035772703,0.005451549,-0.028820192,-0.013146796,0.0038107296,0.023479855,-0.0067991787,0.0068280245,0.001289563,0.0074643525,0.016240863,-0.012381846,-0.029988077
2013-04-18,-0.00743514,0.020746473,0.004999864,0.024516204,0.011140013,0.011558138,0.02333791,0.012482584,0.0330762,0.010550972,0.008461506,0.010917587,0.001660828,0.009955003,-0.0007106183,0.002739298,0.0016474234,-0.01638196,0.0031279142,0.02130445
2013-04-19,-0.00034765122,-0.012745125,-0.0044236854,-0.0070989206,0.0016785652,-0.0018018081,-0.002804143,0.008473101,-0.0010713203,0.0036983495,-0.009941903,0.0048392657,0.002019746,0.019736642,0.0037352468,0.014053685,-0.009423539,-0.0021187407,-0.014461736,0.035396013
2013-04-22,0.009691799,0.002426436,0.0019650678,0.0007975946,-0.100169584,-0.0011184494,0.014858245,-0.01263287,0.038916536,0.0044627856,0.021002874,0.0027215832,-0.011808295,-0.007880865,0.0056296345,0.006175684,0.0017466007,-0.0022850563,0.0004388492,-0.011106988
2013-04-23,-0.0066642915,0.015207681,0.0016828818,-0.019306958,0.013533263,-0.0029950195,-0.03483347,0.0115430765,0.008376776,0.016654769,-2.2462139e-06,0.007916588,0.039028384,-0.014692387,0.0023129273,-0.0039500967,-0.014192255,0.0019344904,0.013684842,0.0036844714
2013-04-24,-0.12383497,-0.0015252249,0.0,-0.008266715,0.008099358,0.005876617,0.0,0.0035310232,0.007137967,0.007890508,0.0019706865,-6.2022555e-06,0.009383966,-0.00072679255,-0.0016043768,0.0071814717,0.010965278,0.0027770607,0.008044337,0.0024788068
2013-04-25,0.017910577,-0.02454086,0.00021956342,0.02242536,-0.026067445,0.028584806,-0.003826968,0.008092779,0.007099927,-0.0071553825,-0.0070085274,0.00026605255,0.0036202457,0.041017074,0.0037586424,0.002833257,-0.016630627,0.018256186,0.044156846,0.0032769556
2013-04-26,-0.012258918,0.031080922,0.008385077,0.02872225,0.04875699,-0.013001126,0.037071057,-0.011643059,-0.11667544,0.009889779,0.0070021553,0.0021805197,0.005141692,-0.008597222,-0.011557317,0.0,0.014917667,0.005141235,-0.005374063,0.0059092324
2013-04-29,0.011194726,-0.026320824,0.022915734,0.023448553,-0.01510464,0.007924399,-0.0039771185,0.008848011,0.004535658,-0.011258078,0.03082646,0.008883046,-0.0047800737,0.019249616,0.021118335,-0.0023801604,0.0040179095,0.0025540125,-0.0049386052,-0.004168934
2013-04-30,0.06458989,0.016354801,0.0032149262,0.016503857,-0.0041497694,0.014679415,0.0021666442,0.00791463,0.0016481034,-0.0011118473,0.0034248896,0.014528034,0.0020491788,0.017909408,0.009303452,-0.008477804,-0.0007686886,0.0,0.058717508,0.0038449506
2013-05-01,0.0103813205,-0.0031683105,0.0073827514,0.03974745,0.007512079,0.008565584,-0.008198726,-0.0013539637,-0.0060159056,0.0082279565,0.0024182121,0.0046681575,0.0016931129,-0.010451856,-0.0043157223,0.010865598,0.0087187905,0.017739723,0.00467997,0.0064620567
2013-05-02,-0.01127558,0.0,-0.0050369315,-0.0036523496,-0.06256982,0.0044275904,0.009779091,0.0004886046,0.012923605,0.013271347,0.004733078,0.005327783,0.0057503656,-0.0071344892,-0.003942898,0.007818458,0.0032336765,0.011941453,0.020392502,0.010209605
2013-05-03,0.022262216,-0.01986615,-0.0066616554,0.011532243,-0.02255776,0.0027341635,0.028987806,0.0109370835,-0.10012756,0.0052467543,-0.030501794,-0.001091495,0.008710344,-0.013459173,0.007793646,0.0027416237,-0.0014547863,0.009406587,0.00082352274,0.0060758716
2013-05-06,-0.013297716,0.0048256563,0.0024935675,0.011686409,0.02393504,0.004444786,-0.0009695057,0.0,0.03157465,0.011682216,0.012675139,0.007376039,-0.0024952495,0.001847757,-0.028460622,0.018185643,0.0058333734,-0.014370304,-0.002225346,0.013841705
2013-05-07,-0.001520366,0.011691988,0.0,-0.012911221,0.011915532,0.0065337736,-0.0010036906,0.004451483,0.008814015,-0.0007498496,0.013606233,0.009439444,0.011731103,0.0007154861,0.008399119,-0.006238471,0.007830991,-0.0033917166,-0.04317407,0.0003404479
2013-05-08,0.009062984,0.035834815,0.008486573,0.014770746,0.03794726,-0.0021972915,-0.00041167927,0.014281781,-0.005126775,-0.0036640118,0.0032901757,0.0019320317,0.009225209,0.021584606,0.026336208,-0.0024289186,0.0056294436,-0.010497522,0.0041027977,0.00038924802
2013-05-09,0.0071401945,0.018794335,0.01587609,-0.020460177,-0.0010364654,0.0006659375,0.010990267,0.0,-0.005015391,-0.009842785,-0.006323283,-0.008176422,0.009367226,-0.0030422031,0.00058635714,0.009514761,-0.0009858988,0.017312266,0.024957541,-0.0018489362
2013-05-10,-0.014271217,0.010987941,-0.0011851935,4.99509e-05,0.009082058,-0.010874005,-0.018103853,-0.001997969,0.0122337835,0.0039519733,-0.022556538,0.0014955766,0.0037378408,0.01825528,0.017175674,-0.0009012475,0.006894181,0.0016493562,0.026460083,-0.008122918
2013-05-13,0.0060777566,-0.00018903866,0.0021111397,-2.3107565e-05,0.0049492437,0.008489424,-0.004473397,0.0,-0.083345704,0.014564839,0.017977646,-0.0027981054,-0.00015610261,-0.011068322,0.00080827926,0.0057681534,0.0049906834,0.0148787405,0.0013369496,0.007855241
2013-05-14,-0.0002961095,0.002444162,-0.007492562,-0.0023858885,0.0028267452,0.005892654,0.023913749,0.0020594306,-0.0024715872,-0.0025915536,-0.00486289,-0.011474527,0.007900719,0.0,0.005623081,0.011348705,0.011032099,0.0041108755,0.00075877743,-0.004947714
2013-05-15,-0.008174878,0.0048216153,0.01376333,0.014704329,1.5977515e-06,0.0046396167,0.0027780898,0.004833717,0.096413724,-0.0017329528,0.014607901,0.0072662346,0.013198377,-0.004741316,-0.045132447,-0.013369164,0.008230273,0.013216396,0.0017600312,0.008665447
2013-05-16,0.01600485,0.014434527,-0.008469587,9.450617e-05,-0.0083521595,0.004455893,0.0084749,0.0006129517,0.039045244,0.015039871,0.038810436,-0.0023761473,0.01953446,0.017185537,0.032656316,0.02308382,-0.000799509,0.0013641446,0.00850799,0.013795295
2013-05-17,0.009894268,0.023751125,-0.009525022,0.008101604,0.029967904,0.009973542,-0.009442545,0.0021137882,0.036233768,-0.02875318,0.023218207,-0.005552007,0.0011263707,0.004083708,0.00603752,0.0071989927,0.009842263,-0.0073167305,0.0031596578,0.004096172
2013-05-20,-0.019094748,0.02472343,-0.0015505888,-0.0067310208,0.0088752685,-0.0017974804,-0.0016223423,0.0039466047,-0.0014759002,0.0115009425,-0.00077694625,0.010144886,-0.0003832817,0.015204559,0.009714524,0.0007403823,-0.0019306855,0.01597037,0.014546022,0.005149021
2013-05-21,0.018198045,-0.0015923372,0.00022519488,-0.007272394,-0.04273776,0.005294216,0.0043889065,0.0,-0.046737213,-0.0017974217,0.0044201408,0.017781397,-0.007501822,-0.012257856,-0.014218861,-0.009353552,0.010660624,0.0046523693,0.009522918,-0.006555012
2013-05-22,0.0002592003,-0.006424701,-0.043868184,-0.0012992951,-0.004017654,-0.003660461,0.02460456,0.0,0.021986077,0.025720472,0.0054095755,0.0015162411,-0.022496354,0.0012134908,0.003549362,-0.0013629484,0.0075487313,0.0017762415,0.010222584,0.022466062
2013-05-23,0.014956154,0.032584846,0.022546958,0.02440242,0.02999748,0.007859874,0.01649293,0.0061802077,-0.0009322825,-0.0015532931,0.0,0.008216877,-0.028778747,0.008779141,0.009035619,0.016159374,6.3119805e-05,-0.0031903256,0.0013369863,-0.0029988573
2013-05-24,0.018290125,-0.01586323,0.0054842373,-0.008525696,0.017772349,0.008388017,0.0045944895,0.0028843884,0.04225682,-0.0023954988,0.036206845,0.0034114071,0.016167723,0.017803943,0.022604771,0.013977211,0.017830426,0.0135980435,-0.0015277629,-0.010451361
2013-05-27,0.0017673149,0.0038118232,0.0030282508,-0.0030682296,-0.013770721,-0.0014494233,0.0,0.007192502,-0.045721117,0.025980083,0.009429074,0.014990372,0.03899762,-0.0003365487,-0.00063210883,0.004743623,-0.009948502,-0.0020482056,0.0010070822,0.01672476
2013-05-28,-0.029005796,-7.6761775e-05,-0.0048150606,-0.0048185075,0.031555727,-0.0009286345,0.022656964,0.009569602,0.012234721,0.00987332,0.005296574,0.001957591,0.0032794212,0.0018074581,0.00033458843,0.0053912825,0.006183327,0.029148417,-0.0013710152,-0.008351032
2013-05-29,0.018722191,0.016124573,0.056958113,0.0,0.008986435,-0.00020284085,-0.0044686026,-0.002386064,0.02209052,0.0,-0.005768715,0.013210256,0.0056755594,0.005150247,0.0,-0.020055732,0.002787528,0.016994137,-0.0032603634,0.023017593
2013-05-30,0.00837673,0.0044595744,0.012773832,0.06352833,0.033375286,0.010406124,-0.012999624,0.003792042,-0.02491896,0.005894704,0.0066503333,0.002269839,5.827635e-06,0.0023629342,-0.014117175,-0.0030725594,0.02311925,-0.024801657,0.0035665368,0.006768309
2013-05-31,0.006353112,-0.0046765027,0.010412183,0.0007170578,0.0,0.002905046,-0.0033677681,1.855908e-05,0.0070103672,-0.016267631,-0.020952176,-0.00049839733,0.00030484554,0.011802731,0.021563997,0.025793027,-0.0008563059,0.013845933,0.008469112,-0.003189857
2013-06-03,0.013084886,0.038574502,0.0102327345,0.015155487,-0.007850444,0.0052795694,-0.013558162,0.0,-0.006225662,0.007829911,-0.0015068784,0.0011991278,0.03317412,0.016470304,0.0027385429,0.0022678657,0.0072502643,0.02432123,-0.010042319,0.037283517
2013-06-04,-0.0005600198,0.00788428,-0.034284733,0.0028174936,-0.0013049167,0.0012326665,0.004876203,-0.0022872605,0.007212497,0.016901102,0.012259637,0.0019027491,0.012980121,-0.005174466,0.0047002845,0.0018457193,-0.0071159,-0.0011839615,0.0005457796,-0.0001609058
2013-06-05,0.00552034,0.008243431,0.005168049,0.016440317,0.03976054,0.0011636643,0.0018248152,0.009642899,0.01498045,-0.0010987897,0.003720468,0.008251164,-0.009040857,0.0058942935,0.02353393,-0.0034214512,0.0016181987,-0.012107812,0.0050943852,0.0112937605
2013-06-06,0.0,0.0047524394,-0.028521951,-0.008553461,0.013064624,0.0033083856,-0.007266206,-0.0036816685,0.032185443,0.009852036,-0.0008792091,-0.0033160395,0.027586186,0.0068662283,0.002418197,-0.004225262,-0.01357081,0.028169982,0.00090945687,-0.017050618
2013-06-07,0.002909918,-0.014401754,0.09996653,-0.010913812,-0.0009865392,-0.0010754985,0.013731187,0.0051360056,-0.0053979913,0.012735865,0.0063810744,-0.013382973,0.006674309,0.003051022,0.0047404356,0.015064518,3.988844e-05,-0.018663062,0.041049004,0.0040116822
2013-06-10,-0.0016894316,0.025490347,-0.00016877311,-0.00018951355,0.0054425355,0.0013297638,0.0018222915,0.0059197308,0.013457549,0.0037916917,0.017871318,-0.003244728,0.0025004281,-0.005760669,-0.001846137,-0.0065756915,0.011449291,0.010141812,-0.005502699,-0.024587814
2013-06-11,0.0016890519,0.00066895294,0.001306184,0.02774497,-0.0005093253,0.003335495,-0.008218837,-0.0008352333,-0.009323097,-0.0056173936,-0.0033192984,0.0010619962,-0.0049203453,0.00070126314,-0.01103734,-0.006311434,0.0031756237,-1.667801e-05,-0.0025689206,0.00659008
2013-06-12,0.0054230993,0.019476673,0.009772932,-0.009914205,0.008929313,-0.0072080228,0.01576839,5.7932507e-06,0.0061663208,-0.0062012374,-0.025537003,0.010100943,-0.001848664,0.0,0.022372456,-0.004391953,0.013794677,0.019283846,0.02590272,0.008654096
2013-06-13,0.0075634304,-0.032794803,-0.01357512,-0.0045197895,0.005238991,0.004564343,0.00047953546,-0.0040100906,0.00063783594,0.00030876865,0.031575378,-0.008864362,0.03435294,0.009802836,0.002105897,0.014332267,-0.0010005808,-0.0023980283,0.01936829,0.015849637
2013-06-14,0.00783953,-0.0032661618,-0.014104344,0.022908686,-0.022417856,0.00014597614,-0.016707487,-0.0023230591,0.015990755,-0.0003489299,0.014211959,0.011830334,0.012991714,-0.005328118,0.0057294713,0.019648263,-0.001208615,-0.016488409,-0.00012868963,0.01113513
2013-06-17,0.0012765537,0.0050474703,0.015394667,0.013722743,-0.0037701863,0.012102636,-0.024280634,0.009066627,-0.002593405,0.0007952796,0.004223491,0.007122025,-0.00597174,0.0007660884,-0.0018409848,0.0020598024,-0.0020540352,0.024085075,0.018795934,0.00113213
2013-06-18,-0.0075039836,-0.0012733076,-0.015652286,-0.0140883885,0.016738325,0.007308361,0.03521123,0.0053995405,-0.00044353632,0.007651631,0.013121659,0.008581631,0.009158662,-0.014339494,0.019662721,0.0027384579,0.0039472026,0.023385601,-0.0072196005,0.0012862062
2013-06-19,0.015096126,0.013618498,-0.0014632876,0.015075978,0.011434487,0.0015348138,0.0031366674,-0.0028222548,0.013633782,0.016215332,-0.003559985,0.0023543946,-0.005847307,0.011345274,0.0018591419,-0.0028534916,0.009005313,0.016971763,0.022707157,0.0069836876
2013-06-20,-0.009564307,0.01880682,0.0072056153,0.035408534,0.03226038,0.0041588345,4.0699862e-05,-0.011518102,-0.021150079,0.0001410825,0.021263583,0.0016436896,0.0,0.009993167,-0.0018596855,0.00353759,-0.05197466,-0.01241538,-0.0021601836,0.0030991996
2013-06-21,0.006126715,0.0007940239,0.016239261,0.0091340775,0.011085994,-0.00829311,0.017022379,0.001662035,0.0019547786,0.013591874,-0.049347047,0.0149556715,0.02582266,0.007239084,0.009104952,0.006057735,0.022856086,-0.0010600752,0.014912929,-0.0035284392
2013-06-24,0.010219621,0.0033183368,0.013167486,-8.646112e-05,-0.0029822215,0.005601954,0.013349028,0.006495161,0.014429658,-0.00014021015,0.0055915136,-0.00078477914,-0.002839986,0.006019585,-0.011904552,0.018563097,0.012218338,0.0018157061,-0.00919618,0.0025619543
2013-06-25,-0.0038506396,0.005107914,0.0133297555,0.0024268276,0.025613377,0.0012706554,0.006927155,0.0060229995,-0.012222226,-0.0003452555,0.015141911,0.0017685404,-0.00072674104,-0.0020889728,-0.0011118326,-0.010103869,0.0073843705,-0.0014648491,0.015398523,0.0017968086
2013-06-26,0.00010700831,0.0060161576,-0.008381748,0.0,0.003277629,0.0028105648,0.0060639256,-0.0014234008,3.145169e-05,0.025007172,0.01588375,-0.0104030715,-0.010204208,0.017192207,0.015592316,-0.008622866,-0.004499828,0.013077946,0.0026626117,0.0099741295
2013-06-27,0.008786301,0.01422025,0.019128174,0.010264549,-0.0039853733,0.009528194,-0.0064479797,-0.007178135,0.0041224705,0.0027276154,0.0073657837,-0.002041975,0.0054656835,-0.0027818258,-0.00052948133,0.0018324301,-0.004488748,0.0135938525,0.005957182,0.004666009
2013-06-28,-0.018170226,0.011326998,0.017150419,-0.006559122,0.0010050406,-0.0068711205,0.012112382,0.010219721,-0.00095771486,-0.039665468,0.000628379,0.007910592,0.0053764163,0.0061897985,-0.010143847,0.012326182,0.01695892,0.0,-0.00242287,0.010948647
2013-07-01,-0.0023019698,-0.0046454235,0.008511601,0.0033872807,0.019153675,-0.0017793084,0.014476741,0.01733944,0.0058435146,0.0065288115,0.021412468,0.012447554,-0.0036880402,0.0029620735,-0.00023490637,0.001346491,0.0099521475,0.010204624,0.025858324,0.04838681
2013-07-02,-0.061189286,-0.0052902913,-0.041266236,0.00083320733,-0.011551211,0.00290409,-0.004044669,0.017801585,0.00075631763,0.010909104,0.0056724274,0.028854256,0.010106397,-0.010243353,0.01990691,0.0060881083,0.012875179,-0.002897293,0.007637349,-0.003725155
2013-07-03,0.011175878,0.016748015,0.020339532,0.013733889,0.016930234,0.0006158922,-0.0038038667,-0.0062909275,-0.013424486,0.009923572,-0.012907235,-0.005289226,-0.027739413,0.009033508,0.008359137,-0.008910565,0.0039765774,-0.0077044037,-0.0004463879,0.018434672
2013-07-04,0.013864072,0.047934506,0.0084091,0.018658046,-0.010528625,-0.015407782,-0.0006008691,0.015331823,0.011212495,0.0052331598,0.004288334,-0.001944225,0.0028665455,0.015510252,-7.654337e-05,-0.0013358834,0.012275264,0.017515328,0.0050995857,0.0057490966
2013-07-05,0.009282815,-0.00688332,0.010266739,0.0003440033,0.0008493268,-0.0017309445,-0.0029522988,-9.162445e-05,0.0020013573,0.005829682,0.011113706,0.00081761356,0.016259454,-0.0034202985,-0.032843594,-0.044234756,0.0036510979,-0.0014420104,0.015389643,-0.12697892
2013-07-08,0.019224698,-0.0020952611,0.008033585,0.0012265192,0.025257163,-0.009011652,0.014110356,0.02121938,0.013830221,0.0,0.0011742824,0.007912895,-0.0065653007,-0.0081157,-0.012770648,0.0043742266,0.0,0.01708172,0.005824577,-0.016259091
2013-07-09,-0.0008443955,0.0846206,-0.00017275981,-0.0040499275,0.004710589,0.016873369,0.0005546592,-0.0057561127,0.01237708,-0.0010623122,-0.014639492,0.0055986526,-0.011627162,-0.01004042,0.028917376,-0.0013490814,-0.010957108,-0.009993425,0.0,-0.010283128
2013-07-10,0.007988173,0.0004813326,-0.00321717,0.005900183,0.005720483,0.024613153,0.005155372,0.006530172,0.010141796,-0.0024240508,0.031656917,0.0022973188,0.012865114,-0.026020711,-0.00010534042,0.019210342,-0.000681707,0.07691301,0.0,-0.024727238
2013-07-11,0.021441752,0.017013974,0.016541503,0.0023223353,0.008871901,0.014953854,-0.031710915,0.0024693746,-0.0118026445,0.0072043203,0.001312634,-0.022409258,-0.011095463,0.014649604,0.0029653776,0.0,0.0016778086,-0.0037742518,-0.021589978,0.025147613
2013-07-12,-0.009090719,0.0028577726,-0.0043341103,-0.008479442,-0.0027873013,-0.008764335,-0.00037944436,0.010764127,0.015096773,-0.0057426537,0.0111298645,0.013919767,-0.0033645805,0.039005,0.009115418,0.0118845245,0.0074342852,0.019026808,0.0008795067,0.023376932
2013-07-15,0.012928746,-0.021225156,0.004014246,0.023577714,0.012116256,-0.00093021273,0.010400332,0.0031763907,0.0071526146,0.012764415,0.037710216,0.0069157933,0.010923619,-0.01381231,0.022240568,0.005692447,0.033269305,0.016112905,-0.0071678297,0.04187538
2013-07-16,0.023431927,0.03357018,0.012936278,0.004666545,0.018251516,0.008382109,0.01191593,0.0006019294,0.001524026,0.008257307,0.014780123,-0.00072250614,-0.018009976,0.0019892585,-0.013723275,0.010413195,0.0074844505,0.004514312,0.0048896745,-0.0036042545
2013-07-17,0.0064991037,-0.016754393,0.00068479247,-0.004808547,0.0,-0.004238116,0.0004690163,-0.0065599633,-2.3375043e-05,0.010105382,-0.0075428477,0.019857142,0.027364634,0.0020545796,-0.0023983829,0.003683671,0.00750801,-0.0047725905,-0.00084843196,0.0047632996
2013-07-18,-0.00627315,-0.01306778,0.0030219944,0.011622118,-0.0075977454,0.0,0.028933957,-0.003665852,-0.007994391,-0.0086639235,0.0029674205,0.020084493,-0.009916956,-0.007053174,0.0022800476,-0.0011726415,0.005143279,-0.024539534,-0.000290334,0.01636845
2013-07-19,0.022031922,0.0064586564,0.011194442,0.024363345,0.0,0.0081654405,0.013033331,0.009780895,0.039467655,0.013782923,0.044823848,-0.011832479,0.0023379582,0.0017527874,0.005958215,0.013272098,0.0071551693,-0.0005597525,0.04128745,0.01062025
2013-07-22,0.013826522,-0.018198747,0.0028141746,0.0014520328,-0.0008192813,-0.0008147177,0.00086775434,3.6405836e-05,0.01242515,0.0012934274,-0.0071292073,-0.0019841066,0.0027504738,0.0040868637,0.008386687,-0.002761979,0.006405027,0.022449106,-0.004490227,-9.5587406e-05
2013-07-23,-0.0017357555,0.07209088,-0.0025260786,0.0044061863,0.007353584,0.0,0.007555663,0.0052851276,0.0035264194,-0.00532805,-0.0021029087,0.009311495,0.0,-0.018923445,0.0044415947,0.008481436,-0.0005912544,-0.0025396852,0.01083483,-0.0038414672
2013-07-24,0.013544723,-0.048111137,-0.013847727,-0.01098197,0.009839142,-0.0038710288,-0.01628806,0.00926546,0.01489963,0.018927656,-0.0313658,0.008095042,-0.019009307,0.01285336,-0.008120111,-0.0048524453,0.008981984,0.0007036197,0.0059563834,0.0024140512
2013-07-25,0.026849,-0.009118474,0.0075717443,0.0018963285,0.005947539,0.012569767,0.0035056425,-0.014668458,-0.007688143,-0.0059428224,0.0,0.015326364,-0.031054983,0.002857535,0.014613286,-0.0067958673,-0.0096787345,0.0033242817,0.0024654397,0.011603621
2013-07-26,-0.0012799449,0.018105656,0.0013261102,0.0030305213,0.0036639776,-0.0033422606,0.0038027733,0.014761725,0.0,0.0009901562,0.007800503,0.009450745,0.0014818319,0.0032345841,-0.011031539,0.011561887,0.011645176,-0.0057700416,-0.0024805744,-0.0035907128
2013-07-29,0.016913855,0.042020608,0.01126213,0.010290864,0.0035260487,0.015582296,-0.0013658373,-0.003950039,0.003774812,0.01477128,-0.0037836633,-0.003369553,0.010113704,0.005775643,0.012040992,0.009572822,0.0033979125,-0.001921544,0.014897052,0.0032659674
2013-07-30,-0.006346356,-0.0050859186,-0.003792283,-0.003522847,-0.00075429707,0.0012028118,0.0056830947,0.002514035,-0.0055255997,-0.0016892209,-0.010165001,-0.01963596,-0.008857635,-0.0012485405,-0.0030787904,0.0040503084,4.4866836e-05,0.013652976,-0.03149511,0.0031805215
2013-07-31,-0.029712837,0.0016917775,0.012772609,0.004738729,0.004046956,0.0198472,0.0080612,-0.014370384,-0.0005520956,-0.010950659,0.02575263,0.0027842731,0.023230417,0.011996575,0.015021118,-0.0017340322,0.0049050543,-0.010945874,-0.004204348,0.019355206
2013-08-01,0.006180751,0.0,0.004540759,0.0,-0.017367093,0.0020049682,0.0054648826,-0.0016500388,0.00132562,0.010230011,-0.0047104773,-0.0023855856,-0.020046186,0.0053773527,0.0067257676,-0.0010282876,-0.0017531355,0.030475264,0.008364921,0.0
2013-08-02,-0.0016374518,-0.006757673,0.006739803,-0.0033803855,8.956574e-07,-0.004119329,0.012743461,0.021706184,0.007516207,-0.021425162,0.022815103,0.008466712,0.015215348,-0.0161588,0.0029577457,-0.011227192,0.0045919293,0.00025403997,0.006313453,0.008972326
2013-08-05,0.023354523,0.022945845,0.006451549,0.01309016,-0.0055451193,0.0023541052,0.0036025578,-0.022484424,-0.007712632,0.008968454,0.0065186806,0.0040976466,0.019363951,-0.013829533,0.0,0.0031605521,-0.001523752,-0.11927566,0.0070365258,0.0043030675
2013-08-06,0.020808104,-0.017150551,0.007281972,0.005261462,-0.0038559681,-0.0013386243,0.014033295,0.054107215,0.012199673,0.007786375,0.010367927,0.0150432885,-0.01220305,0.02377215,0.0013993839,0.010979774,-0.002950627,0.06721694,0.001687671,0.017664796
2013-08-07,-0.024832033,0.051502183,-0.0031473283,0.0005263096,0.0061301,0.030143473,0.0,0.018519107,0.0005014601,0.006174757,-0.010402898,-0.0012646592,0.01687997,-0.02782526,-0.0027534077,-0.005027012,-0.0030618676,-0.00081482006,0.012177479,-0.008427641
2013-08-08,-0.007780423,0.002515243,-0.00030413416,-0.008321942,-0.048488237,-0.035459664,0.00018553503,-0.006762466,0.012880037,0.008586187,0.0046965852,0.005228336,0.017957563,-0.010165064,0.0066458457,-0.0032385967,0.011468767,-0.0033608752,0.001864256,0.0072042667
2013-08-09,0.012433618,0.0011331574,-0.0010458931,-0.00045349362,0.00906273,0.016190495,0.0,0.012463494,-0.011711946,-0.009083174,-0.016979698,-0.003433638,-0.01086279,0.022304233,0.0028596001,0.0025884802,0.01309175,0.0029607094,0.002633367,0.0045180363
2013-08-12,-0.0036861254,-0.010919539,0.0024146317,-0.007688495,0.010605814,0.0030609414,0.0029432033,-0.021236807,0.009196806,-0.0014861593,0.011817065,0.008192788,-0.0027471916,-0.037305444,-0.003809697,0.0064986,0.0,0.009116534,0.009660902,-0.0028876811
2013-08-13,0.0074165408,-0.0010141251,0.007830265,-0.01581163,0.0009463332,0.0043442277,-0.0054171113,0.011067969,-0.0065426715,0.0050290846,-0.012431545,-0.003402361,-0.05946062,0.0017781699,0.004252277,-0.0005183847,0.0043072673,0.0010191109,0.008813603,-0.0046818433
2013-08-14,0.0052095545,0.012199539,0.0008664224,0.042100858,0.0025455276,0.00094502664,0.022648668,-0.0060064495,-0.00674309,-0.00342721,-0.0393121,-0.023654409,0.0049780495,0.012455673,0.010674379,0.0051926556,-0.00020020553,0.022370985,0.029211095,0.035291772
2013-08-15,-0.023074547,0.00035913443,0.0053367866,-0.0017044782,-0.0010481974,-0.009401929,0.00964556,0.002302425,0.0018923278,0.0080475155,-0.058205586,0.033279598,-0.059957802,0.0017696661,0.032113697,0.009148116,0.0022282288,0.006785397,-0.0025099486,0.0031234487
2013-08-16,0.005184613,0.00069639133,0.0013740689,0.019305153,0.023691991,0.018567989,0.002480502,0.019149778,0.010870161,0.008570924,0.1091,-0.0038148095,0.027515605,-0.008635005,-0.011642137,0.011901652,0.011222291,-0.0055235378,0.0017711839,-0.0063420837
2013-08-19,-0.0016194698,-0.047237255,-0.0020382716,-0.021419952,0.0043373895,0.023917098,0.008460942,0.0022895008,-0.001317632,0.022512062,0.008217001,-0.003079175,0.006577297,0.021280155,0.0150141055,0.0036218863,-0.0013379111,0.01899818,-0.00043720083,-0.12437368
2013-08-20,0.019224487,-0.010634513,0.0014518604,-0.0054847337,-0.017370895,0.017376924,0.0077759824,-0.001630796,-0.0027042807,-0.005049129,0.043695226,0.02301688,0.014918589,0.007565314,0.0058859535,-0.0017004374,0.011432313,0.007411334,-0.01945389,0.020163694
2013-08-21,-0.02506963,-0.019534683,-0.0038848713,-0.002094677,0.025658928,-0.0037818667,-0.008181373,-0.019776167,0.0009708897,0.009556761,-0.12715903,0.0073872423,0.04014167,-0.02036643,0.0027411357,0.0011693503,0.0022590144,-0.00013304483,0.02320466,0.017672187
2013-08-22,0.01952496,0.067614146,-0.0206791,0.007718327,-0.029643232,0.0013691885,0.0030304473,0.005652382,0.009695895,-0.022857219,0.04939472,0.009148952,0.009016915,0.027979225,0.010784432,0.0011994895,0.0,0.019395689,-0.0010193252,-0.00011694203
2013-08-23,-0.0034080509,-0.008135957,0.01636469,0.014163389,-3.9200284e-05,0.010519744,0.005387654,0.0070393644,0.0035573824,0.014468384,0.0086535085,-7.063644e-05,0.0049598254,0.0051815063,-0.005303001,0.018063221,0.0058103087,0.016384657,0.0056202896,0.00070655154
2013-08-26,-0.012346952,0.01280416,0.0118405465,0.008982413,0.005144441,0.0062857103,0.009479749,0.008098159,-0.0150503535,0.0026526155,0.035511464,0.01484472,0.014920193,0.004050975,0.016158052,0.010822792,0.0025631601,-0.02703849,0.006311781,0.0056357747
2013-08-27,0.013029421,-0.013354998,0.0047176727,0.0151467,-0.020326743,-0.02534147,-0.008604308,0.0049272673,-0.0026504959,0.009466528,0.0020669075,-0.0017485332,0.012561584,0.0,0.0018534788,-0.0037663027,-0.00029878807,0.022155806,-0.009549462,0.015344926
2013-08-28,-0.016304651,-0.039305672,0.013836724,-0.003553244,0.03546355,0.037099615,0.0020268776,0.024236817,0.0,0.0023443024,0.0059948037,0.0043642614,-0.007861296,0.021819308,0.008178705,0.0009209786,0.007750541,0.0,0.009023595,-0.0010294259
2013-08-29,0.039823476,0.00655584,0.0,-0.0025539852,1.2009692e-06,-0.0034394732,-0.0015143947,-0.008194432,0.015871966,-0.006429874,0.015737709,0.00027495407,0.0071100215,-0.00224128,0.011502853,0.012748314,8.0764374e-05,0.007780411,0.011958107,0.009333513
2013-08-30,-0.0034436209,-0.022560649,0.013747694,-0.0030783059,-0.0213683,0.0037843636,0.005362121,0.010647251,0.0039328295,0.004380854,-0.0033854959,0.012452874,-0.00052861025,0.0016553021,0.010281936,0.0013930015,0.001579507,-0.11769818,0.010451078,0.001115804
2013-09-02,-0.0012970124,0.021336382,-0.0043587913,-0.0068945643,-0.018389346,-0.006535893,0.0029265818,-0.01506229,0.0023107533,0.0046481662,-0.047795318,0.0014145614,0.0,-0.011756851,-0.008025581,0.0021775211,-0.016242301,-0.0041619493,-0.0015828932,-0.0036376913
2013-09-03,-0.0021577731,0.0052763144,0.0018759682,0.018909713,-0.012105221,0.0,0.00067652104,-0.0057654306,0.010859922,-0.01668736,0.004770003,0.00034018257,0.0122206295,0.00913943,0.011236202,0.0017861752,0.008177987,0.00045322932,-0.013580472,0.03343192
2013-09-04,-0.026749156,0.011300518,0.012111352,-0.009437063,0.013168814,-0.0058923,0.0,-0.00246819,0.008732198,0.00944273,0.0015896851,0.005512068,0.0040658205,0.0,0.005598421,-0.0023979186,-0.0046451963,-0.002139532,0.013606077,-0.0008418345
2013-09-05,0.01313238,0.015251272,-0.00876847,0.006333775,0.040582545,0.011745395,-0.014208623,0.016823439,-0.008882903,0.0219296,0.043937746,0.0071891337,0.0048784474,0.00037402115,0.0,0.009661902,0.010844962,0.00022607567,-0.0020329985,-0.023338037
2013-09-06,-0.035278518,-0.013083147,0.0,0.00016637082,0.01244973,0.0,0.0,-0.0022763642,0.0069377385,-0.0017328192,-0.12759794,-0.0034894252,-0.010122493,-0.014625239,0.0048236824,0.006321588,0.0056066304,0.021272222,0.0027900261,0.009501809
2013-09-09,-0.010048036,0.03337411,0.0010843201,0.0,-0.0053130467,0.015290099,0.010419765,-0.0042854464,-0.007140771,0.008510981,-0.0025953383,0.0044829166,0.0039089727,0.0,0.009547038,0.0075503616,0.005786671,-0.010870079,0.005025668,0.003622486
2013-09-10,-0.00085338677,-0.049223807,0.0076677683,0.021711774,0.021303888,0.0,-0.00614752,0.005760933,0.002048056,-0.0042418353,0.10853836,0.008215574,0.009855789,0.025700523,-0.0010591935,0.00085103326,0.006808573,0.08017135,0.026005091,0.00548214
2013-09-11,0.010250655,0.0028420538,-0.0028095646,0.002594561,0.007373007,0.0151030645,0.00029700462,0.0057696453,0.00872231,-0.0070593334,0.0,0.0001563983,0.013636599,-0.0015208306,0.0023114316,-0.016711926,0.003319546,-0.030475494,-0.025203777,0.014573933
2013-09-12,0.010211825,0.0048575555,0.0057837074,0.01362855,-0.0015154724,0.00023252046,0.008325592,-0.004331028,-0.0069130356,0.0017592281,0.0033386087,-0.0028361725,0.010816818,-0.001131124,-0.002680117,0.005313539,-0.010607918,-0.005761864,0.0014541385,0.01692163
2013-09-13,0.0098044425,0.027715543,0.0013904604,0.003591579,-0.009691205,0.0055304365,-0.0016556209,0.011407679,0.0114987455,-0.00017324612,0.03931244,0.004961003,-0.012885784,0.021080013,-0.0031307824,0.0031808612,0.006448006,0.01415674,-0.0096262805,0.011051282
2013-09-16,-0.0034330701,0.01381168,0.001361466,-0.00056293875,0.0139442915,0.0027924192,0.0028696377,0.019362833,0.0029551892,4.996774e-05,-0.0013098316,-0.0030351663,0.0068039503,0.016516952,-0.013925066,-0.00069609284,0.0050459513,0.047789745,0.05034284,0.008897288
2013-09-17,0.01551005,0.0073395264,0.008572853,0.002169817,0.004840596,0.004889664,0.0055339783,-0.0358131,0.011931741,0.0038750928,0.059968255,-0.004998971,0.010276436,0.01191202,0.008612532,-0.015113095,7.059047e-05,0.008296404,-0.0049917838,0.005361301
2013-09-18,0.0072198077,0.0269781,0.0033804455,0.004825245,0.014531522,0.003734691,0.009231616,0.008470844,0.00483312,0.024279522,0.0012129325,0.01526835,0.009275459,0.0020207046,0.009881933,0.0068299975,-0.006495154,0.004758205,0.017068256,-0.011927681
2013-09-19,0.0026750718,9.134791e-05,-0.0037629781,-0.0045226607,-0.00035147456,8.125162e-05,0.01283758,0.0013332381,0.0066163666,0.004267031,0.00065852376,-0.0028055836,-0.018893292,0.003767311,-0.0008763985,0.0114833545,-0.0028558287,0.010757663,0.009915651,0.0022941562
2013-09-20,0.010905875,0.011386926,0.0016513844,0.017047415,-8.3336716e-05,-0.0022218449,-0.0052386117,0.010404547,0.002110532,-0.008940874,0.0053449594,-0.009444416,-0.011039072,-0.009460507,0.008581519,1.1527951e-05,-0.0016841391,0.009010939,-0.0027113515,0.0029783596
2013-09-23,-0.014738732,0.0004295117,0.012302567,-0.0052187475,0.0076521174,0.014824224,0.003128406,0.023921836,0.0056351856,0.0067898016,-0.003262651,0.008560563,-0.0042015756,-0.0046475157,0.013331894,0.003655467,0.00916924,0.017043017,0.010706261,0.017476317
2013-09-24,0.004472497,-0.0075144647,0.0026101058,0.003965045,0.0,-0.005279636,-0.00052572176,-0.029672462,-0.0075050327,0.0018846014,0.011769432,-0.010914914,0.0043474957,-0.0044685313,0.0,-3.9148026e-06,0.0027206126,-0.01737527,-0.009443295,-0.03947925
2013-09-25,0.013026704,0.0040591736,0.0016518953,-0.0036862697,0.0033438383,0.0048935567,0.009843479,0.03839131,-0.0020585777,-0.0023447971,-0.014303806,-0.0018474864,0.019203048,0.0018840252,0.013849028,0.0021652856,0.011046594,0.010343617,0.014991935,0.010845876
2013-09-26,-0.01904362,0.00513791,-0.013923364,0.0025681136,-0.006473496,0.0043125395,-0.0050953347,-0.004809215,0.0,-0.0030710762,0.01933299,0.0,-0.018037148,0.016504556,-0.0096682655,0.005676087,0.0060947435,-0.00069529604,0.011044396,-0.025030442
2013-09-27,0.0027867274,-0.0014322553,0.0062063867,0.0,0.06673553,0.013775858,0.010671286,0.03578156,0.016062912,0.01228737,-0.0006174539,0.023026716,0.000308953,0.029244363,0.017092198,-0.033387702,0.01722635,0.053993635,-0.00027025607,0.019083977
2013-09-30,0.0076993597,0.001726323,0.013016724,0.109346755,0.036837004,-0.002388244,0.003550826,0.009338339,0.0024227155,0.0024364651,0.01022311,0.022006726,-0.008444971,-0.0071502016,0.005241552,0.0,0.00286107,0.00433846,0.04099609,0.00022605713
2013-10-01,0.041507244,0.04899273,0.0044278596,-0.002714785,0.018580167,0.019350717,-0.03789008,0.023710212,0.016144643,0.012679721,0.00956893,-0.0080946935,0.012263271,0.02121765,0.0089346925,-0.023702083,0.016828155,-0.001012474,-0.024117837,0.01941157
2013-10-02,0.0037416627,-0.1236964,-0.0016902422,0.006203281,0.026852021,0.015271195,0.0017502605,-0.006509029,0.0026200959,0.009461513,0.013658033,0.0028692107,-0.011953116,-0.00010923404,0.0069990656,-0.0014278787,0.006328101,0.0152928475,-0.005070478,0.021101745
2013-10-03,0.0301902,0.005691763,-0.0003111525,0.033677377,-0.01710104,0.0045271614,-0.0060372204,0.0,0.014891292,-0.017417414,-0.021206357,-0.009425679,0.034890015,-0.016333845,-0.0023401573,0.005987821,0.0,0.009498623,0.017452702,-0.004604598
2013-10-04,0.0,0.006699197,0.014750366,-0.008119121,-0.020536114,-0.0027549195,0.011499329,0.009737009,0.0,0.0106436545,-0.020547997,-0.01765308,0.0131314285,0.00031625552,-0.0005625517,-0.00863785,0.015931388,0.007614234,-0.00092798326,0.00077184197
2013-10-07,0.0033623262,-0.024935085,0.0067075198,-0.0029011343,0.0,0.007625742,-0.12696163,-0.005503563,0.006684974,0.0036605883,0.0019971929,0.0053592194,-0.00564106,-0.019695455,0.004368167,0.059214093,-0.008129872,0.0044535915,-0.016252898,0.014293988
2013-10-08,0.006732146,0.027557023,0.007682086,0.047466204,0.008869882,-0.005766792,-0.0005193192,0.019373098,-0.0028741262,-0.00040199148,0.003864932,0.008791861,0.012249155,0.0016972646,-0.0050478894,0.013656425,0.002109597,0.0061572557,0.02227425,-0.025408642
2013-10-09,0.0026107295,0.014620469,0.0018598031,6.9983034e-05,0.0141365295,0.011092132,0.0,-0.0067752185,-0.0051200697,-0.00081803254,0.025500039,0.0150990365,0.005918386,-0.020812672,0.009501989,0.009894616,0.014759897,0.019711211,0.01755061,-0.0009162998
2013-10-10,-0.0064227288,-0.0010540263,0.0,-0.09101067,0.00027389784,0.008017144,0.018794402,-0.017264135,0.015259076,0.022079168,0.021892345,-0.020817453,0.0113890255,0.040499154,-0.012205514,0.030249164,-0.019989034,0.0049666776,-0.008308901,0.019531582
2013-10-11,0.022656567,0.005648541,0.00077671086,-0.009124891,-0.013139825,0.0068996768,-0.0027869726,0.010936123,-0.004087627,0.0040401765,-0.012302695,0.017418776,0.005180722,0.005955938,-0.0007610126,0.0016107325,0.007199103,-0.011772851,-0.013317598,0.018996714
2013-10-14,0.016132915,0.0050991946,0.0018614703,0.02167205,0.0,0.0057130316,0.104635686,0.00615757,0.0040780115,-0.002663495,-0.003678308,9.5686504e-05,-0.010961746,0.014495517,0.0018713595,0.004791937,-0.00011729527,0.013095067,0.010888336,-0.008632148
2013-10-15,0.0026201932,-0.011036052,0.0,-0.011479629,0.017573856,0.004455993,-0.02426635,0.002795063,0.0075630937,0.0028951946,0.013090819,0.018140921,0.014624892,0.010792697,-0.025243657,-0.00083008857,0.016603144,0.0068810326,0.00046328764,0.008233572
2013-10-16,0.010044124,-0.0476491,0.0014607079,0.0042976984,-0.0062011313,0.004544641,0.09940695,0.003603533,-0.004163131,0.009850641,0.011240322,0.0010053961,0.0038622045,-0.010817831,0.047771063,0.013468592,0.006172988,-0.0015731676,0.016348502,0.00093045534
2013-10-17,0.0017678406,0.016019173,-0.0038673438,0.03027792,0.0012834704,0.0,-0.12756757,0.011763613,-0.01582648,0.019145297,0.001310461,0.0032863526,0.007832731,0.005107255,0.00035710182,-0.0015076911,0.013775251,-0.015891312,0.0067683095,0.0009784752
2013-10-18,0.0052603954,0.010270223,0.011097045,-0.056126468,0.012289405,-0.02374055,-0.01749722,0.0142019335,0.017193936,-0.006277556,0.00788822,0.010889431,0.0030341095,0.011438197,0.0040163086,0.009938321,0.00029444144,0.02049586,0.018680274,0.019510793
2013-10-21,-0.008729167,0.0059820926,-0.008902999,0.024030361,-0.023087563,0.00018597016,-0.008417498,0.005896931,0.0060640834,0.016751382,-0.014130847,0.0018062823,-0.027626961,-0.02025812,0.0049300166,-0.008359482,0.0046955426,-0.0039975815,-0.0063724304,-0.012597425
2013-10-22,-0.019002315,0.015455823,0.0053948015,-0.0050987448,-0.0058310265,-0.04705631,-0.12759794,-0.006846169,-7.323196e-05,-0.0070487116,0.019598387,0.01655236,0.0108787585,0.014989094,-0.010861083,0.015173511,-0.025484122,-0.006210047,0.003466905,0.022138568
2013-10-23,0.013448404,-0.0016148994,0.008144086,0.056617063,-0.0033594377,0.012984622,0.0024590017,0.01288955,-0.003018664,-0.0025431653,0.0025295927,-0.0008630815,0.009080063,0.0077503845,0.0063251564,0.004877807,-0.00016669097,0.0,0.0064637945,0.017763678
2013-10-24,0.010684509,-0.011745276,0.00028934953,-0.013025516,-0.0011049549,0.01825543,0.036052093,-0.018014587,0.024819639,0.0025430236,0.00395455,0.00017037468,0.0050766417,-0.013898216,-0.00015419407,0.012123558,-0.0066475268,0.016648876,0.009110816,0.032323267
2013-10-25,0.023170192,0.006856811,0.0075601153,0.017061992,-0.018970357,0.0012968322,0.0058336835,0.021920238,-0.01467583,-0.01198723,0.006806222,0.009529676,-0.0011512189,0.011684815,0.0006459025,0.0026242617,0.0115526635,0.018981539,0.025990365,0.020379681
2013-10-28,0.013290259,-0.0013742761,0.005428491,-0.010858779,0.009931459,0.010216391,0.073749274,-0.005307117,0.004892283,-0.010736435,-0.0036509314,-0.015058782,-0.00040037374,0.011032316,0.002632378,0.0076572443,-0.01148614,-0.004959667,0.0051492364,0.00858774
2013-10-29,0.014020126,0.016644642,-0.0015750595,0.0138123175,-0.0017352977,0.006241417,0.014132253,0.0016489892,0.0019006947,0.028628822,0.017625,0.00731043,0.0012930953,0.0016494422,0.0021435816,0.0028058784,0.019067233,0.0048508747,0.0065131797,4.81164e-05
2013-10-30,-0.010441762,-0.004690029,0.0040883315,-0.0005670751,0.010178573,-0.013065474,-0.007177587,0.035242636,0.011836799,-0.015771694,0.0025448797,0.0,0.0014468393,0.0039369706,0.010183929,0.00904816,0.038926277,0.012852073,-0.0051851966,0.001932265
2013-10-31,0.011349322,-0.001366926,-0.01016536,-0.004011988,0.024788402,0.016183423,0.0935789,0.02242029,-0.00026796228,0.0062326975,0.019745154,0.009979529,0.0066918097,0.0030923325,-0.0014905917,0.0014991115,-0.009766764,-0.00158141,0.02102205,0.00037688555
2013-11-01,0.006880711,0.025869051,-0.0072438424,0.0060057915,0.017256785,0.0030571693,0.0064004716,-0.010267267,-0.0012016458,0.012307297,-0.003749809,0.0,0.0022485445,-0.02087143,-0.013635458,-0.015088919,0.005669754,0.0023104523,-0.021117926,-0.0075146584
2013-11-04,0.0023093428,-0.00067793776,0.01434585,-0.010720041,-0.01668104,0.011780226,-0.03424404,-0.00047286335,0.007509024,0.013012666,0.0016007705,0.004882812,0.002120672,-0.0014575546,0.000821774,0.020817775,-0.016695352,0.01022799,0.011869142,-0.0010720382
2013-11-05,0.0,0.006659373,0.0030938326,0.10543888,0.009538954,0.013786258,0.021791257,0.03704732,0.007770504,0.0061382996,0.021251637,0.012210461,0.0,-0.0024530925,0.0012790443,-0.005185513,0.02444361,0.0093561495,0.005550251,0.005117387
2013-11-06,0.00083564717,0.00476395,0.008680166,0.0017293438,-0.029113071,-0.0025932796,0.003819042,-0.015071061,-0.0034362439,0.0016966962,-0.036294717,-0.00030712425,0.004043369,0.0037180225,0.0076514706,0.012125027,0.013502513,0.0005382183,-0.001924679,0.0129505
2013-11-07,0.0077241724,-0.00055330637,0.0,0.01359532,0.0017327468,0.0024715213,0.0030333037,-0.016358627,0.0025135176,0.015110495,0.0039257123,0.011144688,-0.001236036,0.0035511293,-0.006740753,0.0075225397,-0.003601639,0.002375992,0.0062283734,-0.020363672
2013-11-08,0.0050951005,0.0061509847,0.006574524,0.031121356,0.011255121,0.004866066,0.014487752,-0.0015222621,0.011221687,0.0052216407,0.011243857,-0.0018540032,-0.00044347317,0.013509009,0.010848891,0.014949408,-0.0014339142,0.018107826,0.006019422,0.010222606
2013-11-11,-0.024973614,-0.008128572,-0.0008031403,-0.01388006,0.008640493,-0.015493366,0.008324211,-0.106373616,0.0039167088,-0.009076159,-0.003288127,0.011942139,0.0033956582,0.016563624,0.015365,-0.009943454,0.009921813,0.0012554162,0.00869983,0.010200383
2013-11-12,-0.043096438,0.0,-0.0046374495,-0.0028748473,-0.016723312,0.0021736005,0.0063122897,0.0055808416,0.003224054,0.025638768,0.0043791626,-0.0007287734,0.008196311,0.0062854784,-0.007896898,0.008386763,0.0019036948,0.007539599,-0.01068818,-0.0025538225
2013-11-13,0.008117158,0.021808926,0.021274336,0.0122737745,0.04728674,0.0044405404,0.007180556,0.008802823,0.0041004396,0.0017909223,-0.0003383645,0.005348247,-0.0090577835,-0.0016673885,0.009115125,-0.01996007,-0.000589039,0.000836586,-0.010392157,0.0
2013-11-14,0.019372756,-0.034829263,-0.0021895708,-0.06633794,-0.014213792,0.014903458,0.024009386,0.01963367,-0.014688846,-0.0006698003,-0.0032070721,-0.0013154758,-0.004984197,0.0020682085,0.008553101,-0.0020282574,-0.0002903598,0.00252032,0.008089359,0.0022341185
2013-11-15,0.0060663833,0.0012097758,0.013219497,0.10758486,0.010694473,-0.002376838,0.025926182,0.008381182,0.00980011,0.00436768,0.010119343,-0.0067655807,-0.00044244996,-0.0016000771,0.0050003016,-0.022963893,0.018533716,0.0043887463,0.018634,0.02418298
2013-11-18,0.0052189017,-0.031094395,-0.0026830588,-0.029217102,0.009149379,-0.028364956,0.009628996,0.0004535198,0.006001153,0.010169386,-0.04423054,-0.003379291,-0.0022246533,0.0,0.00083274633,-0.001516061,0.008022921,0.0018557841,0.0041633453,-0.0069754235
2013-11-19,-0.0015186763,0.0,0.0053240606,0.048465025,0.017421447,0.013685487,0.0026072108,0.0019197237,-0.021882765,0.008477514,-0.009805914,0.024295595,0.0011428905,0.01364018,0.004307211,0.0,-0.018056842,-0.0057917214,0.009695245,0.00048656273
2013-11-20,-0.0052983137,0.015646545,0.00018669182,0.03634086,-0.023682578,0.044766333,-0.023782542,-0.01501662,0.011112024,0.00251771,-0.007090097,-0.018385025,0.015870726,-0.061597407,0.0070923143,0.008800476,0.009748045,0.002438668,-0.0061164536,0.008249816
2013-11-21,-0.006552713,-0.006847296,0.008481856,-0.04415783,-0.00050424394,-0.10024374,0.007453199,-0.00085697474,0.02166639,-0.0010509801,0.000543674,0.027789056,-0.008026019,-0.0083857365,0.010634675,0.0011562475,0.015112062,0.016912444,0.021189937,-0.0041343104
2013-11-22,8.919064e-06,0.040128943,-0.014583544,0.0073705157,0.0043606693,-0.024386093,-0.011401519,0.022548962,0.0024130668,-0.006473176,0.004627664,-0.016121132,0.016703693,-0.025064059,-0.009954393,0.014806173,-0.0038242869,0.018258637,0.0032593976,0.0058647604
2013-11-25,-0.035591055,-0.006942379,0.010820902,0.0013899778,-0.0058087106,0.012235229,0.0018542554,0.0007977556,-0.0010662475,-0.008479042,0.029263668,0.022342505,0.0069766818,0.025983045,-0.007927967,0.004926075,0.0107001895,-0.004818777,-0.00857737,0.004363486
2013-11-26,0.0020650036,0.0030299185,0.0039734035,-0.010113085,0.0144131435,-0.02138613,0.040292837,0.001809074,0.002224869,0.0053946213,0.0029304882,0.003527814,0.002310818,-0.003069318,0.006603432,0.014392183,0.001732591,0.0060100364,-0.0007362967,0.0069817877
2013-11-27,0.022650162,-0.00047859928,-0.0020988474,-0.0013110819,-0.059281345,0.04536665,0.0025072282,0.064684816,-0.0002387347,0.010264704,0.01921967,0.014931907,0.0057265637,-0.003118812,-0.008375582,-0.02286705,0.0018430381,-0.0072568655,-0.002291298,0.00057952164
2013-11-28,0.03260751,-0.018377615,0.012228524,0.035569318,0.031672604,0.008854037,0.022006614,0.016764302,0.010844649,-0.0005661666,0.0020401154,-0.015992558,-0.0022289294,0.015393861,0.020593863,0.005108249,0.0027968208,0.019176079,0.014517949,0.013859253
2013-11-29,-0.044782255,0.014454892,0.0052462374,-0.003597465,-0.012463582,0.0038753378,-0.03271618,-0.03060787,0.0043647615,-0.0012826782,-0.008447238,-0.0048076,-0.0037544416,0.009876758,0.01116584,-0.025159577,0.008589397,0.00027779283,0.00072855107,0.0055446154
2013-12-02,0.045016475,-0.010817952,-0.007305685,0.029597672,0.011796337,0.009735118,-0.042015966,0.013999751,0.010382223,0.01895863,0.029003954,0.0,0.013472399,0.019121079,0.014711149,0.023482451,0.0019301515,0.008384025,0.013431357,0.01172199
2013-12-03,0.0002926286,0.0420802,0.012780919,0.008471361,0.006432616,0.013839706,0.038838033,0.004450574,0.012852811,0.0013627246,-0.004727122,-0.007545672,0.002061229,0.011232838,0.00055873796,0.0059223343,0.013358169,0.0035777723,0.0050634607,-0.0037467014
2013-12-04,0.016690372,0.010835664,0.0036343362,0.0016279111,0.0225363,0.00014055526,-0.013913232,0.01381958,-0.00022104035,0.005877534,5.15978e-05,-0.0031436002,0.0048795715,0.0030596042,0.00051466515,0.004555887,0.0044744574,0.008037576,-0.006243623,-0.0012222023
2013-12-05,-0.0019794253,0.005391663,7.084363e-05,-0.009618086,-0.0070586666,-6.150707e-05,-0.0010779399,-0.0006396158,0.00052118435,0.0,-0.005652663,0.042158328,0.006282161,0.006241081,-0.0064553637,0.0046907626,0.0056265728,-0.012337029,0.0031586376,0.028565316
2013-12-06,-0.0292367,0.004946782,0.0050082128,-0.035584792,0.0049071442,0.012270525,0.004481187,-0.015907422,0.013667424,0.011675041,0.008837764,0.006061265,-0.0004753967,0.0032095162,-0.022951284,-0.014457698,0.0038132453,-0.02525926,0.016034057,0.014388593
2013-12-09,-0.009431045,0.025536837,0.004301572,0.0073948596,-0.005881627,0.00037724615,-0.039804813,0.02218472,-0.0025566819,0.007751746,0.013670395,0.017359873,0.002289052,0.0037479158,-0.0025124773,0.03611695,-0.008362576,0.019332165,0.007591537,0.0059070485
2013-12-10,-0.015781077,0.0045649125,-0.0003312903,0.018987726,0.011338184,-0.00024227094,0.07752074,0.014378951,0.004493911,-0.00095391565,0.0050174007,-0.0030725505,0.0040812427,-0.0005729691,-0.02883243,0.013114015,0.011820161,0.012115205,0.02053078,-0.0038432893
2013-12-11,0.0065976405,-0.09775722,0.007008927,0.012239678,0.018846244,-0.0010450808,0.015396353,0.0011600481,0.0019532437,-0.008686576,-0.010417537,0.0031056385,0.00058193505,0.0047892667,0.008461356,0.016005505,0.009967755,0.0048078466,-0.0182426,-0.0005116427
2013-12-12,0.0023141222,0.0047252793,-0.006882499,0.021456037,0.0088856425,-0.007137987,0.017909823,0.0062740324,6.6203946e-05,0.001808007,0.008610478,0.0043435823,-0.019090712,0.011769045,0.004930777,-0.004833415,-0.0005032754,-0.0033763584,-0.0024743509,0.019171057
2013-12-13,0.031587336,0.009458144,0.005719534,0.011558038,0.008243037,0.02113642,0.016523618,0.002304628,0.0021911757,0.0052548167,0.0033937537,0.011277142,0.0018081607,0.005612465,0.0064491397,0.002198137,-0.0014880951,0.0022775133,0.011252969,0.006565895
2013-12-16,0.006498166,-0.0081739975,0.0027456118,0.0035616693,-0.003211135,0.0017775679,0.0044093365,-0.004358999,0.005441801,0.0029515226,0.0014896399,0.0036364708,-0.00057631824,-0.0054070777,-0.008536112,0.0033090129,0.00038614756,0.016507585,-0.006297508,0.0016896453
2013-12-17,0.014060215,0.001493726,0.00055118423,0.014909885,0.02560322,0.0126269935,0.017138358,0.01697491,-0.005676814,0.0,0.0023115317,0.002492714,0.0024781267,0.0142015545,-0.0012073847,-0.015324044,0.00040752703,-0.014993192,0.023574175,0.008127751
2013-12-18,0.019371338,0.0054911296,0.011049829,-0.0049222438,-0.012192156,0.011576671,0.002877653,-0.0022428285,0.0008403667,0.010063785,0.006887519,0.0005228306,0.009535325,0.005783303,0.0032604984,0.01940689,0.0017587296,0.006791095,-0.00052798475,-0.0012028351
2013-12-19,-0.0040663746,-0.0015692527,0.010001673,0.013790472,0.01736582,0.0012905069,-0.02565281,0.0025897722,0.00083996967,-0.0041573257,0.0011492667,-0.0085316645,0.0068182014,0.010691917,0.01361345,-0.001755121,0.017278256,0.0021635476,0.016261432,-0.0033652803
2013-12-20,-0.0070956675,0.016487684,0.0005606771,0.011883786,0.0,0.005458048,0.006918475,-0.015738586,0.008837273,0.00014325482,-0.00096036086,0.019395761,0.00944253,0.0,0.011128561,0.00600151,5.6167133e-05,-0.0018162105,-0.007706651,0.00046975588
2013-12-23,0.01662753,-0.010700979,-0.0024094554,0.0058019855,0.0012344175,0.0035853628,0.026256904,0.01064665,0.0007112604,-0.0008685671,-0.008821587,0.010416908,0.0,0.0,0.013613442,0.0051230625,-0.0044443025,-0.00912967,0.019534722,0.0020204019
2013-12-24,-0.009925036,0.0029741134,-0.00031920194,-0.013284081,0.011185761,0.0021309352,0.003386728,0.008501196,0.005379519,0.008031921,0.008603635,0.004363984,-0.005008503,0.007506355,0.0123437485,0.011601601,0.0069058957,-0.0023413843,0.0066949865,-0.006430267
2013-12-25,0.0013948054,0.046721954,0.012087717,0.012867573,0.000544378,-0.0045166477,0.004297949,0.014920047,-0.002464019,-0.00074518664,0.01685849,-0.0014871577,0.011283252,0.0028792743,0.00014718658,-0.015479842,0.0011001951,0.023951752,0.0028967997,0.029062727
2013-12-26,0.0030007118,0.0050707143,-0.015946086,3.396437e-05,0.05940461,0.013108859,-0.0010200482,0.019231768,-0.054106377,0.0076980917,0.0,-0.0738046,0.00034203782,-0.023202818,0.008253778,0.0016963949,-0.0061662933,0.0029806623,-0.008128075,-0.019345885
2013-12-27,-0.006489781,0.02328958,0.0022823713,0.012079839,-0.019684188,0.0037742879,0.00907848,-0.004539452,-0.12068359,-0.0031192137,0.002696993,0.02370111,0.0057832566,-0.06820707,0.00031927734,0.015518366,0.017319284,0.024969924,0.0033165617,-0.0013572006
2013-12-30,0.062361833,0.034098804,0.017408654,-0.0006950164,0.023960141,0.0052833273,0.0049241516,0.017309539,0.0025021755,0.011179211,0.02245091,0.014739582,-0.003222489,0.0089215245,0.009126094,-0.0036993995,0.010593879,0.021334993,0.0,0.01644975
2013-12-31,-0.00044264388,0.014226749,-0.0070218737,0.010533201,0.009994244,-0.000513099,0.011745182,-0.0031441648,0.03595587,0.033579696,0.043433096,0.009977479,-0.0013063842,0.0152424835,0.022647757,-0.0059018005,0.0028870308,0.007879668,0.0010174719,0.018321251
2014-01-01,0.01584124,-0.0002598327,0.015165877,0.015886532,0.00046934653,-0.00017748235,0.0063205534,0.013009664,0.01141052,0.0022031486,0.0,-0.002358954,-0.00017011462,0.024755493,0.0045738714,-0.052090377,0.003108428,-0.025454633,0.021245865,0.0
2014-01-02,-0.0013974715,0.0087945135,0.0,-0.0015204365,-0.014636177,0.0029410946,0.016691443,0.0032407984,-0.0021441632,0.0068479,-0.01530612,0.0064764745,-0.0046581333,-0.026057128,0.0043872953,0.00099726,-0.0013950333,0.019282639,0.014984437,0.0093249455
2014-01-03,-0.012538161,0.0062289434,0.006573334,0.012702085,0.012941808,0.0027948788,0.013731167,0.0070694997,-0.004152948,0.0067420234,0.027145235,-0.002644939,0.010961188,0.046194494,0.0046217903,0.03771154,0.0092830565,-0.0108654825,0.0075588594,0.009484761
2014-01-06,0.02461293,-0.0022370245,0.008027266,0.0025579282,-0.038263235,0.0,0.0119387945,-0.024404919,0.07527689,-0.015097879,0.0034313272,0.0065335166,0.004721066,-0.0010269315,0.013574159,-0.0003327806,-0.006880694,0.0042452137,0.010809346,0.004397508
2014-01-07,0.0013382453,-0.000757359,-0.014876553,0.0023126572,0.061453544,0.0046908557,-0.0009656424,-0.00669161,0.05097185,0.00871668,0.017307118,0.0,-0.002769065,0.09353392,-0.0011658476,0.04871348,0.0020794622,-0.006556966,0.0031059731,0.0054834313
2014-01-08,0.02527291,0.009148141,0.0012058294,0.0025107157,-0.037988298,0.0017887416,-0.0029033183,-0.065433934,0.03862311,0.00227803,0.015652837,0.0066849096,0.0029228854,0.0060712863,0.0021576465,0.0007353477,0.005379296,-0.0013110046,0.010258368,0.008514022
2014-01-09,0.01048048,-0.0006897642,0.011474141,-0.010816544,0.011603571,0.0018725289,0.0071638576,0.0,0.01651843,0.0129079865,0.06303635,0.015358976,0.012591299,0.0023622266,0.016216306,0.004007531,-0.006818798,0.029680852,0.002470608,0.009617763
2014-01-10,-0.015577826,-0.0017964737,0.012989342,0.016901582,0.00469864,0.0,-0.0029393393,0.005779442,-0.0068854624,0.007956866,0.0,-0.037831955,0.016734662,-0.114604786,0.0043285103,-0.013574619,0.035714578,-0.00071858894,0.003364541,-0.0068484833
2014-01-13,-0.024780199,0.006830785,0.007011746,-0.012212996,0.0064185257,0.0029908635,0.0076319687,-0.07516278,0.033737656,0.007188377,-0.113953955,-0.02463194,0.0034654192,-0.012178985,-0.041159682,0.004147136,-0.03720578,0.00500386,0.008913884,-0.00356568
2014-01-14,0.0045059817,-0.022919534,-0.019056398,0.021066163,0.0032405537,0.01863512,-0.0015669509,0.08612353,0.0038709578,0.0061950926,-6.040628e-07,0.013393118,0.0076977047,0.008517364,0.0026348787,0.0024561884,0.015369563,0.021012612,-0.013651108,0.0053983065
2014-01-15,-0.09786165,0.018714724,-0.022340497,-0.00054480723,0.051156428,0.008231538,0.0004466576,0.016502775,0.004315211,0.0001506493,-0.008144527,0.0016156997,0.011871587,-0.01958734,-0.0017315552,0.017222075,0.029388396,0.015326461,0.0083762435,0.0057666027
2014-01-16,-0.0025144725,-0.013110754,-0.004051646,0.0034002468,-0.005880229,0.0026471016,0.004636352,-0.0008373958,0.008308106,0.012113574,0.011588565,0.014443736,-0.0140929045,0.045201607,-0.034946404,0.013013814,0.035569318,-0.0024065173,0.0064647584,0.010225077
2014-01-17,-0.0014688378,0.0012292098,0.018681455,-0.020922348,-0.038416263,0.0,0.02901041,0.018107237,0.009158413,-0.0047009108,0.029208679,0.007170771,0.0090064155,0.1071182,0.00089792465,-0.015455825,0.011692864,0.0011167425,-0.004099407,-0.016447542
2014-01-20,0.10811931,0.018518394,-0.024794828,0.0008450335,-0.033826806,0.0017056919,0.0033140546,0.013111637,-0.046914082,0.006464173,0.0010081265,0.0073919212,-0.0071366658,-0.022119755,-0.054431427,-0.0015638836,0.002023657,-0.021611873,-0.0048649246,-0.008086005
2014-01-21,0.017047795,0.006324989,-0.044135056,-0.008235083,0.015040321,0.02123697,0.0017695875,0.0015743882,-0.0007189489,0.0097217765,0.0,0.012341449,0.017274018,0.0012780213,-0.0010178847,-0.010493493,0.009239436,0.019384839,0.004944157,0.01635469
2014-01-22,-0.029099256,-0.0052547157,0.014930101,0.014682066,-0.035017915,-0.0041182544,0.010877771,0.008578516,0.047479063,0.006069652,-0.008189931,0.007177944,-0.0011626927,0.038410913,-0.04234442,0.0024835682,0.00300077,0.01655507,-0.005946512,0.009226826
2014-01-23,-0.016785791,-0.068368465,-0.00039091613,0.04390443,0.008199891,0.0059294924,0.0044514616,0.0025311976,0.015236491,0.0035489593,-0.021260157,0.0017352581,-0.00042452116,-0.009853734,0.00037996465,-0.012883223,-0.0041426984,-0.0016655859,0.01708387,0.014658343
2014-01-24,-0.02929936,0.015706707,-0.0034237118,-0.011747746,0.009892198,0.0012888827,0.0072194273,0.002930452,-0.007657136,-0.00499476,0.008817052,0.010733608,0.0018943793,0.01048292,-0.023052933,0.020850101,-0.020046756,0.0007182371,0.0028733758,-0.002068577
2014-01-27,0.037965987,-0.015424544,0.018464683,0.0,0.03742618,0.012767541,0.004787317,0.011858629,0.01061271,0.0031077059,0.015029682,0.0013598274,0.0014964239,-0.11265375,0.03775127,-0.022088746,-0.0057320865,0.0,-0.0076931873,0.0017140707
2014-01-28,0.019650208,0.001856379,0.001575327,-0.046798583,-0.0004449757,-0.00067096483,0.0054813875,0.008501143,0.018501088,0.0017229585,-0.00045588415,-0.04012652,0.012297952,0.019323587,-0.008022181,-0.11173732,-0.010450143,0.014900909,0.039368887,-0.0066742883
2014-01-29,-0.0047900444,0.006729478,0.019777857,0.040660582,-0.00066740677,-0.06516971,0.013090879,0.0,-0.011387094,-0.0124388095,0.0058921087,-0.0034590831,-9.742659e-05,-0.0014594131,0.0043902574,0.017220734,0.021304376,-0.007146217,-0.017037136,0.0007133898
2014-01-30,0.004960515,0.0037621157,0.0008366176,0.006992027,-0.00078319875,0.007168275,-0.0679963,-0.024745952,-0.020908397,-9.123497e-05,-0.01829549,0.02828202,0.014826894,-0.025352346,0.01935125,0.019894665,0.0020987783,0.0,0.006195955,0.009927044
2014-01-31,0.00034702502,-0.000848351,0.030912947,0.046537906,-0.04734729,0.03272464,-0.014408853,0.014862139,0.0039215493,0.017849378,0.013503089,-0.0011007371,-0.00044153584,0.009167697,-0.0032397262,0.010268721,0.011126827,0.0071765413,-0.030966004,0.0050511197
2014-02-03,0.011277536,-0.023734085,0.028975213,-0.016872583,-0.012194794,0.01656048,0.011165329,-0.0018114934,0.0007326749,-0.0010162749,0.0067036496,-0.07757693,0.0024723634,0.002332071,0.0058180927,-0.015181598,-0.002069564,-0.0015380029,0.013796386,-0.023953719
2014-02-04,0.044141583,0.007693305,-0.0048734383,0.0051821694,0.013022849,-0.016943708,0.0020189374,0.008336968,0.06069815,1.6355802e-05,0.034107424,0.017077656,0.0021257163,-0.0629018,-0.006798807,0.015310316,0.018160326,0.0,-0.034439467,-0.0023265264
2014-02-05,0.013243264,0.016864643,0.0,0.004792839,-0.03174028,0.029243862,0.002701835,0.008596105,0.0011386725,-0.0003138589,0.003979571,0.011771656,-0.0017021184,0.0023699312,0.0058458475,0.013757033,0.0015641323,0.007165845,0.012241142,0.0016775561
2014-02-06,-0.020997701,-0.025161143,-0.008562779,-0.0014649758,0.021202179,0.008305343,-0.010232518,-0.0017145062,0.0019658667,-0.0061910455,3.8964452e-05,-0.01519541,0.009638309,0.021151341,0.01898179,0.004595632,0.011720544,-0.005663629,0.005443993,0.0024339287
2014-02-07,-0.118011184,0.012885914,-0.028440258,-0.00052664004,0.03486009,0.0048593385,0.016381709,-0.003277084,0.013527309,-0.0012813761,0.001582577,0.0056394613,0.006597816,-0.005317138,0.009368783,0.0081704,0.0094864825,0.0059513794,-0.025019404,0.00617158
2014-02-10,-0.03612547,0.0075516147,-0.0064156745,0.0002761285,0.08685084,-0.0008169773,0.005889731,0.04147101,0.059360337,0.0024977142,-0.068360984,-0.02598421,0.0069791796,0.049524404,0.011627087,0.013428822,0.04261706,-0.00978468,-0.022696335,0.0005344101
2014-02-11,0.0053825993,0.018047402,0.0015752141,-0.007968745,-0.0017176477,0.01175031,0.012802836,0.0064741895,-0.011290281,0.028900415,0.06555913,-0.0003404321,0.022240002,-0.0039711967,0.0025566642,0.02569791,-0.0013376687,0.0102281915,-0.012988535,0.011164366
2014-02-12,-0.0039840904,-0.006097772,-0.00575744,-0.00043993784,0.016386589,-0.001675396,-0.0033602167,0.039031178,0.0011787155,0.009868939,0.001601664,0.06069618,-0.0014556285,0.013852041,0.08543999,-0.0063018124,-0.010110368,-0.0018477972,0.04334888,0.0
2014-02-13,-0.009557844,0.0013594143,-0.002980713,-0.004862938,-0.019003527,0.0026890517,-0.01273383,0.011200069,-0.012442834,-0.00014070318,0.005616787,0.00076270633,0.0042605405,-0.0018233481,-0.023464656,0.0018756029,-0.005726791,0.0017394577,-0.0035787558,-0.03126378
2014-02-14,0.0346507,-0.00088016375,-0.00024495137,0.00090070756,0.016369767,0.018749282,0.0024321487,-0.0007050915,-0.002702311,0.0007948426,0.00398242,0.0133603355,-0.019052139,0.06068447,0.0,0.0051664934,-0.012714233,0.015211847,0.008617004,0.0020784785
2014-02-17,0.014338874,-0.004909631,0.00225717,0.003559014,-0.018736843,-0.0030358555,-0.01824293,0.0127989,0.0033356706,0.0012567028,-0.0010514335,0.0066696284,0.013227362,0.0039439714,0.0146752475,-0.014422733,0.00021156274,0.021158475,0.017813321,0.008295137
2014-02-18,0.04656916,0.0119751785,-0.01805397,-0.064986646,-0.022806972,0.0055201785,0.0016160228,0.0033976997,-0.10345584,-0.041830868,0.01044819,0.0237593,0.009661855,0.0038789732,0.005284465,0.019401547,0.0089807715,0.0060126893,0.014073375,0.0018488726
2014-02-19,0.009951352,-0.007839246,0.003624322,0.012885288,0.01318051,0.038859855,0.000220245,-0.050952338,0.01728233,0.016580869,0.00081176957,-0.005544033,0.014948148,-0.07634143,-0.0010536448,0.0036938987,0.0007719396,-0.002756372,-0.030759918,0.023059608
2014-02-20,0.038580228,0.013571587,0.0,0.004477469,-0.0460415,0.017943569,6.6467386e-05,0.0035545172,0.00076535036,0.01865024,0.033247106,-0.006660694,-0.0040347367,0.0,0.0040944885,-0.0075463844,0.0005146044,0.0034734015,0.018234054,-0.0003146781
2014-02-21,0.023707371,0.02212275,0.038487073,0.0073018325,-0.009690171,0.004574604,0.013049685,0.006079628,0.04317466,0.0027811055,-0.07327651,-0.003995224,0.0030497818,0.011848614,0.014447252,0.021334417,0.0041884575,0.019552363,0.010711571,0.016236408
2014-02-24,-0.02949063,-0.009886202,0.00082542334,-0.046149123,-0.016238187,-0.010958259,0.0036613017,0.0151911145,0.03664566,0.009790927,-0.029392203,0.019293537,0.0017367621,-0.0028751397,-0.0027551758,0.007830989,0.0069244546,0.004058209,0.023842001,-0.008344319
2014-02-25,-0.006981751,-0.0028426957,0.019560236,0.058046043,0.035068776,4.332083e-05,0.018896947,-0.011732636,-0.022538146,0.017269494,0.03052375,-0.00017168668,0.010272883,-0.00398432,0.0025678165,-0.008895704,-0.0010312218,-0.020914035,-0.010823617,0.012299099
2014-02-26,0.025742017,0.01477802,0.014668686,0.0004305206,0.0149075985,-0.0032963862,-0.0040217643,-0.0021500885,1.0591214e-05,0.004286709,0.09031581,0.008512103,-0.0013108021,0.018880384,0.021701882,-0.0006884005,0.0025235056,0.0077248528,0.013711251,0.008501023
2014-02-27,-0.0019847741,0.0005753894,0.009626424,0.0041005583,0.035602134,-0.118507735,0.014403002,-0.005313582,0.04842698,0.0048612626,0.003381125,-0.004609065,0.007330573,-0.017897272,-0.021955041,0.01602809,-0.022504222,-0.020035664,-0.0032131707,0.0
2014-02-28,-0.015844509,-0.003923318,0.0043108803,0.010980893,0.015081272,0.009844536,0.00037456022,0.00740391,0.0072187735,-0.00651975,-0.017634481,0.011268437,0.0,-0.010508049,0.005446822,0.003670563,-0.0030888964,0.02431319,0.008323469,-0.003034793
2014-03-03,-0.014833639,0.0031826512,-3.6712986e-06,0.022759099,0.023508003,0.015353486,0.0059843767,-0.0014146828,0.0065226406,0.015351747,0.009464785,0.005809288,0.0006291757,0.011397889,0.0032705248,0.004833974,0.028814387,-0.0011358164,0.015107653,-0.0017437226
2014-03-04,-0.1100012,0.016512439,7.1115153e-07,0.001284774,0.0051655346,0.022328436,-0.005512577,0.040950473,0.00077400304,0.010229117,-0.02287245,0.0033892216,0.0061495174,0.024971666,-0.000100154735,0.011644984,-0.0009687609,-0.0066794194,0.006035679,-0.0012120702
2014-03-05,-0.010252441,0.016684806,-0.00015079703,0.007041939,-0.005355531,0.0015508683,0.0031003742,-0.029876545,0.014511735,-0.009451801,0.08303258,0.004261845,0.0056773117,0.0078414045,0.00072526216,0.013835384,0.031897493,-0.023584168,-0.016329058,-0.0010474407
2014-03-06,-0.0065632053,-0.008585114,0.008056343,0.0015362772,0.0,-0.014181835,-0.015520293,0.062945925,-0.000710292,0.006143781,-0.00048367635,-0.003301675,0.010402874,0.0047100727,0.01890912,0.006508576,-0.00935979,-0.035501607,0.001935711,0.021243948
2014-03-07,0.037847206,0.026699727,-0.0027481888,0.0310779,0.014461006,0.022744967,0.00073915767,-0.01615342,-0.032738972,-0.0035057813,0.0,0.01723571,5.765385e-05,0.00558744,0.0,-0.016275087,0.006679162,0.0047588465,0.00109977,-0.038673487
2014-03-10,0.0300004,0.01584926,0.022083323,0.0061323764,0.01058415,0.0025728263,0.006636131,0.0017613316,0.03925295,-0.0008358511,0.047023088,-0.0010259857,0.0017900546,0.021682857,-0.0071462574,0.0023371105,-0.018476337,0.03335755,0.022183059,0.004459015
2014-03-11,0.0027616068,0.0008413269,-0.006522129,0.01099351,0.0024727364,0.024289582,0.021161325,0.005266317,-0.03971203,0.004310935,-0.12246831,-0.0004325179,-0.006364071,-0.032013588,0.00030758342,0.012746037,0.010912919,0.020384008,0.021586034,-0.014224025
2014-03-12,0.04623526,0.0020982998,0.014902859,-0.014547042,0.0060977554,-0.004089239,0.0010059562,0.024764303,0.010844251,0.0025591739,-0.00505247,0.0069727087,0.009030732,-0.0063305604,-0.022682823,0.00179204,0.01028193,0.014386988,-0.0024015934,0.01659175
2014-03-13,0.0010401189,0.010459689,-0.008581327,-0.00020656904,-0.0007353905,0.019419089,0.0065484354,-0.006460688,0.0153919915,0.0049340893,0.026789969,0.0073737726,0.004083787,-0.0008700671,-0.0002665875,0.0055748154,0.013678897,-0.0035536974,-0.016640937,0.012088677
2014-03-14,0.023063563,0.0060970504,0.015226176,-0.008029403,0.00095714483,0.0017842579,0.003909329,0.008734287,0.0002753951,0.00010383617,0.017455064,0.0041133957,0.00340828,-0.0070709107,-0.016997911,0.011778958,-0.003765878,0.003263697,0.0,0.014795168
2014-03-17,0.0058501465,0.0038630937,-0.006838411,0.019006487,0.008321403,0.0015060728,-2.5322941e-05,0.0,-0.0055421516,0.003465048,0.034002166,0.004574993,0.0029230681,0.014551468,0.010481043,-0.01417505,0.0030392457,0.010285055,0.024532452,0.004432451
2014-03-18,-0.0005278895,0.017356865,0.0010508663,0.0008436565,0.008238087,0.0025826772,0.02231322,0.008579415,0.0039906534,0.005189261,-0.0054318914,-0.004353802,0.0020602199,0.01046633,0.023894878,0.022480084,0.0,-0.0033338503,0.01668433,0.0056853015
2014-03-19,-0.0012972411,-0.00026754223,-0.0025375774,0.0021265745,0.006542986,0.00603188,0.0058501624,0.011910967,-0.008138871,-0.008232753,-0.021466445,0.0017028232,-0.016903216,-9.886516e-05,0.010426667,0.012276959,0.0203315,0.0041284147,0.0077995886,0.0
2014-03-20,0.023225311,0.01285343,0.004131462,0.00044224673,0.0026327767,0.00035807127,0.010391823,-0.038043313,-0.005509549,-0.0020653433,-0.0157382,-0.00020342124,0.012097897,0.00955172,0.012772513,0.0007763383,-0.02308883,0.0007602128,-0.023718068,0.00072745397
2014-03-21,0.021180823,0.002763692,0.0010480855,0.025930347,-0.0028165036,0.0005691577,-0.0010851772,0.017435646,-0.0186123,0.0027235262,0.001961286,0.0025011252,-0.005477783,0.005274303,0.006775771,0.010973398,0.044515386,3.133633e-05,0.0002620669,0.009020023
2014-03-24,-0.017500002,0.0135721825,0.0,0.024487143,0.005119429,-0.0018583549,0.0045044306,0.010873103,0.011115692,0.0018930318,-0.0039602104,0.0,0.01211165,-0.008434711,0.028985033,0.0019533562,-0.0027119943,0.017086027,-0.0023636208,0.0061727385
2014-03-25,0.0052954024,0.003079186,0.03427329,0.033906735,0.0050948076,-0.0053533213,0.0054434156,-0.003771789,0.019299645,-0.0011506792,0.027860617,0.0033817408,0.0021028805,0.011558135,0.010709374,-0.010698826,-0.016630681,-0.00045001757,0.027703427,0.0
2014-03-26,5.584926e-05,-0.025620157,-0.003303679,-0.028829938,0.03364567,-0.0027738905,0.06307399,-0.00030765284,-0.010874381,0.00021334678,-0.0014382809,-0.029820127,-0.0014752506,-0.000116831776,-0.006489908,0.006075018,0.006165208,0.014102821,-0.008114487,0.016238905
2014-03-27,-0.012570895,-0.001060234,0.007010047,0.014374664,-0.047628906,0.034853034,-0.0025374754,0.018665329,-0.0015717753,0.0071642175,-0.0021881287,0.0,0.01179732,0.022937514,0.0172444,0.0137967365,-0.0076545565,-0.025158627,-0.03496231,0.0110495975
2014-03-28,0.012449218,-0.0007145978,0.014272662,0.01594925,0.0,-0.021385387,-0.0030359807,0.0028791009,0.0072784866,0.008370305,0.02208791,-0.015627416,0.0,-0.006400385,-0.0767155,0.004561778,0.051258195,-0.025332693,-0.0022878645,-0.0010331338
2014-03-31,0.019666862,-0.003420256,-0.054325517,-0.0031117098,-0.031409208,-0.02447125,0.00362954,-0.0014731095,0.023410244,0.013067265,0.001835459,0.04146749,0.00029711332,0.011162932,0.024559883,-0.0036908397,0.034024123,0.01791279,-0.013551851,0.0034686383
2014-04-01,0.011300374,-0.011090657,-0.018199341,-0.00653437,0.0057979897,-0.003116382,-0.01639031,0.0011808823,0.0009106171,0.009315525,0.011035298,-0.0068332762,0.0045747547,0.0018902867,0.004255461,0.0022744155,-0.0058672805,0.015202305,0.017043363,0.0
2014-04-02,-0.005739815,0.024777008,-0.0012081006,0.01967995,0.08457198,-0.008686269,0.006966785,0.004459572,1.3389937e-06,-0.0013769998,0.01967948,-0.0847621,0.007624001,0.0012853318,0.034178853,-0.009392197,-0.0018363693,-0.0027566936,0.012766788,0.002725962
2014-04-03,0.030026676,-0.00688773,0.0024266827,0.0009848259,0.03869654,-0.00044167347,-0.024637775,0.010863404,0.01767122,-0.033242885,0.012293863,0.011649191,0.0033358862,-0.0039838357,-0.03767884,0.008985805,0.010794806,0.0,-0.0032156142,-0.0069574886
2014-04-04,0.0006952223,0.0177163,-0.12675507,0.0006815273,0.005462284,-0.029349651,0.01606222,0.014897121,0.0045283264,-0.027440285,0.0042287945,0.007166536,0.0016540947,-0.021207226,0.033848874,0.0023091147,-0.011309046,0.016738214,0.017327216,0.003189799
2014-04-07,-0.019412337,-0.00033700952,0.050439626,0.027806714,-0.0040227813,-0.014157916,-0.005949186,-0.028908597,-0.0010526823,0.0015289955,-0.010551373,0.00547949,0.018564785,0.008780546,0.010613172,0.001598033,-0.0065066763,0.003391555,-0.0077340943,0.0072476817
2014-04-08,0.0010104557,0.0151346205,0.021847103,0.0009294935,-0.06489731,0.07752106,0.006059639,0.010015381,0.012453738,-0.011481549,-0.018450249,0.022887593,-0.0036382545,0.0038039233,0.1009061,0.027615873,0.02651276,-0.0015230649,0.022600159,-0.012787155
2014-04-09,-0.0072565894,-0.008201228,0.010401985,0.005504079,0.054797344,-0.105923496,-0.0034923805,0.019002287,-0.0037709202,0.003401986,0.015398967,0.011232775,0.0047128624,0.0137772495,0.0023283362,0.0032338959,0.00019146824,-0.0010357688,-0.0010668347,0.008320101
2014-04-10,0.017217925,0.0017819058,0.04158533,-0.001999818,0.009544863,-0.0033621835,-0.0083875125,-0.0048808986,0.0,0.0010818059,0.0075991396,-0.0119583,-0.0148457,0.0041172244,-0.015534558,0.010700832,0.03242102,-0.00053336454,-0.018925,-0.0076873107
2014-04-11,-0.025292778,-0.0072767227,-0.0005322388,0.00479682,0.017218964,0.06342785,0.039837223,0.0009539273,-0.008299428,0.039230682,0.015563175,-0.021421941,0.0004219357,0.0063716504,-0.020995455,0.010939986,-0.00814477,0.0064251903,0.014931058,0.015364337
2014-04-14,-0.00048990827,-0.022670116,0.011178621,0.0,-0.0312408,0.033471193,0.0017534374,0.0070629716,-0.006021712,-0.033454224,-0.0131201465,0.018649474,0.010969875,0.007194044,0.024793228,0.004337201,0.016702792,7.171766e-06,-0.022125816,-0.015136172
2014-04-15,-0.12531796,0.014448497,0.059843313,-0.0032198185,0.010132889,-0.017437264,0.015527109,-0.021148147,0.001899258,0.033829387,-0.001606224,0.0015912161,-0.0028017187,0.011473599,0.008296091,0.0009541395,0.006689666,0.010746574,0.01069186,-0.0055010654
2014-04-16,0.10881682,0.015839057,0.0051624486,0.009772999,0.0015288973,-0.017297363,0.018503051,-0.10104619,0.0,0.020370115,0.01897287,0.00264605,0.010935089,0.004309251,-0.0015285757,0.0063233124,-0.024840157,0.0069321203,0.008045987,-0.00043786762
2014-04-17,0.04476593,0.005991589,-0.018664101,-0.016753027,-0.0041353796,0.028976787,0.011657472,0.01671188,0.0129828835,-0.009160205,0.011357668,0.05208284,-0.00035564657,0.00263884,-0.0076626185,0.0044982787,0.013628158,0.013037269,-0.02020699,-0.00022901614
2014-04-18,0.01730862,0.0052512316,0.011830376,0.007650546,1.1470068e-05,0.0067688758,-0.003440094,0.011794877,-0.02354133,0.017431794,0.009150167,0.013661707,-0.008409835,8.567652e-06,0.0025657439,0.017175235,-0.0020324113,0.011549819,-0.016631685,0.004295106
2014-04-21,0.025617644,-0.00029313745,0.008913164,-0.0058749374,-0.028561153,-0.004984846,0.0034910515,0.002794362,0.033903025,-0.0017081182,0.009038686,0.00040468512,0.013211566,-0.008740397,-0.0057715173,0.012491137,0.017289367,-0.0030935025,-0.03751109,0.002277566
2014-04-22,0.0006137524,-0.004629049,0.00087470753,0.0056854254,0.014822552,0.008780611,0.0071030087,-0.0065092836,-0.00028903256,-0.004988078,0.0029580116,0.04384554,-0.0036756797,0.0012460216,0.010867595,-0.0036857086,-0.02305977,-0.009300631,0.016843474,0.009839201
2014-04-23,0.03557656,0.01392927,-1.0613071e-05,0.013716349,0.043142427,0.002099322,0.015869565,-0.021157624,0.032150045,-0.0046628634,0.0071549104,0.008189313,0.010931552,-0.0059040645,0.06013064,0.005444278,0.0050610965,0.010507612,0.0997351,0.011701442
2014-04-24,0.0058870297,0.0025818185,0.006361859,0.0077828965,-0.0011721179,0.0053446735,-0.016509313,0.01382191,0.015196612,0.043226153,-0.0019876682,-0.0014591427,-0.029889738,-0.0012641177,0.0047547086,0.015492241,0.012944969,0.005405156,0.06569727,-0.015247463
2014-04-25,0.0034871085,-0.014255958,0.009713615,0.0056462884,-0.0064738444,0.014051998,0.011784581,-0.030001398,-0.015867114,-0.02162384,-0.00283895,-0.0007150837,-0.026045939,0.007155416,0.0013076562,0.0015862528,-0.009771492,0.0,0.006371698,0.002877036
2014-04-28,0.0018859297,0.029256007,0.0061197197,0.00075929053,0.011411214,-0.0011146374,0.005465444,0.03844912,0.008239834,-0.00933119,0.014037855,0.0,0.04417405,-0.016867409,-0.0077507803,0.003643881,0.011650076,0.013726268,-0.023590796,0.012945246
2014-04-29,0.00083515036,0.0,0.007440291,0.00254165,0.00487569,-0.0028202012,0.0005355516,-0.014106864,0.003552231,0.035139386,-0.025850656,0.0023451215,-0.0020040353,0.015799638,0.0340007,-0.0048616026,0.0034013551,-0.050323863,0.010160379,0.009717033
2014-04-30,-0.008476629,0.0093411645,0.00035688898,0.004095624,-0.008122759,0.008085001,0.010243488,0.0,-0.0025522327,0.0017393798,0.002312085,-0.032717474,0.011928452,0.0010422228,0.02437832,0.015351216,0.0,0.0014179263,-0.0031830627,-0.003029366
2014-05-01,0.016558444,-0.009095567,-0.005076499,0.013594298,0.023090865,0.0026449782,0.0072073606,-0.011254254,0.053582292,0.0017974897,0.0059619443,0.01284033,0.016572157,0.01358003,0.0057398058,-0.04690479,-0.001549483,0.039090358,0.011335471,0.00883867
2014-05-02,0.008517199,-0.005605979,0.009813082,0.008923433,0.012485003,0.016716914,0.006153753,0.0012199924,0.0,0.0050241556,4.7502446e-05,0.0061513837,0.013162376,0.0019868184,-0.018863523,0.014935764,0.033174276,-0.015064509,0.0009802198,-0.00399081
2014-05-05,-0.0076404866,0.01486634,0.005262295,0.0,0.00036674555,-0.010829072,0.004143417,0.01094334,-0.006237416,0.010847246,-0.0019486466,0.019622944,-0.01134084,0.012646165,0.05319314,0.0,0.010393865,-0.009154562,0.012811554,0.01479108
2014-05-06,-0.008383255,0.01162527,-0.010854475,-0.005421284,-0.026978273,0.01713487,-0.0015786561,0.002204848,-0.016929746,0.0145962555,0.007555858,-0.004506115,0.024397498,0.008388898,-0.00895308,0.013828934,-0.018702526,0.002502333,-0.00032918106,0.0044511594
2014-05-07,-0.0008690492,6.317387e-05,0.0071556726,0.00016724254,0.0022627362,-0.0031128863,0.0015042847,0.042755414,0.03686537,0.045458745,0.0025632796,0.005175058,0.029215477,-0.006234468,-0.016716385,0.009967568,0.015619746,0.018512953,0.0039958456,0.014745087
2014-05-08,0.013526617,0.0039297985,-0.0021790303,0.00751543,0.060352836,0.0066945264,0.0037852165,0.0049047195,0.019014357,0.006312213,0.0029968242,0.019412033,-0.03147634,-0.0038675002,0.005987472,-0.0056036813,-0.032628477,0.0150242075,0.019229984,-0.0039537265
2014-05-09,-0.009409813,-0.0023815671,-0.0005537704,0.015973868,0.029612215,0.0015780989,-0.00024044659,0.014893955,-0.00068217487,0.015364964,-0.01854862,0.024935959,0.022102956,-0.0015243297,-0.0024674912,0.0018588601,-0.0028165947,0.0018694086,-0.00069173606,-0.004093027
2014-05-12,0.046220623,0.007751718,0.0039061303,0.0017534536,0.043713294,0.021246828,0.0020222936,0.008268812,-0.00042393527,0.0029042508,0.0039617056,0.0016344769,0.0047700033,-0.015667133,-0.0015768228,0.006552788,0.00017276492,-0.000352871,-0.029822305,0.013649437
2014-05-13,-0.0010774444,0.020198388,0.012448573,0.0069478676,0.034683898,-0.015862908,0.0043822234,0.001706578,0.0115791,-0.0062205023,-0.010716732,-0.025048906,0.0054527996,0.018001141,-0.0010422978,0.0056400397,-0.00070443144,0.010484022,-0.00044092876,0.002573902
2014-05-14,-0.010531778,0.00029099628,0.011544565,0.0018861345,-0.0002463872,1.0833499e-05,-0.010089988,0.028053222,-3.719279e-05,0.006073275,0.008318289,0.016295077,0.008952927,-0.0041481457,0.03617861,-0.00080750766,0.00037494357,0.008653945,-0.048415326,-0.0070852926
2014-05-15,-0.018601323,0.0046863826,0.0007161988,-0.00101546,0.0024424973,-0.010843187,0.02280113,-0.009430118,0.0028837353,0.003687443,0.0069747893,-0.028873077,0.0104045225,-0.014427622,-0.013675001,0.029284261,0.0016447777,0.02982063,-0.02328904,0.0010595757
2014-05-16,0.025654638,0.011807966,-0.00024928217,0.009544515,0.022624586,0.017619595,0.004474492,-0.0061471993,0.0,0.0084333625,-0.0016625958,0.022877859,-0.019856846,0.00051418244,-0.01261475,0.0022235543,0.020604173,0.0065990495,0.002055816,-0.002572959
2014-05-19,0.007258018,0.010195294,0.0053074574,0.011258887,0.01287434,-0.0024289805,0.006575744,0.009052637,0.001006416,-0.00016557366,0.012443453,-0.0019818149,-0.006584812,0.0063061034,0.028418487,-0.0007551409,0.02102628,0.010826765,-0.0039205095,-0.000676551
2014-05-20,0.06603543,0.011194966,0.02103498,6.321932e-07,0.0187807,0.008099618,0.011853887,-0.0033649087,0.01710202,0.004051523,0.029568227,0.040392485,-0.0030187739,0.009165555,0.044142008,0.007524193,-0.011830203,0.0021377034,0.09758525,-0.0020813462
2014-05-21,0.02310784,0.0095675895,0.0031300453,-0.0065778787,0.01603307,-0.023479685,-0.0040089446,-0.0010230232,0.0060706795,0.012911131,-0.0014739495,-0.0025026195,0.0041646888,0.002915674,-0.012204006,-0.0033865583,0.02658617,0.010844481,0.004980675,0.012439759
2014-05-22,0.0009593144,0.0,0.0056300275,0.002608228,-0.042265203,0.013851934,0.003673587,0.0012701224,0.018232735,-0.017794484,0.04103279,-0.048454314,-0.006675101,0.020371377,-0.0022850775,0.0059849904,-0.012506231,0.011284487,0.02963953,9.823827e-05
2014-05-23,0.01744355,0.001004266,0.0010002833,-0.0012042779,0.006574577,0.00070024846,0.0066911755,0.007890908,-0.0015092115,-0.003092445,0.004020597,0.009430727,0.02379373,-0.009575659,0.023727648,0.012081543,0.0018579678,-0.00049924,0.013338114,0.006720418
2014-05-26,0.007967797,0.0037298398,0.015216879,-0.00060442684,0.007425166,-0.0036799891,0.0077754944,-0.009363569,-0.0020838124,0.00076999824,0.019219471,-0.00048140812,-0.008310111,0.008551391,0.007861972,-0.0015236734,0.025965434,0.012676989,-0.00424868,0.0
2014-05-27,0.017057275,0.0137658175,-0.0127072865,-0.002756334,5.6548346e-05,-0.007708393,0.00631148,0.0110690985,-0.0061515337,-0.011090535,-0.004357021,0.0017169792,0.024585031,0.0061907005,0.028675368,0.012359707,-0.001050713,0.0013693341,0.023363383,-0.00025897005
2014-05-28,0.0029051013,-0.0008928715,0.002236247,0.00881809,0.028559545,0.002913025,0.0046125716,-0.00015301691,-0.023999931,0.04758886,-0.00034557338,0.00859041,0.0044347458,-0.021432575,-0.0012183955,-0.00456549,0.015939271,-0.011808148,-0.01557018,-0.0007607249
2014-05-29,0.022365058,0.002947235,0.0043845824,-0.007796634,-0.0019003871,-0.0048459955,0.0,0.014200488,0.013710203,-0.010825039,0.041313864,0.012092145,-0.005961815,0.018118665,-0.0074991807,0.007865343,0.0021979488,-0.0076263957,0.0,-0.0034454046
2014-05-30,-0.02298611,-0.004154801,0.0042439466,0.005775689,-0.0060619055,-0.0013060207,0.01097415,-0.004119541,0.0001044388,0.003941312,-0.0016627645,0.0362754,0.01496637,0.0007228438,0.027947828,0.0050558904,-0.004154347,0.010167096,0.0084215375,0.008325036
2014-06-02,0.002503927,-0.005444187,0.016555548,0.012253062,-0.0003124774,0.003157887,-0.0019589714,-0.00469782,0.021271382,0.014900677,0.020022744,-0.00441083,-0.012917553,-0.0030480048,0.004718528,-0.0054454743,0.010075645,0.028585082,-0.029170321,0.002066589
2014-06-03,-0.011168149,0.0,-0.013471441,-0.0039844667,0.013308441,0.016961824,0.007832308,-0.030008271,3.8847236e-05,-0.012585907,-0.007044126,0.0187031,0.011930549,-0.0027913875,-0.0003191692,0.0055945995,0.003670164,0.0063931043,-0.017115012,0.007825141
2014-06-04,0.0037882256,0.014173618,0.02841615,-0.00030375738,0.0019426827,0.0058462513,-0.002777243,0.017013296,0.0023083044,0.01232427,0.004095581,-0.023555877,-0.0053077317,0.001968759,0.016028421,0.01614677,0.00014359535,-0.0035412686,0.027073057,0.005466423
2014-06-05,0.0045810835,-0.009951774,-0.01896214,-0.013846806,0.0020819895,-0.010704794,0.004829555,0.0014493817,0.011566898,0.033890925,0.014377508,0.008152608,0.011311458,0.00060927635,0.033406775,0.012425421,-0.0013431524,-0.00087602856,0.028713154,0.0035809176
2014-06-06,-0.0064087594,-0.0015836884,0.025092486,0.00594748,0.0030085815,-0.0012742241,-0.0021644132,0.02433223,0.0021398312,0.005639674,0.025919905,0.004756565,0.0055457954,0.013021725,0.008875598,0.00024213163,-0.0029134958,-0.012329103,0.0036692217,-0.007449749
2014-06-09,-0.01104855,0.017430535,-0.0064779297,-0.01768283,0.015928082,0.013188859,0.0086341025,0.0,-0.008178378,0.009542255,0.01859674,-0.00025454545,0.0036578064,-0.007378877,-0.0057123327,-0.008383151,-0.0021573645,0.0003420418,0.02867987,-0.013379885
2014-06-10,0.0130958315,-0.002318469,0.0047638267,0.016965808,0.004422229,0.012632128,0.0036562576,0.004297882,0.017562907,-0.004716478,-0.00030584016,0.021150986,0.0,-0.002562479,-0.0030892985,0.0037387228,0.021217464,0.010704562,-0.0019834964,0.0
2014-06-11,-0.019033534,0.014948998,0.023233993,0.014799363,0.0012301703,0.0005228281,0.0010300783,0.024190165,0.0099877175,-0.0026676697,-0.0017362311,0.012491859,0.0056162355,0.009226614,0.018064873,-0.013100216,0.008535139,0.008624379,0.0,-0.0013950473
2014-06-12,-0.0057142572,0.0120919375,-0.024571585,-0.01879034,0.0067101764,0.0062952815,-0.0065145865,0.016458793,0.0007615548,0.013878555,-0.0094096605,-0.006306796,-0.0008377079,0.006234585,-0.0047605964,0.007920039,-0.001705866,0.002851088,0.011053631,0.0010006086
2014-06-13,-0.001079035,0.009294284,0.01931074,0.009831428,0.0,-0.008249232,0.0061331172,0.01492729,0.0,-0.004196958,0.014428168,0.011143137,0.0073376675,0.01935814,0.003034861,0.018333193,-0.0035988712,-0.028137611,0.035659652,0.007482699
2014-06-16,0.001188736,-0.008574922,-0.0014519177,-0.012336561,0.015343066,0.0018382964,0.013814281,-0.009223606,0.003224816,0.04078243,0.0039172694,-0.007090756,0.02535981,0.0035136605,0.0010571955,-0.0015224902,-0.01908796,0.014964096,0.010378691,-0.008351235
2014-06-17,0.043903176,-0.0077651544,-0.0033689453,0.0058895173,0.0072776983,-0.006589943,0.01431104,0.00896911,0.011535012,0.009610664,0.0077017425,0.009431844,-0.0023911172,-0.005876161,9.4295865e-05,0.0024620101,0.0080107255,0.004582627,0.0067430614,0.007862089
2014-06-18,-0.015678076,0.025367105,0.0022904642,0.013689828,-0.004534087,0.0023107405,-0.0013190701,-0.00092203915,-0.0021092412,-0.0029975062,0.029506871,-0.0024040733,0.0077607217,-0.00061575684,0.030898495,0.01674001,0.02861455,-0.0015711482,-0.006772369,0.0026030012
2014-06-19,0.042553432,0.004481958,0.015973836,0.008315394,-0.008691035,0.008526406,0.024232069,0.0051375716,0.010037441,0.005494472,-0.0067993915,0.011106984,0.015457319,0.0021603627,0.0065327426,0.011431873,0.009675583,-0.003379099,-0.007374698,0.026393572
2014-06-20,0.019942079,-0.032446295,0.009976057,-0.003117732,0.036506318,0.005826407,-0.01410712,3.9713253e-05,-0.007042843,0.024649074,0.015976897,-0.02447348,-0.0082190335,0.007185912,-0.0013155495,0.0025177165,0.0050993096,0.010098954,0.034693234,-0.0019471305
2014-06-23,0.0075092018,0.0,-0.019597936,0.011704506,0.003269469,5.4339773e-05,0.0,-0.005302563,0.0022855375,-0.008418484,-0.0031230594,-0.00081572175,0.03755797,0.0025213887,0.019789375,0.005993309,0.0030778754,0.013323158,-0.013093997,0.0020696605
2014-06-24,0.017703788,0.0031465539,0.010403803,0.013050576,-0.003180878,-0.0022236528,0.0015070646,0.03636607,0.04411511,-0.057864014,-0.047463305,0.031294633,0.014936759,-0.008399812,-0.00011143942,0.022250574,0.024413902,0.0016532124,-0.00069539074,0.009003158
2014-06-25,-0.020985281,0.028733773,-0.0023636208,0.0024968835,-0.035800528,0.0012705383,-0.014438826,-0.009624812,0.0024062116,0.009705265,0.039777167,0.0103320945,0.0025497635,0.054596335,0.0014573578,-0.00028671528,0.0009848877,0.02240095,-0.011268785,0.015468593
2014-06-26,0.025518198,0.006356603,-0.011569222,-0.007349006,0.06327066,-0.008426858,0.0024395036,0.0058846544,0.016953733,0.00883102,0.0003398649,0.019302983,0.00032581572,0.022149585,0.004666771,0.002899016,0.012040303,0.006772369,0.018612185,0.0002220051
2014-06-27,0.05923767,-0.009899621,-0.0063548004,-0.0038334543,0.0056657265,0.006324397,-0.0023018313,-0.008411791,0.018815888,0.0013277103,0.040178463,0.0055986727,0.009560463,0.0033807713,0.0011343512,-0.021710694,0.012976862,0.014427788,-0.016021267,0.002772131
2014-06-30,-0.013131592,0.087874606,0.022995941,-0.020306775,0.005320022,0.00060415297,0.02839863,-0.013034667,1.9254458e-05,0.0025192536,0.0005030862,0.009255586,0.0,-0.0002284688,0.009692606,0.013082984,-0.0075514033,0.016565239,0.016788777,-0.0044163195
2014-07-01,0.021254797,-0.05132796,-0.019582234,0.016765075,-0.0039952374,0.010445343,0.020462845,0.026925484,-0.0035850555,-0.005100148,0.066985354,-0.008420548,-0.012574424,-0.0025389108,0.009937826,-0.003766005,-0.000767751,0.0023412984,0.030820737,-0.017310455
2014-07-02,-0.02227334,-0.0065643345,-0.0009918256,-0.0024973962,-0.0018254113,0.00831122,0.001957316,-0.018972611,0.004146232,0.021266013,-0.0011667291,0.0011023979,0.022355858,0.002515388,0.006755443,-0.0010464521,-0.012162191,0.0057000634,0.0014255373,0.004078596
2014-07-03,0.016218074,-0.04228396,0.017167015,-0.025900757,0.033324722,0.010202059,0.018734165,-0.006690905,0.023652717,-0.0033029416,0.0035105038,0.003807162,-0.006900498,0.0059501124,0.008374811,0.016706647,0.045173913,0.0065619578,0.0019106077,-0.0026099791
2014-07-04,-0.0010641697,-0.0004352576,0.006592449,0.015839342,0.012395015,0.0064847255,-0.0015011161,0.03578642,-0.015492094,0.0210789,-0.12172815,-0.007371994,0.008258249,0.008587205,0.0069252052,0.013410145,0.009785903,0.0004686048,-0.00091197656,0.011766313
2014-07-07,0.013398058,0.04483079,0.0035516736,0.0030359086,0.006424307,0.00084817066,0.0052551953,-0.0012535877,0.00832388,0.0054714023,-0.0019832447,0.015538409,0.00042228994,0.017469302,0.0018954212,0.00026787666,0.022105549,-0.013608899,-0.023017295,0.0010003379
2014-07-08,0.0032247682,-0.011919176,0.023609731,0.0014292153,0.014764515,-0.0054621547,-0.0017666421,0.00811903,0.012964001,-0.0058791284,0.016700063,-0.005995169,-0.000118293276,-0.009361099,0.0006978476,0.010378104,0.01656088,0.015258635,0.016971212,-0.01486738
2014-07-09,-0.008171955,0.10212338,0.00025286947,-0.0070394524,-0.009966608,0.0,-0.00026802914,-0.0039236625,0.011766544,0.0033583178,-0.005114176,-0.015616445,-0.0061202757,0.018376116,-0.003215088,-0.009791682,-0.010487698,0.0124539,0.0026209946,0.009989018
2014-07-10,0.0068781264,0.046429582,-0.013756713,0.009094149,0.008206574,0.013193234,0.024077406,0.0024484915,0.012772445,0.008294554,0.092538886,0.01974731,0.0,-0.046272695,-0.014343223,0.034534447,-0.0006716123,0.009828025,0.0033352564,0.009422161
2014-07-11,0.0025898363,0.008014751,0.023121836,-0.0032159046,0.009957954,0.0061270287,-0.029914895,-0.0009241436,-0.037607837,0.010637131,0.016257938,0.0017349911,-0.010422198,0.0058192713,-0.0038940266,0.015485931,0.0015045898,0.006824619,0.0063703186,0.010954874
2014-07-14,0.008146804,0.003628204,0.00439137,0.021194583,-0.004070867,0.0017473457,-0.0039129993,0.04127951,0.042763036,-0.023505839,0.024592442,-0.014480337,-0.008087444,-0.0032304283,-0.0008674451,0.0,0.004626474,0.0032662663,0.00026608605,-0.007592712
2014-07-15,0.010865162,0.003224646,0.001826036,-0.009095796,-0.015001332,0.0066177957,-0.0054964432,-0.021575863,-0.028456498,0.008093652,-0.008174305,0.01023777,0.011800607,-0.0031261987,0.015313428,-0.0049425075,0.00806277,0.0005531691,-0.008373209,0.0012979247
2014-07-16,-0.018504735,-0.010254298,-0.008689414,-0.0024508457,-0.016492562,0.017017711,0.0136003215,-0.003616912,-0.009426971,0.010241716,-0.002560598,0.008284112,0.019381598,0.037702408,0.005103286,0.0062001343,0.00027266648,0.006071411,0.012973872,0.01515556
2014-07-17,-0.0005495145,0.022750847,0.0145670185,0.104515284,0.0006761651,0.0023352199,0.0017788374,0.0018451592,-0.032959394,0.003956754,0.011169093,0.005530714,0.019676303,-0.02451262,-0.006746377,0.0027560017,0.00503169,-0.005999788,0.01003981,-0.015957745
2014-07-18,0.0011686631,-0.022722935,0.021060705,-0.022175638,0.014908782,0.00095070293,0.014686763,0.008366187,0.0047565126,-0.008393719,0.0020407448,0.008404958,-0.00812396,-0.005191241,0.013858077,0.0076055913,0.00016922821,-0.0027275018,0.0113848,0.024868151
2014-07-21,0.007420301,0.006358467,-0.0010957969,0.03221534,0.01847561,-0.023725772,0.0029008298,0.019332211,-0.0062598726,0.0015160406,0.0007066205,0.010972722,0.008549508,0.00220047,-0.0068833604,0.034118593,-0.021733603,-0.007692156,0.0050101303,-0.0010262519
2014-07-22,0.013510731,-0.0101123955,-0.0036004994,-0.02466996,0.010153446,0.016570164,0.011815976,0.009168134,-0.007126271,0.009209006,0.005728168,0.003091997,0.01159353,0.013794399,0.0047720303,-0.012150032,-0.024878735,0.01783266,0.011102979,0.0007371028
2014-07-23,0.010606526,0.007911954,0.005733699,-0.0011202171,-0.006940682,-0.0020234599,0.001567101,0.025105169,0.0,-0.0014497638,-0.00053700234,0.0066521442,0.016594881,0.018709648,0.014150667,0.014106135,0.009495032,-0.028371362,-0.031746503,0.06311941
2014-07-24,0.0058741337,-0.004794895,0.007157758,0.0052668336,0.008374499,0.0028950197,0.0042525255,-0.00032085626,0.032745097,0.0025765097,0.037553966,0.0004034524,-0.013034841,-0.015828317,0.0018825816,0.0040115905,0.047448583,-0.0032387846,0.0007652535,0.0010375588
2014-07-25,0.0014192398,-0.015835797,-0.0037418096,-0.002973218,0.0016831394,-0.005872064,0.0,-0.0050074877,0.0029156671,0.0037407146,0.0,0.0031511807,0.008106252,-0.0002409458,0.008794576,0.005580525,0.00022103048,-0.0045998,0.012944379,0.010419564
2014-07-28,0.014557601,0.03129805,-0.0060280324,0.010797624,-0.0010140007,0.0023391536,0.00028316263,-0.01108944,0.03593647,0.00811596,0.0010014793,-0.00085752003,0.010450193,0.030724986,-0.00034943345,0.0137674445,0.0118845785,0.0207522,0.011086473,0.021907726
2014-07-29,0.0055964123,-0.0018664051,-0.0010705404,0.010982564,0.011188559,-0.02504235,0.0066894465,-0.003326589,0.009839809,0.013716883,0.0044787084,-0.00019232692,0.002222685,-0.01855473,0.008248108,0.008369889,0.03375087,-0.0016469766,-0.007585697,-0.0047134315
2014-07-30,-0.0005584193,0.015371638,0.010982362,0.100762285,-0.023174373,-0.0036383225,-0.005736526,0.0039187353,-0.014366706,0.007637038,0.009741857,0.011582864,-0.0013084952,0.043557376,-0.008950996,0.0035092186,-0.012511508,0.014960395,-0.001043272,-0.0018058926
2014-07-31,-0.00015376104,0.00093201565,0.012245607,0.0016852956,0.028842948,-0.0011286983,0.006226846,-0.0019773815,-0.043573283,0.00155801,0.010024578,0.0027251465,0.0028206152,-0.00035269762,0.007846434,-0.015182757,-0.0042634252,-0.0057115997,7.266157e-05,0.0107775
2014-08-01,-0.05051685,-0.05293104,0.0040624514,0.0031299626,0.0042183166,0.0022916384,0.006194202,0.023358535,0.04548337,0.007487851,-0.0034128253,0.0030758022,-0.015547184,-0.0055317907,0.006979313,0.0008364282,0.005216566,-0.007452703,-0.0072367205,0.016644558
2014-08-04,-0.013125889,0.0025300554,-0.00086298026,-0.0027125392,-0.00490171,0.0012191844,-0.029778656,0.0027981275,0.0,0.012885868,0.0,0.005019604,-0.0022476777,-0.03367219,-0.013089313,-0.033760935,0.016177487,-0.013473543,0.0068388963,0.008178776
2014-08-05,0.0054499856,-0.013664271,0.004448306,0.008390686,0.011833005,0.014379527,0.00093274406,0.004256439,0.021015055,0.010142921,0.0025595608,0.00064712664,-0.010630146,-0.015015357,-0.014240722,-0.035355255,0.034872644,0.038831323,0.005553017,-0.00070337445
2014-08-06,0.008196908,0.026924375,0.0016927754,0.024610074,-0.009172348,0.000827055,0.00027949072,0.012084419,0.037532687,0.006479434,0.010456916,-0.010599154,0.010071263,-0.0067433813,-0.007556826,0.005191772,-0.012447595,0.007001081,0.03957041,0.008082885
2014-08-07,0.0059385877,-0.00090364163,0.0047304695,0.0188132,0.009496007,0.016544541,0.008956081,-0.0038510722,0.08252393,0.011162938,0.003846384,0.0024942318,0.014073395,0.016695857,-0.014600848,-0.00038153506,-0.0065155877,0.0,0.003152239,-0.00026019357
2014-08-08,-0.008443331,0.022339059,0.0054520946,-0.00029587932,0.0005211363,0.01988466,-0.016427042,0.010975638,0.011243979,0.008181783,0.0025906868,-0.0008997123,0.0,0.0027455126,0.016626447,0.027488263,0.0034230335,0.009563951,0.01322594,0.0044533177
2014-08-11,-0.010736701,0.030671129,0.012889055,0.013132336,0.005533541,0.0053557935,0.0012019392,-0.041622747,-0.01813197,0.003047552,0.0,0.0060232203,0.014681282,-0.038145,-0.004959895,0.01094819,-0.11922004,0.010882242,0.024219003,-0.05480916
2014-08-12,0.0002827019,0.0073631858,-0.023799285,0.009923706,-0.022435904,-0.008422244,0.004828923,0.037834495,0.00231377,-0.0010733659,-0.0365203,0.00089027366,0.0022082394,-0.018390385,0.023115706,-0.00031997717,0.023545492,-0.0011265643,-0.017107518,0.0057411785
2014-08-13,0.011445143,0.018779041,-0.0020264795,0.013856123,0.004750093,1.4583131e-05,0.0048631937,0.010842108,0.0023335596,0.005820577,-0.012420705,0.01358749,-0.0018108378,0.07501313,-0.003772682,-0.00087743666,-0.031548586,-0.0009300643,0.0053736353,0.0065222955
2014-08-14,0.015284006,-0.02137396,0.0036388952,-7.355644e-05,0.015948338,-0.0010845402,0.016544884,0.02304575,-0.001977495,0.014584465,-0.0007617835,-0.012369739,0.00015360881,-0.004935261,0.020978292,-0.044495318,0.028574118,-0.0010110695,-0.0017613068,0.012842004
2014-08-15,-0.020239761,0.0070990906,0.008900732,0.008306615,0.008076121,0.008369485,0.003091115,-0.033598036,0.018684518,0.0016464595,-0.028849397,0.008351362,0.0035983876,0.0302832,-0.0031939296,-0.009017634,-0.014176343,0.005928128,0.0063382275,0.02229339
2014-08-18,0.0028455318,-0.10891767,0.0127554685,0.0029395365,0.0055489154,0.0035555027,0.0020433904,0.008607007,-0.00069929275,0.009642928,0.007340701,-0.007707916,-2.332061e-06,-0.0015860514,0.0075704996,0.0,0.0044211308,0.014899645,0.010852627,-0.010725556
2014-08-19,0.017535526,0.022691205,0.0018896762,-0.032462336,-0.0028282946,4.310837e-05,0.0036076668,-0.010456192,0.0069912523,0.00344683,-0.0033790527,0.06319119,0.0006907427,0.0041083246,0.006699241,-0.0074412595,-0.018518388,0.0049055237,-0.0014365779,0.012266338
2014-08-20,-0.009108567,0.022433005,-0.018750867,0.004067189,0.0065360954,0.008591635,-0.028615143,-0.010953406,0.0054806652,-0.0033773656,0.04290991,0.0016378937,0.001936859,0.0353025,0.0044619557,0.023465127,-0.012323405,0.0013795838,0.016431488,0.0008306268
2014-08-21,0.0030585325,0.0063368925,0.0071335416,0.0077095153,0.009909166,-0.0004363564,0.0029931339,0.011593167,-7.500099e-05,-0.0068752873,-0.012765632,-0.040750846,0.004204493,0.017964777,-0.0003467049,0.01208583,0.0030932284,0.0052621965,-0.011221018,0.0067420877
2014-08-22,-0.012656742,-0.006841369,0.022391861,0.008025698,-0.0017730887,-0.002509236,0.0028138668,0.0014515227,0.012256316,0.008487033,0.0043187873,0.022905027,0.0030006554,-0.018009264,4.628059e-06,-0.0027807315,-0.03127431,0.0017547513,0.010619656,-0.00868805
2014-08-25,-0.04222712,0.009497931,0.011908037,-0.0028872332,0.001524862,0.012741218,-0.010250791,0.0,0.043354332,-0.0076568034,0.0011875549,-0.0013141205,-0.0035862378,-0.003495713,0.012888223,0.0045453687,0.06256719,-0.019055674,0.004083635,-0.00018476238
2014-08-26,0.012223554,-0.0021063203,0.004636324,0.0005660409,-0.006342985,-0.0141295865,0.0016370235,0.021182775,-0.010438943,-0.00014003915,-0.07505241,0.010046616,-0.0013078614,0.01418336,0.0014662729,-0.0005279158,0.045212414,0.008290212,-0.0035431364,0.011494707
2014-08-27,0.010949543,0.037717313,-0.0038881612,0.004540073,-0.035167504,0.004118931,0.01867584,0.021176144,-0.004647925,-0.0053021456,-0.0045119994,0.0040372997,0.02009843,0.002988353,0.0037902005,-0.0029756685,0.023174906,0.012231291,0.002266803,0.005131429
2014-08-28,-0.032484073,0.009051459,0.005558748,0.0074302712,0.006374698,0.0055441223,-0.0075345477,0.0008923439,0.007157154,0.010837563,-0.0017251406,-0.0015010834,-0.0039333343,0.0061546657,-0.0029594202,0.001268209,0.0004214461,-0.0028085322,-0.02300907,-0.029507145
2014-08-29,-0.019178385,-0.00057087827,0.0009894082,0.001886373,0.003226245,0.0075264485,0.0075563467,-0.028944759,0.000848637,0.019582694,-0.106383696,0.008150816,0.00626663,0.01129118,1.5954702e-05,-0.0029233014,-0.011176502,0.0042487,0.0143344235,0.00938165
2014-09-01,0.012302473,-0.0034300848,0.0014838313,-0.0077008014,-0.008023836,0.004038661,0.007847916,-0.00536408,0.019518036,-0.00857283,-0.12556528,0.0,-0.0066140764,-0.0058854753,-0.023345664,0.0003933962,-0.023968268,0.006812574,-0.0006675912,0.013046235
2014-09-02,0.012236518,0.011070345,0.005252356,0.006920604,-0.023721447,0.0010738806,0.003163237,-0.011524528,-0.0271391,-0.0023558107,0.029187268,0.0067565017,-0.003330748,-0.0014037173,0.00085687207,-0.021803904,0.064627595,-0.0065505193,0.021212079,0.0024157218
2014-09-03,-0.01797741,0.0039345594,-0.003858349,-0.0037960857,0.012535756,0.00021463115,0.0062254374,0.0077680256,0.017267426,-0.003937665,0.06336664,-0.11375269,0.010886406,-0.0055992873,0.0,0.0,0.016566306,0.00397621,0.005401774,0.0050653014
2014-09-04,0.015366818,0.008389251,-0.00039967877,0.0015803447,0.013318431,0.005240787,0.015203784,0.015109325,-0.0009006664,0.0031530024,-0.0031172135,0.013602966,0.0028917075,-0.008357183,0.014893241,0.003629713,0.007076009,-0.003085552,-0.002998032,-0.0048762015
2014-09-05,-0.017461358,0.009529517,-0.0010864593,0.0055668373,-0.12759794,-0.0032945871,-0.024571046,-0.00023810896,-0.00040062796,-0.021305958,0.024639664,-0.0022443384,0.0058503496,0.008804266,0.002282876,0.076433726,-0.029880678,0.0036391702,-0.01268078,0.021780549
2014-09-08,-0.00043632093,0.017794745,0.00037576898,0.013722249,-0.0021461754,0.00028162886,0.011548697,0.016695818,-0.013080693,0.0027959072,0.0,0.0017615865,0.0030614557,0.013083977,0.0036561121,0.042499445,-0.0030670164,0.014891724,0.0064642457,-0.0077747223
2014-09-09,0.011350961,0.007305491,0.000936846,0.0022047106,-0.013580564,0.0073632835,0.01129197,0.0061058565,0.08471653,0.030928051,0.017627308,0.014109536,0.007158252,0.01947218,0.013478052,-0.01773002,-0.009219917,0.0070411377,0.0011979464,-0.0020512703
2014-09-10,0.02844954,-0.0022051986,0.00523696,-0.0013675666,0.06292512,0.009583433,-0.009419445,0.023600647,-0.020295491,0.006433926,0.0149901,0.0078845415,0.010880124,0.0038571178,-0.0015038794,0.004151972,0.00022874719,0.0049141063,0.01204681,-0.0044786064
2014-09-11,0.020391703,0.010913029,0.011407195,-0.07841814,0.007489032,-0.0007707513,0.0032364489,0.004968017,0.0,0.02123176,-0.013797307,0.009799131,0.0049117343,-0.013599953,-0.007638333,0.000993454,0.018700147,-0.012759799,0.0052204435,0.00036546847
2014-09-12,-0.013905112,-0.018071266,0.0026805678,0.010189739,0.02306182,0.010227316,0.0031067468,0.02316771,0.021149585,-0.024940772,0.010917746,-0.006669842,0.0042401217,0.0,-0.0015921006,0.010729027,0.0047711856,0.00036779686,0.0017238787,0.011325118
2014-09-15,-0.010234579,0.010002971,-0.012171601,-0.017357934,0.0,0.0,-0.0004536247,0.008680249,0.0,-0.002549039,0.019200202,0.014325206,-0.0007085038,0.0077074612,-0.008137823,-0.009166012,0.003399701,-0.0005501958,1.1190993e-07,0.0
2014-09-16,-0.00074682676,-0.0025384245,0.008205921,-0.0032174354,0.013034708,-0.0073814155,0.0049376404,-0.0019076602,-0.013110912,0.022270828,-0.005532834,0.0033599953,0.006332384,0.010161415,0.00939456,0.0047342973,0.014473515,0.006902137,-0.02457939,0.013087097
2014-09-17,0.0016537375,-0.012029576,0.0044702436,-0.011848878,1.509793e-06,-0.0015627049,-0.0040689292,0.007335095,-0.0035307873,-0.01068069,-0.0022857771,0.0046980833,-0.005328737,0.009869259,-8.1303064e-05,0.009759136,0.0060730046,0.003605808,0.005160243,0.0008548631
2014-09-18,0.010226078,-0.00013152354,-0.0027866464,-0.008535708,0.0014423698,-0.0143953655,0.0032825763,0.005283316,0.0038009104,-0.00327854,0.0065630586,0.013025356,0.0063109514,0.0024626283,0.009445075,0.009374414,0.038366035,-0.0031120772,0.0071509145,-0.0015623469
2014-09-19,0.0029249534,0.012671793,0.00272985,0.014954674,0.017813813,0.0,0.02519063,-0.0016042115,0.09876819,0.004831553,0.0047433483,-0.008367846,-0.015470538,-0.0009166061,0.014383233,-0.042667046,-0.013251912,0.0035179094,0.0052671055,0.023381887
2014-09-22,0.018636463,0.0046309396,0.0,-0.0011012628,0.01936832,0.020463033,-0.009604606,-0.008460126,-0.00056474283,0.022394307,0.022373362,0.017274747,-0.050550457,0.011313677,-0.0010472881,0.044646468,0.015161146,0.0012682034,0.0039368668,0.0073657613
2014-09-23,-0.002538436,-0.008537719,-0.0006305569,-0.0040415693,0.0024296013,0.011586934,-0.014647068,0.037635464,0.0068753683,-0.036319986,0.0063431715,0.0012012561,0.0932112,0.0044711614,-0.0587495,-0.006914641,0.00052666466,0.0011400492,-0.022924641,0.018641714
2014-09-24,-0.0033267608,-0.004387685,-0.0041316026,0.003304065,-0.0028294434,0.024801906,-0.0031113948,0.015468651,-0.012985914,0.012821771,-0.001016425,0.0036143984,-5.167159e-06,0.021099893,0.0070372936,0.0010202546,0.0054064617,-0.0010844595,0.015496506,-0.00230256
2014-09-25,-0.024565337,-0.0040736226,-0.00015833764,0.00076075766,-0.002267312,0.004877973,0.028942313,-0.0008911832,0.003209123,0.013662241,0.018510409,0.0074459305,0.0070241205,0.011736478,-0.023071123,-0.011264405,0.008061047,0.0054112636,0.028122192,0.008535504
2014-09-26,0.009738716,0.007201622,0.0021139393,0.017456833,0.0008261781,-0.017030928,0.010579699,0.0013631904,-0.056753676,0.0042971144,0.02219617,-0.022407869,0.012751599,0.021268379,0.0069486103,0.003050044,-0.0005724174,0.0013234103,-0.012282585,-0.0035298115
2014-09-29,0.0044385963,0.022861829,0.017337434,0.039603233,0.007861597,-0.011822181,-0.008432618,0.014951927,0.03343633,0.009388309,-0.0005194677,-0.0080909105,-0.0011495167,0.0035752575,0.015621737,0.0021541612,0.0,0.0064214645,0.010037569,0.008052696
2014-09-30,0.021849452,-0.014639728,-0.024957012,0.013400644,-0.0027409166,0.038210075,2.729362e-07,0.006067824,-0.005041534,0.014962122,-0.00752312,0.014764961,0.003127811,-0.010312019,0.012831838,0.0134833045,-0.010066615,0.001721352,0.00969979,0.017132608
2014-10-01,0.014031576,0.01035059,0.004088824,0.0101143345,0.008584677,-0.0050290315,0.025796527,0.016402252,-0.012572855,0.0025269685,0.006224443,0.004114044,0.014032492,0.0104458025,0.0064878114,0.018570628,0.011393662,0.01701815,0.017287081,0.0028097115
2014-10-02,-0.0019071677,0.013655851,0.00092466915,0.019322576,-0.008130467,-0.015854966,0.0068906005,-0.0014622502,0.0061569978,0.013799047,0.0,0.012464168,-0.017666487,0.0028025971,0.01309142,0.0003763649,0.0,0.006573171,0.009364475,0.006565125
2014-10-03,-0.0013209352,0.009997742,0.024758691,-0.01023272,-0.009624326,-0.008209908,0.014816225,-0.008136345,-0.023788344,0.0021496061,0.002728236,0.021015605,-0.004928984,0.0034494898,0.012770383,0.006825784,-0.0020379913,-0.0069058053,-0.00043412927,-0.010760226
2014-10-06,0.0028710596,-0.0009270907,0.014876298,0.013983753,0.0048430967,-0.006550859,0.011813141,-0.0017943246,0.0390366,0.0026004415,0.026808567,-0.005540152,0.00424077,-0.005651487,0.0005284659,0.0052779135,0.0018002862,0.013247355,-0.0017152813,-0.007341119
2014-10-07,0.0005841866,-0.0022035893,0.0071963686,-0.012114443,0.0008032629,0.022410145,0.020167232,0.053614892,0.009596378,-0.0070002293,-0.010165289,0.0027980248,0.0075821998,0.0070382887,0.0002728514,0.009989995,0.0074861925,0.0,0.002456653,0.01601187
2014-10-08,0.0070067276,0.014554005,0.0022193505,0.01643694,0.0030271818,0.038711943,-0.0036013834,-0.010403544,0.017100211,0.0017763515,0.012771161,0.00022522271,0.009133794,0.017756302,-0.0036510546,0.0028647087,0.002518548,0.0041427915,0.0016442367,0.008502748
2014-10-09,-0.0057883505,-0.0004020778,0.004830707,-0.10468145,0.0013301993,-0.0005757745,-0.003716086,0.023252644,0.0071568526,0.009536049,-0.0028970412,0.003530871,-0.0008182307,-0.042946946,0.0017180704,-0.0037603388,-0.014907418,0.01377058,-0.0012392468,0.005645445
2014-10-10,0.011791759,0.005153008,0.0118020065,0.03435048,0.015725408,0.0036601857,-0.0123528475,0.0009995127,0.010140776,-0.0019993028,0.0052880184,0.0023456395,0.0034510118,-0.0014022515,0.002426342,0.0045038094,0.0016489606,0.013796709,0.026363852,0.018363677
2014-10-13,0.012824241,-0.013087934,-0.00032788346,0.009261504,-0.001280226,-0.020795947,0.010854768,0.010402659,0.007155217,0.006583588,0.009246602,-0.0012721559,0.00023628556,0.0049232757,0.008788784,-0.023432476,0.01122412,0.005597984,7.989182e-05,0.017651554
2014-10-14,0.012135025,-0.0017604043,0.014967682,0.01120701,0.01112144,-0.00071534875,0.0091027,-0.011194928,0.017077852,0.0022736918,0.021297853,0.017688135,0.017968122,-0.0057917996,0.008585408,0.014183409,-0.015061796,0.0014144432,0.0029195324,-0.0024106007
2014-10-15,0.0041994876,0.0154532455,-0.0013806778,-0.011816842,0.0034156372,-0.023883782,0.010354754,0.0019979735,-0.009047554,0.008514743,0.002917917,-0.0013108588,-0.001048413,0.0050531765,0.0051252088,0.010911427,0.009148745,0.007939775,0.01191324,0.0
2014-10-16,-0.0024026951,-0.00029751984,0.013722579,0.005833665,0.00016121965,-0.02858646,0.00018469902,-0.0052791093,-0.012507228,0.001030156,0.011669941,0.013158529,0.01461986,0.0012528779,0.002352884,0.007520456,-0.0019834794,0.00066846155,0.02274053,0.005375244
2014-10-17,0.014144658,-0.0093391845,0.0063928077,0.0051651043,0.0023143848,0.009732776,0.0036206888,-0.016927404,0.0019089986,-0.0032163146,0.02882063,-0.01147565,0.00087095256,0.026231889,-0.009876726,0.009703452,-0.015645495,0.012231029,0.004313138,0.0038231534
2014-10-20,0.0,-0.00014717312,-0.0030333858,0.028849933,-0.0055486467,0.008253294,-0.00022242636,0.01132112,0.008485864,0.004275645,0.0069416133,0.009111542,0.015540072,-0.0006309376,0.0001429191,-0.0064651757,0.0023651007,0.0044953856,0.005553931,0.0073162005
2014-10-21,-0.0035790429,-0.0008172004,0.014656912,0.008565974,9.06244e-07,-0.12278963,0.0012214016,0.007014496,0.0,0.012598706,0.0011079035,0.002491087,0.034626044,-0.003158849,0.0058641657,0.013941915,0.0016399203,0.0048536235,0.0,0.008482697
2014-10-22,0.0061975853,0.01091407,0.00715114,-0.0102420105,0.014750077,0.0015489797,-0.0067838947,0.0042539877,-0.012524651,-0.0307372,0.0010854356,0.0006072904,-0.01403093,0.008998209,0.00046720955,0.00037813772,-0.013259025,0.006425684,0.004198182,-0.010668753
2014-10-23,0.0047661406,0.011172411,0.016025383,-0.01652572,0.0010959131,0.044039685,0.023362124,0.013970744,0.011178308,0.0074363383,0.011258089,0.002931568,-0.010897025,-0.07759098,0.008385619,0.0071664723,-0.007933992,-0.016990576,-0.014658512,0.015993977
2014-10-24,0.008790019,0.009561613,-0.006421142,0.004013599,0.0150768105,0.002877203,-0.011913351,-0.004726591,-0.00050786254,0.017901873,-0.017263612,0.012362037,0.005139543,-0.007103204,0.0010963246,0.013835924,0.005186236,4.582993e-05,-0.0006977566,-0.009467197
2014-10-27,0.0,0.0015068717,0.0054333746,-0.006441586,0.00021092549,0.011549999,0.017429693,0.009096287,0.010129898,0.00013803074,-0.0066428194,0.0008073666,-0.004236465,0.007367829,-0.00035852502,0.0030068895,-0.045528628,0.005369165,0.009888268,0.0044657686
2014-10-28,0.0051877135,0.000520365,0.0030558207,0.085110515,0.0047636135,0.03616906,0.014721914,0.02179388,0.035116456,-0.0028825067,-0.024652146,-0.00015760148,-0.0010191272,0.014851945,0.00052584184,0.0012815633,-0.0020757916,-0.0038651093,0.0011015391,0.0065621347
2014-10-29,0.001811235,-0.0074258833,0.0036312637,0.010876009,0.0022048897,-0.02940492,0.023902653,0.0023220193,0.0,0.0037147214,0.00019508592,-0.007835536,0.0039297994,0.018807886,0.006199724,0.0029514323,0.009952368,0.010686966,-0.0009252002,0.0051946896
2014-10-30,-0.0050611612,0.00059002114,-0.002173423,0.008467221,0.008085961,0.016225295,0.00029858176,-0.01882124,0.0023835872,-0.0019940245,0.008800699,0.016121551,0.0,0.015244933,0.003729211,-0.010220408,0.0032445416,0.0075402874,0.0018496581,-0.00076234934
2014-10-31,0.0,-0.005113531,-0.018144809,0.0005220889,-0.0025838714,-0.0036904006,-0.021141933,0.021893915,-0.0030450658,-0.02985854,0.0192239,-0.0035224333,0.0020455176,0.0067685535,-0.0015832182,-0.029804885,-0.017784363,-0.008110592,-0.00089414784,-0.00013681965
2014-11-03,-0.013024882,0.005196974,0.009666849,-0.020630125,0.017617647,0.0019142322,0.0029910542,-0.003602238,-0.0061055673,0.037936177,-0.0057860455,0.008047383,-0.0021506085,0.0027799883,0.0061459173,0.019542709,0.06285598,-0.012635178,0.028852895,0.003082879
2014-11-04,0.00032840087,-0.00056715467,0.0019526172,-0.00010365471,0.012917463,0.025315275,0.0077319406,0.0001649792,-0.0018596881,-0.007460363,-0.0348262,0.0,0.008576366,0.012440282,-0.0008693822,0.018547045,0.0005528415,0.0059912046,0.0020837535,0.011813714
2014-11-05,0.014407423,0.007172368,0.013158574,0.012237639,0.004458902,-0.0050808243,0.009476207,0.042503573,0.00930739,-0.0024558841,-0.011786891,-0.032793943,-0.0030296673,0.022608642,0.00569316,0.009802487,0.0060406066,-0.0064747813,-0.0060396404,0.011834825
2014-11-06,0.0,0.0014198687,0.0072711557,0.04701161,-0.039657846,0.001538639,0.007408292,-0.029980002,0.007842916,0.017260795,0.017335448,0.0014898799,-0.002046381,0.0017270475,-0.0016656568,0.0066629,0.019392924,0.014286809,-0.0007733921,-0.00046192293
2014-11-07,0.0029040836,0.00027030217,3.8054615e-05,-0.00073861366,0.007140318,0.010926216,0.005013545,0.0030365644,0.003367067,0.014332749,-0.005055155,0.012629383,0.016653765,0.000227695,0.00075553823,-0.0015081447,0.0,0.0080479095,0.0014357034,-0.0019814933
2014-11-10,0.00385939,0.0062540686,0.0030177312,0.013843768,-0.037802458,-0.01308249,-0.0040458916,0.013698908,0.012634479,0.000475329,0.012593194,-0.0026423016,-0.0004565838,0.0032793581,0.0101644145,0.00035336512,-0.0042073242,-0.00023230021,-0.0055080815,0.0006982687
2014-11-11,-0.00074103626,0.011684006,-0.0017198866,0.002071502,0.016273864,-0.007316198,-0.008673753,0.038202316,0.0037631167,-0.0024151176,0.013732545,-0.0007027551,0.005728598,-0.007383529,0.002746791,0.022226607,-0.016282668,0.00072515244,0.00017090171,0.009226145
2014-11-12,-0.0010382843,-0.023228904,0.015196364,0.009567982,0.0016273216,-0.0030717205,-0.00053896266,0.005533727,0.014751249,-0.029374233,0.019542795,-0.0013865611,0.0067432886,0.0010698115,0.010806369,0.0,0.0029957357,0.0032960665,0.008381811,0.009928208
2014-11-13,-0.008531798,0.0073981863,0.0065211393,0.009027312,0.0028218976,0.018494375,-0.0036672014,0.0063857967,0.010389665,0.03920555,0.033584777,-0.0065505123,0.0034034678,-0.031671654,0.008222637,0.01968167,0.014009653,-0.013106336,0.010251734,0.007605646
2014-11-14,0.012877063,0.015795954,-0.0030346622,0.0027651319,0.014985592,0.022261564,-0.00054962805,0.011858909,0.0038761168,0.030274391,0.0,-0.0024481355,0.0108849,0.041075774,-0.008353873,0.005880049,0.0026419624,0.0058818893,-0.0024710281,-0.0075898133
2014-11-17,-0.0017498333,-0.0036484755,0.013655068,0.006640353,0.013941043,-0.0019891479,0.005514571,0.014805448,-0.0032892036,0.003714724,0.024188219,0.0026074543,-0.008939405,0.022004474,0.011942055,0.0016997714,-3.6655174e-06,0.010676361,0.0034111284,0.0044385386
2014-11-18,0.004698861,-0.001998709,-0.004164436,-0.0030152877,0.0140628815,0.004036759,-0.0073387013,0.008849715,-0.0006463649,0.0065531656,0.003715429,0.006449936,0.0031557512,0.0012075526,0.007879669,-0.00039271632,-0.003686268,0.0,0.0009367792,0.0045564724
2014-11-19,0.012240625,-0.00010806844,0.0023234799,-0.008903434,-0.0037638796,0.012759325,-0.0069889226,-0.015814418,-0.00020221692,0.0032052759,-0.0025848716,0.0018658806,0.008950224,-0.00044012963,0.009622655,0.004065171,0.0069577936,-0.007527642,-0.006524259,-0.0075165858
2014-11-20,0.0081684245,-0.0015723674,0.006935476,0.0029204818,0.013521157,0.024251778,-0.0027494181,0.005521004,0.007153726,0.016166048,0.005815018,-0.0038506025,0.00030424458,0.02882799,-0.0020842403,0.0036089988,-0.00025375222,0.0042680986,0.0030678743,0.01046347
2014-11-21,0.01378985,0.0017917347,0.007289185,-0.002423496,0.0062893173,-0.04900439,7.1026145e-05,-0.0024167942,-0.00426558,-0.027771696,-0.008571408,0.0043684714,0.013541706,0.008566837,0.0035688104,-0.0055155884,0.006824526,-0.0050229765,0.0037188353,-0.0035988246
2014-11-24,-0.019077042,0.0026722106,-0.0035953152,-0.0041764686,0.013055426,0.025737632,-0.04204563,0.008252248,0.0018993454,0.0031309451,0.008394322,0.0067725442,0.013793679,0.008152467,-0.023933573,-0.010056949,-0.003670533,0.004081359,0.0023351351,0.0025387134
2014-11-25,0.005424059,-0.015116335,-0.0029783861,-0.009602485,-0.002823814,0.0037279956,0.0053085857,0.005478969,-0.018374722,-0.0020455022,-0.020701978,0.0022157878,-0.0016104071,0.0,0.010474977,0.006483541,0.019478979,-0.0064055766,0.0009461605,0.0025868188
2014-11-26,0.0027272403,0.01770856,0.00801573,0.024022784,-0.003752201,-0.032789554,-0.001509915,0.009856509,0.005878608,0.0026357798,-0.014343425,-0.014598925,0.000116744544,0.0014398291,0.006244381,0.0068639102,0.009012069,0.0051519996,0.008133839,-0.002472866
2014-11-27,-0.0019111484,0.0008784863,0.0056263213,-0.016271379,0.006557113,0.0011888216,0.025923774,0.012975096,0.017353624,-0.0072267796,0.00046340027,-0.014169329,0.0026045959,0.004413224,0.0054046274,0.011968767,0.007151117,0.012813965,0.008312228,0.01155642
2014-11-28,0.0129080545,0.029238027,0.010724786,0.039119434,0.0018425972,0.009692478,0.033499483,0.011772778,0.0071654217,0.004786393,-0.033593174,-0.023294058,0.0040265634,-0.0030477338,-0.00091227127,-0.0058791125,-0.005004822,0.015420759,0.00049181725,0.0045188405
2014-12-01,0.00036356488,-0.0005945955,0.00027255862,0.007843356,0.00028351412,-0.0049566473,0.0039507453,0.010439529,0.008764484,0.033922616,0.03917516,0.005980079,-0.014451588,0.010998175,0.013206213,-0.00013209673,-0.0036494771,0.011908107,0.003886492,0.0052595064
2014-12-02,-0.0017593964,-0.00011108968,-0.010263771,0.018779693,0.0,-0.006275653,0.010196943,0.0002844493,0.0031862792,0.0032568693,0.005886696,0.0036340076,0.013545271,-0.0030384595,0.0003778916,-0.0146058155,0.006550684,0.0003555556,0.00380626,0.001987193
2014-12-03,0.010858273,0.0253857,0.013511199,-0.0010375625,0.011892371,-0.0028546979,0.0025112743,-0.0029592158,-0.011378178,0.0063305716,0.004590358,0.030851373,0.00079136866,0.0047643953,0.0015008166,0.016380241,0.0058261994,0.0036751458,-0.010186762,0.012759608
2014-12-04,0.0065000374,0.0052486383,-0.004508367,-0.0004774814,0.008378293,0.018528797,-0.030329973,0.019172698,0.0012979,0.0054690903,0.006436275,-0.00040126473,-0.02161083,-0.0067894496,0.0019719282,-0.0030219357,-0.014943755,0.008482133,0.008029597,-0.0028607866
2014-12-05,0.008013711,0.002675237,0.0015707794,-0.009792641,0.016492732,0.023020094,0.0029008833,-0.0062908847,0.008177344,-0.006489282,0.009383238,0.006541329,0.013830002,0.0063064746,-0.006822829,0.0013874329,-0.0066949194,0.003599063,0.015625771,0.0019844626
2014-12-08,1.936317e-05,0.0,0.0014835033,0.0149026755,-0.00093474815,-0.00076834165,0.0092181675,-0.00745761,0.017347744,-0.014281111,0.014662502,-0.0005552329,0.004796316,0.0,0.013746008,0.024302999,-0.0032068035,-0.015079075,0.0036044328,0.00568537
2014-12-09,0.004834017,-0.0030953588,0.0,0.0033006913,-0.002703708,0.00203514,-0.019040415,-0.00089506095,-0.029837484,0.013077995,-0.039837252,0.009413288,-0.011239896,0.0025206967,-0.0028065334,0.0031561693,-0.0048830225,0.016653636,-0.0076430202,-0.002330288
2014-12-10,0.0098739695,0.0033143861,0.0056413715,0.00071814057,-0.015052188,-0.0077545987,0.03397041,0.006426491,5.1512772e-05,-0.017502604,0.0016544166,-0.03005506,0.011280555,0.016784437,0.0014803895,0.004443195,0.020611355,0.0083462,0.0039448035,0.0038147953
2014-12-11,0.002278156,-0.0037685835,0.0038724372,0.021014148,0.0017190402,0.038091715,0.0009390798,-0.003716346,-0.026203264,0.0011892609,0.010497591,0.019694474,0.0010094736,0.00768917,0.002008434,-0.0036721835,0.0019312302,-0.00012929636,-0.0012990569,0.0028759693
2014-12-12,0.006872009,0.0060577695,-0.00223217,0.0013022685,-0.016295418,-0.010742962,0.009808885,-0.0037298992,0.013422987,0.0071513383,0.02235898,0.00042976864,0.003304188,0.0067826575,0.0018019599,0.012166348,0.00034361947,0.004557378,0.0048571615,0.0045080567
2014-12-15,0.0049544917,0.008191935,0.00391668,0.01071536,0.01225141,0.00025689142,0.002809189,0.0035683312,0.01722298,0.0074562514,0.00581579,0.0013852629,0.00040899095,-0.00018203464,0.002821949,0.017158203,0.008533686,-0.0013936714,-0.0063129105,-0.0019963207
2014-12-16,-0.0017524462,-0.0023886068,0.009669926,0.0076603186,-0.0048890584,0.0047565913,-0.0043463544,0.008577397,0.008496062,-0.03117324,0.02975264,0.016727386,0.016254272,0.009773496,3.2182772e-05,0.017216882,0.00078203576,0.0013064591,0.006517616,0.0032972721
2014-12-17,0.0064034304,0.0065154317,0.008678224,0.0049575926,0.017176984,0.01306565,0.0134499455,-0.00089358736,-0.0015087931,0.0033609618,0.0055654133,-0.005674727,-0.007571199,0.0011428088,0.0036042247,-0.0075843954,0.026159396,0.0016481961,0.0008308617,-0.0007316811
2014-12-18,0.0,0.013695114,0.0017321021,-0.0048413384,0.006156299,0.011689743,0.0030284342,-0.0008561766,0.015413615,-0.01577106,0.009997404,0.0077273385,-0.0068932525,0.002844137,-0.009568216,1.3807236e-05,0.0041484456,0.0040504034,-0.019902429,0.0065330346
2014-12-19,0.03922971,0.054090854,0.0055975965,0.013388827,-0.039733533,0.01936114,-0.016683195,0.017275484,-0.008217615,0.0070937574,-0.0030275432,0.001786062,0.011495562,-0.0027978097,0.007209843,0.0021129695,0.0047495323,0.006153392,0.07466979,-0.003983535
2014-12-22,-0.0010206689,-0.0013210756,0.0012089515,0.011782448,-0.0019521939,0.0019357995,-0.008314283,0.007720835,0.006030762,0.03668733,0.02697781,0.01687973,0.005806033,0.008045898,-0.0011166699,0.0052624224,0.003805397,-0.030633068,0.01018122,0.015299335
2014-12-23,0.0,0.015621165,-0.0023754924,-0.0015440086,0.019366592,0.010145425,0.004614602,0.010143912,0.01353253,0.0022966638,0.0,0.0767315,0.005248422,0.007865715,0.022374274,0.00035340857,0.010143081,-0.0029353567,0.0009861414,-0.03256279
2014-12-24,-0.0028741418,0.00529191,-0.0021511533,0.006846879,-0.0037667782,-0.015318523,-0.0053215767,0.0025814513,0.010220855,0.011079716,-0.043673802,-0.014972839,0.006399234,0.022137074,-0.0008940605,0.0004125934,0.008770927,-0.00052772043,0.024810275,-0.0021777956
2014-12-25,0.020810816,-0.0134499585,0.0048721135,-0.0037277846,0.033435646,0.0069628647,0.0030016468,0.004311393,0.0004929886,0.004456663,0.015609309,0.034060415,-0.019056596,0.021260358,0.0036206571,0.009140148,0.0048458893,0.015100582,-0.001775684,0.008923443
2014-12-26,-0.020403935,0.011067782,0.014572779,0.01708371,-0.010511031,0.0060501033,-0.12181449,-0.0003528537,0.0,0.007185556,0.0036940314,0.0,0.0069790813,-0.00084447354,-0.037251342,0.008637297,0.002584227,0.0010440787,0.0005265893,0.008315773
2014-12-29,-0.009697787,0.013909264,0.0018980381,0.0066527124,0.0020068516,0.011424837,0.009940828,0.01497153,0.0020319012,0.009502898,-0.05176698,-0.008811571,0.010513383,0.0013025946,0.023767041,-0.0010040676,0.008030005,0.005356191,-0.011819396,0.038738113
2014-12-30,0.021342384,0.0030629174,0.006482041,0.0007282052,0.0034731454,0.017249908,0.0034322639,-0.0017187881,0.010068329,-0.018522562,0.001567748,0.0071571823,0.008161565,0.01056378,-0.013863274,0.0027833674,0.0017366626,-0.00029128874,-0.013540098,0.002885441
2014-12-31,0.01176942,-0.014374645,-0.018822646,0.01317132,0.0,0.0082240105,0.03490586,0.0032014055,0.00081653916,0.012903209,-0.0028959364,-0.03029095,0.002988574,0.010152613,0.0025385201,-0.0033235846,0.0055128364,-0.0032392556,0.0042712493,0.013704109
2015-01-01,0.016688349,0.011519802,-0.0004410195,-0.024102304,0.014871637,-0.00036790947,0.0039833193,0.0055012302,0.004382328,0.00836999,0.017891778,0.03285726,-0.0007462248,0.016513389,0.0063942317,0.012221472,0.016808394,0.0037029258,-0.00547393,0.008209526
2015-01-02,0.021897715,0.0013739977,0.01622884,-0.0005729368,-0.0025706403,0.001892314,0.0073930495,-0.0075365943,0.014921293,0.0012921373,0.0,0.0023693233,0.01063566,-0.013659566,-0.0053794887,0.0,0.0031589442,-0.00056152674,-7.588877e-05,-0.015428806
2015-01-05,0.0017043287,0.0069958037,0.0015711637,0.0024540094,0.022590175,-0.007503423,0.0017345602,-0.019652594,0.015284726,-0.0034335286,0.044958074,0.010964152,-0.001065763,0.0056492146,-0.0027575258,0.003166479,-0.0047464897,0.02908479,-0.0014985973,-0.00634081
2015-01-06,-0.01520387,0.03531234,-0.015997477,0.006029134,-0.001076186,0.010143311,0.0,0.00589703,-0.016428635,-0.029771717,0.013733994,0.015383669,-0.0005144719,0.0034883649,0.000118313335,0.011085034,-0.0020209649,0.013085366,0.013103701,0.016286898
2015-01-07,0.0025237417,0.0,0.008333396,0.009276706,0.014878747,-0.042381737,-0.054784883,0.010209431,-0.017451921,0.0009002041,-0.0021586653,-0.12326138,0.0017372981,0.014945486,0.012589514,-0.008492365,-0.0002636462,0.012776118,0.0045136893,0.022725474
2015-01-08,0.045975666,0.0022164138,0.0073541515,0.013184866,0.0077198865,-0.015044184,0.008489756,0.016238667,0.0053813197,0.011778699,0.007646938,0.083942965,-0.008430974,-0.00454587,0.0277161,0.0037020207,-0.0010305083,-0.006178698,0.016696976,0.038255777
2015-01-09,0.02934305,0.00770023,0.0,-0.0046937726,0.0011442859,0.029573726,0.00891764,0.001188226,0.0032765556,0.0056646066,-0.12745552,-0.001163349,0.005411142,0.0063945255,-0.0085562775,0.0013209175,0.021077963,-0.0013585667,-0.0033377132,-0.0021753057
2015-01-12,-0.0033969178,0.01820641,0.00075524556,0.001029483,-0.00044419218,0.015893944,0.0099990675,-0.008443911,0.016728044,0.012623081,0.0051887897,0.020030294,0.004780786,0.009053821,-0.0025079276,0.0033765042,0.0060757403,0.025467794,-0.010195954,0.030916855
2015-01-13,-0.01226704,0.0024332474,0.0031453304,-0.01435402,-0.055064064,0.0036480317,0.0013675115,-0.0027735797,0.0012794782,0.016871,-0.005516245,0.017278109,0.001298841,0.0011997146,0.009375791,0.0049106777,-0.0045825494,0.0042990423,0.0047690654,0.0043137013
2015-01-14,-0.024907941,0.00023340595,0.008424532,0.016705755,0.03281037,0.0071213543,0.013727767,0.0038680327,-0.0005803809,-0.0017957168,0.037592243,0.0036675525,0.008489763,0.0133063495,0.0005579527,0.0046468265,0.020705462,-0.012220298,0.024048297,0.0050363927
2015-01-15,-0.02086944,0.008721174,-0.00018866328,0.008791302,-0.00040772674,-0.013910936,-0.020995075,0.003040778,0.00016845645,0.016309334,0.011304527,-0.004298244,0.0039511607,-0.005087904,0.0,0.0022957237,-0.017147074,0.010935329,-0.003175612,-0.0012626582
2015-01-16,0.028829873,0.011194316,0.004452369,-0.014324566,0.034738272,0.008319906,-0.076785766,-0.03452333,0.0071741603,0.010429557,0.0013677378,-0.008066432,-0.024751877,0.004786707,0.008838998,0.0011487269,0.0,0.0014653703,0.012514701,0.00042381056
2015-01-19,-0.006060984,-0.0028904246,3.701655e-05,0.0016781212,-0.01707034,0.005662451,0.021311821,0.018172523,0.028123772,0.016244086,0.0020517702,0.01632821,0.0046441574,0.010399883,0.0025034628,0.00013128022,-0.0010596522,0.0015088301,-0.0012014547,0.015974656
2015-01-20,0.019795772,-0.023366911,-0.007898276,0.0015642468,0.017580947,0.037599385,0.0055542467,0.007535674,-0.00072083256,-0.004762785,0.007829751,-0.0057589165,-0.006839769,0.001469858,0.0010233825,0.0025905324,-0.005687827,0.0017849039,-0.0036036265,-0.009425909
2015-01-21,-0.024810296,0.004714848,0.014249174,0.017402947,-0.00901659,0.0027648848,0.010706811,-0.012094814,0.019397397,-0.0076918006,0.0015791573,-0.0021478022,-0.0065336674,0.0011295291,-0.0072993687,0.0012621006,0.0,0.0,0.003935894,0.011553907
2015-01-22,0.00514413,0.00082522025,-0.008218826,1.841415e-05,0.0010474469,0.0009111784,-0.012664136,-0.0053005223,-0.00097023795,0.010093442,0.00096206006,0.0036459323,0.016888477,-0.022924332,-0.007106102,-0.0014471173,-0.021267021,-0.0074506197,-0.02911052,-0.013695901
2015-01-23,0.0032076167,-0.0013923397,0.008973945,0.004232971,-0.026369557,0.005449813,0.0063779154,-0.0023321684,-0.029630668,0.005291488,-0.006948433,-0.01180774,0.00020848634,0.010225618,0.02528915,-0.0032355664,0.020385763,0.0038716106,2.8287606e-05,-0.00015139706
2015-01-26,0.0006929375,0.0035438545,0.014737323,0.0024512445,0.044083606,-0.007752844,-0.01184984,0.0042615416,0.024776256,0.033852555,0.017726267,0.024359995,0.00997208,-0.003136775,0.008745608,0.0012849933,0.014402216,0.00823698,0.022478351,0.006099229
2015-01-27,0.0087454235,0.004832212,-0.00081737887,0.0032629282,0.007505228,0.017509338,0.024405045,-0.002459624,0.0017410181,0.0051252325,0.016939012,0.017362438,0.0043594656,-0.00829974,-0.0007704036,0.0018920943,0.0073055807,0.0015234752,0.0012811342,0.019963305
2015-01-28,-0.0019260837,-0.0062883054,0.0075229243,0.0,0.012809277,-0.004762358,0.011719095,0.01978696,0.00605977,0.0,0.0036065248,0.005188002,0.006227916,0.01184323,0.0021628994,0.009503473,-0.004975669,0.002607502,-0.00019716339,-0.010890336
2015-01-29,0.026447784,0.002307717,0.0055973316,0.0004065528,0.004268458,0.0066565876,0.007552698,0.013900129,0.0102628805,0.0018207887,-0.017805012,0.0,0.0016470148,0.0018254337,0.0050776685,0.01027652,-0.005468207,-0.0065262965,-0.0025026968,0.0038113592
2015-01-30,0.0008312218,0.0005396157,-0.00028738994,0.0021068377,0.012253188,-0.0037760732,0.007173678,-0.008125762,-0.0066697495,0.014961531,0.011370024,0.014601725,0.0,0.0017713542,0.0049652085,0.0051426184,0.0044225273,0.015560018,-0.0021694147,0.0070552933
2015-02-02,0.0071886205,0.0012717211,0.003700305,0.0,-0.0013591837,0.004397559,-0.0038547984,0.017328283,0.002607679,-0.07728402,0.011502144,0.018577823,-0.00023827801,0.0016615274,0.025033474,-0.0036465295,-0.0019396353,0.0068651293,0.02861312,0.005298377
2015-02-03,0.0056980276,-0.0028216299,0.008546009,0.013295282,0.021066492,0.01257286,0.011413449,-0.011091316,-0.042199325,0.018031249,0.004732376,0.019399373,0.009698438,0.011545916,0.014250145,0.0048699835,0.0063094078,-0.018208334,-0.000703097,-0.00023617798
2015-02-04,-0.008865029,-0.02923423,0.009248258,-0.0011704939,0.017159056,0.015393397,0.02122813,0.029993605,0.0049025603,0.0044383993,-0.010124578,0.018336898,-0.0076668053,-0.017084658,-0.008393287,0.0007643671,-0.029105593,0.019374974,0.025614047,0.0019329569
2015-02-05,0.023390962,0.0044521117,-0.0054954,-0.00027573563,-0.099792786,0.0055800485,-0.014012194,-0.010403074,0.018927619,0.0027351258,0.0023138535,0.00807353,0.0009303154,0.001370815,0.0023009712,-0.00039721554,-0.0008786056,-0.014107007,0.0037304524,0.014311422
2015-02-06,0.029788392,0.04761816,0.0030104031,-0.0056177014,0.0050406987,-0.00067770324,-0.00036517836,0.006389157,-0.0067826137,0.0015461645,0.0017406173,-0.008122175,0.01025393,0.0009972651,-0.00037984227,0.0046981922,-0.00882166,0.0014569242,-0.020612309,-0.036410704
2015-02-09,0.022263708,-0.006609114,0.0059860637,0.009435792,0.005214532,0.0127753485,0.0022353136,0.007879916,-0.008314464,0.0068244208,0.014992827,0.012061708,0.008864297,0.0008361246,0.0052968487,0.0023041219,-0.008230759,0.01613409,0.0055815843,0.0013817494
2015-02-10,-0.007433568,0.00029028198,0.013839196,0.009790368,0.011129385,-0.0053420947,-0.006401576,0.0036678426,-0.0040824558,-0.0019564366,0.008109033,0.0,0.002437311,-0.0047172736,0.0015069462,0.017854616,-0.0058478923,0.0012877731,0.02803999,0.010220114
2015-02-11,-0.008106485,0.00013761787,-0.035553854,0.0006091184,4.6365734e-05,0.013635853,0.011645393,0.018466191,0.007610138,0.00605473,0.0017532739,0.019966483,0.008913218,0.021304088,0.018559845,0.004848814,0.05440215,0.0016488297,0.00019814947,0.01791554
2015-02-12,0.0006862658,-0.011960712,0.021127459,0.0040126727,0.033996098,-0.00274269,0.011586349,0.00052541477,-0.013606964,0.005620222,0.00073255424,0.014808914,-0.003000456,0.008452243,-0.006297945,0.008383808,0.014766917,-0.01950605,-0.010348533,0.0051433896
2015-02-13,0.0010765612,0.008769585,0.0,0.009022466,0.0090489825,0.0,0.005735492,0.003631086,0.016805885,0.013863268,-0.014736576,-0.0011444818,0.00370217,0.004551502,0.0018142023,0.00259255,0.014607469,0.0074983276,-0.0034596848,-0.002759034
2015-02-16,0.0022176492,0.0036457884,-0.009958121,0.0,-0.049766067,-0.0030954822,-0.0013699748,0.0,0.0022444532,0.0016718828,0.0010037025,0.011818803,0.009982363,0.0014759715,0.0,0.0031933582,0.0,0.010224195,0.010842399,0.0072892075
2015-02-17,-0.074683875,0.010532875,0.02331764,-0.000510371,0.035860177,0.0026926275,0.018478531,-0.002038694,-0.0014735325,-0.00092537986,-0.0023370455,6.7534515e-05,-0.004767476,-0.0023068092,0.014924264,5.723351e-05,0.0003239575,0.0059948866,-0.0020489786,0.008937346
2015-02-18,0.03220811,0.010929164,0.02010764,0.0,0.016030412,0.010491305,0.0032954465,-0.017154561,0.017370852,-0.0037459217,-0.0037416392,-0.0026375991,0.0008063521,0.0024881246,-0.008772533,0.0,0.0003889688,-0.006239912,0.01520445,-0.0029547203
2015-02-19,0.06834236,0.009019347,0.008350401,-0.00089468685,-0.042038787,0.006156139,0.012308246,0.000677894,0.0053894226,0.009918868,0.0064806067,-0.0052753375,0.003970694,0.0040604835,0.0028769062,0.0075141415,-0.0029113507,0.01508742,0.03165689,0.012421756
2015-02-20,-0.0029813373,-0.0054016365,0.012340516,0.010896211,0.044353537,0.0016944176,-0.029836135,0.016677473,0.0016388143,-0.004690332,0.00524811,-0.00045915635,0.006247849,0.010792261,-0.0049790526,-0.010594733,-0.004546977,-0.0032574623,0.01552804,0.0017401499
2015-02-23,-0.0031079492,0.00756266,0.0075037894,0.008760773,0.0,0.005631317,-0.0018384521,-0.024980603,-0.0064520063,0.014966263,0.0026150537,-0.0032711173,-0.0076632607,0.0100625,0.0012976453,0.00700958,0.012643705,0.006430668,0.007748652,0.00028523436
2015-02-24,-0.00033203984,-0.013269378,0.0020464151,0.002076016,-0.022662766,0.0074976953,0.012410725,-0.009478624,-0.00172505,-0.0002299376,0.008094416,0.014289319,0.0068991645,-0.02293298,-0.0034651344,0.00082957954,0.010660841,-0.0020205444,-0.0010700114,0.0045769406
2015-02-25,0.034839757,0.017732143,0.0050112978,-0.002401689,0.03076192,0.0037148416,0.024524525,2.8923296e-05,0.013145471,0.008041788,0.0016449381,-0.00083241134,-0.003767231,0.0006747556,-0.00048657545,-0.004984673,0.0047001974,-0.016622089,-0.004357761,0.0067509236
2015-02-26,-0.067697525,-0.025395688,-0.021486487,-0.0014816571,0.0096735945,-0.0064391503,-0.010206214,0.010586187,-0.021777475,0.0016056385,0.0074809156,0.013851986,-0.00048803675,0.011078358,-0.0018930741,-0.0024516743,0.015417721,0.0062420447,-9.753125e-05,-0.0026526274
2015-02-27,0.00983912,0.0018511905,0.000716206,0.00021763284,0.003950163,-0.0057884897,-0.0034198144,0.022756523,0.0023634091,0.0,0.011919472,-0.050149515,0.0145188505,0.025959631,0.010023319,0.014986756,-0.005486872,-0.0022634817,-0.027358748,0.003810447
2015-03-02,-0.0027636401,0.024338342,0.004495895,-0.0010955611,0.002328867,0.0025107895,0.017121326,0.000924873,0.0009441183,-0.0028289505,-0.010473218,0.014922132,0.009954082,0.003939775,-0.002478816,-0.007951189,0.0029703907,0.019401653,0.0030768747,0.00020240588
2015-03-03,-0.0019313128,0.0077924933,-0.006703791,0.0113994535,-0.013660836,0.011289762,0.0073548476,0.024408614,0.0010342045,-0.012343395,-0.02261866,0.008550178,0.0006113193,0.013825382,0.00027325103,0.010845162,0.006720412,0.013509923,0.015058912,0.013633869
2015-03-04,0.006190579,-0.01142981,-0.0038344369,0.008445819,0.0017591842,0.011188152,0.001219316,0.005131864,-0.008556627,0.0040080855,-0.008083222,-0.0048003853,-0.0064273435,-0.023441661,-0.0009501214,-0.0067846105,0.010711377,-5.3020463e-05,0.000284148,0.0015556305
2015-03-05,0.0059168087,0.02007085,0.0016793972,0.004436074,0.006346728,0.003403207,0.023161285,0.0,-0.004318302,0.0057285097,-0.003957184,-0.013658077,0.0,0.0,0.007848306,-0.018733455,0.007852704,0.006510846,0.013408132,-0.013188646
2015-03-06,0.014130265,0.010913966,0.003872441,0.002159244,-0.02028051,0.001278512,-0.01602258,-0.001285369,0.01520172,-0.017162953,0.0055784713,-0.005391426,0.0042478098,0.0047004456,0.0,0.004454813,0.0054163006,0.004604989,-0.0025314398,0.004016494
2015-03-09,0.015387715,-0.011852287,0.022010481,0.007148768,0.026297152,0.007059341,0.0070186313,0.0002185027,0.006567952,-0.03332711,0.006704971,0.02927316,-0.0021990102,0.0070099314,0.011451762,-0.005453625,0.012967676,0.003457441,0.03843119,0.0051158695
2015-03-10,-0.03134523,0.009426825,0.000675262,0.0010445594,0.0022830756,0.002244128,0.009837409,0.009198011,0.003790032,0.025194656,0.01289155,0.0050225384,-0.0027402227,-0.00017392522,0.006501639,0.014961589,-0.004786991,0.0027758086,-0.0019596952,-0.008623329
2015-03-11,0.024737477,0.04111584,0.014060473,0.00039761144,-0.0016603341,0.0006830869,0.0064146966,-0.049228672,0.0091275545,-0.008433528,-0.005699585,-0.0011086126,0.014906313,0.0,0.006956628,-0.0014655378,0.0029446715,0.0055405404,0.0053525856,0.0027699387
2015-03-12,-0.10796173,-0.010995282,-0.00066046364,0.008738364,0.014302441,-0.015216718,-0.00039437707,0.005715648,0.0029842986,0.013097762,-0.034996394,-0.005295101,-0.014104866,0.0,-0.0052836053,0.014777645,0.008581379,-0.008858478,0.0072282264,0.015874725
2015-03-13,0.0,0.021988703,0.0019805676,-0.00010234662,-0.00054921984,0.0073206457,-0.001029254,0.007537249,0.007056337,0.023358898,0.028908469,0.0061527705,-0.00074100634,0.01672366,0.0070309015,0.00513898,0.0061571198,0.003056605,0.007853874,0.008071778
2015-03-16,0.0071521564,-0.109298505,-0.0012998101,0.004804513,0.0046934537,0.011558161,0.0042941654,0.006683482,0.008966277,0.0,0.0010955903,-0.0001427031,0.010226434,0.0003445214,0.0010886419,0.007896294,-0.002851636,0.011901805,1.3227071e-05,0.00671676
2015-03-17,0.010873098,0.01135522,0.00037678072,-0.00036215122,-0.005209398,-0.037521627,-0.01221483,0.006583791,-0.0023161098,-0.019462682,0.019330729,0.006545398,0.005597516,-0.0027616464,-0.0052570887,0.0116334045,0.0034851078,0.00079826283,0.012503778,0.013360194
2015-03-18,0.015800817,-0.00288433,-0.00071882905,0.0035706393,-0.002565027,0.004302271,-0.0016560365,0.013975001,0.024866575,-0.004581671,0.025230201,-0.0010262427,0.0075931437,0.00016037335,0.0018386802,-0.0016517158,-0.0046698265,0.008190841,-0.021285962,0.00097441574
2015-03-19,0.011589651,0.007913901,0.008216249,0.0065068277,0.029383626,-0.0022938761,0.013199586,0.0,0.003539629,0.0012808496,0.009676465,0.022350993,0.004550824,0.0012812536,-0.017835816,-0.014662644,0.021267025,0.0009831536,0.0013722454,0.023659825
2015-03-20,0.03308195,-0.012605919,0.006933238,0.01651295,-0.0024473995,0.009380917,0.0059404047,0.013542138,0.017406965,0.023760771,0.008930925,0.019387266,0.029563088,-0.020861436,0.003672858,0.025676629,-0.0008324076,-0.005562201,0.024277955,-0.0023600508
2015-03-23,-0.004092627,0.024689969,-0.009744434,0.023513552,0.008276655,-0.004110533,0.0050977385,0.0022624948,-0.0007566108,0.008485613,0.0017343343,0.01219713,0.017381167,-0.0140717365,-0.0007528376,-0.00085044384,0.006125062,-0.03418196,-0.0068046153,-0.0037361523
2015-03-24,-0.055567335,0.00970819,0.012608797,0.011897606,0.007642116,0.0038477154,0.008515889,-0.00045096484,0.0051556476,0.010588466,0.0062570344,-0.014660165,0.006429559,0.006204547,0.014213132,0.0109789865,0.0023022846,0.00836166,0.028599381,0.013768219
2015-03-25,0.045987435,0.0033310691,0.009391197,-0.0015834597,0.00234834,0.0117367385,0.008591727,-0.0018054917,-0.00026378405,-0.00089806353,0.0065035736,-0.0034457955,0.00018377013,-0.00087676075,0.0052911625,-0.0027682306,-0.0015899016,0.017557392,-0.0071298433,0.0015688039
2015-03-26,0.004489589,0.0112281805,-0.00037881173,0.0051995735,-0.008253534,-0.01263579,0.011851894,-1.6529256e-06,0.0046255374,0.010538361,0.002945335,0.05872016,-0.008381152,0.017596861,0.009916026,0.01037415,0.009613656,-0.021166012,-0.026120568,0.001888713
2015-03-27,-0.002985959,-0.014380776,-0.01963945,-0.004712386,0.03449015,-0.0035613358,0.00024069987,-0.0057788226,0.011435241,-0.0027632734,-0.025034636,0.024328962,0.022972574,0.009304514,-0.0024690924,0.0025003573,0.00018910487,0.020200746,-0.027333627,0.0065406905
2015-03-30,0.015960662,0.03125741,0.009065424,0.0071078027,0.0026831,-0.026841922,-0.00830977,-0.00014163359,-0.011111441,0.02585889,0.016544988,-0.029767098,-0.005467021,-0.008127769,0.012248964,0.01557019,-0.00052931416,0.0040604398,-0.004134663,0.0038661314
2015-03-31,0.0028065818,0.013014227,0.017605422,-0.009735704,0.015483506,0.014962413,0.009836199,0.010830634,0.009935601,0.005790721,0.003057986,0.022281457,0.021245332,-0.008701445,0.00012114775,-0.007227618,0.005124153,-0.021118218,-0.0011918455,0.013511074
2015-04-01,-0.0077384217,0.012909016,-0.0011256756,0.0006636843,-0.0023837707,0.00042135493,0.0040433495,0.0021334633,-0.0010238659,0.01830951,0.0045657633,0.021310452,0.008517622,0.0034402588,0.00064696674,0.012119808,-0.0017926294,0.0,0.03711738,0.004836578
2015-04-02,-0.0004955206,0.030058872,0.009951012,0.0,0.012733521,0.011261155,0.0027878138,-0.002461692,0.014124841,0.027555272,-0.001086909,0.0015832306,-0.0037978396,0.00085774437,0.005163005,-2.7039575e-06,0.0031246494,0.0,-0.017988002,0.008947497
2015-04-03,0.011659437,0.005443971,0.010390827,0.012378283,-0.1215557,0.022057332,-0.00839388,-0.002300224,0.004055276,-0.010332061,0.021241436,-0.12581672,0.004482887,0.008753216,0.0,0.0024568406,0.00096274965,0.022637477,0.0,-0.0014993659
2015-04-06,0.015439442,-0.0059426096,-0.0069046854,-0.0063933134,0.0,0.008666003,0.009470981,0.01123372,-0.0042972197,0.0038951235,0.0023875458,-0.0019992634,0.04425724,0.006172078,0.009059154,0.014615538,-0.0063015968,0.005762306,0.0,0.008795503
2015-04-07,-0.110491775,-0.00039163293,0.021797642,0.0039989706,0.00067007483,0.004482546,0.012238846,0.0037545015,0.01055318,0.005375067,-0.008394769,0.015821865,-0.012543126,0.0028784978,-0.0077288407,-0.006176662,-0.039002992,-0.013106208,0.01913559,-0.0076268706
2015-04-08,-0.0065725413,-0.00041178538,0.0042481027,0.020519562,-0.0010535008,0.0037601197,-0.00039730125,0.007689567,-0.015708989,0.016452858,0.008989457,-0.011620599,-0.014351469,0.0075801807,0.00065117487,0.010141748,-0.0008575998,0.01932687,0.003470818,-0.00068736967
2015-04-09,-0.0009959713,9.072023e-05,0.004152184,-0.0010058454,0.02134993,0.0,0.016570842,0.0039695585,0.014866203,0.012047074,0.009789366,0.106445834,-0.0032031918,0.00022547263,0.0145515455,0.0002952659,0.006533709,0.017785763,0.015308421,-0.0077611306
2015-04-10,0.010140856,0.06220648,-0.0026427303,0.003167264,-0.0017362891,0.0008260042,-0.012279922,0.008612414,0.00039477088,-0.005098883,-0.0016256617,0.0064553125,0.022327378,0.016158191,-0.0015174347,0.0043300255,0.019069826,0.022514233,0.016565608,0.012895166
2015-04-13,-0.011490001,-0.007046915,0.014989987,-0.0141750295,0.0029787633,0.00888899,0.022804542,0.015501599,0.0065406933,0.011655258,0.006075315,0.0046634995,0.010406787,0.017714238,0.0019325048,-0.001679479,0.0,0.00069720345,-0.0029396452,-0.010144451
2015-04-14,-0.013007997,0.01479642,-0.0008496864,0.0005026923,0.018014092,-0.03284513,-0.044907074,-0.008195898,0.01826727,-0.026192369,0.002871956,0.015392196,-0.002797838,-0.08257174,0.010974413,-0.0017052492,0.011201701,0.013015694,0.0017887255,0.02346843
2015-04-15,0.046330046,-0.006454223,-0.010103664,0.0029821738,-0.029949566,-0.0061035184,-0.029175038,0.006298353,0.01594583,-0.0029998983,0.010875238,0.029007854,0.010398369,0.008357768,-0.0023890997,0.004632317,0.0,-0.013415551,0.014700721,0.0075548706
2015-04-16,-0.006331117,-0.022448288,0.009985344,0.031938933,0.018066943,0.017942747,0.020347746,0.0041000145,-0.0015350854,0.009151732,-0.010444893,0.011694581,0.01308782,-0.024278048,0.01451101,0.01412841,0.008907278,0.018222202,0.029120315,-0.00038084527
2015-04-17,0.0054221805,0.028652346,-0.0006457829,-0.003485603,0.04805185,0.00262757,-0.054639466,0.011851287,0.011926806,0.007815375,0.0018442513,0.0025222786,-0.002052752,0.009159713,-0.00014176997,-0.004531454,-0.012337232,-0.0019956802,0.0012217858,0.0038539746
2015-04-20,-0.004658842,-0.051102437,0.0073348875,0.008380234,0.013856028,-0.004625789,0.0037083288,-0.028119393,0.0010137563,0.0033795254,0.014510131,-0.0024694256,0.0,0.012825844,0.0021545633,0.0020873914,0.016039586,0.01021798,0.0015745014,0.016463313
2015-04-21,0.010761533,-0.0047633974,0.01092353,-0.008648328,0.0061855977,0.0016490984,0.019220544,0.012020167,0.0021381662,0.016113872,-0.0060537574,0.011748426,-0.004209582,0.0065720635,0.00071244803,0.0046988847,-8.360543e-05,0.008773387,0.0016830814,-0.001170058
2015-04-22,0.0025575722,0.026025726,-0.008685379,-0.002158452,0.008301858,-0.0057268143,-0.00905874,0.0,0.011237665,0.015176828,0.028570464,-0.0023316166,0.009531459,0.016884098,0.0072761066,-0.005105442,-0.0060296566,-0.019013805,0.013656553,0.0
2015-04-23,0.013322417,0.0024148556,0.0038877109,0.0073407795,0.0,0.0053782626,0.0013497098,0.0,-0.0018549385,0.011375807,0.012076619,0.014462312,0.0040469505,-0.003609231,-0.0044103074,0.010781299,-0.013700618,0.018787561,0.018666392,-0.0025345415
2015-04-24,0.009716315,0.0016996582,0.007925919,0.0025005173,-0.0034406858,0.018309612,1.81939e-05,0.010396468,0.00028299514,0.011018559,-0.004582568,0.054395482,0.0036214432,0.0025033932,0.009132576,0.004122051,-0.0010424464,0.04943493,-0.00021259717,0.007267122
2015-04-27,0.009683818,0.039629478,0.012423209,0.016154172,0.0015838582,0.0011087027,0.017438415,-0.012651603,-0.0011945841,0.007446283,-0.01576393,-0.006451739,0.0046153753,0.008226755,-0.0019971791,-0.0140965255,0.0030395722,-0.0021617198,0.012292848,0.002506716
2015-04-28,0.02944383,0.010539845,-8.941196e-05,0.0010890893,-0.0077091902,-0.016729418,0.007461446,0.0075406474,-0.007122809,-0.0068310136,0.0037213338,-0.021726023,0.008054665,0.012090379,-0.0016393671,-0.0015203548,0.0091307005,0.0017428712,0.034359835,0.00081207015
2015-04-29,0.0047710636,0.018400352,-0.004170635,0.004138831,0.0030728325,0.0051626656,0.0015935773,-0.006281297,0.0075809564,3.4149376e-05,0.008100771,0.037635893,0.0,0.008881187,0.007187715,0.00083788775,0.0070381174,-0.0009954368,-0.02863803,0.012402605
2015-04-30,0.011504052,-0.0078826705,0.015322608,0.009063345,0.0034698318,0.010778308,0.0031862943,0.0073538697,-0.0016836486,-0.041317612,0.014022549,0.008516217,0.0029589767,-0.02255464,0.0071110367,-0.00034552524,-0.01074858,-0.0011406947,0.0045299977,-0.0046784054
2015-05-01,0.0036497007,0.0047693867,0.00052918505,0.0070014605,0.0036542478,0.0039447257,0.0051829536,-0.023950256,0.005148972,0.021895217,-0.004033756,0.022134144,0.0028742477,0.0043935855,0.0061403103,-0.0017795505,0.0034762768,-0.010433209,0.013090573,0.02378389
2015-05-04,0.000853162,0.00560973,0.006032272,0.010660975,0.013446506,0.037007947,0.0120187495,0.014278276,0.00672505,0.0041246866,0.007924566,-0.03324212,-0.005035919,0.014047578,-0.00036040833,0.016589189,0.011294449,0.0031853807,-0.0099171745,-0.004534871
2015-05-05,0.006825991,0.013406499,-0.007524461,0.013313205,0.0009809652,-0.023883611,0.013155569,0.011397998,0.0,0.00802848,-0.01084976,0.03793874,-0.050242104,-0.014388083,0.013111181,0.010440704,0.018590048,0.004575403,0.017318038,0.0013066164
2015-05-06,-0.0206487,-0.013454958,0.008794508,0.0031095538,0.009801151,0.016548239,0.0005268227,0.004904788,0.030547094,-0.005341482,0.04708764,-0.004108013,0.052475065,-0.004849093,0.016249403,-0.0054755313,-0.0008640988,0.019101664,-0.0047169444,-0.025113352
2015-05-07,-0.010115646,0.035990447,0.008242664,0.0039690584,0.0040953676,-0.0289625,-0.01923279,0.0019362319,0.016508685,-0.0057626734,0.013605098,0.020954985,0.008206565,0.006009185,0.005600471,0.00083358935,0.0,-0.0045239218,-0.004348453,0.0018457209
2015-05-08,-0.01953447,-0.038655806,0.013161558,0.009644029,-0.024703762,0.0009852423,0.009579879,0.012298459,0.005244439,-0.014908913,0.005681158,-0.12757634,-0.0057143164,0.011704064,0.0020502377,0.013162623,0.00849826,-0.0014839956,-0.00817722,-0.016278265
2015-05-11,0.002209568,0.0010865106,0.004903828,0.0013534465,-0.005004497,0.019711977,0.03362933,0.0012410762,-0.009242879,0.00625514,0.00471967,0.030429471,0.012810152,0.0003003201,-0.0012612754,0.006059659,0.006399335,0.017496975,-0.012394951,0.031019252
2015-05-12,0.08275592,0.0051501747,-0.00020525324,0.0017770996,0.0042972425,-0.009060462,0.00452526,0.00403468,0.016034301,0.00017251447,0.0017160246,0.0047459295,0.010479332,0.01881663,0.0052472074,-0.0013101783,-0.008335364,-0.03574039,0.010019606,0.000679143
2015-05-13,0.052769464,-0.0013891509,-0.0021788278,0.009095963,0.013986158,0.018762473,-0.0024291123,0.0022861683,0.0010478047,0.03869699,0.0021002765,0.023921119,-0.009685744,0.0022469552,0.0046300027,0.0,0.016413843,0.037378963,0.024456425,0.005254008
2015-05-14,0.013659202,0.009164793,-0.000685761,0.0050138715,0.015211789,0.0044372478,0.0017788407,0.0061632353,0.0017395816,-0.025888626,0.00841073,0.0,-0.020672653,-0.0064192466,0.0045943456,0.00055902026,0.0023238633,0.006771283,0.032375056,0.0012118861
2015-05-15,0.0030361102,-0.002827059,0.0016351013,-0.00075716025,0.0033225107,0.01653399,-0.030396348,0.0017390158,0.0070637492,0.022396952,0.012903807,0.008212216,0.00050203013,0.008643716,0.009152759,-0.004892012,-0.00091407576,0.0053558527,-0.007837854,0.0
2015-05-18,-0.032082748,0.010516532,0.008987526,-0.006274136,0.0018433983,-0.0013049009,0.0029032822,-0.00047992042,0.017078832,0.01741384,0.0,0.03796347,0.024146635,0.002434013,0.0052811457,0.007893592,0.0058057387,0.010899236,0.024026277,0.016973436
2015-05-19,-0.02350853,-0.009512374,3.2838867e-05,0.010588268,0.006182852,0.009075794,0.0008035155,0.0033181794,0.019378986,0.0023134248,0.010741463,-0.0070961425,0.020335093,-0.008605998,0.0007281146,0.0029941802,0.0,-0.0017418314,0.0013641164,-0.000419019
2015-05-20,0.00087064656,0.019951463,0.016265718,0.0024404165,0.003913687,0.014809324,0.0,0.0026515715,0.0009506697,0.0,0.011813547,0.034143794,0.03227817,0.0098398775,0.006008538,0.005861854,-0.006230255,-0.0029634407,0.001589232,0.011858634
2015-05-21,0.06517761,0.014719283,-0.010958061,0.007104598,0.007970493,-0.0009247083,-0.003600615,0.0046771485,-0.015407033,0.0055301487,-0.048908252,0.00916366,0.0,-0.034523953,-0.001447209,0.011902855,0.0040629664,0.011287842,0.015101415,0.007012907
2015-05-22,0.0014865302,0.0071214405,-0.0031208894,0.0,0.0077679534,-0.0099557275,0.0024439057,0.005771676,0.00294193,0.007250694,0.0051609776,0.0027934453,0.014384327,0.0031452626,-0.005564025,-0.0007625562,0.0058978866,0.0048830737,0.0016906821,0.004148675
2015-05-25,0.06208169,0.012551479,0.01521471,-0.0061159013,-0.11599643,0.018607823,0.013875629,-0.002681106,-0.004193184,0.0057161064,0.0007884159,-0.002209129,0.010802473,0.005926245,0.00232315,0.007627833,0.0017764862,0.0042016776,0.0,0.013395472
2015-05-26,0.01490829,0.018686261,0.0024660137,-0.001566423,0.029078128,0.007898387,0.006145979,0.00270375,-0.013887374,0.016740145,-0.00406257,0.022674084,0.014938065,0.00079437206,0.0066667246,0.0064442996,0.007595149,0.011938386,0.00020735871,-0.0045004864
2015-05-27,0.00082585326,-0.0018430344,0.005866429,0.008511909,-0.024227189,-0.023888122,-0.009312156,0.003920536,-0.012332526,0.00015211626,0.0023957647,0.0,-0.01735477,-0.011238148,0.0018963395,0.0077733607,0.0047675804,0.0009086124,0.0026073414,0.0095626665
2015-05-28,-0.009430093,-0.0061173127,0.013107788,0.0044902507,0.015029836,0.022640236,0.019792264,0.004223865,0.02217622,0.0013637774,-0.005136951,0.010939485,0.013875689,0.016745461,0.0054142703,0.0055598062,0.0022439484,0.0044971826,0.0085726995,0.0008908127
2015-05-29,-0.0017435439,-0.0035950942,0.0028197134,0.0013060453,-0.0017752954,0.011145852,0.018643089,-0.028310524,0.021300947,-0.00066881016,-0.003122631,-0.012263079,0.00095556263,0.0036274262,-0.0012700487,-0.0013589555,0.0036923888,-0.009947997,1.623166e-05,-0.0002906722
2015-06-01,0.013315237,0.013409051,0.0025505591,-0.0023891411,0.015724024,0.0016510142,-0.009304945,0.005993867,0.013217102,0.0147275785,-0.0021841777,-0.0010316361,0.013997938,0.0058445325,-0.0014820935,0.0034893984,0.0059981965,0.004012154,-0.010940711,0.015244964
2015-06-02,-0.0003635004,0.009440687,-0.0031423238,0.017393565,0.017387262,0.007357546,-0.008299966,0.007377997,0.012842798,0.0020296557,-0.008442381,0.009852635,0.011796687,0.005720791,0.008233143,0.010556018,-0.0033931462,-0.00091165793,-0.002279879,-0.002955423
2015-06-03,-0.019905588,-0.0031784591,-0.0063599427,-0.0017386394,0.009027828,0.008147492,-0.032912496,0.012570406,0.0048506963,0.0012768343,0.04621309,-0.013525874,0.01868471,0.015404707,0.00069331663,-0.0006911564,0.008396533,-0.010800453,0.001656908,0.004700805
2015-06-04,0.034544855,-0.026996732,0.01516183,0.02020136,-0.0032686156,-0.0027943358,-0.026484663,0.0062344805,-0.0052180407,0.0021301794,-0.0012369074,0.016641708,-0.0024832373,-0.02118102,0.0040993043,0.01516105,-0.0015758848,-0.0074481242,0.0,0.020035451
2015-06-05,0.031932563,-0.0076445104,0.0029471708,0.0051079392,-0.021278344,0.00068229425,0.0026637814,-0.018534144,0.009061863,-0.002592779,0.0,0.006234197,0.0021362402,0.0085630035,0.002241133,0.00035036102,0.0,0.014052196,0.010176039,-0.004277453
2015-06-08,0.0027704148,0.012447639,0.0010628419,-0.003616892,-0.0025110121,0.008936284,0.0012187618,-0.0015108957,0.0,0.023986053,0.002484806,0.054861784,0.004653961,-0.0011856401,0.0,0.000982127,0.0036749966,-0.0010619949,-0.0043931375,-0.00037444112
2015-06-09,-0.006011558,0.01043736,-0.0010151453,0.015265458,-0.0006862988,-0.0025345203,-0.057800476,0.019911136,0.0026241275,0.0014003904,0.00052437186,0.042101353,-0.04501987,0.0067416793,0.011520263,0.005095603,0.0027342509,0.027237475,-0.010292017,0.011855638
2015-06-10,-0.008787866,0.01712004,0.0029648512,1.2666709e-06,0.0020977242,0.0016953894,0.0018546919,0.015391064,0.011135013,0.0021477852,-0.0062022535,-0.002698133,0.02126915,0.020638207,-0.0041452274,-0.00797377,0.0042134565,0.0070170797,0.0060294475,0.0013242054
2015-06-11,-0.0011376255,0.021742856,0.0013482885,0.00871482,0.0136250835,0.0043671206,0.09009198,-0.004496885,-0.003735921,0.011415164,0.00990971,0.028777357,0.0051344736,0.005163167,-0.004003357,0.010137067,0.0071731214,0.011263365,0.00029677904,0.0013636679
2015-06-12,0.0078417305,0.0054054772,0.009007566,-0.000848452,0.019577192,0.0013322019,0.016996108,-0.005542427,0.0024803102,-0.0061545344,0.009628761,-0.004605196,-0.0014268403,0.0083870115,0.0068654134,-0.0050469325,-0.007772302,0.0,0.033696402,0.009141692
2015-06-15,-0.00043903835,-0.0014298802,0.0014972012,0.009721659,0.015017864,-2.4687715e-05,0.008412869,0.006999089,0.009174654,0.0024953953,0.0015851429,0.0013046853,0.012773562,0.0,-0.004033615,-0.0023973074,0.0039372896,0.008875814,0.00574572,0.0
2015-06-16,0.01782003,-0.0011443904,0.0033942887,-0.0104606245,0.022549778,-0.017758867,0.0045059286,-0.0037665349,-0.009754592,-0.0008428483,-0.0148401745,-0.02303815,0.008365892,0.004467865,0.00054991985,-0.009420143,0.011763915,-0.0077624903,3.037667e-06,-0.011086587
2015-06-17,0.011296348,0.03823125,-0.001757674,-0.0017361845,0.011787022,0.027444843,-0.0024336907,0.013834656,0.014383641,0.0,-0.012521566,-0.0001708178,-0.0029157624,0.014811837,-0.054106377,0.0058931015,-0.0008544494,-0.0036919361,0.009633875,0.0006244457
2015-06-18,0.012083292,0.003579281,0.010284917,-0.015669864,0.003621647,-0.0047452473,0.0073906747,0.011013936,0.021163655,0.007114231,0.006031697,0.004439322,-0.015472751,0.04849951,-0.12068359,0.02248992,-0.000684913,-0.0047249435,0.013627107,0.005575372
2015-06-19,0.013722282,0.017925538,-0.0029529042,0.022999125,0.006441191,0.027185725,0.009643938,0.009874115,-0.0139868455,0.019125985,0.0011614027,0.014256628,0.0008916668,0.04002669,0.0025021755,-0.0014446235,-0.0054882527,-0.016398707,-0.024224604,0.06293423
2015-06-22,-0.006506221,0.01623956,0.022147616,0.0027241919,-0.0065257647,-0.004730453,0.008055145,0.00878241,0.014878234,-0.013682005,-0.013516444,0.0023253302,-0.028402077,0.010813551,0.03595587,-0.010012137,0.008690043,0.053646587,0.041956984,0.0096632335
2015-06-23,0.009776307,0.003825376,0.016806519,0.004709277,0.0,0.00070129754,-0.011271909,-0.0077239308,0.00689579,-0.0065993033,-0.012538189,0.013524019,0.016954347,0.00048031606,0.01141052,-0.0133966245,-0.038414262,-0.0062944856,-0.0031766084,0.0018030314
2015-06-24,-3.3034754e-05,-0.016040308,0.0041621523,0.012594315,-0.014352529,0.0036252416,-0.008319872,0.0021479465,0.014094948,0.019221582,0.008742314,0.011199601,0.0047945147,0.0007552097,-0.0021441632,-0.004501218,-0.00013743785,0.013095909,0.0073262495,0.010251518
2015-06-25,0.0,0.0061400365,-0.0072252057,-0.0015264272,0.013038769,-0.052494664,-0.002946552,0.015174599,0.0062027224,0.011226998,-0.00076924276,-0.0028972558,-0.015091418,-0.0034767857,-0.004152948,0.008519679,-0.028224366,0.029027853,0.008779041,0.0134181995
2015-06-26,-0.013263822,0.018818889,0.0,-0.026126493,0.013194762,0.018822337,0.017639684,0.0042245,-0.001012664,0.009073117,0.044047914,-0.00045337094,0.017858703,-0.025243226,0.07527689,-0.0024626125,0.006009345,0.014409381,0.0020392006,-0.005317143
2015-06-29,0.0002658762,0.015209541,0.0048116776,0.011352405,0.047779415,0.02950884,-0.005416696,0.0028567377,0.0040448722,0.0035504191,0.0040980917,0.021131912,0.005137232,-0.010141031,0.05097185,0.004246205,0.00071015244,-0.0013345425,-0.021356707,0.04191361
2015-06-30,0.0011889278,0.0,0.01781025,0.012256949,0.003867232,-0.0084370235,0.0071760295,0.00075171696,0.00095950754,0.00443503,-0.002300619,-0.02257028,0.014073312,0.014954385,0.03862311,0.0005614301,0.066539995,-0.0018098825,0.013185958,0.0073779314
2015-07-01,0.00495933,0.009380639,-0.0030991333,0.080519006,0.006561691,-0.00644126,0.010444806,0.008725691,-0.0018224164,0.001506512,0.0077331467,0.027937122,0.008076713,0.021162085,0.01651843,0.0102347145,0.00581036,0.0105574755,0.004461642,-0.0054913377
2015-07-02,0.010424102,0.0014212523,0.013514398,0.056756206,-0.0039935065,0.031671677,0.005155768,-0.017596677,0.0002782686,0.0,0.0051061693,-0.019212354,0.013411858,-0.0010653808,-0.0068854624,0.02127137,0.03877394,0.0154452445,-0.02031139,0.00984171
2015-07-03,0.007444971,0.009983169,0.013974431,0.001387715,-0.014621928,-0.00033346566,0.012260494,0.0067977943,0.0022905734,-0.0019761203,0.0019927751,0.009727799,-0.0008600406,-0.009713099,0.033737656,0.032560393,0.02422674,-0.0031119972,0.0055969586,-0.009838859
2015-07-06,0.010522143,0.0018942097,0.0062356764,-0.000367184,0.044988215,0.016654283,-0.0129278395,0.010599853,0.0070817443,-0.001187287,-0.023087826,-0.0024126193,-0.016003931,0.024588725,0.0038709578,-0.0013393888,0.014764874,0.024688058,-0.07529445,0.020047553
2015-07-07,0.00308574,0.014914648,-0.0062298,0.0075216847,-0.0001576322,-0.0007746214,0.0103532765,0.004526431,-0.009066347,0.007863056,0.01719999,-0.0005031384,0.01082891,0.01714451,0.004315211,0.004178881,-0.0023056208,0.0034869525,0.0012480739,-0.0031418223
2015-07-08,0.010856691,-0.01093562,0.008369534,0.004500578,0.011658595,0.0042593614,0.009842973,-0.0033801342,-0.006930045,-0.05597856,0.010605058,-0.002935556,-0.011109934,-0.008739523,0.008308106,-0.007602014,0.0,-0.097016685,-0.008655683,0.016636817
2015-07-09,-0.0040659043,0.0009816648,0.010203049,-0.0013150198,-0.007542528,0.006006533,-0.02057277,-0.0055549694,0.015842745,-0.00034175796,0.0059335176,0.0005835583,-0.01674638,-0.0066313385,0.009158413,0.00625214,0.014760223,0.04040364,-0.0104887765,0.013638387
2015-07-10,-0.0060987473,0.010157964,0.008117297,0.0025164704,0.019722646,0.005763374,-0.12374402,0.00040036725,0.0018178597,-0.0009714313,-0.009620209,0.0037530481,0.0,-0.0044872123,-0.046914082,0.016540734,-0.009483275,0.015221429,-0.023504674,-0.010561541
2015-07-13,0.001205028,0.0041030827,0.0005572867,-0.0095667895,0.026192944,0.0025366656,0.026454534,0.0052738306,0.001112243,0.015570748,0.013871205,0.016546605,0.016171543,0.0026726667,-0.0007189489,-0.001127019,0.010833879,0.0025032153,0.0006094491,0.026138218
2015-07-14,0.0057819714,0.0025701465,0.025785735,-0.12568745,0.0029142092,0.0060905595,0.02237786,-0.008061265,0.0048631052,-0.015929637,0.00097641867,0.00925563,0.0,-0.050403472,0.047479063,0.02317874,0.004103031,0.0071042315,0.08119708,-0.0046860315
2015-07-15,-0.0011367197,-0.00029716108,-0.015532052,-0.051770654,0.008373346,-0.002047531,0.00029808396,0.023059292,-0.00081102777,-0.0010463876,-0.007557203,0.0054028207,-0.0009361698,-0.004418019,0.015236491,0.011023599,0.006140639,-0.008667682,0.009297836,-0.004877179
2015-07-16,0.0020563737,-0.00783397,-0.02128495,0.06443425,0.03906539,0.0014097285,-0.004865195,3.157326e-05,2.0600924e-06,0.0013419401,0.00044062562,0.0067377384,0.010633421,0.02667246,-0.007657136,-0.015330489,0.0018853658,0.019868154,0.013531761,0.011551911
2015-07-17,0.0044489736,-0.008145093,-0.003145341,-0.0052619954,-0.0021697842,-0.0003654135,0.011819628,0.0016456536,0.0008163018,-0.0017739367,0.021402167,0.010235461,0.007829055,0.00018140882,0.01061271,0.004843187,0.0151248835,-0.026795575,-0.026356932,0.0076797963
2015-07-20,0.008249769,-0.028134773,-0.006695359,-0.07288011,0.009539392,-0.00805745,0.019171134,-0.03353928,0.0020362071,0.022532774,-0.0038624592,-0.008091674,0.004219357,-0.0036943716,0.018501088,-0.0012714269,-0.009423353,7.769096e-06,0.011554781,0.015029016
2015-07-21,0.01759262,0.00046564318,0.0007626838,0.013477932,0.0051461793,0.012806321,0.0043065585,0.038700137,0.0013341064,0.002978669,0.0026385346,-0.0018483904,0.0017486422,-0.017162908,-0.011387094,0.0,0.0047814227,0.019509856,0.03032195,0.0032444007
2015-07-22,0.0008055804,0.00067489577,0.008685868,0.00560082,0.044221763,0.007391642,0.0090488745,-0.0034064362,0.0,0.014840246,-0.001717239,-0.0029598537,0.005534444,0.009042851,-0.020908397,0.003915711,-0.015681399,-0.0179746,-0.009893169,-0.015971063
2015-07-23,-0.0010973046,0.010478526,0.012832411,0.00052986137,0.017418928,0.0077470546,-0.0054550203,0.007318733,-0.009880479,0.004900874,0.0064748805,0.009947179,0.018706432,0.00079415384,0.0039215493,0.016288126,0.0028807428,0.004555484,0.0035378758,0.014350979
2015-07-24,-0.015579306,0.014892998,0.014917554,0.10685831,0.0,-0.0031777348,0.0,-0.0039210315,-0.0010401915,-0.000980083,0.0062415297,0.0048870416,0.0025737789,0.011253367,0.0007326749,0.00092023175,-0.002581363,0.016578328,0.015130485,0.013228922
2015-07-27,0.012465152,0.009457289,-0.012014334,0.004581066,-0.12701559,0.008176043,0.0017768034,0.0065952884,-0.057215042,0.0077375243,-0.005093631,0.011745412,0.0,0.028795168,0.06069815,0.0016927808,0.009449669,0.013070164,-0.019923614,0.0038047775
2015-07-28,-0.0012974051,0.0050092307,-0.00037693512,0.0013636736,0.03914615,0.0,-0.00029925603,-0.02140974,0.0,0.0071874554,0.01842696,0.0037693258,0.0,-0.00709412,0.0011386725,0.01135873,-0.0012686872,0.0019036906,0.009934267,-0.03469138
2015-07-29,0.014636524,0.0076028346,-0.0024931035,0.045315634,0.017722016,-0.0014376007,0.019706298,0.022302393,0.005539018,0.011958499,-0.025032425,0.0005632827,0.0028336495,0.016219078,0.0019658667,-0.02109027,0.02385672,-0.0040088287,0.010125012,0.0014620952
2015-07-30,0.015184407,-0.008195933,0.01666188,-0.1230306,0.010409253,0.01775127,0.006937693,0.0030519147,-0.0023401047,0.004050909,-0.030368151,-0.024564585,-0.0020577074,0.0065832464,0.013527309,-0.00028784448,0.00948706,0.016718404,0.01759983,-0.01811368
2015-07-31,-0.004511425,-0.021356199,-0.00034466092,0.0007180481,0.05461914,0.010429876,0.011424943,0.017162325,0.0128408475,-0.0006655032,0.025611676,0.015144247,0.005629098,0.024488036,0.059360337,0.015463803,0.003579424,0.0040903906,-0.015000169,0.0018499942
2015-08-03,0.00479824,0.012764166,-0.0007945638,0.0059795347,0.01143387,-0.018202964,-0.013830579,-0.0010635942,0.016552692,0.007463128,0.0017432354,0.006806935,0.00018205933,-0.012409383,-0.011290281,-0.011317984,0.02870764,0.005874124,0.06570385,-0.019041011
2015-08-04,-0.006228123,0.009852002,0.021601917,-0.01989774,0.036436457,0.011355935,-0.002690079,0.019414231,-0.008378508,-0.0054160007,0.022358127,0.002073689,0.0045099044,0.0023810135,0.0011787155,-0.0015636031,-0.0028752305,-0.021175377,-0.007353803,0.018588258
2015-08-05,-0.012300957,-0.019385092,-0.00032260557,-0.015313701,0.0012160569,0.005693001,-0.029855128,0.015226925,0.0042543733,0.01764516,0.00014714572,0.0077347234,0.004243141,0.0012785896,-0.012442834,0.014149961,-0.009389874,-0.008875773,0.0021476632,-0.010991487
2015-08-06,-0.0010207143,0.01911247,0.0062390957,0.012104499,0.0046193455,0.016523661,0.0100087095,-0.0016879097,0.008191996,-0.0074056657,-0.0029090026,-0.003885721,-0.00049840426,-0.0015127227,-0.002702311,-0.00073666533,-0.0047721034,-0.11931766,0.00046535782,0.0
2015-08-07,-0.0012056284,-0.011516095,0.008873438,-0.011243787,0.016919019,-0.008544851,0.011438086,0.001453786,8.695066e-05,-0.0011382549,0.0045688576,0.021145813,0.019614246,0.02306568,0.0033356706,0.0104528135,0.0013279192,0.025789604,-0.02067994,0.033591427
2015-08-10,-0.0068589663,0.0054792897,-0.011481754,0.015400397,-0.115636505,-0.021313787,0.0034515774,0.00034532804,-0.0027079084,0.015694452,0.0037298794,0.0058566076,-0.004832853,0.008482238,-0.10345584,-0.015609589,0.0077732145,0.006107786,0.008584624,-0.00513398
2015-08-11,0.00096182636,0.007857132,-0.017592736,-0.029640468,0.029687518,0.010810073,0.016224045,0.010141718,0.0016860953,-0.0068722777,0.020385314,1.747432e-05,0.002765843,-0.000894876,0.01728233,0.011098052,0.0017468543,0.016565185,0.012253194,0.022944326
2015-08-12,0.0,-0.00063715206,-0.0053484845,0.004251249,0.0026312838,0.01986758,0.009971783,-0.018504426,0.0077495496,-0.00927967,-0.013531637,0.0046039647,-0.0013632204,-0.00081037416,0.00076535036,0.003391784,0.014655199,0.0016451854,0.031620868,-0.124624945
2015-08-13,-0.00016686469,-0.005580649,-0.002170209,0.015093512,0.015276423,0.010557415,0.0067643994,-0.0065283887,0.0082415985,0.008635958,0.011332736,0.010324539,-0.003530904,0.008630861,0.04317466,0.0045742607,-0.0015151659,-0.04695502,0.009677234,0.02662536
2015-08-14,0.004097252,-0.0012966243,0.020508915,-0.12359325,0.028710322,0.0065159886,0.0046559684,-0.0013109706,-0.003365625,0.004520547,0.017641895,0.0015385444,0.009693823,-0.004595569,0.03664566,-0.006351654,0.009801668,0.056336913,0.007847695,0.0024496461
2015-08-17,0.0066710776,-0.0010103956,0.044184566,-0.004685893,-0.004120955,0.014930614,0.0052866917,0.001688011,0.0075507513,-0.00091341214,0.014283771,0.0040062824,0.0,-0.0033730103,-0.022538146,0.0016656342,0.016707461,-0.008079352,0.00035250233,0.012307494
2015-08-18,-0.0054759146,0.009820816,0.013190603,0.059047606,0.041030847,0.0014139091,-0.00517048,0.0135955,0.0091975415,0.0070009623,0.0018243383,-0.011948467,-0.00038889894,0.017471695,1.0591214e-05,-0.014097432,-0.024906877,0.019231772,-0.017704388,0.018491946
2015-08-19,0.01283699,-0.011217105,0.0077729425,-0.018542754,0.0006834501,-0.006311308,0.005626229,0.0060088425,-0.0022368755,0.0012398841,0.007810818,0.013648907,0.0046156636,0.002300396,0.04842698,0.005876044,0.015276019,-0.008264233,0.014944326,-0.00054825604
2015-08-20,0.016651802,-0.009636786,0.009445887,0.1078191,0.02206668,-0.001332784,-0.00031461148,0.0005673991,-0.006279441,0.0068511544,0.0084603205,-0.0668446,-0.0032556022,-0.00931519,0.0072187735,0.016006507,0.0012958345,-0.0010120603,0.0019386573,0.03456185
2015-08-21,-0.0010042607,0.004312661,0.0003360035,0.025155447,0.08796701,0.0074039265,0.0091465665,0.0127820745,0.015820306,0.0038399447,0.015008758,0.005185838,0.0056829588,0.0,0.0065226406,0.005665092,0.0009109359,0.012067761,0.008833775,-0.0024186135
2015-08-24,-0.0075159715,-0.025462331,-0.0038424495,-0.003115416,0.0024188862,-0.003135174,0.007627545,-0.0041675935,0.002279519,0.0057109753,-0.014625467,0.017595958,0.0018454848,0.018153911,0.00077400304,-0.00580846,-0.028768564,-0.0012260468,-0.0032376277,-0.0019357044
2015-08-25,0.0064001908,0.022693159,-0.0069328807,0.024857704,-0.01388674,0.0057090498,-0.0026081535,0.006329558,0.011948619,-0.030707423,0.021465817,0.019399548,0.012081083,0.004019826,0.014511735,-0.013508286,0.0070298845,0.007382857,-0.012273668,-0.003007304
2015-08-26,0.018928265,0.0,-0.0025555529,0.014608406,0.0060812053,-0.0057734,-0.0144729735,-0.0064504966,0.004765637,0.0051966556,-0.031394765,0.0010092291,-0.0104759,-0.019341601,-0.000710292,0.019210465,0.025953958,-0.015651591,0.022162959,-0.0047075627
2015-08-27,0.0017882425,0.012301612,0.003878256,-0.011359026,-0.018581485,0.006462257,0.001365849,-0.0008337405,0.0026590286,0.014710907,-0.009141843,-0.00625805,0.0009327903,0.0013947343,-0.032738972,-0.0057745962,0.01524189,-0.001824537,0.006594293,0.0
2015-08-28,0.0011560385,-0.0004129975,0.0025075632,0.021763222,-0.011024042,-0.0015336099,-0.016827436,-0.009992329,0.008889391,0.008149699,0.013759421,0.016289774,0.0036357217,-0.0038067962,0.03925295,-0.06713244,-0.008129912,-0.00022399848,0.00086362695,-0.018279701
2015-08-31,0.0010725663,-0.0061700684,0.0078079165,-0.00946615,0.0,0.00030695117,0.012170653,0.019397557,-0.00963894,0.0049731825,0.0062169703,-0.0011152474,-0.0021536166,-0.008126701,-0.03971203,-0.0017327515,0.0046657696,-0.002452143,-0.00050764106,0.009317705
2015-09-01,0.009966241,0.003530817,0.007439775,0.01337866,-0.07891999,-0.0023309467,-0.003184338,0.005593549,0.009977976,-0.00059207657,-0.0038745194,0.0026981994,-0.016324582,-0.028785396,0.010844251,0.015368119,0.0,0.014218627,0.01299203,0.0030678771
2015-09-02,-0.0017410923,-0.005681177,0.02579747,0.016700977,-0.0028841312,0.0040271576,0.010180764,-0.00052441674,0.003142747,0.003000202,0.0066134827,0.011706838,0.0029440315,0.005773489,0.0153919915,0.006322478,-0.0031902585,0.006658772,0.0009921114,0.0019301646
2015-09-03,0.012323689,-0.00057136203,-0.00044062635,-0.012367032,-0.0016600643,0.0014265601,-0.006581557,0.011047769,-0.00649448,-0.012666924,0.010734503,-0.003501986,0.0029108115,0.017015366,0.0002753951,0.0013393572,0.0007722886,0.023472847,0.00710377,-0.0015885266
2015-09-04,0.0102635315,-0.015678877,-0.0029033618,-0.0026530435,0.019942561,-0.009129176,0.0035547137,0.012776557,0.004753653,0.0,-0.010529871,0.0,0.006043853,-0.00048335272,-0.0055421516,0.002504036,-0.00090454717,0.0022262367,0.008790031,0.007570662
2015-09-07,0.0064828545,0.009120657,0.008476034,0.021282949,-0.0020004374,0.0,0.019187184,-0.0077415905,-0.00010438268,0.013641775,-0.014419129,0.015354406,0.012771601,0.015086324,0.0039906534,-0.0059955334,0.003574334,0.010160539,-0.031518128,0.012851966
2015-09-08,0.005480806,0.00901707,-0.00063654175,0.002966318,0.016637689,-0.027314773,0.0005631183,0.009145845,0.0134445345,0.013724888,0.039445285,-0.0061313626,3.2599848e-05,0.0012109134,-0.008138871,0.006153198,-0.007868568,0.0,0.006580706,0.025576988
2015-09-09,-0.00022101031,0.009533475,-0.01601013,-0.013865626,0.09698964,0.007825962,0.009390223,0.004472327,-0.0017689951,0.004216289,-0.055778537,0.0,0.0,0.0134316245,-0.005509549,-0.002512192,0.007894305,0.008769724,-0.0070929416,0.022118518
2015-09-10,0.00011417621,-0.0036919196,0.01224703,0.09208386,-0.0150563875,0.019211937,0.008841342,0.0047038863,0.0125434045,-0.025252951,0.010891533,0.0047178776,0.012439995,-0.004109953,-0.0186123,0.0060209343,0.003948967,0.009937746,0.00623611,0.0040952675
2015-09-11,0.0,0.008038208,-0.0004675822,0.01208742,0.10115148,0.0039657485,0.0020518529,-0.00087518466,-0.010135618,0.014234926,-0.0019290673,-0.0002087223,0.00719207,0.014651161,0.011115692,0.0057390938,-0.01591611,-0.003085345,0.0075577316,-0.047399044
2015-09-14,0.0016716626,0.006249575,0.021569652,0.0020565623,-0.01041892,0.0020546366,-0.026166009,-0.010156426,-0.0046633976,0.0062692743,0.020045046,-0.00046208073,0.0072360225,0.0016641263,0.019299645,0.01597554,-0.035291616,0.0069783027,-0.0020560606,0.0046519823
2015-09-15,0.011669278,0.005746717,0.0036282407,0.010701736,0.0036250453,-0.009392147,0.028322598,-0.0004718151,0.0029144853,0.004489094,-0.024875319,0.0011511429,0.02572584,0.019359263,-0.010874381,0.020527223,-0.0035026418,0.037959088,0.02546936,-0.026076514
2015-09-16,0.006106601,0.00817451,-0.0028490098,-0.01572986,-0.003907314,0.0153424805,-0.0010279821,0.0001115335,0.0130389035,0.0013614794,0.008967803,-0.0040884237,-0.048506297,0.006013626,-0.0015717753,0.032432072,0.0012536009,0.016106742,0.021753782,0.0048812195
2015-09-17,0.01606394,0.0017415473,0.0048206104,0.010893813,0.010945965,-0.002805737,-0.04343256,0.0149649065,0.005464359,0.0055177794,-0.00047265668,0.043749798,0.01086076,-0.0083962185,0.0072784866,0.037167184,0.016211733,0.0020047615,-0.007925741,0.010725946
2015-09-18,0.0038462912,0.0046491497,0.0063709402,-0.023836816,-0.0011334086,0.022251034,0.039188113,0.0019760095,0.014139505,0.0,0.010985593,-0.0017362182,-0.034826677,0.013707295,0.023410244,0.038912542,0.024713209,0.0016019929,0.022831842,0.010774
2015-09-21,-0.0018013649,-0.0034390606,0.00352801,0.014808304,0.0101237185,0.00587728,0.013947843,0.010144462,0.0,0.0,0.005378694,-0.0004832303,-0.00035000205,0.004885536,0.0009106171,-0.0005716075,0.003715122,-0.0022418778,-0.00051203516,0.01672222
2015-09-22,0.0019107924,-0.0008195826,0.0013631334,0.007740927,-0.008239327,0.006179502,-0.0049024336,0.0066040964,0.0014717373,0.01103466,0.0043896134,0.018215105,0.010396951,0.010777944,1.3389937e-06,0.0054806788,0.01938749,-0.0018041934,-0.009312413,0.013472735
2015-09-23,0.006030695,0.0019852968,-0.0049472926,-0.01603575,0.006502783,0.009848526,0.00061049615,0.0065626,0.004706575,0.009696003,0.01792269,0.0016012656,-0.006914142,-0.12333677,0.01767122,-0.0017036918,0.021544551,0.01472327,-0.024155682,-0.021045608
2015-09-24,0.00722202,-0.029779965,0.011738039,0.043817893,-0.0006961332,0.0081135025,-0.0015648305,0.009159653,-0.008383112,0.010441338,0.015815727,0.00038437403,-0.0006477406,0.005202036,0.0045283264,0.0138169,0.011688399,0.0118034175,0.032825466,-0.005392555
2015-09-25,0.006107032,0.0010375616,-0.003464317,-0.0006172492,0.0070113637,-0.0016241013,0.0,0.00809524,0.016626244,0.0016972447,0.012225327,0.005960084,-0.04745186,0.09159109,-0.0010526823,0.019011179,0.010178831,0.00067298504,0.0072601275,0.0027769855
2015-09-28,-0.018563073,0.019381674,0.0024015978,0.020237537,-0.0053171767,0.0047652163,0.0060255444,0.0071554505,-6.2098305e-05,0.007521965,0.0065078465,0.04864219,0.03593044,0.0061665364,0.012453738,1.1162068e-05,0.02903016,5.5478722e-05,0.017101575,0.017222494
2015-09-29,-0.0004799542,-0.0047135367,0.008789949,-0.0017333603,0.007986508,0.007286889,0.011518773,-0.015443109,0.0070071374,0.0074550696,-0.007505328,-0.048496902,0.010913382,0.039892595,-0.0037709202,0.015077286,-0.0018303011,-0.003205922,-0.046870876,0.019938441
2015-09-30,0.009827729,0.0055564917,0.0059535136,0.004022346,0.0067781834,-0.0012050441,0.011312485,0.0033180448,0.012269328,0.00027335188,0.0063243206,0.0,0.02317922,-0.020404464,0.0,0.0023245013,0.003759047,0.016047072,0.00846953,-0.0009150052
2015-10-01,-0.0037058727,0.013462583,-0.0014540507,0.021773228,0.009465033,0.010968539,0.005744926,-0.0027513085,0.004215336,-0.0037705,-0.019163944,0.017171158,0.0025701472,-0.009081416,-0.008299428,0.0047293426,-0.019017382,0.0029129738,-0.0019021386,-0.0062923976
2015-10-02,0.007734287,0.0021177304,0.00054370693,-0.0047270716,-0.00011020585,-0.007303923,0.0037929642,0.0102427285,-0.011807259,-0.0013158391,0.0,0.009236817,0.028960057,0.00022709485,-0.006021712,0.006831599,0.0017559644,0.010978085,0.010055253,0.019735651
2015-10-05,0.0013353957,-0.03542589,0.0038810507,0.018695693,0.009682452,0.006215225,-0.0008645466,0.005980203,0.0026451095,-0.005911788,0.020904662,-0.121261224,0.005558482,0.024554685,0.001899258,0.006776787,0.016149612,-0.0010392994,-0.013554209,-0.018452967
2015-10-06,-7.746246e-05,-0.023669958,-0.0042453595,0.002376021,0.0012620908,0.0047410545,0.011661458,0.008807119,0.01595365,0.0059634815,0.0040683444,0.019400781,0.0040548164,0.0035732533,0.0,-0.0017630514,0.003641937,0.0,0.0002854646,0.02462322
2015-10-07,0.0042193267,0.0011790791,0.004879991,0.016125673,0.0012892218,-0.00057369244,0.01647133,-0.006191382,-0.0031749287,-0.002892624,0.028728928,-0.081965834,-0.0018371809,0.018690584,0.0129828835,0.0016465859,-0.00030878402,0.009943962,0.023193387,0.007390846
2015-10-08,-0.00010096558,0.0117009375,-0.00028080636,0.005470707,0.0026568356,0.0187476,-0.009505998,-0.0015204333,0.007748455,0.015013741,-0.013004953,0.00024597903,0.011562944,0.005271539,-0.02354133,0.013648159,-0.023022525,0.014641092,-0.009725594,-0.008301348
2015-10-09,0.00062445726,0.015865618,0.019279191,0.00083059934,0.0056112963,-0.0037733275,-0.0021618449,-0.0073625674,-0.0010522774,-0.010796099,0.014889988,0.0044771857,-0.022797167,-0.029672895,0.033903025,0.0022872759,0.04725307,-0.002922296,0.0148252165,0.0026033022
2015-10-12,0.012135957,0.00694948,0.0012242637,-0.013087883,-0.00447048,1.06573125e-05,-0.0047464757,0.0065422924,0.013273892,-0.041109886,-0.0015720315,0.03737915,-0.026116733,-0.01021244,-0.00028903256,0.029327035,-0.008564312,-0.0004510416,-0.0051462064,0.017628439
2015-10-13,-0.0068286434,0.004317402,-0.0032384736,0.011052222,0.0,0.011740213,-0.0018560077,0.008781946,0.0,0.025695782,-0.015473329,0.0143018905,0.009631143,0.021208989,0.032150045,-0.005573058,0.00969532,0.0023262876,0.039599705,0.007376097
2015-10-14,0.00041741485,-0.0167382,0.008863292,0.012102457,-0.019045688,0.001150887,0.009041793,-0.0020065159,0.0065057464,-0.018866627,0.004822133,-0.06851133,-0.029768087,0.06265894,0.015196612,-0.006980353,0.01078704,0.013152889,0.0077613136,0.008599005
2015-10-15,0.01456169,-0.00029603473,-0.004062167,0.010223272,-0.012233733,-0.0031224142,0.016544953,0.0009837304,0.006493685,0.019410344,0.0022796849,0.08816969,0.0035976425,0.034133304,-0.015867114,-0.007743631,0.0045742327,0.004206506,-0.001160171,0.0119539
2015-10-16,-0.0050942176,0.0070439954,9.471492e-05,0.0011947571,0.0036245042,0.0070872065,-0.034284316,-0.0004640771,0.01621116,0.0034002531,0.037927568,0.006134557,-0.026197486,-0.029994242,0.008239834,0.0026809832,0.0063204905,0.0071566147,0.004852482,0.00046751476
2015-10-19,0.0068341414,-0.023233276,0.008598294,-0.0012909287,0.019084131,0.0035580704,0.0068559,0.0021650214,0.008897772,0.015870707,-0.013938122,0.003933587,0.029680865,0.002341419,0.003552231,-0.026087174,0.012608179,0.0,0.0055644684,-0.0013649698
2015-10-20,-0.004101195,0.023907196,0.008472621,-0.0011522421,0.0057686833,0.012270496,0.008946494,0.008574782,0.0028276313,0.0088057285,0.0020191842,0.0033926447,0.0008672186,0.0147077665,-0.0025522327,0.018391479,-0.0005322099,0.0,0.0,0.025893047
2015-10-21,0.005161633,0.010225399,0.009137778,0.0032380747,0.0062120575,-0.0024668651,-0.0024327845,0.005667474,-0.006512429,0.008081836,0.0062109632,0.021049643,0.02568863,-0.017987,0.053582292,-0.008059015,0.012774655,0.016394168,0.0007248285,-0.010545816
2015-10-22,0.010942478,0.0027345312,-0.0032922376,0.011818506,0.0043798643,-0.0001859969,-0.0015695597,-7.748529e-05,0.012044843,-0.058165915,-0.0014618689,0.0,0.005636195,-0.025918271,0.0,-0.038950603,-0.005634457,0.0007316228,0.0,0.0013051679
2015-10-23,0.0,0.0048940964,-0.002614513,0.0025945962,0.00797787,0.008901573,-0.07147392,0.004758993,0.008065898,0.017781354,-0.00031292846,-0.018942175,-0.025065972,0.024324944,-0.006237416,0.012933883,0.01435603,-0.016045807,-0.036179088,0.0
2015-10-26,0.00708134,0.0022906454,0.0049955347,-0.0018464164,0.0018443593,-0.006325408,-0.006091405,0.0,-0.00078102015,-0.0046179267,-0.012166162,-0.0009058547,-0.0018399404,-0.018149197,-0.016929746,-0.0031866485,0.003726098,-0.0028866325,0.008880638,-0.008219081
2015-10-27,-0.0060048676,0.00026669877,0.009023031,0.009128691,0.017598383,0.007315849,0.013209854,0.00029459235,-0.011393732,0.0008062115,0.024299124,0.003018805,-0.018813789,-0.04634494,0.03686537,0.047432646,-0.0027258708,0.013335807,0.010030125,0.0017006029
2015-10-28,0.0,-0.0012627308,-0.008655949,-0.03185673,0.0,0.0056597297,0.020135276,0.0045666094,0.0008714272,0.0040342314,0.0036136732,0.0018874703,0.023891889,-0.0045208884,0.019014357,-0.0064851316,0.0098433895,0.0050605917,0.0133922165,0.0013269617
2015-10-29,0.005243589,0.009376501,0.0019673868,0.0018867973,0.005410287,0.0029539294,0.014986627,0.010597748,-0.018197564,0.02449026,0.047469493,0.002946479,-0.010176007,0.019330556,-0.00068217487,0.014907942,0.024307793,0.014688359,0.015860962,-0.010173327
2015-10-30,0.015199181,-0.009279263,0.0054299366,0.009039553,-0.0013425504,-0.0008829286,0.005353086,0.01236435,0.0062562567,0.0006137248,0.0,0.0035731224,-0.008663699,0.006204355,-0.00042393527,-0.011205581,0.014320262,-0.00013736797,0.0017057753,0.01648346
2015-11-02,-0.0026797147,0.020407379,0.004096205,0.0028802603,-0.003935714,0.00050353777,0.0033955663,0.0,0.022882387,0.0060899397,0.0140233645,0.017133918,0.023138719,0.0004544368,0.0115791,-0.00430112,-0.01304087,0.0069559463,0.012273069,-0.024099104
2015-11-03,0.020351794,-0.0053009023,-0.007044322,0.00010414231,0.0140844975,0.0064012427,0.017459279,0.00313262,0.0,0.0016846815,-0.0008364253,0.014838217,0.01900151,0.03412588,-3.719279e-05,-0.023864347,0.0027173937,0.008585002,0.02488369,0.033912208
2015-11-04,-0.0027999352,0.012324777,0.0031148563,0.0014028405,-0.0054645943,0.0024598131,-0.0013733762,0.012259085,0.018494653,-0.005796698,0.01747596,-0.0018172957,0.0021578209,-0.007936909,0.0028837353,0.006211317,-0.01632631,-0.0013596307,-0.022917224,0.00011914741
2015-11-05,0.016529778,-0.02375038,-0.006843551,-0.0053112498,0.009443122,0.004114242,0.0,0.018280305,0.007722171,0.009872334,0.016557926,0.013360213,-0.0034750546,0.032663964,0.0,0.044407997,0.0013656719,0.0084552765,0.005151587,-0.0028413762
2015-11-06,-0.005848305,0.009046783,0.013989251,0.015193594,-0.00544524,0.0014810258,0.0071269297,0.0081930915,-0.0064916248,9.8059594e-05,-0.00036923544,-0.0054042293,0.028777989,0.010012835,0.001006416,-0.08315498,0.0053122784,0.0064355475,0.004678789,0.043190982
2015-11-09,0.01096156,0.0014053646,0.014649558,-0.0034063938,0.01073756,0.004483547,0.01476508,-0.0027164079,0.001883196,0.0,-0.0037466914,0.010841361,0.024471693,0.0013254768,0.01710202,0.015011434,-0.019563634,-0.00048934924,-0.017601741,0.027717898
2015-11-10,0.020132367,0.00038541135,-0.0039762934,0.0016689072,0.0,0.0058211987,0.002020981,0.0097840885,0.008362351,0.016643068,-0.0011829938,0.00014885356,-0.0017015385,0.0020585563,0.0060706795,0.015585892,0.010739035,0.0066712694,0.00861308,0.0021892006
2015-11-11,-0.011215931,0.010254641,0.0,0.00870794,0.0005724027,-0.0003017828,0.015519098,-0.008179473,-0.010082671,-0.0033738702,0.062847264,0.0131668765,-0.0017110099,-0.016169816,0.018232735,0.010951936,-0.04398557,-0.004872864,-0.024028514,0.013248403
2015-11-12,-0.0020574764,-0.001995216,0.0044200877,0.0013670824,0.019399215,0.006568673,-0.0037429384,0.012245791,-0.0021736482,0.014604899,0.016663443,0.03075709,0.005648111,0.010981506,-0.0015092115,0.0029344915,0.088074856,0.013052753,0.01822325,0.00849943
2015-11-13,0.0091150245,0.008799017,0.0076502697,-0.013210267,-0.0019592962,0.0051040896,-2.13257e-06,0.017278194,0.0074139396,0.0077670286,-0.00066434726,-0.020063031,-0.0017562876,0.0073009124,-0.0020838124,0.018717581,-0.003665996,0.0016561742,0.0068208696,-0.008740006
2015-11-16,0.0040166457,-0.0022057819,0.004313805,-0.013656778,0.0062941583,0.0014314927,0.0029157624,0.0016439903,0.0056201103,0.013617297,0.005731464,0.0009228243,-0.010918338,0.016527487,-0.0061515337,0.010406093,0.017550005,0.005208792,-0.005988323,0.0
2015-11-17,0.004066306,0.013667122,-0.0003427676,4.457593e-06,0.005740453,0.000151334,-0.000107537584,-0.0035096935,0.0013276814,-0.006854887,0.017018806,-0.001683892,-0.0080532525,-0.01813139,-0.023999931,0.0061346013,-0.0012813763,0.0081985565,-0.0013962399,0.01765943
2015-11-18,0.0047107995,0.007562307,0.009514803,0.023601264,0.014910356,0.008318867,0.02199804,0.010508805,-0.02829681,0.0148066245,0.0035059915,0.037015177,0.009007658,0.047393043,0.013710203,-0.018590182,0.002315258,-0.00036848598,-0.00058150355,0.00067533506
2015-11-19,0.004757596,-0.0045403396,0.0009208153,0.013055135,0.00034039916,-0.00032513394,0.00089693855,-0.0028149553,0.00528624,-0.0030934892,0.0022752096,-0.013515059,0.025943793,0.0058788564,0.0001044388,0.021553352,-0.027600665,-0.0008301008,0.01106553,0.008635046
2015-11-20,-0.0091464175,0.013235614,-0.013926933,0.007825382,0.00034416228,0.0007086359,0.00441518,0.006015336,0.012106372,0.010220938,-0.0028937634,-0.03367925,0.017038804,0.0035460428,0.021271382,-0.032687437,0.0018214687,-0.0039458903,0.010843029,0.0041212165
2015-11-23,-0.0009326616,-0.014618398,0.005734958,0.019574985,-0.002385448,-0.00055890065,0.0030007227,-0.0040784236,0.025779117,0.00079726236,0.004471934,0.011484864,0.0031570655,0.013816653,3.8847236e-05,-0.00056495547,0.020983929,0.013076497,-0.0075449105,-0.02298808
2015-11-24,0.017208317,0.014675577,0.0028793188,-0.0034315118,0.003980422,-0.0009189355,-0.01870542,0.014028904,0.0109686805,0.0006056871,-0.020025738,0.030076561,0.011206779,0.00095009065,0.0023083044,-0.025683053,0.014925759,0.0055316673,-0.01011658,0.021415994
2015-11-25,-0.004642419,0.00809621,0.0019216855,0.0106932465,0.014910195,0.015156024,0.00487878,-0.0021041275,-0.0013518517,0.0069754035,-0.106572986,0.0044341683,0.0031231616,0.0038101964,0.011566898,0.018393796,0.0058960584,0.004452663,0.022664476,-0.000278108
2015-11-26,0.0052426425,0.0052607683,0.0,0.0029892668,-0.0013458462,0.009134468,0.0,0.0060271467,0.02126056,-0.0115125375,0.014177672,0.021209974,0.022749979,0.0066200374,0.0021398312,-0.0039280686,-0.006694546,-0.00036178998,0.0010234066,0.0070627136
2015-11-27,0.001973043,0.0069996337,-0.0047095055,-0.002409998,0.009313104,-0.0034441892,0.017754506,-0.00876931,-0.019611074,-0.0035169637,0.016228987,0.0061705178,0.00034300063,0.001581005,-0.008178378,0.0048516975,0.003701517,0.0054980507,-0.021727953,0.00884867
2015-11-30,-0.018526793,0.0053028106,0.012257748,0.011302515,0.0044894214,0.009949363,-6.5218404e-07,0.008495779,0.014021836,0.0017518562,0.014566315,0.00043577494,0.009476359,0.014903635,0.017562907,0.088277884,0.00391687,-0.00054895587,-0.0064833597,0.004143851
2015-12-01,-0.0005132808,-0.0040895487,0.001791796,-0.0042463685,-0.00303509,-0.004511769,0.011649424,0.0062571513,-0.00044741255,-0.005622766,0.09218969,0.0,-0.004869645,0.00015643028,0.0099877175,0.01940933,0.017516972,0.013071625,0.011221837,0.001667697
2015-12-02,0.00026469034,0.003854503,0.010826426,0.010411563,0.0028772193,0.009079674,-0.0033746783,-0.021085585,-0.011236732,0.008385996,-0.0376561,-0.028641729,1.7622866e-05,0.003169106,0.0007615548,0.01885414,0.01039218,-0.0015178764,0.002376906,0.014931585
2015-12-03,0.0006901502,0.0023725752,-0.0037311013,0.0055440995,0.00013156574,0.0,-0.007922228,0.0075179487,-0.0012764642,0.016210867,-0.0021351308,0.014722584,0.008276729,0.0010699253,0.0,0.014246043,0.0038460467,0.0054192683,0.007315278,0.008825631
2015-12-04,0.0252037,0.00299416,0.013527873,-0.030209776,0.013072806,0.0,-0.010284084,0.006926388,0.010490454,0.00036624272,0.03490301,-0.031475317,-0.0016422572,0.009821571,0.003224816,0.010986937,0.0021050593,0.0070298566,0.019165633,0.008667383
2015-12-07,-0.0020261258,0.0016630576,-0.0024864152,-0.010099979,0.004021327,0.0,0.009167543,0.0,0.0075354916,0.0,0.01419766,0.018590445,0.0117595745,-0.002223523,0.011535012,0.0028547293,0.0015888896,-0.0147801535,0.0021411374,0.02014746
2015-12-08,0.012819164,0.008192748,0.011207546,0.016075384,0.010313325,0.017671065,-0.011677019,0.0023400115,-0.010557895,0.008033229,0.0065113455,-0.00084375165,-0.018050123,-0.010080079,-0.0021092412,-0.099462986,0.0043716906,0.0015971882,-0.012003444,-0.00069108984
2015-12-09,0.004782795,-2.2552467e-06,-0.0076261847,0.016690416,-0.0024801465,-0.005723524,0.012778116,0.010254325,0.0113728475,0.011861162,-0.008284654,0.004365167,0.010342026,0.0014884985,0.010037441,0.0028143574,0.013066375,0.0124860415,0.025220878,0.0056058657
2015-12-10,0.0056418027,0.010875485,0.0,-0.01316202,0.0063465876,0.007072033,0.018815788,0.0025824977,0.013627014,0.0034023696,0.027840517,0.012428771,0.0009424045,-0.009036209,-0.007042843,0.062218327,0.00561409,0.0029302088,0.0063223536,-0.0019358714
2015-12-11,0.0020674253,0.0034756525,-0.0083516445,0.0025386019,0.0066466643,0.010455837,0.00786948,-0.005682203,0.008349626,0.010865683,-0.0053372914,0.0067612007,0.024372289,0.0005106994,0.0022855375,0.0034281574,0.007800818,0.0020757057,0.015696496,-0.0096882135
2015-12-14,-0.011003498,-0.00023490637,0.024257828,0.002381536,0.009231041,0.013275305,0.0047224653,-0.00031573093,0.0010370999,0.009573537,0.012379971,-0.016944226,0.004732053,0.006522513,-0.012572917,0.0009057891,-0.0031425627,0.05632614,0.012379971,0.013275305
2015-12-15,0.0047642235,0.01990691,0.011595294,0.0093583865,-0.020846091,0.001070174,0.009907632,0.02476048,-0.008693834,-0.000308079,0.0095547065,-0.016718853,0.049703922,0.027333014,0.016236873,-0.0053247437,-0.003851007,0.0073209167,0.0095547065,0.001070174
2015-12-16,-0.0072132265,0.008359137,-0.009305274,0.0018844707,0.010817543,0.011094786,0.0033455666,0.010878876,0.014395975,0.010599165,0.006582982,0.007732882,0.011417668,-0.009252933,0.01039564,0.0012002368,0.004167396,0.037700824,0.006582982,0.011094786
2015-12-17,-0.0029394561,-7.654337e-05,0.013348265,0.008266193,-0.031921938,-0.0055497447,0.027278436,0.0011353475,0.0,-0.0071912734,0.004065667,-0.041782834,-0.0005650804,0.022863213,-0.003257724,0.10944449,0.028990813,-0.022708163,0.004065667,-0.0055497447
2015-12-18,-0.0065611214,-0.032843594,0.0036044999,-0.029724687,0.0101462975,0.010663491,0.0,0.013613489,-0.013068733,-0.0066532665,0.010198734,0.006366315,-0.0035967294,-0.00026655814,-0.0060080253,0.0051712366,-0.048779547,0.013531687,0.010198734,0.010663491
2015-12-21,0.039230257,-0.012770648,0.0022564935,0.00010722451,-0.00020593297,0.0009356948,0.014019596,-0.031671688,0.023183316,-0.0121682845,-0.00070111855,-0.024452485,-0.035795808,0.016690107,-0.0028586648,0.001677148,0.04572948,0.019269377,-0.00070111855,0.0009356948
2015-12-22,0.006991453,0.028917376,0.008686852,0.010225045,0.0007882435,0.00042592114,-0.013403349,-0.0015891748,-0.026153855,0.00094308436,-0.008313271,0.010781777,0.027407387,0.0019220962,0.040743336,0.027494857,0.008516297,-0.0030630021,-0.008313271,0.00042592114
2015-12-23,0.018490553,-0.00010534042,0.0025648624,0.004125669,0.013493129,-0.00026916823,0.02289177,0.044344608,0.03363946,0.0065801754,0.00028148748,-0.010424231,0.014300539,0.005188629,-0.050008003,0.007795908,-0.002249764,0.003963992,0.00028148748,-0.00026916823
2015-12-24,-0.0006898026,0.0029653776,-0.0013386882,0.004692664,-0.0029794178,0.008376589,0.020835439,0.004252203,0.010788861,0.004091681,0.0007116746,0.01715798,0.007154753,0.00084517786,0.002849794,0.017301016,0.007660511,0.019441659,0.0007116746,0.008376589
2015-12-25,-0.044356618,0.009115418,0.009534904,0.0026424944,-0.00054343394,-0.0010649309,0.016699063,0.010004403,0.014886022,0.0061138812,0.010221832,-0.021703897,0.010638742,-0.0052983463,0.06518769,0.02400744,0.0009505466,-0.12746821,0.010221832,-0.0010649309
2015-12-28,0.0015601972,0.022240568,-0.003970346,0.009148591,0.0010655008,0.009097612,0.0071568494,0.0022200972,0.0038839062,-0.0030558684,0.0029655444,0.00823639,0.014541305,0.0023083529,0.006589935,-0.01207714,-0.0018344611,0.054558955,0.0029655444,0.009097612
2015-12-29,-0.019574245,-0.013723275,0.014555778,0.008569023,0.0,0.00088248984,0.0,-9.192083e-05,0.008017455,0.015429573,-0.016142406,0.0147985825,0.00088458013,0.0028766552,0.0032347154,0.07405337,0.007293598,-0.0012922338,-0.016142406,0.00088248984
2015-12-30,0.011074537,-0.0023983829,0.03113986,0.0017742421,0.0042413697,0.0102120815,-0.00918427,-0.022521632,0.0074741063,0.0078001157,0.003979796,0.026860854,-0.010205578,0.0030402613,0.0025013278,-0.02209965,0.0018506653,0.025500385,0.003979796,0.0102120815
2015-12-31,0.028569087,0.0022800476,-0.049143195,0.0038256876,-0.004189469,-0.0023903076,-0.008754573,0.010368266,0.009694478,0.011753353,0.011355263,0.0148339225,0.0088131325,-0.000268583,0.002424822,-0.0042232913,0.024217848,-0.015534802,0.011355263,-0.0023903076
2016-01-01,0.01831623,0.005958215,0.006919242,0.0031538203,0.013272925,0.0006130936,0.0079456195,-0.010885928,-0.0041676303,-0.0055337343,0.018415047,0.009254726,0.010170736,0.00045293375,0.0071861744,-0.016549502,-0.03218646,-0.012265689,0.018415047,0.0006130936
2016-01-04,0.011221496,0.008386687,0.0056186854,-0.013352532,-0.0020297738,-0.008756029,0.0126691805,0.038092837,0.0047691595,0.0040435977,-0.008383741,0.0013871831,-0.0022155936,-0.0010582899,0.007409115,-0.0013966217,0.005348126,-0.0027819106,-0.008383741,-0.008756029
2016-01-05,-0.0018714446,0.0044415947,0.0066292086,0.0056356452,0.0047358302,0.007992342,0.00035345525,-0.0073451507,0.010853751,-0.0010716699,0.003952622,-0.0049275756,-0.0069289617,-0.0059320317,-0.0006040519,0.09241332,0.017827678,0.0104252305,0.003952622,0.007992342
2016-01-06,0.0024795306,-0.008120111,4.1784337e-05,-0.0073427428,-0.014268198,0.0043905256,0.029120376,0.013299055,-0.012218135,-0.005956074,0.017292082,0.012907657,0.018799836,0.017545514,0.0108208405,0.034225397,-0.00037179535,0.029085172,0.017292082,0.0043905256
2016-01-07,0.01436343,0.014613286,0.014154879,0.0035495113,-0.0003733784,0.0063068285,-0.022949066,-0.013922371,0.006415235,0.02099056,-0.010475463,-0.010123268,0.021225795,0.005036615,0.012423212,-0.11765463,0.004096645,-0.06609577,-0.010475463,0.0063068285
2016-01-08,-0.0066827,-0.011031539,-0.0068338052,0.006760767,0.0033403155,0.0025879566,0.009881806,-0.02483051,0.0039176797,-0.00014988462,0.0011400597,0.013555457,0.0020120472,-0.0045210244,-0.028361484,0.012937839,0.015169257,-0.010305979,0.0011400597,0.0025879566
2016-01-11,0.0066538253,0.012040992,0.003124462,-0.008191673,0.011060758,0.0,0.00694688,0.06479725,0.0043269494,0.0,0.0048144246,-0.007577132,0.0022984166,-0.023374634,-0.00045764973,-0.019202715,0.028513944,0.007192868,0.0048144246,0.0
2016-01-12,0.008231866,-0.0030787904,-0.0051373523,0.0047560153,0.006396309,0.0019034809,0.013755955,0.0114882635,-0.0037142786,0.0030181368,0.01909211,0.00044116628,-0.0071071833,0.017171223,0.010003922,0.045647915,0.005726566,0.00607625,0.01909211,0.0019034809
2016-01-13,0.008237944,0.015021118,-0.00030982058,-0.0013666968,0.0018548158,0.0025386398,0.0018897511,-0.016496839,-0.0007738387,0.005572643,-0.0006926353,0.020201497,0.0027958825,0.0053935163,0.01546903,-0.011437703,0.016942024,-0.0013919466,-0.0006926353,0.0025386398
2016-01-14,0.00083054317,0.0067257676,0.009202382,0.009138613,0.004152918,0.005268428,-0.0009080641,0.044996437,-0.006269388,0.0,0.015329798,-0.001454858,-0.00052074774,0.0123178605,-0.0141888065,-0.10594125,0.0017682525,0.0032743618,0.015329798,0.005268428
2016-01-15,0.01310471,0.0029577457,0.0075444556,0.007940108,-0.0005265403,0.0,0.0013899021,0.007727125,-0.009764684,0.0016497163,0.010826849,0.00083380775,0.0,-0.025831228,0.016011579,9.395717e-05,0.006645179,0.031901747,0.010826849,0.0
2016-01-18,0.004658374,0.0,0.006429115,-0.006674478,0.0069359667,0.0,-0.0016678753,-0.0007173285,0.021818452,0.008590449,-0.0044997856,-0.028742108,0.014491495,0.039253764,0.0005226033,-0.007058464,-0.016058793,-0.022995621,-0.0044997856,0.0
2016-01-19,-0.0017655155,0.0013993839,0.0021712983,0.010908565,0.0070920703,0.000994537,0.0045959386,0.0014818474,0.007375811,0.001309789,0.009507802,0.021049537,0.00013459321,0.0030734674,8.7152024e-05,-0.05106785,-0.0048694275,0.0001040559,0.009507802,0.000994537
2016-01-20,0.013122856,-0.0027534077,0.0020988672,0.0023258794,0.0033382408,0.008389566,0.009781831,0.015036403,-0.02533031,0.0022518649,-0.0027242193,0.01836046,0.014078313,-0.036787525,0.0028384295,0.10301757,0.008812121,0.004725534,-0.0027242193,0.008389566
2016-01-21,0.0014498597,0.0066458457,0.01032547,0.00095651747,0.0017720496,0.004845809,0.0020396116,0.0032973462,0.0025218893,-0.013221687,0.0,-0.00024338474,0.0038558415,0.0069279005,0.016611915,0.009725306,0.00090132206,0.02107845,0.0,0.004845809
2016-01-22,-0.000110355984,0.0028596001,-0.0013035978,-0.0067447955,0.0029440601,0.0008178339,-0.045497686,-0.052176926,0.011384561,0.004258763,-0.00047084942,0.012754706,0.0060918303,0.0036845326,0.0041009667,0.03666559,0.033020098,0.016560348,-0.00047084942,0.0008178339
2016-01-25,0.0073209167,-0.003809697,-0.014079384,0.00030078998,0.010227233,-0.0018388116,-0.006485043,0.016722469,-0.00041345818,0.002045561,0.0019577497,-0.002685171,0.0016822014,0.021255065,-0.0032419735,0.010493851,-0.008370755,0.015005129,0.0019577497,-0.0018388116
2016-01-26,5.2613068e-05,0.004252277,-0.009887126,-0.0068875076,-0.0016110839,-0.0012968198,0.0068914145,-0.004075813,-0.0034968765,0.006900508,0.02167185,0.012952646,0.005561876,-0.0027356036,0.0018384265,0.0058536786,-0.011830645,0.00681742,0.02167185,-0.0012968198
2016-01-27,0.0065160245,0.010674379,0.0019437412,0.0012898492,0.0042228675,0.0003986468,-0.010667772,-0.00908951,0.025680035,0.018190257,0.0016294743,0.0013036943,-0.013561259,-0.011851767,-0.005953927,0.025536574,0.029320652,-0.0032713162,0.0016294743,0.0003986468
2016-01-28,0.009012245,0.032113697,0.0051319734,-0.0017523546,-0.017432725,0.00043701116,0.011962658,-0.0036856022,0.007237744,0.004126079,0.014826853,1.8426775e-06,-0.023765914,0.024601474,0.015213861,0.021143217,0.014165218,-0.0011608093,0.014826853,0.00043701116
2016-01-29,0.01512289,-0.011642137,-0.008409612,-0.009999265,0.008243198,0.0005120584,0.006525853,0.035023037,-0.006924333,0.014000398,0.008370471,0.0059524914,0.017369276,0.03639893,-0.008656001,0.0010085288,0.016322102,-0.034068447,0.008370471,0.0005120584
2016-02-01,0.0018525653,0.0150141055,0.002997378,-0.0014588439,-0.0030383542,0.0013440875,0.009848643,-0.012107857,0.006373623,-0.005102513,0.010942744,0.0063482122,0.01700421,0.014030138,-0.0045722327,-0.066093184,-0.00029174157,0.008475657,0.010942744,0.0013440875
2016-02-02,0.0022652894,0.0058859535,-0.0036582951,0.011543255,-0.0065066284,0.0,-0.00143137,-0.008111526,0.0025727798,0.0014402394,-0.015132659,-0.00044819244,0.005087963,0.00018662239,0.0067261993,-0.029734846,0.013892024,-0.049811423,-0.015132659,0.0
2016-02-03,0.0034826866,0.0027411357,0.004454533,-0.002797082,-0.0066907094,0.010456606,0.011892539,0.0048670084,0.0006357728,0.004786022,0.0019910953,0.012282529,0.0037401721,-0.03835881,0.007910188,0.008527006,0.014276631,-0.00067491055,0.0019910953,0.010456606
2016-02-04,0.014047622,0.010784432,0.02183834,0.017922835,0.00818496,0.007274001,0.009631956,0.0016652081,0.007219808,-0.004083002,0.0,0.0057297004,0.010430278,0.008612443,-0.0015337323,0.007651315,0.004858286,0.0012946583,0.0,0.007274001
2016-02-05,0.0030437133,-0.005303001,0.0051548835,0.00070549693,0.013096558,-0.0021620907,-0.0161698,-0.008213812,0.0038237476,-0.0020577933,0.0,0.02543909,0.012224678,-0.0015908842,0.0017675207,0.00022566652,0.016115643,0.005104911,0.0,-0.0021620907
2016-02-08,0.0,0.016158052,0.00033346872,0.012774201,0.0,0.0,-0.0061262464,0.0071906145,0.002107539,-0.012191767,-0.0024506135,8.871753e-05,-0.0023500798,0.017691225,0.007422797,0.0,-0.003602579,-0.010188231,-0.0024506135,0.0
2016-02-09,-0.0077369786,0.0018534788,0.009800425,0.00406858,0.008308735,-0.00086711644,0.007947627,-0.008101301,0.015074557,0.0057637338,0.004419039,0.0018505143,0.0037658662,-0.0007572923,0.0061604953,-0.016128484,-0.0025575566,0.019758027,0.004419039,-0.00086711644
2016-02-10,0.0033731707,0.008178705,0.011284513,-0.0011435171,0.0064006583,-0.000227254,-0.0055767624,0.0024359247,0.0023373703,0.010562286,-0.0010539863,0.0,-0.000915021,0.0059165303,0.0009937143,0.00319612,0.005736491,0.0024861249,-0.0010539863,-0.000227254
2016-02-11,-0.016078746,0.011502853,0.008178869,-0.004374801,0.0047585983,0.0037625083,0.008174478,0.027247978,0.0056019244,-0.020561783,0.005735464,0.0053540603,-0.00031096922,0.0016182297,0.0029172846,-0.002034814,0.0038500668,0.00087901694,0.005735464,0.0037625083
2016-02-12,0.010866563,0.010281936,-0.008597084,0.0105170775,0.0068707657,0.0065275445,0.00035905748,0.007189915,-0.013972366,-0.0032925694,-0.008762563,-0.057159826,0.001797041,-0.0034078208,-0.0075706383,-0.009429955,0.008352698,0.03733054,-0.008762563,0.0065275445
2016-02-15,0.007847199,-0.008025581,-0.0017088173,-0.002897462,-0.0015614849,0.0029039376,0.007726272,0.022823991,0.02506996,0.0025361245,-0.0053404593,0.013499144,0.0001031692,0.0038677407,0.009361035,-0.002158269,0.015627556,0.00043837779,-0.0053404593,0.0029039376
2016-02-16,0.009056978,0.011236202,0.0036171828,-0.0023424812,0.010472462,0.0066410117,-0.015596844,-0.00035003838,-0.00550584,0.0021501228,-0.006970024,-0.0009388575,0.014264072,0.031354453,0.010397422,0.014822499,-0.005114251,0.015900625,-0.006970024,0.0066410117
2016-02-17,0.004906085,0.005598421,-0.0017328594,0.008367729,0.0007036009,-5.6013734e-05,-0.009642302,0.0144080985,-0.0012397611,-0.016898813,0.008378614,-0.008632795,0.0,-0.051764444,0.004035429,0.0005718706,-0.004049374,0.005629798,0.008378614,-5.6013734e-05
2016-02-18,-0.033621818,0.0,0.0009330819,0.011763548,-0.0013423711,-0.0049063982,0.00870453,0.00084569963,0.00944629,0.018486932,0.0032720661,0.029229127,-0.018086335,0.019356932,0.0017388777,-0.0035833106,0.0037062806,0.00358568,0.0032720661,-0.0049063982
2016-02-19,0.0,0.0048236824,0.010216833,-0.002295586,0.0057363,-0.0017385277,0.0061854636,-0.008359861,0.00892158,0.0,-0.003770407,-0.0003823529,0.0025816879,0.00033578897,0.0013331438,0.01919994,-0.012431205,-0.0014004561,-0.003770407,-0.0017385277
2016-02-22,0.01258084,0.009547038,0.0026766614,0.0040597855,0.00041864885,-0.013155628,0.0042594406,0.003729092,0.005665578,0.010441755,0.0017926648,0.02189648,-0.014387708,-0.0037554665,0.0075515867,-0.0035219141,0.017786773,0.008592396,0.0017926648,-0.013155628
2016-02-23,-0.0072193113,-0.0010591935,0.00034827512,0.005270031,0.0021827419,0.0065311156,0.007789808,0.016331507,-0.0067627556,-0.003368821,-0.0029215699,0.020910166,0.022640066,0.004859601,-0.001439238,0.013981344,-0.052613933,0.0017812239,-0.0029215699,0.0065311156
2016-02-24,-0.019045528,0.0023114316,0.003326176,0.0,0.0,0.0009321786,-0.0023044413,0.017763322,0.008801,0.0036906032,0.022361994,0.010049046,0.009073687,0.0036038212,0.0006774779,0.10753821,-0.0052747284,0.0036278141,0.022361994,0.0009321786
2016-02-25,0.018427698,-0.002680117,-0.00082139997,-2.1611535e-05,-0.0016954318,-0.025330782,-0.0018546858,0.0046266713,0.009126588,0.0070011644,-0.00578184,0.01422488,-0.008134574,0.017979095,0.0024172487,-0.12656747,-0.0055445586,0.0017295439,-0.00578184,-0.025330782
2016-02-26,0.010012625,-0.0031307824,-5.2068408e-05,0.0036285557,0.0013162117,-0.008317455,0.006459549,-0.01094771,0.004605652,-0.0051621003,0.0014711017,-0.007472904,0.005882408,0.01174646,0.010978218,-0.020864626,0.0077991146,0.006143191,0.0014711017,-0.008317455
2016-02-29,0.0051572477,-0.013925066,0.0,0.008128919,-0.006884105,-0.007972148,0.010069707,0.016207619,0.016278403,0.00082260737,0.0075749727,-0.020704463,-0.007624882,0.004318766,-0.006442535,0.010047378,0.0056042094,0.009971722,0.0075749727,-0.007972148
2016-03-01,0.0003211802,0.008612532,-0.010452347,-0.014114663,-0.0014650754,0.008106183,0.007768051,0.00044282235,0.006271244,-0.0014947677,0.013506152,0.010370045,0.005081659,0.008349116,-0.004268524,0.0,0.009534925,-0.02420454,0.013506152,0.008106183
2016-03-02,0.009771494,0.009881933,0.012067035,-0.00086152146,0.0070613096,0.010449416,0.008079255,-0.002591283,0.0016268891,0.012028977,-0.0015497238,0.01117832,0.018660303,-0.003590973,-0.004071357,0.01230747,0.0007696158,0.031347036,-0.0015497238,0.010449416
2016-03-03,-0.0072044744,-0.0008763985,0.009595644,0.0068425024,-0.0015917933,-0.0016238425,-0.0018006322,-0.032032486,0.0069930344,0.00819654,-0.0040424718,0.009610818,-0.00827487,0.014577979,-0.018636435,0.010408089,-0.01396774,-0.07507432,-0.0040424718,-0.0016238425
2016-03-04,0.026261719,0.008581519,0.0046912692,0.0060753524,0.0012124067,0.010902722,0.0037051397,-0.015895793,-0.022250578,0.008112888,0.003712346,0.007877485,-0.0040444094,-0.0012159077,0.0019869786,-0.12724048,0.016990704,-0.0016473578,0.003712346,0.010902722
2016-03-07,0.0029443153,0.013331894,0.006262111,-0.0014621239,-0.0017527275,-0.015536404,-0.0047236136,0.010964149,0.009853587,0.0020942404,-0.0065379036,-0.000814263,0.0027696877,-0.015063227,-0.024933957,0.00817681,0.0065750605,0.0133951465,-0.0065379036,-0.015536404
2016-03-08,0.010048269,0.0,-0.008432017,0.010044789,0.0049889963,-0.021651268,-0.011273316,0.004259393,-0.029013243,0.0027996353,0.0,0.0015745232,0.006383775,0.029664649,0.018768916,-0.0069432724,-0.0056448327,0.0016591686,0.0,-0.021651268
2016-03-09,0.007832941,0.013849028,0.01256421,0.0015149143,-0.008251758,0.007848633,-0.00430275,0.017451284,0.0017680336,0.010812002,0.0045707854,9.8603145e-05,0.0029181456,-0.11937351,0.024056878,0.007389124,-0.00022747445,0.02559168,0.0045707854,0.007848633
2016-03-10,-0.00039683023,-0.0096682655,-0.005295035,0.008172284,0.007176001,0.01317617,0.00479996,-0.047768634,-0.0028898704,0.005002563,0.007993193,-0.0372178,0.0033841236,0.005396026,0.0,-0.010798066,0.0143619245,0.0025962312,0.007993193,0.01317617
2016-03-11,-0.0016993118,0.017092198,-0.0118141305,0.005644993,0.0021878628,0.015301433,-0.032433547,0.036866866,0.004438606,-0.009437578,0.0013830758,0.012149015,0.006509042,0.001531943,0.009042462,-0.0111366585,0.018460048,0.0012571355,0.0013830758,0.015301433
2016-03-14,0.039988667,0.005241552,0.0016781436,-0.005341547,0.0024002378,0.06809953,0.017437134,0.0074183904,0.0030944017,0.0162524,0.0033571261,-0.01015952,0.0072569456,0.10465843,0.023040857,0.0,-0.02956395,0.0011295746,0.0033571261,0.06809953
2016-03-15,0.0038481292,0.0089346925,0.009719494,0.0014515378,0.016976828,-0.001291794,0.02379501,-0.0072800927,-0.0039652674,-0.031562682,-0.0028120694,-0.020388672,-0.005471549,0.0033688634,-0.021805726,0.0012775947,0.018092357,-0.004774057,-0.0028120694,-0.001291794
2016-03-16,-0.011068942,0.0069990656,-0.0032818464,-0.0018749487,0.0,0.0034645228,0.021727053,0.008363884,0.009725021,0.011585912,0.014618709,0.012224811,0.018022988,0.03284427,0.008797638,0.018560331,0.0,-0.0049247933,0.014618709,0.0034645228
2016-03-17,-0.004855032,-0.0023401573,0.024383593,0.006236359,0.0005696539,0.022625528,0.0041445186,0.012817275,-0.031432208,-0.00394691,0.009381465,-0.00013307834,0.003459436,0.0026006491,0.016044546,0.051366203,0.016636074,0.010977612,0.009381465,0.022625528
2016-03-18,-0.009431323,-0.0005625517,-0.00029939463,0.0045322576,0.018799653,0.0031433592,0.019598527,0.003640641,0.012755921,0.07326129,0.0035883738,-0.0036840404,0.0019843064,0.0036344272,0.0011724222,0.0018051646,0.00775664,-0.008856345,0.0035883738,0.0031433592
2016-03-21,0.009924421,0.004368167,-0.016557263,0.005117369,-0.015750255,-0.004713802,-0.0010876344,0.022623884,0.005642168,-0.0060357065,0.0,0.0131443525,-0.002701647,-0.006916549,0.00039225537,0.016728485,0.010572544,0.028826023,0.0,-0.004713802
2016-03-22,-0.0070236777,-0.0050478894,0.01597816,-0.0006915336,0.017170137,-0.0067957523,-0.03368281,-0.005734945,0.0012493392,0.0011189267,-0.0010526037,0.008287247,0.010242525,0.006391464,-0.0094137145,-0.0013901001,0.01338904,0.0,-0.0010526037,-0.0067957523
2016-03-23,0.014892477,0.009501989,-0.010617912,-0.004103261,-0.00891999,0.004120479,0.007589466,-0.0020138775,-0.003388697,0.00850491,0.015407294,0.0032488033,0.0005300841,-0.0012652227,-0.0048446283,0.027770523,0.0010455311,0.022232354,0.015407294,0.004120479
2016-03-24,0.014887903,-0.012205514,0.0042974814,-0.0068168915,-0.0050777625,0.045756187,0.0118799405,0.016361225,0.0019872766,-0.037560303,-0.002001166,0.0057248045,0.0,0.022675794,0.016676364,0.06271142,-0.002875843,0.0015779827,-0.002001166,0.045756187
2016-03-25,1.2573615e-06,-0.0007610126,0.0029655837,-0.0038608667,0.0002770176,-0.0004993384,0.007551921,0.0149294315,0.010231033,0.022853583,-0.0015231965,-0.0022941164,0.0029541436,0.0069204275,0.030589141,-0.02063517,-0.005395035,0.00406464,-0.0015231965,-0.0004993384
2016-03-28,0.007544938,0.0018713595,0.0010831365,0.0033326638,-0.0009926707,0.034928054,-0.028820192,-0.006271301,-0.012484154,0.0016450605,0.004858027,-0.00574458,-0.0019274162,0.009834425,0.0011263051,0.007034567,0.013197395,0.007382127,0.004858027,0.034928054
2016-03-29,0.0030505517,-0.025243657,-0.0030960068,0.001130019,0.017449837,0.0120960055,0.010550972,0.01708963,0.011222926,-0.00034705581,0.0018559876,0.031651147,0.008514717,0.01742844,-0.002826895,-0.005735593,-0.006852008,-0.039674953,0.0018559876,0.0120960055
2016-03-30,0.0004681899,0.047771063,-0.014994616,-0.013585811,0.0061544175,0.008675818,0.0036983495,-0.003043883,-0.004698595,0.013629564,0.0068417406,-0.014208347,-0.0053097582,0.004586588,-0.046963006,-0.0007540487,0.0017179515,-0.005901268,0.0068417406,0.008675818
2016-03-31,0.0045153764,0.00035710182,0.0009930255,0.008555378,0.00087295845,-0.0072278553,0.0044627856,-0.025052864,0.0082997065,-0.0013688682,0.006728007,0.0,0.017956898,0.0012127381,-0.0139168445,0.0122672785,-0.00030341666,0.017410303,0.006728007,-0.0072278553
2016-04-01,0.009884788,0.0040163086,0.005217713,0.0019293998,-0.0011040126,0.053965677,0.016654769,0.01399309,-0.012515111,0.034038745,-0.0010777271,0.02127816,-0.0054827915,0.014218786,-0.0060540414,0.022404006,-0.0048412764,0.0006804782,-0.0010777271,0.053965677
2016-04-04,-0.002874039,0.0049300166,-0.003139185,0.009055586,0.00019257425,-0.036888205,0.007890508,0.0041546803,0.014859855,0.0030085912,-0.006774146,0.0,0.01025888,-0.0030007279,0.011278014,0.08422141,0.017757844,-0.008272037,-0.006774146,-0.036888205
2016-04-05,0.0015217328,-0.010861083,0.021923143,-0.0023117126,0.009743869,0.00966871,-0.0071553825,-0.011808968,0.010888114,0.008205734,0.00037446994,0.011246445,-0.002784431,-0.0154155325,0.03563713,-0.031077936,-0.00217593,0.0016157215,0.00037446994,0.00966871
2016-04-06,0.010230464,0.0063251564,0.013625988,0.0074391956,0.008047302,0.011145429,0.009889779,0.028847279,-0.0028001866,-0.0015124988,0.014394835,0.006944429,0.013547548,0.0017576868,0.0280556,-0.0010301564,0.004304924,0.014646025,0.014394835,0.011145429
2016-04-07,-0.0025642007,-0.00015419407,-0.006895599,0.0013320432,0.010964086,-0.016505592,-0.011258078,-0.0722604,0.010348065,0.0041461536,-0.004103541,-0.0017202888,0.012101807,0.0014259138,0.010737309,-0.03510723,0.0014948209,-0.0010689705,-0.004103541,-0.016505592
2016-04-08,0.009580202,0.0006459025,0.02063593,0.0063563976,0.0036180625,0.006151174,-0.0011118473,0.0001514593,0.00056231604,0.01000011,-0.017499082,0.0043156557,-0.0028991427,-0.0024998686,0.004578596,0.017285498,0.0038764325,0.01170753,-0.017499082,0.006151174
2016-04-11,0.004691786,0.002632378,-0.0038758947,0.0025311052,0.0022904899,-0.0030747275,0.0082279565,0.00046672212,-0.0031540266,0.034042805,0.034951027,0.0065247575,0.011109682,0.0030454523,-0.0020369242,0.08237046,0.0037287297,0.01582325,0.034951027,-0.0030747275
2016-04-12,0.001044184,0.0021435816,0.00860582,0.0027080995,-0.00030034888,-0.015889328,0.013271347,0.008203265,0.0059158155,0.0018532572,-0.01542293,-0.03577788,0.0,0.005272468,0.016629498,-0.00931089,0.0052584824,-0.0036591592,-0.01542293,-0.015889328
2016-04-13,-0.0032458075,0.010183929,-0.052329533,0.0,0.0074040997,0.026256343,0.0052467543,0.08473256,-0.020678207,0.001465868,0.0028157237,-0.0010127616,0.0061246795,0.0012236653,-0.007932258,0.0048933113,0.004399429,0.015991636,0.0028157237,0.026256343
2016-04-14,-0.00012829882,-0.0014905917,0.011331295,0.0025279252,0.0,-0.0038519267,0.011682216,0.0016491662,-0.011450176,-0.00041581912,-0.012076051,0.023651859,0.01417877,-0.007609882,0.008576531,0.0067850747,0.011681205,-0.0101367785,-0.012076051,-0.0038519267
2016-04-15,0.0014957914,-0.013635458,0.008157231,0.0024788005,0.0068242415,0.0047693187,-0.0007498496,0.0027529732,0.01511646,0.00759916,-0.0010479123,0.005291697,-0.02206915,0.016519347,0.001910033,0.022751812,-0.0016190578,0.016509024,-0.0010479123,0.0047693187
2016-04-18,0.007012698,0.000821774,-0.014548471,-0.0024238795,0.0,0.0022774814,-0.0036640118,0.011512739,-0.0052785985,-0.00068977376,0.0054849805,0.0,0.012213,0.0077885846,0.0045417133,0.0037684068,-0.0004986219,0.010412661,0.0054849805,0.0022774814
2016-04-19,0.011135643,0.0012790443,0.011034188,0.0007614303,-0.004677954,0.00574904,-0.009842785,0.0069149565,0.007462543,0.0055220416,-0.03226027,0.009838178,-0.0044777207,-0.0010768799,-0.0010785104,0.016609626,0.0010948195,0.0026935623,-0.03226027,0.00574904
2016-04-20,0.0033058699,0.0076514706,0.016407996,-0.0006994169,0.010041523,-0.045229107,0.0039519733,-0.0021667408,-0.01840106,-0.007369477,0.020781064,-0.009178673,-0.0071423035,0.012789928,0.008984743,0.02989579,0.0017564025,-0.007340587,0.020781064,-0.045229107
2016-04-21,0.003397627,-0.006740753,0.008370697,-0.00040347586,0.00016098421,-0.008792051,0.014564839,0.002045999,0.0017319183,0.010399784,-0.010930727,0.0042999615,0.014862452,-0.002507368,0.016851282,0.0036807067,-0.0079117445,0.0032840346,-0.010930727,-0.008792051
2016-04-22,-0.00092915504,0.010848891,0.0052643577,0.0040039765,0.003895493,0.016670676,-0.0025915536,0.013759281,0.00447142,0.01141837,0.01722282,0.0047649997,0.003384835,0.011248817,-0.003925529,0.0053269956,-0.0010578685,0.0036653467,0.01722282,0.016670676
2016-04-25,0.004856523,0.015365,-0.040544204,0.0051702727,0.0030402162,0.009712831,-0.0017329528,-0.0021773537,-0.00930674,-0.1106005,0.006976046,-0.015984269,-0.0019893975,-0.029895136,0.008932174,-0.002481743,0.0038200514,0.0068054814,0.006976046,0.009712831
2016-04-26,-0.0015235248,-0.007896898,0.022900304,0.0030651363,0.006184394,-0.005512166,0.015039871,0.026767118,0.019004647,0.013301472,0.00937283,0.014920708,0.0009945225,0.0012877838,-0.008747489,0.008170246,0.0012032238,0.011785154,0.00937283,-0.005512166
2016-04-27,0.0037364212,0.009115125,0.011381317,0.0,0.00432002,0.012550462,-0.02875318,-8.724535e-05,0.003547309,0.006152002,0.00027135125,0.006181261,0.047241848,0.0015205186,-0.0081453705,0.002394799,-0.0030640014,0.007227589,0.00027135125,0.012550462
2016-04-28,0.009404856,0.008553101,0.0036426769,0.011096379,0.0046080775,0.03307683,0.0115009425,-0.006971521,0.0,0.0014866072,-0.00939774,-0.016795136,0.011772742,0.0149145825,0.023616558,0.0074602286,0.008772436,-0.0061720647,-0.00939774,0.03307683
2016-04-29,0.0060772286,0.0050003016,0.00010968972,0.0010607993,-0.0020215844,-0.004308715,-0.0017974217,0.02360941,-0.00462676,0.010134841,0.0030010296,0.01112651,-0.006216565,-0.0011877132,-0.015667774,-0.024222013,0.008485063,0.0012713614,0.0030010296,-0.004308715
2016-05-02,0.001884726,0.00083274633,0.016688982,-0.0007202513,0.004690267,0.015094577,0.025720472,-0.016292363,0.011977865,-0.04407439,-0.0024476938,0.014017819,-0.0031489362,0.010577037,0.057084132,0.0172579,0.0021096186,0.0032258027,-0.0024476938,0.015094577
2016-05-03,-0.0011960899,0.004307211,0.0075504994,0.003294853,0.0007472398,0.0014057012,-0.0015532931,0.017849239,0.007135605,0.018327506,0.005198497,0.0010604563,0.012378964,-0.007707068,0.003031776,0.002494158,-0.0028464478,0.012139731,0.005198497,0.0014057012
2016-05-04,0.0043121157,0.0070923143,-0.01856402,0.002205639,-0.01456501,0.010365587,-0.0023954988,0.004469592,0.00573575,0.025288075,0.0063258847,-0.0071339575,0.007851826,0.04897446,0.0035925405,-0.12356933,0.0021204103,0.00013283787,0.0063258847,0.010365587
2016-05-05,0.011608451,0.010634675,0.06127955,-0.00040071894,0.009870197,0.006225513,0.025980083,0.0072286706,-0.0077526895,-0.0013981242,0.0,0.017732326,-0.0072649866,-0.018685587,0.010730019,0.011062474,0.017850501,0.011204987,0.0,0.006225513
2016-05-06,-0.041947726,-0.009954393,0.00093979994,0.0011652758,0.00081597106,-0.0142113,0.00987332,0.008957867,0.013747781,0.043668292,0.0025425805,0.011903634,0.033172864,0.007145882,0.02495471,-0.009321313,-0.004669528,0.0018524418,0.0025425805,-0.0142113
2016-05-09,-0.0037663057,-0.007927967,0.001220134,0.0023103496,-0.0008966231,0.004018912,0.0,0.0044730282,-0.007230362,0.0023624273,0.0044888994,0.014730965,0.014600634,-0.01319953,0.009467924,0.007872898,0.00083750626,-0.0010155295,0.0044888994,0.004018912
2016-05-10,-0.020859875,0.006603432,-0.0009013337,0.0,0.014027401,0.00018649238,0.005894704,-0.0020401985,0.0,0.007000514,0.0015332253,-0.012294253,-0.0055148266,-0.0040618717,-0.0014368028,0.022781758,0.0,-0.0038943791,0.0015332253,0.00018649238
2016-05-11,0.024331143,-0.008375582,0.014835613,0.003491547,0.0010460216,0.0010911017,-0.016267631,0.02086202,0.01325764,-0.018382318,-0.00093818275,-0.0007479973,0.007307147,0.010146899,0.0016810499,0.0034635316,0.013060546,0.015211101,-0.00093818275,0.0010911017
2016-05-12,0.02367292,0.020593863,0.0022287532,0.0017375564,-0.013116153,0.007809694,0.007829911,-0.005299791,0.008022111,0.0089184735,-0.008256352,0.046991218,0.002687418,-0.05604652,0.008891565,0.0056187054,0.01121066,0.0043202965,-0.008256352,0.007809694
2016-05-13,0.0052191205,0.01116584,0.009555424,0.0029570162,0.0124245025,0.015200322,0.016901102,0.00086813705,-0.01709017,-0.0011610265,-0.0028754475,0.011351664,0.01650204,0.038203064,0.0068843267,-0.023624327,-0.0009643314,-0.0021977068,-0.0028754475,0.015200322
2016-05-16,-0.00017179974,0.014711149,0.0024064071,0.0001425478,0.0010854832,0.013175323,-0.0010987897,0.010819287,-0.005794271,0.029084928,-0.0018395524,0.00128312,-0.024968693,0.014810095,0.008368967,0.017706176,0.0071689803,0.008778614,-0.0018395524,0.013175323
2016-05-17,0.007043938,0.00055873796,0.010234289,-0.009952291,-0.0066654636,0.018232323,0.009852036,0.017654847,0.008268346,0.0023635612,-0.011493988,0.01328611,0.009246331,0.0105411485,-0.0674888,-0.0019970213,0.0,-0.0002814122,-0.011493988,0.018232323
2016-05-18,0.0033160036,0.00051466515,0.009649538,0.0014932385,0.009165926,-0.008290757,0.012735865,-0.0084474655,-0.012645737,-0.001359453,0.011393636,-0.005327204,0.0006435471,-0.009743475,0.016061535,-0.04107532,0.014335204,0.00714933,0.011393636,-0.008290757
2016-05-19,0.0149456505,-0.0064553637,-0.0038520163,2.3837207e-05,0.006421895,0.004987555,0.0037916917,0.016303407,0.010792948,0.017761685,0.0037776448,0.023339093,-0.021023279,0.013828561,-0.0069784927,0.053145196,-0.0028387576,0.0027567416,0.0037776448,0.004987555
2016-05-20,-0.029589783,-0.022951284,0.008173078,0.0024640376,0.00804537,0.016207013,-0.0056173936,0.013848164,0.005503562,0.00044395038,0.00656121,0.0,-0.00093793735,-0.0121307755,0.010590958,0.01999978,0.00621684,0.013028,0.00656121,0.016207013
2016-05-23,0.007327075,-0.0025124773,0.007277887,0.0032871584,0.0047991816,0.006349267,-0.0062012374,0.0,0.01022877,0.0008217866,0.012569946,0.0059884824,-0.0022386373,0.014727224,0.0031923375,0.008845343,0.012107203,0.0005557975,0.012569946,0.006349267
2016-05-24,0.0017891871,-0.02883243,0.0027915856,0.0010211617,-0.017182376,0.0052521513,0.00030876865,0.0005285382,0.005264127,0.0046011996,0.004661268,0.0060920427,0.032753877,0.010146377,0.01490658,0.005640915,0.0007867308,0.0010451734,0.004661268,0.0052521513
2016-05-25,0.0045456025,0.008461356,0.0055942866,0.0063235145,0.0047889333,0.0036440303,-0.0003489299,-0.014992089,0.0121053,-0.0018839791,0.0040085632,-0.0036804534,-0.005763439,0.015628224,0.0032724845,0.008165127,-0.0074990927,0.010447231,0.0040085632,0.0036440303
2016-05-26,0.0069634733,0.004930777,0.0,0.003562742,0.0077622514,-0.011874217,0.0007952796,0.004737711,0.0009942917,0.00295456,0.012258554,0.009846542,-0.04063878,-0.006902906,0.0019169963,-0.007704835,0.0045419773,-0.007347084,0.012258554,-0.011874217
2016-05-27,-0.0055090566,0.0064491397,0.0019785955,-0.0017894862,0.0,0.017019657,0.007651631,0.0029433055,0.0004725648,0.0,0.004733458,-0.0022664054,0.0033408059,0.011134196,0.0060373344,0.009902471,-0.009026424,0.0058754096,0.004733458,0.017019657
2016-05-30,0.014502013,-0.008536112,-0.010275376,0.0001302515,0.003969637,0.003535382,0.016215332,0.0061873994,-0.000673983,0.011937822,0.0021620684,-0.02158959,0.01821504,0.003957579,0.006077425,0.015668359,-0.0014322693,0.0077971583,0.0021620684,0.003535382
2016-05-31,0.017007755,-0.0012073847,0.010825481,0.0025760732,0.006283216,0.008088791,0.0001410825,0.010032458,0.003157983,0.010391915,-0.0038526477,0.006471362,0.002275187,0.0034184833,0.016789226,-0.033649955,0.0067190803,0.00077633077,-0.0038526477,0.008088791
2016-06-01,-0.0085409945,0.0032604984,-0.0325042,0.0060610888,0.005499398,-0.0011187625,0.013591874,0.0029308777,0.011532116,0.006133377,0.004487113,0.010018505,0.015917417,0.007341387,0.0014020528,0.024820242,0.007223758,-0.014172669,0.004487113,-0.0011187625
2016-06-02,0.0025381746,0.01361345,0.004460324,0.00047668905,0.0019649933,0.012721988,-0.00014021015,-0.018164743,0.0008371531,-0.00025129574,0.0044718925,0.019378819,0.0059965546,0.00040693764,-0.012905242,0.0037102073,0.003755468,0.015071663,0.0044718925,0.012721988
2016-06-03,0.010461895,0.011128561,-0.013275022,0.00071859156,-0.0024932895,0.008020534,-0.0003452555,0.009118018,0.0019792772,-0.0086982865,0.0047411686,0.00653711,0.004474344,0.008358651,-0.0058563272,0.0019397279,0.00535987,0.0012377376,0.0047411686,0.008020534
2016-06-06,-0.0006168327,0.013613442,0.014343388,0.003155881,0.001487749,0.008780927,0.025007172,0.002605444,0.014138052,0.015470994,-0.00034900365,0.0015997394,0.0025144618,-0.00010329192,-0.0051610856,-0.009429794,0.007292433,0.004708672,-0.00034900365,0.008780927
2016-06-07,0.01616817,0.0123437485,0.0013059061,0.0021593417,0.0018342572,0.0,0.0027276154,-0.012621104,0.0010495067,0.0015641783,0.0031389692,0.0100388145,0.0066368426,0.00029213668,-0.001260173,0.003835069,0.0063923877,0.008870031,0.0031389692,0.0
2016-06-08,0.0,0.00014718658,-0.0026093242,0.0012714458,0.0014988802,-0.0018041488,-0.039665468,-0.013036789,-0.00813227,0.010192829,0.000119858836,0.002645045,0.0057970844,-0.0061563808,0.014336257,0.014918187,-0.021900428,-0.0011129297,0.000119858836,-0.0018041488
2016-06-09,-0.00081398874,-0.0010200482,0.0015115311,0.03717216,0.011052951,0.0170747,0.011298788,0.0029620735,0.011298788,0.0076424363,0.007085629,0.007721713,0.022250574,-0.009167284,0.000844571,0.014996661,-0.0038337715,-0.008426734,0.03465136,0.0022861639
2016-06-10,-0.0125891585,0.00907848,0.0030309611,0.0072127813,0.008082628,-0.041147362,-0.007977066,-0.010243353,-0.007977066,0.0024571053,0.012470648,-0.0020107867,-0.00028671528,-0.0059853946,0.0022502418,0.03863374,0.019258365,0.085987,0.0030631768,-0.02135814
2016-06-13,0.008553168,0.0049241516,0.0018399167,0.006047353,0.0015774367,0.008587187,0.010981724,0.009033508,0.010981724,0.015376435,0.0016841881,0.015095481,0.002899016,0.026708161,0.012019068,-0.006825583,0.0,-0.003514518,-0.0019969165,-0.11628725
2016-06-14,-0.003669906,0.011745182,-0.006459466,0.009564918,0.0051591457,-0.0031528785,-0.0036863417,0.015510252,-0.0036863417,-0.09078546,0.008119939,-0.028433256,-0.021710694,0.06765349,-0.051262718,0.0013592794,0.006030208,0.014070432,-0.010213603,-0.008552465
2016-06-15,0.0016463767,0.0063205534,0.0058211195,0.002889858,0.0028183344,-0.0007389509,0.103782885,-0.0034202985,0.103782885,0.005989411,-0.0014582496,0.010828526,0.013082984,-0.0013090762,0.0072379275,-0.03476449,0.004829145,0.026979404,0.0025548404,0.014883018
2016-06-16,0.022387322,0.016691443,0.005504899,-0.006036398,0.017684616,-0.00050623127,0.056817494,-0.0081157,0.056817494,0.010412685,0.028431414,-0.0032036488,-0.003766005,0.010909229,-0.057198316,0.0027569425,0.0023048026,0.015049106,0.019204857,0.005780955
2016-06-17,-0.011102336,0.013731167,-0.0044831242,-0.0020018308,0.011052522,-0.052165166,-0.0014848864,-0.01004042,-0.0014848864,0.0081739575,-0.010133863,0.0029977232,-0.0010464521,0.022299184,0.01736056,0.0027108241,0.004269186,-0.0015248447,0.0053246114,0.033716552
2016-06-20,0.0052344264,0.0119387945,0.0,0.009742137,-0.025036117,0.010910148,0.053925782,-0.026020711,0.053925782,0.024448093,-0.021097034,-0.0101603195,0.016706647,-0.0008397362,0.007642838,-0.00736374,0.0062110573,0.024743004,0.014289238,0.028507067
2016-06-21,0.0044908216,-0.0009656424,-0.031392854,0.004651336,0.026586797,0.019254692,-0.0007034004,0.014649604,-0.0007034004,-0.01083503,0.0093846535,0.001377933,0.013410145,0.0026808784,0.0030996257,0.01671398,0.024120681,-0.009474231,0.012244317,4.6143177e-06
2016-06-22,0.016763292,-0.0029033183,0.009103887,0.011444013,-0.0033102352,0.016554188,0.014812922,0.039005,0.014812922,0.015858302,0.0013175469,-0.127572,0.00026787666,0.01653762,0.007074248,0.003047963,-0.00807321,0.032106526,0.008166836,0.010860705
2016-06-23,0.018400433,0.0071638576,0.00049140083,0.013009247,0.0050633177,-0.0046801767,-0.028449448,-0.01381231,-0.028449448,-0.024119558,0.015035656,-0.12235207,0.010378104,0.015487554,-0.0018982374,-0.00567532,0.0027662443,0.023822337,0.024323253,0.01880897
2016-06-24,0.008180202,-0.0029393393,-0.05177393,-0.005883298,0.015738063,0.0060320264,-0.0025653779,0.0019892585,-0.0025653779,-0.0148725035,-0.003831385,0.03602673,-0.009791682,0.0035480645,-0.006754783,0.088830575,0.008843541,-0.00093571935,-0.00072596513,-0.016317526
2016-06-27,-0.011823673,0.0076319687,0.019907063,0.0068422197,0.00618855,0.0172382,-0.009052087,0.0020545796,-0.009052087,0.002810887,-0.021365553,0.06548475,0.034534447,0.0043237186,-0.008673589,0.02558273,0.0058831587,-0.0011530365,0.0053163124,0.013149364
2016-06-28,0.0013692048,-0.0015669509,0.01741079,0.0015236542,0.01660972,0.0017200902,0.022369057,-0.007053174,0.022369057,-0.002411762,-0.0038524217,-0.013910592,0.015485931,0.013853725,0.026719557,0.0020200612,0.012223373,0.007905802,-0.044260688,-0.0080413185
2016-06-29,0.017656136,0.0004466576,-0.0014590682,-0.0019845502,-0.0065182545,0.011772539,-0.0076761465,0.0017527874,-0.0076761465,0.013674242,0.0049551986,-0.0004431398,0.0,-0.010184937,0.007886999,0.004687948,0.011530259,-0.007931315,0.009618552,-0.00075362384
2016-06-30,-0.0066447933,0.004636352,0.010936244,0.010035835,-0.0055264095,-0.017320413,0.0,0.0040868637,0.0,0.0043971357,-0.001391951,-0.07691816,-0.0049425075,-5.7850633e-05,-0.0070367353,-0.0017420157,0.0,0.012901622,-0.009073892,0.014196218
2016-07-01,0.0028834986,0.02901041,0.002584123,0.013256067,-0.009037666,-0.009014363,0.072798,-0.018923445,0.072798,0.01230751,-0.006557287,-0.010866815,0.0062001343,-0.0015420539,-0.006719816,-0.0027464547,0.0017110481,0.0,-0.012507535,-0.0019378371
2016-07-04,-0.007552938,0.0033140546,0.0037282836,-0.0005320046,-0.04078641,0.0046966313,-0.007987894,0.01285336,-0.007987894,0.048046246,0.008597237,-0.031412657,0.0027560017,0.01401145,0.0014872814,0.01770748,0.0072484193,-0.013534702,-0.007788517,-0.0032171456
2016-07-05,0.0076519693,0.0017695875,-0.021000056,0.016155295,-0.003641113,0.006229179,0.00075251644,0.002857535,0.00075251644,-0.008971934,-0.02674123,0.011751844,0.0076055913,0.01496429,0.025760436,0.007899686,0.0035567835,-0.0010316512,-0.002347573,-0.0027759688
2016-07-06,0.0065751844,0.010877771,0.038755644,-0.008161569,-0.0054882425,-0.029826503,-0.11765483,0.0032345841,-0.11765483,0.00017254865,0.02621567,0.0018738507,0.034118593,0.010399839,-0.017275998,0.0017555685,-0.0031332031,-0.018075231,0.015049095,-0.003494588
2016-07-07,0.003912774,0.0044514616,0.0135784345,0.004085569,0.012256729,0.0019242789,0.027811838,0.005775643,0.027811838,0.016469274,0.009987973,0.060510397,-0.012150032,-0.021730876,0.01678485,-0.001270367,0.022562878,0.013637198,-0.005777042,0.00425324
2016-07-08,0.014562459,0.0072194273,0.016740086,-0.0015682176,-0.11815985,0.05067971,0.061751157,-0.0012485405,0.061751157,-0.124309465,0.00051383616,-0.037431404,0.014106135,-0.0047759204,-0.003854846,-0.0070245764,-0.015084731,-0.0031089594,0.009185335,-0.05600126
2016-07-11,-0.002692498,0.004787317,0.0,0.0075025153,0.013391921,0.026460223,-0.003201766,0.011996575,-0.003201766,0.04269911,0.0012245358,0.0062923967,0.0040115905,-0.0010704991,0.013140971,0.008097658,-0.001828542,0.0121160885,-0.010981186,-0.034844443
2016-07-12,-0.0015603922,0.0054813875,0.018798992,0.0005108703,0.038847268,0.014033737,0.023223612,0.0053773527,0.023223612,0.02382494,0.0074217925,0.003388156,0.005580525,-0.016403157,0.005132681,-0.002400058,-0.024870884,0.009809022,0.0033804078,0.06629831
2016-07-13,-0.025965035,0.013090879,0.0023115717,-0.0024632597,-0.0037299877,0.034753412,-0.0066781663,-0.0161588,-0.0066781663,0.08037529,-0.0032906574,0.042254835,0.0137674445,-0.015904067,-0.00022192582,0.0019090605,0.0047734566,-0.0012594267,0.016169498,0.015873369
2016-07-14,0.022598105,-0.0679963,-0.0068269144,0.002551209,0.014412542,-0.010248826,0.0012602685,-0.013829533,0.0012602685,0.0632774,0.01189357,0.039237376,0.008369889,0.008890902,0.01563516,0.009748346,-0.018049754,0.003278725,0.0026925027,0.01436685
2016-07-15,0.009386848,-0.014408853,0.020364083,0.0069531826,-5.0858597e-07,0.006929024,0.022897879,0.02377215,0.022897879,0.0037911988,0.019333966,0.033098493,0.0035092186,0.028696967,-0.0029434836,-0.0047337003,-0.00047732244,0.035274513,-0.01876501,-0.0021930302
2016-07-18,-0.0062260004,0.011165329,0.0035444195,-0.03073631,-0.0005370907,-0.006764384,-0.0008619778,-0.02782526,-0.0008619778,-0.009472015,0.0036158087,0.0036417397,-0.015182757,-0.0021758787,0.008818776,-0.0032833312,-0.0037920505,0.0005992217,-0.00065199874,0.0071581514
2016-07-19,-0.002259554,0.0020189374,0.0015105476,0.020191284,0.0015400684,-0.021197557,0.011030536,-0.010165064,0.011030536,0.025419023,0.0,0.007607754,0.0008364282,0.020997522,0.011873975,0.019234516,0.015128177,0.012407687,0.01948133,-0.008816083
2016-07-20,0.00070887204,0.002701835,-0.0047973297,-0.001073999,-0.021644818,-0.0018068418,-0.0708935,0.022304233,-0.0708935,-0.003092283,-0.00659034,0.009123757,-0.033760935,0.00015120112,-0.0035810194,0.000837428,0.004346407,0.0010934293,0.0029653285,0.0026310917
2016-07-21,0.010631704,-0.010232518,0.013985349,-0.011103471,0.0051939874,0.0017299416,0.012083133,-0.037305444,0.012083133,0.04691864,0.0062633753,0.0009097237,-0.035355255,0.010049549,-0.0029969625,-0.009473907,0.007882228,-0.014326824,-0.0012095703,0.007562178
2016-07-22,0.0055938116,0.016381709,-0.0028423432,0.0037160935,-0.0094442535,0.021944992,-0.003878799,0.0017781699,-0.003878799,0.10321074,0.00533831,0.016533567,0.005191772,0.0113353785,-0.0015852725,0.015125083,0.0060223048,0.047517963,0.0057327976,0.004759652
2016-07-25,-0.008772008,0.005889731,0.006749757,-0.0052084783,0.0037782786,0.024468992,0.09824531,0.012455673,0.09824531,0.0045185275,-0.015260469,0.0033844428,-0.00038153506,0.009222655,0.021389233,0.019028366,-0.049716678,-0.012565031,0.0008130044,-0.0050503965
2016-07-26,0.0033953185,0.012802836,0.004989657,0.0007441108,0.0014955068,0.012736319,0.04449365,0.0017696661,0.04449365,-0.073293656,0.009531704,-0.029793495,0.027488263,0.0007727637,0.008747164,-0.0021406016,0.020118205,0.005641001,0.0016925668,0.036027525
2016-07-27,0.01471366,-0.0033602167,0.004088514,0.0006748654,-0.018611094,0.024440367,-0.00025849615,-0.008635005,-0.00025849615,-0.00811854,0.013809767,-0.12609883,0.01094819,0.0057814694,0.0017839827,0.006415732,0.02267645,0.0039243815,0.0008313738,0.055700094
2016-07-28,-0.021222103,-0.01273383,-0.017858375,-0.00053342676,0.014413454,0.0053296825,0.01586621,0.021280155,0.01586621,-0.009333796,-0.0033263837,-0.029646708,-0.00031997717,0.002312772,0.0,0.0035547446,-0.011233707,0.002485952,0.0058931545,-0.038923122
2016-07-29,-0.00343904,0.0024321487,-0.024819521,0.010864251,-0.011681603,-0.005553641,-0.010360037,0.007565314,-0.010360037,0.024703238,0.0008253095,0.1071131,-0.00087743666,-0.093180455,0.005186106,0.0035407937,-0.00056894054,-0.018214442,-0.011917769,-0.0014452856
2016-08-01,0.011254874,-0.01824293,-0.00018519018,0.014821081,0.0012875504,0.04058645,0.01587121,-0.02036643,0.01587121,-0.0071099997,-0.0008948796,0.0066259047,-0.044495318,0.03155679,-0.008397348,-0.018706232,-0.023392657,0.0005345662,-0.0024132242,0.0015558687
2016-08-02,0.0071496665,0.0016160228,0.024160018,0.0,0.00043623956,-0.017682854,-0.0037150919,0.027979225,-0.0037150919,-0.01568567,0.019368086,-0.0005081511,-0.009017634,-0.007707583,0.030633228,0.016815994,0.0009402605,0.010148534,-0.005705445,0.0037104106
2016-08-03,0.0,0.000220245,0.0,-0.005302088,-0.058980826,0.023881828,0.044441633,0.0051815063,0.044441633,0.034461796,-0.016028568,0.017319223,0.0,0.0002842434,0.004836918,-0.053585976,0.046075195,0.023733871,-0.0008358388,0.009568952
2016-08-04,0.006721398,6.6467386e-05,0.0025808925,0.013155046,0.004742634,-0.052234676,-0.0019988897,0.004050975,-0.0019988897,0.014541243,0.015094641,0.009161863,-0.0074412595,0.018525738,0.01815854,0.022472255,0.0011111452,0.015963215,-0.01242901,0.008440606
2016-08-05,0.0,0.013049685,0.0222392,0.0,0.01313413,0.013046504,-0.007054789,0.0,-0.007054789,0.023463076,-0.0010097321,0.03386384,0.023465127,0.0064692795,-0.0027942285,-0.004105728,0.0092926435,-0.018008618,0.008308183,0.0022167484
2016-08-08,0.0063891467,0.0036613017,-0.030056793,0.010242387,0.016883634,-0.00548507,0.010565391,0.021819308,0.010565391,0.021376314,0.006746778,0.006778851,0.01208583,0.0051610484,-0.0037163878,0.016206667,0.0014522842,-0.009003009,0.03945813,-0.03376072
2016-08-09,0.008773086,0.018896947,-0.0019415631,-0.0063597756,0.0129292775,0.028188644,0.00379113,-0.00224128,0.00379113,0.01806777,-0.00035413247,0.013162061,-0.0027807315,0.0005006654,-0.021079423,0.000862983,0.004661008,-0.002270499,0.004833973,0.0028156561
2016-08-10,0.0012689199,-0.0040217643,0.0074212127,0.009114151,0.001361016,-0.00033787472,0.0053777313,0.0016553021,0.0053777313,-0.00022011106,0.0076993112,-0.049535993,0.0045453687,-0.009853729,0.0067515117,-0.013465708,0.009524347,0.043564413,-0.0004799784,0.012884774
2016-08-11,-0.004712541,0.014403002,0.0022735854,0.0064202943,-0.006697146,-0.004964047,-0.006986205,-0.011756851,-0.006986205,0.0015982825,0.0031060185,-0.0070077023,-0.0005279158,-0.0243782,-0.017041484,-0.009047923,0.011802558,-0.0013548704,-0.00010109135,0.024025647
2016-08-12,0.006094841,0.00037456022,-0.0008380853,-0.0015553067,0.0075082476,-0.0008282934,0.004044051,0.00913943,0.004044051,0.002391258,0.0016355925,-0.018478962,-0.0029756685,0.006337925,-0.00077099743,-0.027163092,-0.022333177,0.04715194,0.009118921,0.024003
2016-08-15,0.000118262105,0.0059843767,0.021730661,-0.007724423,-0.00036254138,-0.0017308819,-0.0055121826,0.0,-0.0055121826,0.0075115245,0.015471785,0.0022313928,0.001268209,-0.010310835,0.0055655832,-0.0054513444,0.009355937,-0.0040893625,-0.00081101345,-0.04738174
2016-08-16,0.011755426,-0.005512577,0.00481294,-0.0015715352,-0.00033183498,-0.003592675,-0.066440456,0.00037402115,-0.066440456,-0.02404398,-0.010780664,0.004698754,-0.0029233014,0.0010732444,0.013047944,0.008588121,0.004060076,-0.009262038,-0.0067604654,0.089520715
2016-08-17,0.004647815,0.0031003742,0.0,-0.004372457,0.0016632829,0.033377804,0.0064528086,-0.014625239,0.0064528086,0.017540995,-0.029157279,0.024719413,0.0003933962,0.016322052,0.02187378,0.006659294,0.014630905,0.0058862707,-0.014630631,0.011774335
2016-08-18,0.010685203,-0.015520293,0.016301474,-0.0077051953,0.008381023,0.008792851,-0.00403941,0.0,-0.00403941,-0.0010577294,0.01901477,0.018537465,-0.021803904,0.0050140605,0.010960576,0.008035854,0.0064025237,0.02253471,0.023837717,-0.014349038
2016-08-19,-0.014408087,0.00073915767,0.0062011927,0.017154157,0.0,0.013212469,0.010979391,0.025700523,0.010979391,0.0067893486,0.00036428016,0.0022574745,0.0,0.011691432,0.0,0.033391863,-0.008739353,0.06017616,0.018831007,-0.019648366
2016-08-22,0.004297175,0.006636131,0.006389232,0.020067854,-0.002950774,-0.024872089,-0.043615036,-0.0015208306,-0.043615036,-0.019393316,0.017229386,0.013783549,0.003629713,-0.0059752665,0.014205597,-0.011271696,0.0027804,-0.0021730799,-0.0022362666,0.014951895
2016-08-23,-0.00030667067,0.021161325,-0.0080203805,-0.00564798,-0.010401442,0.021393085,0.016586995,-0.001131124,0.016586995,0.027318276,-0.004051416,-0.07931043,0.076433726,0.00064725004,0.003538648,-0.00047272365,0.009147373,0.014466238,0.00076724065,-0.029247794
2016-08-24,-0.050462086,0.0010059562,-0.010554524,-0.03134317,-0.016068209,-0.034432843,-0.0094278585,0.021080013,-0.0094278585,0.0028818748,0.010413897,0.05993773,0.042499445,0.022443356,-0.0021586593,-0.0025465789,-0.0005485471,-0.009097082,0.013852084,0.013262079
2016-08-25,0.016143406,0.0065484354,0.007230662,-0.00068505504,0.00835351,-0.0012993976,0.017240975,0.016516952,0.017240975,0.021841371,0.007004163,-0.004960316,-0.01773002,0.002640689,0.017202793,0.028708523,0.00858103,0.01023085,0.010419987,0.041809883
2016-08-26,-0.009029396,0.003909329,0.001344011,0.0025238274,0.016945798,-0.11502872,-0.12756254,0.01191202,-0.12756254,0.040043186,0.0134990625,0.0122141335,0.004151972,-0.008129455,0.0025526495,0.0016457064,-0.002939523,0.011833805,0.0023914252,0.014333489
2016-08-29,0.011969269,-2.5322941e-05,0.01283714,0.004744611,-0.012455494,-0.005946948,0.00622116,0.0020207046,0.00622116,0.00052842376,0.0017459317,0.030814832,0.000993454,0.012349772,-0.0018151472,0.0036960244,-0.0027173737,0.0029458923,-0.011865634,0.0009852904
2016-08-30,0.01674337,0.02231322,0.0072909296,0.015410938,0.012714223,0.017210092,0.040626816,0.003767311,0.040626816,-0.05668836,0.010524923,-0.11067187,0.010729027,0.0025073702,0.0070699677,0.0054107504,-0.009106115,-0.00015896588,0.0065154713,-0.0011868799
2016-08-31,0.008762153,0.0058501624,-0.008561075,-0.0070157927,0.010455885,0.015123246,0.007572732,-0.009460507,0.007572732,0.013242466,0.0017697791,0.03627687,-0.009166012,-0.0043556252,-0.0084216315,0.017606618,0.0010748763,0.004251657,0.015763398,-0.012175182
2016-09-01,0.0026092734,0.010391823,0.010881321,0.012771918,-0.00027711413,0.0014276906,0.0170607,-0.0046475157,0.0170607,0.049428668,-0.0068173446,0.019355552,0.0047342973,0.00148534,0.0036225943,0.005479948,-0.018783793,-0.0007487277,0.0007151988,0.0061783083
2016-09-02,0.0114990175,-0.0010851772,0.02489645,-0.004985636,-0.023950025,0.024338221,0.013172804,-0.0044685313,0.013172804,-0.016258487,0.0,0.00836139,0.009759136,-0.01110711,0.011135219,0.0077995635,0.019409832,0.012813075,-0.0017526053,-0.011307743
2016-09-05,0.010867707,0.0045044306,-0.0036863496,0.0020925265,0.037831128,0.009876179,0.017722024,0.0018840252,0.017722024,0.0338552,-0.0044434117,-0.003314462,0.009374414,0.013121809,-0.005046065,0.0014862723,-0.011027216,-0.0142800575,0.015827676,-0.031017002
2016-09-06,0.004380594,0.0054434156,0.006937695,0.0036527216,0.0015120533,0.02448516,0.012570382,0.016504556,0.012570382,0.00024280828,0.009499214,-0.0013063373,-0.042667046,-0.023141736,-0.0007885657,-0.12620167,0.011317768,-0.009216902,-0.007683201,0.06113029
2016-09-07,-0.010664932,0.06307399,0.015885478,-0.009054454,-0.003058511,-0.0010519027,-0.0014609841,0.029244363,-0.0014609841,0.010051818,0.01955107,-0.006422087,0.044646468,0.019393539,-0.03546606,0.0073127393,0.012497114,0.0063644084,-0.04748659,0.02388094
2016-09-08,-0.0005409781,-0.0025374754,-0.0014764254,0.0028711057,0.0096213855,-0.008827097,0.0018799172,-0.0071502016,0.0018799172,0.00824973,0.00086454675,-0.013605113,-0.006914641,-0.0007617538,-0.020491369,0.023927588,-0.0024393967,0.017293235,0.05986122,0.002047871
2016-09-09,-0.00046032007,-0.0030359807,0.022126911,0.0016972392,0.0024016532,0.021181863,0.0076530445,0.02121765,0.0076530445,0.0062635187,-0.0005590962,0.0044834153,0.0010202546,0.0135762505,0.04355134,-2.7107842e-05,0.00085002603,0.0063216467,-0.00093255343,-0.005505569
2016-09-12,0.021020997,0.00362954,0.013116952,0.013932973,0.0071676583,0.022592887,0.0060571525,-0.00010923404,0.0060571525,2.3719793e-05,0.011707248,-0.05988997,-0.011264405,0.0067801927,0.032833777,0.0015725578,-0.05113796,0.010144556,-0.015368579,-0.0034461448
2016-09-13,0.0048611015,-0.01639031,0.0044558346,0.012792507,0.0084730005,-0.0024279319,-0.009386278,-0.016333845,-0.009386278,4.9221424e-05,-0.0003565415,0.09861554,0.003050044,0.0065472317,0.011276591,-0.012385414,0.023295535,-0.0009471938,0.014224482,0.020716436
2016-09-14,-0.050771583,0.006966785,0.0022524742,0.021469533,-0.013630228,-0.019053958,0.0016498077,0.00031625552,0.0016498077,-0.010341539,-0.0062275957,0.008482146,0.0021541612,0.012959251,-0.02941431,-0.0016239653,-0.030068282,0.004436223,3.7610985e-06,0.011550435
2016-09-15,0.020839525,-0.024637775,0.005294341,-0.0074891928,0.013585011,0.026294965,-0.00012218897,-0.019695455,-0.00012218897,0.022024335,0.005214838,0.0039202967,0.0134833045,-0.0005522598,-0.022798503,0.003810138,0.06427497,-0.0035328183,-0.0062413253,-0.0002899343
2016-09-16,0.0069543896,0.01606222,0.010307602,0.020274399,-0.0077368477,0.001982721,0.043520864,0.0016972646,0.043520864,0.009148012,0.011577249,0.008938644,0.018570628,-0.0011161147,0.047954038,-0.043595485,0.0061471546,0.0074337516,0.011253407,0.009656286
2016-09-19,-5.3580625e-05,-0.005949186,-0.0055118864,-0.043860234,0.013216864,0.007000299,-0.00184836,-0.020812672,-0.00184836,0.025446352,-0.016211474,0.02851154,0.0003763649,0.007785026,0.037164245,0.01089278,-0.004076949,0.00793278,-0.001305425,0.0014505876
2016-09-20,0.007052686,0.006059639,-0.08021499,0.009166849,-0.011019657,-0.0029447908,-0.010814502,0.040499154,-0.010814502,-0.027982246,0.0030273404,-0.023006871,0.006825784,0.010856538,-0.0006175177,0.008975051,0.028479021,0.008429958,-0.010147619,-0.015790062
2016-09-21,0.008818148,-0.0034923805,-0.010420124,0.0380597,0.009378345,0.015686201,0.028902955,0.005955938,0.028902955,-0.0016454245,-0.020500088,0.025169937,0.0052779135,0.0011861452,0.009898147,-0.0029720834,0.0035207537,0.00011628436,0.025763804,0.009862642
2016-09-22,0.0073833354,-0.0083875125,0.029853305,-0.0069467234,0.0008370469,0.010429902,0.008767667,0.014495517,0.008767667,0.0012883105,-0.00092448056,-0.02396355,0.009989995,-0.007050444,0.009829386,-0.021341775,0.0044431854,0.0015797478,0.008769814,0.017698528
2016-09-23,-0.00020579273,0.039837223,-0.009683765,0.0069847824,0.010671034,-0.0113995625,-0.12745629,0.010792697,-0.12745629,0.0069863223,-0.043685015,-0.009478176,0.0028647087,-0.00854183,-0.0068029314,-0.0037189852,0.016626291,-0.006828019,-0.004457587,0.0072713033
2016-09-26,-0.0032048433,0.0017534374,0.01208586,0.0052854344,-0.003014839,-9.902437e-05,0.016923476,-0.010817831,0.016923476,-0.026172178,0.026647964,0.010518854,-0.0037603388,-0.0008815175,0.011799617,-0.008388804,-0.010123831,0.017299019,0.016235553,-0.0027507907
2016-09-27,-0.0069563356,0.015527109,0.02887975,-0.0027969512,0.0015283993,-0.00062852853,-0.0009253384,0.005107255,-0.0009253384,-0.0019747722,0.09337844,0.009908443,0.0045038094,-0.0036771742,0.0073816855,-0.11091,1.0103184e-05,-0.0055829408,0.011838016,-0.008620442
2016-09-28,0.007294813,0.018503051,-0.03597317,0.012446153,0.011854797,0.005793418,-1.0414989e-05,0.011438197,-1.0414989e-05,0.033586632,-0.0067012506,-0.03459554,-0.023432476,0.0027925863,0.01358024,0.052129112,0.0010787137,-0.021008171,0.00862411,0.00074231485
2016-09-29,0.0012420301,0.011657472,-0.0007894789,-0.039962094,0.0029938663,0.0048720627,0.019350465,-0.02025812,0.019350465,0.0007180074,-0.0112522235,0.0009814854,0.014183409,-5.872542e-05,0.008654471,0.08678059,-0.013469745,0.013095046,0.0,0.023411889
2016-09-30,-0.0033666417,-0.003440094,0.011803719,0.03853877,0.013994685,0.013585683,0.003036887,0.014989094,0.003036887,-0.013516761,0.0020570788,0.019363087,0.010911427,0.0017233805,-0.002176105,-0.0065125893,0.022362791,0.0028708244,0.013817806,-0.0100684175
2016-10-03,-0.00047213244,0.0034910515,-3.7359364e-06,0.015122828,0.0011770747,-0.00911023,0.009494659,0.0077503845,0.009494659,0.029211883,-0.0033061528,0.038992826,0.007520456,0.0054665147,-0.0013114177,0.02556483,0.015134948,0.009396625,0.016362567,-0.0007878072
2016-10-04,0.0066853235,0.0071030087,-0.0055234665,-0.0012740502,0.0091667855,-0.0013416427,0.0024360449,-0.013898216,0.0024360449,0.015973778,0.0030301015,-0.013836957,0.009703452,0.0018912441,0.005903978,-0.00993572,3.4287772e-05,0.0093981875,-0.015988518,0.0
2016-10-05,0.0076945038,0.015869565,0.025229381,0.0016831841,0.013219141,-0.00035619317,-0.010093704,0.011684815,-0.010093704,0.021399515,0.022146748,0.017233176,-0.0064651757,0.0040725106,0.018778566,0.028459614,0.01059788,0.004995943,-0.0019724546,-0.008171716
2016-10-06,-0.010866642,-0.016509313,0.016507104,0.008478047,-0.0018236978,0.009904384,0.015575722,0.011032316,0.015575722,-0.00290509,0.0055628074,0.0009821613,0.013941915,0.014626328,0.0028780191,-0.0030472642,0.010409549,0.0032891354,0.0064618783,0.021185191
2016-10-07,-0.016297152,0.011784581,-0.000540674,-0.0033140038,-0.0049237516,-0.0084304325,0.00039273064,0.0016494422,0.00039273064,0.0042495113,-0.021419937,0.0005311914,0.00037813772,-0.0032463558,0.01069551,0.019387709,0.005742227,-0.0005160133,0.022957738,0.0031565628
2016-10-10,0.008168538,0.005465444,0.0043716333,0.025971811,0.0026314307,-0.10358041,0.0024183476,0.0039369706,0.0024183476,0.04683191,0.035064418,-0.029992973,0.0071664723,0.0011357801,-0.00019243454,-0.04662374,0.01875569,-0.00094411295,8.637514e-05,0.0028741206
2016-10-11,0.0048801326,0.0005355516,-0.008148094,0.0028783975,0.006578338,0.00036398866,0.0046878643,0.0030923325,0.0046878643,-0.00079872354,-0.0073386254,0.0,0.013835924,-0.0031753173,-0.0006888187,0.0032228804,0.013180376,0.003914514,-0.0017044134,0.002762284
2016-10-12,-0.0053775334,0.010243488,0.008998874,0.008758489,-0.00036695076,0.018442016,0.02308809,-0.02087143,0.02308809,0.00056396995,0.024151867,0.014533329,0.0030068895,0.015112513,0.005509857,0.0,0.0125967115,0.00788055,0.0017210002,-0.00031859247
2016-10-13,0.0056878463,0.0072073606,0.0065079215,0.005526048,0.003879274,0.0517589,0.006290706,-0.0014575546,0.006290706,0.0044557936,-0.01872382,0.0009312224,0.0012815633,-0.0040517296,0.0033978932,-0.011794565,0.0069051203,0.0124106705,0.00062725414,0.009934876
2016-10-14,-0.047075696,0.006153753,0.009429463,-0.033273675,-0.008191882,0.016428187,0.0023464984,-0.0024530925,0.0023464984,0.019418014,-0.011439698,0.0077947048,0.0029514323,0.017182376,-0.007615214,0.0006362828,1.4865144e-05,0.0010428984,0.00968759,-0.0015129895
2016-10-17,0.047462545,0.004143417,0.024312101,0.0014894985,0.008371046,0.0,0.012432602,0.0037180225,0.012432602,-0.02507192,0.019502135,0.0,-0.010220408,-0.008408111,0.0022936517,0.015225547,-0.016993916,0.00040665525,0.004015677,0.016710376
2016-10-18,0.00693569,-0.0015786561,0.00046800284,0.009137056,-0.0007395426,0.0041700155,0.013129381,0.0035511293,0.013129381,0.012887455,-0.00013015201,0.0,-0.029804885,0.0027828817,-0.00683222,0.0086662695,-0.0029483426,0.0068153897,0.00445691,-0.0068394435
2016-10-19,0.023385515,0.0015042847,0.0111469915,-0.0051356563,0.0077789896,7.789584e-05,-0.0056351144,0.013509009,-0.0056351144,0.0065234452,0.02890397,0.0065842485,0.019542709,0.0018168825,0.0011986092,-0.011042146,0.006134755,0.0044917646,0.0109320795,-0.05795682
2016-10-20,0.0010012124,0.0037852165,-0.0017290246,0.00858278,-0.0005451706,0.009180711,-0.0018447626,0.016563624,-0.0018447626,0.005860678,0.01294495,0.00280869,0.018547045,0.0037364857,0.005550664,0.012128194,3.8853923e-06,0.0066721025,-0.00046159598,0.029325847
2016-10-21,0.02336476,-0.00024044659,0.0044324906,0.011322481,0.014593733,0.01383771,0.0,0.0062854784,0.0,0.008485045,0.00020186362,0.027553413,0.009802487,0.003575876,0.005730125,0.025926193,0.020293292,-0.020121388,0.015059174,0.009721763
2016-10-24,-0.002439346,0.0020222936,-0.018798282,0.0008316964,-0.0043373695,0.0070280638,0.0056782146,-0.0016673885,0.0056782146,-0.013381406,0.0017881478,-0.029902274,0.0066629,0.0,0.007907632,0.025981503,6.643158e-05,0.0007731351,0.0029842248,0.0069587585
2016-10-25,0.0038607211,0.0043822234,0.0064121396,0.016053624,0.0031759285,0.0058215843,-0.012476178,0.0020682085,-0.012476178,-0.0016157293,-0.01697867,0.038494084,-0.0015081447,0.014048765,0.014392549,-0.016958913,-0.0004948288,0.0045691766,-0.0033170583,0.009106117
2016-10-26,0.0076235896,-0.010089988,0.0023658818,-0.0022193163,0.0015944205,-0.010073508,0.0024947082,-0.0016000771,0.0024947082,0.044625126,-0.010991905,-0.008424352,0.00035336512,-0.013024916,0.0077453554,0.0036254036,-0.004790436,0.0032162773,0.009102116,-0.0109837325
2016-10-27,0.005501731,0.02280113,0.05486345,0.005533384,0.0,0.0007332203,0.008868624,0.0,0.008868624,-0.058826793,0.007973001,0.047694154,0.022226607,0.012530936,0.018573634,0.00034064119,0.0010301926,0.0,-0.006711194,0.0066596484
2016-10-28,0.0,0.004474492,0.015325531,0.00015907317,-0.0004559157,0.0017917888,0.0026347835,0.01364018,0.0026347835,0.0017204039,-0.035954572,-0.003373903,0.0,0.0038699491,0.0127599295,0.006429765,0.022774482,-0.013626691,0.004018177,-0.0025405122
2016-10-31,0.029072331,0.006575744,-0.038065128,0.021256274,0.019062532,0.012483736,0.012895926,-0.061597407,0.012895926,-0.0344968,0.026600756,0.005895936,0.01968167,0.0,-0.008403776,0.024739288,0.0149362115,-0.04358438,0.017663954,0.013003306
2016-11-01,-0.0005847729,0.011853887,0.012234717,-0.008581167,-0.004764248,0.023184367,-0.0010372272,-0.0083857365,-0.0010372272,0.009748014,0.0155728515,-0.008136642,0.005880049,0.012081608,-0.005024812,-0.009756938,0.04635759,0.005373119,0.006983982,0.0025191244
2016-11-02,0.0099016875,-0.0040089446,0.00069856097,0.005535643,-0.0004847665,-0.0017974937,0.010853703,-0.025064059,0.010853703,-0.0057229823,-0.0051239794,0.025673237,0.0016997714,-0.002322442,0.00029719263,-0.0070995004,-0.006541882,0.024583166,0.014842841,-0.0033706173
2016-11-03,0.0123018855,0.003673587,0.0393839,-0.016735094,0.002145267,0.012488724,-0.003936496,0.025983045,-0.003936496,0.0070534986,0.032348532,0.013099636,-0.00039271632,0.006178817,0.021860717,0.018272782,-0.05089919,0.0,0.012907905,0.012093374
2016-11-04,-0.011245385,0.0066911755,0.018807892,-0.0017814172,-0.0025351339,0.0037124837,0.0137175955,-0.003069318,0.0137175955,0.0021734224,0.005341032,0.03947266,0.004065171,-0.0059567606,-0.0014129716,0.01447159,0.017794626,0.012943601,0.0,0.0071401303
2016-11-07,0.017454712,0.0077754944,0.01338367,0.016699648,0.002248896,0.004589004,0.036536485,-0.003118812,0.036536485,-0.0020016888,-0.0034793282,0.008060139,0.0036089988,0.0,-0.0011496862,0.002891145,0.024093093,0.01072808,0.00053320586,0.015972005
2016-11-08,-0.002000237,0.00631148,0.0062513915,0.010254164,0.0058229263,0.017219147,-0.01944785,0.015393861,-0.01944785,0.021237254,0.0009787913,0.023423515,-0.0055155884,0.0038462197,0.017205436,0.007069683,-0.000927586,0.002940964,0.010223654,0.0033079823
2016-11-09,0.008832181,0.0046125716,-0.0009532827,0.013533873,0.008472568,-0.036360107,0.0018950653,0.009876758,0.0018950653,-0.029141724,0.008635859,-0.06663031,-0.010056949,0.0013236477,0.0011344594,0.0011771179,0.0,0.01636996,0.0060711,0.0004679396
2016-11-10,0.023982244,0.0,-0.067324065,0.011586125,0.005438745,0.013321413,0.002655803,0.019121079,0.002655803,0.013428205,-0.005732863,-0.014764357,0.006483541,-0.00033772428,0.009593164,-0.011537669,0.0077368887,0.003645796,0.0018071968,0.0
2016-11-11,0.002554544,0.01097415,0.0458897,-0.016864069,-0.0127453795,-0.035756133,0.023388032,0.011232838,0.023388032,0.0018469119,0.0291409,-0.04566698,0.0068639102,0.007958795,-0.016126584,0.013207298,0.0073153838,0.008796551,0.007631565,0.00090077374
2016-11-14,0.010190488,-0.0019589714,-0.015930096,0.00877707,0.018158587,0.010480113,0.007831358,0.0030596042,0.007831358,0.03456752,-0.004866018,0.007823768,0.011968767,0.0006252976,-0.005778514,0.01413997,0.0033989828,-0.0010550485,-0.01352884,0.013162375
2016-11-15,0.008900264,0.007832308,-0.02185642,-0.0034363559,-0.0003653345,0.0029692221,0.014104714,0.006241081,0.014104714,0.013307422,0.00048731515,-0.012861855,-0.0058791125,0.0018542473,0.01238297,0.003970114,0.011612401,0.011605263,0.012288991,0.0035585586
2016-11-16,0.0011889747,-0.002777243,0.0017739494,0.005676142,0.0035722046,-0.0017380653,-0.00070641335,0.0032095162,-0.00070641335,0.0012204642,0.013460797,0.067837484,-0.00013209673,0.00837026,0.04041583,0.0041398066,0.014059241,0.0,0.000112902744,0.002469339
2016-11-17,0.0059886267,0.004829555,0.0032771123,-0.000943401,-0.0011585912,-0.00023173747,0.0012997786,0.0037479158,0.0012997786,-0.01363419,0.004021131,0.005218941,-0.0146058155,0.00031297212,0.0017243915,0.00072364206,-9.156438e-05,0.011143885,-0.00020108455,0.005889416
2016-11-18,-0.014603994,-0.0021644132,0.0046044746,0.014898274,-0.0028965494,0.007838719,-0.004089701,-0.0005729691,-0.004089701,-0.003291365,0.0012786012,0.0051194606,0.016380241,0.006198306,0.0029503254,0.0013184525,0.005483752,-0.0015440915,-0.022420174,0.004100753
2016-11-21,0.006576042,0.0086341025,-0.012914273,-0.004344437,0.001811531,0.010623632,0.0071549052,0.0047892667,0.0071549052,0.0052582584,0.0064398153,0.015435987,-0.0030219357,-0.0031487418,-0.0080958055,0.0001324405,-0.0015785132,0.004097599,0.009531672,-0.019123686
2016-11-22,-0.010507698,0.0036562576,0.0018210955,0.005945048,0.0036990459,0.020758737,-0.002965397,0.011769045,-0.002965397,-0.00930879,0.0020684786,-0.018027997,0.0013874329,0.0007298287,0.01723888,0.024303345,-0.015544985,0.0032254397,-0.0016673787,0.004275439
2016-11-23,0.06269022,0.0010300783,0.057636198,0.005190936,0.0024952036,0.0057196617,-0.0012944882,0.005612465,-0.0012944882,-0.0068510077,0.006955094,0.0009327935,0.024302999,-0.0051809144,0.01164797,-0.0022437177,0.0058905366,-0.01529633,0.0021189696,0.004587365
2016-11-24,-0.0033656613,-0.0065145865,-0.0028058994,0.0052284743,0.015216998,0.011916769,0.0012624983,-0.0054070777,0.0012624983,-0.010761548,0.0005125609,-0.007573083,0.0031561693,0.01354335,0.0,-0.003092761,-0.004313325,0.0027401445,-0.010220026,0.0040677544
2016-11-25,-0.011861101,0.0061331172,0.001203223,0.011481652,-0.0018533436,-0.00044354296,-0.0025123807,0.0142015545,-0.0025123807,-0.01841851,-0.00093098055,-0.021206437,0.004443195,0.0013493336,0.0017313306,0.0007194136,0.0016561255,0.0050066886,0.00474339,-0.0041947835
2016-11-28,0.02436462,0.013814281,-0.0015065997,0.0035972826,0.005172702,-0.00939358,0.009602432,0.005783303,0.009602432,0.0053084195,0.008010669,-0.00048163105,-0.0036721835,-0.002420843,-0.0012773856,0.0022800984,0.020789567,-0.001516821,0.0016887713,0.008287392
2016-11-29,-0.01040716,0.01431104,-0.0034045305,-0.008744406,0.0040058075,0.00050980656,0.009721786,0.010691917,0.009721786,0.0075273365,0.0,0.008301031,0.012166348,0.0044187102,0.013846417,0.012194486,0.013030272,0.010679448,-0.011866223,0.004722907
2016-11-30,0.013979302,-0.0013190701,-0.008854165,0.00506788,-0.001345195,0.0035461483,-0.0014627628,0.0,-0.0014627628,0.011122191,0.0,-0.009741711,0.017158203,0.002856795,-0.008128254,0.005840415,0.004731053,0.0037813447,0.011807309,0.002633719
2016-12-01,0.005470262,0.024232069,0.008560276,0.012308048,0.004351904,0.0029639804,0.0,0.0,0.0,-0.0066253245,0.0045704916,0.059603777,0.017216882,0.004783542,0.0058737434,0.008114596,0.017366901,0.010388125,-0.027780898,0.0009921927
2016-12-02,-0.0050252597,-0.01410712,0.007555537,-0.0001153736,0.00609555,0.0047687604,-0.029902834,0.007506355,-0.029902834,0.038359303,0.0,0.017942812,-0.0075843954,-0.01273514,0.014554757,-0.0044249343,0.00015107811,-0.009603388,0.01625269,0.0082968045
2016-12-05,0.007629149,0.0,0.025767405,0.020660415,0.00028967962,0.00030163888,-0.017008036,0.0028792743,-0.017008036,0.0021657674,0.0034531723,0.017211068,1.3807236e-05,0.00938727,0.001916427,0.006452928,0.009364879,0.0040560225,0.01833809,0.009626996
2016-12-06,0.0062855263,-0.045279916,0.0061939885,-0.0022740136,0.005506186,-0.0042914744,0.014408424,0.022282455,0.0016963949,0.008602754,-0.00073228823,-0.0076695457,-0.0028359701,0.04140569,-0.0022236528,0.0039017713,0.003921266,0.0,0.031049063,0.013552059
2016-12-07,-0.020893408,-0.0021798015,0.011977487,0.058784418,0.0069849687,0.01106566,-0.00092585315,-0.00053523475,0.015518366,0.0016848893,0.0070831594,0.006421914,0.04039221,0.00025771087,0.0012705383,0.003698775,-0.0039487514,-0.0017878823,0.05132259,0.0019903665
2016-12-08,0.00083035557,0.0028024835,0.0021753246,-0.00997949,-0.011345431,-0.020034406,-0.0028938304,0.008083952,-0.0036993995,0.0020600485,0.023319962,0.10494693,0.019940693,0.008032056,-0.008426858,-0.0005138079,0.035771556,0.00072384765,0.010257453,0.008658291
2016-12-09,0.0022832726,0.029324679,0.008039508,-0.008132104,-0.008698354,0.011548044,-0.006433914,0.005755234,-0.0059018005,0.0022580638,-0.0032254055,0.009149714,-0.0008736003,0.012894858,0.006324397,0.028287569,0.007003897,0.009524184,-0.0030507836,0.00311489
2016-12-12,3.0111607e-05,0.0152015705,7.662863e-05,-0.01628936,0.009738393,0.0022900312,-0.0028871978,-0.0109386565,-0.052090377,-0.029018141,0.010772677,0.002324032,-0.0028219812,-0.023564281,0.00060415297,-0.005491764,0.01306454,0.00093873206,0.022896867,0.0058560395
2016-12-13,0.0032980836,0.015987793,-0.0017126793,0.014042895,-0.0409707,0.028646832,-0.02168525,-0.007003277,0.00099726,0.005694436,-0.004203904,-0.001162398,-0.004058469,0.011182971,0.010445343,-0.12699276,0.002049014,0.004939219,-0.010793317,0.0007553648
2016-12-14,-0.019240355,0.010405699,0.013501059,0.054141987,0.036456097,0.018642254,0.006458062,0.0064855954,0.03771154,-0.007671492,0.009817272,0.008046086,0.011533062,0.028360376,0.00831122,0.024671689,-0.010838965,0.010017876,-0.023017049,-0.007654185
2016-12-15,0.01438861,0.01124551,8.660998e-06,-0.001222006,-0.008239819,0.012822789,-0.00595915,0.0023362485,-0.0003327806,-0.0013106801,-0.0017303699,0.057378802,0.0077605946,0.004384907,0.010202059,0.019996513,0.004222203,0.0006969957,0.00021420198,0.010421033
2016-12-16,0.0041394704,-0.011290098,-0.011390711,0.0259696,0.012848287,0.0067791366,-0.017834501,0.027046738,0.04871348,-0.11802649,0.00062492886,0.018700393,0.011647346,-0.002127201,0.0064847255,0.023503533,0.0020101848,0.00080413715,-0.021911267,-0.0032016016
2016-12-19,0.030761037,0.00017516574,-0.020739406,0.0019682203,0.009143242,-0.0027794559,-0.047254078,0.0001734945,0.0007353477,0.010229383,0.005870124,0.03432653,-0.004809152,0.009704399,0.00084817066,0.01488872,-7.803595e-05,-0.002589778,0.018431231,0.0
2016-12-20,-0.0028176445,0.0012664326,0.016713807,0.01039742,-0.072864704,0.054631043,0.017136574,-0.0024849558,0.004007531,0.04541859,0.010848498,0.008088579,0.059377342,0.006278144,-0.0054621547,0.006152302,-0.030739566,0.0072273887,0.005771317,0.009191513
2016-12-21,-0.015989862,0.011578925,-0.046736587,0.0,0.008273323,0.009441875,-0.0530914,-0.03972464,-0.013574619,-0.0072310846,-0.0004957842,0.0285979,-0.010591992,-0.05048403,0.0,-0.0015879143,0.06070454,0.0050226925,0.061170276,0.008716909
2016-12-22,0.007089694,0.011841741,0.006540149,0.019657113,-0.00083053234,0.013825858,0.0,-0.023073703,0.004147136,-0.016674351,0.00015822897,-0.003113401,0.0026995155,0.0011821871,0.013193234,0.0036998063,0.013446877,0.004203264,0.01223815,-0.04737752
2016-12-23,-0.0034062339,-0.01886766,0.0031468899,-0.003767845,0.0085917795,0.0016810602,0.0016787539,-0.0048369584,0.0024561884,-0.020347048,0.013270504,0.010985864,-0.0028662684,-0.0003413618,0.0061270287,0.0023098143,-0.0011727348,0.0042534256,-0.05682125,0.04285944
2016-12-26,0.014801146,0.0047640023,-0.012063676,0.003137734,0.02149067,0.0021029888,0.0,0.07777354,0.017222075,0.0023210715,0.0027210787,0.010927894,0.0149419345,0.019452078,0.0017473457,0.0038645926,0.016972212,0.0014891725,0.023584703,0.0030780623
2016-12-27,-0.044414308,0.0037162853,-0.02266601,0.0050567547,0.014663229,0.021947023,-0.021192977,0.008076186,0.013013814,-0.013693319,0.0012122701,-0.025624609,-0.00027063407,0.007870546,0.0066177957,0.02354077,0.005364479,0.002044969,0.003717865,-0.00016626173
2016-12-28,0.023949482,0.007894546,0.027719943,-0.027644714,-0.0039673992,-0.003873822,0.035606574,0.0036900279,-0.015455825,-0.051111963,0.0017258635,0.012670263,-0.0065889293,0.017348288,0.017017711,0.011759436,0.005300048,0.015936406,-0.005128514,0.0
2016-12-29,-0.001181079,0.005252578,0.01484832,0.018509287,0.005594412,-0.01310617,-0.0018900194,-0.024750795,-0.0015638836,0.019588096,0.010856462,0.013417885,-0.008426311,-0.012441692,0.0023352199,0.01187242,0.00046584167,0.0025836523,0.010133708,0.0044619776
2016-12-30,0.0,0.0030417114,0.023958154,-0.04240158,-0.001036452,0.0424016,0.034583777,-0.004595256,-0.010493493,-0.016697142,0.0046515353,-0.010691594,0.0020412093,0.030373504,0.00095070293,-0.012850711,0.0009718424,0.006171989,-0.00577191,-0.00034049212
2017-01-02,0.00041306237,0.0,0.016369503,0.00016933531,-0.0013559661,0.0050237677,-0.006262863,0.008187695,0.0024835682,-0.014418139,-0.00087097846,0.013172218,0.0047698696,-0.06887189,-0.023725772,0.0018009653,0.02246252,0.0055156923,0.0038755545,-0.05666217
2017-01-03,0.005723171,-0.0041726204,0.001006683,0.07924381,0.0063110623,-0.12465076,0.032600854,-0.04138362,-0.012883223,0.080542676,0.009638633,0.0,-0.003810493,0.00028697695,0.016570164,0.016027307,0.012899565,0.0018463418,0.00916694,-0.004636824
2017-01-04,0.0017657892,-0.007706085,-0.0003259289,-0.013595551,0.013640334,0.05930988,-0.03351168,0.012394624,0.020850101,0.007874575,-0.0025696617,-0.039479088,0.00055501144,0.007589035,-0.0020234599,-0.014102043,-0.0071379826,-0.0008414006,0.0007444073,0.035207037
2017-01-05,0.046056114,-0.006615922,-0.005493002,0.0047650496,0.014473445,0.0030983584,0.008494812,-0.025764843,-0.022088746,0.015354352,0.00013586483,-0.0035829996,-0.008036792,0.05189967,0.0028950197,-0.0029750182,-0.025550146,0.0016194492,-0.009409172,0.0006936929
2017-01-06,0.008523929,0.018172346,-0.033746485,0.0023620136,0.0073816055,-0.012112554,-0.03234604,-0.01767131,-0.11173732,0.0027709662,0.010389051,-0.010902683,0.033762325,0.024343617,-0.005872064,0.025781903,0.01724746,-0.00044118633,-0.01390588,0.010229664
2017-01-09,0.024464369,0.0071636955,0.015007103,0.013628416,0.008477504,0.035099182,0.0049914173,-0.11012058,0.017220734,0.0054452196,-0.013929483,-0.008544273,0.032032453,0.0031122677,0.0023391536,0.0046983743,-0.009084497,0.014954605,0.006827934,0.0010069476
2017-01-10,0.0030365167,0.0073836297,-0.0065043774,-0.0047782604,0.0032548462,-0.015077674,-0.0040686084,0.0065491493,0.019894665,0.013747329,-0.009609336,-0.0061182473,-0.016256096,0.0018450663,-0.02504235,0.019327026,-0.007966091,-0.015239217,-0.0043786764,0.004313534
2017-01-11,0.00130947,0.0070980643,-0.007114374,0.0072359424,-0.00012603083,-0.01780686,0.0015210831,0.06481944,0.010268721,0.0005390114,-0.011829156,0.016411806,0.055849537,-0.0134994965,-0.0036383225,0.0057145846,-0.0004887261,0.0024640595,-0.09173703,0.0053777914
2017-01-12,-0.04729914,0.004410817,-0.0006666922,0.0010249922,0.0042494205,-0.0028245768,0.002853634,-0.020184329,-0.015181598,-0.0037252551,0.0062357797,-0.0068282615,-0.033629667,-0.028670426,-0.0011286983,-0.00049708,-0.008876746,0.001009661,-0.0005632522,0.0017375035
2017-01-13,0.014879873,0.0016898558,0.001597532,0.0011660301,-0.113778025,-0.0025895813,0.0334105,0.024514383,0.015310316,-0.008439656,0.015423667,0.030577023,0.017034095,0.01671815,0.0022916384,0.00017417822,-0.009392206,-0.00017094627,-0.010097075,0.005992799
2017-01-16,0.0031249763,0.00021951525,0.0074657155,0.0030984222,0.006498242,0.0075725787,0.006224686,-0.0018544606,0.013757033,-0.00033003537,4.935156e-05,-0.0037659216,0.004547524,-0.0072109103,0.0012191844,0.0069059758,0.0024963834,9.4989247e-07,-0.008343039,-0.00033288272
2017-01-17,0.006810017,0.0029148627,0.0023616033,0.00034422852,0.04299795,-0.030639831,0.017603971,0.026262322,0.004595632,0.023186829,0.006788188,-0.00072088244,-0.0058170017,0.03206461,0.014379527,-0.0058868104,0.0008615587,0.009851184,-0.0066895103,-0.0022989747
2017-01-18,0.004763933,-0.008909541,0.004688954,0.0037828784,-0.0067990185,0.0094948085,0.016532056,0.0059034983,0.0081704,0.0002560228,-0.00079604035,0.0052873986,0.03440684,-0.0005057352,0.000827055,0.003777099,0.014113412,0.010667529,-0.002583633,-0.0027015589
2017-01-19,-0.04438532,0.037835274,0.0029505843,0.022402603,-0.0068418575,0.032953925,0.010228445,-0.041622505,0.013428822,-0.005325977,0.004756764,-0.00094850553,0.008860586,-0.043902397,0.016544541,-0.0076606073,0.004891251,0.0022980482,0.03948085,0.025410756
2017-01-20,0.0069371643,0.0011496441,0.009857392,0.028234063,0.015073268,0.000797876,-0.0331624,0.018788,0.02569791,0.016520167,0.0071492284,0.0071230964,-0.004660122,-0.0062100445,0.01988466,0.014262894,0.011469351,-0.026178973,-0.008055117,0.006034294
2017-01-23,0.010188466,-0.012763418,0.013732081,0.0130076,0.011845863,-0.020836541,0.0022783654,0.00071233907,-0.0063018124,-0.008534642,-0.0070952713,0.0019108242,0.0185045,-0.014333887,0.0053557935,0.00479405,-0.0063388203,0.0033273846,0.012329389,0.036632743
2017-01-24,0.0056215064,0.014402863,0.013001203,-0.015748382,-0.008357631,0.0138312895,-0.03466738,-0.011930558,0.0018756029,0.06499329,0.008545313,-2.5882076e-05,-0.017075295,0.0038764738,-0.008422244,0.0,0.02870969,0.0012557735,0.024757512,0.006069598
2017-01-25,-0.008420149,7.8829125e-06,0.009643591,0.008318969,-0.005894345,-0.0020897444,0.021333339,-0.087066814,0.0051664934,-0.0446501,0.007004702,0.013451886,0.008267065,0.048757907,1.4583131e-05,-0.002779745,-0.10151781,0.0047998927,0.07522757,0.0005721921
2017-01-26,0.016545158,0.00914529,0.011406763,0.005541477,0.017050382,0.02129231,0.012425718,-0.0013841707,-0.014422733,0.011025607,-0.0027936827,-0.0054944274,-0.011195084,-0.009138279,-0.0010845402,-0.011155744,0.00071699417,0.0064046946,0.0068702106,-0.010127323
2017-01-27,-0.0007281089,0.007812745,0.005823409,0.009938725,-0.0063765803,-0.0015862904,-0.017474188,0.0386529,0.019401547,0.0069109034,-0.0008390935,-0.007237988,-0.0022737128,0.0027357698,0.008369485,0.023962393,-0.0010193869,0.006583155,-0.04391223,0.0108452765
2017-01-30,0.01842836,0.02920926,0.0034016983,0.00021947628,0.03751262,0.057690006,0.005450367,0.0025253529,0.0036938987,-0.0049272366,0.0073124776,-0.024627158,-0.0064282846,0.000100142955,0.0035555027,0.00026494273,0.010373994,0.0,0.013155136,0.00010211819
2017-01-31,-0.01192942,0.01706571,0.0068032737,-0.0011977623,0.016896881,0.017412748,-0.031512477,-0.02933223,-0.0075463844,-0.1194995,0.006893787,-0.08869912,-0.0075398525,-0.0042464826,4.310837e-05,0.013437464,-0.0016256741,0.013679192,-0.0064766095,0.013657312
2017-02-01,-0.012468746,-0.017594527,0.003657471,0.018372862,0.0059850165,0.0,0.065221936,0.03570066,0.021334417,0.09381339,-0.0020360325,0.062037837,0.046265937,0.0071284845,0.008591635,-0.006508529,0.025897032,-0.01686848,0.021859419,0.004646041
2017-02-02,0.026011445,-0.020421976,0.008210602,-0.004081704,0.010263286,-0.00239382,0.001371657,0.007879372,0.007830989,-0.0031206734,0.0016855747,0.025826728,0.013100019,0.0036204935,-0.0004363564,0.0076472266,-0.008477846,0.006715546,0.023780257,0.0083241295
2017-02-03,0.016266897,0.009663079,0.00023368043,0.049346037,0.0018535263,0.022502622,0.00312831,-0.047416225,-0.008895704,-0.0060854843,0.012313305,-0.006436016,0.0017772042,-0.0072332947,-0.002509236,0.00047351408,0.006698895,-0.0010811491,-0.057231847,0.004423242
2017-02-06,0.0023357295,0.007087385,0.0067199357,0.0033902049,0.0082913395,0.013484556,-0.001819478,-0.0020764407,-0.0006884005,-0.0002405432,0.005285772,0.013159221,-0.0009567392,0.0019698867,0.012741218,0.02198801,-0.00770122,0.013689025,0.0258931,0.004505797
2017-02-07,0.010253614,0.012016338,0.0028451385,0.0032832022,0.009159567,0.011810387,0.020104073,0.013858556,0.01602809,0.00047841115,-0.0018112774,0.036184404,0.007202931,0.010811473,-0.0141295865,0.001742712,0.01687459,-0.019965567,0.008998951,0.0022768623
2017-02-08,0.0077430406,-0.006090934,0.0018134174,0.010134714,0.0045671505,0.012727919,0.0070100487,-0.0032779644,0.003670563,-0.022929672,0.008056001,0.010159264,0.026005223,0.012107014,0.004118931,0.014871066,0.008638132,0.018645182,0.0039540194,0.0001580242
2017-02-09,-0.00048014196,0.025983442,0.002938395,0.012303952,0.004812329,0.0015918538,-0.0202819,-0.00941672,0.004833974,0.01489126,-0.007697342,-0.0031351745,-0.0021078389,-0.032005798,0.0055441223,-0.0013817473,0.006792607,-0.016909044,-0.0048880316,-0.01986757
2017-02-10,-0.0004357695,0.0,0.009005767,-0.0024211714,0.019584136,-0.00056845986,0.092577085,0.030924808,0.011644984,0.04064392,-0.00011077891,-0.0005277417,-0.0011146308,-0.12375456,0.0075264485,0.013614415,0.01769029,0.014877813,0.016215298,0.007488872
2017-02-13,-0.011683951,-0.024170142,-0.000346173,0.012128562,0.0022769005,0.0011154836,0.015104957,0.007638237,0.013835384,0.039225437,0.0049216235,0.00066485105,0.015401114,0.034038775,0.004038661,0.01147334,-0.00032071717,0.01853542,0.0017623798,0.0009992581
2017-02-14,-0.015844537,0.017764142,-0.0016453128,0.0012813963,0.00092640676,0.028327238,0.0020026946,-0.028875466,0.006508576,0.037051298,0.0047840043,-0.008386244,0.0,0.0047490136,0.0010738806,-0.010363165,-0.0004087178,0.0031059722,-0.010415457,0.00886518
2017-02-15,0.056720614,0.010608447,0.011388738,-0.019662278,0.0022347462,0.0071616312,0.0018637663,0.0032855896,-0.016275087,-0.0015417875,-0.0013446045,-0.013480193,0.0009583855,-0.0016945737,0.00021463115,-0.0019683319,7.929912e-06,0.0060490533,-0.008183095,0.0015964536
2017-02-16,-0.017016368,-0.0011861031,0.0034824049,0.005382761,-0.00088684476,0.0038521884,0.0041776747,0.038917013,0.0023371105,0.00013588685,0.0025550798,0.016210528,0.009774158,-0.002546902,0.005240787,0.008076878,0.004607902,-0.0028413967,0.023596024,-0.0070504607
2017-02-17,-0.035831727,-0.015507912,-0.0008225641,0.0027401233,-0.0030272915,0.0013024553,0.0023052,0.0031177173,0.012746037,0.023875665,-0.003834997,0.0040206783,0.026898848,-0.0013320001,-0.0032945871,0.01866784,-0.0012595002,0.0023704853,0.009600556,-0.0035231658
2017-02-20,-0.009290138,0.006972954,0.0006973296,-0.0043039806,0.026611395,0.0104064,0.021491855,0.042572387,0.00179204,-0.0017334564,0.0030599446,0.0043082577,-0.0040784087,-0.014443013,0.00028162886,0.0019086571,0.007853576,0.0019957009,-0.013926638,-0.0025050524
2017-02-21,0.020176025,0.0,0.001015277,0.0038049398,0.0035982102,0.0025718505,0.0012687285,-0.011410118,0.0055748154,-0.0035260648,-0.003202534,0.0035831563,-0.02496652,0.03208728,0.0073632835,-0.016506445,0.0067824936,0.010230842,-0.023428917,-0.008464072
2017-02-22,0.012793666,0.0017369799,0.0040634633,0.009119442,0.0017496508,0.0044387453,0.018584395,-0.004020623,0.011778958,0.001961121,0.013326787,0.012965254,0.026694559,-0.008711128,0.009583433,0.0,0.0,0.004111033,0.013066756,0.0015102167
2017-02-23,0.005620657,0.0,0.0010681836,0.0030175776,0.00819689,0.0,0.00053511723,-0.0016515733,-0.01417505,0.0,0.0027224096,-0.0068999543,0.017153246,0.109308675,-0.0007707513,0.019187499,0.00097500643,-0.0008384263,0.0022670778,0.034437727
2017-02-24,0.004008233,0.0043022567,0.009731124,-0.008386222,0.013541291,-0.010073911,0.0010896958,0.04440335,0.022480084,0.029104505,0.00016870351,0.0047899685,-0.0031476638,-0.12646063,0.010227316,0.0052780802,-0.0010760528,0.0029248965,-0.0018036191,-0.012990869
2017-02-27,0.016523162,0.007652608,-0.004195941,0.0118448045,-0.001995265,0.03160021,0.005764954,-0.013925438,0.012276959,0.013616973,-0.000747548,-0.0013512053,0.00816095,0.029273666,0.0,0.01477554,-0.000455516,-0.002783763,0.0003578473,0.009167817
2017-02-28,-0.0057917037,0.0062538413,-0.0017944159,-0.00577998,-0.00745857,-0.017720792,0.008949078,-0.02158158,0.0007763383,4.470806e-05,-0.00016250726,0.00011364728,0.00029602853,-0.02635503,-0.0073814155,-0.02599272,0.002936247,0.004200718,0.016893275,0.0
2017-03-01,0.015493,0.0015392507,-0.0017727881,-0.01711534,-0.0024822794,-0.026389988,-0.030080296,0.0008490205,0.010973398,0.0038392125,-0.0005307597,0.007660827,0.0056457035,-0.00052528,-0.0015627049,0.010846458,-0.010129298,0.006713031,-0.02997706,0.021894753
2017-03-02,0.013682098,0.010805646,0.001085916,0.00402078,0.006671981,0.0506137,0.0002947017,0.046319626,0.0019533562,-0.003929903,0.0024560292,-0.0025582605,0.0052485787,0.063035876,-0.0143953655,0.0070212376,-0.0075962427,-0.0012735012,-0.009347472,-0.002175896
2017-03-03,-0.008875223,-0.008434445,-0.011261434,-0.00076959596,-0.011579278,0.0053907046,-0.029080497,0.0013525778,-0.010698826,-0.0094304215,0.005075226,-0.01636995,0.005110948,-0.041290727,0.0,-0.019468913,0.015488348,0.013921377,0.0028894541,-0.007327622
2017-03-06,-0.098304234,0.007285459,0.0,-0.017400619,0.00835399,0.04809899,0.040971797,0.008164997,0.006075018,-0.0008952638,0.018500697,0.0019258866,0.080883004,0.000699023,0.020463033,0.0017449441,-0.006160138,0.0023742337,0.06195317,-6.440787e-07
2017-03-07,0.034425132,0.012495583,0.0030993095,0.0034728784,-0.0044767587,-0.011796226,0.003151981,-0.026432646,0.0137967365,-0.0020673645,0.00052312337,0.06517421,-4.202617e-05,0.014933107,0.011586934,0.0075962204,0.03276699,0.007336082,0.0014552856,0.0052023716
2017-03-08,0.0165986,0.0031628262,0.009995529,0.014918875,0.00052048103,-0.0015774785,0.06495893,-0.020859718,0.004561778,0.096716985,0.009903738,-0.009355656,-0.0036621334,-0.0062954295,0.024801906,-0.00034904454,0.019275922,0.018797833,0.01923516,0.006457043
2017-03-09,0.020794516,-0.007081439,0.012909247,0.009718397,0.014863312,0.0,0.0020292716,-0.017896175,-0.0036908397,-0.023525499,0.013040635,0.033677403,0.0003867415,-0.0072312625,0.004877973,0.00013352004,-0.0041637793,-0.0066690976,0.004903065,0.0024597824
2017-03-10,-0.0056656734,-0.00016859188,0.0005168427,0.03376711,-0.0019501672,0.0021010782,0.0060336897,0.006956284,0.0022744155,0.067050695,0.0040515168,-0.009002551,-0.0012582665,0.014579736,-0.017030928,0.00065333373,0.0016192532,-0.0010344641,0.00914707,0.0051028505
2017-03-13,-0.002667,0.024411945,0.005167775,-0.009074348,0.020451115,-0.008609382,0.010300018,-0.09648369,-0.009392197,-0.022791058,0.0016999039,0.01517319,0.0015849167,-0.0048668883,-0.011822181,0.010640929,0.016270308,0.015379935,0.005423419,0.019490918
2017-03-14,0.040190935,0.009545589,0.011084504,0.051006284,0.0030844351,0.013245089,0.0,0.019373491,0.008985805,0.005489379,0.0011533718,-0.016427904,0.0077344007,0.009280517,0.038210075,0.007879369,-0.016115006,-0.012312708,0.004941781,-0.019240735
2017-03-15,0.0021091418,-0.029262094,0.008199783,0.006594992,0.015190924,0.00070906925,0.008993785,-0.006031404,0.0023091147,0.005448297,-0.0021959092,0.00430371,0.01928128,-0.00035682975,-0.0050290315,-0.011777531,0.0028167749,0.005547927,-0.01778664,-0.008394846
2017-03-16,0.0016782285,-0.0055100303,0.0012070271,-0.0047892765,-0.00085690926,0.04660543,0.013002124,0.032527614,0.001598033,0.009656534,0.001065543,0.0070922743,0.0,0.0074989297,-0.015854966,-0.008689541,0.015351668,0.003657544,0.0053037917,0.016773954
2017-03-17,0.0193846,0.028302457,0.022585388,-0.12178434,-0.0013895419,-0.0028120165,0.010707163,0.002922477,0.027615873,0.009995472,-0.002997742,0.01434232,0.06488612,0.010152623,-0.008209908,0.0033808562,-0.009097151,0.00185896,0.009213283,-0.011812783
2017-03-20,-0.001009868,-0.008971432,-0.0027745066,0.015904315,-0.001296185,-0.004179292,0.008239255,0.027488837,0.0032338959,-0.016298385,0.014917641,0.05258561,0.0044362433,0.005479171,-0.006550859,-0.0062263077,0.0154798655,0.0057668947,-0.0039248387,0.0096321
2017-03-21,0.0077518807,0.014477915,0.014637082,0.012193541,0.02290833,-0.12742382,0.010410826,-0.0028435802,0.010700832,0.099537596,-0.0011077955,0.0016987483,0.013503528,-0.020855814,0.022410145,-0.0024278725,-0.00042377374,0.002014185,0.01341841,0.009952044
2017-03-22,-0.00480432,0.032898724,-0.02093252,0.025640743,0.009142988,0.0153636085,0.0051429407,0.017421614,0.010939986,-0.0004636429,-0.006247594,-0.0045905528,0.0,0.01088396,0.038711943,0.00811222,0.00916089,0.0035497914,-0.029887356,-0.00072774396
2017-03-23,0.00581223,0.011228654,-0.002905446,0.022038925,-0.0008146184,0.01596101,-0.00039397946,-0.12372404,0.004337201,0.0027405391,-0.025160884,-0.0044849524,0.000422818,0.029588053,-0.0005757745,0.0006963755,0.018850688,-0.0012948449,0.0071134306,0.0061256876
2017-03-24,0.004616963,-0.0031107874,0.020149732,0.0028126226,-0.010129929,0.019815784,-0.025916478,-0.015045072,0.0009541395,0.012534204,-0.03002448,0.0044972426,0.0064877407,0.004800962,0.0036601857,0.004651945,-0.0020411324,0.016353635,0.015120266,-0.008321277
2017-03-27,0.0060462006,-0.0037680115,0.0062366724,-0.056920305,0.012881356,0.019017095,0.012782741,0.0,0.0063233124,0.0066848616,0.006072898,-0.028445533,0.02152354,0.0,-0.020795947,-0.010504255,-0.00037210048,0.0032739043,0.0,0.012903317
2017-03-28,0.007821479,-0.0039837942,-0.02028267,-0.010630958,0.019175898,0.014824081,-0.0062155467,-0.056004375,0.0044982787,-0.006662969,-0.08232505,0.0,-0.017638275,-0.003656011,-0.00071534875,-0.0016864233,0.0028836639,-0.005750086,-0.0051387474,0.006080111
2017-03-29,0.022312906,-0.004259052,0.0071585565,-0.0062278477,-0.0068711676,0.0096850395,0.016608639,0.033965215,0.017175235,-0.008747022,0.006938751,0.00055563374,0.028553452,0.012233251,-0.023883782,-0.01937931,-0.001336613,0.013067234,-0.0006856817,-0.0055467016
2017-03-30,0.0020065445,0.0,0.008236974,0.02257171,0.0075219087,0.0068909056,0.0034437608,-0.00040129313,0.012491137,0.0285795,0.014718203,0.007819431,0.0045713657,0.0076178927,-0.02858646,-0.003526516,0.0035760135,0.014957889,0.014601987,0.016658794
2017-03-31,-0.004334543,0.0117194615,0.02177156,0.014260653,0.0,0.0008851769,0.020979967,0.00075401354,-0.0036857086,-1.0094635e-06,-0.0155660575,0.008249917,-0.08398485,0.012114655,0.009732776,0.017198421,-0.024353813,-0.00046011413,0.013073474,0.0067067207
2017-04-03,-0.0028179043,0.008032335,-0.031941447,0.0069518923,-0.03427394,0.004616031,0.0,0.028513435,0.005444278,0.047498804,0.037561715,0.005463522,0.1014723,-0.03153657,0.008253294,0.0029807615,0.004396972,0.016867213,0.008587649,-0.009280651
2017-04-04,0.0049549746,-2.870071e-06,0.013418012,0.025422944,0.006256514,-0.017750759,0.039094504,0.002998619,0.015492241,-0.017462723,0.013852625,-0.0063389563,0.07965866,0.010269555,-0.12278963,0.010274596,0.009216309,0.000981373,-0.0015439607,0.004729885
2017-04-05,-0.018536428,0.003550582,0.011885162,0.0032633047,-0.011200432,0.012507501,-0.0066960957,0.03706154,0.0015862528,0.0012296566,0.047030613,0.01469484,0.0,0.0022815112,0.0015489797,0.000192832,0.0100096045,0.0062407875,0.0,0.0077510737
2017-04-06,0.0006188157,0.015864598,0.003921756,0.0,-0.006869666,0.0019176097,-0.0016807903,-0.010576161,0.003643881,0.015157205,-0.012091703,-0.00616349,0.006556056,-0.0025469332,0.044039685,0.012479996,0.00613458,-0.006034069,0.015004189,-0.014162919
2017-04-07,-0.015135687,0.014648739,0.01162718,0.0012468426,0.02114009,0.0,-0.0040456443,0.033434097,-0.0048616026,0.012906254,-0.02319498,-0.014727235,-0.0068494123,0.008825346,0.002877203,0.011749831,0.0019480198,-0.0040198504,-0.00849611,0.0039515374
2017-04-10,0.040685434,-0.036112394,0.0,-0.0005224162,0.0,0.0028091583,0.011678314,-0.018587014,0.015351216,0.0042691203,0.0007242131,0.025164058,0.1017116,0.0029972706,0.011549999,-0.00018806047,0.022464175,0.0047366517,0.00751578,0.01399105
2017-04-11,-0.0007416793,-0.021354675,-0.0057353405,0.002775213,0.0,0.022699045,0.0026297427,0.0055288337,-0.04690479,-0.0017573697,0.004353393,0.0058199507,0.04337863,-0.0054318486,0.03616906,0.0072673946,-0.005241994,0.0,0.012245976,0.0013564235
2017-04-12,0.016000304,-0.007606306,0.0072624963,0.016277777,-0.029497486,0.01640869,-0.0040806085,0.0031008003,0.014935764,0.0014874658,0.01059951,0.004177327,-0.0036666116,0.018447071,-0.02940492,0.0016997585,-0.023639355,0.0023050248,-8.447684e-05,-0.009412997
2017-04-13,-0.0032895713,-0.011236792,0.009988099,0.01178136,0.03337082,0.006370727,-0.009166839,-0.0034473585,0.0,0.0134304585,0.007060939,0.0073919133,0.0025215156,0.0032643713,0.016225295,-0.0036115078,-0.004213292,0.0029910312,-0.0002421256,0.009682447
2017-04-14,0.0018718597,0.0065563475,0.0021220406,-0.00030388765,-0.010860603,-0.0038879954,0.0027478887,0.021550218,0.013828934,-0.0014615504,0.0028192082,0.0075725284,0.004834285,0.0059869923,-0.0036904006,0.0070071365,-0.0006763665,0.015277544,-0.0018578455,-0.002473341
2017-04-17,-0.0021831417,0.013323978,0.016826468,0.021309104,-0.015414116,0.0033856207,-0.003721197,-0.023616137,0.009967568,0.0074109524,0.020754226,0.00944324,-0.007756991,0.009844358,0.0019142322,1.954174e-05,-0.0037671647,0.00053677306,0.00823746,0.0025076852
2017-04-18,0.009621151,-0.014202803,-0.0076532643,0.003690073,0.0033305618,0.002999755,-0.015852794,0.014896367,-0.0056036813,0.018759158,0.008385117,0.00955524,0.01066668,-0.015379418,0.025315275,0.0037202553,-0.00019707462,0.016299153,0.0016397685,0.0013832771
2017-04-19,-0.015057283,0.014935673,-0.0017534631,0.013062949,0.0032723339,0.034020007,0.03737579,0.009759648,0.0018588601,0.0009930922,-0.029955605,-0.023237985,0.010879358,0.02854871,-0.0050808243,0.015413582,0.021097342,-0.0015095543,0.014780038,0.0026208297
2017-04-20,-0.031571813,0.007770909,0.007562865,-0.002245231,0.013722829,-0.0034308915,0.00998477,0.00075833243,0.006552788,-0.015086426,0.08775978,0.019339956,0.008743932,0.01624909,0.001538639,0.0012363405,-0.007495109,0.01480632,-0.0077673164,0.006490197
2017-04-21,0.016557233,-0.014548492,-0.002428294,0.010134357,-5.8274954e-06,0.003976213,0.0056935665,0.0071538524,0.0056400397,0.0038515294,-0.022995416,0.009569222,-0.00089480256,0.014720733,0.010926216,-0.0040744888,0.0064323037,0.014781903,-0.002878193,-0.0012705156
2017-04-24,0.0054106824,0.034124922,0.0,0.0027238035,0.006156607,0.006513774,-0.0002471245,-0.011302828,-0.00080750766,0.011287539,-0.00020449315,0.005520255,0.0024979266,-0.09538316,-0.01308249,0.009051003,0.02032735,0.0,0.0047369585,-0.0016805542
2017-04-25,-0.018018128,0.013283125,0.010352655,0.040002737,0.031689238,-0.00083314773,0.014257207,0.0038363046,0.029284261,0.008750539,0.013899651,0.007555951,-0.027524047,5.6330937e-05,-0.007316198,-0.022878796,0.0010307981,0.0064426917,0.0073756166,0.011143313
2017-04-26,0.03588476,0.014419266,-0.032842986,-0.0005875054,-0.007428344,0.0028110717,0.003074621,0.008789298,0.0022235543,0.0065389345,0.062055185,-0.0040913946,0.007590911,0.035604503,-0.0030717205,0.0056188963,0.00084070454,0.008365862,0.011577061,-0.0016835452
2017-04-27,0.00034443746,-0.04080278,0.0054298397,0.0034906578,0.011800937,-9.604586e-05,0.007158222,0.0010421061,-0.0007551409,-0.0011845082,9.64658e-05,0.0013075465,-0.044001926,0.0057057594,0.018494375,0.0105197085,0.0,-0.0036811011,-0.007233138,-0.003856881
2017-04-28,0.0039590267,0.032816324,0.015943456,0.015479752,0.046093084,-0.00093379966,-0.002325764,0.022305602,0.007524193,0.003085241,0.005959538,0.0071318178,0.024721302,-0.00148887,0.022261564,0.0033674422,0.0040163216,-0.00115007,-0.011033306,0.016555065
2017-05-01,0.021270761,-0.032472465,0.014240257,0.013967748,0.0075793504,0.01372604,0.0034273816,-0.0010397603,-0.0033865583,-0.010096072,-0.007324864,-0.06640481,0.024862548,0.020932935,-0.0019891479,0.0013333537,-0.036720052,-0.00546967,0.008472007,0.0024164808
2017-05-02,-0.0231212,0.02305771,0.0008330992,-0.005315344,-0.009460868,0.006460562,-0.010643929,-0.0016516484,0.0059849904,0.0018841989,0.0,-0.010114737,-0.0015737959,0.026455496,0.004036759,-0.0017146019,-0.0018368631,-0.008577619,0.0054126615,0.015328342
2017-05-03,0.0027340725,-0.0060952036,0.0072361236,0.024074662,0.036027018,0.007039794,0.017409587,0.018202923,0.012081543,-0.00032878484,-0.0011572908,-0.0070561157,0.029421505,0.0085055,0.012759325,0.0011988608,0.014365944,-0.012119808,0.0071590473,0.005384737
2017-05-04,0.012772006,0.0,0.004389917,-0.038560126,-0.0055038966,0.01745394,0.008958007,0.006632083,-0.0015236734,-0.013321517,0.022103077,-0.00089150755,0.009926447,0.00018755451,0.024251778,0.020443894,-0.010189169,0.013983086,-0.00086300354,0.0072235093
2017-05-05,0.0040134764,-0.0029885902,0.0078067295,-0.022888185,-0.0056744707,0.0006021414,0.0006427555,-0.01813387,0.012359707,0.009396069,0.046873074,0.06662438,0.0021265873,0.0144192185,-0.04900439,0.012230657,0.009225776,0.011013903,0.011293286,-0.012025831
2017-05-08,0.004271111,-0.006425099,0.0079583395,0.0384951,0.021619994,-0.0014611538,0.019268572,0.009836917,-0.00456549,-0.01284875,-0.00032978726,0.002240217,-0.014398257,0.008206736,0.025737632,-0.004751577,-0.0078114574,0.0027203776,0.0037958752,0.0035944884
2017-05-09,0.016589897,0.03198535,-0.00071747985,-0.022353806,-0.002380177,0.015366017,0.01166286,0.010904876,0.007865343,0.0036241056,0.008523879,0.032905754,0.070074566,0.016883627,0.0037279956,0.007010809,-0.0034449424,0.008187444,0.008668169,-0.011069014
2017-05-10,-0.0006157507,-0.0047774515,0.003357321,0.044772644,0.002505459,-0.022376927,0.0026271988,-0.015083038,0.0050558904,0.024220916,-0.02777892,0.0029329364,-0.049779177,-0.020391194,-0.032789554,0.00232887,0.043149468,0.0,0.00018986283,0.00672249
2017-05-11,0.030910974,0.0002569817,0.006984737,-0.0022306764,0.0023843856,-0.0038603223,0.015929194,0.01551813,-0.0054454743,-0.0121375965,0.002227148,0.0056194067,0.017458532,0.0016977693,0.0011888216,0.0034782756,0.014111484,-0.011096999,0.0,0.006953626
2017-05-12,0.0052528083,0.042662952,-0.018404992,0.0,0.007297741,0.025100624,-0.025647158,0.016438512,0.0055945995,-0.059218965,0.005641291,-0.0013573475,-0.11888808,0.010619324,0.009692478,-0.009639409,0.01310661,0.014289797,0.002039987,0.0041601323
2017-05-15,-0.0024802838,-0.001739088,0.013847994,-0.019651787,-0.017679434,0.040446334,0.005546049,0.0073692347,0.01614677,-0.02054989,0.016719963,0.017683277,0.0,-0.014392101,-0.0049566473,-0.0142022595,0.00035479083,0.007512279,0.00079830433,0.0050933864
2017-05-16,5.656235e-05,-0.0043035955,0.012093451,0.027333627,0.0030722362,-0.0021766108,-0.020832384,0.0024140328,0.012425421,0.0115443235,0.0068798787,-0.008220235,0.011740018,0.013990202,-0.006275653,0.008808272,-0.022384634,0.011811707,0.016835943,-0.005164648
2017-05-17,0.009310213,0.0011870153,-0.0017052485,-0.0072494415,0.016289128,0.0044814367,-0.006336374,0.0066023506,0.00024213163,0.01282584,-0.0023017148,0.062906876,0.0048792157,0.0,-0.0028546979,0.0065050884,0.0041075754,-0.017482929,0.0031983121,-0.01782059
2017-05-18,0.004742679,0.014665473,0.010687887,0.0068936097,0.0030524088,0.013023211,0.035848044,0.0007080896,-0.008383151,0.0045912946,0.0067809406,0.021546464,0.059782267,-0.008414851,0.018528797,0.004190074,0.00027507724,0.01224831,0.0020288334,0.015236144
2017-05-19,-0.010428776,-0.0038882266,0.005563737,0.01778081,0.00026496628,0.0041217655,-0.009627597,0.003623212,0.0037387228,0.00039062928,-0.013630575,0.010609263,-0.003516779,0.0036784743,0.023020094,-0.0023664227,0.0,-0.008627176,-0.008325034,-0.022948382
2017-05-22,0.014247732,-0.010387436,-0.002434427,0.0020431667,0.013257828,0.0018071554,-0.00048755688,-0.003438148,-0.013100216,0.04149922,0.006228614,0.0020363189,0.020609142,-0.0016244766,-0.00076834165,0.0,0.013114774,0.00541533,0.009379208,0.0008396949
2017-05-23,0.0006045513,-0.00052556244,0.010699527,0.0,-0.0036397183,0.017785989,-0.0018084972,0.007281721,0.007920039,-0.01712932,-0.00033561446,-0.006348993,0.0037734471,0.019163104,0.00203514,0.0005566715,-0.0014254155,0.0036458783,0.006576246,-0.024412997
2017-05-24,-0.004712587,-0.007235592,-0.0019997368,0.023733722,-0.0049184524,1.8184297e-05,0.0007603485,-0.0046741734,0.018333193,-0.0015102213,-0.005106322,0.00722053,0.018590104,0.0036837023,-0.0077545987,0.012918116,0.003491376,-0.0036772955,0.0033017332,0.03215403
2017-05-25,-0.0010924661,0.0020566978,0.0062624915,0.0027403503,0.012882433,0.036343344,0.0023182924,0.005825621,-0.0015224902,0.016639687,0.009040784,0.0021600875,0.013026338,-0.00011574472,0.038091715,0.002749374,0.000104254425,0.023861643,0.0017549031,0.0045379302
2017-05-26,0.0018494661,0.024544066,0.008671474,0.022399753,0.009391865,-0.02989706,-0.012074819,0.010655195,0.0024620101,-0.0015863196,-0.0023881814,0.021466587,0.018922873,0.01922583,-0.010742962,-0.00044267118,0.005638139,-0.0009391713,-0.008666045,0.008068429
2017-05-29,-0.014136996,-5.7688993e-07,-0.0030622887,0.0061030434,0.025809912,0.017819596,-0.015230722,0.004677252,0.01674001,0.017138867,0.013573096,0.0,0.012479231,-0.0019020162,0.00025689142,0.004861783,0.00587256,0.0102486545,0.0026225648,0.0019621328
2017-05-30,0.0,0.01664675,-0.0005651823,0.020167345,0.010840325,-0.011659231,0.043011434,0.008261292,0.011431873,0.0066961637,0.013685755,0.0017497177,0.00027178953,0.008581796,0.0047565913,0.0025184243,0.0031033547,-0.008664167,-0.0035887922,0.005038182
2017-05-31,0.013038454,0.020912832,-0.008395422,0.0027314425,-0.00016658599,0.0142485,0.012649498,-0.004230037,0.0025177165,0.0033978429,-0.002743526,-0.0030237404,-0.011799967,0.018684914,0.01306565,-0.0014047431,0.0033270062,-0.0014932033,0.0016154682,0.010230882
2017-06-01,0.0047462895,-0.010438543,0.011494579,0.0014736174,0.01010397,0.009139009,0.0071986257,0.007549467,0.005993309,0.010197743,0.006548482,0.0045728544,0.014823101,0.007882113,0.011689743,0.00616265,0.020704916,-0.01671331,0.015273554,-0.0016349228
2017-06-02,-0.0029157624,-0.0036801347,0.0015675531,0.0049263043,0.013101622,-0.01968427,-0.014084441,0.00989647,0.0015115311,0.0146262515,-0.0013007307,0.00034670197,-0.003180878,-0.008791599,0.0065849056,-0.0001708178,0.03922971,0.0076336544,0.012493929,0.017891133
2017-06-05,-0.015472751,-0.016809624,0.013217656,-0.023007225,-0.005893334,0.012080756,0.06348193,0.0,0.0030309611,-0.033681177,0.013402189,0.022311464,-0.035800528,-0.004158941,0.023463534,0.004439322,-0.0010206689,-0.051203728,0.0037116918,0.011861664
2017-06-06,0.0008916668,-0.0014152065,0.011815901,0.04797461,-0.010140584,0.0462959,0.08698666,0.0028712726,0.0018399167,0.004132376,0.02275575,0.019448884,0.06327066,0.02278405,0.013084721,0.014256628,0.0,0.047753535,0.0020487478,-0.1269401
2017-06-07,-0.028402077,0.005382979,-0.025534734,0.04616925,0.015377797,-0.010090434,0.0034024208,0.014196658,-0.006459466,-0.006497222,0.01739039,0.0024231907,0.0056657265,-0.0010310839,0.0056952834,0.0023253302,-0.0028741418,0.004601818,-0.008715592,0.008028035
2017-06-08,0.016954347,0.011802339,-0.0069837742,0.01724791,0.0037818742,0.06490433,0.011252199,-0.0023709533,0.0058211195,-0.016663533,-0.0038095745,0.004091075,0.005320022,0.016214665,0.0009297551,0.013524019,0.020810816,0.0065640793,0.001529618,-0.026010355
2017-06-09,0.0047945147,0.01298269,0.0017076446,0.007127416,0.004358593,-0.0034145783,0.009378654,0.012990786,0.005504899,-0.0006000012,0.008488519,-0.010582304,-0.0039952374,0.0067527858,0.0040120673,0.011199601,-0.020403935,-0.027451143,0.008769521,0.021303847
2017-06-12,-0.015091418,0.0015729716,0.01385023,0.0008575583,0.012773139,0.0076843975,-0.054869086,0.005884711,-0.0044831242,-0.015604072,-0.008378217,0.010104338,-0.0018254113,0.0,0.0,-0.0028972558,-0.009697787,0.0416792,-0.0061292876,-0.022214893
2017-06-13,0.017858703,0.00069338025,-0.0042573316,0.097071104,0.0067065484,0.00046830918,0.012046114,-0.011151243,0.0,0.028749667,-0.0015352288,0.00024943234,0.033324722,-0.014085398,-0.0251563,-0.00045337094,0.021342384,6.838281e-05,0.017630592,0.0075264815
2017-06-14,0.005137232,0.0122060655,0.0018726306,-0.0043211663,0.0,-0.059373386,0.0061919834,0.0060019246,-0.031392854,0.0075443583,0.029139271,0.011369148,0.012395015,0.007525382,0.022519054,0.021131912,0.01176942,0.013552157,0.006891465,0.0020596227
2017-06-15,0.014073312,0.0,0.025654875,0.01083757,0.0037591646,0.0068918355,0.019381255,0.0018392217,0.009103887,0.018208606,5.2986034e-05,-0.009464093,0.006424307,-0.015170117,-0.0016857771,-0.02257028,0.016688349,-0.0073479936,0.00039499803,0.0053029684
2017-06-16,0.008076713,0.0043204087,0.0061137127,-0.010306882,-0.010302005,0.0055017145,0.001372048,0.009133928,0.00049140083,0.009025567,4.6212782e-07,0.0,0.014764515,0.011203542,-0.01531665,0.027937122,0.021897715,0.029965919,0.009055165,0.017879615
2017-06-19,0.013411858,0.0012655274,-0.0005478057,0.0018939644,0.0069275936,0.010228755,0.016714588,0.0020396486,-0.05177393,0.0076311626,-0.006563973,-0.007858806,-0.009966608,0.0012574046,-0.0026400927,-0.019212354,0.0017043287,0.0056433473,-0.00813704,-0.010962875
2017-06-20,-0.0008600406,-0.0015996493,0.0001787415,0.02626527,0.015400888,0.022614738,0.004735077,0.0063529056,0.019907063,-0.018721359,0.019207492,-0.00031892856,0.008206574,0.0021841216,0.008176961,0.009727799,-0.01520387,-0.0060363235,0.011042001,0.004450071
2017-06-21,-0.016003931,-0.0058529414,-0.0025552206,-0.007429632,-0.0053282087,0.014562303,0.00040979066,0.0050289286,0.01741079,-0.024715317,0.016801827,0.009700426,0.009957954,-0.12150449,0.008384071,-0.0024126193,0.0025237417,-0.021307962,0.009053833,-0.039762467
2017-06-22,0.01082891,0.0046988083,-0.0030387216,-0.016532252,0.0013201189,-0.0016950779,-0.012146891,0.010966249,-0.0014590682,0.0029542448,0.0095893685,-0.00095358567,-0.004070867,0.006957976,0.022397166,-0.0005031384,0.045975666,0.0021971816,-0.01843304,0.01511145
2017-06-23,-0.011109934,0.0045083766,0.016924025,0.019800982,0.010759322,0.0015445004,0.0051222113,-0.003918947,0.010936244,-0.010502499,0.00018817853,0.00061066204,-0.015001332,0.012913281,-0.014164595,-0.002935556,0.02934305,0.013979349,0.0018312479,0.01015349
2017-06-26,-0.01674638,-0.010124281,0.007507164,-0.12759794,-0.00982151,0.015902394,0.004448018,-0.0005638855,0.002584123,0.0017865764,0.006189605,-0.00047290963,-0.016492562,0.0080042,0.020068774,0.0005835583,-0.0033969178,-0.0071875886,0.0036449193,0.07996592
2017-06-27,0.0,0.014167037,0.0050127786,0.06689186,0.0,-0.017094199,-0.015311055,-0.001155539,0.0037282836,-0.0044594435,0.0034613728,0.019046355,0.0006761651,0.01116153,0.014406671,0.0037530481,-0.01226704,0.004854398,0.0040411055,0.008435349
2017-06-28,0.016171543,0.007149837,-0.0001757653,0.066978626,0.0009897606,0.017728599,0.02789723,0.0104521485,-0.021000056,0.01312542,0.0,0.0016571333,0.014908782,0.01667393,0.0,0.016546605,-0.024907941,0.10700735,0.0,-0.019707693
2017-06-29,0.0,0.0084962845,-0.0056929444,0.0018487264,0.013201622,0.02102692,0.013248839,0.004644694,0.038755644,-0.008210289,0.008221212,0.008588312,0.01847561,-0.0007810239,0.0015206891,0.00925563,-0.02086944,0.0051935776,0.0035922483,0.0011337601
2017-06-30,-0.0009361698,0.0,-0.0060460465,0.10231794,0.009338862,-0.0013726884,0.016590236,0.00979968,0.0135784345,0.0025204993,0.008232118,0.0019033233,0.010153446,0.011293476,0.0076561393,0.0054028207,0.028829873,-0.0049142716,-0.012772151,0.028740127
2017-07-03,0.010633421,0.0011365286,0.004061706,-0.032424152,0.0054068165,-0.011627362,-0.018683195,0.0007397134,0.016740086,0.013179396,0.0056673214,0.0048569613,-0.006940682,-0.0015259548,0.00071381393,0.0067377384,-0.006060984,0.014867344,0.0038632995,0.0033989947
2017-07-04,0.007829055,0.0010350313,-0.00308837,0.029861495,-0.004106759,0.002952342,0.0004119848,-0.015786894,0.0,0.003666355,0.00317611,-0.003059443,0.008374499,-0.00629102,-0.011192614,0.010235461,0.019795772,-0.011534115,0.0035862885,0.008105218
2017-07-05,0.004219357,0.0057687634,0.0133583285,0.021011813,-0.0053626783,0.013164883,0.0057886643,0.0058725122,0.018798992,-0.009319577,-0.006474339,-0.005507054,0.0016831394,0.003928235,0.0052826754,-0.008091674,-0.024810296,0.028931884,-0.00365279,0.0029779188
2017-07-06,0.0017486422,-0.017036073,0.009316756,0.003247899,0.008065443,-0.012438639,-0.017535336,-0.011286885,0.0023115717,0.0007951937,0.00028455793,-0.0227041,-0.0010140007,-0.0007366791,0.015356004,-0.0018483904,0.00514413,-0.0078104613,-0.0113594625,-0.0014907499
2017-07-07,0.005534444,0.0038057307,0.008035457,-0.0067103114,0.0010591599,0.0,0.0,-0.00024245807,-0.0068269144,-0.015575874,0.000977854,0.016568962,0.011188559,0.010716047,-0.0027735005,-0.0029598537,0.0032076167,1.0079977e-05,-0.0026992646,0.024841031
2017-07-10,0.018706432,0.004853653,0.0023226994,-0.0021576225,-0.0040618675,0.0099270325,0.03456929,0.007838324,0.020364083,0.001342791,0.009683274,-0.009714267,-0.023174373,0.009850775,0.004322772,0.009947179,0.0006929375,0.018544467,0.0,0.0017680423
2017-07-11,0.0025737789,0.0011264532,-0.018730246,-0.00031902987,-0.015568405,0.01494651,-0.027948089,-0.030468151,0.0035444195,-0.07641636,-0.020517256,0.007027092,0.028842948,-0.0044892705,0.00422208,0.0048870416,0.0087454235,0.01662643,0.013093017,0.0065834005
2017-07-12,0.0,0.005395761,0.006623574,0.0065854145,0.013639122,-0.00039161445,7.593094e-05,-0.015601114,0.0015105476,0.00805934,-0.0027874166,0.0017006482,0.0042183166,0.0058057783,-0.0003511095,0.011745412,-0.0019260837,-0.0475162,-0.0045558005,0.01024399
2017-07-13,0.0,-0.0024666826,0.00073169445,0.015852429,0.010946366,0.01284092,0.028920673,0.009839096,-0.0047973297,-0.12580739,0.001312388,0.009466868,-0.00490171,-0.005341574,0.0030011465,0.0037693258,0.026447784,-0.005262155,0.005083521,-0.0021367716
2017-07-14,0.0028336495,-0.0036876127,0.005899946,0.10260844,-0.0017705763,0.0005884574,0.02214698,-0.011018675,0.013985349,0.023053296,-0.0002494362,0.012771252,0.011833005,0.011443897,0.0016495666,0.0005632827,0.0008312218,-0.014363079,0.0013176207,-0.0065911273
2017-07-17,-0.0020577074,0.0012102638,-0.008953621,0.017396916,-0.0007690337,0.009140814,-0.0018571676,-0.02724232,-0.0028423432,0.057144143,0.010413675,0.009239462,-0.009172348,0.0013719307,0.0047729434,-0.024564585,0.0071886205,0.024008786,0.0046906853,-0.004025666
2017-07-18,0.005629098,0.00093531667,0.000798253,-0.12637892,0.0038332266,0.022034336,0.018197317,-0.0021598728,0.006749757,-0.0007688321,0.012305776,0.010706509,0.009496007,-0.016296504,0.0129637765,0.015144247,0.0056980276,0.011707478,-0.003232894,0.04769939
2017-07-19,0.00018205933,0.0032752664,-0.007501809,0.04374921,0.00027293782,0.0034759087,-9.4047056e-05,0.002394295,0.004989657,-0.0012032659,0.0,-0.0051106038,0.0005211363,-0.016761951,0.013858605,0.006806935,-0.008865029,-0.10201241,0.010682181,-0.015634654
2017-07-20,0.0045099044,-0.0027534661,-0.0077511487,-0.029758705,0.013626365,0.0023244587,0.012437728,-0.019012388,0.004088514,0.025929293,-0.008055312,-0.00065556087,0.005533541,0.012768804,0.00823312,0.002073689,0.023390962,0.008385929,0.00029024988,0.008764339
2017-07-21,0.004243141,0.002795729,0.006081777,0.01668349,0.012483629,-0.010096407,0.009142968,0.011275456,-0.017858375,0.0051100454,0.023502208,0.0,-0.022435904,-0.0017143708,-0.0070933755,0.0077347234,0.029788392,0.027626956,0.0013552287,0.0024726775
2017-07-24,-0.00049840426,0.024347875,0.015805883,0.00027762438,0.0040181377,0.0010215485,-0.00015040758,0.01926603,-0.024819521,0.002494395,0.014609833,0.021452999,0.004750093,-0.0029881794,0.008617128,-0.003885721,0.022263708,-0.004333295,0.00062038045,0.018949408
2017-07-25,0.019614246,-0.011845612,0.0033995304,0.011043134,0.0,-0.03495197,0.0069818613,0.006966629,-0.00018519018,0.0028412745,-0.005220133,-0.010062362,0.015948338,0.0148476,-0.0060566776,0.021145813,-0.007433568,0.0072344225,1.9974108e-05,0.00655619
2017-07-26,-0.004832853,0.0091286665,-0.004100871,0.0080438005,-0.0018352133,0.09692466,0.015073246,0.0018027297,0.024160018,0.037898153,0.0027009847,0.0142695,0.008076121,0.0071330364,-0.00058136083,0.0058566076,-0.008106485,0.014034972,-0.004511234,-0.009130574
2017-07-27,0.002765843,-0.0010292645,0.0077547533,-0.011023511,0.0037246854,0.0073729167,0.0,-0.0042985375,0.0,0.023856174,0.003660728,-0.0065779453,0.0055489154,-0.0051888754,0.0060707214,1.747432e-05,0.0006862658,0.007198908,0.016788274,0.021676118
2017-07-28,-0.0013632204,0.00857487,0.009042569,-0.03370539,-0.009248836,-0.003619805,0.0018748281,-0.011043756,0.0025808925,-0.015075871,0.008741844,0.0069627166,-0.0028282946,0.013073987,-0.003882244,0.0046039647,0.0010765612,0.06255773,0.0030126532,-0.025027515
2017-07-31,-0.003530904,0.0006315077,0.00399,-0.022783985,-0.0010592795,0.019286543,0.009092004,0.0026748865,0.0222392,0.01654906,-0.0027913004,0.015095092,0.0065360954,0.03349933,0.0023382313,0.010324539,0.0022176492,-0.01863982,0.012970642,0.0032668186
2017-08-01,0.009693823,-0.0098061105,0.011511809,0.08432346,0.023801574,0.0047014533,0.010159614,0.0009905936,-0.030056793,0.010812561,0.006558568,0.020339916,0.009909166,0.006219706,0.009660085,0.0015385444,-0.074683875,0.003146447,0.0074792393,-0.0015527648
2017-08-02,0.0,-0.0051857014,0.0011694583,0.002166277,0.010799961,-0.0065020854,-0.0012777868,-0.00012273951,-0.0019415631,0.0009440699,0.009208596,0.0036735365,-0.0017730887,0.010015925,-0.013037819,0.0040062824,0.03220811,-0.018711679,-0.008191581,0.051035028
2017-08-03,-0.00038889894,0.005290039,0.0043565184,0.011830856,0.0071362755,0.00024678276,-0.0002787369,-0.014036926,0.0074212127,0.007893336,0.002830152,0.004753219,0.001524862,0.007197906,0.0003395896,-0.011948467,0.06834236,0.028738257,0.0014326309,-0.005685604
2017-08-04,0.0046156636,0.005142836,-0.004242766,0.026520524,-0.0011390202,0.0080892695,-0.00433061,0.022812912,0.0022735854,-0.0011809468,-0.040727984,0.00582002,-0.006342985,0.00429851,0.00060782745,0.013648907,-0.0029813373,0.005525476,0.014532592,-0.011067558
2017-08-07,-0.0032556022,6.955128e-05,0.0032498022,0.0143612195,-0.0035812699,0.017093161,-0.004073221,0.0,-0.0008380853,0.021389136,0.009407268,-1.2546236e-07,-0.035167504,-0.017232234,0.009579354,-0.0668446,-0.0031079492,0.017299417,0.004414615,-0.00587761
2017-08-08,0.0056829588,0.00823832,-0.008270727,0.006250427,-0.0019606852,0.009876002,-0.005533215,0.0076635964,0.021730661,0.0063428343,0.010986281,0.00021260648,0.006374698,-0.008538981,-0.0048978813,0.005185838,-0.00033203984,-0.019616079,-0.0007859433,0.0
2017-08-09,0.0018454848,0.015271574,0.0053087478,-0.020883368,-0.012835369,-0.025392361,0.030750105,0.0064286496,0.00481294,0.004111881,0.011780793,-0.011499744,0.003226245,0.011867057,0.017150747,0.017595958,0.034839757,-0.0028836816,-0.0036790746,0.005140805
2017-08-10,0.012081083,0.00509658,-0.014487551,0.038888182,0.018401535,0.02137969,0.015005964,0.0060387948,0.0,-0.0009025896,0.0015320214,-0.0007423677,-0.008023836,0.0,0.006702865,0.019399548,-0.067697525,-0.09055308,-0.00030635553,0.00078562455
2017-08-11,-0.0104759,-0.007868928,0.0052963067,0.0,0.013061088,-0.009066941,-0.010703703,-0.019977441,0.016301474,0.0020955214,-0.008218686,0.00943381,-0.023721447,0.0073261275,0.0009881107,0.0010092291,0.00983912,0.029420648,0.0,-0.0038214582
2017-08-14,0.0009327903,0.005537685,-0.0040637027,0.084904954,0.006540687,0.0,0.022366261,0.012806033,0.0062011927,0.015958946,0.0047608726,-0.028658135,0.012535756,-0.00047528438,0.0009709402,-0.00625805,-0.0027636401,0.010742775,-0.005480541,-0.01791806
2017-08-15,0.0036357217,0.0065596006,-0.00086431165,0.018726584,-7.963824e-05,0.008372382,0.010936578,0.014710991,0.006389232,-0.00028742218,0.024753172,-0.01708937,0.013318431,0.018750547,0.008206081,0.016289774,-0.0019313128,-0.0186135,0.0,0.021572335
2017-08-16,-0.0021536166,0.0017449863,0.010527065,0.0044931704,-0.0025894188,0.02230123,-0.00044374,-0.01226635,-0.0080203805,0.002627223,0.009463059,0.008543902,-0.12759794,0.0,0.0009907875,-0.0011152474,0.006190579,0.034085907,0.010424068,0.038859967
2017-08-17,-0.016324582,-0.0009856666,0.008740371,-0.029435068,-0.002158387,-0.027671643,0.022518372,0.0027701193,-0.010554524,-0.0057227034,0.005858689,-0.023073398,-0.0021461754,0.001883106,0.013122899,0.0026981994,0.0059168087,-0.0025930314,0.0008998489,0.004732093
2017-08-18,0.0029440315,0.015216964,-0.012356682,0.0076351166,0.001627961,0.007027348,0.0,-0.0014210669,0.007230662,0.011380269,0.008282726,0.025742844,-0.013580564,0.016810093,-0.001926969,0.011706838,0.014130265,0.042598933,0.0,0.014239087
2017-08-21,0.0029108115,-0.010460252,0.02121334,0.023681784,-0.0028350041,-0.0060334243,0.016722122,5.262811e-06,0.001344011,-0.011557733,-0.0069315713,0.010220254,0.06292512,0.005811369,0.007037688,-0.003501986,0.015387715,0.004585197,0.012375162,0.012516534
2017-08-22,0.006043853,0.004027161,0.004059135,0.01019206,3.1556778e-05,0.005654963,0.006172708,0.008047063,0.01283714,0.005821665,0.0031920648,0.01693253,0.007489032,-0.0009610883,0.006131482,0.0,-0.03134523,0.011540622,4.1526164e-05,0.0031495793
2017-08-23,0.012771601,0.015118778,0.0057723694,0.0020584378,-0.0060100416,0.013616055,3.3451934e-06,0.010801669,0.0072909296,0.0026605027,-0.0025657807,0.025752554,0.02306182,0.005905086,0.005863278,0.015354406,0.024737477,0.004441403,0.0033948338,-0.0064566964
2017-08-24,3.2599848e-05,0.0011638859,-0.0017092515,0.004691959,0.009534816,0.03371283,0.0016951573,0.0013803144,-0.008561075,0.019594362,0.000103583305,0.012547182,0.0,0.0066016125,0.0012591277,-0.0061313626,-0.10796173,0.00812684,0.008595943,0.048004992
2017-08-25,0.0,0.0060236542,0.0035407315,0.035475444,0.009681593,0.013673684,-0.0031978907,-0.008784976,0.010881321,0.00963142,0.013689934,-0.005961853,0.013034708,0.00094886124,0.0032706442,0.0,0.0,-0.0039822776,0.009968188,0.0
2017-08-28,0.012439995,0.0014708947,-0.00046937444,-0.03850032,-0.006375896,-0.00075709197,-0.0055454564,-0.00036500095,0.02489645,-0.0007735675,-0.0048213825,-0.0022967155,1.509793e-06,-0.06611165,-0.007691341,0.0047178776,0.0071521564,-5.0604875e-05,-0.0075869192,-0.0064293104
2017-08-29,0.00719207,-0.0060481783,-0.00020010708,-0.010532,0.0022358205,-0.017613618,0.023840398,-0.0042441087,-0.0036863496,0.0049383515,-0.00048297519,0.0038270769,0.0014423698,0.0019114215,0.008172705,-0.0002087223,0.010873098,0.0051062764,0.011623337,0.00048151484
2017-08-30,0.0072360225,0.003482721,0.010953442,0.0645753,0.008350843,0.0007285087,0.0035392258,0.02095826,0.006937695,-0.001853231,0.005965017,-0.031262033,0.017813813,0.0037700727,-0.005033154,-0.00046208073,0.015800817,0.013894737,-0.004321778,0.04584706
2017-08-31,0.02572584,-0.0009275404,0.0059130634,0.010979244,-0.0011203543,-0.12639087,-0.028879056,0.0062616584,0.015885478,0.0062813307,0.025953501,0.007072316,0.01936832,0.021227378,0.04992256,0.0011511429,0.011589651,0.024480814,-0.06130772,0.005810696
2017-09-01,-0.048506297,-0.041944776,-0.0037327968,-0.024130737,0.0045606727,0.015439339,-0.023839897,0.021424424,-0.0014764254,0.011131546,0.001355079,0.006176995,0.0024296013,-0.0011000879,0.006909995,-0.0040884237,0.03308195,-0.00437753,-0.00085884804,-0.027728789
2017-09-04,0.01086076,0.027932212,0.011524539,0.060008045,-0.0059513594,0.043008406,0.0700344,0.0094467,0.022126911,0.0065561775,0.005493815,-0.0017961615,-0.0028294434,0.01003763,0.00036992828,0.043749798,-0.004092627,9.867057e-07,0.008194381,0.004539668
2017-09-05,-0.034826677,0.0061149076,0.009889139,-0.02258063,-0.037249684,-0.007187082,0.0,0.0071541406,0.013116952,-0.013666113,0.0077202767,0.0020416353,-0.002267312,-0.0012089949,-0.02614831,-0.0017362182,-0.055567335,0.013151174,0.020016696,-0.03292108
2017-09-06,-0.00035000205,0.015800942,-0.0005356608,0.011871217,0.019693285,0.005599612,0.0168849,-0.0042483686,0.0044558346,0.022326212,0.0025124175,-0.026617132,0.0008261781,0.015604099,-0.0019527397,-0.0004832303,0.045987435,-0.016522316,-0.0108908,-0.0009959142
2017-09-07,0.010396951,0.012165284,-0.012887674,-0.012276719,0.0075482125,-0.0015950737,-0.0369996,0.024274224,0.0022524742,0.0051536984,0.005099894,-0.0029137265,0.007861597,-2.0183996e-05,-0.012887719,0.018215105,0.004489589,0.0055936435,0.0062495065,-0.00013577263
2017-09-08,-0.006914142,-0.00992103,0.0017933496,-0.0038817623,0.012246971,4.2863712e-07,0.056348022,-0.123621516,0.005294341,0.006979237,-0.019025784,0.10666637,-0.0027409166,0.017080424,0.04421268,0.0016012656,-0.002985959,-0.0047234492,0.0036405413,0.012098604
2017-09-11,-0.0006477406,0.0,-0.015829122,3.4420995e-05,0.0062302486,0.016435659,3.9019804e-05,-0.0010019637,0.010307602,0.006135509,-0.011295253,0.0023109065,0.008584677,0.013738647,0.028378822,0.00038437403,0.015960662,0.016476575,0.017721549,0.009851872
2017-09-12,-0.04745186,0.017316919,0.0022523813,-0.012260882,0.00505275,0.017575158,0.019383665,0.010056307,-0.0055118864,0.008967361,0.0071523786,0.0040656812,-0.008130467,0.0,-0.0015859643,0.005960084,0.0028065818,0.01519893,0.0066560055,0.0063460073
2017-09-13,0.03593044,-0.00073571247,-7.51281e-05,0.04502763,-0.012498541,-0.0046780426,0.004445362,-0.00071769423,-0.08021499,0.0069360975,0.01774925,0.018386103,-0.009624326,-0.006553128,0.039054256,0.04864219,-0.0077384217,-0.0053288825,0.016706528,0.009040419
2017-09-14,0.010913382,0.016898101,0.0008202419,0.040924296,0.016105663,0.01987266,0.022614267,0.0012990304,-0.010420124,0.018084139,0.02211047,0.0030419962,0.0048430967,0.017722053,-0.016250372,-0.048496902,-0.0004955206,-0.0010407671,0.004061168,-0.0040129046
2017-09-15,0.02317922,-0.013044882,0.01633762,0.06393753,-0.017479023,0.01894486,-0.036046278,0.021973392,0.029853305,0.0004211805,0.0065791304,0.002168786,0.0008032629,-0.0062944493,0.0020424977,0.0,0.011659437,0.0046711494,0.015288263,0.0
2017-09-18,0.0025701472,0.011742883,-0.0036808923,0.012379388,0.015000857,-0.0029444408,-0.0064741834,-0.005303501,-0.009683765,0.0068563903,-0.002570711,-0.0349066,0.0030271818,0.009124972,-0.0015645615,0.017171158,0.015439442,0.003402866,0.0019105013,-0.011464722
2017-09-19,0.028960057,0.0071499045,0.0104798945,0.012935299,0.009778837,0.009067137,-0.002196962,-0.017840594,0.01208586,-0.0025831833,0.009172892,0.0018866861,0.0013301993,0.00016486025,-0.0067639532,0.009236817,-0.110491775,-0.005662633,-0.0014819466,-0.015692791
2017-09-20,0.005558482,0.0019642282,0.0082084425,0.011032715,0.012913783,0.00075600157,0.0035016276,-0.028101094,0.02887975,0.007287388,0.009554067,0.013538084,0.015725408,-0.02867835,0.0005677434,-0.121261224,-0.0065725413,0.0072032195,0.022512017,0.011772918
2017-09-21,0.0040548164,0.0,0.003991094,0.003480201,-0.0049343393,-0.0056080646,0.0010428878,0.0027467946,-0.03597317,0.0061866506,-0.0011096232,0.023678765,-0.001280226,0.0036252323,0.029339505,0.019400781,-0.0009959713,0.0068591735,-0.0065095974,0.0017470953
2017-09-22,-0.0018371809,-0.0002447306,0.0030515834,0.0008955703,-0.0032121998,0.021162858,0.00027804897,0.067315474,-0.0007894789,0.0,0.011488435,0.010892428,0.01112144,0.030814243,0.0037246943,-0.081965834,0.010140856,0.00049199944,0.0118763875,0.0012017551
2017-09-25,0.011562944,-0.0004758803,-0.025097504,0.0037018296,0.011673905,-0.01717538,-0.005020905,-0.0050514247,0.011803719,-0.013278176,-0.0009032248,-0.04287188,0.0034156372,0.014971601,0.0025625706,0.00024597903,-0.011490001,-0.019687356,0.0062601073,-0.0053081727
2017-09-26,-0.022797167,0.032285787,-0.00047378129,0.0,0.007149508,0.0019982392,0.004462199,0.041696146,-3.7359364e-06,0.001726378,-0.019314026,0.009608349,0.00016121965,0.00036169405,0.015647614,0.0044771857,-0.013007997,0.002720134,-0.02134367,0.008162162
2017-09-27,-0.026116733,0.0049447524,0.0027446186,0.025166612,-0.006253932,-0.007866889,0.013774055,0.0036638314,-0.0055234665,-0.019211203,-0.0015177545,0.021696592,0.0023143848,0.0080684675,-0.008135244,0.03737915,0.046330046,0.0035828997,0.008583685,0.013321466
2017-09-28,0.009631143,0.01807189,0.0058784187,0.0055297576,-0.004988649,0.013086102,0.019137103,0.02296087,0.025229381,0.0,0.010037252,-0.0141862985,-0.0055486467,0.012762136,-0.0035660216,0.0143018905,-0.006331117,0.017036682,-0.023157172,0.0
2017-09-29,-0.029768087,0.0068477057,0.016680287,-0.09811891,0.00047267167,0.015882568,0.0048969965,0.0075373803,0.016507104,0.024888026,-0.017992068,0.0057282844,9.06244e-07,0.008367407,0.02843341,-0.06851133,0.0054221805,0.00014514597,-0.0010516852,0.02257118
2017-10-02,0.0035976425,-0.029536843,-0.01155562,0.048721183,0.014939198,0.012005485,-0.00024242769,-0.017255416,-0.000540674,0.00028127208,0.00062299194,0.008627578,0.014750077,0.0017564428,0.00011947258,0.08816969,-0.004658842,0.021639245,0.00082089484,0.004783279
2017-10-03,-0.026197486,0.023387829,0.0019276863,-0.122497894,0.0015735421,-0.013980497,0.0041543306,-0.045560773,0.0043716333,0.0076308795,0.010948094,0.0048510516,0.0010959131,0.0051066615,0.005081917,0.006134557,0.010761533,0.0033801587,-0.014601,-0.00606761
2017-10-04,0.029680865,0.00022474125,0.013382257,0.02494098,0.006322833,0.012107671,-0.00034419005,0.04841718,-0.008148094,0.010708545,0.004733568,-0.0005449058,0.0150768105,0.0051017907,0.01481409,0.003933587,0.0025575722,0.0,-0.017218117,-0.0055298237
2017-10-05,0.0008672186,0.0028965583,0.0,0.002791665,-0.0046297046,-0.012675108,0.022498945,-0.012401671,0.008998874,6.3584856e-05,0.019217556,-0.021457188,0.00021092549,0.028451493,0.010446157,0.0033926447,0.013322417,0.004940468,-0.001835793,0.038076654
2017-10-06,0.02568863,0.025989829,0.010127176,0.01146986,0.00815419,-1.7020826e-05,0.025889551,-0.004712656,0.0065079215,0.0011212673,0.010977839,0.012217048,0.0047636135,0.0,0.0030717216,0.021049643,0.009716315,0.008578284,0.00952058,-0.005391228
2017-10-09,0.005636195,-0.024831397,-0.0017722779,0.026086824,-0.0010803562,-0.032851584,0.00029921773,0.0038244696,0.009429463,0.0030533758,-0.0029641702,0.011384051,0.0022048897,0.001174133,0.01000957,0.0,0.009683818,-0.0060986285,0.013294321,-0.0019432226
2017-10-10,-0.025065972,-0.039291892,0.0065020286,0.00966283,-0.0019981521,0.0007752992,-0.07822174,0.003588337,0.024312101,-0.022723014,-0.01668673,0.021270592,0.008085961,0.0051851273,0.020182192,-0.018942175,0.02944383,-0.0013751528,0.0019227874,0.004079525
2017-10-11,-0.0018399404,-0.010087643,0.01179805,0.02360449,-0.00032142736,0.0016917281,0.02126817,0.021238092,0.00046800284,0.0070257084,0.005751449,0.0030339058,-0.0025838714,0.0071755294,-0.003680538,-0.0009058547,0.0047710636,0.0013664694,0.010121871,0.005483546
2017-10-12,-0.018813789,0.034091976,-0.004287029,-0.0030172372,0.004538632,-0.0049029794,0.01607487,0.004394484,0.0111469915,0.009966136,0.009564001,-0.00087193714,0.017617647,0.00071464834,-0.0093616545,0.003018805,0.011504052,0.0027967128,0.0024557395,-0.008082496
2017-10-13,0.023891889,0.013705655,0.00069546,-0.020592095,0.008522553,0.02588207,-0.00561275,0.024710443,-0.0017290246,-0.007075883,-0.029654903,-0.11631414,0.012917463,-0.00043951982,0.0037229636,0.0018874703,0.0036497007,-0.0030498325,-0.0032332349,0.007129388
2017-10-16,-0.010176007,-0.040387623,0.016673531,0.0,0.0036363632,0.058192592,0.0016883664,0.015210262,0.0044324906,0.025846388,0.00478047,0.031348124,0.004458902,0.01717572,0.018430455,0.002946479,0.000853162,0.0030715133,-0.0012420552,0.015237187
2017-10-17,-0.008663699,0.00074007217,0.0018497517,0.015191369,0.0010452106,-8.2964805e-05,0.016341092,-0.021673592,-0.018798282,-0.004133376,0.008082168,0.003858605,-0.039657846,-0.0123008285,0.02734012,0.0035731224,0.006825991,0.008993814,-0.0023539444,0.0071596513
2017-10-18,0.023138719,0.019191284,0.008575284,-0.009441303,0.0026167745,-0.0015240873,0.0032380284,0.0045751077,0.0064121396,-0.0012853618,0.012538643,0.102690145,0.007140318,-0.013411761,0.022285772,0.017133918,-0.0206487,-0.0029387162,0.0054058325,0.007895216
2017-10-19,0.01900151,0.00092919776,0.007931055,-0.005357487,0.008473891,0.006881558,-0.0010862947,-0.00331824,0.0023658818,-0.0011937313,-0.002817655,0.010989288,-0.037802458,0.015275482,-0.000502836,0.014838217,-0.010115646,0.016977774,0.003883833,-0.012011096
2017-10-20,0.0021578209,-0.0116235055,0.0019101406,-0.00020694788,0.0051468764,0.0022069204,0.01615754,0.0049290853,0.05486345,0.0063816905,-0.002212094,-0.0030937234,0.016273864,0.00718317,0.007832377,-0.0018172957,-0.01953447,6.0561586e-05,0.0038263334,0.0044241133
2017-10-23,-0.0034750546,-0.021235552,0.004657397,-0.0046180813,0.0,-0.010642668,0.011500323,0.051473193,0.015325531,0.009137938,0.0016473272,0.016525565,0.0016273216,0.0012010613,-0.0112572,0.013360213,0.002209568,0.008962963,0.0036784455,0.0
2017-10-24,0.028777989,0.0059439107,0.007529579,0.057711717,0.0069394833,-0.004698183,0.009367796,-0.003514763,-0.038065128,0.0043710726,-0.0032388528,0.0002906166,0.0028218976,0.020751761,0.004450162,-0.0054042293,0.08275592,0.0019242421,0.0,0.0031904613
2017-10-25,0.024471693,-0.041395724,-0.0030984804,0.0049885656,0.008401579,0.0071499734,0.002446399,0.0011264316,0.012234717,0.0056705894,0.0015277863,-0.00016094634,0.014985592,0.010653313,-0.001510114,0.010841361,0.052769464,0.009956798,-0.0011096724,0.008478564
2017-10-26,-0.0017015385,0.018205827,1.066283e-06,0.012224765,0.00059010624,0.0020799236,-0.0057996237,0.028698033,0.00069856097,0.0022318899,0.0013046517,0.0052374704,0.013941043,-0.0029135367,8.785507e-06,0.00014885356,0.013659202,-0.008407947,0.01130991,0.0004112828
2017-10-27,-0.0017110099,0.016062776,0.007590955,0.0040523605,0.0003818394,0.002300252,-0.025285643,-0.03467827,0.0393839,0.0083038965,0.004756652,0.007328122,0.0140628815,-0.06590007,0.002728107,0.0131668765,0.0030361102,0.0015118574,-0.01856831,0.008863155
2017-10-30,0.005648111,0.0025138694,-0.00026013204,0.030350478,0.007947428,0.015355159,-0.0024231742,0.0029045688,0.018807892,0.0016180476,-0.008553951,-0.0015171852,-0.0037638796,0.040584676,0.000679409,0.03075709,-0.032082748,0.0,0.010525372,-0.0018495134
2017-10-31,-0.0017562876,0.0153413955,0.008260617,0.008188527,0.006352737,0.007220481,-0.0035883603,0.016463337,0.01338367,0.009320679,0.0018315035,0.00464174,0.013521157,0.017412908,0.016289791,-0.020063031,-0.02350853,0.0062694605,0.00522795,0.0014033163
2017-11-01,-0.010918338,-0.0040296903,-0.0021377837,-0.01586446,0.0062723286,0.032846086,0.006847946,0.0022865532,0.0062513915,0.00047860123,0.0075410935,0.00013594997,0.0062893173,-0.0017724184,0.0093824705,0.0009228243,0.00087064656,0.00025569752,-0.0032693276,-0.0041722916
2017-11-02,-0.0080532525,0.005183572,0.0061623016,0.019165954,-0.0005890317,0.024796054,-0.016943142,0.025946766,-0.0009532827,8.004759e-06,-0.015832622,0.0042379443,0.013055426,0.0036944025,0.0091409525,-0.001683892,0.06517761,0.00092839,0.0010810993,0.0010087275
2017-11-03,0.009007658,0.01041125,-0.002072131,0.00032851,0.0020052842,-0.0127384225,0.011596074,0.005259531,-0.067324065,0.0036100822,0.013650122,0.005343535,-0.002823814,0.038659383,0.016571274,0.037015177,0.0014865302,0.0071223024,0.0005211754,0.010484309
2017-11-06,0.025943793,-0.018005963,0.009234718,-0.018546367,0.0042506913,0.0006298967,0.0101446435,-0.00036964,0.0458897,0.004018066,0.0027789024,-0.00050972606,-0.003752201,-0.019141506,0.008577768,-0.013515059,0.06208169,0.0026755726,0.0018504725,0.009579674
2017-11-07,0.017038804,0.007348252,-0.013900519,0.042842116,0.0036632193,0.010118255,0.017381368,-0.0001304824,-0.015930096,0.015174217,-0.0034801883,-0.047559213,0.006557113,-0.0051117623,-0.00039707005,-0.03367925,0.01490829,0.0028689967,0.004861405,8.793285e-06
2017-11-08,0.0031570655,-0.017686399,-0.0019977675,0.000103789105,0.00021070677,0.0037906659,-0.0071348837,0.008578772,-0.02185642,-0.0011684112,-0.012211323,0.017395286,0.0018425972,0.021515585,0.00083454157,0.011484864,0.00082585326,0.007786856,0.009058501,0.0055605844
2017-11-09,0.011206779,0.04643995,-0.0069484087,0.038590748,-0.0011823185,0.023622429,-0.006810013,-0.0035990556,0.0017739494,-0.0015365896,0.015257425,0.056717698,0.00028351412,0.0001602133,0.0021149467,0.030076561,-0.009430093,-0.003643979,0.016439164,0.011179147
2017-11-10,0.0031231616,0.0048583653,0.020361431,0.031463016,0.0051571215,0.006849491,-0.029516354,0.0,0.0032771123,0.010067022,-0.020928916,-0.0015767271,0.0,0.0017996822,-0.010294595,0.0044341683,-0.0017435439,0.0021985362,-0.0070715672,0.008785723
2017-11-13,0.022749979,0.003030029,0.0024120419,0.00075750396,0.00024650013,-0.012960149,0.0067337095,0.002359225,0.0046044746,0.006907468,0.015097605,-0.0031358234,0.011892371,0.0030314266,0.01905685,0.021209974,0.013315237,0.0,0.008093311,0.008047107
2017-11-14,0.00034300063,0.0127763245,-0.003084261,0.0052656922,-0.0010611464,-0.008214921,0.011180671,0.008679528,-0.012914273,0.003673824,0.0029897576,0.015885822,0.008378293,0.005270929,-0.004008646,0.0061705178,-0.0003635004,0.010876742,0.01692124,0.00022368038
2017-11-15,0.009476359,0.0031582683,0.0149597665,0.013407141,0.013703076,0.015074849,0.014103911,0.008080384,0.0018210955,-0.00081940636,0.0020829733,0.0046407394,0.016492732,0.020321187,-0.007806965,0.00043577494,-0.019905588,-0.00013951778,-0.015738415,-0.0068421583
2017-11-16,-0.004869645,0.00057035446,0.015908413,-0.0040990515,-0.0025887259,0.020701855,-0.0033599725,0.01879216,0.057636198,0.0031060064,-0.013416282,-0.018728837,-0.00093474815,-0.003539537,0.012075304,0.0,0.034544855,0.0037422464,-0.016266854,0.0046278997
2017-11-17,1.7622866e-05,0.01147263,0.005212203,0.0017774487,0.0094595235,-0.005297494,0.027282812,-0.0034469808,-0.0028058994,0.0048308596,0.007133159,-0.02896548,-0.002703708,0.001311998,0.0050046993,-0.028641729,0.031932563,0.004691138,-0.029702442,-0.0040248414
2017-11-20,0.008276729,0.012784863,-0.00022537074,0.0008995414,0.0013555231,-0.000511906,0.0,0.008793531,0.001203223,-0.004491207,-0.0076800706,0.004583482,-0.015052188,0.003608547,0.015874129,0.014722584,0.0027704148,0.001485694,0.042513452,0.0076721893
2017-11-21,-0.0016422572,0.010102622,0.0012223857,0.010468901,-0.0050094435,0.0134393005,0.0006522772,-0.027743896,-0.0015065997,0.0038405021,0.016067088,0.04301559,0.0017190402,0.015170614,0.0,-0.031475317,-0.006011558,0.0009095259,-0.0053173634,0.0075098034
2017-11-22,0.0117595745,-0.004523283,-0.00056124735,0.00681982,0.0,0.0016026155,-0.0004602241,0.0032818061,-0.0034045305,0.0034870363,-0.0076786964,0.03278178,-0.016295418,0.0054859594,0.017400254,0.018590445,-0.008787866,-0.004902911,0.021545077,0.0007090093
2017-11-23,-0.018050123,0.010149801,0.010819541,0.01328936,0.006591353,0.0010039107,0.017195355,0.003927521,-0.008854165,-0.00093052903,0.0067927414,-0.020680748,0.01225141,0.00069548696,-0.04749025,-0.00084375165,-0.0011376255,0.006883958,0.0026623597,0.0025080198
2017-11-24,0.010342026,0.0016817658,4.9289807e-05,0.018952467,-0.0011122816,0.006568787,0.009847431,0.026799165,0.008560276,-0.00081804825,0.021762276,0.01928971,-0.0048890584,0.017826665,0.017652282,0.004365167,0.0078417305,-0.00045187524,0.02726148,-0.0033816774
2017-11-27,0.0009424045,0.010822476,0.0,0.0038640907,-0.0062961197,0.008608864,0.0015099284,-0.010153029,0.007555537,-0.00031446552,0.0034599628,0.0013879121,0.017176984,0.014277733,-0.002009663,0.012428771,-0.00043903835,0.008446889,-0.034266267,0.0022834695
2017-11-28,0.024372289,0.024915738,0.0012580133,-0.021899596,0.018843595,-0.0065989885,0.026287723,0.0051148226,0.025767405,0.0,0.0047709574,0.022254018,0.006156299,0.017247008,0.016337125,0.0067612007,0.01782003,0.0,0.032925874,-0.002354607
2017-11-29,0.04029592,0.005214832,0.056519985,0.0019800775,-0.0027903293,0.0018895797,-0.029439535,0.0077318815,0.01277439,-0.004903461,0.0015511343,0.013674049,-0.004903461,0.025868464,-0.0013471933,-0.005023415,0.0047711697,0.00045392214,-0.0012611443,0.015261016
2017-11-30,0.007154591,0.0016103106,-0.006691846,-0.019394996,0.0034997182,0.07029048,0.022028603,0.0,-0.018729506,0.014215323,-0.0018005397,0.005724757,0.014215323,0.019738566,0.0,0.04534096,-0.0035722067,0.0110055115,0.03922883,0.0024642914
2017-12-01,0.035305116,0.005886327,-0.020791277,-0.009409423,0.0031681973,-0.0070279213,0.012256712,-0.006492596,-0.0024073173,0.023170713,0.042522263,-0.0011729683,0.023170713,0.0091913855,0.009389693,0.015069829,0.0059936824,0.03888733,0.0020093017,0.020906648
2017-12-04,0.008130504,-0.012400888,-0.035804,0.017251248,0.0023115831,-0.0065032323,-0.008404467,-0.07325298,0.046942253,0.023662489,-0.018793648,-0.023602312,0.023662489,0.021435132,0.0,-0.018766886,0.015069464,0.00028589932,0.004462278,0.006062599
2017-12-05,0.010718335,0.02418073,0.002161987,-0.017267529,0.0018994814,0.0077387993,-0.049785085,0.0055484436,-0.1275858,0.015201843,0.008592406,0.0045514707,0.015201843,-0.028861977,-0.002602767,0.0,-0.00039407852,0.0059360354,-0.0030835602,-0.0053150076
2017-12-06,-0.0025157637,-0.00015232553,-0.010398608,-0.00055591605,-0.006379807,0.009802425,0.061606374,0.012108072,-0.0042896937,-0.012846468,-0.07016942,0.004400335,-0.012846468,-0.001314866,-0.00031968564,0.002467812,0.023598079,0.017517509,0.012908206,0.0038023684
2017-12-07,0.008321825,-0.0007191019,-0.014661401,0.022809168,0.0031450156,0.022019077,-0.008479951,0.00728008,0.038998116,-0.010780456,0.012094348,-0.0075449166,-0.010780456,0.03462658,0.0029654799,0.022059204,-0.004891776,-0.0024292883,0.011751164,-0.01572019
2017-12-08,3.5393983e-05,0.0024406158,0.00027434874,0.020282827,-0.02524451,-0.085883655,-0.12728077,0.0003698344,0.0028310858,0.0134070115,0.00031457024,0.013599612,0.0134070115,0.014877338,0.0061896187,0.007417486,-0.0014531271,0.004445502,-0.0029587052,-0.002312748
2017-12-11,0.0032798727,0.0013507943,-6.411087e-05,0.0053429175,-0.004452523,0.031712916,0.044941682,0.015534388,0.00022929111,0.0017873932,0.009193853,0.016315129,0.0017873932,0.0,-0.0027661119,0.01534648,-0.0064412197,0.010250403,0.00620976,-0.004781192
2017-12-12,0.009778864,0.011559131,0.006609079,0.019383127,0.0018066147,0.02184513,0.0071796454,-0.002343705,-0.00020160901,0.0029071684,0.044068098,-0.00499291,0.0029071684,0.0032568793,0.0073074717,0.00017543467,-0.06096839,0.0071357717,0.0048886533,0.0066227945
2017-12-13,-0.0052911984,-0.0051410976,0.04033274,0.0057856007,0.017151117,-0.0017062969,0.0056772307,0.018191308,0.017281147,0.002633893,-0.030039448,0.015778061,0.002633893,-0.0020841418,0.0,0.023834996,0.00073807396,0.015492216,-0.000449937,0.0034142556
2017-12-14,0.015981536,-0.008655127,0.0339311,0.014263714,-0.0020398004,0.0028382794,0.0813748,-0.011096372,0.020105248,0.0,0.023918668,0.0016812214,0.0,0.002504656,0.0017038112,0.024904417,-0.0010865815,0.0,0.01821266,-0.0060851723
2017-12-15,0.0030151964,0.0020510552,0.0103959385,-0.0034750013,-0.005401626,0.0087419795,0.006407873,0.007210771,0.0065582604,-0.008738153,0.019619988,-0.0009684762,-0.008738153,0.00021226185,0.007012635,0.00852122,0.043586053,-0.012337646,0.028736265,0.015987126
2017-12-18,0.0072322125,-0.021850951,0.014571513,0.011716803,0.044786915,0.014953338,-0.089294836,0.003686795,0.014566031,0.025890749,0.01014035,0.0047390317,0.025890749,-0.0009288606,0.0029924735,-0.0019475833,-0.0012669067,0.009011607,-2.234255e-06,0.0011935846
2017-12-19,-0.0012061263,-0.0018549653,-0.019765494,0.00020902646,0.0020096044,-0.00023586309,0.0041808337,0.0017358628,0.0015449849,-0.0011015317,-0.010163626,-0.025332376,-0.0011015317,0.05859824,0.0,-0.008427225,0.0120088635,0.02247787,0.02387992,0.0051276297
2017-12-20,-0.0112470295,0.011751429,-0.048712537,-0.014273041,-0.0013631544,-0.0062925355,0.0067334455,-0.0019398722,0.015843084,0.0058397353,0.0007976601,-0.12753731,0.0058397353,0.0009349025,0.0013587223,0.002747365,-0.00014125537,0.0022679858,0.008710463,-0.030060552
2017-12-21,0.0037040452,0.003629314,-0.03861821,0.023702536,0.01764935,0.0060533886,0.0003264365,-0.004767229,0.0087748915,-0.0017326968,0.036775574,0.013007825,-0.0017326968,-0.0010042159,0.0010281042,0.021050652,-0.0066758282,2.555091e-05,0.0,0.015417449
2017-12-22,-0.00353237,0.011951886,0.0017695236,0.0,0.016145451,-0.03699678,-0.008429153,0.0050039766,-0.011270942,0.00476656,-0.018606419,-0.0031449986,0.00476656,0.008695022,0.00066567643,0.0013568407,0.0063930517,0.0050070733,0.012836216,0.005234692
2017-12-25,0.004012029,0.011919276,-0.036214717,-0.01224372,0.0025200336,-0.012173426,0.0057629263,0.008890961,0.010614771,0.0057146465,-0.0030337248,0.070582226,0.0057146465,-0.003097748,0.011349397,-0.0090233525,-0.011408775,0.0,-0.014856784,0.0037421964
2017-12-26,0.018779041,0.00906936,0.033198424,0.0010611231,0.010882931,0.021651417,-0.022884727,-0.0097012995,-0.0014481473,-0.00050750736,0.057362612,-0.003251546,-0.00050750736,0.0278705,0.0008827892,0.014988351,0.016686818,-0.0044695092,-0.0047177593,0.044968516
2017-12-27,0.0099124,0.0017717266,0.0016880502,-0.008204517,0.0062235915,0.028817967,0.0042545763,0.0,0.013473515,0.011732368,0.004565408,0.010975388,0.011732368,0.0029707667,0.005333588,-0.011807877,0.014772096,0.016536143,0.0062493193,0.0031069217
2017-12-28,0.0015220208,0.0015391206,-0.0023464456,-0.0013085097,-0.0054596863,-0.00011329506,0.0037584628,0.01047415,-0.0012532286,-0.0032323755,-0.01877703,-0.07488101,-0.0032323755,0.002101749,-0.0032380156,0.0047973874,0.012884339,0.0072793574,-0.007911624,0.0149849
2017-12-29,0.00073249213,0.010281195,0.05766861,0.0029123467,0.0018395728,0.016869742,0.061914757,0.004068326,0.008473294,0.010348766,0.009139755,0.0066681895,0.010348766,0.013498924,0.0022410983,0.0010480789,0.004994657,-0.0008920128,0.03844452,0.0109814545
2018-01-01,0.00731207,0.0041380893,0.0149781285,-0.03157244,-0.011554741,0.0056292797,0.017440367,-0.0005309398,0.0088259615,0.0056766765,0.0071899686,0.034634925,0.0056766765,-0.003115873,-0.002752743,0.0,0.0141870165,0.013138696,0.0,-0.003134881
2018-01-02,0.0059137614,-0.00048779242,0.0065668286,0.001576265,0.0062338933,0.00747131,0.045707893,0.009054445,0.0022856747,-0.032044232,0.008739784,0.018207984,-0.032044232,0.007075181,0.0094723655,0.00780354,0.00071097235,-0.008059567,0.014907124,0.014020728
2018-01-03,-0.008281744,0.012894973,-0.020353798,-0.004931233,0.008037613,-0.0014116679,0.003025837,0.0014532667,0.014562976,0.012324159,-0.0013017107,0.0017489861,0.012324159,0.00785289,0.0050136005,-0.0010473555,-0.0008138887,0.019522902,-0.011001688,0.018688418
2018-01-04,0.0037793051,-1.5885997e-06,0.041014817,0.022346754,0.001963913,0.019334704,0.0,0.0033372464,0.0012772098,-0.014875103,0.017557966,-0.008763762,-0.014875103,0.013322762,0.0028417015,0.022842534,0.0050858287,0.0031458535,-0.004945152,0.011948705
2018-01-05,-0.0016736736,0.0017229866,0.004784516,0.023869952,0.0038226047,0.034159206,-0.025681574,0.010317332,0.004975369,-0.008575413,-0.035995916,0.10285249,-0.008575413,-0.012232722,0.0018025368,0.01274072,-0.0019984688,-0.0058889547,0.017155057,0.0017270625
2018-01-08,0.006257234,0.0027123126,0.008170574,-0.004343413,-0.006440589,-0.003719573,0.0043536727,-0.004864236,0.0112594515,0.0009623315,0.00962371,0.02385848,0.0009623315,-0.023575017,-0.0008084317,-0.0061532487,0.0,0.013393143,-0.0030268275,0.012204692
2018-01-09,0.013285343,0.0028016518,-0.03223733,0.0028857812,0.011621487,0.0026462078,-0.008575982,0.0037185852,-0.015923988,0.00745202,-0.0030733463,-0.03459652,0.00745202,-0.07515413,0.012104769,0.007452778,0.005676368,7.076453e-05,0.01298374,0.00035397545
2018-01-10,0.020088056,0.011746437,0.012245331,0.0008295602,0.00026121663,0.019340746,-0.0049275095,-0.0048049637,-0.0025765335,0.01736678,0.014382912,0.018896133,0.01736678,-0.010875322,0.0029765842,-0.010085853,-0.01244941,-0.015974585,0.0022029048,0.0040295837
2018-01-11,-0.031231718,0.0054008234,0.0059299814,0.0040333252,-0.008505148,-0.0016136022,0.029136902,-0.002251098,0.0071619623,0.014565424,0.011816183,0.0,0.014565424,0.018393429,-0.00061983033,0.005891824,0.0040329336,0.022531224,0.012148576,0.0026851818
2018-01-12,-0.0031655338,-0.00052952423,-1.5818496e-05,-0.0020783541,0.010373729,0.0064517637,-0.011784449,0.007634431,0.0043640924,0.0014772769,-0.015081809,0.006939124,0.0014772769,-0.015969427,-0.0026125808,0.014989321,0.055935387,0.0066503044,-0.0021383546,-0.0057248934
2018-01-15,0.0035183409,-0.0021981946,0.00435797,0.023841089,0.01920004,-0.049227584,0.016219461,0.0015032442,0.016270654,-0.01090407,0.0147192655,0.015326659,-0.01090407,0.014952835,-0.000101803096,0.003670016,0.022586647,0.0009379112,-0.0022936147,0.0039009824
2018-01-16,0.016608378,-0.002968134,0.006614268,0.008083508,-0.0024946977,0.008794806,-0.0071475087,-0.0011557469,0.0030228263,-0.025301527,0.002721272,-0.0015760271,-0.025301527,-0.037816297,0.009478358,0.00080067496,0.02218756,0.0020061312,0.00636799,0.006589949
2018-01-17,0.011137908,-0.013979377,-0.013613828,0.01669426,-0.0068243667,-0.020779844,0.02143132,0.009298713,0.104953475,0.013028943,0.0015087387,-0.0012629153,0.013028943,-0.0010289346,-0.0021269012,0.005138691,0.018345185,0.012890303,0.0059889276,0.0003155422
2018-01-18,-0.00091192254,0.0,-0.009819911,0.02208182,0.027350362,-0.004008727,-0.00012771325,-0.0035513642,-0.007324363,0.0016210739,0.019405056,0.008019018,0.0016210739,0.017199324,-0.0010162195,0.0008608753,0.0055957595,0.005278862,0.0112700295,-0.00947655
2018-01-19,0.007907564,0.0,0.030200336,-0.0077404915,-0.01982473,0.0323614,0.030843612,0.0025316628,-0.009887632,-0.007828693,-0.0146099245,0.0073787565,-0.007828693,0.008571843,-0.0008534159,0.0071714236,-0.0130773,-0.0054704603,0.0008457623,-0.0055846283
2018-01-22,-0.028056612,-0.055897728,-0.009064474,0.018495759,8.437531e-05,0.013946401,-0.048456185,-0.0017228358,0.018158702,0.024670057,0.003545548,-0.007868595,0.024670057,0.036734644,9.4401796e-05,-0.004042043,-0.04542172,-0.0009380082,-0.0023067219,0.0062731463
2018-01-23,0.006108236,0.0022164388,0.01631022,0.005387251,0.021277504,-0.0008917573,-0.0048419335,0.011695824,0.016586771,0.0031066772,0.015248488,0.014824812,0.0031066772,0.022058247,0.008213614,0.004095401,0.020394165,0.0042504626,0.021295227,0.013840082
2018-01-24,0.0019662725,0.005593475,0.025652265,0.01735261,0.00014163146,-0.001005156,0.08552666,-0.011390755,-0.0036642356,0.006272505,0.0010945966,0.017337766,0.006272505,-0.0049074166,-0.0037557129,-0.008391471,-0.0034362827,0.0025856982,-0.0018558968,0.0028803952
2018-01-25,-0.00802112,0.021973591,-0.0021592802,0.0012496032,0.013577788,-0.03351029,-0.0053315293,-0.0016497858,0.022683416,0.007196133,-0.014152638,-0.048424218,0.007196133,-0.0051322314,0.008433796,0.012201833,0.017353384,-0.011393278,-0.0034928157,0.0077664964
2018-01-26,0.0137422485,0.009041685,0.012243466,4.8995178e-05,0.0037086103,-0.0001725563,0.033586852,0.007770348,0.012120125,-0.0011935319,-0.0064834836,0.0021106189,-0.0011935319,0.0035923985,0.003976432,0.0027223341,-0.03678107,0.004810487,0.005036283,0.01123055
2018-01-29,0.007899865,0.0015370343,0.010626397,0.006605667,-0.0009324469,0.009839613,0.06560265,0.0,0.009852404,0.00088878867,0.012897415,0.02390799,0.00088878867,0.0,0.0018264693,0.003979395,0.009881627,-0.029718447,-0.0006684941,0.02225498
2018-01-30,-0.001960021,0.011135252,-0.006847147,0.0073687397,0.0,0.0,0.007135555,0.023269804,0.038929828,-0.015983334,0.0065552783,0.0022931725,-0.015983334,-0.002992742,0.010556152,-0.000607035,0.021012018,0.017119244,0.0063166595,-0.020145088
2018-01-31,-0.0007783787,-0.031098783,0.0012894301,-0.0066783163,0.004712821,-0.007260349,0.0,-0.007713425,0.013998032,0.010885295,-0.004873337,0.029226562,0.010885295,0.015282103,0.007172758,0.004384872,-0.010536204,-0.006843912,0.008380098,0.01114763
2018-02-01,0.0015414489,0.013625169,0.0055712545,0.010131367,-0.004162078,0.0044730436,0.0051078303,-0.010066303,0.0036616991,-0.0008591752,0.016586283,-0.00841128,-0.0008591752,-0.01183424,-0.0031623493,-0.0037735347,-0.011411198,-0.019876732,-0.006392279,-0.0030184702
2018-02-02,9.6133364e-05,-0.011742089,0.0045734015,-0.00507111,-0.00022840644,0.021362945,-0.019868016,-0.00414804,0.021255743,0.0136728175,-0.12403057,0.0016988162,0.0136728175,0.025914215,0.0051018028,-0.00019019963,0.007625418,-3.8887894e-05,-0.0017679003,-0.011459313
2018-02-05,0.015106839,0.017882638,0.01277613,0.0148617495,0.0012647787,0.0053882124,0.0019973808,0.012897796,-0.048351295,0.002776395,0.034210023,0.015054503,0.002776395,0.0007350416,0.00022658118,0.0021972682,-0.001087619,0.0036591566,-0.0015354762,0.004094291
2018-02-06,-0.005533242,0.015191135,-0.011038545,-0.0029137542,-0.0040422794,-0.0053035067,-0.0028023908,0.0002744714,-0.0025951636,-0.0009046698,-0.01029145,0.004293241,-0.0009046698,0.0042133946,-0.00016711857,0.012876443,0.0,0.009061791,-0.0012757112,0.009995042
2018-02-07,0.014889937,0.0033938012,0.0012995693,0.013811604,-0.00010581031,0.0003173785,0.006648218,-0.009956072,-0.001982137,-0.001541389,-0.059897117,-0.0059468183,-0.001541389,-0.010882441,0.0,-0.00030270973,0.0013205453,-0.0009463798,-0.015560801,0.0145512065
2018-02-08,0.021983577,0.0028235132,0.011814383,-0.01698822,0.0031417918,0.03498599,0.011650995,-0.010127928,0.0,-0.006349807,0.01921815,-0.010510789,-0.006349807,-0.0005891026,0.003403466,-0.022111438,0.012061114,0.0009832481,-0.0008457106,-0.0046960413
2018-02-09,0.010140479,-0.00080006797,-0.01013658,0.00075685745,0.023715634,-0.00474531,0.020621616,0.009742361,-0.024764182,0.010292284,0.005333156,-0.04443561,0.010292284,-0.022178084,0.0043751057,0.004495057,-0.011802023,-0.0009951243,0.003221434,0.006675339
2018-02-12,-0.012274005,-0.0027733962,0.0193478,0.0,0.006583147,-0.016197119,-0.013891567,0.0059806732,-0.026159283,0.011731915,0.032782495,0.036698192,0.011731915,0.055558737,-0.0030790758,0.007510809,0.013477191,-0.016504385,0.009043357,0.034422312
2018-02-13,0.0013898668,0.0015550796,0.0023681102,0.0067218943,-0.001922858,0.016576007,0.014294317,6.113829e-05,0.0010610793,0.009524104,0.012783679,0.00043095733,0.009524104,-0.011840188,0.0024293296,-0.0006992861,0.0040229363,-0.010801202,0.0027012115,0.009448922
2018-02-14,0.0006202631,0.013568136,0.023416037,0.0053297826,-0.0153967375,0.013449517,-0.019862175,0.013030308,0.0023231073,0.006946241,-0.018567966,-0.030837594,0.006946241,0.0,0.0020092847,-0.008119796,-0.020919738,-0.035526205,-0.0022215263,-0.004017704
2018-02-15,0.00012082345,0.0029395702,-0.013297308,-0.019424029,0.0012731405,-0.011769187,0.0048728916,-0.0044786315,-0.06303903,0.0022547254,0.020044096,0.015795738,0.0022547254,0.0019440796,0.0026607853,0.003306065,0.013410514,0.021043576,0.009383453,0.008458123
2018-02-16,-0.02449971,0.010406727,0.004044999,-0.0028903054,-0.006816021,0.015620145,0.08707509,0.006190377,0.016220711,-0.0010629599,0.009727334,0.05967503,-0.0010629599,0.0075469227,0.0014652741,-0.002699388,-0.0012935012,0.036005873,-0.009409318,-0.018337697
2018-02-19,-0.021247083,0.002424203,0.025390077,0.0045381403,0.016810186,0.01529751,0.009639167,0.009983006,-0.006805881,0.004951426,0.006522269,0.0148577485,0.004951426,0.0037863615,0.0027239544,0.004685469,0.025468916,0.0009127904,0.0022256696,0.00715379
2018-02-20,0.023787135,-0.011622566,-0.0031329717,0.018794615,0.0015830102,0.018787548,-0.046182547,0.011036766,-0.0076275077,0.0044367504,0.009063406,0.0073192636,0.0044367504,0.019411732,-0.0047325063,0.0025072005,0.006375923,0.009179907,0.0083715245,0.021194674
2018-02-21,0.011886016,0.0005151415,0.006555929,0.015771981,0.0055321255,0.0034889646,0.0214375,0.009142418,0.02863515,0.00070898404,0.0018780858,0.00022775691,0.00070898404,0.0032704144,-0.001200567,-0.012570697,-0.020139448,0.014105226,-0.0028682034,-0.0071562384
2018-02-22,-0.0073502734,-0.0012432109,0.0045157443,-0.011024109,-0.02079446,0.0015338287,0.006183853,0.020544004,0.008868246,-0.0015722145,-0.032354496,0.0092537245,-0.0015722145,0.011813827,0.0051922905,0.003913916,0.0073329634,-0.019612005,-0.009127348,-0.0059666154
2018-02-23,0.012099738,-0.00093036826,0.0021113353,0.010643842,0.0063475133,-0.0062269983,0.0007318489,0.002150717,0.06519766,-0.00074825797,0.0,0.036729243,-0.00074825797,0.002907504,0.009840092,-0.0039440305,0.0061343135,0.009156764,0.0010621257,-0.034914203
2018-02-26,0.006666819,0.00033093238,0.005373273,0.0008744705,-0.007304564,-0.0013774587,0.0058082547,0.011918783,-0.008714183,-0.016000777,0.0018345419,-0.0043814844,-0.016000777,-0.001105971,0.0036971755,-0.00019173605,-0.018054502,0.0011612785,0.0022290363,0.0149655985
2018-02-27,0.037181973,-0.0014811254,0.002909072,0.0024119995,0.01318907,0.009625582,0.02759965,-0.0035315934,0.04288229,0.005142271,0.022225121,0.0047628144,0.005142271,0.014912229,-0.05107404,-0.017597355,0.029024292,0.011178525,0.013249965,0.0007909489
2018-02-28,-0.017439177,0.0027288164,0.019540314,0.0040146746,0.0062371185,0.046616867,-0.012709646,-0.0015515779,-0.021330029,-0.006034554,-0.005857658,0.0010456905,-0.006034554,0.01936739,0.054866485,0.038503535,0.011384778,0.0,0.009993282,0.086624354
2018-03-01,0.011354013,0.00105211,-0.004971087,-0.11763625,0.040548615,0.0019284826,0.010394066,-0.0003967006,0.031819798,0.04101544,0.011260157,-0.013563296,0.04101544,-0.017973667,0.041638795,0.01866008,0.0,-0.0007617449,-0.00069570955,-0.0070959283
2018-03-02,0.0108381035,0.00972878,0.008362667,0.014992229,0.018937778,0.0051416764,-0.0072977184,-0.039386265,0.0058401013,0.0394558,0.006561865,0.0024224934,0.0394558,-0.0031333105,0.0083766095,-0.0305307,-2.4023964e-06,-0.00079634506,-0.039804775,0.018326066
2018-03-05,0.0056266994,0.0027399994,0.0053740526,0.035479084,0.04292642,-0.0055760276,0.0030233532,0.05193793,-0.008408726,0.017425511,0.0,-0.014344105,0.017425511,-0.008591734,0.008010148,-0.016160844,-0.015622218,0.010925755,-0.001046974,0.0027477066
2018-03-06,-0.0064955414,0.013306003,0.0037944675,0.005236282,0.001746092,0.0008301423,0.009928539,0.0014144345,0.0041441885,-0.0059861615,0.00888807,-0.0017592396,-0.0059861615,0.09622177,0.0025750387,0.041954704,-0.008304844,-0.0047288053,0.021304283,0.0129505275
2018-03-07,-0.010144127,-0.0064456826,-0.014165746,0.04149734,-0.028599173,0.056448538,0.005587819,0.0030665589,0.013789966,-0.046158895,0.0061833286,0.009555167,-0.046158895,-0.020797124,0.037304804,0.08320801,0.016581386,0.014408458,0.023099773,0.019370385
2018-03-08,0.02235627,0.0014280386,-0.004182928,0.00046524362,0.007976115,0.010901513,0.00074825156,0.010288024,0.03520451,-0.009748117,-0.009320479,0.0065847985,-0.009748117,-0.0021689564,-0.073708385,0.025968207,0.014920396,0.005739561,0.012704154,-0.004056534
2018-03-09,0.009129743,0.0075065754,0.019382047,0.021903442,0.02286102,-0.0050257263,0.0051262234,0.013774269,-0.004895384,0.007561679,0.005276904,0.00410109,0.007561679,0.01034855,0.029736843,-0.012072024,-0.0010435983,-0.001805215,0.0044393805,-0.0015686806
2018-03-12,-0.009375505,0.0024343901,-0.0111172525,-0.123206094,-0.0048542274,0.0012830278,-0.008996225,-0.02238318,-0.024818463,0.0025457982,-0.00011844077,0.0064035207,0.0025457982,0.04043106,-0.005486642,-0.0149789555,-0.0080799945,0.014847348,0.0056636836,0.011285974
2018-03-13,-0.016125586,-0.0013457414,0.0019256383,-0.0067069805,0.010337455,0.0024823404,0.006571191,0.0041461317,0.010282448,0.0,0.0020361394,-0.0048012636,0.0,0.023304883,0.011420832,0.017433468,0.014786156,0.0015798764,0.00024517486,0.038932607
2018-03-14,0.0087487,-0.0044990177,0.0033180357,0.0011968829,0.017399061,0.003394272,0.0033614084,0.051572602,0.012302747,-0.016466761,0.017361857,-0.012725378,-0.016466761,-0.015952675,-0.0010614103,-0.04386082,0.0010352951,0.0039168797,-0.034777272,0.0025922284
2018-03-15,0.03473001,0.012939207,0.012320674,0.016627874,-0.036719974,0.008382759,0.006302514,0.011247817,0.008788002,0.03792174,0.0013527751,0.012262,0.03792174,0.0059348186,0.0217855,-0.05495212,-0.005972292,0.008720172,-0.0030690143,-0.0017627085
2018-03-16,0.00019174203,-0.0029478706,0.0016638259,0.0009590426,-0.015997943,-0.002702573,0.010844565,-0.037702188,-0.0025428454,0.009715647,0.01164204,0.0025253168,0.009715647,-0.10890093,-0.0069168145,-9.9007026e-05,0.014465518,-0.018505549,0.008844043,-0.014606991
2018-03-19,-0.0008851315,0.00205974,0.0022176085,-0.00012761932,-0.00029899424,0.01433089,0.0,0.0047849705,0.040243197,0.0015927647,0.018249353,0.007827222,0.0015927647,0.016137132,0.0095955,-0.004890286,0.0063969675,0.007009135,0.011244321,0.008118678
2018-03-20,0.018666878,-0.0004199839,0.005274516,-0.024062362,0.03753827,0.0012863359,0.012247097,0.083841026,-0.009015771,0.009832407,-0.013938075,0.006687733,0.009832407,-0.01436288,0.011349079,0.003612525,0.010870197,0.0044860393,0.008893935,-0.0060616015
2018-03-21,0.00029434476,0.00047690002,-0.006551602,0.0059815734,0.006035301,0.014866388,-0.0051780255,-0.0064982437,0.006018347,0.0009850656,0.0033122208,-0.009322953,0.0009850656,0.010393442,0.01662285,0.0017261474,0.003851488,0.0067428485,0.021710506,0.03327579
2018-03-22,-0.007905591,0.0011536762,0.006653642,0.0074773426,0.0023036802,-0.01530206,0.0013142324,-0.0022264963,0.004852534,-0.07702615,0.0023023272,0.011231894,-0.07702615,0.037610844,0.0035786473,-0.0028325522,-0.005795162,0.006427307,-0.0028207675,0.00014402145
2018-03-23,0.010080191,0.008789413,0.0023127764,0.0063668564,0.0058060163,0.01821545,0.0005113183,-0.0005283416,0.010742033,0.024949685,0.003202995,0.0067594126,0.024949685,0.0012922,0.0057214694,0.0024453118,0.01133793,0.009754589,-0.01352888,0.014955476
2018-03-26,0.0022416762,0.00039137615,-0.0016618811,-0.0029234586,0.0017409881,-0.009058779,-0.0063233497,0.004857397,0.017785987,-0.12264512,-0.00965165,-0.007041276,-0.12264512,0.06012922,-0.0036626367,0.0033131482,0.0065173777,0.0073883594,0.0033684925,0.0004129005
2018-03-27,0.022190096,9.855404e-07,-0.0031270005,0.008241138,-0.0056607807,0.0,0.0044762325,-0.03561183,0.007159466,0.012372451,0.019347703,-0.002171652,0.012372451,-0.0012743473,0.014936007,0.023898194,0.0018581597,0.01186572,0.02034309,0.00955361
2018-03-28,-0.013759978,0.010126592,0.00553714,-0.0061020283,0.058351453,-0.020978853,-0.013769032,0.008638187,0.013098907,0.008114639,0.0,0.0036022153,0.008114639,0.06630521,0.014822437,0.022934284,0.0048907283,-0.046680484,0.0018500632,8.579225e-05
2018-03-29,0.02570838,0.0017937965,0.007220192,0.009825495,-0.0052174833,0.007213531,0.021218933,0.0670378,-0.0005264548,0.026352763,-0.013015639,-0.015793249,0.026352763,0.0009084877,0.017621178,0.06571648,-0.0021795337,-0.0024047068,0.0015791939,-0.00032410436
2018-03-30,0.01023067,-0.003516075,-0.00068645447,0.023636054,0.016329749,-0.006242202,0.004966408,-0.0057928483,-0.0010767833,0.0067601306,-0.007916999,-0.0047067893,0.0067601306,-0.04289217,-0.001970332,-0.012600756,0.0052151745,0.003924829,0.010387651,0.0
2018-04-02,0.0003168547,0.006328159,0.0031519507,0.00066463934,-0.00336412,-0.019493943,0.016808415,0.020008504,0.012790988,0.0,-0.0023616639,0.0013618044,0.0,-0.019790657,0.018030595,-0.032443658,-0.004490255,0.0018292791,0.011265227,0.013600797
2018-04-03,-0.009303419,-0.001989782,0.0036622807,0.015360403,0.010620313,0.036905352,-0.017618965,-0.00071005936,-0.002751225,0.10914643,-0.030619005,0.0021005606,0.10914643,0.017198272,0.0001587196,0.036977544,0.0,0.0061055,0.0051195514,0.020728596
2018-04-04,0.010907421,0.0025337476,0.0075143888,-0.0075203213,-0.005637203,0.009968169,0.0031315833,0.0104255555,0.012565186,-0.0038442884,0.048954807,0.0013755987,-0.0038442884,-0.03065988,0.0077619515,-0.013425988,0.00035380735,0.005833178,0.0011522983,0.022527544
2018-04-05,-0.019079281,0.0043869107,-0.0011929595,0.006315358,-0.018523946,0.0076311594,0.0032388533,-0.06421425,0.00082940026,0.00175069,0.0116668325,0.009399359,0.00175069,0.034694534,0.015624161,0.017682327,0.004202814,0.00606459,-0.011751655,0.01660628
2018-04-06,0.014390733,-0.001718934,0.005083632,-7.800415e-05,-0.0055197733,0.003856136,0.02461816,0.011556306,0.009583536,-0.000382106,0.0020286355,0.010398643,-0.000382106,0.006651241,0.0025426825,0.013391188,0.008160755,0.01147838,-0.0010223469,0.0061980085
2018-04-09,-0.0479985,-0.0036188134,-0.0065729404,0.010228009,0.0037198162,-0.002162883,-0.006531259,0.026403211,-0.020822003,0.03881776,-0.0365913,-0.016040737,0.03881776,-0.06451585,0.0012839717,0.0073738853,0.0061725555,-0.041951936,0.014195343,0.020083074
2018-04-10,-0.012400528,0.008756183,0.015237978,0.008116263,-0.0042672134,0.011276308,0.011318064,0.009968164,-0.004201412,0.0013841367,0.008176216,0.0136113595,0.0013841367,-0.030378284,-0.017076425,-0.00056823215,0.011571423,0.0068742125,-0.004020106,0.011112869
2018-04-11,-0.021645026,0.0031563686,0.0140296295,-0.0037691246,-0.020936226,-0.008354289,0.001937501,0.0057421476,0.0048523895,-0.003542707,0.0027512722,0.008166094,-0.003542707,0.00699537,0.017205397,-0.003971931,-0.0057176608,-0.010864638,0.010230315,-0.012051446
2018-04-12,-0.026071994,0.0016823735,-0.004289305,-0.009422682,0.023848608,0.0031712353,-0.0010481346,0.048067734,0.0013702465,0.021242907,0.015773546,-0.0003492913,0.021242907,0.08070131,0.0641693,0.004975052,0.011336513,0.01663511,0.0013347858,0.010362339
2018-04-13,-0.008434662,0.011516221,0.001577941,0.004572369,0.039373346,0.024263352,0.013052424,-0.021649573,0.017384468,0.00673164,0.01647523,0.0023257004,0.00673164,0.09380906,0.012917529,0.028111394,-0.0067670727,-0.0070396396,0.0040683234,-0.04197412
2018-04-16,-0.0032849598,0.002817513,-0.010419131,0.008071411,-0.01721726,-0.008380826,-0.0047768415,0.019214476,-0.0025951157,0.005633853,-0.0032180345,-0.00049347745,0.005633853,-0.019572299,0.0031820345,0.04152977,0.042741936,0.0012208023,0.0059242942,0.032173533
2018-04-17,0.01527981,0.003864674,0.008858957,0.0152327,0.029390415,0.026836297,-0.011964769,-0.007184879,-0.008158524,0.0016900524,-0.015847962,0.0045971014,0.0016900524,0.024179744,-0.002040868,-0.012215664,-0.0048935297,0.0048909527,-0.025932709,0.0019814144
2018-04-18,0.000757192,-0.002469518,-0.013875745,-0.0038510547,-0.0024638125,0.008257144,0.00955175,0.008728814,-0.00033703123,0.015042484,0.0056679756,-0.00611294,0.015042484,-0.017888153,-0.0011672019,-0.018157642,-0.002479847,0.008109188,0.022151498,-0.02437192
2018-04-19,0.012418942,0.008467423,0.01651354,-0.0012195716,-0.0023544645,0.0060659563,-0.016299527,-0.0007528093,0.0022535652,0.040978987,0.00857228,0.011074119,0.040978987,0.013039283,0.0119977975,0.02199125,-0.007323617,0.005182761,-0.00833215,-0.01404095
2018-04-20,-0.0118144695,0.0039538317,0.0025537522,-0.0023901472,0.0068219006,2.2507832e-06,0.022788236,0.014540871,-0.04219985,0.010656239,-0.045966562,0.01009772,0.010656239,0.018447118,0.005123267,0.0144942235,0.025554283,0.0030991423,-0.0065300884,0.022761526
2018-04-23,0.03358134,0.0017059841,0.0008438858,0.0030769685,-0.016027326,0.0066047274,-0.018419053,-0.006230985,0.029990392,0.0041541713,0.003026177,-0.005303743,0.0041541713,0.003860933,0.035869498,0.04643515,-0.024357906,0.0040533985,0.01023079,0.02072575
2018-04-24,0.0089652175,0.005082008,-0.0035426687,0.00027920253,0.01112097,0.0013228372,0.02274569,0.00837681,0.008188616,0.01376902,0.0067174067,0.01027457,0.01376902,0.0017781354,-0.020933652,0.011720833,0.016735768,0.0018263226,0.0053143958,0.0003957421
2018-04-25,0.027320888,-0.0017442438,0.0029854828,0.0021133674,-0.0017326532,0.016643004,-0.0023013547,-0.017534269,0.0056979083,0.028190417,-0.0012507472,0.0070262444,0.028190417,0.0059819026,-0.0008847439,0.007480332,0.0030131089,0.005373019,-0.01218029,-0.005172929
2018-04-26,0.0005265233,0.006317148,0.00083951117,-0.0002899941,0.01001935,-0.00049751834,0.024468621,0.010953401,0.006614605,-0.008476859,0.0042484463,0.0029439367,-0.008476859,0.011171871,-0.021113295,0.011576595,-0.0057706907,0.0030442902,-0.00485866,0.023472555
2018-04-27,-0.0047185794,-0.002568199,0.011993168,-0.004902966,-0.004126092,-0.011267663,7.79077e-05,0.0021033066,0.003152048,0.0074087796,0.010697218,-0.0018710258,0.0074087796,0.007916482,0.003389606,0.014367088,0.011788041,5.7821868e-05,0.010962015,0.006028238
2018-04-30,-0.002250269,-0.0014014014,0.00023512609,0.0015116188,0.0076385043,-0.00822272,0.0033298486,0.017755996,-0.0010035726,0.010859049,-0.01102448,-0.009175922,0.010859049,0.01752183,-0.011061136,0.0,-0.0043109367,0.0109945955,-0.000701147,0.009851669
2018-05-01,0.019606862,0.0007966217,0.0047371206,0.0,-0.0040376405,-0.009364319,-0.035685424,0.005811743,-0.03075537,-0.002941291,-0.023894375,0.008489686,-0.002941291,-0.0027800808,0.0041102623,0.007841064,0.0072818547,0.0018605916,0.006254773,0.03733225
2018-05-02,-0.0006017408,0.0002880812,0.0020549728,0.015121497,0.0034476307,-0.0055298163,0.00900563,-0.01465069,0.035210907,0.029783444,0.033170775,0.008373143,0.029783444,0.018729234,0.0903708,-0.002547196,0.021945842,0.012486507,0.013276787,0.0029937804
2018-05-03,-0.0008114997,0.0005552845,0.007153097,0.009797906,0.0054465677,-0.009939856,-0.0043722326,0.010413508,-0.0060593444,-0.0007848758,-0.027165469,-0.008611267,-0.0007848758,0.008996971,-0.12746534,-0.00040058995,-0.0030030245,0.009698319,0.011986724,0.0064566135
2018-05-04,0.03439327,0.0076401024,-0.0016295625,0.0031635314,0.012208208,0.038880657,0.0020477416,-0.012362704,-0.0031459574,-0.0024796776,0.004889254,0.009671791,-0.0024796776,0.0017646506,0.04630827,-0.023207681,0.013398506,0.003398942,0.0028787816,0.0075944727
2018-05-07,-0.01309366,0.0054048523,0.018339584,-0.0077067693,0.01784815,0.017692657,-0.03790439,0.034847878,0.017940586,-0.002944811,0.019039676,0.0023236605,-0.002944811,0.038628,0.017297091,0.006843781,0.004573772,0.0075409617,0.015143162,0.0029577638
2018-05-08,-0.00093935395,-0.0015885942,-0.001095449,-0.034829307,-0.015699325,0.012118884,0.012548031,0.0037976347,0.015088405,0.033598687,-0.024219701,0.009657835,0.033598687,0.004451086,0.022999736,0.002046491,-0.014057379,-0.0017110794,-0.0065981657,-0.013620439
2018-05-09,0.013588317,0.00426149,0.004008578,0.023049178,-0.0022507126,0.0082386965,-0.0003323478,0.014162094,0.0011949856,0.013404983,-0.011931606,0.0014806977,0.013404983,-0.018550802,0.0019912003,0.0142333405,0.009061295,0.007376676,0.00035180998,0.012376919
2018-05-10,0.009054306,0.0021612041,0.003955491,0.0016755251,0.007209318,0.011709637,0.01091147,0.0073373658,0.005591326,0.015122695,-0.037858706,0.0065684444,0.015122695,-0.00604196,0.013334044,-0.010431867,-0.02106042,-0.006099271,0.010104287,0.005756122
2018-05-11,0.043085292,0.0057973447,-0.009928244,0.00022119154,0.013752578,0.0002461932,0.0023466917,0.023031745,-0.03031408,-0.04110454,0.014709197,0.00595413,-0.04110454,0.0010715256,0.011880183,-0.0015750133,0.023178248,0.0010202314,0.01438497,-0.013811516
2018-05-14,-0.007452376,-0.0010351196,-0.006235187,-0.027713697,0.00022352593,1.68028e-05,0.005747789,1.9211177e-05,0.016926175,0.015816772,-0.0053303367,0.006223042,0.015816772,0.012650602,0.0017808191,0.0,0.0088100005,0.0022204272,-0.006318179,0.0
2018-05-15,0.01442681,0.004555659,0.003742182,0.038683932,0.02312617,0.008077918,0.0010255825,-0.00887538,0.0057074763,-0.00029187664,-0.0065392307,0.010536148,-0.00029187664,-0.004888683,0.007278997,0.022176366,-0.0045285705,0.01047195,-0.003727554,0.021748105
2018-05-16,0.0008321565,0.0018966466,0.0025895678,-0.018481076,9.466047e-06,-0.00090332935,0.014592285,-0.0015250791,0.006674685,-0.004638424,0.006284463,-0.009575088,-0.004638424,-0.02027162,-0.0033987435,0.0056531276,0.0008054242,0.0,0.003358977,0.0086480295
2018-05-17,0.0043521686,0.0038821346,0.0036895762,0.012241749,0.012114614,-0.0009592457,-0.0055594067,0.023494897,0.0025895997,0.018400624,-0.0007452572,0.007931413,0.018400624,0.011561195,0.011063157,0.039014522,-0.008818931,0.006889054,-0.00043430243,0.008307805
2018-05-18,0.0029421696,0.0016923446,-0.0038960408,-0.005457463,0.0008511776,0.009963361,0.00014853607,0.0009810687,0.01636077,0.008099152,-0.0019099569,0.0009605499,0.008099152,0.015014317,-0.0044710035,-0.025499316,0.0,0.010107127,0.011233406,0.0
2018-05-21,-0.0019449013,-0.0064902343,-0.033508997,0.016990148,0.013129361,0.012223389,0.010961269,0.00077784446,0.0040582293,-0.110400364,0.04540653,0.005033674,-0.110400364,0.01308825,-0.00325903,0.004444234,0.018817894,0.0065899673,-0.00031963474,-0.004417649
2018-05-22,-0.0044934205,0.0060483045,0.009629993,-0.024923425,0.011284051,0.0033104215,0.008157492,0.024266358,0.0054791477,0.011816475,0.017317247,0.009477002,0.011816475,0.007891797,0.017450422,0.012938373,0.0,-0.00078016066,0.002527225,-0.014575782
2018-05-23,0.0027208296,-0.00087282225,-0.016265305,0.010626455,-0.006721094,0.0008457406,0.013392476,0.019513268,0.0037442101,0.039324444,-0.027462447,-0.009001081,0.039324444,0.03854845,0.008087521,-0.011889691,0.0012961737,0.005104531,0.0042172875,0.003881797
2018-05-24,-0.00042820076,-0.00094709184,-0.037057236,-0.0024276495,0.011729684,-0.0020870198,-0.0045113135,-0.0031447192,-0.00993117,0.012566145,0.05533365,0.00025611796,0.012566145,-0.013247631,-0.008439824,-0.010477909,0.022043213,0.0050612763,0.0051106596,0.029360201
2018-05-25,0.00027193458,0.0025784038,-0.03565461,0.023360578,-0.002247325,0.024461538,0.009032027,-0.0008966087,0.015992865,-0.0150858555,-0.026048481,0.004565929,-0.0150858555,0.039913796,0.003027793,0.016875029,0.01608398,4.8913713e-05,0.0124802245,-0.008132267
2018-05-28,0.005469415,0.02123949,-0.0031358835,0.014998242,0.0030532926,-7.6440876e-05,0.028700383,0.004377506,-0.00023490637,-0.0036880402,0.008746822,0.0,-0.045279916,0.01319873,-0.012502672,0.0062253824,0.041546587,0.0004639646,-0.00053793535,0.021546926
2018-05-29,0.010133172,0.001724026,0.012671706,0.0061657177,0.0053498875,-0.00025383325,0.0014021005,0.02941787,0.01990691,0.010106397,0.009071113,-0.0017878823,-0.0021798015,0.004715946,0.0075051584,0.011073166,0.010308563,-0.01854172,0.010840793,0.00082702894
2018-05-30,0.010892668,0.05750363,0.008241266,-0.015542035,0.01759587,0.010810096,0.0079684155,-0.0053096027,0.008359137,-0.027739413,0.0014034766,0.00072384765,0.0028024835,0.013653611,-0.0047046156,0.0018901696,0.0109011745,0.01778432,-0.0022368948,-0.046145536
2018-05-31,0.018090712,-0.041951038,-0.024959521,0.010231046,0.012751445,-0.033954933,0.012245644,-0.0007443543,-7.654337e-05,0.0028665455,-0.011456992,0.009524184,0.029324679,-0.045686252,0.025124341,-0.033506565,0.006824858,0.0013131832,0.00071314437,0.011816055
2018-06-01,0.010448532,0.010703382,-0.0055958824,-0.0028149553,0.0031772165,0.023482276,-0.0012678124,0.0049986728,-0.032843594,0.016259454,0.0060554114,0.00093873206,0.0152015705,0.003435474,-0.018007316,0.025010427,0.026085997,0.0,-0.0007207174,-0.0012582407
2018-06-04,0.006644885,0.0015284388,-0.008238177,-0.01569045,0.024559366,0.0,0.0029346766,0.015391706,-0.012770648,-0.0065653007,0.01768777,0.004939219,0.015987793,-0.03536092,0.031365298,-0.025331987,0.0050831027,0.0012418565,-0.0015751596,0.0104181515
2018-06-05,-0.0075513553,-0.0027583013,-0.04019008,-0.023639446,0.0021395339,0.00568093,0.007542494,-0.008399972,0.028917376,-0.011627162,-0.003953257,0.010017876,0.010405699,-0.042558625,0.025978183,-0.0063848607,0.010229279,0.00047103164,0.0124245295,0.00012127522
2018-06-06,-0.0028245011,-0.0005287398,0.01403279,0.02714732,0.00090383954,-0.029533548,-0.0046324967,0.0077811847,-0.00010534042,0.012865114,0.007922271,0.0006969957,0.01124551,0.010214615,-0.014438952,-9.285136e-05,-0.0057071364,0.0073822998,0.009876096,0.013278393
2018-06-07,-0.0035370286,0.00656244,-0.007178518,0.018786553,0.0007665498,0.0021897843,-0.0011808238,0.015429466,0.0029653776,-0.011095463,-0.0011230287,0.00080413715,-0.011290098,-0.013056294,-0.0019810018,-0.0069396156,0.0064376364,0.016680066,-0.0012082678,0.0
2018-06-08,0.0072903736,-0.0016141046,0.022509307,-0.028780572,-0.00603275,0.06608141,0.00042276198,0.008653642,0.009115418,-0.0033645805,-0.021319011,-0.002589778,0.00017516574,0.03458973,0.0030354264,0.006870303,-0.009163076,-0.00033904778,0.007912175,0.010461081
2018-06-11,0.0,0.03144751,-0.0073812804,0.0048745875,0.011442829,0.022599934,0.10876553,0.008562479,0.022240568,0.010923619,-0.005569126,0.0072273887,0.0012664326,-0.00042823682,0.005648377,0.004312055,0.0012399126,0.004857553,0.0063190083,-0.003674885
2018-06-12,0.007178951,0.0005509805,0.0057430887,0.012964322,0.0016784027,0.004076265,-0.0009476031,-0.0002523274,-0.013723275,-0.018009976,0.005275138,0.0050226925,0.011578925,0.020035831,-0.017169505,0.0043830574,0.0011550429,-0.0031182873,-0.0035243996,0.015534495
2018-06-13,-0.0033091442,-0.0040117707,2.3422834e-05,0.006290332,0.0010656951,0.016324118,-0.011529297,0.0055544786,-0.0023983829,0.027364634,0.014948197,0.004203264,0.011841741,0.017269019,0.006548618,0.008575655,-0.007547007,0.0048109996,0.011254708,0.011608089
2018-06-14,0.046515573,-0.008682049,0.0007334338,0.013784437,-0.0017929433,0.0003719861,0.0008125822,0.001667753,0.0022800476,-0.009916956,-0.0032227717,0.0042534256,-0.01886766,-0.0025968903,-0.00052772317,0.0034436795,0.010797296,-0.024528926,0.0040454958,-0.0019756027
2018-06-15,0.0071650776,0.008804646,0.031509407,0.009997458,-0.0018386861,-0.04178604,-0.008860163,0.011777718,0.005958215,0.0023379582,0.012454029,0.0014891725,0.0047640023,0.023452962,0.0,0.007505748,0.00027238054,0.01930989,-0.0056636473,-0.0001427433
2018-06-18,0.01156813,-0.003249717,0.007361943,-0.0010778203,0.0019952815,-0.0012844927,0.0013170217,-0.014117045,0.008386687,0.0027504738,0.0012964539,0.002044969,0.0037162853,-0.10668014,0.02558694,0.006111061,0.0048582093,0.015928589,-0.0013926453,0.0066005606
2018-06-19,0.0022847662,-0.013124671,0.026704187,-0.016230801,0.0047685048,0.017552037,-0.0012863768,0.014926874,0.0044415947,0.0,0.00284673,0.015936406,0.007894546,0.02177401,-0.010046335,0.0023172833,0.0008404648,0.012705633,0.0090519525,0.005220906
2018-06-20,0.0057887873,0.0,-0.00044888712,0.025365604,0.0012290028,0.010400164,-0.07938112,-0.0015029788,-0.008120111,-0.019009307,0.0053570196,0.0025836523,0.005252578,-0.027621176,0.012271406,0.0038630033,0.006262276,-0.005462146,-0.005590848,-0.015010208
2018-06-21,0.000713356,0.0025855554,0.015714584,0.004070144,-0.012560115,0.007408699,0.024238434,0.005483149,0.014613286,-0.031054983,0.0038835865,0.006171989,0.0030417114,0.10163411,0.06362741,0.009142378,0.0,0.0009881115,-0.0011761631,-0.0074521583
2018-06-22,0.009834259,0.035077155,-0.003201996,0.00035969462,0.0047657695,-0.0061310153,0.037737653,0.0067678713,-0.011031539,0.0014818319,0.010409283,0.0055156923,0.0,0.0127651105,0.0005913362,0.014033068,-0.02532904,0.0012484002,0.00317024,0.011548317
2018-06-25,0.014759008,-0.018011402,0.009589617,-0.011987754,0.0040184148,-0.020086257,0.014901043,-0.02541626,0.012040992,0.010113704,-0.0024064577,0.0018463418,-0.0041726204,0.033663765,-0.0054113115,0.019695982,0.029113889,-0.014163572,0.0062156837,-0.020547792
2018-06-26,0.00040105372,0.038043715,0.013708635,0.019465571,0.0014887565,0.014952269,-0.016269876,0.00076031074,-0.0030787904,-0.008857635,0.006176775,-0.0008414006,-0.007706085,0.0027718418,-0.008075787,0.0010308002,0.00892436,-0.008085611,-0.0070552374,-0.0011577229
2018-06-27,0.006130294,0.0040754476,0.017365802,0.012579362,-0.04897831,0.011008258,0.028608745,-0.019602364,0.015021118,0.023230417,0.00206258,0.0016194492,-0.006615922,-0.004002662,-0.0028990554,-0.0049913246,-0.0015656553,-0.0005089544,0.015885709,0.008660688
2018-06-28,-0.03574,-0.005165261,0.0023046825,0.003722244,0.017716935,-0.00087012973,-0.014406149,0.004601742,0.0067257676,-0.020046186,0.0024370486,-0.00044118633,0.018172346,0.01042456,-0.00069365866,-0.0019521633,0.0047688466,0.015233953,-0.0019434417,0.0056006815
2018-06-29,-0.0015795437,0.025026057,0.0075930995,0.011434896,0.00082843285,0.009869644,-0.01916603,-0.008350077,0.0029577457,0.015215348,-0.0014450928,0.014954605,0.0071636955,5.4296686e-07,-0.0047796033,0.013430235,0.0028894916,0.00554858,-0.0011170486,0.01014048
2018-07-02,0.010650081,0.016601201,-0.00015168406,0.0014579385,0.00012172986,0.015954489,0.016138358,-0.0027337843,0.0,0.019363951,-0.004005846,-0.015239217,0.0073836297,-0.014785811,0.036487497,0.010819212,0.0032080072,0.0033949697,0.0046695895,-0.011088306
2018-07-03,0.00937593,0.0,-9.401121e-05,0.015381163,0.011556008,0.0018137711,-0.0053125336,0.002729088,0.0013993839,-0.01220305,0.012016392,0.0024640595,0.0070980643,-0.03889751,0.019574722,0.008587873,-0.0010699381,0.005186057,-0.004489551,-0.06622565
2018-07-04,-0.0037549136,0.011876405,-0.047986764,-0.002787485,-0.033427455,0.0084153,0.00021848493,-0.015587914,-0.0027534077,0.01687997,-0.008552761,0.001009661,0.004410817,0.10456759,0.009724746,0.0017339124,0.0058163204,-0.0015978046,0.0047637206,0.004441816
2018-07-05,0.0006893154,0.015451809,0.009751605,0.020661594,0.013771727,-0.01595055,0.03901607,0.023168005,0.0066458457,0.017957563,-0.008985839,-0.00017094627,0.0016898558,-0.031194765,0.0,-0.014295404,0.005402942,0.003516258,0.0028312602,0.0
2018-07-06,0.013053808,-0.009738158,-0.01019694,0.0069995876,0.019360159,0.0066641476,0.0025085101,0.0065076617,0.0028596001,-0.01086279,0.017031007,9.4989247e-07,0.00021951525,0.059453014,-0.0058824318,0.006530088,0.003954232,0.005128776,0.01118187,0.010889108
2018-07-09,-0.02133169,0.0022509324,0.0005232884,-0.01393995,0.006446152,0.001644738,-0.009046762,-0.0079282345,-0.003809697,-0.0027471916,-0.019742176,0.009851184,0.0029148627,0.017013682,0.022987965,0.0131067885,-0.023625068,-0.0134191625,0.0009958419,0.01304537
2018-07-10,0.017235482,-0.013993585,-0.008140017,-0.100509115,-0.005792463,0.007007252,0.10050769,0.006418851,0.004252277,-0.05946062,0.00780226,0.010667529,-0.008909541,-0.012406627,0.0064382493,0.0060767466,-0.014466866,-0.007065614,0.0029813063,-0.0005422222
2018-07-11,0.011983106,0.0020197933,0.006974202,-0.013814826,0.010876274,-0.016743517,-0.0053163646,0.01001421,0.010674379,0.0049780495,0.0082422,0.0022980482,0.037835274,-0.0046468754,0.0008290496,0.004568523,0.037857685,0.008668916,0.012453089,0.0015633702
2018-07-12,-0.024416542,-0.00075250963,0.022910256,0.0051749838,0.01698166,0.009462145,-0.039450392,0.029068206,0.032113697,-0.059957802,-0.0046674376,-0.026178973,0.0011496441,0.098861836,0.0108654415,0.001311051,-0.035772655,0.009153453,0.008589166,-0.0021702915
2018-07-13,-0.015671056,-0.02343786,0.0008807195,-0.05655342,0.0,0.004969576,0.013632325,-0.0028982705,-0.011642137,0.027515605,0.00409795,0.0033273846,-0.012763418,-0.021255683,0.0084780995,-0.018044742,0.013255742,-0.0020255756,0.0041213287,-0.0017153114
2018-07-16,-0.07046777,0.0102445185,-0.021358602,0.024660349,0.006421509,-0.015997432,0.009931833,0.00329247,0.0150141055,0.006577297,0.009792819,0.0012557735,0.014402863,0.05413876,-0.0097195655,-0.00258164,-0.019587932,-0.013513126,0.0022978229,0.0250531
2018-07-17,0.006252589,0.014587775,0.0101946555,-0.0062563266,-0.0072926767,-0.0029972703,-0.025247697,0.0043115206,0.0058859535,0.014918589,-0.016361983,0.0047998927,7.8829125e-06,0.005112681,0.016530853,0.009882477,0.0034603532,0.0090536615,0.0050471867,0.01658323
2018-07-18,0.025855903,-0.0011624079,0.0009925193,-0.018663613,0.01939547,0.017653026,0.060176436,-0.0026325076,0.0027411357,0.04014167,0.004726043,0.0064046946,0.00914529,0.03487491,-0.0032647967,0.0030319223,0.010745448,0.00445189,-0.0012153614,-0.00013140986
2018-07-19,-0.00030782016,0.013241381,-0.0017137261,0.061384805,0.0,-0.0024754843,0.0055951113,0.02368855,0.010784432,0.009016915,0.0073339115,0.006583155,0.007812745,-0.008052183,-0.0017775932,0.005236481,-0.0014975225,0.008476879,0.0047696317,0.0024644802
2018-07-20,0.03409355,-0.022325423,0.0063616736,0.0020656537,0.01095098,0.016538836,0.0,-0.016585417,-0.005303001,0.0049598254,-0.0022307565,0.0,0.02920926,-0.067781314,0.0131056495,0.0110986205,0.014289852,0.0029403425,0.0027411245,-0.009687286
2018-07-23,0.0027024695,0.014576733,0.012226621,0.007280306,0.0,0.018058173,0.10757119,0.011036569,0.016158052,0.014920193,-0.0021418303,0.013679192,0.01706571,0.100886375,-0.008082698,0.0048240153,0.0016579059,0.00182109,1.3896631e-06,0.027289113
2018-07-24,0.0,0.00907742,-0.0063435775,0.019359138,0.010650788,0.019123312,0.025646586,0.012261943,0.0018534788,0.012561584,0.023654018,-0.01686848,-0.017594527,0.00953515,0.03403684,0.0021880022,0.0069517996,0.013846162,0.0018310078,0.012798131
2018-07-25,0.0,0.015595885,0.0,-0.0025528462,0.0022606154,0.0009796042,0.017205844,0.0013577401,0.008178705,-0.007861296,0.016220802,0.006715546,-0.020421976,6.481488e-05,0.0108041195,0.009055565,-0.016832352,0.0022961216,0.008551066,0.011929271
2018-07-26,0.015013263,-0.0043671913,-0.00937061,-0.006509797,0.001795317,-0.01909968,-0.0036125588,0.006841485,0.011502853,0.0071100215,-0.007407195,-0.0010811491,0.009663079,0.029938227,0.006155333,0.0023427305,0.01180733,0.0012209712,0.0064672097,-0.0032790643
2018-07-27,0.00383497,0.00041845642,0.006329171,0.0029474737,-0.026969666,0.033895638,-0.0065115592,-0.0072983336,0.010281936,-0.00052861025,0.009409286,0.013689025,0.007087385,0.055772405,0.0016324313,-0.0013847216,0.01286687,0.00033713545,0.0040528215,-0.0054949373
2018-07-30,0.0016456653,-0.015341692,0.017820878,-0.029949458,0.016117342,0.002901157,-0.015564998,0.008926577,-0.008025581,0.0,0.0137686515,-0.019965567,0.012016338,0.017403007,0.0033315555,0.0046645026,-0.018713692,0.01494208,-0.0010269884,-0.0007499684
2018-07-31,0.005710082,0.0027336031,-0.0070382757,0.0129202325,0.0074915877,-0.0118184015,0.065119594,0.015426342,0.011236202,0.0122206295,-0.010113963,0.018645182,-0.006090934,-0.005026906,0.0025095888,-0.0036535715,0.004590332,-0.0026726327,0.0010045829,0.024031917
2018-08-01,0.0059005795,0.008102263,0.0017180867,0.019117711,-0.021369122,0.013054809,0.0,-0.00151948,0.005598421,0.0040658205,0.011844601,-0.016909044,0.025983442,0.008845152,0.009662819,0.0003433087,0.0056876033,-0.012619286,-0.008972263,-0.004944326
2018-08-02,0.0059551494,0.0022961658,0.011593548,-0.0012318173,0.0012813052,0.01591704,0.007751452,-0.006500112,0.0,0.0048784474,-0.00031801406,0.014877813,0.0,0.0014520615,0.0,0.0077640484,0.0070439177,0.013066652,-0.014429989,0.0048879585
2018-08-03,0.006484488,0.017428204,0.0,0.008697876,0.0023338094,0.015101417,-0.1267007,0.0028904788,0.0048236824,-0.010122493,-0.014116024,0.01853542,-0.024170142,5.239455e-05,0.008482596,-0.0060351347,0.015002485,0.004564756,0.0034714504,0.015102844
2018-08-06,-0.0045252414,0.010901476,0.002905914,0.0018830261,0.008034415,0.004496569,0.008699063,0.009262364,0.009547038,0.0039089727,0.0025442184,0.0031059722,0.017764142,-0.00106889,0.008586037,-0.0012334402,-0.009952028,0.007158629,0.01122327,-0.013505515
2018-08-07,0.009064524,-0.0036407232,0.010229717,0.0019580382,0.012286814,-0.013406032,-0.0056499857,-0.0014880067,-0.0010591935,0.009855789,0.0005312719,0.0060490533,0.010608447,0.0,0.00028891553,0.008832481,0.006757467,0.004599786,-0.002202629,0.027203955
2018-08-08,0.0138846105,0.004118738,0.0059797294,0.015047442,0.0012476565,-0.00013605219,0.016054124,0.010340218,0.0023114316,0.013636599,0.0113380365,-0.0028413967,-0.0011861031,0.010137624,0.001859754,-0.010916244,-0.003927007,0.0017665825,-0.0019155241,0.017658653
2018-08-09,0.0039212992,-0.0017561798,0.011685887,0.016608922,0.032409884,0.0047229896,-0.008116205,0.0013244005,-0.002680117,0.010816818,-0.020045824,0.0023704853,-0.015507912,-0.0030654767,0.0012182917,0.0,-0.004080548,0.009367996,0.0035900334,5.960638e-05
2018-08-10,0.0023011342,-0.0039796415,0.0043104202,0.0013677946,0.0026034433,0.00071845204,0.090565026,-0.000494064,-0.0031307824,-0.012885784,-0.022014735,0.0019957009,0.006972954,0.0025342316,0.008204748,-0.0075046886,0.0042926227,0.0036158497,-0.0008148405,0.0026945388
2018-08-13,0.01263751,-0.01179095,-0.005687349,0.012891193,-0.00502566,0.003314593,0.011528332,0.04145612,-0.013925066,0.0068039503,-0.01132442,0.010230842,0.0,0.017283859,-0.0024036085,0.014490865,-0.0048506833,-0.0033961164,0.0,-0.0026700909
2018-08-14,0.009047508,0.028497279,0.007658491,-0.0027256024,0.007902812,-0.016067645,0.052246477,-0.0025822571,0.008612532,0.010276436,0.017532354,0.004111033,0.0017369799,-0.021336647,0.0002574678,0.0074958974,-0.0021998296,0.0009996782,0.011414877,0.007914385
2018-08-15,-0.0034936822,-0.010277611,-8.51946e-05,0.0,0.016039032,0.0051700175,0.0,-0.011735881,0.009881933,0.009275459,-0.0019716844,-0.0008384263,0.0,-0.0158135,0.009112932,0.009856405,0.019589411,0.00093370996,0.00265172,0.010975955
2018-08-16,-0.02300397,0.015249073,0.015041803,0.012698564,0.0057960716,0.018099824,0.0,0.008483722,-0.0008763985,-0.018893292,0.017636713,0.0029248965,0.0043022567,0.039387435,0.0027374558,0.0074234484,0.006615477,-0.0026732383,0.015059549,0.0072143883
2018-08-17,-0.0055850125,0.01930391,0.007318503,-0.005796328,-0.0017712379,0.019888073,0.010189334,-0.0024893144,0.008581519,-0.011039072,0.006522956,-0.002783763,0.007652608,0.0009976914,5.948892e-06,-0.0032508576,0.004614991,0.0,-0.0014438927,0.02230341
2018-08-20,0.0022613714,0.001374905,-0.0030496945,0.010056293,0.001818793,-0.00024552646,-0.0025926386,-0.015381309,0.013331894,-0.0042015756,0.017117748,0.004200718,0.0062538413,0.025852008,0.001555703,-7.290064e-06,0.015836991,0.011016626,0.0008397551,-0.0027368392
2018-08-21,0.012578573,-0.0008189625,0.004042074,0.0017871675,0.0062778825,0.008476424,-0.014008846,0.006840723,0.0,0.0043474957,0.0077861305,0.006713031,0.0015392507,0.0,0.0076542026,0.00079786737,0.019139448,0.008690184,-0.0024693403,-0.017007956
2018-08-22,-0.006669577,-0.035017923,0.0021700885,0.0023584953,-0.0012473757,0.00393915,-0.017438218,0.015854321,0.013849028,0.019203048,0.0023129818,-0.0012735012,0.010805646,-0.009644094,-0.0006562726,0.007446705,-0.0071749715,-9.886913e-05,0.016507044,-0.0014617901
2018-08-23,-0.0070856195,0.016571783,0.0018307801,-0.0018149375,0.024785457,-0.0040612463,0.0025490257,0.0016509419,-0.0096682655,-0.018037148,-0.0020446167,0.013921377,-0.008434445,-0.0037698376,0.0015211871,0.0017504493,-0.012454329,0.01143803,0.0017721198,0.021233303
2018-08-24,0.019413901,0.0032715064,0.00084165786,0.031063106,0.0008390987,-0.00045969462,0.016350847,-0.0050604623,0.017092198,0.000308953,0.015315268,0.0023742337,0.007285459,0.013172813,-0.06933964,0.008194115,0.10162915,0.04217353,0.005437556,0.0049285097
2018-08-27,0.006012637,0.0005791608,-0.004282887,0.101921365,-0.009922476,-0.004240913,-0.00065095973,0.004738444,0.005241552,-0.008444971,0.0040072966,0.007336082,0.012495583,0.029072046,-0.12671925,0.012153397,0.033332236,-0.02759867,0.0051021464,0.008577177
2018-08-28,0.0020053838,-0.003566252,0.0016827115,-0.06770215,0.009204029,0.029682726,0.047852565,-0.008354984,0.0089346925,0.012263271,-1.9553188e-05,0.018797833,0.0031628262,0.002204625,0.09468433,0.00802578,0.018584028,0.0056997575,0.004103792,0.008615783
2018-08-29,-0.013902097,0.014344822,0.0038572636,0.0051228423,0.0059633986,0.007193743,-0.0026120392,0.0076636462,0.0069990656,-0.011953116,-0.0004494517,-0.0066690976,-0.007081439,0.008188972,0.07935831,-0.00032907017,0.010841401,0.065395884,-0.017387712,0.0015550543
2018-08-30,0.008818125,0.007543246,-0.0050747623,-0.078092866,0.001380875,-0.0034617349,0.0012908998,-0.003515192,-0.0023401573,0.034890015,-0.001641826,-0.0010344641,-0.00016859188,0.010562328,0.022273034,0.0058093374,0.0069413595,0.012083731,0.012708771,0.019976744
2018-08-31,-0.0076263854,-0.0019836694,0.012980896,0.023192411,-0.0048306473,0.0,0.009059981,-0.00075098703,-0.0005625517,0.0131314285,0.00086748163,0.015379935,0.024411945,-0.005561291,0.0023196354,0.014361241,-0.002262468,0.0017460312,0.007388216,-0.0010384071
2018-09-03,0.003382125,0.008482984,0.0027240147,-0.009439913,0.0039486163,0.027139887,0.010769184,0.0023136656,0.004368167,-0.00564106,0.009160242,-0.012312708,0.009545589,-0.0010256377,-0.014376276,-0.00044467376,-0.016673427,0.024842445,0.003271402,0.0007429801
2018-09-04,-0.015069307,-0.002260074,0.0026720178,-0.015502537,0.0034718215,0.022270098,-0.0060380325,0.008101101,-0.0050478894,0.012249155,0.0030287446,0.005547927,-0.029262094,-0.00047269478,0.05647429,0.008357014,0.023919206,0.0012616236,0.0008273955,-0.0009031454
2018-09-05,0.018648962,0.015212288,-0.012197353,0.014389597,-0.003867374,-0.019872915,-0.007935971,-0.0064093955,0.009501989,0.005918386,-0.0012838306,0.003657544,-0.0055100303,6.7505425e-05,0.024960194,-0.0025012447,0.008005826,0.093743436,-0.005093709,0.012178354
2018-09-06,0.005774899,0.008860489,0.009617478,0.007383459,0.0013905703,-0.02058804,0.0071666865,0.028642735,-0.012205514,0.0113890255,0.0012619413,0.00185896,0.028302457,0.0055091414,-0.017240042,-1.6298858e-05,0.00010238419,-0.002750696,0.0014185501,-0.005155211
2018-09-07,0.0071359477,0.004760751,-0.0068257274,0.0,-0.0065426365,0.011037528,-0.008599936,-0.0101401815,-0.0007610126,0.005180722,-0.0013724978,0.0057668947,-0.008971432,0.002341883,0.030820558,0.0037910803,0.0034688648,-0.015388677,-0.006239672,0.00683634
2018-09-10,0.0077954885,0.002274068,-0.10185304,0.004571945,-0.002667672,0.0,0.00093392143,0.011201978,0.0018713595,-0.010961746,-0.017406933,0.002014185,0.014477915,-0.0007762056,0.0007462777,0.015570273,0.005014779,-0.0249896,-0.001133739,-0.0024918034
2018-09-11,-0.0078032375,-0.0013156615,0.021467943,-0.0034278026,-0.004059017,0.0071348757,0.039302412,0.015676863,-0.025243657,0.014624892,-0.024691492,0.0035497914,0.032898724,0.022792974,-0.0027827674,-0.04171806,0.0063658804,0.0036237498,-0.0009669537,0.00300695
2018-09-12,0.005701514,0.0007907975,-0.0025689038,0.008578491,-0.006047441,0.0025582907,-0.02646399,0.00460314,0.047771063,0.0038622045,-0.006508798,-0.0012948449,0.011228654,0.01311929,0.001567697,0.017146016,0.008926274,-0.008413543,-0.01903537,-0.008779638
2018-09-13,0.0036701378,0.006221187,0.0029170127,-0.013858487,0.01564736,0.0152195785,0.000116207404,0.0013440186,0.00035710182,0.007832731,-0.003328483,0.016353635,-0.0031107874,-0.006554692,-0.020350188,0.018405756,0.0,0.058827884,0.015119256,-0.0010258224
2018-09-14,-0.01908263,-0.0022923425,0.02171895,0.01369421,0.006180218,-0.0010203042,0.0085788695,0.002580588,0.0040163086,0.0030341095,0.015091022,0.0032739043,-0.0037680115,0.017290097,0.031320333,0.0063008806,0.00026949437,-0.011462283,0.0071573453,0.005605661
2018-09-17,0.00692188,0.0075081117,0.013485433,-0.078528725,0.00433852,0.0003239713,0.041528653,-0.01192976,0.0049300166,-0.027626961,0.0045646275,-0.005750086,-0.0039837942,0.0,0.0035555444,0.0048332005,-0.01008522,0.015450614,0.008705123,0.017920978
2018-09-18,0.004753256,-0.00044964597,0.008291274,-0.0038550158,0.008622468,-0.0022666107,-0.00036777783,0.0063793384,-0.010861083,0.0108787585,0.008794092,0.013067234,-0.004259052,0.0052738935,-0.023754457,0.002172794,-0.012606176,-0.00070151244,0.0014850968,-0.0062508346
2018-09-19,0.0007541048,0.0069220443,0.01292888,0.03687659,0.0028001263,0.0209925,0.055213988,0.0013477532,0.0063251564,0.009080063,0.0022034058,0.014957889,0.0,0.0062991134,0.0029863715,0.0043502334,0.015888223,0.02130697,0.003367996,0.016741956
2018-09-20,0.015559478,0.0,-0.0020398458,-0.024978062,0.00043175195,-0.00012298912,0.0032671008,0.017862491,-0.00015419407,0.0050766417,0.009059876,-0.00046011413,0.0117194615,-0.005882686,0.023709511,-0.005258068,-0.0034993477,-0.019261055,0.010891029,0.007560808
2018-09-21,0.009417342,0.004023664,-0.034137398,0.017203813,0.013443618,0.0087456135,-0.009975364,-0.016347574,0.0006459025,-0.0011512189,0.0045311796,0.016867213,0.008032335,0.013889533,-0.0033916468,0.0026321134,7.6796805e-06,-0.014620571,-0.0124393795,0.013819835
2018-09-24,0.0009287104,0.0,0.002553612,4.0711744e-05,-0.002167714,0.016642753,0.014888514,0.0,0.002632378,-0.00040037374,0.0028328863,0.000981373,-2.870071e-06,0.009714326,0.021353558,0.0062776157,0.05746899,-0.011762312,0.0054215486,-0.0016502265
2018-09-25,-0.00021430869,0.0067695207,0.01057799,0.040558357,0.007639081,0.010429969,0.012557018,0.011414985,0.0021435816,0.0012930953,0.014621284,0.0062407875,0.003550582,-0.020659462,0.003473357,0.008202669,0.014364955,0.007445551,0.01016353,0.0
2018-09-26,-0.0028822126,0.007521065,0.014700234,0.009701185,0.0073780296,-0.00016797388,0.0066416916,0.01937923,0.010183929,0.0014468393,0.0027817157,-0.006034069,0.015864598,0.014604991,0.00053132535,-0.020534163,0.0036509503,0.0,-0.0032326165,-0.0009954041
2018-09-27,0.003704736,0.0006269574,0.006673748,0.00015179774,0.00035908376,0.0067883045,-0.0011768139,0.010562359,-0.0014905917,0.0066918097,0.008625296,-0.0040198504,0.014648739,0.0124819465,-0.0012598945,-0.00041551518,0.010222423,0.011782708,-0.00014086756,0.0022417202
2018-09-28,-0.004344457,0.0016410657,-0.00024025544,0.0536204,0.0017512745,0.001286373,0.013818568,8.056079e-05,-0.013635458,0.0022485445,-0.0011387712,0.0047366517,-0.036112394,-0.01851812,0.012081724,-0.0017302651,-0.0025839247,0.007155336,0.006687934,-0.0066428254
2018-10-01,0.0071616243,0.0047316505,0.013113192,0.018740129,0.0005281498,0.0022153887,-0.016917663,0.0005619477,0.000821774,0.002120672,0.0094049685,0.0,-0.021354675,0.022148298,0.000619105,0.0021094363,0.024222901,0.0014003749,0.0015547682,0.013875343
2018-10-02,0.002726845,5.40754e-05,0.0112696495,0.0036710687,0.008392763,-0.0003215173,0.009166206,0.008211333,0.0012790443,0.0,0.0015427411,0.0023050248,-0.007606306,0.00273625,-0.0048597,0.007849164,-0.03657286,0.019734714,0.0009343138,0.0015426457
2018-10-03,0.0036427781,4.296658e-06,0.0026029681,-0.021029707,0.0041405265,-0.003106946,-0.023862304,0.013050745,0.0076514706,0.004043369,0.0010178672,0.0029910312,-0.011236792,-0.0358557,-0.0025154992,0.0008340769,0.00057670433,0.026926823,0.00281208,0.016848704
2018-10-04,0.0028823628,0.0,0.010134904,0.0018491064,0.0063957563,0.014122723,0.014215079,-0.0057486813,-0.006740753,-0.001236036,0.0034295344,0.015277544,0.0065563475,0.008129767,0.015125532,0.0048131896,0.003009762,-0.0015355434,0.0,0.0012867915
2018-10-05,0.0071539828,0.014181624,-0.007747434,0.005998162,0.006075112,0.0044547264,0.017646745,0.0034958438,0.010848891,-0.00044347317,0.0038484444,0.00053677306,0.013323978,0.017353307,-0.0014502589,0.00074409245,0.023805724,0.0072971582,0.0052821212,-0.009608009
2018-10-08,0.0056697316,0.0019682965,0.0073861065,0.005403438,0.0,-0.012611141,-0.014830294,0.004010143,0.015365,0.0033956582,-0.016566932,0.016299153,-0.014202803,-0.10828059,-0.0133375265,0.0008183787,0.0026342834,-0.008143267,0.0128867375,0.0012292628
2018-10-09,-0.0026526174,0.0021278153,0.016938815,0.004391427,0.0007637424,0.009611266,0.0,-0.0011723225,-0.007896898,0.008196311,0.002875195,-0.0015095543,0.014935673,0.045167826,0.04449785,0.01945239,0.010499111,0.025336789,-0.012200027,0.0040515983
2018-10-10,0.0038547774,0.0,0.0031431403,0.0075426954,0.0004380473,0.004363846,-0.031552613,0.028078165,0.009115125,-0.0090577835,-0.004131646,0.01480632,0.007770909,0.0005026868,-0.0067002308,0.0010436447,0.014370466,0.0034450553,0.010860805,0.0
2018-10-11,-0.004573537,0.019937553,0.0075447126,0.009946749,0.0076473136,0.0041371556,0.016224109,0.002840076,0.008553101,-0.004984197,0.017399823,0.014781903,-0.014548492,0.00319278,0.010398393,0.012134685,-0.0023670644,-0.024377882,0.0034374224,0.0035596408
2018-10-12,-0.0018598939,-0.002804958,0.012231901,0.00043205486,0.004793594,0.007755032,0.018129524,-0.008110202,0.0050003016,-0.00044244996,0.0044656936,0.0,0.034124922,0.0017682851,0.0063872896,-0.017132066,0.026359156,-0.0065201116,-0.0030304915,0.02288624
2018-10-15,0.0069524106,0.0064866836,0.007174513,-0.005256424,3.0583942e-05,0.007545821,-0.0030695205,0.0039190846,0.00083274633,-0.0022246533,0.007290447,0.0064426917,0.013283125,-0.00065565517,0.03859712,0.0057250364,0.0052889036,0.027780565,-0.011549567,0.0008190423
2018-10-16,0.006358393,-0.006299951,0.0,-0.008243863,0.0,-0.00089911383,0.010150033,-0.011942634,0.004307211,0.0011428905,0.014871311,0.008365862,0.014419266,0.069162,-0.018250886,0.008914539,-0.008409065,0.008804727,0.01239446,0.0040952438
2018-10-17,-0.00021662856,-0.006510957,0.0040339585,0.015345014,0.009592574,0.009096327,0.009761884,0.008489127,0.0070923143,0.015870726,-0.0032357725,-0.0036811011,-0.04080278,0.00028201658,0.008093921,0.009393944,-0.0011953902,0.0,0.0017861946,0.0007500196
2018-10-18,0.0021626586,-0.007313034,0.012308885,-0.010544379,-0.0058554574,0.0114284,0.02499059,-0.008929758,0.010634675,-0.008026019,0.0130591905,-0.00115007,0.032816324,-0.011950277,0.008184194,0.002242985,0.005144161,0.016757695,0.007155865,0.015338145
2018-10-19,0.0048662173,0.004011584,-0.0060311905,0.046835266,0.00408633,0.00043044068,-1.1282849e-05,0.011309176,-0.009954393,0.016703693,-0.016175725,-0.00546967,-0.032472465,-0.001126203,0.025258834,0.0036071085,-0.0030263008,0.028518809,-0.0003069386,-0.008019442
2018-10-22,0.0042990115,0.0050684493,0.0021691055,-0.022979477,-0.0018448802,-0.0013496852,0.00573266,0.02915688,-0.007927967,0.0069766818,0.0011836756,-0.008577619,0.02305771,0.01612101,-0.0018322986,0.0,0.028729659,-0.015341256,0.0,0.008286798
2018-10-23,-0.0004517949,-0.00833547,0.008478125,0.034447484,0.00012681054,0.011854927,-3.1958125e-06,-0.028698573,0.006603432,0.002310818,0.0099470215,-0.012119808,-0.0060952036,-0.031316135,0.0013615944,0.0043162284,0.009982183,-0.0021678077,0.0012039922,0.0023456747
2018-10-24,0.010899266,0.004842924,-0.013449734,-0.00705519,0.0048639663,-0.0138489995,0.0050503984,0.008028687,-0.008375582,0.0057265637,-0.0017372962,0.013983086,0.0,0.0042798654,0.0066367043,0.0009950066,0.00039815632,-0.0065544355,0.0013576329,0.008457956
2018-10-25,0.0022921388,0.0018994892,-0.0019619295,0.010210602,0.00093551236,-0.005334179,0.01570989,0.0029937741,0.020593863,-0.0022289294,-0.015639005,0.011013903,-0.0029885902,4.3688597e-06,0.010984035,0.004963378,0.013514878,0.024349742,-0.00661494,0.0051905084
2018-10-26,0.001959167,0.013499376,0.0031029247,-0.0014266563,-0.011237636,0.02333225,0.0,-0.0025833403,0.01116584,-0.0037544416,0.011074604,0.0027203776,-0.006425099,0.007194508,0.0047598886,0.0044547357,0.0067970688,0.009367835,0.0064323335,-0.012081259
2018-10-29,0.0,0.0048734783,0.016773017,-0.060576517,0.0008679548,0.011779037,-0.006525871,-0.0064729345,0.014711149,0.013472399,0.013054454,0.008187444,0.03198535,0.016506858,0.0015311729,-0.0011204308,0.0009392398,-0.00078500074,-0.00022632639,0.017759118
2018-10-30,-0.0011020424,0.0059838523,0.0019309324,0.0025697793,0.017258534,0.0041303113,0.0012160646,0.01586814,0.00055873796,0.002061229,0.007816008,0.0,-0.0047774515,0.0014131387,0.014915894,-0.008303628,0.028428368,0.001122746,0.0,-0.011817116
2018-10-31,-0.00029947635,0.00035098288,0.0015689414,0.0014917115,-0.00333499,0.0007439698,0.0070912875,-0.0037463163,0.00051466515,0.0048795715,-0.007586373,-0.011096999,0.0002569817,-0.12152502,-0.02832479,0.0060377074,-0.0028977585,0.014641624,-0.023504773,0.0075503783
2018-11-01,-0.0013517742,-0.001381142,0.0077468683,0.016536556,0.00018138913,0.0036251708,-0.008431312,0.002707524,-0.0064553637,0.006282161,0.011636555,0.014289797,0.042662952,0.093836926,0.016308252,3.6574067e-05,0.009093032,0.0064460547,-0.002678848,0.005827568
2018-11-02,-0.023867598,-0.008422328,-0.03240954,0.020859938,0.0039033012,0.010822798,-0.0075260294,0.009079694,-0.022951284,-0.0004753967,0.0049603507,0.007512279,-0.001739088,-0.006225524,0.01366068,-0.0064651943,-0.00480509,0.010420672,-0.047121696,-0.0014318656
2018-11-05,0.011235724,0.010922281,0.019590579,0.014871194,0.013848784,-0.0017101106,-0.0007104523,-0.011639563,-0.0025124773,0.002289052,0.008533285,0.011811707,-0.0043035955,0.00022100392,-0.007239164,0.016235543,0.0017342214,0.03637249,-0.002198811,-0.022422556
2018-11-06,0.0024505681,-0.0025305944,0.014636879,0.0048377397,0.004309904,0.0072924313,0.013556098,0.013003598,-0.02883243,0.0040812427,-0.0009747724,-0.017482929,0.0011870153,0.034361508,-0.008744881,0.010700867,-0.0055056633,-0.00030981636,0.0014619651,-0.0017003933
2018-11-07,0.005163886,0.01799124,0.00015663658,0.0,-0.0019905537,0.01010792,-0.009627326,0.010832153,0.008461356,0.00058193505,0.014154097,0.01224831,0.014665473,0.0027187394,-0.005591569,-0.0034959244,-0.0029089826,-0.0045424746,0.021179024,0.015313874
2018-11-08,-0.0031093156,0.0033554614,-0.0029015052,-0.002587253,0.0066227443,-0.00040962428,0.010678242,0.0040299366,0.004930777,-0.019090712,0.0067687705,-0.008627176,-0.0038882266,0.012418977,-0.0007337645,0.0051429095,-0.025109632,0.03623625,0.0006802697,0.0040796897
2018-11-09,-6.291342e-05,0.0018352901,-0.00592235,0.014721843,0.0058891256,0.012546681,-0.03400839,0.0024681534,0.0064491397,0.0018081607,0.0027088975,0.00541533,-0.010387436,0.023604551,0.017105907,0.0027291772,0.0055014947,0.0033250493,0.019751268,0.008065047
2018-11-12,0.010450204,-0.00022168491,0.00074772927,-0.0010389141,0.0,-0.0028261153,0.023509717,0.02121607,-0.008536112,-0.00057631824,0.0022924682,0.0036458783,-0.00052556244,-0.016196597,-0.002158978,-0.0008315857,0.0,0.006724738,0.01248199,0.0017489786
2018-11-13,-0.0019179711,0.0039315354,0.0029985525,0.0017408723,0.0071698637,0.0018963449,0.017385142,0.010447719,-0.0012073847,0.0024781267,0.0025230977,-0.0036772955,-0.007235592,0.004570682,0.046075102,-0.0018349015,0.004822264,0.017130792,0.013112255,0.0029919397
2018-11-14,0.004853768,0.0044406387,0.036952183,0.011996663,0.0,0.002107397,0.012145995,-0.00018381435,0.0032604984,0.009535325,0.0038748756,0.023861643,0.0020566978,0.0014547489,-0.02489642,0.00886013,0.007850666,-0.0017835745,0.00021194144,0.006861038
2018-11-15,0.0036334705,0.0,0.0025970016,-0.0062417733,0.0048250505,-0.00631996,0.022044182,0.0148432115,0.01361345,0.0068182014,0.016313516,-0.0009391713,0.024544066,0.0051090387,0.047364406,0.00650613,0.0041589434,-0.0006190575,0.0046879025,0.005040419
2018-11-16,0.0018380263,-0.0021669737,-0.0011225538,0.022052769,0.0049810903,0.012393287,-0.0050953478,-0.0064958525,0.011128561,0.00944253,-0.00019410758,0.0102486545,-5.7688993e-07,-0.005641627,0.005356146,0.0017556096,0.010032572,-0.0064275805,-0.0014932965,0.008583882
2018-11-19,0.0017983959,-0.0029250768,0.013113756,0.00677032,0.005693539,-0.012352052,0.015064053,-0.012836761,0.013613442,0.0,0.001634486,-0.008664167,0.01664675,0.016024899,0.006503266,0.0002646348,-0.0045918482,-0.015494799,0.000780283,0.0009312601
2018-11-20,0.010476432,0.008344013,0.00022766934,0.0069651273,-0.0012049881,0.0065474804,-0.011443381,-0.008290619,0.0123437485,-0.005008503,-0.004481286,-0.0014932033,0.020912832,-0.0017169062,0.024736717,0.0057505253,-0.006839893,0.025799762,0.0024954863,0.0
2018-11-21,0.004074288,-0.017829224,0.012778945,0.0061148587,0.0122329,0.011469271,0.017525213,0.014032989,0.00014718658,0.011283252,0.0035450924,-0.01671331,-0.010438543,-0.005114885,-0.0048499424,0.0072850413,-0.082802825,0.025887957,0.0,0.003729926
2018-11-22,0.0047691744,0.012447554,0.022288283,0.061011422,0.002611539,-0.0069129844,0.000844571,0.028227622,0.007212831,-0.005040254,-0.0033021069,0.001988682,-0.02067838,-0.005331662,-0.0027876014,-0.0013471933,0.009413814,0.0,0.0027759625,0.007085629
2018-11-23,0.0,0.028854256,0.0,-0.035706673,0.0060135056,0.0018250032,0.0022502418,-0.09734271,-0.010175315,-0.013822097,-0.014408159,0.0013125475,0.028063688,0.0027270645,0.0045685424,0.0,0.0122764865,0.0015777935,-0.010908277,0.012470648
2018-11-26,0.0,-0.005289226,0.0068118423,0.011291511,0.006148225,0.03615509,0.012019068,0.0026270135,0.0,0.0035324201,0.08642989,0.010242025,0.006039713,-0.011100158,-0.01682262,0.009389693,0.015361545,-0.015024982,-0.001627285,0.0016841881
2018-11-27,0.0060522514,-0.001944225,0.0017105073,0.0,0.002042585,0.0075923163,-0.051262718,0.017410014,0.00696624,0.0013721634,0.0009872882,-0.01614167,0.0078240065,0.003700031,0.025282653,0.0,0.00077259645,-0.006240329,0.0077342414,0.008119939
2018-11-28,-0.0033080026,0.00081761356,0.0052564517,-0.121422045,-0.010075672,0.0025879687,0.0072379275,0.012947029,-0.009969552,-0.011751998,0.0,0.016635945,5.3157823e-06,-0.0016401819,0.006581738,-0.002602767,0.00093095016,0.009223062,0.004473464,-0.0014582496
2018-11-29,0.011833098,0.007912895,0.0079963785,-0.019099323,0.004134388,0.013896863,-0.057198316,-0.0025856094,0.0068860957,-0.0043872027,0.029044878,0.0012565099,-0.0017675292,-0.03794456,0.0060524447,-0.00031968564,-0.0003578221,-0.017878434,0.015779795,0.028431414
2018-11-30,0.016684739,0.0055986526,0.010440755,0.010521613,-0.0019585069,0.005228781,0.01736056,0.034837496,0.013528456,0.04433516,-0.002757628,0.012069695,0.0014957461,0.0011798311,-0.0011043533,0.0029654799,-0.0070277993,0.0058533815,-0.0018345944,-0.010133863
2018-12-03,0.0025638386,0.0022973188,0.0008006722,-0.015980165,0.009976427,0.0043898374,0.007642838,-0.0028848136,0.00043093943,0.011350856,0.022759298,0.0016972965,-0.004763499,-0.0074195736,0.0007010143,0.0061896187,0.009198687,0.03844154,0.024394814,-0.021097034
2018-12-04,0.012921931,-0.022409258,-0.007932851,-0.0001317696,0.001783492,0.0066813203,0.0030996257,0.033173803,0.0016740931,0.0016663801,0.008644716,0.010938988,0.013604563,-0.0013525237,0.0031601398,-0.0027661119,0.008179864,0.014981596,0.002511211,0.0093846535
2018-12-05,-0.0032271093,0.013919767,-0.0029734508,0.004834189,-0.0019401069,-0.0007543443,0.007074248,-0.0271909,0.0066887266,0.004095653,0.013149347,0.010023321,-0.023034435,0.046678666,-0.014631484,0.0073074717,-0.012561222,0.0051659676,0.006979657,0.0013175469
2018-12-06,0.01111282,0.0069157933,-0.010100015,-0.006336717,-0.0017198538,0.021397512,-0.0018982374,0.0051236805,0.0111374445,0.0051469095,-0.0083067,0.013753062,0.032139715,-0.0007467727,0.0012064632,0.0,-0.0027973244,-0.0040430226,-0.010092575,0.015035656
2018-12-07,0.0017404234,-0.00072250614,0.004055858,0.028822578,0.0005815245,-0.0047708945,-0.006754783,0.005002538,-0.0002957827,0.0,-0.039293602,-0.00034772442,0.0019887448,0.009040926,-0.068566464,0.0017038112,0.010090331,0.00831769,0.0056466255,-0.003831385
2018-12-10,-0.0075011766,0.019857142,0.004588103,0.018815102,0.01759076,0.0061853216,-0.008673589,0.022547105,0.0044796066,0.019543296,0.0022915073,-0.012711238,0.0012103935,0.016968241,0.019154543,0.007012635,0.012640492,0.003969214,-0.003510852,-0.021365553
2018-12-11,-0.010918874,0.020084493,0.0029087076,0.010835076,0.006207918,-0.0057495274,0.026719557,0.013146094,-0.010884528,0.0015399824,0.0039380253,0.0053380756,-0.000471082,2.4004282e-06,-0.0017930754,0.0029924735,0.009173406,-0.016659204,0.0031340516,-0.0038524217
2018-12-12,0.008486289,-0.011832479,0.02341124,0.0036208571,0.0,0.0030496917,0.007886999,0.032391142,-0.0020633237,0.0023485243,0.01709676,-0.0075895204,0.0071442896,0.0018466795,0.027546037,0.0,0.0027335677,0.0011904316,0.023644114,0.0049551986
2018-12-13,-0.0028097578,-0.0019841066,0.00056302786,0.016323023,0.007773048,0.0,-0.0070367353,-0.0016179383,0.007199699,0.0024117958,-0.00064459455,0.0,0.0089673875,0.0028327508,0.0026227357,0.0013587223,-0.008727245,-0.011794676,-0.020270646,-0.001391951
2018-12-14,-0.002708465,0.009311495,0.010863994,-0.011505426,-0.0009207369,0.005114021,-0.006719816,-0.02485719,0.0005590375,0.0023352273,0.0018548162,0.0040785405,0.0070378426,-0.000901731,0.02545479,0.0010281042,0.009123307,-0.0014769998,0.011660201,-0.006557287
2018-12-17,0.0018172932,0.008095042,0.003196459,-2.5735664e-05,0.0013501447,0.0008352154,0.0014872814,0.0075819166,0.00034285377,-0.016779758,0.025636654,0.020978581,0.011675719,0.0025435518,0.005178413,0.00066567643,0.0021732608,0.006675878,-0.01136295,0.008597237
2018-12-18,-0.017835775,0.015326364,0.027797556,-0.008153228,-0.002888929,-0.0023139503,0.025760436,-0.012307653,0.001743792,0.015344822,-0.0030792595,0.014894762,0.006912157,-0.0069955704,0.0075509693,0.011349397,0.0014410864,0.01722925,0.011882393,-0.02674123
2018-12-19,0.010854713,0.009450745,0.004368825,0.011048682,-0.0008768843,-0.0034725245,-0.017275998,0.0019999628,-0.015813496,0.006450139,0.034172423,0.000920564,0.002639371,0.008067774,0.0006185262,0.0008827892,0.0012028727,-0.0024115446,-0.00263431,0.02621567
2018-12-20,0.006376077,-0.003369553,-0.00038014876,0.010314692,0.010956709,-0.004312393,0.01678485,-0.01717459,0.0014087562,0.011748003,-0.017709136,-0.0037771987,-0.011735031,-0.009498211,-0.02464039,0.005333588,-0.00426355,0.0056427736,0.018532522,0.009987973
2018-12-21,0.0045426623,-0.01963596,-0.00087905565,0.0,-0.0016537395,0.037180226,-0.003854846,-0.0043242476,0.006818261,0.019835804,0.0071847425,0.004803358,0.024241345,0.014245511,0.006562243,-0.0032380156,-0.0007564798,0.012343388,-0.0037132534,0.00051383616
2018-12-24,-0.030687314,0.0027842731,0.007557236,-0.0011129711,0.0,0.0006924356,0.013140971,0.05719464,0.004450229,0.004815096,0.00754409,-0.010137477,0.014770222,-0.003124177,6.979738e-05,0.0022410983,0.0032771074,-0.000839704,0.0071861045,0.0012245358
2018-12-25,0.009540385,-0.0023855856,0.0024478347,-0.006885121,0.000101220314,0.011069384,0.005132681,0.0025577466,0.006987714,-0.003684248,-0.031215206,-0.006171042,0.0028087685,-0.021652171,0.030064184,-0.002752743,0.010132445,0.0015052009,0.00067777396,0.0074217925
2018-12-26,-0.0002109946,0.008466712,-0.0028509994,0.0007141006,0.010654564,0.004428038,-0.00022192582,-0.0070536523,0.013464297,0.012250613,-0.0019843632,0.012740411,0.004080496,0.0018190922,0.006167423,0.0094723655,0.007955648,0.022177994,-0.0057033827,-0.0032906574
2018-12-27,0.003977183,0.0040976466,0.010968269,0.00010624886,-0.0021759507,0.0029064026,0.01563516,0.014934805,-0.006668942,-0.0087559335,0.007530388,0.0045074243,0.001068925,-0.028751895,-0.008341858,0.0050136005,-0.008179741,-0.0012104831,0.003718854,0.01189357
2018-12-28,0.0030335959,0.0150432885,0.004383953,-0.006384856,0.008082326,-0.033228364,-0.0029434836,0.008790366,0.0019912624,-0.0010906674,0.033168685,0.0039109546,0.010496752,0.004575562,0.00869959,0.0028417015,0.0043186448,0.007980908,0.0012207326,0.019333966
2018-12-31,0.0021379774,-0.0012646592,0.0014640972,-0.009862613,0.0015692811,0.015342477,0.008818776,0.0076008616,0.006246403,-0.0018338282,-0.010233952,-0.0071594836,0.0028837083,0.0046584443,-0.019097524,0.0018025368,-0.040025707,0.01049335,0.038484182,0.0036158087
2019-01-01,0.0033967106,0.005228336,0.0051024295,0.041160684,-0.0007452034,-0.0021667187,0.011873975,0.015211873,0.0018602513,0.0074987095,-0.0032100743,0.02204609,-0.009214855,0.021971533,0.028626103,-0.0008084317,-0.0038436835,0.004216635,-0.0017536869,0.0
2019-01-02,0.0024453092,-0.003433638,-0.0077023664,0.006240881,0.006927003,-0.0015824628,-0.0035810194,-0.014096984,-0.0034243062,0.0017192032,-0.009642452,0.00020728605,0.019607892,0.00874676,0.006438407,0.012104769,-0.008197655,-0.016990613,-0.0601259,-0.00659034
2019-01-03,0.002058594,0.008192788,0.00074947026,0.011019779,-0.0021431122,0.017002624,-0.0029969625,0.003850879,0.00068322814,0.00625972,-0.009017113,-0.005402617,0.001689321,0.0098990975,0.010050379,0.0029765842,-0.013911106,-0.0076503684,0.015582095,0.0062633753
2019-01-04,-0.008211952,-0.003402361,0.0,0.021482933,-0.006040298,-0.00011324697,-0.0015852725,0.03451734,0.004797975,-0.017143512,0.0038346462,0.005155094,0.01177011,0.00303315,-0.008225116,-0.00061983033,0.05523315,4.1201154e-05,0.023105059,0.00533831
2019-01-07,0.025218852,-0.023654409,0.0069116326,-0.060010564,0.0099637555,0.0030461315,0.021389233,0.004854709,0.009484466,0.0073645655,0.0021557654,-0.004048151,0.014838233,-0.026288766,0.0061265808,-0.0026125808,-0.04764744,0.01026349,-0.005795874,-0.015260469
2019-01-08,-0.00262021,0.033279598,0.0043513295,-0.0055004,0.005843943,0.007862149,0.008747164,-0.014061408,0.0070024095,0.00609048,0.01575757,0.004080937,0.007756987,0.017418189,0.006289818,-0.000101803096,0.004605111,0.022948008,-0.004257631,0.009531704
2019-01-09,0.0017342058,-0.0038148095,-0.004374541,0.008807228,-0.009843647,-0.00093204086,0.0017839827,0.0053271507,0.008786031,0.0003714945,0.01093216,-0.00034828685,-0.015911657,0.005108631,-0.00044248372,0.009478358,0.00054469577,0.0023587872,-0.016793199,0.013809767
2019-01-10,0.0019809892,-0.003079175,0.00015179529,0.014129251,0.0024192622,0.0128099965,0.0,0.0007730182,0.014045547,0.0,0.0015599816,0.0009956189,0.023377793,0.0043366146,0.001892313,-0.0021269012,0.005970861,0.006348616,0.014432039,-0.0033263837
2019-01-11,0.009732274,0.02301688,0.012282459,0.034711868,-0.0003246108,0.0,0.005186106,0.0055586654,0.005883937,0.0142733315,0.017392008,-0.008123423,-0.02422391,0.0067041237,-0.001949813,-0.0010162195,-0.0012784266,-9.774944e-05,-0.019047448,0.0008253095
2019-01-14,-0.0002225693,0.0073872423,0.0,0.0072603156,0.002307383,-0.0020674523,-0.008397348,-0.118825585,0.0022094385,0.013677047,0.017435372,0.010515997,0.018925205,0.0028385117,-0.01744539,-0.0008534159,0.001282973,0.011719336,0.023554629,-0.0008948796
2019-01-15,-0.009170506,0.009148952,0.009600439,-0.00037736053,-0.009342187,0.012123264,0.030633228,0.015047037,-0.005248049,0.0089670895,-0.015848229,0.021143803,-0.003688702,-0.004461868,-0.04327806,9.4401796e-05,0.0055638715,-0.0053780302,-0.003434724,0.019368086
2019-01-16,-0.011074078,-7.063644e-05,-0.0046034725,0.0039560124,0.007408472,-0.008712458,0.004836918,0.013720796,-0.008414351,-0.011299552,0.024505753,0.0056369244,0.0037673407,-0.0020665943,0.06008023,0.008213614,0.010398631,0.0030454136,0.009709963,-0.016028568
2019-01-17,0.0052779415,0.01484472,0.007155818,0.010646144,0.0077841915,0.0020595388,0.01815854,0.012913904,0.0015275446,0.012751543,0.006567299,0.013635643,-0.016895525,0.018817503,0.010428383,-0.0037557129,3.3538432e-05,0.009689189,0.0012342685,0.015094641
2019-01-18,0.007467624,-0.0017485332,0.0037156,0.007188006,0.011207819,0.0040575145,-0.0027942285,0.00999136,-0.0009292563,-0.014160522,-0.04767443,0.007898708,0.008578969,0.003099727,0.02631529,0.008433796,0.010926867,-0.005744929,-0.032963745,-0.0010097321
2019-01-21,0.010438818,0.0043642614,0.00044729924,-0.0005493515,0.0,0.019518433,-0.0037163878,-0.0064358516,0.014680194,0.00039492562,0.0022489207,-0.0018477892,0.00043640047,0.0108425515,0.026231315,0.003976432,0.005403364,0.007938367,0.038118467,0.006746778
2019-01-22,-0.010197519,0.00027495407,0.004392451,0.0083622085,-0.0022447063,-0.03530129,-0.021079423,0.029134389,6.951746e-05,-0.0039591547,-0.0074880896,-0.024804857,0.0102197705,-0.020198429,0.0005631647,0.0018264693,0.003586892,-0.0005843145,0.0030257006,-0.00035413247
2019-01-23,0.028962541,0.012452874,0.007911793,0.0018961779,0.0,0.0012745304,0.0067515117,0.014903234,-0.0015144856,-0.024124693,0.0,0.012132853,-0.0014431911,-0.0010984715,0.010914811,0.010556152,0.010250151,0.0,0.0008567218,0.0076993112
2019-01-24,-0.011096031,0.0014145614,0.0003982467,0.0052962094,0.0056229946,0.0016590265,-0.017041484,0.0021011662,-0.0026001453,0.011773908,0.03424709,-0.0035794144,0.009531087,0.0032962384,0.0024543065,0.007172758,-0.009632691,0.0052618217,0.0047321767,0.0031060185
2019-01-25,0.032853354,0.00034018257,0.00337753,0.007149623,0.005692678,-0.028905964,-0.00077099743,0.009277162,-0.0017391354,0.008841478,0.023447376,0.009714469,0.009386485,-0.0011915885,-0.0014689453,-0.0031623493,-0.005937916,0.0056806584,0.0014348412,0.0016355925
2019-01-28,-0.0062876465,0.005512068,0.0012730033,-0.008554628,-0.01580663,0.028900383,0.0055655832,-0.008814268,0.0018557693,-0.0038675002,0.007113507,0.003085078,0.008991265,0.017161548,0.0028877617,0.0051018028,0.0028827484,0.0007086343,0.0,0.015471785
2019-01-29,0.0,0.0071891337,0.00460793,0.039871346,0.0089949025,-0.008581003,0.013047944,0.005677599,0.012045476,-0.009929411,-0.00905958,-0.0012770819,0.021315824,0.000852706,-0.0037244149,0.00022658118,-0.012397838,0.00904925,0.015968231,-0.010780664
2019-01-30,-0.004865385,-0.0034894252,-0.001257401,-0.00095129054,0.0077674263,-0.014388196,0.02187378,-0.00480829,0.0051948098,-0.013869771,0.008431838,0.0,0.0067508053,0.010069018,0.03762065,-0.00016711857,-0.0031954572,0.0052494803,-0.021608204,-0.029157279
2019-01-31,-0.0034830286,0.0044829166,0.0047303354,0.006402245,0.0069581037,0.005889035,0.010960576,0.018643722,-0.00045618744,0.0071353195,0.0108779585,-0.0032800199,0.020989183,-0.0012757049,0.008384477,0.0,-0.03282011,-0.008790418,-0.024689747,0.01901477
2019-02-01,0.01131942,0.008215574,0.0039990665,-0.0051785563,-0.0058018044,0.016808065,0.0,0.022943456,0.0018446355,-0.0055096406,0.007363985,0.010054465,-0.0049784,-0.0037220675,0.0,0.003403466,0.008137344,0.0022008293,0.012810433,0.00036428016
2019-02-04,-0.0020253486,0.0001563983,0.0,0.012067714,0.0069076912,0.008223208,0.014205597,0.001256578,-0.0024563218,-0.027799001,0.008846992,0.0,0.0018832579,0.013430157,0.0096223345,0.0043751057,0.004856258,-0.007320518,0.026503598,0.017229386
2019-02-05,0.0039929813,-0.0028361725,0.0012792955,0.008676479,0.0024491095,0.002211707,0.003538648,-0.003730152,0.0025807212,0.024226729,0.0029340372,0.013642756,-0.01819734,0.005534314,-0.007114596,-0.0030790758,0.016562216,0.0075876843,-0.001254125,-0.004051416
2019-02-06,-0.00011915963,0.004961003,0.0038309048,-0.07118239,0.0057769106,-0.024779875,-0.0021586593,-0.009713329,-0.0034903185,-0.028940478,0.006971415,-0.0009245626,0.00046687722,0.007928122,-0.008386591,0.0024293296,0.0064483494,0.017068502,0.011406281,0.010413897
2019-02-07,0.007852676,-0.0030351663,0.0065782066,-0.011052229,0.00910275,0.0046477495,0.017202793,0.023558922,-0.009960583,0.004050321,0.014949223,0.0039026376,-0.00085149007,-0.0007223112,0.01684471,0.0020092847,-0.004990456,0.00015161248,0.019240776,0.007004163
2019-02-08,0.0015189329,-0.004998971,0.0032243875,0.0042870934,0.0020009126,-0.008204616,0.0025526495,0.004881271,0.0021532513,0.0018584884,0.006554738,0.0,0.018303733,0.00653484,0.0,0.0026607853,0.0128729725,0.008076552,0.023413742,0.0134990625
2019-02-11,-0.0029152082,0.01526835,0.004354303,0.020948695,0.0029202858,0.023416426,-0.0018151472,-0.0024020204,-0.0010233431,-0.03703632,-0.0008154227,-0.0013075338,-0.005957898,0.006541644,0.0067638173,0.0014652741,-0.0043638726,0.00046640277,0.0037579671,0.0017459317
2019-02-12,-0.00045005616,-0.0028055836,0.0046770056,0.009144195,0.0061859568,0.013488872,0.0070699677,-0.013465521,0.009829075,0.02914072,0.01119668,0.01047025,0.0068739536,0.0073439754,0.007628022,0.0027239544,-0.00053165434,0.007397797,0.0028220695,0.010524923
2019-02-13,0.010975462,-0.009444416,0.0007785788,-0.004154215,0.0035438554,0.006545933,-0.0084216315,0.057046052,0.0,0.004145274,-0.020343842,0.0040101237,0.0040578865,0.0020423501,0.0038783788,-0.0047325063,0.009121221,0.003919854,-0.01169611,0.0017697791
2019-02-14,4.9243103e-05,0.008560563,0.0008973979,0.008154873,0.0066060154,0.019891758,0.0036225943,-0.04743907,0.006838651,0.04542752,0.0031316131,-0.01219403,0.014219481,-0.0035531763,0.0041969614,-0.001200567,-0.0025322214,0.0101363305,0.008407798,-0.0068173446
2019-02-15,0.0042184996,-0.010914914,-0.00020002507,0.010713065,0.0037679865,0.0023411245,0.011135219,0.0008082218,0.0010755076,0.0010960252,0.0045885914,-0.0048191375,-0.07590947,0.004097501,0.008759918,0.0051922905,-0.00020626716,0.0031396744,0.006688217,0.0
2019-02-18,0.008433307,-0.0018474864,-0.0021136773,-0.018602757,0.0018358326,0.0043542157,-0.005046065,0.0454274,-0.0015273285,-0.007421625,0.00096359814,0.019379387,0.04450687,-7.85294e-05,0.0,0.009840092,0.01173415,0.004376378,-0.010799355,-0.0044434117
2019-02-19,0.011178245,0.0,0.004228929,0.046462126,0.0016433111,-0.016263168,-0.0007885657,-0.032173265,0.0006622112,0.011700395,0.0032400736,0.010790759,0.0056934697,-0.0051303264,0.010025992,0.0036971755,0.010707296,0.0010182213,0.018660361,0.009499214
2019-02-20,0.01983794,0.023026716,-0.00442777,0.010108564,0.013840118,0.012308452,-0.03546606,0.0017137125,0.021489374,0.008734664,0.00039162723,-0.00039434552,0.02147325,0.0068316646,0.0047704997,-0.05107404,0.005162939,-0.033961535,0.001891754,0.01955107
2019-02-21,-0.04882191,0.022006726,0.013805282,0.0033119835,-0.0025709346,0.00028539237,-0.020491369,-0.003007957,-0.019225258,0.00037532076,-0.007055442,0.0063109514,0.0,0.03681067,0.0,0.054866485,-0.0042880466,-0.0019785215,0.01251666,0.00086454675
2019-02-22,0.010850988,-0.0080946935,-0.0054888637,0.0010886559,0.019347697,0.002235736,0.04355134,0.04312975,0.014119016,0.01115888,0.012993544,0.0039119436,-0.0015207226,0.0,0.0,0.041638795,0.0073175016,0.012573825,0.0025136827,-0.0005590962
2019-02-25,-0.0001330968,0.0028692107,-0.08160734,0.022443818,-0.0020717315,0.011602333,0.032833777,0.0035550895,0.041473005,-0.004229815,-0.0074937334,-0.014623597,0.018274192,0.0048204768,0.003914826,0.0083766095,-0.016435014,-0.019841775,0.0052341707,0.011707248
2019-02-26,-0.027294446,-0.009425679,0.0660642,0.0023262142,0.0028628977,0.013588871,0.011276591,0.0018011798,0.039295677,0.012103333,-0.003763023,0.00069402193,-0.0155724,0.023800591,-0.01628298,0.008010148,0.0,-0.11719031,-0.0059799105,-0.0003565415
2019-02-27,0.0007113728,-0.01765308,0.05054894,0.015333851,-0.0066460986,-0.001214696,-0.02941431,-0.0015678946,-0.005884079,0.01579248,-0.003613311,0.041662328,0.0024260709,0.02220025,0.025665589,0.0025750387,0.004952916,0.03650264,0.0010049833,-0.0062275957
2019-02-28,-0.107387885,0.0053592194,-0.0025205784,0.00085714704,-0.0024217288,0.0025962344,-0.022798503,0.0022600899,0.013052399,-0.013435729,0.0022419551,0.002959191,-0.017124727,-0.0042737178,0.014910424,0.037304804,0.009040466,0.043530304,0.005718542,0.005214838
2019-03-01,0.029429154,0.008791861,0.002753022,-0.00077317294,0.0025080293,-0.0064722584,0.047954038,0.0101415785,-0.0040141903,0.00383216,-0.004857,0.0030997596,-0.0036820837,-0.008080597,0.0061808755,-0.073708385,4.0047547e-05,-0.002750297,-0.001293,0.011577249
2019-03-04,0.039988324,0.0150990365,-0.009232291,0.014717231,0.012941514,0.008737391,0.037164245,0.0,0.017086871,0.0002083557,0.008192065,0.013496771,0.0027467958,0.013739752,0.0,0.029736843,3.5102737e-05,0.039427776,0.02166282,-0.016211474
2019-03-05,0.03796605,-0.020817453,0.0056385724,-0.004607739,0.0038269483,0.011698063,-0.0006175177,-0.0017888194,-0.0004988592,0.01142758,-0.01333761,-0.005613924,0.00521278,0.0145433815,0.013695891,-0.005486642,-0.009740726,0.0015059641,-0.0048626475,0.0030273404
2019-03-06,-0.0035963128,0.017418776,-0.008219333,0.00089883857,-0.0017063163,-0.0058828234,0.009898147,0.034684405,-0.0020730074,0.021801822,-0.0028527374,0.008333683,0.010876055,-0.021606958,0.02167716,0.011420832,0.006572512,0.00084559247,-0.002900931,-0.020500088
2019-03-07,0.0025899776,9.5686504e-05,-0.0017360585,-0.013243015,-0.0030584026,0.005460473,0.009829386,0.0,0.008081756,-0.029226845,0.02599756,0.004743169,0.009517623,0.014497486,-0.048108526,-0.0010614103,0.0021060447,0.009658245,0.008885231,-0.00092448056
2019-03-08,-0.01041002,0.018140921,0.020746473,-0.012995556,0.008833333,0.009054444,-0.0068029314,0.0030356399,0.010974526,0.010712579,0.015730362,0.0032578595,0.02239987,0.022260297,0.016909778,0.0217855,0.00744434,0.013244874,0.002640642,-0.043685015
2019-03-11,0.0023274927,0.0010053961,-0.012745125,0.0,-0.018366132,0.00034354863,0.011799617,0.0,-0.008748492,0.040856425,-0.013804447,0.019404907,-0.01104306,-0.0017631578,-0.00013074976,-0.0069168145,0.006489429,0.00809777,0.017375197,0.026647964
2019-03-12,-0.003080448,0.0032863526,0.002426436,0.035619605,0.0058929357,0.014113916,0.0073816855,-0.013612329,0.018818429,0.008202053,0.010708844,-0.029666059,-0.00023191542,0.014214278,0.010645433,0.0095955,0.00025936283,0.005261656,0.0025803973,0.09337844
2019-03-13,0.0046321996,0.010889431,0.015207681,-0.0068917405,0.0005697938,-0.011112532,0.01358024,0.01088286,-0.025115663,-0.02990053,0.0137370275,0.015539444,0.003555177,0.01382987,0.010054184,0.011349079,-0.0003052222,-0.0010859654,0.0025208748,-0.0067012506
2019-03-14,0.011833022,0.0018062823,-0.0015252249,0.0059869257,0.007412227,0.0019030987,0.008654471,0.023026008,0.0014960336,0.015085063,0.022304166,0.020065254,-0.01437962,0.0056809657,0.009662769,0.01662285,0.0068848054,0.020323617,0.0056920396,-0.0112522235
2019-03-15,0.010754422,0.01655236,-0.02454086,-0.001054009,0.000841392,0.008337492,-0.002176105,0.00567198,-0.00076363323,-0.024637358,-0.016497586,0.004302275,-0.0010982387,-0.005978388,0.013762511,0.0035786473,0.00021364044,0.0053561735,-0.003445839,0.0020570788
2019-03-18,-0.014163051,-0.0008630815,0.031080922,0.019023199,0.0063437307,0.0073716175,-0.0013114177,-0.0011094484,0.015480247,-0.0015217782,0.01342239,-0.0023568275,-0.0059069563,0.0026206402,0.0033359441,0.0057214694,0.0051851384,-0.0017418267,0.01466261,-0.0033061528
2019-03-19,0.0018841794,0.00017037468,-0.026320824,0.007541475,-0.03363869,-0.0009003944,0.005903978,0.014322845,0.006123191,-0.022886375,-0.01977241,0.009946815,-0.00031522344,-0.0034480607,-0.00016155111,-0.0036626367,0.007190704,0.00021158766,-0.017611321,0.0030301015
2019-03-20,0.018128501,0.009529676,0.016354801,0.014262836,0.001971881,0.0071536903,0.018778566,0.008338725,0.015327167,-0.010409367,0.012989845,-0.0014214906,0.02632502,-0.07582606,0.0063062175,0.014936007,-0.0007151314,-0.014689633,-0.091655746,0.022146748
2019-03-21,-0.016298374,-0.015058782,-0.0031683105,-0.0026570898,-0.006723752,-0.006311864,0.0028780191,0.022127945,0.0022567997,-0.011724747,-0.0024721709,0.0035675028,0.0033805743,0.016882645,-0.01613709,0.014822437,0.0030943924,-0.0047104545,-0.012515657,0.0055628074
2019-03-22,0.007848804,0.00731043,0.0,-0.005642064,-0.00074578065,-0.0047501475,0.01069551,-0.0019281143,0.0011561842,0.083207265,0.003462118,0.00092836004,0.00031248576,0.019900445,-0.01702576,0.017621178,0.0010551433,0.038709275,0.01610965,-0.021419937
2019-03-25,0.03773009,0.0,-0.01986615,0.002188159,0.015946915,-0.01432872,-0.00019243454,0.0016463117,0.0067169457,0.0035629896,0.041142184,0.0050758957,0.009061396,-0.0036459183,-0.006091075,-0.001970332,0.0074185785,0.0030068364,0.0147475945,0.035064418
2019-03-26,0.01104548,0.009979529,0.0048256563,-0.0015712713,0.021767972,0.009651531,-0.0006888187,-0.007231613,0.015835898,0.035904847,0.00033522624,0.0003465358,0.008718177,0.008168553,0.03238994,0.018030595,-0.0010512569,0.013249656,0.059150048,-0.0073386254
2019-03-27,0.018651558,0.0,0.011691988,0.0066090063,0.01830214,0.008757474,0.005509857,-0.0073238504,0.009065299,0.0020071578,-0.00640636,0.0008302372,0.005439973,0.010678621,0.0022648484,0.0001587196,-0.0010268973,-0.0005278681,0.03982023,0.024151867
2019-03-28,-0.0034912934,0.004882812,0.035834815,0.006359183,0.003194853,0.007865282,0.0033978932,0.021700965,-0.0028264727,0.03800327,0.006948337,0.01326655,0.007170538,0.011991754,0.0,0.0077619515,0.003913719,0.009539199,-0.0001200135,-0.01872382
2019-03-29,-0.0004922272,0.012210461,0.018794335,0.013874554,-0.00096938945,-0.004277237,-0.007615214,-0.0007390537,0.016204236,0.01716694,0.01199038,-0.013620841,0.00873908,0.01214622,0.0,0.015624161,0.015212135,-0.0053704344,-0.054539915,-0.011439698
2019-04-01,0.009998307,-0.00030712425,0.010987941,-0.024088496,0.0067502786,-0.0044049034,0.0022936517,0.01952777,0.0034391915,-0.11966875,0.0016983865,0.018224722,0.0035859894,-0.006218509,0.020622008,0.0025426825,0.0,0.006561435,0.015265359,0.019502135
2019-04-02,-0.010708142,0.011144688,-0.00018903866,-0.0030156001,0.0023031242,0.0112139,-0.00683222,0.0,-0.015963366,0.0073740315,-0.0030068157,0.016657187,-1.4351018e-05,0.016055534,-0.00335351,0.0012839717,-0.0002312959,0.003993473,0.013144243,-0.00013015201
2019-04-03,0.012756483,-0.0018540032,0.002444162,0.0062914174,0.013171649,0.0070123943,0.0011986092,-0.00078844687,0.02149158,-0.0032813377,-0.009155153,0.0031005053,0.0022436923,0.003873688,0.0039551267,-0.017076425,0.014767354,0.010872371,0.009064625,0.02890397
2019-04-04,0.00025884397,0.011942139,0.0048216153,-0.0031317922,0.004328139,0.007224259,0.005550664,-0.0069064787,0.0024566695,0.024042564,0.009883334,5.2311236e-05,0.005519737,0.009931574,-0.0018414576,0.017205397,0.007500266,-0.014793834,0.008850025,0.01294495
2019-04-05,0.0011876022,-0.0007287734,0.014434527,0.0039731944,0.009690285,0.007509286,0.005730125,0.017359678,-0.005306322,0.01472167,-0.002839958,0.016788995,0.012241095,-0.0033738986,0.010808471,0.0641693,0.002431377,0.0072956034,0.008579573,0.00020186362
2019-04-08,0.0030542768,0.005348247,0.023751125,0.006984804,0.00042127256,0.003469795,0.007907632,0.0066160983,-0.006454921,0.012879392,0.008835889,0.0021610474,0.010137482,0.012244685,0.0,0.012917529,0.0017708624,-0.007304812,0.005692359,0.0017881478
2019-04-09,0.00093121495,-0.0013154758,0.02472343,0.011799733,0.00063808763,0.0007121535,0.014392549,0.0,0.0038690504,-0.0122612035,-0.009431115,0.007937208,0.015035508,0.00089141104,0.005208044,0.0031820345,0.0023015144,0.028388215,-0.0067282273,-0.01697867
2019-04-10,-0.0010499078,-0.0067655807,-0.0015923372,0.0017508494,0.0043385886,0.0002741987,0.0077453554,0.019725526,0.015268654,0.007917806,-1.4896155e-05,-0.0012508297,0.019811446,0.017716786,-0.02719858,-0.002040868,0.0019253672,-0.017835833,0.014129702,-0.010991905
2019-04-11,-0.008580112,-0.003379291,-0.006424701,-0.0024889985,0.0067406045,0.0043405937,0.018573634,-0.008333201,0.0019003149,0.033123415,-0.0026960336,0.017198144,-0.023525335,0.016493067,0.0047053387,-0.0011672019,0.0018713702,-0.013640071,0.0017441019,0.007973001
2019-04-12,0.010152502,0.024295595,0.032584846,0.0,0.0040170443,-0.009676968,0.0127599295,-0.0076909447,0.0076436424,0.0,0.0038037794,0.019672364,0.013787779,0.011154768,0.008726835,0.0119977975,0.007308731,0.02699085,-0.012331545,-0.035954572
2019-04-15,-0.005447725,-0.018385025,-0.01586323,0.0056231073,0.00057798915,0.0052298587,-0.008403776,0.0050217495,0.021609694,-0.029703029,0.027592598,0.00016236819,0.0038429874,-0.03369762,-0.007143221,0.005123267,0.00079807115,0.014852315,-0.0065892553,0.026600756
2019-04-16,0.015929485,0.027789056,0.0038118232,0.0011721924,-0.020260183,-0.013734302,-0.005024812,-0.0028107294,0.012293154,0.0026371195,0.0014779809,0.0046941563,0.0025380722,0.009751933,0.005800453,0.035869498,0.0078637265,0.010952005,0.005997495,0.0155728515
2019-04-17,0.0002617016,-0.016121132,-7.6761775e-05,0.01691475,0.0109277675,0.0007308258,0.00029719263,0.017319381,0.0353195,0.012056613,0.0109624015,-0.0019993265,0.0005127952,0.01739878,0.0055476036,-0.020933652,-0.004530061,0.009312326,-0.004682761,-0.0051239794
2019-04-18,0.0029051697,0.022342505,0.016124573,-0.001345964,0.01181741,0.012429444,0.021860717,-0.023821939,-0.0048583806,0.021398904,0.012329001,0.008108396,0.0019504094,3.9563016e-05,0.009734803,-0.0008847439,0.0035873228,0.01724428,0.01653157,0.032348532
2019-04-19,-0.004404498,0.003527814,0.0044595744,0.0058129937,0.009058174,-0.0027746754,-0.0014129716,0.022526039,0.012915463,0.011258079,0.000835849,-0.019021574,0.020007417,-0.0015496492,0.018998737,-0.021113295,0.010203724,0.002882295,0.0031431476,0.005341032
2019-04-22,-0.0026235804,0.014931907,-0.0046765027,0.006229498,0.0016852558,-0.0008728031,-0.0011496862,-0.0008464545,-0.025095098,-0.00070986577,-0.004462423,0.02124845,0.004252969,0.01657266,-0.0030466057,0.003389606,0.0076078298,0.0045229727,-0.01404947,-0.0034793282
2019-04-23,0.029957235,-0.015992558,0.038574502,0.0040528523,-0.00039118208,0.0036846274,0.017205436,0.064093925,0.0031061245,0.01783564,0.0142461695,0.0,0.014352132,-0.0050109182,8.100941e-05,-0.011061136,0.00043550294,-0.007748606,0.017027406,0.0009787913
2019-04-24,0.019395774,-0.0048076,0.00788428,0.0031057636,0.0,0.011559057,0.0011344594,0.0058002463,-0.008406352,-0.0007201406,0.00217888,-0.0012080887,-0.09066986,0.0048554274,0.012977373,0.0041102623,-0.0028191907,0.01487012,0.00018233056,0.008635859
2019-04-25,-0.0065242755,0.0,0.008243431,0.004948802,0.008161557,-0.002228927,0.009593164,-0.016541552,0.0047233184,0.035876695,-0.0014106712,0.0007408943,0.013620594,0.011440661,0.0057116826,0.0903708,-0.0025560735,0.008902108,0.015155911,-0.005732863
2019-04-26,0.00020051326,-0.007545672,0.0047524394,0.0062550893,0.00084973616,0.008855299,-0.016126584,0.016017223,0.0029619862,-0.08114385,-0.0014926911,-0.010824758,0.005641912,0.012048672,0.014037505,-0.12746534,0.0037230602,-0.0017825302,0.008551682,0.0291409
2019-04-29,0.008240138,-0.0031436002,-0.014401754,0.004987961,0.008543248,0.0062822737,-0.005778514,0.006413851,0.014930027,-0.024942357,-0.0012101684,0.01014517,-0.0026488244,-0.009843368,-0.0025919413,0.04630827,0.013681343,0.017414335,-0.00074815,-0.004866018
2019-04-30,0.0131170405,0.042158328,0.025490347,-0.0035133767,-0.0072283107,0.0028307731,0.01238297,0.029961986,0.009841012,-0.03124986,-0.0055901445,0.005465294,0.00022762678,0.010812817,0.0055400515,0.017297091,4.581066e-05,-0.00018115739,-0.010881847,0.00048731515
2019-05-01,0.009686051,0.006061265,0.00066895294,0.009718159,0.0018581075,-0.0015154363,0.04041583,-0.009338699,0.001676264,0.021155586,-0.00864206,0.01804073,0.026571242,-0.006443302,0.0056008906,0.022999736,0.005892779,-0.023675371,-0.10500511,0.013460797
2019-05-02,0.025873609,0.017359873,0.019476673,-0.0015000352,7.15813e-05,0.0136185335,0.0017243915,0.013966256,0.0037375207,0.0051353867,0.019776078,-0.015971508,0.0013145288,0.0034468935,-0.0037832942,0.0019912003,0.0013871099,-0.019751072,-0.0016565296,0.004021131
2019-05-03,0.006491991,-0.0030725505,-0.032794803,-0.018235592,-0.005943624,0.008334755,0.0029503254,-0.020018544,0.00075423287,0.010447231,0.010207757,0.016316874,-0.052796375,0.0047576237,0.0016476492,0.013334044,0.0,0.046693787,0.03315539,0.0012786012
2019-05-06,0.010381676,0.0031056385,-0.0032661618,0.0027353223,-0.00084743265,0.012918351,-0.0080958055,0.0050744745,0.0074943304,-0.0014829984,-0.015707431,-0.011367972,-0.0030810242,0.016812146,0.0009476719,0.011880183,-0.0036884719,0.021724338,0.0027878252,0.0064398153
2019-05-07,-0.005934928,0.0043435823,0.0050474703,0.012093011,0.0122235995,0.007476716,0.01723888,0.009750732,-0.0064407964,0.0031093997,0.019725459,-0.002389597,0.001074014,0.00256318,-0.03946367,0.0017808191,-0.0040952475,0.0016448611,0.02031881,0.0020684786
2019-05-08,0.001119177,0.011277142,-0.0012733076,-0.0026928303,0.0065411753,0.0,0.01164797,0.017189926,0.017154172,0.0030293087,-0.01799775,0.024136754,0.014683663,-0.0034488814,0.010139709,0.007278997,-0.001828159,0.004880329,-0.026071617,0.006955094
2019-05-09,0.005994983,0.0036364708,0.013618498,0.006201901,0.0017421644,0.0053102244,0.0,0.008247705,-0.0012779012,-0.006588852,-0.0034845222,0.0062298877,0.0070102485,0.017885854,-0.0050565377,-0.0033987435,0.018314088,0.0022468995,0.00986401,0.0005125609
2019-05-10,0.0023073654,0.002492714,0.01880682,0.012961349,-0.008141976,-0.0025338212,0.0017313306,-0.0064501534,-0.032069087,0.019178258,-0.006717763,-0.0060361098,0.0146473665,-0.0086896,0.016707521,0.011063157,0.007050015,0.011060277,0.016524812,-0.00093098055
2019-05-13,0.007132478,0.0005228306,0.0007940239,0.0009991186,0.011171254,0.0035698204,-0.0012773856,0.018537054,0.0137337325,0.0051155207,0.009037004,-0.024974171,-0.017497925,0.01780631,-0.003888788,-0.0044710035,-0.0031256333,-0.0015967095,0.007206567,0.008010669
2019-05-14,-0.0006314552,-0.0085316645,0.0033183368,0.0060324823,-0.0041370606,0.0036757074,0.013846417,0.0099232355,0.008884969,0.0025206017,-0.0034413415,0.01313672,0.012767413,-0.017033132,0.00831352,-0.00325903,0.00090834603,0.00838216,0.011665296,0.0
2019-05-15,0.0034688215,0.019395761,0.005107914,0.0012097928,0.010843187,0.00084840914,-0.008128254,-0.0045169056,0.011126556,0.01315015,-0.0028414503,-0.022649359,-0.015036627,0.004973708,0.009695539,0.017450422,0.00085115765,0.005999729,0.002942984,0.0
2019-05-16,-0.018294472,0.010416908,0.0060161576,0.0016249429,0.0036713523,0.002627426,0.0058737434,-0.0019702238,0.0033259715,0.0100136455,0.003468736,-0.0101218205,0.01675404,0.0054903687,0.0062512658,0.008087521,0.006292932,0.0017925857,-0.0007898529,0.0045704916
2019-05-17,0.012719822,0.004363984,0.01422025,0.012208702,-0.008427969,0.008781077,0.014554757,0.010453543,0.017340876,0.0029819729,0.023960715,0.029099748,0.0027951105,-0.0033533962,0.023723926,-0.008439824,-0.0023358415,-0.0025400596,0.02055801,0.0
2019-05-20,-0.0028485507,-0.0014871577,0.011326998,0.0,0.0073789707,0.0,0.001916427,0.0015713861,-0.0024837325,0.014838589,0.01552622,0.0017433788,0.001694672,0.0036772855,-0.0072226,0.003027793,-0.0003024765,-0.0025220462,0.024111642,0.0034531723
2019-05-21,-0.014084441,0.060304116,-0.00200993,0.001786062,0.016812434,0.0033999395,0.0170497,-0.0008398423,-0.12730034,0.009413814,0.03717216,0.034570668,-0.001757674,0.02141733,-0.04531549,0.0011900509,0.023676502,0.00063949253,0.018282993,-0.014084441
2019-05-22,0.06348193,-0.029996257,0.0068787504,0.01687973,0.021195652,-0.0010725254,0.0013462127,-0.009151515,0.004786888,0.0122764865,0.0072127813,0.013268541,0.010284917,-0.004139071,-0.044711858,-0.0040580956,-0.005579373,0.03283648,-0.03735993,0.06348193
2019-05-23,0.08698666,0.012734838,0.009957944,0.0767315,0.0023190195,0.0672274,0.00027395942,0.00034257147,0.03783271,0.015361545,0.006047353,0.0019003506,-0.0029529042,-0.0007784325,0.0,-0.0010149005,0.009058044,0.06659861,0.0148834605,0.08698666
2019-05-24,0.0034024208,-0.0026804002,-0.010666765,-0.014972839,0.033356514,0.00022653423,-0.0019688995,0.0033620596,-0.0029784609,0.00077259645,0.009564918,0.009923983,0.022147616,-0.020273753,-0.029949246,0.009424698,0.02592597,-0.008273169,0.018961588,0.0034024208
2019-05-27,0.011252199,-0.012769404,3.2643097e-06,0.034060415,0.005605637,-0.007913712,0.008228372,0.013008241,0.0138351,0.00093095016,0.002889858,0.0036299117,0.016806519,0.016931277,0.10395814,0.0020086798,0.0016572765,0.002254487,-0.001680101,0.011252199
2019-05-28,0.009378654,-0.014411333,0.007785141,0.0,6.222623e-05,-0.010183715,0.009049065,0.004016104,-0.0059436755,-0.0003578221,-0.006036398,0.039380368,0.0041621523,-0.0053218747,0.018125571,0.0071576,-0.012674075,0.013052643,0.0025171514,0.009378654
2019-05-29,-0.054869086,0.014586212,0.0024989643,-0.008811571,0.015118128,0.004150158,0.023369122,0.004768808,0.036656052,-0.0070277993,-0.0020018308,0.0073878705,-0.0072252057,0.016181726,0.008344973,0.009120874,0.014612985,0.003799052,0.0053029363,-0.054869086
2019-05-30,0.012046114,0.0024886634,-0.019624025,0.0071571823,0.017454822,-0.0033065593,-0.000732587,0.007184197,-0.062130835,0.009198687,0.009742137,-0.042143136,0.0,-0.008130151,-0.0010469152,0.001927956,0.022357017,0.015097791,0.012082064,0.012046114
2019-05-31,0.0061919834,0.0011672248,-0.0055036847,-0.03029095,-0.003839307,-0.009232721,0.013790927,0.017401045,0.0037284426,0.008179864,0.004651336,0.004505717,0.0048116776,0.0127872005,0.043408666,0.0029165102,0.010738365,0.0074820197,-0.0011933591,0.0061919834
2019-06-03,0.019381255,0.0133786695,0.0033465624,0.03285726,-0.027296433,0.0040134666,-0.0019734039,-0.0031949538,0.01843535,-0.012561222,0.011444013,0.0037125265,0.01781025,0.010868052,0.015467818,-0.008638445,0.008792035,0.006779288,0.0057572266,0.019381255
2019-06-04,0.001372048,0.0013069207,-0.00807742,0.0023693233,-0.0075384816,0.00886997,-0.013026435,0.0069762277,0.009754071,-0.0027973244,0.013009247,0.008865807,-0.0030991333,0.0010855236,0.019262515,0.0052934703,0.015752627,0.0030325628,-0.0040010503,0.001372048
2019-06-05,0.016714588,-0.0094230985,0.015277577,0.010964152,0.014576703,0.009383697,-0.0038548077,-0.015389657,0.053644266,0.010090331,-0.005883298,0.0032941322,0.013514398,-0.016316917,-0.031863134,0.007102866,0.0013956125,-0.02502972,-0.007263889,0.016714588
2019-06-06,0.004735077,-0.020239824,0.0076565575,0.015383669,-0.0030163876,0.0041789166,0.011111719,0.0007671003,0.022767894,0.012640492,0.0068422197,0.00014428259,0.013974431,0.025384042,0.041053787,0.0052735913,0.0020427327,0.008067137,0.009249575,0.004735077
2019-06-07,0.00040979066,-0.12752919,0.01041651,-0.12326138,0.021590121,0.015128804,0.005737093,0.024533292,0.0019044062,0.009173406,0.0015236542,-0.043810274,0.0062356764,0.007767117,0.015998034,0.0019368231,0.005000152,0.0043556285,-0.017828789,0.00040979066
2019-06-10,-0.012146891,0.0017051452,-0.0061649033,0.083942965,5.3682452e-05,0.01318673,0.011737606,0.0,-0.01220168,0.0027335677,-0.0019845502,-0.000935644,-0.0062298,-0.007363987,-0.015481368,0.016830219,0.0010673543,-0.0041639507,0.014344716,-0.012146891
2019-06-11,0.0051222113,-0.012947213,0.0112938285,-0.001163349,0.0056058187,0.0025481675,-0.00069545436,-0.0030991535,-0.002825753,-0.008727245,0.010035835,0.02101295,0.008369534,0.0017306573,0.014363121,0.0,0.010357578,-0.011094266,0.012155849,0.0051222113
2019-06-12,0.004448018,0.047417182,0.0,0.020030294,0.015506909,0.012096226,-0.0066627157,0.008584985,-0.011270781,0.009123307,0.013256067,0.015447699,0.010203049,-0.008584277,0.002232878,-0.017742869,0.016724456,0.012786067,0.0022237082,0.004448018
2019-06-13,-0.015311055,0.044450596,-0.014320119,0.017278109,0.0036288279,0.0,0.002494774,-0.011411973,0.024043525,0.0021732608,-0.0005320046,0.0116392365,0.008117297,0.001064504,0.0050140866,0.0069914367,-0.007702087,-0.031380165,0.014854786,-0.015311055
2019-06-14,0.02789723,0.005370612,0.0030291022,0.0036675525,-0.0041243695,-0.0064580133,0.00027174124,0.008077224,0.0066862092,0.0014410864,0.016155295,-0.011762791,0.0005572867,-0.018129138,0.009615799,0.011244942,-0.004315134,0.0,0.0008402754,0.02789723
2019-06-17,0.013248839,0.025397303,0.011816864,-0.004298244,-0.003449111,0.01201582,0.007670409,-0.04400871,-0.0019623647,0.0012028727,-0.008161569,0.006717014,0.025785735,-0.008100089,-0.025046917,0.0013501042,-0.0007686348,0.0015236199,-6.457591e-05,0.013248839
2019-06-18,0.016590236,0.087132476,0.008187582,-0.008066432,0.0048611136,-0.011154977,-0.0008552268,0.010390224,0.00088413217,-0.00426355,0.004085569,-0.0041183257,-0.015532052,0.004943305,0.006031579,-0.0033725416,0.013653963,0.007697602,0.0019073874,0.016590236
2019-06-19,-0.018683195,-0.0033758166,-0.0011628125,0.01632821,-0.01966444,0.031585015,0.009290056,-0.004734876,-0.0036768066,-0.0007564798,-0.0015682176,0.0,-0.02128495,-0.016780337,0.008439507,-0.0040747155,5.139235e-05,0.010675997,0.021963023,-0.018683195
2019-06-20,0.0004119848,0.022246312,0.0068360777,-0.0057589165,-0.0061882986,0.0,0.011260331,0.009594915,-0.002501864,0.0032771074,0.0075025153,0.01887372,-0.003145341,-0.007701392,0.021104643,0.010028872,0.0017847224,0.0018177343,0.0053543914,0.0004119848
2019-06-21,0.0057886643,-0.005777935,0.004219046,-0.0021478022,0.024258262,0.009049153,-0.00050004676,0.03299472,0.0063332417,0.010132445,0.0005108703,0.016595019,-0.006695359,0.054309983,-0.0029722974,-0.00081671274,0.0063059595,0.007407789,0.022813603,0.0057886643
2019-06-24,-0.017535336,0.08068778,0.0030318024,0.0036459323,0.0069587254,0.0111489715,0.009083959,-0.0007507076,-0.016708944,0.007955648,-0.0024632597,-0.01920194,0.0007626838,0.011772904,0.0052646194,-0.0024505404,0.0070755603,0.006200375,-0.015372173,-0.017535336
2019-06-25,0.0,0.00650998,0.013189264,-0.01180774,-0.012312886,-0.033797223,0.001346324,0.017413804,-0.008511638,-0.008179741,0.002551209,0.0008308401,0.008685868,0.025643371,0.005103168,-0.0010988645,-0.0035958826,5.0720333e-05,-0.016287504,0.0
2019-06-26,0.03456929,0.0015902928,0.00019702694,0.024359995,0.014958287,0.00778787,0.0040736264,0.0029107817,-0.0015758205,0.0043186448,0.0069531826,0.026316658,0.012832411,0.024323095,0.01453066,0.0018858054,0.0052509443,0.0,-0.0105298795,0.03456929
2019-06-27,-0.027948089,0.013382954,0.0007295482,0.017362438,-0.0062690494,0.010759192,0.011289181,-0.0055034887,0.001741976,-0.040025707,-0.03073631,-0.002301385,0.014917554,-0.018241925,0.00093296514,0.0024157127,-0.0094566755,-0.002813442,0.0056134514,-0.027948089
2019-06-28,7.593094e-05,-0.006159378,-0.0061666653,0.005188002,0.0025532495,9.095182e-05,-0.013318517,0.008751535,0.010991363,-0.0038436835,0.020191284,-0.024520325,-0.012014334,-0.0017953018,-0.003428279,0.0044619744,0.013701593,-0.015246358,0.0014089659,7.593094e-05
2019-07-01,0.028920673,-0.014423487,0.0,0.0,0.01737805,0.0045455187,-0.0008159303,-0.000206062,0.006160199,-0.008197655,-0.001073999,0.01079711,-0.00037693512,0.0058340183,0.010515508,2.500098e-06,0.0012379524,-0.022722963,0.0039183674,0.028920673
2019-07-02,0.02214698,0.0040208385,0.0005260672,0.014601725,0.008867605,0.013374099,-0.0032048358,0.010140342,0.009752858,-0.013911106,-0.011103471,-0.0007389062,-0.0024931035,0.00093527546,0.00081507844,-0.011235959,-0.033234727,0.0032772447,0.013940943,0.02214698
2019-07-03,-0.0018571676,0.008198621,0.002184314,0.018577823,-0.0032012688,0.01157646,-0.009952027,-0.0012038504,-0.0021806057,0.05523315,0.0037160935,-0.022992149,0.01666188,0.0063541452,0.0038854673,0.0,0.003698226,0.003534446,0.00085331686,-0.0018571676
2019-07-04,0.018197317,0.02576582,0.0061556455,0.019399373,0.0,-0.00086528686,0.015640121,-0.023124445,0.010769262,-0.04764744,-0.0052084783,0.015452141,-0.00034466092,0.0,-0.0033135852,0.008713847,0.003188375,0.024300877,0.0063827,0.018197317
2019-07-05,-9.4047056e-05,-0.0046127564,0.003426628,0.018336898,0.01895229,-0.004824267,0.0031087666,0.0042528333,0.005743411,0.004605111,0.0007441108,0.022986522,-0.0007945638,0.0057943882,0.018713413,0.00268271,0.0,-0.003538574,0.0061691892,-9.4047056e-05
2019-07-08,0.012437728,0.0040069604,0.007870694,0.00807353,0.005841083,0.021496087,-0.0049871095,0.018110264,0.0032606283,0.00054469577,0.0006748654,-0.023319477,0.021601917,-0.0051402138,0.0010623535,0.0013003809,-0.012536858,0.01167628,-0.0023887954,0.012437728
2019-07-09,0.009142968,0.005456699,0.0017418994,-0.008122175,0.002595517,0.009502495,0.010137196,0.006281325,-0.050895896,0.005970861,-0.00053342676,-0.06729713,-0.00032260557,0.0022453058,0.012036284,0.0008305022,0.0038236892,0.0017760018,0.0120017,0.009142968
2019-07-10,-0.00015040758,-0.007707668,-0.006517202,0.012061708,0.01501545,0.0023199671,-0.009439101,0.0026923942,0.008646174,-0.0012784266,0.010864251,0.010059331,0.0062390957,0.0050454196,-8.8145876e-05,0.0,0.016970275,0.015950935,0.011307628,-0.00015040758
2019-07-11,0.0069818613,0.004590803,0.015132569,0.0,0.0013128069,0.0061648097,0.0,0.008992807,0.012049628,0.001282973,0.014821081,-0.041499894,0.008873438,0.00037315098,-0.00010260112,0.0019320745,-0.0035902762,0.004586812,0.01376541,0.0069818613
2019-07-12,0.015073246,0.013169663,-0.00076641026,0.019966483,0.0019864917,0.0087847905,0.013170311,0.02465013,0.08360481,0.0055638715,0.0,0.027309708,-0.011481754,0.007844898,0.004955635,0.00113798,-0.0057502873,-0.010041084,0.0025965949,0.015073246
2019-07-15,0.0,0.024343021,-0.008592525,0.014808914,0.0016604243,0.0019011457,0.009972089,-0.0044833524,0.039742548,0.010398631,-0.005302088,0.040558804,-0.017592736,0.0030996052,-0.0014753268,0.004545098,0.021779982,-0.00323802,0.0048635257,0.0
2019-07-16,0.0018748281,-0.013920285,0.006657275,-0.0011444818,0.009581774,0.001853733,-0.0017299753,0.007635817,-0.032270923,3.3538432e-05,0.013155046,0.007281639,-0.0053484845,0.0021086272,-0.0025651255,0.0044522854,0.00033965093,0.012303942,-0.0036834881,0.0018748281
2019-07-17,0.009092004,0.013637266,-0.00010891413,0.011818803,0.0010590511,0.0062456746,-0.030975094,-0.00029672854,0.0020573544,0.010926867,0.0,-0.0018305243,-0.002170209,0.006610031,0.013331926,0.0030741822,0.007946585,0.012815641,0.0059468034,0.009092004
2019-07-18,0.010159614,-0.011911204,0.004387662,6.7534515e-05,0.006882175,0.004132294,0.0048388233,-0.0026153626,0.008058924,0.005403364,0.010242387,0.0,0.020508915,-0.013296927,0.002536072,0.015781617,-0.0010339415,-0.002167115,0.00026875237,0.010159614
2019-07-19,-0.0012777868,0.0,0.0040782453,-0.0026375991,0.010225323,0.006863088,0.00803879,-0.00030494717,0.0056548533,0.003586892,-0.0063597756,0.01084822,0.044184566,0.002528497,0.0064898944,0.0040902775,-0.0019751021,0.01370424,0.0056926664,-0.0012777868
2019-07-22,-0.0002787369,0.064175636,0.007008155,-0.0052753375,0.0021352014,0.016791439,-0.002825077,-0.023691675,-0.034969077,0.010250151,0.009114151,-0.00091460353,0.013190603,-0.012572115,0.0,-0.0027831781,0.009153758,-0.0010498345,0.012026733,-0.0002787369
2019-07-23,-0.00433061,-0.0019712735,-0.011563914,-0.00045915635,-0.004698226,-0.0048634545,0.008299557,0.0043728813,-0.020112384,-0.009632691,0.0064202943,0.00687031,0.0077729425,0.011133467,0.005823864,0.012891569,-0.033538267,-0.0037715863,-0.0014435569,-0.00433061
2019-07-24,-0.004073221,-0.012076697,0.014650201,-0.0032711173,0.020130102,-0.0075186337,0.004244028,0.008132351,-0.010208768,-0.005937916,-0.0015553067,-0.0019760588,0.009445887,0.0026323842,0.0081940945,0.004501186,0.016013874,0.012899334,0.015214576,-0.004073221
2019-07-25,-0.005533215,0.005194371,0.0016399388,0.014289319,0.00026729846,0.0064369254,-0.0048843627,-0.01476144,0.0021069713,0.0028827484,-0.007724423,0.022979103,0.0003360035,0.003925747,0.001691232,-0.012323467,0.0049709016,-0.0006011031,0.005606108,-0.005533215
2019-07-26,0.030750105,0.028952247,-0.0031108398,-0.00083241134,-0.0011278618,0.017771041,0.012448526,0.009852697,0.021239316,-0.012397838,-0.0015715352,-0.00051546213,-0.0038424495,0.005591071,0.008098944,-0.0071261036,0.007833838,0.0006324195,-0.0058727344,0.030750105
2019-07-29,0.015005964,-0.004006529,0.0010572014,0.013851986,-0.0030530063,0.006484473,-0.0032870104,-0.00091951445,0.01535292,-0.0031954572,-0.004372457,-0.0005174991,-0.0069328807,0.013000481,-0.027103722,0.010032661,0.00032703622,0.00968282,-0.012495731,0.015005964
2019-07-30,-0.010703703,0.0022812786,-0.00087452086,-0.050149515,-0.016144002,0.0040182895,-0.029847274,0.0028636788,0.013064514,-0.03282011,-0.0077051953,0.019634668,-0.0025555529,0.0017960578,0.027046062,0.001688442,0.020889726,0.001356164,0.011354916,-0.010703703
2019-07-31,0.022366261,0.022062281,0.010799466,0.014922132,0.0053002764,0.007154147,-0.010774726,0.021261236,-0.0019383432,0.008137344,0.017154157,-0.0091041,0.003878256,-0.004452071,-0.015709708,0.0034685598,0.011809598,0.0031036702,-0.113713406,0.022366261
2019-08-01,0.010936578,0.0011486545,0.00052187283,0.008550178,0.000117080104,-0.017088382,-0.0025450583,0.009410243,-0.0017283615,0.004856258,0.020067854,-0.024883173,0.0025075632,0.0128814,0.0046797832,-0.009653565,-0.009617837,0.00071004516,0.01461993,0.010936578
2019-08-02,-0.00044374,0.0,0.008872967,-0.0048003853,0.012089376,-0.0028902572,-0.0028304348,-0.00031578302,0.004044103,0.016562216,-0.00564798,0.012052203,0.0078079165,-0.00084771006,0.016718185,0.0063991183,0.012899953,0.0029032922,0.03380967,-0.00044374
2019-08-05,0.022518372,0.0074273436,-0.003034793,-0.013658077,-0.00010172286,-0.0017930568,0.021281399,-0.0015024556,0.06372826,0.0064483494,-0.03134317,-0.009684927,0.007439775,0.0040232805,-0.026848959,0.0060663535,0.0044566565,-0.0035604476,-0.018691612,0.022518372
2019-08-06,0.0,0.0063506956,0.0037625749,-0.005391426,-0.0032341173,-0.006862972,0.022722114,-0.004672714,-0.010445525,-0.004990456,-0.00068505504,-0.021466943,0.02579747,0.0108870575,-0.014392399,0.014907897,0.005818481,0.0015456112,0.016970722,0.0
2019-08-07,0.016722122,0.014700631,-0.0032236844,0.02927316,0.006559547,0.0015951367,0.011805582,0.015514799,-0.011256051,0.0128729725,0.0025238274,0.009793939,-0.00044062635,0.007695808,-0.0144144595,0.007463705,-0.0042798193,-0.008327698,-0.0016970718,0.016722122
2019-08-08,0.006172708,0.0014665409,0.0027665047,0.0050225384,-0.0015422746,0.03021022,0.0009773389,0.015282406,-0.005224552,-0.0043638726,0.004744611,0.016265795,-0.0029033618,0.0062098126,0.0034941952,-0.009085639,-0.008249095,0.0076692374,0.022496777,0.006172708
2019-08-09,3.3451934e-06,0.0023149143,-0.0045949453,-0.0011086126,-0.003197036,0.011476947,0.0032787684,-0.015221064,0.010840022,-0.00053165434,0.015410938,0.0039174506,0.008476034,0.002234216,-0.008325163,0.005867522,0.011396036,0.018375635,0.024278414,3.3451934e-06
2019-08-12,0.0016951573,-0.0055155647,0.0070217485,-0.005295101,-0.0032905764,-0.015695544,-0.0005279429,-0.0008231769,-0.018217988,0.009121221,-0.0070157927,0.026705952,-0.00063654175,0.0037077214,-0.11924948,0.007845848,-0.013912439,0.006339587,-0.002088549,0.0016951573
2019-08-13,-0.0031978907,0.019204969,0.00700253,0.0061527705,-0.0026060652,0.010919151,0.0055720815,-0.028265119,0.011899474,-0.0025322214,0.012771918,0.02379317,-0.01601013,-0.0034498186,0.01516995,-0.0075520226,0.0,-0.004024923,-0.014399877,-0.0031978907
2019-08-14,-0.0055454564,-0.020112578,-0.0019682501,-0.0001427031,0.0016773226,0.0110910665,0.0023003097,0.02583645,0.00012298088,-0.00020626716,-0.004985636,0.00084336335,0.01224703,0.0058512427,-0.02179645,0.0049982527,-0.00018482145,0.0033916228,-0.001311103,-0.0055454564
2019-08-15,0.023840398,0.0022154965,0.006369818,0.006545398,-0.0030791592,0.02020457,-0.020857705,0.009045275,-0.007035132,0.01173415,0.0020925265,0.0029987479,-0.0004675822,0.0007111704,0.021223804,-0.0060027577,0.003603169,0.002286578,0.006829585,0.023840398
2019-08-16,0.0035392258,-0.041886136,0.0017957701,-0.0010262427,0.018663531,0.0060165785,0.012235946,0.0021960079,0.019175401,0.010707296,0.0036527216,-0.0012561359,0.021569652,0.009259651,-0.0046986407,0.0022190358,0.008172523,0.0038036725,0.010246436,0.0035392258
2019-08-19,-0.028879056,2.9283945e-05,0.10816951,0.022350993,0.013147835,-0.016933074,0.009575045,0.0058826753,0.036998745,0.005162939,-0.009054454,0.0062915296,0.0036282407,0.011547405,0.014900204,0.019683542,0.0047884705,0.00525808,0.025622744,-0.028879056
2019-08-20,-0.023839897,0.038961515,0.003746583,0.019387266,0.009381469,0.015373965,0.0067356946,0.0007402203,-0.021559581,-0.0042880466,0.0028711057,-0.0014062983,-0.0028490098,0.005253807,-0.014067376,0.008882846,0.017237226,0.0,0.019782756,-0.023839897
2019-08-21,0.0700344,0.017158777,-0.00033687984,0.01219713,0.008685357,-0.0005305957,0.0020466808,-0.010539355,-0.00045050427,0.0073175016,0.0016972392,0.021269115,0.0048206104,0.013031755,-0.002406296,0.0031531204,0.0073466483,0.022303522,-0.00096576783,0.0700344
2019-08-22,0.0,0.0035360912,0.022994336,-0.014660165,0.009698098,0.0061257575,-0.0025430277,0.019329049,-0.010816747,-0.016435014,0.013932973,0.0025642014,0.0063709402,0.008989849,0.0091518955,-0.0024225255,0.001977,0.0013721045,0.013733627,0.0
2019-08-23,0.0168849,0.013714581,0.0012874337,-0.0034457955,0.009669358,-0.0070909015,-0.003987317,0.005008016,0.022075577,0.0,0.012792507,0.023941133,0.00352801,0.009855418,-0.00563598,-0.0033149265,0.0107936235,0.015488173,-0.009762607,0.0168849
2019-08-26,-0.0369996,0.00659975,0.03034984,0.05872016,0.001907566,-0.013019544,0.021213885,0.013842883,-0.015629197,0.004952916,0.021469533,-0.03533181,0.0013631334,-0.0046924883,0.0048366827,0.00087817083,5.1759e-05,-0.004128598,0.010961403,-0.0369996
2019-08-27,0.056348022,-0.0014992225,0.018667392,0.024328962,0.00188885,0.0075857053,0.0033002924,-0.01147222,-0.0344278,0.009040466,-0.0074891928,0.02940012,-0.0049472926,0.009130288,0.03798939,0.005799082,-3.0592155e-06,-0.005924151,0.01210253,0.056348022
2019-08-28,3.9019804e-05,-0.00023832722,-0.0020288185,-0.029767098,0.00049455604,0.010602852,0.008649844,-0.0015822583,0.039705765,4.0047547e-05,0.020274399,0.014068577,0.011738039,0.00017285047,-0.010756693,0.0142830005,-0.012456669,0.013078048,-0.026057286,3.9019804e-05
2019-08-29,0.019383665,0.014289202,-0.0014461529,0.022281457,-0.0028827123,0.0077994606,0.015240704,0.0007066061,-0.000773233,3.5102737e-05,-0.043860234,0.0015754539,-0.003464317,-0.0020190284,0.005322881,0.0003026235,0.023212895,0.010138758,0.006284755,0.019383665
2019-08-30,0.004445362,-0.030282494,0.0,0.021310452,-0.000856382,-0.0035261728,0.006418332,-0.0057373396,0.058895435,-0.009740726,0.009166849,0.008738283,0.0024015978,-0.011343586,-0.009075584,0.039584063,-0.0062667932,0.02121311,0.025808414,0.004445362
2019-09-02,0.022614267,0.014353941,0.009389075,0.0015832306,0.011147014,0.00460695,0.00070829265,-0.0054686633,0.0006618616,0.006572512,0.0380597,-0.0055039725,0.008789949,0.0,0.009743629,-0.0031153434,0.014741905,-0.020119386,0.022892017,0.022614267
2019-09-03,-0.036046278,0.0044947886,-0.06904708,-0.12581672,0.0,-0.019165328,0.001289563,0.002734292,0.008584127,0.0021060447,-0.0069467234,0.019278744,0.0059535136,-0.011834839,-0.011929668,0.008698316,0.0055986424,0.00970654,-0.016106598,-0.036046278
2019-09-04,-0.0064741834,-0.0019994755,0.04436597,-0.0019992634,-0.008038204,0.00094671024,0.002739298,0.0109856585,0.013607896,0.00744434,0.0069847824,-0.0025588272,-0.0014540507,0.0,0.010227853,0.011921892,0.015931929,0.0036150825,0.057829507,-0.0064741834
2019-09-05,-0.002196962,0.012808708,0.01647107,0.015821865,0.008087104,0.016535949,0.014053685,-0.00945688,-0.0015779888,0.006489429,0.0052854344,0.015221202,0.00054370693,0.0,-0.016451005,0.003537619,-0.01673723,0.00911551,-0.023415226,-0.002196962
2019-09-06,0.0035016276,0.00039825265,0.02237608,-0.011620599,0.016349494,0.0022531431,0.006175684,0.005015992,-0.01386944,0.00025936283,-0.0027969512,0.006134646,0.0038810507,-0.0031907246,0.00955284,-0.0030848559,-0.029095331,-0.023626406,0.026112856,0.0035016276
2019-09-09,0.0010428878,0.007731283,0.0,0.106445834,0.0035582846,0.016507383,-0.0039500967,0.003015814,0.026948536,-0.0003052222,0.012446153,-0.002104295,-0.0042453595,0.0013046652,-0.0007331974,0.0035679454,0.05185895,-0.014285233,-0.002989919,0.0010428878
2019-09-10,0.00027804897,0.005282722,-0.003110279,0.0064553125,0.0035583326,-0.0050060847,0.0071814717,0.0115635665,0.024345651,0.0068848054,-0.039962094,-0.0059505734,0.004879991,-0.0029269275,0.008969768,0.0024920749,0.01098088,0.02353046,0.006194853,0.00027804897
2019-09-11,-0.005020905,0.010035018,-0.006493703,0.0046634995,0.00437922,-0.0069554923,0.002833257,0.0013936304,0.0045304964,0.00021364044,0.03853877,0.0018723838,-0.00028080636,-0.020646159,0.0017244458,-0.010327967,-0.004858457,-0.015998196,0.014340838,-0.005020905
2019-09-12,0.004462199,-0.005021301,0.0006686232,0.015392196,0.001543422,0.006075118,0.0,0.022437025,-0.12667064,0.0051851384,0.015122828,0.0018916049,0.019279191,0.002773275,0.0044958303,0.02394455,0.010016016,0.0073216637,-0.004462195,0.004462199
2019-09-13,0.013774055,-8.602353e-05,-0.0087853335,0.029007854,-0.0023438018,-0.0040704347,-0.0023801604,0.0037563464,-0.0018472582,0.007190704,-0.0012740502,0.0014837291,0.0012242637,0.018637102,0.016631974,-0.015706291,0.0,0.0025473249,0.009944269,0.013774055
2019-09-16,0.019137103,-0.006490214,0.007567455,0.011694581,0.0023243371,-0.001003071,-0.008477804,0.010896354,0.0041621467,-0.0007151314,0.0016831841,0.0060639987,-0.0032384736,0.023208654,0.004098317,0.011713578,0.0041833567,0.023957103,-0.0031848757,0.019137103
2019-09-17,0.0048969965,0.006797323,0.01742653,0.0025222786,-0.010125418,0.0012045262,0.010865598,-0.0047968985,-0.0025170012,0.0030943924,0.008478047,0.0017459358,0.008863292,0.00421905,-0.00025371378,0.015358213,0.00070917327,0.0005224045,0.0058925822,0.0048969965
2019-09-18,-0.00024242769,-0.016664857,-0.04852464,-0.0024694256,0.004469298,0.032516815,0.007818458,-0.000830988,0.0018015789,0.0010551433,-0.0033140038,0.00041323472,-0.004062167,0.02020912,-0.0045576105,0.003761523,0.0024886546,-0.008036118,0.01452395,-0.00024242769
2019-09-19,0.0041543306,0.0008779875,0.0040582963,0.011748426,0.0028793167,-0.0022437577,0.0027416237,0.0063108034,-0.014356946,0.0074185785,0.025971811,0.03217158,9.471492e-05,-0.00477973,-0.0006622851,-0.0027407832,-0.0017103459,0.008359118,-0.0045031924,0.0041543306
2019-09-20,-0.00034419005,0.011802229,0.024628613,-0.0023316166,-0.0014938614,0.014412006,0.018185643,0.012993641,0.058187082,-0.0010512569,0.0028783975,-0.0029173123,0.008598294,-0.007233599,0.0036988242,0.015382897,0.011815926,-0.0013538823,0.0,-0.00034419005
2019-09-23,0.022498945,0.0009013582,0.018018508,0.014462312,0.0060064206,0.0035528454,-0.006238471,0.0003500622,-0.0007613004,-0.0010268973,0.008758489,-0.011735458,0.008472621,0.043398928,-0.008956348,0.0013454211,0.011149865,-0.000523219,0.008320838,0.022498945
2019-09-24,0.025889551,0.02881283,0.012146557,0.054395482,-0.007901189,-0.020000163,-0.0024289186,0.009386919,0.038958263,0.003913719,0.005526048,0.02458334,0.009137778,0.014777235,0.02117935,0.007585183,0.00022505011,0.013484502,0.0049876305,0.025889551
2019-09-25,0.00029921773,-0.004453494,0.00072927563,-0.006451739,0.0061466163,0.002561623,0.009514761,-0.009029759,-0.00605215,0.015212135,-0.033273675,0.009092365,-0.0032922376,0.0047672507,-0.028430052,-0.0010045153,-0.0011448422,0.012539614,0.0012901333,0.00029921773
2019-09-26,-0.07822174,0.0197538,0.003549169,-0.021726023,0.0017941936,-0.0166139,-0.0009012475,-0.0060956944,0.027390454,0.0,0.0014894985,0.0002083033,-0.002614513,0.008769414,0.0,-0.0023290708,0.006078929,-0.04004713,0.007978412,-0.07822174
2019-09-27,0.02126817,0.000989681,0.011098262,0.037635893,-0.0013051413,0.0009139423,0.0057681534,0.008782169,0.004635813,-0.0002312959,0.009137056,-0.020578064,0.0049955347,-0.0003054078,0.0058005806,-0.0029340573,0.006996696,-0.014645751,0.0045683384,0.02126817
2019-09-30,0.01607487,0.0042673904,0.0007669554,0.008516217,-0.0064912406,-0.0044834716,0.011348705,0.010231477,0.009861598,0.014767354,-0.0051356563,0.000376861,0.009023031,-0.010754105,0.012517353,0.014147217,0.003921641,0.050763108,0.004305917,0.01607487
2019-10-01,-0.00561275,0.00037575304,-0.005318001,0.022134144,-0.0024165807,0.014929787,-0.013369164,-0.001201641,0.0129477875,0.007500266,0.00858278,0.021949584,-0.008655949,-0.030747993,-0.009383373,0.005257461,0.001078338,-0.0014889172,0.0037871324,-0.00561275
2019-10-02,0.0016883664,0.024189342,0.028417887,-0.03324212,-0.0018391021,0.013488714,0.02308382,0.010590928,0.025983468,0.002431377,0.011322481,0.008160753,0.0019673868,0.014031687,-0.013485961,0.0048055416,0.021187985,0.0118135465,0.0007268286,0.0016883664
2019-10-03,0.016341092,-0.0032895724,0.022035984,0.03793874,0.0051915045,0.0,0.0071989927,-0.0019959488,0.007901104,0.0017708624,0.0008316964,0.01548682,0.0054299366,0.0020044893,0.028642418,0.013022359,0.0019153863,-0.068573125,0.0055992273,0.016341092
2019-10-04,0.0032380284,0.0016573936,-0.00020241163,-0.004108013,-0.007394448,0.01625976,0.0007403823,0.0007946687,0.045637753,0.0023015144,0.016053624,0.0019546628,0.004096205,0.0030320606,0.015206623,-0.01517988,0.0012520012,-0.012917649,0.0081338,0.0032380284
2019-10-07,-0.0010862947,0.01445154,0.013521646,0.020954985,0.007311346,0.010344825,-0.009353552,0.0020089173,-0.011748741,0.0019253672,-0.0022193163,-0.0044517186,-0.007044322,0.00018376799,0.0057715797,-0.00436047,0.0009941236,0.018606087,0.009387287,-0.0010862947
2019-10-08,0.01615754,-0.0026880375,-0.013590775,-0.12757634,0.0029184,0.0011310338,-0.0013629484,0.00028209775,-0.010445594,0.0018713702,0.005533384,0.004712345,0.0031148563,-0.0039779404,0.0,0.027034512,0.0058195465,0.0012858153,0.013335426,0.01615754
2019-10-09,0.011500323,-0.006474592,0.038929574,0.030429471,0.008578047,0.0014534616,0.016159374,0.0029379304,0.0065509314,0.007308731,0.00015907317,0.015193229,-0.006843551,0.0013135261,0.0,0.0011642401,-0.0051335227,0.00029965554,0.012270797,0.011500323
2019-10-10,0.009367796,0.0069880364,0.03449688,0.0047459295,0.0047724904,0.006157094,0.013977211,-0.011514939,0.007924289,0.00079807115,0.021256274,0.008013053,0.013989251,0.0005196986,-0.00042583855,0.006241536,0.0040690796,0.017253362,0.0030381144,0.009367796
2019-10-11,0.002446399,0.019615695,-0.0036764487,0.023921119,0.01940574,-0.005187959,0.004743623,0.012869237,0.011227864,0.0078637265,-0.008581167,0.001352984,0.014649558,0.00017553096,0.0071643153,0.001364563,0.0011488786,0.014933099,-0.007918124,0.002446399
2019-10-14,-0.0057996237,0.012093581,0.011419282,0.0,0.00094453734,0.009536988,0.0053912825,0.0094476435,0.0066190087,-0.004530061,0.005535643,0.0122831855,-0.0039762934,0.00018807921,0.008077981,-0.016454961,0.015344541,0.019605903,0.009790614,-0.0057996237
2019-10-15,-0.025285643,0.0141644925,0.05012601,0.008212216,-0.0048158304,0.007294916,-0.020055732,0.0015256128,-0.001736722,0.0035873228,-0.016735094,-0.0032686207,0.0,0.0076176096,-0.041091844,-0.0052524265,-0.0011579334,0.0010642107,0.0043747737,-0.025285643
2019-10-16,-0.0024231742,-0.008888719,-0.1254022,0.03796347,-0.0010119955,0.010132658,-0.0030725594,-0.002984103,-0.0019776036,0.010203724,-0.0017814172,-0.011668168,0.0044200877,0.013557892,0.024617795,-0.010997495,-0.0021263133,0.009848839,-0.0073260525,-0.0024231742
2019-10-17,-0.0035883603,0.013088661,0.0010616877,-0.0070961425,-0.008310339,-0.027476598,0.025793027,0.0017380062,0.040131666,0.0076078298,0.016699648,0.0073222774,0.0076502697,0.0047358936,-0.0114255,0.0155235585,-0.024429042,-0.002570107,0.0013375354,-0.0035883603
2019-10-18,0.006847946,0.009151649,0.009563937,0.034143794,-0.0028481467,0.0064202133,0.0022678657,-0.007947758,-0.008140188,0.00043550294,0.010254164,0.0027699128,0.004313805,0.0084778415,0.0017580875,0.0145194465,0.014337707,0.019603096,0.006944123,0.006847946
2019-10-21,-0.016943142,0.0034569867,0.01783747,0.00916366,0.021212483,0.003717065,0.0018457193,0.0,-0.016978012,-0.0028191907,0.013533873,0.0007726964,-0.0003427676,0.0059309546,0.00043468128,0.017312536,0.027328817,-0.015112707,-0.010544376,-0.016943142
2019-10-22,0.011596074,0.009769017,-0.010814997,0.0027934453,0.009330825,0.0016365736,-0.0034214512,0.009261463,0.014381102,-0.0025560735,0.011586125,0.029486118,0.009514803,0.012604646,0.0052690636,0.01507547,0.019665625,0.014699056,0.023368241,0.011596074
2019-10-23,0.0101446435,-0.0011987371,0.008415862,-0.002209129,0.013837498,0.0,-0.004225262,0.0042361906,0.013879304,0.0037230602,-0.016864069,-0.00090875645,0.0009208153,0.0044460013,0.007172986,-0.010065614,0.0090574855,0.0032025762,-0.00556374,0.0101446435
2019-10-24,0.017381368,-0.0461581,0.00047036255,0.022674084,0.008410658,0.004709483,0.015064518,0.013851539,-0.115246795,0.013681343,0.00877707,0.014294851,-0.013926933,0.006485634,-0.0032489635,0.004921065,0.004132286,0.009685713,0.012934699,0.017381368
2019-10-25,-0.0071348837,-0.0056142546,0.005627811,0.0,0.0026254004,-0.015020195,-0.0065756915,0.0031424204,0.0047676265,4.581066e-05,-0.0034363559,-0.02953287,0.005734958,-0.020858858,-0.005615545,0.011215156,0.004781156,-0.031362735,0.01086052,-0.0071348837
2019-10-28,-0.006810013,0.019584127,0.0012291488,0.010939485,0.0,0.00031439192,-0.006311434,0.0,0.029243628,0.005892779,0.005676142,0.022893034,0.0028793188,0.0009712116,0.009604144,0.00073472416,-0.014381166,0.022027235,-0.057995614,-0.006810013
2019-10-29,-0.029516354,0.0033418676,-0.017200649,-0.012263079,-0.0049363356,0.0022853443,-0.004391953,0.0027872731,0.0073185973,0.0013871099,-0.000943401,-0.0110438205,0.0019216855,0.030238459,0.013957854,-0.003195783,0.008480804,0.0033499885,0.017387655,-0.029516354
2019-10-30,0.0067337095,-0.01799239,0.059535444,-0.0010316361,0.008363533,0.0010820134,0.014332267,-0.0012506086,0.0,0.0,0.014898274,-0.0008893759,0.0,-0.01599823,0.0018004468,0.010985167,0.014693676,-0.0017559361,0.028975537,0.0067337095
2019-10-31,0.011180671,-0.011102008,-0.008223493,0.009852635,-0.00045161924,-0.0013019593,0.019648263,-0.0012106237,0.0021871517,-0.0036884719,-0.004344437,0.0045731203,-0.0047095055,-0.00093225477,0.0032392773,0.007025406,0.01058104,0.012882466,-0.030168407,0.011180671
2019-11-01,0.014103911,0.00621832,0.00959343,-0.013525874,-0.000948216,0.0050965156,0.0020598024,0.0010941846,0.029964,-0.0040952475,0.005945048,0.0024310667,0.012257748,0.0005397698,0.0071723764,0.010139505,0.007510834,-0.0026108206,0.036424555,0.014103911
2019-11-04,-0.0033599725,0.011773003,0.013485317,0.016641708,0.0072540916,0.0020603018,0.0027384579,-0.005304641,0.05697137,-0.001828159,0.005190936,0.014712641,0.001791796,-0.027129412,0.0060374145,-0.0014555998,-0.020114861,0.014748404,-0.0026244097,-0.0033599725
2019-11-05,0.027282812,0.0014370262,0.06351993,0.006234197,0.008168651,-0.0106893955,-0.0028534916,0.0089892335,-0.0007564648,0.018314088,0.0052284743,-0.0119914,0.010826426,-0.0070973528,0.002341865,0.002426374,0.007597687,0.020058557,0.0028654374,0.027282812
2019-11-06,0.0,-0.0044708205,-0.0020394768,0.054861784,-0.00018280554,-0.0063955807,0.00353759,0.0026987772,0.0020458703,0.007050015,0.011481652,0.019604294,-0.0037311013,0.028641544,0.009183716,-0.002721904,0.017818185,0.004478696,-0.026193077,0.0
2019-11-07,0.0006522772,-0.0015948548,0.00789539,0.042101353,0.00472115,0.017853122,0.006057735,0.01638116,-0.010517875,-0.0031256333,0.0035972826,0.0060263923,0.013527873,-0.001490193,-0.015918951,0.013251736,0.0069905664,0.002340869,0.008495892,0.0006522772
2019-11-08,-0.0004602241,-0.02450504,-0.014231855,-0.002698133,-0.0068068434,0.021348193,0.018563097,0.010284773,0.0057454156,0.00090834603,-0.008744406,0.013658765,-0.0024864152,-0.010912904,0.009152961,0.013211756,-0.004450782,0.0010332948,-0.00081830384,-0.0004602241
2019-11-11,0.017195355,-0.003488822,-0.012317473,0.028777357,0.007416073,0.0032664167,-0.010103869,0.006361769,-0.0054579824,0.00085115765,0.00506788,0.00714977,0.011207546,0.008383739,-0.011901695,-0.0057174303,0.005673527,0.006341475,-0.0069368943,0.017195355
2019-11-12,0.009847431,0.0020271537,0.0271547,-0.004605196,0.004569348,0.0041937027,-0.008622866,-0.0021110396,0.09875437,0.006292932,0.012308048,0.003446046,-0.0076261847,0.021233266,-0.0005904425,0.0031669484,-0.021205204,-0.0090019945,0.006782717,0.009847431
2019-11-13,0.0015099284,-0.006836194,0.022434056,0.0013046853,-0.000133463,0.0,0.0018324301,0.0112702465,0.02204322,-0.0023358415,-0.0001153736,0.028446138,0.0,-0.0015130751,0.003289432,0.003004926,-0.0037997158,0.004411175,-0.018581627,0.0015099284
2019-11-14,0.026287723,0.009386924,0.015361652,-0.02303815,0.0022915914,0.0047952714,0.012326182,-0.00079885934,0.00879934,-0.0003024765,0.020660415,-0.00069187285,-0.0083516445,0.004559142,0.007948185,-0.005753316,-0.00095611246,0.0035353578,-0.0004023853,0.026287723
2019-11-15,0.031049063,0.06069983,0.10674053,0.0,-0.0048377304,-0.0013031468,-0.026137456,0.06635282,0.0010513777,0.0027190265,0.00486897,0.0,0.03440104,0.0003744381,-0.012980351,0.002266891,0.0149608785,0.0122219715,0.05632614,0.008602754
2019-11-18,0.05132259,0.0039897086,0.0665147,0.0008513236,0.015188628,0.00033773945,-0.0008630225,0.02533164,0.00079667,0.02911582,0.0052330084,0.0008281057,0.02101017,0.012026382,0.0043710945,-0.0042051133,0.0,-0.029630827,0.0073209167,0.0016848893
2019-11-19,0.010257453,0.0010823188,-0.045537535,0.0029519976,0.002414948,0.03632901,0.051549226,0.0,0.013615735,0.010085756,0.010054021,0.028695578,-0.0033917096,-0.033494923,0.018834306,0.01534466,0.0020721548,-0.00032087998,0.037700824,0.0020600485
2019-11-20,-0.0030507836,-0.014832406,0.0043145423,0.0035839793,0.018903581,-0.09772833,0.009682517,0.025842892,-0.00015730732,0.0098617235,0.01196368,-0.003372786,-0.0022696273,0.006194125,0.006355129,0.008369895,0.0012901006,0.015800672,-0.022708163,0.0022580638
2019-11-21,0.022896867,0.0058921906,0.0040324973,0.006185596,-0.0071486724,0.0052228686,0.021874039,-0.029187137,0.0150931785,-0.022486303,-0.0007609925,0.006450868,0.009101622,-0.04397118,0.0,-0.0080204075,0.0023386928,0.0014444354,0.013531687,-0.029018141
2019-11-22,-0.010793317,0.019952865,0.026414305,-0.013857017,-0.026194653,-0.013379548,0.00015438153,0.00022417877,0.005023758,0.008123467,0.024189621,0.0051483596,0.009393294,0.0136990575,0.02713295,-0.0029093535,0.00374868,0.041692466,0.019269377,0.005694436
2019-11-25,-0.023017049,-0.0075226263,-0.024998473,-0.00991581,-0.0024276853,0.035535637,-0.006016834,-0.0021856483,0.0042229607,-0.0001635061,-0.043279305,0.0065035485,0.01718651,0.0017331762,-0.0044499333,0.0,0.00767523,0.015507028,-0.0030630021,-0.007671492
2019-11-26,0.00021420198,0.0076530073,-0.032118447,0.013421312,0.004514849,-0.003706375,-0.02206375,0.0074998317,0.0043985653,0.017241316,0.03256654,0.010182432,0.008796896,0.029021248,0.0031882788,0.0057298173,0.010928895,0.0075447457,0.003963992,-0.0013106801
2019-11-27,-0.021911267,-0.033416938,-0.031311017,0.01375403,-0.12742491,0.04244638,0.016626231,0.005557871,0.003029696,-0.006910612,0.007247457,0.0,0.010038186,0.008218866,0.014737232,0.0,0.0018580309,-0.0027938145,0.019441659,-0.11802649
2019-11-28,0.018431231,0.028587392,0.037987914,-0.0020937668,-0.11819108,0.0048419107,0.0,0.00032660007,0.00052228704,0.0017426581,0.008261644,-0.0020656197,0.0051439647,0.0058327806,-0.0071179545,0.017826736,-0.0042791814,0.022415288,-0.12746821,0.010229383
2019-11-29,0.005771317,0.001292394,0.039351612,0.0040445807,0.10671694,0.031927798,0.0036532371,0.042943217,0.013746839,0.009491494,0.024549851,-0.010961204,0.015051177,0.010842244,0.009963467,0.002394468,0.0062508383,-0.00052794744,0.054558955,0.04541859
2019-12-02,0.061170276,-0.015994757,0.014391712,-0.00020412725,-0.030511549,-0.029377162,0.011429094,-0.014163333,0.0,0.0039182412,-0.02907509,0.0012243151,-0.009656675,0.0027346762,0.014197427,-0.0035185742,0.000151932,-0.012185921,-0.0012922338,-0.0072310846
2019-12-03,0.01223815,0.0022972731,0.08964686,0.014073133,0.02372663,0.003676936,0.01181114,-0.0013963124,0.018474316,0.016437195,0.008818743,0.012227101,0.0,0.00649836,0.005864567,-0.0014417893,0.005819627,0.033108518,0.025500385,-0.016674351
2019-12-04,-0.05682125,0.019496048,0.028757602,-0.021705836,0.0,-0.004520054,0.0030155485,0.013171394,-0.005299762,-0.0031703059,0.0017928701,-0.006585726,-0.007352596,-0.008132875,0.010019823,-0.0010386012,0.0,0.0046813567,-0.015534802,-0.020347048
2019-12-05,0.023584703,-0.10380548,-0.0034108458,-0.0060474006,0.028665211,-0.023587456,0.0128678745,0.008068074,-0.0024661757,0.01084667,0.0036665702,0.01748336,0.0034626634,0.012178795,0.0005543643,0.0012068471,0.0050391513,0.0048638154,-0.012265689,0.0023210715
2019-12-06,0.003717865,0.056785125,-0.011716361,0.014951343,-0.012819419,0.03380115,-0.0055429465,0.007938322,0.009467385,0.0023117114,0.014641378,-0.011960269,0.0041397265,0.00025634823,-0.0022606712,0.010276271,-0.0035010765,0.007209263,-0.0027819106,-0.013693319
2019-12-09,-0.005128514,0.004633207,-0.008557246,0.008989482,0.041719522,0.00018348158,0.0077488106,-0.007173021,0.0036723013,0.0068209562,-0.0027112395,0.015216889,0.032751024,0.008248541,-0.009418222,0.0018900714,0.008883433,-0.006348967,0.0104252305,-0.051111963
2019-12-10,0.010133708,0.0108796675,-0.014204172,0.010796255,0.00016932058,-0.0433804,-0.0027274874,-0.005961611,0.011897231,-0.0012358382,-0.0019601756,0.010803459,-0.11740904,0.0067089847,-0.008034309,-0.008663676,0.005395364,0.011996134,0.029085172,0.019588096
2019-12-11,-0.00577191,-0.0034628257,-0.007396389,-0.00821417,0.011023858,0.02152462,0.012190135,-0.007097776,-0.007496143,-0.0001947712,-0.0057820436,0.0060267197,-0.00045792595,-0.012474603,0.008590059,0.003493939,0.008042731,-0.008461187,-0.06609577,-0.016697142
2019-12-12,0.0038755545,-0.0025551526,-0.030704904,0.0030743622,0.0029411311,0.0001998249,-0.038109977,0.011389781,0.011912968,-0.0009265313,-0.0017371697,-0.0063414746,0.013415936,0.017153531,0.016696187,-0.004539655,0.00634639,-0.007158792,-0.010305979,-0.014418139
2019-12-13,0.00916694,0.04695231,0.10597549,-0.009615787,0.00723362,0.011596247,0.021080777,0.016161485,0.012870439,-0.0017962069,0.04055908,0.017238427,-0.012198991,0.002432023,0.0,0.015039895,0.0012975853,-0.00034664088,0.007192868,0.080542676
2019-12-16,0.0007444073,0.004288423,0.00013501622,0.0126520535,0.023296705,-0.0014895203,-0.0014258153,0.01311342,0.005079747,0.003773316,0.0,-0.00054204994,-0.025192743,-0.0011816878,-0.00286272,-0.01182474,-0.007532923,-0.00081237894,0.00607625,0.007874575
2019-12-17,-0.009409172,-0.004868089,0.08665953,-0.012605245,-0.00398161,-0.0006954802,0.004853433,-0.008407614,0.006429214,0.0008349116,0.039591912,-0.01392632,0.034846768,0.004077295,0.01620101,0.0103955185,-0.009848006,0.012128492,-0.0013919466,0.015354352
2019-12-18,-0.01390588,0.01611368,0.008111959,0.0061629554,-0.0028348595,0.10605177,0.013953867,0.002214895,0.0103450045,0.0050949976,-0.009157011,0.014003702,0.014421208,-0.0117464885,-0.010054618,-0.0017263133,4.9867147e-05,-0.013679382,0.0032743618,0.0027709662
2019-12-19,0.006827934,0.04969483,0.011964375,0.005634832,0.0061632916,0.00431061,-0.006827272,-0.016619597,0.0063507385,-0.005894437,0.0044465736,-0.0012707674,0.014889367,0.028559178,0.0011786583,0.010907871,0.0075052697,-0.0008185134,0.031901747,0.0054452196
2019-12-20,-0.0043786764,-0.04972354,0.010909295,0.0024325878,0.0024374954,-0.0009781258,0.00019132243,0.021728262,0.006651449,-0.022807412,0.0098804645,-0.008384106,0.0021500273,-0.009268408,0.008026525,0.012790002,-0.00044097347,-0.01880593,-0.022995621,0.013747329
2019-12-23,-0.09173703,0.014672342,0.018139232,0.0124830315,-0.0013377877,0.020322613,0.012879699,0.0027794074,-0.00239558,0.009482266,0.0,-0.009612834,0.013652902,0.0047325273,0.009464312,0.002907616,0.012422123,0.0016776619,0.0001040559,0.0005390114
2019-12-24,-0.0005632522,0.0047316137,0.023083422,0.004119257,0.02845071,0.0073473654,-0.014498136,-0.020862678,-0.00104682,-0.026428664,-0.0019992525,0.012276591,-0.0063001253,0.00266559,0.0017625176,0.0005284002,0.0010279791,0.01687691,0.004725534,-0.0037252551
2019-12-25,-0.010097075,-0.11407326,0.00048617207,-0.0055055404,0.010144671,-0.01111839,0.00053447933,0.015398389,-0.008073905,0.019410571,0.009246572,-0.04207236,0.0071677268,0.004701253,-0.013037251,-0.006571891,0.0010002232,-0.0026581092,0.02107845,-0.008439656
2019-12-26,-0.008343039,0.011671835,0.00614598,0.01001188,-0.0017174168,0.006055668,0.0011572114,-0.0027404265,-0.020631006,-0.0017563072,-0.004624455,0.0016589019,0.0062179836,0.00012603222,0.003400554,0.0032954668,0.0011739883,0.0016759441,0.016560348,-0.00033003537
2019-12-27,-0.0066895103,-0.016191702,0.0017990109,0.0032555556,0.010237127,0.013445427,-0.0028514087,0.00474822,0.021650499,0.0025855785,0.006162338,0.008385003,-0.0066248695,-0.011136228,-0.003436736,0.007586905,0.008376542,-0.004073237,0.015005129,0.023186829
2019-12-30,-0.002583633,0.021489426,-0.016980605,0.0,-0.004676129,-0.00032126135,0.023012405,0.014913218,0.012272339,0.009413992,0.024037875,0.014921772,0.003144933,-0.0046646316,-0.0004512926,0.0095618395,0.005732483,0.0022648436,0.00681742,0.0002560228
2019-12-31,0.03948085,0.015113704,0.0056071384,0.00044744663,-0.12756734,0.009962595,-0.0018849666,-0.008224788,0.0034033898,0.00082681794,0.0069447737,0.0,0.012044096,0.0013139714,0.009848666,0.003384255,0.007474141,0.039008796,-0.0032713162,-0.005325977
2020-01-01,-0.008055117,-0.008295624,0.028444005,0.014638865,0.09436009,0.0134990215,0.0026708604,0.055347808,-0.015994668,-0.0014431609,0.015148404,0.019369991,0.007187113,0.015157002,0.0019234642,-0.0008400451,-0.004630731,0.009145727,-0.0011608093,0.016520167
2020-01-02,0.012329389,-0.00396921,0.032881577,0.0035828673,0.0030869185,0.014687061,0.008224074,0.00027258473,0.0074812463,-0.005762613,0.008859783,0.0,0.0014786475,0.015775748,-0.005191872,-0.00035505305,-0.0038127732,0.018211631,-0.034068447,-0.008534642
2020-01-03,0.024757512,0.017091323,0.0149355745,0.0037228717,0.029104017,0.019477554,-0.014295171,-0.005050186,0.012592842,0.012101778,0.0057377275,-0.0022986678,0.004057619,0.019277062,0.0053650183,-0.0027302697,0.0046923147,0.019173626,0.008475657,0.06499329
2020-01-06,0.07522757,-0.023051254,-0.07018054,0.00022872796,0.047795564,-0.01877397,0.026003595,0.0,0.015786551,0.0020815895,0.007656037,-0.0041753836,0.016822448,0.0090331575,0.0009956404,-0.01694494,-0.004661107,0.0015164318,-0.049811423,-0.0446501
2020-01-07,0.0068702106,0.032712597,-0.00020151027,0.00078860996,-0.0009271767,-0.011570456,0.0034121296,0.017310675,-0.017410792,0.00333336,0.006574332,0.0090938425,-0.0014493399,-0.009018648,0.008737701,0.0028787872,-0.00075541984,0.0014430596,-0.00067491055,0.011025607
2020-01-08,-0.04391223,-0.0015796217,0.02130643,-0.003063667,0.041854676,-5.8277246e-06,0.002167902,0.029050235,0.011136351,-0.017724492,-0.009140168,0.003624808,0.0016923831,-0.009051912,-0.0040306556,0.012432552,0.002165764,-0.023971781,0.0012946583,0.0069109034
2020-01-09,0.013155136,0.010889336,0.037271474,0.008341177,-0.018216899,-0.00807405,-0.0019787662,0.018667843,0.019493159,0.021513069,-0.015297245,0.0029542062,0.0018213986,0.0126918275,0.010581556,-0.0075304755,0.0067761517,0.008225431,0.005104911,-0.0049272366
2020-01-10,-0.0064766095,0.007220722,-0.015345537,-0.00105764,-0.0077290167,0.010433034,-0.005583821,0.0,0.0023686206,6.0828657e-05,0.011435522,0.012791681,0.015061958,0.016656453,0.00035229186,0.009882763,0.0010886111,-0.010853395,-0.010188231,-0.1194995
2020-01-13,0.021859419,0.01590888,0.003145994,0.003768137,0.0062328493,0.0006068396,0.0060763583,0.00989436,0.010230797,0.010216248,1.1314279e-05,-0.008666101,0.018259805,0.004700421,-0.0013149807,0.005825869,0.012762816,0.014347789,0.019758027,0.09381339
2020-01-14,0.023780257,0.010404716,0.008309388,-0.0011499661,0.009953892,0.00041740897,0.0023110686,-0.017782899,-0.0027764386,0.004100092,-0.0043236017,0.0057750754,-0.0017169499,-0.00084664184,0.0,0.013160263,-0.0076437234,0.011648412,0.0024861249,-0.0031206734
2020-01-15,-0.057231847,-0.0023658292,-0.0018022326,0.0017327195,0.0050939126,0.013938992,0.022177022,-0.016303597,7.5779135e-06,0.014177459,0.02532131,-0.002156486,0.020119466,-0.010153435,0.0059140567,0.0030699098,0.0040521347,-0.0014548963,0.00087901694,-0.0060854843
2020-01-16,0.0258931,0.00030339241,0.0077508306,0.014653668,-0.02605843,-0.0023599383,-0.0034097412,0.01059368,0.0071858875,-0.009740082,0.00303404,-0.0027522552,0.010907114,0.018708842,-0.002410039,0.014839339,0.007736056,0.0102849,0.03733054,-0.0002405432
2020-01-17,0.008998951,0.01295847,0.0025161733,0.0027506063,-0.0042355056,0.0055740783,0.012922329,0.01093731,0.007551731,0.011471048,-0.01592571,0.006217995,0.00204682,0.0068314164,-0.0010284405,0.0037381502,0.0062940097,-0.015403399,0.00043837779,0.00047841115
2020-01-20,0.0039540194,0.0045611155,-0.012078231,0.008104074,0.03290324,-0.00999811,-0.0047249114,-0.0010524836,-0.0035296534,-0.015116684,-0.03879981,0.004116151,0.0014452225,-0.005051508,-0.024365764,0.00085960433,0.002975737,0.028836424,0.015900625,-0.022929672
2020-01-21,-0.0048880316,-0.024907557,0.0110844495,0.0019366,-0.009644211,0.010889061,-0.013093084,0.0021601706,-0.00067416107,0.012235229,0.021051764,0.00040107418,0.0032302407,0.0034464297,0.004888226,-0.0037986008,0.0016871498,0.013708295,0.005629798,0.01489126
2020-01-22,0.016215298,0.00784236,0.0015531415,0.001647736,0.0077375523,0.005960924,0.008479764,0.008308827,0.01048225,-0.00017237225,0.009473523,0.011627345,0.003627322,-0.0044491915,-0.0042275535,0.0056883665,-0.0035577726,0.0045851558,0.00358568,0.04064392
2020-01-23,0.0017623798,-0.10908673,-0.0019104437,0.0068499898,0.0,-0.007206823,-0.053237405,-0.007498888,0.014709353,0.014358716,0.0,0.012931886,-0.008616623,-0.012199506,-0.0059067733,0.007151663,-0.025662428,-0.0103341965,-0.0014004561,0.039225437
2020-01-24,-0.010415457,-0.011816598,-0.0018044879,0.0022062212,0.0018670205,0.0096294405,-0.0009884512,0.0,0.0,0.0054173497,0.009555556,0.0,0.011511284,0.011798078,0.01913092,0.010773548,-0.017774824,0.0013395995,0.008592396,0.037051298
2020-01-27,-0.008183095,0.025859341,0.017930036,-0.00053001806,0.005449819,-0.002647951,-7.90701e-05,0.02163767,0.00028824602,-0.014467307,0.007857512,0.0005509375,0.010962443,-0.00044803173,0.02139295,-0.0039813854,0.0017534229,0.020140119,0.0017812239,-0.0015417875
2020-01-28,0.023596024,0.041979965,-0.0083390605,0.0012716836,0.014230654,0.0,0.028865706,-0.01625305,0.0053479127,-0.009642887,-0.004984233,0.0057364637,0.003057995,-0.011341208,0.0025651574,-0.008071753,0.006846676,0.0042816163,0.0036278141,0.00013588685
2020-01-29,0.009600556,0.025517285,0.01857041,0.00053008436,0.0023961244,-0.008020846,0.012069768,0.015438071,-0.0014254447,0.0034600934,0.002542184,0.0019775662,0.015096256,0.007455233,-0.013903313,0.003004868,0.0031031913,-0.0005330824,0.0017295439,0.023875665
2020-01-30,-0.013926638,0.017143866,-0.00029533159,-0.0028851554,0.024462946,0.006389494,0.0068999357,-0.0022249115,0.009122062,0.010127296,-0.010605148,0.011020535,-0.0069337185,0.01673406,-0.012422373,-0.0031531244,0.02167606,0.020858943,0.006143191,-0.0017334564
2020-01-31,-0.023428917,0.017354343,0.0011816828,-0.002258831,0.025927639,0.0109736435,0.0011339022,0.0013011262,-0.002417014,0.0059972177,-0.009016072,-0.0073217447,0.0037817545,-0.0025547077,-0.024495095,0.0018515387,0.011776908,0.010969147,0.009971722,-0.0035260648
2020-02-03,0.013066756,0.025769236,0.009555089,-0.0037875876,0.0025476727,0.0,0.0015095774,0.004947421,0.001452196,-0.0010976588,-0.004340719,0.0056885523,0.0035088786,-0.005320144,0.017103521,0.008002146,0.005734562,-0.001600448,-0.02420454,0.001961121
2020-02-04,0.0022670778,0.01297384,0.0036209573,-0.0014827668,0.026515268,0.022873769,0.0030267632,0.007344584,0.0031027023,0.00034721012,-0.010285134,0.00657225,-0.005020271,0.005386142,0.021931829,0.0007956256,0.014926443,0.011739546,0.031347036,0.0
2020-02-05,-0.0018036191,-0.007010218,0.00056997035,-0.006371791,0.009053203,-0.06636134,0.013120216,0.013414619,-0.004904256,-0.0047178143,0.01614315,0.006464226,0.004518039,0.014904645,-0.025727099,0.0016950485,0.0,0.0033608624,-0.07507432,0.029104505
2020-02-06,0.0003578473,0.008733319,0.012116601,-0.00035174724,0.0007997898,0.0008278737,-0.004649365,-0.0013282032,0.006705971,0.0044291685,-0.042640686,0.0030326985,0.011791729,0.021041872,0.00063765113,0.0022900763,-0.0072268113,0.011366649,-0.0016473578,0.013616973
2020-02-07,0.016893275,0.0009857614,-0.023871113,0.0030233464,0.007386963,0.008047064,0.010644506,0.0075145448,0.009545933,0.0,0.014025135,-0.004771177,-0.0045413957,0.0,0.0013294916,0.0058276393,-0.013062486,0.0064283903,0.0133951465,4.470806e-05
2020-02-10,-0.02997706,-0.0017821311,0.00477317,0.012434649,-0.011536105,0.014939433,-0.03155128,0.00058926427,-0.013327525,0.008800713,0.010004448,-0.0008235292,0.014311907,0.005734188,0.014899039,5.3458327e-05,0.0062079118,-0.0008794195,0.0016591686,0.0038392125
2020-02-11,-0.009347472,0.037967753,-0.008664601,0.0070541766,-0.0052658077,-0.008415647,0.006215991,0.014656974,-0.0013161032,-0.010123312,-0.017186174,0.0061367135,0.006192886,-0.009203162,-0.0083003165,0.002288278,0.0040430594,-0.0101802405,0.02559168,-0.003929903
2020-02-12,0.0028894541,0.0057076425,0.04636137,-0.004012667,0.004052302,0.0008767061,0.0019251556,-0.043675918,0.008290145,0.0012843253,0.016529411,-0.0042726733,0.0030828689,0.0068189483,-0.00494874,-0.005492127,0.010727281,0.011542405,0.0025962312,-0.0094304215
2020-02-13,0.06195317,0.0051602013,0.0,-0.00017988308,-0.008057519,0.018194126,-0.0010366329,0.059296243,-0.00014429743,0.009891456,0.0044761077,-0.011864424,-0.004994987,0.014536244,-0.0017666959,0.0025639993,0.0061708745,0.00605061,0.0012571355,-0.0008952638
2020-02-14,0.0014552856,0.013826501,0.0011490217,0.004449235,0.0077367714,0.0010234547,0.009039005,0.033810124,0.0010631463,-0.00022713885,-0.002184671,-0.009936682,0.015393205,0.010595891,-0.00795465,-0.008408838,0.008437563,0.010885425,0.0011295746,-0.0020673645
2020-02-17,0.01923516,0.0095928395,0.009632857,-0.0026358857,-0.00067246263,0.0022805477,0.0031057752,-0.0108284,0.021090826,0.0014748054,3.5822504e-05,0.0022826998,0.015363559,0.013392412,0.00069843145,0.0022968564,0.015413312,0.024175482,-0.004774057,0.096716985
2020-02-18,0.004903065,-0.010228378,0.021029463,0.0,-0.0061594886,0.006751772,0.013787776,0.043822292,-0.023837632,-0.0028800152,-0.001436705,0.046822026,0.0017790073,0.011550172,0.010339823,0.014540975,-0.009092675,0.039821725,-0.0049247933,-0.023525499
2020-02-19,0.00914707,-0.0072632707,-0.003589843,0.010115179,0.008064259,0.0026360834,0.0,0.033490177,-0.015038112,0.0026113235,-0.024009958,-0.00051972375,-0.015612275,-0.0071190284,0.0070776367,0.008206207,-0.013045514,0.007856137,0.010977612,0.067050695
2020-02-20,0.005423419,0.023482248,-0.010662244,0.008528028,0.018244456,0.0075542033,0.0009401884,-0.12058143,-0.004378785,0.010036202,-0.0064483634,-0.001731652,0.006291874,-0.0040774522,0.011368725,-0.0007681568,4.4933463e-06,-0.005249912,-0.008856345,-0.022791058
2020-02-21,0.004941781,-0.020837957,0.0023144104,0.0018455305,0.011256936,-0.002291292,-0.0036794962,0.0008432675,0.017709969,-0.0004402082,0.009598358,0.004528008,-0.0024841656,0.012518658,0.002647508,0.009722022,0.008907235,0.0019449594,0.028826023,0.005489379
2020-02-24,-0.01778664,-0.0015396194,0.01984727,-0.0024992735,0.008375899,-0.00022201355,0.002512601,0.0058199777,-0.11925379,0.005284302,0.007010284,0.039289463,0.012778531,-0.0017468764,0.013685496,-0.009150577,0.011386881,0.016916983,0.0,0.005448297
2020-02-25,0.0053037917,0.0050337734,0.0,-0.011035027,-0.01375411,0.004222383,0.008273934,0.016249783,0.008022924,0.00076254184,0.019873232,0.0024579917,0.005144965,0.0033999004,0.0047136853,0.010877158,0.0058662877,0.004072073,0.022232354,0.009656534
2020-02-26,0.009213283,-0.010292848,-0.0049093845,0.0124078365,0.008880695,0.009424422,0.0018318855,-0.011096041,0.008297897,-0.0040391525,-0.0076004406,0.014837739,0.013487928,-0.004454925,0.016968463,0.009713703,0.0034052224,0.005563644,0.0015779827,0.009995472
2020-02-27,-0.0039248387,0.010864547,0.010830325,0.0046162545,0.003565089,-0.0013991351,0.028850298,-0.0026119167,0.024461787,0.016727297,-0.005153575,0.0051555466,0.011092807,0.00094819657,0.01089924,-0.012064648,-0.00035654646,0.0061766147,0.00406464,-0.016298385
2020-02-28,0.01341841,-0.01570903,0.006071515,-0.00035676907,0.0075974735,-0.007151215,0.0,0.0062543694,-0.026678149,0.0058220946,-8.604511e-05,-0.025379375,0.0060392874,-0.0021539284,-0.014711991,0.00070365187,0.0075400095,0.01169156,0.007382127,0.099537596
2020-03-02,-0.029887356,0.011336581,0.009730518,0.005373888,-0.00036451867,0.0139768105,0.0017847972,0.06105461,0.03476336,0.008681843,-0.02028332,-0.0051996647,-0.0020064,0.01603926,0.016813505,0.013532488,0.005579297,0.010828907,-0.039674953,-0.0004636429
2020-03-03,0.0071134306,-0.01866102,-0.013124651,0.0016568492,0.0055133975,-0.0017372046,-0.0012024251,0.022217687,-0.0340167,0.0039734286,-0.008053855,0.023457233,-0.0010220502,0.010868657,0.009705185,0.010758989,0.0023038334,-0.026069215,-0.005901268,0.0027405391
2020-03-04,0.015120266,0.0095525365,0.0069650006,0.0037032438,0.006998691,0.0046809283,0.0018597031,0.0018500666,0.017893262,-0.0008396003,0.032547325,0.009455054,0.010237554,-0.002543113,-0.00024000256,0.0071552903,0.0022049164,-0.013767158,0.017410303,0.012534204
2020-03-05,0.0,0.008192845,0.012506945,-0.0059253564,-0.0020482098,5.92699e-06,0.0013518003,0.03283507,0.0050711827,0.015114377,-0.03097147,-0.005678439,-0.015194171,-0.010511181,-0.0045310515,0.0050602313,0.013580059,0.009859234,0.0006804782,0.0066848616
2020-03-06,-0.0051387474,-0.007135433,0.015278042,-0.00022768576,0.00482862,0.006994594,-0.0010217709,-0.010860822,-0.0004873141,-0.021948086,0.017143697,0.015380131,0.008220758,0.016447516,0.00948403,0.009040269,-0.00066135224,0.004936612,-0.008272037,-0.006662969
2020-03-09,-0.0006856817,0.00028024477,-0.019790323,0.006841395,-0.0009932037,0.0051009757,0.023448735,0.04228445,-0.006983126,0.000903958,0.022980237,0.026874797,0.004096155,0.006264713,-0.020953374,0.0029082138,-0.0003246439,0.018875508,0.0016157215,-0.008747022
2020-03-10,0.014601987,-0.01158016,0.009121478,0.009879495,0.015784314,-0.018267043,0.000717407,0.011584475,0.027399438,0.006714972,0.006778649,0.0076538296,0.00030396227,0.00092451985,0.010788041,0.0038342536,0.02432034,-0.009919834,0.014646025,0.0285795
2020-03-11,0.013073474,-0.00011416752,0.004314014,0.0017240054,0.012428367,0.02120704,0.003615093,0.0051445095,-0.0002016739,-0.0009269977,0.0035680549,-0.005769985,6.650426e-07,0.01741601,-0.01897854,0.0019721957,0.01065895,0.00086108904,-0.0010689705,-1.0094635e-06
2020-03-12,0.008587649,0.012173726,0.0075465403,0.0034210014,-0.0074808476,-0.0047903187,0.0122414455,0.02682634,0.0,0.0012445569,0.002305491,0.03679506,0.011644474,0.0051724347,0.004431213,0.02045144,0.00069674785,-0.0045009577,0.01170753,0.047498804
2020-03-13,-0.0015439607,0.061487786,-0.0057937177,0.0108203,-0.0031429145,0.00015528314,-0.0032634493,-0.002052693,0.012974153,0.0037760818,-0.009988108,-0.00096833054,0.00794977,0.0033517587,0.017979382,-0.0024595575,-0.0123933535,-0.0070881476,0.01582325,-0.017462723
2020-03-16,0.0,-0.0070933336,0.0027415243,-0.0017400942,0.006241063,0.0015725,0.029307008,-0.015895456,0.001607213,0.008998746,0.007333771,0.012589483,0.0028206643,-0.0015190785,0.0,0.017162926,0.0035784068,0.023169156,-0.0036591592,0.0012296566
2020-03-17,0.015004189,-0.035696253,0.0028922288,-0.004038876,-0.0024073438,-0.010823003,-0.005301194,0.0013897058,0.0019142288,0.0014995494,0.009503849,0.0040821657,-0.014356595,0.0,0.0065456023,0.0016474416,-0.008636153,-0.015692113,0.015991636,0.015157205
2020-03-18,-0.00849611,0.013078817,-0.005315012,-0.0007407181,0.0013350713,0.011060358,0.004459529,-0.025721813,0.03731237,0.0030413158,0.011950514,-0.0013782794,0.0034013614,0.0034024715,-0.0052667065,0.005979915,0.0037184784,0.0,-0.0101367785,0.012906254
2020-03-19,0.00751578,0.018752383,-0.0012421686,0.0040946985,-0.0035979669,0.0019872242,-0.009020479,0.0,0.0,-0.003680821,0.004453639,0.0034606576,0.0045888466,-0.0018860598,-0.001777874,6.234404e-05,0.0075400784,0.0,0.016509024,0.0042691203
2020-03-20,0.012245976,-0.0017365541,0.022774966,0.0067331144,0.008971907,0.00028153922,0.0004276033,0.0021511868,0.002461687,-0.0034597456,0.0053861956,-0.029763328,-0.008102168,0.007174473,0.005616465,-0.003936463,-0.0017584222,-0.016597044,0.010412661,-0.0017573697
2020-03-23,-8.447684e-05,-0.024774114,0.0,-0.006134083,-0.0007312491,0.00014269969,0.0073285727,0.021220893,0.0062224786,0.0080934055,0.0010956015,0.012541336,-0.0044537196,0.00081467774,0.006501752,0.0201638,0.0019295943,-0.0030686718,0.0026935623,0.0014874658
2020-03-24,-0.0002421256,0.009766781,0.01493131,0.0030814044,0.0077663353,-0.0014584367,-0.12735681,0.0041410145,-0.0076734032,-0.003908148,0.001257419,0.00455866,-0.00053012196,-0.0004985517,0.0029485761,-0.007646125,-0.012907677,0.015708398,-0.007340587,0.0134304585
2020-03-25,-0.0018578455,0.026044203,0.00017535685,0.0051488485,0.009108333,-0.0016599153,0.03360725,-0.0065292097,0.0029444292,-0.0022963139,0.0013906504,0.006568591,0.0033736492,-7.930679e-05,0.009320211,0.009376336,-0.0071418327,0.0037093628,0.0032840346,-0.0014615504
2020-03-26,0.00823746,0.004441852,2.3429922e-05,0.007466235,0.0027861814,0.0028935617,0.004708771,0.036249854,0.01672796,0.007874178,-0.013613714,0.010222137,0.027959816,-0.0005133115,0.0040200474,-0.0009884299,0.028682454,0.008200374,0.0036653467,0.0074109524
2020-03-27,0.0016397685,0.0029390876,0.0065804766,0.012257304,0.0030542726,-0.000580719,0.02382655,0.03232212,0.0026703116,-0.005295745,0.019595556,0.008686078,-0.00031769095,0.0051514157,-0.006264675,-0.0056046746,-0.0052992036,0.027047466,0.0068054814,0.018759158
2020-03-30,0.014780038,0.025203591,-0.003328915,0.0014280403,0.010975051,0.0122361565,0.018548803,0.016956098,-0.010609631,-0.01204205,0.001036275,-0.009623793,-0.013562982,0.0007602755,0.016720258,0.022016494,0.00914615,0.0013071713,0.011785154,0.0009930922
2020-03-31,-0.0077673164,0.004997136,0.0058977213,0.0045704762,0.00065486354,0.005646922,0.019171068,-0.058129802,0.038763728,0.019186983,0.015177383,0.019196518,0.019962737,0.017204493,0.010143451,0.0004129543,-0.0033023667,0.012267497,0.007227589,-0.015086426
2020-04-01,-0.002878193,0.0023276203,-0.010458543,-0.0003016118,0.0047352435,0.0033047833,0.02111242,0.04489755,-0.006352566,0.0065669008,0.007008782,0.013844975,0.0009844721,0.0039992803,0.008807488,0.012430325,0.017182022,0.018678887,-0.0061720647,0.0038515294
2020-04-02,0.0047369585,-0.01585806,-0.00056082336,0.001080662,-0.0030190432,-0.008604453,-0.0019431445,-0.006802201,0.0058209696,0.0034827227,0.012686655,-0.0011419067,0.006532846,0.0016142597,0.004576927,0.0025741078,0.015296609,0.010695501,0.0012713614,0.011287539
2020-04-03,0.0073756166,0.007653263,0.0037314228,0.009922735,0.0025245177,0.009758747,0.021080617,0.031442758,0.0,0.014896662,-0.008401005,0.0044269036,0.012427166,0.0059258887,-0.009591932,0.0036405537,-0.010277192,0.0,0.0032258027,0.008750539
2020-04-06,0.011577061,0.005861617,-0.0003014206,-0.014373775,0.00253136,0.01495165,0.008234442,0.01492283,0.009847464,0.0023910976,0.026248202,0.0063465973,0.0012408707,0.00063980836,0.0072788973,0.0031743434,-0.000523026,0.022098333,0.012139731,0.0065389345
2020-04-07,-0.007233138,0.014608418,0.00085516647,0.0018456746,0.018543208,0.0,0.002214221,0.02575588,0.0002509597,0.011314581,-0.0073482688,0.0,0.0024052518,0.004856143,-0.005605312,0.0012996984,0.0073538297,-0.009091913,0.00013283787,-0.0011845082
2020-04-08,-0.011033306,5.0240254e-05,0.01209735,-0.0015443232,-0.0015523302,0.007003811,-0.00013411984,-0.028287226,0.004830291,0.00819913,-0.0072220853,0.004439998,0.00075530284,0.003054038,0.010427645,-0.014117925,-0.0020285374,0.0055035907,0.011204987,0.003085241
2020-04-09,0.008472007,-0.012519674,0.023286242,-0.00032936732,0.0032411588,-0.0029571382,0.005104034,0.036954388,0.0052977176,0.0051945853,-0.015392295,0.0,0.005470881,0.0017304418,0.0017847308,0.0059888368,0.01341693,0.013084576,0.0018524418,-0.010096072
2020-04-10,0.0054126615,-0.0017649779,0.018236002,0.011990104,0.009994358,0.00052944955,0.0025088543,-0.0064476174,-0.009621262,-0.010237375,0.0043482063,0.006094399,0.012119722,-0.0027732463,-0.0021634265,0.005483774,-0.0029035977,0.0040059206,-0.0010155295,0.0018841989
2020-04-13,0.0071590473,0.0023804216,-0.011810737,-0.001513462,0.004547314,-0.00084134337,4.2184924e-06,-0.03315185,0.021138005,0.0048582354,0.011633133,0.009475736,0.0066330233,0.013500784,-0.0020003032,0.006998761,0.017014122,0.0054486007,-0.0038943791,-0.00032878484
2020-04-14,-0.00086300354,-0.009686393,0.006201552,-0.00031328262,0.003884767,0.007287968,0.0,0.002915513,0.003971204,0.024016067,0.0041982126,0.008175298,0.002444936,0.0,0.006411352,0.0,0.014962237,0.0005576798,0.015211101,-0.013321517
2020-04-15,0.011293286,-0.0026161505,0.003382359,0.008208693,0.0006130977,6.850279e-05,0.0137961125,-0.0678169,-0.0017164985,0.0,0.01337266,0.01621843,0.0043417537,0.0007206155,-0.0024249074,0.012768335,0.010225051,-0.018636867,0.0043202965,0.009396069
2020-04-16,0.0037958752,-0.02874723,-0.0012780407,0.001797872,0.005154649,-0.0073484173,0.002855329,0.0,-0.01608184,0.00032714746,-0.00401258,0.0040632724,0.009952661,0.009085672,0.007721881,0.0013350702,0.00039317514,0.0008005967,-0.0021977068,-0.01284875
2020-04-17,0.008668169,-0.019750444,0.015077696,-0.0025775712,0.011667942,-0.0018437976,0.0130889965,-0.12133294,0.0074416664,0.01651334,-0.0054866862,-0.0013915986,-0.0035396563,0.009554541,0.002270228,0.005679244,0.010521718,0.0058765924,0.008778614,0.0036241056
2020-04-20,0.00018986283,-0.004586664,0.0019230271,0.0016559738,-0.0004731504,-0.007241191,0.02080822,0.017505,0.017371293,0.0064376863,0.014341262,0.010850113,0.0014268735,-0.00068190135,0.009717553,0.0023334848,0.0033065015,0.021773119,-0.0002814122,0.024220916
2020-04-21,0.0,-0.0066971043,0.006973858,0.008310712,0.003960633,-0.0050911843,-0.0064313356,-0.008984702,0.017213233,-0.0012893117,-0.003283543,-0.0039884504,-0.011071134,0.004214506,-0.0022478618,0.00752762,-0.0051447554,0.002399426,0.00714933,-0.0121375965
2020-04-22,0.002039987,-0.001232948,-0.001975584,-0.0024133346,0.009318273,0.010760651,-0.00034596387,0.0059309006,-0.0008177024,-0.000101718295,-0.008666931,0.0013545387,0.001313327,0.013772861,0.006317479,0.007401846,-0.0068491236,-0.021406272,0.0027567416,-0.059218965
2020-04-23,0.00079830433,0.032383863,0.006342023,0.0038865907,-0.00030964657,-0.0064325286,0.0044838074,0.031420343,0.021298997,-0.0018256955,-0.00833532,0.013537388,-0.0034277828,-0.0025384002,0.001691606,0.004252061,0.012912843,0.006021132,0.013028,-0.02054989
2020-04-24,0.016835943,-0.0026780316,-0.0048753303,0.012188167,0.0036028782,0.004624248,-0.04242542,0.043106515,-0.00534369,-0.004878551,-0.00048637172,0.0022953777,0.004345367,0.003154916,0.0071277325,0.0021307976,0.0007556073,0.0,0.0005557975,0.0115443235
2020-04-27,0.0031983121,0.016982194,0.0,0.0015673087,-0.019565435,-0.00042521447,0.0007762594,0.0053930758,0.0038681666,0.0,0.006877756,-0.0067558438,0.007100918,-0.009438948,-0.0009412414,-0.0057276483,0.0026165731,0.0077411407,0.0010451734,0.01282584
2020-04-28,0.0020288334,0.00026707238,-0.020069273,0.007974585,0.01776682,0.009994744,0.0012876767,-0.019421652,0.004129892,0.002738698,0.0009349626,0.009079414,0.017058527,-0.00023005344,-0.0004728006,0.0056400904,-0.00465973,-0.0027871497,0.010447231,0.0045912946
2020-04-29,-0.008325034,0.00058110326,0.008290169,0.0019864833,0.0047704587,0.009138782,0.006684155,0.046675622,0.010866104,0.0068394244,0.0041038864,0.0014544,0.0007601744,0.005669115,0.008910224,0.008851168,0.008403899,0.01870194,-0.007347084,0.00039062928
2020-04-30,0.009379208,0.01256599,-0.006428507,0.0,0.0057366,0.015018614,0.03058967,-0.018547501,0.0051643224,0.016668934,-0.00015050272,0.0009984085,0.00832611,-0.02974794,-0.003206711,0.007845222,0.004073826,0.0020004434,0.0058754096,0.04149922
2020-05-01,0.006576246,-0.015585402,0.046521924,-0.0010513522,-0.0025470424,0.0054722875,0.002270544,0.0064923377,0.0012458739,0.014054763,0.016590515,0.011266843,0.002563084,-0.0044574356,0.002038488,-0.009614529,-0.0013536687,0.0057225064,0.0077971583,-0.01712932
2020-05-04,0.0033017332,0.0008744357,0.011310251,-0.0005721775,-0.009869057,-0.00447258,0.0053967764,0.007813723,0.00615469,-0.03003754,0.004496841,0.018324161,0.011500556,0.014872856,0.0017015542,0.016510202,0.0071738455,0.0045071715,0.00077633077,-0.0015102213
2020-05-05,0.0017549031,0.0030101873,0.008473411,0.0061299796,0.009169205,-0.0007616944,0.0029117123,0.021769082,0.019892052,0.002488559,0.0019314402,0.009853125,0.0085544735,0.0046939803,0.0103986,0.0022737,-0.009315306,0.009775002,-0.014172669,0.016639687
2020-05-06,-0.008666045,-0.0015196408,-0.007515585,0.0108794505,0.0040824576,0.005793788,0.0009887209,-0.006174982,-0.01013919,0.02682284,0.0018226058,0.01976452,0.0025063015,-0.00069059874,0.008873161,0.0046131993,-0.010525886,-0.0053088884,0.015071663,-0.0015863196
2020-05-07,0.0026225648,0.016647233,0.021015598,-0.0020647768,-0.0011826688,0.0,-0.102219604,0.011738228,0.011263509,-0.023578314,-0.01823556,-0.009314517,0.00643983,0.010328739,-0.010512904,0.001788355,0.014931345,-0.033932924,0.0012377376,0.017138867
2020-05-08,-0.0035887922,7.0041115e-06,-0.025744177,0.0015781847,-0.000102957376,0.0028141344,0.0030814358,-0.0064020636,-0.0026141333,0.013684287,0.00089267956,0.00083578745,-0.0001557107,0.002318059,-0.00036189542,-0.0010887107,0.0049394816,0.007858137,0.004708672,0.0066961637
2020-05-11,0.0016154682,0.00075301825,0.01131675,0.0030363381,0.0022720534,0.0004644448,-0.0338067,0.0019346932,0.004347474,0.0005852726,-0.0377752,0.0108939735,0.007746042,0.011921221,0.010492427,-0.00049042,0.0088995695,0.015371835,0.008870031,0.0033978429
2020-05-12,0.015273554,0.022195892,0.0017065549,-0.0038512337,0.0042136176,0.0018373515,0.009004474,0.015550134,-0.009396462,-0.002717197,0.005104202,-0.0016944883,0.0021170038,0.0066292337,-0.023680229,0.0036412368,0.01595316,0.013051901,-0.0011129297,0.010197743
2020-05-13,0.013665772,0.031294633,0.0,0.006336705,0.04903334,0.03636607,0.021530624,0.014998242,-0.0738046,0.012311458,-0.09063906,0.018438896,0.00086453906,0.016692944,0.008182805,0.013257286,0.014558604,-0.0026809962,-0.011003498,0.03308541
2020-05-14,-0.0027252096,0.0103320945,0.0008513236,0.0036246208,0.005929019,-0.009624812,0.018726623,0.0061657177,0.02370111,0.012279757,0.08836835,0.008194393,-0.0005561343,0.014111638,0.009272338,-0.01689035,-0.012311087,-0.0035362153,0.0047642235,0.025325453
2020-05-15,0.003535636,0.019302983,0.0029519976,-0.0008084464,0.031359136,0.0058846544,0.024659231,-0.015542035,0.014739582,-0.008427102,0.011396199,0.017485136,0.0029917741,0.009489696,0.0031446246,0.024476098,0.09778833,-0.0007595086,-0.0072132265,0.0
2020-05-18,-0.017566126,0.0055986727,0.0035839793,0.0036637606,0.015879747,-0.008411791,0.01035593,0.010231046,0.009977479,0.008852216,0.0011376671,0.001054359,-0.0020898269,0.025989154,0.014634469,-0.0036239245,-0.029843103,0.0017401689,-0.0029394561,0.011234663
2020-05-19,0.011804229,0.009255586,0.006185596,-0.0019913195,0.001271979,-0.013034667,0.018792277,-0.0028149553,-0.002358954,0.03812533,0.0,-0.004860371,0.012317461,-0.05037067,0.0039185826,0.0019110357,-0.00096839765,0.007177413,-0.0065611214,-0.004782575
2020-05-20,0.059250556,-0.008420548,-0.013857017,0.00066100113,0.017990889,0.026925484,0.0052803033,-0.01569045,0.0064764745,0.011629867,-0.009428646,-0.006583512,0.0053369496,0.013046791,-0.00081468956,-0.019064795,-0.006043874,-0.0034231865,0.039230257,0.0063808416
2020-05-21,-0.001190259,0.0011023979,-0.00991581,0.015136245,0.021275043,-0.018972611,-0.0027395454,-0.023639446,-0.002644939,0.01648075,-0.0020859782,-0.0017113711,-0.008637805,0.0060053472,-0.0034847392,0.012101951,-0.0012112436,0.009040603,0.006991453,0.0004293897
2020-05-22,0.01663278,0.003807162,0.013421312,0.0007164605,-0.0027505113,-0.006690905,0.0117004635,0.02714732,0.0065335166,0.030537268,0.031177094,0.017230708,0.0,-0.011001333,0.0028852222,0.014115813,0.0026600538,0.0046917177,0.018490553,0.012879012
2020-05-25,0.021117946,-0.007371994,0.01375403,-0.0011201384,0.00037337953,0.03578642,0.005293032,0.018786553,0.0,-0.014210315,2.2074304e-05,0.005246837,0.022729078,-0.007697068,0.004268927,0.0,-0.0056556887,0.0045633,-0.0006898026,0.011831417
2020-05-26,0.006826784,0.015538409,-0.0020937668,-0.0008947331,0.0032340677,-0.0012535877,0.0057128076,-0.028780572,0.0066849096,0.0018244693,-0.0030029712,0.001911368,-0.008494528,0.021433974,-0.005503262,4.769103e-05,0.0051350826,-0.0055746664,-0.044356618,-0.005864286
2020-05-27,-0.0055803503,-0.005995169,0.0040445807,0.009914818,-0.02072738,0.00811903,0.009003104,0.0048745875,0.015358976,0.014604442,-0.016307788,0.02885919,0.0024888313,0.001373136,0.006931894,-0.00031306827,0.014965467,-0.1268631,0.0015601972,0.022464925
2020-05-28,0.046374395,-0.015616445,-0.00020412725,0.0056825075,-0.001831535,-0.0039236625,0.0005077947,0.012964322,-0.037831955,-0.012097709,0.0068333955,0.002560622,0.01291347,-0.0059794458,0.006371282,0.001484248,0.015938435,0.0008515316,-0.019574245,-0.007843621
2020-05-29,0.028670434,0.01974731,0.014073133,-0.00076742173,0.09796953,0.0024484915,-0.059116725,0.006290332,-0.02463194,0.044229906,-0.0017795387,0.012190901,0.007652173,0.013557776,0.0029742713,0.012147669,-0.041138805,0.031825844,0.011074537,0.0017739829
2020-06-01,-0.0032571736,0.0017349911,-0.021705836,-0.00399552,0.018516429,-0.0009241436,0.03953784,0.013784437,0.013393118,0.0140860975,0.013253567,0.009104965,0.0,-0.0055113453,0.014404443,0.0017735712,-0.017044855,0.0015148802,0.028569087,7.567758e-06
2020-06-02,0.020032683,-0.014480337,-0.0060474006,0.007179106,-0.016486019,0.04127951,0.006300653,0.009997458,0.0016156997,0.011390614,0.061718505,0.0027463478,0.0005483977,0.0023309558,0.0051303734,6.713161e-05,0.058189627,-0.06473586,0.01831623,0.0022494087
2020-06-03,-0.00014296958,0.01023777,0.014951343,0.002877153,0.001406564,-0.021575863,0.003552961,-0.0010778203,0.014443736,0.01437278,-0.025075778,-0.0029962335,0.004791285,0.026785664,-0.0034873728,0.012139559,0.019453235,0.022452885,0.011221496,0.000810347
2020-06-04,-0.013592689,0.008284112,0.008989482,-0.006922598,0.009883842,-0.003616912,0.0,-0.016230801,0.007170771,-0.0038938078,-0.004638384,-0.00607868,0.001707679,-0.034277245,0.011202966,0.004749982,0.009712493,0.010838352,-0.0018714446,-0.034621645
2020-06-05,0.0,0.005530714,0.010796255,0.00037077186,-0.014235687,0.0018451592,0.023733145,0.025365604,0.0073919212,0.009923351,-0.025536498,0.0040073358,0.005210715,0.015248933,-0.0077809636,-0.00273054,0.009156497,0.0030130942,0.0024795306,0.0044172457
2020-06-08,-0.019393913,0.008404958,-0.00821417,0.0030125116,0.0239782,0.008366187,0.008878139,0.004070144,0.012341449,-0.009878599,0.0053397897,0.007577468,0.016585143,0.009101225,0.014196817,0.023575068,0.0,0.016530441,0.01436343,0.0007515847
2020-06-09,0.016808707,0.010972722,0.0030743622,0.0022838244,0.0077107153,0.019332211,-0.011452888,0.00035969462,0.007177944,0.006188467,-0.0012034235,0.00046899944,0.0,0.0029896942,0.0048459913,0.0,0.010418246,-0.0015456935,-0.0066827,0.038709577
2020-06-10,0.013674995,0.003091997,-0.009615787,0.0105218245,0.011124083,0.009168134,0.008846855,-0.011987754,0.0017352581,-0.0068412805,0.04554578,0.0062253606,-0.008186422,-0.009816971,0.0016963929,-0.008327957,0.008386553,0.01571054,0.0066538253,0.016004829
2020-06-11,-0.0147811035,0.0066521442,0.0126520535,0.0019247059,0.020078572,0.025105169,0.004896284,0.019465571,0.010733608,-0.007014471,0.004060485,0.00054010644,-0.0040748804,-0.027701328,0.0023036387,0.0015893371,0.00075484486,0.0,0.008231866,0.0016878392
2020-06-12,0.0036283794,0.0004034524,-0.012605245,0.0032767379,-0.020490782,-0.00032085626,0.0,0.012579362,0.0013598274,0.009727825,0.00075869117,0.014866341,0.017339999,0.005717469,-0.00020608565,0.0021079192,0.003730499,0.038457766,0.008237944,-0.008425515
2020-06-15,0.0037548144,0.0031511807,0.0061629554,0.006619228,0.010618737,-0.0050074877,-0.0071310136,0.003722244,-0.04012652,0.0065140305,0.0028788229,0.011326871,-0.017496144,0.009557831,0.0,0.0070154285,0.015281868,-0.00820433,0.00083054317,0.005096784
2020-06-16,0.004252892,-0.00085752003,0.005634832,-0.0024761336,0.003717485,-0.01108944,0.0001554748,0.011434896,-0.0034590831,-0.0061484803,4.9222274e-07,0.00807792,0.0139277885,-0.004997043,0.0109912,0.012470259,-0.07563829,0.024843179,0.01310471,-0.0046404055
2020-06-17,-0.027724912,-0.00019232692,0.0024325878,0.005898688,0.003714182,-0.003326589,0.012310588,0.0014579385,0.02828202,0.014891192,4.2931424e-05,-0.00039644778,-0.00044243818,0.001753699,-0.018412907,0.0,0.0057119178,-0.0031583207,0.004658374,0.015478899
2020-06-18,0.01930183,0.011582864,0.0124830315,0.0047325264,0.007002235,0.0039187353,0.0010596514,0.015381163,-0.0011007371,0.00043765694,0.0044180294,0.023398839,0.020647638,0.020439293,-0.0014622137,0.0012026298,0.015421661,-0.0091320155,-0.0017655155,-0.033372458
2020-06-19,0.0,0.0027251465,0.004119257,0.0040644677,-0.00013329074,-0.0019773815,0.01213311,-0.002787485,-0.07757693,-0.021015128,0.0022921925,-0.00059921097,-0.02244005,-0.009691786,0.005684001,0.0020782496,-0.00011610433,-0.02515894,0.013122856,0.011798904
2020-06-22,-0.047753923,0.0030758022,-0.0055055404,0.001197217,0.0033996312,0.023358535,0.008799144,0.020661594,0.017077656,0.019225203,0.0052342066,-0.0030658613,-0.049250893,0.0049840654,0.00052742043,0.009554598,0.008805637,-0.04331897,0.0014498597,0.0063905865
2020-06-23,0.02035279,0.005019604,0.01001188,-0.017744698,0.008380322,0.0027981275,-0.027676653,0.0069995876,0.011771656,0.0042483155,-0.010458028,0.0036734866,0.015393931,-0.0038121624,-0.0043455004,0.0,0.008577247,0.0149138495,-0.000110355984,0.012461731
2020-06-24,0.002834393,0.00064712664,0.0032555556,0.0007616413,0.0032696172,0.004256439,0.020034805,-0.01393995,-0.01519541,-0.030119458,0.02344218,-0.002506983,0.0034651342,-0.015116585,-0.00074425,0.009997072,0.014245184,-0.117477484,0.0073209167,-0.008027795
2020-06-25,0.0015848626,-0.010599154,0.0,-0.0029401395,0.0,0.012084419,-0.019712275,-0.100509115,0.0056394613,0.04397127,-0.014129051,0.017135095,-0.0047231778,-0.020380039,0.015124274,-0.0030970522,0.017207185,0.029162703,5.2613068e-05,1.7497721e-05
2020-06-26,0.0005578295,0.0024942318,0.00044744663,0.013285663,0.0,-0.0038510722,0.012096688,-0.013814826,-0.02598421,-0.021034036,0.018739818,0.021286279,0.01861444,-0.00870969,0.0046088384,-0.031560004,-0.0018058601,7.51958e-06,0.0065160245,-0.013376567
2020-06-29,0.0059485366,-0.0008997123,0.014638865,0.0024723785,0.014138643,0.010975638,0.0028842415,0.0051749838,-0.0003404321,0.0,0.0012235895,-0.0038540307,0.0012560812,0.015969917,0.0072112726,-0.008530181,0.0031037582,0.039121028,0.009012245,-0.03759289
2020-06-30,0.010928628,0.0060232203,0.0035828673,0.016641846,0.014955185,-0.041622747,0.0062402682,-0.05655342,0.06069618,0.0070011783,0.00588625,-0.00092063827,-0.0076983552,0.02476801,-0.0029495256,0.023181306,-0.013318678,0.0015733525,0.01512289,0.016647337
2020-07-01,0.0008349391,0.00089027366,0.0037228717,-0.00012680482,-0.0017426492,0.037834495,0.0149577875,0.024660349,0.00076270633,-0.008510044,-0.0010552476,0.017134966,0.015071832,0.013823999,0.006892431,0.007909037,0.0023658199,0.012101559,0.0018525653,-0.014674247
2020-07-02,-0.0048530474,0.01358749,0.00022872796,-0.0034892652,0.0,0.010842108,-0.0067443294,-0.0062563266,0.0133603355,0.028563945,0.0013496154,0.0018144607,-0.0019316738,0.0044057686,-0.0010963373,-0.0034950834,0.003799132,-0.014413733,0.0022652894,0.024053307
2020-07-03,0.007591095,-0.012369739,0.00078860996,0.0095709,0.0050813686,0.02304575,-0.009799624,-0.018663613,0.0066696284,-0.0062933736,0.010401069,0.0059959884,-0.022736397,0.0025213307,0.007839256,0.016731173,-0.002241649,-0.00073855004,0.0034826866,0.0044760914
2020-07-06,-0.00012548825,0.008351362,-0.003063667,-0.003195404,0.00063882326,-0.033598036,0.013882742,0.061384805,0.0237593,0.00092953455,0.0016855189,0.004956008,0.027783973,0.005814788,-0.00712038,-0.0026388427,0.005394883,-0.0060341083,0.014047622,0.00029583703
2020-07-07,0.0028461965,-0.007707916,0.008341177,0.0034036257,0.0081023825,0.008607007,0.027021497,0.0020656537,-0.005544033,0.004293078,0.018864933,-0.0104102725,-0.009925697,0.0047892975,-0.00045907148,0.012631165,-0.00068699836,-0.0062262006,0.0030437133,0.0047701867
2020-07-08,0.01345261,0.06319119,-0.00105764,0.00427747,0.006104573,-0.010456192,0.00559075,0.007280306,-0.006660694,0.053221095,-0.010265648,-0.013829614,-0.0053273067,0.01461348,0.011978029,0.009685945,0.0038737806,0.023382546,0.0,-0.0013911909
2020-07-09,0.009631014,0.0016378937,0.003768137,-0.00067445205,0.0074205273,-0.010953406,0.012875807,0.019359138,-0.003995224,0.03573132,0.004388999,0.0063041616,-0.00022304585,0.0029007543,0.0009942444,-0.004116275,0.003212273,0.012737706,-0.0077369786,0.00996774
2020-07-10,0.013774635,-0.040750846,-0.0011499661,0.009837754,-0.00335215,0.011593167,0.0019931062,-0.0025528462,0.019293537,-0.033261094,0.00074025,-0.0010776947,0.03417808,-0.011514537,-0.0070992974,0.00013841839,-0.008851598,-0.0015520426,0.0033731707,0.017815754
2020-07-13,0.011094626,0.022905027,0.0017327195,-0.007344718,0.016738372,0.0014515227,-0.016257243,-0.006509797,-0.00017168668,0.010770997,0.011279072,0.0043022716,0.00041414765,0.0077407453,0.0023038834,0.009561959,0.049099345,-0.004237886,-0.016078746,-0.00431113
2020-07-14,0.0027934809,-0.0013141205,0.014653668,-0.000110081004,0.008777681,0.0,0.00968378,0.0029474737,0.008512103,0.026017634,-0.007698231,0.013588393,0.0052469536,0.004260461,-0.022298606,-0.0068064993,0.0032252278,0.008119078,0.010866563,0.009393634
2020-07-15,0.0013588767,0.010046616,0.0027506063,-0.0058968905,0.009953295,0.021182775,0.0016141138,-0.029949458,-0.004609065,0.017735248,0.016581548,0.0062627406,-0.0077634864,4.1715048e-05,0.0061946646,-0.0005728427,0.004043691,0.0138290785,0.007847199,0.0
2020-07-16,-0.006502954,0.0040372997,0.008104074,0.009581592,-0.004538949,0.021176144,0.019477913,0.0129202325,0.011268437,0.041563813,0.01298287,0.005022318,0.014814161,0.009153709,0.0005421686,0.016331855,0.028553471,0.0013198958,0.009056978,-0.010839496
2020-07-17,-0.000110997564,-0.0015010834,0.0019366,-0.0049628415,-0.005537902,0.0008923439,-0.00011344756,0.019117711,0.005809288,0.0008680569,0.004576892,0.010403869,0.0053825197,-0.005287341,0.009869353,-0.005014027,-0.012210992,0.0010342621,0.004906085,0.0040651164
2020-07-20,0.024055338,0.008150816,0.001647736,0.007173295,-0.033927962,-0.028944759,0.0,-0.0012318173,0.0033892216,-0.00013467597,0.004849524,-0.006791699,0.005624689,0.00086460664,-0.0053164624,0.00417118,-0.0008133108,-0.02882174,-0.033621818,0.005807993
2020-07-21,-0.010151163,0.0,0.0068499898,0.008545699,-0.0019849597,-0.00536408,-0.003972381,0.008697876,0.004261845,-0.0012412526,0.012349824,-0.008440128,0.0060404637,0.021307401,0.0014823114,0.006567983,0.003576146,-0.004467588,0.0,-0.014310123
2020-07-22,0.004108494,0.0067565017,0.0022062212,0.000339913,0.00035393995,-0.011524528,0.027817374,0.0018830261,-0.003301675,0.0055094645,0.007212414,0.0047270874,0.008531613,0.0006219864,-0.0004412071,-0.00069133844,-0.00866047,0.0027790945,0.01258084,0.01991768
2020-07-23,0.007731511,-0.11375269,-0.00053001806,0.004022899,0.0006994137,0.0077680256,-7.2481474e-05,0.0019580382,0.01723571,-0.00441754,-0.010072427,-0.035235956,0.0025379087,0.0014041947,0.012570401,0.0051458194,0.020421358,0.019370075,-0.0072193113,0.0071872105
2020-07-24,0.025367744,0.013602966,0.0012716836,0.003991448,-0.0023482407,0.015109325,0.010368684,0.015047442,-0.0010259857,0.008195943,0.015195309,0.0121202255,-0.00096498977,0.0,-0.0012028671,0.009792807,0.012468712,0.03423,-0.019045528,-0.008801309
2020-07-27,-0.0066897674,-0.0022443384,0.00053008436,0.0,-0.043421574,-0.00023810896,0.0075128702,0.016608922,-0.0004325179,0.018756,-0.018372636,0.01982568,-0.00031914524,0.016868152,0.00026263174,-0.0076892376,0.0075923456,-0.0008106506,0.018427698,-0.005862379
2020-07-28,-2.554049e-06,0.0017615865,-0.0028851554,0.0052772895,-0.019356146,0.016695818,-0.0076462235,0.0013677946,0.0069727087,0.0014547431,0.009858807,0.0,-0.018799743,0.0004887461,0.0022367546,-0.0034368376,0.012771193,0.005668078,0.010012625,-0.004467059
2020-07-29,-0.0010411796,0.014109536,-0.002258831,0.007120879,-0.0028685108,0.0061058565,0.00012933573,0.012891193,0.0073737726,-0.120366104,0.018440677,0.00580654,-0.0025743498,-0.005510892,0.0103328945,0.008518747,-0.009099204,-0.0028356726,0.0051572477,0.020940488
2020-07-30,-0.014648721,0.0078845415,-0.0037875876,-0.00093582366,0.0060886624,0.023600647,-0.0043899193,-0.0027256024,0.0041133957,0.02281844,0.005131924,0.010834694,0.0073904386,0.0,0.011423054,0.0018983788,0.008774195,0.0032913806,0.0003211802,0.010495502
2020-07-31,0.014905812,0.009799131,-0.0014827668,0.0043814625,-0.02009648,0.004968017,0.0,0.0,0.004574993,0.025319904,-0.019027973,0.00043827938,0.001471025,0.015321234,0.009090443,-0.00021139659,0.0038028813,0.02416814,0.009771494,-0.0011282364
2020-08-03,0.023169324,-0.006669842,-0.006371791,-4.563104e-06,-0.0035722775,0.02316771,0.00378874,0.012698564,-0.004353802,0.008857275,0.016514229,-0.013119202,0.014926182,0.0028003687,-0.0029428797,0.0,0.004857349,0.015359387,-0.0072044744,0.0024289347
2020-08-04,0.018051336,0.014325206,-0.00035174724,0.0007674508,0.015408158,0.008680249,-0.004016798,-0.005796328,0.0017028232,0.017047534,-0.01806124,0.02058721,-0.008429359,-0.049322404,-0.01092675,0.0,-0.006248883,-0.006046882,0.026261719,-0.0063154097
2020-08-05,0.004874997,0.0033599953,0.0030233464,-0.0053209285,-0.001424418,-0.0019076602,-0.021806385,0.010056293,-0.00020342124,0.009454411,0.0038005523,-0.018231908,0.0032125202,0.009936489,0.015155917,0.0038080595,0.007013137,0.005711319,0.0029443153,0.0049748006
2020-08-06,-0.0071918834,0.0046980833,0.012434649,0.011037406,0.00044314546,0.007335095,-0.009988561,0.0017871675,0.0025011252,0.014248296,0.027341142,0.005238452,0.006024255,-0.016026618,0.0060230745,0.0044368384,-0.02982076,0.0021807607,0.010048269,0.0003481237
2020-08-07,-0.03294357,0.013025356,0.0070541766,0.001159002,-0.03591838,0.005283316,0.039210897,0.0023584953,0.0,-0.0013505757,0.00046463893,0.022223094,0.0026844852,-0.006344884,-0.0028695255,0.0034043354,0.008166775,0.01137306,0.007832941,0.0021106582
2020-08-10,0.03467887,-0.008367846,-0.004012667,0.0001560804,0.093971536,-0.0016042115,0.0020300592,-0.0018149375,0.0033817408,-0.0028574404,-0.0015233763,0.002183078,0.0050127227,0.0058325054,0.0035480228,0.0017669864,0.013514396,-0.00020625778,-0.00039683023,0.008789468
2020-08-11,0.021229168,0.017274747,-0.00017988308,0.00047187402,0.033603843,-0.008460126,-0.034057267,0.031063106,-0.029820127,-0.029316891,-0.02023715,0.016023947,-0.0005954959,0.040163178,0.011131293,0.0002940014,-0.020626899,-0.0096760765,-0.0016993118,-0.00090031925
2020-08-12,0.0014815063,0.0012012561,0.004449235,-0.003597546,0.011419771,0.037635464,0.02492713,0.101921365,0.0,0.021708263,-0.0905193,0.0108873155,-0.0076853773,0.00049935427,0.0033105677,0.012461227,0.02117447,0.032597054,0.039988667,0.0074087097
2020-08-13,0.00139107,0.0036143984,-0.0026358857,0.0194397,0.00047870094,0.015468651,-0.006509235,-0.06770215,-0.015627416,0.013746424,0.019783378,0.0044665006,0.0018372185,0.03135278,0.009848027,0.0016801994,-0.0148941055,-0.0041019237,0.0038481292,0.016728712
2020-08-14,0.0048592025,0.0074459305,0.0,-0.0068603274,0.029726703,-0.0008911832,0.0033580433,0.0051228423,0.04146749,0.015012164,-0.00034588246,0.0034888205,-0.0076708775,0.015600266,0.0046639787,0.0052147005,0.007891846,0.018508023,-0.011068942,0.008966303
2020-08-17,-0.0024253763,-0.022407869,0.010115179,0.013340421,0.0,0.0013631904,0.00017886524,-0.078092866,-0.0068332762,-0.0005335716,-0.008429192,-0.0052867956,0.09710742,0.007618051,0.014308709,0.009861053,0.020334104,0.0025488383,-0.004855032,5.3787e-05
2020-08-18,0.01911477,-0.0080909105,0.008528028,-0.0021629937,0.012491997,0.014951927,0.0017333382,0.023192411,-0.0847621,0.0,0.00066889875,0.0062127076,0.010734571,0.012250734,0.021850979,0.0037375807,0.013567839,0.0069903634,-0.009431323,-0.0036900558
2020-08-19,0.011803536,0.014764961,0.0018455305,0.022179598,0.0029092145,0.006067824,0.02691104,-0.009439913,0.011649191,0.0028918965,-0.0285791,0.009868598,0.008848613,0.0006661977,-0.008112769,0.0056436528,0.0034679333,0.004334456,0.009924421,-0.00036884533
2020-08-20,-0.0014816598,0.004114044,-0.0024992735,-0.0019978262,-0.009088556,0.016402252,0.00972785,-0.015502537,0.007166536,0.012099229,0.0033645008,-0.012206787,-0.0063341493,-0.0059503457,0.007994816,0.0033379295,0.010804888,0.0017353486,-0.0070236777,-0.0046528573
2020-08-21,0.00025196443,0.012464168,-0.011035027,0.0155690005,0.0034032965,-0.0014622502,0.01116768,0.014389597,0.00547949,0.0077280276,0.0025668333,0.011986066,0.015185934,0.009783412,-0.022316167,0.0,-0.0003304561,0.0018126321,0.014892477,0.016614698
2020-08-24,-0.024979733,0.021015605,0.0124078365,-0.0096073225,0.01450197,-0.008136345,0.009196455,0.007383459,0.022887593,0.005597236,0.006582966,-0.00086064346,0.026573762,-0.009148339,0.006821728,-0.007595132,-0.005825861,-0.0084515475,0.014887903,0.00036389267
2020-08-25,0.016232448,-0.005540152,0.0046162545,0.018980652,-0.0054991036,-0.0017943246,0.0007702796,0.0,0.011232775,-0.004046543,-0.0076088943,0.012485546,-0.0033515927,-0.004884388,0.0008334972,0.00807095,4.2613235e-07,0.020547565,1.2573615e-06,-0.006895201
2020-08-26,0.011370349,0.0027980248,-0.00035676907,0.0021809705,-0.0067991787,0.053614892,0.004082393,0.004571945,-0.0119583,0.0044576344,0.0028969867,0.0070177917,-0.019069647,0.006467036,0.0027908774,0.0034011542,0.0038107296,-0.024933755,0.007544938,0.008911005
2020-08-27,0.0033538665,0.00022522271,0.005373888,0.013707637,0.009955003,-0.010403544,-0.0012999292,-0.0034278026,-0.021421941,0.008076016,0.016550934,0.0031035792,0.009735407,0.015328255,-0.043212738,0.003889547,0.010917587,-0.0004302726,0.0030505517,-0.00020707314
2020-08-28,0.0053763282,0.003530871,0.0016568492,0.0008172811,0.019736642,0.023252644,0.0015756914,0.008578491,0.018649474,-0.0056501417,-0.011514076,0.002451145,0.01482508,-0.017980937,0.01340887,0.0014145401,0.0048392657,-0.0061342022,0.0004681899,0.0062621743
2020-08-31,0.004033669,0.0023456395,0.0037032438,-0.0014927496,-0.007880865,0.0009995127,0.009740776,-0.013858487,0.0015912161,-0.0013139376,0.005643195,-0.0130965775,0.021006245,0.00937752,0.0071493904,0.013318664,0.0027215832,-0.005619522,0.0045153764,-0.010271269
2020-09-01,0.013568336,-0.0012721559,-0.0059253564,-0.0070741065,-0.014692387,0.010402659,0.00022195563,0.01369421,0.00264605,0.0059904535,0.014910095,0.0015250744,-0.022976091,-0.1178833,0.0047595785,-0.0036873533,0.007916588,-0.00044613247,0.009884788,0.0035996204
2020-09-02,-0.018349102,0.017688135,-0.00022768576,-0.012288141,-0.00072679255,-0.011194928,0.0029785323,-0.078528725,0.05208284,0.009075324,0.008385653,-0.009716751,0.0015265564,0.015075899,-0.009786475,0.006629227,-6.2022555e-06,0.0,-0.002874039,-0.00047430888
2020-09-03,0.006188794,-0.0013108588,0.006841395,0.0017393318,0.041017074,0.0019979735,0.0073798634,-0.0038550158,0.013661707,-0.005331183,-0.014751229,-0.027404696,-0.0034949866,0.023062607,0.012222161,0.002773055,0.00026605255,0.004795757,0.0015217328,-0.011238187
2020-09-04,0.013660585,0.013158529,0.009879495,0.007533191,-0.008597222,-0.0052791093,0.0057041747,0.03687659,0.00040468512,-0.016737916,0.029375654,0.1022394,0.021916047,-0.008556546,-0.029950242,0.0009777636,0.0021805197,-0.00658027,0.010230464,0.003937756
2020-09-07,0.004910721,-0.01147565,0.0017240054,0.0068543176,0.019249616,-0.016927404,0.0022739333,-0.024978062,0.04384554,-0.0030381863,0.014799007,0.033412673,-0.0155298365,0.018374559,-0.011516624,0.0071032047,0.008883046,0.015485863,-0.0025642007,0.00595869
2020-09-08,-0.002452528,0.009111542,0.0034210014,0.015578959,0.017909408,0.01132112,0.003467113,0.017203813,0.008189313,0.0058314055,0.0029447183,-0.0032925901,0.021219257,-0.0015270741,0.02325,-0.0010347097,0.014528034,-0.008142086,0.009580202,-0.007025057
2020-09-09,-0.0027483096,0.002491087,0.0108203,0.018245844,-0.010451856,0.007014496,0.0066553634,4.0711744e-05,-0.0014591427,0.00687984,0.009539156,0.024572736,0.0008189648,0.0040889047,-0.0019250633,0.0021346887,0.0046681575,0.04066072,0.004691786,0.008566505
2020-09-10,-0.0032335224,0.0006072904,-0.0017400942,0.019199258,-0.0071344892,0.0042539877,-0.0034224875,0.040558357,-0.0007150837,0.0,-0.009000103,0.004958968,-0.0032536087,-0.004004261,0.010985791,2.0534764e-05,0.005327783,-0.009424671,0.001044184,-0.03286995
2020-09-11,-0.0006624078,0.002931568,-0.004038876,-0.010552396,-0.013459173,0.013970744,0.0025890972,0.009701185,0.0,-0.0028862036,0.004706551,0.003109189,0.014902161,0.013762403,0.010841261,-0.0015315573,-0.001091495,0.012117961,-0.0032458075,-0.021867553
2020-09-14,0.0066756797,0.012362037,-0.0007407181,0.0037173354,0.001847757,-0.004726591,0.00071464333,0.00015179774,0.0023451215,0.016992034,0.0024047662,0.017171042,0.04088469,0.00372014,0.0018608285,0.0077179754,0.007376039,-0.0043739737,-0.00012829882,-0.007686613
2020-09-15,-0.0008214779,0.0008073666,0.0040946985,0.0052001346,0.0007154861,0.009096287,-0.0058185663,0.0536204,-0.032717474,0.0046113636,0.007852379,0.004536231,0.0022853161,-0.016519893,0.0064286855,0.0024269447,0.009439444,-0.0015431702,0.0014957914,-0.010600991
2020-09-16,-9.889761e-05,-0.00015760148,0.0067331144,-0.0028327366,0.021584606,0.02179388,0.0049074255,0.018740129,0.01284033,-0.00034881296,0.007760162,0.0027292971,-0.015935801,0.012786045,0.01487069,0.0037284354,0.0019320317,-0.02532025,0.007012698,-0.0035843204
2020-09-17,0.0028791141,-0.007835536,-0.006134083,0.006727305,-0.0030422031,0.0023220193,-0.006919731,0.0036710687,0.0061513837,-0.0005569989,-0.013458823,-0.0005683624,-0.0030029775,0.0,-0.000907978,0.005018723,-0.008176422,0.016507758,0.011135643,0.018541498
2020-09-18,0.002225471,0.016121551,0.0030814044,0.0007239867,0.01825528,-0.01882124,0.011290864,-0.021029707,0.019622944,-0.0006192413,0.022766193,0.00010736511,0.044765837,0.011590008,0.0071301423,0.0072225076,0.0014955766,-0.0011775735,0.0033058699,0.01175922
2020-09-21,0.0025215235,-0.0035224333,0.0051488485,0.0015957518,-0.011068322,0.021893915,0.0046734004,0.0018491064,-0.004506115,0.0068784826,-0.00033751663,0.00071163435,0.016705276,0.014341982,0.0036234965,0.0020446784,-0.0027981054,-0.019291274,0.003397627,-0.034675095
2020-09-22,0.0019780549,0.008047383,0.007466235,0.011212131,0.0,-0.003602238,0.01593307,0.005998162,0.005175058,0.009582637,0.011262652,0.016288592,0.007434629,0.0021038195,0.0016727591,0.001786437,-0.011474527,-0.016309472,-0.00092915504,-0.02512076
2020-09-23,-0.0061142603,0.0,0.012257304,0.0059940894,-0.004741316,0.0001649792,0.00072287535,0.005403438,0.019412033,-0.0007538836,-0.006737274,0.013696333,-0.12163114,0.014060714,0.008772357,-0.004073252,0.0072662346,0.020300064,0.004856523,0.002507083
2020-09-24,0.014703864,-0.032793943,0.0014280403,0.0051258425,0.017185537,0.042503573,0.0022320715,0.004391427,0.024935959,0.0,-0.023465704,0.04496879,-0.01027883,-0.00086652255,0.0022055893,0.0076270904,-0.0023761473,0.01623961,-0.0015235248,-0.0014708735
2020-09-25,0.0013936709,0.0014898799,0.0045704762,-0.0028341124,0.004083708,-0.029980002,0.011349905,0.0075426954,0.0016344769,0.015322539,0.0028129832,-0.0014553024,0.037247952,0.011034528,-0.008713674,0.0058628176,-0.005552007,0.0071687675,0.0037364212,-0.04206269
2020-09-28,0.0010636019,0.012629383,-0.0003016118,0.0002186391,0.015204559,0.0030365644,0.0030063232,0.009946749,-0.025048906,0.0,0.019705752,0.006074654,0.008543878,0.0021946302,-0.0023303216,-0.0028075164,0.010144886,0.012220909,0.009404856,0.0
2020-09-29,0.0103698885,-0.0026423016,0.001080662,0.0,-0.012257856,0.013698908,0.008586221,0.00043205486,0.016295077,-0.03142236,0.00034977985,-0.034958057,-0.0031110016,-0.0018046853,-0.009796013,0.01092635,0.017781397,0.0039302865,0.0060772286,0.020109974
2020-09-30,0.0022536179,-0.0007027551,0.009922735,0.010685188,0.0012134908,0.038202316,0.0056599607,-0.005256424,-0.028873077,0.008315711,0.01647293,0.03230147,0.0071733785,-0.00077670487,-0.0016740472,0.0005275029,0.0015162411,0.011074022,0.001884726,0.0057950374
2020-10-01,0.0,-0.0013865611,-0.014373775,-0.014724609,0.008779141,0.005533727,0.00015923525,-0.008243863,0.022877859,0.0023304818,-0.018738719,0.0053869626,0.019891476,1.9687155e-07,0.01065024,0.0063789655,0.008216877,0.004365057,-0.0011960899,0.008305997
2020-10-02,-0.001723392,-0.0065505123,0.0018456746,0.012177197,0.017803943,0.0063857967,6.968094e-05,0.015345014,-0.0019818149,0.0037651989,0.028943418,0.01962372,0.0022279369,-0.014598771,0.0076238653,0.0035106342,0.0034114071,-0.00667934,0.0043121157,-0.02978057
2020-10-05,-0.00073681533,-0.0024481355,-0.0015443232,0.006065206,-0.0003365487,0.011858909,0.0033919138,-0.010544379,0.040392485,0.003463056,-0.0025105996,0.0068635107,0.0071039055,0.038928185,0.013760799,0.003032895,0.014990372,-0.0018424535,0.011608451,0.010236714
2020-10-06,0.01038739,0.0026074543,-0.00032936732,0.015289844,0.0018074581,0.014805448,0.0062693316,0.046835266,-0.0025026195,0.022053095,0.011837215,0.003154188,-0.001132978,0.022568729,0.009107439,0.012542477,0.001957591,-0.003186652,-0.041947726,0.008070238
2020-10-07,0.009887985,0.006449936,0.011990104,-0.011839932,0.005150247,0.008849715,0.00047529707,-0.022979477,-0.048454314,-0.0039051194,0.0044532646,0.014523434,0.03388229,0.003761176,-0.0014885431,0.0029797603,0.013210256,0.004862171,-0.0037663057,-0.007742942
2020-10-08,0.00093312166,0.0018658806,-0.001513462,0.018740764,0.0023629342,-0.015814418,0.009669199,0.034447484,0.009430727,0.0064760484,-0.017916523,-0.014124659,0.0,-0.0012358733,0.0,0.0024486661,0.002269839,-0.013108385,-0.020859875,-0.016870871
2020-10-09,0.011845224,-0.0038506025,-0.00031328262,-0.0104747,0.011802731,0.005521004,0.005731588,-0.00705519,-0.00048140812,0.0063647046,0.00689306,0.016725415,0.008867863,-0.008596322,0.013769253,3.5231347e-05,-0.00049839733,0.010636354,0.024331143,0.0035466417
2020-10-12,0.010144874,0.0043684714,0.008208693,0.022156857,0.016470304,-0.0024167942,0.005648667,0.010210602,0.0017169792,0.018539812,-0.0019341868,0.006505361,0.006785769,0.016762298,0.008501271,0.004491855,0.0011991278,-0.004629253,0.02367292,0.04697177
2020-10-13,-0.005224714,0.0067725442,0.001797872,-0.021006703,-0.005174466,0.008252248,0.0018038668,-0.0014266563,0.00859041,-0.0036887676,-0.00023139702,0.008090178,-0.0035907018,0.0144978175,0.010567218,-0.00048694896,0.0019027491,0.009521367,0.0052191205,0.013385853
2020-10-14,0.008280382,0.0022157878,-0.0025775712,-0.005271815,0.0058942935,0.005478969,0.00064792414,-0.060576517,0.012092145,0.01668651,0.01291242,0.00551168,0.0106161935,0.016192973,0.008627704,0.0016475897,0.008251164,-0.0002034815,-0.00017179974,-0.0031883174
2020-10-15,-0.0011806013,-0.014598925,0.0016559738,-0.0014767069,0.0068662283,0.009856509,0.00601091,0.0025697793,0.0362754,-0.00017928815,-0.009941765,-0.018208852,-0.0024712982,0.0051420657,0.0023341903,0.010452767,-0.0033160395,0.004762521,0.007043938,0.011543512
2020-10-16,0.010880357,-0.014169329,0.008310712,0.008532644,0.003051022,0.012975096,0.0,0.0014917115,-0.00441083,0.01378263,0.009662243,-0.003494685,-0.002942546,0.01758125,-0.008953113,0.00029304464,-0.013382973,0.0052771647,0.0033160036,-0.003685267
2020-10-19,0.004837013,-0.023294058,-0.0024133346,0.0023140307,-0.005760669,0.011772778,0.009064978,0.016536556,0.0187031,-0.0027391454,0.022576952,-0.011769335,-0.0015410511,6.990334e-05,0.002573685,1.4939366e-07,-0.003244728,-0.0016223377,0.0149456505,0.0053307405
2020-10-20,0.0051498287,0.005980079,0.0038865907,0.010390687,0.00070126314,0.010439529,0.0065141525,0.020859938,-0.023555877,-0.0027655007,0.0019766109,0.013658014,0.005475559,0.011278979,0.013799449,-0.003675284,0.0010619962,0.008047363,-0.029589783,0.009678437
2020-10-21,0.007696286,0.0036340076,0.012188167,0.0,0.0,0.0002844493,-0.0065534017,0.014871194,0.008152608,-0.0043260646,0.011327969,0.0019772695,-0.015745893,0.005226548,0.0040996536,0.00039102745,0.010100943,-0.0030176826,0.007327075,-0.0164841
2020-10-22,-0.003570009,0.030851373,0.0015673087,0.012360222,0.009802836,-0.0029592158,0.010684856,0.0048377397,0.004756565,-0.00039753146,0.005485002,0.011063419,0.01513539,-0.0024057191,-0.017131908,0.0013503145,-0.008864362,0.015178777,0.0017891871,0.028091678
2020-10-23,0.0019166144,-0.00040126473,0.007974585,0.0,-0.005328118,0.019172698,0.0017641787,0.0,-0.00025454545,0.0071891746,-0.0023088953,0.012244251,0.004838277,0.00040266963,0.0057044467,0.0014495382,0.011830334,-0.0019159878,0.0045456025,-0.0057722004
2020-10-26,0.008813136,0.006541329,0.0019864833,0.00051473896,0.0007660884,-0.0062908847,-0.0012820553,-0.002587253,0.021150986,-0.002663585,0.0047857985,0.0,0.008104307,0.00035810974,0.006577993,-0.0028845049,0.007122025,0.012762381,0.0069634733,0.00717819
2020-10-27,0.0029126762,-0.0005552329,0.0,0.0024306218,-0.014339494,-0.00745761,0.0014898936,0.014721843,0.012491859,0.0025763232,0.00013231645,0.009789722,-0.0008709504,-0.0011888137,-0.0014174277,0.01061236,0.008581631,-0.0069249407,-0.0055090566,-0.0010997856
2020-10-28,0.0060311374,0.009413288,-0.0010513522,-0.000481171,0.011345274,-0.00089506095,0.00077129033,-0.0010389141,-0.006306796,0.004231069,0.004797452,0.02888963,0.009976957,0.0063861576,0.010018784,-0.013690639,0.0023543946,0.0026278023,0.014502013,0.015744032
2020-10-29,0.0027498181,-0.03005506,-0.0005721775,0.011241322,0.009993167,0.006426491,0.00483141,0.0017408723,0.011143137,-0.0003906934,0.0023931216,0.008104067,0.008799765,0.0064939028,-0.0027082507,0.0041452325,0.0016436896,0.0036612677,0.017007755,-0.00017386886
2020-10-30,-0.0012091512,0.019694474,0.0061299796,0.010954324,0.007239084,-0.003716346,-0.0065764226,0.011996663,-0.007090756,0.0014339363,0.0008032763,-0.0066519524,0.0053389994,0.0035904192,0.0029463547,0.010836026,0.0149556715,-0.0025414706,-0.0085409945,-0.0005275196
2020-11-02,0.0,0.00042976864,0.0108794505,0.008043851,0.006019585,-0.0037298992,0.008603074,-0.0062417733,0.009431844,0.009718524,0.009170066,0.012211397,0.0046936097,0.004274748,0.009647004,-0.0042984975,-0.00078477914,0.0045789457,0.0025381746,0.0014519951
2020-11-03,-0.0023753247,0.0013852629,-0.0020647768,0.0037494784,-0.0020889728,0.0035683312,-0.00081648864,0.022052769,-0.0024040733,0.0009977178,0.005677026,0.01272238,0.008078765,0.008178392,-0.00037999992,0.001681916,0.0017685404,-0.012983903,0.010461895,-0.01880809
2020-11-04,0.0037091582,0.016727386,0.0015781847,-0.005518278,0.017192207,0.008577397,0.0,0.00677032,0.011106984,-0.000102213715,0.0018193461,-0.025683766,0.0,0.00329415,0.005648003,0.0021889627,-0.0104030715,0.017552018,-0.0006168327,0.01737007
2020-11-05,0.0013410709,-0.005674727,0.0030363381,0.0014121955,-0.0027818258,-0.00089358736,0.012641372,0.0069651273,-0.02447348,-0.0011519941,0.0145221725,0.014734529,0.009063695,0.006105449,0.011862675,0.009657555,-0.002041975,0.006320052,0.01616817,0.011228224
2020-11-06,0.011120138,0.0077273385,-0.0038512337,0.0163102,0.0061897985,-0.0008561766,0.001809814,0.0061148587,-0.00081572175,0.012954068,0.0076778107,-0.00051473663,0.005776006,-0.0012462718,0.009283267,0.009419751,0.007910592,-0.012827157,0.0,0.015828552
2020-11-09,0.00065774954,0.016707947,0.0015070646,-0.0017501039,0.0056934995,-0.0017361845,0.011052951,0.0016643439,0.008292316,0.028700383,0.00036197787,-0.0014639047,0.0070937574,0.0233026,0.025316475,0.007721713,-0.010409232,0.006708211,0.0005677324,0.00063949253
2020-11-10,0.022276063,-0.00058563886,-0.014438826,0.010008453,0.006415392,-0.015669864,0.008082628,0.0040493757,-0.0010648449,0.0014021005,-0.019023038,6.413861e-05,0.03668733,0.017172478,-0.03075868,-0.0020107867,-0.017668046,8.3489955e-05,-0.008030621,0.03283648
2020-11-11,0.0025596544,0.00047667837,0.0024395036,0.018148772,-0.018186023,0.022999125,0.0015774367,0.008498437,-0.006841385,0.0079684155,0.009993764,0.02838594,0.0022966638,0.011949178,-0.018776853,0.015095481,0.019356899,0.01685438,0.010045128,0.06659861
2020-11-12,0.011252614,-0.014648787,-0.0023018313,-0.002162957,0.006466098,0.0027241919,0.0051591457,0.012067309,0.0040462804,0.012245644,-0.00083624554,0.0068201427,0.011079716,-0.016434124,0.010439139,-0.028433256,0.033514213,0.001636644,0.007451419,-0.008273169
2020-11-13,0.0,-0.00023414385,0.02839863,0.007536439,0.01494543,0.004709277,0.0028183344,0.0007365219,0.0,-0.0012678124,-0.010199025,0.0027297365,0.004456663,0.011118994,0.01742556,0.010828526,-0.0039950293,-0.000756164,0.010621232,0.002254487
2020-11-16,0.018477872,0.018831948,0.020462845,0.0,0.001919438,0.012594315,0.017684616,0.00026759907,0.002906324,0.0029346766,-0.0021437341,0.003072948,0.007185556,-0.000982214,-0.015238402,-0.0032036488,0.022463154,0.021313993,0.04529328,0.013052643
2020-11-17,0.012174126,0.002398385,0.001957316,-0.024920883,-0.01393641,-0.0015264272,0.011052522,0.0038360406,0.021265753,0.007542494,0.027574548,0.0009928361,0.009502898,0.0010490223,0.01679558,0.0029977232,0.007247688,-0.01813541,0.02318208,0.003799052
2020-11-18,-0.02171825,-0.00687524,0.018734165,0.014709185,-0.00636177,-0.026126493,-0.025036117,0.011142666,0.0036269517,-0.0046324967,0.00658904,0.0015242493,-0.018522562,0.005124308,0.0066026435,-0.0101603195,0.019461486,-0.0009109,0.0028734251,0.015097791
2020-11-19,0.010356095,0.0071212444,-0.0015011161,0.014244716,0.0036238022,0.011352405,0.026586797,0.013696371,-0.0019960653,-0.0011808238,0.0,0.00404223,0.012903209,0.004868762,0.0052545588,0.001377933,-0.0011741817,0.025186807,0.0040468527,0.0074820197
2020-11-20,0.011095072,-0.0025148448,0.0052551953,-0.005482997,0.023782704,0.012256949,-0.0033102352,-0.0027271279,0.0101209665,0.00042276198,0.0,-0.01321767,0.00836999,0.014687893,0.009670355,-0.127572,0.00046542572,0.0102467,0.01931324,0.006779288
2020-11-23,0.0042017535,0.004038017,-0.0017666421,0.014928473,-0.0032316986,0.080519006,0.0050633177,0.008214235,0.010408974,0.10876553,-0.0017488662,0.00052808813,0.0012921373,-0.015703248,-0.006840962,-0.12235207,0.0,0.0039632097,7.171281e-05,0.0030325628
2020-11-24,0.0017840167,-8.8170964e-05,-0.00026802914,0.005862651,-0.025315527,0.056756206,0.015738063,0.0021307047,-0.0063608293,-0.0009476031,-0.006260316,0.009483394,-0.0034335286,0.009983149,0.0,0.03602673,-0.022945283,-0.03251932,0.008508178,-0.02502972
2020-11-25,-0.023649506,-0.0012304231,0.024077406,0.0053731706,0.004850381,0.001387715,0.00618855,0.0016621854,0.0018268889,-0.011529297,-0.010069036,0.006230454,-0.029771717,0.0001561185,0.014532182,0.06548475,0.008424493,0.0069879927,0.012307567,0.008067137
2020-11-26,0.0046906965,-0.015160251,-0.029914895,-0.0065250793,-0.0074978843,-0.000367184,0.01660972,0.019623198,0.0040568765,0.0008125822,0.012395454,-0.0011469824,0.0009002041,0.0030304138,-0.0044870116,-0.013910592,0.019896388,-0.10203471,-0.00688851,0.0043556285
2020-11-27,0.0144980615,0.0,-0.0039129993,-0.0013983496,-0.0014531834,0.0075216847,-0.0065182545,-0.0047363746,0.0021780182,-0.008860163,0.016264638,-0.0014748478,0.011778699,0.014777054,0.002230049,-0.0004431398,0.002024407,0.012034737,-0.033538423,-0.0041639507
2020-11-30,0.011414363,0.008106245,-0.0054964432,0.06015479,0.023375673,0.004500578,-0.0055264095,0.0034599532,-0.0010180675,0.0013170217,0.0075228373,0.0033059737,0.0056646066,0.0017442029,0.009044945,-0.07691816,-0.012477114,0.014988499,0.0031297484,-0.011094266
2020-12-01,0.0082030175,0.0069096545,0.0136003215,0.0074222586,0.0051186834,-0.0013150198,-0.009037666,0.007170999,-0.002401003,-0.0012863768,-0.008050372,4.3186694e-05,0.012623081,0.009699802,0.0011103832,-0.010866815,0.0006569924,0.055444177,0.01043329,0.012786067
2020-12-02,0.005256489,-0.0016439813,0.0017788374,-0.041670956,0.011154883,0.0025164704,-0.04078641,-0.008563513,0.0025493603,-0.07938112,-0.008758167,0.00020058094,0.016871,-0.0043332437,0.0040490683,-0.031412657,0.0012058915,0.015496985,-0.009053011,-0.031380165
2020-12-03,0.003628818,0.003025546,0.014686763,0.03662359,0.0009803419,-0.0095667895,-0.003641113,0.00613199,0.01305888,0.024238434,0.005650889,0.014855551,-0.0017957168,-0.0017498423,0.0063970825,0.011751844,0.008706772,0.0070007443,0.021249935,0.0
2020-12-04,-0.0034198281,0.016004171,0.0029008298,0.018901223,-0.0011039433,-0.12568745,-0.0054882425,-0.009830509,-0.0031745275,0.037737653,0.022293858,-0.002171277,0.016309334,-0.0021749625,0.014096636,0.0018738507,0.00019874539,0.023680542,0.008304899,0.0015236199
2020-12-07,0.0021623054,-0.001396785,0.011815976,0.002341018,0.008642577,-0.051770654,0.012256729,0.011216911,-0.0061045703,0.014901043,0.0055481032,0.012510841,0.010429557,0.013548239,0.021041429,0.060510397,-0.0063913637,0.00041427108,-0.0066597513,0.007697602
2020-12-08,-0.007294049,0.0058534336,0.001567101,-0.0071071237,-0.0066891517,0.06443425,-0.11815985,-0.010398944,0.0002816742,-0.016269876,-0.03202608,-0.00012757619,0.016244086,0.006218665,0.007312714,-0.037431404,0.008220431,-0.0001188475,-8.0636826e-05,0.010675997
2020-12-09,-0.011341393,0.0018434011,0.0042525255,-0.00935175,-0.009404859,-0.0052619954,0.013391921,0.00435549,0.0044440078,0.028608745,0.041023005,0.0,-0.004762785,0.011245774,-0.003293536,0.0062923967,0.00018008401,0.0039051753,0.012928766,0.0018177343
2020-12-10,0.032467958,0.0023201094,0.0,0.007202318,0.04228219,-0.07288011,0.038847268,0.00557528,-0.001631077,-0.014406149,0.006931601,0.0026165848,-0.0076918006,0.0022789345,0.0053168368,0.003388156,0.005183341,-0.0027891565,-0.0019202651,0.007407789
2020-12-11,0.0011918131,0.0003589733,0.00028316263,-0.003337854,0.0024092428,0.013477932,-0.0037299877,0.0,0.007248142,-0.01916603,-0.0064061936,0.0,0.010093442,0.010165547,0.016729586,0.042254835,0.0066068266,-0.063846916,0.009795045,0.006200375
2020-12-14,-0.0013121826,-0.021370051,0.0066894465,-0.0020315049,0.00931493,0.00560082,0.014412542,0.0013781991,-0.0021584663,0.016138358,0.01216019,0.006653604,0.005291488,-0.0006901378,0.0057688467,0.039237376,0.0014469239,0.0046574418,0.0043428442,5.0720333e-05
2020-12-15,0.010894085,0.00021133112,-0.005736526,0.021826688,-0.013918207,0.00052986137,-5.0858597e-07,-0.0060332026,-0.0019966061,-0.0053125336,-0.014233833,0.0033325583,0.033852555,-0.0021839915,0.018496804,0.033098493,-0.008771893,0.006019453,0.00663778,0.0
2020-12-16,0.0033747677,0.0010062538,0.006226846,-0.029752385,0.0030065996,0.10685831,-0.0005370907,0.004238775,-0.0007294696,0.00021848493,-0.0031753888,-0.0007180634,0.0051252325,-0.0060974522,-0.0017409365,0.0036417397,-0.0067239823,-0.003213792,0.020443954,-0.002813442
2020-12-17,-0.0015582881,0.012030314,0.006194202,-0.001978269,0.00972222,0.004581066,0.0015400684,-0.014184871,0.012713855,0.03901607,0.011811926,0.0061991904,0.0,0.0025719893,-0.0027270478,0.007607754,-0.011495148,-0.00025875372,-0.0029407057,-0.015246358
2020-12-18,0.009145214,0.008697645,-0.029778656,0.009157033,0.018568471,0.0013636736,-0.021644818,-0.027335871,0.019339716,0.0025085101,-0.00050078786,0.007041313,0.0018207887,-0.00038369562,0.0013019227,0.009123757,0.019269446,0.020933064,0.0024962018,-0.022722963
2020-12-21,-0.011830313,0.004441718,0.00093274406,0.017416043,0.008206166,0.045315634,0.0051939874,-0.0030771291,0.007217379,-0.009046762,-0.002882825,0.0053458787,0.014961531,-0.0034772481,0.010654435,0.0009097237,0.0064100856,-0.012266498,0.008785073,0.0032772447
2020-12-22,0.011290681,-0.0032282986,0.00027949072,-0.008125233,0.004492377,-0.1230306,-0.0094442535,-0.0144979395,-0.00060116546,0.10050769,-0.0024026455,0.01376315,-0.07728402,0.017298205,-0.05212989,0.016533567,0.0058878493,-0.0069937008,-0.00334969,0.003534446
2020-12-23,0.0040708506,-0.0027531749,0.008956081,0.026731297,0.0007811391,0.0007180481,0.0037782786,0.013196245,0.0006919291,-0.0053163646,0.025771957,0.0030198314,0.018031249,0.026896462,0.011512045,0.0033844428,-0.0045782994,0.0029428632,-0.04267712,0.024300877
2020-12-24,0.009379733,2.6566358e-05,-0.016427042,-0.00044248,0.037180968,0.0059795347,0.0014955068,0.014425399,0.0,-0.039450392,0.011276937,-0.0015467234,0.0044383993,0.009668856,0.011628929,-0.029793495,0.02254376,0.076495476,0.019787567,-0.003538574
2020-12-25,0.011727139,-0.019914873,0.0012019392,-0.013286397,-0.01914242,-0.01989774,-0.018611094,-0.01717704,-0.0004857464,0.013632325,0.017313953,0.0060757385,0.0027351258,-0.005334544,-0.0058809705,-0.12609883,0.0047695437,0.0036366787,-0.026334353,0.01167628
2020-12-28,0.009378508,-0.00020742872,0.004828923,0.06427001,0.0043096673,-0.015313701,0.014413454,0.0031558322,0.0038152742,0.009931833,0.0049662595,0.001446151,0.0015461645,-0.0009784856,-0.013598717,-0.029646708,-0.0030486807,0.0017474041,-9.042136e-05,0.0017760018
2020-12-29,-0.00083629414,-0.016554287,0.0048631937,-0.04374721,0.0018411229,0.012104499,-0.011681603,0.01203804,0.004380763,-0.025247697,-0.027433751,-0.0075642164,0.0068244208,0.021750169,0.0010829193,0.1071131,0.007929724,0.00916869,0.0009871059,0.015950935
2020-12-30,0.007293784,0.008068773,0.016544884,0.0014979977,0.020731997,-0.011243787,0.0012875504,-0.0048943637,0.0022258516,0.060176436,9.369617e-05,0.0029517738,-0.0019564366,-0.0065126703,0.0,0.0066259047,0.001994139,-0.051316455,-0.013382095,0.004586812
2020-12-31,0.0006103793,0.0021455365,0.003091115,0.017215008,-0.0027654627,0.015400397,0.00043623956,-0.003986987,-0.004716388,0.0055951113,-0.00093062007,-0.00044175624,0.00605473,-0.0015282,0.024309743,-0.0005081511,0.008149729,0.0179825,0.010395748,-0.010041084
2021-01-01,-0.0025757663,0.008090019,0.0020433904,-0.011267484,0.007914945,-0.029640468,-0.058980826,0.0012629576,-0.005296003,0.0,-0.00603983,0.006450007,0.005620222,0.0017072383,0.014228546,0.017319223,0.0063944515,-0.0012043323,0.007088277,-0.00323802
2021-01-04,0.0023135543,0.0018326375,0.0036076668,0.004749716,0.016102731,0.004251249,0.004742634,0.0076840445,-0.0035310565,0.10757119,-0.0020308823,0.0,0.013863268,-0.016097292,-0.03156474,0.009161863,0.0067455145,-0.0006249322,-0.00048063468,0.012303942
2021-01-05,0.01111377,0.0022531168,-0.028615143,0.024218243,0.011096925,0.015093512,0.01313413,0.0012421813,-0.005607733,0.025646586,0.009119389,0.011539993,0.0016718828,0.011546869,0.00073251093,0.03386384,0.007452787,0.0040953923,0.012539225,0.012815641
2021-01-06,0.0009793034,0.002152226,0.0029931339,0.014634761,-0.00030104455,-0.12359325,0.016883634,0.026271386,0.0047603347,0.017205844,-0.0006442898,0.008716484,-0.00092537986,0.015963137,0.02151724,0.006778851,0.0,-0.00614987,0.013769175,-0.002167115
2021-01-07,0.0045671714,0.011450987,0.0028138668,0.0034517408,-0.018262826,-0.004685893,0.0129292775,0.012852973,-0.0007560091,-0.0036125588,0.0,0.002462701,-0.0037459217,-0.00040086513,-0.00117958,0.013162061,-0.0017464168,0.032804683,0.012883186,0.01370424
2021-01-08,0.0032244092,0.00094208174,-0.010250791,-0.011817951,0.0,0.059047606,0.001361016,-0.003491832,-0.02092082,-0.0065115592,-0.013919753,-0.0015718489,0.009918868,-0.027174404,0.010895235,-0.049535993,0.0038753739,-0.007383961,-0.0025994703,-0.0010498345
2021-01-11,0.004234959,-0.010157009,0.0016370235,0.010199913,0.006175094,-0.018542754,-0.006697146,-0.0050555337,-0.006200581,-0.015564998,-0.0033108755,0.0062985127,-0.004690332,0.0021875524,-0.0011162779,-0.0070077023,-0.005713836,0.03808506,-0.06798415,-0.0037715863
2021-01-12,0.012036379,0.014930565,0.01867584,0.008868871,-0.0054805186,0.1078191,0.0075082476,0.009570173,-0.007326688,0.065119594,0.00037521898,0.0002122932,0.014966263,0.012082166,0.0,-0.018478962,0.0024254238,0.0029830437,0.013599922,0.012899334
2021-01-13,-0.00034292918,-0.022981327,-0.0075345477,-0.0026883576,0.013717935,0.025155447,-0.00036254138,-0.010120255,0.016179863,0.0,-0.006911038,-0.0017782244,-0.0002299376,0.01273202,0.0073846662,0.0022313928,-0.003103796,0.023798356,0.021155247,-0.0006011031
2021-01-14,-0.008185078,0.0061260965,0.0075563467,-0.0071076183,-0.014636583,-0.003115416,-0.00033183498,6.4134815e-06,0.018617805,0.007751452,-0.015101933,0.00013632914,0.008041788,-0.0031127,-0.020455511,0.004698754,0.0,-0.005494088,-0.018653903,0.0006324195
2021-01-15,-0.010840895,0.007554704,0.007847916,0.011280722,-0.0014956786,0.024857704,0.0016632829,0.009040052,-0.08105473,-0.1267007,-0.114404455,-0.0036016123,0.0016056385,0.01665642,0.01984058,0.024719413,0.0014780707,0.021210268,0.024106694,0.00968282
2021-01-18,-0.0004534939,-0.0038379077,0.003163237,0.008697102,0.0069319946,0.014608406,0.008381023,0.0023716423,-0.0015862565,0.008699063,0.09859063,0.0012629501,0.0,-0.00999469,0.00941784,0.018537465,0.00028111864,0.013620956,0.022818072,0.001356164
2021-01-19,0.00030518795,0.003964646,0.0062254374,-0.03848953,0.017354371,-0.011359026,0.0,-0.0046630832,0.031715907,-0.0056499857,-0.10502207,-0.0021699858,-0.0028289505,-0.10199755,0.014955428,0.0022574745,0.0025586511,0.0013587216,0.0042598723,0.0031036702
2021-01-20,0.01174193,0.0037160185,0.015203784,0.042620856,0.00036829748,0.021763222,-0.002950774,0.02344301,0.012062249,0.016054124,0.034695275,0.0004232557,-0.012343395,0.01666588,0.016948307,0.013783549,0.009601058,0.015515714,0.0017106847,0.00071004516
2021-01-21,0.0060721566,0.01218172,-0.024571046,-0.008321192,-0.0046077142,-0.00946615,-0.010401442,-0.0071970355,0.001828974,-0.008116205,-0.010477544,0.002901722,0.0040080855,0.0090305675,-0.002964534,-0.07931043,0.005370041,-0.0067401114,0.010424877,0.0029032922
2021-01-22,0.006380996,0.0020739196,0.011548697,-0.024441997,0.018994113,0.01337866,-0.016068209,0.006942583,0.0044480953,0.090565026,-0.00045111895,0.012817162,0.0057285097,-0.015743671,0.001734564,0.05993773,0.000234372,0.0037729337,-0.035732627,-0.0035604476
2021-01-25,-0.0027125515,0.015267773,0.01129197,-0.03555889,0.0012863879,0.016700977,0.00835351,0.029609704,-0.006888865,0.011528332,-0.030066093,-0.0020172787,-0.017162953,0.0150189,-0.011219561,-0.004960316,0.0032953306,0.00030087703,0.00037036077,0.0015456112
2021-01-26,0.0003900034,0.003432557,-0.009419445,0.0033656836,0.010437953,-0.012367032,0.016945798,-0.0031420984,0.0,0.052246477,0.0,0.0070208316,-0.03332711,-0.0014754245,0.0064382902,0.0122141335,0.0043510725,0.010552985,-0.0031068674,-0.008327698
2021-01-27,-0.015630819,-0.0002411853,0.0032364489,0.023477051,-0.001766244,-0.0026530435,-0.012455494,-0.00553402,0.011530106,0.0,0.009112635,0.004186473,0.025194656,-0.0007533655,0.01567339,0.030814832,0.0012449373,-0.0032350367,0.014433701,0.0076692374
2021-01-28,0.0036294637,0.0048836744,0.0031067468,-0.040728472,0.0055927276,0.021282949,0.012714223,0.0,0.0070971893,0.0,0.057460662,0.0043885782,-0.008433528,0.00821667,0.0040463554,-0.11067187,0.007810818,-0.0047577415,0.0077584446,0.018375635
2021-01-29,-0.0070312363,-0.0007091681,-0.0004536247,0.020124324,-0.024894297,0.002966318,0.010455885,0.007219443,0.0021124254,0.010189334,0.008884852,-0.006914625,0.013097762,0.009727781,-0.01386909,0.03627687,0.0036418994,0.0019837474,0.017260673,0.006339587
2021-02-01,-0.007643645,0.0032864944,0.0049376404,0.0028616951,0.0022937146,-0.013865626,-0.00027711413,0.017205758,0.0080700675,-0.0025926386,0.013211092,0.007383499,0.023358898,0.0,-0.0014958435,0.019355552,0.00066158007,0.01099309,0.00809142,-0.004024923
2021-02-02,0.0031021642,-0.0015447756,-0.0040689292,0.036586434,-0.010870661,0.09208386,-0.023950025,-0.0030045104,0.0023782013,-0.014008846,0.016664691,-0.002462336,0.0,-0.0023204866,0.01394639,0.00836139,-0.00028779902,0.010049094,0.00046837653,0.0033916228
2021-02-03,0.014876493,0.0047160992,0.0032825763,0.04092917,0.009368231,0.01208742,0.037831128,0.005255005,0.0060394346,-0.017438218,0.02893769,0.014308027,-0.019462682,0.001234875,0.0062321704,-0.003314462,0.003589331,0.009112363,0.0063963165,0.002286578
2021-02-04,0.0014895953,0.0051084207,0.02519063,-0.017972793,0.021625157,0.0020565623,0.0015120533,0.0061494336,0.0015815566,0.0025490257,-0.022351505,0.008664337,-0.004581671,0.00978918,-0.0016976016,-0.0013063373,0.0032146813,-0.0007350956,-0.0005832695,0.0038036725
2021-02-05,0.061664436,0.020151531,-0.009604606,0.0010983804,-0.01925475,0.010701736,-0.003058511,0.0025306912,0.008979365,0.016350847,0.0036346908,0.012056738,0.0012808496,0.012218672,0.010441576,-0.006422087,0.017257763,0.014107595,-0.0009381074,0.00525808
2021-02-08,-0.011244704,-0.010857045,-0.014647068,0.014488988,-0.015773922,-0.01572986,0.0096213855,0.007967802,-0.0017294656,-0.00065095973,-0.029629081,-0.026798291,0.023760771,0.014471225,0.008199315,-0.013605113,-0.023250332,0.005902049,0.025833096,0.0
2021-02-09,0.022408782,-0.013729182,-0.0031113948,-0.030466294,0.022038618,0.010893813,0.0024016532,0.005211714,0.005101597,0.047852565,0.002228482,-0.029133352,0.008485613,0.0049541844,0.016176902,0.0044834153,0.029477902,0.0012268809,-0.004288207,0.022303522
2021-02-10,0.004068247,-0.014357463,0.028942313,0.015388079,-0.024726631,-0.023836816,0.0071676583,0.008895358,-0.0007653652,-0.0026120392,0.02653375,0.005481779,0.010588466,-0.007818066,0.0040085963,-0.05988997,0.0014085039,0.00052453915,0.018246667,0.0013721045
2021-02-11,-0.011098863,0.017573634,0.010579699,0.009853568,6.308515e-05,0.014808304,0.0084730005,0.011467872,0.0009268038,0.0012908998,-0.037782885,-0.029528499,-0.00089806353,0.0014215766,-0.0015362838,0.09861554,0.043631483,0.0039519924,0.0033469454,0.015488173
2021-02-12,0.028504137,0.011891632,-0.008432618,0.0017068777,0.012509757,0.007740927,-0.013630228,-0.029935619,0.01133012,0.009059981,-0.00087196915,-0.0027410034,0.010538361,0.00055186526,0.012857589,0.008482146,-0.017331596,0.004699795,-0.005526909,-0.004128598
2021-02-15,-0.015290944,-0.000370134,2.729362e-07,0.010047392,-0.00075021083,-0.01603575,0.013585011,-0.009473461,-0.0078109093,0.010769184,-0.008277564,0.06869676,-0.0027632734,0.004439207,-0.0059611024,0.0039202967,-0.087033555,-0.0034845783,-0.0025934882,-0.005924151
2021-02-16,0.021132546,0.00033113227,0.025796527,0.017891912,0.0076202373,0.043817893,-0.0077368477,-0.0068256673,-0.003582549,-0.0060380325,0.029717974,0.014305104,0.02585889,0.000996639,-0.010186512,0.008938644,0.030976444,-0.00015209416,0.022326129,0.013078048
2021-02-17,0.028599966,0.0036986517,0.0068906005,0.016148837,-0.021363271,-0.0006172492,0.013216864,0.0073552746,0.0016787833,-0.007935971,-0.0009924698,0.011812307,0.005790721,0.0,0.0070794434,0.02851154,-0.005927153,-0.001028716,-0.0061063603,0.010138758
2021-02-18,0.010967624,0.009126169,0.014816225,-0.0021551463,0.03430492,0.020237537,-0.011019657,-0.0005329216,-0.014752281,0.0071666865,0.0048917886,0.0042156307,0.01830951,0.0073322677,-0.0037801308,-0.023006871,0.006508935,0.015958501,0.02383298,0.02121311
2021-02-19,-0.004720643,0.0018892783,0.011813141,0.00491431,0.0035777444,-0.0017333603,0.009378345,0.0076098535,0.005618862,-0.008599936,0.012242215,0.0031574098,0.027555272,0.014692036,0.019229602,0.025169937,0.04545337,0.0047371937,0.0052370317,-0.020119386
2021-02-22,0.016620768,-0.013641206,0.020167232,0.0,0.0107076885,0.004022346,0.0008370469,-0.009078737,-0.0010109874,0.00093392143,-0.019483788,0.032618884,-0.010332061,-0.0072289812,-0.0022377344,-0.02396355,0.008944852,-0.0050311633,0.0069714594,0.00970654
2021-02-23,-0.006453721,0.0,-0.0036013834,0.00042549171,0.0066472073,0.021773228,0.010671034,-0.016834611,-0.0015323808,0.039302412,0.012091787,-0.022477044,0.0038951235,0.008651716,0.022150464,-0.009478176,0.034711897,-0.014108816,0.00120483,0.0036150825
2021-02-24,-0.014438142,-0.01852002,-0.003716086,0.014914187,-0.025603363,-0.0047270716,-0.003014839,0.0,0.0018206778,-0.02646399,0.0028323552,-0.0010606494,0.005375067,0.004752232,-0.0029096166,0.010518854,-0.016296145,-0.028106043,-0.0033749526,0.00911551
2021-02-25,0.049028788,0.0075761294,-0.0123528475,0.004599935,0.03396031,0.018695693,0.0015283993,0.021354575,-0.0036825375,0.000116207404,0.015735287,-0.07384353,0.016452858,0.0075410996,0.0027267614,0.009908443,0.0019226926,0.013762746,0.013838333,-0.023626406
2021-02-26,0.0,0.0005648767,0.010854768,0.0060738428,0.032790244,0.002376021,0.011854797,0.021205118,0.009838932,0.0085788695,-0.02529572,0.03639774,0.012047074,0.0097685335,-0.004496408,-0.03459554,0.024646068,0.0038388632,0.0018504265,-0.014285233
2021-03-01,-0.022979189,0.0008464512,0.0091027,-0.00023400069,0.0070431344,0.016125673,0.0029938663,-0.0016485014,2.5876288e-06,0.041528653,-0.03563326,0.062028456,-0.005098883,0.0,0.009126551,0.0009814854,0.014110751,0.012940785,-0.0020003866,0.02353046
2021-03-02,0.021720946,0.029741973,0.010354754,0.0152897285,0.0017864748,0.005470707,0.013994685,-0.007697535,0.020028392,-0.00036777783,0.06796773,-0.011574831,0.011655258,0.012598139,-0.00276392,0.019363087,-0.029826308,0.011281992,0.007872258,-0.015998196
2021-03-03,0.005275085,0.012754809,0.00018469902,0.0051106974,0.0074155238,0.00083059934,0.0011770747,0.018539727,-0.006358287,0.055213988,-0.00768707,0.006165817,-0.026192369,0.005861522,0.015357582,0.038992826,0.008947384,0.0016498553,0.0030587025,0.0073216637
2021-03-04,0.016691547,-0.0018281607,0.0036206888,-1.1915825e-05,-0.0019983938,-0.013087883,0.0091667855,0.0046048304,0.0131855,0.0032671008,0.04181543,0.0336005,-0.0029998983,-0.002508224,-0.00024214797,-0.013836957,-0.007333165,-0.00104698,-0.002838114,0.0025473249
2021-03-05,0.015277369,0.003962779,-0.00022242636,0.018271614,-0.0014202284,0.011052222,0.013219141,-0.014611803,0.0022566484,-0.009975364,0.013296344,0.0,0.009151732,0.0024685203,0.006497518,0.017233176,-0.0046852836,0.015130097,-0.004095992,0.023957103
2021-03-08,-0.0017593021,0.00095504633,0.0012214016,-0.002253034,0.014582309,0.012102457,-0.0018236978,-0.0033766478,-0.010785123,0.014888514,-0.00039144006,0.0023850312,0.007815375,-0.0036598453,0.015855102,0.0009821613,0.048264503,0.0042893155,-0.008530974,0.0005224045
2021-03-09,0.024426844,0.008520872,-0.0067838947,-0.0050914697,0.005875913,0.010223272,-0.0049237516,0.0040887343,-0.0041591753,0.012557018,-0.0025826844,-0.008395495,0.0033795254,-0.020371847,0.00072128343,0.0005311914,0.012763812,0.0018307178,0.008194693,-0.008036118
2021-03-10,-0.007518785,0.0018834615,0.023362124,0.0025139193,-0.056368116,0.0011947571,0.0026314307,0.006962358,0.013469088,0.0066416916,0.00281288,0.046705082,0.016113872,0.011128665,0.011549161,-0.029992973,0.0007360557,0.0051398682,-0.00833354,0.008359118
2021-03-11,0.0034554913,0.013847002,-0.011913351,-0.005229292,0.034395438,-0.0012909287,0.006578338,0.0004042073,0.012919345,-0.0011768139,0.011212122,0.01128059,0.015176828,-0.007227531,-0.028315116,0.0,0.006954238,7.196619e-05,0.009885185,-0.0013538823
2021-03-12,-0.0121443635,-0.0030818798,0.017429693,0.0,0.012764569,-0.0011522421,-0.00036695076,0.00065620895,0.00038338575,0.013818568,0.00814355,-0.011119972,0.011375807,-0.00090462173,-0.0051621003,0.014533329,0.0009510153,0.0072601717,0.0035645303,-0.000523219
2021-03-15,0.038803816,0.002237003,0.014721914,-0.02348722,0.00706062,0.0032380747,0.003879274,0.0043740273,0.019581601,-0.016917663,0.0030279574,0.021974877,0.011018559,-0.0029214313,0.0026371863,0.0009312224,0.0033030794,-0.017620213,0.0059923925,0.013484502
2021-03-16,0.0034642569,-0.009434471,0.023902653,0.010253124,-0.017333029,0.011818506,-0.008191882,-0.0072234813,-0.0034401815,0.009166206,-0.03370161,-0.0051007997,0.007446283,-0.00032768192,-0.0009182942,0.0077947048,0.0,0.012884102,-0.0019819313,0.012539614
2021-03-17,0.019306513,0.004515061,0.00029858176,0.0038949575,0.0,0.0025945962,0.008371046,-0.0018334114,0.0025640712,-0.023862304,0.014438725,0.013464281,-0.0068310136,-4.5096647e-05,0.019361679,0.0,0.01233106,0.0035108246,0.0,-0.04004713
2021-03-18,-0.005531058,-0.0064843884,-0.021141933,-0.010502904,-0.0023116732,-0.0018464164,-0.0007395426,0.0130567,0.0,0.014215079,0.0038637046,0.022461822,3.4149376e-05,0.0012288127,-0.0051863417,0.0,0.00312368,-0.0009355144,0.0,-0.014645751
2021-03-19,0.0035077601,0.012420375,0.0029910542,0.00803326,-0.007576106,0.009128691,0.0077789896,0.014558281,0.00874659,0.017646745,0.063627735,-0.0037661681,-0.041317612,0.019085353,0.013991496,0.0065842485,0.00046754532,0.0031013386,0.017496495,0.050763108
2021-03-22,0.0,0.005664417,0.0077319406,0.014931601,0.015851486,-0.03185673,-0.0005451706,0.013780129,0.012766517,-0.014830294,0.01941228,-0.0115464125,0.021895217,0.0056114085,0.015521716,0.00280869,0.008981894,-0.0010388494,0.016631445,-0.0014889172
2021-03-23,0.005350153,0.0,0.009476207,-0.0017181796,0.0043422594,0.0018867973,0.014593733,0.005636936,-0.00052120304,0.0,0.0014020979,0.011664362,0.0041246866,0.02385354,0.005258312,0.027553413,-0.00153519,0.012968584,-0.015882524,0.0118135465
2021-03-24,0.028960008,0.0050244546,0.007408292,0.0034035954,-0.016832536,0.009039553,-0.0043373695,-0.00022197817,0.009375452,-0.031552613,0.0041034473,0.013299913,0.00802848,-0.000680134,0.0057895156,-0.029902274,-0.010417426,-0.007938212,-0.0068365317,-0.068573125
2021-03-25,0.0066665597,0.0023269705,0.005013545,0.0029412888,0.0015966143,0.0028802603,0.0031759285,0.014343925,0.004663365,0.016224109,0.010569718,0.002199864,-0.005341482,0.0021530418,-0.006583524,0.038494084,0.0012485612,0.0008466459,0.013009825,-0.012917649
2021-03-26,-0.022758707,0.0015678375,-0.0040458916,0.004497424,0.008230411,0.00010414231,0.0015944205,0.0010017258,0.0,0.018129524,0.008994243,0.012337758,-0.0057626734,-0.002903077,-0.001042054,-0.008424352,0.00793093,0.0030399607,-0.030758385,0.018606087
2021-03-29,0.027467048,0.0088502,-0.008673753,0.0017176643,0.0003042509,0.0014028405,0.0,0.00025055683,-0.008078886,-0.0030695205,-0.005502967,0.007194116,-0.014908913,0.012349395,0.0065527484,0.047694154,-0.0025733896,0.003961885,0.012848185,0.0012858153
2021-03-30,-0.0033502257,0.008275351,-0.00053896266,0.0004942767,-0.005957243,-0.0053112498,-0.0004559157,0.0004647519,0.015204352,0.010150033,0.008352163,0.009374992,0.00625514,-0.0075502326,0.0026356191,-0.003373903,0.011528647,0.006585928,0.0077561694,0.00029965554
2021-03-31,0.0069924514,0.00037310203,-0.0036672014,0.014031081,0.004325521,0.015193594,0.019062532,0.013431618,0.0,0.009761884,0.0007074037,0.0062437993,0.00017251447,-0.010751988,-0.012531163,0.005895936,-0.01053923,-0.0021733951,-0.0027210324,0.017253362
2021-04-01,0.0042744856,0.012102331,-0.00054962805,-0.0008815334,0.002836686,-0.0034063938,-0.004764248,0.005000762,0.0066259676,0.02499059,-0.0016852258,-0.0025553342,0.03869699,0.01582401,0.006532647,-0.008136642,0.022191059,0.010121832,0.010107497,0.014933099
2021-04-02,0.022079654,0.0035021082,0.005514571,0.021767894,0.00015159133,0.0016689072,-0.0004847665,0.0060190205,-0.0105737215,-1.1282849e-05,0.00457918,0.0029722792,-0.025888626,0.023299707,-0.0046950453,0.025673237,0.031217502,0.003586662,-0.007508132,0.019605903
2021-04-05,-0.017093277,-0.008002344,-0.0073387013,0.007979102,-0.0008346163,0.00870794,0.002145267,-0.021195013,0.005430044,0.00573266,0.0003633761,0.028453218,0.022396952,-0.0026884053,0.0073748915,0.013099636,-0.0026468514,-0.004879902,0.01922941,0.0010642107
2021-04-06,-0.00610011,0.0012795228,-0.0069889226,-0.0031682746,0.015806876,0.0013670824,-0.0025351339,-0.002300628,0.014537067,-3.1958125e-06,0.03136861,0.0056973784,0.01741384,0.00022216205,-0.00044051133,0.03947266,0.00997539,0.00358535,0.015600863,0.009848839
2021-04-07,0.0053913873,0.015505922,-0.0027494181,-0.002127485,0.0,-0.013210267,0.002248896,0.014410191,-0.0024709487,0.0050503984,-0.022439757,0.0024457376,0.0023134248,0.0131753,0.013981506,0.008060139,-0.00074829644,0.0016206099,-0.029151563,-0.002570107
2021-04-08,0.0014366008,0.010134269,7.1026145e-05,-0.0055157174,0.002767201,-0.013656778,0.0058229263,-0.0027029843,-0.00082030083,0.01570989,-0.010897933,-0.009891873,0.0,0.013388301,-0.011642891,0.023423515,0.019693622,0.0101699345,0.0004016455,0.019603096
2021-04-09,0.004575541,-0.05009795,-0.04204563,0.01087218,0.033383273,4.457593e-06,0.008472568,-0.0051482925,0.0128133325,0.0,-0.00020538246,0.007840945,0.0055301487,0.003708816,-0.005503711,-0.06663031,-0.0019094079,-0.0038774263,0.014894324,-0.015112707
2021-04-12,0.028574534,0.017321497,0.0053085857,0.0110775605,0.014005317,0.023601264,0.005438745,0.011640474,0.0065181777,-0.006525871,0.0062320917,0.0030849641,0.007250694,0.010234816,-0.010035972,-0.014764357,0.0086749215,-0.0014357626,0.0040215733,0.014699056
2021-04-13,-0.0024693988,-0.02021694,-0.001509915,0.008784728,-0.009035553,0.013055135,-0.0127453795,0.015562497,4.1429223e-05,0.0012160646,0.004941665,0.011236056,0.0057161064,-0.0011499651,0.005069898,-0.04566698,0.011810992,0.0076771327,0.00074474263,0.0032025762
2021-04-14,0.011298623,0.010704957,0.025923774,0.006926916,0.008369274,0.007825382,0.018158587,0.0,0.0064850207,0.0070912875,0.010631134,0.022214739,0.016740145,0.014125928,0.0083160065,0.007823768,0.0034295316,0.0034631346,-0.0042992393,0.009685713
2021-04-15,0.0078157475,0.005630443,0.033499483,-0.0090909405,-0.01777995,0.019574985,-0.0003653345,0.003584394,0.006330669,-0.008431312,-0.008520102,0.0038607426,0.00015211626,-0.021916924,0.017415559,-0.012861855,0.0047369897,0.00866969,-0.0025457495,-0.031362735
2021-04-16,-0.0014140189,0.011808285,0.0039507453,0.00028112278,0.0007379791,-0.0034315118,0.0035722046,0.0081174765,0.01656837,-0.0075260294,0.026991798,-0.0016561719,0.0013637774,0.021812912,0.01149282,0.067837484,0.010212409,0.007170432,0.006668095,0.022027235
2021-04-19,0.0057702116,0.005645782,0.010196943,0.0,0.019894885,0.0106932465,-0.0011585912,-0.0023193038,0.0059078126,-0.0007104523,-0.00045940504,-0.011244036,-0.00066881016,0.0016824397,0.004537744,0.005218941,0.008758828,-0.0029356587,-0.0025265897,0.0033499885
2021-04-20,0.008998417,0.0025017692,0.0025112743,0.018188413,-0.010349823,0.0029892668,-0.0028965494,0.012649101,6.0176768e-05,0.013556098,0.022471623,0.012263663,0.0147275785,0.002310055,-0.0039328225,0.0051194606,0.00965016,0.0038408518,0.016752686,-0.0017559361
2021-04-21,0.00957887,0.00022992828,-0.030329973,0.010464287,0.017334005,-0.002409998,0.001811531,-0.011986901,0.009636636,-0.009627326,0.00274209,-0.003110754,0.0020296557,0.012430725,0.02588685,0.015435987,0.0,0.0039615165,0.00051978446,0.012882466
2021-04-22,-0.008030514,0.016693505,0.0029008833,0.0091113625,-0.007395826,0.011302515,0.0036990459,0.0016688213,0.009132786,0.010678242,-0.012258333,-0.0011952074,0.0012768343,0.00045002528,0.00085054094,-0.018027997,0.00036879687,0.005176997,-0.0008726545,-0.0026108206
2021-04-23,-0.009837932,0.009052384,0.0092181675,0.009495855,-0.0054740817,-0.0042463685,0.0024952036,0.017337367,0.0014400092,-0.03400839,0.006482727,0.002906545,0.0021301794,0.007817367,0.0066753044,0.0009327935,0.014651012,-0.0034112881,0.008497471,0.014748404
2021-04-26,0.0034382856,-0.0007909883,-0.019040415,-0.013665996,0.014950883,0.010411563,0.015216998,-0.0032068456,0.0,0.023509717,0.012123221,-0.0382049,-0.002592779,0.0029922132,0.018938664,-0.007573083,0.0013685462,0.0018989119,-0.004205308,0.020058557
2021-04-27,0.00062836625,0.0022576635,0.03397041,0.0006710538,-0.0020768489,0.0055440995,-0.0018533436,0.0049977363,0.0,0.017385142,0.004051207,-0.0073009436,0.023986053,-0.0018311978,0.00971354,-0.021206437,-0.0035327198,0.005300762,0.016229548,0.004478696
2021-04-28,0.035497915,0.0,0.0009390798,0.0087020425,-0.0016169484,-0.030209776,0.005172702,0.0047303354,0.0010288613,0.012145995,-0.014386961,-0.002537997,0.0014003904,0.015980799,0.0039343215,-0.00048163105,0.021220082,0.004175583,5.3890395e-05,0.002340869
2021-04-29,0.013607918,0.0023072388,0.009808885,0.0117651615,0.023863576,-0.010099979,0.0040058075,-0.0012768584,-0.0048307227,0.022044182,0.002258639,0.027495477,0.0021477852,-0.0035707946,-0.006495953,0.008301031,0.0013577822,0.0004281027,0.0067575453,0.0010332948
2021-04-30,-0.0020862797,-0.0029309578,0.002809189,-0.0030756097,0.004456375,0.016075384,-0.001345195,-0.012872706,0.00901202,-0.0050953478,0.011865491,0.03912815,0.011415164,0.0039339834,0.011733972,-0.009741711,0.000869214,0.007882064,0.003330508,0.006341475
2021-05-03,-0.0017066754,0.01626171,-0.0043463544,-0.002151068,0.0036484648,0.016690416,0.004351904,0.011295453,-0.0031283293,0.015064053,-0.0020501597,-0.0004779109,-0.0061545344,-0.010058027,0.00727727,0.059603777,-0.0050708205,0.006037215,-0.0038798167,-0.0090019945
2021-05-04,0.0045541297,0.014659097,0.0134499455,-8.3248444e-05,0.0013808727,-0.01316202,0.00609555,0.015943903,-0.00045293444,-0.011443381,0.023269262,0.01188574,0.0024953953,0.007353996,0.0,0.017942812,0.0027880468,0.0024626807,0.011899356,0.004411175
2021-05-05,-0.0042817458,-0.0010934174,0.0030284342,-0.012227689,0.0016478602,0.0025386019,0.00028967962,0.010752205,0.0034252887,0.017525213,0.0016800516,0.021106571,-0.0008428483,0.0016171617,0.003074218,0.017211068,0.009606392,0.0046694856,-0.01120647,0.0035353578
2021-05-06,0.10412799,0.0025694452,-0.008137515,0.03689191,0.008223202,0.0071941465,0.004066209,0.059963703,0.024438193,0.010185537,-0.00053793535,-0.0030510405,0.002611539,0.003473412,0.004691126,0.02514335,0.010083934,0.0020044688,0.0136873275,0.0122219715
2021-05-07,0.005817007,0.0069852006,0.01289089,-0.0028054968,0.021128748,0.00074632047,0.025660196,0.0,0.008780492,0.00650057,0.010840793,0.009059925,0.0060135056,0.049897622,-0.008313691,0.0186032,0.003782261,0.006187235,0.0032003894,-0.029630827
2021-05-10,0.00634257,0.019638574,0.017608197,0.00030025997,-0.0018545225,0.021750465,0.0074356236,0.030599022,0.010422606,-0.010181609,-0.0022368948,-0.0015657665,0.006148225,0.0054771146,0.011819706,0.019123979,-0.005961959,-0.00247282,0.0051124105,-0.00032087998
2021-05-11,-0.015067035,-0.012424636,-0.0012717592,0.009346408,-0.0017785847,-0.023029814,-0.021422185,-0.0007791667,0.0075281407,0.019713033,0.00071314437,0.020213611,0.002042585,0.0071494495,0.013842351,0.001182479,0.051194645,0.014303168,0.00782777,0.015800672
2021-05-12,0.009369722,-0.00215996,0.012360047,0.005234456,-0.013020887,0.010256195,0.022243815,-0.004600128,0.014223759,0.0044259317,-0.0007207174,0.003329386,-0.010075672,0.094955556,0.023073087,-0.0005265719,0.004030001,0.0013749874,-0.0016749359,0.0014444354
2021-05-13,0.04402299,0.0051690377,0.00156944,0.027108235,0.010427255,0.0048646224,0.006278294,0.006994501,-0.002680506,0.00039107405,-0.0015751596,-0.01178267,0.004134388,0.016036915,0.0073505607,0.006949658,0.021114687,-0.015120721,0.0024561181,0.041692466
2021-05-14,-0.0027102402,-0.023203215,0.009530448,-0.0037721174,-0.055059604,0.043466054,-0.015063946,0.010006029,0.008483338,0.017128631,0.0124245295,-0.011228785,-0.0019585069,0.017079776,-0.000897423,0.008161569,0.006023724,0.001832179,0.049448784,0.015507028
2021-05-17,-0.0041051097,0.017777236,0.017932523,0.022056054,0.020480698,-0.010480625,-0.0078808265,0.00028327946,0.008769105,0.0034226142,0.009876096,0.0125675555,0.009976427,0.008035462,0.0,0.003905309,0.00032849636,-0.008102535,0.013248241,0.0075447457
2021-05-18,0.029936902,0.014825928,0.004444626,-0.007588397,0.0023345714,0.059628833,0.007708077,0.010045503,0.0015328523,0.000527317,-0.0012082678,0.0015319538,0.001783492,0.058854107,-0.017800648,-0.0009604745,0.013417336,-0.0057930415,0.01022013,-0.0027938145
2021-05-19,-0.042647354,0.000270184,0.0071527464,0.006602617,-0.011082655,-0.021320306,0.007860905,-0.024228128,-0.0028932164,0.0045228535,0.007912175,0.0010055554,-0.0019401069,0.010758477,0.011332491,0.01141516,0.00469453,0.006510476,-0.022327984,0.022415288
2021-05-20,0.010091555,0.0188202,-0.025099572,-0.0234766,0.015208883,0.04616402,0.0,0.004224326,1.942125e-05,0.001903802,0.0063190083,0.021121288,-0.0017198538,-0.010075022,-0.0024388516,0.0073730135,0.0025398098,0.009667238,0.024553431,-0.00052794744
2021-05-21,0.033392064,0.0076321918,0.009720358,0.00464903,0.0012181483,0.0036156706,0.014368994,-0.0062461505,0.013289947,0.0161329,-0.0035243996,0.0071765874,0.0005815245,0.01598966,0.0015230072,0.0,-0.0001091802,0.01215681,-0.009179175,-0.012185921
2021-05-24,0.008039269,0.0008271876,0.004679122,0.015910057,0.007580069,-0.014365791,0.009069956,-0.0076216045,0.004878097,0.0009487047,0.011254708,-0.0019358994,0.01759076,0.002198642,0.007516805,0.002041114,0.0069594774,0.0018069769,0.010930161,0.033108518
2021-05-25,0.003056136,0.0,-0.0008778765,-0.010134094,0.02664681,0.0050731157,-0.0011071814,-0.0058321515,0.014539158,-0.0067781326,0.0040454958,-0.0037691214,0.006207918,-0.03607536,0.010310941,-0.0051326994,0.017145913,0.001757438,0.0022587792,0.0046813567
2021-05-26,-0.08814232,0.0062383525,0.014505902,0.0015297872,-0.007893175,-0.003944702,0.009936041,0.016366525,0.0059945104,0.0,-0.0056636473,-0.01067235,0.0,0.013626066,0.0110249575,0.0026930291,0.013443971,0.0134667745,0.0009878908,0.0048638154
2021-05-27,-0.023521291,-0.0021473037,-0.0033718045,-0.00020321754,0.0069582216,-0.004313298,-0.0032092626,0.032022182,-0.0007501687,0.017884655,-0.0013926453,0.002813238,0.007773048,0.0064660935,-0.003913539,0.015370862,0.004022825,-0.006074104,-0.016263248,0.007209263
2021-05-28,0.078704506,0.0064233756,-0.0036137032,0.033241015,-0.01600438,0.0,-0.022992186,0.029295491,0.0070047635,0.0042391093,0.0090519525,-0.0010978082,-0.0009207369,-0.018769896,0.0013521636,0.00051209104,-0.0017596835,0.010938268,0.0,-0.006348967
2021-05-31,0.018574558,0.011810155,-0.0028595666,0.047803793,-0.0014995909,0.0013611069,0.004127896,-0.007714268,-0.0023363042,0.005924855,-0.005590848,-0.0004311966,0.0013501447,0.054479275,-0.0012894012,0.014349296,0.010878191,-0.0010690016,9.572508e-05,0.011996134
2021-06-01,0.012703015,0.013556635,-0.012253842,0.010390285,-0.005325697,0.022398664,-0.00312926,0.0019001886,-0.00092941005,-0.008110139,-0.0011761631,0.0040716976,-0.002888929,0.046389572,0.006432231,0.0058376025,-0.013220461,0.009815261,0.0009821709,-0.008461187
2021-06-02,0.00742265,-0.0057958923,0.041770723,0.001806598,0.023475086,-0.035268243,0.06722315,0.003399277,-0.00020940635,0.011016964,0.00317024,0.02863689,-0.0008768843,-0.029529698,0.007816597,0.0073754066,0.041377604,0.010175245,0.0038021624,-0.007158792
2021-06-03,-0.044108197,0.0031065214,-0.017302485,-0.018050537,0.010390059,0.034434687,0.01860049,-0.029340854,-0.054310165,-0.018322244,0.0062156837,0.011866332,0.010956709,-0.0004728606,-0.0014995412,-0.0023705242,-0.0028872036,0.005253637,-0.0053453865,-0.00034664088
2021-06-04,0.02509936,0.021221545,0.004028399,3.092166e-05,0.001964986,0.0026989563,-0.004243067,0.00520682,0.007965173,0.0055478904,-0.0070552374,-0.020786775,-0.0016537395,0.010687836,-0.00054040557,0.005162828,-0.0056120753,5.9096605e-05,0.019369941,-0.00081237894
2021-06-07,0.008257239,0.0027209653,0.0013603672,0.009856947,0.010281805,0.008172675,0.0073858355,0.003159858,0.008280714,0.005223164,0.015885709,0.0009714718,0.0,-0.04954392,-0.016281834,0.012407636,-0.0027179613,-0.00028849542,-0.09658993,0.012128492
2021-06-08,0.09886923,0.014446891,-0.01782502,0.032754987,0.032599453,0.016054913,0.0017707404,-0.008324849,0.002111058,-0.010805426,-0.0019434417,0.006110501,0.000101220314,-0.043427132,0.011520012,-0.00020604952,0.01894992,-0.0047232104,0.021508723,-0.013679382
2021-06-09,0.007848012,-0.0019270302,-0.0004685993,0.015162179,0.0069084885,0.0098016085,0.00983796,-0.017388938,-0.013568803,0.017536715,-0.0011170486,-0.024631293,0.010654564,0.108092636,-0.01311495,0.0043508797,-0.00091661105,0.0013569182,0.022930086,-0.0008185134
2021-06-10,-0.02247711,0.016867839,0.0048558,-0.043048948,0.0054795677,0.004436212,0.01940637,-0.0028054668,-0.004080837,-1.9686939e-05,0.0046695895,0.014607281,-0.0021759507,-0.0009520634,0.014588428,0.010036961,-0.002348058,0.0063117966,-0.006715103,-0.01880593
2021-06-11,5.3266826e-06,-0.007345666,0.014868125,0.032937594,0.010342671,-0.00074664666,0.010036179,-0.004281016,0.009318318,0.016890528,-0.004489551,-0.0061528254,0.008082326,-0.002838997,0.0005576202,0.0035784163,0.0069447076,0.012448242,-0.003432976,0.0016776619
2021-06-14,4.4669134e-05,0.028950958,-0.01705217,-0.0011482801,0.017493844,-0.0024571603,0.0,0.015380084,-0.018695718,0.005458095,0.0047637206,0.022098161,0.0015692811,-0.0014446862,0.010062673,0.006178868,0.001302757,-0.003158089,0.039450314,0.01687691
2021-06-15,0.0011859668,-0.0008692049,0.0018648682,0.0024457963,-0.009861515,-0.00664724,0.006914803,0.022276394,0.025728567,0.011202491,0.0028312602,-0.00083259976,-0.0007452034,0.0074880286,-0.0034439885,0.0023368925,0.004630792,0.0007437979,0.0017797456,-0.0026581092
2021-06-16,-0.0032251067,0.0066539934,0.0057589025,-0.014587226,-0.03003299,-0.060980774,-0.012572664,0.003792099,-0.004539862,-0.011399421,0.01118187,0.007307301,0.006927003,0.012263987,0.0009787898,0.0,0.0064406386,0.007340336,-0.017555794,0.0016759441
2021-06-17,0.0038486384,0.0070087165,-0.00023322587,0.0069185533,0.0029826465,0.010241661,-0.0019182065,0.0151642505,0.00233527,-0.0003336295,0.0009958419,-0.010665076,-0.0021431122,-0.0023472658,0.020607758,0.002314688,-0.0010825973,-0.0024682924,0.0017411541,-0.004073237
2021-06-18,-0.019113112,0.0002057167,0.010919378,-0.012626675,0.013053398,0.0031898352,0.025887623,-0.0015308043,0.017515894,0.0018938115,0.0029813063,0.02206609,-0.006040298,0.0050145346,0.004139165,0.004892277,-0.013574504,0.0068645612,0.002036119,0.0022648436
2021-06-21,0.08596601,0.010172271,0.0171459,-0.010030999,-0.008444456,0.022098185,0.011175687,0.0,-0.0016431109,0.008568212,0.012453089,0.01062204,0.0099637555,0.008426334,-0.004335346,0.01988179,-0.026613746,0.00617091,-0.016290016,0.039008796
2021-06-22,-0.021713933,-0.0011014516,0.025284806,-0.003813506,0.0063953917,0.00407741,0.0010882027,0.012314755,0.0077293343,-0.025991382,0.008589166,0.00477813,0.005843943,0.0113700805,-0.00051497156,-0.039216217,0.005042211,0.0076730177,-0.009267372,0.009145727
2021-06-23,0.0617665,0.010399694,-0.023463896,0.010843812,0.008194958,-0.023302063,-0.008048125,-0.01228341,-0.015540039,0.0036728564,0.0041213287,0.0037608792,-0.009843647,0.011411186,0.0017397864,-0.0045963484,0.019912615,0.0025518993,0.013703162,0.018211631
2021-06-24,-0.0121507915,0.0108528,0.00015435513,-0.0006396952,-0.012146485,0.017340617,0.029638754,-0.009420853,-0.024194667,0.009892954,0.0022978229,-0.007640962,0.0024192622,0.059696652,0.0067977966,0.0036209438,-0.009985311,0.008572755,0.0026438697,0.019173626
2021-06-25,0.052781656,-0.007148518,-0.0030770614,0.03708306,0.00036305608,-0.0034809292,-0.006338052,-0.025344318,-0.113881506,-0.016025258,0.0050471867,0.01023722,-0.0003246108,-0.022466628,-0.0010688341,-0.0059056007,0.0059942883,0.0036502671,-0.029783962,0.0015164318
2021-06-28,-0.0008378729,0.00023180712,-0.0030666322,0.0036258663,0.00281144,-0.007500022,0.039389465,0.015540125,-0.018034022,0.0061929272,-0.0012153614,-0.0032524131,0.002307383,0.004012851,-0.001125141,0.0062006577,-0.013514461,0.0037169054,0.01774465,0.0014430596
2021-06-29,-0.0109143285,-0.008586785,0.0025926898,0.012998426,0.012383544,0.0024593286,0.0014601015,-0.003135765,0.011191086,0.009381622,0.0047696317,-0.011337765,-0.009342187,0.005435131,0.013476071,-0.0058342703,0.00055508583,0.016007204,0.024674853,-0.023971781
2021-06-30,0.01636837,0.016963094,0.0038802696,-0.0057153963,-0.003963807,0.010872349,0.0018432772,0.028321965,-0.013183293,0.0060336427,0.0027411245,-0.007160887,0.007408472,0.017383208,-0.010745314,-0.010633554,-0.000745155,-0.009313422,0.004677477,0.008225431
2021-07-01,0.03747139,0.015375912,0.0007988983,0.0022572419,0.017128795,-0.029609565,-0.008653621,-0.07684154,0.018652642,0.01134164,1.3896631e-06,0.022300806,0.0077841915,-0.0072553153,0.012112168,0.025745464,0.0005515086,0.007167375,0.021884704,-0.010853395
2021-07-02,-0.020562792,-0.0031620285,0.005719653,-0.018152375,-0.0057224235,0.004843796,0.006901063,-0.0064711752,-0.016037067,0.0040435707,0.0018310078,-0.0057360763,0.011207819,0.014219284,0.0001190045,0.005913543,0.0007139435,0.019385424,-0.0013365335,0.014347789
2021-07-05,-0.04372774,-0.0022181198,0.0032875678,0.012022828,0.014952186,0.013697704,-0.007704148,0.033306185,0.001180772,-0.0013579546,0.008551066,0.0028256522,0.0,0.006367521,-0.0005990651,0.0015439618,-0.015977705,-0.0005896131,-0.009321412,0.011648412
2021-07-06,0.08883362,0.016872067,-0.00052002346,0.009255922,-0.05939431,0.009007611,-0.0053132973,0.007520162,0.0017512515,0.013501204,0.0064672097,0.004012692,-0.0022447063,-0.02656943,0.004855134,0.003546988,0.019226272,-0.0020421383,0.017321492,-0.0014548963
2021-07-07,0.012290168,0.0022902905,-0.0011172798,0.0066989986,0.027933747,0.0036530066,0.019691152,0.0055750706,0.025206951,-0.0053015915,0.0040528215,0.01022134,0.0,-0.001096864,0.00073391455,0.0140409,0.0013575476,-0.00942417,0.0066812993,0.0102849
2021-07-08,0.008180895,0.013652887,0.01516182,0.0049414495,0.002589993,-0.012738739,0.0016084628,0.009227673,-0.08621303,0.0,-0.0010269884,0.0009934197,0.0056229946,0.034181554,0.017808493,-0.007343307,0.007184783,0.0,0.03512624,-0.015403399
2021-07-09,0.054495208,-0.023217335,0.013109776,0.022784555,-0.031547546,-0.0008977856,-0.0038328539,0.0008389265,0.0,0.00092796184,0.0010045829,-0.003768666,0.005692678,0.0051078084,0.004068726,0.0014889063,0.007480769,0.009941441,-0.014276185,0.028836424
2021-07-12,-0.0024005333,0.012323135,-0.020807805,-0.02479239,0.059649013,0.0027259008,-1.8886387e-05,-0.0011357288,-0.0141227795,0.0070835003,-0.008972263,0.0036969075,-0.01580663,-0.017722793,-0.0335355,0.0039199665,-0.009096594,-0.009422887,0.002322561,0.013708295
2021-07-13,0.014222795,0.0018653343,-0.0133430585,-0.005752762,-0.0120831905,0.024334397,0.014908008,0.0,-0.012680745,0.0065478836,-0.014429989,0.005098769,0.0089949025,0.024410557,0.008790789,0.0073271156,0.024738671,0.0035968334,0.014428703,0.0045851558
2021-07-14,-0.00710989,-0.0014988531,-0.00906993,0.012400814,0.022542056,-0.0025706005,-0.0060698004,0.0,0.013953952,0.009552663,0.0034714504,-0.0031156042,0.0077674263,0.00037621259,-0.009477019,0.006418682,0.008761828,0.003821526,0.006613763,-0.0103341965
2021-07-15,0.015326918,0.005162136,0.013634525,0.0060010855,-0.017368892,-0.0032902777,0.009964797,0.0,-0.011112378,-0.0034291039,0.01122327,0.005694121,0.0069581037,0.032916274,-0.01270039,-0.011968462,-0.0024641706,-0.0010449754,0.0014512344,0.0013395995
2021-07-16,-0.018704642,0.0237491,0.021214811,0.0045008054,0.0008522151,0.0,0.01768436,0.011447425,0.028281616,0.0030986476,-0.002202629,0.005826838,-0.0058018044,-0.015154703,0.013420885,0.010042886,-0.0105583705,-0.026106782,0.0060304403,0.020140119
2021-07-19,0.0035452733,0.013212435,0.008476504,0.022800518,0.052687064,0.010509573,0.0030228435,-0.013860444,0.015106502,0.0007625031,-0.0019155241,0.0017598878,0.0069076912,0.003332992,-0.0029851324,0.0052767694,0.0075085172,0.019399332,0.018407788,0.0042816163
2021-07-20,-0.00044387573,0.013627566,-0.008098007,0.0077805575,0.0027093848,0.002290342,5.5218632e-05,-0.0074125435,0.022468079,0.0,0.0035900334,0.0047226152,0.0024491095,0.065240845,-0.0051274495,-0.0001234869,0.0034254957,0.011213541,0.0012138492,-0.0005330824
2021-07-21,0.00052624784,-0.040954664,0.009075632,0.002269774,0.023477854,0.030307269,0.004370959,0.0027943486,0.01616606,0.01111613,-0.0008148405,-0.0062249755,0.0057769106,-0.0035844618,-0.022175066,-0.01610922,-0.008073413,0.008056748,0.0037874975,0.020858943
2021-07-22,0.013991756,0.015872499,0.0047172485,0.016389405,0.00041217852,-0.0011323439,-0.00739943,-0.027712323,0.008387693,0.009579336,0.0,0.001521466,0.00910275,0.02368659,0.009445002,-0.021398537,0.0026427915,0.0012056087,-0.005131967,0.010969147
2021-07-23,-0.0003202338,-0.002193445,0.00189105,-0.008689544,0.010569078,0.009075114,0.0022585436,0.012246329,0.0019310105,-0.0032434186,0.011414877,0.00010712901,0.0020009126,-0.026216296,0.014576578,-0.0013220602,0.015320855,-0.0007591655,0.007449833,-0.001600448
2021-07-26,0.008237276,0.01561327,-0.0028069667,0.0055828826,-0.010656056,-0.0073416666,0.008509122,0.014387483,0.009903281,0.0014301799,0.00265172,0.0032174082,0.0029202858,0.05115281,-0.00074124243,0.01349517,-0.0043352344,0.002409515,-0.012525917,0.011739546
2021-07-27,0.005616525,-0.0004873075,0.0022659465,0.014073424,0.001334916,-0.018696269,0.0025741744,0.0050512888,-0.010111059,-0.008265486,0.015059549,0.00649658,0.0061859568,-0.12620029,0.0033524425,0.012474675,0.014795044,-3.3847755e-05,0.011419342,0.0033608624
2021-07-28,-0.01612453,0.012931994,0.0010776635,-0.0013954918,0.0025770797,0.023930253,0.016681816,0.009752656,0.014180305,0.0051692906,-0.0014438927,0.006527777,0.0035438554,0.019359456,0.002566358,0.007213903,0.0022351171,0.006013283,-0.02272074,0.011366649
2021-07-29,0.029923687,-0.028707575,3.032675e-07,0.008126175,-0.02224259,0.0009922682,-0.019352354,0.008541699,0.0254813,0.0020983843,0.0008397551,0.003509693,0.0066060154,0.0010180637,0.015739301,-0.00729198,0.0084957825,0.0041011088,0.034226347,0.0064283903
2021-07-30,-0.0022752376,0.013086758,0.0016366875,-0.0066765584,0.003784779,-0.025366696,0.015759708,-0.028184658,-0.010486767,0.0075126486,-0.0024693403,0.0064723673,0.0037679865,-0.0012305982,0.00792994,-0.012180491,0.006421309,0.009554106,0.02363241,-0.0008794195
2021-08-02,0.03360179,0.0,0.0023102446,-0.007053781,-0.03503595,-0.020565761,0.014510592,0.008946777,0.00083436625,0.01054355,0.016507044,-0.002810148,0.0018358326,-0.009719067,0.0113320025,-0.00060403696,0.007800033,0.006196816,0.0059149647,-0.0101802405
2021-08-03,0.0039181453,-0.0076433425,0.01549773,0.005692262,0.017304514,0.0,0.00026663175,-0.0016226196,0.005169356,-0.0033406573,0.0017721198,0.0024315617,0.0016433111,0.009597854,-0.0021147265,0.0026489773,-0.0030778258,0.0048582256,0.0050930674,0.011542405
2021-08-04,0.025959475,0.032986313,0.0062178606,-0.00691799,-0.0034913616,0.014902942,0.008486484,0.061366286,-0.00030811137,-0.01762426,0.005437556,0.015177968,0.013840118,0.050858382,-0.0058903536,0.029433953,0.0,-0.014195209,5.3967935e-05,0.00605061
2021-08-05,8.8295255e-06,-0.016537134,-0.0014543731,-0.016828137,-0.005847847,0.0049990052,0.028400797,0.0053244266,0.0,-0.006490886,0.0051021464,0.009313967,-0.0025709346,0.018016031,-0.12736784,-0.0017261108,0.01209185,0.0037954284,0.007673123,0.010885425
2021-08-06,-0.019029152,0.0145353135,0.008164389,0.018285057,0.014245688,0.0,0.017417138,-0.0076474776,0.014668856,-0.013267764,0.004103792,0.00917424,0.019347697,0.085836515,0.076540865,0.02209494,0.017197335,-0.0030405235,0.059645716,0.024175482
2021-08-09,0.00028620518,-0.017817076,0.0,0.05720526,0.0034762516,0.016498124,-0.0016389256,0.023149611,-0.001894793,0.02373047,-0.017387712,0.0017399396,-0.0020717315,-0.0146429045,0.0697126,0.009455682,0.0049914895,0.05111129,-0.00059230736,0.039821725
2021-08-10,0.004525853,0.015258389,0.0050087026,-0.0060238163,0.004382293,1.4866203e-05,0.01941281,-0.028879637,-0.0020489201,-0.12686487,0.012708771,-0.0032118459,0.0028628977,0.012308833,-0.0034454472,0.017826904,0.0014660339,-0.012348488,-0.005669802,0.007856137
2021-08-11,0.013713698,-0.0005260498,-0.0022922547,0.016977226,0.026011031,0.0033209934,-0.040132772,0.004162252,-0.006396625,0.0024599782,0.007388216,0.0037730965,-0.0066460986,-0.0016564275,0.05280651,0.009635072,0.003336471,-0.0013944302,0.014249739,-0.005249912
2021-08-12,-0.00089591125,0.011159072,0.014511139,0.023823604,0.02320667,-0.01630305,0.050573014,0.004126954,0.02372726,-0.03709683,0.003271402,0.008169933,-0.0024217288,0.008562649,0.0034466777,-0.01762383,0.004267534,0.0062993644,-0.048852142,0.0019449594
2021-08-13,-0.00263341,0.014696325,-0.00044838936,0.0046903724,0.023226315,0.014185753,-0.001646058,0.01666704,0.014009793,0.016690237,0.0008273955,-0.009057241,0.0025080293,0.010335888,0.013026937,0.023131952,0.01850637,0.010387333,0.0,0.016916983
2021-08-16,0.008025149,-0.00043532954,-0.0016225072,0.02567246,-0.0032591347,0.012895937,0.016366169,0.022663467,3.4121116e-05,-0.008189302,-0.005093709,-0.01694796,0.012941514,0.026137631,0.0013049672,0.0006018144,-0.004873835,0.011970906,0.01230971,0.004072073
2021-08-17,-0.013546995,0.019521525,-0.0048416536,-0.00017004689,0.0077626975,0.0075912047,0.01242306,0.030212538,0.008154974,0.04592317,0.0014185501,0.0022759591,0.0038269483,-0.0029033592,0.044000693,0.008847775,-0.005252775,-0.0017128701,-0.042663172,0.005563644
2021-08-18,-7.9970305e-05,-0.0040182187,0.015100864,0.0065029245,0.014697936,0.004971114,-0.0015501004,-0.00541334,0.0019295556,-0.0036255224,-0.006239672,-0.011689653,-0.0017063163,-0.0042325165,-0.00042301058,-0.005130948,0.010499184,0.002386408,-0.12514548,0.0061766147
2021-08-19,-0.0025927257,-2.9102641e-06,0.0050975094,-0.0060348916,-0.004656123,-0.0029518488,0.0030518703,-0.002697979,0.0059236125,0.023099648,-0.001133739,0.0018627704,-0.0030584026,0.011348215,0.007241121,-0.0032306614,0.0055638785,-0.00043001585,0.0067082373,0.01169156
2021-08-20,0.012235741,0.0035829947,0.0008515606,0.009054194,0.008606122,0.016068168,0.0063507054,-0.0060441834,-0.0072079566,0.011921602,-0.0009669537,0.00015619035,0.008833333,0.005190727,-0.0028025801,-0.0017915658,-0.003785768,-0.0012547139,0.055201143,0.010828907
2021-08-23,-0.00855479,3.7303067e-05,0.000897128,-0.020414526,0.008744068,-0.0040596207,-0.002802104,0.0036296556,3.290355e-05,0.00731806,-0.01903537,-0.0026135375,-0.018366132,-0.0022040256,-0.012686013,0.018606722,-0.0015138404,-0.07535153,-0.0018217757,-0.026069215
2021-08-24,0.0042544254,0.022196647,0.015164164,0.0057713436,0.017198654,0.009832972,-0.0025556036,0.022482505,0.014226956,0.0048555257,0.015119256,0.02248776,0.0058929357,-0.030386679,0.0040423386,-0.0014390091,0.009852602,0.0403704,0.03839023,-0.013767158
2021-08-25,-0.017137041,-0.06046018,0.010230248,0.029175183,-0.0072212187,0.0008014892,-0.002527223,0.011288962,-0.111879796,0.017592803,0.0071573453,0.0087276185,0.0005697938,0.03181818,0.017196422,0.008565233,0.012957769,0.0003748684,-0.025228845,0.009859234
2021-08-26,0.0030819934,0.0063778656,0.0051489635,0.014540258,8.4289844e-05,0.011971982,0.018423984,-0.005282148,0.015836889,-0.000575974,0.008705123,0.0034834,0.007412227,-0.0007127296,-0.000313392,0.011820466,-0.017204052,0.058000233,0.06709437,0.004936612
2021-08-27,-0.01660458,-0.0030368476,0.0014612456,0.0,0.006092978,0.013080342,-0.00072477356,-0.0026287062,0.008290533,-0.033520315,0.0014850968,0.0029984477,0.000841392,-0.016208041,0.024692021,0.010179287,-0.00075510296,9.670574e-06,-0.005468643,0.018875508
2021-08-30,0.006324873,0.0031474165,-0.011767007,0.0023653097,0.0018088394,-0.0004885594,-0.0011298897,0.057922035,0.01997686,0.005894779,0.003367996,0.004419162,0.0063437307,0.040603835,0.0029306372,-0.011354308,0.0022853725,0.0009204473,0.017246148,-0.009919834
2021-08-31,0.03605799,0.0011303781,0.005742091,0.009568341,-0.0002952822,-0.005771056,-0.00014313681,0.010473726,0.0045628604,-0.0040317606,0.010891029,0.006822333,-0.03363869,-0.019869303,0.005022221,0.0,0.010259659,0.0030612547,0.02245519,0.00086108904
2021-09-01,-0.012480894,-0.0011426891,0.0047698715,0.010006092,-0.0102057755,0.0019246154,0.0006254759,0.019742567,0.001192396,0.0019405067,-0.0124393795,0.0064419475,0.001971881,0.012531909,0.003735923,-0.005132461,-0.0148928575,0.0054525323,0.00032655106,-0.0045009577
2021-09-02,0.018517775,0.0074824113,-0.004843381,-0.0008822767,0.0012684714,0.0042512305,0.014944122,0.014890382,-0.019461062,0.0013018888,0.0054215486,0.0006188177,-0.006723752,0.007981202,0.00476284,-0.0005315045,0.02011246,0.0053882133,0.006378813,-0.0070881476
2021-09-03,-0.0012196953,0.026747923,0.0,-0.033880744,-0.0011936979,-0.058315422,-0.00860847,-0.027203614,0.005587779,0.034441564,0.01016353,0.0024054323,-0.00074578065,-0.011810613,0.016516976,0.022207092,0.013107531,-0.0014387002,0.0014693501,0.023169156
2021-09-06,0.015978452,0.015206525,0.003927434,0.0006534983,-0.023062604,-0.0011928518,0.008660245,0.0030927234,0.0013364044,0.0042550974,-0.0032326165,0.008107639,0.015946915,0.037541606,-0.049443927,-0.00033380845,0.0029252572,0.015902828,0.0043623406,-0.015692113
2021-09-07,0.012184278,0.027118005,0.00012252612,0.0005238723,0.00041834198,-0.020471137,-0.009121861,-0.033836458,0.0018967056,0.0043743444,-0.00014086756,-0.0018526069,0.021767972,0.0045568445,0.044084713,0.0015847852,0.0034027155,-0.0042328984,-0.00039562685,0.0
2021-09-08,-0.003231855,0.0009554721,0.0033966047,0.0026208435,0.007627248,0.0009957895,0.0025036335,0.0033395446,0.00204101,0.025671495,0.006687934,0.002194495,0.01830214,-0.028201038,0.02251229,0.0030091244,0.013934817,0.0055921692,0.0,0.0
2021-09-09,9.5889154e-05,0.00827602,0.006544187,0.0023502917,0.009067388,-0.013367174,0.0019841082,0.014866095,-0.0072134896,0.0017394914,0.0015547682,0.0071780374,0.003194853,0.008385569,-0.004055362,0.020158777,-0.0014719575,0.016026504,-0.022947352,-0.016597044
2021-09-10,-0.0087531125,-0.0032673567,-0.017943697,0.008804013,0.007917789,0.013578734,0.010553637,0.0073917476,0.0074568028,-0.0033784441,0.0009343138,-0.0035326646,-0.00096938945,-0.0018360126,-0.010167851,-0.014838049,-0.0023172344,0.013098096,0.0056791194,-0.0030686718
2021-09-13,0.00905864,-0.012000029,0.01206485,0.014844546,0.008381823,-0.008706555,6.200803e-07,0.028276516,-0.01573337,0.006774157,0.00281208,0.00086321816,0.0067502786,0.02979099,-0.001569286,0.0069891987,0.0155281,0.0040562944,0.006624415,0.015708398
2021-09-14,0.006065451,0.01175885,-0.014386541,-0.002504784,-0.00033029198,0.028782938,-0.038838495,-0.060549222,0.0044175233,-0.010185419,0.0,0.012743269,0.0023031242,0.0060891514,0.056225434,-0.0247711,-0.00980793,0.004895094,0.014965573,0.0037093628
2021-09-15,0.00742462,-0.024679516,0.000373881,-0.12100566,-0.02274026,0.011746689,0.039161578,0.0145017365,0.010094403,-0.018818723,0.0052821212,0.0,0.013171649,0.0006042428,-0.045212418,9.610731e-06,-0.00079857424,-0.0012816113,0.01788701,0.008200374
2021-09-16,-0.022432059,0.0047370973,0.0083319675,0.013564706,-0.00053031085,0.007208947,-0.011811276,0.020680102,0.0047593005,0.008268436,0.0128867375,0.0058155167,0.004328139,0.064410575,0.007244876,0.023775369,-0.01475632,-0.0062662032,-0.009106396,0.027047466
2021-09-17,0.0032594164,0.001690615,0.008834177,0.011773497,0.011363339,0.0108446395,0.009042591,-0.014287803,-0.012430241,-0.0043508247,-0.012200027,0.013929264,0.009690285,0.0,0.0105617745,-0.0069854464,0.005165114,0.0053193807,0.0099449335,0.0013071713
2021-09-20,0.005140238,0.011743888,0.010135152,0.0341574,0.00083791924,-0.036157586,0.006763272,0.002144038,0.018755494,0.0047302567,0.010860805,-0.0052880137,0.00042127256,0.0053617577,0.0073016183,0.077841595,0.0077460944,0.0020325165,0.020985715,0.012267497
2021-09-21,-0.012427834,0.0010461162,0.0023826114,0.0,0.016471067,0.0059546917,0.0054564765,-0.019216094,0.019369394,0.0,0.0034374224,0.018254874,0.00063808763,-0.0068656425,-0.0035031165,-0.008434382,-0.0012334252,0.023886112,-0.0042382726,0.018678887
2021-09-22,0.002220754,0.014784125,-0.008546175,0.012529045,0.016551303,-0.007015027,0.014656515,0.037984516,-0.0101001635,0.0,-0.0030304915,0.0013266072,0.0043385886,0.011263322,0.0028038104,0.015118753,0.010005005,-0.0062820725,0.0077476716,0.010695501
2021-09-23,0.0017400836,-0.023933887,0.009060775,-0.0017375139,0.002818071,0.01946356,0.0055515287,0.0009970001,0.006408473,-0.050109647,-0.011549567,-0.0020818324,0.0067406045,-0.00806107,0.021116765,-0.004695358,0.022929583,0.010348195,0.042043004,0.0
2021-09-24,0.029260566,0.027727004,-0.0061676777,0.010830656,-0.008650002,-0.008332478,0.01711546,0.031995397,-0.0057185707,-0.005205025,0.01239446,0.004881256,0.0040170443,0.01864599,0.0061621205,0.0036715735,5.0500912e-05,-0.0047865785,0.0025219056,0.022098333
2021-09-27,-0.010401394,-0.001222902,0.014043603,0.0,0.032777876,-0.0033549361,0.008781152,-0.0037057775,0.032421075,0.0050145984,0.0017861946,-0.0014786643,0.00057798915,0.0017059111,0.0039274935,-0.000552368,0.00683441,0.003487429,0.012772826,-0.009091913
2021-09-28,-0.0024721117,0.015371511,-0.024840405,0.0035563572,-0.0013798138,0.031154204,0.0034903884,0.002508807,-0.005446171,0.018577633,0.007155865,0.00677912,-0.020260183,0.02977267,0.0031279891,0.010063154,0.0016483421,0.0056146965,0.0032456082,0.0055035907
2021-09-29,0.010625587,0.0,0.011819275,0.010650649,0.005684708,0.010916784,0.00772395,0.0025693222,0.0032537968,0.026980186,-0.0003069386,0.004140587,0.0109277675,0.0096688,-0.004176101,-0.004352783,0.007957715,0.0027304327,0.013369753,0.013084576
2021-09-30,0.0,0.007900351,0.0021583391,0.0060640755,0.006105645,0.0015873944,-0.008177702,0.005514722,0.010597287,-0.0040075523,0.0,0.011251331,0.01181741,0.022233387,-0.0008517134,0.0099626025,0.00082734687,0.003852496,-0.005485432,0.0040059206
2021-10-01,-0.00055829284,0.01518651,0.010711664,0.0135392165,0.004767346,-0.0157357,0.023914222,-0.008087103,-0.02049145,-0.008397817,0.0012039922,-0.008559449,0.009058174,0.004829193,0.0018377185,0.0021079592,0.0,0.017275237,-0.010922171,0.0054486007
2021-10-04,-0.00166043,0.00641586,-0.00020474762,0.017130587,-0.0018291977,-0.021482311,-0.015565733,0.02511534,0.01854133,0.0025386962,0.0013576329,0.015275874,0.0016852558,0.025486937,-0.0031450056,0.0100699,0.0033792332,0.006516963,0.0009120006,0.0005576798
2021-10-05,0.001000102,-0.040074635,0.020309616,0.014900853,0.013548672,0.009876438,0.0391084,-0.008501308,-0.021062888,0.016420448,-0.00661494,0.02289881,-0.00039118208,0.0,0.019614676,-0.0008706813,-0.009272121,0.008522495,-0.0014933826,-0.018636867
2021-10-06,-0.00088880776,0.010850023,-0.0008686644,-0.008404654,-0.008712296,-0.005885636,-0.02476542,0.025665509,0.016186513,0.0037151207,0.0064323335,-0.014190197,0.0,0.013891393,-0.0035284944,0.016015142,0.0026381395,-0.0037278312,0.00926217,0.0008005967
2021-10-07,0.0,0.011778389,-0.011814865,0.006480567,-0.011821905,-0.003769937,0.015314943,0.020149719,0.036694925,0.03938792,-0.00022632639,-0.0139643755,0.008161557,0.0057486617,0.005355916,-0.0046396265,-0.048942473,0.0111133745,-0.03360115,0.0058765924
2021-10-08,0.0133365495,0.0017218293,0.008519999,0.00017918994,0.010134213,0.018773766,-0.025215501,0.009752123,-0.0051940246,0.011766349,0.0,0.0069245286,0.00084973616,-0.030783031,-0.0068226894,0.0075380574,0.007296508,0.009965077,-0.05006423,0.021773119
2021-10-11,0.013732422,0.006448521,0.008545103,-0.004923616,-0.0094530145,-0.00023683862,-0.004892491,0.007072979,0.0018728191,-0.013791922,-0.023504773,0.0030091729,0.008543248,0.022024142,0.0065914844,-0.0037884014,0.004115037,0.0,0.10368463,0.002399426
2021-10-12,0.0020324967,0.02628229,0.0019006346,0.005763004,0.009753765,0.0052860375,0.0025956382,0.006355967,0.003198862,0.0007247166,-0.002678848,-0.018587107,-0.0072283107,0.0025033946,-0.0060387435,0.02424178,0.013960054,0.00080754014,-0.011416538,-0.021406272
2021-10-13,-0.010522522,0.0075171255,0.012439827,0.017387727,0.0,0.016961006,0.00063896226,0.007917501,0.01719737,0.011165013,-0.047121696,0.012812426,0.0018581075,-0.0077667497,0.012959293,-0.011273807,0.016023852,0.014918427,0.0033509922,0.006021132
2021-10-14,0.0032256525,-0.023267506,-0.0051731663,-0.004616197,0.009712292,0.031528458,0.023285659,0.011199001,-0.023953695,-0.0073419753,-0.002198811,0.0012323831,7.15813e-05,0.0046968968,0.0127861565,0.015438415,0.010459806,0.00037524482,0.0015687223,0.0
2021-10-15,0.008563717,0.02431483,0.017328314,0.0034334275,0.012802922,0.00018765719,0.0055488376,0.013652555,0.003700658,-0.0012202403,0.0014619651,-0.0011566769,-0.005943624,-0.03058317,0.0053725257,0.0032876283,0.0069524944,0.0,0.0018581633,0.0077411407
2021-10-18,0.0021435777,0.0069705816,-0.0048200805,0.013210104,0.004855412,0.0028222748,-0.00060149113,-0.0008118694,0.0014866969,-0.0071918964,0.021179024,0.00077633,-0.00084743265,-0.0029304868,0.008833804,-0.008998599,0.0019290056,-0.0075864126,0.033138346,-0.0027871497
2021-10-19,0.022498162,0.0007088463,-0.00046672954,0.0062413453,0.007859553,-0.008934987,-0.006151502,-0.0069613163,0.003735489,0.021230241,0.0006802697,0.0028570495,0.0122235995,0.0,0.018606374,0.007864885,-0.0019714842,0.012620421,0.0017240229,0.01870194
2021-10-20,0.009372917,0.009544399,0.007794114,0.0057935864,0.008433098,-0.0018670169,0.027978312,0.00801262,0.0021011927,0.03089689,0.019751268,0.012248635,0.0065411753,-0.028087774,0.0037924591,0.0003493967,0.013605848,0.0,0.009579355,0.0020004434
2021-10-21,0.0016328122,0.0010611626,0.0016377768,-0.0045457007,0.005338897,0.009910743,0.00047880248,-0.0011323866,-0.013016867,0.012691418,0.01248199,-0.0020275917,0.0017421644,0.039444447,0.00079836894,-0.0053252163,0.00082893815,-0.011113934,-0.1262123,0.0057225064
2021-10-22,0.01212285,0.0025328386,0.0077201086,-0.0011798803,0.0014699181,-0.01479567,-0.023193743,-0.00074285653,0.008769163,0.0047452403,0.013112255,0.007227129,-0.008141976,0.0023095305,-0.0040253676,0.001597044,-0.019846568,-0.00044197837,-0.123359896,0.0045071715
2021-10-25,0.007910365,0.004649282,-0.00029594635,0.007346032,0.0020537353,-0.029826336,0.022499606,0.022432674,-0.002884549,-0.03204708,0.00021194144,0.007095447,0.011171254,0.023163943,0.007739695,0.0080121355,0.0038014124,0.011696402,-0.0035868047,0.009775002
2021-10-26,-0.0058836066,0.0,-0.0025860325,-0.010368086,-0.0057477336,0.024307972,0.0047580507,-0.0054805405,0.012820903,0.005419602,0.0046879025,-0.0021614272,-0.0041370606,0.006467298,-0.0014724754,0.015475291,-0.0012081648,0.0058529708,0.0108072,-0.0053088884
2021-10-27,0.0,0.007216254,0.00659442,0.021853564,-0.00045943985,-0.0041570724,-0.0036113635,0.014759088,0.00035397403,0.005611298,-0.0014932965,0.0052097933,0.010843187,0.039122954,-0.0035337654,0.0013261354,-0.026484894,0.008671483,0.023627453,-0.033932924
2021-10-28,0.017169336,0.0024375655,-0.008530769,0.018500853,0.017042529,0.0027009025,-0.0015457084,-0.0019309211,0.007849617,0.010588692,0.000780283,0.0045740576,0.0036713523,0.00085235893,0.0,0.0046410905,0.01493321,0.01159143,0.059793085,0.007858137
2021-10-29,0.0,-0.01139161,-0.015680615,-0.0071068984,0.007904999,0.0044060345,0.013743659,-0.00025316162,-0.0014128153,0.0053822217,0.0024954863,0.010860573,-0.008427969,0.01210383,0.0022283967,0.011456562,0.013126723,-0.0039824266,0.009932295,0.015371835
2021-11-01,-0.0063588587,0.0051683364,0.0002888565,0.01127128,-0.010346301,0.0165693,-0.006191257,0.022516279,0.03688595,0.034146935,0.0,-0.015033465,0.0073789707,0.026014134,0.0027372884,-0.0012404467,-0.0022029153,-0.049487296,0.058135837,0.013051901
2021-11-02,0.029355822,-0.005023415,-0.001757674,0.020323519,0.0024313836,0.008088031,0.00069661863,0.0047711697,-0.03611359,-0.016287262,0.025620988,0.015244688,0.0017416505,0.019153675,0.02551833,0.0036277482,0.017262833,0.0065288115,-0.007220408,0.03487968
2021-11-03,0.0030776032,0.04534096,0.010284917,-0.05807403,-0.009454714,0.004394729,0.022835396,-0.0035722067,0.0018882642,0.04762503,-0.006193249,-0.0018016343,-0.0079159355,-0.011551211,0.014951118,0.009184671,0.02572033,0.010909104,0.015437766,0.043980163
2021-11-04,0.012238564,0.015069829,-0.0029529042,0.05087005,-0.0034970776,0.002312126,0.017467918,0.0059936824,0.018044548,-0.013989264,-0.00863137,0.0088162245,-0.00057095254,0.016930234,-0.009574339,0.029397989,-0.014914123,0.009923572,-0.01692412,0.004530425
2021-11-05,-0.003665991,-0.018766886,0.022147616,-0.127389,0.023918755,0.01723596,0.023678957,0.015069464,0.005863499,0.0005038826,0.011666504,0.002910654,0.049570516,-0.010528625,0.0059485915,0.010921294,0.006621169,0.0052331598,-0.016533785,-0.020931508
2021-11-08,0.010205702,0.0,0.016806519,-0.007827686,0.00847668,-0.034225434,0.004552697,-0.00039407852,-0.028505871,-0.00030797726,0.0074357907,-0.008557809,0.017254207,0.0008493268,0.012888632,0.01303009,0.0012773455,0.005829682,-0.010455253,0.013067514
2021-11-09,-0.0070091826,0.002467812,0.0041621523,0.075130574,0.0061834026,-0.012407607,0.008811535,0.023598079,0.017605023,-0.009419813,-0.017530954,0.0057514017,-0.04368754,0.025257163,0.022494333,0.014954355,-0.0064437157,0.0,-0.01466089,0.023496004
2021-11-10,4.684284e-05,0.022059204,-0.0072252057,-0.0038700996,0.004160337,-0.035547175,-0.0052917707,-0.004891776,-0.015731247,-0.047885016,0.014003522,-0.009425989,0.0029131144,0.004710589,0.0035418393,0.04702411,-0.001415086,-0.0010623122,0.0034148202,0.0034615044
2021-11-11,0.006595155,0.007417486,0.0,0.013783374,0.011692684,0.059610292,-0.124972895,-0.0014531271,0.005059499,0.013774761,-0.00044549283,0.016711589,0.05532568,0.005720483,0.010926914,-0.007048001,0.0009188822,-0.0024240508,0.009524696,0.02345163
2021-11-12,0.018709516,0.01534648,0.0048116776,0.038905933,0.006842434,-0.00038485765,0.0015800608,-0.0064412197,0.012518597,0.03473732,-0.0041527417,0.018991044,0.009275665,0.008871901,-0.0035937957,-0.0015578388,0.0040985015,0.0072043203,0.022184273,-0.015915519
2021-11-15,-0.0021119253,0.00017543467,0.01781025,0.0065662013,-0.00034600505,0.03258027,0.011803522,-0.06096839,0.012733432,0.04653077,0.015358941,0.0017879144,0.04245765,-0.0027873013,0.0040514264,0.015653143,-0.015056277,-0.0057426537,0.0013832271,0.011350631
2021-11-16,0.003951222,0.023834996,-0.0030991333,0.0036087781,0.0033332896,0.004852037,0.022712404,0.00073807396,0.0012069821,-0.024468333,0.0026165573,0.0035270439,0.01654825,0.012116256,-0.03372987,0.012284383,0.040329777,0.012764415,0.009857679,0.0
2021-11-17,0.0020972067,0.024904417,0.013514398,-0.009734537,-0.0027399934,-0.00946082,0.0017807765,-0.0010865815,0.028982308,0.008090976,-0.0016892721,-0.014422748,-0.004091234,0.018251516,0.010049531,-0.020500483,0.00877961,0.008257307,0.0011302326,-0.012652212
2021-11-18,-0.00045217827,0.00852122,0.013974431,-9.233814e-05,0.004053066,-0.0100177,-0.0028251938,0.043586053,0.019708674,0.057753794,0.026159734,0.012222391,-0.0042771935,0.0,0.02252906,0.011238397,0.011156625,0.010105382,0.012784985,0.01568798
2021-11-19,0.015956366,-0.0019475833,0.0062356764,-0.0011168899,0.001995159,0.02869167,-0.0012153718,-0.0012669067,-0.00080133445,0.0,0.0040640673,-0.03121133,0.0018999381,-0.0075977454,0.011812508,0.004693614,-3.5790079e-06,-0.0086639235,0.005595835,-0.005122278
2021-11-22,-0.00015364306,-0.008427225,-0.0062298,0.0006292985,0.004752523,-0.0026755293,0.02415672,0.0120088635,0.012271658,-0.026327075,-0.10667514,0.019405691,-0.028337382,0.0,0.0,-0.00040504403,0.018757537,0.013782923,0.003867323,0.0054016225
2021-11-23,-0.004625422,0.002747365,0.008369534,0.004766556,0.0032304293,0.012282512,-0.032920737,-0.00014125537,-0.00987267,0.0077732815,0.0016382496,-0.013748123,0.016678719,-0.0008192813,0.0074006254,-0.048781782,0.024717536,0.0012934274,-0.0008719348,-0.018875489
2021-11-24,-0.0010376361,0.021050652,0.010203049,0.0056780674,0.00624475,0.011118855,9.468492e-05,-0.0066758282,0.01713294,0.0034073747,0.022893062,0.012182952,0.048243072,0.007353584,-0.0036827987,0.0054028183,-0.0015836187,-0.00532805,-0.009265232,0.021031547
2021-11-25,0.00062493596,0.0013568407,0.008117297,-0.0010471363,-0.0018448117,-0.122303985,0.0077660508,0.0063930517,-0.037416853,0.064055175,-0.0057240515,-0.00086734525,-0.0034526733,0.009839142,0.00772101,-0.022617146,0.005195019,0.018927656,-0.011343994,-0.0023932336
2021-11-26,0.011223928,-0.0090233525,0.0005572867,-0.004076704,0.0035163579,-0.0027965314,-0.0020525816,-0.011408775,-0.033257093,0.0021802327,-0.12734324,2.0404004e-06,0.012956266,0.005947539,-0.01584807,0.0045751147,0.023030618,-0.0059428224,-2.2677119e-05,0.0
2021-11-29,0.002371334,0.014988351,0.025785735,-0.012528247,0.00214015,0.000120212884,0.022434356,0.016686818,-0.01763413,-0.004959221,0.011871733,-0.005723375,0.0043523666,0.0036639776,0.011802273,-0.006078346,-0.021417929,0.0009901562,0.0060758083,0.0007325634
2021-11-30,-0.0032096435,-0.011807877,-0.015532052,0.0012651642,-0.004451014,0.013879245,0.011463002,0.014772096,-0.0016974062,-0.017694982,-0.016670087,0.00810364,0.010271489,0.0035260487,0.0,0.036080863,0.016418986,0.01477128,0.0025569934,0.00915663
2021-12-01,0.0066258577,0.0047973874,-0.02128495,0.009529863,0.0020032115,0.018816914,0.0071637416,0.012884339,-0.030061381,0.05745332,-0.07444994,0.01027735,0.0013442219,-0.00075429707,-0.014665773,-0.0071267155,0.0062565655,-0.0016892209,0.00194229,0.011267826
2021-12-02,0.015015207,0.0010480789,-0.003145341,0.008466899,-0.00033081466,-0.010735586,0.004302029,0.004994657,0.068092026,-0.009311107,0.107305154,-0.0015911711,0.0015056224,0.004046956,-0.0013808167,0.015100363,0.0024406794,-0.010950659,0.010216586,0.0
2021-12-03,-0.0062951446,0.0,-0.006695359,-0.00966188,-0.0060173147,0.00048957433,0.0012163041,0.0141870165,0.014263892,0.01922066,0.034864187,0.0018384516,-0.0034405037,-0.017367093,0.044940792,-0.0030617341,0.021805054,0.010230011,0.009537694,0.009242779
2021-12-06,-0.00688906,0.00780354,0.0007626838,0.01578542,-0.018366857,0.004909329,0.002913439,0.00071097235,-0.00041597875,0.015615966,0.006514793,-0.0031865975,0.009973199,8.956574e-07,0.00095011725,0.038338847,-0.007551204,-0.021425162,0.008048604,0.0034240172
2021-12-07,-0.004074267,-0.0010473555,0.008685868,0.026075777,0.015210365,0.0019235121,0.0037573006,-0.0008138887,0.019996287,-0.055902943,0.003113103,0.010410885,-0.007193675,-0.0055451193,-0.0012087934,-0.0073125926,-0.0037688492,0.008968454,-0.0002049734,-0.00043997707
2021-12-08,0.0053484603,0.022842534,0.012832411,0.001369531,4.3112526e-05,0.0074166507,-0.0066022603,0.0050858287,-0.034007028,0.00079890765,-0.0003429954,-0.004082597,0.0019357511,-0.0038559681,0.0012920424,0.013211229,-0.006002602,0.007786375,0.009139446,-0.01168225
2021-12-09,-0.008072331,0.01274072,0.014917554,-0.00013375687,0.009245302,0.0048520667,0.00056707877,-0.0019984688,0.025127836,0.0019513617,0.018434048,-0.0048264046,0.0037784139,0.0061301,-0.0008481988,-0.0042754114,0.024368867,0.006174757,0.010050859,0.013210501
2021-12-10,0.01072947,-0.0061532487,-0.012014334,0.015195308,0.0108832475,0.00012274549,0.012760788,0.0,0.006165522,0.009812894,0.021196919,0.005601819,0.006839333,-0.048488237,-0.011828731,0.016134618,0.014432091,0.008586187,0.004638581,0.008196894
2021-12-13,0.008484138,0.007452778,-0.00037693512,-0.0068362462,-0.0035482673,0.006304235,-0.004874547,0.005676368,0.015117646,0.014142765,0.038153943,-0.002651542,-0.008288668,0.00906273,0.007184632,0.0019912138,0.005841404,-0.009083174,0.0022791717,0.00626818
2021-12-14,0.0038562391,-0.010085853,-0.0024931035,-0.0073220786,0.0036508006,0.032816876,0.00015540278,-0.01244941,-0.00767358,0.0048995297,0.0054569347,0.0004308831,0.010337394,0.010605814,-0.006451119,-0.0062931464,-0.0032645406,-0.0014861593,0.0016468138,-0.013970053
2021-12-15,-0.0125881,0.005891824,0.01666188,0.0,0.0026666943,-0.015981682,0.0025496066,0.0040329336,0.024197808,0.00096839987,0.013609049,-0.003124295,0.029089658,0.0009463332,-0.00562918,0.04136851,0.010761293,0.0050290846,0.0022330573,-0.0012098327
2021-12-16,0.019831175,0.014989321,-0.00034466092,0.008347281,0.01086535,0.05289778,-0.014136895,0.055935387,0.010274238,0.0015598958,0.003104307,0.003864306,0.0007588916,0.0025455276,0.00085176784,0.019310642,0.06312968,-0.00342721,0.003705854,0.0016792596
2021-12-17,0.0009350618,0.003670016,-0.0007945638,0.009061108,-0.0012693396,-0.010091533,0.009215907,0.022586647,-0.005118867,-0.011213887,0.045088597,0.010840769,0.0026030226,-0.0010481974,0.0027963908,-0.016840382,0.004070869,0.0080475155,-0.0029030342,-0.0031241972
2021-12-20,-0.019368323,0.00080067496,0.021601917,0.007846674,-0.010238948,0.00033308548,-0.0061679166,0.02218756,0.0070654643,0.029128082,0.0,0.022261517,-0.007538063,0.023691991,0.0,0.0025529969,0.041438773,0.008570924,1.5586435e-05,0.0060678297
2021-12-21,0.0083863,0.005138691,-0.00032260557,0.005922642,-0.0040397868,-0.0007514619,0.018758513,0.018345185,-0.022705758,-0.03569445,-0.016027173,-0.009926064,0.024712106,0.0043373895,0.009700348,0.00393202,0.004216651,0.022512062,0.011209199,0.00074803445
2021-12-22,0.0051406636,0.0008608753,0.0062390957,0.001343007,-0.0032994996,0.0022214674,0.0048682387,0.0055957595,-0.051254276,0.050510906,0.08876621,-0.00040416096,0.0057323813,-0.017370895,-0.0024339317,-0.010064611,-0.0039970586,-0.005049129,0.0046446454,-0.0027143452
2021-12-23,0.0021128298,0.0071714236,0.008873438,-0.01852277,0.0064071487,0.04252888,-0.01507658,-0.0130773,-0.029918972,-0.0059701037,-0.09920086,0.020512417,0.0022657986,0.025658928,0.007913592,0.007712003,2.4563038e-05,0.009556761,0.022370394,-0.018054483
2021-12-24,0.0061002816,-0.004042043,-0.011481754,0.0003847305,0.0002584847,0.01610617,0.022601519,-0.04542172,0.04952522,0.008053407,0.022141613,0.002292879,-0.00164382,-0.029643232,0.038708225,-0.041414395,-0.011456561,-0.022857219,-0.0023984776,-0.009692181
2021-12-27,0.010633991,0.004095401,-0.017592736,-0.0014967422,0.021440094,-0.0007825252,0.002303714,0.020394165,-0.009927894,0.015978204,-0.010167104,0.007526678,0.017147426,-3.9200284e-05,-0.010236149,0.013011368,0.0028434687,0.014468384,0.00039756278,0.03367117
2021-12-28,0.010870692,-0.008391471,-0.0053484845,0.043297,0.016009709,0.0021662666,0.034009714,-0.0034362827,0.0033425128,-0.002390518,-0.005535325,0.010941955,-0.0055439584,0.005144441,0.000688868,0.012776988,0.02652385,0.0026526155,-0.0031105836,-0.0024189893
2021-12-29,0.0047396254,0.012201833,-0.002170209,0.00317269,-0.01578377,-0.031024968,-0.0016030122,0.017353384,0.026617466,0.0062701115,-0.0011419738,-0.009385863,0.0032589221,-0.020326743,0.0032366547,-0.0051821526,-0.004451195,0.009466528,0.0074249986,0.013347392
2021-12-30,-0.0030416911,0.0027223341,0.020508915,0.016740844,-0.0042383,0.0050503514,0.009750081,-0.03678107,0.0027834259,0.0,0.009394714,-0.0013527942,-0.00080439687,0.03546355,0.004074137,0.020724233,-0.0174734,0.0023443024,-0.0015124362,0.0016973459
2021-12-31,0.0,0.003979395,0.044184566,0.006125978,0.016714223,0.00065846444,-0.029065296,0.009881627,0.038479734,0.010218426,-0.013902851,-0.0024698728,-0.022892691,1.2009692e-06,0.015810296,-0.015557701,0.009890886,-0.006429874,-0.0022196386,-0.0017641077
2022-01-03,0.0019917956,-0.000607035,0.013190603,-0.011232586,0.0022341139,-0.033198383,-0.013785447,0.021012018,0.019407872,0.007563093,-0.006966476,0.008629074,-0.03549664,-0.0213683,0.0016152808,0.010810707,-0.0023045822,0.004380854,0.017188365,0.028038379
2022-01-04,-0.014199853,0.004384872,0.0077729425,-0.04021202,0.0101149455,0.009608389,-0.0011253831,-0.010536204,-0.029105539,0.015578156,-0.0076020253,0.007336715,0.012294358,-0.018389346,0.007636128,0.028405402,0.023460895,0.0046481662,-0.046547465,-0.0046315184
2022-01-05,0.005070721,-0.0037735347,0.009445887,0.004386415,0.007408913,-0.017912589,-0.00029505455,-0.011411198,-0.029944453,0.023120876,-0.0864804,-0.0028155965,0.024000585,-0.012105221,-0.0043033767,0.02898817,0.008529481,-0.01668736,-0.0049314713,0.01744263
2022-01-06,0.022289567,-0.00019019963,0.0003360035,-0.003224689,0.00045713017,0.0057116584,0.017405663,0.007625418,0.025716875,-0.008039391,0.022781147,-0.0026002822,0.013453289,0.013168814,-0.00668526,0.00545456,-0.0017234182,0.00944273,0.024107069,-0.0034648534
2022-01-07,-0.005125889,0.0021972682,-0.0038424495,-0.002049791,0.0023554165,0.015634568,0.019367525,-0.001087619,0.014592175,0.0069034058,0.029359583,0.016211187,0.00053026126,0.040582545,0.007227611,-0.040822767,0.019890545,0.0219296,0.009602508,-0.0014384951
2022-01-10,0.0064567644,0.012876443,-0.0069328807,0.024182005,0.0085762795,0.0015013623,0.012432799,0.0,-0.005468355,-0.0015946111,0.010493283,0.013553962,0.0066293557,0.01244973,-0.009627977,0.016406404,0.008006771,-0.0017328192,0.021062339,0.008885195
2022-01-11,-0.0046514347,-0.00030270973,-0.0025555529,-0.044630975,0.0006530629,0.0,0.004841872,0.0013205453,0.019664735,0.003534754,0.07605412,-0.0031473434,0.015524449,-0.0053130467,-0.01699114,-0.014511592,0.01889735,0.008510981,-0.0088396175,-0.007653709
2022-01-12,-0.0035153031,-0.022111438,0.003878256,0.04868108,-0.0010530365,0.011768747,0.0097036045,0.012061114,-0.0004418424,0.034524523,0.008339018,0.017227042,0.01373841,0.021303888,0.039043367,0.0,-0.00014308403,-0.0042418353,0.013601354,-0.012983707
2022-01-13,-0.006161003,0.004495057,0.0025075632,0.02466416,0.004473833,-0.0055353465,0.010611072,-0.011802023,-0.0040816837,0.038474552,0.0027253325,0.004827713,0.0,0.007373007,-0.0076226993,0.018151356,0.0042148586,-0.0070593334,0.0009277944,0.018622857
2022-01-14,0.014986614,0.007510809,0.0078079165,-0.0045988695,0.010651206,0.0039899806,0.00016333828,0.013477191,0.0019198119,0.0016890857,0.00774214,-0.016120108,0.011455856,-0.0015154724,0.04138926,0.015813574,0.001513512,0.0017592281,0.0027214724,0.016013423
2022-01-17,-0.0040594935,-0.0006992861,0.007439775,-0.001202928,0.0051850155,0.0051018433,0.0037870384,0.0040229363,0.0021494713,-0.096907355,0.021383256,0.013476118,0.007849409,-0.009691205,-0.030435273,-0.018775668,0.0062612304,-0.00017324612,0.010768809,0.004702605
2022-01-18,0.0098423455,-0.008119796,0.02579747,-0.014156541,0.009562892,0.0022898146,-0.0043609915,-0.020919738,0.02307773,0.0022986697,-0.016266039,-0.0014563154,0.005591929,0.0139442915,0.013115436,-0.042357005,0.0013744711,4.996774e-05,0.018147862,0.0036903631
2022-01-19,0.00020165856,0.003306065,-0.00044062635,-0.0025947602,0.0067725577,-0.01229681,0.012902165,0.013410514,0.0034808803,0.007858919,0.0078314105,-0.00081942324,-0.0034864203,0.004840596,-0.013877443,0.03456465,0.0007728089,0.0038750928,0.0023681503,0.0030352927
2022-01-20,-0.0190235,-0.002699388,-0.0029033618,-0.001968025,0.004766499,0.008348617,0.005218522,-0.0012935012,-0.015547123,0.0017743262,0.0,-0.0027873851,0.013033383,0.014531522,7.622454e-07,0.028738879,0.0077243,0.024279522,-0.0055143824,-0.003164052
2022-01-21,-0.00072651333,0.004685469,0.008476034,0.007915986,0.0,0.0077862754,0.0043183514,0.025468916,-0.018196706,0.00021768152,0.021297324,0.00046401372,-0.0084538935,-0.00035147456,0.023672218,-0.026179789,-0.002569744,0.004267031,-0.012208446,-0.0015016535
2022-01-24,0.015027578,0.0025072005,-0.00063654175,0.03353707,0.0028820054,-0.01524418,0.0017220418,0.006375923,0.016705597,0.022447392,0.014143601,0.0026433652,-0.008423547,-8.3336716e-05,-0.0017450391,0.006128063,0.006305193,-0.008940874,0.013911968,0.0
2022-01-25,0.021771774,-0.012570697,-0.01601013,-0.0020226582,-0.0066509144,0.006154838,0.0071555246,-0.020139448,0.0021724093,0.005576161,0.012235241,0.0,-0.0023039056,0.0076521174,0.027851658,-0.009636939,-0.0009212214,0.0067898016,0.0029437311,-0.011652365
2022-01-26,-0.0080604255,0.003913916,0.01224703,0.007905625,0.0054662884,0.007654572,0.012924438,0.0073329634,-0.008264684,-0.0077514024,0.01133484,-0.0066495854,-0.020324515,0.0,0.0009836846,-0.0024098146,-0.015113807,0.0018846014,-0.0030935463,0.0004129068
2022-01-27,-0.000121258476,-0.0039440305,-0.0004675822,-0.005218801,0.0019199692,0.003553083,0.0,0.0061343135,0.0037710397,0.004094972,-0.12759794,-0.0010764338,0.0019306798,0.0033438383,0.0015433969,0.0,0.008474682,-0.0023447971,-0.012478339,0.008748496
2022-01-28,0.005242484,-0.00019173605,0.021569652,0.008255348,0.0025963064,0.00011096735,-0.0076836594,-0.018054502,0.029220369,0.014865163,0.0148922205,0.0108571155,-0.006058382,-0.006473496,0.019104613,0.00646071,0.0065018428,-0.0030710762,0.00011838756,0.02212968
2022-01-31,0.04160275,-0.017597355,0.0036282407,0.008372602,-0.0015699704,0.012039919,-0.033972435,0.029024292,0.039529428,0.0063205315,0.005394644,0.0038493846,0.004487671,0.06673553,-0.00457374,0.00570634,0.00085952017,0.01228737,0.027321322,0.017715786
2022-02-01,0.009974892,0.038503535,-0.0028490098,-0.004869278,-0.008055551,0.0144933835,0.0078988625,0.011384778,-0.020488948,-0.002301845,0.0062520285,-0.0047250837,0.023085877,0.036837004,0.011030064,0.015340464,0.0008119467,0.0024364651,-0.011141538,-0.002008286
2022-02-02,-0.003876096,0.01866008,0.0048206104,0.02827393,-0.0031447476,0.0024989746,-0.005542523,0.0,0.0,0.008504347,-0.0027509697,0.0017165077,0.038329728,0.018580167,0.0022901213,0.007986079,-0.0010609765,0.012679721,0.003521048,-0.00646904
2022-02-03,0.006586805,-0.0305307,0.0063709402,-0.05456969,0.004469997,0.0061404253,0.0,-2.4023964e-06,-0.008603317,0.025104476,-0.00015264815,-0.0029502166,-0.01263932,0.026852021,0.021005182,-0.0070591406,0.0017218447,0.009461513,0.03258005,-0.01540618
2022-02-04,-0.02941666,-0.016160844,0.00352801,-0.0099186115,-0.009926546,0.008456383,-0.0063219694,-0.015622218,-0.12660383,0.00070566765,-0.0021341573,0.025777424,0.0045958767,-0.01710104,0.011927043,0.0,-0.006352649,-0.017417414,0.0009433765,0.043152656
2022-02-07,0.016213361,0.041954704,0.0013631334,-0.0068039307,-0.009728369,0.0009293633,-0.0054806634,-0.008304844,0.03245669,0.0028006972,-0.008482532,0.0035528673,0.012258357,-0.020536114,-0.0007135525,0.0045034825,0.013504833,0.0106436545,-0.0012955726,0.001877313
2022-02-08,0.0037999537,0.08320801,-0.0049472926,0.04837706,-0.014643834,0.009723205,0.016501058,0.016581386,-0.00199981,0.023722915,0.015118083,0.01208948,0.00038943635,0.0,0.017668465,0.005708273,-0.003837634,0.0036605883,0.016326273,-0.0027150582
2022-02-09,0.0,0.025968207,0.011738039,0.024308097,0.0130446665,0.00012381072,0.016485566,0.014920396,0.03780246,-0.0077664717,0.021050071,0.009446228,0.025624093,0.008869882,-0.0002043148,0.013124883,0.0036825263,-0.00040199148,-0.019064726,0.017812146
2022-02-10,0.0010875923,-0.012072024,-0.003464317,0.03730754,-0.051826924,0.004044656,0.037380576,-0.0010435983,0.0104292855,-0.042514153,0.007116924,-0.014176708,-0.008142582,0.0141365295,5.3837393e-05,0.021127356,0.008105322,-0.00081803254,0.00573426,-0.009893235
2022-02-11,0.0,-0.0149789555,0.0024015978,0.021668987,0.02015356,0.004491213,0.02653292,-0.0080799945,0.0024542944,0.022840904,0.0013882148,0.003408708,0.01060186,0.00027389784,0.002594195,0.00326509,0.0,0.022079168,0.016514406,0.017153965
2022-02-14,0.0013653142,0.017433468,0.008789949,-0.003682104,-0.009016248,0.0018406792,-0.0004446299,0.014786156,-0.010450682,0.0059137065,0.010352714,0.0110170385,0.00084732723,-0.013139825,0.0041024233,-0.009277519,-0.0033614384,0.0040401765,-0.0005139643,-0.002400783
2022-02-15,-0.0006009787,-0.04386082,0.0059535136,-0.003963834,0.03855309,-0.0016464333,-0.004089849,0.0010352951,0.02773438,-0.01633753,0.0,0.0,-0.013754098,0.0,0.00901534,0.0078483345,0.023107028,-0.002663495,-0.021606281,-0.0051394263
2022-02-16,0.023129534,-0.05495212,-0.0014540507,0.024431417,0.017716944,0.009175881,0.012400511,-0.005972292,0.017847281,0.03765504,-0.0020517204,0.005106655,0.0043874024,0.017573856,-0.0076315245,-0.0030893227,-0.01564591,0.0028951946,-0.0016784385,-0.017535446
2022-02-17,0.0,-9.9007026e-05,0.00054370693,-0.0004810901,0.0,-0.01930881,-0.014823188,0.014465518,-0.010513545,-0.0010386904,0.0029833182,0.012743664,0.008388831,-0.0062011313,0.012697886,0.022363085,0.0005056367,0.009850641,0.025005434,-0.0011410514
2022-02-18,-0.038658906,-0.004890286,0.0038810507,0.00011416889,-0.0013572414,-0.0021081995,0.025456803,0.0063969675,0.02187095,-0.0016340377,0.021069739,0.006227927,0.01714381,0.0012834704,0.006781337,-0.0044169393,-0.0005878053,0.019145297,0.0034670874,-0.0112474775
2022-02-21,0.02723936,0.003612525,-0.0042453595,0.0055436576,0.009855843,0.004297138,0.003332793,0.010870197,0.0,0.056993842,-0.011907577,-0.005595318,-0.0021743258,0.012289405,-0.010105028,0.008228365,0.013750275,-0.006277556,0.0068332,0.0009965601
2022-02-22,0.0,0.0017261474,0.004879991,0.014890874,0.018718394,0.0021940132,0.0018438178,0.003851488,0.013050071,0.0001599099,-0.0028884744,0.0037395742,-0.0029557243,-0.023087563,0.0073240576,0.0020913323,0.0,0.016751382,0.011930898,0.048237655
2022-02-23,0.008476142,-0.0028325522,-0.00028080636,-1.7010396e-05,0.0036041043,-0.014983119,0.019126317,-0.005795162,-0.017120589,0.08321078,-0.003977841,0.0,0.0016930435,-0.0058310265,0.00071473676,0.011794124,0.011309498,-0.0070487116,0.025768198,0.0073302914
2022-02-24,-0.036584415,0.0024453118,0.019279191,0.013594673,-0.00021131037,0.014823161,-0.007958697,0.01133793,-0.012677934,-0.023389751,-0.0014018591,0.006009266,-0.007601821,-0.0033594377,1.5997559e-05,-0.0037677938,-0.0024576986,-0.0025431653,-0.0017017873,0.029052444
2022-02-25,0.041924287,0.0033131482,0.0012242637,0.009370955,0.013484404,0.010019987,0.0070481743,0.0065173777,0.00822587,-0.023068395,0.014606884,0.00025528745,0.004340615,-0.0011049549,-0.0075174924,0.001647159,0.009878827,0.0025430236,-0.0017400611,0.0020614087
2022-02-28,0.00031078391,0.023898194,-0.0032384736,0.06511852,-0.015930902,0.002923962,-0.0027812547,0.0018581597,0.01336695,0.022526354,-0.07461498,0.002812429,0.00014011828,-0.018970357,-0.00067196944,0.02420284,0.010787255,-0.01198723,-0.0011189106,0.02106875
2022-03-01,0.015176031,0.022934284,0.008863292,-0.0558947,0.014319107,0.0015498606,0.001627086,0.0048907283,-0.020439629,0.02967646,0.0020134905,-0.00035613915,0.011611809,0.009931459,0.0049688816,-0.0032553556,0.0056180735,-0.010736435,-0.0027459627,0.0024815446
2022-03-02,0.0014795647,0.06571648,-0.004062167,0.005377709,-0.004570886,0.008822818,-0.0042368667,-0.0021795337,-0.011114102,0.0058804792,0.0018466279,0.00028323414,-0.0005439453,-0.0017352977,0.0029869222,0.004238715,0.008361563,0.028628822,-0.0008849045,-0.013148249
2022-03-03,0.011866429,-0.012600756,9.471492e-05,-0.0004022254,0.012064981,0.00015089074,0.014520277,0.0052151745,0.09708621,0.0030289441,-0.0027253106,0.0014642712,0.010453646,0.010178573,-0.0010665148,-0.005596735,0.0,-0.015771694,-0.0035931796,0.008328688
2022-03-04,0.008963927,-0.032443658,0.008598294,0.007297424,0.0013481068,0.0018580297,-0.008063593,-0.004490255,-0.02134894,0.011143493,0.017236864,0.0,-0.0056089447,0.024788402,-0.003987217,0.016668715,0.0007586748,0.0062326975,-0.00070093974,0.014891563
2022-03-07,0.0011797067,0.036977544,0.008472621,0.0,0.0053742817,0.008179655,6.7939623e-06,0.0,0.0020474128,-0.03538683,0.010792297,0.0036658905,-0.0011482884,0.017256785,0.001893877,0.015107468,0.0064250533,0.012307297,0.005409871,0.019279342
2022-03-08,0.011304087,-0.013425988,0.009137778,-0.009820437,0.0016457639,0.002601983,0.011812252,0.00035380735,0.023197988,-0.0069361404,0.00472131,0.0056151985,-0.0034261756,-0.01668104,0.006415541,0.0017087496,-0.0035827982,0.013012666,0.00658937,-0.008282221
2022-03-09,0.0025105642,0.017682327,-0.0032922376,0.009703635,0.00034014028,-0.00076752907,0.001701043,0.004202814,0.011573747,0.014908651,0.010699983,0.0017576414,0.01755605,0.009538954,0.0039811707,0.0029064582,-0.0015508316,0.0061382996,-0.0014065956,-0.01818423
2022-03-10,0.00083100254,0.013391188,-0.002614513,0.0002769018,0.0148177985,0.0047869436,0.010048941,0.008160755,0.04013039,0.012154602,0.0040685614,0.011167323,0.00277005,-0.029113071,0.0,0.0064204773,-0.002582036,0.0016966962,0.0025896446,0.001226025
2022-03-11,0.0029105784,0.0073738853,0.0049955347,0.014948354,-0.002508897,0.0,0.0008651321,0.0061725555,0.010467859,0.019226862,0.005031858,0.0062388624,0.022572454,0.0017327468,0.0011459395,-9.0516056e-05,0.0037013097,0.015110495,0.0043637054,0.02131422
2022-03-14,0.0066007683,-0.00056823215,0.009023031,0.0012806015,0.002879213,5.9918817e-05,0.0056361156,0.011571423,-0.0014513185,0.0,0.0018004813,0.0029029814,0.006837661,0.011255121,-0.014949677,-0.013547904,-0.017526582,0.0052216407,0.009992492,-0.019441197
2022-03-15,0.0017887617,-0.003971931,-0.008655949,0.00072289986,0.0020840687,0.0045910873,-0.01017494,-0.0057176608,0.019919772,-0.00058170775,0.005165614,0.007476082,0.004584013,0.008640493,0.002907065,-0.006001558,-0.0043130633,-0.009076159,0.010221875,-0.0059158695
2022-03-16,-0.0028980204,0.004975052,0.0019673868,0.010134072,0.0024826084,0.002114617,0.0013377386,0.011336513,-0.019017117,0.01330222,-0.000890098,-0.021103477,0.0018277089,-0.016723312,0.009671557,0.015554141,0.010744768,0.025638768,0.017236156,0.03301275
2022-03-17,0.0446319,0.028111394,0.0054299366,0.007782434,0.012403981,0.010229667,-0.002419595,-0.0067670727,0.0,0.020933941,0.012896522,0.0025194248,-0.0002932902,0.04728674,0.0015443547,-0.0015576356,-0.0015344117,0.0017909223,0.00047976107,-0.008371861
2022-03-18,-0.010628157,0.04152977,0.004096205,0.0,0.02450438,0.0013453559,0.020485472,0.042741936,0.0045320904,0.0076825484,0.004805966,0.00123067,-0.011055798,-0.014213792,0.018475045,0.011298096,-0.0009589893,-0.0006698003,0.009156537,0.011163696
2022-03-21,0.01925431,-0.012215664,-0.007044322,-0.014691386,0.0011799292,0.003814635,0.0017158545,-0.0048935297,0.0,0.04512531,-0.0004050314,0.026930304,-0.019381238,0.010694473,0.0057017817,-0.01032932,-0.0023962497,0.00436768,0.0014165111,0.005921936
2022-03-22,-0.0069531878,-0.018157642,0.0031148563,0.008592948,0.010702739,0.00013142894,0.0052567814,-0.002479847,0.016122425,0.0039573763,0.010645159,0.0067657717,-0.083068796,0.009149379,0.0,0.016300699,0.0029256018,0.010169386,0.02222186,0.01435961
2022-03-23,-0.03394154,0.02199125,-0.006843551,0.024114488,-0.0064606233,-0.013163868,0.0119441375,-0.007323617,0.01876802,-0.02608314,0.0061553763,-0.017905185,0.0058674323,0.017421447,0.012040136,0.015516031,0.023782307,0.008477514,0.0016460657,0.0055484166
2022-03-24,-0.001378712,0.0144942235,0.013989251,-0.014093423,0.008074093,0.0071666543,-0.014196948,0.025554283,0.0066470047,0.017750742,-0.001969631,0.00038337373,0.01725686,-0.023682578,0.00819881,0.0013719479,0.0,0.00251771,0.009560456,0.002280413
2022-03-25,-0.0142372,0.04643515,0.014649558,0.045637976,0.008717139,0.0015342542,0.017022226,-0.024357906,0.004866031,-0.00058909593,-0.0051619573,0.0057150493,-0.007370446,-0.00050424394,0.0042468156,-0.018748095,0.014828296,-0.0010509801,0.011922519,-0.019726753
2022-03-28,-0.014199319,0.011720833,-0.0039762934,-0.0016970255,0.0045577353,0.008775327,0.013984905,0.016735768,0.018547988,0.003972496,-0.0017340058,0.004380929,0.01027983,0.0043606693,-0.0022164534,0.024091922,0.000992869,-0.006473176,0.0023210356,0.012322953
2022-03-29,0.022385575,0.007480332,0.0,0.038394578,-0.000704649,0.0010471407,0.008094688,0.0030131089,-0.0408335,0.036545098,-0.0003024577,0.003393861,0.008890183,-0.0058087106,0.011143213,0.0064659463,-0.0018313061,-0.008479042,0.009874542,0.009787807
2022-03-30,0.0039417287,0.011576595,0.0044200877,0.017452445,0.004000642,0.010366914,-0.021099007,-0.0057706907,0.017363938,0.01057753,0.014063936,0.014041793,0.00802621,0.0144131435,0.0026933686,0.018439753,-0.01174584,0.0053946213,-0.009808814,-0.003998805
2022-03-31,0.017372664,0.014367088,0.0076502697,0.0013641742,0.0060457285,-0.0017369639,-0.0025713665,0.011788041,-0.00084581174,-0.023233226,0.013845974,-0.011831991,-0.0027557604,-0.059281345,-0.0036026733,-0.02606442,0.0024502012,0.010264704,-0.00081440835,0.0054665618
2022-04-01,0.012473522,0.0,0.004313805,-0.0016427853,-0.01451808,0.0024128517,0.00053564785,-0.0043109367,0.007896413,-0.022052815,0.0062151994,0.01512867,0.016571615,0.031672604,0.00038976467,0.018608423,-0.0008333042,-0.0005661666,-0.115208834,0.0028139185
2022-04-04,0.0018128343,0.007841064,-0.0003427676,0.008057124,-0.0031319219,0.0009904166,0.012541636,0.0072818547,0.0043480936,0.0133595625,0.0075906226,-0.0015272503,0.0075121885,-0.012463582,-0.00087154726,0.0019865704,-0.047205955,-0.0012826782,-0.005500168,0.00975385
2022-04-05,0.00372253,-0.002547196,0.009514803,-0.014101275,0.0029010603,0.014858533,0.0044575958,0.021945842,0.00035349964,0.007209515,-0.0004500784,0.009790091,0.0006930354,0.011796337,0.013714358,-0.0037069472,0.015248386,0.01895863,0.003921501,0.01179367
2022-04-06,0.011157419,-0.00040058995,0.0009208153,0.009277292,-0.0121714175,-0.017530387,0.004318362,-0.0030030245,0.014487835,-0.029615017,0.007590063,0.0039250907,-0.008954067,0.006432616,0.005123539,0.004660274,0.013058506,0.0013627246,0.0013727758,-0.019682158
2022-04-07,0.00083056476,-0.023207681,-0.013926933,0.0028579792,0.0029681511,0.011679534,0.0018976904,0.013398506,-0.008423844,0.007325394,0.0034923414,-0.006388727,0.00897821,0.0225363,0.0071379063,-0.006235259,0.0028774142,0.005877534,0.022111893,0.010869432
2022-04-08,0.0034065251,0.006843781,0.005734958,-0.009918717,0.029885048,0.00068782317,0.00018783416,0.004573772,-0.0014400793,1.7661643e-05,-0.004616863,0.0051443153,0.019015586,-0.0070586666,0.010207752,0.016726026,0.0009862473,0.0,0.011674594,0.0013131894
2022-04-11,0.0022623923,0.002046491,0.0028793188,0.021273531,0.011424497,0.002365519,-0.0013927562,-0.014057379,-0.07703613,0.028462958,0.0060022315,0.010229291,-0.0010512793,0.0049071442,0.006187849,0.00579055,0.008165033,0.011675041,-0.00048508117,-0.0068250783
2022-04-12,0.0063960836,0.0142333405,0.0019216855,-0.0008403856,0.011546942,0.0,0.020871688,0.009061295,0.03545697,0.0015171398,0.010984856,0.010678064,0.0022935309,-0.005881627,-0.005503726,-0.0011840743,-0.0035385382,0.007751746,0.0019044146,0.0008042378
2022-04-13,-0.007090353,-0.010431867,0.0,0.014849501,-0.010839947,0.0118696755,0.00722878,-0.02106042,0.0014483115,0.011795549,0.0032388216,0.0009551805,0.004034236,0.011338184,-0.00271941,-0.002157195,0.0043033417,-0.00095391565,0.002760021,0.0047192182
2022-04-14,0.009262945,-0.0015750133,-0.0047095055,0.026161425,0.008663909,-0.007014708,0.00044473188,0.023178248,0.0043894527,0.014297482,0.017021514,-0.0037219515,-0.0010345022,0.018846244,0.0061827386,-0.031096812,0.017264245,-0.008686576,0.001972606,0.018459637
2022-04-15,0.0,0.0,0.012257748,-0.04893057,0.00793109,0.004245347,0.005162782,0.0088100005,0.04511937,-0.00044338687,0.0012833534,0.010624823,-0.02349817,0.0088856425,0.005164961,0.026564062,-0.0111084385,0.001808007,0.0071999575,-0.041451063
2022-04-18,0.007235883,0.022176366,0.001791796,0.024407558,-0.006673514,0.0001630183,0.012507005,-0.0045285705,0.000197947,0.016577976,0.004843918,0.008037062,0.016225195,0.008243037,0.015115247,-0.003986514,-0.009758856,0.0052548167,-0.006918073,0.016312664
2022-04-19,0.012881424,0.0056531276,0.010826426,-0.0038111755,0.003917652,0.0021069436,0.015012187,0.0008054242,0.00018526563,-0.0003889623,-0.0010028699,-0.0012445262,-0.0065122494,-0.003211135,0.0010039706,0.01478663,-0.015677663,0.0029515226,-0.016520664,0.00395161
2022-04-20,0.002864832,0.039014522,-0.0037311013,-0.03146484,0.0,-0.006579487,0.0050355378,-0.008818931,0.0100925965,-0.0064377957,-0.020325704,0.01516989,0.006188317,0.02560322,0.0055050175,0.0075249146,0.025042012,0.0,0.024342697,0.01108303
2022-04-21,0.007006357,-0.025499316,0.013527873,0.040676977,0.013219577,-0.00075641746,-0.0025868455,0.0,-0.010660171,0.014526235,0.024422329,0.006505397,0.0137160355,-0.012192156,-0.014650664,0.010736435,0.004753396,0.010063785,0.008810808,0.012332583
2022-04-22,0.008151561,0.004444234,-0.0024864152,0.020045556,0.010880409,0.0061562005,-0.010723079,0.018817894,-0.006015332,0.0033902915,-0.0046598376,-0.004085482,0.0029849887,0.01736582,0.012242986,0.006467096,0.007222394,-0.0041573257,0.0052538826,-0.029925674
2022-04-25,-0.005718315,0.012938373,0.011207546,0.003937241,0.013291218,0.00570245,-0.015103806,0.0,-0.015341397,0.017442431,0.0,0.0021554388,8.5854066e-05,0.0,-0.008573673,-0.006709463,0.011233451,0.00014325482,0.0015810829,0.0025413914
2022-04-26,-0.00409557,-0.011889691,-0.0076261847,-0.0014897585,0.006526291,0.002823217,0.004964475,0.0012961737,0.028516587,0.00060756033,0.008928199,0.002340534,-7.792671e-05,0.0012344175,0.007250695,0.022527805,0.002436777,-0.0008685671,0.0017246623,-0.007923358
2022-04-27,0.007596954,-0.010477909,0.0,-0.004905545,-0.0064949594,0.006223371,0.004741711,0.022043213,-0.021674361,-0.004492654,-0.0009360731,0.0036307287,0.011188824,0.011185761,-0.0010834497,0.0006207713,0.006554106,0.008031921,0.006072521,0.032208804
2022-04-28,-0.0050472007,0.016875029,-0.0083516445,0.015891861,-0.00078425946,0.0102297915,0.0026984592,0.01608398,0.022404313,0.010509588,0.0013551766,0.0035739592,-0.00083420094,0.000544378,0.0018530536,0.005831835,0.008573471,-0.00074518664,0.00892965,0.00025531193
2022-04-29,0.028227622,0.02841902,0.006708211,0.016164314,0.0,0.061011422,-0.003180878,0.0044122357,0.014685313,-0.005152908,0.033392843,0.010769302,-0.0007052974,0.05632614,0.008205758,-0.043619268,0.0061939885,-0.01176339,0.033392843,-0.009529294
2022-05-02,-0.09734271,-0.04112164,8.3489955e-05,0.011828952,0.010468572,-0.035706673,-0.035800528,0.0035903829,0.0028844872,-0.0032107134,-0.10349174,0.0012139364,0.003749653,0.0073209167,0.016086008,0.0384219,0.011977487,0.011368749,-0.10349174,0.0018304185
2022-05-03,0.0026270135,0.040410213,0.01685438,-0.010519089,0.00089521805,0.011291511,0.06327066,0.0067762043,0.022726102,0.046329554,0.0047563105,0.024139632,-0.008093005,0.037700824,0.033140868,0.026842743,0.0021753246,0.008859915,0.0047563105,-0.0036865585
2022-05-04,0.017410014,0.015698554,0.001636644,-0.001282041,-0.004823332,0.0,0.0056657265,-0.0021736543,-0.009424496,-0.02298638,0.01540687,-0.0023980518,-0.0040281885,-0.022708163,0.004744825,0.023877744,0.008039508,0.005138731,0.01540687,0.0031016609
2022-05-05,0.012947029,4.2684293e-05,-0.000756164,0.01668271,-0.0012791435,-0.121422045,0.005320022,0.0080963485,0.0,-0.027464332,0.03579942,0.023201903,-0.012594044,0.013531687,0.02602482,-0.0037830565,7.662863e-05,0.009718367,0.03579942,0.014743978
2022-05-06,-0.0025856094,-0.012400142,0.021313993,-0.0015798536,-0.009441371,-0.019099323,-0.0039952374,-0.003541757,-0.0012989554,0.0072381347,0.021259401,0.011127864,0.00071907445,0.019269377,-0.018535972,-0.014901951,-0.0017126793,-0.0071970355,0.021259401,0.016560659
2022-05-09,0.034837496,0.0049437108,-0.01813541,0.0077333204,0.0013543535,0.010521613,-0.0018254113,0.024478737,0.019491764,0.00031427975,0.01467998,0.00037874785,0.0040803854,-0.0030630021,0.0034637547,4.5470828e-05,0.013501059,0.0031646618,0.01467998,0.024781957
2022-05-10,-0.0028848136,0.0042212284,-0.0009109,0.008360018,0.023915982,-0.015980165,0.033324722,0.009982578,0.00054671423,-0.07658679,-0.012263335,-0.02356486,-0.000980867,0.003963992,0.0100017795,-0.0031557074,8.660998e-06,0.024119128,-0.012263335,0.007938714
2022-05-11,0.033173803,0.009809467,0.025186807,0.012891549,-0.0039043454,-0.0001317696,0.012395015,0.0005733949,0.009629994,0.039172977,0.0023312292,0.013142698,0.018624023,0.019441659,0.018759567,0.0051174257,-0.011390711,0.005904025,0.0023312292,-0.02481171
2022-05-12,-0.0271909,0.0027158018,0.0102467,-0.0013625376,0.012140265,0.004834189,0.006424307,-0.0023764053,0.010361651,0.016336197,0.0,-0.024693178,0.024806438,-0.12746821,-0.004000712,-0.032615803,-0.020739406,-0.029050147,0.0,0.016878398
2022-05-13,0.0051236805,0.009091754,0.0039632097,0.0016430067,-0.0055798236,-0.006336717,0.014764515,0.017718006,0.022239042,0.06319065,0.003559038,0.00071416463,-0.00058989524,0.054558955,-0.011934712,0.025743984,0.016713807,0.0231312,0.003559038,0.022381773
2022-05-16,0.005002538,0.018874766,-0.03251932,-0.002149468,0.003632597,0.028822578,-0.009966608,0.0028559489,-0.0018486888,0.0064750775,0.0018308673,-0.0031243814,-0.00073298276,-0.0012922338,0.008665065,0.0036519214,-0.046736587,-0.012278958,0.0018308673,0.008718261
2022-05-17,0.022547105,0.010103124,0.0069879927,0.010984823,0.01483119,0.018815102,0.008206574,0.01122726,0.006580589,0.015168742,-0.035927523,-0.01681565,0.009263537,0.025500385,-0.12754068,-0.0033020503,0.006540149,0.0027311267,-0.035927523,0.001645593
2022-05-18,0.013146094,0.020072052,-0.10203471,0.0,0.005142525,0.010835076,0.009957954,0.004753702,-0.005730865,0.00084359985,-0.035567515,0.014671926,0.02415415,-0.015534802,-0.12504135,0.008579437,0.0031468899,0.008865953,-0.035567515,0.0069840406
2022-05-19,0.032391142,0.006467515,0.012034737,0.0061621615,0.0064109764,0.0036208571,-0.004070867,0.0070904247,-0.00029727502,0.0,-0.03124517,0.021246457,0.00021019563,-0.012265689,0.0127605945,0.02189834,-0.012063676,0.009034404,-0.03124517,0.002991294
2022-05-20,-0.0016179383,0.00024688302,0.014988499,0.0,-6.374101e-06,0.016323023,-0.015001332,0.0029517296,0.0064794575,-0.032620955,0.04822744,0.00067402073,0.0056788363,-0.0027819106,0.011029439,0.0023329796,-0.02266601,-0.022423558,0.04822744,0.0058497526
2022-05-23,-0.02485719,-0.0006996325,0.055444177,0.00096221716,0.00431379,-0.011505426,-0.016492562,7.264739e-05,0.013198707,-0.0019170808,0.031065093,-0.004035775,0.017661221,0.0104252305,0.05933824,-0.02549457,0.027719943,0.008089065,0.031065093,0.0027947566
2022-05-24,0.0075819166,-0.01019239,0.015496985,-0.013348606,-0.0033684038,-2.5735664e-05,0.0006761651,-0.0036772804,0.0036848527,0.03361866,0.0012886856,-0.004839047,-0.00054918067,0.029085172,-0.0014128434,0.030212343,0.01484832,0.00083041156,0.0012886856,0.012913662
2022-05-25,-0.012307653,0.012360397,0.0070007443,0.019810911,-0.02042249,-0.008153228,0.014908782,0.003381487,-0.007094255,0.014326305,0.012054435,0.0116823,0.0073017008,-0.06609577,0.013749462,0.011270923,0.023958154,0.0117904665,0.012054435,-0.008173081
2022-05-26,0.0019999628,0.015206257,0.023680542,-0.00074384233,0.0034139424,0.011048682,0.01847561,-0.033734385,0.0032692607,0.0076075923,-0.021910233,0.009016056,0.010959073,-0.010305979,0.0078777755,-0.014196478,0.016369503,0.008036333,-0.021910233,0.013795095
2022-05-27,-0.01717459,0.0142654255,0.00041427108,0.012878908,-0.015473314,0.010314692,0.010153446,-0.0047970423,0.0040950435,0.0,-0.007420537,0.0027514307,0.011673551,0.007192868,0.0036204825,0.036247935,0.001006683,-0.00476538,-0.007420537,0.0019141221
2022-05-30,-0.0043242476,0.00038505998,-0.0001188475,-0.031281482,0.008079213,0.0,-0.006940682,0.008130453,0.0046841176,0.0049705096,-0.04476473,0.005164237,0.01315555,0.00607625,-0.012991488,-0.05328241,-0.0003259289,0.0040655737,-0.04476473,-0.0010108815
2022-05-31,0.05719464,-0.01704327,0.0039051753,-0.035020955,-0.0039246264,-0.0011129711,0.008374499,-0.025285844,0.0018594477,-0.0067400695,-0.0012916713,0.0025339776,-0.025361154,-0.0013919466,0.0007735031,0.0054263948,-0.005493002,-0.00079146196,-0.0012916713,0.004932803
2022-06-01,0.0025577466,0.011934948,-0.0027891565,0.023819016,-0.004503279,-0.006885121,0.0016831394,0.03283564,0.0052517075,-0.0024170326,0.043695744,-0.010107256,0.03292473,0.0032743618,0.005251593,0.0030631304,-0.033746485,0.0058747693,0.043695744,0.008288006
2022-06-02,-0.0070536523,0.013784553,-0.063846916,0.008102841,0.00950703,0.0007141006,-0.0010140007,0.025080193,-0.0024626085,0.013728541,-0.012261154,0.0050232513,-0.0016810403,0.031901747,-0.005365471,0.008477054,0.015007103,0.008436173,-0.012261154,0.010276822
2022-06-03,0.014934805,-0.008438895,0.0046574418,0.014081851,0.0126125505,0.00010624886,0.011188559,-0.015446943,-0.04275634,0.0030496551,0.10533533,0.006495852,0.008750892,-0.022995621,0.011750612,0.014140679,-0.0065043774,-0.0076783528,0.10533533,-0.00017974702
2022-06-06,0.008790366,0.01020874,0.006019453,0.0028185623,0.010582065,-0.006384856,-0.023174373,-0.0031537288,0.015511744,0.002312099,0.0078084553,0.0026191927,0.011252938,0.0001040559,0.0021757516,0.024401976,-0.007114374,0.007768172,0.0078084553,0.018565977
2022-06-07,0.0076008616,-0.018280366,-0.003213792,0.00494025,0.010811878,-0.009862613,0.028842948,0.00393185,0.0,-0.0025376452,-0.0019993235,0.009652726,-0.0027674038,0.004725534,0.022085283,0.0,-0.0006666922,0.0011745032,-0.0019993235,0.008319155
2022-06-08,0.015211873,0.010399555,-0.00025875372,0.0004694607,0.004929206,0.041160684,0.0042183166,-0.024954138,0.01672327,0.0,-0.11766306,-0.00014060288,-0.00032299024,0.02107845,-0.02961759,0.008724819,0.001597532,0.00519131,-0.11766306,-0.0003432938
2022-06-09,-0.014096984,-0.010464351,0.020933064,0.0155286705,0.0031025137,0.006240881,-0.00490171,0.0039907787,0.007043816,0.011277983,0.016576635,-0.014097867,-0.036367986,0.016560348,-0.00029986948,-0.00076764094,0.0074657155,0.00014543723,0.016576635,0.00076516427
2022-06-10,0.003850879,0.004926093,-0.012266498,0.00029286428,0.00046896635,0.011019779,0.011833005,0.014074972,-0.0001280204,0.0019165059,0.039188758,0.009919896,-0.00635744,0.015005129,0.0,-0.0004441632,0.0023616033,0.013329984,0.039188758,0.0055134683
2022-06-13,0.03451734,0.0042375396,-0.0069937008,-0.0040201787,-0.008620557,0.021482933,-0.009172348,0.0006048242,-0.00801355,0.014340443,-0.00048542346,0.0028125849,-0.016904874,0.00681742,0.009646048,0.008213568,0.004688954,-0.004111751,-0.00048542346,0.009308325
2022-06-14,0.004854709,0.016268414,0.0029428632,0.022334242,-0.0031121979,-0.060010564,0.009496007,0.007319265,0.01201552,0.010580648,-0.014400909,0.015880832,-0.008277953,-0.0032713162,5.3849675e-05,0.00963063,0.0029505843,-0.025513142,-0.014400909,-0.11844305
2022-06-15,-0.014061408,0.010706825,0.076495476,0.02140658,-0.0021162536,-0.0055004,0.0005211363,0.009594227,0.015743036,0.019818202,-0.029988542,0.020554936,0.01986981,-0.0011608093,-0.0022335164,0.04464509,0.009857392,0.007334256,-0.029988542,0.0014820214
2022-06-16,0.0053271507,-0.0010145929,0.0036366787,0.009470792,0.0052741785,0.008807228,0.005533541,0.0030079752,-0.0016976981,0.0075033307,0.006709579,-0.016921567,0.014049834,-0.034068447,-0.016469575,-0.011836047,0.013732081,-0.002669904,0.006709579,-0.00086400844
2022-06-17,0.0007730182,0.0007351639,0.0017474041,0.0,-0.009605597,0.014129251,-0.022435904,0.012003402,0.00012820002,0.0047196494,0.035506506,0.0028805977,1.37889165e-05,0.008475657,0.024530942,0.006647164,0.013001203,0.00949739,0.035506506,0.007408314
2022-06-20,0.0055586654,0.0019948033,0.00916869,-0.000508747,0.01128656,0.034711868,0.004750093,0.0,0.001327248,-0.004725614,0.02999412,-0.00032579232,0.011069329,-0.049811423,0.015396427,0.012204096,0.009643591,0.012463259,0.02999412,-0.071022764
2022-06-21,-0.118825585,0.0036154636,-0.051316455,-0.008290708,0.0073196087,0.0072603156,0.015948338,-0.010556392,0.009675794,-0.013438385,0.01278308,0.002024169,0.006023391,-0.00067491055,0.038415857,-0.0018220368,0.011406763,-0.012474566,0.01278308,0.0152020315
2022-06-22,0.015047037,0.0077638277,0.0179825,0.0016526165,0.009374126,-0.00037736053,0.008076121,0.01242636,0.0038639992,0.006094918,0.008309737,-0.0033908712,0.012031017,0.0012946583,-0.0054774745,-0.0049304394,0.005823409,0.0023056956,0.008309737,0.023181202
2022-06-23,0.013720796,0.0046777055,-0.0012043323,0.011102271,0.0047413916,0.0039560124,0.0055489154,-0.005015028,0.007383915,0.0028260846,0.01258158,-0.00020709165,0.01953295,0.005104911,0.002007281,0.009127569,0.0034016983,0.023629533,0.01258158,-0.003775694
2022-06-24,0.012913904,0.0014506839,-0.0006249322,0.03389005,0.0012928206,0.010646144,-0.0028282946,0.004571381,0.011810605,-0.02511416,0.020356206,0.0060102474,0.0011940021,-0.010188231,-0.043375384,0.006749029,0.0068032737,-0.002771192,0.020356206,-0.0009131505
2022-06-27,0.00999136,0.0048982906,0.0040953923,0.018555705,0.0046767546,0.007188006,0.0065360954,0.00809439,0.0077230516,0.0322657,0.0021157723,0.0020683235,0.009152048,0.019758027,-0.0037142008,-0.00030590824,0.003657471,0.0074191494,0.0021157723,-0.0019223157
2022-06-28,-0.0064358516,-0.004396231,-0.00614987,-0.0054789544,0.00012271847,-0.0005493515,0.009909166,0.0030639812,-0.0025349853,0.00968,0.0021161886,0.00474234,-0.0041654883,0.0024861249,-0.009082492,-0.004552577,0.008210602,0.01105414,0.0021161886,0.061176706
2022-06-29,0.029134389,-0.00036127825,0.032804683,-0.003375668,-0.00072915806,0.0083622085,-0.0017730887,0.010873104,0.0071579753,0.0004807614,0.016575458,-0.00020517796,-0.0015843237,0.00087901694,0.019338908,0.0022904659,0.00023368043,0.0,0.016575458,-0.027330445
2022-06-30,0.014903234,0.013717695,-0.007383961,-0.013758334,0.0028891615,0.0018961779,0.001524862,-0.0012952846,-0.046532363,-0.002957408,-0.0011689562,0.0047030314,-0.0029971658,0.03733054,0.0006070118,0.0032643597,0.0067199357,0.014516868,-0.0011689562,-0.00073986076
2022-07-01,0.0021011662,0.013837627,0.03808506,0.009724548,0.004472455,0.0052962094,-0.006342985,0.0005173062,-0.00012144234,-0.008961944,-0.0006089242,-0.011825644,0.0014687595,0.00043837779,-0.12717426,-0.04057969,0.0028451385,-0.0066917366,-0.0006089242,0.004461673
2022-07-04,0.009277162,0.013784712,0.0029830437,0.0018510587,-0.0055240034,0.007149623,-0.035167504,-0.0005942565,0.006466358,-0.021236107,0.0070281764,0.01847664,0.008123647,0.015900625,0.08216487,0.0,0.0018134174,0.002697789,0.0070281764,0.0027742768
2022-07-05,-0.008814268,-0.0013791716,0.023798356,0.0068220613,-0.002420164,-0.008554628,0.006374698,0.0015496839,-0.007126097,8.3396946e-05,-0.018048987,-0.020776976,-0.0023094274,0.005629798,-0.00048712696,0.019799344,0.002938395,-0.0012669316,-0.018048987,0.011399358
2022-07-06,0.005677599,0.0071917856,-0.005494088,-0.00074975134,0.011065164,0.039871346,0.003226245,0.0047657182,0.006387059,0.02610914,0.002632084,-0.0038965195,-0.0039562294,0.00358568,0.010562359,0.012574049,0.009005767,0.0066711144,0.002632084,0.004766442
2022-07-07,-0.00480829,-0.00076884555,0.021210268,0.009466874,0.0015203212,-0.00095129054,-0.008023836,-0.013707123,-0.0064688213,0.0018203822,-0.008631709,0.011798777,0.0017134089,-0.0014004561,0.018471057,0.005930422,-0.000346173,0.004093817,-0.008631709,0.0
2022-07-08,0.018643722,-0.0010107112,0.013620956,0.0,-0.00011103633,0.006402245,-0.023721447,0.0006889154,0.0076925377,0.008661788,0.034389686,-0.0072343866,0.0044132248,0.008592396,0.013840497,0.012367473,-0.0016453128,6.452874e-05,0.034389686,0.016596712
2022-07-11,0.022943456,-0.0026319816,0.0013587216,0.019192344,0.0024301289,-0.0051785563,0.012535756,-0.020308355,-0.02019806,0.002974091,0.015428616,0.0136216795,-0.003596524,0.0017812239,0.009494136,-0.024655795,0.011388738,0.0056846687,0.015428616,0.007423237
2022-07-12,0.001256578,0.0013713958,0.015515714,0.006271947,0.008149083,0.012067714,0.013318431,0.022681719,0.0007940566,0.013888315,0.00402008,0.0010847283,-0.017173061,0.0036278141,0.0,-0.007427991,0.0034824049,0.009540868,0.00402008,-0.0014397396
2022-07-13,-0.003730152,-0.0073749013,-0.0067401114,0.0013160667,-0.006483603,0.008676479,-0.12759794,0.002596352,0.011710396,0.0023210733,0.0058248937,0.019630132,0.028689282,0.0017295439,0.0029539242,-0.023284761,-0.0008225641,-0.00046811363,0.0058248937,-0.0029101127
2022-07-14,-0.009713329,0.019404517,0.0037729337,-0.0012502366,0.0022949073,-0.07118239,-0.0021461754,0.0015110193,0.03441687,-0.0030157557,0.030552095,0.0061418656,0.0033209927,0.006143191,0.0003895367,0.01667276,0.0006973296,0.0033145933,0.030552095,-0.026097154
2022-07-15,0.023558922,-0.006109003,0.00030087703,0.0037123435,0.008257635,-0.011052229,-0.013580564,-0.010044455,0.0,0.007761028,-0.032779932,-0.013491336,-0.014735227,0.009971722,0.026502829,0.0020467008,0.001015277,0.004218739,-0.032779932,0.020501211
2022-07-18,0.004881271,0.0027570191,0.010552985,-0.0029460606,0.0,0.0042870934,0.06292512,0.0065419795,-3.6245613e-06,0.007124397,-0.0064419103,0.00847183,3.378974e-05,-0.02420454,0.0071584424,0.0022303865,0.0040634633,0.00544351,-0.0064419103,0.02706955
2022-07-19,-0.0024020204,0.005530469,-0.0032350367,0.00026455653,0.00016628593,0.020948695,0.007489032,0.00330241,0.022039725,-0.006282305,0.0,0.005856886,0.015996259,0.031347036,-0.013705497,0.021247255,0.0010681836,0.0004865223,0.0,0.008183917
2022-07-20,-0.013465521,0.00041399978,-0.0047577415,0.007293775,0.0036338307,0.009144195,0.02306182,0.013696648,0.0022514872,0.009745263,0.014796528,0.0002649536,0.0051747477,-0.07507432,-0.031174824,0.0030400865,0.009731124,0.0033893657,0.014796528,0.012176287
2022-07-21,0.057046052,0.008321146,0.0019837474,0.0070028882,-6.485164e-05,-0.004154215,0.0,0.015287772,-0.0032069427,0.0013725372,0.012107186,0.0021289012,0.0036310733,-0.0016473578,-0.0007774592,0.01819794,-0.004195941,-0.0062494874,0.012107186,0.0057255765
2022-07-22,-0.04743907,0.012094861,0.01099309,0.001893848,-0.001658312,0.008154873,0.013034708,0.0048107062,-0.0014602039,-0.033210237,-0.013866504,0.0016262921,-0.01935439,0.0133951465,0.0037387996,-0.0022805755,-0.0017944159,0.0076597002,-0.013866504,1.3331927e-05
2022-07-25,0.0008082218,-0.0030712546,0.010049094,0.006743236,0.0038922122,0.010713065,1.509793e-06,0.0021053017,-0.0019751645,-0.043297764,-0.029450813,0.010635184,6.598629e-05,0.0016591686,0.04066536,0.0,-0.0017727881,0.0017745987,-0.029450813,-0.0017454328
2022-07-26,0.0454274,0.0053825723,0.009112363,0.008073785,-0.0018810888,-0.018602757,0.0014423698,0.0009854023,-0.025977304,-0.0047079367,0.034359995,0.009383,1.8166206e-06,0.02559168,-0.015606482,0.014877371,0.001085916,0.0013539497,0.034359995,-0.024290798
2022-07-27,-0.032173265,0.002517566,-0.0007350956,0.009488221,0.0048964503,0.046462126,0.017813813,0.0,-0.006032617,0.010348953,0.013020102,0.0008332388,0.023621881,0.0025962312,0.01617269,0.0011805496,-0.011261434,-0.00014522891,0.013020102,0.017582852
2022-07-28,0.0017137125,0.033800587,0.014107595,0.029852068,0.007501742,0.010108564,0.01936832,-0.009469905,0.009061469,0.078125626,-0.022521406,0.017642906,-0.0004651083,0.0012571355,-0.007569659,-0.0007558135,0.0,0.001226912,-0.022521406,-0.008340514
2022-07-29,-0.003007957,-0.075040035,0.005902049,0.013672523,-0.0063175187,0.0033119835,0.0024296013,0.0022627867,0.016914874,0.045106277,-0.014478714,0.0019263782,0.0006661869,0.0011295746,0.0,-0.007011564,0.0030993095,0.0069447053,-0.014478714,0.010865736
2022-08-01,0.04312975,-0.023913495,0.0012268809,0.012304043,0.008342469,0.0010886559,-0.0028294434,0.029134601,-0.029855508,-0.0151781235,-0.0061992463,-0.00041111675,-0.00932065,-0.004774057,0.033280592,0.025705859,0.009995529,0.0097181825,-0.0061992463,-0.0031965883
2022-08-02,0.0035550895,-0.0054701585,0.00052453915,-0.013246555,0.0019649419,0.022443818,-0.002267312,-0.002928134,-0.013930947,0.013769187,0.0046439054,0.018879099,0.006406256,-0.0049247933,0.002507867,-0.0031067545,0.012909247,0.0,0.0046439054,0.0042700088
2022-08-03,0.0018011798,0.021277811,0.0039519924,0.007445236,0.0025042365,0.0023262142,0.0008261781,0.0035330057,-0.0040752683,-0.0018033937,0.006418186,0.00093170325,0.004897894,0.010977612,0.0068421005,0.007431197,0.0005168427,-0.0011888552,0.006418186,-0.017449828
2022-08-04,-0.0015678946,0.0159321,0.004699795,0.002110954,0.017451579,0.015333851,0.007861597,-0.0006247464,0.0054843477,0.004855162,0.0,0.0061983545,0.0012026122,-0.008856345,-0.0059852465,0.023449628,0.005167775,0.0067176395,0.0,0.018652432
2022-08-05,0.0022600899,0.018682892,-0.0034845783,0.016001135,0.015969539,0.00085714704,-0.0027409166,0.0022912307,0.0041472632,-0.018763075,0.035653576,-0.004693848,0.005550686,0.028826023,0.0045884857,-0.008567292,0.011084504,-0.005610568,0.035653576,0.0022127419
2022-08-08,0.0101415785,0.0037154355,-0.00015209416,0.0002804618,-0.00043967794,-0.00077317294,0.008584677,0.0023219972,0.017461332,0.047105268,0.015840886,0.0070722015,-0.0073620733,0.0,-0.00095423334,0.013841122,0.008199783,0.014848599,0.015840886,0.016452314
2022-08-09,0.0,0.028674705,-0.001028716,0.007058866,-0.008735939,0.014717231,-0.008130467,-0.007784921,0.0,-0.0036795654,-0.013115947,-0.00028645588,0.018028943,0.022232354,0.013923196,-0.0009293324,0.0012070271,0.0025260262,-0.013115947,0.0
2022-08-10,-0.0017888194,-0.02299258,0.015958501,-0.0033764704,-0.031319268,-0.004607739,-0.009624326,0.001966015,0.020133536,0.0,0.0035942409,0.006958045,-0.0011106834,0.0015779827,0.010373042,0.011661372,0.022585388,-0.0015618823,0.0035942409,0.017930299
2022-08-11,0.034684405,0.0,0.0047371937,-0.04689235,0.021909658,0.00089883857,0.0048430967,0.0056270203,0.016711934,-0.004719237,0.008091637,0.002644524,0.012030047,0.00406464,0.0028513058,-0.00689211,-0.0027745066,0.007000826,0.008091637,0.004734463
2022-08-12,0.0,0.0029183868,-0.0050311633,0.00013919764,-0.011816516,-0.013243015,0.0008032629,0.012610336,-0.0062796976,-0.010760163,0.0008574982,0.00053600204,0.002003974,0.007382127,0.0037073267,0.0073779337,0.014637082,0.0077800164,0.0008574982,0.0073297005
2022-08-15,0.0030356399,0.0061215446,-0.014108816,0.03007689,0.00014211697,-0.012995556,0.0030271818,-0.005182888,0.0058296174,0.04868963,0.00542225,0.0041290857,-0.008088494,-0.039674953,-8.961502e-05,-0.002756246,-0.02093252,-0.00037130993,0.00542225,0.006436517
2022-08-16,0.0,-0.010084791,-0.028106043,0.013298821,0.015123092,0.0,0.0013301993,0.003727005,0.00018970031,-0.009609223,-0.0018418801,0.00034215802,0.0044247145,-0.005901268,0.0047712373,-0.029833796,-0.002905446,0.010882683,-0.0018418801,0.0006277177
2022-08-17,-0.013612329,0.0063615777,0.013762746,0.0,-0.0035187413,0.035619605,0.015725408,-0.033812717,-0.00020970586,0.0032502736,0.0132588055,0.021302361,-0.0020889132,0.017410303,0.025631126,0.011238521,0.020149732,-0.010514462,0.0132588055,0.009511098
2022-08-18,0.01088286,-0.017312557,0.0038388632,-0.01877122,-0.0026573346,-0.0068917405,-0.001280226,0.0039152233,0.010475543,0.037203968,-0.0005273244,-0.022335878,0.0114401765,0.0006804782,-0.016910598,0.014069053,0.0062366724,0.0037574028,-0.0005273244,0.0031688367
2022-08-19,0.023026008,0.0,0.012940785,0.006003279,0.0030075542,0.0059869257,0.01112144,0.014268559,0.0016875154,0.012881804,-0.015100782,0.0025039956,0.009162544,-0.008272037,0.0019169206,0.003800018,-0.02028267,0.010573769,-0.015100782,-0.005718799
2022-08-22,0.00567198,0.019328158,0.011281992,-0.009650123,0.017685087,-0.001054009,0.0034156372,-0.0014880574,-0.0017742949,0.004888487,0.015988814,0.011652801,0.0014274458,0.0016157215,-0.0065519656,0.0145866815,0.0071585565,0.01246445,0.015988814,0.004757875
2022-08-23,-0.0011094484,0.033001345,0.0016498553,-0.0096256565,0.0040852237,0.019023199,0.00016121965,-0.00076568476,-0.0038813392,-0.009069685,-0.010247982,0.0060906806,0.0023924098,0.014646025,-0.015997184,0.011283581,0.008236974,0.012766872,-0.010247982,0.0046493416
2022-08-24,0.014322845,-0.0004693849,-0.00104698,0.0147485165,0.0014405834,0.007541475,0.0023143848,0.014489008,-0.00249162,-0.025217757,0.0007733575,0.002900397,0.0009770636,-0.0010689705,0.01613459,-0.00093324785,0.02177156,0.016017256,0.0007733575,-0.00025913568
2022-08-25,0.008338725,0.014763592,0.015130097,0.008802911,0.002290916,0.014262836,-0.0055486467,0.0011282414,0.025508039,-0.0022712026,0.004772616,-0.010180468,-0.0015923312,0.01170753,-0.0064623044,0.0,-0.031941447,0.0,0.004772616,0.010756234
2022-08-26,0.022127945,0.007019488,0.0042893155,0.0010628591,-0.011756353,-0.0026570898,9.06244e-07,0.0018356551,0.014643251,0.013432605,0.0018656602,-0.00021658782,0.0074319504,0.01582325,0.0017034673,-0.0029947304,0.013418012,-0.012437712,0.0018656602,0.0049904017
2022-08-29,-0.0019281143,-0.00083369453,0.0018307178,-0.0050257836,0.003763935,-0.005642064,0.014750077,0.009914898,0.00428263,-0.003508264,0.006916683,0.005815897,-0.001712951,-0.0036591592,0.019442895,-0.0016392665,0.011885162,0.015389604,0.006916683,0.0010022864
2022-08-30,0.0016463117,0.010490042,0.0051398682,0.009145947,0.003996643,0.002188159,0.0010959131,0.0026455957,-0.00059781014,-0.021048086,0.015423788,-0.005478108,0.0045482116,0.015991636,-0.0021729697,0.004696043,0.003921756,0.0013325568,0.015423788,-0.0021017005
2022-08-31,-0.007231613,0.017204063,7.196619e-05,0.01931257,0.0013037298,-0.0015712713,0.0150768105,0.0077710645,0.0022754734,-0.025764035,-0.00026885973,-0.0132060265,-0.0009497864,-0.0101367785,0.008089603,0.00036073226,0.01162718,-0.0018558357,-0.00026885973,-0.009005235
