date,Sequence_1,Sequence_2,Sequence_3,Sequence_4,Sequence_5,Sequence_6,Sequence_7,Sequence_8,Sequence_9,Sequence_10,Sequence_11,Sequence_12,Sequence_13,Sequence_14,Sequence_15,Sequence_16,Sequence_17,Sequence_18,Sequence_19,Sequence_20
2013-01-02,0.00095693447,0.00011281543,-0.0013489365,-0.0040060706,0.0015773219,0.0045720316,0.0018571609,0.009372233,0.0,0.0007152328,0.0035427483,0.0010465216,0.00123871,-0.0015567143,0.002170472,0.0016689793,6.943236e-05,0.006848388,0.000947364,0.009704508
2013-01-03,0.000151864,0.0019117234,0.0016947342,-0.0006803222,0.003998901,0.0010181158,0.0013846941,0.00832223,0.0022893602,0.0023054723,0.0021080007,0.0019459099,0.0034262775,0.0006851354,0.0012435558,0.005046443,-0.0001446416,0.0018421641,0.00031702628,0.007776409
2013-01-04,0.00021030371,-0.006875626,-0.00017016432,-0.004607277,1.50070455e-05,0.00058792386,0.0015888148,0.000854631,0.0021061166,0.0016643803,0.00995695,0.0019691342,0.008686166,0.00026651728,0.0040189466,0.000746356,0.0002214443,0.0016103657,0.0008661366,0.0044731703
2013-01-07,-0.0003533277,0.0011101138,-0.00095419004,-0.010703122,0.003054332,0.0014883011,-0.00053228915,0.006962617,0.0008798235,0.0034027745,0.0038858894,0.0006447404,0.0010586153,0.0011358904,0.0009688711,0.00013713988,6.949024e-05,0.0005217279,0.0005915047,0.00041518846
2013-01-08,-0.001424259,0.0018754704,0.0,-0.0031184566,0.003710311,0.000743143,-0.0047719795,0.003382858,0.0010999581,0.0054436694,0.006253241,0.0004576272,0.0012603683,0.0,-9.336307e-05,0.0011562309,0.0033048047,0.00025963856,0.0011178827,-0.0012937301
2013-01-09,-0.00019997283,0.0031142512,0.0020577367,-9.0578986e-05,0.0029371388,0.00071910076,0.0003012231,0.001293792,0.006014805,0.0014290949,0.0015493741,0.0010166949,0.00060843036,0.00054431794,0.0,0.002411343,0.0011065756,-0.0024647398,0.00012447133,0.0
2013-01-10,0.0007432087,0.0009952782,-0.0048644827,0.00013985796,0.005269713,0.001651753,0.00063271733,0.00017269557,0.00093062787,0.0022018692,0.0,0.000693725,0.0023250105,0.0009164377,-0.0034294967,0.002385032,0.0016211452,-0.0022139892,-9.196963e-05,0.00078154984
2013-01-11,0.00092489994,0.014549693,0.00076447375,0.0032447916,0.0011369942,0.00058547896,0.0007535686,-0.00092261453,0.00049477484,0.0003992017,0.00062767667,-0.0015833798,0.003570901,0.00010039818,-3.3245287e-05,0.0024407308,0.0024084786,0.00088247994,-0.0006643242,0.0024808915
2013-01-14,0.0003614438,0.0021340651,0.0011207056,0.0049845306,0.0012089645,-9.239006e-05,0.0011593573,-0.00072183437,0.00073635177,0.0009686739,0.00066305575,0.0005914241,0.0017810517,0.0016447391,-0.00015632,0.0029705341,0.0010128259,-0.00094084087,-0.001656113,0.0069225742
2013-01-15,0.0009706206,0.0007882894,0.0010387993,0.0067905053,0.0010877126,0.0018906958,0.0010221072,0.005440409,0.0019158275,0.002220384,0.0018000059,0.0004510597,0.0014940727,0.0010187086,0.0004025851,0.0,0.0019024627,3.2899785e-05,-0.0032664887,0.0017538073
2013-01-16,0.001983743,0.0011874819,0.00072036835,0.0019521945,0.0009581075,0.0028975103,0.0013745618,0.00029459398,0.00021627109,0.0044894093,-0.00014759392,0.0030222565,0.00028868552,0.00015574374,0.00091573753,0.0011317179,0.001111337,0.00031417803,-0.00095894444,0.001179939
2013-01-17,0.003475375,0.0,0.0017125064,0.0015849193,0.0022970913,0.00367625,-5.8574373e-05,0.00018283198,0.0001615931,0.001692789,0.0013726252,0.0012086815,-0.0010850724,0.0011419075,0.002717752,-0.0004874357,0.0013018729,0.0006529263,-0.004556409,0.00025363543
2013-01-18,0.003926131,0.005288419,-0.00021911616,0.0009239795,0.0032700421,0.0012356096,0.00047413583,-0.002601219,0.0080757,0.001984647,-2.2037393e-05,-0.00019844234,0.0006047664,0.0018682929,0.0,-0.0013642784,0.00016691856,0.005721025,-0.0034890375,0.001302505
2013-01-21,0.0030762102,0.0057916897,0.00173842,0.0037691107,0.0040740333,0.00021746996,-0.0014294776,0.00036163218,0.006684623,0.0025044023,-0.00045289975,-0.0008449549,9.629649e-05,0.0012921953,9.691164e-05,0.0014604346,0.0003446318,0.00028909932,0.0013519841,-0.0035165646
2013-01-22,0.0012471859,0.004992513,0.0,0.00069728814,0.007337481,0.00039835915,0.00079733535,0.0018063938,0.0021075066,0.00072640093,0.00044494867,0.0017721914,0.0008289853,0.0003843457,0.001105049,0.0013740737,0.0009564493,0.0,0.0014305735,-0.0012371711
2013-01-23,0.00219993,0.0065584807,0.0008770248,0.0009771176,0.0052317022,0.0011725207,0.00072340114,-0.0008339007,0.002018744,0.0024423543,-0.0009125628,0.00082144764,0.00019609962,0.00011603901,-0.001522497,0.0012056291,-0.00028845976,0.0016183156,0.0021566215,0.0028732133
2013-01-24,0.006152128,0.00054385886,-0.00012423888,0.0015871559,0.0024025063,0.0015358825,0.0019139408,-0.00055259967,0.0013359131,0.0022822297,0.0003532018,0.0018017597,0.0,4.5801844e-06,0.0012914633,0.000998273,0.0010896444,0.001172551,0.0011238413,0.0013956334
2013-01-25,0.0050857635,0.0023805816,-0.00084353046,0.0017132272,0.002905233,0.00035151027,0.0021604649,0.0008611632,0.0007266031,0.0015463968,0.005192073,0.0021053513,0.0,0.0016144264,-0.00039700608,0.0029189372,0.0021513961,0.0018831651,0.0016128893,0.0009905986
2013-01-28,0.0028239018,0.002183179,0.0033352822,0.0009704952,0.0013151496,0.00015782512,0.0021992703,0.0055849417,0.0011516977,0.0017003525,-0.00074160326,0.0017489531,0.00030629666,0.0030146686,0.0013680035,0.001082695,0.001454224,-0.0011466418,0.00088447053,-0.000109371635
2013-01-29,0.0048608193,0.005416878,0.002272426,0.0006858294,0.002685334,0.0012807837,0.0020993296,0.0025975187,0.0013565572,0.0006324474,-0.0047746077,0.002219637,0.0006651849,0.0018168527,0.0015066948,0.0018868069,0.00048684084,0.0006880704,0.0013169717,0.002657314
2013-01-30,0.0018681408,0.001366222,0.0022887238,0.0024671843,0.0016494802,0.0024720302,0.0027144104,0.0013787267,0.004925878,-6.927222e-05,0.0005558967,0.0018793688,0.000712644,0.0024793495,0.005822456,0.0025115903,0.0007905346,-8.873907e-06,0.0006900429,0.0049326746
2013-01-31,0.0023860831,0.0021886441,0.0022104057,0.0016126136,0.0017479102,0.00086015445,0.00087876304,0.0028506645,0.005129322,0.0012467514,0.0038017323,0.0003079775,0.0008052297,0.0034784868,0.0068658595,0.0011997015,0.0014769824,-0.00049518025,0.00017564051,0.00036163235
2013-02-01,-0.00024612242,0.0026538398,0.0010609259,0.0021011222,0.00022232105,0.0013850486,0.0024207497,-0.0010787871,0.002550997,0.00017924134,0.004406104,0.00042974798,0.00015372719,0.0023694222,0.0019752407,0.0009662507,0.00068397843,0.0003110478,0.00049071264,0.003244362
2013-02-04,-0.0005647143,0.0009130306,0.0024016448,0.0058702626,0.0,0.0008775433,-0.00013739684,-0.00015861084,0.0026840626,0.0013991435,0.003536373,0.00068353367,0.0003340035,0.0010792286,0.003163556,0.002806085,0.0020416833,-0.0013838077,0.0003816412,0.0053840294
2013-02-05,5.637371e-05,0.0016833207,0.0028256057,0.0031784046,0.0010702739,0.0012097934,0.0032960633,0.0021543663,-0.00024168959,0.0015044785,0.0019027222,0.00018630965,0.00047456106,0.0,0.006417365,0.0005304378,0.001532057,0.00036083502,0.0005994545,0.00748203
2013-02-06,0.0013844073,0.0015385618,0.0016359243,0.0044361255,5.296221e-05,0.001912952,0.0014226233,0.00084752217,0.00019354012,0.00090545404,0.0009587707,0.0010136134,0.00078361126,0.002380163,0.0009390854,0.00062097475,-6.959646e-05,0.00027119252,0.0026750274,0.0069107763
2013-02-07,-0.0004413645,0.0017412673,0.0034260994,0.0022247592,0.0006787382,0.0,0.0012615763,0.00089785916,0.0024300648,0.0020200778,0.0046936357,0.0011734214,0.002833615,0.008238207,0.00047478912,0.0009926524,-0.00010037946,0.009857535,0.0058068726,0.0030678152
2013-02-08,0.0011206733,0.0018061287,0.0011664628,0.0012907349,0.0013245922,0.0010169649,0.0012678817,0.0033062557,0.002860843,0.0005020595,0.0012566771,0.00050127157,0.0010482904,0.0040537547,0.0023951794,-0.00010711649,0.0008865446,0.0052791405,0.0028228334,0.0024447672
2013-02-11,0.0024838531,0.00041843113,0.00329179,0.0017448158,0.0030516472,0.0011099926,0.0005744767,-0.0025289103,-0.0022316056,0.0015576069,0.006401998,-0.0005004012,-6.571582e-05,0.002854398,0.0015257848,-0.0003880594,0.00079804345,0.0007970671,0.0015281872,0.003013018
2013-02-12,0.0013520033,0.0022755128,0.0012488718,-0.0019398251,0.0014017991,0.001191037,0.00035823463,0.0007387119,2.2579538e-06,0.0016740687,0.0025472643,0.0013884346,0.00026345626,0.0045973887,0.0048261196,0.000776557,-0.0001611757,0.0018745898,0.0028692074,0.009422575
2013-02-13,0.0019294054,0.0011474952,-0.00047771243,0.0015221359,-0.00055957487,0.0006832013,-0.00016594457,-0.0011573695,0.0036812928,0.0012972741,0.0005063377,0.002067284,0.0011780545,0.004871204,0.0030205464,0.0008882242,2.5910189e-05,0.0010726999,0.000490995,0.009430964
2013-02-14,0.0014912869,-0.0033203328,0.00141676,-0.0012580035,0.00071421644,0.0024237232,-0.00014592102,-0.0017987139,0.0039023256,0.00024010902,0.0,0.002064504,0.0008779915,0.0009142643,0.007098902,0.00024737298,0.0012439062,0.00077273254,0.0017829943,0.010951079
2013-02-15,0.000440007,0.0008386914,6.8412555e-06,0.00068565767,-0.0048095454,0.0023308864,0.0005953361,-0.00018326014,0.0,0.00025232526,0.0018102982,0.0015869119,0.0026223934,0.001991282,0.0020257956,0.00070118794,0.005269644,0.0008526784,0.0016540033,0.00996818
2013-02-18,0.0017507434,-0.0004936893,-9.838145e-06,0.0028149977,-0.00027922002,0.0032032335,0.00070994906,0.0016140527,0.007515258,0.0022230407,0.00028549138,0.00085417647,0.0010725799,0.0026758395,0.0009854494,0.007941465,0.0005423937,0.0054142135,0.0006716519,0.005647349
2013-02-19,0.0030239245,0.0003365684,0.0,0.0022050173,0.003067245,0.0011171211,0.0,0.0016997337,0.0,0.002385162,-0.0013423188,8.8921275e-05,0.0024467786,0.0026945483,0.0013626183,0.0004830384,0.000529287,0.005615046,0.00076149567,0.005699846
2013-02-20,0.0043150876,0.002931765,0.0015804373,0.0016425066,0.0,0.0008463614,0.00087989785,0.00053891574,0.0018137161,0.0016340354,0.009275313,0.00043059653,0.0036429074,0.0027154018,0.001382465,-0.001859551,0.00068856735,0.001249839,0.0006513103,0.0016716623
2013-02-21,0.00071519095,0.0014628692,0.00060569035,0.0015096418,-0.0016477859,-0.00024662542,0.00016279108,-0.00112706,0.0018137571,0.0014105588,0.0011089236,-0.0010617607,0.003413266,0.0021089988,0.0028852122,-0.0003548946,0.0033183442,0.00075806695,0.0018832261,0.0011334148
2013-02-22,0.0022663074,0.005530882,0.001752124,7.2571755e-05,-0.0006496719,0.00033910552,0.00082919584,-0.000114513765,-0.0010555248,0.00071192445,0.0011936737,0.0008651804,0.0015916926,0.0010190585,0.0015965828,2.0845737e-05,0.0019780619,0.0,6.296968e-07,-9.921684e-05
2013-02-25,0.0005879149,0.005134208,0.0022647525,0.0019465972,0.0022706864,0.0009747307,0.0010139352,3.7131074e-05,0.0006869499,0.0016486491,0.008931623,0.00038717646,0.0026951001,0.0048864577,-0.001500779,0.0015845628,0.0009862139,0.000909225,-1.4533552e-05,0.00023604692
2013-02-26,0.00060424267,0.0031772153,0.002340071,0.0012748055,0.0037483622,0.0007441741,0.001035967,0.0010086664,-0.00075105455,0.0009378095,0.00088781014,0.0013845608,0.0040035876,-9.934268e-06,0.0,0.0012615313,0.0018863593,-0.0008628532,0.00054379716,0.0007874257
2013-02-27,0.0013716855,0.0026577995,0.0034066504,0.0022442483,0.0006312058,0.0013407487,0.0019128971,0.0008079176,-0.0010684297,0.0012544242,0.0109480405,0.0012333142,0.0029161647,0.0027704125,0.00046782912,0.0001980302,0.0,-0.0009780551,0.0015005192,0.00085916964
2013-02-28,0.000580086,0.0032151714,0.0021603599,0.0024653594,0.0016652322,0.0003675183,0.000782533,0.003202478,-0.0039747637,0.0017540698,0.019838223,0.00019256228,0.0037497797,0.0013498768,0.0028036218,0.0018856789,0.00014083047,-0.0010308644,0.0011696358,0.0012855978
2013-03-01,0.002103386,0.014099419,0.0029302312,0.0026396182,-0.00022936171,0.0,0.0006419358,0.0018729239,-0.0010513621,0.002404965,0.0013992802,0.0015062946,0.00023664927,0.0014463284,0.0004902354,0.00030448553,0.0023875188,0.0015889056,0.0012706254,0.0031009878
2013-03-04,0.0003249953,0.00783342,0.001297253,0.0038494975,0.00037488274,0.00029625246,0.00095764897,0.0029306177,0.0,-3.3865585e-05,0.003974475,0.0016184889,0.00023511738,0.00095910364,0.0024369673,0.0010087958,0.003379013,0.0015831253,0.0008492011,0.0006584953
2013-03-05,0.0018924839,0.009368403,0.002912898,0.0027854147,0.0007908861,0.0010014296,0.00052861014,0.0016803173,0.00050376233,0.0019096618,-0.0016792532,0.003613193,0.00045718066,0.0012331755,0.012227584,0.0006526137,0.0005875224,0.0068459217,0.00015715214,0.00076949137
2013-03-06,0.0015471359,0.006569894,0.0012895622,0.0012628201,0.0034353987,-0.0018132692,0.0008021165,0.0026661053,0.0015311708,0.00047945548,-0.0016736995,0.0049537495,0.00092894706,0.0012430584,0.0018928914,0.001609875,0.0,0.0025376782,0.0012235802,-0.0008920838
2013-03-07,0.0014272741,0.0026376536,0.0032732883,0.0012543945,0.0056159412,-0.0015201496,0.0010677817,0.005897143,0.002202251,-0.0060248086,7.740517e-06,0.002724877,-0.0005077879,0.0013776883,0.0008698063,0.002989969,0.00046214196,0.0026906938,0.0015660558,0.0020405864
2013-03-08,0.0017041734,0.010104078,0.0,0.0011717415,0.0032960647,0.00015673957,0.0018152131,0.0035706593,0.0047743344,-0.0038440803,0.0021678382,0.0019364974,0.00093576004,0.0010195161,0.0023669782,0.003384241,0.00042557195,0.00014668531,0.0010111571,0.001455617
2013-03-11,0.00081739225,0.023206074,0.0013300937,0.0013242617,0.0036085572,0.0052040094,0.0016412501,0.0035873323,0.0015467947,0.0007860984,0.0019033315,0.0024109741,0.0012585494,0.0003135235,0.0026587094,0.0,-0.0005324154,0.00029408818,0.0014194808,-7.329519e-05
2013-03-12,0.0002448202,0.0006412177,0.001864947,0.0036858309,0.0072523355,0.005820816,0.0016975306,0.0037610072,0.0024902534,-0.00028779672,0.0011384411,0.0029263415,0.0014048528,-0.0015236203,0.00037445134,0.0013868833,-6.6927976e-05,0.0025128277,0.0012956721,-0.008948355
2013-03-13,0.0005872564,0.005473126,0.00017995597,0.0016150031,0.0018373956,0.0040455507,0.0011459857,0.0037418846,0.0037390785,0.0009698308,0.0030677486,0.004377024,0.0010810677,-0.00041435412,0.00058544363,0.00161721,0.0003595716,0.001955281,0.0011138178,0.0013519423
2013-03-14,0.00046764262,0.00028851317,0.00021045144,0.0012330526,0.0048281676,0.0032951208,6.993683e-05,0.0018178782,0.0042827977,0.0012985697,0.0,0.00281561,0.0020838582,0.00041124536,-0.0006099665,0.0010646936,0.0008507285,0.0017935821,0.0013745665,-0.013478061
2013-03-15,0.00080305256,0.0007453074,0.0003258011,0.017448593,0.0024832324,0.0010740691,0.00060638564,0.0030960694,0.0019480115,0.0010159207,0.00021861748,0.0044490374,0.0049280506,-0.004620819,0.0,0.00088319846,1.942153e-06,0.0013429673,0.0023460828,-0.0034082888
2013-03-18,0.00031273757,0.0003572984,0.0011815189,0.0064036637,0.0026557406,0.0021669525,0.0005725524,0.0019112225,0.0016235842,6.37389e-05,0.00081758987,0.0012254921,0.001664947,-0.0009838815,0.0011030567,-0.0016287649,0.0009540548,0.0018244559,0.0007716456,-0.00089280115
2013-03-19,0.0,0.0011042961,-0.0001549027,0.007166165,0.0055856877,0.0028762545,0.00097359525,0.0017529668,-0.00038472496,0.0011122059,-0.0012067616,0.0010237322,0.002035533,0.0005739105,0.0013959587,0.00015578237,0.006488883,0.0015712162,0.0006162866,-0.0064804726
2013-03-20,-8.687489e-06,0.0041263145,0.0007543583,0.002142329,0.0035650616,0.00066642096,0.0013940483,0.0023356425,-0.0034833064,0.0011831223,0.00081713754,0.0010094737,0.0019694832,0.00024327805,0.003573418,0.0021525617,0.0028493612,0.0013365344,0.00015143307,-0.0030303847
2013-03-21,0.0007954933,0.010040822,0.0018826732,0.00078947045,0.0006083269,0.0015807855,0.0006857618,0.0021499356,0.001329602,0.000997813,-0.00038891903,-0.00030821518,0.0040658293,0.000102812664,0.0014270507,0.0018826268,0.0019301582,0.00096800365,1.1573629e-07,0.0006879618
2013-03-22,-0.0006708361,0.00618337,0.0017196425,0.0014567956,0.00093545555,0.0054074433,0.0015212671,0.00022679621,-6.456887e-05,0.0014714863,0.0006138338,0.0011579344,0.0011772871,0.0006658308,-0.0007523168,0.0021489642,0.0015035027,0.0010722644,0.0011715204,0.0011044993
2013-03-25,0.001434134,0.008278491,0.0014750294,0.00068795425,0.0009355138,0.0034093626,0.0,0.0018434424,0.002178027,0.000389308,0.0012527545,0.00027090305,0.00053388416,0.00048321532,0.0045525427,0.0047691935,0.0008272142,0.00041066651,0.0014535799,-0.0043541514
2013-03-26,0.0009833656,0.013311805,0.0028919505,0.0008114786,0.0011159214,0.0022564465,0.0015780582,0.00020955413,0.0019478326,0.00030013488,0.001429203,-6.185802e-06,0.00039300098,0.00024594963,0.0016566835,0.002499853,0.0015322486,0.00095812685,0.00163903,0.0
2013-03-27,0.00057641725,0.008944105,0.0020851626,-3.466112e-05,0.005723924,0.0006897543,0.0011149369,-0.00035569965,0.0004945303,0.00038701764,0.001616787,-0.0018184608,0.00029961404,0.0,0.0007498842,0.0029578262,0.0013635122,-0.0008990651,0.0016999944,0.005563608
2013-03-28,0.0,0.0023089233,0.00053870946,0.0006197589,0.0013408535,-9.881743e-05,0.0008830602,-0.0034581127,-0.00095799105,-0.0015228541,0.0046277796,-0.00149029,0.00091850193,0.0,0.0015291243,0.0056589656,0.000844753,-0.0017018112,0.0011293311,0.00079042546
2013-03-29,0.0009776768,0.00032516653,0.0020729008,0.0012394751,0.005270762,0.00060608785,0.0017694685,-0.0039735716,0.0013987005,-0.00028798214,0.004269458,0.0005529705,0.0015673911,0.0,0.006611374,0.002347209,0.0010886401,-0.0007544695,0.0005512374,0.004906316
2013-04-01,0.00083938334,-0.00048553437,0.0019137708,2.6300546e-05,0.003592021,0.00068743655,0.001109242,-0.0008285014,4.788241e-05,0.0011797926,0.00031564946,0.0016771535,0.0006365762,0.0016921676,0.0024829498,0.0008390583,0.0024629312,0.00060812535,-0.000183972,0.0033170339
2013-04-02,0.00053375517,0.00046021948,0.0018973245,0.00033654372,-0.00062714366,-0.022657216,0.003051798,0.0006650208,-0.0011225934,0.00085302803,0.00043472607,0.0,-0.0018737925,0.0009839108,0.0024910844,0.0007969579,0.0024830508,0.002642351,0.00024207393,-0.000568123
2013-04-03,0.0010375606,0.00075049937,0.0021936155,0.0015869598,0.0,-0.0125569,0.0048264964,0.0029123258,0.0002351916,0.00080734264,0.001094688,0.00020704795,-0.00029622606,0.004968737,0.00081219216,0.0012660999,0.0021244728,-0.0027510182,0.0011140158,0.0018208579
2013-04-04,0.000670578,0.0009488848,0.0010271159,-0.00041924688,0.0018717289,-0.0042076954,0.0018834127,0.0035368418,0.0,0.0014819935,0.0040625036,-4.9267554e-05,-0.0005786315,0.004633572,0.0018497605,0.00091137446,0.0015695739,-0.0004282463,0.0005517687,-0.00013801813
2013-04-05,0.00070335245,0.000187048,0.0019738805,4.314857e-05,-0.00078404305,-0.0036881769,0.0016930228,0.002125448,0.0003938533,0.0028538846,0.001441225,-0.0022493904,0.0016825262,0.0016792816,0.002091536,0.0012612767,0.001066111,0.0006504444,0.0021828979,0.00028698123
2013-04-08,0.00081376545,0.0007986878,0.00029452986,0.0,0.00080978655,-0.00031206338,-0.00072243414,0.0015908362,0.0022768732,0.0030024853,0.0028845312,0.00047419398,0.0027039004,0.00033303414,0.0010824305,0.00088882324,0.0010949889,0.0010093088,0.0007489241,0.011382529
2013-04-09,0.0,0.0016691281,0.0019500289,0.00017142811,0.0025606775,0.00066689134,-0.00034599652,0.0007400799,-0.0019164439,0.0024654937,0.0052845557,0.0015981238,0.00077738386,0.0013869625,0.0015292125,0.0008481506,0.0002783837,0.0021119446,-0.0011015882,0.0036631646
2013-04-10,0.0007286282,0.0016355886,0.0015884449,0.0,0.00064157526,-0.008174939,-0.0004604272,0.0006517117,-0.021373222,0.0005882902,0.002177622,0.0022960706,0.0017358882,0.000525837,0.0008450397,0.0011991338,0.00052583416,0.0060840575,-0.002429974,0.0019664408
2013-04-11,0.0013962907,0.0014995817,0.0034125342,0.003353261,0.0004514607,0.0008106826,-0.00014800386,0.0027662965,0.0074652126,0.001411382,0.0037333556,0.0016414284,0.0002442362,0.0004424783,0.0005935942,0.0006854729,0.0011446412,0.0007245864,0.0012990221,0.0017043026
2013-04-12,0.0013747137,-1.1189887e-05,0.004044929,0.00040332,0.0010856781,0.0011802341,0.0012119772,0.0011792419,0.0028484287,-0.00032442622,0.0033299976,0.0009344478,0.0033329136,0.0006711519,0.0010701955,0.0007345872,0.00025022335,-0.0005085245,0.0,0.0019681442
2013-04-15,0.0017541272,0.00086107384,0.00088489125,0.0017171678,0.0013214446,0.00046509333,0.0017346648,-0.00060663297,0.0016921131,0.001496587,0.0032503547,0.0022756236,0.0013183121,0.001260388,0.0012248826,0.0013243174,0.0018613263,0.00029543988,0.00032067444,-0.00085337687
2013-04-16,0.0020108735,0.0021827396,0.0018650304,0.0019308978,0.0024540345,-0.0033817075,0.0011209468,-0.00040244497,0.004375575,0.0012141916,0.0016411406,0.0012397503,0.002913726,0.0015035017,0.0028176042,0.0013678791,0.00058492296,0.00076322356,0.0011187633,0.0
2013-04-17,0.0021160499,0.0021768762,0.0018254673,0.0008110399,-0.00049142336,-0.010813765,0.003889661,0.00023434634,0.009245666,0.0010092413,0.00017458423,8.724702e-05,0.0035747988,0.0019068525,0.003926394,0.0011387753,0.0013992217,0.0014866343,0.00015379138,0.0008467019
2013-04-18,0.0024637973,0.0013451662,-2.0003246e-05,-0.0015996592,0.0005136782,0.0002075708,0.002389882,0.0019370111,0.009794182,0.00079253985,0.00085821026,0.00064631784,0.0031899975,0.0016892665,0.0035830447,0.00096781267,-9.108482e-05,0.0026638703,0.00031352165,-9.881671e-05
2013-04-19,0.00059360196,0.0,0.0007741493,-0.0027067906,0.0012548479,0.00086954405,0.002215093,0.0015784693,0.001566879,0.00033170133,0.0006244054,0.0037619076,0.00050526985,0.0014501261,0.0038849493,0.0011954935,0.00011430954,0.001203834,-0.0012188837,0.0019751035
2013-04-22,0.0021071325,0.0,1.5703781e-05,-0.00091284746,-0.0042669373,0.0024301508,0.0016141591,0.0008626637,0.0038072595,0.0012068407,0.006335601,0.0015678729,0.00083844096,0.0003903783,0.0023713151,0.00017284464,0.00039862972,-0.0007450304,-0.00033609814,0.0033702268
2013-04-23,0.00080728775,0.0020594413,0.0019338884,0.0,-0.0016172224,-0.0033278237,7.235869e-05,0.0020691268,0.0036308386,0.002094409,0.0008123176,0.0021741756,-9.343745e-05,0.0013849139,0.0046608443,0.0011685352,0.0006508393,-0.0012531598,-0.0006125213,0.0044392897
2013-04-24,-1.7194234e-05,0.00059685565,0.00036483505,0.0,0.0013859711,0.0064396244,0.0004402524,0.0037377207,0.0021482392,0.0024794478,-0.00073161157,0.001244131,0.0005973509,0.0,0.0012239668,0.00020214633,-9.822673e-06,-0.00056575536,0.00033714925,0.0022586354
2013-04-25,0.00075321144,0.00021366043,0.0012111715,-0.0066898405,0.0013787716,0.0013748134,0.0018739653,0.004781357,0.0029192665,0.00039608334,0.0027810924,0.0014634648,0.0009822986,0.002755204,0.00053297495,0.00047963424,0.0013068307,-0.0002971672,0.0,0.0010875262
2013-04-26,0.0014532055,0.0013272497,0.0019263274,0.004075747,0.0026091058,0.0063723554,0.0006301575,-0.00077668397,-0.0016914343,0.00093683176,0.0020833537,0.0021082952,0.0016145227,0.002274092,0.0011518568,0.00035866816,0.0016707823,0.0024936805,0.0005266974,0.0
2013-04-29,0.0014367611,-0.0010240317,0.0026721498,0.008745567,0.0013202147,0.0010105815,0.0013154723,0.0013154009,0.0024182035,0.004194478,0.0034374713,0.0012008449,-0.00035316125,0.0025625008,0.0019388146,0.00050123304,0.00205343,0.0020302418,0.0018657953,0.0036678948
2013-04-30,0.0032179784,0.0007210813,0.0017283845,0.0019285707,0.00031167793,0.0012348348,0.00097448385,-0.00012870363,0.0007136885,0.0002268756,0.00060134253,0.0021294572,-0.0001340851,0.0006889507,0.0010846722,0.000629694,0.0011679671,-0.0002862155,0.0032834671,0.0016372397
2013-05-01,0.0011435205,0.0006809006,0.0035390193,0.0021976402,-0.00081779156,0.0034673286,0.00074811815,0.00020706504,-0.001656809,-0.0009237911,0.0016026956,0.0022155535,0.00064921414,0.001786881,0.0022976985,0.0007430514,0.0018603263,-0.00013815543,0.0006996765,0.0031529854
2013-05-02,0.00090603525,-0.0003006887,-0.00020031855,0.010549352,0.0002958084,0.011155428,0.002582857,-0.0033011958,0.0016639989,0.0005020666,0.001291271,0.0018419947,0.000107963104,0.0009809216,0.0013381065,0.0007031477,0.0031877172,0.0007074531,0.0017649159,0.0021411006
2013-05-03,8.571565e-05,-3.8329523e-05,-0.0038037805,0.0010114156,0.0004322891,0.0013932632,0.004001395,-0.0005122788,-0.000430738,0.00088981446,0.0028783437,0.0015631075,0.005925061,0.0026737477,0.0013156072,0.0008385194,0.0012694574,0.00091086986,0.0028266013,0.0011307774
2013-05-06,0.00035030406,0.00066271605,0.00036889498,0.003777387,0.0018513654,0.0031824883,0.0026279863,0.0015825368,0.0026083908,0.004475143,0.0006116957,0.0035572178,0.0012374393,0.0011765547,0.0032059785,0.0019807266,0.0005414471,0.00014402188,0.00023086977,0.0013285382
2013-05-07,0.0,0.001690638,-0.0026873113,0.0061669745,0.0026854184,0.005322996,0.0008563036,0.0005443844,0.0025705916,0.0016975165,0.00085715245,0.004657436,0.0018828644,0.0007183559,0.0008367106,0.00163624,-0.0018016053,0.0,0.0008850506,0.0005700303
2013-05-08,0.00091623235,0.0017582306,-0.0010909609,0.0048198067,0.0032740748,0.002221563,0.0021973457,0.0021310009,-0.00097045244,9.324975e-05,0.0008390153,0.0037257744,0.0030928338,0.000751136,0.00074431655,0.00065222516,0.00039166957,0.0,-0.00034724787,0.0038305083
2013-05-09,0.0006655114,0.0020748652,0.0026042103,0.0014846098,0.0018276881,0.00064598396,-2.331083e-05,0.0011954235,-0.0020874306,0.0017867706,0.00092423684,0.002678126,0.0027283041,-0.00035050054,0.0020793763,0.0010491691,0.0006180854,0.00077985896,0.0009027719,0.0019296724
2013-05-10,0.0007812979,0.004368997,0.0011010169,0.0058635464,0.001147405,0.0011786775,1.0929967e-06,0.002616323,-0.000733562,0.00173798,-0.00079025154,0.003613963,0.005510587,-8.683649e-05,0.0024625147,0.00087785785,0.0015062523,0.003644662,0.002290562,0.0013778014
2013-05-13,0.0017270842,0.002281067,0.0005617267,0.00058471115,0.0018244521,0.0016540298,-0.00088631513,0.0017828527,-0.0008130909,0.006838064,0.0002806495,0.004004228,0.0023107645,-0.0022184665,0.0018396417,0.0011423437,0.0010438852,0.0047949753,0.003612261,0.0008352274
2013-05-14,0.0004740402,0.0011108054,-0.0067708637,0.0018193114,0.001132952,0.00216202,0.0014427897,0.00064161106,-0.0013432676,0.0040740073,-0.00093502813,0.0016276636,0.0033968615,0.0004154438,0.00019614365,0.0007870563,0.0013145567,0.0019572575,0.0013717471,0.00027939238
2013-05-15,0.0016134053,0.00022346975,0.0,0.0032122042,-0.0008025758,0.005051857,0.0005415395,0.0024109154,0.0016980341,0.0014842647,0.0008780313,0.0019396367,0.0015449058,-0.00078040536,0.00012824297,0.0007564261,0.0004510734,-0.00014297174,0.0013139811,0.0003647319
2013-05-16,0.0013656551,5.2416148e-08,-0.0009977798,-0.00039703457,0.00072850275,0.009067398,0.0023693535,0.002926475,0.0033556386,0.0034150102,0.0018370573,0.0005333254,0.0029927376,0.00015247152,0.0012469745,0.0004826188,0.00100919,0.00058770436,0.00026664138,0.0027586343
2013-05-17,0.0014316032,0.0010435112,-0.00085383246,0.0014998541,0.00029172617,0.0090687405,0.002060063,0.0007663162,0.0013719056,0.004594917,0.0014161788,0.00045827348,0.0013766739,0.003391502,0.001251894,0.0011171019,0.0009130997,0.001901231,0.00011820554,0.008418738
2013-05-20,2.433094e-05,0.00036003906,0.00021897741,0.0032771165,0.0025498378,0.005554723,0.0014267848,1.2645398e-05,0.001254049,0.0030425913,0.002918669,0.00017426326,0.000987848,0.0020568105,0.00091333734,0.0011936165,0.00084627623,0.0013178186,3.3481363e-05,0.0057780147
2013-05-21,0.0014166263,0.00092132046,-0.0009403226,0.0012217469,0.0025850027,0.0015968974,0.001465581,-0.0010695687,-0.00026796924,0.0030521178,0.00068761606,0.00087263685,-0.0006703609,0.0005274256,0.0,0.00068715296,0.0014203725,0.0020688768,0.0011754074,0.009869443
2013-05-22,0.001011289,0.0016701944,0.0002991831,0.002137016,0.00071537,-0.00018220623,0.00046874385,0.00021182516,-0.00043146228,0.003469142,0.00081352657,0.001122536,-0.00026296263,0.00035496484,0.0006193998,0.000828915,0.0034746844,0.0006281453,0.0009275962,0.0032023832
2013-05-23,0.00031992295,0.0010921855,0.0,0.0012536368,0.00022634154,7.440544e-05,0.0014551455,0.0066346005,0.0033205792,0.00079140486,0.0011023085,0.00012835738,-0.0012176677,0.00156522,0.0010089383,0.0002148314,0.0015997036,-0.00080941885,0.0010735472,0.0015833257
2013-05-24,0.0014588692,0.00050042936,-0.0033741724,0.001585656,0.0007161049,0.0012455912,-7.3873365e-05,0.0015500609,0.0033886684,0.0021033937,0.0015991401,0.00052647846,-0.00018384571,0.0007000766,0.0014530411,0.00093130756,0.0024999122,0.0013731853,-0.00010366824,0.0049841627
2013-05-27,0.0017082207,0.0018879484,4.6280467e-05,0.0025508092,0.002110763,0.001235345,0.0008200877,0.0018656511,0.0049649067,0.0029760525,0.0055568255,0.00056124135,0.0026077125,-0.0008644795,0.00140024,0.0005746557,0.0033127777,0.0028997762,0.0,0.0053523392
2013-05-28,0.0011570056,0.0015864321,0.0,0.0011586696,0.0015046528,-0.0031020758,-0.0008002489,0.0035490312,0.00029317336,0.0009795545,0.0019900824,0.0016659129,0.0014063506,0.0017330232,0.0010867185,0.0011374989,0.0003751061,0.004757825,-0.0004857028,0.00084314373
2013-05-29,0.0014731624,0.0039785122,0.0026646547,0.0021046414,0.0057517216,0.00024634012,0.0033546416,0.003747444,0.00035300874,0.0010316421,0.00088918325,0.0013019905,0.0011049788,0.002063253,0.00058241637,0.00036282078,0.00084013375,0.0022741177,-0.00086777535,0.006924342
2013-05-30,0.002652584,0.0035837702,0.00022082,0.0021907052,0.003676366,-0.00045356285,0.002486109,0.002435749,0.00087579404,0.0005343039,0.0002272827,-1.6683447e-05,0.0012439572,0.0007531754,0.0007216343,0.00031410946,0.00086904183,0.0034065074,0.0008105794,0.0021531393
2013-05-31,0.0011958866,0.003930664,-7.678764e-05,0.0026640669,0.0046196138,0.0021022607,0.0018851375,0.00024395992,-0.00014858303,0.0010648345,0.00032227268,-1.6251972e-05,0.0012085168,0.0028611915,0.0014229148,0.00031420187,0.002210098,0.0056469883,0.0016252948,0.0049441457
2013-06-03,0.0011318034,0.0021892248,0.0047795055,0.0017164287,0.0048534325,0.0003166149,0.0035251756,-0.002407832,0.00037658183,-0.0015154562,0.0,-0.00079575204,0.002640852,0.00072886125,0.0013415759,0.001682012,0.0010963146,0.004740503,-0.00013927922,0.008627338
2013-06-04,-0.0002293275,0.0016384028,0.00026083115,0.0019437707,0.0015707688,-0.0006555937,0.0023696877,-0.00048935635,0.002545737,-0.0005367592,0.0018459423,-0.0014817877,0.002030163,0.0015189858,0.0016212531,0.00029501863,0.0013090112,0.0013157821,0.0011430919,0.013304819
2013-06-05,0.0016240407,0.00034471042,0.00012432634,0.0023967007,0.0011028814,0.0009766899,0.002976448,0.0019933963,0.000588744,-0.0014466402,0.0011226486,2.1159487e-06,0.0014406012,-0.00033269564,0.0021928616,0.00014340076,0.00048077968,0.0007164008,-6.489651e-05,0.0049681743
2013-06-06,0.0019157971,0.0014309474,-0.0007908407,0.0015650573,0.0015499938,0.00095701695,0.0,0.001145192,0.0028586206,0.001938748,0.001562533,-0.0009051126,0.0024807139,0.0006875526,0.0015102155,9.2799084e-05,-0.0002740724,0.0017690967,0.00069244264,0.0045859334
2013-06-07,0.0013384726,0.00048276983,0.013224677,0.0034552792,-0.0010994194,0.0023594422,0.0007521141,0.0018217566,0.0019305213,0.0016743322,0.0016878089,-0.0034400397,0.001425098,0.005240082,0.0014201864,-0.000103694045,0.0,0.0020842697,0.002186491,0.004478397
2013-06-10,0.002128484,0.0,0.0022985048,-0.0027475292,0.00017671811,0.003632576,0.0007330933,0.0027103384,0.00022823851,0.0025799158,0.0012311923,0.00015492733,0.0019728946,0.004213574,0.00053365313,0.0,0.0006701625,0.0027090276,0.002192976,0.0037780877
2013-06-11,0.0018115243,0.00024577838,0.0008824556,0.0021766857,0.001351186,0.0007193729,0.0012955896,0.0014138989,0.0014340183,0.0010139992,0.0010275877,0.0009638928,0.00086241576,0.0016266856,0.00038476445,0.0003926507,0.002093869,-3.7707836e-05,0.0014531671,0.0033975625
2013-06-12,0.0018033243,5.7025227e-05,0.00134258,0.0026866081,0.00069862406,0.0030731135,0.0035474617,0.00080161454,0.00055230793,0.0027044124,0.0007404807,0.0013632341,0.00031737585,0.0053334073,0.0006307573,0.00023922976,0.0,0.00032479758,0.0024768207,0.0022066438
2013-06-13,0.001700856,0.0006454512,-0.0051583094,-0.0006617744,0.00075048686,0.005352099,0.0022723975,0.0009985915,0.0013746604,0.003671148,0.002130546,0.0009683313,0.0045343777,-2.4763236e-05,0.0015778015,0.0009787178,0.0012484068,-0.0012876745,0.00017141316,0.0014642526
2013-06-14,0.002829426,0.00045341617,-0.004572641,8.9555266e-05,-0.00032512928,0.0027609637,0.0031114675,-0.00029994888,-0.0031764223,0.002470429,0.0026859443,0.00088670326,0.0017425134,0.0009577626,0.0018409675,0.0011883121,0.0,2.8903642e-05,0.0016161368,0.0016512541
2013-06-17,0.0026062645,0.0015895291,0.0028565913,0.00032592122,-0.0003679026,0.0016027255,0.0004968983,0.0,0.00015784535,0.0012345067,0.0007040869,0.0001081864,0.00083276536,0.0,0.0008794027,0.0011543835,-0.0005731506,-0.0005003764,0.001214612,0.0049744896
2013-06-18,0.0005875002,0.001921109,0.0010137291,0.0002708693,0.0022968408,0.007705622,0.00077883754,0.0021408298,0.00022009057,-1.653164e-05,0.0013461228,0.0024828254,0.0007073702,0.0007726122,0.00094220386,0.000657332,-0.0006489513,0.0019718092,0.00050664414,0.0026620973
2013-06-19,0.0012948471,0.0018113581,0.0008495156,0.0044846176,0.0012848609,0.0011506521,0.0017607432,0.0013155144,-0.0005505856,0.0003588477,0.0011443573,0.0032078472,0.0013288765,0.00092309533,0.0030443734,0.0004927817,0.002482953,0.0022145268,0.0005491324,0.0006152712
2013-06-20,0.0014749056,0.0015033095,0.0023372073,0.009418864,0.0009079483,0.0054252543,0.0019942897,0.0,0.0008095129,0.0011648498,0.0012055715,0.0012267185,0.0019101636,0.0008401231,0.0013666826,0.0011256012,-0.00020384682,-0.00020442871,0.00024471793,0.0028252497
2013-06-21,0.004196561,0.0012189762,0.0039118878,0.010686237,0.0016561016,0.00067987357,0.0047746547,0.00046360705,0.00062010135,0.001401507,0.0012267802,0.0008105936,0.0016667804,0.0014995143,0.0027975074,0.0016904749,0.0008943087,0.00057887106,0.0004467277,0.0017503023
2013-06-24,0.0012481401,0.00088671426,0.022855582,0.0015278995,0.0034064592,-0.00057394366,0.0033941593,0.0029985502,0.002384489,0.0,0.0016889985,0.0027319505,0.0009651604,0.0013676396,0.0030413968,0.0015420208,0.0015815598,0.0015526051,0.00015844232,0.0
2013-06-25,0.0014782614,0.00047202365,0.010943622,0.0013512258,0.0035849635,0.001629183,0.0022781536,0.005707545,0.0052966983,0.0011957206,0.00073999056,0.000935122,-0.00026941372,0.0003949408,0.0018455639,0.0009831686,0.0005681135,0.0003649703,0.0010816179,0.00147401
2013-06-26,0.00015625774,0.0022560812,0.0034663405,-0.0014243217,0.0043367906,-0.00017422515,0.0064273383,0.0015064644,0.0053494987,0.0016513129,0.00071849284,0.00046321732,0.00025323295,0.0008866703,0.0022663265,0.00053243805,-0.00056848786,0.003316478,0.0005880036,0.00016611781
2013-06-27,-0.00029143874,0.0005707606,0.011037583,0.0010351975,0.005445161,0.00019985967,0.0044393516,0.0015106322,0.0060618236,0.0015781967,0.00049972325,-0.003067884,0.00070643006,0.001814986,0.0009669376,0.0015857598,3.217267e-05,0.0015911476,0.0005740576,0.0031685117
2013-06-28,-0.000372967,0.0012143238,0.010173037,0.002144725,0.0032018356,0.00042929561,0.0010740606,0.0010404075,0.004534262,0.0016782846,0.00023878089,-0.0014777645,0.00093721354,0.00011394371,0.0016875664,0.0004283748,0.0008275258,0.0012715309,0.00032743986,0.0028738428
2013-07-01,0.0,0.0008726257,0.0008813283,-0.00037567026,0.0017523624,0.0011459348,0.00014318537,0.0018465131,0.0026558621,0.0015724013,0.00084760616,0.0026733535,-0.006032718,0.0005830623,0.00023538177,0.0044000447,0.0013359156,0.0014647945,0.0032121367,0.0056123063
2013-07-02,7.234161e-05,0.0019309928,0.0008317331,0.0013805634,0.00058481726,-0.00021417804,0.0010660046,7.190519e-05,0.0010617707,0.0019851315,0.0013859138,0.0015060632,0.00063316105,0.00039177528,0.0051210616,0.0007732875,0.0010167564,0.0008187249,0.0034137105,0.023668688
2013-07-03,-0.0023300736,0.007382126,0.00046765574,0.0002765721,0.00019886364,0.0,-0.0005611561,-0.00025168477,-0.00014924745,0.0018121649,0.0012917531,0.00019816517,-0.0022025805,0.0012616112,0.003821105,0.0010875628,0.00033641257,0.00091694604,0.0011096026,0.001536138
2013-07-04,0.0006991594,0.004414574,0.0019756982,-0.001540412,-1.6928923e-05,0.00023996939,-9.7918324e-05,-0.0038788752,-0.0008857388,0.00041671746,0.00037436502,0.0007582467,-0.013792358,0.0021508767,0.0060228505,0.0019075589,0.0047686975,-1.5196162e-05,0.0007145311,-0.00017055581
2013-07-05,0.0014904902,0.0013418003,0.0016059353,0.0010167751,-0.00095168996,0.00023320974,0.00069667975,0.0021694168,-0.00075928704,0.001133069,0.0008829468,0.0013811511,9.900573e-05,0.00029547836,-0.0009780297,0.00065069256,0.0031463297,3.4560773e-05,0.001194511,0.0074189007
2013-07-08,0.005609653,0.0022226914,0.0011413285,0.00122537,0.0012446158,0.0,0.001086155,0.00049944577,0.0015283799,0.0008284085,0.00046191982,0.0019313307,-0.0025474352,-0.00035563647,-0.0038995831,0.0007908051,0.0026664403,0.0034129326,0.001254098,0.0027650665
2013-07-09,0.0020763285,0.0026736658,0.00025050933,-0.0027351782,0.005481331,0.00050062145,0.0007276263,0.0015268399,0.0028244543,-0.0005012339,0.0010017535,0.0037976338,-0.027263105,-0.0043916786,0.0031560932,-0.00014293214,-0.00031718274,0.0047639906,0.0015514223,0.019412788
2013-07-10,0.0008029177,0.0011991885,0.00071118487,0.0029132413,0.00046410554,0.0007086117,0.0018270109,0.0007669512,0.0014513588,-0.0011124942,0.00095728214,0.0004616686,0.00029490204,-0.00028872406,0.0012347297,0.0015798714,-0.0023226405,0.0018789994,0.001231563,0.0042163236
2013-07-11,0.0009773225,0.0018560634,0.00057364546,-4.9606817e-05,4.805597e-05,0.0010116531,0.0007314011,0.00072632544,0.0013737448,-0.0013397911,0.0010854118,0.0011475593,-0.003946934,0.0,0.0011018963,0.0011453518,-0.001150472,0.0032525964,0.001227177,-0.00035332228
2013-07-12,0.001649654,0.0025825903,0.0022876353,-0.0037259974,-0.00024206162,0.0010439677,0.0005120237,0.003000051,-0.00017208858,0.00181431,0.00078283274,0.0006481428,-0.003477011,0.001060002,0.0015454554,0.0018724558,0.0030724034,0.0023365966,0.0005153548,0.00052600267
2013-07-15,0.00041663207,0.0016262764,0.0011449425,0.0037803347,0.0038802973,0.0017831633,-0.0018899016,0.004104817,0.0012237476,0.0,0.0004224895,0.0012902794,-0.0017560334,-0.005847021,0.0068274206,0.002133421,0.0038739408,0.0005745238,0.00043137686,0.0006720274
2013-07-16,0.0049696174,0.0016844979,0.001035051,0.009954446,0.0036648128,0.00031414587,0.00032541054,0.0027952124,0.0024114086,0.001231315,0.00041491273,0.0013405845,-0.00078336673,0.00021815569,0.001583553,0.0023018275,0.013992131,0.0013261079,0.0009844641,0.0008897063
2013-07-17,0.0012829588,0.000646965,0.0011007318,0.005986369,0.00090967695,0.0009938388,0.0,0.004458814,0.0031442787,0.00085212145,0.0010681788,0.0012921843,0.002318879,-5.449952e-05,0.0005173144,0.0039556357,0.00413498,0.0014653488,0.0,0.00078157097
2013-07-18,0.0012449136,-0.0010065293,0.0010219465,0.0,-0.0012557737,0.0002718105,0.0004956281,0.0017833909,0.0008515394,0.00068503834,0.0010083388,0.00070855406,-0.002304409,-0.00014748107,0.0010407026,0.0014309956,0.0025849072,0.0014769858,0.0,0.0043926616
2013-07-19,0.0026996466,0.0011181798,0.0013407464,0.003118636,0.0,2.8282817e-05,0.0008822523,-1.7448168e-05,0.0023737326,0.0005226505,0.0009537666,0.0015334218,0.00031876063,0.0010412388,0.000887247,0.0019024721,0.0005049721,0.0004922319,0.0008831806,0.00030637262
2013-07-22,0.0043167933,0.00067586574,0.000936253,0.005891754,0.00021951519,0.00028980363,0.0009078319,0.005850427,0.0021816117,0.000962866,0.0008462121,0.0008392955,-0.0023440693,-0.002340608,0.001290512,0.0015324503,0.00037020363,0.0014375494,0.0005633934,0.0030467545
2013-07-23,0.0031469497,0.00014694974,0.0007167735,0.004250301,0.001305331,0.0009876175,0.0008151842,0.0057192994,0.0030046585,0.0008527955,0.00067659124,0.00020920408,-0.0031547965,0.00065961573,0.0074100154,0.0002441979,0.00015189787,0.0034648632,0.0,0.0008856524
2013-07-24,0.0049490663,0.00072939694,0.0,-0.00070786674,0.0018144636,0.0010863455,0.0019228682,0.005792508,0.0023148903,0.0010615552,0.0020623126,0.0027685463,-0.014019597,0.0003187066,0.003277303,0.0011730974,2.3745424e-06,0.0011358757,0.0007812522,3.1467895e-05
2013-07-25,0.0035684963,0.0019500498,0.0013892084,0.000501066,0.0010322407,0.0010655104,0.0020749054,0.0055868034,0.0018331229,0.0028081452,0.000966705,0.0024869312,-0.003923432,0.00362493,0.0033999202,0.00058981887,0.0010110342,0.00088440184,0.0010182847,0.0005396067
2013-07-26,0.0018662047,0.0012692312,0.0013690512,0.0014409068,0.0005371494,0.0013775901,0.0015367531,0.001212554,0.00096941733,0.0012780267,0.0009836488,0.008674702,0.00064256287,0.0018268896,0.0022164688,0.001660417,0.00048031652,0.0013266451,0.0017148971,0.0027984204
2013-07-29,0.0035351168,0.0021100377,0.002710771,0.0052336575,0.0006870458,0.001037543,0.0013921019,0.00077643746,0.0009981507,0.00076760916,0.0006026187,0.005873193,-0.006166191,0.0012299042,0.0036214401,0.0022214467,0.00091338914,0.00083628186,0.0010901117,0.00082896085
2013-07-30,0.0036031932,0.0012141928,0.0016079899,0.0033677572,0.0014824871,0.002061697,0.0010588643,0.001251927,8.8286455e-05,0.0013462715,0.00082089537,0.001884764,-0.009015092,0.0014977418,0.0069830446,0.0023592773,0.0017807777,0.0023424686,0.0010858048,0.010725233
2013-07-31,0.00068457,0.0007508233,0.000611083,0.003643351,0.00028581996,0.0028292453,0.00055652234,-0.00046475665,-0.00013038442,0.0017377015,0.0006451142,0.002127643,-0.00101107,5.915993e-05,0.0015613979,0.0016862208,0.005500784,0.00071901036,-0.001335482,0.0008601987
2013-08-01,0.002129941,0.00053169805,0.00061766186,0.0014888487,0.0007233284,0.00483511,0.0009386264,0.0014274081,0.00021324685,7.273297e-05,0.0022199748,0.0010688535,0.00029490044,0.0009975142,0.0031860739,0.0012482216,0.0006841188,0.0028108973,-1.9635443e-05,0.0005029869
2013-08-02,0.000588644,0.00079286477,0.0009004635,0.0018458695,-3.0763964e-05,0.004448979,0.002902117,0.0001444611,0.0013424784,0.0001547929,0.0016928449,0.0023525388,0.0011584829,0.0,0.00043407516,0.0014764165,0.0005514918,0.0018119124,0.00037074255,0.0038163252
2013-08-05,0.0018675347,0.0014195769,0.0009895187,0.0034079577,5.3786687e-05,0.004363125,0.0037492001,0.0020825833,0.0012656698,0.00068591035,0.0032954668,0.0015357194,0.012159019,-0.0010383056,0.00021795902,0.0013618742,0.0009986919,0.0025135896,0.00071921473,0.007882088
2013-08-06,0.000994542,0.00081232906,0.0012085848,0.0018009968,0.0011974346,0.0022473622,0.002173828,0.002649294,0.00071233383,-0.00046493346,0.0020025806,0.0055823573,0.0069797747,0.0010907367,0.0018435813,0.0013646228,-0.00093529926,0.003064841,0.00065381086,0.015112326
2013-08-07,0.0011793385,0.0024487851,0.0,0.00018696001,-0.00035863786,0.0007512871,0.0028592055,0.0008651461,0.0013742122,0.0018985249,0.0018959639,0.003676598,0.0025733004,-9.680235e-05,0.0013436282,0.00083863747,0.0006873525,0.0010117124,0.001759841,0.0069996747
2013-08-08,0.00061982154,0.0010655208,-0.00049901655,0.0006503424,-0.0012231423,0.001108806,0.001954858,0.0016965762,0.0016786527,0.00093058037,0.0016321229,0.00084601785,0.0022440457,0.0015080633,0.0011899818,-0.0007190272,0.0033828255,0.0010226989,0.0017898057,0.010897344
2013-08-09,0.0015699234,0.0016591947,-0.0016846043,0.0,0.0004803252,0.0043661534,7.333694e-05,0.0003008784,0.0015609444,0.0010857743,0.0019105067,0.000997233,0.0,0.0015795782,0.00071840314,0.0005837575,0.0026466239,0.0022084997,0.0020979885,0.002561505
2013-08-12,-0.0003124517,0.0013707273,0.00024685054,0.0,0.0010600041,0.0018217029,0.0012875978,0.0011728895,0.00013138287,0.0018372244,0.0007202192,0.001003781,0.00053448294,0.0,0.00031640675,0.00034568823,0.00500293,0.00077029085,0.0009465575,0.0018950525
2013-08-13,9.871534e-05,0.0004408918,0.0013660013,-9.69574e-05,0.0015787623,0.0025705574,0.00015844124,0.00209888,-5.4646014e-05,0.00027534144,0.0014711985,0.0045903176,3.963591e-05,-0.00026443263,0.0002955358,0.00021953427,0.0039756643,0.0027374113,0.00085752725,0.009840434
2013-08-14,0.0,0.0024199842,-0.00031879608,0.0076762843,0.00033440161,0.00088247145,0.0023030613,-0.0014935036,0.00020043706,0.00068534206,0.00019244285,0.00031213235,0.0013103604,-0.0014462783,0.0043112044,-0.00030771544,0.009874613,0.0029330454,0.00085646263,0.004955641
2013-08-15,0.00029681533,0.00016332223,0.0009953015,0.008669908,0.0049784533,0.0008034797,0.00075297704,0.0017526437,0.0008281216,0.0009536535,0.0017826783,-0.0010541896,0.0018879024,-0.00012593388,0.006136141,0.0004192373,0.005597363,0.0046469257,0.0027521218,0.005600466
2013-08-16,-0.00075886055,0.00059156574,0.0012324736,0.0032838194,0.00287004,0.0013392203,0.0016151887,0.0026297548,-0.00047997502,0.0015986728,0.00048225824,8.386137e-05,0.00035183184,0.0012853418,0.0022895401,0.0005922793,0.00091128197,0.006018618,0.0029906733,0.0024415574
2013-08-19,-0.00043651825,-0.0018816388,0.0019098724,0.0023042054,0.002494928,0.0023284005,0.00095081225,0.0027155415,0.0,0.0030660008,0.0017840435,-0.00014778381,0.0003850102,0.0028143222,0.005092273,0.0016810664,0.001521316,0.0025524616,0.0015996395,0.0019425243
2013-08-20,0.0004362913,-9.194328e-05,0.00093739113,0.0010911115,0.0020715455,0.0021910833,0.0009977133,0.0018674672,0.0014259042,0.00219446,0.00063704455,0.0010306314,0.007253415,0.0008695862,0.005061383,0.0013118963,0.004581861,0.0023923146,0.0015756902,0.00029749447
2013-08-21,0.00019734482,-0.00037241893,0.0011169434,0.0030673642,0.0017519462,0.0023063181,0.00033408465,-0.00026124515,0.0012066269,0.0012772108,-0.0009928448,0.0015622096,0.009123575,0.0017471593,0.0022156504,0.0008627468,0.0036565438,0.0021439157,0.0007167511,0.0014839218
2013-08-22,0.00032503213,0.0032023247,5.3891312e-05,0.0025467414,0.001775001,0.001014308,0.001791681,-0.0034619821,0.0011935598,0.0007159476,0.0,0.0013611788,0.0008118421,0.0016835404,0.00041450743,0.0016282764,-0.0005401621,0.0006874685,0.0012365339,0.0022999404
2013-08-23,0.0012940976,0.0014308066,-0.00013274711,0.00087786216,0.0012389352,0.0022488048,0.0010040712,-0.0004699554,0.0016462492,0.00020737824,0.0024897675,0.00080987386,0.0030142204,0.0018207124,-0.00015653689,0.0016189072,0.0015082232,0.0018238566,0.0019145969,0.0005647244
2013-08-26,-0.0004916379,0.00045130178,0.0011029756,0.0040047737,0.00080238143,0.0010473815,0.0010852311,0.0037260693,0.0013385802,0.00046522298,0.0015667723,0.007418857,0.0084848665,0.0066332007,0.0058067385,0.001169765,0.0024021256,0.0019483151,0.0017620358,0.0
2013-08-27,-5.4140182e-05,0.0014426999,0.0025604668,0.0017192971,0.0013320317,0.003353637,0.00047623768,0.0013354607,0.00036935747,0.0011843079,0.0006879477,0.0012918991,0.026967328,0.0015105089,-0.00037823932,0.0033934312,0.0042712046,0.002485951,0.001787358,0.0015232908
2013-08-28,-0.004773677,-0.0008755462,0.0014842422,0.0020679825,-0.00014662553,0.0021033848,0.0004600946,0.0014455643,0.0005149317,0.001792969,0.00062480377,0.0018703828,-0.0037028135,0.0009372708,0.0006779974,0.0016481449,0.0068940963,0.0016410189,0.00055768114,0.003571678
2013-08-29,-0.0021474098,-0.0015150027,0.00073768216,0.0006297654,0.00212575,0.0025595806,0.0012907207,0.0042473073,0.0009786068,-0.00017736184,0.00073891593,0.0047825086,0.0005053079,0.0016259567,0.0004515147,0.0018164848,0.000676358,0.0014227353,0.002483284,0.0026927232
2013-08-30,-0.00041183294,-0.00072597846,0.0031619528,-0.001616602,0.0013224194,0.0012611123,0.0014018599,0.0024258478,0.0024205626,9.825841e-06,0.000364067,0.0037438653,-0.00036672803,0.0017542763,0.0022716497,0.0018081419,0.0012630095,0.0,0.0013332899,0.0044581657
2013-09-02,-5.46794e-05,0.0024250075,0.00050124666,0.0016515171,-0.0018344749,0.0021960018,0.0022141265,0.002416386,0.0015920202,0.00074769824,-5.4609645e-05,0.018664379,-0.0005641094,0.0001354491,0.0010196102,0.0019146453,0.0015983846,0.00036439093,0.001040676,0.0015032489
2013-09-03,0.0054719597,0.0024596285,0.0024773527,0.0032019983,-0.0009509577,0.0,0.00090336945,0.0087159155,0.0024786887,0.0012148047,0.00046266077,0.009694711,0.00016682073,0.0008483502,0.002744074,0.0014869239,6.9732545e-05,0.00086931034,0.00074932,0.0052154493
2013-09-04,0.0,0.0013696871,0.0014371864,0.0028517472,-0.00076833373,0.0,0.0025516164,0.0038043172,0.0025888612,0.0019685149,0.0009618333,0.0054191826,0.002397361,0.0018368338,0.0029760764,0.0007178184,0.0008506675,0.0012576485,0.0,0.0020223928
2013-09-05,0.0016690708,0.0038517483,0.0013319094,0.0005068283,0.0,0.0010727746,0.0004881865,0.002921715,0.0017461227,0.0009252783,0.0008726603,0.00085197715,0.005228166,0.0026384671,0.002389397,0.0023725051,0.002180656,0.0016565308,0.0009866111,-4.7494068e-05
2013-09-06,-0.00104255,0.0032091811,0.0010737602,-0.00074887235,0.0010151266,0.0030330168,0.0008716279,0.0013341865,0.00020683388,0.0012326567,0.00043036463,0.00069793547,0.0010517056,0.0019080383,0.00021095687,0.003183308,-0.00048489787,0.0015083632,0.0012585561,0.0016615906
2013-09-09,-0.0050847544,0.0015040699,0.0012667582,0.00043703994,-0.00043126155,0.0024580124,0.0031820904,0.0030664683,0.0005312744,0.0007406202,0.0,0.0014222617,-0.0001936843,0.0010676201,0.0,0.001050467,0.0011448972,0.0011367479,0.0003368839,0.0010837177
2013-09-10,0.0015470746,0.001862418,0.0016652233,0.00083832495,0.0028271999,0.0026891618,0.0024003799,0.0018494774,0.00028103282,-0.00016931663,-1.7092043e-05,0.0016642882,0.0030748802,0.0070630717,0.0005708689,0.0012779777,0.0019042315,0.00010830892,-0.0001457097,0.0032837451
2013-09-11,0.0006529629,0.00072353537,0.00023907068,0.0014865139,0.0021288034,0.0014843295,0.0,0.0041308417,0.00039826214,-0.0004509871,0.0006889995,0.00093384867,0.009786188,0.0013436788,0.00076218985,0.00029563694,0.002221143,0.0020881898,0.0,0.004928609
2013-09-12,0.0032128016,0.001300235,0.0008786862,0.00018002403,0.0009768343,0.0034796621,0.0009548044,0.0015804712,0.0014560871,-0.0008113594,0.00065152487,0.0019837106,0.010916108,0.00072812027,0.0,0.001103004,0.0011864811,0.0002349929,0.00017799303,0.00015890364
2013-09-13,0.0032161118,0.00010281791,0.0,0.0013731789,0.001688255,0.0031972888,-0.00011291396,0.00292053,0.00010125485,0.00023667878,0.001902894,0.0015482095,0.0016826937,0.00069708616,0.0041117915,0.0024044972,0.0020084188,0.0010957957,0.0019179663,0.0052002897
2013-09-16,0.0043634777,0.0013587248,0.00097183936,0.0033136243,0.0007304687,0.0029950743,0.0002869943,0.00593264,0.0019809664,-0.00015409451,0.0010417977,0.0,0.0009327485,0.004306544,0.007264657,0.0015604631,0.0019529224,0.0023175725,0.0006983951,0.00072462886
2013-09-17,0.0092636505,0.0011372343,0.0010979138,0.0016071105,0.0021239596,0.0005440428,8.691323e-05,0.0012416973,0.0017537274,0.0010945611,0.0013161253,0.00029399787,0.0023396132,0.0,0.006974513,0.00014871675,0.0002429155,0.004212004,-8.927463e-05,0.0033988128
2013-09-18,-0.00033541216,0.002771905,0.0018734363,0.0032915461,0.0015561023,0.0013232487,0.0012193174,0.0008360822,0.0023995987,0.0015490645,0.0010164522,0.00033685833,0.0015874556,0.0028136808,0.0033887636,0.0,0.0011420358,0.0024266394,0.0005012239,0.000946818
2013-09-19,0.00033463267,0.0027796729,0.0023986953,0.0031773306,0.0013478985,0.0008596567,0.0010287671,0.00073462893,0.0019250338,0.0013248835,0.001144245,0.00027814202,0.0,0.001195151,0.0014432229,0.0007329166,0.004550252,0.0010126029,0.0013773122,-0.00019315528
2013-09-20,0.000865275,0.0019993614,0.002193306,0.0008811729,0.002908287,0.00065154926,0.00239805,0.0012113805,0.00059014716,0.0,0.0010665695,5.594953e-05,-0.000644517,0.0010453173,0.002093389,0.00019915485,0.001015647,0.0022118639,0.0012846359,0.0028225398
2013-09-23,-0.00027028634,0.00096702087,0.0035195497,0.00082705286,0.00041780728,4.4418266e-05,0.0014323788,0.0021468955,0.0005858656,0.001734221,0.00067635305,-0.0003275543,-0.00086643116,0.00060740457,0.0013790163,-0.0017573632,-0.0004431187,0.0021107695,0.00082913437,0.0025503815
2013-09-24,-9.943122e-05,0.0,0.0011576706,0.0013421444,0.0008279307,0.00022652428,0.0036081478,0.0014557808,0.002282051,0.0012139865,0.00018647731,-0.0012583577,0.002054406,0.0003983868,0.0034668408,-0.00042282077,0.003383303,0.006989793,0.00068761274,0.0010180086
2013-09-25,0.0014019462,-0.00017956086,0.0010996024,0.002400205,0.0014720453,0.00015517924,0.002177321,0.0017179382,0.0030089908,0.001404264,0.000387221,5.6012086e-05,0.0038750325,0.0006644932,0.004521706,0.0009137198,0.005867299,0.0038979857,0.0031366113,-0.0014969943
2013-09-26,0.0005257524,-0.00024100246,0.0014853245,0.0013442945,0.0030617458,0.0007464182,0.004291494,0.00039512798,0.0010749501,0.0011442016,0.0016831437,0.0028679247,0.00036291505,0.00015586145,0.003402124,0.00039348914,0.008085013,0.0061173416,0.0033103542,-0.0027264925
2013-09-27,0.0004830578,0.0011757427,0.0007785811,0.0005423959,0.0020576357,0.0010652466,0.0018378093,0.00041200637,0.0016728792,0.0031436116,0.0037764672,0.0017086386,1.3880046e-05,0.00031723973,0.0009699508,0.0,0.000620045,0.005745493,0.0050390707,0.0005901474
2013-09-30,-0.0015722141,0.0019164088,0.0011909468,0.007353761,-1.21337225e-05,0.0010898069,7.190197e-05,0.0015830438,0.007849613,0.006051688,0.00097216084,0.0017345295,0.00051445724,0.00031895653,0.001084017,-0.015787343,0.0024087087,0.016258974,0.0059888572,0.00038421078
2013-10-01,0.0011535923,0.0028756892,0.0010388466,0.002099553,0.005107451,0.0012283176,0.0016508724,0.0018432438,0.0029881943,0.00045407427,0.001167373,0.0015654996,0.00129008,0.0020139439,0.0007763514,-0.0034093552,0.005171158,0.0049992464,0.0020297254,0.0
2013-10-02,0.0014774086,0.0017153847,0.0008174432,0.005190476,0.0032193684,0.0022038587,0.0014637901,0.0029186343,0.0018186459,0.001066666,0.0005878075,0.0009846514,0.002931787,0.009468504,0.000913609,-1.6201873e-05,0.002138592,0.009350824,0.0011671233,0.006040194
2013-10-03,0.0010083308,0.0009030895,-0.0008712882,0.0035403504,0.00075977325,0.006907584,0.0032113893,0.0028806028,0.006090721,-0.00013353235,0.0007142223,0.0008649655,0.0027648995,0.0017675413,5.5450608e-05,0.0,0.0022984871,0.0035389815,0.0006519774,0.0015144644
2013-10-04,0.0021992396,0.0024742084,0.0026768295,0.009877707,0.00095605315,0.0022813168,0.001178077,0.0019263363,0.005482818,-0.0006375003,0.0007207999,0.0018104911,0.0031658297,0.0010606562,0.0012289673,0.0005437185,0.0025279473,0.0019970422,-0.00019518801,0.0016901903
2013-10-07,0.0020264331,0.0011367615,0.0005506656,0.0021621718,0.0010981484,0.002135182,0.0,0.0032513838,0.0021638244,0.0008287637,-0.000109935274,-0.0006355051,0.0026842153,0.0013318817,0.0019091658,0.0016895361,0.0007858518,0.0032849843,-0.0002451813,0.0012514383
2013-10-08,0.0022239042,0.0037967716,0.0050586313,0.0018378781,-0.0005670239,0.0019826002,-0.0009468784,-0.0003849929,0.0012909076,0.0011658341,0.0,0.00083193067,0.0024961492,0.000728154,0.00091561617,0.0012198229,0.00066691235,0.0026954853,-0.001678335,0.0025688366
2013-10-09,0.00015614441,0.001579758,0.002967777,0.009852269,-0.0037900268,0.0010644817,-0.000560303,0.00041642357,0.0014408358,0.00072077604,0.00023797552,0.00087902887,0.0014016961,0.0021884302,0.0001475846,0.0023110677,0.0010280348,0.0019724036,0.004880539,0.0011139849
2013-10-10,0.00076405716,0.003030397,0.0012245827,0.0063729435,0.0020808023,0.0011597336,0.0033834393,0.0,0.00044217115,0.0016987926,0.0017769998,0.0020539695,0.0047166455,0.0037107542,0.0010171721,0.002222181,0.00014433658,0.0019021243,0.0005505453,0.00036157784
2013-10-11,0.0023769208,0.0013704599,0.001905322,0.0,0.0009709257,0.0037819596,-0.006614832,0.00043633493,0.00068556814,0.0031344767,0.00033842857,0.0023450984,0.002721568,0.0029675337,-0.0003026262,0.002020223,0.00019022373,-0.0024483227,0.001069712,0.0024224606
2013-10-14,0.0032080014,0.0042014327,0.0026786856,0.0044641895,0.0067484854,0.0030294016,0.001959196,0.0010577148,0.002299337,0.00116862,0.0016960556,0.0015482527,0.00021749706,0.0004868049,-5.3912212e-05,0.0014809524,-0.00027794196,0.0006593934,0.0022116874,0.001697496
2013-10-15,0.0023109415,0.002635838,0.0031688698,0.0033331744,0.005596615,0.00075198035,-5.1734725e-05,0.0007549065,0.000540515,0.0026828495,0.0015671396,0.0028035555,0.0018390986,0.0031476622,-0.00039530217,0.00026219702,0.0,0.00041979615,0.0016070738,0.001947747
2013-10-16,0.0006468945,0.0009223313,0.0021276663,0.0015069018,0.00074887834,0.0038902452,0.001711261,0.00038207922,0.00024649577,0.0021760075,0.0013475633,0.0036473821,0.0022799706,0.004571844,0.0015526272,0.0014869397,0.0012490805,0.00041733932,0.0010422312,0.0007596073
2013-10-17,0.0006336991,0.00269121,0.00045206337,0.00066545274,0.0017712036,0.0030288426,-0.003432752,0.0018976709,-0.00040389024,0.002428093,0.004191746,0.0025736259,0.0017112913,0.0015281092,0.0013477439,0.0005609902,0.0026249592,0.0014011966,0.0007582903,0.0027070125
2013-10-18,0.0006851172,0.0012725078,-1.2309833e-05,0.0037756017,0.0024087995,0.00057944405,-0.019843826,0.0010127932,-0.00045687903,0.0022193368,0.002896547,0.0057367547,0.00016528676,0.0006665273,0.0009121384,0.00060729467,0.001960448,0.0013646604,0.0015650376,0.0023478207
2013-10-21,0.0019316456,0.0018948929,0.0008896111,0.0013831648,0.0038759138,-0.0011410614,-0.013100054,0.00080371974,0.0008489038,0.0008857468,0.0015874878,0.002256426,0.00015387169,0.0033357916,-0.0005511869,0.00068734423,0.0012735514,0.0004398918,0.0016170141,0.0012518816
2013-10-22,0.00077961356,0.0016742303,0.0013825808,0.0033029835,0.002105429,-0.0010807819,-0.005970371,0.00041990593,0.00075993495,0.0010085828,0.0021962712,0.0002710395,-0.0020146263,-0.0022317786,0.00018386185,0.0015632694,0.00276901,-0.0011576262,0.0006826198,0.0012756374
2013-10-23,0.0017700824,0.0047604213,0.002698783,0.0013461973,0.003170951,0.0002077546,-0.0014701085,0.0032982957,0.0015086554,-0.0011895768,0.0039357673,0.0019542044,9.026505e-05,0.0016645001,0.0007012287,0.0018876109,-0.00016672208,-0.00058860885,0.00066574244,0.0006053228
2013-10-24,0.00031445205,0.0019841453,0.0030991808,0.0057955384,0.0005147594,0.0022721048,-0.0042783762,0.0031206422,0.0030789187,-0.00071525306,0.00090137945,0.00155279,0.00081439555,0.0022470527,0.0011114029,0.0018355955,0.00012992487,0.00068265846,0.0021728254,0.002391547
2013-10-25,0.0011728877,0.001927019,0.0031470198,0.00010829195,-0.00018922337,0.00086219463,-0.00031687008,0.0009190737,0.0037518332,0.001750863,0.0014942699,0.005240611,0.0014198587,0.0006302431,0.0006179312,0.0007055053,0.0015594222,0.0016235481,0.0038857593,0.002626135
2013-10-28,0.0029871631,0.0014212258,0.0005297079,0.0026938936,-0.0006048961,0.0014749849,0.009509347,0.00091502187,0.0017589254,0.0025570535,0.0021958537,0.0018844183,0.0021529717,0.0014209007,-0.0013311218,0.00093604816,-0.0005653522,0.0022005544,0.00490295,0.005067813
2013-10-29,0.0036720498,0.0010150408,0.0027186126,0.0017675466,-0.00047059738,0.0001888704,0.0021424529,0.00085015415,0.001062499,0.00096051005,0.00078954373,0.0018417379,0.0020570587,0.0021716743,0.00090127275,0.0022233292,0.0011169547,-0.00024806196,0.0024067385,0.0070072524
2013-10-30,0.002082065,0.001573499,0.0016959119,0.0035645221,-0.000454773,0.0,0.00063048216,0.0004964921,0.0017120251,0.0036432785,0.0017767973,-2.8122371e-05,0.004192725,0.0007041441,-0.0020448158,0.0018621292,0.0026892973,0.001801276,0.00171567,0.0032593005
2013-10-31,0.0034501133,0.0018154217,0.0018455932,0.00042132247,0.00054914755,0.00018691072,0.0038395687,0.0016930002,0.0016086728,0.004289046,0.0012254072,0.00037553877,0.0023257649,0.0028805921,-0.0004669923,0.0030804297,0.0011476317,0.00095358933,0.00021775026,0.0032644565
2013-11-01,0.0013730708,0.000755095,0.00020264795,0.0018764538,0.0027911728,0.0052982634,0.0028161043,0.0015784896,0.0003817892,0.0027358374,0.0003950141,-0.00014228206,0.0018691838,-3.7122532e-05,0.00034403848,0.0022495566,0.00026055585,0.0012658356,0.00064253237,0.0013705391
2013-11-04,0.00074204593,0.0011821967,0.0010765884,0.0006045456,0.0035207248,0.0022290614,-0.00054561376,0.0013406451,0.00068748166,0.003577032,0.00039209932,0.001011735,0.0006826671,0.0019337066,-0.0026133915,0.0016889285,-0.0009409025,0.0040702145,0.00089076697,0.002402017
2013-11-05,0.0035698018,0.0007266882,0.001575799,0.0025727756,0.008420471,0.004892836,0.0016440955,0.004362448,-0.0008760286,0.0012606885,0.00035650644,0.00019946854,0.0024038318,0.0015833502,0.0010110735,0.00033063727,0.0008047756,0.003160676,0.002180365,0.0
2013-11-06,0.002904246,0.0,0.0008649989,0.0026997095,0.0009692128,0.005074308,7.2563686e-05,0.00062199205,-0.000437522,0.00254714,0.00019562985,0.00238999,0.0010049763,0.0040512485,0.0013141156,0.0010406174,0.003509019,0.0038798393,0.0,0.0001371069
2013-11-07,0.0018689173,0.0007232924,0.0,0.0037593008,0.00036044783,8.957854e-05,0.0017837639,0.003319231,0.00056489,0.0005260349,0.0011510287,0.0010503441,0.00081982755,0.0013874103,8.5066764e-05,0.0009603276,0.0010657872,0.0034104732,0.0012873162,0.0007035998
2013-11-08,0.00054770435,0.00027720892,-0.00048461292,0.0014933432,0.0025386994,0.0009593848,0.0029825137,0.0013898184,0.0019011692,0.0018785431,5.0035593e-05,0.002388179,0.0012346238,0.005554887,0.0,9.712622e-05,0.0016523328,0.002551463,0.00011411666,-0.0034093633
2013-11-11,0.0016670156,0.0014621572,0.0010968565,0.0021286171,0.0012866228,-0.0009844479,0.002191519,0.0012678398,0.0020892979,0.002419722,0.0012485451,0.0018286507,0.00014968758,0.009141955,0.0018412273,-0.0004806792,-0.0014475702,0.0016916203,0.001973214,-0.00082912814
2013-11-12,0.00019137542,0.0017693525,0.0010737687,0.00041648027,0.0,0.0,0.0038757974,0.0016458482,0.0020965429,0.0049576107,0.0016096919,0.0012499323,0.0026721177,0.006635192,0.0017922631,0.00032094226,0.0012345156,0.0013847193,0.0005057709,0.00015345513
2013-11-13,0.00039130676,0.00024276636,0.0,0.0015001174,0.0006866384,0.0012330074,0.005868964,0.0034257188,0.0011400372,0.0023377012,0.00088566035,0.0011991293,0.00028884198,0.008024983,0.0010374933,0.0003982205,0.0015080583,0.000665797,0.0,0.00050118903
2013-11-14,0.004262141,0.0004269552,0.002934018,0.00158675,0.0018374055,0.003207621,0.010851409,0.0021489023,0.0011379038,0.0012173594,0.00086583616,-0.00021419457,0.0015613963,0.004760745,0.00134802,-0.0005598271,0.0033499307,0.0011136797,0.00018296619,-0.0024081198
2013-11-15,0.0035141688,0.00012936116,0.0024219016,0.001037544,0.0026257834,0.000356704,0.009519485,0.0025073688,0.0014573424,0.00328012,0.0009952136,7.229293e-05,0.0010196313,0.009465175,0.0019646783,-0.0003618372,0.0023475208,0.0011151369,0.00018997226,0.0007350004
2013-11-18,0.00034585738,-1.52215425e-05,-0.00023703142,0.0010715966,0.0026951777,-0.0011639025,0.011834954,0.0018416543,0.0017521747,0.0012243309,0.00036556064,0.0011884363,0.0005425322,0.006044016,0.0012281447,0.0,0.003950729,0.00020601742,0.0021625608,0.0005997998
2013-11-19,0.0003110378,-0.00076129136,0.0013470197,-0.0007029196,0.0023991205,0.0020599645,0.0045526987,0.0024916336,0.0012342297,0.0027431727,0.00053388905,0.003580236,-0.00027984887,0.0014602779,0.00060470804,0.003351203,0.0023010806,0.00031981268,0.002662103,0.00033675192
2013-11-20,8.3200895e-05,0.001314424,0.0010695535,0.0018896676,0.00052605703,0.0010107412,0.00034977362,0.0029035232,0.0024851656,0.001532654,0.0009037709,-0.00016819108,-0.0018419542,0.0008209524,0.0011558787,0.0026492656,0.0016704145,0.0015290931,0.0022952955,0.0005923574
2013-11-21,0.0,0.00026175054,0.0014208716,0.0007093316,0.0013070425,0.00051007426,0.0021286265,0.0028189518,0.001620762,0.0014007456,0.0004025281,0.0017324137,0.00046872758,0.00036524277,0.0014461867,0.0016752633,0.0012365435,-0.0001184287,0.00024193767,0.0021193926
2013-11-22,0.0013875065,0.001106496,0.004469737,0.0008452819,0.0008561222,-0.0005040415,0.0019867108,0.0009819474,0.0017074212,0.00017316634,0.0010931022,0.0018585809,0.0036673304,-0.0012650051,0.00016538793,0.0010978284,0.0013317658,0.0009944643,0.003505799,0.0017831103
2013-11-25,-1.7665703e-05,0.0020807711,0.0010272597,0.0012239668,0.0012504243,-0.000387929,0.0033551285,0.003081675,0.00066658045,0.0026937209,0.001026272,0.002327325,0.0015315715,-0.0013463023,-1.8096936e-05,0.001195114,0.0009652824,0.0020609193,0.0010756785,0.0028093318
2013-11-26,0.0005048421,0.0029593343,0.0016687848,0.00075878086,0.00020147621,0.0007050332,0.001441418,0.0008739594,0.0012609782,0.0018016703,0.0006928782,0.0031745194,0.00047465035,-0.0020826631,-0.00064058317,0.001689372,0.0006886288,0.0033019097,0.0,0.0029157612
2013-11-27,0.0013945291,0.0025460534,0.003781415,0.0024776256,-0.00017431763,0.0008381286,0.0016914668,0.0021968912,0.0012362241,0.00035722443,0.0004396528,0.002218294,0.0021209451,-0.0014237163,0.00041362128,0.0010345718,0.00016925503,-8.2974775e-06,7.1928625e-05,0.0017924653
2013-11-28,0.0010631258,0.0017072032,0.0099778045,0.0032089942,0.00040209145,0.004621059,0.0,0.0019134972,0.0011041182,0.0009340399,0.00088950765,0.0014668544,0.0035192582,-0.0015474482,0.0,0.00014512047,0.0020378449,-0.0022298663,-0.0035529383,0.0038181914
2013-11-29,0.0009501932,0.0018373141,0.005778332,0.0037407046,0.00010457601,0.0043523563,-0.00093266583,0.0036625194,0.0007205036,0.003071044,0.0008990424,0.00038800857,0.001702923,-0.00021021573,0.00081810704,-0.00023520549,0.0014184337,-0.00039405777,-0.00063300005,0.004194238
2013-12-02,0.0013834465,0.0058983564,0.0038639184,0.0023795369,-0.00035690586,0.0028723262,-0.004018261,0.0013151558,0.0013798978,0.0015039074,0.00048280944,0.00019972799,0.006132704,0.0013053952,0.002175393,0.00054277026,0.004529231,0.00011154563,0.00036169623,0.003886919
2013-12-03,0.00044351237,0.0035005184,0.00259301,0.0014381452,0.00043995338,0.0025927739,0.002482467,0.00071650936,0.0009575028,0.0038815343,0.0007823389,0.0011592696,0.0018368314,0.0037546395,7.2689465e-05,0.00051454967,0.002583956,0.0015723302,0.0011326529,0.004059443
2013-12-04,0.00047469154,0.0017536544,0.00045114235,0.0,0.0013223315,0.0037867937,-0.0018181903,0.001878068,0.0007903098,0.0026907823,-0.0002868484,-0.00016633215,0.002058072,0.0019149213,0.0004300332,0.00061585236,0.0020207355,0.0024815777,0.00028561297,0.005962849
2013-12-05,0.00047893313,0.0016478043,0.0012808256,0.0004185816,0.0005862284,0.0015056494,0.0011819239,0.0004811143,0.0012411193,-9.4874326e-07,0.0005867792,0.0018496305,0.002717958,0.0009659867,0.00029322068,0.0014890415,0.0017920966,0.0066317096,0.0010950922,0.0021944612
2013-12-06,-0.0061373357,0.0017460217,0.0016929749,0.0013744849,0.0023078958,0.0013066713,-0.0002200677,0.0004916354,0.002493444,0.001634195,0.00047732322,0.0023582347,0.0024289738,0.0033957204,-0.0050192904,0.00039092105,0.0018374532,0.0010890745,0.0034331016,0.0055938195
2013-12-09,-0.0060661,0.0021860842,0.0010120198,-0.0013338946,0.001134903,0.0013470182,-0.004021408,-0.00012152003,0.00050491554,0.0028546748,0.000120427925,0.0010341059,0.0021405623,-0.0002685006,0.0,0.0020633189,0.00050782453,0.0016365796,0.0046726204,0.0030677083
2013-12-10,-0.00274279,0.0011585809,0.0022910652,0.0014919146,0.0013750666,-0.0022314533,0.0032740002,0.00085956964,4.1401283e-05,0.003114239,0.0005872668,-0.00019484675,0.0015628134,0.0024553626,-0.0018380372,0.0026896317,0.0005282494,0.000970231,0.0013247603,0.0015067639
2013-12-11,-0.0013598946,-0.00062026427,0.0017160226,0.008827929,0.0024166624,0.00031342515,0.0028672302,0.00029444456,0.0008617071,0.00063644815,0.0011985848,0.0002185377,0.0021290383,0.0023833227,-0.0016758025,0.0014969832,0.00064971385,0.00090896833,0.00049470237,0.0026601648
2013-12-12,0.0010976747,-0.00064375467,0.0043776617,0.0027202922,0.00090705807,-0.0011189113,0.008444276,0.0020636283,0.00095490314,-7.108934e-05,0.00071957125,0.0031533523,0.0018845883,0.0015634454,0.00042208182,0.0015545345,-0.00026782235,0.00039587065,0.0012948283,0.0013822687
2013-12-13,0.0013069629,-0.00014602901,0.0026795103,0.0056226333,0.0051990105,0.0010876165,0.0066255303,0.0004504605,0.0002669545,0.0009861928,0.0016779783,0.0021027513,0.000570124,0.0008346008,0.0006614622,0.0017078958,0.00017899417,0.0013908615,0.0027332453,0.0037874922
2013-12-16,0.0024197707,0.0012453134,0.0016081872,0.0014084926,0.0018142058,0.0003395035,0.0025880747,0.0008273507,0.0002498996,0.0013146858,0.001243232,0.004951085,0.0017029018,0.004500995,-0.0011598092,0.00086800253,0.0,0.0014042362,0.005032712,0.0003886651
2013-12-17,0.0021266567,0.0010388743,0.0021975106,0.005168034,0.00826811,0.00095952646,0.005591963,0.0012089398,-0.003891183,0.0006200071,0.001487904,0.005258605,0.0017943403,0.0029775335,7.073983e-05,0.0018027464,9.844129e-05,0.0015744211,0.0023466342,0.00041011695
2013-12-18,0.0018584607,0.00057284976,0.0008623399,0.0058395737,0.009972707,0.0025867096,0.0011152066,0.00068766315,0.0005254208,0.00075124734,0.0013932516,0.00054005854,0.0024042255,0.0002661061,-0.0031769134,0.0025691912,0.00016459072,0.0035171201,0.0045731463,0.0015474565
2013-12-19,0.0018772931,0.00026944824,0.0038990357,0.016305493,0.0018614426,0.0021562856,8.4680214e-05,0.00056284707,0.00093736453,-0.0035151937,0.0018406876,0.00106833,0.00059431966,0.0015127632,0.0018573496,0.0020357901,0.000605348,0.00096272276,0.0018292315,0.0011724825
2013-12-20,0.001655275,0.0006530581,0.00016640124,0.0025840665,0.0019238206,0.0038951861,0.00017368332,0.0009269077,0.0018209239,-0.0010513988,0.0013071331,0.0014723245,0.0018230424,0.0027440614,0.00835928,0.0017063359,0.0015313799,0.0015367162,0.0021292833,0.0031636492
2013-12-23,0.00021286758,-5.2487223e-05,-0.0020050735,0.0017988826,0.011457113,0.0015060753,0.0038125655,0.0009468033,0.00034506826,-0.0018178502,0.00056678586,0.0043238425,0.000584448,0.0014910012,0.0015729726,0.0029020105,0.0012102765,0.0019173917,0.0018976768,0.0018765419
2013-12-24,0.00014193702,0.00044258652,0.0010814194,0.0034643977,0.0020302434,0.0030670946,0.0060284063,0.0013850746,0.0034053174,0.0005062822,0.0011863337,0.0087152235,0.00089078763,0.0009125766,0.004778676,0.0019144726,0.00016603913,0.001316185,0.0019686045,0.00068369793
2013-12-25,0.001327763,0.0003823341,0.00025193417,0.00019946884,0.006600875,0.0033705856,0.00056909694,0.0004237118,0.00016468103,-0.00066317385,0.00019929913,0.0010637735,0.00068366446,0.0059896647,0.002904621,0.00021257826,0.00060799805,0.001709021,0.0019242823,0.0024132906
2013-12-26,-0.0011855792,0.0014959819,0.00052633457,-0.00037875786,0.0015102726,-0.00020814099,0.0027178323,-0.0002913719,0.00016972353,0.0005118822,0.0012959243,-0.00088818005,0.00024250727,0.0007795763,0.0014657252,0.0024901587,0.0012917822,0.000541226,0.0001566531,0.00023473144
2013-12-27,0.00084800477,0.0021034572,0.00020067873,-1.4504502e-05,0.0017521919,-0.0027329205,0.00047493022,0.0014838851,-0.0038010073,7.230387e-05,0.001750003,-0.0036826637,0.0,0.0003374518,0.004649904,0.0023627076,0.000840383,0.0008918989,-0.0011421167,0.002360318
2013-12-30,0.0006460225,0.002217933,0.0010850072,-0.0010121807,0.0062824492,-0.0007372515,-0.00010048609,0.0013958871,-0.00010893109,0.0011482254,0.006707497,0.00058581244,0.0,0.0002365651,0.0031450265,0.00047345902,0.003853972,0.00541332,0.0003310228,0.00092810765
2013-12-31,0.0022000843,0.0015624097,-0.0010065653,0.0003821058,0.006693019,-0.0007267466,0.0037648715,0.00035527523,-0.0003898922,0.0011193829,0.0072604264,-0.0024632884,-0.0004363695,-0.000112472946,0.0021538227,-0.00022549916,0.00034551602,0.0010123863,0.00023917171,0.0011726109
2014-01-01,0.0022967383,0.00043833948,0.00022831265,-0.0009523981,0.0016535601,0.00096023694,0.0015540906,0.0010818236,0.00090850866,0.003283955,0.0016027553,0.00010865148,0.0010397274,0.00061113964,0.0025373737,-0.0015106394,-0.00056485593,0.00025044856,0.0004913814,0.0013121635
2014-01-02,0.00068342354,0.001053403,0.0012328747,0.0002712707,-0.00026983084,-0.00017636832,0.001508292,0.00033477307,0.007208059,0.00015650535,0.0019607698,0.0028491651,0.000645457,0.0018404601,0.00012685778,-0.00022540253,0.0013734708,0.001251761,0.0018459082,0.00044157408
2014-01-03,0.0026255695,0.0007274286,0.00093614653,0.0011594753,0.0019347585,0.0,0.0058269682,0.0008610905,0.00048057025,0.0007217877,0.0013320146,0.0003870986,0.001683745,0.0018163307,0.00076661573,0.0006503866,0.000616514,0.0013149861,9.8254175e-05,0.0032275773
2014-01-06,0.001822381,0.0003818687,0.002212739,0.00084836583,-0.0016760374,0.00015211182,0.0038619274,-0.0022945392,0.0010082091,0.0010886041,0.001800743,0.0006047535,0.0019097542,0.0018380759,0.0040710727,0.0004112436,0.0018477605,0.0013081473,0.0020795376,0.0032402854
2014-01-07,0.003320356,0.0008001068,0.00035180547,0.0010211688,0.0002906605,-0.00043583516,0.0031428128,5.4570195e-05,0.0054674814,0.00068879564,0.005257076,0.0032259836,-0.00035050188,0.002500265,0.0045325886,0.0012199354,0.0011839304,-0.0022339937,0.0022040396,0.003726736
2014-01-08,0.0010946883,0.0008100663,0.0005430522,0.0017900849,0.00029032884,0.00021919067,0.003687615,-3.574063e-05,0.0050358824,0.00117322,0.0025497733,0.0036991192,0.00029926185,0.0026804311,0.0003346575,0.0004704477,0.0024134258,0.0013855842,0.0010150116,0.0024708088
2014-01-09,0.0005836758,0.0015309415,0.0008783645,0.00068830815,7.211787e-05,7.277163e-05,0.00092295173,3.3458145e-05,2.5804206e-05,0.00028871215,0.0024002276,0.0027153336,0.00133639,0.0011148973,0.00325073,0.00075132656,0.0022029628,0.0002810861,0.0015245347,0.003130591
2014-01-10,-0.0030460297,0.0011489586,0.005785538,0.00093605043,0.0034992571,-0.00073991035,0.00035386733,-0.0018779539,0.0008444036,0.0013855852,0.0016541496,0.00039252997,0.0012036931,0.0005091002,0.0010864087,-0.00024670444,0.0007478932,0.0007346148,0.0018775917,0.0036132312
2014-01-13,-0.00065908,0.0011897848,0.0027516265,0.0013208613,0.0053835246,0.0,0.00030375188,-0.0003939614,0.00016504344,0.005598736,0.0002903884,-0.017551625,0.0029849238,0.00021455776,0.0019074602,-1.24121425e-05,0.00026103982,0.0018445224,0.0016647268,0.0017115574
2014-01-14,-0.0055381246,0.0012627894,0.0014752505,0.0045560654,0.0049027693,6.448939e-05,0.0015047432,-4.613475e-05,6.285311e-05,0.0018663697,-0.0027575442,0.00018491405,0.000960647,0.0008940334,0.0018370295,0.001177684,0.005760744,0.0017362159,0.0014930565,0.0006354074
2014-01-15,-0.0029072624,0.0023849187,-5.7908772e-05,0.0027257046,0.005588888,0.0011557613,0.0018641858,0.011269472,0.00019745933,0.003892952,0.00028889108,0.00045739062,0.000722563,-0.00046307416,0.00071111764,0.0007514372,0.006191094,0.0031629037,0.0013138059,-0.00074360037
2014-01-16,-0.001616219,0.0009184705,-0.00039902018,0.0,0.0043700594,0.0011064354,0.004919801,0.0021210578,0.00050654606,0.0013865008,0.0003642774,0.0015166727,0.00076028326,0.0008629559,-1.7588334e-05,0.0017884069,0.004283461,0.00089709926,0.0016105778,0.000830772
2014-01-17,-0.002314472,0.00089312624,-0.00018588552,0.00080399896,0.00072327297,0.0011045055,0.0013564895,0.0087904,0.00091096776,0.0017390387,0.001728013,0.009588912,0.0010726219,0.0037118418,0.0004393753,0.0008869827,0.0025933573,0.00037412997,0.0032152673,0.0043147127
2014-01-20,-0.0003181051,0.0015689598,-0.00036557368,0.0006687206,0.0005080416,0.0018147792,0.0010436514,0.0022870463,0.0018834921,0.0012364937,0.00053778203,0.0073473556,0.0014878295,0.00032014336,-0.00085887854,0.0005260067,0.0020227286,-0.00057115755,0.0018461469,0.0032494012
2014-01-21,-1.0129855e-05,0.0019433328,0.00012313196,0.0009488392,-0.0011988935,0.0009509831,0.0057973973,0.0014011603,0.0024858126,0.0030997428,0.0011404514,0.0024117224,0.0022037264,-0.00043988865,3.3272292e-05,0.0006641616,0.00088016334,0.0005438846,0.0019112289,0.0011728435
2014-01-22,-0.0005807034,0.0009040151,-2.8388942e-05,0.0016556858,-0.0050689196,0.0009674827,0.002441189,0.0001580457,0.0037833184,0.0016109588,0.0018449256,0.001961985,0.001402466,0.0018250183,-0.0038657188,0.0002059178,0.0055428124,0.0012618112,0.00087379274,0.00042164634
2014-01-23,0.00018883876,-9.705853e-05,0.0015887168,0.001678429,-0.0028487241,0.0008860944,0.001693949,0.00065016624,0.0016780647,0.0007090058,0.0013071859,0.0006431855,0.00022381826,0.002871458,-0.022988591,7.234412e-05,0.0027414442,0.0006667097,0.001206796,0.004876479
2014-01-24,-0.00040132264,0.0004852491,-0.00056521373,0.0043049995,0.00052472705,0.002087601,0.0044050543,0.0002229414,0.0038510372,0.0,0.00094509154,0.005197642,0.0006405726,0.0011667866,0.00066407636,0.001574898,0.0018828388,0.0006571083,0.0012625115,0.0058241826
2014-01-27,-0.0005125525,-0.0006666079,0.00032926223,0.0018503369,0.0097881155,0.0010538265,0.0022416268,0.0009737912,0.004135671,0.0012908106,0.0037911902,0.000750742,0.0004642889,-0.00093350635,-0.0029196655,0.0002203714,0.0047863047,0.0009858208,0.00026561288,0.0015732485
2014-01-28,0.005585154,-0.00044039736,0.0018683771,0.0030072313,0.0030357488,0.0011196019,0.0030839792,0.0039791116,0.0022800523,0.0009011851,0.0009853751,-0.004135307,0.0008823984,-0.0013109719,0.00037805867,0.0,0.0036465744,0.0016791509,0.000544247,0.0068666595
2014-01-29,0.00043353037,0.00079276133,0.00021200535,0.0010150598,0.0010948003,0.0010849665,0.0016479655,0.002248189,0.0037842821,0.0011570923,0.00086446287,0.00035095017,0.00084520807,0.00023087622,-0.0007780204,0.00034905924,0.0030789014,0.0025289056,0.000358033,0.0016996511
2014-01-30,0.0,0.0010826163,0.0025216073,0.0052243858,-0.002574268,0.00016457419,0.000635343,0.00095490617,0.002989954,0.0003933321,0.0024070432,0.0020928804,0.0011210933,0.00052317773,-0.0013356736,0.0011780673,0.005284222,0.0022405263,0.0,0.0034776174
2014-01-31,0.0027129925,0.0004158646,0.004352356,0.0029714582,-0.004262552,0.00032652094,0.0012554426,-0.000264399,0.0028335308,0.0008773457,0.0008342958,0.0021653306,0.0016913512,-0.0028255836,0.002536283,0.00089854916,0.0018851109,0.0015247449,0.00023949675,0.004865153
2014-02-03,0.0025463197,-0.00049898424,0.004237842,0.0013748398,-0.0430907,-0.00054291816,0.00092332,-0.0003255713,0.0031472174,0.001171655,0.00069359253,-0.0076153195,0.0019695251,-0.002164805,0.001958497,0.0012149409,0.00355294,0.0013995187,0.0003792525,0.002696751
2014-02-04,0.0026454274,0.00028011596,0.0016843653,0.005365935,-0.018072866,0.0002256347,-0.0004475541,0.0029202336,0.011134098,0.0016853993,0.0021600893,0.0010818986,0.001170303,-1.5492808e-05,0.0012494082,0.0005833131,0.0015961522,0.0017779694,-0.00017181183,0.0006823532
2014-02-05,0.0012458094,0.0016768653,-5.319886e-05,0.0064197234,-0.004172558,0.0010828032,-0.00019562016,0.0018233589,0.002151535,0.0030586966,0.0022273932,0.00018556722,-9.179342e-05,-0.00033974694,-0.0014201383,0.0011773185,0.0015646154,0.0015794234,0.00050098903,0.0025676508
2014-02-06,0.0023528533,0.0017416468,-0.00102058,0.0055832528,-0.0011748024,0.00087564084,0.0010610549,0.00027172806,0.0036672256,0.0015688977,0.0011754096,0.0004827579,0.0013686883,0.0018364283,0.0021089185,0.0010902701,0.006016765,-0.00031389357,0.0003885352,0.00038521487
2014-02-07,-0.0016851427,0.00229333,-0.0009428101,0.0005735625,-0.00049442827,0.00040879133,0.0015949759,0.0008750165,0.00060572627,0.0019238886,0.0023954276,-0.008773111,0.0016786678,0.005898979,0.0016907837,0.0014053095,0.004353909,-0.001339922,0.0007662541,0.00089770823
2014-02-10,-0.00032575053,0.00044605663,0.0,-0.000104055885,0.0008131252,0.0,0.0024270976,0.002201361,0.0019465972,0.0018367538,0.0014106496,-0.013514028,0.0018462546,0.004935371,0.0009747804,0.0017725416,0.0031474063,-0.00087608845,0.00015629761,-0.0001569191
2014-02-11,-0.00096486235,0.0026847133,-0.0009812606,0.00013880925,0.00054557726,0.000795293,0.003474246,0.0020219346,0.0027652374,0.0015325296,0.0016120243,-0.00047718527,0.0010831224,0.0036993716,0.0020549786,0.0013357989,0.0033977071,0.0003833721,0.00028026162,0.0067453557
2014-02-12,0.0016043985,0.001433735,-6.872759e-05,0.00050300267,0.00091834075,0.0019280558,0.0009070491,0.0038187555,0.004057015,0.001712899,0.0025119283,0.00064974575,0.0005254445,0.001112114,0.0031871803,0.0027307237,0.00020373498,7.015143e-05,0.00024836525,0.0053155734
2014-02-13,0.00048369472,0.0017033964,-0.00078753784,0.00034553086,-0.0013364193,0.00045638139,0.0013902665,0.0034695403,0.0038714856,0.0009694365,0.0021503966,0.0014464818,0.0009945486,0.005299411,0.006938965,0.0013821387,0.00026244638,-0.0007033988,0.0,-3.750464e-05
2014-02-14,0.0018827836,0.00060883525,0.0,0.00091974746,-0.001869366,0.0015080963,0.0,0.0026721982,0.0022925108,0.00068456464,0.00028609592,0.0033770166,0.0012458508,0.0012857887,0.0043877005,0.0014883678,0.00029695814,0.00014243055,0.0,0.0033242428
2014-02-17,0.0033408352,0.00037283113,-0.0020678705,0.0017792906,-0.0013333085,0.00075367163,0.0003266023,0.0056049326,0.001904237,0.00079032476,0.0007156146,0.0049651726,0.0008943777,0.004173881,0.0057408367,0.0017366594,0.0005026352,0.00070200127,0.001289597,0.0018418513
2014-02-18,0.0015931412,0.00018318089,-7.930895e-06,0.0002466067,-0.0009774673,0.00062982744,6.3189706e-05,0.0033641856,4.9910414e-05,0.0,0.00053077354,0.0015609248,0.0002332892,0.0012901368,0.0021445032,0.002296063,0.0004152874,0.0038776253,0.00048467887,-0.00031981684
2014-02-19,0.0027527632,0.0012346382,0.00027795642,0.0,0.00022119535,0.00075143384,0.0010429008,0.0042942977,0.00085484906,0.00025500252,0.0020874671,0.0033838542,0.00093615474,0.0026576316,0.000714456,0.0012599936,-8.740404e-05,0.0024782815,0.00050334877,-0.0032651592
2014-02-20,0.0060729724,0.0009125085,0.0006830091,-0.0001748317,-0.0027078693,5.615197e-06,0.001314706,0.00078238174,0.00053575536,0.00020148783,0.0010858299,0.008924019,0.00047232892,0.0013084062,0.0012101184,0.00084442,0.0005320467,0.00051697466,0.000749981,0.0036157724
2014-02-21,0.005651993,0.0010303144,0.0015506851,0.0010726893,-0.002589679,0.0006316366,0.0029796485,0.0021508194,0.0014000955,0.0009351513,5.4798533e-05,0.0009838361,0.0010528103,0.00059780286,0.001116137,0.00069825345,0.00048359268,0.0019130736,0.0015672368,0.007986391
2014-02-24,0.00031267194,0.0013275656,0.003065601,0.00012800429,-0.0059457584,0.00046740868,0.0018463684,0.0014221097,0.00049519597,0.001103086,9.126652e-05,-0.000844679,0.0006007458,0.0023048192,0.013482707,0.00095457217,0.0018989663,0.0024205188,0.0010981942,0.0070017558
2014-02-25,1.4900539e-05,0.00068970304,0.0025806846,0.0003626319,-0.00013405381,2.6748901e-05,0.0018239806,0.005598952,0.0024251924,0.0009705426,0.0017729914,0.00063331623,0.00029006167,0.0004861247,0.0049778074,0.0018452702,0.0016982786,0.0031684386,0.0014678278,0.012077815
2014-02-26,0.003924944,0.0,0.0047565657,0.0013896017,0.00077773863,0.0004161987,0.00049482874,-0.00011246197,0.0015820673,0.0012170407,0.0026462444,0.006766128,0.0007200214,0.0011439634,0.005835191,0.002650757,-0.001399744,0.00050763384,0.0028782776,0.0069091427
2014-02-27,-0.0002961619,0.0009942832,0.0036827598,2.2783086e-05,0.010733817,-7.8332174e-05,0.0056929514,0.00046757478,0.0011815554,0.0013325122,0.0009362569,0.0053031035,0.0009368387,0.0038439212,0.003285635,0.0016532535,0.0003174718,0.0014720676,0.0017051215,0.004566992
2014-02-28,-0.00096624665,0.0005411142,0.0026493643,0.0010131743,0.0044051735,0.00021958051,0.003210985,0.0006878144,0.00074880436,0.00072125765,0.0027956234,0.0029221426,0.00094913284,0.0016827778,0.0042607556,0.002442044,0.0018367226,0.0006511178,0.000288611,0.0009369483
2014-03-03,-0.0018620675,0.00017376409,0.0024886457,0.0011316929,0.007120789,0.001178369,0.0020758556,0.0006291467,0.00118008,0.0013121451,0.0015699343,0.0035713534,0.0010495064,0.0014765315,0.0043052277,0.0012336096,-0.00030283286,0.0021956891,0.0019800833,0.00032657787
2014-03-04,-0.008826699,0.00066503574,0.0018300654,0.004019375,0.0077401735,0.0010513692,0.0021471768,7.3448566e-05,0.0013136797,0.0007686561,0.001357711,0.005653398,0.00059751084,0.0014070193,0.0006517884,0.00020356,0.0039486703,0.001487601,0.00093683536,-9.762429e-06
2014-03-05,-0.006439909,0.0012563142,0.0005954733,0.0010672846,0.00039518764,0.0007982115,0.0006334064,0.0014520631,0.003876762,0.0013471091,0.0026817017,0.0028149867,0.00054787373,0.0019977172,0.001121704,0.0002192781,0.0034738104,-0.0012814087,0.001202609,0.0006111354
2014-03-06,-0.003928811,0.000730119,0.00041488124,0.0057500205,-0.0032609785,0.0,0.00045905108,0.0008075662,0.0010671436,0.0016945343,0.0022553522,0.000982266,0.0018308068,0.0025302935,0.00074977067,0.0023855797,0.0012856183,-0.0023781194,0.0016602109,0.000531058
2014-03-07,0.0013284093,0.0024050637,0.0021897703,0.0017547992,0.0059539834,1.7208977e-06,0.0013233729,0.0024802003,0.0013376564,0.0010434991,0.0018768625,0.0075673526,0.0008137678,0.0038177331,0.001333988,0.0007814745,0.00093715783,-0.002352487,0.0017790305,-0.0011928193
2014-03-10,0.003288876,0.0006978285,-0.0006450743,0.001409358,0.002550963,0.0010666578,0.0012790111,0.002720583,0.00041012865,0.0013974819,0.002739081,0.0013489375,0.0018692745,0.0049123466,0.0018667527,0.0016128406,0.0024253642,0.0008947428,0.0010172148,-0.0048648715
2014-03-11,0.004765965,0.0006279706,0.0006071841,0.0011998139,0.002475131,0.0015326503,0.003208181,-0.002540176,0.0041129678,0.0015291156,0.0019201934,0.004272076,0.0014734743,0.0007877514,-0.00019075972,0.0011585843,0.0016892572,0.0024199,0.00043157316,-0.0037076247
2014-03-12,0.002779034,0.0038805301,0.004652385,0.0015696733,0.0012325277,0.00022292348,0.0017300878,0.0030969433,0.0013396653,0.0013248611,0.002655718,0.0041956394,0.0017277306,0.0017340402,0.00012327285,0.0009565852,0.004286455,0.0006561802,0.0010085682,0.0010579058
2014-03-13,0.0054748044,0.002119309,0.00025074513,0.001973762,0.0024988914,0.0009860785,0.0033863366,0.0039185653,0.003359937,0.001242469,0.0020796785,0.0033928172,0.0019213168,0.00036533296,0.000364976,0.0006821333,0.0021360174,0.00026066837,0.0007134745,0.0014454352
2014-03-14,0.0068635335,0.001176838,0.0021072736,0.003164697,-0.000549358,0.000567715,0.0037508416,0.0022517927,0.0038311167,0.000801621,0.0026458176,0.0016336739,0.001041889,0.0013499509,0.00047507757,0.0009156088,0.0014373435,1.1616931e-05,0.00013100269,0.0023328438
2014-03-17,0.005921287,0.002165158,0.0011691966,0.0013506024,0.002214779,0.00048957375,0.0010590544,0.0028388444,0.0012334452,0.002400142,0.0014520156,0.0006703845,0.0017400503,0.00051752914,0.0017371099,0.0012634046,0.0016604664,0.0,0.00069599494,0.0022890319
2014-03-18,0.0013141766,0.0047627105,0.0002692727,0.0035115897,0.013730602,-0.00043368308,0.0013148857,0.0018907342,0.0005799895,0.000183447,0.0013406461,0.0016002218,0.0018569261,0.0011768074,0.0016625662,0.0016594173,0.00081570295,-0.00017011218,0.0012370623,0.00417117
2014-03-19,-0.0024101886,0.0042613684,0.000655015,1.3473512e-05,0.0013469976,0.0,0.0006833336,0.0016770397,0.0023373128,0.0006960738,0.0001983047,0.0011305047,0.0018776122,0.0012303658,0.0009624767,0.00086292333,0.0021825775,-0.00035602713,0.0014637186,0.0029055926
2014-03-20,0.0012895879,0.0029525307,0.0015633466,0.0013870342,0.006935664,-0.0021085602,0.001002695,0.0012388142,0.0011584483,0.00073017005,-0.002460223,0.0018454193,0.0010411633,0.0015474061,-0.0030556496,0.0005424527,0.0024438822,-0.0013065813,0.0007514513,0.0008924249
2014-03-21,0.0023865984,0.002969707,0.0064268876,0.0021523852,0.0013134915,-8.779802e-05,0.0006788895,0.002195223,0.0012480856,0.00068260106,0.000997992,0.0013520136,0.0006125821,0.0010513108,0.00040233828,0.00058371254,0.0007838279,1.7837472e-05,0.00042378413,0.0007191838
2014-03-24,0.0009372842,0.0036655709,0.003646785,0.0034126462,-0.0014233717,0.00045144855,0.0010052946,0.00093090005,0.0010676751,0.0015227688,0.00038744678,0.0009958202,0.00059095945,0.0,0.0017034209,0.0005438074,0.00194719,0.0016173628,0.00085558114,0.0015780913
2014-03-25,0.00055048626,0.00226262,0.0027045254,0.0034512042,0.0020560243,-0.0012094751,0.0020619845,0.006073323,0.0019075443,0.0010604161,0.00029162093,0.0013236543,0.00053294876,0.00064059166,0.001870194,0.0006794134,0.0019312424,0.0,0.0001974013,0.0025501878
2014-03-26,0.00080344785,0.0011196877,0.0007016679,0.0032071958,0.0016047453,0.0021896223,0.0021944884,0.00073402474,0.0027825362,-0.00093120657,5.7145222e-05,-6.825393e-05,0.0012648336,-0.00030048963,0.00041133031,0.0013927579,0.0019435014,-0.00031587607,-0.0024385205,0.0004109547
2014-03-27,0.0004831666,0.00057201856,0.0017531412,0.0008461888,-0.00010269818,0.001474898,0.003551438,0.0026969358,0.0013575244,-0.0022687805,0.0013217921,-0.0040189396,0.0029439102,0.0022222728,-0.00026607802,0.0011186252,0.0008797129,0.00014613914,-0.00070228387,0.0017765249
2014-03-28,0.0018165752,0.0017098302,0.0023862289,0.0009815381,0.0017211993,-0.0006737691,0.0024589065,0.001417958,0.0049713524,0.0026508844,0.00050328806,0.0014718116,0.0018461851,0.0016823153,-0.00017974083,0.0033658606,0.004438553,0.0028096354,-0.0011422829,0.0011795802
2014-03-31,0.0018789585,0.00013193113,0.0014500142,0.0036646693,1.2677821e-05,-0.00038507854,0.0018379773,0.0011460483,0.0021489603,0.0019852722,0.0018108961,0.0016611654,0.0010890117,0.004421459,0.0002908666,0.0033322093,0.0056590084,0.0018276635,0.0,0.0012315477
2014-04-01,0.0026806525,0.0,0.0,0.0008367591,0.0017088214,-0.00029819616,0.0015345028,0.002088767,0.00018234503,0.003782773,-0.000583086,-0.0028300788,0.0020428135,0.0008694945,-0.0015787417,-0.0002719508,0.0018599964,0.0007442265,-0.004087991,0.0015794499
2014-04-02,0.0020072737,0.00067585683,0.00048554214,0.002810697,0.0015087258,0.00089054415,0.0,0.00095812976,0.00028747824,0.0021922302,0.002102041,-0.0028248802,0.0011359594,0.0011068885,0.00083215226,0.0010503626,0.0009960443,-9.369289e-05,0.0013379521,0.00063883833
2014-04-03,0.007072253,-0.0001458081,-0.0004160117,0.0003972611,0.0029664817,-0.00076572667,0.0012643345,0.0012592496,0.0032114307,-0.0007946719,0.005820705,-0.0036106547,0.00031120869,0.0002892732,0.0031749492,-0.0007693867,0.010040281,-0.004792633,-0.0018090572,0.0013863721
2014-04-04,0.004573562,0.00013528482,0.0,0.0016044509,0.0046765315,-0.00065061805,0.001290855,0.0019177883,0.0008561117,0.0,0.0021001382,0.005354948,0.0006042667,0.00075836614,0.00076814234,-0.00086693943,0.00013759911,-0.0011822254,-0.00018255373,0.0010713333
2014-04-07,0.00041726656,0.0012151392,0.0006556634,0.0013959731,0.001793216,-0.0007015537,0.0015522613,0.0010125723,0.001758453,-2.2763925e-05,0.0002722511,0.0042288424,0.0013238997,0.0017998455,0.0015890219,0.0002201873,-0.002417455,0.00024375904,0.0,0.0018311883
2014-04-08,-0.00023374082,0.000949316,-6.364416e-05,0.0009516524,0.0004039307,0.00045132902,0.00030796538,0.0021821342,0.002734963,-0.000145097,-0.00014811745,0.0019533597,0.0004485325,0.0040189973,0.0032183956,0.0029903958,0.0010224205,0.00068841554,-0.00066818635,6.923962e-05
2014-04-09,0.0019137725,0.0016556082,0.0036632495,0.0012439596,0.0006059066,0.00021132,-0.0016280371,0.00091842195,0.00012078765,8.3077444e-05,-0.0020440228,0.0018434183,0.0009084676,0.0050801276,0.0008786235,0.005410979,0.00043679422,0.0006332465,-1.7446888e-05,0.0006204137
2014-04-10,0.002654876,0.00036777277,0.0038007824,0.0036505514,0.0018162886,0.0,0.0011731635,0.0011017509,-0.0015985612,0.0008281837,0.0014298668,-0.0017066962,0.0009269046,0.0066064163,0.003501073,0.0049546934,0.0019803091,0.0004459321,0.00055190525,0.00021655069
2014-04-11,0.0,0.0007221299,0.0029430743,0.0011774211,0.0014998041,0.00031226236,0.0013004101,0.0009654269,0.0001211615,0.001860039,0.00091381813,6.726981e-05,-5.361608e-05,0.0061442032,0.0034084632,0.0040980093,0.002456066,0.0024584925,0.00021270126,0.0008907223
2014-04-14,0.0001773646,0.00031817146,0.0026250116,0.0008331832,0.001681832,-0.000862497,0.00040196173,0.00080661144,0.0011014928,0.001921326,0.001908547,0.002472485,-1.1272709e-05,0.0025925802,0.008585049,0.0016311831,0.0037884705,0.0013317352,0.0009456484,0.0
2014-04-15,-0.0064471844,0.0006518262,0.0020739443,8.5630374e-05,0.0013062331,-0.0034205192,0.0009803158,-0.0012289066,0.0013788063,0.0017117562,0.0016011017,0.00019827015,-0.00012156393,0.0055095577,0.0015596802,0.0021769241,0.006256345,0.0040590363,-0.0023107266,-0.0013724224
2014-04-16,0.0005314847,0.0017366408,0.0013844613,0.00094690395,0.0021899962,-0.00209356,0.0024137017,-0.002878676,0.009147495,0.0033858651,0.002264143,0.0009377911,0.00043977817,0.0031720751,0.0037959833,0.0009472091,0.000100375015,0.0016768711,-0.00016873398,0.000924009
2014-04-17,0.0012087743,0.00086111773,0.001042758,-0.0009817032,0.0065494985,-0.0008470886,0.003963262,0.0009892827,0.0004665555,0.0012897701,0.0027256524,0.0034364036,0.00091399567,0.0027785718,0.0024697417,0.00067825656,-0.00037324388,0.0021165325,-0.0027232298,0.0006293219
2014-04-18,0.0019564042,0.0010596181,0.0010370798,0.00028261417,0.002634384,0.00020425313,0.0014807149,0.00019596377,8.162482e-05,0.0012053901,0.0009704283,0.012983899,-0.00038372257,0.004861116,8.688118e-05,0.001339739,0.00036541515,0.0024505313,-0.008258153,0.0006190006
2014-04-21,0.00036959827,0.0,0.0008551998,0.0010162622,0.004764791,0.004000269,0.0011392535,0.0013164134,0.0015663558,0.0010404937,0.0012292855,0.004546622,0.0011178816,0.0022560176,0.0009694428,0.0013080382,0.0009294341,0.0014530119,-0.03412916,0.00045131572
2014-04-22,0.001364429,-3.4914123e-05,0.00012349036,0.0004308181,0.00072450034,0.0013362496,0.0018429875,0.0005512253,0.0014996576,0.001802531,0.0005253823,0.009594909,2.8514514e-05,0.0031976185,0.0014754675,0.0,0.0,0.00090630085,5.385669e-05,0.00064883207
2014-04-23,0.0024413376,0.00036720614,0.0011466417,0.0027781427,0.004923873,0.0011775374,0.0030004035,0.0010149347,0.0022643858,0.00047733358,0.0017529272,0.0041342396,0.00043131658,0.0018394731,0.004247046,0.00064144033,0.0010631568,0.0026727822,0.00066625274,0.0010926195
2014-04-24,0.0025206036,0.00076972746,0.00022654855,0.0038813157,0.0048542456,-0.0013441996,0.0012654808,0.00015826829,0.0026818474,0.0012974789,0.0015043903,0.00028412254,0.0008856407,0.0019535704,0.009126759,0.0015980175,0.0,0.0024348982,0.008960412,0.00032950757
2014-04-25,0.00019967333,0.00023414858,0.0048842663,0.001205995,0.0013504408,0.0022237687,0.00015168145,-0.0015930418,0.0029203924,0.0006985941,0.00024366517,0.0014021544,0.0007653659,0.0053528314,0.0037269143,0.000221184,-0.00050178956,0.0045552887,0.00017960601,0.0
2014-04-28,0.0021478364,0.0011385902,0.0022006754,0.0007476374,0.0021969683,0.0018525288,-0.0005541518,-0.0011315827,0.0037462986,0.0026814053,0.000217325,0.0017383088,-0.0009957537,0.0012556575,0.0003811934,-0.0011244691,-0.0011377068,0.00011377903,0.0025077704,0.00045653002
2014-04-29,0.006081759,0.0011277733,0.0022539624,0.0011753992,0.00074808486,-0.00015034004,0.0014072041,-0.00015724961,0.00027982792,0.002323046,0.00093459286,0.0010721632,0.00011647393,0.0018719034,0.0007267657,0.00022070283,0.00028463852,0.00166421,0.0029043972,0.0018441365
2014-04-30,0.002171562,0.0015620581,0.0036177994,0.0020593908,0.00077424094,-0.0013511305,0.001887704,-0.0023005498,0.0009780419,0.0022263564,-0.00089425064,0.0015812479,0.0011978043,0.001382988,0.0030578845,0.002143126,0.00087756064,0.00036739983,0.0015080526,0.0010614728
2014-05-01,0.003593149,0.0004771472,0.0017528915,0.0012959763,0.0017801822,0.000597596,0.0009023261,-5.196122e-06,0.0024193285,0.0019042791,1.6239388e-05,-3.7929964e-05,0.0033917613,0.0023481252,0.0005862533,0.002390799,0.00089381414,-9.84593e-05,0.0013089206,0.00073580316
2014-05-02,0.0026439398,0.00011301284,0.0010173976,0.0018536184,0.00065228,-4.1500614e-05,0.002709594,0.00056787283,0.0010246679,0.0023468656,0.0002827512,0.0009719928,0.0032911387,0.0026816889,0.0015484645,0.001483932,0.0028013024,-0.00045386367,-0.0022340955,0.0011116005
2014-05-05,0.0,0.0010671105,0.0016497893,0.0012101918,0.00169271,0.0,0.001502229,0.0018255686,-0.00083339965,0.0029163852,0.0006857871,0.0028484587,0.0032407634,0.0004616516,0.0014392859,0.00075604185,0.0009098726,-0.001988767,0.0012001337,0.0014234795
2014-05-06,-0.006549279,0.002960484,0.002776972,0.0010706154,0.001638195,-0.0002604235,0.0016333573,-0.001009918,-0.0005059397,0.001275902,0.0,0.0028653399,0.003161093,0.0010081456,0.0047791186,0.0015753565,0.003174959,0.0008054575,0.001306927,0.0010643123
2014-05-07,-0.004771069,0.0031925803,0.0024524818,0.00072410156,0.0025042223,0.0011158139,0.0011944901,0.0011483248,0.0029259103,0.0030604734,3.3133438e-05,0.0067521674,0.0023748286,0.0036747104,0.0025311012,0.003834856,-0.0008596614,0.0004568196,0.0006886169,0.0010197824
2014-05-08,0.00027762086,0.0020725883,0.0008546064,0.0019210977,0.0027934802,-0.00015306749,0.0017387088,0.0057906318,0.002718424,0.001815617,0.00097148947,0.002352446,0.0021068342,-0.0024632504,0.0014494166,0.0024524834,-0.00919683,0.0016548935,0.0,0.0012554885
2014-05-09,0.00018106909,0.0007088042,0.002691904,0.0015585376,0.0016991107,0.00034069453,-0.0002283792,0.0018177102,0.0011658237,0.0011829663,-0.00013571423,0.0042987987,0.002826488,0.00057354564,0.00052577,0.0025471286,0.0,-0.0002447956,0.0023518526,0.0015250428
2014-05-12,0.000295462,0.0013844834,0.00090269384,0.0026709225,0.0043482543,0.0005369065,0.0010540453,0.0014527632,0.0011616071,0.0011958025,-0.0001946065,0.0009493492,0.003329246,0.002676771,0.0,0.0015464504,1.25858105e-05,0.00033626045,-0.0016927115,0.0012108793
2014-05-13,0.0010997652,0.0022340082,0.001725092,0.0021635077,0.0011138666,0.0009865602,0.00017665162,0.0039224075,0.0007448063,0.0008730493,-0.00059966533,0.0019299914,0.0012091552,0.002385821,-0.0036109819,0.001529435,0.0013309083,0.0010163211,-0.0019439214,0.0015464739
2014-05-14,0.0021515202,0.002958441,-9.216216e-05,0.00090245815,0.0015375424,0.0018575246,0.0015725298,0.0018958974,0.00044212828,0.0013686959,-0.0012890602,0.0011686474,0.0020700516,0.005269959,-0.00079999736,0.0021278982,0.0044154855,0.000265081,-0.0014147472,0.00076615246
2014-05-15,0.001104918,0.004436346,0.001497298,0.0010761918,0.0028645007,0.0003011004,0.00074317993,0.00084121176,7.350614e-05,0.0,0.00038680845,0.0021991122,0.0016980608,-0.00020008814,-0.0004458844,0.004039596,0.0025966368,0.0021986929,-0.0010721758,0.00041791756
2014-05-16,0.00053573813,0.0025752557,0.004884112,0.0018252344,0.0031032658,0.0013374166,0.0014667277,0.0007084139,0.0011445101,0.00046789699,-0.0004796887,0.00037008297,0.0016723016,0.00093623623,0.0013726768,0.0036357332,0.0026688117,0.0057192873,-0.0047697434,0.0
2014-05-19,0.0029228122,0.003938772,0.0015788258,0.0017232464,0.0007238769,0.0037342901,0.0015857042,0.00075306254,0.003945478,0.00086083886,0.0051898896,0.0011800491,0.00011272944,-0.0012696128,0.0024426777,0.0006963497,0.0013035454,0.0014950433,-0.00016387549,0.0013526117
2014-05-20,0.0071438076,0.0021836648,0.0043207975,0.0025785232,0.0,0.00068567187,0.0025481412,0.0002869438,0.00066089444,0.0012355619,0.002022378,0.0048283204,-8.015556e-05,0.00056790473,0.0041622357,0.0043009496,0.0019215321,0.003276025,0.00030504764,0.0007461426
2014-05-21,0.009934097,0.00032627626,0.003602933,0.00086331565,0.0014502198,0.0012893562,0.0015964669,6.550369e-05,0.0024328479,-3.8184346e-05,0.0032000944,0.0025398205,0.0010274108,0.001887274,0.004293928,0.002005399,0.0012930348,0.0024247952,0.0016839992,0.00102219
2014-05-22,0.005081872,0.0013011529,0.0011707497,0.0014052606,-0.00072272046,8.275442e-05,0.0006349443,0.0,0.0014548546,0.00085541833,0.0038754626,0.0017583073,0.0002389742,0.00048900803,0.010053111,0.0028852902,0.0029014712,0.0006764963,0.008458548,0.0010632381
2014-05-23,0.008586012,0.0005225336,0.0035100263,0.0019231819,0.002988762,0.0007122271,0.0012406104,0.0013997017,0.0010272793,0.00064922025,0.005834708,0.00104253,0.00041730213,0.00020197617,0.004135526,0.0043666502,0.0011117613,0.0039633657,0.0010889303,0.0011963272
2014-05-26,0.016999243,0.0016137529,0.0053644804,0.0016836926,-0.0023991107,0.0016190421,0.0012406415,-0.0008408459,0.0009752355,0.0013847513,0.0018370162,0.0021452778,0.0007046351,0.0016460342,0.0062065893,0.0006306492,0.0030500437,0.0016513327,0.0020710384,0.00032098306
2014-05-27,0.0024075825,0.0018416859,0.00033857863,0.00025850444,-0.0036338333,0.0015081046,0.0011452979,0.0001180581,0.0006962954,0.0015619129,0.0007133974,0.0006523248,0.0011408816,-0.002760942,0.00382738,-0.000117866395,0.0059300745,0.0010810872,0.0,0.00021933744
2014-05-28,0.0023013805,0.0026795163,-0.00057824387,0.0,-0.0009554515,0.00057326804,0.00064087246,0.0013864484,-0.0003860427,0.0010420135,0.0005420335,-0.00081554573,0.00079676,-0.0010165531,0.0015592251,0.0018443598,0.001844294,0.0008589553,-0.0040460345,0.0002868847
2014-05-29,0.0047199386,0.0030523967,0.0016906718,0.001235929,0.0,0.0011678371,0.0011105358,0.0010688158,0.0026547713,0.0006045792,0.0026978625,0.0013320748,0.0014721035,0.0006950958,-4.463988e-05,0.0006898111,0.0029873883,0.0015117701,-0.00010300049,0.0005674197
2014-05-30,0.0012107709,0.0015455412,-2.0497637e-05,0.0015753512,-0.003572857,0.0013328604,0.0005008153,0.001248482,0.003898952,0.0010817967,0.006832187,0.00050610397,0.00091394305,0.0015640387,0.0007231086,-0.000626062,0.0034647656,0.0016696397,0.0017761765,0.000905857
2014-06-02,-0.00038683516,0.0008264974,0.00300462,0.0004864773,0.00057324604,0.001277419,0.0004924165,0.0,0.0033562544,-0.00019568141,-0.00049159897,0.0014944996,0.0014917383,0.0011714887,0.0013198217,-0.0018862353,0.0027079843,0.006275837,-0.0028098468,0.0013333797
2014-06-03,1.779092e-05,0.0013428368,0.00210571,0.0006875921,0.0017723794,0.0022596237,0.0032594262,-0.000791308,0.0020837863,0.0015478528,-0.00036865214,0.0011410922,-0.00011444025,-0.0006003543,0.0022349877,0.00013772503,0.0024840343,0.0012877173,-0.019861232,0.0011734735
2014-06-04,0.0012770273,0.0015356917,0.002140922,0.0012751212,0.001495446,0.0015801154,0.0023770097,0.00070646027,0.0018400303,0.0005274093,9.801313e-05,0.0011856545,0.0006822007,0.0012997052,0.00084548997,0.0017580851,0.00090090843,0.0009035812,0.0005283144,0.0008893382
2014-06-05,0.002459565,0.00068859395,0.0126979025,0.0013867458,0.0014681572,0.0004437968,0.0013843102,0.0008320525,0.0006548208,0.00085356977,0.0023824447,0.0005262468,0.0008379719,0.00085477036,0.0016543947,0.0010131026,-0.008745023,0.00018402482,0.0027442356,0.00033788048
2014-06-06,0.0037371079,0.00043922532,0.0041894047,0.0010190462,0.0005471175,0.00068465545,0.0013463191,0.001791456,0.001475499,0.0014620427,0.0052081808,0.0012394541,0.0010890118,0.0,0.0012927488,0.0027890115,0.0005463728,0.00023212022,-0.0003018977,0.0
2014-06-09,0.002547362,0.0013509532,0.002111066,0.00057166745,0.0012558401,0.00038726747,0.00021996308,0.0007297727,0.0006563399,0.00023296749,0.0017439068,0.0016218357,-0.00021542556,-0.0014485089,0.0009966957,0.0013140189,0.001427518,0.0006669179,0.0010394431,0.00029533647
2014-06-10,-0.001066771,0.0006705055,0.0049312157,0.00068019,0.0030501478,0.002741636,0.0015037898,0.0019637747,0.0047808792,0.00014120148,0.0018890025,0.0059236046,0.0018153512,0.0012794895,0.0012780596,-0.001907193,0.0010511738,0.0007585288,0.00024146195,-0.0003123577
2014-06-11,0.00037638235,0.00091248716,0.006451585,-0.00028685472,0.000658089,0.00090820086,0.0013674047,0.000610533,0.0015789717,0.0019116459,0.0016351906,0.0009004476,0.0032135425,0.002188582,0.0007042899,-0.00023807818,0.0052058385,0.0020384388,0.0025604838,0.00022127658
2014-06-12,0.0002331516,0.00060871884,0.0018485998,0.0013414599,0.0028349815,0.0010593225,0.00086154,0.0034657826,0.0005764765,-0.0005667478,0.00033874027,0.0057605426,0.0030287465,0.0012798092,0.0007197873,-0.0005412144,0.001680037,0.0012642202,0.0021475295,0.0010159246
2014-06-13,-0.00047877015,0.0011037134,0.0064340895,-7.016539e-05,0.0029067076,0.0006302711,0.00204078,0.0010531162,0.0010597127,0.0011873037,0.0018166855,0.0042937524,0.00088226434,0.004392104,0.00052756746,0.0015029345,0.0002840258,0.001956116,0.0005729818,0.0002769792
2014-06-16,-0.0036995185,0.0012222063,0.004550561,0.0003830305,0.0017401618,0.0,0.0007067427,0.0010104541,0.00035876624,-4.650734e-06,0.000116504474,0.0026988902,0.005178179,0.0029755053,0.0016343087,0.00023814033,-0.0030453412,-0.001434023,0.0050723436,-0.0013360941
2014-06-17,-0.00034766458,0.00026360768,0.0011092898,0.0003564372,0.0015651769,-0.00101195,0.0017549243,0.0028426943,0.00079877937,0.00092723384,0.00024643767,0.005298419,0.0016506203,0.0034190135,0.0021827263,0.001981311,0.00017925753,0.0014061673,0.0036851407,0.0
2014-06-18,-0.003485167,-0.00014602432,0.0008305925,0.00076812354,0.0024163711,-0.0024258166,0.00058290677,0.0013986692,0.00016890184,0.0018532432,0.0018654488,0.0021984794,0.0028189993,-0.0012456524,0.0055013327,0.004541702,0.0024127832,0.0024447965,0.00097259204,0.0012814805
2014-06-19,0.0007110827,-0.0038902324,0.0013853147,0.001506038,0.0010168473,-0.0023380884,0.001521969,0.0024075683,0.0009427476,0.0039176093,0.0007807279,0.00073711,0.0018861266,-0.0007457324,0.003478406,0.005348307,0.0021250239,0.0020848897,-0.00045801146,0.00058118656
2014-06-20,0.005309683,-0.0017141296,0.0038766966,0.000114408715,0.0032178462,0.00065373146,0.002054993,0.00475986,0.0007122045,0.0021672768,0.0013401501,-0.00049150246,0.0023970834,0.0014147848,0.0047616693,0.006089807,0.0025971553,0.0032807207,0.001088281,0.0010066535
2014-06-23,0.013376219,-0.001460232,2.9041894e-05,-0.0005056229,0.0006507691,0.00214174,0.00039621154,0.00043247285,-0.0013135883,0.0014778413,0.00075405487,0.0010051936,0.0032171786,-7.607824e-05,0.0020897794,0.0010158281,0.0034493355,0.005010514,0.0022990406,0.00027977995
2014-06-24,0.0018668483,0.0011144198,0.0024040523,0.00042394092,-0.0024469895,-0.00056411064,0.0016072727,0.0039715576,0.0032486278,0.0022678853,0.00053426344,0.0016056066,0.0013238708,-0.005562498,0.002067903,0.002676702,0.0018137575,-0.00018013325,0.005246214,-0.0011595848
2014-06-25,0.0011789285,0.0009024913,0.0014125246,0.0008353275,-0.0011900272,0.0010115585,-0.0003705347,0.0010585663,0.004288116,-0.0022666033,-0.00012650242,0.001843938,0.00151348,0.0037673854,0.00024433545,0.0016037121,0.0027623714,0.0068707373,0.0027069564,0.003048668
2014-06-26,0.00083917275,0.00039741932,0.00071440055,0.00021762181,-0.0007568735,-0.000537077,0.0021813468,-0.0005416112,0.0008906063,-0.00043280618,0.0014188235,0.004066054,0.0013344572,0.00470285,0.0015456338,0.0003011487,0.0013111999,0.0024486957,0.005020872,0.0015830281
2014-06-27,0.0015386357,-0.0007565813,0.00094413024,-0.00011646505,0.003698615,-0.00010182386,0.0011196343,0.0004335207,0.0016520901,0.0005034507,0.0010036188,0.0029276093,0.0018767982,0.0018132456,0.0020200482,0.0017099548,0.0017527095,0.0067902426,0.0019307295,0.0018388341
2014-06-30,0.00396444,0.0006077492,0.0005259846,0.0004525847,0.002976925,0.0003290608,0.0019174286,0.00078318134,0.003056141,0.000308826,0.0035333678,0.00043054094,0.0007087022,0.00025957866,0.0016699717,0.0010410369,0.0025403507,0.0024814093,0.001721261,0.00070854876
2014-07-01,0.00062403624,-0.00065039,-0.00012994121,0.0016497979,0.0040828506,0.0008823911,0.005902833,0.00010531812,0.0011676842,0.00053376897,0.0006840814,-0.0005204892,0.0009948157,0.0001624725,0.0028022795,0.0010950183,0.0048185126,0.0024291303,0.007244535,0.00024130182
2014-07-02,0.0012222196,-0.0033021513,-0.0010189576,9.766509e-06,0.0015736592,0.00029721734,0.0072185206,0.0008243892,0.0030113298,0.0013528104,0.0013075274,0.0007456286,0.0014489314,0.001566863,0.024507264,0.0017792998,0.0035706048,0.0009263547,0.0021114303,0.00045660482
2014-07-03,0.0013599121,-0.0051217787,0.0016339985,0.0006862675,0.0006226897,0.0023607698,0.009271191,0.00087272143,0.0038722323,0.0038863216,0.0012823892,0.0027088665,0.0037559632,0.0029408669,0.0045496407,0.0012933903,0.0019228263,0.0008607348,0.00496608,0.0002333791
2014-07-04,0.0021291585,-0.0023281237,0.0012984762,0.0021616651,0.0018697911,0.0020849032,0.0031050122,-0.00021338218,0.005751117,0.0010568021,-0.0011385111,0.00074380595,0.0016632304,0.0005891353,0.0038716816,0.001589429,0.0024189332,-0.0018473973,0.002989006,-0.00010248162
2014-07-07,0.0031508156,0.00046620125,0.001099807,0.0015698503,0.0033024242,0.0,0.0051157232,0.0027346686,0.0052480637,0.0027768856,-0.0023942974,0.0011698174,0.0019232252,0.0011498247,0.0031988267,0.0007134873,0.0039862357,-0.0015716082,0.0015140349,0.0047571347
2014-07-08,0.0019311924,0.002004835,0.0025883818,0.0012197173,0.0028242907,0.0007229332,0.0027457245,-5.3190633e-05,0.0066613937,0.0044130785,-0.009403496,-0.0013056864,0.0012391325,0.00064908277,0.0010680306,0.0013291393,0.00066819246,-0.00031755588,0.00021748443,0.001289284
2014-07-09,0.0019649486,0.0011433956,0.00059293245,-0.00028089102,0.0037037781,0.0018741089,0.00097350666,0.0011991854,0.002795647,0.0007245884,0.00029008088,0.00016593271,0.0,-0.0015796621,0.0011007839,0.0003875885,0.001146309,0.0016147852,0.00059578277,0.001016923
2014-07-10,0.00086197007,0.003744011,0.00036229155,0.00070174376,0.0013621986,0.0010224653,0.0025870458,0.00064731576,0.0036961464,0.0016630928,0.0038512058,0.0003314979,-0.00035289358,0.0010217037,0.0,0.0011652823,-0.0024810554,0.00086695934,0.0013826096,0.0018533085
2014-07-11,0.0012710228,0.003602804,0.0020689415,7.732217e-05,-0.00078906154,0.0025223887,0.00018406934,0.0053896005,0.0010535375,0.0015246992,0.004820227,0.0005996092,9.226077e-05,0.0,0.0008032305,0.0018822812,0.0011318667,0.00068042777,0.002499586,0.0032679092
2014-07-14,0.0021736806,0.005030811,0.0011453927,0.0012251918,0.00043099787,0.0034728542,0.002099268,0.0032660887,0.0015883527,0.0009599407,0.0023673447,-0.00088181836,-0.001197226,-0.0005803082,0.0015498316,0.00041417024,0.0010172066,0.00022782416,-0.0001795718,0.0033165542
2014-07-15,0.0021017608,0.0020913638,3.0613122e-05,0.0,-0.0005909808,0.00072545675,0.0008604688,0.0011641068,0.0005131275,0.0013711876,0.001437906,0.0022290754,0.00014773238,-0.0010435891,0.0007454838,0.0004950422,0.0013781952,0.0007832692,-0.0012487026,0.00243965
2014-07-16,0.0021252725,0.0033887678,0.00035961953,-0.00090467295,-0.006570104,0.00459528,-0.0010513595,0.0018511813,0.0019066945,0.0013723808,0.0019365284,0.002648382,0.00083660136,0.0019406773,0.0009986389,0.0029543359,0.00084037386,0.0008564797,0.0003861245,0.0010110735
2014-07-17,0.00041471474,0.0014813781,0.0011211265,0.00044446718,-0.0063955546,0.0044261483,0.0019988753,0.002489308,0.0014386855,-0.00039653154,0.0033247552,-0.0007454462,0.0009195516,0.00035047377,0.0,0.0014338947,0.0003862315,0.0007705035,0.0021047273,0.0011662239
2014-07-18,0.00067441957,0.0033414469,0.0021974156,0.000329227,0.0008409931,0.0003131367,0.0027024944,0.0013112869,-0.00032663337,0.00058277196,0.0046094796,0.00041932135,0.0013866415,0.0006075263,-0.00022803366,0.001508502,0.00074306724,0.00043857464,0.004363281,0.00068646413
2014-07-21,0.0011458398,0.001944427,0.0033990229,0.00046865063,0.0032828026,0.0006827141,0.0017368717,0.0015890411,0.0010738991,0.0012037214,0.0015787102,0.007574165,0.00052371365,0.002297943,0.0006018444,0.0022850619,-0.00083045673,0.0016505739,0.0060090963,0.0024302893
2014-07-22,0.0014782517,0.0025971925,0.0018439459,0.0010612368,0.002065584,0.0015080184,0.00063382095,0.0010286199,0.0011065515,-0.0003944961,0.0047724345,0.00508319,0.0012289477,-0.0010479022,-0.0005512141,0.0025593387,-0.0028425073,0.0024085413,0.0026561026,0.0028981513
2014-07-23,0.0023810507,0.0027635954,0.0025519924,0.00058446307,0.001562394,0.0041737906,0.0012857281,0.0015818981,0.0003609823,0.001068946,0.0021658754,0.0020304916,0.0010980243,0.0048375987,0.0015200997,0.00056067575,2.6460464e-05,0.0015673026,0.00074477924,0.012068339
2014-07-24,0.0015759621,0.001910861,0.0034298226,0.0,0.0012817186,0.0019070521,0.0022751023,0.00064132793,0.0055591296,-0.000308391,0.00029434622,0.0037911697,0.00024225294,0.004426446,0.003700695,0.0009979918,-0.0021525077,-0.00087542675,0.00024051417,0.0052608
2014-07-25,0.0015667044,0.0014344973,0.0028437155,0.0002496747,0.007106809,0.004953229,0.0014574748,0.00049251463,0.0021136056,0.00026651545,0.0002709492,0.004946877,0.00019871617,0.0022257445,0.0015778089,0.0030103445,-0.00015472711,-0.0011012317,0.0016605955,0.004038924
2014-07-28,0.00198652,0.0016591095,0.00068522897,0.0015034985,0.0,-3.3339336e-05,0.00034300768,0.0011508148,0.0032919387,0.0006966607,0.00065522146,0.0029866884,0.0005642189,0.0005379756,0.0011081899,0.00086526567,0.004372817,0.0011022675,0.0010333073,0.0011772851
2014-07-29,0.0008788494,0.0033825685,0.0009710337,0.00066788984,0.001664853,-0.0024683604,0.00065197516,0.0019502435,0.0039804815,0.0030628012,0.0015453141,0.0027753615,0.00072782324,-0.0010002755,0.0022832388,0.0013480195,0.0039780536,-0.0069740214,0.0009194532,0.00059570925
2014-07-30,0.0019381965,0.0024689585,0.0012631015,0.0020097427,0.0,-0.0021520492,0.00043087025,0.00029711306,0.008043328,0.0019334535,0.0017231575,0.0022818109,0.00022121229,0.0010966696,0.0004142801,0.0010092246,0.0024202236,0.0008807985,-0.00038773104,0.0009551331
2014-07-31,0.00046905508,0.0013362562,0.0010221485,0.0014581969,0.0011312793,-0.0028996815,0.0010873795,0.002273155,0.001012801,0.00154374,0.0019001785,0.0004227541,0.00039323352,0.0014402024,0.001770871,-0.0008578715,0.0004311787,0.0007706306,0.00067035767,0.0009907613
2014-08-01,-0.0007660069,0.0018176073,0.0040291836,0.0015344238,-7.306692e-05,0.0,0.0007487535,0.0022026892,0.00086106604,0.0012903106,0.0015700796,0.0010500283,3.1822776e-05,-0.0020571465,0.00058803987,0.0002926164,0.0020004448,0.0003850372,0.00082470645,0.0024121283
2014-08-04,0.00042180295,0.0020316548,0.0015369565,0.00090733316,-0.0014883839,-0.0011388676,2.167589e-05,0.0019797205,0.0024391746,0.001058642,0.00019774609,0.0010431077,-0.00025240163,-0.0038492754,0.0003709903,0.0009978457,0.0014762793,-0.00023716592,0.00015510125,0.0026450485
2014-08-05,0.0012084246,0.0014686829,0.0034000427,0.0018766245,-0.006103936,0.0013125241,5.5675828e-05,0.0034655372,0.0035603628,0.0017341983,0.0002355223,-9.184459e-05,0.0,0.0003117391,0.0007088103,0.0008518772,0.00265531,0.0004262281,0.0038583735,0.0014587503
2014-08-06,0.0055127307,0.00198237,0.0029737868,0.0019535255,0.00084431557,0.0016396166,0.00022382462,0.0019249782,0.0023575607,0.0014904955,0.00045880637,0.00029080824,0.0013685587,0.00072897255,-0.0005285535,0.0010440254,0.00075704925,0.0010714881,0.0023506319,-0.00034042966
2014-08-07,0.000727485,0.00040694085,0.002548234,0.0016162447,0.0039380738,0.003638933,0.0039030372,0.0017310272,0.010481707,0.00226338,0.0034672683,0.00066611654,0.00029448586,-0.00014296635,-7.92456e-05,0.00042541575,0.00074982445,0.0,0.0,-0.00036425106
2014-08-08,0.0010336158,0.0016644459,0.0014880463,0.0048645297,0.0024737034,0.008423829,0.002087099,0.0014919926,0.0044452776,0.0020591337,0.009874585,0.000226928,0.00038712955,-0.0011127453,0.0029513414,0.0015271356,0.0004303178,0.0018968225,0.014921526,8.745954e-06
2014-08-11,0.0,0.00083123357,0.00044515566,0.0031703117,9.811946e-05,0.0037541767,0.0025334805,0.00038709323,0.0008032119,0.001166228,0.00040720106,0.0018384575,0.0008422681,-0.004645019,0.0023945265,0.0008761823,-0.00056694105,0.006690327,0.011016249,0.00043983813
2014-08-12,0.0010265696,0.00043446166,-0.00015192741,0.0034037323,0.0038814703,0.0016134591,0.0015022985,0.000917377,0.0004879739,0.0032736058,-0.00023946699,0.0065772976,0.00021954087,0.0008888394,0.0018828026,-0.00035488608,0.00019763561,0.0018161918,0.011094085,-0.00017169726
2014-08-13,0.0009775618,0.00040386748,-0.003923215,0.0026646962,0.0016845464,-0.00028170814,0.0013711273,0.0025441805,-0.00029332144,0.0034684723,-0.00093840266,0.002149808,0.0006552416,0.0003129521,0.001581798,-0.0008811741,0.0017387103,0.002520228,0.0006993077,0.000952833
2014-08-14,0.0025427109,0.0,0.0002926676,0.0014521527,0.0012874433,0.0012408756,0.0022262004,0.0027814559,0.001791879,0.004236984,0.0012867509,0.003898398,0.00012684253,0.0013547598,0.0027948197,-0.0030796616,-0.000112049805,0.0013061571,0.0025002987,0.0009651563
2014-08-15,0.0,0.0011310143,0.0011418002,0.0017189757,0.00032081347,0.0009145922,0.0005328003,-0.000445406,0.0027129098,0.0027115298,-0.001167348,0.001147002,0.00092733395,0.0015839895,0.0016419364,-0.0009133274,0.0005091524,0.001114384,0.0033890214,0.009044792
2014-08-18,4.062716e-05,0.0,0.0007471106,0.0005533889,0.002811435,0.004073789,0.0006850273,-0.0003411637,0.0088598095,0.0011089216,0.0009366844,0.0056567374,0.00019557227,0.0008451569,0.0014557041,-0.0006628966,-0.00030006203,0.0016149924,0.0009140272,0.0041562165
2014-08-19,0.0010309609,0.00068214233,0.0008614814,0.00079245,0.0025047911,0.0013894534,0.0016651786,0.0014346817,0.0021972577,0.0009965897,0.0,0.0037597076,0.00017151184,0.0003525994,0.0025481943,-0.00027377796,-0.001913988,0.0011123175,0.003938979,0.0010207506
2014-08-20,0.001061526,0.0027189858,0.0014059512,0.0003636074,0.0013756482,0.004002672,0.00071868347,-0.00023072699,0.009132063,0.0025882153,0.0014777835,0.0017085691,0.00049316906,0.0010122996,0.0013771316,0.00046033616,-0.00054801954,0.00071771996,0.0029008128,-0.00013735765
2014-08-21,0.0005604245,0.00046128672,0.005428475,0.00021823883,0.0053925696,0.0016037454,0.00062055234,0.0023575646,0.0045610145,0.0006500709,0.0012365998,0.0032554562,0.0002578801,0.0016289371,0.0010703354,0.0013225211,0.00032715785,3.249432e-05,-0.00013139879,0.0010406602
2014-08-22,0.0,0.0017272976,0.00484757,0.0010148535,0.0045334874,0.002356186,0.0025351045,0.000140908,0.005376998,0.00020912822,0.0011891966,0.0001443717,0.0008437693,0.0026808612,0.0008695499,0.0018477223,-0.00042661416,0.0004156601,-0.00034425443,0.0009955113
2014-08-25,0.0009241204,0.004274898,0.007031873,0.0007079528,0.0032055585,0.0013418521,0.0022231066,0.00021789482,0.0040255687,0.0011073805,0.0034667153,-4.111598e-05,0.000982648,0.0,0.0010955,0.0024086314,0.0005967949,-9.080552e-05,0.0014079388,0.0035811563
2014-08-26,0.00058165274,0.0045873458,0.001976802,0.0014702042,0.0012588232,0.00076671754,0.0005217047,0.0026436592,0.0016216927,0.00021792101,-0.0013915972,0.0017929537,0.0006800165,0.0018751047,0.0005725404,0.0010847304,0.0035625268,0.0019627237,0.0019689647,0.0046063885
2014-08-27,0.0007801312,0.003892412,0.001158648,-6.9544403e-06,-0.00036914877,0.00013703774,0.0018182468,0.0007538195,0.0018506927,0.0015021749,0.0,0.00049553474,1.7516333e-05,0.006172744,0.0014862353,0.00052894774,0.00064157916,0.0022500756,-0.00055156514,0.0033797764
2014-08-28,0.0007916591,0.005587567,0.0025100922,0.0012011081,3.595137e-05,0.0007151519,0.0019514025,0.00042676847,0.0027065587,0.002106985,0.0010874211,0.0014551966,0.00068562006,0.001791537,0.0013397207,0.0014950052,0.0013505054,0.0036849421,0.0010509362,0.0014162263
2014-08-29,-0.0015317702,0.00070087926,0.0002551836,0.0008392626,0.0013243878,0.0013152476,0.0028454503,-0.0030041263,0.0011382813,0.0010845341,-0.0030303095,0.0016319877,7.160396e-05,0.001181021,0.0,0.00012960675,0.0005329244,0.0013503805,0.0007505898,0.0044163154
2014-09-01,0.000882368,0.0025069674,0.0014840866,0.00034556,-0.0008593576,0.0003787718,0.0023004822,-0.0046443962,0.0024916145,-0.0030279027,-0.0051114107,0.0006097413,0.001521504,0.002379779,-0.00074709614,0.00061224354,-0.0006400743,0.0014478653,0.0032186308,0.0009960348
2014-09-02,0.00060712785,0.001492809,0.0013546258,8.5064654e-05,-0.00024652792,0.00015724165,0.002506813,0.000331554,0.0042259316,0.0008844292,-0.0005118833,0.00091516954,0.0012738578,-4.039547e-05,-0.0019288646,0.00058738847,0.0,0.00095653057,0.000850623,0.004608733
2014-09-03,-0.00012245185,0.0013049723,0.0002652135,0.0004859198,0.0018139628,0.00049056,0.0011760789,-0.00036410333,0.0017072433,0.0012937378,0.00083372655,0.004081168,0.0013169296,0.0003655319,-2.2699372e-05,0.0015470767,0.0013169285,0.0014199094,0.0038232612,-0.00056734483
2014-09-04,0.0009381985,0.0018124811,0.00059264316,0.0009401008,-0.000110854184,0.00089491444,0.0004863628,0.0011681662,0.0018420132,0.0010279614,0.0018622336,0.0018655049,0.002677252,0.0,0.0013489239,0.0019788297,0.00021571669,0.0010107021,0.0009484683,0.0011458407
2014-09-05,0.0007884124,0.0026870153,-0.00023580082,0.0017289507,0.0,-0.00035046387,0.00082702533,1.6123295e-05,0.0012619678,0.0006883089,0.0011723611,0.0009122367,0.00030006026,0.00021083902,0.005718306,0.0039046467,0.0010276872,0.0007048053,0.0012234544,0.0015304514
2014-09-08,0.00050147204,0.0023198305,0.0007041969,0.0014197263,0.0004452221,-0.00010817006,0.0010500117,0.0005333547,0.0017052253,0.0013544867,0.003180398,0.0012276043,0.0013885659,0.00050174026,0.007707122,0.0034946634,0.0016560368,0.0016178264,0.0002972885,0.0019301029
2014-09-09,0.0009218236,0.0007083482,0.00094743463,0.001166921,-0.0016748495,0.0037865955,0.0030845813,0.0018165609,0.0011945086,0.0024232855,0.004064862,0.0024126414,0.0006238806,0.0014369262,0.0026670424,0.0022259273,0.003193845,0.0015510122,0.00339861,0.0
2014-09-10,0.0026746895,0.0013463662,0.00088256283,0.0012473856,0.0018175475,0.0016420971,0.002147423,0.009541885,0.0021254297,0.0043869293,0.0026816954,0.0027935887,0.0013731852,0.00267517,0.0027278159,0.0019362301,7.4815674e-05,0.0007693956,0.0026779014,0.0010784798
2014-09-11,0.0027428665,0.00069724023,0.0016820934,0.000905051,0.0071136514,0.0033872155,0.0010492457,0.009823604,0.0016173682,0.0020435893,0.0052761193,0.0010342658,0.0017083732,0.0012125095,-0.0014964447,0.0,0.0027001305,-3.4048633e-05,0.0016761589,0.00015864942
2014-09-12,0.001248756,0.0006566294,0.0018913979,0.00096264493,0.0017617219,0.0037243443,0.0,0.0059245722,0.001866032,0.0018725484,0.00073712354,0.0018760711,0.00060402456,0.00055468833,0.0009550606,0.0008040938,0.0017507832,0.0003296171,0.0063748653,0.00081798114
2014-09-15,0.0025795486,0.0019528681,0.002138568,0.0007014063,0.0033980422,0.0011902028,0.00036976213,0.0029267867,0.0015605873,0.0028251645,0.0019716404,0.0015831945,0.00084946986,0.00052749726,0.00084479153,-0.00072516646,0.0012074001,0.00047031938,0.0,0.001888804
2014-09-16,0.00087016606,0.0,0.0017527762,0.001050936,0.0052639046,0.0004578585,0.0009697516,0.002247739,0.00095624954,-0.00034451962,0.0009378094,0.0032171416,0.00155146,0.0014650077,0.00252828,0.00041279852,0.0013414882,0.0007198692,0.001293759,0.00033815988
2014-09-17,0.001291794,-0.0010106979,0.0017503102,0.0015612346,0.0028176159,-0.0013202634,-0.00043974313,0.0030780905,0.00034500976,-0.0006411278,-0.00020437973,0.0037647644,0.0010175053,0.001819814,0.0018370087,0.0016612228,0.0013977686,0.0017902879,0.0058258837,0.00023076651
2014-09-18,0.0015072989,-0.0011861305,0.0031765492,0.0010169309,0.005584004,-0.0039507467,0.00041612436,0.00062734244,0.0020244853,0.00027754318,0.0014105821,0.0019738434,0.0006897551,0.0013736751,0.0018178537,0.0013910623,0.0027596473,0.00066695263,0.0026477166,0.000456835
2014-09-19,0.00059092627,0.0,0.0030099126,0.001349651,0.0008720889,-0.0042057564,0.0004950153,0.0017386168,0.0018765717,0.00060605624,0.0013322425,0.0014866678,0.0010465097,0.0028759916,0.0022162811,0.00093643094,0.0005007003,0.0011650688,0.0068056476,0.001846389
2014-09-22,0.0,0.00028270853,-0.0001427096,0.0022241375,0.00582358,-0.0016819651,-0.00074358593,0.0015454701,-0.00072538544,-0.0003303749,0.0007056014,0.0017330725,0.017304704,0.0010967649,0.00034713745,0.0012814464,0.0026461408,-0.0012614282,0.002105209,0.0017540182
2014-09-23,0.00043074816,0.0006640678,0.00026262744,0.0024473828,0.0012441186,0.0008618713,0.00057496014,0.00036386293,0.005642102,0.00048129365,0.0013063718,0.0043946244,0.018866519,0.0044057537,-0.004248509,0.0,0.0018718698,0.0003203433,0.001320942,0.0031496633
2014-09-24,0.0,0.0006181008,0.0014817675,0.0020809926,6.575971e-05,0.00050957524,0.00051332376,0.00046479504,0.00019999669,0.0016299572,0.0013858485,0.003405191,0.000887535,0.0021865524,-0.001904699,0.0008518181,0.006773905,-0.0030355698,0.00031352206,0.0013857738
2014-09-25,-0.0034792412,0.0004482898,0.00103459,0.0016906877,0.005773836,0.0,0.0022638943,0.0018987661,0.00059095403,0.0017286517,0.0020869751,0.0012485025,-0.0006623871,0.0021996251,-0.0029424948,0.0012340774,0.0015958778,0.0016623694,0.0005002854,0.00073146576
2014-09-26,-0.00027258394,0.0016997969,0.0014518582,0.006427221,0.0025603252,0.0011655306,0.0019468395,0.005763672,-0.012167491,0.0009998055,0.00066614035,0.0015420043,0.00019003707,0.0016601294,2.6795964e-05,0.0013937547,0.00050127675,0.0017574424,0.00039842413,0.0011454981
2014-09-29,0.0015268378,0.0018316898,0.001811607,0.0026965626,0.00076642446,0.0004982414,0.0014331214,0.010918922,0.0012902942,0.0022292035,0.002607471,0.0,0.0,0.0038536857,0.0068030427,0.0007828841,0.00080147537,0.0038785064,0.001294357,0.00023855559
2014-09-30,0.00031333967,0.0013399032,0.0012512684,0.0006767833,-0.00016868318,0.002056757,0.0003988801,0.0020173057,0.00052329875,0.0020578147,0.0007546635,-0.0007430316,0.0036614346,0.00047988424,0.0017888744,0.0020959207,0.00028204347,0.0050578886,0.0017157577,0.0016150223
2014-10-01,0.0005754464,0.0019816046,0.010706017,0.0029224383,0.0010627453,0.00037392328,-0.000929994,0.0012731194,0.0003731161,0.0050049527,0.0021825596,-0.00024193521,-0.00058233127,0.00031294426,0.005842776,0.002349637,0.0007811432,0.0072951866,0.0043717856,0.00067672913
2014-10-02,0.0003392876,0.0014790691,0.00092453975,0.0022745226,0.003020374,-0.0011507529,0.00057385914,0.0031451762,0.0010848275,0.0034612273,0.002603217,0.0032999623,0.0016553823,0.005704374,0.0075640525,0.0008183442,0.0025140175,0.0019770768,0.0028730154,0.00034706897
2014-10-03,0.0004011544,0.0018837933,0.003494809,0.001420273,-0.0009372492,-0.0035771555,-0.0021036316,0.0032121975,-0.0023159797,0.0027474223,0.0027964916,0.0010297538,0.0010392896,0.004929772,0.0033799266,0.0023029996,0.0004672561,0.0015366946,0.0025857654,0.0
2014-10-06,-5.109496e-05,0.0018489037,0.0028061226,0.0024176233,0.0014395491,0.0014927143,0.0005012533,0.00032972926,0.00438759,0.0009758288,0.0035492566,0.0021073571,0.0038782977,0.004596893,0.0003165269,0.0010132645,-0.0006241398,0.0013542355,0.0011433273,0.003963039
2014-10-07,-0.0006287295,0.0037710944,0.001995462,0.0018323476,3.965865e-05,0.002576361,0.0019104921,0.0016678142,0.001358792,0.0017616238,0.0024548515,0.0006157499,0.0018756412,0.00078199373,0.00039801357,0.0014158087,0.0010722028,0.0024094987,0.0010365332,0.0062284097
2014-10-08,0.0009857374,0.00069402985,0.0029805712,0.0019203883,4.4990626e-05,0.0011776194,0.001616954,0.0018798065,0.021537628,0.0034620368,0.0012382658,0.003765945,0.0,0.00037855998,0.0012387609,0.00044186157,0.0013299644,0.0014962844,0.00062253233,0.003074578
2014-10-09,0.00033658365,0.002013417,0.009668752,0.0010830088,0.0007465654,0.002540803,0.0021675394,0.0004344335,0.00034512344,0.0055342936,0.002436825,0.0006888572,-0.0016918615,-0.00022144691,5.0062545e-06,0.0017699592,-0.0018990646,0.0019241926,0.0026999712,0.0019691752
2014-10-10,0.00091233273,0.0011787716,0.008239251,0.0,0.0031386851,0.0028256467,0.0028789553,0.0020597389,0.0013645677,0.0025316605,0.0037735994,0.0028261102,0.0,0.00018765891,0.00315109,0.000686332,0.0012320313,2.0988427e-06,0.0007325226,0.0049824067
2014-10-13,0.0024266038,0.0013284198,0.003495187,0.0005983116,0.0019397036,0.00065781595,0.0011814116,0.002197331,-0.0006073233,0.002542858,0.0030467806,0.0005126613,0.0014883005,0.00077634346,0.0024192936,-2.59322e-05,0.0,0.00066969,0.003393987,0.0050751143
2014-10-14,0.0013993477,-0.00023640806,0.0020213504,0.0021388612,0.00378015,0.0008345535,0.0025348254,0.0014190314,0.0015431682,0.00026447626,0.00537145,0.0009466399,0.007245059,-0.00044340637,0.003680555,0.00027326285,-0.0017070948,0.0022787224,0.0020910501,0.0048673083
2014-10-15,0.0028202783,0.0016979147,0.0014977789,0.002402918,0.00031952022,0.0009832545,0.0011791025,-0.0011601187,-0.0011413452,0.0012704583,0.0032762194,0.0009565359,0.0050793453,0.00043572,0.0018113126,0.0012353981,-0.0017799664,0.0057321093,0.0010025973,0.0019762344
2014-10-16,0.0050140605,0.0011559919,0.00041753362,0.0014216634,-0.00043458617,-0.0001117509,0.000889564,0.00085799524,-0.00026445306,0.0049172533,0.0026977747,0.000677607,0.0056150807,0.0013142,0.002543699,0.0016124401,-0.0033624733,0.0056490693,0.0054717516,0.0010831573
2014-10-17,0.0018621803,0.0004478645,0.0008746477,0.0019658727,-0.00020433126,0.00033174478,0.002423393,-0.0004980595,0.0,0.00094173226,0.0029105006,0.0,0.0063139447,0.002720424,0.00034512425,0.0016052132,-0.0022293504,0.001104123,0.0015778053,0.0016435253
2014-10-20,0.00154314,-0.00032892622,0.00010295276,0.002550568,0.0014457963,0.0002856788,0.0009852183,-0.00013287365,0.00051830354,0.0025322584,0.0031436381,0.0013673466,0.0046138866,0.0039692232,0.00023654895,0.000494362,0.00029513318,0.0024231425,0.0006871216,0.0016700567
2014-10-21,0.0016262296,0.0021632258,0.0019016648,0.0012183923,0.0008517582,-0.00017437382,0.0027353715,-0.003693081,0.0006863017,0.0013531046,0.0008565062,0.0039016209,0.003719072,0.0019078183,1.5728354e-05,0.00065228733,-0.00011097962,-0.0025834586,0.0014446996,0.0012331593
2014-10-22,0.0012531084,0.0010727015,0.00086659886,0.001983678,0.0009777624,-0.00039556882,0.0025401986,-0.00042366236,0.0005655583,-0.0003478512,0.0026840437,0.00039303166,0.0034606478,0.0015249976,0.0010829597,0.0017284862,-0.00037148374,-0.00040799138,0.002666871,0.0020485907
2014-10-23,0.0017517797,0.0017623741,0.0019382715,-9.9018864e-05,0.002980199,0.0022848845,-4.5898036e-05,0.0012366099,-0.00086976564,0.0016760702,0.0024059692,0.0013564648,0.00045775925,8.5076346e-07,0.002963867,0.0007910529,-0.0039669634,-0.00025346043,0.0018835281,0.0012230704
2014-10-24,0.003997323,0.0012199075,0.002643366,8.313809e-05,0.00035983216,0.00091757276,0.0057455054,0.0029246202,0.004942411,0.0021843778,0.00041016715,0.0006878043,-0.0060690623,0.00055252016,0.002419618,0.0009283055,-0.0003708353,0.002008808,0.0003073304,0.0013053835
2014-10-27,0.002345502,0.0011300319,0.0016893656,0.0011391992,0.002393561,0.0009105952,0.002129626,0.0017367423,0.0019356756,0.00074385066,0.005805193,0.0010713736,0.00053140696,0.0,-0.00021793434,0.001546032,-0.014084674,0.0014104922,3.122149e-05,0.00059715385
2014-10-28,0.0032094473,0.0018621188,0.0018437785,0.0013824796,0.0013843714,0.0026504733,0.0023931938,0.005146608,0.00140036,3.277896e-05,0.002144566,0.0026549208,0.0005050765,0.0004879384,0.0007114233,0.0011429901,-0.0009071053,0.0014303748,0.0003399362,0.0004750106
2014-10-29,0.0018857827,0.0015270717,0.0029853191,0.0004487378,0.0019250417,0.0023829248,0.0016535511,0.0038703647,0.0009915038,0.0009754792,0.0006667196,0.0010472275,0.0,0.0015369073,0.0002803732,0.0013474888,0.00087724667,0.007321608,-0.00070040976,0.0015088166
2014-10-30,0.00039202863,0.0018732091,0.0020491404,0.0013207236,0.0024133231,0.00048320423,0.0023007626,0.0032953147,0.00043664724,-0.0008135746,1.5986656e-05,0.0032906134,-0.0012459379,0.001709127,0.0015118339,0.0016405773,0.0020592136,0.0018336407,0.00046797175,0.00012637912
2014-10-31,0.00071090413,0.0033261343,0.0017115481,0.0015100605,0.003917021,0.0027633784,2.9572406e-05,0.0010164583,0.0019878857,0.0002604897,0.0010701693,0.00063113373,-0.00011859019,0.001661249,0.0005003451,0.0009832045,0.0035606339,0.0017448413,-0.00094560714,-0.00085388933
2014-11-03,0.0007983201,0.00092857203,0.0015684476,0.0019515139,0.00062277314,0.0029391176,0.0,0.000728337,-0.001678958,-0.00015382483,0.0008776525,0.001956609,-0.00023391355,0.0013158392,0.00016714113,0.00086831907,0.0018761079,-0.0028914914,0.002162631,0.001584425
2014-11-04,0.0009179937,0.0008566556,0.00045715604,0.0012607116,0.001380715,0.001809197,0.0021986775,0.00424823,4.252765e-05,0.0001905096,0.00015171993,0.00088936224,-0.0020596918,0.00088124,0.0001679671,0.002234064,0.0020604136,0.0021082147,0.00037328625,0.0012924118
2014-11-05,0.0018676245,0.0007243817,0.0026554903,0.0028812685,0.0013992853,0.0013872662,0.0025164532,0.0020536303,-0.0011388815,0.0006859111,0.0010937392,0.0019294844,-0.0005174267,0.0037285204,0.0012482593,0.00036045365,0.0024217835,0.0018731715,0.00017310183,0.0010075296
2014-11-06,0.0015834534,7.4008385e-05,0.0010242534,0.0045842594,-0.0014025902,0.0004998198,0.004864798,0.00058504054,0.0,0.0016076625,0.00086717354,0.0013744575,0.0,0.00380814,0.00195338,1.3001242e-05,0.0005335741,0.00088619016,-0.0005412241,0.003080122
2014-11-07,0.0008486387,0.00068644126,-8.5046595e-06,0.0012938562,0.0016590531,0.0021290386,0.008538053,0.0021129893,0.0010881317,0.0011700824,0.0021984207,0.0038861574,0.002142675,0.0011490127,0.00038329244,0.00070690684,0.00046261938,-0.0015159162,0.00039306888,0.00068257825
2014-11-10,0.0011807889,0.0009376147,0.0,0.0019567641,0.0006474656,-0.000219197,0.004531763,0.0003266408,0.0028902462,0.0008357776,0.0017585991,0.0052244556,0.0011851769,0.001242064,0.00040972192,0.0011400854,0.00051214686,-0.00034663553,0.00040067759,0.00052923395
2014-11-11,0.0004041779,0.0005673779,0.0011747319,0.0,0.0016744189,0.0006346574,0.0028466566,0.005393684,0.0065426794,-0.0012244013,0.004647046,0.0002991604,0.0027548186,0.00587104,0.0008486333,0.0004861407,0.0,0.00018041044,0.00040637003,0.0008496508
2014-11-12,0.0003264827,0.0005822375,0.0014726227,0.0013239334,0.0045446213,0.0012800191,0.0013055955,0.0028382204,0.003276342,-0.0014376158,0.0033001893,-0.0007245529,0.0010082688,0.0031307898,0.0030005684,0.0011227606,-0.0029446783,0.0014647258,0.00087109936,0.001136892
2014-11-13,0.00028434768,0.0011488169,0.0012945127,0.0019158537,0.0049429056,0.00039027122,0.00037872282,0.0009085683,0.005579704,0.009396249,0.0025244185,0.0024086665,-0.0027988309,0.003972961,0.001333224,0.0011642386,0.00042900172,0.00180826,0.00204678,0.0030718774
2014-11-14,0.0011782047,0.001429452,0.0020551474,0.0011917896,0.006807181,0.0013044188,0.001067298,0.002514732,0.0020918453,0.0016142095,0.0028201581,0.00059904,0.0011144769,0.0020628395,0.005719637,-0.00041445333,0.0027554755,0.001667696,-0.00032493015,0.0048203827
2014-11-17,0.0016171191,0.0006795144,0.0021963296,0.0023331735,0.005655175,0.0013875507,0.0013577223,0.001693988,0.0038829544,0.0033287704,0.0013261237,0.0016069071,-0.0004934913,0.0017883097,0.0017914549,0.0,-0.0023524875,0.002548795,0.001253006,0.0018370543
2014-11-18,0.0015881368,0.0009787717,0.0011771144,0.0012981726,0.0032044852,0.0019701736,0.0006525019,0.002195531,0.0013113013,0.00026842483,0.0015947083,0.0015468058,-0.0009070588,0.0012454989,0.0049351268,0.00014527285,-0.00025937025,0.00018632227,-7.895032e-05,0.002810939
2014-11-19,0.0008524677,0.00080121955,0.0020850468,-0.0007207685,0.001981801,0.0011244335,0.0011607788,0.00055738364,0.0010823291,0.00037371975,0.0014589777,0.0012442482,0.0044967234,0.0017674046,0.0015008835,0.00069171755,-0.00083941023,0.00060770905,-0.002345883,0.0019712644
2014-11-20,0.0012092978,0.0011778837,0.0026691246,0.0004142677,0.0014263571,0.0011170215,0.002504826,0.001488553,0.0010933692,0.002720048,0.00047379453,0.0012796713,0.001085148,0.0009990815,0.00090306066,0.0005933369,0.0007430672,-0.0039003303,-0.0022629674,1.1494608e-05
2014-11-21,0.0028637608,0.00021487981,0.0027833332,0.00088479,0.00021716247,8.1606486e-05,0.0006846142,0.0014227615,0.0021572062,-0.0009072606,0.0013790978,-7.0621194e-05,0.013303273,0.0011440917,0.0013080948,0.0012750019,0.0018416735,-0.007858794,-0.0006813196,0.0026724145
2014-11-24,0.0014493815,0.00059250015,0.0015597974,-0.0025799263,0.0030741703,-0.0010505497,0.0012215046,0.0027427124,0.007329887,-0.00037358873,0.00082308816,0.0008567273,0.017511785,0.0014265837,0.0010591379,0.0017693656,0.0018632764,-0.0015329,0.0,0.0008873399
2014-11-25,0.00069606607,0.00086799235,0.0016540572,-0.0019305927,0.002722436,0.0012841062,0.002043289,0.0034735121,0.0021792515,0.00065278297,-2.8731507e-05,0.0013397979,0.018770231,0.0013393334,0.00049754506,0.0010281366,0.0031381566,0.0006307205,-0.0013816267,0.001917104
2014-11-26,0.0011304078,0.0005030033,0.0012900119,0.0015688523,0.0022815154,0.0,-0.0005556911,0.0008511122,0.0076026847,0.00034504666,0.0011020247,0.0011200284,-0.0011127826,0.0027152,0.001659263,0.0018006571,0.0011875303,-0.00020658941,0.0033109605,0.0017374617
2014-11-27,0.0008086334,0.0012740731,0.0009274377,0.0,0.0038135434,-0.0010040475,0.0011408712,0.0010693042,0.0027848121,-0.004001246,-0.000104924904,-0.00089573424,0.0002871406,0.0025444082,0.002884731,0.001088332,0.0022568076,0.00039034075,0.0027617847,0.0027672756
2014-11-28,-9.27405e-05,0.003574344,0.0018847281,0.0016736176,0.0021940165,-0.00022438088,0.0010170889,0.0019448834,0.0020563842,-0.0010077253,-0.00020170222,-0.00062830193,0.0014850113,0.0019043408,0.0034652837,0.0012132416,0.00045075352,0.0021951413,0.0026115123,0.0015792575
2014-12-01,0.00021167255,0.002484596,0.0006216957,0.0022763917,0.00025799443,-0.00029868918,0.0013850651,0.0015868243,0.0,0.00020601696,-1.4916422e-05,0.00020330343,0.0003328456,0.00022312455,0.0005810249,0.000542168,0.0011104295,0.0025967737,0.0021356733,0.0022900226
2014-12-02,2.4848312e-05,0.0015524564,0.0012480281,0.0022375856,0.0075636283,0.0,0.0016653456,0.0011118366,-0.00015854483,0.0019732525,0.00083833345,-0.00018070359,0.001007788,0.00013462633,0.001335123,0.00033701828,0.0010090298,0.0018426604,0.0030381358,0.0027603938
2014-12-03,0.00028642916,0.001299769,0.0008436561,0.0012607531,0.00093540887,-9.003692e-05,0.0008845979,0.000678984,0.00091194245,0.0016032677,0.0016007569,0.0018165614,-0.0025748299,0.0007683293,0.002039061,0.0008787351,0.0010690443,0.00256962,0.0014040585,0.008229724
2014-12-04,0.0010731621,0.0013082138,0.0011456318,0.0,0.0,5.1501036e-05,0.0002717471,-2.1017295e-06,-0.0008855613,0.0025449488,0.0027075761,0.0033949008,-0.0039608637,0.0014950117,6.472871e-06,0.0009941602,0.00095408753,0.0022614794,0.0025556656,0.0036865254
2014-12-05,0.0010961025,0.00012892896,0.000853518,-0.0009234895,0.0019535418,0.0014196321,0.0,0.0002417557,0.0,0.0015383082,0.0013558932,0.0059247194,0.0005711319,0.000313681,0.0018769708,0.00072015094,8.863916e-05,0.004053392,0.0029922556,0.002981722
2014-12-08,0.0016274832,0.0007514326,0.001621916,0.0010656699,0.004983977,-0.00056602206,0.0011540148,0.0,0.0026219462,-0.0013771926,0.0,0.0047678617,-0.00023639009,0.0013002048,0.0007499717,0.0014653574,0.00010145783,0.0038419394,0.004574756,0.0018277795
2014-12-09,0.00083132496,0.00052539853,0.0012962432,0.0003962539,0.0029232309,0.0025471535,0.00055574655,0.0007595501,0.00021456747,-0.0029876654,-0.00015918667,0.003474282,0.00250916,0.0018676405,0.0,0.00090631656,0.00036677276,0.0013663546,0.0016059764,0.00559122
2014-12-10,0.0008437708,0.00016843973,0.00014243186,6.84627e-07,0.0018371538,0.0021766266,0.00042181488,0.0031257442,1.921225e-05,-0.00057419157,-0.0023772945,-0.00015479868,0.0001082869,0.0015444517,0.0010161488,0.0018868323,0.0014998894,0.0023020734,0.0018680205,0.0017097929
2014-12-11,-9.314993e-06,0.0002930712,0.0015108933,0.0007613639,0.0023916957,0.0047622942,0.0008835667,0.0030795583,0.00089670403,-0.00095880736,0.0034517492,0.00095299864,0.0002129531,0.0010804852,0.0013727138,0.0021841594,0.004575052,0.0017969463,0.0016603072,0.0041339425
2014-12-12,0.0015517494,0.00053471763,0.001115275,0.0007849613,0.0011666885,0.00084527384,0.0012264429,0.0021686985,0.0012319275,-0.0003953577,-0.00057410286,0.0014116209,-0.00072420505,0.0014126019,0.00053073274,0.0010921271,0.0010661744,0.0015520907,-9.924605e-05,0.002055937
2014-12-15,0.0014124108,0.0010035444,0.0018382374,0.0021974351,0.0008092421,0.0020557877,0.0013732879,0.0024881938,0.002486405,0.0,0.0012885099,0.00044968576,0.0005568735,0.0006879984,0.0008246425,0.0014453195,0.0027805374,0.0019381033,-0.0006079303,0.0010226371
2014-12-16,0.0003289468,0.0017653316,0.0010841106,0.0017047947,0.00090407557,0.0009979234,0.0010947481,0.0019801562,0.0014101155,-0.021480914,0.0043843975,0.0013252816,-0.00067606696,0.00044608544,0.0016544026,0.0010127784,0.002870279,0.0005404509,0.0014527506,0.0014387432
2014-12-17,0.00071074424,0.0014752945,0.0010081503,0.0013329494,0.00033158567,0.0007440682,0.0011253702,0.0009972363,0.0038639987,-0.005740032,0.0013976756,0.0020547903,-0.0020090146,0.0034656166,0.0008026357,0.0018153373,0.0034712562,0.0016165858,0.00058655086,0.003903371
2014-12-18,0.0,0.0011755979,0.0017938184,0.0004980302,0.0034576387,0.0018662863,0.0006674308,0.0028660558,0.00060417823,-0.009392804,-0.00017997948,0.0017302532,-0.00013324199,0.0014866398,-0.0005153738,0.00058056833,0.0021593778,0.0019998048,0.0006418577,0.0018202759
2014-12-19,0.0021746713,0.0053939736,0.00032081644,0.0013175004,0.0007234696,0.0035563798,0.0030100585,0.0011487424,-0.0012535477,0.0012855004,0.00075963774,0.00016522604,0.0010049156,-8.441857e-05,0.0070301485,0.0008581543,0.001553647,0.0016072999,0.0013324543,0.002955764
2014-12-22,0.0023343049,0.0025022905,0.00016479012,0.0018787604,0.0015081989,0.0006884032,0.00077908824,0.00014932509,0.0013120885,0.0010364433,0.0006406984,0.0011787901,0.000662936,-0.0035958074,0.0022780611,-0.000117068776,0.0016032973,0.0016491985,0.0016836234,0.0007270141
2014-12-23,0.005408548,0.0013795136,0.00016713732,0.0030782728,0.0012934853,0.0010985305,0.0024278762,0.00033067324,0.002808329,0.0009099071,0.001233938,0.0007584431,0.0013344968,0.00022759406,0.0015876952,0.0004146098,0.0018889029,0.0006104596,0.002165311,0.0007295575
2014-12-24,0.0019181491,0.0015888914,-0.00074300694,0.00020346549,0.0022378427,0.00058816624,0.0029766331,0.0033609078,0.004536583,0.00026096244,0.00023780599,0.0018397332,-0.00020792228,0.003536972,0.004544353,0.0013448619,0.0017560575,0.0012285189,0.002693068,0.0003734
2014-12-25,0.00050963165,0.0026065402,0.00061889144,0.0009190054,0.0011383913,0.0018534834,-0.0025878442,0.0018411643,0.0014017666,-0.007440313,0.0015807718,0.00072671805,0.0013496259,0.0025270819,0.005914258,0.0008573706,0.0038883064,0.00074839086,0.0030934229,-0.0018743015
2014-12-26,0.0008032895,0.002406374,0.0012619137,0.00044539652,0.00068566157,0.00036943142,-0.00295963,0.00068454887,0.0005513032,-0.0005298499,0.000756838,0.0018660385,0.0003766847,0.0019545488,0.0023628906,0.0008909477,0.0017298883,0.00014526922,0.010224121,0.0
2014-12-29,0.0003359269,0.00034469372,0.0006364026,0.0017815176,0.0011098515,0.0019678904,-0.00094264705,0.0,-0.00024429284,0.0029835925,-0.00066147605,0.00095062307,0.00022114528,0.0,0.0036595836,0.0013803453,0.0014548046,0.0006776281,0.0024816066,0.001992209
2014-12-30,0.0009532969,0.0011791104,0.001011581,0.0015328141,0.0013164805,0.0016927355,0.00020374077,0.0019729137,-0.001312406,0.0012619558,0.0010008917,0.0031446468,0.00131365,0.0010085402,0.0013397972,0.0009027412,0.005599081,-0.0002034986,0.003452501,0.0014049895
2014-12-31,0.0040347283,0.0011526048,0.00025701008,0.0019249072,0.0005781867,0.00032116755,-0.0016446158,0.009448043,0.0013420803,0.0021535214,-0.0004923832,0.000970632,0.0010416536,0.001457871,0.0,0.0017162676,0.0029093057,-0.00077826955,0.0019792016,0.0020647533
2015-01-01,0.0024166184,-0.00076994085,0.00020521354,0.00086656417,0.000508851,0.004913721,0.00067118346,0.00930109,0.0049603153,0.004877289,0.001509903,0.0009686871,0.0033341018,0.0020896292,0.0047662486,0.00088217884,0.0018433799,0.0019728623,0.0019477896,0.0015991773
2015-01-02,0.0054791914,-0.0007507962,0.00048525253,-0.0002871701,0.0010864178,0.0029875627,0.0039101937,0.0048773084,0.0006116928,0.0016892182,0.0015528165,-0.006365036,0.0020064616,0.001483157,0.0043456824,0.0013009333,0.0014412057,0.0009055834,0.001380365,0.000252441
2015-01-05,0.003676541,0.00093358586,-0.00016949572,0.0018813285,0.0004441686,0.006853786,0.0036326435,0.0016977693,0.0,0.0012924953,0.0050127893,0.00056384265,0.0037434828,0.00036644746,0.00030332894,0.0035783036,0.00066488254,0.0016979144,0.0020961636,0.000532681
2015-01-06,0.0,0.002278071,-0.00045195158,0.0017476035,0.0009698019,0.0036910004,0.005128534,0.0007988785,0.0017122068,-0.00022030485,0.0040248027,0.0020313421,0.0011004006,0.0009954034,0.001170053,0.0011301902,0.0012454435,0.0014303256,0.0015332579,0.0013188816
2015-01-07,0.0008589899,0.002828892,0.0005782933,0.0030314198,0.001431374,0.0016751345,0.0004854461,0.0,0.00032942812,0.00043713255,0.0031492033,0.0012345219,0.0022265157,0.0052341963,0.0039119124,0.0018706726,0.0026365086,0.0017505279,0.0027001917,0.00033416043
2015-01-08,0.0045499466,0.0019625032,0.0016340659,0.0049688756,0.00051345513,0.0002326874,0.0012775017,1.5973295e-05,0.00048790785,0.001305021,0.0017586021,0.0022925208,0.0021700142,0.0010702979,0.0032156233,0.0021958104,0.001999808,0.0010232119,0.0015081299,0.001251356
2015-01-09,0.007817329,0.009703745,0.0008327087,0.0019625495,0.00034489107,0.0016534785,0.003214005,0.00084417965,0.00040280097,0.0010253893,-0.002914894,0.0020582539,0.0012003916,0.0014354177,0.00029550333,0.0012245593,0.001947239,0.0016338959,0.0,0.002361989
2015-01-12,0.0031680677,0.0015781767,0.00088296604,0.0015008014,-4.242053e-05,0.003704026,0.0040186825,0.0009777872,0.005740344,0.0013735981,0.00084775727,0.0010423106,0.0012977954,0.004031348,0.00058079837,0.0006847894,0.0018749646,0.0009476851,-0.0005506374,0.0027658509
2015-01-13,0.0012266091,0.0018865668,-6.9228096e-05,0.0008334662,-0.0003660168,0.00096321973,0.0023962164,-0.0008121735,0.0019493378,0.0026746339,0.00038711674,0.0,0.0016109826,0.0015325428,0.0007286864,0.0011590645,0.0012722319,0.0008694153,0.0012934513,0.0017855642
2015-01-14,-0.0005212747,0.0011304772,0.00032872596,0.0007085961,-0.0017935782,0.00027245574,0.0030683533,0.00018621612,0.0038737368,0.005915907,0.0015578285,-0.0005573556,0.0013240072,0.0031851982,0.0007391475,0.0014022462,0.0017447044,0.0011895898,0.0033863515,0.0009634903
2015-01-15,0.00047675814,0.004497228,0.0,0.0015909222,0.0012417071,0.0,0.0008491981,0.0029773775,0.0022632915,0.00068615616,0.0018300308,0.0007464986,0.0005447238,0.0023775604,0.00033225404,0.002073998,0.0015506207,0.0,0.0025104939,0.00016065963
2015-01-16,0.0009735477,0.0017788332,-2.1736285e-05,0.004716955,0.0006983985,0.0,0.00025971732,0.0016955958,0.0037003236,0.0040425793,0.0019605716,0.000351723,0.0018873903,0.00014947564,0.0005212856,0.0010123748,0.0011507672,0.0010147268,0.003872014,0.00028711872
2015-01-19,0.000112904876,0.00043750982,0.00053344533,0.0,0.0005894354,0.00047054118,0.0008026099,0.0045413366,0.0015006738,0.001819037,0.0026797822,0.0019040675,0.0012854635,-1.2883029e-05,0.001675002,0.00065975095,0.00042213907,0.002056805,0.0015162724,0.0025792795
2015-01-20,0.0011489214,0.00027906202,0.0010405119,0.00054473215,0.0011178987,0.00023641021,0.002899123,0.0027015372,0.0013255246,0.0019568433,0.0009681973,0.0017240989,0.0017687001,0.00032859767,0.0010404893,0.0008980725,0.0007819515,0.00068611,0.00025621257,0.00037991107
2015-01-21,0.002533837,0.0014340376,-0.00031760888,0.004152804,0.0004715643,0.0031606618,0.0030715906,0.0038044835,0.00090268964,-0.000663731,0.0015639843,0.0017160455,0.0,0.00047025998,-0.0017081163,0.00074677664,0.0008795558,0.002310994,0.0016166192,0.0010184328
2015-01-22,0.004196589,0.00059992564,0.0011801302,0.0021267524,0.00019441253,0.003001236,0.0043583605,0.005773142,0.0012210285,0.0027496961,0.001487449,0.003904752,0.0010702998,-0.0024933317,0.00016201026,0.00031348964,0.00011073573,0.001398377,0.001578156,0.0015283563
2015-01-23,0.0027736048,0.0012341607,0.0007464056,0.0026106173,0.0008626345,0.001192182,0.0025456904,0.002234517,0.0005262891,0.002592527,0.001753748,0.0018703556,0.0008633873,-0.00015179532,0.0006663333,0.0010689577,0.00047235648,0.0009769659,0.0006412917,0.0013475277
2015-01-26,0.001299766,0.0011943432,0.0030605812,0.004322972,0.00038317998,0.0024137357,0.00070742134,0.0038676108,0.00071720185,0.001288362,0.00055872713,0.0014569327,2.7872015e-06,0.0010256367,0.0002475565,0.00085575477,0.0006752152,0.0022905117,0.0014419182,0.00066539773
2015-01-27,0.00088649703,0.0,0.004612817,0.0026735256,0.000884719,0.0019136011,0.0020549705,0.0018388074,0.00087722734,0.0039051045,0.0011381318,0.0020999014,0.00020943618,-8.760302e-05,7.004458e-05,0.0008480643,0.00031329066,0.0018165978,0.0018396623,0.0014271968
2015-01-28,0.00028289808,-0.0028175307,0.007059559,0.0033104864,0.0011820096,0.0019737317,0.0024954353,0.00017543769,0.0011726925,0.0032336065,0.0015476481,0.0012530271,6.93023e-05,0.00017697415,-0.0006543166,0.0007840684,0.00031861558,0.0015046367,0.000960311,0.00017994706
2015-01-29,0.0023636713,0.00077628286,0.00859865,0.0005889459,0.002085739,0.0011944952,0.00232943,0.0016323399,6.227839e-05,0.0046206256,0.0009668463,0.0028916614,0.0013860731,0.0,-0.00019914442,0.0012253785,0.0005708162,0.0,0.0010406781,0.0
2015-01-30,0.00016016343,0.00021396652,0.003964767,0.0032181148,0.0011600391,0.0014546098,0.0051848,0.0017117972,0.0011395061,0.001215694,0.00036188713,0.0036511354,0.0011090006,0.0010322323,-0.00074902055,0.0011900332,0.00024357969,0.002477656,0.0012629429,0.0006820221
2015-02-02,0.0008764712,0.0009059399,0.0028649333,0.00096801965,0.0021627778,0.0029822208,0.0055570784,-0.00019500908,0.00032602597,0.0012782266,0.0026004338,0.0014002355,0.0015013233,0.0010654872,0.0017461105,0.0011808067,0.0006653311,0.0016966519,0.002059215,0.0005040098
2015-02-03,0.002827211,0.0014518361,0.0059841657,-0.0021719697,0.001204082,0.002555014,0.0010992817,0.00039927656,-0.0034086267,0.0004664939,0.0017215799,0.0077245007,0.0013315057,0.0024159185,0.00081257557,0.0009649608,-0.00013070978,0.0009480833,0.0031706125,0.0016225224
2015-02-04,0.002481566,0.004312671,0.0038604252,-0.0008871455,0.0018321953,0.0038967985,0.007043999,0.008608384,-0.0010004131,0.0018934746,0.0009334286,0.0020702376,0.00024886732,0.0016634141,0.0010900188,0.0013284343,0.0,0.0026734488,0.003084962,0.0003681794
2015-02-05,0.0036923778,0.0012771531,0.0041114218,-0.0003897987,0.0012265578,0.0014893556,0.0035542087,0.00045239239,0.0023425375,0.001329758,0.001206615,0.0024547575,-0.0010632452,0.0015050281,0.0007031943,0.0017807324,-0.00077787123,0.0048349323,0.0012320438,-3.3882367e-05
2015-02-06,0.012901741,0.0019400156,0.006873938,0.00081188534,0.00045676803,0.0011383975,0.0018072284,1.9096244e-05,0.0024880224,0.0019660362,0.0031946825,0.0019810654,0.0013085491,0.0010778854,0.0012519492,0.0016901891,0.0016830944,0.0017425384,0.0021698577,0.0033929849
2015-02-09,0.0054771,0.0014005821,0.0076765916,0.00019385124,0.001047818,-0.0008007999,0.0016334917,0.0064616916,-0.00029918618,0.002568242,0.0030112867,0.0017134083,0.00082981435,-0.0004923983,0.00021727337,0.0008453827,0.0005855668,0.00095967366,0.0014092127,0.00048136324
2015-02-10,0.0027314443,0.0005536411,0.0018762016,0.00071570685,0.0013863321,0.0008280836,0.0011550402,0.0015901957,-0.00060072914,0.0026778847,0.0020632115,0.0016146209,0.0018813694,0.0,0.0005632026,0.0021513437,0.0015287894,0.00412528,0.0021871896,0.001613436
2015-02-11,0.0015087321,0.00093400566,0.00035946193,0.0012556083,0.0010893326,0.00021707808,0.0010990028,0.0013594874,0.0004846921,0.0019392718,0.00086679216,0.004339277,0.0021473914,0.0010843975,0.0020162114,0.0020551693,0.0038739478,0.0028198266,0.0062596384,0.0022471258
2015-02-12,0.0013417822,0.0016509236,0.0004683414,0.0027263286,0.0014915051,0.00050134514,0.0015686394,0.0019293268,0.002159122,0.002833,0.00033761308,0.0013483174,0.0012600141,0.0012339816,-0.00091530674,0.0011396332,0.009356226,0.0006764263,0.0012541545,0.0009017134
2015-02-13,0.00039348943,0.0002505776,0.0008313245,0.0019717484,0.002401921,0.0,0.0019628012,0.0037807792,0.0017912185,0.004001178,0.0014538671,0.0015802454,0.0006564566,0.0021788569,0.00044954548,0.0010606209,0.003883359,3.0915297e-05,0.0014127071,0.0011915235
2015-02-16,0.002420548,0.0013966872,0.00054436305,0.002666407,0.0026335667,-0.0020424179,0.0028485665,-0.0003642447,0.00050423545,0.0041894536,0.0007496443,0.0010498144,0.0011421682,0.0014582017,0.0020988395,0.002630001,0.0017901496,0.0012999062,0.0011425077,0.0027110246
2015-02-17,0.0013835265,0.0018416436,0.0019430859,0.0018386493,0.001042366,0.0006518591,0.004040942,0.0003575253,0.00057502894,0.0034687344,0.0,0.0011856989,0.0,-6.365294e-05,0.0029367737,0.0011816166,0.0008524688,0.0013125126,0.0017540643,0.0016155721
2015-02-18,0.0012116927,0.00067099254,0.004763673,0.0028125145,0.0023669288,0.0016006193,0.0021257394,0.0061835595,0.0,0.0022403894,-6.537643e-05,0.001158835,-0.0015832144,0.0005308128,0.00096504454,0.0020833274,0.0010868885,0.0021022158,0.0020752442,0.0024930385
2015-02-19,0.0020409995,0.001546379,0.0010148141,0.0004940423,0.001734747,0.0008270964,0.0038502032,0.0008513429,0.0012335432,0.002874791,0.00086971646,0.0011533628,0.0008310469,0.0017429712,0.0012915225,0.0019817194,0.0012068119,0.00047214932,0.0029195668,0.004262892
2015-02-20,0.0076209973,0.0049213944,-0.00019613307,0.0014891321,0.0016931768,0.0006678152,-3.727913e-05,0.004538999,0.001167894,0.003083422,0.0024930201,0.0018321285,0.00058553787,0.001199497,0.0008210541,0.001307755,0.00041710943,0.0014825097,0.0011088055,0.0049711717
2015-02-23,0.004279895,0.0013968361,0.00060531223,0.0019020152,0.0019547,0.0008901596,-0.006402394,-0.002671911,0.0013683666,0.0018329944,0.00041318295,0.0018717436,0.000257265,0.0021931552,-0.0012543241,0.0002242119,0.0015895333,0.0015571073,0.002075306,0.0017013861
2015-02-24,0.00031668996,0.0007115151,0.0013446108,0.0007658473,0.0022977635,0.00072592683,0.0,-0.0016000043,0.0005120998,0.001271833,0.0012294281,0.0018982901,0.00050274277,0.0013236129,0.0014642413,0.0005080378,0.0023928005,0.0,0.0014305952,0.004539194
2015-02-25,0.0019153155,0.0012191578,0.001178058,0.0025202238,0.0007178867,0.0011943366,0.0005975693,-0.00055186974,0.00016941148,0.00068078045,0.00090026174,0.0020786566,0.00040117794,0.0026920727,-0.00042209774,0.0009816699,0.0011110718,9.103077e-05,2.5547693e-05,0.004437891
2015-02-26,0.00042685543,0.00043285385,0.0012266282,0.005128301,0.0007987085,0.0010449716,0.0,0.0022624463,0.00023605218,0.0037479543,0.000876821,0.0015774991,-0.00046013104,0.005486066,0.0009768246,0.001130581,0.00023283376,-0.0007763406,0.0006145724,-0.00033204816
2015-02-27,0.00064109697,0.004761358,0.0017249449,0.0013881633,0.00049046194,1.0048378e-05,0.00042787174,0.0016325936,0.00012552107,0.001796568,-3.4808825e-05,0.0014120049,0.001131018,0.0021613277,0.0021268192,0.0005915092,0.0032200138,0.0013128001,0.00023581652,0.0011769289
2015-03-02,0.0010168201,0.0015704659,0.002078724,0.0021062149,0.0005300652,0.0006061227,0.0014502561,0.0018021079,0.0005377321,0.00068268756,0.0010902171,0.003211916,0.0013301636,0.00067918195,0.00063349796,-1.1907589e-05,0.0015710037,0.0014816339,0.0006087077,0.0012758023
2015-03-03,0.00079523417,0.00080084574,0.0013285001,0.0017645085,0.00084064325,0.001614486,0.0023944234,0.008702735,0.0013938866,0.0,-0.00023003288,0.0008709445,0.00113797,0.0006571146,0.0003559935,0.0002352632,0.00020369084,0.004541416,0.004778966,0.005627749
2015-03-04,0.0005385773,0.0048144115,-0.00023481422,0.0016075335,0.0008623165,0.0012490422,0.0029104145,0.009121826,0.0011251197,0.0013354275,0.0,0.0013728547,-0.00015431725,0.0005360736,0.001136071,-5.73289e-06,0.0017064547,0.00063095504,0.00065928744,0.00059887086
2015-03-05,0.0011195084,-0.0009048441,0.00034846028,0.0018422811,0.00057767984,0.0019626482,0.0027560375,0.0018044142,0.000849482,0.00020766175,0.0024979275,0.0012377485,0.0008503335,0.0,0.0022000112,0.00031823773,0.0016564202,0.0010569023,0.0007688183,0.0015801818
2015-03-06,0.002196178,0.0010558411,0.001151371,0.0013251583,0.00059801736,0.0014770484,0.0032082112,0.00057292724,0.001837947,0.0010216791,0.0006866302,0.00048163006,0.0007904406,0.0004482685,-0.00018293878,0.00097148656,0.003045291,0.0011019608,0.0008841801,0.0037851064
2015-03-09,0.0024420773,0.00012875853,8.593147e-05,0.0027212843,0.00067020534,0.00062113284,0.0010892389,0.00075817545,0.0021192813,-0.00050472404,0.00023304168,0.0009589523,0.00030342842,0.00061855966,0.00059660134,0.0006856452,0.0026831983,0.0016651017,0.0013168427,0.00449577
2015-03-10,0.0009478872,0.0019726083,0.000722109,0.0039897463,0.0010175833,0.001260781,0.0023900182,0.0014359604,0.001793741,0.0015854264,0.0012056513,0.0007032673,-0.00038519246,0.0001137842,0.0020583544,0.00091686496,0.0015397661,0.0006740654,0.0024174864,0.0023117224
2015-03-11,0.00015281391,0.0017336261,0.003062744,0.0018309957,0.0007529747,1.6860997e-05,0.002922896,0.00060789497,0.0031568126,0.002335385,-0.0009898565,0.00066293665,0.0003948654,0.00038804224,0.00069330295,0.0009292624,0.0,0.0007210436,0.0006737565,0.005780877
2015-03-12,0.0,0.0030805222,0.0019730355,0.00068275334,6.775823e-05,0.00066742755,0.0012173707,0.0033842297,0.0034641472,0.00043470273,-0.0085465,2.5267653e-05,0.000144402,-0.0007333106,0.0014741357,0.0010495217,0.0014831413,0.00018291177,0.0014689412,0.0034784288
2015-03-13,-0.00030345737,0.0008447129,0.0022791862,0.0013341575,0.00054770074,0.0010852137,0.0016355509,0.004310358,0.0034729443,0.003002989,0.0005452268,-0.0027080562,0.0008124738,-0.00047061552,0.0016860534,0.0007902289,0.0015651883,-0.00049820787,0.0019604724,0.002452706
2015-03-16,-0.00049842155,-0.00031955028,0.0015900452,0.002856701,0.00016058859,0.0015736215,0.00039758673,0.0029673586,0.005672363,0.0024267095,0.00038947474,0.00138783,0.0006046015,0.0014392771,0.0015466106,0.0005553367,0.0009679988,0.00011871387,0.0014862653,0.001555325
2015-03-17,0.00022809018,0.0017354847,0.0025475114,0.0010090598,0.00058596174,-0.00015552698,0.00061353866,0.0004251145,0.0042943647,0.0008391001,0.0006821048,0.00048867683,0.0005018711,0.00086902984,0.0019804698,0.0015531515,0.00041658292,0.0010999496,0.0022202134,0.0035758964
2015-03-18,0.0008720517,0.000982453,0.002794965,0.00096877123,0.00022388482,0.0006761649,0.00041517062,0.0031510827,0.004976239,0.001009934,0.0027066055,0.002649393,0.001138179,0.0021890663,0.0026468202,0.0006952724,0.0016221718,0.0006888468,0.0030777187,0.0014529049
2015-03-19,0.0011342248,0.0008824435,0.028556928,0.0012591903,0.0032312614,0.0017644905,5.7762023e-05,0.0022195266,0.009659399,0.0017564568,0.0036414054,0.0026195992,0.0026784635,-0.002060414,0.0011786055,0.00073601084,0.0021726543,0.0003106816,0.002338886,0.00087599055
2015-03-20,0.0018138849,0.0,0.004949732,0.0008326028,0.0021993453,0.002912611,0.0009811161,0.0011931134,0.010196667,0.001936621,0.0019135118,0.002216779,0.001314099,-0.0004643576,0.001471847,-0.00014971783,0.0019847064,0.0010655781,0.0011342538,0.00052814046
2015-03-23,0.0031729555,0.00043174144,0.003971431,0.001501085,0.0019767892,0.0024443239,0.002661896,0.00047983453,0.017832248,0.0030382485,0.0006763536,0.0017877503,0.0011351364,0.0030139796,0.0006516577,-5.098681e-05,0.0014762491,0.0013792661,0.0014775248,-0.00019647222
2015-03-24,0.0021948412,0.0010169543,0.0016774391,0.00242345,0.0011360687,0.0010296025,0.001903094,0.00075188273,0.008159872,0.0010088974,0.0016840161,0.0014069899,0.0023972038,0.0006704862,0.0013859747,0.0005342098,0.001405334,0.00091062876,-0.000308658,0.0005265167
2015-03-25,0.0017955347,0.0026775561,0.0037482088,0.0027199062,0.0015884759,0.0012328838,0.002300533,-0.00029087553,0.0010422928,5.6978046e-05,0.0012204897,0.00095310924,0.0015665039,0.0024075767,0.0033217617,0.0010655981,0.0021857761,0.0010775959,0.00067618623,0.0018674339
2015-03-26,0.0007904697,0.0010817613,0.0037195962,0.0018334918,0.0003824459,0.00069667044,0.002159225,0.00020057436,0.004343072,-0.00013551398,0.0024296602,0.0017379567,0.0011589332,6.162397e-05,0.0016680416,0.0014081887,0.002977874,0.0051678577,-0.0016062655,0.0033322421
2015-03-27,0.0015669775,0.001147349,-0.0021371846,0.0019249397,0.0010115806,-0.0011574166,0.00040683188,0.0008463675,0.0016792157,0.0006089572,0.0020938253,0.0013456458,0.0005941829,0.0014064591,0.00041753726,0.0013772721,0.0016322416,0.0031629258,-0.0015567876,0.0010033952
2015-03-30,0.0012982233,0.002150765,0.0043721152,4.9369396e-06,0.0,0.00060400896,0.0,0.00026329042,0.00021497652,0.0,0.00048741247,0.0007966416,0.0010878587,-0.0004916711,0.0017533487,0.00089213543,0.00068267505,0.0058373166,-0.00048684757,0.001737625
2015-03-31,0.0029212025,0.002965584,0.0040276786,0.0004869003,-0.001008238,0.0013347487,0.0,0.00090337876,0.00029614952,0.00066295813,0.001683245,0.00085706764,2.8122345e-06,-0.00074567116,0.0017203321,0.0036200723,0.00075542997,0.0034638122,-0.003315725,0.0017885539
2015-04-01,0.00032281587,0.0010857721,0.0046243127,0.00036457516,0.001799037,0.0020550773,0.0015668302,0.0023946036,0.0077428888,0.00043210032,0.0014119929,0.0021236057,0.0041518863,-0.00015751095,0.0008527624,0.0013997837,0.00088353397,0.0008690123,0.00059099996,5.911113e-06
2015-04-02,0.001039735,0.0021109914,0.003156379,0.00062736106,0.00076220435,0.0017156609,0.00063943985,0.0013357396,0.0068393736,0.0023879944,0.0020981394,0.0012422174,0.0025983204,0.0004144889,0.0008825227,0.002385059,0.0006574533,0.002376005,0.0040044645,0.00066204305
2015-04-03,0.00036377602,0.0054068617,0.0012030947,0.00043287626,0.0012353691,0.0030632608,0.0015384,0.0014856439,0.0016778088,0.0063443966,0.0032745525,0.00044374107,0.0011675189,0.00062849425,0.00086477,0.0029551946,0.0012238808,0.0034832489,0.00068599277,-6.9736e-05
2015-04-06,0.0022955388,0.0018613542,0.0022627579,-0.00066095864,0.0013101335,0.0024606986,0.0015085018,0.0012963011,5.644426e-05,0.0019193415,0.0015202787,-0.00026129623,0.0020673764,0.0020236792,0.0020959135,0.002644939,-0.00031766095,-0.00026869285,0.001232618,0.0
2015-04-07,0.00055104756,0.00081035984,-0.00331579,0.000257705,0.0011037848,0.0019687577,0.0059712054,0.00087284093,-0.00030112267,0.0005856871,0.0019145232,0.00024358132,0.00035979715,0.0033866921,0.0017096706,0.00075525086,-0.004296052,0.00043040005,0.0020055065,5.4862365e-05
2015-04-08,0.0007622032,0.0019692054,0.0018427144,0.00084701605,0.0013234781,0.0004537246,0.0024210422,0.0021597988,-0.00042050786,0.0013909386,0.001448687,0.0007992472,0.0,0.0033998692,0.0009513099,0.00041441148,-0.000432568,0.004967209,0.0008848824,-0.0004380394
2015-04-09,-0.001460909,0.0,0.00074622163,-0.0012203983,0.0013301913,0.001400435,0.0015970075,0.0013832956,-0.000120488614,0.0010193388,0.0010159749,0.00016555566,-0.00035650117,0.00281691,0.0007916045,0.00040599442,0.0007513895,0.0013631609,0.00026080152,0.0034489408
2015-04-10,0.00031431107,0.00040004982,-0.0022330438,-0.002352163,0.0011147234,-0.00040015735,0.000100817895,0.0064429604,0.00049895374,0.0023891493,0.00033759634,-0.00039969108,0.0016719534,0.0016918335,0.00048566968,0.00028116626,0.0011850579,0.004054911,0.0012968119,0.002025155
2015-04-13,0.0011624423,0.0002127877,0.001226325,0.0016775016,0.0007931872,-0.0013085034,0.00056526536,0.00062438654,0.0006770854,0.0008588408,0.0013655213,0.0012615055,0.0016056178,0.0070989463,0.0005344408,0.0,0.0015083761,0.0014224908,0.00074636145,-0.0023077268
2015-04-14,0.0,0.002486429,-0.00039746953,0.0009607103,0.00017116117,0.00025893087,0.00022444632,0.0012061786,0.0018878657,0.0014875736,0.00053524773,0.0021650007,0.00079604133,-1.7758406e-05,-0.000499615,0.0,0.0011518752,0.00065564,0.0017102306,-0.001888765
2015-04-15,-0.00054683594,0.00033098488,0.00026438097,0.0014828595,-0.00066493143,-0.00064642425,-0.0008589969,0.000991169,0.004776434,0.0005083363,0.0019562042,0.0016490812,5.59475e-05,0.0,0.0014042256,0.0005223429,0.0,0.0018046333,0.005253355,9.719253e-05
2015-04-16,0.00037483772,-0.001614318,2.5984873e-05,0.0021156925,0.0,0.0033889308,-0.0013197081,0.002926455,0.018412497,0.00038699553,0.0021470594,0.0014323926,0.00039570604,-0.0010799468,0.00030541874,0.00046340103,0.0007096699,0.0021874048,0.0044199685,0.0013191742
2015-04-17,0.0006545074,0.0012099879,0.0003703228,0.0013946998,0.0005956998,0.00041728534,-0.00045336847,0.0032932323,0.0026729684,0.0007157331,0.001499831,0.0002502382,0.0017113738,-0.00027016972,0.00014911641,0.0007419333,0.0002708017,0.003808556,0.0048352694,0.0027964306
2015-04-20,0.0005088778,0.001427835,0.00038030522,0.0029218157,0.0006853242,0.0011777697,0.0,0.0033250605,0.0017611141,0.0042763855,0.0017680181,0.001053997,0.0012126167,0.0014858451,0.001290133,7.257557e-05,-0.0007894032,0.0024579887,0.0026745554,0.0011723706
2015-04-21,0.0020968488,0.0,0.0009590917,0.0016988679,-0.00027090055,-0.0015341623,0.00091375795,0.0026998206,0.00026755745,0.0031749392,0.0003421663,0.00039944472,0.00015919644,0.006201009,0.00088906835,7.7687415e-05,-0.00019958703,0.0015739214,0.0014335994,-0.0007607279
2015-04-22,0.0010375243,0.00023269422,0.0018267515,0.0013793984,0.0015435679,0.0016779331,0.0009500577,0.0038650474,0.00054832763,0.0018700171,0.0021999753,0.0016780371,0.0,0.0013241796,0.00015237581,0.00012632574,0.0004234864,0.0008914902,0.0060286904,0.0016737286
2015-04-23,0.0021403742,0.0018486914,-0.00016165359,0.0016342474,0.0007269008,0.0016760516,-0.0011392562,0.0023081126,0.00039382197,0.0015635486,0.0017960457,0.00027997032,0.00054453895,-0.0007844204,0.001010623,0.0003820395,0.0006048121,0.0007187914,0.0013295478,0.00024330163
2015-04-24,0.0029849473,0.0010724057,0.008753769,0.0023749527,0.0016929524,0.001936155,-0.0021102617,0.0026524195,0.0,0.002669253,0.0012221338,-0.00028839114,-0.00044374767,0.0025496173,0.0020888692,0.0010802519,0.0002573261,0.0037877338,0.0024185325,0.0026543443
2015-04-27,0.0047175474,0.0005922182,0.003465704,0.0009658585,0.0013642452,0.003017248,-0.0006475437,0.00039051368,0.0013789954,0.002642371,0.0014906838,0.0006949251,0.0,0.0028876716,0.0012514357,0.0,0.0005658661,0.0035189241,0.0038607277,0.0010952541
2015-04-28,0.002059125,0.0019255802,0.0015784539,0.0033803927,0.001232592,-0.00017123722,0.0007174865,0.0,-0.0027844752,0.0017322678,0.0019859814,-0.0008116685,0.00042046612,0.0031621659,0.0015096858,-0.00078456843,-0.0009309506,0.010405624,0.0027978872,0.0010669592
2015-04-29,0.004223209,0.0035188978,0.0024586108,0.000985725,0.0024403161,0.0017035813,0.0,0.000952562,-0.00020615077,0.0007266349,0.00042063874,5.986039e-06,0.0020785488,0.0021575459,0.0015102726,0.00012791004,0.00019916205,0.0034707,0.0006235656,0.0010601485
2015-04-30,0.0035355678,0.0017935473,0.0052522686,0.0011675563,0.00093294674,0.0038056138,-0.0012184561,-0.0010887367,0.0014488746,0.001941196,0.00048606796,0.00037182658,0.0007907491,0.0038119075,0.0018506156,0.0,0.00081208465,0.002241556,0.0006709368,0.0024220613
2015-05-01,0.0018434348,0.0004887073,0.0027148062,0.0008117929,0.0011697077,0.0018158056,0.0015246694,0.0007184159,0.0037209154,0.0011578877,0.0019149849,0.0020603994,0.0004472617,5.9593265e-05,0.0011520823,0.00010105927,0.0008320519,0.003757216,0.00024493123,0.0017767695
2015-05-04,0.0014296127,0.0016506439,0.0016777313,0.0018481767,0.00021865159,0.0017743345,0.004032342,0.0016200668,0.009464287,0.006038756,0.00051969197,0.0021480853,0.00027167294,0.002109598,0.00034013524,0.0023051943,0.0008812046,0.0025520658,0.0013316388,-0.00030989354
2015-05-05,-4.971215e-05,0.00046719605,0.0006058815,0.0019181758,0.00068905164,0.0044250954,0.001527504,0.002762793,0.0008038485,0.0018367802,0.0002411799,0.0020465425,-0.00013012181,0.00022777605,0.00046423543,0.00367397,0.0014086962,0.006282858,0.0013353021,-0.0008834849
2015-05-06,-0.0006088225,0.0011454548,0.0,0.0017864321,0.00032023346,0.0006594695,0.00057150907,0.0035815937,0.00039451307,0.003386898,0.0020900897,0.0007116688,0.00057804055,0.0012980776,0.0013055885,0.0008537834,0.00025866227,0.0033895418,0.0011588995,-0.002380222
2015-05-07,4.600561e-07,0.00068533124,0.0036085006,0.0010317378,0.0001439593,0.0017960832,0.0038892413,0.0038325954,0.0044570835,8.550591e-05,0.0021229426,0.0013614713,0.0011436151,0.0015704496,0.00039912658,0.0018673935,0.0013714005,0.008191292,0.0006077088,-0.0006637354
2015-05-08,0.00044115642,0.002536908,0.0019528721,0.0017089909,0.00025719043,0.00082943373,0.0020613745,0.0027532487,0.0046010013,0.0007313346,0.004434987,-6.535161e-05,0.00054075214,0.0012657254,0.0014144221,0.0026702876,0.0014257547,0.002063451,0.00168953,-9.191395e-05
2015-05-11,0.00037047855,0.00083313894,0.0065259156,0.0015062974,0.00014552887,0.0013339624,0.0084882155,0.0013131456,0.0058360742,-0.00045243095,0.001804838,-0.0016713354,0.00068774814,0.002727288,0.0020651591,0.0005160795,0.002326297,0.0005996286,0.0,-0.00020559161
2015-05-12,0.0021074864,0.0,0.0075806878,0.0010985337,0.00027239585,0.0014833402,0.005900989,0.0049097775,0.000555901,0.00041824408,0.0011930399,0.00024168876,-3.4262892e-05,0.00485444,0.001384527,0.0013651616,0.0008859881,0.0033752073,0.0,0.0006424204
2015-05-13,0.0023417983,0.00046995078,0.0026397305,0.001626217,0.0039092507,0.00088167324,0.0012316754,0.001173031,0.0064137722,8.315976e-06,0.0016800677,8.322233e-05,0.00038453663,0.0044910875,0.0016027594,0.0024672477,0.0019155002,0.00031125735,0.0004440316,-0.0006896849
2015-05-14,0.0024508473,0.0010716919,0.0005666803,0.0021714643,0.0032493102,0.0025206613,-0.0002289747,0.0035176554,0.0021297866,0.00048517212,0.002127757,-0.0007789822,-0.005838092,0.0005281338,0.0014600029,0.0017143369,0.0011777779,0.0052822065,0.00087662943,0.0014347812
2015-05-15,0.0010500237,0.000454593,0.0013630148,0.0010318668,0.0039250595,0.0008064749,0.0005394983,0.002191773,0.0040861494,0.0017760264,0.003472934,0.0005914705,-0.0003968223,0.001961142,0.00023111312,0.0012809397,0.00017276067,0.013128865,0.0022742448,0.00092212844
2015-05-18,-9.716199e-05,0.0003852332,0.0022277997,0.0013160252,0.002165171,0.0030575828,5.6897916e-05,0.0015805181,-0.0009403933,0.0021847042,0.0014215707,0.0019603977,0.0007534023,0.0,0.001101115,0.002117217,-0.00028899865,0.00062931667,0.0008851316,0.00129112
2015-05-19,0.0,0.0022271352,0.0018688466,0.001150394,0.0023503834,0.0010087629,-0.00022034606,0.0007194879,0.0012405049,0.0013326351,0.0025845377,0.0011102225,0.002274372,0.00023455563,0.00068379607,0.0011148977,0.0009932956,0.0037880074,0.00041340516,0.003388594
2015-05-20,-0.0021916977,0.0014876879,0.0066536786,0.0013546292,0.0018242105,0.003365712,0.000907506,8.340936e-05,0.002795363,0.0012920322,0.0032691676,0.0015802423,0.0018874081,-0.001127183,0.0013453251,0.0012932057,0.0010708583,0.0013866673,0.00035565704,0.0008427439
2015-05-21,0.001297875,0.0019747876,0.0032758752,0.0011972482,0.0014941035,0.0024792696,0.0008848835,0.00053415954,0.0010121565,0.00080798054,0.00015081477,0.00074658863,0.0017521014,0.00048743762,0.00050157576,0.0007389131,0.0002568338,0.00073803647,0.00013414188,0.0005746999
2015-05-22,0.0013719669,0.0009968064,0.00086879014,0.0017041067,0.00051510305,0.0013697416,0.0004948708,0.0015535018,-0.004623452,0.0017675362,0.00011533564,0.0010417263,0.0029806886,-0.0002903037,0.00020854219,0.00052120123,0.0003304824,0.0011040074,0.0031898147,0.0
2015-05-25,0.00058678497,0.00072107924,0.003993324,0.0011098026,8.726302e-06,0.00043437394,0.0006642934,0.001893811,0.0017350543,0.000936288,0.0,0.0016336491,0.0022923383,-0.002705827,0.0009467799,0.000276313,0.0014814757,0.0011136867,0.0022276295,0.0008493577
2015-05-26,0.0003146244,0.0019187039,0.0054278704,0.0014141967,0.0013726618,0.0022635856,0.0,0.0025674093,0.00038673633,0.001671426,-0.0006930756,0.0024487658,0.0010567118,0.0,0.0021768666,0.0015480495,0.002143986,0.0002658544,0.00093972264,-0.0018854525
2015-05-27,0.0015065486,0.0002682644,0.0007541292,0.0030192065,0.00043209337,0.0021503363,0.0009827211,0.0038000958,6.542377e-05,0.0,2.8846232e-05,0.0013865579,0.0015804257,0.00093602936,0.0015979437,0.00063174765,0.0027697235,0.0013310725,0.0006311046,0.00032886752
2015-05-28,0.0019004925,-0.00026431706,0.0008952891,0.0007279791,0.0010834556,0.0017608944,-0.0003054178,0.0028440277,-0.0003564242,0.0006161928,-0.00029740017,0.0022139137,0.002116984,0.0019118239,0.0013734775,0.00059401727,0.0024826804,0.0026696578,0.0049772463,0.0009606886
2015-05-29,0.00096118444,0.0014244238,0.0024229882,0.0015780864,0.002044115,0.0013365598,0.0007679624,0.0018027849,0.0015807621,0.0011447986,0.00021108708,0.0023932192,0.0013720959,0.00035097465,0.00030133806,0.0013805124,0.002796493,0.0027540072,0.0020840836,0.0011807336
2015-06-01,0.0015841649,0.0011584992,0.0022353595,0.001076272,0.0009742267,0.0015564229,0.0033469277,0.0,0.001088357,0.0002952465,0.0014995874,0.00045379627,0.0015031089,0.0025200807,0.000721268,0.00072452263,0.0008349072,0.0032203833,0.0020344742,0.0038234338
2015-06-02,0.00056218065,-0.00028772856,0.0,0.0016549964,0.0011295298,0.00041963533,-0.00039691204,0.0003625614,0.0037731181,0.00088266697,-0.00039542373,0.0,0.004974708,0.006867837,0.00065122015,0.0011568804,0.00068896404,0.000986539,0.0015033487,0.0025474338
2015-06-03,0.0008891636,0.00023912828,0.0,0.0006195112,0.0019833627,0.00087626127,-0.005759292,0.0018452879,0.002548713,0.0013236792,0.0015783156,0.00041538238,0.00248634,0.0059896517,0.0012934201,0.0014677459,0.00017843497,0.0035366192,-0.00040277824,0.00027185385
2015-06-04,0.00046203483,0.00041563704,0.0026529194,0.0034727938,0.0022594617,0.0014521937,-0.0040691993,0.0032251563,-0.0015732999,0.0013304777,0.0003029098,0.0022808828,0.0009808397,0.002649747,0.0010804016,0.001910209,0.0018598998,0.0017627393,0.0015318192,0.0013828379
2015-06-05,0.0014525991,8.419516e-05,0.001696571,0.0015978733,0.00028152452,0.0011446963,-0.0014501337,0.0026464253,-0.0003908596,0.0015497197,0.0012491376,0.002739869,0.00061963993,-6.280528e-05,0.0015021536,0.0009691534,0.00046083596,-0.0012612324,0.00040964023,0.002314259
2015-06-08,0.0016155024,-0.0012133992,0.001838156,0.001422099,0.001069443,0.00019936537,-0.002700249,0.0017040366,0.0017527764,0.0008954025,0.000654291,0.00468661,0.00031445216,0.00073549565,0.0010508909,0.0010649761,0.0010923021,0.0018525072,0.0020873775,0.002782288
2015-06-09,0.0013223034,0.0010309274,0.0013455899,0.0005822064,0.0011163298,0.0006921312,-0.0023469313,0.0034015463,0.004434396,0.0012343157,-0.0001701109,0.0034417345,0.0010384117,0.0013610988,0.00051392824,0.00028017434,0.0012775231,0.0005446731,0.0014664041,0.0037954953
2015-06-10,0.0005523036,0.0012655589,0.00021707083,0.0010903127,0.0011809615,0.0016283472,-0.0013187486,0.001849879,0.0027951149,0.0008340163,0.0004840975,0.0010877406,0.00096792437,0.0016130136,0.0027778842,0.00077894266,0.0006579414,0.0018706835,0.0018612726,0.003206747
2015-06-11,0.0017523378,0.0009533506,0.0013741473,0.0021799474,0.0021157837,0.001085993,0.0021418561,0.0016802151,0.0014956786,0.0016526214,0.0014418759,0.0022181508,-5.7630128e-05,0.0026942347,0.0013723962,0.00021802455,0.0016084905,0.004021829,0.00079759076,0.0017161748
2015-06-12,0.001416814,0.0011687552,-0.00034479843,0.001974454,0.0015008432,0.00014442019,0.025956685,0.00029856,0.003953722,0.0016038805,0.0012460354,0.0012118353,0.00028012408,0.002423595,0.00044313687,0.0002798482,0.0021678794,0.0008247373,0.000321972,-0.00034518357
2015-06-15,0.0015761917,0.0023878114,0.0007794238,0.0011014872,0.0021554434,-0.0001884012,0.0055842223,0.0,0.0023777622,0.0017237875,0.0006666945,0.0001728735,0.0019716672,0.00071790355,0.00083331316,-1.6662481e-05,0.0017143476,0.00072302413,0.0001852489,0.0
2015-06-16,0.0019054721,0.0017961417,0.00023962761,0.0015044003,0.0020880727,0.00043897887,0.00089086307,-0.0008933099,0.0032854802,0.0017545624,-0.0005876208,-0.00010447536,0.0009578218,0.0008721903,0.0010730583,-1.5547334e-05,0.0016279296,0.001899968,0.0011883589,0.0012626875
2015-06-17,0.00041592543,0.005819131,0.003597121,-0.0032351513,-0.0010510145,0.00458884,0.0005078276,0.00068573095,0.00091247907,0.00183551,0.00010045614,-0.0009917028,0.0014074098,0.0019856729,0.00016972353,0.0009096257,-0.000772348,0.0,0.0054641115,-0.00051962404
2015-06-18,0.0033524237,0.0028952719,0.0008816141,0.00029435585,0.0006183553,0.0024288967,0.00051200425,0.0009351236,0.0022806565,0.002866859,0.002456711,0.00018261881,7.078348e-06,0.0025747584,-0.0038010073,0.0,9.6225296e-05,-0.0003179464,0.0037073242,0.0004402955
2015-06-19,0.0026549806,0.0030258948,0.003968131,0.0034058387,0.0019508478,0.0010199052,0.0001428068,0.00035519342,-0.000533742,0.0012344235,0.00036611836,0.0023897255,0.001291064,0.0004409873,-0.00010893109,0.00045801976,-0.00058024935,0.0004893161,0.00135078,0.0007826397
2015-06-22,0.00080602046,0.0017918029,0.005477299,0.00080899324,0.00011484586,0.0018788931,0.0005691755,0.00039565194,0.0012386605,0.0017678002,-0.0014008608,0.0011452215,0.0003586559,0.000587265,-0.0003898922,-8.606069e-05,0.0015854662,-0.0023348406,0.0015107559,0.00025903728
2015-06-23,0.00062264886,0.0010574069,0.0077754366,0.00016409058,-2.8599949e-05,0.002709989,-0.0004167111,0.0014906559,0.0058529843,0.0006866725,-0.003042137,0.0009365357,0.0006906607,-0.0002722635,0.00090850866,-0.002081762,0.0010555573,0.00014706666,0.0008339795,0.0024727606
2015-06-24,0.00022215884,0.0,0.008015194,0.0048472765,0.00058675726,0.0025112967,-0.0012903091,0.00060515135,0.0027968371,0.00079391553,-0.005579068,0.0021226783,4.867301e-05,0.00039809092,0.007208059,-0.0008049359,-0.0013079888,0.0,0.001152744,-0.0007903823
2015-06-25,0.0003994568,0.0013114071,0.0026670198,-0.00137446,0.0002821052,0.003474098,-0.0003854435,0.00014397004,0.0016379338,0.0075689694,0.00032755663,0.0016084498,9.2097034e-05,0.0009470366,0.00048057025,0.00078222627,-0.003359109,0.0,0.004853011,0.0011690628
2015-06-26,-7.343974e-05,0.0015970783,0.0029872558,-9.765373e-05,0.0018600246,0.00012907748,0.00026003594,0.00040727825,0.0006272134,0.0011594052,0.0021973508,0.0027118933,0.0015190181,0.00068900303,0.0010082091,-0.00092690444,0.0006711331,0.0048270663,0.0025744555,0.00058304303
2015-06-29,-0.000862522,0.0015938388,0.0012065634,0.00072886585,0.0021411674,0.0010931832,-0.0007353267,0.0,0.0010995867,0.0015592143,0.0023047533,0.0025773274,0.0021742648,0.0013848402,0.0054674814,-0.0036702931,0.001647709,0.0020571158,0.0007596265,8.295158e-05
2015-06-30,-0.00046725565,0.00129858,0.0020886029,0.00017793113,0.004550647,0.0015928702,0.00045107448,0.0,0.0011820219,0.002201425,0.0014297748,0.002264464,0.004340042,0.0010929023,0.0050358824,0.0010122649,0.002179732,0.0021107993,0.0021045837,0.0015290948
2015-07-01,0.0015382164,0.0004520891,0.00069205783,0.003812566,0.0018910276,0.0011696604,0.0008737224,0.0006860153,0.000114202885,0.0060449364,-0.00088778854,0.0030671891,0.003971088,0.0013246655,2.5804206e-05,0.0016714033,0.005506399,0.0010620275,0.0021251298,0.00012757679
2015-07-02,0.0014214858,0.0015051956,5.684728e-05,0.0042383233,-0.00011769614,0.0015799234,0.0018958224,0.0005668387,-0.00028553008,0.0026704017,0.0012265306,0.0018731172,0.0041125827,0.0014345817,0.0008444036,0.0018142408,0.00498253,0.0012778678,0.0016025573,0.0015511807
2015-07-03,0.001678707,0.0037691128,0.0016379061,0.0013278215,-0.0013093972,0.0013764818,0.001050398,0.0015050654,-0.003012216,0.0006401435,-0.0002233515,0.000521306,0.0018464366,0.00071023277,0.00016504344,0.0040257038,0.003082748,0.0009011127,0.0005520651,0.0038776507
2015-07-06,0.0018453408,-1.9765407e-06,0.0001578093,-0.0004964097,-0.0004982457,-9.95855e-05,0.0,0.0007930663,1.5228117e-05,0.0007233485,0.00083623466,-0.0010542633,0.0019121112,0.0018947526,6.285311e-05,0.0005401314,0.0077827186,0.0034272564,0.0,0.0022108345
2015-07-07,0.0010071445,0.0012319447,-0.00091522036,0.0031364497,0.0005769381,0.0015053931,-3.7099308e-05,0.000193925,-0.0011661282,-0.00029807855,-0.00031798397,0.0007336193,0.00020816858,0.0013523669,0.00019745933,0.0005787679,0.003662435,0.0014769498,0.00062271586,0.002493929
2015-07-08,0.0008352246,0.0005494906,0.0010385716,0.0060454197,0.0011252799,0.0008512441,0.00020445725,0.00077708194,-0.002981317,-0.00091634155,0.0016196201,-0.00062266446,0.0005562201,0.0026114865,0.00050654606,0.0,0.001579823,0.0028684852,0.00043287323,0.0050174543
2015-07-09,0.0012993092,1.7813898e-05,0.0037125323,0.00096614705,6.380267e-05,0.0015047975,-0.0025652973,0.0010469895,0.002135624,-0.0011089859,0.001879163,0.0007147519,-0.0035025298,0.0009812692,0.00091096776,0.0017972742,0.0025444727,0.0009765128,-0.0008735876,0.011753285
2015-07-10,-0.00014491631,0.0001473934,0.0005858855,0.0019659635,-0.0028655932,0.0022915693,-0.0033029758,0.0042198105,0.0015909243,-0.00021938462,0.0010935722,0.002428679,-0.00012240536,0.00025936763,0.0018834921,0.0010892223,0.0028680447,0.002489382,-0.0021874486,0.0019748688
2015-07-13,0.0008969333,0.00019930955,0.005793654,0.00015533846,0.0027152644,0.0006917449,0.0,0.0012579112,0.004972067,-1.4773077e-05,0.0006443103,0.0021659601,0.0006942905,0.0006033083,0.0024858126,0.005369515,0.0030650261,0.0021938747,0.0011115685,0.0033610805
2015-07-14,0.0012529398,9.1176276e-05,0.00366933,-0.00032972722,0.0,0.00082994916,0.0,0.0049436954,0.0012651403,0.00056605216,-0.0017460908,0.004565291,0.0015576768,0.00032705595,0.0037833184,0.0012722203,0.0017139936,0.0014127289,0.0010067312,0.0061458256
2015-07-15,0.00024342258,0.00031232362,0.0055505615,-0.0011387856,0.0007968644,0.003960277,0.00024924104,0.002215972,0.0033311534,0.0004104717,-0.00014209094,0.0005878381,0.00045363413,0.00086461933,0.0016780647,0.00552995,0.0028994288,0.003601866,0.0019776768,0.0014641733
2015-07-16,0.0014513495,-0.001531485,0.00025513928,0.0004304111,0.002866001,0.0018463777,0.0007184411,0.0028452952,0.0034215243,0.0016935141,-0.0011392002,0.0014649128,0.0019203188,0.0004006347,0.0038510372,0.0024146736,0.0027525397,0.004262546,0.0027960562,0.001322602
2015-07-17,0.0039735897,-0.001658407,0.0002379264,-0.0018027577,0.002392394,0.0019577504,0.00065236917,0.002122994,0.00079285615,0.0006267224,0.0011494177,0.0,0.0013480589,0.001313122,0.004135671,0.0012899814,0.0048694513,0.0017507576,0.0041087484,0.011643378
2015-07-20,0.0018524037,-0.0025743213,0.0021990107,0.0,0.004471306,0.0012147418,0.0025077332,0.002664374,0.005782705,0.0015480617,0.003488422,0.002402392,0.0007132952,0.0006925517,0.0022800523,0.0018624532,0.010078922,0.001969899,0.00049341563,0.004377432
2015-07-21,0.0013908249,-0.0004901234,0.002100654,-0.003537137,0.00071381417,0.0018347615,0.0016146133,0.0024184836,0.001148245,0.0019871139,0.00024910874,-0.0003113916,-0.0003116663,0.00029736798,0.0037842821,0.0016913463,0.0036120666,0.004771403,0.0010110068,0.0021070663
2015-07-22,0.0023439995,-0.00031107673,0.0006088702,0.0003699785,0.0018760302,0.0010503758,5.2787396e-05,0.0028739173,0.0034755184,0.0007476579,0.00017473519,0.0003178753,0.00048250696,0.0003629819,0.002989954,0.005985691,0.0033882668,0.0035679813,0.0002939214,9.996261e-05
2015-07-23,0.0010076422,0.0003321621,-0.0020612553,0.0019795352,0.0016796457,0.0,0.0007396877,0.0023339305,0.002127181,0.0021459756,0.00066756667,0.0015062538,0.0033608489,8.6382615e-06,0.0028335308,0.005974624,0.0011948607,0.0014344091,0.00039828202,0.002533995
2015-07-24,0.0015777043,-8.946568e-05,0.0025895913,0.0006339256,0.002099555,0.0009805778,0.00028444448,0.0006501293,-0.0009575108,0.0013851,0.00056081597,0.003914642,0.003565771,0.0005330715,0.0031472174,0.0047639273,0.0006615278,0.0018612238,0.0017109382,0.00097135763
2015-07-27,0.000111226276,0.002116045,-5.7700545e-05,0.0012407046,0.00020369528,0.00068095047,0.00042379144,0.00088822935,-0.0025507421,0.0032276765,0.00060448854,0.0048620966,0.0035517015,0.0017584573,0.011134098,0.0018458043,0.0,0.0030616627,0.0006669212,0.0017831323
2015-07-28,0.0010867206,0.0013464168,0.0043920707,0.0058153993,0.0009917518,0.0020570974,-0.0018390698,0.003008106,-0.0013131044,0.0070972126,0.002128382,0.0036603769,0.0036772313,0.0011086076,0.002151535,0.0014402075,0.0042469557,0.0021444443,0.0008386209,0.00052535936
2015-07-29,0.001110646,0.0005942088,-0.00017496102,0.0027450698,2.563946e-05,0.0021870048,-0.000384542,0.0010636622,-0.0002000021,0.0012036151,0.00091660477,0.0012641859,0.0029969993,0.00040336195,0.0036672256,0.0,0.0022409135,0.0009822139,0.0017215385,0.0001857918
2015-07-30,0.0012648507,0.0006016874,0.0012406327,-0.0001463506,0.0011436034,0.0020885284,-0.00019732298,0.003749947,0.001490854,0.0034671575,-0.0013316859,-0.00015015547,0.0014682143,0.00094358315,0.00060572627,-0.001375771,0.0049540144,0.0014753097,0.0018403593,0.0010106668
2015-07-31,-0.00060586876,0.0004925916,0.0025067024,0.0013627548,0.0007748873,0.00401547,0.00021809014,0.0056160903,0.0047970507,0.0012646317,0.0033319911,0.0008993159,0.0012031217,0.0021830362,0.0019465972,0.00080903526,0.0006323986,0.0002689263,0.0019196328,0.005004933
2015-08-03,0.00022372004,0.0012468135,0.0036623091,0.0021909655,0.0051172175,0.005628801,0.00032994465,0.0034360378,0.0062823314,0.0038031365,-0.00026387224,0.0010966704,0.0031761958,0.0009751458,0.0027652374,0.0024476561,0.0019630436,0.0001445296,0.0025557268,0.0013336324
2015-08-04,-2.4602694e-05,0.0009929604,0.0054666284,0.0012452846,0.0011791433,0.0012078666,-0.0005684843,0.0062448396,0.0055214874,0.0012934521,0.0009187387,0.0021949399,0.001709104,0.00041474254,0.004057015,0.0009407409,-0.0002892605,0.00080058613,0.0,0.00070822483
2015-08-05,-0.0007547284,0.0018438776,0.00036507015,0.0028643804,0.004893871,0.0011765116,-0.0008625433,0.011984932,0.005525498,0.0032941482,1.5159764e-05,0.0014996582,0.0010521943,0.0006496737,0.0038714856,0.0033411405,0.0010160499,0.0003828772,0.00053825055,-0.0011432368
2015-08-06,-0.001226136,-0.0004002501,-0.00296065,0.0016112757,0.0019808614,0.0008758299,-0.0009810504,0.004290184,0.004181039,0.001465358,-0.0040188567,0.0012111706,0.0013856029,0.0017628304,0.0022925108,0.0029173905,0.0020559942,0.0009510813,0.001159422,6.539315e-05
2015-08-07,2.8350818e-05,-0.0005494937,0.00015423856,0.001692022,-0.00073936605,0.002570147,0.00086323905,0.0,0.0031095122,0.0014788981,0.00062435854,0.0008594983,0.0032792052,0.0016905647,0.001904237,-0.00018372605,0.00016941548,0.0003154953,0.0009805673,0.0018316719
2015-08-10,0.00010630277,0.00065329944,0.0019667502,0.0014898485,0.00075309066,0.00095946016,0.0019691936,0.001203386,0.0013444208,0.0030176817,0.0021740065,0.0014010742,0.0019034306,0.0009521303,4.9910414e-05,-0.0008892545,0.0019381719,0.0013586418,0.0011777587,0.0006115612
2015-08-11,-0.00021709388,0.00052565953,-0.005161497,0.0012070208,0.0023590294,0.0016328397,0.0,0.0008796115,0.000107398126,0.0027902152,0.0012774722,0.0004565454,0.001687939,0.0013882766,0.00085484906,3.950131e-06,0.0020240175,0.0020688702,0.0017295836,0.0008528157
2015-08-12,-0.001696431,0.0007360811,-0.00090090017,0.00061968813,-0.0009416298,0.0012619004,0.0004330822,-0.001118907,0.000839384,0.0015189813,0.0010353107,0.0015727523,0.0022957707,0.001149357,0.00053575536,0.0005295784,0.0019296724,0.0017350573,0.0014545392,-0.00024058777
2015-08-13,-0.0010610478,0.0012541474,-0.00052347104,0.0019585267,0.0013421958,0.0016156071,0.00030596525,0.0,0.004696922,0.0021045054,0.001061298,0.0028083308,0.0024152757,0.0026691298,0.0014000955,0.0002473877,-0.00029332927,0.0008003793,0.00074839126,0.0017427942
2015-08-14,7.708389e-05,0.00016385331,0.00052634,0.001290624,0.001058634,0.0036384393,0.00052671885,-0.0006097469,0.0005993741,0.0046406286,0.0032941203,0.00026748434,0.0011635727,0.0011808991,0.00049519597,0.00052209693,0.0029876586,0.0008965766,0.00093533914,0.0028077979
2015-08-17,-0.00010363993,0.00035869348,0.005624486,0.0010751477,0.00034134078,0.0034363961,0.0004031653,0.0010083723,0.0018433107,0.0023116707,0.002637572,0.0011775962,0.0027901994,0.00016332978,0.0024251924,-0.00034488481,0.00095346384,0.0015665332,-0.0016279371,0.003841803
2015-08-18,4.9724007e-05,0.0007700838,0.02454689,0.00084500836,-0.00023793167,0.00047906456,-0.0023205013,0.0015325942,0.0015649115,0.0016037306,0.003322375,0.0011620199,0.0015045133,0.00079899933,0.0015820673,-0.0014703083,0.0016544295,0.0009276195,0.00025831664,0.0015487052
2015-08-19,0.0006350664,0.0015834569,0.0034028443,0.0012167691,0.0006715107,0.0020283416,-0.0010644213,0.00046171574,0.0028172752,0.0027355154,0.0033223385,0.0008729668,0.0021236462,0.0011748523,0.0011815554,0.0004267909,0.0009849916,0.0014617145,0.0010632272,0.0032179432
2015-08-20,0.00068867544,-0.0013083272,0.0027225227,0.0010711366,0.00805528,0.0006585146,-0.0015673238,0.00031579018,0.0015751882,0.0019347514,0.0014319767,0.0,0.00046559516,-0.0005158784,0.00074880436,0.00011198008,8.476379e-05,-9.994383e-05,0.0022656664,0.0045342864
2015-08-21,-0.00026331135,0.00034897795,0.0011718767,0.0018453425,0.0072216205,0.008745338,-0.002840549,0.00045804257,0.0021679194,0.0010133566,0.0021466098,0.00012745919,0.0019565679,0.0005340772,0.00118008,0.0012476271,0.0003731493,0.0008985934,0.0012595529,0.00060329534
2015-08-24,-0.00084826734,0.00020309258,-0.0010952336,0.0014943252,0.005328505,0.0072172857,0.0021907552,0.0002406002,0.0010405943,0.0012773242,0.000260168,0.0,0.00061930827,0.0019577257,0.0013136797,1.5280368e-05,0.00018233471,0.0012217358,0.00028991306,0.0054859025
2015-08-25,0.0006267915,0.00048281462,-0.0004955706,0.0035583628,0.0015109548,0.0011259898,0.00024536907,0.0016964847,0.0005466332,-0.0006466138,0.0008771402,0.0,7.219245e-05,0.0014277868,0.003876762,0.00066421716,-0.0004917586,-0.00013037826,0.0010168599,0.0036968545
2015-08-26,0.0019405372,0.0011479701,-0.006965936,0.0014071296,0.0018460865,0.0012516427,-0.004236385,0.0018823675,0.001837638,-0.00075963355,0.0008446123,0.0,0.0005422248,0.0010140756,0.0010671436,0.0008435786,0.0021093166,0.0005739507,0.00034381513,0.0010334312
2015-08-27,0.0023437107,0.0010839782,-0.00014631901,0.0015296072,0.0,0.0002914852,-2.143198e-05,0.0016088672,0.0025958584,0.0009578162,-0.00036493712,-0.00016820894,0.0017543798,0.00088382355,0.0013376564,0.00048457424,0.0014918019,-0.002017176,0.00036071622,0.00027187588
2015-08-28,0.0036616335,-8.652936e-05,0.00036687125,0.0042501814,0.0020974262,0.00084498985,-0.0018873296,0.00014039376,0.0027469383,0.00021980052,0.00030965125,-0.0006020305,0.0007449442,0.0007012128,0.00041012865,-0.002055751,0.002282379,0.0,7.058404e-05,-0.0012063714
2015-08-31,0.0007767398,-0.00075350533,0.0047616456,0.0037029905,0.008119136,0.0012878897,8.09465e-05,0.0025908637,0.002079747,0.00087736815,0.0008570082,1.1950644e-05,0.0001653008,0.00018156836,0.0041129678,-0.001611609,0.0013384052,0.0017050514,0.000993669,-0.0012306265
2015-09-01,0.00085025246,0.0,0.0,0.0021356535,0.00017613442,0.0009953603,0.003408349,0.004851697,0.0031800612,0.00045601898,0.0007357502,0.0003700431,-0.0012559693,0.000983547,0.0013396653,-0.00014614208,0.0019479141,0.0020218925,0.0020690786,0.00013764914
2015-09-02,0.004004527,-0.00038489304,0.00012724665,0.0009082089,0.0004512455,-0.00027488032,0.0036636032,0.0020393492,0.0063418676,0.00043002304,0.001476857,5.198897e-05,-0.00134812,0.0003449585,0.003359937,0.0013860511,0.0009931006,0.0008375231,0.0016574599,0.00075252005
2015-09-03,0.003195684,0.0,0.000389706,0.0031441287,0.001144777,0.0012927972,0.00020239437,0.0041659703,0.0018457269,0.00075010833,-0.00039210345,5.943953e-05,0.0012304793,0.0007419028,0.0038311167,0.0017176311,0.00032789935,0.0024218427,0.001839658,0.00021180377
2015-09-04,0.0031017254,0.0008552597,-0.000652765,0.0018758969,0.001031314,0.00050529226,-0.001559157,0.007399178,0.0016727258,0.0,0.0,0.0012867352,0.00089112285,0.0010268384,0.0012334452,0.0012310755,0.0021929643,0.00094322633,0.0023351647,0.0
2015-09-07,0.00229504,0.0008540688,-0.0013183387,0.0008173879,0.0016990504,9.552871e-06,0.0033368103,0.0010279332,0.0014850362,0.00047280575,-1.5757301e-05,0.0007455931,0.00088050676,0.0018193026,0.0005799895,0.0016129302,0.0009840233,0.001757229,0.0012917302,0.00080125337
2015-09-08,0.0013681018,0.00019351511,-0.00046383098,0.0023483124,0.00040323206,0.00020402261,0.0019114686,0.0026652878,0.0020485686,0.0010960135,-0.00068164716,0.000565975,0.0,0.0014706592,0.0023373128,0.0011920342,0.0004375202,0.0027383394,0.00083689607,0.002828795
2015-09-09,0.00072719797,0.0005707566,-0.004355816,-0.0004557539,0.0011715982,-0.00026360602,0.0061867675,0.0051157856,0.0011775322,0.0014013426,-5.301049e-06,0.0,0.00086826296,0.0017526697,0.0011584483,0.0023551157,0.0,0.0015994568,0.00027061295,0.00088527455
2015-09-10,0.0014927166,2.6415799e-05,-0.0015676506,-0.00018510695,0.0012964105,0.0020227383,0.0015833519,0.0017138036,0.00094643934,0.0013030566,-0.0015465139,0.001172734,0.0,0.0029842893,0.0012480856,0.0011787097,-0.000385955,0.0021112103,0.00043341902,-0.000815588
2015-09-11,-0.0010533135,0.00045038722,0.0009963104,0.00048353363,0.0018375313,0.005552115,0.0012077343,1.6007843e-05,0.0003371446,0.00047260078,0.0024687443,0.002551526,-0.00033195104,0.001315431,0.0010676751,0.001554931,0.0,0.0046136077,0.0007687215,-0.005758522
2015-09-14,0.0008562969,0.0011749062,0.0015573393,0.00043530806,0.0,0.0023938832,0.00032561048,0.0,0.0,-2.0291667e-05,0.0012309548,0.0013173573,0.0009796913,0.0017896602,0.0019075443,0.0030394162,-0.001193651,0.0013064933,0.0018160472,-7.2205476e-05
2015-09-15,0.0011723179,0.003673531,0.00222409,0.0022691272,0.00044136867,0.002221137,0.003082495,0.002064361,0.0019279094,0.0022237012,0.001526944,0.0016511113,0.0006514871,0.0007948526,0.0027825362,0.0062752278,-8.876499e-05,0.007705544,0.0014533198,-0.00080932415
2015-09-16,0.002726464,0.0018132568,0.0019298438,-0.00045698165,-0.0014145205,0.0016471905,0.0010651374,0.0018173773,0.0013363055,0.00083234126,-0.00038860503,0.0070964023,0.0026551965,0.0017129247,0.0013575244,0.003407365,-0.0038819246,0.00816524,0.017771346,2.4884228e-06
2015-09-17,0.0014711943,0.0019470244,0.0016583831,-0.00011703553,0.0004575783,0.0036037785,8.7093156e-07,0.0032178003,0.001025589,0.00060339784,0.0020823334,0.026694784,0.004852205,0.0009855339,0.0049713524,0.005290269,-0.00024184615,0.009712821,0.0016949988,0.0006866236
2015-09-18,0.004062028,0.0008897161,0.0014612933,0.0004980485,9.300354e-05,0.0010563729,0.0030696741,0.00607851,0.002235886,0.00036314357,0.0012606339,0.010896904,-0.00096943876,0.002029466,0.0021489603,0.003822785,0.0017514806,0.0059112366,0.008329751,0.00068803376
2015-09-21,0.00300283,0.0015859694,0.000684112,-0.00091190217,0.0003106213,0.0017277391,0.0027873516,0.0026365176,0.0009805397,0.0014188736,0.0025900402,0.021686522,-0.0016854068,0.0015520721,0.00018234503,0.0036232104,0.0010197413,0.0025133553,0.01678372,0.007039621
2015-09-22,0.0011321708,0.00030481888,0.0008098473,1.5617532e-05,0.0017261519,0.0034150397,0.0009606373,0.009841389,0.0014455534,0.002054032,0.0025141449,0.016744396,-0.00037413387,0.0006713079,0.00028747824,0.0015308626,0.0013502128,0.0058325497,0.0,0.001230284
2015-09-23,0.0014573353,0.00028602363,0.00038812956,0.00049458165,0.0016132456,0.0051331036,0.0018894952,7.843341e-05,0.001274763,0.0047135144,0.005895808,0.0008384209,0.0001080878,0.0011682588,0.0032114307,0.0014537409,0.0028001938,0.003167634,0.00050024234,0.0021266555
2015-09-24,0.0013026685,-0.00020659,0.0015817826,0.0065180236,0.00012711178,0.0035648725,0.0011782236,0.0016009762,0.00021710992,0.010934856,0.0030532028,0.0013653467,0.00010453843,0.0018325079,0.0008561117,0.0010496465,0.0026943642,0.00092312455,0.0037400662,0.0016811261
2015-09-25,0.0021287322,0.0009273576,0.0010382727,0.005252501,0.0016895507,0.005805385,0.0035440668,0.0018734215,0.0010600096,0.0007978952,0.0039549484,0.005601675,0.0010375243,0.0037241492,0.001758453,0.0005339514,0.001789418,0.0030905348,0.00038078663,0.0027631258
2015-09-28,0.0015088817,0.0024872567,0.0007907117,0.009980557,0.0025758143,0.006220532,0.0024071338,0.0013291748,0.0010404908,0.0028119362,0.0057158517,0.0016190264,0.0019547942,0.0031525877,0.002734963,0.0011744912,0.00065850466,0.0009388569,0.0014972547,0.0040274155
2015-09-29,-1.7940021e-06,0.0014552332,0.0006190906,0.0024692197,0.00020005924,0.0035619107,0.0023762484,-0.0026046052,0.0020982465,0.0006652189,0.004275242,0.0063942084,0.0048483233,0.0010166201,0.00012078765,0.0024819458,0.0010169671,0.0011647857,0.0011039814,0.0015379376
2015-09-30,0.0006209815,0.007569152,7.9991274e-05,0.008268692,0.00058541744,0.0026906996,0.0029783077,-1.6811377e-05,0.0015257411,0.00062079274,0.003602356,0.0003846636,0.007530038,0.0015238591,-0.0015985612,0.0014842506,0.0010097201,0.00255043,-0.0024522115,0.0013286683
2015-10-01,0.001313174,0.0020891565,0.00093628763,0.0039542248,0.0008671216,0.0004913244,0.0012190002,0.0017928506,6.7648366e-06,0.0007589781,0.0013976231,0.00079521694,0.001049868,-0.00064531015,0.0001211615,0.0005810816,0.0018211013,0.00017270083,0.0,0.0017074408
2015-10-02,0.0059114257,0.0042956695,0.002695233,0.0038322809,0.0007658865,0.0027655833,0.00045710916,0.00065589213,0.0018763407,0.0011817005,0.0007869437,0.00036935837,0.002384798,0.0013897216,0.0011014928,0.0005151248,0.0004575174,0.00065108243,0.0014147867,0.0042527593
2015-10-05,0.0018421687,-0.0022450974,0.0020398048,0.0052834502,0.0009842048,0.0007120911,0.0011520173,0.0017546691,0.0003364931,0.0012505036,-0.00028661065,0.0005684027,0.0015793678,0.0033886905,0.0013788063,0.002092383,0.0014510287,-1.1856068e-06,0.0009091193,0.000387626
2015-10-06,0.003150048,-0.0060628303,0.0026949588,0.0069842194,0.0006289323,5.5844786e-05,0.0009765663,0.0011184397,0.0021521386,0.002983598,-0.0007866133,-0.0031694933,0.00739584,0.005681808,0.009147495,0.0010165125,0.0014761166,0.0,0.0013710791,0.002422789
2015-10-07,0.0026894442,-0.00014679368,0.0019278021,0.0047720727,-8.626564e-05,0.0008299544,0.0028963888,0.0006620456,0.0037829822,0.0011733136,0.00061654596,-0.001333295,0.0010708361,0.0046804096,0.0004665555,0.0019503335,0.0023717901,0.0012032473,0.00022035654,0.0012463018
2015-10-08,-0.0011053113,0.0024310523,0.002060804,0.003740354,-2.736603e-05,0.00054556347,-0.00095910736,0.00021530119,0.002799829,0.0,-0.0011530174,-0.007078659,0.0023752912,0.0007491993,8.162482e-05,0.00038940954,0.0014744838,0.001173313,0.0012907757,0.0003554091
2015-10-09,0.0014450535,0.0022307634,0.0008210126,0.0021116405,-0.0036871512,0.000178738,0.00141844,-0.0005636721,0.0020771606,0.0005421808,-0.00023960149,0.0051230206,0.0012968134,0.00021652936,0.0015663558,0.00090052735,0.00085429155,0.0020999503,0.0015429911,0.0015387331
2015-10-12,0.00034924856,0.005018043,0.0036484895,0.00093547814,-0.0010199642,0.0014898187,-0.00013798746,0.000100486184,0.0018876635,-0.00052210543,0.00017523937,0.006496687,0.002332292,0.00073936436,0.0014996576,0.001132935,0.0007399751,0.00031567138,0.0062207775,-0.00041161574
2015-10-13,0.0008994727,0.0019109278,0.0016883772,0.0016367363,0.00031439945,0.0005368604,-5.431711e-05,0.0012046774,0.0017676402,-0.0019954906,-0.0009679801,0.0024893584,0.0021919303,0.0012432913,0.0022643858,0.0010615862,0.0008313073,0.00022477403,0.0007813285,0.0033753316
2015-10-14,0.0030377456,0.0010392749,0.0024770824,0.0012573913,0.0,0.0019946408,0.0014445976,0.0013414574,0.0012805299,-0.00042567487,-0.000610083,-0.00040010322,0.0013004064,0.0011659793,0.0026818474,0.0026427284,-0.00018079895,0.00038540646,0.006571528,0.0010417145
2015-10-15,0.0008721835,4.259345e-05,0.0002804205,0.0004882355,-0.0043086386,0.0008734964,-0.0007535138,0.0012979141,0.0014248365,0.0,6.86364e-05,0.0011351481,0.00057325343,0.0013041138,0.0029203924,0.0,0.00053754,0.00042985787,0.0042719753,0.0010501345
2015-10-16,0.0016554466,0.00034548575,0.00048283167,0.0019773624,0.0002584108,0.0005853355,-0.003409232,0.0016900082,0.0015042692,0.004793296,-0.00028904885,0.0049431827,-0.0010377159,0.00034914893,0.0037462986,0.0007342036,0.0045743505,0.00082109537,0.0017325595,0.0012050291
2015-10-19,0.00070316007,-0.0020385387,0.002119374,0.0011306794,0.002593001,0.0012719617,0.0011161367,0.0018458823,0.00010958989,0.004999927,0.0019975465,0.0010668066,0.0016503899,5.273291e-05,0.00027982792,0.00071366987,0.0017041649,0.0003772098,0.008561296,0.0013883456
2015-10-20,0.0015293055,0.0020841227,0.00092969177,4.2291136e-05,0.002282104,0.0006814175,0.0013512889,0.001058058,0.0012034825,0.011618926,0.0002805734,0.002639273,0.0009877002,-0.0004942309,0.0009780419,0.0018364731,0.00053060986,0.0,0.00034486072,0.001672531
2015-10-21,-0.0004281199,0.002099227,0.0006626983,-0.0001638193,0.0015810581,0.0018862808,0.0008863344,0.0,0.0011817381,0.0054313852,0.00031276557,0.0034136386,0.0013256471,-0.0017009334,0.0024193285,0.0055869482,0.0,0.0004084818,-0.0037072427,0.00091341714
2015-10-22,0.0007675226,0.006135223,0.0015485887,9.9939985e-05,0.0008278309,0.0016005844,-0.0006375671,-0.00027182503,0.00088669057,0.0014474423,0.00097503996,0.0028326476,0.000982717,0.0009369439,0.0010246679,-6.5705906e-05,0.0020729753,0.0,0.0008979832,0.0016326201
2015-10-23,0.003331574,0.0047787414,0.0016843674,0.002000244,0.002426659,0.001042839,-0.0025856462,0.0010354591,0.0044694347,6.7019915e-05,0.0033154886,0.0010402186,0.00043957162,0.0,-0.00083339965,-0.001223206,0.0023401943,-0.0015240073,0.0008760936,0.0
2015-10-26,0.0007585957,0.0013262915,0.0009033121,0.0008704843,0.0037457119,0.001543138,-0.0060594194,0.002238213,0.001801693,0.0018387756,0.0026405614,0.0010635648,0.00014020113,0.0014985057,-0.0005059397,-0.00043537217,0.0021835817,0.0007177827,-0.009263577,0.0011783696
2015-10-27,0.00077314756,0.00088592584,-0.0011633973,0.00065674004,0.0026338387,0.00068769156,-0.0014890059,0.0017102938,0.0030301665,0.0001399563,0.0020833353,0.0021896958,0.0,-0.0004938689,0.0029259103,0.0015051811,7.5999844e-05,0.0011162567,-0.00080328627,0.0019365803
2015-10-28,0.00026099375,0.000673344,-0.0029545033,0.0001665963,-0.00028781925,0.0014928789,0.0011807056,0.0032113087,0.0020433192,0.0010470623,0.00078256166,0.0021966007,0.0043140184,0.0009082916,0.002718424,0.0005260131,0.00050992856,0.0015805857,0.0033170604,0.0016222174
2015-10-29,0.007582642,0.0026574084,-0.00046043567,0.00067592686,0.0015881803,0.0019923886,0.0012612564,0.002326565,-0.00083645235,0.00082672545,0.0007678013,0.0046410607,0.0035884916,0.0007878095,0.0011658237,-0.00044116494,-0.00061204034,0.0010178951,0.001118247,-1.3232081e-05
2015-10-30,0.0026440455,0.00022050223,0.0,0.0008695383,-8.425663e-06,0.00378559,0.0020909943,0.0024245388,0.0008582769,0.0007966758,0.002664821,0.009232832,0.0020919943,0.001490395,0.0011616071,0.002888516,0.00033011517,0.0005391485,0.0003449651,0.00019669476
2015-11-02,0.00150423,-1.6008482e-05,0.0010825434,0.0,0.00050899875,0.0021985192,0.0023965833,0.002995254,0.0035594276,0.0006651514,0.0019782763,0.002725933,0.0036272998,0.0011762073,0.0007448063,0.0001682226,0.0015996903,0.0023887013,0.0088666715,-0.0016746767
2015-11-03,0.0018868081,0.00029561965,0.0011531657,-0.00083700556,-0.0005923257,0.0013812602,0.0016243556,0.0008781484,0.00075388874,0.0021829857,0.0010113268,0.0054522026,0.0029946486,0.0022961167,0.00044212828,-0.00024263623,0.0005503097,0.001910944,0.0012149502,0.0007436531
2015-11-04,0.0014419131,-0.00019565332,0.0013553238,-0.0008427385,0.00116623,0.0025022572,0.0009551261,0.00083041633,0.0044762646,0.0021848392,0.0027054646,0.006285775,0.0006861314,0.0020730281,7.350614e-05,0.0025766206,0.0,0.0022699744,0.0010087382,0.0006266707
2015-11-05,0.0006646843,0.0019567984,0.002174945,0.0016556244,0.0,0.0,0.0002517585,0.002836822,0.0010592188,0.0023370858,0.0036727258,0.0075716292,0.00050083967,0.0014083185,0.0011445101,0.001460452,0.0013164647,0.0019245902,0.0010858695,0.0004485059
2015-11-06,0.0003269522,0.00036323277,0.0005329321,0.007141225,0.0006284138,0.002419677,0.0005928082,0.003038143,0.0037866628,0.0008165946,0.0040029925,0.0034181585,0.0003998529,0.0019385815,0.003945478,0.00087820506,0.00015229944,0.002573596,0.00021129778,0.0020258978
2015-11-09,-0.00091974216,3.0831867e-05,0.0012518677,0.0037617835,0.00040578147,0.0015052978,0.0019432914,0.0015540606,0.0026889846,0.0013116294,0.0,0.0025402454,-0.0009804592,0.0013322673,0.00066089444,0.0008823678,0.001067649,0.0012329262,-0.014522385,0.004203282
2015-11-10,0.0011945548,0.00020302791,0.0010133812,-0.00019523784,0.0016509889,0.00081925024,0.0014143898,0.0016703155,0.0029201808,0.0015468756,0.00081075786,0.0022263967,0.00136345,0.00093626365,0.0024328479,0.0031360057,0.0005510261,0.0029766443,-0.011421827,0.0040262067
2015-11-11,0.0017653559,0.0013302414,0.00058451854,0.0016126042,0.0006637252,0.002100036,0.0035574387,0.0006409334,0.0011491014,0.0021897843,0.00044467,0.00493676,0.0021380216,0.0,0.0014548546,0.0006181876,0.00043933577,0.0021599089,-0.0070181065,0.006278676
2015-11-12,0.00057386083,0.0007323551,0.0009700767,0.0029080743,0.0019067342,0.0018979831,0.0012144628,0.0005441868,0.0003656625,0.0010481857,0.0007439833,0.0020116435,0.00036885403,0.0008779589,0.0010272793,0.0012449926,0.0014117475,0.0008864856,-0.0005347091,0.0035830808
2015-11-13,0.0012416376,0.0017527277,0.00025104237,0.001242448,0.0041133207,0.0014217453,0.0,0.0021170322,0.0004721047,0.0006036506,0.0019273227,0.0036127942,0.0018402472,0.000210253,0.0009752355,1.8120896e-05,0.0011793557,0.0031093229,0.0005446484,0.0022680887
2015-11-16,0.0024160314,0.0012907486,0.0030371922,0.001170043,0.0029316007,0.001219621,0.0021058803,0.0010714442,0.0011779037,0.0009632658,0.0018461953,0.00068193965,0.00052394805,0.0026558593,0.0006962954,0.00062877557,0.0022914212,0.0017843271,0.00076945644,0.0027575654
2015-11-17,0.00060463557,0.0005279844,0.00072146184,0.0011733869,0.002334096,8.688374e-06,0.002112201,0.0029795677,0.0004527405,-0.0008341543,0.0069424743,0.0008076887,0.001207674,1.6371914e-05,-0.0003860427,0.0011636842,0.0010511427,0.0014907268,0.001232606,0.0016802126
2015-11-18,0.002477645,0.0018003318,0.001531977,0.00020791282,0.0018408927,0.0007667193,0.0007891597,0.0013816232,-0.000114204675,0.0015775312,0.0021650468,0.0,-0.0008802144,0.0012040539,0.0026547713,0.0015206448,-0.0003939786,0.0006881953,0.0056621474,0.0010150917
2015-11-19,0.0013999891,0.0012550267,0.0026150534,0.0016501715,0.0013215598,-0.0006351007,0.0011441164,0.0012625663,0.00038653947,0.001998738,3.3284953e-06,0.000985533,0.0016874414,0.0012802541,0.003898952,-4.631471e-05,0.0010253873,-7.592242e-05,0.0027080013,0.0002789039
2015-11-20,-0.0006831061,0.00062695605,0.000548005,0.0030010638,0.001411044,0.0013845993,0.00034800614,0.0019253882,0.0019288571,0.0009290366,0.0008441899,8.7481945e-05,0.0023787501,0.00090720685,0.0033562544,0.0,0.0013237344,-5.2758307e-05,0.0068297964,0.0002679096
2015-11-23,0.00021043797,-0.00021136366,0.0012059157,0.0013508775,-0.00047234373,0.001356898,0.00074488274,0.0013430585,0.0042662756,0.0004237347,0.0011159548,0.0,0.003657485,0.0008526463,0.0020837863,-0.00089840544,0.00493211,0.00024193525,0.00083924993,0.0018058906
2015-11-24,0.00065135735,0.0029135991,0.0019823925,0.001500732,-0.0005375142,0.00028234944,0.0006589745,0.0018422846,0.0013336026,0.0010133374,0.00024424226,0.00022167667,0.00043001553,0.0010905222,0.0018400303,0.00041046488,0.0026906398,0.0011394144,0.0017024045,0.0018379914
2015-11-25,-0.00011273425,0.0018128897,0.0021619613,0.0024987694,0.0015711104,0.0018798459,0.0020900876,0.00093497534,0.00078215613,0.0,0.0,0.0039084223,0.0012574467,0.0009724568,0.0006548208,-0.0014445579,0.004145563,0.0016717187,-0.0009790545,0.002434714
2015-11-26,0.0006144311,0.0011771589,0.0014120013,0.002966026,0.0029251832,0.0028880658,0.00057215226,0.00043050057,0.0015873025,0.001154811,0.0004288035,0.0061563523,0.0014044271,0.00078131293,0.001475499,0.0013084605,0.0016845181,0.00086960354,0.0074808453,0.00021105188
2015-11-27,0.0011670149,0.0007679281,-0.00095263735,0.0035530908,0.004350807,0.0027240126,0.001384921,-0.0011389919,0.0018344974,-0.00046497144,0.0011743909,0.002338418,0.0015963328,0.0009142857,0.0006563399,0.0018672786,0.0020486237,0.0024284907,1.6296582e-06,0.00058353925
2015-11-30,-5.251101e-05,0.0035746463,0.0015802161,0.0015468341,0.003659221,0.0022847303,0.0009660736,0.0014845012,0.0026404548,-5.24461e-05,0.0017045449,0.0006443584,0.00022582934,0.0018084953,0.0047808792,0.0034058234,0.0022058971,0.0013853243,0.0056116795,0.0
2015-12-01,0.0006210646,0.0011163537,0.0031547442,0.0018002752,0.0017368506,0.0018330596,0.000650194,0.0006306721,0.0010696582,0.00012732504,0.001845269,-0.00035728383,0.00030293904,0.001541082,0.0015789717,0.0013974375,0.001991699,0.0016784956,0.0010102586,0.00051611
2015-12-02,0.0,0.00067843584,0.0011697152,0.005136746,0.0012006487,0.0002519376,0.00042004662,-0.00021701514,0.0012037479,0.00150875,0.00068734994,0.0,0.0010139677,0.0006699592,0.0005764765,0.0011567401,0.0014778035,0.0010759608,0.006103167,0.00023277862
2015-12-03,0.001652199,0.0010499093,0.0011605002,0.0019163507,0.0014606649,0.0003107162,0.00019756447,0.0,0.00083021435,0.001875282,0.0010165425,-0.0021656766,0.0044145277,0.0014814785,0.0010597127,0.0038745606,0.000919581,-5.4438573e-05,0.008109355,0.00083436695
2015-12-04,0.0017540582,0.0017386982,0.0013992197,0.0010469743,0.0035992924,0.0006168548,0.0009866961,0.0008511274,0.0039463486,0.0011084988,0.0006689429,0.0002800437,0.0053895907,0.0013505731,0.00035876624,0.0012689531,0.002076906,0.0,0.013619866,0.0037081006
2015-12-07,0.000106012536,0.004352616,0.0035099075,-0.00018013606,0.0018162495,0.0008283143,0.0005434613,0.0008654122,0.00024713227,0.00083367707,0.0009341075,0.00039200325,0.0075747273,0.00063300924,0.00079877937,0.0016987124,0.0010164939,1.4709857e-05,0.0094840415,0.0015868702
2015-12-08,0.001105823,0.0047792126,0.003469174,-0.00031759587,0.0013462557,0.00050111185,0.000486772,0.0020950644,0.00061121414,0.0007253093,8.7412525e-05,0.00029985287,0.001577412,0.00047778725,0.00016890184,0.0018500714,0.0013603005,0.0012973427,0.0035773355,0.0010667326
2015-12-09,0.0006052133,0.0019968606,0.0014158068,0.0012919857,0.0009129552,0.0010829191,5.553332e-05,0.0039248466,0.0021152478,0.0012978853,-0.0014179262,-0.0014918799,0.003997015,0.00038687733,0.0009427476,0.00053109834,0.0011124603,0.00010740787,0.0057375426,0.0008862598
2015-12-10,0.0016940893,0.0030620545,0.0010197769,0.0004012952,-0.00045410974,0.0022216465,0.0,0.003315399,0.0026493024,0.0013803005,0.0012935712,0.0023801024,0.0038438628,0.0012370223,0.0007122045,0.0014846232,0.0007968691,0.0011461898,0.012989365,0.001854578
2015-12-11,0.0014093877,0.003196428,0.000666928,-0.00018166503,-0.00017820892,0.002266215,-0.001168199,0.0020851942,0.0032088545,0.0017158877,0.00043109112,0.0009386267,0.0014217152,0.0006224032,-0.0013135883,0.0012339925,0.0024246331,0.0010410172,0.0016780873,0.0028584257
2015-12-14,-0.0013667359,0.00023538177,0.0019142628,0.0024606793,0.00065245316,0.0015608206,0.0007152328,0.0017702195,0.0005907028,0.00090730155,-0.0005644458,0.0013573988,0.0021956344,0.0041492325,0.0,0.00066656916,0.002401492,0.0011359233,-0.0005644458,0.0015608206
2015-12-15,0.0005338752,0.0051210616,0.0037942152,0.001176983,0.00028167048,0.0013974318,0.0023054723,0.0020932443,0.00081499765,0.0037084036,0.004825347,0.00056153716,0.004269262,0.0011192729,0.0005908679,0.0037882654,0.0025476983,0.001473372,0.004825347,0.0013974318
2015-12-16,-0.0001317792,0.003821105,0.0063780425,0.0011708024,0.000605429,0.0009509212,0.0016643803,0.000814401,0.0018049971,0.0009475553,0.0034271404,0.00025883433,0.0058581345,0.0015692527,0.00041998219,0.0030681244,0.0024039836,0.0011183607,0.0034271404,0.0009509212
2015-12-17,6.114289e-05,0.0060228505,0.0010701624,0.002192954,0.00010835262,0.0016542833,0.0034027745,0.0009284145,0.0016343636,0.003658659,0.008557764,0.0005700598,0.0007655556,0.0020877637,0.0017203286,0.0043593734,0.004911443,0.001240014,0.008557764,0.0016542833
2015-12-18,6.6150285e-05,-0.0009780297,0.003176244,0.0013116678,0.0,0.001284339,0.0054436694,0.0005289869,-0.0020826801,0.00015166076,0.0033965644,-0.0009843174,0.0003705012,0.002429981,0.00025930893,0.0019086985,0.002831175,0.0012302671,0.0033965644,0.001284339
2015-12-21,0.0014742544,-0.0038995831,0.0022539778,7.671624e-05,0.0008412378,0.0013785308,0.0014290949,0.002060886,0.00034064834,0.0019100057,0.0023842405,6.941904e-05,-0.0016823952,0.009085826,-0.00086216937,0.0023265905,-0.0037094601,0.0015072057,0.0023842405,0.0013785308
2015-12-22,0.00074915093,0.0031560932,0.008337402,0.0019931037,0.0019212811,0.0001654418,0.0022018692,0.00088228605,-0.00066570885,0.0012507549,7.2534065e-05,-0.0004719247,-0.0007571529,-0.00028551082,0.00057812413,0.004479183,0.0011333801,2.953379e-05,7.2534065e-05,0.0001654418
2015-12-23,0.0012441906,0.0012347297,0.001301156,0.000768752,0.0012287393,0.0010275849,0.0003992017,0.004149557,0.0010121218,0.002642706,-0.0007544166,0.0005730537,0.00048743305,0.00075480883,-0.0020185378,0.004100351,0.00020278018,0.0011819658,-0.0007544166,0.0010275849
2015-12-24,-0.0002097303,0.0011018963,0.0027590208,0.001641285,0.0005905356,0.0009895323,0.0009686739,0.003645622,0.00038969395,0.002252756,0.0007672675,-0.00014554111,-0.0007609136,0.00042301323,-0.0005759081,0.00203295,0.0003816241,0.0007386174,0.0007672675,0.0009895323
2015-12-25,-0.0016253479,0.0015454554,0.0018754125,0.0028316162,0.0013753545,0.0012529531,0.002220384,0.001481842,0.001660233,0.00068214955,0.0010826641,0.0,0.0014099838,9.5619755e-05,0.0017126576,0.0024037468,0.00065626623,0.0,0.0010826641,0.0012529531
2015-12-28,-0.0024569344,0.0068274206,0.0038958744,0.0047743074,0.0008543232,0.0021994978,0.0044894093,0.0011776255,0.0009504461,0.00048291616,0.0015491068,0.00025561647,0.0055406727,0.0007217553,0.00058864773,0.0016457945,0.0008019481,0.0009682176,0.0015491068,0.0021994978
2015-12-29,-0.0014430612,0.001583553,0.002333499,0.00042206421,0.0015304332,0.0015272459,0.001692789,0.0006518342,0.0019194552,0.0018261415,0.00038457973,0.00022510799,-0.0009404455,0.0004001268,0.0016955322,0.002828059,0.00086014776,0.0015514853,0.00038457973,0.0015272459
2015-12-30,0.0005253198,0.0005173144,0.0026911593,0.0034029447,0.0009821643,0.0015851429,0.001984647,-7.464679e-06,0.0017174679,0.002738513,0.0005880697,-0.0007302955,0.0011271123,-0.0015998428,0.0027072907,0.0016883634,0.0022371735,0.0010501521,0.0005880697,0.0015851429
2015-12-31,0.0011865895,0.0010407026,-5.239355e-06,0.0021904735,0.00041281464,0.0018348441,0.0025044023,5.4222422e-05,0.0018381135,0.0007332619,0.0013774476,0.002511151,0.0035019282,0.00015920497,0.0024142854,0.003908145,0.0010161537,0.0013324745,0.0013774476,0.0018348441
2016-01-01,0.0076868944,0.000887247,0.0006886302,0.00023038134,0.0016390557,0.002024718,0.00072640093,0.0016918813,0.0015765892,0.0013253533,0.00079452083,0.002088381,0.0008870974,0.0009012436,0.0013834579,0.002099195,0.0026578908,0.00093020854,0.00079452083,0.002024718
2016-01-04,0.0026600822,0.001290512,0.0048864754,0.0,0.0016644634,0.0010160554,0.0024423543,0.0011858983,0.0009579889,0.00021685465,0.0022581697,0.0006048205,0.0028737881,-0.0009785893,0.003219095,0.0024131136,0.00020941024,0.00024611386,0.0022581697,0.0010160554
2016-01-05,0.0020225842,0.0074100154,0.0013235563,-0.00025268458,0.0016765288,0.0007309725,0.0022822297,0.0013508451,0.0020309682,0.0008472824,0.00179428,0.00020712808,0.0026225727,0.00043982355,0.0016927216,0.0015736058,0.0013769926,0.00020980796,0.00179428,0.0007309725
2016-01-06,0.0018507994,0.003277303,0.0047698882,-0.00070966623,0.00021231323,0.0008347092,0.0015463968,0.000100964884,0.005194164,0.0011849279,0.000738688,0.00065944914,0.0016225211,-0.0005086196,0.0011372413,0.0021449567,0.0012279807,0.00083373836,0.000738688,0.0008347092
2016-01-07,0.0009414355,0.0033999202,0.0034760353,0.0019252836,0.0009800234,0.0017267611,0.0017003525,0.00043234834,0.0037567085,0.0006820419,0.00012255504,0.0009700082,0.0017630142,0.0,0.0015577467,0.0010750452,0.000577587,0.00043797615,0.00012255504,0.0017267611
2016-01-08,0.0021247456,0.0022164688,0.00057800027,0.0016576377,0.001388445,0.0008800666,0.0006324474,0.00030042208,0.00085438683,0.0018631382,0.0011170548,0.00041478756,0.0007608579,0.0,0.0005094543,0.0021139716,0.0023646895,0.001814,0.0011170548,0.0008800666
2016-01-11,0.0010294477,0.0036214401,0.0016508522,0.0004887884,0.0010297215,0.001065462,-6.927222e-05,0.0017313506,0.0025489072,0.0018098066,0.000683174,0.0008977113,0.0008910035,-0.00087689847,0.0005526894,0.001329899,0.0019838836,0.002140058,0.000683174,0.001065462
2016-01-12,0.0020984837,0.0069830446,0.00035624878,0.0013995738,0.00074170553,0.0007509828,0.0012467514,0.0017444077,0.0014540424,0.0020992034,0.0011881436,-0.00017807382,0.004949403,-0.00013230534,0.0014709592,0.002801191,0.0020951175,0.0014735988,0.0011881436,0.0007509828
2016-01-13,0.0036539738,0.0015613979,0.003560127,0.0025091954,0.0015423662,0.0008350192,0.00017924134,0.00094963756,0.0,0.0030799701,0.00041540086,0.0012322798,0.0018759399,0.00069787825,0.0023138865,0.0001988109,0.0033882665,0.0018788473,0.00041540086,0.0008350192
2016-01-14,0.0022823114,0.0031860739,0.00036510456,0.0050660768,0.0012282998,0.0010645044,0.0013991435,0.0005022836,0.0007147383,0.002418884,0.0010279183,0.0011503156,0.003697768,0.0043236637,0.0018775227,0.00016586152,0.0011725978,0.0014990723,0.0010279183,0.0010645044
2016-01-15,0.0014791677,0.00043407516,0.002145088,0.0013785306,0.0005847991,0.0011301362,0.0015044785,0.00033562517,0.00071254955,0.001630567,0.0021230646,0.0019645204,0.00030173582,0.0021495207,0.0018193919,-0.00051248586,0.0012732096,0.00042548767,0.0021230646,0.0011301362
2016-01-18,0.0024710668,0.00021795902,-1.70117e-05,0.001441643,0.0011009572,0.0010709242,0.00090545404,0.0013119807,-0.001083975,0.001253377,0.0037074673,0.00040484927,0.00075908756,0.0015355988,0.0011782283,0.0011979447,0.00074196915,0.0011132165,0.0037074673,0.0010709242
2016-01-19,0.0018777348,0.0018435813,0.007714901,0.002592115,0.0005022008,0.0,0.0020200778,-0.002001389,0.00068903965,0.00081217993,0.00071956037,-0.000125568,0.0010264996,0.00043260353,0.0,-0.000133078,0.00040360555,0.00042353454,0.00071956037,0.0
2016-01-20,0.0049885768,0.0013436282,0.0046069217,0.0020817355,0.0002902677,0.0017244202,0.0005020595,0.002866695,-2.1531607e-05,0.0015615709,0.0047731423,0.0,0.002657813,0.0018196395,0.0014027137,-0.00041091538,0.00028097202,0.0006549611,0.0047731423,0.0017244202
2016-01-21,0.0054506017,0.0011899818,0.005276063,0.0028511523,0.0,0.0022161745,0.0015576069,0.0035438396,0.0005904752,0.001114684,0.0033187668,0.0018334007,0.001493192,0.0027317826,0.0015281893,5.3034244e-05,0.00053821056,0.0015966897,0.0033187668,0.0022161745
2016-01-22,0.0011723444,0.00071840314,0.0015590626,0.0047330866,0.00036995026,0.0009824758,0.0016740687,0.0014651637,0.0017277078,0.0013236614,0.0017281458,0.001271982,0.0010670607,0.00211849,0.0013059113,0.0005925705,0.00047361827,0.0015835554,0.0017281458,0.0009824758
2016-01-25,0.0025694077,0.00031640675,0.00034881022,0.0005804028,0.0013475321,0.0013627484,0.0012972741,0.00040579963,0.0015449545,0.003279483,0.004249934,0.0009756201,0.0014838958,0.0011193773,0.00037626026,0.00050231005,0.00052242406,0.0011745587,0.004249934,0.0013627484
2016-01-26,0.008244797,0.0002955358,-0.0007353533,0.0007015655,0.0003417262,0.00091527647,0.00024010902,0.0004945496,0.0,0.0019008721,0.005516414,0.002090839,0.0008989378,0.0016818317,0.0004632485,0.0016613379,0.0012788825,0.0010953773,0.005516414,0.00091527647
2016-01-27,0.0,0.0043112044,0.0010164387,0.0006059465,0.00039530554,0.001103726,0.00025232526,-0.00014274954,0.0029802702,0.006610751,0.0011716562,0.0014447699,0.00071135914,0.00087020453,0.0011795318,0.0019297114,0.00088305713,0.000541541,0.0011716562,0.001103726
2016-01-28,0.0014023015,0.006136141,0.0017083528,0.0018440061,-9.3921786e-05,0.00046907278,0.0022230407,0.00045520658,0.0032015534,0.010298373,1.6941298e-05,0.0013490423,-0.002189198,0.005932896,0.00063306175,0.001623294,0.001740267,0.00023639631,1.6941298e-05,0.00046907278
2016-01-29,0.0021917156,0.0022895401,0.00041580555,0.0018999997,0.0,0.0011295271,0.002385162,0.00072871055,0.003381281,0.0015990746,0.010152697,0.0013180255,-0.00015639912,0.0033248167,0.0006059584,0.00034545822,0.0024310355,-0.0003109101,0.010152697,0.0011295271
2016-02-01,0.002322451,0.005092273,0.0005312869,-0.00039642194,0.0007410171,0.000996901,0.0016340354,0.0005273611,0.0029007848,0.0042929123,0.00096154364,0.0016012006,0.0014405136,0.0062219435,0.0,0.0008489851,0.003301817,0.00013463269,0.00096154364,0.000996901
2016-02-02,0.0004247094,0.005061383,0.0014767858,0.0005518941,-0.0018953065,0.00063154486,0.0014105588,0.00053322257,0.0010110788,0.0012279695,0.0036624712,0.0012223092,0.0031890217,0.002215994,0.0016757919,0.0010819084,0.002429265,-0.0011834219,0.0036624712,0.00063154486
2016-02-03,0.00084824616,0.0022156504,0.00082690094,0.0022196355,-0.00035360444,0.00092142617,0.00071192445,0.0011206239,0.0013457977,0.0014119545,0.0019158127,0.0007145796,0.0011714917,0.0027528557,0.0014518709,0.0009366619,0.0011642721,-0.00040695138,0.0019158127,0.00092142617
2016-02-04,0.00050268794,0.00041450743,1.1286264e-05,0.0011003312,-0.00046051832,-0.00014131509,0.0016486491,0.0014331348,0.0008484137,0.0012496606,0.0013868271,0.000799981,0.0049665705,0.00012289494,0.0013255479,0.0014571577,0.0011779864,-0.00056516775,0.0013868271,-0.00014131509
2016-02-05,0.0010236423,-0.00015653689,0.0021112738,0.00089524133,0.0033455673,0.00038375444,0.0009378095,-0.0011098122,0.002648987,0.0009938052,0.003198042,0.0007954454,0.0028286153,0.002411374,0.0012679499,0.0015516953,0.0022633092,-0.00014928206,0.003198042,0.00038375444
2016-02-08,-0.0009421282,0.0058067385,0.0010154336,0.0018419209,0.0012025215,0.00020887009,0.0012544242,8.593111e-05,0.0034632315,0.0,0.0014973122,0.00040726905,0.005602457,0.004272987,0.001509837,0.0004935737,0.0033108988,0.0012567271,0.0014973122,0.00020887009
2016-02-09,-0.00014928865,-0.00037823932,0.0027922946,0.0003780414,0.0021845396,0.00041259176,0.0017540698,0.00079802744,0.0049763033,0.00078077347,0.0058104033,0.00021059145,0.002102904,0.002602661,0.001046186,0.0008090045,0.0026456583,0.0007307174,0.0058104033,0.00041259176
2016-02-10,0.00025914938,0.0006779974,0.0015063992,0.0018866394,0.002933451,0.00024322748,0.002404965,0.00066127465,0.0035797937,0.00074345997,0.000970374,0.0001394366,0.0012790156,0.0050310553,0.0015010793,0.0008187483,0.00095957436,0.0010894857,0.000970374,0.00024322748
2016-02-11,-0.0023529786,0.0004515147,0.00057059014,-0.0028459628,0.0013990744,0.0010384568,-3.3865585e-05,0.0013798368,0.001405515,0.0007893159,0.00028952197,7.96835e-05,0.0012691757,0.0032444433,0.00024883158,0.0010225931,0.002124287,0.0007469489,0.00028952197,0.0010384568
2016-02-12,0.0009904015,0.0022716497,0.00072756317,0.0020729343,0.0017728568,0.0011530225,0.0019096618,0.0013241842,0.0005557516,0.0026843008,0.00019351071,0.00036315506,0.0002703821,0.0038815257,0.00015779202,0.0,0.0017999519,0.00028418173,0.00019351071,0.0011530225
2016-02-15,0.0025503754,0.0010196102,0.0009254908,-1.2187053e-05,0.0010606687,0.001041348,0.00047945548,0.0011549159,0.000889054,0.0025374352,0.0,0.00036880703,0.0,0.0014985882,0.0010607222,0.0,0.004214988,0.00021291648,0.0,0.001041348
2016-02-16,0.00010182954,0.002744074,0.0011703698,0.0,0.00097105734,0.0018769242,-0.0060248086,0.0008002237,0.0013500663,0.0006848067,-0.0036938626,0.0006454444,0.0002935012,0.0003035669,0.0019475024,0.00046849504,0.0013069493,0.0,-0.0036938626,0.0018769242
2016-02-17,0.0018313128,0.0029760764,0.0013911936,0.00070459157,0.0018535006,0.0014291881,-0.0038440803,-1.6841725e-05,0.00067387545,0.0002494982,0.0015948855,0.0010806199,0.00087809836,0.00054421887,0.00045745162,5.53231e-06,0.0007360335,0.00039667435,0.0015948855,0.0014291881
2016-02-18,0.002196775,0.002389397,-4.1465475e-05,0.0022979076,0.0016343099,0.0019035366,0.0007860984,-0.0004333104,0.0013864491,0.0021259738,0.0011185439,0.0013770368,-4.1071517e-06,-0.0011596205,0.00017552423,0.0017088029,0.0004505919,0.0009128597,0.0011185439,0.0019035366
2016-02-19,0.0015189237,0.00021095687,0.0015380109,0.0018182299,0.0010915664,0.0008317687,-0.00028779672,-0.0025609198,0.0003125113,0.0017357375,0.0009353309,0.0005713619,-0.00039767486,-0.0029871431,0.00016879513,0.00212414,0.0016922742,0.00087264966,0.0009353309,0.0008317687
2016-02-22,0.004777287,0.0,-0.0005144274,0.0018200577,0.0010666233,0.00061492645,0.0009698308,-0.00035853256,0.0021550595,0.0023544698,-0.0010290595,0.0009473769,0.00097224273,0.0011745659,0.0011415652,0.0010908268,0.0007774181,0.00062257616,-0.0010290595,0.00061492645
2016-02-23,0.00334716,0.0005708689,0.0009392054,0.0018895682,0.002128333,0.00034323847,0.0012985697,0.00078957767,0.0024986027,0.00059389084,0.001545551,0.0013244468,0.00039066508,0.0035131478,0.0011517584,0.00014634576,-0.0013158974,0.001538529,0.001545551,0.00034323847
2016-02-24,0.0043717264,0.00076218985,0.0,0.00047486645,0.0015600137,0.00057528174,0.0010159207,0.0014781597,0.0012182719,0.0005945739,0.0011046594,0.0011943978,0.0019835122,0.0011911327,0.00075519725,0.00048039612,-0.0019165612,0.0013246168,0.0011046594,0.00057528174
2016-02-25,0.0014747713,0.0,0.0022621625,0.001627784,0.0019009269,0.00019547681,6.37389e-05,0.00020794253,0.0031485434,-5.4142725e-05,0.0015441473,0.0009686434,0.0014856422,0.0037429414,0.0011806549,-0.00037276873,-0.0024068193,0.0018437428,0.0015441473,0.00019547681
2016-02-26,0.0021458385,0.0041117915,0.0011125479,0.0011726049,0.0009189387,3.3716802e-05,0.0011122059,0.00074896344,0.0012728871,0.0018040928,0.00082460576,0.00019042895,0.000974718,0.007072559,0.0006781976,-0.00092374417,-0.0024446899,0.0012098445,0.00082460576,3.3716802e-05
2016-02-29,0.0022266977,0.007264657,0.0013318111,0.0024148626,0.0015409689,2.0823947e-05,0.0011831223,0.0020595775,0.0028787516,0.0021917387,0.0007602592,1.1999183e-05,0.0010606839,0.0030399165,0.0,-0.0012259333,0.0012345999,0.0006644051,0.0007602592,2.0823947e-05
2016-03-01,0.0008518763,0.006974513,0.0020774184,0.00037814598,0.0007479204,0.0013000026,0.000997813,1.832346e-05,0.0017350633,0.0019389474,0.0012260173,0.00073137286,0.0012269279,0.0013759907,-0.00025833535,-0.0003417813,0.0015926395,0.0007113936,0.0012260173,0.0013000026
2016-03-02,0.0011939262,0.0033887636,0.0013687239,-0.0007230014,0.0008849295,0.0013815752,0.0014714863,-0.0013128436,0.0011997467,0.0016100662,0.0013735075,0.00041154958,0.0020524818,0.0,0.0001787634,0.0006753467,0.0033860472,0.0017528512,0.0013735075,0.0013815752
2016-03-03,0.0002167538,0.0014432229,0.0021863566,0.0005030413,0.0,0.0012311941,0.000389308,-0.004643977,0.0009517673,0.0061717797,0.0,0.0010511416,0.00029983988,0.0008135813,6.8904716e-05,0.0012106751,0.0011250584,0.0013828708,0.0,0.0012311941
2016-03-04,0.00033498066,0.002093389,0.0014580112,0.00189393,0.00045820864,0.0015658021,0.00030013488,-0.0016197268,0.00023329817,0.0035073177,0.00091930694,0.0013941204,0.00041851358,-0.00013364063,-2.6311309e-05,-0.0014519885,0.0013494395,0.0009146149,0.00091930694,0.0015658021
2016-03-07,0.0049224296,0.0013790163,0.002195111,0.0013741101,0.0005580224,0.000776286,0.00038701764,-0.0008581365,0.0019545008,0.0019757096,0.0008639367,0.0014550211,-0.0012728374,0.0009845903,9.185267e-05,-0.00039805213,0.0,0.00047755512,0.0008639367,0.000776286
2016-03-08,0.0010310168,0.0034668408,0.0022062962,0.0053737704,0.0006859861,0.0009323385,-0.0015228541,-0.000806518,0.00027098483,0.00097033754,0.00066445046,0.00088290725,-0.0004910435,0.00015842232,0.0,0.00058330543,0.0016645236,0.0019944606,0.00066445046,0.0009323385
2016-03-09,0.00091457705,0.004521706,0.0013991998,0.0016918659,0.0010145872,0.0012896715,-0.00028798214,0.0032221444,-0.00011396507,0.0051133144,-0.00016837195,0.0014533929,0.001127008,0.00020216497,0.0017667048,0.0012061448,-0.00089410646,0.002692289,-0.00016837195,0.0012896715
2016-03-10,0.0016371803,0.003402124,0.00085121853,0.0012944932,0.0,0.00065280724,0.0011797926,-0.00015513078,0.0,0.0018223827,0.00056346046,0.0005472813,0.0005880146,0.0014922747,0.0010296777,0.0017775679,0.0016284854,0.0010205498,0.00056346046,0.00065280724
2016-03-11,0.00087702886,0.0009699508,0.00031269758,0.0011957501,0.00053778896,0.0011539096,0.00085302803,0.00037077873,0.0008727824,0.0013452397,0.0009939742,-0.00016761596,0.00093428494,0.0042622774,-7.312244e-05,-0.000116493524,0.00084399764,0.004964008,0.0009939742,0.0011539096
2016-03-14,0.005720146,0.001084017,0.00084698695,0.0043929424,0.00040721343,0.010519009,0.00080734264,0.003180942,0.00039538534,0.0016441765,0.0011659262,-0.00892229,0.0024018094,0.0015360342,0.006446227,-0.0005650514,-0.0018852915,0.007834712,0.0011659262,0.010519009
2016-03-15,0.008622418,0.0007763514,0.0013603886,0.0015760515,0.0009799448,0.0054288693,0.0014819935,-0.0006907616,7.1942784e-05,6.17555e-05,0.00094747194,-6.8541325e-05,0.0012919168,0.0016308987,0.0024251123,-0.00024204559,0.00029196835,0.00023227041,0.00094747194,0.0054288693
2016-03-16,0.0026981295,0.000913609,0.0008032966,0.00441111,0.0029842805,0.0013841935,0.0028538846,-1.2196536e-05,0.00032980705,0.00015865758,0.0010551983,-0.0022182832,0.009386591,0.00107149,0.0016206106,0.002628301,0.0003261447,0.0003174474,0.0010551983,0.0013841935
2016-03-17,0.0030161934,5.5450608e-05,0.0014360222,0.002882313,-0.0008197115,0.0019114988,0.0030024853,-0.0013507765,0.0015413939,0.0009913339,0.0016724579,0.0015163089,0.0006851191,0.0015358137,0.0039806347,0.007693135,0.0012142474,-1.1463357e-05,0.0016724579,0.0019114988
2016-03-18,0.0040010293,0.0012289673,0.0007076236,0.0032145227,-0.0001424581,0.00609491,0.0024654937,-0.0004793344,9.309921e-05,0.0011504231,0.0003043643,-0.0002036483,0.007582418,-0.0002653539,0.00023445173,0.023477223,0.00089660985,0.00010865759,0.0003043643,0.00609491
2016-03-21,0.005996831,0.0019091658,0.0014599324,0.002827117,0.00042984536,0.0015000709,0.0005882902,-0.000118049225,0.0005589835,0.0033398364,-0.00014169977,0.0028171942,0.0008339247,0.00079860026,0.00015856694,0.0028812161,0.0017119629,0.0030511809,-0.00014169977,0.0015000709
2016-03-22,0.006084302,0.00091561617,0.0010313723,0.0016817246,0.0013618901,0.0001419048,0.001411382,0.00084490894,0.0044476967,0.0017336194,0.0015744576,0.00067904376,0.0012253154,0.0014112684,0.0,0.007878354,0.0028963166,0.0006417507,0.0015744576,0.0001419048
2016-03-23,0.00512082,0.0001475846,0.0011085556,0.0057922862,0.0015603265,-0.0006459685,-0.00032442622,0.00038072353,0.002136059,0.0008180034,0.0016754218,0.00052551454,-0.0010948019,0.0012067121,0.0006665569,0.013714302,0.0016431768,0.0008858923,0.0016754218,-0.0006459685
2016-03-24,0.0029787244,0.0010171721,0.00022481188,0.00051197276,0.0014610513,0.0012399174,0.001496587,0.011452417,0.002092087,0.0008430887,0.0009355721,0.000414558,0.00021204239,0.0015484637,0.0027256887,0.0059244707,0.0010171353,1.9551837e-05,0.0009355721,0.0012399174
2016-03-25,0.00044017928,-0.0003026262,0.0,0.0023261323,0.00048549238,0.002190593,0.0012141916,0.0077766404,0.0022017944,-9.4583775e-05,0.0009221649,0.0014907748,0.0019711372,0.0006029657,0.004036136,-0.0034680238,0.0007191038,0.0026282826,0.0009221649,0.002190593
2016-03-28,0.00022932663,-5.3912212e-05,0.0007343594,0.0019109716,6.493272e-05,0.0029787198,0.0010092413,0.003917977,0.00068464427,0.0006832906,6.8656685e-05,0.0011958559,0.00036078642,0.0004273333,0.00107218,0.0018599571,0.0006057438,0.0017828711,6.8656685e-05,0.0029787198
2016-03-29,0.0013128044,-0.00039530217,0.0007366158,0.00048918463,0.00062489335,0.01231171,0.00079253985,0.0037724373,0.001356013,0.00066646666,0.0012896736,0.0028273512,0.0040985495,0.002057784,0.000824806,0.00035336043,0.0010138241,0.002265295,0.0012896736,0.01231171
2016-03-30,-0.0011550339,0.0015526272,0.0015053693,-0.00021238302,0.0009763948,0.0050245696,0.00033170133,0.0003884546,0.002246947,0.0021999613,-0.0008298791,0.0016173447,0.000257426,0.0019330365,-0.002312233,0.0010913848,0.00064026576,0.0022589203,-0.0008298791,0.0050245696
2016-03-31,0.00031782046,0.0013477439,0.0013316215,0.0009703518,-0.0007226669,0.004170161,0.0012068407,0.0031804852,0.00089753827,0.0018428102,0.0012402266,0.0019432852,0.00036741517,0.0041255117,-0.0073383874,0.0009085651,0.0,0.0031051678,0.0012402266,0.004170161
2016-04-01,-4.573295e-05,0.0009121384,0.00094669114,0.001387547,-0.001065706,0.00043120765,0.002094409,1.30426315e-05,0.0012918774,0.0015761908,0.0007254699,0.0023892978,0.0040877713,0.0014139533,-0.0010124306,0.0014682492,0.0008773633,0.00042943534,0.0007254699,0.00043120765
2016-04-04,0.0016954583,-0.0005511869,0.0007213235,0.0022356606,0.0012877646,0.0,0.0024794478,0.0014115577,0.0017641239,0.0018208666,0.00068775093,0.007830799,0.0010129191,0.0,0.0017674664,0.0013498606,0.00057434454,0.0011161875,0.00068775093,0.0
2016-04-05,-0.0004403294,0.00018386185,0.0010294005,0.0003996062,0.0019028711,0.0005149695,0.00039608334,0.0012251433,0.0023694069,0.0012990228,0.00079091307,0.004282738,-0.00021770135,0.0038834722,0.0017255882,-0.00063844165,0.001143052,0.0010301549,0.00079091307,0.0005149695
2016-04-06,0.0007512293,0.0007012287,0.0013370486,0.0011678212,0.00087218214,0.0003518183,0.00093683176,0.0011724214,0.0043236213,0.0022959004,0.0007008974,0.0021225451,0.0012811082,0.001172166,0.0039274013,-0.0014234054,-0.0005518405,0.00079240726,0.0007008974,0.0003518183
2016-04-07,0.0031986753,0.0011114029,-0.00032241203,0.0037550514,3.1737425e-05,0.0,0.004194478,0.0010949015,0.0026840558,0.0004911594,5.8508416e-05,0.0002549766,0.0009374516,0.0018423691,0.0033007842,-0.0022318081,0.001022518,0.0012751315,5.8508416e-05,0.0
2016-04-08,0.0030136465,0.0006179312,0.0009805503,0.0018342603,0.0010213357,0.0009334219,0.0002268756,-0.00045815148,0.00221549,0.001077496,-0.0049987403,-0.00019180449,0.00023377979,0.00021078749,0.0026519452,0.0003593997,0.0006202669,0.0012039383,-0.0049987403,0.0009334219
2016-04-11,0.0045367563,-0.0013311218,-0.00026574096,0.0018720047,0.0013178347,0.0008788168,-0.0009237911,0.0020277489,0.0003468812,0.0013684271,0.0008444999,0.0009817842,0.0045618527,0.0008830568,0.0008325183,0.00087835634,0.0016988473,0.0021286386,0.0008444999,0.0008788168
2016-04-12,0.0015657782,0.00090127275,-0.0010387867,0.0,0.001066422,-0.00026855464,0.0005020666,0.005375104,0.00043151111,0.0030844547,0.0009355315,0.0008677246,0.002184696,0.0012881499,0.00086209556,0.0005860309,0.000988843,0.0010316275,0.0009355315,-0.00026855464
2016-04-13,0.0031179416,-0.0020448158,-0.0010887187,0.00174287,0.0018822711,-0.00050169503,0.00088981446,0.005947933,0.00034565784,0.002753387,0.00070847507,0.0002166848,0.0019009461,0.0014851958,0.0009989106,0.0007051352,0.0022582663,0.0017167035,0.00070847507,-0.00050169503
2016-04-14,0.0010822333,-0.0004669923,7.227561e-05,0.0013033133,0.0015310758,0.00068737223,0.004475143,0.007071114,0.0011711395,0.0022653644,-0.0022285893,0.000113699396,1.555622e-05,0.0013916026,0.0012027399,0.0013738378,0.0032190161,0.00156903,-0.0022285893,0.00068737223
2016-04-15,0.009144228,0.00034403848,0.0004951633,0.0008789029,0.0009346508,0.0025934451,0.0016975165,0.0011470763,0.0004610687,0.0013516758,0.00015242782,0.001536847,-0.0005653929,0.0002859902,0.00075230486,0.0010032498,0.0015657657,0.001315463,0.00015242782,0.0025934451
2016-04-18,0.0067870403,-0.0026133915,0.00014977844,0.0016899,0.0019029258,0.00015701307,9.324975e-05,0.0043897335,0.00113893,0.0008799945,-9.89311e-05,0.0006766563,0.0010216249,0.0030012801,0.0013473615,-0.0007398719,0.0020891267,0.0026566365,-9.89311e-05,0.00015701307
2016-04-19,0.0025862108,0.0010110735,0.0,-0.0012893988,0.0016856918,0.00093882123,0.0017867706,0.00406003,0.0002846636,0.0018099457,-0.0023382038,0.0012350045,0.0008627733,0.0,0.00047157923,-0.00020332895,0.0036652465,0.0056415237,-0.0023382038,0.00093882123
2016-04-20,0.00840551,0.0013141156,0.00047277688,0.0013462598,0.0016290563,0.0013267058,0.00173798,0.0038534335,0.00053655537,-1.4212545e-05,0.0012917857,0.0024698651,0.00016573293,0.0010536591,0.00041795723,0.0039358316,0.0035867644,0.0008605291,0.0012917857,0.0013267058
2016-04-21,0.0071979873,8.5066764e-05,0.0029094738,0.0020108025,0.0021428375,0.0032189467,0.006838064,0.002580996,0.00071965985,0.000708461,-0.0018933573,0.0015470393,0.00029541936,0.0016994873,0.003750593,0.0018086515,0.0014141749,0.0,-0.0018933573,0.0032189467
2016-04-22,0.0012927839,0.0,0.0006486196,1.1360463e-05,0.0009275794,0.0038084255,0.0040740073,0.00969714,8.377537e-05,0.0013843887,0.0016621051,0.0020592243,0.0027632555,0.003655682,0.0005354204,0.00096595,0.00042471156,-0.0006110842,0.0016621051,0.0038084255
2016-04-25,0.0010344771,0.0018412273,0.0005767731,0.0001642085,0.00027089717,0.001532496,0.0014842647,0.006084666,0.0001481014,0.0002893078,0.00087861135,-0.00014530851,0.0013765829,0.0025866437,0.0010180499,0.001484173,0.001046208,-0.00056425825,0.00087861135,0.001532496
2016-04-26,7.52899e-08,0.0017922631,0.0011945479,0.0026330836,0.0014087178,0.008497588,0.0034150102,0.003093836,0.0035457725,0.00210102,0.0018172677,0.0036703611,0.00025064056,0.0044944375,0.0015050446,0.0008842779,0.0008042895,0.00065380585,0.0018172677,0.008497588
2016-04-27,-0.0033458474,0.0010374933,0.0009914835,0.0018786473,0.0013145328,0.0026630177,0.004594917,0.0010309542,0.0018584552,0.001487745,0.00043171577,0.002195628,0.0012758606,0.0011788238,0.0012050063,0.0053719557,0.0008312259,0.0017028506,0.00043171577,0.0026630177
2016-04-28,0.00046035717,0.00134802,0.000524879,0.0012044957,0.0022779412,0.0031964157,0.0030425913,0.0035644535,0.0015059309,0.00086574623,-0.0003384072,0.000721936,0.002079978,0.0015278629,0.001649318,0.0067935195,0.0007823372,0.00060014904,-0.0003384072,0.0031964157
2016-04-29,0.0023844657,0.0019646783,0.00020171933,0.003724383,0.002191528,0.0065859356,0.0030521178,0.0025707078,0.0035350441,0.0012421887,-0.0008002429,0.0041544056,-0.00027699547,0.002412329,0.002683304,0.0006659002,0.0018443785,0.0017855151,-0.0008002429,0.0065859356
2016-05-02,0.007919124,0.0012281447,0.0008190472,0.0028303002,0.0011788489,0.0029869475,0.003469142,0.0030518856,0.0045154165,0.0026380508,0.00032965894,0.0,0.0,0.0005303723,0.0020883486,0.0006540265,0.0029868498,0.0017691248,0.00032965894,0.0029869475
2016-05-03,0.004567905,0.00060470804,0.0005960921,0.000113964474,0.0013279056,0.0026839348,0.00079140486,0.0002455367,0.0016732714,0.0014602367,0.00057859306,0.0018308853,0.0027385023,0.0014162213,0.00177868,0.0,0.0016782432,0.0016633745,0.00057859306,0.0026839348
2016-05-04,0.002616992,0.0011558787,0.0011595304,0.0013685996,0.0010950355,0.0017189266,0.0021033937,0.001412241,0.0029188907,0.0005259068,0.00054401887,0.0,0.003446137,0.0021324453,0.0028250478,-0.0038262822,0.0005733819,0.0017162698,0.00054401887,0.0017189266
2016-05-05,0.0023015845,0.0014461867,0.0018135713,0.0012689151,0.0009010622,0.0049715517,0.0029760525,0.0012224016,0.00010645043,0.0032332826,-0.00093407405,0.0,0.0007444075,0.001237139,0.0028677718,-0.0072081736,0.0035348998,0.0014602159,-0.00093407405,0.0049715517
2016-05-06,0.00050787616,0.00016538793,0.0022969586,0.0006011151,0.00060798205,0.0036697588,0.0009795545,0.0013791941,0.0029165912,0.0014456676,-5.1567848e-05,-0.0013930582,0.0013621439,0.0006654572,0.0018408867,-0.0061259116,0.002349319,0.002639427,-5.1567848e-05,0.0036697588
2016-05-09,0.0021007028,-1.8096936e-05,0.0017447564,0.0016596967,0.0013367238,0.0028178194,0.0010316421,-0.0007528848,0.0006562374,0.000718963,0.001295577,0.00025093235,0.00089902047,8.373299e-05,0.0016932839,0.00081899855,0.0011044373,0.002727207,0.001295577,0.0028178194
2016-05-10,0.0009586817,-0.00064058317,0.0012518987,0.002146479,0.0005469818,0.0025503493,0.0005343039,0.00046110083,-9.7640645e-05,0.00021793313,-9.910319e-05,6.603654e-05,0.002666955,-0.0013833902,0.0021242427,0.0003971998,0.0,0.0012713245,-9.910319e-05,0.0025503493
2016-05-11,0.0014857494,0.00041362128,0.0022145968,0.003213651,0.0010490634,0.009807972,0.0010648345,0.00062021374,0.0009056927,-0.00020302359,0.0015079957,0.0016614812,0.0031429015,0.00056177983,0.0019064799,0.003832305,0.0026851264,0.0018740626,0.0015079957,0.009807972
2016-05-12,0.0040144455,0.0,0.0032182937,0.00048294762,1.6678805e-05,0.0035144044,-0.0015154562,0.0056520784,0.0012872464,0.0,-0.0009756579,0.0015096514,0.00057374936,-0.0005720907,0.00092975295,0.0012518036,0.00086926646,0.0024211383,-0.0009756579,0.0035144044
2016-05-13,0.0036205505,0.00081810704,0.0011524818,0.0010424347,0.00026834282,0.0018060678,-0.0005367592,0.001965071,-0.00092453405,0.0013731454,0.0,0.0016969078,0.0016701923,-0.0027502952,0.0024340583,-0.0008729657,0.0004361914,0.0021920924,0.0,0.0018060678
2016-05-16,0.003759799,0.002175393,0.0013997605,0.0014969672,0.00032759144,0.0021949625,-0.0014466402,0.0071018958,-0.0008342029,0.0016786475,-0.0030070643,0.0031843553,0.0011344235,-0.005093382,0.0044303606,-0.0002173747,-0.00045020285,0.0019548333,-0.0030070643,0.0021949625
2016-05-17,0.0027878783,7.2689465e-05,0.00095489586,0.000983568,0.0011749226,0.00097452395,0.001938748,0.002559564,0.00012476883,0.0014422075,-0.008012243,0.002385963,0.0005697558,0.00084684585,0.004445687,-0.00060133723,0.00015209675,0.002682145,-0.008012243,0.00097452395
2016-05-18,0.0017790182,0.0004300332,0.0007378898,-0.0006357931,0.0014891573,0.0024295936,0.0016743322,0.0006635995,0.00038279113,0.001345584,-0.00067148457,0.0012279231,0.0005416577,0.00058042264,0.002186152,-0.0004221342,1.0370173e-06,0.0013250768,-0.00067148457,0.0024295936
2016-05-19,0.0018588401,0.00029322068,0.00095458416,0.00074010977,0.0010624022,0.00240112,0.0025799158,0.0016293386,0.0017609876,0.0021106217,-0.001409972,0.00032231622,0.0011072615,0.00027093085,0.0020717192,0.0033846204,0.0002660841,0.0012779431,-0.001409972,0.00240112
2016-05-20,8.9501744e-05,-0.0050192904,0.00068768644,0.00048162983,0.0037603208,0.0015522485,0.0010139992,0.00186558,0.0018156673,0.00040923548,0.001146112,0.00028233984,0.0004565455,-0.0010806848,0.0013129013,0.002115637,0.0013147304,5.1753035e-05,0.001146112,0.0015522485
2016-05-23,-0.0005451835,0.0,0.0021625054,0.001583442,0.0017741577,0.003170325,0.0027044124,0.0025601704,0.00021543827,0.0016671144,0.00020917338,0.00037128796,0.0002971572,0.00048753762,0.0012654384,0.0058015506,0.00046276252,0.00044344066,0.00020917338,0.003170325
2016-05-24,0.00042202935,-0.0018380372,0.0013722234,0.00018342824,0.0012746771,0.0017281116,0.003671148,0.0032579585,0.0018205818,0.00023357461,0.0030668231,1.8221037e-05,0.0055667656,0.00981231,0.0030773163,0.0006157799,0.0009304723,0.0003881305,0.0030668231,0.0017281116
2016-05-25,0.002812554,-0.0016758025,0.00071884156,0.0006558325,0.00021132032,0.00068901345,0.002470429,0.001344152,0.004774131,1.32650885e-05,0.00184595,0.0004514896,-0.00035017182,0.001845972,0.0017076407,0.0015888705,0.0008519394,0.0010663967,0.00184595,0.00068901345
2016-05-26,-0.00048502194,0.00042208182,0.0013499471,0.00033381398,0.0016138557,0.0010218233,0.0012345067,0.0021074342,0.0031564988,0.00028776305,0.0010499492,0.0006507479,-0.0008625418,0.0018575708,0.00086909655,0.00020458658,0.0022006845,0.0007022132,0.0010499492,0.0010218233
2016-05-27,0.0029191726,0.0006614622,0.0007527843,0.0006489677,0.0024206582,0.0017609735,-1.653164e-05,0.0026414227,0.0014396611,0.0011725342,0.0049536424,0.001178529,-0.003985536,0.0038882021,0.001249839,0.00088302593,0.0024165537,0.001486861,0.0049536424,0.0017609735
2016-05-30,0.0026967986,-0.0011598092,0.00214569,0.00045897113,0.0005300655,0.0013420222,0.0003588477,-0.0008801596,0.00084541127,0.001202264,0.0010939739,0.0006536373,0.0004183768,0.0034286545,0.00035814286,0.0011371903,-0.00011716054,0.0018390636,0.0010939739,0.0013420222
2016-05-31,0.0026906107,7.073983e-05,0.0006315213,0.0006107629,0.0019494386,0.00052323216,0.0011648498,-0.00038733875,0.0010811279,0.0010627065,0.0016695661,0.00011094312,0.0019330536,0.0011563596,0.0010756234,0.00085548,0.0019845255,0.0032132848,0.0016695661,0.00052323216
2016-06-01,0.005355452,-0.0031769134,-0.0003905044,0.0006525247,0.005121083,0.00036602694,0.001401507,0.0015676367,0.001954901,0.00068595563,-0.00048008372,0.0013489946,0.0040979097,0.002199579,0.0028758082,0.00027554107,0.0033903175,0.0015031474,-0.00048008372,0.00036602694
2016-06-02,0.0017341911,0.0018573496,0.0,0.000530175,0.0024603265,0.0011899491,0.0,0.0006074138,0.0025157707,0.0,0.00057416054,0.0016158981,0.0021245205,0.004244993,0.0010519888,0.0006074393,0.0026666375,0.0027274303,0.00057416054,0.0011899491
2016-06-03,0.0030722993,0.00835928,-0.0010085446,0.0009289758,0.0021781903,0.0029115507,0.0011957206,0.0035767236,0.00075464224,0.0013527285,0.00036238492,0.0007985417,0.0016029256,0.0058357967,0.0008686935,0.00072782306,0.0016546303,0.0033849967,0.00036238492,0.0029115507
2016-06-06,0.005781388,0.0015729726,0.0008794981,0.0015015234,-0.00014506398,0.002077576,0.0016513129,0.0006227058,0.00036936306,0.00013375873,0.000742988,0.0003285256,0.0013212397,0.0027096642,0.0007142289,0.000653326,0.0008770287,0.00229686,0.000742988,0.002077576
2016-06-07,0.0051419125,0.004778676,0.0008704056,0.0014595828,0.00075332547,0.0018183851,0.0015781967,-0.00029068132,0.0019033055,0.0009716388,0.0018444472,0.0,-0.00071123196,0.0021013515,-1.4159046e-05,0.0033614298,0.002650763,0.0010467399,0.0018444472,0.0018183851
2016-06-08,0.0027280042,0.002904621,0.0,0.0016010035,0.0021208364,0.00075577886,0.0016782846,-0.00079963246,0.0012957955,0.0015769625,0.0049235057,0.0011322517,0.0007170958,0.0020802424,0.00072623993,0.0061704908,0.0012948754,0.0016648786,0.0049235057,0.00075577886
2016-06-09,-0.0022973302,0.0027178323,0.001326705,0.0068823947,0.0017102978,0.0004172993,0.0015107504,0.0005830623,0.0015107504,0.0011678409,0.0,0.00055430416,0.002676702,0.00033614523,0.0011182515,0.00047286184,0.00020176874,0.0,0.00040291823,-0.002071125
2016-06-10,0.0005937482,0.00047493022,0.0006202627,0.0073266467,0.0027021193,0.00044684106,0.0014291584,0.00039177528,0.0014291584,0.00043266424,0.016087133,0.00054664665,0.0016037121,0.001236333,0.00145097,0.0019349324,-5.789753e-05,0.0,0.0014279836,-0.001784457
2016-06-13,0.0013855301,-0.00010048609,0.0018445924,0.000582793,0.002894575,0.00024725465,0.0019131061,0.0012616112,0.0019131061,0.0002042159,0.0024823751,0.0,0.0003011487,0.0,0.0011457736,0.005272418,-4.45529e-05,-0.00035461067,0.0025490308,-0.004287579
2016-06-14,0.00048542276,0.0037648715,0.0006790416,0.007219727,0.0038207814,0.00015297999,0.0037563737,0.0021508767,0.0037563737,0.0013396133,0.0044161454,-0.0002056831,0.0017099548,0.00039959204,-0.0028378686,0.0020637438,1.5409537e-06,0.0009145908,0.0043922486,-0.0049112868
2016-06-15,0.0014213232,0.0015540906,-0.0013427966,0.00925367,0.0006704736,-0.0008861306,0.001242118,0.00029547836,0.001242118,7.24703e-05,0.0014571482,-0.0011454355,0.0010410369,0.0012381256,-0.0045881066,0.002150839,8.065342e-06,0.006781468,0.005934984,-0.001500785
2016-06-16,0.00048834516,0.001508292,-0.0004246336,0.0023699326,0.0013423376,0.0,0.0036425535,-0.00035563647,0.0036425535,-1.1938982e-05,0.002765472,0.0024282166,0.0010950183,0.0017301275,-0.00015393742,0.0032419038,0.0009981515,0.003128801,0.007991516,0.00027930742
2016-06-17,0.0036965762,0.0058269682,0.00018290697,0.0016980857,0.0016533737,-0.00095610815,0.0018692061,-0.0043916786,0.0018692061,0.0019286243,0.0008775196,0.0037524023,0.0017792998,0.0023079538,0.0,0.0070711956,0.00055186613,0.0019060115,0.0025212157,0.0007926529
2016-06-20,0.0007171221,0.0038619274,0.00019821295,0.0030570237,0.0038815092,-0.002990378,0.0027488943,-0.00028872406,0.0027488943,0.0016479145,-0.0017983781,0.005290486,0.0012933903,0.003620397,0.0013029729,0.001287786,0.0019584273,0.005271101,0.0011379585,0.0011460474
2016-06-21,0.001250006,0.0031428128,-0.0010215663,0.0058469237,0.00074281543,-0.00011489485,0.0045559523,0.0,0.0045559523,0.00097394374,0.0,0.00095016585,0.001589429,0.00037180766,0.0008676206,0.0028101504,0.0013301946,0.0035273123,0.0007541559,0.0031631626
2016-06-22,0.0017600544,0.003687615,0.00024976238,-0.00014387157,0.0024069827,1.5192065e-05,0.0049281144,0.001060002,0.0049281144,-0.00052138284,0.001066917,0.00035394487,0.0007134873,0.0005940064,0.0031157492,0.00037736553,-0.0006633522,0.00093053264,0.004868521,0.003945532
2016-06-23,0.003223979,0.00092295173,-0.0013164057,0.0010549318,0.0013816855,-0.00033845898,0.004461904,-0.005847021,0.004461904,-5.3494357e-05,0.0015226451,-0.0031017775,0.0013291393,0.001259779,-0.0012629299,0.0011998579,0.0007495948,0.000906565,0.0006869122,0.0018068546
2016-06-24,0.0038512875,0.00035386733,0.0013000455,0.0006802243,0.0005788095,0.0005732766,0.00074900506,0.00021815569,0.00074900506,-0.0007456671,0.0020323622,0.00050532754,0.0003875885,0.0010076035,-0.00028631193,0.002164958,-0.0008560691,0.0023502707,0.001008145,0.0006830628
2016-06-27,0.00096338324,0.00030375188,0.0017028829,0.0026646124,0.0015727174,0.0035021629,0.0048810733,-5.449952e-05,0.0048810733,-0.00061133807,-0.0004440564,0.002670576,0.0011652823,0.0014120875,-0.0009470385,0.002247744,-0.0013122786,0.0018101226,0.0018512986,0.0
2016-06-28,0.00054512685,0.0015047432,0.0026468895,0.0020675324,0.0010373346,0.0007800527,0.004006166,-0.00014748107,0.004006166,-0.0008568261,0.00038700344,0.0011507954,0.0018822812,0.0011861257,0.00084363273,0.0013851724,0.001101904,0.003982096,0.0024162433,0.0012715219
2016-06-29,0.003549116,0.0018641858,0.0019618704,0.00010749444,0.0031990039,0.0027649,0.0038974702,0.0010412388,0.0038974702,-0.0009838649,0.0015342518,0.001028025,0.00041417024,0.0005068618,0.001891764,0.0010695345,0.0005513583,0.002963717,0.0014323127,0.00026429057
2016-06-30,0.0018221156,0.004919801,0.00086017227,0.0019087481,0.00068362796,0.0010918404,0.0021406987,-0.002340608,0.0021406987,0.0021627715,0.0030036238,0.0,0.0004950422,0.000471347,-0.0012543768,0.001864877,0.0006969183,0.002275842,0.00075945526,3.3258086e-05
2016-07-01,0.00025724253,0.0013564895,0.00092190737,0.007799639,0.0005897622,0.0004824895,0.0006663461,0.00065961573,0.0006663461,0.0031471027,0.001187648,-0.0013644131,0.0029543359,0.0013320493,-0.0039686733,0.0,0.0008033191,0.0015345364,0.0010901762,0.0
2016-07-04,-0.0015106155,0.0010436514,0.00083611876,0.009102716,0.0008730105,0.0012284532,0.00107743,0.0003187066,0.00107743,0.0016259581,0.0,-0.0024177874,0.0014338947,0.0009531871,0.0010633487,0.00078834937,0.0043580127,0.0020628716,-0.0021251678,0.00083362387
2016-07-05,0.0007475176,0.0057973973,0.00048634503,0.0011538179,0.0012366403,0.0009860654,0.0008280596,0.00362493,0.0008280596,0.0017299323,0.0021893007,0.0017870497,0.001508502,0.0006628189,0.0014965408,0.0025713306,0.0048091426,0.0014201687,0.00045118085,-0.0002452681
2016-07-06,0.0020613822,0.002441189,0.0014472584,0.0034041172,0.00015074546,0.0,0.0008178274,0.0018268896,0.0008178274,0.00011367325,0.0027892266,0.00022651239,0.0022850619,0.00063931505,0.0,0.0013867955,0.002869006,0.0019827716,0.0031471967,0.0024885598
2016-07-07,0.0006078978,0.001693949,0.0024102535,0.008532914,0.0008995404,0.0006827425,0.0019898943,0.0012299042,0.0019898943,0.0010608503,0.002527533,0.0018695154,0.0025593387,0.0005612006,-0.0016618905,0.0021117304,0.0005446921,0.0010796232,0.0008209768,-0.0007006099
2016-07-08,0.0005264406,0.0044050543,0.0014887003,0.0074262675,0.000859311,0.0002292514,0.0,0.0014977418,0.0,-0.0004850123,0.001812138,0.0008684332,0.00056067575,-0.00072522456,-0.00047619955,0.0021571273,0.00010830612,0.0020589416,-0.00080490333,-8.800395e-05
2016-07-11,-0.00050338096,0.0022416268,0.0029260004,0.004497038,0.00073512166,0.0015715502,0.0014647681,5.915993e-05,0.0014647681,0.002071482,0.0008098083,0.00044975674,0.0009979918,-0.00035168818,-0.0011401996,0.0020569854,0.00088149105,0.0021025168,0.0,-0.00072582683
2016-07-12,-0.00075859367,0.0030839792,0.000986396,0.001050172,-7.126089e-05,0.001223659,0.0044012265,0.0009975142,0.0044012265,0.0015560809,0.0007119803,0.0029863473,0.0030103445,-9.777756e-05,0.0012707125,0.0035619985,0.00087787415,0.00067684735,0.0007391355,0.00020000967
2016-07-13,-0.0018726507,0.0016479655,0.0012451654,0.0012135907,0.0007130256,0.0010720491,0.001794044,0.0,0.001794044,0.0014791014,0.0011366553,0.0034767543,0.00086526567,0.0005832307,-0.00021571589,0.0002907573,1.3630452e-06,0.000703536,0.0023852964,0.0020548182
2016-07-14,0.000685906,0.000635343,0.0015624316,0.0014732295,0.0011901177,0.0005886008,0.003913217,-0.0010383056,0.003913217,0.0054209824,0.0065157744,0.0050027003,0.0013480195,0.0014146919,0.0,0.0028235523,-8.97376e-05,0.0022702804,0.0031573845,0.004214028
2016-07-15,0.0,0.0012554426,0.002029547,0.00029325587,0.00048808331,0.0012955039,0.0070233396,0.0010907367,0.0070233396,0.0039716233,0.006864487,0.009788037,0.0010092246,0.0013727754,-0.0013292218,0.0026999197,0.00073275337,0.0035789667,0.00075901626,0.0028796706
2016-07-18,-0.0019395733,0.00092332,0.0017535868,0.0022145626,-0.0001446182,0.0012063866,0.0053064204,-9.680235e-05,0.0053064204,0.0038463608,0.0049301763,0.0011585151,-0.0008578715,0.0006297934,0.005592451,0.0013967766,-6.480367e-05,0.0049694385,0.00033583754,0.00027747086
2016-07-19,0.00015799867,-0.0004475541,0.000669168,0.0033925022,0.0005709157,0.00093227765,0.0060894787,0.0015080633,0.0060894787,0.0037171545,0.0012740573,0.0011635607,0.0002926164,0.00040474348,0.004401823,0.0008585698,0.00025286747,0.0024482023,0.0055926344,0.0
2016-07-20,0.0017530316,-0.00019562016,0.0014337251,0.0015253843,0.001388228,0.00017374671,0.0018490301,0.0015795782,0.0018490301,0.0053547313,0.0009904924,0.0016171489,0.0009978457,0.0015449305,0.0010655506,0.0015798066,0.001377951,0.0036023888,0.009521759,0.0018308052
2016-07-21,0.0017324481,0.0010610549,0.0011800982,0.00072503916,0.0005586374,0.0007368463,0.00031389843,0.0,0.00031389843,0.0028810983,0.006024423,0.0017015289,0.0008518772,0.0019275122,0.0009866909,0.0004372203,0.00028500656,0.0021144196,0.0026573348,0.0031852492
2016-07-22,0.00044924676,0.0015949759,0.00071432715,-0.0022762497,0.00064051914,0.001013474,0.0017478593,-0.00026443263,0.0017478593,0.0035475295,0.0014107843,0.0034181466,0.0010440254,0.001621708,0.0006882236,0.0016333709,-0.0023737994,0.0042058267,0.004758223,0.0019613449
2016-07-25,0.0009559096,0.0024270976,0.0012799008,0.000511169,0.0010668956,0.0007087924,0.0071820323,-0.0014462783,0.0071820323,0.0019100945,0.0015644695,0.0008250023,0.00042541575,0.0016094504,0.0010525446,0.0011460026,0.0015026563,0.0010702666,0.0020956902,0.0010403028
2016-07-26,-0.00055735797,0.003474246,0.0017192774,0.0005691372,0.0008198492,0.001747842,0.0049722632,-0.00012593388,0.0049722632,0.00085342664,0.004011092,0.0007235351,0.0015271356,0.0026574773,0.0014614918,0.001709451,0.0003880366,0.0012475122,0.0011114278,0.0030180048
2016-07-27,0.0013210605,0.0009070491,0.0018075128,0.0015254638,0.0008930752,0.0027383764,0.0010401745,0.0012853418,0.0010401745,-0.0002100684,0.009672789,-9.207399e-05,0.0008761823,0.00089040335,0.0036576507,0.0011784879,0.0008110959,0.0018727646,0.0038086541,0.013773894
2016-07-28,0.0013934749,0.0013902665,0.0005689966,0.0002477028,0.00048821428,0.0019225307,0.00017645217,0.0028143222,0.00017645217,-0.0018542223,0.001204402,-0.0021212627,-0.00035488608,0.00036634842,0.002466604,0.0021826518,0.0004327394,0.0010211602,0.002514401,0.00021798388
2016-07-29,0.0032327708,0.0,0.00079077604,0.006314574,0.000890361,0.0015490069,0.0018671533,0.0008695862,0.0018671533,0.0016967965,0.00238513,0.0019158659,-0.0008811741,0.00040284987,0.0027073442,5.2331223e-05,0.0018400856,-0.00020613683,0.00040681873,0.0023812668
2016-08-01,0.0019235114,0.0003266023,0.0009045297,0.008253615,0.00025931676,0.0018964092,0.00022210016,0.0017471593,0.00022210016,0.0,0.002045553,0.0005410854,-0.0030796616,7.4562726e-05,0.0018402383,-0.00020742755,-0.00073547626,0.00059967715,6.0755996e-05,0.0015774623
2016-08-02,0.004420338,6.3189706e-05,0.00047430285,0.002440561,0.00088531995,0.00031730693,0.0011722327,0.0016835404,0.0011722327,0.00021627254,0.0009935796,0.004593167,-0.0009133274,0.0013271472,0.00093515945,0.0015827904,0.009634155,0.0032352114,0.00045015907,0.0011032141
2016-08-03,0.0025861668,0.0010429008,0.00085542613,0.008244128,0.00057619135,0.00038725752,0.0026754416,0.0018207124,0.0026754416,0.0010822281,0.00071903673,0.0019215301,-0.0006628966,7.220252e-05,0.0026660357,0.00021289162,0.004389645,0.0031631663,0.00086621597,0.0017143139
2016-08-04,0.0030214833,0.001314706,0.00042329673,0.0,0.0013839152,-0.00050122006,0.0011777309,0.0066332007,0.0011777309,0.009449528,0.00043521784,0.007880268,-0.00027377796,0.0015458091,0.0015577998,-0.00026717814,0.00072779524,0.00268992,0.0005700745,0.0009896262
2016-08-05,0.004963176,0.0029796485,0.0,0.0008167886,0.0015427546,0.00027099368,0.0002674173,0.0015105089,0.0002674173,0.0024660279,0.0011275358,0.006454128,0.00046033616,0.0019073336,0.0010402283,0.00085143343,0.00058779266,0.0026485487,0.0010916,0.0014257247
2016-08-08,0.0021129698,0.0018463684,-2.29555e-05,0.0050816415,0.0016335013,0.0005602229,0.0,0.0009372708,0.0,0.002811719,0.00051283115,0.007094282,0.0013225211,0.00071828684,0.0007919007,0.004774251,0.00021412974,0.0019055554,0.003388039,0.00018143888
2016-08-09,0.002704489,0.0018239806,0.0002110668,0.00020496252,0.0009507883,0.0008906371,0.0007644118,0.0016259567,0.0007644118,0.002783092,0.00033877598,0.004519779,0.0018477223,0.00087911217,-0.0012956804,0.0013040608,0.00043020988,0.00048660865,0.0017002806,0.0021894656
2016-08-10,0.0034421945,0.00049482874,-0.00028150622,-0.0021504844,0.0016784081,0.00018990217,0.00034510353,0.0017542763,0.00034510353,0.0026792001,-0.002619147,0.0012894137,0.0024086314,0.000101926904,-0.0010322916,-0.0023034185,0.0018169467,0.0022987332,0.0015026105,0.0006879673
2016-08-11,0.0011558859,0.0056929514,0.00043148056,0.0006951903,0.0002582241,0.00012500769,0.0006837814,0.0001354491,0.0006837814,0.0012184655,0.0,0.0022678697,0.0010847304,-0.0011209998,-0.0014663402,-0.00026663888,0.005813634,0.0010609078,0.0026432234,0.0036481498
2016-08-12,0.0017377721,0.003210985,0.0012486331,-0.0037654028,0.0008408178,-0.0007781539,0.00052617834,0.0008483502,0.00052617834,0.00112519,0.0013195752,0.000718728,0.00052894774,-0.0017438661,0.0003510942,0.0004532861,0.0018472661,0.00087856344,0.0020603165,0.0029844057
2016-08-15,0.0016403161,0.0020758556,0.00093521585,-0.0008576393,0.0,0.0009965685,0.0004527124,0.0018368338,0.0004527124,0.0011178033,0.003349041,0.0036578355,0.0014950052,0.0,0.0007227682,-0.005695002,0.0003443565,0.0012301962,0.002670614,0.0018502187
2016-08-16,0.005922182,0.0021471768,0.0017845433,0.0008233425,0.0,0.0013471718,-0.0023454763,0.0026384671,-0.0023454763,-0.0010103346,0.0009467136,0.0023656038,0.00012960675,0.001566415,0.0024222916,0.00010411428,0.0051889336,0.0002002259,-0.00046605157,0.0019108624
2016-08-17,0.0035685215,0.0006334064,0.0014274677,0.0008551844,0.0009873165,0.0016180247,-0.0027593353,0.0019080383,-0.0027593353,-8.918152e-06,0.0,0.003061351,0.00061224354,0.0012321899,0.0035669142,0.0017359509,0.0011726002,-0.00038439466,0.0004319005,0.005208045
2016-08-18,0.0020922485,0.00045905108,0.0006837739,0.00095958094,0.0009078888,0.0020735343,0.000901172,0.0010676201,0.000901172,0.0009013081,0.0009898378,0.022010665,0.00058738847,0.0015106997,0.0019087492,0.0044860207,0.0021600465,0.0011586433,0.0018862748,0.00046665894
2016-08-19,-5.810847e-06,0.0013233729,0.0010081042,0.0014408601,0.00096705975,0.0010847704,0.004233047,0.0070630717,0.004233047,-0.00017369876,0.0052010436,0.0010502744,0.0015470767,0.0015824203,0.00185955,0.0010865405,0.00086820166,0.000535896,0.0018260953,2.0336374e-05
2016-08-22,0.00014959965,0.0012790111,0.0006787617,0.0037564891,0.0009361409,0.00079405267,0.00015426474,0.0013436788,0.00015426474,0.0049703065,0.001572782,0.0013616649,0.0019788297,0.0018635952,0.0031333298,0.0024028015,0.001513376,-0.001513649,0.0016128811,0.00040089432
2016-08-23,0.0010147291,0.003208181,0.0,0.00049540924,0.0013452743,0.0008477304,0.00067678216,0.00072812027,0.00067678216,0.0010009522,0.0007182892,-0.002082933,0.0039046467,0.0010411459,0.001806152,8.5199244e-05,0.0014222289,0.0012471993,0.0035339245,-1.2706673e-05
2016-08-24,0.0006222267,0.0017300878,1.9264828e-05,0.00077340077,0.00044601443,0.00021004879,0.0010048249,0.00069708616,0.0010048249,0.000869765,-0.0005646782,-0.00066984695,0.0034946634,0.0015636834,-0.00020805647,0.0006246204,0.004535771,0.00285248,6.8556346e-06,0.00060836575
2016-08-25,0.002396169,0.0033863366,0.00042680767,0.0012325646,0.0016907637,-0.0012459838,0.00082565745,0.004306544,0.00082565745,0.0015391922,0.0004930814,0.0006612362,0.0022259273,0.0023995496,0.0011299932,0.0036764033,0.0011813978,0.0030060606,0.0009213998,0.0013569893
2016-08-26,0.001950971,0.0037508416,0.00018670439,0.00048539438,0.0016807985,0.00039638687,0.0009290115,0.0,0.0009290115,0.00024589684,0.0,0.007810488,0.0019362301,0.0010837843,0.00016871646,0.000107597225,0.002445183,0.0072832443,0.00040699946,0.0018874933
2016-08-29,0.0033845631,0.0010590544,0.0010858151,0.0016990849,0.0021154177,0.00019638622,0.002522567,0.0028136808,0.002522567,-0.0036066284,-0.0002712643,0.0029343923,0.0,0.0012676108,0.0007650986,0.00070056086,0.00046328406,0.0016883066,0.0001859069,0.0022809017
2016-08-30,0.0029229412,0.0013148857,0.0011666504,0.0030894044,0.003913611,-6.958073e-05,0.0018297995,0.001195151,0.0018297995,-0.0035896352,0.0002982323,0.001479636,0.0008040938,-0.00039655628,-0.0012637643,0.00027089473,-3.346438e-05,0.0015053526,0.0,-0.0019420021
2016-08-31,0.003682008,0.0006833336,0.00075679936,0.0012266584,0.0021655108,0.00054393406,0.002013903,0.0010453173,0.002013903,-0.0012438755,0.0005797815,0.0010948003,-0.00072516646,-0.0013563118,-0.00071935717,0.0062590768,0.0012897059,0.0010391535,0.0036620428,0.0005098867
2016-09-01,0.0018585507,0.001002695,-0.00013661152,0.0010188872,0.0026555941,0.0015794797,0.0026337588,0.00060740457,0.0026337588,0.00014334261,0.0016976057,0.0038828498,0.00041279852,0.00014385376,0.00017019674,0.0043575997,0.00015867055,0.0011782118,0.002536428,-0.0010330373
2016-09-02,-0.0005215349,0.0006788895,0.001203657,5.6348847e-05,0.0004908859,0.0007367355,0.0012532511,0.0003983868,0.0012532511,0.0010508632,-0.00017057621,0.001025181,0.0016612228,3.0160028e-05,0.00034484745,0.0036783693,0.0026763943,0.0014540047,-0.0020508769,0.0
2016-09-05,0.0020696674,0.0010052946,0.0013086067,0.0014933916,0.0007586824,0.0015869488,0.0050337478,0.0006644932,0.0050337478,0.00038014483,0.0012246205,0.001584328,0.0013910623,0.0,0.0002638396,0.0039058223,0.0027353892,0.0002191547,0.00095303665,0.001044819
2016-09-06,0.0036351436,0.0020619845,0.0010907969,0.00052528916,0.00085229863,0.00236648,0.0044409093,0.00015586145,0.0044409093,0.0021004772,0.0016158689,0.0014379711,0.00093643094,0.00020306125,-0.00027217294,-0.0007772699,0.0011962302,0.0018627294,0.0014517977,0.005564968
2016-09-07,-0.0013278907,0.0021944884,0.002227646,-0.0025853938,-0.0017134228,0.001815766,0.006725379,0.00031723973,0.006725379,0.0006573335,0.0012763477,0.0010176746,0.0012814464,0.0017879038,-0.04756933,0.0035530622,0.0033389619,0.0018703258,5.7152596e-05,0.0030569748
2016-09-08,0.002165827,0.003551438,0.0009774388,0.0004396581,0.00040323377,0.0,0.0020809546,0.00031895653,0.0020809546,0.0009142675,0.0005121832,0.00020276768,0.0,0.0013871503,-0.011772731,0.0032901873,0.0011759368,0.0060446677,0.0009823916,0.009114543
2016-09-09,0.0014761413,0.0024589065,0.0012597678,-0.0021659413,0.0023525963,0.0011823399,0.0028993972,0.0020139439,0.0028993972,0.001485497,0.0010686076,0.0010646469,0.0008518181,0.0010145418,5.7518326e-05,0.0019949574,0.00026694228,0.0031520114,0.0013647124,0.0013852254
2016-09-12,0.00061820814,0.0018379773,0.0033742187,-0.0010641925,0.002282908,0.0027054134,0.0019521009,0.009468504,0.0019521009,-0.0004924534,0.002026777,0.0017194316,0.0012340774,0.004761874,0.016631674,0.00069768436,-0.00030498503,0.0035574993,0.0008859251,0.0043089273
2016-09-13,-0.00017308832,0.0015345028,0.00082548935,0.0050795577,0.0015794092,0.0032760897,0.0019794747,0.0017675413,0.0019794747,0.00017535183,0.0,0.002451351,0.0013937547,0.002079949,0.009889346,0.0,-0.0005194897,0.00087715226,0.0001092379,0.001066621
2016-09-14,-0.0003274617,0.0,0.0002862055,0.009898679,8.201748e-05,0.00056827214,-0.00019926956,0.0010606562,-0.00019926956,0.010356054,0.00032970367,0.010015585,0.0007828841,0.002029224,0.0014619722,0.0009039713,-0.0014930938,-9.878204e-05,-0.004120737,0.00685364
2016-09-15,0.001145748,0.0012643345,-0.0013601201,0.008093339,0.0006894854,0.004274292,0.00043156376,0.0013318817,0.00043156376,0.0015830712,0.00014864057,0.0063503776,0.0020959207,0.00040293124,0.0004945884,0.0011339923,-0.0018445048,0.001825777,0.0004332263,0.002216738
2016-09-16,0.0014322018,0.001290855,0.0,0.008242794,0.000872095,0.0014996688,0.0021087765,0.000728154,0.0021087765,0.0024154393,0.00019569973,0.0062319334,0.002349637,-0.0012193993,0.0035784396,0.001560621,0.0020954069,-0.00064391695,0.0012310168,0.0055134688
2016-09-19,0.00072326575,0.0015522613,6.679869e-05,0.0010635419,0.0013271822,0.003917864,0.003879275,0.0021884302,0.003879275,0.0016010148,-0.0008700616,0.0049459743,0.0008183442,0.0038226251,0.002681472,-0.00016845162,0.0018813927,0.0031452465,0.0029609283,0.0018580608
2016-09-20,0.0011318326,0.00030796538,-0.0046087205,0.0020715143,0.002962492,0.001755475,0.0011753532,0.0037107542,0.0011753532,0.0023578075,-0.0005415753,0.006728422,0.0023029996,0.001782859,0.0011745867,0.0004684754,0.0015004757,0.0072726696,0.0019239254,0.0016051759
2016-09-21,0.0025499004,-0.0016280371,-0.0028361524,0.0008572283,-0.00012888004,0.0015714418,0.0006047945,0.0029675337,0.0006047945,0.00071106653,0.0003146328,0.004271592,0.0010132645,0.0008466179,0.002656276,0.000825587,0.0021904479,0.006830489,0.0044926284,0.00036996775
2016-09-22,0.0041430644,0.0011731635,0.002736181,0.0061176326,-0.001994102,0.0021370172,0.00077354844,0.0004868049,0.00077354844,-0.0010276018,-0.0015851199,0.002836714,0.0014158087,-0.0030211273,0.0046021226,0.00058329146,0.0019082598,0.0017938789,0.001313571,0.004456116
2016-09-23,0.00045980117,0.0013004101,0.0015730107,0.004278575,0.0015470494,0.0036427625,-0.0007211422,0.0031476622,-0.0007211422,0.0,-0.0010026116,-0.0001118027,0.00044186157,-0.0034196682,0.0014427091,0.00062864914,0.00070544035,1.1848662e-05,0.00085234916,0.0020823595
2016-09-26,0.0007579828,0.00040196173,0.0009629456,0.0019709244,0.0008830581,0.0012601839,-0.0031195844,0.004571844,-0.0031195844,-4.047514e-05,0.0007757293,0.002736231,0.0017699592,-0.0010065,0.0098582115,0.0009520813,0.00059211516,0.0011384554,0.0007315267,0.00072956464
2016-09-27,-0.00034548095,0.0009803158,0.0011502964,0.0021611413,-0.0050004018,0.002027713,0.000113088834,0.0015281092,0.000113088834,-0.00020578025,0.0009522377,0.0038831185,0.000686332,-0.0016967665,0.003424475,0.00026606885,0.0009372709,0.00048303817,0.0003595125,0.0010041028
2016-09-28,-0.0023427147,0.0024137017,-0.0016017178,0.002417883,0.00012074849,0.00077427906,0.0007664085,0.0006665273,0.0007664085,0.000206745,0.0004040696,0.002516587,-2.59322e-05,-1.4602891e-05,0.0008152568,-0.00025236956,-0.0013298565,0.001886505,0.0022832348,0.0005740956
2016-09-29,-8.8895315e-05,0.003963262,0.0,0.0018837433,0.00158889,-0.00013805782,0.0012316753,0.0033357916,0.0012316753,0.002280448,0.00038485703,0.0015870484,0.00027326285,0.00066708383,0.0009562615,0.002646773,0.00023945599,0.0018650264,0.0009041627,0.0004933917
2016-09-30,-0.0008742524,0.0014807149,0.0015555058,0.0,0.0022448653,0.00078124244,0.0022951406,-0.0022317786,0.0022951406,-1.5320633e-05,0.0009780823,0.0023189648,0.0012353981,0.00073915714,-0.00046674346,0.00097455824,0.00063306413,0.0025895864,0.001112867,8.1526945e-05
2016-10-03,-0.0025451032,0.0011392535,0.0005399827,0.0043599815,0.0019535616,0.0,0.0008384174,0.0016645001,0.0008384174,0.0013726109,0.00015847382,0.0042770132,0.0016124401,0.0033231582,0.0010426207,0.0023586792,0.0014542183,0.005616536,0.001383543,0.0
2016-10-04,-0.00084819685,0.0018429875,0.00021101182,0.0008470405,0.0029911841,0.00042946744,0.000111812114,0.0022470527,0.000111812114,0.0,0.0005746427,0.009340965,0.0016052132,0.001525766,0.00026226256,0.0033204963,0.0006648163,0.0026948163,0.0025012759,0.0010422353
2016-10-05,-0.00022884338,0.0030004035,0.0030221804,0.0,0.0028351543,0.00046597864,-0.0019514877,0.0006302431,-0.0019514877,0.0014028599,0.0015084265,0.0052951127,0.000494362,0.0062185167,-6.631379e-05,0.004802197,0.0003861111,0.0010453784,0.0011286347,0.0003841778
2016-10-06,0.0006210948,0.0012654808,0.0,-7.428434e-05,0.0020568129,0.00086017576,0.0,0.0014209007,0.0,-0.00026646868,0.0008083932,0.0033605467,0.00065228733,0.0021103346,0.003414638,0.0023142858,0.0007168249,0.0019704022,0.00036634854,-0.0005512048
2016-10-07,7.217991e-05,0.00015168145,0.00020429768,2.1241265e-05,0.0011443626,-0.00015230152,0.006891352,0.0021716743,0.006891352,0.0003856234,-0.00019478345,0.000431263,0.0017284862,-0.00049381796,0.011939104,0.002402184,0.0012931015,0.0016146717,0.0035048297,0.0003628883
2016-10-10,0.0029961318,-0.0005541518,0.00261678,0.0010447272,0.0006868916,-0.00039352488,0.002406202,0.0007041441,0.002406202,0.002816638,0.0008606816,-0.0012604846,0.0007910529,-0.0011180833,0.0062802304,0.0011931031,0.0009283021,0.000688839,0.003968152,0.00092160894
2016-10-11,0.0012580021,0.0014072041,0.00018455683,0.0014684455,0.0015833187,-1.41233195e-05,0.002129666,0.0028805921,0.002129666,0.003630387,0.0,0.00013529632,0.0009283055,-0.00036964385,0.0010702222,0.0013725929,0.0029241433,0.0031895647,0.004991523,0.0013880065
2016-10-12,0.0008563872,0.001887704,0.004745559,0.0062211547,0.000961597,-0.0006484667,0.0015664903,-3.7122532e-05,0.0015664903,0.0024144244,0.0002570997,0.00050288206,0.001546032,0.003334585,0.003151509,0.0041109105,0.001705377,0.0023360772,0.0014980885,0.00079091825
2016-10-13,0.00039068615,0.0009023261,0.00068356143,0.015998801,0.00033276525,0.0003358048,0.004123824,0.0019337066,0.004123824,0.0016182006,0.0,0.0010718035,0.0011429901,-0.00038586542,0.0005124,0.0013773356,0.00057383947,0.001443749,0.0010625452,0.0008940387
2016-10-14,-0.0041344883,0.002709594,0.0066903876,0.006815665,-0.0006216652,0.0009822089,0.0008463831,0.0015833502,0.0008463831,0.0048336694,-0.00055317464,0.00092669926,0.0013474888,0.00065581594,-0.0013372272,0.00228855,0.0014542808,0.0016225673,0.00061007624,0.00010223488
2016-10-17,0.0012895174,0.001502229,0.002251797,0.0003638887,0.0018264564,0.001656304,0.004497974,0.0040512485,0.004497974,0.0045540747,9.9977144e-05,-0.00062843924,0.0016405773,0.00073959003,0.0010168009,0.0055362475,0.0020609673,0.0010091229,0.0015322219,-0.0012546561
2016-10-18,0.0012863001,0.0016333573,0.00083305815,0.0032029024,0.00038520258,0.0015284767,0.0012918152,0.0013874103,0.0012918152,0.00048887794,0.001100625,0.00082752795,0.0009832045,0.0015539859,0.0016487015,0.005486908,0.00046777076,0.000495753,8.993773e-05,0.00023915112
2016-10-19,0.0028741763,0.0011944901,0.001534663,0.00015482849,0.0025507407,0.0015457233,0.001058701,0.005554887,0.001058701,0.0013770266,0.0015488354,0.0006060484,0.00086831907,0.0017736501,0.00040581293,0.0001573677,0.0011357026,0.0010954123,0.0010822752,-0.00057163753
2016-10-20,0.0038183134,0.0017387088,0.00016859004,0.006722425,0.0023269262,0.00074228237,0.0013729307,0.009141955,0.0013729307,0.0015891092,0.00148404,0.0007497263,0.002234064,0.0024198531,0.0010372734,0.00066931354,0.00053265545,0.0004920145,0.0016165604,0.0
2016-10-21,0.0023223911,-0.0002283792,0.0016443073,0.010102375,0.0018775616,0.0029405889,0.00055231486,0.006635192,0.00055231486,0.002978499,0.0019749918,0.0045642545,0.00036045365,0.0021105113,0.0006524508,0.0057704654,0.0027622676,6.0916107e-05,0.0016556835,0.0012484713
2016-10-24,0.0029326947,0.0010540453,-0.0006859687,0.0077543575,0.001565048,0.002545221,0.0010634193,0.008024983,0.0010634193,0.0016348137,0.0005383349,0.001230371,1.3001242e-05,0.001786522,0.00012627513,0.004622761,0.0016125275,0.0,0.0018774865,0.0019357172
2016-10-25,-0.0009815616,0.00017665162,-0.000102831815,0.012178916,0.001576587,0.0009120463,0.00064933964,0.004760745,0.00064933964,0.0005784686,0.0,0.0024950248,0.00070690684,0.0033217361,0.0010618753,0.003665137,0.0014093006,0.0007369456,0.00057373976,0.0023138828
2016-10-26,-0.0032299832,0.0015725298,0.0015862532,0.0065342886,0.0019606152,0.0005814606,0.001386395,0.009465175,0.001386395,0.0018777212,0.0010109033,0.0048304037,0.0011400854,0.0015103527,0.0010157403,0.0029697958,0.0018204392,0.0021075085,0.00042302857,0.0
2016-10-27,-2.6118463e-05,0.00074317993,0.004116933,0.0064703287,0.00060368946,0.00096547534,0.00037027182,0.006044016,0.00037027182,-0.0012689232,-0.005613435,0.006116042,0.0004861407,0.0015805403,-0.0003860329,0.002184852,0.0016682678,0.0009342275,0.0003643294,0.0012349313
2016-10-28,0.0010606935,0.0014667277,0.0062211575,0.0006410961,0.002203694,0.00021088954,0.0015853352,0.0014602779,0.0015853352,-0.005691773,-0.0020192096,0.0012256152,0.0011227606,0.003077698,0.0019171619,0.0042534787,0.0021265051,0.0,0.001711622,0.001579842
2016-10-31,0.001816592,0.0015857042,0.0013295793,-0.00014575098,0.0008847095,0.0008701234,0.0013659383,0.0008209524,0.0013659383,-0.0034123366,0.0011235455,-0.0005039379,0.0011642386,0.0016145214,-0.012218342,0.0010787687,0.0036096382,0.0,0.0010332883,0.0
2016-11-01,0.0037479885,0.0025481412,0.0006388665,0.0064303675,0.0015650896,0.0016155064,-0.00015341677,0.00036524277,-0.00015341677,0.0009277262,0.0020124945,-8.726107e-05,-0.00041445333,0.0007905081,0.0010702192,0.0036776727,0.0017850822,0.0013850888,0.00065381435,0.0004153961
2016-11-02,0.000487695,0.0015964669,0.0014540661,0.0016173046,-3.550901e-05,0.0021082899,0.002103664,-0.0012650051,0.002103664,0.0077843284,0.0010411117,0.0015091304,0.0,-7.702113e-05,0.0009049376,0.00079721474,0.0012933434,0.0014743143,0.001388042,0.0035517227
2016-11-03,0.0020305717,0.0006349443,0.0046038516,0.0007144788,-9.9826495e-05,0.0020627906,0.0014897535,-0.0013463023,0.0014897535,0.0029999,0.0032415513,0.009608801,0.00014527285,0.00047393865,0.0020865577,0.0016771175,0.0007353404,0.0006331723,0.0021252292,0.0033920964
2016-11-04,0.0010367024,0.0012406104,0.004501215,0.0009468019,0.0006035836,0.0004646446,0.0020259295,-0.0020826631,0.0020259295,-0.0004244273,0.0028834762,0.004252666,0.00069171755,0.0,0.0021915052,0.0013282038,0.0017015382,0.0006873392,0.0022652333,0.0025186953
2016-11-07,0.005782105,0.0012406415,0.0033310347,0.002161425,0.0,0.0016130921,0.002187494,-0.0014237163,0.002187494,0.0011490597,0.00060362875,0.007594457,0.0005933369,0.00067805964,0.0056055253,0.0005346016,0.0014049596,0.001001949,0.0007156466,0.0033847725
2016-11-08,0.001926214,0.0011452979,0.000880931,0.002685715,0.0011368426,0.002177017,0.0013930682,-0.0015474482,0.0013930682,0.0010937431,0.0025242448,0.0019134659,0.0012750019,0.0009856045,0.001348067,0.001399586,0.0011675439,0.0010194654,0.0014588176,0.0020134654
2016-11-09,0.0015744306,0.00064087246,-0.0019119548,0.001224863,0.0014120247,0.0011431369,0.0015217252,-0.00021021573,0.0015217252,0.0010589268,0.001736937,-0.0009879434,0.0017693656,0.0022035013,0.0020023265,0.0016448955,-8.8708715e-05,0.0016526512,0.0014720233,0.0025635147
2016-11-10,0.0035559828,0.0011105358,-0.0067631896,0.0050765704,0.0013761207,0.002118806,0.002656392,0.0013053952,0.002656392,0.0017094265,0.0013638205,-0.0019981111,0.0010281366,0.0058337795,0.0010843022,0.0013401489,0.00028940328,0.0024687422,0.00080820726,0.0010420298
2016-11-11,0.004973623,0.0005008153,0.0011771771,0.00014570494,0.0010515664,0.00089389604,0.003756491,0.0037546395,0.003756491,0.0028135271,0.0018447824,-0.0022168688,0.0018006571,0.0021960847,0.00220634,0.0013027064,0.0017752371,0.0015104924,0.0016165549,0.0025505747
2016-11-14,0.0015093236,0.0004924165,-0.0003972983,0.0015895793,0.0012651053,0.0009857035,0.0016663849,0.0019149213,0.0016663849,0.0055932286,0.0024712465,-0.006106592,0.001088332,0.0010134937,0.0017113747,0.0034528389,0.00032914028,0.0010270992,0.0009822744,0.0025565287
2016-11-15,0.003169874,0.0032594262,-0.0025825438,0.0008281325,0.0014953577,0.0011785692,0.0035052914,0.0009659867,0.0035052914,0.008616448,0.0007667752,-0.00046923093,0.0012132416,0.0037829834,-0.00013193714,0.00226187,0.0010067616,0.0010164322,0.0013864597,0.0031978453
2016-11-16,0.0016406798,0.0023770097,0.0010584355,0.0019124517,0.0009841587,-0.00036157778,0.0033338594,0.0033957204,0.0033338594,0.0006887505,0.0026810805,0.0010405119,0.000542168,0.003635434,0.0027107422,0.0006612855,0.00074597046,0.00010318746,0.0008159913,0.0026103584
2016-11-17,0.0034767964,0.0013843102,0.0026540686,0.0042821127,0.00088965415,0.0006062794,0.0012905983,-0.0002685006,0.0012905983,0.00051438145,0.002906106,0.002101092,0.00033701828,0.0022681265,0.0050323512,0.0013470101,0.000912425,0.00089076575,0.00027177428,0.00095945713
2016-11-18,0.0012575876,0.0013463191,0.00022147442,0.001117446,0.00113001,0.0006331894,0.00074584567,0.0024553626,0.00074584567,-0.0011506011,0.0022898512,0.00012103808,0.0008787351,0.003237159,0.0027061717,0.0034890634,0.0007625013,0.0011822003,-7.759852e-05,0.0007092952
2016-11-21,0.0012572445,0.00021996308,-0.0006561161,0.0057812934,0.00083497184,0.0011137471,0.0016195369,0.0023833227,0.0016195369,0.0008577013,0.0009774002,0.0058489414,0.0009941602,0.0008540944,0.0022962794,0.0027286503,0.00051893824,0.0011800197,6.818168e-05,-0.0014548212
2016-11-22,0.0013058526,0.0015037898,-0.0005841614,0.001979705,0.00039655753,0.0010389474,0.00021006861,0.0015634454,0.00021006861,-0.00014232584,0.0021800299,0.002163785,0.00072015094,5.311796e-05,0.009972111,0.0037055318,0.0013635077,0.00073408,-0.00034485167,7.046386e-05
2016-11-23,0.0013366478,0.0013674047,0.0010632527,0.007766731,0.0020843758,0.0025265727,0.0,0.0008346008,0.0,0.00048635856,0.0029568397,0.0015056178,0.0014653574,0.00084861205,0.009824818,0.003175296,0.0009341234,0.0018372699,0.0013400975,0.00026528374
2016-11-24,0.0021671387,0.00086154,0.0009403407,0.0024122004,0.0004628334,0.0013770459,0.0,0.004500995,0.0,-0.0007230195,0.0038628036,0.0006360943,0.00090631656,0.0,0.0068633454,0.0016803258,0.0009883259,0.0009363641,-0.00034543694,0.00030312708
2016-11-25,0.00020350276,0.00204078,5.266405e-05,0.0020703606,0.0004834028,0.0017864231,0.0005364956,0.0029775335,0.0005364956,-0.0022309336,0.0020589852,-0.00030380138,0.0018868323,0.00035407342,0.0012905691,0.0015725347,0.0011278159,-0.0001736782,0.0007345103,-0.00031557662
2016-11-28,-0.00030506062,0.0007067427,-0.0019383659,0.001347767,0.0008869565,0.0010958045,0.0018052849,0.0002661061,0.0018052849,-0.00069076405,0.0016791782,-0.0048333416,0.0021841594,0.00073346694,0.0029136958,0.0026622147,0.0013684568,0.00026076764,0.00050103536,0.0
2016-11-29,0.00024016904,0.0017549243,-0.0026567765,0.00079610577,0.0016136372,0.0015046134,0.0022740653,0.0015127632,0.0022740653,-0.0021360414,0.00022080628,-0.0016568195,0.0010921271,0.00018114503,0.0021898926,0.0043286863,0.000931517,0.0008978362,0.0010895958,0.0017968131
2016-11-30,0.00023417168,0.00058290677,0.0009446219,0.0014569706,0.001472118,0.0012377851,0.003753177,0.0027440614,0.003753177,0.0002914877,0.00024514346,0.0023138693,0.0014453195,0.00091983966,0.0019413648,0.0027895928,0.0011391229,0.00084388675,-0.00013905857,0.0023515755
2016-12-01,0.00028864222,0.001521969,0.0020709115,2.1938124e-05,0.001493899,0.00016385668,0.0010202993,0.0014910012,0.0010202993,-0.0075022783,-0.00015200002,0.0018385113,0.0010127784,0.00044086017,0.00017620248,0.0010100201,0.0015872698,0.00059025723,-0.000119136996,0.0017739688
2016-12-02,0.00038223746,0.002054993,0.0072489036,0.00019387294,0.0013248811,0.0014126023,-0.0010865973,0.0009125766,-0.0010865973,0.0040688105,0.0003823659,0.010525014,0.0018153373,-0.0004296433,0.0018043999,0.0026349518,0.0006813789,0.0004815286,0.00045101912,0.00055046135
2016-12-05,0.0015069196,0.00039621154,0.0006251356,0.0011544653,0.00052220415,0.0016148179,-0.0020196608,0.0059896647,-0.0020196608,0.0045340117,0.00044244088,0.00590622,0.00058056833,7.248464e-05,0.0049286755,0.0018519968,0.00033063535,0.00074589794,0.0014759997,0.0013544167
2016-12-06,0.00095174,0.0010912452,0.0017480988,0.0015929416,0.0015415483,0.0005760678,0.0012747775,0.0031905014,0.0024901587,-0.000114554394,-0.002632346,0.0026374573,0.00052639825,0.0035718058,-0.00056411064,0.00040659023,0.0009976102,-0.0005152645,0.0011949419,0.0010644296
2016-12-07,0.0,0.0008405603,0.002810385,0.011093536,0.001784907,0.0018168292,0.00045811926,0.0049392045,0.0023627076,0.0003763798,0.0013604079,0.0016322349,0.00060482917,0.0022959923,0.0010115585,0.002495175,-0.0007926402,-0.0010754366,0.0012880546,0.004880613
2016-12-08,0.0016729943,0.0011993427,0.0018457278,0.002685848,0.00062352995,0.00065602065,-0.0018729527,0.00088180916,0.00047345902,-0.00011238289,0.0062811817,0.008385525,0.0013029729,0.0018384651,-0.000537077,0.00453416,-0.00021048503,0.0,-0.0006978766,0.0053425166
2016-12-09,0.00839528,0.0029046778,0.0012002914,0.004080519,0.0007185434,0.0025030856,-0.0014158319,0.0055663255,-0.00022549916,-0.00067925244,0.0050371727,0.0030714313,0.00087892276,0.0003776825,-0.00010182386,0.0065972507,0.0018867771,0.001606714,-0.00032961532,0.0012534084
2016-12-12,0.0007432419,0.00066431833,0.00064749806,0.0008615969,0.001013508,0.009153696,0.0021310807,0.0019889146,-0.0015106394,-2.20152e-05,0.0036622288,0.009995435,0.0007312589,0.00060154527,0.0003290608,0.0033826327,0.0025953983,0.004394327,-0.0022556887,0.0022210253
2016-12-13,0.0023837949,0.0014982861,0.0022201159,0.0029775791,0.00034107987,0.0034175129,-0.0012186045,0.0,-0.00022540253,-0.0025605154,0.0024907317,0.0064785243,-0.00046854472,0.0021108417,0.0008823911,-0.0011393082,0.002102404,0.0017275894,0.0,0.0028306849
2016-12-14,0.0009612335,0.00228498,0.005745796,0.0020073012,0.0006224449,0.0042270077,0.0,0.0027582515,0.0006503866,0.00016529408,0.003547077,0.0038985715,0.0,0.0012100639,0.00029721734,0.0018150139,0.00031415946,0.0017295212,0.00017663467,0.0058130063
2016-12-15,0.0011305186,0.0015630928,0.0034063552,0.005838674,0.0019108144,0.0037811748,0.00041494178,0.0031675107,0.0004112436,-8.214195e-05,0.0036639527,0.0143660605,0.0024875102,0.0010348759,0.0023607698,0.0018604574,5.507758e-05,0.0011922044,0.0006806883,-0.00094896246
2016-12-16,0.00084525725,0.0027627689,0.0015851526,0.0040713237,0.0031914061,0.002366596,-0.013525717,0.001835052,0.0012199354,-0.0016682429,2.76497e-05,0.011815108,0.0011791291,-0.0010321761,0.0020849032,0.004821834,0.0011794469,0.0002421049,0.0,-7.559656e-05
2016-12-19,0.0021742054,-6.547711e-05,0.0039979885,0.0014290259,0.0033367963,0.0014898224,-0.004350079,0.0002942527,0.0004704477,0.00018055228,0.00070936483,0.00927572,-0.0007589441,0.0009265077,0.0,0.0010157021,0.0021204788,0.0011230082,0.0008819893,0.0019052187
2016-12-20,0.0017307757,0.0001399136,0.0031546992,0.0009683542,-0.00036508046,0.0047594504,0.0,-0.0015239673,0.00075132656,0.0008423669,0.00021506839,0.009731681,0.001421372,0.0007534892,0.0007229332,0.00023247386,0.00024968825,0.00032979794,0.0010851221,0.0012080459
2016-12-21,6.519503e-05,0.0039219917,0.0026646624,0.001667394,0.00041049786,0.002177288,0.0010039699,0.0009127381,-0.00024670444,0.0008516707,0.0033931704,0.009171104,0.0027533947,0.00034256838,0.0018741089,0.00036734674,0.0009545571,0.0016546341,0.0,3.241246e-06
2016-12-22,0.0002743642,0.0022742664,0.0041948557,0.0233386,0.0012531311,0.002653146,0.00014377269,0.0013879793,-1.24121425e-05,-0.00072113663,0.0010925661,0.0011048182,0.0024724526,0.0010927909,0.0010224653,0.0015867411,0.0026706918,1.0752978e-05,2.8957677e-06,-0.0015996911
2016-12-23,0.00045018204,8.642839e-05,0.005594036,0.0024478624,0.00094675925,0.0033711463,0.0024175972,0.0020674467,0.001177684,-0.0005767493,0.001298231,0.002692958,0.0014142464,0.000688245,0.0025223887,0.0014045752,0.00227096,0.0005606475,-0.0017168152,-0.00088445825
2016-12-26,0.0006457346,-0.0009570206,0.004411225,0.0030764323,0.00048703767,0.0064106793,0.0002339579,0.0008109057,0.0007514372,-0.0034744386,0.0014254067,0.0021265722,0.00091146835,0.00078158645,0.0034728542,-0.0006716414,0.0021930514,0.00078289123,9.89038e-05,0.001306317
2016-12-27,0.0016163759,-0.00019443358,0.0005837881,0.003044775,0.0018241894,0.0018380756,-0.0017415241,-0.00037778317,0.0017884069,-0.006630271,0.00017808015,0.00042043024,0.0049504903,-0.00013491088,0.00072545675,-0.00014725717,0.0009681209,0.0012095264,0.0021519652,0.0029260092
2016-12-28,0.00016618575,0.0022185934,0.002872187,0.0013764921,0.0011578911,0.002211245,0.0025290065,0.0008628767,0.0008869827,-0.0029987358,0.00031197356,0.00057371246,0.0,0.0011809358,0.00459528,0.0006832195,0.0010852506,0.0009125673,0.00555676,0.0011780136
2016-12-29,0.0011452443,0.0013457937,0.0015458681,0.0012911425,0.0005509563,0.001817578,-0.0011938888,0.0017536671,0.0005260067,0.0004490558,0.0014994936,0.00044084806,0.00050259824,0.0013150191,0.0044261483,0.0025988517,0.0017747418,0.00050212775,0.0015039471,1.196169e-05
2016-12-30,0.00012222286,0.0014472038,0.0005982368,0.0021997192,0.00068215816,0.0024906853,0.00088542234,0.001574004,0.0006641616,-0.0006661938,0.0019173537,0.0038714164,0.0014853571,0.00045648596,0.0003131367,0.0039824983,0.003872376,0.0022901846,0.0013881996,0.0010088396
2017-01-02,0.00068991777,0.0021999786,0.0034706676,0.0008606292,0.0006563909,0.0028326162,0.0045956937,0.00095101737,0.0002059178,-0.0020201257,0.0032158862,0.0009987178,0.0021503898,0.00087668886,0.0006827141,0.0008751587,0.0014926167,0.00073583913,0.008402288,-0.0010636848
2017-01-03,0.00021555381,0.0008768596,0.0070442106,0.0014092849,0.0010105238,0.0006513254,0.003157769,0.00051095604,7.234412e-05,0.0037135687,0.001195654,0.007506024,0.0006080271,0.0008980499,0.0015080184,0.0010131026,0.0017332509,0.0008809525,0.024818726,-0.0035496056
2017-01-04,0.0017487337,0.0,0.0038127233,0.00019966027,0.0023567055,-0.00010023479,0.0033813212,0.00050605927,0.001574898,0.00089349353,0.0011064193,0.0,-0.0003603862,0.0029021276,0.0041737906,0.00011551014,0.0017943473,0.0016137972,0.0058343266,-0.004427431
2017-01-05,0.0008725501,0.0,0.00071851886,0.00074517203,0.0011851178,0.0,0.0004856843,0.001045568,0.0002203714,0.0015248404,0.0002180169,-0.00053794513,0.00032994914,0.0013757593,0.0019070521,0.0024810308,0.0008355739,0.0006839317,0.0010267594,-0.00030861603
2017-01-06,0.0027359158,-0.00021300535,1.845192e-05,0.00040092942,0.0055282298,0.0009518071,-0.0014376693,0.00015634675,0.0,-0.00013413576,-0.000814141,0.0030231618,0.00086238014,0.00036143267,0.004953229,0.0030835737,0.001134397,3.733933e-05,0.0012417756,0.0018442848
2017-01-09,0.001768159,0.00095610257,0.0025509368,-0.00046476733,0.0026460867,0.0004416886,0.0008965055,0.0007246905,0.00034905924,0.0019411942,-0.0010189412,-0.0008009575,0.001175181,0.0010210203,-3.3339336e-05,0.0026443808,0.0011470023,0.0005037148,0.0034726334,0.0012323151
2017-01-10,0.0010627584,0.0005839082,0.002565296,-0.00073462294,0.0019098694,0.00090206024,0.0026535848,-0.003173911,0.0011780673,0.0013139879,-0.0006275619,0.0010658285,0.000249811,-0.00022608266,-0.0024683604,0.0016596148,0.00062332116,0.00032126467,-0.00359571,0.0014932668
2017-01-11,0.0017368036,0.0009353137,0.0016822092,-0.00037478472,0.0015357245,0.001508365,0.004666458,0.00036542557,0.00089854916,0.0019640247,-0.025383888,0.0031851397,0.00018182988,0.00041758578,-0.0021520492,0.0010088073,0.0013612941,-9.945126e-05,0.0011129918,0.0018963134
2017-01-12,0.0015015346,0.0013332973,-0.0016010255,0.0003694047,0.0013806584,0.0005977494,0.0063956673,0.0024049273,0.0012149409,-9.9747376e-05,-0.0021530911,0.00021537096,0.00048455579,0.0009474336,-0.0028996815,0.0007479098,0.00086476014,-0.00069519115,0.0008735005,0.0007363088
2017-01-13,0.0023372103,0.0019360845,0.0012874055,0.00049395533,0.00095833075,0.0022346473,0.00036639767,0.001497126,0.0005833131,-0.0005762265,0.0009135861,0.0022248852,0.00018874196,-0.00027994777,0.0,0.00064273214,0.00038616674,0.0,-0.0003636806,0.0007041821
2017-01-16,0.0009124236,0.00049447804,0.002057198,0.00019251158,0.000414135,0.001093546,0.0011312183,0.00036615515,0.0011773185,0.0011302334,0.000933951,0.001288369,0.0027213525,0.0,-0.0011388676,0.00029212833,0.0005439058,0.00063000026,0.00016278533,0.00052499375
2017-01-17,0.0026952904,0.00066153525,0.0023827187,0.0008774599,0.0020838433,0.0021898032,0.006269453,0.0008117362,0.0010902701,0.0012140367,0.0004438021,0.003952948,0.0016897386,0.0013402132,0.0013125241,0.0006552403,-0.00049824145,-0.0001654981,0.0003287324,0.00043257166
2017-01-18,0.003954571,0.0023820472,0.001973286,0.0011138035,-3.6656354e-05,0.0018868045,0.0028574504,0.0021104664,0.0014053095,0.0037876647,0.00055587257,0.0017175827,0.0019081613,0.0021974372,0.0016396166,0.000115381736,0.00043708622,0.0,0.003236817,-0.00025286656
2017-01-19,0.0016895903,0.0066040335,0.0031912066,0.001087644,0.0008481543,0.00025598117,0.0015267748,0.0047719018,0.0017725416,0.0015140848,0.00045406912,-0.00017087362,0.0024037124,0.0012645863,0.003638933,0.0006397913,0.00022800674,-0.0004914769,0.000821523,0.0010997679
2017-01-20,0.0018083421,0.0049059913,0.007099177,0.008382563,0.0017242025,0.0012040932,0.0026439694,0.0052332184,0.0013357989,0.001048687,0.006037321,-0.0031249605,0.002331922,0.0001108563,0.008423829,0.00061347196,0.0018823652,-0.00025643985,0.0015432794,0.0002886667
2017-01-23,0.0013655362,0.003918423,0.0058335746,0.00983551,0.000607019,0.0013404577,-0.00042049008,0.0022296975,0.0027307237,0.0013661139,0.00084048114,0.0013286222,-0.0021820543,-0.002108436,0.0037541767,0.0010026549,0.0015412223,-0.00040152977,-0.002820102,0.0018379996
2017-01-24,0.00128852,0.0053127953,0.0029061395,0.008997351,0.00015808077,0.0006080863,-0.002419867,0.0014102762,0.0013821387,0.0025143786,0.002098953,0.0033602393,-0.00035521967,0.0020910797,0.0016134591,0.00029009877,0.0017611542,0.00053455104,0.0014741006,0.0020469904
2017-01-25,5.802331e-05,0.0027067168,0.0034909686,0.0058364775,-0.00011017137,-0.0001152228,0.0,0.0016890435,0.0014883678,0.002821872,0.013994345,0.0020234536,0.000405136,0.0035791635,-0.00028170814,0.0025352475,0.0010899834,-0.0021496299,0.0018653059,0.0023561376
2017-01-26,0.00043567334,0.002160497,0.0032046149,0.0026377707,0.0006035,-0.0008477827,0.0,0.001449345,0.0017366594,0.002690646,0.0017408265,0.00060014444,-0.0016015532,0.0040655537,0.0012408756,0.0,0.0008829867,0.0,0.006417849,0.0
2017-01-27,-0.0010581587,0.0010986545,0.0030702837,0.0056445035,-0.0006086423,0.0023416486,0.0016388885,0.0012132468,0.002296063,0.0044461763,0.0022063167,0.00026395931,1.3318874e-05,0.0021249307,0.0009145922,0.00039585488,0.00023979225,-0.00028708475,0.00038537232,0.0010874693
2017-01-30,-0.00032883984,0.0007513349,0.0014528511,0.009852605,-0.00019423386,0.0066245,0.0031714274,0.0022024123,0.0012599936,0.0013582945,0.0031804815,0.0008122139,0.00035960117,0.0011958987,0.004073789,0.0005005757,0.0009325279,-0.0009150892,0.0013907921,0.0
2017-01-31,5.65653e-05,0.0016613221,0.0028854872,0.0009402168,0.0,0.0027923102,0.0011776484,0.0026929243,0.00084442,0.0006096741,0.0010602877,-0.0025259657,0.0009006251,0.001411831,0.0013894534,0.0017967236,0.0009615541,0.0018671998,0.0006283791,0.0034012077
2017-02-01,0.001145245,-0.0002152307,0.0033618866,0.005031944,0.0009915079,0.0031952972,0.0025599618,0.002591988,0.00069825345,0.0005336733,0.0007323696,0.0028652712,0.00060462626,0.001705702,0.004002672,0.0015107022,0.0014435182,0.001173232,0.0026526463,0.002755498
2017-02-02,0.0019425891,-0.0013392178,0.00018982514,0.0033399505,0.0014848054,0.0014831248,0.0053184466,0.0014252623,0.00095457217,0.004525348,0.0010883721,0.0024127655,0.0007961631,0.000462526,0.0016037454,0.00097531907,0.00068823405,0.00082951103,0.00072073017,0.006037269
2017-02-03,0.0034641603,8.203982e-05,0.0007372754,0.003576824,0.0018408314,0.0016715301,0.0031640977,0.0003877947,0.0018452702,0.0024348903,0.0040527405,0.0021871564,0.0020676502,0.0009395508,0.002356186,-0.0008490632,0.0005668264,6.825881e-05,-0.0015920645,0.0022927057
2017-02-06,0.0020446829,0.0015713318,0.0027183567,0.0023457755,0.0010499163,0.003821984,0.0012531623,0.0007210208,0.002650757,-0.0005546822,0.0033860556,0.009227719,0.0021532623,0.0010967698,0.0013418521,0.00023330214,0.00028723083,0.001158989,0.00067001773,0.0093237255
2017-02-07,0.00048970233,0.0012928348,0.0010520206,-0.00015481311,0.00017081089,0.0025066922,0.008400575,0.0014411268,0.0016532535,0.0023071521,0.002570809,0.009933912,0.0002463684,0.00069905614,0.00076671754,0.0055896062,-0.00017359667,0.00086107926,-0.0010050994,0.005378404
2017-02-08,0.0034691577,1.3064768e-05,0.0003838934,0.0053030127,0.0015310228,0.0023408788,0.00303603,0.0015542902,0.002442044,0.0013514428,0.0060342127,0.0049986206,0.0005440496,0.0005290741,0.00013703774,0.0026600654,0.0005284997,0.0008772614,0.004351611,0.0019771173
2017-02-09,0.0005327311,0.0004419146,0.000702926,0.0044521783,0.0014445998,0.0032145502,0.002638501,0.00039834675,0.0012336096,0.0005732284,0.0010969649,0.0017464258,0.004939444,0.00030159892,0.0007151519,0.0027497616,0.0011406378,0.00017919554,0.003764467,0.0012267904
2017-02-10,-0.00010495175,0.00068719464,0.0015783889,0.0017333421,0.0033837215,0.0012132049,0.012254478,0.0017791801,0.00020356,0.0018459664,-0.0011037816,0.0012592578,0.0009778597,-0.00029491552,0.0013152476,0.0016632102,0.00084168185,2.3488981e-05,0.0013282892,0.001510807
2017-02-13,0.00042958237,0.0002334995,0.0013372261,0.0023522594,0.0024886965,0.0013986191,0.005512037,0.0014377029,0.0002192781,0.00078581815,-0.004774841,0.00031985284,0.0063640345,-6.301575e-06,0.0003787718,0.0031438498,0.0031815825,0.000990947,-0.00014015145,0.0011735325
2017-02-14,0.0015029474,0.0018491008,0.0,0.0011465314,0.004831838,0.0006832029,0.0018010449,0.0019266937,0.0023855797,0.00095137436,0.00186756,0.00036505744,0.0027409303,0.0026284307,0.00015724165,0.0030921292,0.0026926901,0.002653521,0.0003646208,0.0036746126
2017-02-15,0.001625064,0.0032166613,0.0024099306,0.0011583366,0.0006745145,0.00022223762,0.0026142064,0.0018165316,0.0007814745,0.0034010848,0.002089344,0.0003873098,0.0049197776,0.00011550874,0.00049056,0.0011847181,0.00029548266,0.0019761643,0.0013340167,0.0039243875
2017-02-16,0.0021730892,0.0026123829,0.0019207199,0.0,-0.00049544725,0.00062514236,0.0014288952,0.0004112286,0.0016128406,0.0034620303,0.0026100278,0.0023155224,0.002317909,0.0011552825,0.00089491444,0.00084071816,0.0010786254,0.0011119782,0.0035369417,0.00085537747
2017-02-17,-0.0007781045,-0.00056031474,-0.00031043254,-0.0001123531,6.4945954e-05,0.0014398712,0.0006405828,0.0018948518,0.0011585843,0.0019162362,0.00066848396,0.0022260002,0.0035663103,0.00014347311,-0.00035046387,0.0031216636,0.00065357675,0.0020987657,0.0008691573,0.00020298212
2017-02-20,0.0019284934,-0.0012561707,0.0010597436,0.0007170454,-0.0015307342,0.0,0.0051824716,0.0012289645,0.0009565852,0.0039493092,0.0029555513,0.0028201605,0.0005416129,0.00039959853,-0.00010817006,0.0017481424,0.0011110603,0.000829976,0.00051671,0.001483202
2017-02-21,0.00036080973,0.00094697654,0.00091401045,0.00053303444,0.00072895875,0.0035780054,0.0016762704,0.00049269584,0.0006821333,0.0069980854,0.0,0.0034885122,4.1850122e-05,0.0010167516,0.0037865955,0.0012513351,0.0008510491,0.0010665994,-2.6635094e-05,0.0017432722
2017-02-22,0.002574975,0.00030301747,0.002593989,0.00087789627,0.0007187066,0.0026499005,0.0022718213,0.00036792975,0.0009156088,0.002404869,0.0034604229,0.0015799872,0.0,0.000304366,0.0016420971,0.0026688043,0.00043271604,0.0010997094,0.0,0.0027458419
2017-02-23,0.0008546734,0.00022751933,0.0008883797,0.00038498244,0.0010176328,0.0051327865,0.0034138162,0.0015226101,0.0012634046,0.0060952217,0.00507102,0.00029309874,0.0020269465,0.0026761128,0.0033872155,0.0032291063,0.0011139979,0.0,0.0,0.0021267186
2017-02-24,0.0017399242,-0.0004027117,0.0017437973,-0.00087540055,0.00094739726,0.0019476046,0.0012194224,0.0013716609,0.0016594173,0.0033699311,0.0011469948,0.0009561493,0.00030857752,-0.0003753852,0.0037243443,0.0016019944,0.0010848024,0.0,0.0015061772,0.0028645552
2017-02-27,0.004768869,0.0019033742,0.00068685657,0.0011910269,0.00073280314,0.003200297,0.014429939,0.0018002378,0.00086292333,0.005361419,0.0005939743,0.0010772675,0.002332765,-2.835618e-05,0.0011902028,0.00094667776,0.00065587385,0.00081106887,-0.00069703796,0.0022327446
2017-02-28,0.003224202,0.00040838687,-0.0002522582,0.0010211414,0.0017235139,0.0026013507,0.017254354,0.0016943386,0.0005424527,0.0029882859,0.00020073864,0.0013841753,0.0,-0.0004930746,0.0004578585,0.00015547119,0.0012123641,0.0010117234,-0.00011196165,0.0021563806
2017-03-01,0.0025017834,0.0025779316,-0.0008609242,0.0028089266,0.00011828556,0.0016366104,0.0006110861,0.00040639975,0.00058371254,0.0061618555,0.0023976595,0.0009884279,0.0021781249,0.0011265797,-0.0013202634,0.0011930984,-0.0001321132,8.762292e-05,0.00053453253,0.00060554326
2017-03-02,0.008385493,0.00041166335,0.00042224623,1.9389277e-05,0.00021757458,0.0011365651,-0.00018370156,0.0002622379,0.0005438074,0.0051280377,0.0012100653,0.0014204695,0.0036880162,0.0030365156,-0.0039507467,0.0019094036,-9.529668e-05,-3.800268e-05,0.0010498203,0.0015262284
2017-03-03,0.0034592971,0.000385547,-0.0060244245,-7.118764e-05,0.0025886043,0.0019105753,0.0018601929,0.0018382316,0.0006794134,0.0012602134,0.0032985157,0.0031618457,0.0034225117,0.001048221,-0.0042057564,0.0021091378,0.0005313903,0.0011309243,0.0006659485,0.0003452884
2017-03-06,0.0022290011,0.0008308785,4.642419e-05,-0.0031392763,0.0011528467,0.0067277495,0.0013942438,0.00019124034,0.0013927579,-0.00048742665,0.0014392543,0.0019779128,0.00075143005,-0.00049681135,-0.0016819651,0.00095734815,0.0011978623,0.0038117922,0.0030651581,0.00018900688
2017-03-07,0.0020868063,0.0012874135,0.00088378525,-0.0004011804,0.00091234036,0.0067546987,0.0016551445,0.0013283258,0.0011186252,0.005292158,0.0028151402,0.002797457,0.0,0.00057214213,0.0008618713,0.005288744,0.0020396733,0.00029474706,0.0017199997,0.0002820814
2017-03-08,0.0033532141,0.0021092326,0.0024891384,0.00096627994,0.00023343113,0.0027413263,0.0049197674,0.00021740599,0.0033658606,0.00071923825,0.0012535001,0.0013884526,0.00035223828,0.00075312005,0.00050957524,0.0010079219,0.0027508766,-0.00038489827,0.0019808451,0.00077909284
2017-03-09,0.002869936,0.0012762758,0.0008857641,0.00083008106,0.0,0.0045026983,0.0018025908,0.0006571301,0.0033322093,0.0028814701,0.0018015939,0.0033232665,-0.00030567995,0.00043248115,0.0,0.00081573694,0.0018222416,-0.0014927236,0.002870869,0.0026108518
2017-03-10,0.0014866958,0.00038557494,0.0010664088,0.0,0.0011716817,0.02001028,0.00041112993,-0.001093224,-0.0002719508,0.0014419889,0.0012766407,0.00072645344,-0.00040649803,-6.073231e-06,0.0011655306,0.0007353232,0.0017349742,0.00035762158,0.00015479467,0.0014634082
2017-03-13,0.0016112967,0.0011947347,0.0014292718,0.0005014703,0.001590123,0.0054045017,0.001642563,-0.000538607,0.0010503626,0.0069555086,0.0012869785,0.00042402433,-0.00095781835,0.00034139457,0.0004982414,-0.00049038767,0.00015302873,0.007852876,-9.927096e-05,0.0014701592
2017-03-14,0.0015437831,0.0011599177,0.0013510189,0.002625298,0.000753679,-0.0028512615,0.002188384,0.0005088096,-0.0007693867,0.00021531411,0.00043156726,-0.0034953095,0.0011452994,0.002095195,0.002056757,0.0003621672,0.0009124458,0.0071495185,0.00018036042,-0.00023554334
2017-03-15,0.0018426029,-0.00018054995,0.0013221174,0.0021990957,0.00045718835,0.011408309,-0.0006410455,0.00014858418,-0.00086693943,0.0034687275,0.0011063038,0.00055326236,0.002560637,0.00143374,0.00037392328,-0.00243739,0.00022059049,0.001822601,-0.0004545571,0.0006658194
2017-03-16,0.0018248246,-0.000507944,0.00071937544,0.001990377,0.0011974509,0.0023212978,-0.0013236634,0.00021889205,0.0002201873,-0.00038939752,0.0014794414,-0.00914468,0.0016971605,0.0013640631,-0.0011507529,-0.0036857596,0.0016637704,0.00090869714,-0.0009812404,-0.0001222331
2017-03-17,0.0015539996,0.0012483102,0.0011952177,0.0010579423,0.00052598584,0.0050687185,0.0007104628,0.0016798261,0.0029903958,0.0029249648,0.0007989349,0.0041609393,0.0032689038,0.001841892,-0.0035771555,-0.0019930918,0.00042520819,0.0037006405,-0.0004666769,0.00026116357
2017-03-20,0.0013062456,0.00050279056,0.0014443481,0.0023897917,0.0005193876,0.0010626758,0.0016339013,0.0016492471,0.005410979,0.0018557145,0.0012575913,0.009937679,0.0016165596,0.0018267384,0.0014927143,-0.0001840182,0.0014721826,0.0008720919,-6.9673733e-06,2.225376e-05
2017-03-21,0.00065139256,0.0030698536,0.00078211224,0.0033208604,0.00091527525,0.0013170049,0.0032597105,0.0020901817,0.0049546934,0.00036236428,0.0025481724,0.006014352,0.0016461964,0.00070211047,0.002576361,0.00042091953,0.001174303,0.012363715,0.0025429623,0.0006651498
2017-03-22,0.000110209534,0.0013953797,0.0016794855,0.0017137727,0.0006762847,0.0024104377,0.0048825284,0.0012879522,0.0040980093,0.0035364856,0.0014535855,0.00616025,0.0010051869,0.0005980744,0.0011776194,-0.00026376144,0.00088193774,0.001106483,0.0006671349,0.00068471715
2017-03-23,0.0,0.0010693223,0.0018855503,0.0060355943,0.00070987694,0.02734194,0.0007211257,0.0008517557,0.0016311831,0.0059792087,0.0011192365,0.00029039852,0.0002162291,0.0056291474,0.002540803,-0.00023093997,0.0026245343,0.00062006473,0.0014754703,-0.0037943574
2017-03-24,0.0004583001,0.0006277971,0.0014619337,0.002230622,0.00060289813,0.019012464,0.001230382,0.0007447401,0.0021769241,0.006484448,0.000344607,-0.00015851871,0.0007028967,0.0016331158,0.0028256467,0.0013011866,0.0022976939,-0.00055197335,0.0021865268,-0.0006409759
2017-03-27,0.0011868424,0.001098198,0.0020917272,0.00063697004,0.0,0.00010284458,0.0006029661,0.00028371793,0.0009472091,0.0019721477,0.0012186193,-0.00020058939,0.0006511421,0.001256563,0.00065781595,0.00019840103,0.0007867664,0.00052587717,0.0009316683,0.00055156735
2017-03-28,0.0012575843,0.00083117525,0.0019499329,0.00062022795,0.0006411425,0.0019157546,0.00060750224,-0.0026072955,0.00067825656,0.0029318866,0.0016768415,-0.0021967497,0.0021389048,-0.00041586504,0.0008345535,0.0008529397,0.0008605587,-0.0005706173,0.0015559411,0.0042612897
2017-03-29,0.0012080697,0.00042786132,0.001386079,0.0,0.0005516658,0.0018017248,0.002073992,0.0006318163,0.001339739,0.0030899385,3.7961672e-05,0.00036052876,0.0011193516,-0.0009608472,0.0009832545,0.002101973,0.00028141547,-0.00084917666,0.0001222098,0.0017164818
2017-03-30,0.004191567,0.0016755401,0.0012129954,0.0009366648,0.00041524606,0.0009174176,0.0020361643,0.0014416227,0.0013080382,0.0056665097,0.0020235474,0.0019349203,0.0030791978,0.0015717719,-0.0001117509,-0.00085162633,0.0005734617,-0.0016331351,0.00019124785,0.0013657149
2017-03-31,0.0034021663,0.0006845561,0.00018008464,0.00044114597,0.00041739433,0.002293044,1.9626767e-05,0.00066231063,0.0,0.0023508235,0.00091010635,0.0013811768,0.0019453057,0.0034733876,0.00033174478,0.00012627491,0.0004239052,0.001913543,0.0017769004,0.002023902
2017-04-03,0.0025712654,0.0008638062,-0.0015696301,0.0014072917,0.0005402761,0.00064104627,0.0010556027,-0.0077557294,0.00064144033,0.0012421056,-0.00040892244,0.000733764,0.0027366884,-3.0071766e-05,0.0002856788,0.0006831083,0.0007662786,0.004705582,0.0037107463,0.0018311563
2017-04-04,-0.00026608672,0.0015790527,0.0,0.0025947357,7.246004e-05,0.001543975,0.0009616978,0.00036215156,0.0015980175,0.003669127,0.0012900223,6.232595e-05,0.0011835666,0.0018481532,-0.00017437382,0.000732174,0.0003467495,0.001587101,0.00043316899,0.0
2017-04-05,-8.082759e-05,0.0015796436,0.001662087,0.00071872293,0.0012402778,0.00055284705,0.0021090223,0.0010715775,0.000221184,0.002617463,0.0017533881,0.0007917638,0.0028081622,0.0024070167,-0.00039556882,0.0016580774,0.00047059334,0.0026201084,0.001696133,0.0010298959
2017-04-06,0.0008314983,0.002677162,0.0013369274,0.00040578115,0.0002811191,0.005571457,0.003295995,0.0019108522,-0.0011244691,0.001768234,0.0031526636,0.0015336449,0.006422209,0.0024230548,0.0022848845,0.007964656,0.0005572674,0.00184023,0.0014445162,0.0011683137
2017-04-07,0.0002455998,0.001844098,-0.0001993275,0.0008811289,0.0005733069,0.0018459875,0.0014818407,-0.0008514344,0.00022070283,-0.00017228253,0.00081934786,0.0011535155,0.002902583,0.003851771,0.00091757276,0.00709072,0.00036845534,0.002099687,0.00037823452,0.00062383176
2017-04-10,0.0011757389,0.0013886805,0.0007275678,0.0013293026,1.1429849e-05,-0.00038716994,0.0012543093,0.00087658624,0.002143126,0.00047848042,0.0015729789,0.0007203167,0.0028967457,0.002427548,0.0009105952,0.003582035,0.0004362668,0.005576033,0.0003756855,0.0011759204
2017-04-11,0.001344351,0.00010816353,0.0005100979,0.0026449517,0.00052898505,-0.00084141747,0.0012687043,0.0027416789,0.002390799,0.0020136791,0.0024168175,0.0024364968,0.006705884,-0.0008650016,0.0026504733,0.0019159274,0.0008402175,0.0015229592,0.0035567735,0.0016537786
2017-04-12,0.000885299,0.00017194671,-0.000874058,0.0010076531,0.00015775864,0.0018153015,0.0013263405,0.0012703652,0.001483932,0.0012020451,0.00037731376,0.0024113045,0.0051257866,0.0011726879,0.0023829248,0.0,0.0004989361,0.0004252625,0.0011957991,0.0011898265
2017-04-13,0.00088186224,0.00025987314,0.0,0.002301506,0.0008269648,0.0011193621,0.0005924315,0.0018814515,0.00075604185,0.0012643317,0.0006502749,0.0017611857,0.001013399,0.0009309174,0.00048320423,0.00503653,0.0005897162,0.00086142746,-0.0012307888,0.0011024826
2017-04-14,0.0031969186,-5.044964e-05,0.00018122963,0.0029227473,0.00043025005,-0.0011747893,0.0011074463,0.0008631245,0.0015753565,0.0010350673,0.00080026104,0.00018128111,0.0004913846,0.0038029903,0.0027633784,0.0010130286,0.0007266813,0.0018369446,0.0007324595,0.00043813486
2017-04-17,0.002759478,0.0015857825,0.0013985405,0.0018685138,0.00018458876,-5.3016694e-05,0.00087637035,0.0018418037,0.003834856,0.0011025727,0.00073601806,0.0020834564,0.001566239,5.2718322e-05,0.0029391176,0.0005612598,0.00029219582,0.0025217005,0.00331409,6.902217e-05
2017-04-18,0.00043042877,0.0011370609,0.001314473,0.00019853422,3.4161756e-05,-0.0004417818,0.0006990978,0.0013153539,0.0024524834,0.0025500352,0.0012638035,0.0005375227,0.00056496577,-3.3884073e-05,0.001809197,0.00089006725,0.0003972281,0.0011713828,0.0012916785,0.00030172398
2017-04-19,-0.0034774565,0.0006979325,0.0,0.000676921,0.00046784664,0.0018441667,0.0013037948,0.0015791056,0.0025471286,0.0007532781,0.00091701915,0.0001979142,0.0013861656,0.0013188142,0.0013872662,0.0018514626,0.0008713743,0.00030779623,0.0003465912,0.00048239928
2017-04-20,-0.011169562,0.0007755016,0.0008686481,0.0012998587,0.00075171085,0.0009631951,0.0042090123,0.0010107948,0.0015464504,0.0025442669,0.0018971853,0.00043563367,0.00034275942,0.0054218266,0.0004998198,0.0011734865,0.00021343766,0.00057030976,0.0032698268,0.00020326528
2017-04-21,-0.001903694,0.0003002207,0.0005290563,-0.001270194,0.0007674283,0.0007145831,0.001328128,0.0012568899,0.001529435,0.0003135033,0.0016310479,-0.0117087215,0.0013644191,0.0013976989,0.0021290386,0.00032768518,0.0009263404,0.0016420595,0.002094205,-0.0009827332
2017-04-24,-0.00062738324,0.0004715215,0.0,0.00084263954,0.0006171207,0.0018866523,0.0,0.0005950353,0.0021278982,0.0012481705,0.00032606977,-0.000679986,0.00048602236,0.0004898183,-0.000219197,0.0013061438,0.0012789174,0.0028702384,0.0036260397,-1.6933864e-05
2017-04-25,-0.003085558,0.0010702885,0.00034359045,0.0005508549,0.00065789156,0.0006649606,0.00027141089,0.00066239026,0.004039596,0.0010294504,0.00033538544,0.00010868922,-0.00025955358,0.00054426125,0.0006346574,0.0020848683,0.00072065316,0.0027595407,0.006831826,0.0012008761
2017-04-26,0.0003682952,0.00088664127,0.0,0.0010144607,0.00059487496,0.0015078698,0.003298773,0.0014318186,0.0036357332,0.0020234326,0.0008792271,0.0019430009,0.0,0.0033352394,0.0012800191,0.0009857867,-0.00017422081,0.0021082798,0.0021720228,0.0003351392
2017-04-27,0.00061583467,0.0003465928,0.00079118204,0.0018129464,0.0009325858,0.003404074,0.00093659613,0.0017092245,0.0006963497,0.000989341,0.00069759315,0.0006629392,-0.003862912,0.006232711,0.00039027122,0.0008745465,0.00024488548,0.0023050124,0.00042356094,0.000586111
2017-04-28,0.00085447205,0.0009314299,0.0016056908,0.0010120112,0.0011716548,0.0011062516,-0.00027651904,0.0058240592,0.0043009496,0.000931566,-0.00037527698,-0.0008981746,4.4995286e-05,0.0042657354,0.0013044188,0.002773271,0.0005449994,0.0013144261,0.00086209236,0.0022452783
2017-05-01,0.0040212832,0.00065190037,0.0013163661,0.0038616464,0.00060403335,0.005101647,0.0,0.005482658,0.002005399,0.0001139508,0.00017872528,-0.00075701176,-0.0006048845,0.00057161454,0.0013875507,0.0018755771,0.0007506694,0.0005324382,0.00071113714,0.0011838338
2017-05-02,0.0018373859,0.0,0.0011486209,0.0018495539,0.0009257415,0.0021839023,7.2561634e-05,0.0036718366,0.0028852902,-0.0012195027,0.0008653622,-0.0018240565,0.00075059297,0.0018629632,0.0019701736,0.00070383336,0.0002836492,5.539543e-05,0.0016491628,0.0030575222
2017-05-03,-0.0004717504,0.0,0.0021866355,0.0012899161,0.0002638238,0.005208131,0.0019116144,0.0039392663,0.0043666502,0.0020948846,0.0003349359,-0.00474741,0.0018922937,0.003553983,0.0011244335,0.000682107,0.0015088598,-0.0004616435,0.0016339527,0.001961137
2017-05-04,0.0011579461,0.00039262348,0.00088130304,9.46412e-05,0.00034074055,8.769732e-05,0.005014627,0.00074035797,0.0006306492,-0.0013850552,0.0023316215,-0.00028141274,0.0003859048,0.0034714693,0.0011170215,0.0014763661,0.00072569656,0.00031922225,0.0019305036,0.0017551179
2017-05-05,0.0016620297,-0.00069896504,1.7294646e-05,-0.0014145692,-0.0003957352,0.0008846609,0.0055967025,-1.0958832e-05,-0.000117866395,8.9401816e-05,0.00021238449,0.0,8.7003646e-05,0.0027078683,8.1606486e-05,0.0011149972,0.0008692142,0.0017949304,0.0011455959,0.0
2017-05-08,0.00085481454,-0.0016890345,0.001360702,-9.1845985e-05,0.00028268484,-0.0017008019,0.0019067157,0.0010396915,0.0018443598,-0.003546115,0.00086345366,0.007326629,0.00029147955,0.0057474463,-0.0010505497,0.0007231138,0.0,0.00057275133,0.0017343796,-0.0004097169
2017-05-09,0.001138227,-0.00040891624,0.000582719,0.00034525935,0.00014777994,0.00030274165,0.0026446606,0.0005279016,0.0006898111,-0.00031627843,0.0011391824,0.0019628042,0.00050634885,0.0026854435,0.0012841062,0.0021724994,0.00038638563,0.0017581425,0.0021610095,-0.0002679347
2017-05-10,0.0019475685,0.001130272,0.00040558528,0.0018226082,0.0009124507,0.0,0.0012358804,-6.4668195e-05,-0.000626062,-0.00394765,0.0009023014,0.00037490498,0.000501092,0.0006197466,0.0,0.001992404,0.0006076999,0.00015601507,0.002224153,4.089447e-05
2017-05-11,0.00033009797,0.00014225462,0.001479488,0.0014897792,0.00057896,-0.00046970128,0.0008823486,0.002370445,-0.0018862353,2.1844358e-05,-0.00035137538,0.00021264321,-0.0012201454,0.0018371666,-0.0010040475,0.0024014497,0.0021277252,0.0001990186,0.0004513408,0.00074604945
2017-05-12,0.0023870193,0.00065610185,0.001640499,0.00052549713,0.0006979228,0.0011258211,0.0016284543,0.0024089434,0.00013772503,-0.008335184,0.0010515976,0.0013314754,-0.00040200382,0.0013853593,-0.00022438088,0.0014230562,0.0012618367,0.0028971266,0.00039977513,0.002633339
2017-05-15,0.0006434155,0.00024208477,0.00046595032,0.0011962365,0.00041893113,-0.00051807804,0.0013282853,0.0016256841,0.0017580851,-0.0027384227,0.0011538904,0.0065544103,6.764737e-05,0.0023879304,-0.00029868918,0.00171987,0.0009029947,0.0045053596,0.00033097147,0.002432895
2017-05-16,-0.0007797044,0.00045725142,0.0016299039,0.0019295873,0.00033615401,0.017489951,0.0013618984,0.0016024049,0.0010131026,7.204224e-05,0.00088256056,0.005814681,0.0009979552,0.0006642578,0.0,0.00076945766,0.00087868597,0.0009309127,0.0009779794,0.000937519
2017-05-17,-7.8973215e-05,0.0007258012,0.0018853449,0.0012345687,-0.00014799972,0.0,0.0011318771,0.002717568,0.0027890115,0.00064627326,0.0025787072,0.0019540568,0.0018805483,-0.00051536056,-9.003692e-05,0.0011335644,-0.0017238506,0.00058963476,0.0037396874,0.0001827335
2017-05-18,0.0010705583,0.0012212864,0.0004949455,0.0013996072,0.00016558921,0.000983025,0.0008671984,0.0024311366,0.0013140189,0.018909084,0.0012998194,0.003338878,0.0024020069,-0.0012532675,5.1501036e-05,0.0016914055,0.0002511804,0.0020856236,-0.00089926156,0.00071337156
2017-05-19,0.0013476381,0.00042749566,0.00122585,0.0016218171,0.00028923736,0.0007550004,0.00061968225,0.00086181227,-0.001907193,0.00030929432,0.00029255098,0.00217512,0.00088484073,0.0011000198,0.0014196321,0.0013220002,0.00050283584,0.0011426366,0.00020961605,-0.0004637822
2017-05-22,0.0012445317,0.00016394559,0.000607841,0.0026561082,0.0006160676,-0.00066279306,0.0018120606,0.0011944945,-0.00023807818,0.007065615,0.00092950714,0.0052313036,0.0005454937,0.0026454052,-0.00056602206,0.00077350455,0.0002675188,0.00062037644,0.0014378265,-8.121378e-05
2017-05-23,0.0011338822,0.00071392365,0.0011623375,0.0014466915,0.0009008933,0.0059761726,0.0008291881,0.0002710899,-0.0005412144,0.0,0.0006867968,0.005727608,0.0022633225,0.0023024222,0.0025471535,0.0013252059,0.0010066003,0.00060456514,0.00027002813,0.00018783794
2017-05-24,0.000846505,0.0008018222,0.001422375,0.0027081585,0.00080845086,0.0018368129,6.867634e-05,0.0030081454,0.0015029345,0.000828963,0.00072325685,0.0049202805,0.0016819468,0.0033480234,0.0021766266,0.00045098257,0.0013866269,0.0020709871,0.0015993005,0.0001183466
2017-05-25,0.000717181,0.0007661175,0.0010421438,0.00097511575,0.00043801276,0.008724198,0.00055721874,0.0030328273,0.00023814033,0.0025897566,-0.0012120483,0.0017849279,0.0011841577,0.0017801542,0.0047622942,0.00079149054,0.001115491,0.0016708089,0.005275699,0.0010742247
2017-05-26,0.0010418503,0.0016552014,0.001397416,0.00053403684,0.001040605,0.0010990654,0.0005879867,0.0011164437,0.001981311,0.0006318626,0.00011534359,0.0030804803,0.0010034642,0.0011041361,0.00084527384,0.0014022378,0.001907374,0.0011629482,0.002817153,0.001493207
2017-05-29,0.0008637416,0.001363751,0.00015024965,0.001689449,0.0008533807,0.006384355,0.0004303997,0.0019649388,0.004541702,0.0054236124,0.0015773721,0.0033105526,0.0008126413,0.0023960082,0.0020557877,0.0024081094,0.0026501766,0.0005443717,0.0026375654,0.00096820766
2017-05-30,0.0014267898,0.001371272,0.0006852632,0.0011442951,0.0009945798,0.0017094436,2.1391043e-06,0.0028860972,0.005348307,0.0019482027,0.0010722374,0.001085833,0.0007787013,0.0026857057,0.0009979234,0.0033613057,0.0013701306,0.002964409,0.0021510497,0.00043237157
2017-05-31,0.0012484851,0.001172232,-0.00029134259,0.0018118161,0.00091018446,0.0013635564,0.0011953976,0.0026759265,0.006089807,0.0058232592,0.00018627985,0.00030294154,0.0012816412,0.0011860979,0.0007440682,0.0019187368,0.0017630716,0.0014025588,0.0019113168,0.0011540584
2017-06-01,0.0007556008,0.0005074564,0.0,0.0012064313,0.00079790707,0.0017860105,0.0021131986,0.003400243,0.0010158281,0.002738527,0.0,0.00061652437,0.0010172785,0.0005320987,0.0018662863,0.00073528034,0.0017850184,-0.0008997766,0.0016193436,0.00074697286
2017-06-02,0.0014074098,0.0032567973,0.0,0.00016868365,0.0021033478,0.0029199165,0.00046336572,0.0013726878,0.001326705,0.001038749,-0.0043554856,0.00072766544,-0.0024469895,0.0011568684,0.006376692,-0.0009917028,0.0021746713,0.0013007708,0.00615656,0.0
2017-06-05,7.078348e-06,0.00041023496,0.00031087993,0.00059680117,0.0032086442,-0.00014694719,0.0018137774,0.0014026865,0.0006202627,0.00091540616,0.0009023227,0.003338759,-0.0011900272,0.0009509797,0.016407507,0.00018261881,0.0023343049,0.0010163672,0.0002651931,-0.00024967807
2017-06-06,0.001291064,0.00043013977,0.00048140725,0.006261644,0.0037798565,0.004855336,0.00686229,0.0032210299,0.0018445924,-0.0042469073,0.0010859043,0.001567168,-0.0007568735,0.0013998887,0.0059139067,0.0023897255,0.005408548,0.0008742838,0.00063917175,-0.0030746514
2017-06-07,0.0003586559,0.0006098341,0.0010963924,0.013807353,0.002746533,0.0033083393,0.005929601,0.0020725955,0.0006790416,5.6184028e-05,0.00089531986,0.0011432111,0.003698615,9.44129e-05,0.00253902,0.0011452215,0.0019181491,0.0012818646,0.002109343,0.00012921802
2017-06-08,0.0006906607,0.016653541,0.0005330597,0.005908224,0.003933305,0.008175297,0.0033380687,0.0016547197,-0.0013427966,0.0,0.00225876,0.002176424,0.002976925,0.0005993498,0.0054823128,0.0009365357,0.00050963165,0.0016691198,0.0013992332,0.0
2017-06-09,4.867301e-05,0.004243195,0.002124288,0.001484728,0.0012323837,0.0045366324,0.0019412442,0.001865908,-0.0004246336,0.0,0.0,0.0020587135,0.0040828506,0.0019172681,0.0037368538,0.0021226783,0.0008032895,0.0010057793,0.014439382,0.00015690699
2017-06-12,9.2097034e-05,0.0019015757,0.00081823906,0.014311297,0.0015758665,0.007773388,0.002328729,0.0006658002,0.00018290697,-0.00068524724,0.001410851,0.0021081737,0.0015736592,0.0,0.00019851082,0.0016084498,0.0003359269,0.0011574177,0.0047806907,0.00070586253
2017-06-13,0.0015190181,0.0045758593,0.0017375713,0.010871311,0.000727816,0.0014027781,0.0016487989,0.0008679979,0.00019821295,0.0013842593,-0.0005211097,0.0007249063,0.0006226897,-0.00030733866,7.4526426e-05,0.0027118933,0.0009532969,0.0037067004,0.0049194726,0.0023498922
2017-06-14,0.0021742648,0.0019069012,0.0016559871,0.0039450373,0.0018856557,0.01091706,0.0008277731,0.0014141195,-0.0010215663,0.0025800935,-0.0008811063,0.0010558465,0.0018697911,0.0019117534,0.00020235653,0.0025773274,0.0040347283,0.0014240602,0.0055775363,0.0047992715
2017-06-15,0.004340042,0.0070877634,0.0005994189,0.008631119,0.0008330758,0.009681765,0.0039869323,0.0007433053,0.00024976238,0.0028093946,0.0025934791,0.0011645555,0.0033024242,0.009855262,0.0010287461,0.002264464,0.0024166184,0.0016268672,0.0032824348,0.0011103769
2017-06-16,0.003971088,-0.0025107483,0.0033259618,-0.00014609496,0.0045099207,0.0057908874,0.0013008204,0.0006829046,-0.0013164057,0.0033096718,0.0017634761,0.00025610178,0.0028242907,0.0070358654,-0.0027266406,0.0030671891,0.0054791914,0.0021279964,0.002150584,0.00014425187
2017-06-19,0.0041125827,0.0027152384,0.0013523586,0.0036446615,0.0032986195,0.004538002,0.0008533938,0.0027553882,0.0013000455,0.0026856824,0.0036732734,-0.00013933696,0.0037037781,0.0016153586,-0.0025553436,0.0018731172,0.003676541,0.0015014297,0.0012956088,0.0
2017-06-20,0.0018464366,0.0007973499,-0.00024167502,0.0075095533,0.0025929196,0.0049431603,0.0012605911,0.0028357026,0.0017028829,0.0013058194,0.024935644,0.00028848596,0.0013621986,0.0018429945,-0.0039254287,0.000521306,0.0,0.0015328772,4.8928934e-05,0.0005575752
2017-06-21,0.0019121112,0.00062807754,0.00040887765,0.007236628,0.0012457038,4.2111493e-05,0.0026742339,0.0023222526,0.0026468895,0.0024058602,0.01421628,0.0005285607,-0.00078906154,0.00058527983,0.00045158315,-0.0010542633,0.0008589899,0.0009524154,8.7857734e-05,0.0003589346
2017-06-22,0.00020816858,8.630946e-05,0.0012205864,-3.2505202e-05,0.0013341135,0.010703311,0.0004838377,0.0016909151,0.0019618704,0.0022719412,0.012280695,0.00017293033,0.00043099787,-0.0008680418,0.0038248647,0.0007336193,0.0045499466,0.00047542187,0.0014876989,0.00020799575
2017-06-23,0.0005562201,0.00069930416,0.0019142193,0.0016156812,0.0008257425,0.0074860747,0.0016767893,0.001332569,0.00086017227,0.0016046566,0.009855903,0.0004808195,-0.0005909808,0.0053731,0.0037526204,-0.00062266446,0.007817329,-8.521717e-05,0.002136667,0.0017246034
2017-06-26,-0.0035025298,0.0009705022,0.0013125871,0.0041174577,9.923844e-06,0.00019179207,0.0013560798,0.0024103958,0.00092190737,0.0016195738,0.003957715,0.00036315923,-0.006570104,0.0021492185,0.010924221,0.0007147519,0.0031680677,-0.00013271702,-0.0016806902,0.005084975
2017-06-27,-0.00012240536,0.0022880582,0.0021039348,0.0016315317,0.0017689278,0.0013532891,0.00086252234,0.0013686013,0.00083611876,0.0011812106,0.0010241088,0.00055028393,-0.0063955546,0.0014502824,0.0018031726,0.002428679,0.0012266091,0.0007659754,0.0018999107,0.0029603713
2017-06-28,0.0006942905,0.006076897,0.0023841616,0.0018797945,0.00010205068,0.004302191,0.007144004,0.001894342,0.00048634503,0.0016484418,0.0011239656,0.0016044558,0.0008409931,0.0019644727,0.00021916041,0.0021659601,-0.0005212747,0.0025347648,-0.0026423265,0.00044622304
2017-06-29,0.0015576768,0.005226212,0.0018667538,0.0021217584,0.0015464557,1.4040555e-05,0.0070163044,0.0028380384,0.0014472584,0.0030884228,0.0017404483,0.00045596305,0.0032828026,0.0011726017,0.011803226,0.004565291,0.00047675814,0.000784291,0.0033301625,0.0021338572
2017-06-30,0.00045363413,0.005813708,0.0015723639,0.0020139075,0.0016254777,0.0009469556,0.0011792947,0.0025358745,0.0024102535,0.0018803483,0.0026779422,0.0016823148,0.002065584,0.0011712429,0.0022143477,0.0005878381,0.0009735477,0.001837843,0.000685959,0.0030300564
2017-07-03,0.0019203188,0.0020293663,0.002509482,0.00179966,0.004412722,-0.00010288895,0.0006523692,0.0011591997,0.0014887003,0.002696313,0.0051143775,0.00080711796,0.001562394,0.0008558556,0.004452795,0.0014649128,0.000112904876,0.001677265,0.0015527298,0.0037621423
2017-07-04,0.0013480589,0.0036480152,0.0016471791,0.0022928296,0.00097141694,-0.00024030192,0.0013654408,0.0006880741,0.0029260004,0.00078682334,0.0068604383,0.0008250263,0.0012817186,0.0015830377,0.0037962825,0.0,0.0011489214,0.0018386204,0.0011279946,0.0033925597
2017-07-05,0.0007132952,0.0008003354,-0.00071767037,0.0016274742,0.0,0.003403119,0.00032933743,0.0005304718,0.000986396,0.0017604918,0.0028873668,0.00038080174,0.007106809,0.00013976131,0.0018253387,0.002402392,0.002533837,0.0016653076,0.0008903942,0.00096237904
2017-07-06,-0.0003116663,0.00060773623,-9.523619e-06,0.0021812327,0.00083824544,0.0013862833,-0.00014466552,0.0005993635,0.0012451654,0.0005910593,0.0014584648,0.00079757895,0.0,5.8270027e-05,0.0008603243,-0.0003113916,0.004196589,0.0016772181,0.0007211997,0.0011199714
2017-07-07,0.00048250696,0.0006374779,-0.0007081396,0.0011408892,0.0010814462,0.005266223,0.00037825014,0.0006034064,0.0015624316,0.0008338326,0.0027741625,0.00078517146,0.001664853,0.00065467216,0.0017239507,0.0003178753,0.0027736048,0.0010850644,-0.00075896224,0.0037038766
2017-07-10,0.0033608489,0.0012136811,-0.0006440339,0.0005933778,0.0027085028,0.013796967,-1.5510863e-05,0.0009376039,0.002029547,0.0005902802,0.000893677,0.0008503526,0.0,-0.00053301203,0.0007472503,0.0015062538,0.001299766,0.0009108933,0.0013456069,0.0043170974
2017-07-11,0.003565771,0.00129806,-0.0002007685,0.0028590877,0.00026616876,0.002775087,0.0014514592,-1.3134554e-05,0.0017535868,-0.0021343539,0.0011773256,0.0012459208,0.0011312793,0.00088642415,-0.0021888367,0.003914642,0.00088649703,0.0010590772,0.006262278,0.0016902037
2017-07-12,0.0035517015,0.0016509598,0.0017272673,0.0022731612,0.0011668219,0.007636535,-0.00027285487,-0.00048646814,0.000669168,-0.0023107333,0.0013005435,0.00093341013,-7.306692e-05,0.00035336812,-0.00052127405,0.0048620966,0.00028289808,0.000758877,0.024087913,0.00026751
2017-07-13,0.0036772313,0.0010107727,0.0017389262,0.002653952,0.0008786225,0.0019239176,0.0006674784,4.483743e-06,0.0014337251,-0.0004920009,0.002684349,0.0016957488,-0.0014883839,0.00061968114,0.0017561163,0.0036603769,0.0023636713,0.00014490457,0.0032087446,0.00061426207
2017-07-14,0.0029969993,0.001843808,0.0011437536,0.0016309401,0.0005664498,-0.00070020475,0.0013852088,0.00052639534,0.0011800982,0.00028936737,0.0012941894,0.0008504478,-0.006103936,0.0014351337,0.008660542,0.0012641859,0.00016016343,0.00014384023,0.009369524,0.0001818403
2017-07-17,0.0014682143,0.0012673589,0.0005711068,0.0040018624,0.001159987,0.0003311994,0.0005593611,0.0,0.00071432715,0.002026767,0.00046863034,0.0013185925,0.00084431557,0.0022767321,0.0027272382,-0.00015015547,0.0008764712,0.00072833075,0.0065371958,0.0006067857
2017-07-18,0.0012031217,0.0014919364,-0.004086073,0.0017245003,0.0011904148,0.0046782224,0.00036124612,0.0010830999,0.0012799008,0.0014535455,-0.0006813915,0.002124529,0.0039380738,0.003105259,0.0021911454,0.0008993159,0.002827211,0.00026586695,0.0042297435,0.0040148976
2017-07-19,0.0031761958,0.0009620515,-0.00033606496,0.0031272862,0.0021118138,0.0061750757,0.0014559719,0.0007984982,0.0017192774,0.00025764917,-0.0016366648,0.0013690826,0.0024737034,0.0005529967,0.016622784,0.0010966704,0.002481566,-0.00045103295,0.0026627833,0.001925345
2017-07-20,0.001709104,0.00029737936,-0.0013475709,0.010943286,0.0019780146,0.0009466437,0.0014881201,-2.4967912e-05,0.0018075128,0.00286217,0.00066864135,0.0003395376,9.811946e-05,0.0019450504,0.009368523,0.0021949399,0.0036923778,0.0006975899,0.0014453012,0.0032260874
2017-07-21,0.0010521943,0.0010603745,0.00039833726,0.003463737,0.0037763526,0.0027532289,0.0005971834,0.0016372409,0.0005689966,0.001549714,0.0011778937,0.0009712477,0.0038814703,0.001097877,0.0062065655,0.0014996582,0.012901741,0.0009624843,0.0034249753,0.0038797578
2017-07-24,0.0013856029,0.00091614854,0.0017535213,0.007710324,0.0033886542,0.0015536967,0.0017350724,0.0016434026,0.00079077604,0.0,0.011448694,0.0010143768,0.0016845464,0.00030142118,0.0,0.0012111706,0.0054771,0.00070200197,0.001384605,0.0014214435
2017-07-25,0.0032792052,0.0026912435,-0.00024038447,0.00068056077,0.0028966872,0.002336038,0.0016717104,5.7734516e-05,0.0009045297,0.00041931125,0.0028197325,0.0008780871,0.0012874433,0.0033344103,0.003805837,0.0008594983,0.0027314443,0.0008845589,0.000666431,0.001073442
2017-07-26,0.0019034306,0.0007479925,0.0007521331,0.009092899,0.0008481395,0.022819528,0.0017368926,-0.000102169746,0.00047430285,0.00088528753,0.0019078924,0.0018346708,0.00032081347,0.00076900044,-0.0006471494,0.0014010742,0.0015087321,0.0014002146,0.00071769085,0.0026873306
2017-07-27,0.001687939,0.0011362474,0.00024375055,0.00087383436,0.0015780423,0.002729951,0.002682066,0.0018371694,0.00085542613,0.0010863957,0.008117417,0.00041594155,0.002811435,0.00094071653,0.005101884,0.0004565454,0.0013417822,0.0009972348,0.00039925566,0.0008905921
2017-07-28,0.0022957707,0.0037452257,0.0022832116,0.0007242593,0.00040746562,0.0045021395,0.00085377827,0.00088910776,0.00042329673,0.00021270494,0.002141053,0.0007164489,0.0025047911,0.00069086853,0.0010399063,0.0015727523,0.00039348943,0.0028808734,0.0027201697,-0.003906304
2017-07-31,0.0024152757,0.0013101673,0.00107542,0.00045637746,0.00066639174,0.011098398,0.001773591,0.0005279739,0.0,0.0021913107,0.0031535302,0.00104269,0.0013756482,0.005890351,-0.0033495338,0.0028083308,0.002420548,0.0012941031,-3.7058475e-05,0.00016472006
2017-08-01,0.0011635727,0.0020460684,0.0021700684,-0.00057811686,0.0026080457,0.009016001,0.0017559178,0.00033359256,-2.29555e-05,0.0021566353,0.00024013962,0.0010767695,0.0053925696,0.0043952027,0.004566793,0.00026748434,0.0013835265,0.0013844367,0.002267054,0.0003874607
2017-08-02,0.0027901994,0.00019849284,0.004927739,-0.0028217193,0.006991424,0.0014390008,0.0014549941,0.0008823162,0.0002110668,0.0017799754,0.0058986573,0.0010651858,0.0045334874,0.0036684661,0.00013095947,0.0011775962,0.0012116927,7.079436e-05,0.00072338094,0.000846504
2017-08-03,0.0015045133,0.0012701082,0.0017882931,0.0007291703,0.005402823,0.0013736656,0.0021682763,0.0009991445,-0.00028150622,0.002982623,0.0015469954,0.0011493674,0.0032055585,0.0008766207,-0.00028693595,0.0011620199,0.0020409995,0.001652102,0.00052662846,0.0
2017-08-04,0.0021236462,0.0024854103,0.002167671,0.0027158652,0.0036367944,0.0010731518,0.0035510133,0.0012070962,0.00043148056,0.0018026885,-0.000538547,0.0018147071,0.0012588232,0.0011497684,0.0012521524,0.0008729668,0.0076209973,0.0008345359,0.003314464,0.0007667919
2017-08-07,0.00046559516,0.001369328,0.0007471583,-0.00014348328,0.00028497394,0.00123776,0.0006841993,0.0010987953,0.0012486331,0.0013773096,-0.0019417615,0.002187173,-0.00036914877,0.0006910223,0.0010368899,0.0,0.004279895,0.00083245884,0.0038434074,-0.0011374876
2017-08-08,0.0019565679,-0.00059964537,0.00087721663,0.0011431909,0.00034007526,0.0011582818,0.00068697886,0.0015449025,0.00093521585,0.0016862489,0.00096870185,0.0015885592,3.595137e-05,-0.00031745923,-0.0023248529,0.00012745919,0.00031668996,0.0011261762,0.00087229547,0.0020852126
2017-08-09,0.00061930827,0.0012834504,0.0016151911,0.0014987009,0.001050135,0.0025453814,0.002003517,0.0028218448,0.0017845433,0.002242722,0.0026944974,0.0007682532,0.0013243878,0.0013223207,0.009340761,0.0,0.0019153155,0.00072306494,0.01520284,0.0015418681
2017-08-10,7.219245e-05,0.0030183143,0.0010277925,0.009351138,0.002316307,-0.0011646849,0.0052323597,0.0004848741,0.0014274677,0.0023077314,0.0017026002,0.0007091416,-0.0008593576,0.0014814746,0.0014223073,0.0,0.00042685543,0.0010268767,-0.00093590503,0.00125968
2017-08-11,0.0005422248,0.00080098433,0.0011358097,0.0022798644,0.0020540282,-0.001848994,0.0024829232,0.0034781236,0.0006837739,0.0028181975,0.0,0.0009280712,-0.00024652792,0.0026406338,0.0015562403,0.0,0.00064109697,0.0006411033,-0.000273465,0.00014686942
2017-08-14,0.0017543798,0.0025614644,0.0,0.002570673,0.0011143491,-0.0014646638,2.6411966e-05,0.0035690449,0.0010081042,0.0008131098,0.0027601048,0.00043087674,0.0018139628,0.0019136455,0.0028040232,-0.00016820894,0.0010168201,0.001213704,-0.0010860304,-0.0015808662
2017-08-15,0.0007449442,0.0015819683,0.00012532454,0.008175801,0.00059867545,-0.001636986,0.0010794019,0.0016315866,0.0006787617,0.001339522,0.0061852564,0.0005012121,-0.000110854184,0.00533076,0.0008635384,-0.0006020305,0.00079523417,-6.89409e-05,-0.00079138216,0.0
2017-08-16,0.0001653008,0.000111933725,0.0012291472,0.0028725076,0.0004672726,0.0018873977,0.0013067733,-0.0016656483,0.0,0.00156674,0.0013628241,9.692842e-05,0.0,0.0012955345,-0.00033822388,1.1950644e-05,0.0005385773,9.7258744e-05,0.00031164027,0.0015357296
2017-08-17,-0.0012559693,0.0017012454,0.0010793244,0.009842293,0.0010902856,-0.00036225808,0.00031348973,-0.00015882567,1.9264828e-05,9.255328e-05,0.0014536761,0.0005453941,0.0004452221,0.001575675,0.0055470383,0.0003700431,0.0011195084,0.00030476667,0.00013466868,0.0014802752
2017-08-18,-0.00134812,0.0011701838,0.00065398804,0.003434008,0.00093906804,0.00023905278,0.0015657517,0.0013128696,0.00042680767,-0.00065291935,0.004766203,0.0010717235,-0.0016748495,0.0014866978,0.004485056,5.198897e-05,0.002196178,0.0003201047,0.003346245,0.0030749906
2017-08-21,0.0012304793,0.00079118204,0.0010797991,0.00454665,0.0008241884,0.0029201782,0.0006839281,0.00018829046,0.00018670439,0.0008518939,0.001587856,0.0013561855,0.0018175475,0.0021942328,0.0,5.943953e-05,0.0024420773,0.0008185224,0.0009213946,0.0023865642
2017-08-22,0.00089112285,0.003567093,0.002279846,0.010616682,0.00029989806,0.0016952907,0.0007278128,0.0017578789,0.0010858151,0.00031379441,0.0013248321,0.0011819695,0.0071136514,0.0018388876,0.002421262,0.0012867352,0.0009478872,0.0010732386,0.00979439,0.0007920116
2017-08-23,0.00088050676,0.0027481508,0.001903482,0.0041502398,0.00019018268,0.00068780844,0.0041091368,0.0015507896,0.0011666504,-0.00029149212,-0.002560631,0.0016136696,0.0017617219,0.0017740442,0.01881333,0.0007455931,0.00015281391,0.0012004576,0.010695594,-0.00027140765
2017-08-24,0.0,0.0038755836,0.00075297005,0.0011729574,0.0011894753,0.0013483157,0.0007553366,0.00061949715,0.00075679936,0.00095602026,-0.00041346435,0.0017571473,0.0033980422,0.0018214682,0.007751119,0.000565975,0.0,0.0011715135,0.0046222494,0.0013331085
2017-08-25,0.00086826296,0.0036793752,0.0012895192,0.0058312244,0.00010808185,0.0007791149,0.0012899034,-0.0003442876,-0.00013661152,0.0019371401,-6.1421647e-06,0.0013080683,0.0052639046,0.002090774,0.004391899,0.0,-0.00030345737,0.0015712022,0.0032403676,0.002131603
2017-08-28,0.0,0.0036540146,0.0013251498,0.012371164,0.0010142969,-2.3962695e-05,0.0002955773,-0.00034385503,0.001203657,0.00064357644,-0.000586432,0.0008470575,0.0028176159,0.0005611921,0.008158314,0.001172734,-0.00049842155,0.00085865066,0.002442211,0.0018166723
2017-08-29,-0.00033195104,0.00016035643,0.00082898466,0.0012348145,0.0010068663,-0.0014517783,0.00076686253,0.0015875683,0.0013086067,0.0007535267,-0.00016158835,0.00066926156,0.005584004,-0.0005000188,0.0007871815,0.002551526,0.00022809018,0.0009943778,0.005359776,0.0046984297
2017-08-30,0.0009796913,0.0015774036,0.0009014058,0.00589265,0.0009930104,1.5732792e-05,0.0026790807,0.0048065493,0.0010907969,0.0013658635,-0.00010794588,0.0006831894,0.0008720889,0.0005151455,0.0006857845,0.0013173573,0.0008720517,0.00090757315,0.009862776,0.004009851
2017-08-31,0.0006514871,0.0011623445,0.0013990226,0.00477267,0.0032221384,-0.013227823,0.0007976917,0.0018685947,0.002227646,0.0014034847,0.0006872145,0.0006354933,0.00582358,0.0002717351,0.007088964,0.0016511113,0.0011342248,0.0058005275,0.0005259162,0.0032956945
2017-09-01,0.0026551965,0.004525491,-0.0019450027,0.004533898,0.002188418,-0.012139591,-0.0019183788,0.0010901534,0.0009774388,0.0014928075,0.010919842,0.00076445786,0.0012441186,0.0016551237,0.0013583655,0.0070964023,0.0018138849,0.0025357346,0.00090995454,0.00025690463
2017-09-04,0.004852205,0.00095276814,0.0034133012,0.0015370324,0.0075807353,0.0005632576,0.0012558738,0.0018778122,0.0012597678,0.0031623407,7.233464e-05,0.0,6.575971e-05,0.00077689067,0.0009823558,0.026694784,0.0031729555,0.001810222,0.00012697781,-0.0006098193
2017-09-05,-0.00096943876,0.0013352748,0.0006285687,0.001533817,-0.0009564659,0.0,0.0012304652,0.0018380444,0.0033742187,0.0016291699,0.002417364,-0.00049324165,0.005773836,0.0006804251,0.0006695072,0.010896904,0.0021948412,0.002165417,0.0011553528,2.7333856e-05
2017-09-06,-0.0016854068,0.0024526636,-0.003440806,0.0021607864,0.0008033531,0.0008334327,0.0006612636,0.0015350324,0.00082548935,0.0049487487,0.00018221479,0.0002676826,0.0025603252,0.00123831,0.0,0.021686522,0.0017955347,0.0022685619,0.0007064288,-0.0008899493
2017-09-07,-0.00037413387,0.0024021084,-0.01294214,0.0039863377,0.0027504438,-0.003887391,0.00038201836,0.0014807231,0.0002862055,0.0022156525,0.0034687915,-0.0027884291,0.00076642446,0.0013917059,0.0014994756,0.016744396,0.0007904697,0.0019073292,0.00012632951,-0.0010316452
2017-09-08,0.0001080878,0.0018914848,-0.010483012,0.0014081907,0.0025919743,-0.002158175,0.00033175072,0.00067802676,-0.0013601201,0.0020572694,0.0010966258,-0.00028753138,-0.00016868318,0.00066684274,0.004586105,0.0008384209,0.0015669775,0.0017197416,-0.0011455887,-0.00095728156
2017-09-11,0.00010453843,0.0033371206,-0.004843177,0.0005355821,0.0013700749,0.0032341746,-0.00030172107,0.0006759393,0.0,0.0069926106,0.0052785184,0.0019142808,0.0010627453,0.001638938,0.006214651,0.0013653467,0.0012982233,0.0021346917,0.00026083185,0.001865842
2017-09-12,0.0010375243,0.00047935653,-0.0025530197,0.0011346639,0.0009747271,0.0011465027,0.00027105142,0.0013484582,6.679869e-05,0.0016020118,-0.0005081296,0.0013183843,0.003020374,0.0011352528,0.0052581546,0.005601675,0.0029212025,0.0009745626,0.0007499773,0.0005876385
2017-09-13,0.0019547942,0.0007454865,0.0,0.005825201,0.0010797136,0.0012530147,0.0014868265,0.00066200126,-0.0046087205,0.0027609293,0.025073916,0.00088219356,-0.0009372492,0.0013301714,0.0011760761,0.0016190264,0.00032281587,5.5315242e-05,0.0017833101,0.00044815635
2017-09-14,0.0048483233,0.0005737078,-0.00450598,0.0030134607,-0.0007234878,0.0020624076,0.0017409214,0.001305131,-0.0028361524,0.0032081748,0.004228105,0.0006097303,0.0014395491,0.0013654057,7.2491865e-05,0.0063942084,0.001039735,-0.0014868153,0.0010497144,0.0
2017-09-15,0.007530038,0.0016130862,0.0015558932,0.005772075,0.0,0.00250393,-0.0007973539,0.0010595837,0.002736181,0.0014549941,0.0026729822,0.0008828593,3.965865e-05,0.0015912532,0.0,0.0003846636,0.00036377602,0.0015281977,0.0014532756,0.00022127123
2017-09-18,0.001049868,0.0010405186,0.003311569,0.003585972,0.0007491655,0.002890374,-0.00068450056,0.0017148883,0.0015730107,0.0014729039,0.0,0.0017649723,4.4990626e-05,0.00088130415,-0.000182265,0.00079521694,0.0022955388,0.0024035904,0.0015448027,-0.007763192
2017-09-19,0.002384798,0.00018260619,-0.00021164949,0.0016406405,0.00054290745,0.0034704527,0.0010905801,0.00013765102,0.0009629456,0.00088049634,0.00047937522,0.001241143,0.0007465654,0.00063623,0.0,0.00036935837,0.00055104756,0.0015352427,0.0015875958,-0.006699531
2017-09-20,0.0015793678,0.00087206584,0.002134758,0.001711043,0.00172905,0.000569871,0.0,0.0010640966,0.0011502964,0.0013842257,0.011054256,0.0018209607,0.0031386851,-0.00027434697,0.00012766513,0.0005684027,0.0007622032,0.0027995547,0.0016939644,-0.0021660042
2017-09-21,0.00739584,0.00015660361,0.003795077,0.003346177,0.0006566042,0.002295556,-0.0011582884,0.0012998525,-0.0016017178,0.0029882914,0.0011787461,0.0047186282,0.0019397036,0.0002946915,0.0009822572,-0.0031694933,-0.001460909,0.0012262418,0.0019820028,0.00013757116
2017-09-22,0.0010708361,-0.00089562475,0.000113987815,0.0028596597,0.00027723674,0.005855678,0.0,0.00090759265,0.0,0.0018729236,0.0013639526,0.0027995028,0.00378015,0.00088774675,0.00068251084,-0.001333295,0.00031431107,-0.00035416035,0.0009867572,-0.00034896182
2017-09-25,0.0023752912,0.0018860768,0.0,0.005098725,0.0010624331,0.00070584036,-0.0013979432,0.0027519374,0.0015555058,0.0036822509,0.00046845403,0.0030581404,0.00031952022,0.0020783534,0.010750834,-0.007078659,0.0011624423,0.0011162609,0.001224874,-8.9915455e-05
2017-09-26,0.0012968134,-8.04255e-05,-0.0006084703,0.0059688385,0.0022121572,0.0010843804,-0.00015711889,0.00019351656,0.0005399827,0.0016986566,0.00012797762,0.0026023842,-0.00043458617,0.0016119126,-0.00020502327,0.0051230206,0.0,0.0012355705,0.0015090946,-0.00015116576
2017-09-27,0.002332292,0.00087029213,-0.0030987351,0.0009355769,0.0025489123,0.00071462366,0.00043900963,0.0008540245,0.00021101182,0.001259241,0.0,0.002424906,-0.00020433126,0.003078586,0.0,0.006496687,-0.00054683594,0.00081966707,8.453881e-05,0.0007192056
2017-09-28,0.0021919303,0.0027842456,0.0015110463,0.0,0.0013471443,0.0031778635,0.0017873509,0.00075775356,0.0030221804,0.0,0.0017392649,0.0028186033,0.0014457963,0.0033580945,0.0,0.0024893584,0.00037483772,0.0009504165,0.0009005418,0.0056123766
2017-09-29,0.0013004064,0.0025784818,0.0110764215,0.0004975184,0.003702507,0.00986389,0.0024480408,0.00052474556,0.0,0.00032981735,-0.0016829645,0.00015689037,0.0008517582,0.0021073646,-0.0005520248,-0.00040010322,0.0006545074,0.0011452014,0.00021719298,0.003456717
2017-10-02,0.00057325343,0.0011509433,0.0022469205,-0.0003869042,0.0038788407,0.004765173,0.0007047468,0.0013828222,0.00020429768,0.00078124757,0.0015073634,0.0018572875,0.0009777624,0.0018385787,0.00013209746,0.0011351481,0.0005088778,0.001389816,0.00010896992,0.00081154663
2017-10-03,-0.0010377159,0.00034362637,0.0042038686,0.00016656997,-0.00013297301,0.005587982,0.001574053,-2.5287549e-05,0.00261678,0.0008320879,0.0019346139,0.0021891769,0.002980199,0.0011113303,-0.00026912685,0.0049431827,0.0020968488,0.002996659,0.0013790088,0.0038466617
2017-10-04,0.0016503899,0.00395998,0.004745108,-0.0024580527,0.0021526832,0.0009665545,0.0012032739,0.0010176484,0.00018455683,0.0011392066,0.0011951345,0.00019231308,0.00035983216,0.0014514643,0.003614351,0.0010668066,0.0010375243,0.0010952838,0.0013577936,0.0016965977
2017-10-05,0.0009877002,0.002690444,0.0012053971,0.00084819563,0.0,0.00086777343,0.0014389177,0.00025419737,0.004745559,0.0019079668,9.574763e-05,0.0006418135,0.002393561,0.0011731705,0.001210427,0.002639273,0.0021403742,3.0221154e-05,0.0013243033,0.0021234632
2017-10-06,0.0013256471,0.0019123857,0.00015303976,0.0029205652,0.0003208542,0.00040436984,0.0023988558,0.0006536186,0.00068356143,0.00083322683,0.003376013,-0.00084190525,0.0013843714,0.0007378214,0.010646835,0.0034136386,0.0029849473,0.0,0.0018508667,0.0015336077
2017-10-09,0.000982717,0.0006062746,0.0008343861,0.0014935761,-8.685885e-05,-0.0015034972,-0.001082695,2.9769208e-05,0.0066903876,0.0015839132,-0.00015669929,0.0014034183,0.0019250417,0.0015201496,0.012255457,0.0028326476,0.0047175474,0.0010870642,0.0027307977,0.0010169003
2017-10-10,0.00043957162,0.0002664224,0.0028897845,0.006077006,0.00076364336,0.0004429509,0.0013939086,0.00026474372,0.002251797,0.00062557135,0.00058936776,0.0019833103,0.0024133231,0.0018203846,0.0070472276,0.0010402186,0.002059125,0.0011518312,0.0018695019,0.0035270536
2017-10-11,0.00014020113,0.002826462,0.0018454287,0.002877295,-0.0013685749,0.00012631598,0.0045540053,0.0015324204,0.00083305815,0.00042142704,-0.0004401945,0.0016488873,0.003917021,0.00034802273,0.0023817476,0.0010635648,0.004223209,0.0,0.0010075658,0.002510271
2017-10-12,0.0,0.0016687777,0.001408492,0.00016765003,0.00019512136,0.001172031,0.0018825061,0.0014816924,0.001534663,0.00023363187,0.00029472422,0.00027192335,0.00062277314,0.0003666821,0.0015428275,0.0021896958,0.0035355678,0.0,0.00079793425,0.0025481684
2017-10-13,0.0043140184,0.0019770772,0.004529081,7.4149616e-06,0.004110955,0.0061146384,0.0008811771,0.0022772464,0.00016859004,-0.00026591442,7.72691e-05,-6.677602e-05,0.001380715,0.00050290965,0.0069422526,0.0021966007,0.0018434348,0.00031849125,0.0010724913,0.00086269167
2017-10-16,0.0035884916,0.00041229822,0.0026531937,-0.0033199794,0.0019643635,0.0031599235,0.0016594814,0.0,0.0016443073,0.00037671704,0.0010662128,0.0030834326,0.0013992853,0.0010201617,0.0013121266,0.0046410607,0.0014296127,0.0014956112,-0.0005281059,0.002336333
2017-10-17,0.0020919943,0.0013457644,0.009111175,0.002135442,0.0032730142,0.0057451497,0.0024023773,0.0,-0.0006859687,0.001261057,0.0031717792,0.0012685767,-0.0014025902,0.0,0.0015728228,0.009232832,-4.971215e-05,0.0014758364,0.0018450241,0.0007623057
2017-10-18,0.0036272998,0.0021563692,0.0062707644,-0.00043133105,0.0076118186,0.0010175023,4.436407e-05,-0.00017201986,-0.000102831815,0.00028948233,0.008807547,0.0013108938,0.0016590531,-0.001166247,0.0048081633,0.002725933,-0.0006088225,0.001204133,-0.0009185755,0.0015041864
2017-10-19,0.0029946486,0.0016389324,0.0061452407,2.6239379e-05,0.003502908,0.0014653897,0.0005071899,-0.0004369986,0.0015862532,0.0,0.0024039063,0.00039062803,0.0006474656,0.00043548172,0.005559904,0.0054522026,4.600561e-07,0.0009144724,0.0015450038,-0.00028700064
2017-10-20,0.0006861314,0.0013420711,0.00743874,7.6298755e-05,0.0006864821,-0.0006489137,3.0854786e-05,-0.0005651743,0.004116933,0.0011333444,0.0006277061,0.0004315805,0.0016744189,-0.0003551725,0.0007461947,0.006285775,0.00044115642,0.001481884,0.0010914344,0.00036462527
2017-10-23,0.00050083967,0.00040467922,0.005750737,0.0010319276,0.0011779207,0.00077683834,0.0024090826,0.0011930388,0.0062211575,0.00048746113,-0.0083514955,0.0015279804,0.0045446213,0.0012433723,-0.00020099412,0.0075716292,0.00037047855,0.0010009159,0.0011205869,0.001314695
2017-10-24,0.0003998529,0.00042085373,0.0029150192,0.006020921,0.001018497,0.0006812904,0.00025791032,0.0004513678,0.0013295793,0.0004134999,0.0004485609,0.0017774213,0.0049429056,0.00090313185,0.0026577055,0.0034181585,0.0021074864,0.0019508282,-0.0009898467,0.00041977104
2017-10-25,-0.0009804592,0.0006573932,0.006010309,0.007753211,0.0020084628,0.001932765,0.0029283077,0.0015797591,0.0006388665,0.00043543184,0.004507806,0.00019470279,0.006807181,0.00096172414,0.0017702539,0.0025402454,0.0023417983,0.0015266191,-0.0009047255,0.001616328
2017-10-26,0.00136345,9.9478704e-05,0.001376343,0.004076451,0.00082812225,0.0016334498,0.00018497715,0.0018649272,0.0014540661,0.0010147074,-0.0012306843,-0.00032673555,0.005655175,1.025756e-06,0.0008587175,0.0022263967,0.0024508473,0.0010535265,0.0006679873,0.0014325319
2017-10-27,0.0021380216,0.0008311208,0.0036491542,0.0031474212,0.00024661102,0.00037290456,0.0,0.0018716642,0.0046038516,0.0036774324,0.0005351151,0.00041413488,0.0032044852,-0.0009878007,0.0009387997,0.00493676,0.0010500237,0.0,0.0007254941,0.0027570203
2017-10-30,0.00036885403,0.0010604978,0.0010692971,0.003540574,8.078541e-05,0.0019482172,-0.00318772,0.0017334558,0.004501215,0.002687775,-0.0049938583,0.0006762074,0.001981801,0.0010917529,0.0031434735,0.0020116435,-9.716199e-05,0.00013528894,0.0016684437,0.007728531
2017-10-31,0.0018402472,0.00045160126,0.0014613501,0.003108962,0.0015964665,0.0033786823,-7.7767356e-05,0.00049319194,0.0033310347,0.0009360966,-0.011151706,0.00021963721,0.0014263571,0.001358157,0.00031960077,0.0036127942,0.0,0.0004898696,0.003999628,0.0103397565
2017-11-01,0.00052394805,0.0,0.0015175667,0.0005812771,0.000938232,0.0026659204,0.00018675948,0.0013403371,0.000880931,0.0033471894,0.0025372626,0.0013545052,0.00021716247,0.0019687207,0.0033266474,0.00068193965,-0.0021916977,-0.0005383897,0.00071062887,0.0013876759
2017-11-02,0.001207674,0.00038809926,0.001457843,0.001028732,0.0012328151,0.0028227817,-0.0006251213,0.00039820647,-0.0019119548,0.0013380639,0.0,-0.00017375442,0.0030741703,0.0012062193,0.0018100389,0.0008076887,0.001297875,0.00021541373,0.001179799,0.001436364
2017-11-03,-0.0008802144,0.0014892035,0.0019553055,0.0011965849,0.0037951071,0.00023560943,0.0007345499,0.00085588044,-0.0067631896,0.00021351846,0.0020445283,0.0005903924,0.002722436,0.00095512177,0.0094894,0.0,0.0013719669,0.00045632545,0.0012546405,0.0017999859
2017-11-06,0.0016874414,0.00037825003,-0.00017202811,0.0014301671,0.0005393884,0.0021455027,0.0048580263,0.0010390001,0.0011771771,0.0018869677,0.0013381356,0.0011437396,0.0022815154,0.001220327,0.0034746386,0.000985533,0.00058678497,0.0016998712,0.0023447005,0.0014318469
2017-11-07,0.0023787501,-0.00039675424,-0.0035877372,0.0033800188,0.0007190905,0.0033299045,0.0025645313,-0.0012190511,-0.0003972983,0.0029009813,0.00050487753,0.00060803915,0.0038135434,0.0006653318,0.0026704378,8.7481945e-05,0.0003146244,0.0006164518,0.0001150209,0.0016811059
2017-11-08,0.003657485,-0.00038692,-0.001707599,0.0025797358,0.0022715724,0.0013517817,0.0016518928,0.002157053,-0.0025825438,0.0015650766,0.00076433853,0.0016651265,0.0021940165,0.00031099844,0.007983816,0.0,0.0015065486,0.0018138498,0.0018755394,0.00021688659
2017-11-09,0.00043001553,-0.0019895008,0.0010494535,0.0036750769,0.00088254054,0.0017282338,0.0004327351,0.0005887814,0.0010584355,0.0019955623,0.00041099853,0.0016818716,0.00025799443,0.0006803652,0.00088163774,0.00022167667,0.0019004925,0.0006991658,0.0012187819,0.0026695156
2017-11-10,0.0012574467,0.00088237063,0.0017521372,0.005113027,0.0019710925,0.0014403542,-0.00032374708,0.00084521435,0.0026540686,0.00093626603,0.0012686108,0.0010697736,0.0075636283,0.0012250271,-0.00038825313,0.0039084223,0.00096118444,0.0017879161,0.0011802188,0.002073429
2017-11-13,0.0014044271,-0.00031674662,0.0015031458,0.00010068291,0.0003610318,0.006961083,-0.0003673099,-0.00043806815,0.00022147442,0.0012865702,0.00074648554,6.0637132e-05,0.00093540887,0.0006919838,0.0006221192,0.0061563523,0.0015841649,0.0032862797,0.0026397833,0.0035895847
2017-11-14,0.0015963328,0.0008565163,0.0022792937,8.912524e-05,0.0005254198,0.0036113553,0.001703786,0.00090111635,-0.0006561161,0.00073642173,0.0045874566,0.0005421544,0.0,0.0007444806,0.0021091104,0.002338418,0.00056218065,0.0015396771,0.0002479405,-3.7877147e-05
2017-11-15,0.00022582934,0.00044426767,0.0045595644,0.000780041,1.6740559e-06,0.00052531756,0.0021955234,0.0015158411,-0.0005841614,0.0005833765,0.0024803793,0.0008191466,0.0019535418,0.0011847385,0.0003904527,0.0006443584,0.0008891636,0.0037922948,0.00018271717,0.0013478532
2017-11-16,0.00030293904,0.0009785314,0.002717703,0.0031675184,0.00039225208,0.0033214933,0.0011555391,0.0024167162,0.0010632527,0.00066321704,0.00011341003,0.001253251,0.004983977,0.0015885317,0.0010898012,-0.00035728383,0.00046203483,0.0029867464,-0.0013309235,0.005599791
2017-11-17,0.0010139677,0.0022809806,0.0026882878,0.00020129168,0.0005758423,0.0021520697,0.0020008027,0.0014435472,0.0009403407,0.00094315654,0.002070293,0.0005963986,0.0029232309,6.5196284e-05,0.0019805809,0.0,0.0014525991,0.0015066835,-0.00044475088,0.0013748201
2017-11-20,0.0044145277,0.0023338674,0.0006100939,0.0010289211,0.0011877592,0.0039859037,0.00042847192,0.0013078513,5.266405e-05,0.0026676997,0.0068184407,0.0008863448,0.0018371538,0.0004444598,0.002135745,-0.0021656766,0.0016155024,0.0007448967,-0.0012093659,0.010345933
2017-11-21,0.0053895907,0.0011395055,0.00035897893,0.001848545,0.000589209,0.0020623968,0.0006147708,0.0006509496,-0.0019383659,0.0020900925,0.0028342523,0.0051616756,0.0023916957,0.0010594308,0.00149115,0.0002800437,0.0013223034,0.0019479737,-0.00034390867,0.0022549417
2017-11-22,0.0075747273,0.0014883663,0.0,0.0014822036,-2.8915356e-06,0.0006894912,0.00040639058,-0.0006670568,-0.0026567765,0.00108636,0.0011747504,0.0035652516,0.0011666885,0.0018163044,0.0013606249,0.00039200325,0.0005523036,0.000121575984,0.0015530958,0.00097555364
2017-11-23,0.001577412,0.0015779994,0.0019191969,0.0010685228,0.00048841565,0.0033934796,0.0008293037,0.0010148964,0.0009446219,0.0017651253,0.0020201604,0.0027878887,0.0008092421,0.0018290638,0.0026519895,0.00029985287,0.0017523378,-0.00087995926,0.0017195565,0.0
2017-11-24,0.003997015,0.001433575,0.0002941711,0.0016279,-0.0005745676,0.0012021227,0.0010902098,0.0022385502,0.0020709115,0.00105415,0.0035936257,-7.095868e-06,0.00090407557,0.00085106737,0.0017572888,-0.0014918799,0.001416814,0.00060078595,0.00080372184,0.0
2017-11-27,0.0038438628,0.0015445767,-0.0007316957,0.0009654045,0.00065244787,0.00071884965,0.0016268446,-0.00021381988,0.0072489036,6.408589e-05,0.0036629795,0.0017384418,0.00033158567,0.0028359978,2.8328028e-05,0.0023801024,0.0015761917,0.0014564978,0.0015092394,-0.0015374724
2017-11-28,0.0014217152,0.0023173396,0.0011061694,0.00045187128,0.001488766,0.0026578866,0.0013085551,-0.00092258985,0.0006251356,0.00041841986,0.0024981378,0.0010462241,0.0034576387,0.0015011901,0.00061046536,0.0009386267,0.0019054721,0.0011098371,0.0016602173,-0.00052255264
2017-11-29,7.408565e-05,0.0007823976,0.002850079,0.0007455761,0.0013701415,0.0,0.0007937847,0.005072586,0.0013451293,0.0012633123,0.00039351234,0.00076611,0.0012633123,0.0012040322,0.0010867768,0.0012934462,-0.0004977452,0.0023786942,0.001711902,0.000291619
2017-11-30,0.002696875,0.0025315837,0.0018412983,0.0010836285,0.0004370506,0.0039485362,9.454019e-05,0.0,-1.4891256e-05,0.00039413627,0.0012566847,0.0021580395,0.00039413627,0.0020560827,-0.00016894682,0.0038782274,0.0,0.0053347615,0.000724711,0.00015757552
2017-12-01,0.0031802363,0.0016350204,0.0012134751,0.0003131838,-0.0002515953,-0.0007660619,0.0017934184,-0.0017227957,0.0006836334,0.0039192843,0.0007728192,0.00047681766,0.0039192843,0.0010648859,-0.0016489099,0.0019690415,-0.00072766526,0.000875599,0.0031709536,0.0
2017-12-04,0.005433295,0.0024029457,0.0014934933,0.0025232204,0.00023708491,-0.00067214906,0.0012113933,-0.0055131707,0.0018525472,0.0025530101,0.0016655583,0.00042410305,0.0025530101,0.0017615084,0.0021748296,0.0018139995,0.0,0.0008812865,0.0010169682,0.00068513065
2017-12-05,0.0013951272,0.005244716,0.0006626353,0.0010811355,0.0025826723,0.00023681631,0.0004553539,-9.490361e-06,0.00033198565,0.0049574426,0.00040300097,0.0010171434,0.0049574426,0.001929531,0.0011240644,-0.0020657429,0.0029762334,0.0045718267,0.002097083,-1.48725085e-05
2017-12-06,0.0033195885,0.00074356125,0.00048294038,0.0043901284,3.1952208e-05,0.0025620984,0.00082190713,-8.850971e-05,0.0011574305,0.0056804162,0.00084731146,0.0007188033,0.0056804162,0.0014836879,-0.0010825443,0.0018288514,0.002658625,0.004759636,0.00014676692,0.0
2017-12-07,0.00093287934,0.0025024991,-2.3207145e-05,0.008124401,-0.0013124448,0.001765976,0.00018085183,0.0016714428,0.002756757,-0.00089083414,0.00044700218,0.000857967,-0.00089083414,0.0017757226,0.0013236814,0.0059641954,0.0010888688,0.017966975,0.0020415413,0.00053838996
2017-12-08,0.00031547147,0.001481265,0.00074120256,0.017364921,0.0010375513,-0.0010633614,-0.00299092,0.00050614914,0.0021686398,0.0015086355,0.00061937876,0.0015279078,0.0015086355,0.0052466667,0.0013956908,0.0033864079,-0.0018021092,0.0037096303,0.0022565646,-0.0001800571
2017-12-11,0.0010728071,0.0008157808,-8.6416854e-05,0.018236898,-0.0020396912,0.005970215,-0.003869905,0.0029959066,0.0024844138,0.001277525,0.00029252472,0.0006862935,0.001277525,0.0012600776,0.0029019206,0.0019149433,-0.0017463006,0.009431995,0.0018093832,-0.000102699734
2017-12-12,0.0018392631,0.0011817847,0.0013732781,0.009904687,-6.497907e-06,0.0030756197,0.00093704805,-7.4940695e-06,0.002191739,-0.0031660988,-0.000691358,-0.0012576339,-0.0031660988,0.0004918188,0.006997358,0.003817942,-0.0034063791,0.0020353363,0.00091330515,-3.7424186e-05
2017-12-13,0.0041346992,0.0016027438,0.0024119685,0.0052384916,0.001478012,0.005186933,-0.00033078543,0.00014416993,0.0033946903,0.0009311642,-0.00094993593,0.0022891292,0.0009311642,0.0011390068,0.00079359004,0.0060622944,-0.009264907,0.0018600594,0.0029878498,0.0009617676
2017-12-14,-0.0004580335,0.0006694098,0.0026706404,0.001774389,0.00126047,0.0021196618,0.0005923538,0.00047347468,0.004070909,0.0014127521,-0.00031618364,0.004202407,0.0014127521,0.0020379378,0.003427249,0.0029901408,0.0016514,0.005830257,0.0017012352,-8.089237e-06
2017-12-15,0.0016091801,-0.0005082106,0.003925056,0.0003337526,0.00048462985,0.00040935038,9.6221214e-05,0.0,0.0033008526,-0.00014642492,0.0014858595,0.0015343692,-0.00014642492,0.0033308095,0.0014375556,0.0022762306,0.0030483217,0.00066036184,0.004499807,0.0
2017-12-18,0.0006791059,0.00024017175,0.0011349451,0.0023990567,0.0025396477,0.0069780014,0.00071313354,0.0018769384,0.0018169023,-5.482132e-05,0.0029439202,0.0021053134,-5.482132e-05,0.0021334647,0.001704006,-0.00060408807,0.0011326723,0.0033858267,0.0026390848,0.0015309213
2017-12-19,0.00086452643,0.00061513437,0.0027876527,0.00091348914,0.00088556774,-0.0015995104,0.00047068857,0.0027670134,0.002090578,0.001363545,0.002742242,-0.00013289915,0.001363545,0.0020537064,0.0,-0.0024907726,0.0015998132,0.004835151,0.0037877474,0.0016242018
2017-12-20,0.00014476423,0.0006560534,0.0019003252,6.0316866e-05,0.0001801302,0.0,0.0008595798,-0.0016153429,0.0024708416,0.00425025,0.0016550908,-0.003658624,0.00425025,0.0030641388,0.001280797,-0.0015658415,0.0006630098,0.0014220629,0.0027007242,0.0016697475
2017-12-21,0.00052460533,0.0036156983,0.0009395042,-0.000549652,0.0025124755,-0.0061036856,-0.00055198447,0.0015370903,0.0047869794,0.0012365609,0.0024699199,-0.0029033169,0.0012365609,0.0006882107,0.001061899,-0.00062605453,0.0018377085,0.0021489924,0.0015204742,0.0003996733
2017-12-22,0.0018446158,0.0057144556,0.0021003985,0.0007487752,0.0052161533,0.0003123174,0.0,0.0036779242,0.0026981544,0.0050638537,0.005562167,0.001350448,0.0050638537,0.0026640086,-0.00010631956,0.001556415,0.011130995,0.0008476075,0.00068316696,0.00072884175
2017-12-25,0.002183851,0.010976543,0.0014040311,0.0,0.0006555677,-0.0013008245,0.0017825497,0.0030824193,0.0029192457,0.002905805,0.0026647476,0.002121961,0.002905805,0.0021312146,0.0010685808,0.0021297655,0.0,0.0007235,-0.00032397718,0.0017087196
2017-12-26,0.0028355322,0.007918386,0.001180789,0.0015464815,0.0045232032,0.0011009049,0.00017585042,0.00024809787,0.008116514,0.0011413803,0.0010624862,0.0014142048,0.0011413803,0.0,0.0021091106,0.0012845866,-8.880238e-05,0.0021732259,0.00033759064,0.0017345333
2017-12-27,0.00212253,0.0015503761,0.0007749762,0.0017228576,0.0054019513,0.0018289528,0.0018843998,-0.0061327643,0.0013985432,0.00090486323,0.0061113606,0.0033952058,0.00090486323,0.0018816177,0.0007580216,0.0005836403,0.009962487,0.0032995818,0.0,0.00084167265
2017-12-28,0.003382287,0.0072692973,0.0017186619,-0.0004560619,0.0022110138,0.0015294045,0.001690813,-0.0009602682,0.0007037669,0.0025502983,0.0022725542,0.00063092913,0.0025502983,0.001727804,0.0019800526,0.0019804218,0.01592146,0.0016780136,0.000858589,0.00460818
2017-12-29,0.0014840862,0.00097597996,0.0010846151,0.00090147817,0.0018387428,0.0005932066,0.010246144,-0.00017432286,0.00013561123,0.0,0.0016123143,-2.323124e-05,0.0,0.0027167685,-0.00034829168,0.0024056756,0.029951343,0.0016068884,0.001993791,0.002469778
2018-01-01,0.0029016105,0.0,0.0007321607,0.0011676332,-0.00010187122,0.0049753822,0.005483446,-0.002898025,1.7638498e-05,0.0010629256,0.0032523884,0.00057483633,0.0010629256,0.0014176161,0.0014184287,0.00016650454,0.008379222,0.0012591064,0.0015889603,0.0032416587
2018-01-02,0.0021933902,0.0033095595,0.0010793803,0.0012375962,0.0012852642,4.9113685e-05,0.0042722537,-0.0022313858,0.001017539,0.0030532365,0.0032220122,0.0016066642,0.0030532365,0.00021735784,0.0074307784,0.0023812326,0.0070728855,0.00038413482,0.001788333,0.0007111521
2018-01-03,0.00043036204,0.0061595445,0.0012115362,-0.0013283917,0.0016300342,0.0015240139,0.0045100646,0.0055415747,0.004620346,0.0051507256,0.0013838452,0.0007489842,0.0051507256,0.0005315897,0.004353248,0.0058437595,0.004361075,0.0018413197,0.0011588597,0.0031096695
2018-01-04,-0.0016296568,0.005742076,0.0013315949,0.00095385587,0.0026427866,0.004553362,0.0008363976,0.0011385344,0.0039772205,0.0026289227,0.00024323628,0.0018375012,0.0026289227,0.0018701665,0.014636709,0.0069910786,0.0028769015,0.0024740952,0.0006584226,0.0
2018-01-05,0.0002816904,0.00087787746,0.0022839129,0.00179425,0.00032693933,0.007998133,0.0011173893,0.00061497657,0.002491371,0.0032744166,0.0010623062,0.0015051039,0.0032744166,0.00084565603,0.0031268885,0.014030073,0.0,0.0021512073,0.0011487699,0.0013487563
2018-01-08,0.000111768466,0.00041059908,0.0049417634,0.0026749466,0.0028331026,0.009833151,-0.0004038011,0.0047311764,0.001547046,5.5949768e-05,0.0004518583,0.0039252923,5.5949768e-05,0.000513904,0.0021933243,0.0064602955,0.009726786,0.002449818,0.0016149078,0.0011776228
2018-01-09,0.0036533265,-0.0001775018,0.003001578,0.00062794605,0.0077272803,0.011104397,0.0011020458,0.0015856524,0.0034707133,0.0005260179,0.0012305017,0.0016747487,0.0005260179,-0.0005020814,0.009914842,0.002143808,0.003245102,0.0024825512,0.0015714838,0.0015934135
2018-01-10,0.003551071,0.001337302,0.0027281193,0.0049162153,0.0002544456,0.0059589637,0.000249507,-0.00011636261,0.0026697281,0.0010402795,0.0017420199,0.00027979934,0.0010402795,-0.002996391,0.0008523545,0.007936768,0.0012920743,0.0006564359,0.002890133,0.0014991247
2018-01-11,0.00021935022,0.0057113026,0.004255335,0.0061826515,0.00074999034,0.0018213375,0.0013194729,-4.4086446e-05,0.004768971,0.0041170646,0.0041535017,0.0011252682,0.0041170646,-0.0012871192,0.01680502,0.0033409381,0.0,0.0012905833,0.0022574766,0.0016695258
2018-01-12,0.0010834045,0.0019512166,0.0015544766,0.0014691339,0.001999672,0.00029920295,0.0021504683,0.0016129884,0.0025055076,0.00029693803,0.0011458406,0.0017505746,0.00029693803,0.0011594204,0.00041544577,0.0051183393,0.0007674243,-0.00014517759,0.002305314,0.0008677154
2018-01-15,5.367651e-05,0.0019959968,0.0022247937,0.005474957,0.0018166027,0.0021266565,0.0013254422,2.6446038e-05,0.0011532983,6.625637e-06,0.0020850592,0.0010066084,6.625637e-06,0.0011505818,0.0034390187,0.0072191902,0.0022216192,-0.000613798,0.0038202475,0.00019614652
2018-01-16,0.002618015,0.0,0.0010665271,0.003622485,0.0015029904,0.00084985176,0.0018806775,0.001250908,0.0017698384,-0.0022338906,0.0024446948,0.0004652272,-0.0022338906,-0.0023622198,0.0011680796,0.0036966607,0.0032234523,0.0005282597,0.0032145358,0.0007184657
2018-01-17,0.0030301695,-0.0006888489,0.0019857457,0.007779814,0.0023235043,0.0011690446,0.0016689511,0.0014870678,0.002415884,1.7100463e-05,0.0027103873,0.0013109329,1.7100463e-05,0.0010378031,0.00078470475,0.0014941039,0.0028634497,0.0006880945,0.0001491937,-0.00058518094
2018-01-18,0.0026586195,0.0016114187,0.00067592674,0.0034646187,0.001845823,0.0018257925,0.0022099942,-0.00073198526,0.0022317797,0.0029605848,0.0027801038,-0.0014280254,0.0029605848,0.0009019937,0.0011950288,0.0017684159,0.0014845384,0.0016159655,0.002845145,-0.00046642456
2018-01-19,0.0,0.00066681934,0.0009658676,0.0039026896,0.0010887479,0.0,0.0016428749,0.0,0.0018872396,0.0012783393,-0.00035256922,0.00038924738,0.0012783393,0.0033172565,0.0,0.0035532524,0.00134698,0.00040598982,0.0049856952,-0.0016035724
2018-01-22,-0.00023209909,-0.0018906415,0.0014784487,0.0009849088,0.00095946016,0.002972921,0.0011501994,-0.0014532285,0.004382466,0.0015206763,-0.000950539,0.0016937987,0.0015206763,0.0027782975,0.0071512684,0.0008683548,0.0025898027,0.002695397,0.0019038477,-0.00031489335
2018-01-23,0.0009945622,-0.0011618598,0.0012305656,0.002067277,0.0027152854,0.0019846866,-0.0009814086,0.0011644753,0.0033913958,0.00034444156,0.001156633,0.0033682105,0.00034444156,0.006446581,0.0053887237,0.0013303381,0.0014498137,0.0028097406,0.008490482,0.0008640625
2018-01-24,-0.00016260397,-0.001005679,0.0014154186,0.002100417,0.0053897826,0.0042643417,0.0005004619,-0.00041634505,0.0011523634,0.0032793945,0.00050538057,0.0038230922,0.0032793945,0.006193334,0.01011751,0.00018268784,0.00213896,0.0020779995,0.0034113976,0.0012978988
2018-01-25,-0.0008386997,0.002376412,0.0018383893,0.0039328993,0.007082872,0.0037495126,0.0021817673,-0.00050682155,0.0033400797,0.0016701776,-0.00011909009,0.0011965361,0.0016701776,0.0031660479,0.0041028187,-0.0018061502,0.0014130239,0.003520584,0.0035071205,0.0012987191
2018-01-26,-0.00049252145,0.0013319239,0.002185169,0.0021104023,0.0038565642,0.00010780359,0.00057619286,-0.0011492701,0.008488368,-0.0002975642,0.0019167138,0.0022426303,-0.0002975642,0.0003151074,0.0005126301,0.0016855402,-0.00058935554,0.0015680738,0.0013752993,0.001762059
2018-01-29,0.00083058275,0.0011216676,0.0010390298,0.0016633437,0.0034581777,0.00020293698,0.0013683983,0.0018426379,0.0043651704,0.00022032474,0.00039060944,0.0025965925,0.00022032474,0.00031432562,0.003439029,0.0003916397,-9.9576515e-05,0.0028991422,0.0008705192,0.0023935062
2018-01-30,0.0,0.00038710638,0.00081703404,0.0025272558,0.0019085889,0.0018195877,0.0066537857,0.0004315144,0.0018442707,-0.0034338525,0.00088892743,0.0017449595,-0.0034338525,0.0019512414,0.0024838436,0.0018994812,-9.2598886e-05,0.000592073,0.00076890754,0.001917752
2018-01-31,0.0013179291,0.00044362608,-0.00082993874,0.0035108733,0.00024682248,0.0022027085,0.0029840071,-0.0015000919,0.0026974573,-6.878151e-05,0.0008160662,0.00036796997,-6.878151e-05,0.0015579262,0.0023563749,-0.00048493154,0.00029029182,0.0013874762,0.001441389,0.00033287247
2018-02-01,0.0,-0.00014658006,0.0030484027,0.0008020197,0.0016551369,0.0057545393,-1.3873656e-05,-0.0013490142,0.0011166285,-0.0012217887,0.0011132703,0.0018215266,-0.0012217887,0.0001612547,4.9053226e-05,0.00067580247,0.0005427802,0.0,0.00060501497,0.0007238174
2018-02-02,0.0011370804,0.0015179518,0.0013719723,0.0011787651,0.0009514332,0.0031540354,-0.0014317539,-0.0015109866,0.0008723206,0.0011444228,0.0003106706,-0.0002004822,0.0011444228,0.00039910738,0.00010796169,0.00035987928,-0.00028013086,0.00024397422,-2.3275832e-05,0.00021920893
2018-02-05,0.0014131495,0.0018344438,0.00064222026,5.2496904e-05,-0.0004922747,0.0023170197,0.00051134947,-0.0010499442,-0.002539424,-0.0005718231,0.0010857669,0.000797522,-0.0005718231,0.00079041894,-0.0034974588,0.0008220455,0.0015610215,-0.00026829535,0.00031328906,0.0003348972
2018-02-06,0.0047692405,0.00089449814,0.0005151805,0.0007030138,-0.0023106718,0.0015957973,0.0006232321,0.00014306037,-0.00026708026,-0.0029866453,0.002868519,0.0010191217,-0.0029866453,0.0020320327,-8.14668e-05,0.0024121532,0.0007255053,0.00076615706,0.00056633493,0.0012351924
2018-02-07,0.0013843141,0.00919167,0.0002814892,0.0007034609,0.00010708955,0.0014656357,0.00089400506,-0.0026890105,-0.0007435622,0.0,0.0011587804,0.0030761242,0.0,0.00036641996,-0.005651734,-0.00056902075,0.00033448267,0.0014329975,0.00022286178,0.00042020122
2018-02-08,0.0021999003,0.008863379,0.0009593247,-0.0012360775,-0.0013493848,0.0063663204,0.0038538582,-0.01075519,-0.00026245348,0.0,0.0,0.00063187705,0.0,5.9741324e-05,-0.00045871065,-0.004332866,0.00048038497,0.0013486333,0.0010177356,0.0010941639
2018-02-09,0.0018175653,0.0055345483,0.00024496173,0.0009880214,0.0004314709,0.0049474267,0.002777015,-0.0014913654,0.00033012254,0.003873863,-6.61254e-05,0.0003139195,0.003873863,-0.0022457596,0.0022622347,0.000638915,0.0023264394,0.00057873596,0.0001720842,0.00076301704
2018-02-12,0.0024147488,0.0026756232,0.0011140963,0.0,0.004910895,0.0018035405,0.0022200444,0.00029718873,-0.00038511434,0.00037522358,0.0024592257,0.0005224253,0.00037522358,0.0011169156,0.000884862,0.0042270287,0.0016876544,0.0008415232,0.00024228488,0.0011622157
2018-02-13,0.0017155008,0.0025065464,0.00078151707,0.0011965025,0.0023520472,0.0015764962,0.001958141,0.0026640452,0.00040294376,0.0007020717,0.0017471334,0.0011834563,0.0007020717,0.0004323099,0.0015078819,0.0016625534,0.00030507083,0.000988792,-0.000116746865,0.0011130876
2018-02-14,0.0014769647,0.0,0.0026525878,0.0006210329,0.0006875701,0.0025479551,0.0015305724,0.0030854677,0.00095698563,0.0034768113,0.0019708378,0.0018371335,0.0034768113,0.0015722918,0.0017854123,0.00086020736,0.0012341626,0.00083876326,0.0005274606,0.0016240563
2018-02-15,0.00073960744,0.0023745198,0.0032589093,0.00133683,-0.0011368901,0.001083125,0.0007979674,0.00025720353,-0.0007837486,0.0006627455,0.0006107655,0.0021274297,0.0006627455,0.002229872,0.0012040961,0.0012926565,0.0005369483,0.0016850063,0.00018990725,0.0007993012
2018-02-16,0.0016045307,0.0045359805,0.0019648012,0.0016498984,0.0013883227,0.0010024972,0.0036670358,0.001515553,0.0013320129,0.00148203,0.0026038156,0.00090279966,0.00148203,0.00033922313,0.0012026114,0.0020136938,0.00214505,0.0026566305,0.00046218623,0.0010600777
2018-02-19,0.0006039488,0.00092154497,0.001844507,0.001292173,-0.0009247928,0.0016107821,0.0017338907,0.0028842997,0.00031066846,0.0013465305,0.002105586,0.0014192075,0.0013465305,0.0013868165,-5.4597887e-05,1.7129412e-05,0.0012900351,0.0014131104,-0.0022615131,0.00048490227
2018-02-20,0.0010167563,8.3728235e-05,0.0015653298,0.0053362334,0.0002889251,0.0044885995,0.0012581832,0.011807352,-0.00047419258,0.0007341054,0.00058397057,0.00059915124,0.0007341054,0.0011742276,0.00055284443,-0.0077260314,0.006484099,0.0009309773,-0.0006373191,0.00037460527
2018-02-21,0.0033823927,0.0056852386,0.00086792634,0.0024826226,0.0035440298,0.0058886893,0.0011674288,0.008668385,0.0004912984,0.001950936,-0.00028910817,0.0011771156,0.001950936,0.001965223,-0.0010090483,-0.003406186,0.0070969057,0.0030403966,-0.00063214754,0.0005622009
2018-02-22,0.0011795975,0.0,0.0007220471,0.0018203349,0.003409609,0.0022068773,0.0027254033,0.0021072354,0.0042786896,0.00052966503,-0.0010089291,-1.7369852e-05,0.00052966503,-0.00091559044,0.0011754575,0.0015396818,0.0070273285,0.001332043,0.00033459003,0.00021604687
2018-02-23,0.00263931,0.0048970203,0.00052651844,0.0,0.006977595,0.0014476094,0.0031705971,0.0018396432,0.0054919,0.0009865477,-0.0016877899,0.00059196335,0.0009865477,0.0007540334,0.0050045117,0.00048142092,0.003975065,0.0016752837,0.00052335206,0.00013441038
2018-02-26,0.0016034612,0.0008865137,0.0020423143,0.0005437434,0.0016505308,0.0036643315,0.0026531569,0.0017472282,0.0016943684,0.0006197229,0.00054037414,0.00011673895,0.0006197229,0.00019929075,0.005086133,-0.002307197,0.0026923495,0.0005643103,0.0007541488,0.0005862607
2018-02-27,0.0011232431,-0.0005197787,6.3168896e-05,0.0008357852,0.0005976574,0.002221294,0.0039344733,0.0002144423,0.0019777466,1.8861896e-06,0.0023288394,0.0028384929,1.8861896e-06,0.0032024235,0.001568333,0.0010420171,0.013204888,0.000121836325,-0.00048664832,-0.002296616
2018-02-28,0.0010602059,0.0028564448,0.000715353,0.00066068105,0.006841455,0.0015521084,0.0027943526,0.0011979215,0.0013009659,0.0022103896,0.00020497979,0.0013738172,0.0022103896,0.00057689275,0.0018194581,0.0035633305,0.0030048601,0.0011752063,0.0024183318,-0.006915534
2018-03-01,-0.0012224218,0.0030904391,0.0005415674,0.00024996567,0.008448,0.0015672982,0.0018859021,0.0003910311,0.0020065212,0.0031638707,0.00477698,0.0013964206,0.0031638707,0.0017181467,0.004889589,0.0015124719,0.004643636,0.0019070556,0.0022456811,-0.006613025
2018-03-02,0.0006223639,0.005065357,0.0010188228,0.0,0.006820688,0.0005815356,0.003908679,-6.625269e-05,0.001344912,0.017580079,0.003992474,0.0013133218,0.017580079,-0.00044036895,0.003638573,0.0015362903,0.00796063,0.0023037381,0.0018489091,-0.0018802447
2018-03-05,-0.0034117666,0.0022286433,0.0008965589,0.0012399448,0.0019253922,0.0025820353,0.0014350091,0.00084786117,0.0004202296,0.0017037824,-0.00012255182,7.238502e-05,0.0017037824,-0.000111893,0.0015799856,0.0009277188,0.0015482986,0.0043870523,-9.835704e-05,0.0006768926
2018-03-06,0.0017405525,0.002773861,0.0013508362,0.0012193269,0.001326892,0.0017896218,0.00040112511,0.0011765227,0.0008888235,0.0007910105,0.0044126725,0.00015200426,0.0007910105,0.0005713461,0.0012318047,0.001202678,0.0010937881,0.0039726947,0.0014578564,0.00053872605
2018-03-07,-3.831493e-05,0.0003730141,0.00037458286,0.0018802219,-0.0004681681,0.0037725032,0.0013842608,0.00029701967,0.0034300892,0.0008009031,0.003473361,0.0029187573,0.0008009031,0.0036747681,0.001421208,0.0011575307,0.004756372,0.0038717575,0.0025767074,0.0
2018-03-08,-0.0005681598,0.001836797,0.00085920864,0.0020267686,-0.0009429241,0.0023123664,0.0005770603,0.001971142,0.0,-0.00064902165,0.0,0.001624304,-0.00064902165,0.0021496147,0.002051328,0.0013223548,0.0010243652,0.004569977,0.0014652229,0.0019834952
2018-03-09,0.00027077147,0.0015383245,0.0006985583,0.00031913802,0.0013994185,0.0011593865,0.00021834366,0.0015819777,0.0011465409,0.0033300053,0.0011762629,0.00068632583,0.0033300053,0.0010198505,-9.1722e-05,0.00055158004,0.000658451,0.001378802,0.0026169235,0.00031040478
2018-03-12,0.00024054284,0.0022429263,0.00087679713,-5.0119215e-05,-0.000119074146,0.0016048343,-0.00037025017,0.0,0.0012049959,0.0039688987,0.0012633293,0.0005382446,0.0039688987,0.0027328187,0.0013886521,-0.0005612256,0.001102565,0.0047818744,0.0011451682,0.0030741552
2018-03-13,-7.810864e-05,0.0003606359,0.001302245,0.0005917823,0.0033137936,0.00036199417,0.0006830501,0.0,-0.0010286195,0.0009417836,0.0014142717,0.0024164421,0.0009417836,0.0037533317,-1.8712586e-05,0.00080481305,0.0021906258,0.004326941,0.00058893056,0.001483326
2018-03-14,0.00021725245,0.0,0.0016040378,0.0006842476,0.002085468,0.0011352524,0.0,0.0037535385,0.0007785699,0.00033761174,0.005856888,0.0017955339,0.00033761174,0.0014079197,0.0008910153,1.944274e-05,0.0021068638,0.001639618,0.002640502,0.00068611564
2018-03-15,-0.0006190191,0.0012834299,0.0017540168,0.00015599477,0.0013021134,0.0018532801,-0.00040792662,0.002662229,0.0017699173,0.00050418667,0.008470957,0.00042638206,0.00050418667,0.0018448967,0.0011728974,0.0,0.0018767888,0.0011949006,0.00053268427,0.0029271
2018-03-16,0.0008854727,-0.0014038639,0.00088576507,0.0005320898,-0.0016027107,0.0010078211,0.00015113094,0.0011067723,0.0012319695,0.0006183025,0.010348247,0.0020880315,0.0006183025,0.0005310443,0.0018275746,-0.0023071913,0.0017236492,0.0006328074,0.0010151431,0.001454958
2018-03-19,-0.0004198221,-0.00019855065,0.0008822836,0.0018733792,0.00031995366,0.0009981454,0.001043793,0.00058212545,0.0011072877,-0.0003492462,0.0058307545,0.0030104998,-0.0003492462,0.0020087343,0.0020565519,-0.0021261661,0.0017098681,7.899785e-05,0.002087191,0.001175527
2018-03-20,0.0013462123,0.00030092706,0.00077687943,0.0006653808,0.00060957926,0.0011690002,0.0010019642,0.001661126,0.0014140595,0.00068863295,0.004700848,0.00041952872,0.00068863295,0.0016644881,0.0008672731,0.00068320887,0.0026818528,0.0018665742,0.002700764,0.0029187214
2018-03-21,0.00669167,0.00048936653,0.0008553864,0.0002419117,0.0012987256,0.0033779922,0.00032599136,0.0022278198,0.0024328541,0.000104681014,0.0009686048,0.00050949864,0.000104681014,0.0011077101,0.001193477,0.0013693408,0.00084600673,0.00092454616,0.0023143103,0.0009155768
2018-03-22,0.0034712355,0.0015253387,0.0017098014,0.0003195948,0.0013736583,0.00037449505,0.0003263984,0.0019033438,0.0,0.0017218224,0.003264203,9.536608e-05,0.0017218224,0.0017790908,0.0018497851,-0.0005855289,1.1637245e-06,0.00035696634,0.0027579614,0.005147016
2018-03-23,0.0021259494,0.0015579149,0.0015003687,0.00029965103,0.00096489856,0.0011263841,-0.00022205395,0.0017871314,0.0016566227,0.0013399759,0.004761281,0.0013622234,0.0013399759,0.002183488,0.0011970596,0.0012015286,-0.0011754077,0.0021486222,0.00011319152,0.0018721677
2018-03-26,0.0066665523,0.0017491002,0.0011422151,0.00059492537,0.0016173947,0.00071122486,0.0011775316,0.00086809654,0.00073244516,0.0028191865,0.005056438,0.0011696407,0.0028191865,0.0,0.00039706452,0.0005422046,0.0024532091,0.0050788657,-0.0011018615,0.0035058297
2018-03-27,0.0021898767,0.0016410506,0.0009539512,0.0007777772,0.0008148839,-0.0023268675,0.00064211653,-0.001115128,0.0006668499,0.00027182975,0.006486052,0.0020699294,0.00027182975,0.0010922743,0.0003965531,0.00066133036,0.00035667978,0.00040082893,-0.006709989,0.0003189383
2018-03-28,0.0013257085,0.0040538176,0.0011399046,0.0012414742,0.0014862987,-0.0010235863,0.00072124414,-8.1803046e-05,0.00032052107,0.0,0.0036723006,0.0010941216,0.0,0.00016665591,0.00085926073,0.002490251,0.00095377193,-0.00027810512,0.0008735258,0.00074317417
2018-03-29,0.0012535363,0.0030698166,0.0007479361,0.00038001064,0.0005299873,-0.0016522156,2.6099748e-05,0.0030062892,0.0013549344,0.00048100273,2.8483202e-05,0.0016478224,0.00048100273,0.00033093386,0.0013501678,0.0020990442,-0.00042458635,-0.0008615806,0.0015104839,0.0003955103
2018-03-30,0.0015707333,0.0033851927,0.00016474379,0.0013878932,0.00029968034,0.00021923274,0.00045578863,0.0024074886,0.0008715092,0.00057382847,0.0017366322,0.002491673,0.00057382847,0.00011939452,0.0024961724,0.0024245086,0.0,0.00087075756,0.0006907164,0.0017338357
2018-04-02,0.0026949425,0.0010855522,0.00074947404,0.0016049424,0.00087210676,0.00059746404,0.0013551732,0.0032011017,0.001294171,0.0045315777,-0.0001677756,0.0006656563,0.0045315777,-0.0013233327,0.0021068472,0.0013328554,0.0001395904,0.000551362,-0.0017831788,0.003520519
2018-04-03,0.0016468561,0.0013844846,0.0006744795,0.0033804332,0.0018198937,0.00119531,-0.00011919049,0.0023153839,0.0011100349,0.0045617037,0.0026632638,0.0009284207,0.0045617037,-0.00067345204,0.001151397,0.00088730565,-0.0036760406,0.0010730304,0.00092709914,0.0018456655
2018-04-04,0.0012830284,0.0008422337,0.00039223584,0.0013746305,0.0011340941,0.0005149954,8.4057014e-05,0.0011326672,0.0014081369,0.002072185,0.0054422533,0.0019556282,0.002072185,0.0016804534,0.0066392506,0.0033408669,7.2533476e-05,0.00070624036,0.0,0.004521173
2018-04-05,0.0010222023,-0.0007564543,-6.738273e-05,0.0017362921,0.0,0.0013357031,0.00043600894,0.0003789224,0.0012624447,0.0037687095,0.00499227,0.0014062313,0.0037687095,0.0003387985,0.0033812758,0.00065600034,0.000554428,0.00091131876,0.0,0.005417921
2018-04-06,0.0010159239,0.002052589,0.00025059938,0.0019069476,-0.00012171499,0.0009114796,0.000706353,0.0006637958,0.0014718028,0.0021277077,0.005828398,0.0010379658,0.0021277077,-0.0008422258,0.00498679,0.001479202,0.0020160298,0.0012572866,0.00072620425,0.012707497
2018-04-09,0.0006493171,0.0016799566,0.00080001727,0.0015754945,0.0007198019,0.0010675184,0.000914334,0.00043493972,0.001690826,0.0019261419,0.0027029233,0.0029514332,0.0019261419,-7.406381e-05,0.003209575,0.000402986,4.010398e-05,0.00018730709,0.0008083503,0.0013048466
2018-04-10,0.0006890297,0.0019125976,0.00047378734,0.0011299037,-3.8038943e-05,0.0009026674,0.0002172177,0.00011465806,0.0012163679,0.00540015,0.004813843,0.0033667325,0.00540015,0.00037416426,0.0019809478,0.0027269833,0.0046094423,-0.00027839147,0.0008602428,0.0030685195
2018-04-11,0.000108062115,0.0028775732,0.00039809902,0.0009004963,0.0,0.00046208763,0.00102883,0.0012865086,0.00083103287,0.009427977,0.0007507591,0.0019356599,0.009427977,-0.00012847496,0.0019090285,0.0029844989,0.0022346894,0.00021155654,0.00085924525,-0.00010267571
2018-04-12,-0.00026630383,0.003176624,0.0,0.00050236104,0.005501355,0.0,0.0020971675,0.0029210027,0.0027633142,0.004802403,0.0009040905,0.0028692128,0.004802403,0.0012482012,0.002993259,-0.00062725024,0.005876973,-0.0001898059,0.0018510576,0.00011395681
2018-04-13,-0.0016446783,0.0023009656,0.0010946979,0.0010763993,0.005919779,0.0018708571,0.001009573,0.0014765728,0.0018275536,0.002851885,0.003093456,0.00070121896,0.002851885,0.00065716036,0.001452476,0.0014157882,0.0003331566,0.0006562348,0.000991435,0.0011510492
2018-04-16,-0.0050157267,0.0015849589,-2.2034885e-05,0.0011585379,0.0025301056,0.0058620754,0.001454664,0.0003169698,0.0035424926,0.0019802328,0.001982101,0.0018876028,0.0019802328,0.0028896052,0.00092117273,0.0020999862,0.0032851342,0.0011133525,0.00041675125,0.003278936
2018-04-17,-0.0006336289,7.122307e-05,0.000120258,0.001433701,0.0018878786,0.0008436517,0.0012189122,0.001058612,0.00083547586,0.0010918457,0.0010522907,0.0026935162,0.0010918457,0.0007527766,0.00019979913,0.0014858724,0.0012348874,0.0013282934,0.00039572353,0.0025520718
2018-04-18,0.00030837458,0.0008731886,0.0014781955,0.0008697127,0.0018920281,0.0038353503,0.0016154378,0.0014721274,0.001878526,0.0015863315,0.0010123935,0.0031605067,0.0015863315,-0.00038598545,-0.0005170221,0.0004733871,0.0006213182,0.0042881547,0.0029871874,0.002059907
2018-04-19,-1.055521e-05,0.0014822677,0.0019080534,0.0010220236,0.0,0.0015880176,0.0001019249,0.0018058172,0.00068355753,0.0035097862,0.00046202654,0.0008859415,0.0035097862,0.0011287266,0.000830601,0.0017193822,0.0004348477,0.002502146,-0.00025946656,0.0018234055
2018-04-20,0.0006886124,0.003912283,0.001243842,-0.00038706535,0.00037386754,0.00025324244,0.0012989356,0.0003131304,0.0010711695,0.005570886,0.0005285695,0.001117066,0.005570886,0.0014514829,0.0015768443,0.001361795,0.00084970414,0.0023005658,0.0010405359,0.00054445636
2018-04-23,-8.667773e-05,0.002710334,0.00065623404,0.0,0.0021807258,0.0039603803,0.0005502682,0.00013739831,0.002705377,0.0016747463,-0.00085186725,0.0001276747,0.0016747463,0.001179472,0.0035439546,0.005338913,3.2783104e-05,0.0008370587,0.0008898122,0.00018745285
2018-04-24,0.0014729411,0.0039890325,0.0006564915,0.0,0.00033363528,0.001256834,0.0014561669,-9.264266e-05,0.002482999,0.0008847937,0.0015748172,0.0013641259,0.0008847937,0.000730696,0.0,0.0022014796,-0.0021462038,0.0012915833,0.0014726856,4.745399e-06
2018-04-25,0.002441883,0.00020874936,0.0011065747,0.0,0.00034525036,0.0015535473,-0.0002991526,-0.0030031628,0.00172201,0.00088287314,0.00080232375,0.00096482993,0.00088287314,0.001257128,8.908359e-05,0.0028776578,-0.00032087596,0.0002043105,0.001949241,0.0009469671
2018-04-26,0.006087107,0.00054981967,0.00030314564,-0.00048662478,0.0018380191,0.0014639474,0.00028824416,-0.0005347408,0.00203093,0.001251518,-4.1725303e-05,0.0015563435,0.001251518,0.0018717673,-0.0020726104,0.00052866514,-0.00084407657,0.00016388988,0.0024744512,0.0010566904
2018-04-27,0.0015438994,5.4313066e-05,0.0011578087,0.000877548,0.0033163743,0.00058502366,0.0007205751,-0.00013143479,0.004931303,0.0014332578,0.0020866056,0.0008826184,0.0014332578,0.0018216314,-0.000922787,0.0012369611,-0.00025124487,0.0011967228,0.0020540766,0.00043631636
2018-04-30,0.00033030365,-0.0022966226,0.000457103,-0.0009605826,0.0018788992,-0.00012234939,0.00028934618,0.00039871997,0.0021673979,2.3101646e-05,0.005316368,0.000101634185,2.3101646e-05,0.00039565496,-0.0015152012,0.0022011404,0.001678208,0.0008356433,0.0022341933,0.0016269195
2018-05-01,0.0034703487,-0.003205912,0.00073595886,-0.0006868119,0.0023886971,0.0005674075,0.0010861453,5.4050044e-05,0.0012513129,0.0017107427,0.0020325154,0.0018373993,0.0017107427,0.0007511089,7.935505e-06,0.0014944519,0.0005954731,0.00038581475,0.0018935107,0.0006966711
2018-05-02,0.0015653154,-0.001447266,0.0009122777,0.00019335633,0.0028525454,0.0007609715,0.00018751172,0.0005031552,0.00075825036,0.0012790642,0.0006663383,0.001356748,0.0012790642,0.0021955506,-0.0018780143,0.0014305855,0.0022833645,0.0020490335,0.0037671747,0.0010687398
2018-05-03,0.0007106658,-0.0003867377,0.0010180532,0.0005331208,0.0013885387,-0.0018485639,0.002679352,0.0,0.0007969349,0.0022006137,0.0006262629,0.0018245481,0.0022006137,0.00054373854,0.00049022934,0.0012307245,0.0009927654,0.0010159394,0.0038926413,0.0
2018-05-04,0.0021931361,0.0012348861,0.0003670957,-8.6611864e-05,0.0010256,0.0030535194,0.0010077488,-0.00052950205,0.0007784081,0.00019895913,-0.00045556214,0.00011372725,0.00019895913,0.001291559,0.00044267654,0.001306598,0.002170108,0.00075365504,0.0006271032,0.0
2018-05-07,0.00077511976,0.002091175,0.0009734896,-0.00076356955,0.000926834,0.0015941211,0.0014847468,0.001572898,0.001880128,-0.002252012,0.0034751457,0.0004079342,-0.002252012,0.0017526152,-0.0006289531,0.0012819485,0.0012690299,0.001411981,0.0007073899,0.0015353037
2018-05-08,-0.00032607254,0.0010171733,0.0012609749,-9.901822e-05,-0.0009995039,0.001589584,0.0008616345,0.0023978802,0.000675971,-0.0022789326,0.001665319,0.002005858,-0.0022789326,0.0014640823,0.0013338277,-0.0002506128,-3.9046703e-05,0.0009816372,0.000529735,-0.00060932967
2018-05-09,0.0016473769,0.002771703,0.0013204595,-0.00036434398,-0.0005399034,0.0026986096,0.0021535647,0.0015500647,0.0004483154,0.0011269792,0.0,0.0006690361,0.0011269792,0.0010836541,0.0012930292,0.00027112226,0.003573192,0.001964561,0.0010637674,0.00090115354
2018-05-10,0.0011068226,0.00085442857,0.0008702882,6.2019103e-06,-0.00080378546,0.0014375105,0.0010399004,0.00079835777,0.0017954354,0.00085144443,-0.00053324667,0.0023791762,0.00085144443,0.0009778423,0.0018108321,0.00016684414,0.0009836284,0.0012075718,0.0013771564,0.0025646824
2018-05-11,0.006339262,0.0034698567,-9.144442e-06,0.00023432901,0.0015887055,0.0019941817,0.00071892806,0.0015627827,-0.0002553877,0.0018043432,0.0006149588,9.737025e-05,0.0018043432,0.0013574737,0.0015406752,0.0,0.002013033,0.000972125,0.0013232679,0.0018156306
2018-05-14,0.0026866405,0.0021930048,0.00015917754,-3.8453098e-05,0.0006627612,0.004396399,0.001487192,0.0010347909,0.0011254542,0.0008976043,-0.002423751,0.001603231,0.0008976043,0.0017059686,0.0024916227,0.00033551967,0.0010605141,0.0026575879,0.0013217789,0.0022908957
2018-05-15,0.0015786483,-2.471223e-05,-0.00035858757,0.0013210262,0.0019959544,0.0016473238,0.0012917096,0.001346059,0.00093345623,0.0008825701,0.0004744364,0.005283617,0.0008825701,0.0012447403,0.002454936,-0.001065085,0.0045090658,0.0030366278,0.001255808,0.002130768
2018-05-16,0.0022776101,0.00017798769,0.00036080246,0.0006751157,0.005811173,0.0015073261,0.0019237251,0.00014288574,0.0016122509,0.0013805819,0.0010887155,0.0014736934,0.0013805819,0.0005455287,0.002715363,0.00036042384,0.0015826164,0.0015576275,0.0012933561,0.0011729995
2018-05-17,0.0039815335,-0.00020766661,0.00070615346,-0.00015394788,0.009241665,0.0028203975,0.0010587551,0.0013253234,0.0028323606,0.0025049595,0.00050560985,0.00074990396,0.0025049595,0.00045013858,0.0034596578,0.00019590223,0.0005198826,0.0037538414,0.00067733496,0.0010653761
2018-05-18,0.0009958326,0.0016772934,0.00054345356,0.00068305904,0.0054664994,0.0033367681,0.0013875177,0.002144579,0.0029222309,0.00025631287,0.0010320334,0.0017531535,0.00025631287,0.0012492085,0.0035407643,-0.000272657,0.0022416224,0.0013618775,0.0014295871,0.00042757977
2018-05-21,0.00068467576,0.00024871604,0.0,0.0002455295,0.0072205337,0.0018821523,0.0013117326,0.0023881479,0.0030489522,-0.0018242866,0.0030503287,0.0009692571,-0.0018242866,0.0013765497,0.004885346,-1.3344843e-05,0.0,0.0004794235,0.00097650394,-0.0026060017
2018-05-22,0.0011945205,0.0027127208,6.953969e-05,0.00024055163,0.0042776708,0.004288472,0.0012671958,0.0042614043,0.0013853074,0.0009826658,0.0023415717,0.002194789,0.0009826658,0.002938136,0.002389759,0.00028964714,0.002426519,0.001116107,-5.2449177e-05,0.0018409087
2018-05-23,0.00040978706,0.003578439,0.0,-0.0012260773,0.0024727152,0.001837748,0.00025235786,0.0030612652,0.00095867406,0.00064512074,0.0018132206,0.0010958354,0.00064512074,0.0015654599,0.0012817164,0.0015271034,0.0009716987,0.0010966911,0.0013795692,-0.0028597354
2018-05-24,0.0010209953,0.0014994108,-0.0022309849,0.0010879464,-6.4310094e-05,0.004931903,0.0015580273,0.0029821978,0.0015915554,0.0020627582,-0.0002648818,0.0021538853,0.0020627582,0.0018308676,0.0019399959,0.0013854936,0.0009986409,0.0012517698,0.0013443191,-0.00068514113
2018-05-25,-0.0001650614,0.00079148245,-0.002747628,0.0014747459,0.0023264256,0.0024737816,0.0015323686,0.0023253816,0.0,0.0015877178,0.00045273447,0.0018660857,0.0015877178,0.0021276798,0.0,0.0017710989,0.0013019458,0.0024607193,0.0021162466,0.002132189
2018-05-28,0.0019917176,0.0014909437,-0.0017251791,0.002655872,-0.0007460295,-0.0018161393,0.003571788,0.005077638,0.00023538177,-0.006032718,0.0005478872,-0.0005152645,0.0010912452,0.0015015318,0.00123276,0.0037323001,3.7530106e-05,-4.765036e-06,0.00036723216,0.00039643285
2018-05-29,0.002917935,0.00061540114,0.002360722,0.0023327686,0.0007306746,0.0012112916,0.0030158046,0.0076791295,0.0051210616,0.00063316105,0.0013386165,-0.0010754366,0.0008405603,0.016330045,0.000518673,0.0069849533,0.0013211286,-0.0007101036,0.002163384,0.00037637728
2018-05-30,0.0049667265,0.0031026646,0.00071286334,0.0017174343,0.0013942594,0.003139902,0.0008204916,8.961483e-06,0.003821105,-0.0022025805,-0.0005647528,0.0,0.0011993427,0.005506618,0.00044018615,0.00063164905,0.004181229,0.00032887046,0.0014962311,-0.0007464875
2018-05-31,0.0037675714,0.0013551044,-8.591313e-05,0.0,0.006271175,0.0017267705,0.0013693977,0.0038940795,0.0060228505,-0.013792358,-1.1900571e-05,0.001606714,0.0029046778,0.0012608093,0.0007505437,-4.1820644e-05,0.0022246582,0.0014787803,0.0015302938,-0.0015085591
2018-06-01,0.006060146,0.00040035363,-0.006062578,0.0053069945,0.005757572,0.00042192088,0.00015909065,0.0010205117,-0.0009780297,9.900573e-05,0.00028099853,0.004394327,0.00066431833,0.0002954293,0.0017541703,-0.004005123,0.0022842302,0.0011398045,1.0503045e-06,0.0038720604
2018-06-04,0.002739143,0.00043302335,-0.01337509,0.0007984761,0.0051853643,0.0033555615,0.0,0.006106947,-0.0038995831,-0.0025474352,0.001738434,0.0017275894,0.0014982861,0.0011164803,0.003620987,-0.0020233837,0.002524632,-0.00050052546,0.001469161,0.0002013102
2018-06-05,0.0010238792,0.0026861827,-0.034716893,0.0024302837,0.0016756951,0.0063088727,-0.0005114423,0.004136387,0.0031560932,-0.027263105,0.0015679196,0.0017295212,0.00228498,-0.0044251136,0.003598962,-0.003698483,0.00093186455,0.00085231813,0.0014869089,-0.000364849
2018-06-06,0.0003219893,0.002652974,-0.039950836,0.0011029126,0.0020726488,0.0017109464,0.00077652856,0.001072621,0.0012347297,0.00029490204,0.0,0.0011922044,0.0015630928,0.0008689885,0.0007327417,-0.0051152655,0.0009297444,0.0009864554,-0.00018047329,-0.00071784115
2018-06-07,0.00024736178,0.00023695953,-0.048144683,0.0032059748,-0.00068391,-0.0008827943,0.0,0.007216575,0.0011018963,-0.003946934,-0.0007053888,0.0002421049,0.0027627689,0.00013771333,0.0017172388,-0.0007923855,0.0012295578,0.0012920912,0.0003368743,0.0012558124
2018-06-08,0.00017232711,0.0014382121,0.0023805306,0.0014554509,0.0007977559,-0.005702253,1.0388318e-05,0.009646738,0.0015454554,-0.003477011,-0.004031248,0.0011230082,-6.547711e-05,0.001482786,0.0006340778,-0.0014517986,0.0012332967,0.0006071348,0.000569655,0.0010168132
2018-06-11,0.00021887406,0.0020371063,-0.047501635,-0.0007559409,0.0007342609,0.00036137723,0.0019527493,0.028354242,0.0068274206,-0.0017560334,-0.0042882157,0.00032979794,0.0001399136,0.0011403308,0.002147588,-0.0009873131,0.002158406,0.00087327894,0.0,-0.0008335057
2018-06-12,0.0015105443,0.0043279934,0.0005262333,0.0002257769,0.0011913937,0.0029787982,0.00061644375,0.0007829479,0.001583553,-0.00078336673,0.00047854823,0.0016546341,0.0039219917,0.0,0.0006942925,-0.0003021978,0.0017951997,0.0014808387,0.00061115704,0.0022011842
2018-06-13,0.0020987017,0.002125927,0.0011675728,0.00041405982,0.00020876084,0.0007662015,0.002489842,0.0057592676,0.0005173144,0.002318879,0.00012645834,1.0752978e-05,0.0022742664,0.0018477065,0.0011010757,0.00089874055,0.0016509742,0.0014896112,0.0010294612,0.0045734323
2018-06-14,0.0018878574,0.0007506295,-0.0001978041,0.004754682,-0.0012566814,0.0022810833,2.465912e-05,0.0021274653,0.0010407026,-0.002304409,0.0013301403,0.0005606475,8.642839e-05,0.00018761671,0.0016021803,-0.0061579114,0.0017282862,0.0049592275,0.0026585197,0.0013369615
2018-06-15,0.0028733693,-0.00011353282,0.016622217,0.00048571324,-0.00010792362,0.00058567955,1.4236474e-05,-0.00078756904,0.000887247,0.00031876063,0.0011730121,0.00078289123,-0.0009570206,0.009611595,0.0005733436,0.00035774917,0.0010101574,0.0020904203,0.0003108507,0.0026946317
2018-06-18,0.0026515967,0.0010595798,0.028342376,0.00071127916,-0.00016885778,0.0008006454,0.0016925732,0.0017498406,0.001290512,-0.0023440693,0.0029253447,0.0012095264,-0.00019443358,0.0014562701,0.00085078983,0.0028125413,0.0016913889,0.0023930233,0.0010989427,0.0017928327
2018-06-19,0.0025489607,0.00037276198,0.016783029,0.002184884,0.000859599,0.00028635855,0.00013473044,0.00065393135,0.0074100154,-0.0031547965,0.0032913862,0.0009125673,0.0022185934,0.00019732396,0.0010284528,0.0066098385,0.0018370374,0.0015127223,0.0014405358,0.0012499258
2018-06-20,0.006390263,-0.0010354532,0.0006156665,0.0018371523,-0.0002262428,-0.0019024415,7.378965e-05,0.0004596106,0.003277303,-0.014019597,0.001237858,0.00050212775,0.0013457937,0.004097392,5.0924442e-05,-0.00013181358,0.0018369124,0.001432389,0.0010682404,-0.000120648925
2018-06-21,0.0027331582,0.00061954383,0.010760569,0.00298823,-0.004321022,0.0012205301,0.0017599617,0.005099834,0.0033999202,-0.003923432,7.26271e-05,0.0022901846,0.0014472038,0.0070195934,0.0012544157,0.001916631,0.0018152505,0.0007184529,0.00084912224,0.0005978205
2018-06-22,0.009849739,0.00058415515,0.0018626397,0.0016255431,0.0017567636,0.0009340519,0.001837718,0.0005225523,0.0022164688,0.00064256287,0.0006066346,0.00073583913,0.0021999786,0.000824504,0.0008430193,0.01228015,0.0015901339,0.00054817117,0.0011999768,0.0005270579
2018-06-25,0.004767242,-0.0016656095,0.0015100552,0.0010653869,-0.0009330984,4.359861e-05,0.0010857431,0.0010729816,0.0036214401,-0.006166191,0.0007315025,0.0008809525,0.0008768596,0.0016053254,0.0013045411,0.0037488958,0.0009664042,0.0004981281,0.00060623855,0.0044828327
2018-06-26,0.0028095387,0.0014021781,0.005450705,0.0019025827,0.0017522793,-0.0007278894,0.0018721815,0.00095624616,0.0069830446,-0.009015092,-0.0001405076,0.0016137972,0.0,0.016298948,0.0013699927,0.0034024895,0.0021116922,0.0,0.00042993223,0.0059253187
2018-06-27,-1.31278775e-05,0.0003759367,0.003874548,0.0020853428,-0.0047853948,0.00033828212,0.0013792774,-0.0010607294,0.0015613979,-0.00101107,-8.086626e-05,0.0006839317,0.0,0.0011802157,0.0,0.0006891147,0.0036398724,0.0014595486,0.0014815537,0.0013246756
2018-06-28,0.001008136,0.0014518907,-0.00016850575,0.0031686174,0.0,0.006922661,0.0012112373,0.003258725,0.0031860739,0.00029490044,0.00053439126,3.733933e-05,-0.00021300535,0.0003790643,0.0005153505,-0.00050608703,0.0010277337,0.0017222792,0.0006319106,0.0058041667
2018-06-29,0.0006496758,0.0007154849,0.0037272635,0.0017737474,0.00033372766,0.01811765,0.0010859588,-0.001351526,0.00043407516,0.0011584829,0.00024513635,0.0005037148,0.00095610257,0.0021983956,0.0,0.0030488756,0.003211588,0.0019317671,0.0005707373,0.0027801576
2018-07-02,0.0035140312,0.0025737397,-0.0003638746,0.0015827367,0.0011717937,0.015345396,0.002618191,7.219356e-05,0.00021795902,0.012159019,0.0015079682,0.00032126467,0.0005839082,0.00085538917,0.00018315676,0.009124781,0.001845798,0.0018462279,0.0006502592,0.0021975094
2018-07-03,0.0012491943,0.0010316527,0.003197317,0.0042523667,7.225618e-05,0.009450935,0.0012655919,-0.0002829822,0.0018435813,0.0069797747,0.00086826645,-9.945126e-05,0.0009353137,0.00031831127,0.0017282243,0.0044261124,0.0011719802,0.0020850282,0.00027362903,-0.00057059474
2018-07-04,-1.1709954e-05,0.0008521459,-0.0056069046,0.001885421,-0.0009539776,0.0019144807,0.0,0.00088440854,0.0013436282,0.0025733004,0.0,-0.00069519115,0.0013332973,-4.1692092e-05,0.0010313211,0.0017166662,0.0099261915,0.0014860526,0.00050072663,0.0011322055
2018-07-05,0.0,0.0008731909,0.0005366602,0.0014323962,0.004367515,0.008032057,0.0014081688,0.00047088962,0.0011899818,0.0022440457,0.00047101156,0.0,0.0019360845,0.0055245096,0.0011200221,0.0018715017,0.0033093782,0.0011872287,0.0017809941,0.005521471
2018-07-06,0.002508727,0.00055478135,0.0002715249,0.00012055785,0.0018499927,0.0046202433,0.0023328403,0.0007946969,0.00071840314,0.0,0.0,0.00063000026,0.00049447804,0.00420813,0.0011780261,0.006629849,0.0025045678,0.0011162116,0.001979852,-5.312928e-05
2018-07-09,-0.00035773756,0.0007270001,0.00013004782,-0.0005660232,0.004097939,0.0017846753,0.0012239763,1.1817862e-05,0.00031640675,0.00053448294,0.0004404702,-0.0001654981,0.00066153525,0.00068334123,0.0011631403,0.0017014128,0.0010733871,0.0,0.0022402718,0.0003107597
2018-07-10,0.00015591343,0.0013587843,0.00030027263,-0.0056159277,0.0012944712,1.681402e-05,0.0025612067,-0.00021847864,0.0002955358,3.963591e-05,0.00017263179,0.0,0.0023820472,0.0028000618,0.0031950555,0.009854575,0.0007524024,0.0004925794,0.0020917323,0.0006161919
2018-07-11,0.00038278624,0.0013739693,-0.000834028,-0.0012023529,0.0011422711,-0.005034553,0.0014752281,0.00032905728,0.0043112044,0.0013103604,0.0019487245,-0.0004914769,0.0066040335,0.010021731,0.002987883,0.007554699,-4.117496e-05,0.0009827047,0.00068093993,-0.0004664714
2018-07-12,-0.00019025966,0.00088006136,0.0005726635,0.00068619975,0.0014426819,0.00042026542,0.0023915265,0.0013982363,0.006136141,0.0018879024,-0.00030226834,-0.00025643985,0.0049059913,0.002787023,0.00087199296,0.018740686,-5.2672098e-05,0.0012906521,0.0014365665,0.0
2018-07-13,0.00012719043,-0.00017187781,0.0021965606,-0.0011412909,0.0010379773,0.00073018845,0.00065013056,0.002674949,0.0022895401,0.00035183184,0.00066157477,-0.00040152977,0.003918423,0.012288189,0.0017910412,-0.0019410407,0.0009851648,0.0011179639,0.0011845789,0.0020851025
2018-07-16,-0.011480737,0.001178643,0.00077135186,-8.9302164e-05,0.00055646175,-0.0020670665,0.004534801,0.0,0.005092273,0.0003850102,-0.003211366,0.00053455104,0.0053127953,0.0016154273,0.0014406717,0.0,0.0019810305,0.0015249186,0.002652158,0.0015542331
2018-07-17,-0.00044664086,0.001836555,0.001821849,-0.0011270597,0.0007513466,0.0003785724,0.00047370308,0.0030791212,0.005061383,0.007253415,-0.00031415038,-0.0021496299,0.0027067168,5.8781585e-05,0.00052725937,0.008195165,0.0042926515,0.00042296966,0.0017536662,0.0027337885
2018-07-18,0.0005879216,-2.4823888e-05,-0.0028432894,0.0,0.0009059713,7.132007e-05,0.00051059376,0.009169103,0.0022156504,0.009123575,0.0,0.0,0.002160497,0.002667484,0.00083149056,0.0013341955,0.00493506,0.0008525761,0.0018117718,0.0036637166
2018-07-19,0.0,0.0004070146,-0.0016099229,-0.0005366879,0.00054476,0.003927381,0.0004727845,-0.00033342294,0.00041450743,0.0008118421,-0.0013334736,-0.00028708475,0.0010986545,0.0034777916,-4.7159414e-05,0.0021321217,0.0018493012,0.0013766965,0.0011339822,0.00068892573
2018-07-20,0.0006576851,0.0011785455,0.0006431607,-0.0003368671,0.0008713789,0.01229906,0.001117675,0.005263313,-0.00015653689,0.0030142204,0.0003452089,-0.0009150892,0.0007513349,-0.00015448975,0.0012035277,0.006484401,0.0024816205,0.00025394655,0.0019115111,0.00248815
2018-07-23,0.0029130813,0.0009868444,0.0008065292,-0.00044724823,0.0006750232,0.0109342,0.0001890001,0.001900698,0.0058067385,0.0084848665,0.0,0.0018671998,0.0016613221,0.0009376472,0.0017888645,0.0015631435,0.000928463,0.0008994279,0.0,0.0033853762
2018-07-24,0.0017783223,0.0021459314,0.00068822847,0.001279345,0.0010339054,0.006510534,0.0035624262,0.0033967388,-0.00037823932,0.026967328,5.2631494e-05,0.001173232,-0.0002152307,0.0017110684,0.0017021968,0.0015925126,0.00045690057,0.0004940459,0.00047722913,0.003059751
2018-07-25,0.0002944937,0.0032167293,0.0013509854,-0.00040405904,0.00057478057,0.00490573,0.0030661477,5.7370078e-05,0.0006779974,-0.0037028135,0.0009473376,0.00082951103,-0.0013392178,0.00030173693,0.0015032154,0.0036793535,-0.0010825128,0.0012109653,0.00089923205,0.0035112367
2018-07-26,0.0017365254,0.0018555146,-0.0005308964,-0.00092518516,0.0011148496,0.003152235,0.0015106646,0.009533423,0.0004515147,0.0005053079,0.0010426216,6.825881e-05,8.203982e-05,0.001654038,0.0014656238,0.0019448852,0.001195662,0.00052994146,0.001642341,0.0058174273
2018-07-27,0.0024698297,0.0011320628,0.00042819334,-0.0020133469,0.0015371569,0.0026737698,0.0014461114,0.0021119118,0.0022716497,-0.00036672803,0.0012893045,0.001158989,0.0015713318,0.006848184,1.1162436e-05,0.0039496184,0.002151919,0.0014786588,0.00083778054,0.0027080318
2018-07-30,0.0019240481,-0.0013346305,0.0013479284,-0.00069071195,0.0006590291,0.0010652078,0.0026695118,0.0011763806,0.0010196102,-0.0005641094,0.0016490271,0.00086107926,0.0012928348,0.0019360386,0.000395499,0.00085690466,0.0017077721,0.0014318252,0.0016086772,0.00045056606
2018-07-31,0.0029337832,-0.00057748135,0.0015866222,0.00024045727,0.0016158805,0.002134033,0.0023044313,0.010375094,0.002744074,0.00016682073,0.0021898816,0.0008772614,1.3064768e-05,0.00060413044,0.0,0.0017567179,0.0009816394,0.0011785065,0.0014991828,0.00012688512
2018-08-01,0.0008787978,0.0016308378,-0.0013023983,0.00018686194,0.00045994986,-0.0007545949,0.0004200477,0.01010926,0.0029760764,0.002397361,0.0013340168,0.00017919554,0.0004419146,0.0045040166,0.0010813815,-0.01521654,0.0022916342,0.0016802864,0.0,0.0021963818
2018-08-02,0.0040084654,0.0041912626,-0.0005404895,0.0009788884,0.00062744133,0.0014559539,0.0024770233,0.0009209055,0.002389397,0.005228166,0.0012209036,2.3488981e-05,0.00068719464,0.0022883976,0.0016926706,-7.1846414e-05,0.003225998,-8.7432694e-05,-0.00012058865,0.0007935614
2018-08-03,0.002152621,0.0015153596,0.004544896,0.0,0.0024831106,0.0013676191,0.0030732648,0.0054399553,0.00021095687,0.0010517056,0.0005874876,0.000990947,0.0002334995,0.0008316889,0.0012299869,0.00097202143,0.0017518038,0.00083594286,0.0002608124,0.0011012688
2018-08-06,0.001227004,0.0006211797,0.00019527796,0.00073225255,0.004532801,0.0034956662,0.0013301612,0.0061114877,0.0,-0.0001936843,0.00020089043,0.002653521,0.0018491008,0.003659359,0.0010922406,-0.0023126162,0.001148912,0.0014558076,0.0021611194,0.00096584647
2018-08-07,0.0025488061,5.205719e-05,0.0027276652,0.0006475662,0.0035354025,0.005567434,0.00232626,-0.00038448043,0.0005708689,0.0030748802,-0.00014452304,0.0019761643,0.0032166613,0.0012400121,0.00023009659,-0.002080698,0.0033416206,0.0010178619,0.00085202255,0.0010990516
2018-08-08,0.008182203,0.001848493,0.0052776635,0.0016914547,0.0052248864,0.00031373854,0.0012292272,0.0016799907,0.00076218985,0.009786188,0.0,0.0011119782,0.0026123829,0.0027902871,0.0,-0.0022359847,0.0016940484,0.0007782656,0.00070968835,0.0052901967
2018-08-09,0.0029718564,0.0005901011,0.0022301532,0.0006382914,0.0028974407,0.0010661738,0.0010052408,0.0050607845,0.0,0.010916108,0.00017920506,0.0020987657,-0.00056031474,0.002543966,0.0013408365,-0.00090885453,0.0013774292,0.0014821329,-0.000101741454,0.0058559882
2018-08-10,0.001714974,0.00022055222,0.0010755367,0.001581745,0.0023464456,0.0031474186,0.0010615425,0.00045542305,0.0041117915,0.0016826937,-0.0020840722,0.000829976,-0.0012561707,0.00054532214,0.0010143548,-0.0060656555,0.0013330565,0.0018147419,0.00043011602,7.633987e-05
2018-08-13,0.0034093608,-0.00095464045,0.006926669,0.0014791695,0.0010957817,0.0006413771,0.0035481553,0.0075474293,0.007264657,0.0009327485,-0.0031568604,0.0010665994,0.00094697654,0.002196343,-0.00017789955,0.000417336,0.0006004171,0.0,0.0009137578,0.0013665351
2018-08-14,0.0019999451,0.0036644766,0.0069608297,0.0018953872,0.00087873224,0.0005027503,0.00088154315,0.010510791,0.006974513,0.0023396132,0.0011181871,0.0010997094,0.00030301747,0.0012099053,-0.00013236066,0.0034078597,0.0005322933,-0.0005507522,0.00072320044,0.0005652572
2018-08-15,-7.89422e-05,0.0018472553,0.0012493207,0.0009787548,0.0063366983,0.0028222061,0.0019534032,0.0052447235,0.0033887636,0.0015874556,0.0010622165,0.0,0.00022751933,-0.00016072487,0.0001576278,0.0034761692,0.00091155403,0.0017399002,0.001187816,0.0021440156
2018-08-16,0.00078709284,0.00075613713,0.0020301673,0.0018853885,0.0021357527,0.008368661,0.0011074097,0.00020588623,0.0014432229,0.0,0.00080679596,0.0,-0.0004027117,0.0,0.00041548864,0.00441793,0.0009388091,0.00061042036,0.0016133438,0.00027168932
2018-08-17,-7.743713e-05,0.0025510292,0.0018546261,0.0014153747,0.00628856,0.0032843426,0.0003873427,0.0024849833,0.002093389,-0.000644517,0.0016113209,0.00081106887,0.0019033742,0.0021891252,0.0002969762,0.0,0.0013885901,0.00040134002,0.0016493011,0.0015261561
2018-08-20,0.0010094183,0.001016146,0.0054601803,0.0017594836,0.003475887,0.009888595,0.002565512,0.0,0.0013790163,-0.00086643116,7.063361e-06,0.0010117234,0.00040838687,0.006944419,0.00025681526,0.0005911429,0.00049434946,0.0008591633,0.0015738787,0.00043415237
2018-08-21,0.001227949,0.00012981099,0.009637479,0.001558443,0.0015892333,0.012284486,0.001866728,0.000669257,0.0034668408,0.002054406,0.0025285713,8.762292e-05,0.0025779316,0.0033999868,1.3581318e-05,0.0011820685,0.00037378902,0.0012769982,0.0020804324,0.0013727861
2018-08-22,-0.0005554843,-0.00015000945,0.0035545698,0.0,0.0036939075,0.005531715,0.0024476568,0.003254283,0.004521706,0.0038750325,0.0014526432,-3.800268e-05,0.00041166335,0.007044061,0.0006990794,0.0019101123,0.0007370221,0.0013842674,0.0018396762,0.00094725855
2018-08-23,-0.0006263234,-0.0014966857,0.004425934,0.00091060624,0.00459201,0.003654296,0.0010323706,0.0019913614,0.003402124,0.00036291505,0.0006482347,0.0011309243,0.000385547,0.0012905226,0.0006866832,0.00093605695,0.0014396895,0.0013369756,0.0012906832,0.0021936984
2018-08-24,0.005294894,-0.006877381,0.005355694,0.004265359,0.0056572133,0.0025215368,0.0026584142,0.0022001972,0.0009699508,1.3880046e-05,0.0009856223,0.0038117922,0.0008308785,0.004985199,0.0018135408,0.0009077128,0.0028347762,0.0013526668,0.0021993003,0.0038478936
2018-08-27,0.00028707966,5.348399e-05,0.0026751666,0.0038344027,0.0015478126,0.0015650681,0.0040091695,-0.00024642958,0.001084017,0.00051445724,0.0015591277,0.00029474706,0.0012874135,0.0010277953,0.00057267677,0.0044690445,0.0028833624,0.00022681063,-0.00033812204,0.0032617566
2018-08-28,-0.0015327804,0.0004905412,0.0054092007,-0.00093680504,0.0019525752,0.00065935345,0.0033472439,0.0,0.0007763514,0.00129008,0.0011594609,-0.00038489827,0.0021092326,0.0011326451,0.00043608074,0.0008580109,0.0010411674,0.0003525594,0.004362305,0.00058070314
2018-08-29,0.00014625586,0.0020920949,0.0013656573,-6.1686456e-05,-0.00076438184,0.0010921911,0.002738571,0.0029790138,0.000913609,0.002931787,-0.00010119001,-0.0014927236,0.0012762758,0.010236798,0.0031752673,0.0021739218,0.005082983,0.0010708024,0.0018089624,0.004563208
2018-08-30,0.0,0.0021945015,0.0009552919,0.00067502534,0.001138593,0.005501622,0.0008500714,0.0022306703,5.5450608e-05,0.0027648995,0.00037085166,0.00035762158,0.00038557494,0.0011148981,0.004225574,0.0025136156,0.0010516631,0.0008602278,0.008359913,0.003924045
2018-08-31,0.002191195,0.0018191427,0.00148545,-0.0010993724,-0.0048130946,0.004947641,0.0016685892,0.0037647865,0.0012289673,0.0031658297,0.00019530451,0.007852876,0.0011947347,0.0018339651,0.0016967971,0.0013794284,0.00087954063,-0.0007834748,0.0024632171,0.001019281
2018-09-03,0.0,0.004345081,0.0057739145,-0.00015401529,-0.0024513486,0.004383111,0.0041475142,1.1232736e-05,0.0019091658,0.0026842153,-0.00093474664,0.0071495185,0.0011599177,0.010750573,0.0013274179,0.002242208,0.0007006548,0.0007185546,0.0062772348,0.0014373659
2018-09-04,0.0009996031,0.0018204451,0.0020038802,0.00012808188,0.0008037177,0.006040998,0.0013389059,0.0044948915,0.00091561617,0.0024961492,0.0028521614,0.001822601,-0.00018054995,0.0075688083,0.0032064456,0.0024251847,0.0022611958,0.005407485,0.012564404,0.0015567939
2018-09-05,-0.0002866728,0.002053991,0.00038687285,0.0063124704,-0.00025775336,3.880151e-06,0.0020221006,0.0023550198,0.0001475846,0.0014016961,0.0016770887,0.00090869714,-0.000507944,0.0018735677,0.0021920642,0.0021864942,0.0013561067,0.0027060425,0.00046939572,0.00067653006
2018-09-06,0.0024919452,0.002993087,0.00084117963,-7.665472e-06,-0.001746226,0.0005888869,0.0025559706,0.0012632922,0.0010171721,0.0047166455,0.00068347645,0.0037006405,0.0012483102,0.008954392,0.0012781487,0.0021707304,0.0011942522,0.0014619727,0.00030460674,0.002477458
2018-09-07,0.0008526589,0.0005325492,-0.0007758646,0.0017433817,-0.0041908454,0.00045060422,0.002288405,0.0001588376,-0.0003026262,0.002721568,0.0001441543,0.0008720919,0.00050279056,0.0018763398,0.001668392,0.0026697828,0.0024209714,0.0015395265,0.0005437781,0.004270599
2018-09-10,0.0033780185,0.00217305,-0.009246451,0.0009635708,-0.0009211606,0.00076912716,0.0013505339,0.0008446134,-5.3912212e-05,0.00021749706,-0.0004103485,0.012363715,0.0030698536,0.0019269302,0.0012601896,0.0033932114,0.0003279682,0.0016630203,0.0011432549,0.001941916
2018-09-11,0.0,0.00088432146,-0.0024518773,0.0008813784,-0.006239874,0.00081622094,0.0009249421,0.0012002337,-0.00039530217,0.0018390986,0.0,0.001106483,0.0013953797,0.0019640846,0.0004815419,0.0042495183,0.0012467522,0.0013212693,0.00240461,0.00048506304
2018-09-12,0.0018384029,0.001675801,0.00019134615,1.6279895e-06,0.0009879568,0.0029010763,0.002805196,0.001752609,0.0015526272,0.0022799706,-0.0005932342,0.00062006473,0.0010693223,0.003196488,0.0017813368,0.0013513336,0.00011309397,0.0018456685,0.0026251648,0.00031424765
2018-09-13,0.0036145134,0.00059634855,-2.382278e-05,-0.0029746506,0.0008415049,0.002398035,-0.0007020033,0.0013475922,0.0013477439,0.0017112913,0.00337194,-0.00055197335,0.0006277971,0.003854313,0.002154863,0.0012808717,0.0012032784,0.0028310055,0.0033850898,0.0021560425
2018-09-14,0.0009921566,0.0007493862,0.0008857423,-0.0039165174,0.0025912696,0.0010250084,-0.0005651946,0.0023926194,0.0009121384,0.00016528676,0.00085581356,0.00052587717,0.001098198,0.01210509,0.0014373803,0.0020997515,0.0008567646,0.0019413371,2.5002757e-05,0.0016782422
2018-09-17,0.0013990811,0.00025485764,0.008579778,-0.0005055511,0.0025516262,0.0004787169,0.0006334227,0.002714716,-0.0005511869,0.00015387169,0.0010078559,-0.0005706173,0.00083117525,0.007753518,0.0021502585,0.0016714942,0.00028131375,0.00048233452,0.0013754587,-0.0004877518
2018-09-18,0.00092959433,0.0010609154,0.0028664286,-0.0008400848,0.0032737262,0.0015538243,0.0012973604,0.0083465045,0.00018386185,-0.0020146263,0.004053043,-0.00084917666,0.00042786132,0.00059362716,0.0014381803,0.0013476365,0.00042047072,0.0013706367,0.0010806299,0.0015875477
2018-09-19,0.0029051832,0.0011518518,0.0011080554,0.00011042065,0.008698226,0.0028902772,0.002995802,0.0069833472,0.0007012287,9.026505e-05,0.0018625242,-0.0016331351,0.0016755401,0.001334233,0.00035986418,0.0010443067,0.00062985613,0.0013014461,0.00042037404,0.0010115125
2018-09-20,0.004273205,0.00090874213,0.0011800907,-0.00020616576,0.0077448827,0.0012320803,0.0041913316,0.0030332373,0.0011114029,0.00081439555,0.0012848872,0.001913543,0.0006845561,-9.826491e-05,0.004692004,0.00036014436,0.00038878497,0.0012040299,0.00234505,0.0016398506
2018-09-21,0.0055337553,0.0016197314,-0.0056273644,0.0010945491,0.0077306437,0.002546109,0.0022876442,0.0037858877,0.0006179312,0.0014198587,0.0025845855,0.004705582,0.0008638062,0.002199212,0.0043362905,0.00011348531,0.0011103314,6.023965e-05,0.0008622701,0.004373959
2018-09-24,0.0013765802,0.0021680715,0.0012146379,0.0002709996,0.0012887414,0.0011821698,0.0024156692,0.0018388024,-0.0013311218,0.0021529717,0.0013199891,0.001587101,0.0015790527,0.0052521243,0.0005335217,0.0013311125,0.0021772208,0.0011942212,-0.0003556105,0.00013434472
2018-09-25,0.0019593395,0.0015479802,0.00150253,0.0011881526,0.0018383514,0.0027150814,0.0041721035,0.0018321717,0.00090127275,0.0020570587,0.0006173092,0.0026201084,0.0015796436,0.0018810706,0.0016024683,0.0012712165,0.002415876,0.0013990944,0.0,0.00095794385
2018-09-26,0.0037023986,0.0019548407,0.0021567591,0.0052206065,0.014327325,0.0018197784,0.00024620144,0.0012976937,-0.0020448158,0.004192725,0.00331503,0.00184023,0.002677162,-0.0005026892,0.001363207,0.001250652,0.002383668,0.0027003756,0.002693319,0.00011191859
2018-09-27,0.0009821944,0.0020658674,0.0021976319,0.0044832076,0.004980552,0.0016051645,0.0010980484,0.0028821838,-0.0004669923,0.0023257649,0.002329164,0.002099687,0.001844098,0.00088474347,0.0003852521,0.0011600613,0.0015770381,0.0018754151,0.0076605086,0.001773561
2018-09-28,-0.0010719869,0.0015993236,0.0006755232,0.0036640114,0.011075683,0.0018368718,0.0009609422,0.0011685351,0.00034403848,0.0018691838,0.0020613042,0.005576033,0.0013886805,0.0028211812,0.0013696084,0.0009465939,0.0004188169,0.0007803381,0.0037879397,0.00096937316
2018-10-01,0.00021464813,0.003793714,-0.001502574,0.0024152258,0.0017166798,0.0005318315,0.0033283662,0.0012573957,-0.0026133915,0.0006826671,0.0017604885,0.0015229592,0.00010816353,0.0013805685,0.0021206492,0.0003025646,0.0,0.0010114767,0.0015763805,0.0026456069
2018-10-02,0.0019237265,0.0012601339,0.0037719335,0.0006625212,0.0014995212,0.0006686812,0.00066460273,0.002989578,0.0010110735,0.0024038318,0.0029123502,0.0004252625,0.00017194671,0.0020886136,0.00094846066,-0.0001482121,4.3703927e-05,0.00092175987,0.0023834924,0.0012085579
2018-10-03,0.001208392,0.002572163,0.0004576546,0.0018998586,0.0012044861,0.0005378737,0.0026783766,0.0049387803,0.0013141156,0.0010049763,0.0012915737,0.00086142746,0.00025987314,0.003640744,-0.0005567023,0.00029639291,0.0013719846,0.0009268128,0.0025022062,0.0008134752
2018-10-04,0.006450746,0.0009727399,0.0009060569,0.0002493689,0.0016236174,0.0009841536,0.0015724987,0.002330871,8.5066764e-05,0.00081982755,0.00069869275,0.0018369446,-5.044964e-05,0.002754492,-0.0002779477,0.0006900814,0.00066546054,0.0015778906,0.003958575,0.0028049126
2018-10-05,0.004274238,0.0018096903,-0.00015153408,0.0010851285,0.0035856243,-0.00036438994,0.0014173533,-3.439252e-05,0.0,0.0012346238,0.0021511351,0.0025217005,0.0015857825,0.0026572368,-0.00061849674,-0.0008084038,0.0005525277,-0.00015491762,0.0044233664,-0.00036350722
2018-10-08,0.0033957479,0.0026711654,-0.0015042654,0.0036642004,0.0010713,0.00032692807,0.0010855682,0.0052338815,0.0018412273,0.00014968758,0.00086042937,0.0011713828,0.0011370609,0.0028813777,0.0,0.00021432532,0.0009687257,0.00016636419,0.0028267312,0.00044720486
2018-10-09,0.0010494393,0.001857576,0.0016939868,0.0,0.0008005564,0.0001813881,0.001188407,0.0005723445,0.0017922631,0.0026721177,0.0010144647,0.00030779623,0.0006979325,0.004842846,0.0009782932,0.0009454187,0.0017991479,0.001016287,-0.0022061719,-0.00053512916
2018-10-10,0.0,0.0016531441,0.0026451393,0.0015598992,0.0,0.00018180598,0.0013146796,0.0021361636,0.0010374933,0.00028884198,0.0034785715,0.00057030976,0.0007755016,0.0022888426,0.0018478386,0.0021117255,0.00076436653,0.00083046855,0.0027148714,-0.0002780576
2018-10-11,-0.0010157992,0.0014289896,0.0063574687,0.0015245646,0.0027564347,0.00028626173,0.0030760597,0.00346371,0.00134802,0.0015613963,0.0029186662,0.0016420595,0.0003002207,0.00050452823,0.0012084064,0.0007359019,0.0015929118,0.0010728124,0.0032503358,0.0010667732
2018-10-12,0.0006679457,0.0010211391,0.009312125,0.004749508,0.0007219109,0.00019049984,0.0035818124,0.003232985,0.0019646783,0.0010196313,0.0023789792,0.0028702384,0.0004715215,0.0021975504,0.0015827485,-0.00028357413,0.0015047995,-0.0011114107,0.0016587015,0.003891477
2018-10-15,0.0050516427,-9.260226e-05,0.005357273,0.0013370182,-0.0029037788,0.00096064294,0.0014310767,0.000671104,0.0012281447,0.0005425322,0.00070713216,0.0027595407,0.0010702885,0.0033812774,0.0015373167,-2.5596539e-05,0.0004932256,0.0,-0.00096202386,0.0020852704
2018-10-16,0.0062539433,0.0002720878,0.0020445422,0.0,0.00021908694,0.00032993,0.00083788537,0.0017088982,0.00060470804,-0.00027984887,-0.00011009338,0.0021082798,0.00088664127,0.0032140175,0.0011818643,0.0014405895,0.00071880256,3.6174275e-05,0.0,0.0016824476
2018-10-17,0.0016185647,0.0014097266,0.0042600213,0.00092468737,0.0011827638,0.0023429235,0.0011835594,0.0009446339,0.0011558787,-0.0018419542,0.0,0.0023050124,0.0003465928,0.0014826235,0.00096559327,0.00021367117,0.0006242082,0.0006412936,0.0002856919,0.0024975874
2018-10-18,0.004214503,0.00016695121,0.01260618,0.00015158282,0.0010669269,0.0018985363,0.0013853223,0.0026674375,0.0014461867,0.00046872758,-0.0007054192,0.0013144261,0.0009314299,0.0024254387,0.00028415254,0.0011790164,0.0006867898,0.00084361684,-0.0016886751,0.0009044374
2018-10-19,0.0050193546,-0.0002653853,0.0009592978,0.0009562947,0.0010309992,0.0008902249,0.0022129028,0.0028692556,0.00016538793,0.0036673304,-0.0027046062,0.0005324382,0.00065190037,-0.00031524478,0.00108846,0.00086025585,0.00061251497,0.0006832619,0.0025942745,0.0016041532
2018-10-22,0.004537178,-0.00106427,0.0036108345,0.0011206415,0.00044847152,0.0005298564,0.0011350457,0.00060082716,-1.8096936e-05,0.0015315715,-0.0028087092,5.539543e-05,0.0,0.00072227966,0.0017355256,0.001335313,0.0010985708,0.0012096836,0.0016647888,0.0014095084
2018-10-23,0.0038927172,0.00030113652,0.001269288,8.997009e-05,0.0007639781,-6.3455365e-05,-0.0001685299,0.0010235584,-0.00064058317,0.00047465035,0.00035493018,-0.0004616435,0.0,0.0015567113,0.0012727035,0.0019926096,0.0014985339,0.00060909474,0.00015186613,0.00082478765
2018-10-24,0.0015783003,5.1447505e-06,0.00011917457,0.0,0.002881649,0.0005259709,-0.00057616865,5.0721068e-05,0.00041362128,0.0021209451,0.0015103735,0.00031922225,0.00039262348,-0.00045952105,0.0016756608,0.0011776198,0.00075539335,0.00081175106,0.0005443685,0.000811469
2018-10-25,0.0008815103,0.0002973533,-0.0021889189,-0.00093093194,0.004498689,5.800548e-06,0.0005610533,0.00014661795,0.0,0.0035192582,0.0033869706,0.0017949304,-0.00069896504,0.0009464824,0.00013501196,0.0014704388,0.00044419363,0.0017437887,0.00034112457,0.0013483933
2018-10-26,0.0021213868,0.0011917717,-0.0019858414,-0.00049593963,0.0018649052,-0.0004350194,-0.003106638,0.00087452494,0.00081810704,0.001702923,0.000505659,0.00057275133,-0.0016890345,0.0003627014,0.0007033847,0.0032681378,0.0007078105,0.00233179,-6.877418e-05,0.0006646645
2018-10-29,0.0014392807,0.002168876,0.0030794083,-0.003153096,-9.904129e-05,0.0007499549,-0.0040763603,0.0006873119,0.002175393,0.006132704,0.0019244977,0.0017581425,-0.00040891624,0.0028527752,0.00059198047,0.00050941913,0.0014777941,0.0018456114,0.0016254021,0.0021091416
2018-10-30,0.002588599,0.0012980629,0.00095310435,0.00029007494,0.0002703193,-0.0002794763,-0.00011539696,-4.3815406e-05,7.2689465e-05,0.0018368314,0.0019084358,0.00015601507,0.001130272,0.006236638,0.0013280878,-0.0007642095,0.0023827085,0.0021768545,0.00068855734,0.0016262099
2018-10-31,0.00034495775,0.0012417501,0.000787628,0.00068626925,0.001588973,0.0016027151,0.0006994349,0.00021113348,0.0004300332,0.002058072,0.0015270575,0.0001990186,0.00014225462,0.0036554066,0.0021878958,0.000100079844,0.00053978444,0.0009682323,-0.008419597,0.00053407403
2018-11-01,0.0005545626,0.0011589089,0.0021090747,0.0013151544,8.402923e-05,0.0008296791,0.0011496233,0.0011571053,0.00029322068,0.002717958,0.0006025412,0.0028971266,0.00065610185,0.0018383807,0.0012109176,0.00029592932,0.002082319,0.0016008528,-0.0057979245,0.0011934758
2018-11-02,-0.00042914442,0.001673449,-0.0034392544,-9.32708e-05,-0.0009829656,0.0017574661,0.0017103782,0.0006838982,-0.0050192904,0.0024289738,0.00017418103,0.0045053596,0.00024208477,0.0,0.0015651915,0.0012524197,0.0016367399,0.0018807085,-0.0057669645,-0.0013469728
2018-11-05,0.00035923172,0.0005524111,0.0002463207,0.0062820776,0.00040817668,0.0021043133,0.00095718645,0.00054170954,0.0,0.0021405623,0.0016071958,0.0009309127,0.00045725142,0.0,0.00053157215,0.00040061926,0.0016808949,0.0010860864,-0.018043349,-0.0039612073
2018-11-06,0.005280025,0.001565594,0.0013240792,0.00025186857,0.0,0.0003290923,0.0012539886,-0.0018507859,-0.0018380372,0.0015628134,0.0023956073,0.00058963476,0.0007258012,0.0007453046,0.00035087726,0.0009252775,0.00026679883,0.00013346194,-0.03203003,0.0
2018-11-07,0.0011592096,0.0021050358,0.0038918226,0.0005442897,0.0003449141,0.0017866965,0.00070747954,-0.0021533815,-0.0016758025,0.0021290383,0.0033895827,0.0020856236,0.0012212864,-0.00037520277,-0.0022756967,-0.0012748784,0.001550547,0.0007984912,0.0002221099,0.0013129143
2018-11-08,-0.0014630712,0.0016645717,0.0015297248,-0.0022763447,0.0038097461,0.00041948823,0.0012792484,-0.0002584763,0.00042208182,0.0018845883,0.0033646133,0.0011426366,0.00042749566,0.0013849216,-0.0010102552,0.00018408803,0.00021150829,0.0024099087,0.0067569,0.0013483138
2018-11-09,-6.728989e-05,0.0015656207,0.0021639545,0.00080992474,0.0056450553,0.0025515093,0.0019500763,-0.00014446961,0.0006614622,0.000570124,0.0021176352,0.00062037644,0.00016394559,0.0022506241,0.001846084,0.001961913,0.00071018504,0.0011167905,0.0099998,0.0018391366
2018-11-12,0.0005738154,0.00049825397,0.002696095,0.00023878567,0.0019437986,0.0004638944,0.0,6.854076e-05,-0.0011598092,0.0017029018,0.004219466,0.00060456514,0.00071392365,0.0021508331,0.0002980198,0.0020578688,0.0009066551,0.0014918356,0.02944332,0.0009864615
2018-11-13,0.0010141887,0.00079797546,0.0012144556,0.00010704891,-0.000436657,0.0006778096,0.0039259186,0.002052917,7.073983e-05,0.0017943403,0.0004691011,0.0020709871,0.0008018222,0.0008460896,0.0015480199,0.0009765963,0.00079060934,-0.00014847411,0.0070258803,0.002396367
2018-11-14,0.0013465926,0.0015712708,0.0021785512,0.0007843306,0.0003650939,0.00019011267,0.0062005543,0.0013987633,-0.0031769134,0.0024042255,0.0006200295,0.0016708089,0.0007661175,0.0016896942,0.0022544286,0.0009540805,0.0,0.0010557084,0.0046688025,0.0014513062
2018-11-15,0.00027952835,0.00068874104,0.0033870619,0.0006232394,0.0012333485,-0.00073577807,0.00571959,0.00034490714,0.0018573496,0.00059431966,0.0021763097,0.0011629482,0.0016552014,0.00037295689,0.0009293008,-0.00068403874,0.0010632096,0.0010375306,0.0032713017,0.0018148419
2018-11-16,0.0,0.0015679656,0.002539761,0.002244653,0.001786429,0.0016636739,0.0015621887,0.0008235889,0.00835928,0.0018230424,0.0016931124,0.0005443717,0.001363751,0.0027429156,0.0014865589,0.00041681167,0.0009768206,0.00038952264,0.00070512627,0.0044784774
2018-11-19,0.0,0.0015891325,0.0016915104,0.0012132782,0.0009557016,0.002144895,0.0049139895,0.003073154,0.0015729726,0.000584448,0.00027983764,0.002964409,0.001371272,0.0,0.00090516673,0.0012408482,0.001579434,0.0006073359,0.0,0.0018354668
2018-11-20,0.0034031055,0.0036301683,0.00043298933,0.0018449643,0.0014377658,9.005136e-07,0.0069675716,0.0008924473,0.004778676,0.00089078763,0.00090333517,0.0014025588,0.001172232,0.0003361487,0.0040332484,0.0012903078,0.00052641536,0.0011655116,-0.0013432447,0.00088420964
2018-11-21,0.0017934266,0.0007614537,0.002978421,0.002199641,0.002419064,0.0012724125,0.0011452952,0.0013787472,0.002904621,0.00068366446,0.0005526803,-0.0008997766,0.0005074564,0.0025456417,0.0024932746,0.0025545724,0.001125569,0.0028453206,0.00133941,0.0013032567
2018-11-22,-0.0007750688,0.0026733535,0.00011281543,0.00077754137,0.00025438666,-0.005217418,0.0011182515,0.0010212836,0.002980121,0.0012745417,0.0012012693,0.0,0.001306892,-0.002236576,0.0010688903,0.0010867768,-0.0014765157,-0.0030839453,0.0,0.0
2018-11-23,0.0010363823,0.0015060632,0.0019117234,-0.0005882564,0.0006197213,0.0005733024,0.00145097,-0.00012473119,0.00021601438,0.0015480033,0.0011053034,-0.0015053841,0.00026692435,-0.0033894212,-6.180901e-05,-0.00016894682,0.0012485179,4.7951464e-05,8.5325824e-05,0.016087133
2018-11-26,0.00074804673,0.00019816517,-0.006875626,-0.0015866368,0.0017107469,0.0038087503,0.0011457736,0.00045648078,0.0005776825,0.0012621398,0.0021626053,0.00040221657,0.0018991057,0.0009340591,0.0018245816,-0.0016489099,0.002160524,-8.9859524e-05,0.00014278677,0.0024823751
2018-11-27,0.0010328573,0.0007582467,0.0011101138,0.00095170486,0.0018127884,0.0061775995,-0.0028378686,0.0,0.00041142103,0.0010148063,0.0028417255,0.0014324372,0.0011589744,-2.9811044e-05,0.00452466,0.0021748296,0.0032965213,-0.0036343825,0.0020877619,0.0044161454
2018-11-28,-9.594928e-05,0.0013811511,0.0018754704,-0.0018217019,-0.00047133092,0.0029073178,-0.0045881066,-0.00011349182,-0.0004090455,0.0014083239,0.0019459791,0.0017540667,0.0011470123,-0.027402561,0.0043161525,0.0011240644,0.0027788207,-0.0008506352,0.0008378178,0.0014571482
2018-11-29,0.0021820234,0.0019313307,0.0031142512,-0.013867155,0.00050245115,0.006798768,-0.00015393742,0.0016039014,0.0021562122,0.0007030718,0.0025592688,0.001085793,0.0001506332,0.0009456269,0.00068673695,-0.0010825443,0.0028159278,0.00013883799,0.0021045993,0.002765472
2018-11-30,0.0046371454,0.0037976338,0.0009952782,0.0,-0.0011864094,0.009854081,0.0,0.0063326196,0.002430034,0.0024413492,0.0019934184,0.0029850143,-0.00017068755,-0.04074417,0.00531615,0.0013236814,-0.0004853768,0.00347188,0.0014388607,0.0008775196
2018-12-03,0.005616423,0.0004616686,0.014549693,-0.0022351395,0.0021272227,0.0030513932,0.0013029729,0.0046256627,0.0011505514,0.000949178,0.005933699,0.0026306715,0.0,-0.0060198903,0.002162489,0.0013956908,-0.00031676423,0.0033879993,0.00323198,-0.0017983781
2018-12-04,0.0,0.0011475593,0.0021340651,0.0006556413,0.0015054445,0.0049253795,0.0008676206,0.002380267,0.0019339626,0.0013327576,0.0045439946,0.006280815,-0.0010078824,-0.011494901,0.004324711,0.0029019206,0.001700796,0.0057582892,0.0021459286,0.0
2018-12-05,0.0012532497,0.0006481428,0.0007882894,0.0018667248,0.0020528808,0.004263816,0.0031157492,0.002149003,0.0035731604,0.0012057425,0.0049532307,0.004945453,0.00013751947,0.0050208317,0.004581578,0.006997358,0.0033014163,0.002794118,0.0017381172,0.001066917
2018-12-06,0.0009719423,0.0012902794,0.0011874819,0.003959493,0.0008945958,0.002062132,-0.0012629299,0.0030886752,0.0008981465,0.0015647755,0.001460224,0.00632454,0.001158735,0.0040695313,0.0029373504,0.00079359004,0.0018732955,0.0004966051,0.0015482637,0.0015226451
2018-12-07,0.0012190213,0.0013405845,0.0,0.0029985518,0.004546245,0.0,-0.00028631193,0.00277027,0.0017357394,0.0009603331,0.0014939533,0.006098623,0.0015300052,0.00068438303,0.0021982274,0.003427249,0.0013265159,-0.00041326633,0.00071910257,0.0020323622
2018-12-10,0.0015154602,0.0012921843,0.005288419,0.0037462881,0.0026619537,0.0007438438,-0.0009470385,0.00021455919,0.0004103543,0.0015825462,0.0013994153,0.0015650505,0.001862186,0.0025443884,0.0031558005,0.0014375556,0.0019783776,0.0021666829,0.0008760544,-0.0004440564
2018-12-11,0.00029834412,0.00070855406,0.0057916897,0.005318257,0.0006887096,-0.00040327717,0.00084363273,0.0023809145,-0.0007424903,0.0021299755,0.000628464,0.0005977456,0.0008692114,0.0024487048,0.00094727374,0.001704006,0.0013370833,-0.00023384001,0.002028519,0.00038700344
2018-12-12,0.000904818,0.0015334218,0.004992513,0.0013641539,0.002275259,-0.00041117935,0.001891764,0.0059712604,-8.887595e-05,0.00059053086,0.000782746,0.0014530121,0.00060081616,0.0036379965,0.002190939,0.0,0.0006683156,-0.003834066,0.0019013633,0.0015342518
2018-12-13,0.0029146024,0.0008392955,0.0065584807,0.0009024915,0.002209379,0.00052275346,-0.0012543768,0.0048013753,0.0013699176,0.001654548,0.00068085856,0.001178783,0.0016780825,0.0006792361,0.00035002947,0.001280797,-0.0018869494,0.00036056456,0.000568809,0.0030036238
2018-12-14,0.0021078982,0.00020920408,0.00054385886,0.000524659,0.0006300947,0.0017210834,-0.0039686733,0.0018737272,0.00041491588,0.00071958953,0.00028079245,0.0,0.0012325506,1.674132e-05,0.001177539,0.001061899,0.0017081146,-0.001373679,0.00064159406,0.001187648
2018-12-17,0.0011644207,0.0027685463,0.0023805816,0.0037113503,-0.00055126305,0.0022127675,0.0010633487,0.0006334583,-1.1822638e-05,0.0007990904,0.0005270789,0.0030066217,0.0027419128,0.00083733874,0.0011353907,-0.00010631956,0.003648278,0.00056983595,0.0013245012,0.0
2018-12-18,0.0005315926,0.0024869312,0.002183179,0.0017007311,-0.000749908,-0.005181012,0.0014965408,0.00075363705,5.369637e-05,0.0010449706,0.0008451589,0.010442406,0.0047696545,-0.0024323363,0.000203519,0.0010685808,0.0057222936,0.0029154164,0.0027052173,0.0021893007
2018-12-19,0.0006329993,0.008674702,0.005416878,0.004316805,0.0014862869,-0.0031875065,0.0,-9.139922e-05,-0.0023133599,0.0013885314,0.0019231507,0.005660378,0.0018820331,-0.0008808788,0.0019476953,0.0021091106,0.0036323299,0.00046770743,0.0012844593,0.0027892266
2018-12-20,0.00090217363,0.005873193,0.001366222,0.0037678806,0.0010486646,-0.0004899171,-0.0016618905,0.0006578504,-0.0009407929,0.0007178106,0.0003347419,0.005951739,0.00034597065,-0.0033599546,0.0012051044,0.0007580216,0.0013247709,0.0016294301,0.0014967625,0.002527533
2018-12-21,0.00071888533,0.001884764,0.0021886441,0.0036560835,0.00092665246,0.0031841984,-0.00047619955,0.00019754877,-0.0003776002,0.00096962455,0.0010866242,0.0011750257,0.0014786214,0.0026635278,0.0017524948,0.0019800526,0.0020764347,0.003296869,0.00055044866,0.001812138
2018-12-24,0.0,0.002127643,0.0026538398,0.0025441851,0.0,0.0019126413,-0.0011401996,0.0009322859,0.00075335946,0.00027076027,0.00023685771,0.00062281796,0.0025487542,0.001116732,0.0012040003,-0.00034829168,0.0012917167,0.0013084201,0.0014223629,0.0008098083
2018-12-25,0.00077029114,0.0010688535,0.0009130306,0.00044440664,0.002101759,0.008271912,0.0012707125,0.0006196512,0.002255893,-0.00032435558,0.0004087276,0.0008317299,0.0006443936,-0.004186506,0.0013213308,0.0014184287,0.00026364476,-0.0024302814,0.0013756166,0.0007119803
2018-12-26,0.00021706703,0.0023525388,0.0016833207,0.0005395378,0.0021346852,0.0021834369,-0.00021571589,0.001431797,0.0015366818,0.0010895707,-0.0008738302,0.0038313803,0.0005262817,-0.0011876911,0.005579135,0.0074307784,0.0011038514,0.0017564006,0.0013683849,0.0011366553
2018-12-27,0.0008980014,0.0015357194,0.0015385618,0.0010516772,0.002175058,0.0062082284,0.0,0.00086951285,0.00084793096,0.001460909,-0.000693666,0.0021390633,0.004111357,-0.0017545428,0.0023901188,0.004353248,0.00039967784,0.0010252307,0.00022035085,0.0065157744
2018-12-28,0.0010166173,0.0055823573,0.0017412673,0.0006812674,0.002789235,0.0026998091,-0.0013292218,0.0021623985,-9.928531e-05,0.000727047,0.0012416386,0.001158374,0.0020650486,-0.00036640436,0.0022255247,0.014636709,-0.00095446076,0.0038476232,0.0010912687,0.006864487
2018-12-31,0.0011650276,0.003676598,0.0018061287,0.0014507083,0.0028072272,0.0,0.005592451,0.0010167673,5.9910097e-05,0.0013897432,0.0003774726,0.00061748683,0.001738586,0.0,0.001608134,0.0031268885,-0.00047314976,0.0035639016,0.0023814114,0.0049301763
2019-01-01,0.0007271989,0.00084601785,0.00041843113,0.0017609744,0.00071651104,-0.0012255806,0.004401823,0.0013886066,0.0017053941,0.0018142805,0.00078504387,0.00043170745,0.001408457,0.007371939,0.00336634,0.0021933243,0.0,0.0006344629,0.00090300775,0.0012740573
2019-01-02,0.00023894722,0.000997233,0.0022755128,0.0018622711,0.0012198492,0.00021132255,0.0010655506,0.001872087,0.0018690937,0.0005895234,0.0011594004,0.0012507449,0.0019018225,0.0013108162,0.003042573,0.009914842,0.00041431608,0.00037882137,0.0003152381,0.0009904924
2019-01-03,0.0004655592,0.001003781,0.0011474952,0.0030599046,0.0021110063,0.0014793507,0.0009866909,0.0032126943,0.00096502213,0.00032801033,0.00043987183,0.0017205692,0.00058045686,0.006749929,0.0033535832,0.0008523545,-7.0309135e-05,-0.008042238,0.0006472944,0.006024423
2019-01-04,0.00064105773,0.0045903176,-0.0033203328,0.0051731034,0.00053011166,0.00040438696,0.0006882236,0.00398581,0.00091872073,0.0010664763,0.00024876615,0.0011453282,0.001616684,0.005056093,0.005776197,0.01680502,0.00035713482,0.00015739072,0.00087276456,0.0014107843
2019-01-07,0.0017541407,0.00031213235,0.0008386914,0.0059487117,0.0025537822,-0.0011255472,0.0010525446,0.0022744052,0.0008595363,0.00055920356,0.0006617135,0.0027418472,0.00071822666,-0.00027853233,0.006467739,0.00041544577,0.00015301227,0.0015698316,0.00095337006,0.0015644695
2019-01-08,0.0003193812,-0.0010541896,-0.0004936893,0.0034386695,0.0021342256,0.0017399198,0.0014614918,0.0025576681,0.0058666677,0.0018681694,0.000242185,0.0009065361,0.0007143636,0.0017527827,0.005286084,0.0034390187,-0.00086498435,0.0032035003,0.0017629794,0.004011092
2019-01-09,0.005401659,8.386137e-05,0.0003365684,0.0018392805,0.0011339798,0.0005122269,0.0036576507,0.0009369026,0.003985475,0.0003676829,0.002407726,0.009522272,0.00010390526,0.0014581142,0.0033419048,0.0011680796,-0.000700735,0.004734112,-0.000365177,0.009672789
2019-01-10,0.0021539908,-0.00014778381,0.002931765,0.0016279791,0.0013795672,0.0026641588,0.002466604,0.0019060732,0.0069253272,0.00038425045,0.0021356426,0.0016171058,0.0005699764,0.004385955,0.00064111967,0.00078470475,0.0016651212,0.0019021076,0.00016617213,0.001204402
2019-01-11,0.0014004378,0.0010306314,0.0014628692,0.0014761323,0.00054323353,-0.00048471015,0.0027073442,0.0014770154,0.003652089,0.0015076282,0.001310395,-0.0007814186,0.0009864114,0.00210332,0.001482386,0.0011950288,0.0019113777,0.0021118291,0.00025363197,0.00238513
2019-01-14,0.0007994735,0.0015622096,0.005530882,0.0044105076,-0.00050072983,0.00014435715,0.0018402383,0.00086850557,0.0034730379,0.00187061,0.0006471627,0.0015872314,0.0011779326,0.0009312227,-0.0037338813,0.0,0.00031494943,0.0033887862,0.00024288589,0.002045553
2019-01-15,-0.0030865609,0.0013611788,0.005134208,0.0029053348,-0.0007456699,-0.0006834084,0.00093515945,0.000112522226,0.00015253459,0.0019125122,0.0013052786,0.0033125964,0.0010031619,0.00023937154,-0.003414737,0.0071512684,0.0025462806,0.0016176216,0.0007344324,0.0009935796
2019-01-16,-7.4766336e-05,0.00080987386,0.0031772153,0.0059462395,0.00017488048,0.0023970066,0.0026660357,0.0026951616,0.0012109344,0.0006512329,0.0016150165,0.0005886909,0.00084556686,0.0010380135,0.00028437198,0.0053887237,0.0014450985,0.0015831204,0.002446479,0.00071903673
2019-01-17,-0.0016512331,0.007418857,0.0026577995,0.0029258046,0.0006852889,0.00486467,0.0015577998,0.0044900784,0.00023464515,0.00090461684,0.0012960853,0.0006234173,0.00049239746,0.00036188637,0.0055926796,0.01011751,0.0007885969,0.002839253,0.000996571,0.00043521784
2019-01-18,0.0013072551,0.0012918991,0.0032151714,0.0057506193,0.00021989919,0.014111949,0.0010402283,0.003790997,0.00075648975,-0.00040390773,0.00021368064,0.002923518,0.0010776803,-0.00010357509,0.0045346017,0.0041028187,0.0,0.002709111,0.00019837386,0.0011275358
2019-01-21,0.0021511288,0.0018703828,0.014099419,0.00103584,0.0002021173,0.0049852575,0.0007919007,0.0017216369,0.0028403264,0.0012343596,0.0010085132,0.0006037594,0.00083941885,-6.4800704e-05,0.005631002,0.0005126301,0.005450952,0.0011031942,0.0,0.00051283115
2019-01-22,0.0010891965,0.0047825086,0.00783342,5.2013816e-05,-0.0008794405,0.0018061851,-0.0012956804,0.0015733625,0.0020136542,0.0005477065,0.0027057799,0.0039209523,6.851295e-05,-4.1717503e-05,0.005461274,0.003439029,0.0053469883,0.0006159918,0.00046060028,0.00033877598
2019-01-23,0.0012963023,0.0037438653,0.009368403,0.0004251275,0.0016995218,0.0048503103,-0.0010322916,0.0007827431,0.00021937741,-0.00034868764,0.0014816743,0.00095049443,0.0,0.0008844734,0.00052622246,0.0024838436,0.0021923734,0.00092076947,-5.7703414e-06,-0.002619147
2019-01-24,0.00042629524,0.018664379,0.006569894,0.0013606246,0.00068168493,0.0008298373,-0.0014663402,0.0018808758,-0.0035998535,0.0012282804,0.001577724,0.0068518952,0.0,-0.0002822916,0.009312985,0.0023563749,0.0015092705,0.0009382962,0.0009090178,0.0
2019-01-25,0.0013812762,0.009694711,0.0026376536,0.00093196006,1.654778e-05,0.00091660634,0.0003510942,0.0019828696,0.00050975726,0.002151357,0.0019076099,0.002114056,0.0005770503,-0.0008803096,0.0028867072,4.9053226e-05,0.0009752451,0.0025258982,0.0016093877,0.0013195752
2019-01-28,0.0004900959,0.0054191826,0.010104078,0.0026906906,0.0016464498,-0.0008551409,0.0007227682,0.002675112,-0.0001875123,0.0006282971,0.0010881468,0.0040107993,0.0010416476,0.0003335849,0.00033749468,0.00010796169,-0.00013249395,0.0035298415,0.002656072,0.003349041
2019-01-29,3.0485242e-05,0.00085197715,0.023206074,0.0004294986,0.0008337913,0.000268785,0.0024222916,0.0024225446,0.00014346968,0.00020916776,-0.00031190432,0.0026607693,0.003152396,0.0019817234,0.00084944366,-0.0034974588,0.0,0.002443673,0.000455739,0.0009467136
2019-01-30,-0.00056349946,0.00069793547,0.0006412177,0.0014846389,0.0010682445,-6.722486e-05,0.0035669142,0.0045661028,0.0016666586,-0.0006303552,0.0015548128,0.00543319,0.0013095309,0.0015827192,0.0013657683,-8.14668e-05,-0.0022262775,0.0016078771,0.0006595586,0.0
2019-01-31,0.00070898683,0.0014222617,0.005473126,0.0009575055,0.0015815492,0.0012794511,0.0019087492,0.0015690932,0.0014762568,0.0,0.0001810005,0.00011423273,0.0021781512,0.0012134608,0.0013462657,-0.005651734,-0.0011061062,0.00010728965,-0.00078403525,0.0009898378
2019-02-01,0.00050537154,0.0016642882,0.00028851317,0.0016630159,0.0011541928,-0.0007827033,0.00185955,0.0012405408,0.0021471214,0.0007335606,0.0016619181,0.0018660494,0.0009804481,0.0005602901,0.0016001414,-0.00045871065,0.0012059744,-0.00147286,0.0013482437,0.0052010436
2019-02-04,0.00034979475,0.00093384867,0.0007453074,0.00097308186,0.0018850322,0.009962402,0.0031333298,0.0,0.0017375484,0.0004415356,0.0008904165,0.0018297009,0.0018336553,0.00071937474,0.00074930536,0.0022622347,0.002148427,-0.00039318117,0.0010647682,0.001572782
2019-02-05,0.0015639705,0.0019837106,0.0003572984,0.002085687,0.001078156,0.0063509266,0.001806152,-0.0016408232,0.00045105926,7.884662e-05,0.0012599727,0.0035366737,0.00092529884,0.0018534337,-0.0005040309,0.000884862,0.0014665734,0.0,0.0008846068,0.0007182892
2019-02-06,0.0030706946,0.0015482095,0.0011042961,0.00048289052,0.0013843206,0.0025855128,-0.00020805647,-0.0011983947,0.00101926,0.00021593501,0.0009337789,0.0033175396,0.0018702791,0.0028908285,0.0008687883,0.0015078819,0.0014105943,0.0019582303,0.0014763084,-0.0005646782
2019-02-07,0.0032761905,0.0,0.0041263145,-6.492946e-05,0.0010881183,-0.0003833914,0.0011299932,0.00079829234,0.0017787679,-2.6955397e-06,0.0025079434,0.0015636306,0.0014423016,0.0029960305,0.0008767511,0.0017854123,0.0015636864,0.0006275681,0.0020839006,0.0004930814
2019-02-08,0.0029191184,0.00029399787,0.010040822,-0.0009166356,0.0019460493,-0.0004980102,0.00016871646,0.0014459296,0.0006073359,0.0006101548,0.00041151603,0.0,0.00030013538,0.0007122029,0.0015789644,0.0012040961,0.0004987036,0.00042040204,0.0013432518,0.0
2019-02-11,0.0014885459,0.00033685833,0.00618337,0.000543767,0.0011734219,0.0058371383,0.0007650986,0.0013938827,-0.00222672,0.0010199689,0.00075590995,7.347322e-07,0.0007678907,0.0008321595,0.00047090344,0.0012026114,0.00032015532,0.0,0.0016770592,-0.0002712643
2019-02-12,0.0011723551,0.00027814202,0.008278491,0.0021779714,0.00043842633,0.0033465216,-0.0012637643,0.0008249496,0.0012121616,0.00047825443,0.00033602648,-0.00039459034,0.0011332184,0.0016094222,0.00068348757,-5.4597887e-05,-0.0003233761,0.00044246358,0.0013335925,0.0002982323
2019-02-13,0.0048845257,5.594953e-05,0.013311805,0.0006856963,0.0011150273,0.004344234,-0.00071935717,0.0027531765,-0.0002362674,0.0,-0.0006405906,-0.0009372046,0.0005021051,0.0035093112,0.0014818484,0.00055284443,-8.905056e-05,0.0017854655,0.0020689017,0.0005797815
2019-02-14,0.0019764346,-0.0003275543,0.008944105,0.0011728113,0.0006821025,0.0020893905,0.00017019674,0.00021781448,0.0014108957,0.002652471,0.0,0.00067027705,0.0001838724,0.0062359143,0.0018571323,-0.0010090483,-0.00015311487,0.0023422092,0.0010622875,0.0016976057
2019-02-15,0.005280916,-0.0012583577,0.0023089233,0.0023499893,0.0015509403,0.0069642514,0.00034484745,0.00093443925,0.00014621095,0.0018648286,0.00037955618,-0.0008020945,-0.0011524059,0.0035435075,0.00083645026,0.0011754575,-0.00039027267,0.0022242086,0.00092111697,-0.00017057621
2019-02-18,0.00463225,5.6012086e-05,0.00032516653,0.002097707,0.0018395694,0.002206652,0.0002638396,0.0022805203,0.0003625365,0.00051094394,0.00055742246,0.00027761926,0.002753308,0.004758878,0.0010695031,0.0050045117,0.00087823183,0.0035469807,0.00079568935,0.0012246205
2019-02-19,0.006899554,0.0028679247,-0.00048553437,0.00083034666,0.0012645855,0.0053863153,-0.00027217294,0.0007482012,0.0002394129,0.0012465261,0.00038753927,0.004349819,0.00209947,0.0073207305,8.449904e-05,0.005086133,0.0039056377,0.0014816287,0.0014907429,0.0016158689
2019-02-20,0.0027555295,0.0017086386,0.00046021948,0.00031016525,0.0020860091,0.017393826,-0.04756933,0.0,0.0018652654,0.0031794857,-0.000552674,0.0024279435,0.0028219174,0.0007245326,0.0008311942,0.001568333,0.0039342395,-0.0024308949,0.0047583412,0.0012763477
2019-02-21,0.009647411,0.0017345295,0.00075049937,0.0029752788,0.0006716095,0.00729805,-0.011772731,0.0008657141,0.00089093717,0.0023822938,-0.0027262925,-0.001255442,0.0038442092,0.002069113,0.000907581,0.0018194581,0.00197597,-0.00056772976,0.00045535163,0.0005121832
2019-02-22,0.0045512673,0.0015654996,0.0009488848,0.0008392585,-0.000747513,0.007744815,5.7518326e-05,0.0018475171,0.003019657,0.0008721417,-0.0002576011,0.0,0.0009493927,0.001072467,0.0,0.004889589,0.0015242209,-0.000511368,0.006790419,0.0010686076
2019-02-25,0.0010845162,0.0009846514,0.000187048,-0.0015835114,0.0017570291,0.0015192243,0.016631674,0.0010860352,0.0059875515,0.0018196036,0.0012742636,-0.00024311348,0.0019049394,0.0012586799,0.0011913775,0.003638573,0.0016831863,0.0028075431,0.0043481374,0.002026777
2019-02-26,-0.0011988868,0.0008649655,0.0007986878,0.0015488688,-0.0042103603,0.004470977,0.009889346,0.000906711,0.002671131,0.0011397883,0.00070410623,0.0,0.00026814392,0.0017541462,-0.0016142413,0.0015799856,0.0015149651,0.0002267958,0.001625055,0.0
2019-02-27,0.0016328088,0.0018104911,0.0016691281,0.002224046,-0.0040552313,0.0005575414,0.0014619722,0.0016325644,0.00024387955,0.0,0.00053427694,-0.0019682283,0.000384769,0.0012045089,-1.0556539e-05,0.0012318047,0.0019746225,0.00064363505,0.0014618532,0.00032970367
2019-02-28,-0.0030397451,-0.0006355051,0.0016355886,0.0050703986,0.0007900281,-0.0002657427,0.0004945884,0.0017558867,-0.00015553467,0.0008102246,0.00036164653,-0.00016375631,-0.0017944268,0.0004893048,0.0016251554,0.001421208,0.0015096194,0.004080688,0.0017631028,0.00014864057
2019-03-01,0.0020664409,0.00083193067,0.0014995817,0.0024135555,0.00025318572,-0.0023489874,0.0035784396,0.0014601843,0.0008863499,0.003323513,8.773888e-05,0.0018415957,0.000469888,0.001430007,0.0018801129,0.002051328,0.00307116,0.00090115535,0.0028108621,0.00019569973
2019-03-04,0.0100229755,0.00087902887,-1.1189887e-05,0.003680056,0.0033984287,0.00300092,0.002681472,0.0017128129,0.00043549325,0.00085788727,-0.00019644646,0.0016411372,0.000821664,0.001071637,0.008645739,-9.1722e-05,0.002892219,0.0038629468,0.0010515323,-0.0008700616
2019-03-05,0.0046428093,0.0020539695,0.00086107384,0.0016824066,0.0010504262,-5.751536e-05,0.0011745867,0.002327028,0.0,0.009405596,0.00060022366,0.0026216612,0.00088046165,0.0020984935,0.009288173,0.0013886521,0.00541248,0.0016030911,0.0022119689,-0.0005415753
2019-03-06,0.0034108413,0.0023450984,0.0021827396,-7.452473e-05,0.018969268,0.0011128754,0.002656276,0.0017555533,0.0010973372,0.0055220886,-0.00035709506,0.00017290254,0.007730267,0.00044344275,0.005832103,-1.8712586e-05,0.0010035295,0.0005687842,0.0019860438,0.0003146328
2019-03-07,-0.002107176,0.0015482527,0.0021768762,0.001180588,0.0053573526,0.0059737326,0.0046021226,0.001959598,0.0009850438,0.004033797,0.00068016653,0.00047738702,0.0029167302,0.0008064599,0.0025478313,0.0008910153,0.005515268,0.0033968026,0.00078854314,-0.0015851199
2019-03-08,-0.011593482,0.0028035555,0.0013451662,0.0,0.003914347,-0.0008365871,0.0014427091,0.0012278035,0.001416196,0.0,0.0013883855,0.0010711474,0.0042551714,0.0020843681,0.0007159551,0.0011728974,0.0057408675,0.0050425003,0.00044176207,-0.0010026116
2019-03-11,-0.0007041697,0.0036473821,0.0,-0.00204171,0.0040437956,0.0013280266,0.0098582115,0.0012518588,0.00040863673,0.0014010557,0.0026740867,0.0013568377,6.341497e-09,0.0016327343,0.00079850235,0.0018275746,0.0039852927,0.006799159,-0.000108325265,0.0007757293
2019-03-12,-0.0010677441,0.0025736259,0.0,0.00034488455,5.4917717e-05,0.0003206736,0.003424475,-0.00016826631,0.00021867713,0.00036766645,0.0011191895,0.005287207,0.0015047428,0.002244527,0.00019596788,0.0020565519,0.0026600277,0.0056634247,0.00088139315,0.0009522377
2019-03-13,0.0009478996,0.0057367547,0.0020594413,0.0004911502,0.00012115587,0.0026820772,0.0008152568,0.0003774304,0.0009469087,7.270217e-05,0.0033420955,0.0003012038,0.0053436114,0.0024090973,0.0011679516,0.0008672731,0.0010482334,0.0033067197,-0.0012266666,0.0004040696
2019-03-14,0.0014419749,0.002256426,0.00059685565,0.00093349966,2.188505e-05,-0.0013831203,0.0009562615,0.0010944902,0.0,-0.0013305703,0.0048833117,0.0023929812,0.0015583395,0.0007784434,0.0021243934,0.001193477,0.0026554149,0.0016536445,-0.0006387376,0.00038485703
2019-03-15,0.0003834611,0.0002710395,0.00021366043,0.0005865629,0.0016051858,0.00037008172,-0.00046674346,0.0011146024,0.000833759,0.0,0.0018099012,0.0052573476,-5.1745592e-05,-0.0014731698,0.0039305175,0.0018497851,0.0054823505,0.0013041182,0.00031094978,0.0009780823
2019-03-18,0.0042836377,0.0019542044,0.0013272497,0.001651181,0.003958622,0.00135512,0.0010426207,0.0006275566,0.0010393786,-0.0029841324,0.0017783019,0.0052613425,-0.000109173765,-0.00037195272,0.0010964237,0.0011970596,0.0015000893,0.0,0.0003446535,0.00015847382
2019-03-19,0.00078247243,0.00155279,-0.0010240317,0.0018976359,0.0013775394,0.003660069,0.00026226256,0.0008010856,0.0013866815,-0.0047693127,0.0007780406,0.005484145,-0.0013365295,0.00039640293,0.00077434303,0.00039706452,0.0019518052,0.00021977395,4.2670927e-05,0.0005746427
2019-03-20,-0.0036357879,0.005240611,0.0007210813,0.0013279918,0.0013304979,0.0028089616,-6.631379e-05,0.0012428055,0.00072380406,0.0017990828,0.0016300931,0.0021419923,-0.004768494,-0.0003863257,0.0010892086,0.0003965531,0.005184985,0.00066742866,-0.00049481454,0.0015084265
2019-03-21,0.00022479646,0.0018844183,0.0006809006,0.0008684335,0.0013808802,0.0024511623,0.003414638,0.00019780599,0.00047847102,0.00072560186,0.0018382317,0.002135162,0.0021472324,-0.00034308835,0.0028222338,0.00085926073,0.0032083644,0.0016175909,-0.00044525095,0.0008083932
2019-03-22,0.00027169494,0.0018417379,-0.0003006887,0.00020933627,0.0033336233,0.0014783257,0.011939104,0.00056613283,-0.0010894036,-0.0010655321,0.0007725788,0.0007691983,0.0013043156,0.0011700697,0.004911199,0.0013501678,0.004488736,-0.00035960646,0.00096627965,-0.00019478345
2019-03-25,0.0016323681,-2.8122371e-05,-3.8329523e-05,0.00034061167,0.0023613311,0.00016171382,0.0062802304,0.0010870601,0.0008904223,0.0035289004,0.0009325761,0.0011131923,0.0014156897,0.0034028688,0.0037218553,0.0024961724,0.00083434506,0.0009990975,0.0030607844,0.0008606816
2019-03-26,0.007776689,0.00037553877,0.00066271605,0.00018027403,0.0012723599,-0.00019586261,0.0010702222,-0.00030050037,0.00095002004,0.000436388,0.0016211797,0.0047024037,-0.00017265472,0.0018414848,0.0015088342,0.0021068472,0.0004714152,0.00033477563,0.0021177302,0.0
2019-03-27,0.0036997458,-0.00014228206,0.001690638,0.0014761816,0.0033908454,0.0005900434,0.003151509,0.00065206445,0.0013237421,0.0023906648,0.00038967954,0.0021531978,0.00025712393,0.00081453443,0.0021265366,0.001151397,-0.0022775996,0.0013498375,0.0013329478,0.0002570997
2019-03-28,0.00047215007,0.001011735,0.0017582306,0.0013007516,0.00024493693,0.0010875143,0.0005124,0.0013850237,0.00040638674,0.0023405228,0.00038463276,0.00030166513,0.0012513713,0.0036554418,0.0031857488,0.0066392506,0.00033738732,0.0022325006,0.001158564,0.0
2019-03-29,0.0038293824,0.00019946854,0.0020748652,0.00036644627,0.0009788547,0.0010162912,-0.0013372272,0.0006430207,0.001814471,0.0036752408,0.0008449899,0.0016167633,0.002917023,0.0059544146,0.0025090566,0.0033812758,0.00068735756,0.0033466653,0.0015560271,-0.00055317464
2019-04-01,0.004983355,0.00238999,0.004368997,0.0008818577,-8.773393e-05,-6.694645e-05,0.0010168009,0.0007485017,0.0017329828,-0.00039898558,0.0021735982,0.0,0.0013376985,0.0048732013,0.0026396175,0.00498679,0.001913315,0.000107348926,0.0018388694,9.9977144e-05
2019-04-02,0.0034032802,0.0010503441,0.002281067,0.00018392385,0.001377446,3.128115e-05,0.0016487015,0.0012207624,0.000914119,0.0018490977,0.00068500696,0.00017519611,0.003295826,0.0018464881,0.004932019,0.003209575,0.0012353625,0.0005863236,0.0021981301,0.001100625
2019-04-03,0.0049283123,0.002388179,0.0011108054,-0.00051058445,0.004269369,0.0010514265,0.00040581293,0.0005723292,0.0027988593,0.0010246051,-0.00049305207,0.00034353,0.0050444757,0.0012846815,0.009953176,0.0019809478,0.0029854905,0.00032958708,0.002305293,0.0015488354
2019-04-04,0.0011961773,0.0018286507,0.00022346975,-0.0037203962,0.0015652282,0.002027899,0.0010372734,0.00039511774,0.001888386,0.0017556689,-9.8357275e-05,0.0014540929,0.0019117967,0.0012770417,0.0047742366,0.0019090285,0.0011812005,3.8133426e-06,0.005188122,0.00148404
2019-04-05,0.00052783865,0.0012499323,5.2416148e-08,0.00020080784,7.2535106e-05,0.000899854,0.0006524508,0.0010395341,0.0046274136,0.009138405,0.0,-3.6998892e-05,0.00025842985,0.0005022505,0.0013676143,0.002993259,0.0017276438,-0.00065295625,0.0030378771,0.0019749918
2019-04-08,0.009983705,0.0011991293,0.0010435112,0.00047094558,0.0016062846,0.0010853788,0.00012627513,0.001066066,0.0031315917,0.021009073,0.00060810713,-0.0010735767,0.00097519945,-6.4196856e-06,0.004551698,0.001452476,0.0015394769,0.0,0.0016379764,0.0005383349
2019-04-09,0.0020726796,-0.00021419457,0.00036003906,0.00093647075,0.0034172805,0.00011106901,0.0010618753,0.0011075696,0.0030397295,0.0018930805,0.00027489135,0.0005903458,0.00034112183,0.0007389287,0.0010919094,0.00092117273,0.0011737578,0.00067695737,-0.00029411117,0.0
2019-04-10,0.004076804,7.229293e-05,0.00092132046,0.00106118,0.0003866668,0.0,0.0010157403,0.0002331437,0.0021183647,0.0027630976,0.00010767736,0.00095643767,0.0057301032,0.0012159575,0.0010155081,0.00019979913,0.0010932146,0.00077846413,0.00025929298,0.0010109033
2019-04-11,0.0017145877,0.0011884363,0.0016701944,0.0011224693,0.00308426,-0.0055158264,-0.0003860329,0.00088140514,0.0013880274,0.0045416327,0.00053542014,0.0019601956,0.0021270318,0.0011892646,0.00014342502,-0.0005170221,0.0017847772,0.0021748496,0.0020160796,-0.005613435
2019-04-12,0.004538309,0.003580236,0.0010921855,0.00090999133,0.0018053035,-0.0044412175,0.0019171619,0.00040500678,0.0013718235,0.0,0.00083823374,0.00709657,0.0017057745,0.0011826553,-0.00058114063,0.000830601,-0.00044964245,0.00669386,0.0010113543,-0.0020192096
2019-04-15,0.0066621234,-0.00016819108,0.00050042936,0.0016339605,0.0016038062,-0.00046452117,-0.012218342,0.0016141722,0.0010626276,-0.0046904525,0.0010410546,0.00086334883,0.0018360234,0.0017543052,-0.00011559189,0.0015768443,-0.00049125444,0.0045039086,-1.5123791e-05,0.0011235455
2019-04-16,0.0027684523,0.0017324137,0.0018879484,0.0011941211,0.0044237715,0.0005014357,0.0010702192,0.0019857734,0.0010929902,0.0013146773,0.0013484773,0.00064703263,0.0022886219,0.0010428174,0.002688429,0.0035439546,0.0020655466,0.007992994,0.0006480767,0.0020124945
2019-04-17,0.0028053161,0.0018585809,0.0015864321,0.002101722,0.0008458681,-0.00056598894,0.0009049376,0.0012445995,0.0008527403,0.0017174582,0.00081372977,0.0019332399,0.00052871316,0.00079575146,0.0035867689,0.0,0.002216907,0.011574755,0.0011833345,0.0010411117
2019-04-18,0.0012791638,0.002327325,0.0039785122,0.0015863727,0.0030673225,0.00039397913,0.0020865577,0.0021781076,0.0028297878,0.0034713056,0.003137968,0.00072963926,0.00166061,0.00075103884,0.002228136,8.908359e-05,0.0007917806,0.009532739,0.0008768087,0.0032415513
2019-04-19,0.0015011561,0.0031745194,0.0035837702,0.0020658295,0.00505852,0.0011130031,0.0021915052,0.0009548516,0.001971482,0.0018458939,0.00074452534,-0.0001611339,0.0029831529,0.000601266,0.004903839,-0.0020726104,0.0010527595,0.0027044488,0.002148108,0.0028834762
2019-04-22,0.0010873119,0.002218294,0.003930664,0.0020712342,0.0024981739,0.00088408584,0.0056055253,0.0010032177,0.0008574507,0.0007180549,0.00081539626,0.0,0.00023851825,0.0007074481,-0.00018412425,-0.000922787,0.0010386962,0.0033025402,0.0009151432,0.00060362875
2019-04-23,0.00085400435,0.0014668544,0.0021892248,0.0010084906,0.0059645185,0.0011601112,0.001348067,0.0,-2.3453874e-06,0.0051039387,-0.00035044187,0.0022535133,0.0006840217,0.0010601699,-0.0016663185,-0.0015152012,0.0018723984,0.0010614083,0.0003303099,0.0025242448
2019-04-24,0.0011191535,0.00038800857,0.0016384028,0.0015839017,0.00044882932,0.001928872,0.0020023265,0.0005789231,0.0017026394,0.0087988665,0.0012536674,0.0015504889,0.0034146737,0.00016953873,-0.00018826466,7.935505e-06,0.001787598,0.0037167293,0.00364503,0.001736937
2019-04-25,0.00037937856,0.00019972799,0.00034471042,0.001369259,0.0017584194,0.00060758676,0.0010843022,0.00017447233,0.0016714509,0.0075709266,0.000425094,0.0006388479,0.00032033658,0.00081601687,0.00018821744,-0.0018780143,0.0076405457,0.0034069223,0.0007782504,0.0013638205
2019-04-26,-0.0011598965,0.0011592696,0.0014309474,0.0008820822,0.0055351695,0.00039689668,0.00220634,0.00069917785,0.0009215192,-0.0004146497,-0.00044022332,0.0019124957,0.002827455,0.0009351908,0.010877447,0.00049022934,0.0016818728,0.0021076926,-0.00027021035,0.0018447824
2019-04-29,0.0016467,-0.00016633215,0.00048276983,0.001050296,0.009548602,0.0016310144,0.0017113747,0.00023741805,0.0042312765,-0.004271958,7.1890005e-05,0.001933961,0.0022931325,0.0010427245,0.00275889,0.00044267654,0.0021065616,0.0029195494,0.001981355,0.0024712465
2019-04-30,0.0015499218,0.0018496305,0.0,0.00034899582,0.0024149725,0.00094488973,-0.00013193714,0.0010368493,0.00202459,-0.0024525786,-0.0014182939,0.0029865059,0.0008884815,0.002195878,6.0542272e-05,-0.0006289531,0.0,0.0011016463,-1.1187547e-05,0.0007667752
2019-05-01,0.0021226862,0.0023582347,0.00024577838,0.0015831637,0.0014046332,0.0039161667,0.0027107422,0.0029700424,0.0015850875,-0.00014591403,-0.00022635594,0.0025306502,0.0031571276,0.0007523487,0.0018489609,0.0013338277,0.00070434314,-0.00048506615,0.00016582952,0.0026810805
2019-05-02,0.001333586,0.0010341059,5.7025227e-05,0.0017504195,-0.0002711967,0.003791663,0.0050323512,0.0014011816,0.0008834463,-0.002175934,0.0022549583,0.0019493862,0.0018005782,0.001843883,-0.00016278792,0.0012930292,0.00027366346,0.00015341098,0.00028610698,0.002906106
2019-05-03,0.0021892996,-0.00019484675,0.0006454512,0.00078052486,0.0030806814,0.0013865205,0.0027061717,0.0011614248,0.00070808915,0.0016027993,0.0025519994,0.0010044392,0.0011132023,0.0017782527,-1.0046648e-05,0.0018108321,0.000551832,0.0013872624,0.00012642801,0.0022898512
2019-05-06,0.001877781,0.0002185377,0.00045341617,0.00022957842,-0.0005153567,0.0007586172,0.0022962794,0.0011339121,0.0026928436,0.0014789323,0.0010662449,0.0008817818,0.0013657301,0.0010551641,-0.00013188762,0.0015406752,0.0016957164,0.00061354606,0.0019646732,0.0009774002
2019-05-07,0.00039448624,0.0031533523,0.0015895291,0.0003985715,-0.0010071248,5.197371e-05,0.009972111,0.0011165786,0.0011485479,0.0011284329,0.0003313768,0.0010169443,0.0014854015,0.00065515435,0.0004524493,0.0024916227,0.001312206,0.002068449,0.0010850414,0.0021800299
2019-05-08,0.0012743986,0.0021027513,0.001921109,0.003666244,0.00022132919,0.0027276548,0.009824818,0.0022617828,0.0019864845,0.00068728346,-6.726422e-05,0.0020995087,0.00085764827,0.0011031092,0.0005240844,0.002454936,0.0013204511,0.0003713007,0.0022731416,0.0029568397
2019-05-09,0.0011352231,0.004951085,0.0018113581,0.0053561796,-0.00014378148,0.0003223166,0.0068633454,0.0017509984,0.0011532491,0.0003946122,3.302111e-06,0.0020089033,0.0013167326,0.00036211484,-0.0010248225,0.002715363,-1.6646902e-05,-0.00013419407,0.0026528258,0.0038628036
2019-05-10,0.0018114242,0.005258605,0.0015033095,0.0018100868,0.0003454693,0.0009651531,0.0012905691,0.00029547836,0.00069549424,0.00065950054,-0.00059131486,0.000428554,0.0017923149,0.002467866,0.0049543977,0.0034596578,0.0036627857,0.00096976385,0.0032075269,0.0020589852
2019-05-13,0.00073070766,0.00054005854,0.0012189762,8.352826e-05,0.0008766014,0.0014718538,0.0029136958,-0.0010881743,-0.0014083548,-0.0009228413,-8.90404e-05,-0.0004608261,0.00070566806,0.001483637,2.5397592e-05,0.0035407643,0.009478898,0.0053243022,0.0023846359,0.0016791782
2019-05-14,0.0013008718,0.00106833,0.00088671426,8.933055e-05,0.0003723859,0.0,0.0021898926,9.287679e-05,0.0004369675,0.002656303,0.00068309484,0.0003296967,0.0005712213,0.0020254303,0.0019809012,0.004885346,0.001816408,0.0019106865,0.0013817685,0.00022080628
2019-05-15,-0.00084877905,0.0014723245,0.00047202365,0.0010852189,-9.715567e-06,0.0013603444,0.0019413648,0.0,0.0012965094,0.0014371366,7.488721e-05,-0.0007265778,-0.00020255371,0.00019623163,0.0017152698,0.002389759,0.002182103,0.000933504,0.0017840968,0.00024514346
2019-05-16,0.0,0.0043238425,0.0022560812,0.0010953216,0.0013894136,-0.0020468337,0.00017620248,0.0005534646,0.000570409,0.0068155476,-0.0012320055,-0.011604109,-0.0006162022,7.26582e-05,0.00700601,0.0012817164,0.0009901976,0.0034701428,0.0020621459,-0.00015200002
2019-05-17,8.494858e-05,0.0087152235,0.0005707606,-0.00035049632,-0.0005126263,0.0023260498,0.0018043999,0.0008359179,0.001691951,0.0017905148,0.0006082012,-5.370722e-05,0.0008005162,-0.00015068044,0.0062649664,0.0019399959,0.0,0.0035958574,0.0055345353,0.0003823659
2019-05-20,-0.0003848248,0.0010637735,0.0012143238,0.00039428775,0.00024359452,0.0025495973,0.0049286755,0.001039184,0.00086301134,0.003467022,0.0024566748,0.00014938762,0.00036996018,0.00026987522,0.00060361676,0.0,0.0005444363,0.00056249986,0.0020703012,0.00044244088
2019-05-21,0.00046336572,0.0019824961,0.0012375572,0.00016522604,0.0007107159,0.005884767,0.0016689793,0.00068838993,-0.00076327997,-0.0014765157,0.0068823947,1.5991553e-05,0.003597121,0.0010874153,0.00046566332,-0.00037583866,0.0015621948,0.0010076225,0.00042719342,0.00046336572
2019-05-22,0.0018137774,0.0029390894,0.0,0.0011787901,0.0013879722,0.0026758446,0.005046443,-0.00798073,0.00012336747,0.0012485179,0.0073266467,0.0021264043,0.0008816141,0.0010811074,-0.00064620015,0.00020321611,0.00046560337,0.0028391988,0.00076384307,0.0018137774
2019-05-23,0.00686229,0.00029559058,0.0016499608,0.0007584431,0.0019082793,0.0062979227,0.000746356,-0.010692098,0.0015856257,0.002160524,0.000582793,0.0014538052,0.003968131,0.001329094,-0.00014699997,-0.0039745187,0.0016306598,0.0020343347,0.0017707887,0.00686229
2019-05-24,0.005929601,-0.0004175195,0.0011917544,0.0018397332,0.0025623506,0.008349365,0.00013713988,0.0011721809,0.000976068,0.0032965213,0.007219727,0.0025665388,0.005477299,-0.00024128299,0.0,-0.0016819022,0.0039144508,0.00037952958,0.003973503,0.005929601
2019-05-27,0.0033380687,-0.0017234155,0.00084539875,0.00072671805,0.0029247513,0.0021851284,0.0011562309,0.007490439,0.00088662334,0.0027788207,0.00925367,0.0007191248,0.0077754366,0.0018371869,0.0029787896,0.0005008179,0.0009714465,8.465465e-05,0.0009050961,0.0033380687
2019-05-28,0.0019412442,-0.00081126444,0.0012961735,0.0018660385,0.0018149219,-0.00033581775,0.002411343,0.0021830145,0.0004834733,0.0028159278,0.0023699326,0.002848688,0.008015194,-0.00080181024,0.0016613256,0.0015363151,0.0020617556,0.0016198773,0.0021596358,0.0019412442
2019-05-29,0.002328729,0.00010550351,-0.0011910925,0.00095062307,0.0,0.0014418978,0.002385032,0.006734527,0.0009858762,-0.0004853768,0.0016980857,0.0022056082,0.0026670198,0.0026875718,0.0048584137,0.0024229195,0.00066639023,0.0010712029,-0.00045374516,0.002328729
2019-05-30,0.0016487989,7.548856e-05,-0.0010442964,0.0031446468,-0.00035569945,-0.0013480609,0.0024407308,0.0008785369,0.001346571,-0.00031676423,0.0030570237,0.001625427,0.0029872558,0.000679636,0.005446302,0.0018937928,0.0049932864,0.0010604332,0.00026921844,0.0016487989
2019-05-31,0.0008277731,0.0007500258,-8.786569e-05,0.000970632,-0.0009023135,-0.0014618497,0.0029705341,0.009689024,0.0,0.001700796,0.0058469237,0.0006299301,0.0012065634,0.0016138336,0.0049210885,0.0036367143,0.0058166543,0.0009052886,0.00017515296,0.0008277731
2019-06-03,0.0039869323,0.0010241513,-7.348109e-05,0.0009686871,9.460062e-05,0.0002714093,0.0,0.005757557,0.0006082464,0.0033014163,-0.00014387157,0.0006779218,0.0020886029,0.0027226307,0.006220277,0.0019052757,0.0034114101,0.0004526011,0.0013406085,0.0039869323
2019-06-04,0.0013008204,0.0010075786,0.0010579723,-0.006365036,0.00010112846,0.00027065614,0.0011317179,0.0009468866,0.0013995566,0.0018732955,0.0010549318,0.00087859714,0.00069205783,0.001359555,0.0028278555,0.0033215517,0.0014129243,0.0005391918,0.0035716326,0.0013008204
2019-06-05,0.0008533938,0.0018367888,0.0029566535,0.00056384265,-0.0034424772,0.0019220541,-0.0004874357,0.00030539042,0.0020075068,0.0013265159,0.0006802243,0.00020424613,5.684728e-05,0.00035169345,0.010212069,0.0019217964,0.0018827091,0.0003680874,0.0004621825,0.0008533938
2019-06-06,0.0012605911,0.0,0.0023792724,0.0020313421,0.0013587142,0.006130421,-0.0013642784,0.00031160266,0.0018756146,0.0019783776,0.0026646124,-0.0006324382,0.0016379061,0.0007243268,0.004358101,0.0006885441,0.002111519,0.0011779933,0.001490741,0.0012605911
2019-06-07,0.0026742339,-0.009596789,0.0022995926,0.0012345219,0.0012716372,0.001613595,0.0014604346,0.0038762665,0.0017056108,0.0013370833,0.0020675324,0.0,0.0001578093,0.0018997639,0.0015530749,0.0026536046,0.0010605672,0.0010157109,0.0038804903,0.0026742339
2019-06-10,0.0004838377,-0.0028081276,0.002921845,0.0022925208,0.00096935144,0.0052998783,0.0013740737,0.000834171,0.0019076181,0.0006683156,0.00010749444,-0.002295097,-0.00091522036,-0.0028758221,0.0037919197,0.0025943206,0.0014209122,0.0019049522,0.007068043,0.0004838377
2019-06-11,0.0016767893,-0.0015258021,0.0021997106,0.0020582539,0.0,0.0025940682,0.0012056291,6.087713e-05,0.00049360574,-0.0018869494,0.0019087481,-7.534207e-05,0.0010385716,-0.0010085248,0.0015946863,0.0019560514,0.0009854048,0.00023946876,0.0043030223,0.0016767893
2019-06-12,0.0013560798,0.0019868019,0.00091520324,0.0010423106,0.0012280965,0.0023742975,0.000998273,0.0014912025,-0.00029317706,0.0017081146,0.007799639,0.0014271407,0.0037125323,-0.0012973122,0.00043516525,0.00084013934,0.0011073014,0.0,0.004820817,0.0013560798
2019-06-13,0.00086252234,0.00240483,1.6618689e-06,0.0,0.0021607596,0.0013725172,0.0029189372,0.0014013537,0.0013721117,0.003648278,0.009102716,0.0030431887,0.0005858855,-0.0003014115,0.0014718176,0.0006558208,0.0023996942,-0.0008906059,0.00049406465,0.00086252234
2019-06-14,0.007144004,0.0058339206,0.0007190171,-0.0005573556,0.0034450663,0.00088437455,0.001082695,0.001199186,0.00091227045,0.0057222936,0.0011538179,0.006180596,0.005793654,-0.00027120323,0.0025935152,0.0013486692,0.00022043301,0.00015594295,0.0019240484,0.007144004
2019-06-17,0.0070163044,0.0070969397,0.00052766746,0.0007464986,0.00071640854,0.0021840078,0.0018868069,-0.00032480137,0.0,0.0036323299,0.0034041172,-0.0011285873,0.00366933,0.00069018535,0.002402742,0.0024918916,0.00069066643,0.00058857934,0.00024546552,0.0070163044
2019-06-18,0.0011792947,0.0014791044,0.0015872532,0.000351723,0.0,0.0018289684,0.0025115903,0.001209917,-0.0005301041,0.0013247709,0.008532914,0.002381465,0.0055505615,-0.00014408196,-0.00083109224,0.0024271284,0.0015470323,0.001349984,0.005997785,0.0011792947
2019-06-19,0.0006523692,0.0014560531,0.0009960323,0.0019040675,0.0016487668,0.0019829138,0.0011997015,0.0,0.00043086061,0.0020764347,0.0074262675,0.00081768003,0.00025513928,0.0012020082,0.0006653304,0.0007935816,0.0007310079,0.00087648054,0.004883959,0.0006523692
2019-06-20,0.0013654408,0.0016003094,0.0005007096,0.0017240989,0.002613336,0.0017816791,0.0009662507,0.005115295,0.00042950892,0.0012917167,0.004497038,0.0028703935,0.0002379264,0.0036317948,0.0009755091,0.0008319626,0.003080538,0.002261627,0.0014741601,0.0013654408
2019-06-21,0.00032933743,0.0024476484,0.0015497807,0.0017160455,-1.7150378e-05,0.00050119904,0.002806085,0.009701933,0.000682381,0.00026364476,0.001050172,0.001698067,0.0021990107,0.0021513402,0.00049056124,0.0008290775,0.0029011422,0.0016924018,0.0017694733,0.00032933743
2019-06-24,-0.00014466552,0.0026938915,0.0003643628,0.003904752,0.0009003664,-0.00018225369,0.0005304378,0.0009156888,0.00021832039,0.0011038514,0.0012135907,0.0057632052,0.002100654,0.008035302,0.0011932037,0.0012707165,0.001399068,0.0018922325,0.0007546151,-0.00014466552
2019-06-25,0.00037825014,0.004186032,0.00091213954,0.0018703556,-0.002144629,-0.00051969814,0.00062097475,0.0013429967,-3.8225797e-05,0.00039967784,0.0014732295,0.0010170692,0.0006088702,0.0071437354,0.0010727172,0.002865401,0.0013512981,0.0017430704,0.0038470463,0.00037825014
2019-06-26,-1.5510863e-05,0.0023970348,0.0015651117,0.0014569327,0.00020208267,-0.0006994198,0.0009926524,0.0013945679,-0.00298714,-0.00095446076,0.00029325587,0.0007728497,-0.0020612553,0.004612728,0.00091426866,0.00041281234,0.0013198198,0.0013167455,0.0007117199,-1.5510863e-05
2019-06-27,0.0014514592,0.0017085723,0.00024781315,0.0020999014,0.0018864555,0.0011947923,-0.00010711649,0.0011197085,-8.454292e-05,-0.00047314976,0.0022145626,0.004911101,0.0025895913,0.0139184175,0.0016413048,0.00085005956,0.0015632086,0.00027463838,0.0,0.0014514592
2019-06-28,-0.00027285487,0.0010637392,2.8847084e-05,0.0012530271,0.0014756699,0.0011778947,-0.0003880594,0.0018353774,0.00079347694,0.0,0.0033925022,1.4524442e-05,-5.7700545e-05,0.0019023609,0.0008123486,0.0012321428,0.00065287657,0.0005601729,0.0011586683,-0.00027285487
2019-07-01,0.0006674784,5.460298e-05,0.00079144945,0.0028916614,0.0021483095,0.0016838098,0.000776557,0.00039008688,0.00090095744,0.00041431608,0.0015253843,-0.0003723268,0.0043920707,0.0008472335,0.0009602234,0.0009005529,0.0029839338,-0.00015938358,0.0022240225,0.0006674784
2019-07-02,0.0013852088,0.00015669904,0.00024407805,0.0036511354,0.0015030286,0.0028472373,0.0008882242,0.002707806,0.0016652991,-7.0309135e-05,0.00072503916,-0.0029766976,-0.00017496102,0.0030406858,0.001116849,-2.8051987e-05,0.0026448758,0.0005051437,0.001820121,0.0013852088
2019-07-03,0.0005593611,0.0010494367,0.0009026576,0.0014002355,0.0018893661,0.0023632727,0.00024737298,0.004413132,0.0022728331,0.00035713482,-0.0022762497,0.0,0.0012406327,0.0031537553,0.0023386478,-0.0005668722,0.00043316162,0.0004130065,0.0018972361,0.0005593611
2019-07-04,0.00036124612,0.0021324437,0.0013335486,0.0077245007,-0.0008547628,0.0007518133,0.00070118794,0.0033056014,0.0019726688,0.00015301227,0.000511169,-0.00035771923,0.0025067024,0.00083270296,0.0,0.001131233,-0.00040821222,0.00089644996,0.001013425,0.00036124612
2019-07-05,0.0014559719,0.0013028359,0.0010892674,0.0020702376,0.0028821274,0.0018768982,0.007941465,0.0018586848,0.0014606278,-0.00086498435,0.0005691372,0.0025292488,0.0036623091,-0.0023942038,0.0028291533,0.0002344299,0.0010207079,0.0009940192,0.0048988345,0.0014559719
2019-07-08,0.0014881201,0.0003514251,0.0018061965,0.0024547575,0.0011791592,0.00068776676,0.0004830384,0.0035365652,0.0017614895,-0.000700735,0.0015254638,0.00062296534,0.0054666284,-0.004751965,0.0008436138,-0.00081204966,0.0,0.0014983875,0.004106799,0.0014881201
2019-07-09,0.0005971834,0.0009652382,0.0011187252,0.0019810654,0.0019301027,0.0021120845,-0.001859551,0.009579947,0.00181903,0.0016651212,0.0002477028,-0.0004414018,0.00036507015,-0.00032790648,0.0016519623,-0.00057911203,0.00015760575,0.0021036824,0.0033850132,0.0005971834
2019-07-10,0.0017350724,0.0026384539,0.00092556886,0.0017134083,0.005904926,0.0016151611,-0.0003548946,0.003613449,0.0015573797,0.0019113777,0.006314574,-0.0011380997,-0.00296065,0.0029206774,0.005672076,-0.001491644,0.0003510675,0.0019710702,0.009079265,0.0017350724
2019-07-11,0.0016717104,0.0016951525,0.0015292868,0.0016146209,0.0044975276,0.0029759214,2.0845737e-05,0.005032357,0.0031533595,0.00031494943,0.008253615,0.0,0.00015423856,0.0005506857,0.0059289997,-8.383803e-05,0.0,0.0013500557,0.0048225475,0.0016717104
2019-07-12,0.0017368926,0.0023324848,0.0012518354,0.004339277,0.00045907943,0.0063661756,0.0015845628,0.007955492,0.0032964088,0.0025462806,0.002440561,0.0019582426,0.0019667502,0.0014109307,0.0011977158,-0.00029320808,0.00036660768,0.0013047175,0.004535899,0.0017368926
2019-07-15,0.002682066,0.0029843845,0.00093583704,0.0013483174,0.003044724,0.008707852,0.0012615313,0.0029980934,0.0029999216,0.0014450985,0.008244128,0.0056541776,-0.005161497,0.0,0.0005192661,0.0006283347,-0.00019212572,0.0012121785,0.0016787128,0.002682066
2019-07-16,0.00085377827,0.00140383,0.001411669,0.0015802454,0.0061751893,0.0052877236,0.0001980302,0.0032014612,0.0045473687,0.0007885969,0.0,0.0025615832,-0.00090090017,0.0037444085,0.00063694204,0.0012120467,0.0006814461,0.0022530144,0.0027617852,0.00085377827
2019-07-17,0.001773591,0.0012806437,0.0014431154,0.0010498144,0.0020638509,0.0023235776,0.0018856789,0.0006056943,0.0023741773,0.0,0.0008167886,0.0015478941,-0.00052347104,0.008206553,0.00070460705,0.002577592,0.0009571963,0.0014597288,0.00118868,0.001773591
2019-07-18,0.0017559178,0.00090822246,0.0014139545,0.0011856989,0.0030191813,0.0017952243,0.00030448553,0.0009140209,0.002341871,0.005450952,0.0050816415,0.0006788794,0.00052634,0.0035584357,0.0018423846,0.0014133612,0.00066732184,0.0017242352,0.0012111521,0.0017559178
2019-07-19,0.0014549941,0.0006411776,0.0009527953,0.001158835,0.0056549,0.0009812681,0.0010087958,0.0025672992,0.0018375025,0.0053469883,0.00020496252,0.0015832264,0.005624486,0.0011916748,0.0021227044,0.0019033618,0.0011875546,0.0022452767,-0.0006878678,0.0014549941
2019-07-22,0.0021682763,0.0015503347,0.00021037682,0.0011533628,0.003679359,0.0033662147,0.0006526137,6.024385e-05,0.0003155689,0.0021923734,-0.0021504844,0.0018841698,0.02454689,0.0020143623,0.006800056,0.0010357578,0.0011248542,0.0008492768,0.0,0.0021682763
2019-07-23,0.0035510133,0.0021272332,0.0010391417,0.0018321285,0.0043103336,0.009722079,0.001609875,-0.00201416,-0.00059921615,0.0015092705,0.0006951903,0.0037440327,0.0034028443,0.0009938073,0.0039741686,0.0005069823,0.00072573515,0.0035606427,0.002288104,0.0035510133
2019-07-24,0.0006841993,0.0013495808,0.00025206216,0.0018717436,0.0018680757,0.0011755266,0.002989969,0.0005035752,0.00025432397,0.0009752451,-0.0037654028,0.009511203,0.0027225227,0.0045498502,0.0024088474,0.0011386487,0.00033044786,0.0026524346,0.004445821,0.0006841993
2019-07-25,0.00068697886,0.0009348298,0.0008304027,0.0018982901,0.0031742852,-0.00034706813,0.003384241,0.0048341546,-0.00010365863,-0.00013249395,-0.0008576393,0.0032864322,0.0011718767,0.0064696074,0.00081903103,0.0019599698,0.0009338642,0.002994157,0.0028054581,0.00068697886
2019-07-26,0.002003517,0.0017652927,0.00010840403,0.0020786566,0.0017559924,-0.00030242503,0.0,0.0032311599,9.28161e-06,0.0,0.0008233425,0.0029257808,-0.0010952336,0.002068226,-0.0009256224,0.0013329479,0.0010267936,0.0015853614,0.0014946697,0.002003517
2019-07-29,0.0052323597,0.0006191545,0.0006026298,0.0015774991,0.00046953655,0.00016834104,0.0013868833,0.0028680437,0.0,-0.0022262775,0.0008551844,0.00030595908,-0.0004955706,0.0038503716,0.0009465777,0.0008338296,0.002195787,0.0015004129,-0.0024235484,0.0052323597
2019-07-30,0.0024829232,0.0013562876,0.0,0.0014120049,-0.0011490925,0.0011867133,0.00161721,0.0019598105,0.0010523207,-0.0011061062,0.00095958094,0.0007199562,-0.006965936,0.0026547268,0.0035707229,0.0013335922,0.0015740353,0.0015655487,0.0020857174,0.0024829232
2019-07-31,2.6411966e-05,0.0012152493,0.0006652589,0.003211916,0.0013196407,0.0001454307,0.0010646936,0.0018752262,-0.000113050206,0.0012059744,0.0014408601,0.0036817014,-0.00014631901,0.0013730557,0.0030735137,0.0015416113,0.0015255797,0.0010056478,0.00073678035,2.6411966e-05
2019-08-01,0.0010794019,0.00106646,0.0016690914,0.0008709445,0.00029123775,-0.0006379054,0.00088319846,0.0018811593,-8.833658e-06,0.002148427,0.0037564891,-0.0040456858,0.00036687125,0.002105339,0.0020146442,0.0019072389,0.0019277107,0.0018159621,0.0011184777,0.0010794019
2019-08-02,0.0013067733,0.0008869369,0.0017113466,0.0013728547,0.0014087864,-0.0012079502,-0.0016287649,0.0013586979,0.00054320693,0.0014665734,0.00049540924,-4.9301387e-05,0.0047616456,0.0020570543,0.003543801,0.0010222313,0.0012959731,0.0012088451,0.00018826273,0.0013067733
2019-08-05,0.00031348973,0.001751586,0.001192052,0.0012377485,0.0019796302,0.00059645553,0.00015578237,0.00085601746,0.0015267978,0.0014105943,0.00077340077,0.0013860115,0.0,0.0013121704,0.001323792,0.0010919991,0.0020135085,0.00042841997,0.00289362,0.00031348973
2019-08-06,0.0015657517,0.0017643535,0.00052600406,0.00048163006,0.00079142576,0.00043238798,0.0021525617,0.0007486069,0.0017010552,0.0015636864,0.0012325646,0.0002878104,0.00012724665,0.0031709285,-0.00035591106,0.0013125731,0.002168294,6.940544e-05,0.0017288714,0.0015657517
2019-08-07,0.0006839281,0.0015880289,0.00046649057,0.0009589523,0.0010397868,0.0022257555,0.0018826268,0.0006859525,0.001399317,0.0004987036,0.00048539438,0.0018370969,0.000389706,0.0003409218,0.0005532642,0.0013536606,0.0027797355,0.0013879886,0.0,0.0006839281
2019-08-08,0.0007278128,0.0016701524,0.00064790563,0.0007032673,0.00033195905,0.004417973,0.0021489642,0.00074597244,0.0006040273,0.00032015532,0.0016990849,0.0026488167,-0.000652765,0.0045136237,-9.970776e-05,0.00058073754,0.0017149479,0.0,0.0016019915,0.0007278128
2019-08-09,0.0041091368,0.0014097044,7.197711e-05,0.00066293665,0.0,0.001192607,0.0047691935,0.0007281757,0.00039085658,-0.0003233761,0.0030894044,0.0059777647,-0.0013183387,0.0019221896,0.0014722709,1.3821269e-05,0.0059911762,0.0011986976,0.0018339717,0.0041091368
2019-08-12,0.0007553366,0.00093585113,0.00091594446,2.5267653e-05,-0.0019292426,0.0025239189,0.002499853,0.0010955513,0.00056676613,-8.905056e-05,0.0012266584,0.0018380709,-0.00046383098,0.0014960163,0.0025852888,0.0010942441,0.0027104032,0.0015400831,0.0023711456,0.0007553366
2019-08-13,0.0012899034,0.00083213724,0.00090383796,-0.0027080562,-0.0014603846,0.0011435654,0.0029578262,-0.00015624089,0.0002948068,-0.00015311487,0.0010188872,0.0037015772,-0.004355816,0.0024849132,0.0,0.0014581401,0.00243959,0.00034769037,0.0,0.0012899034
2019-08-14,0.0002955773,0.0008731662,0.0013168092,0.00138783,0.00013662443,0.001658225,0.0056589656,0.00019527196,0.00035952087,-0.00039027267,5.6348847e-05,0.0015786794,-0.0015676506,0.003069611,0.0006509946,0.0005423046,0.0017637919,0.000370202,-0.00036108494,0.0002955773
2019-08-15,0.00076686253,7.203921e-05,0.0008913335,0.00048867683,0.0003657918,0.0027242352,0.002347209,0.0006151204,0.0008720269,0.00087823183,0.0014933916,0.0006691196,0.0009963104,0.00502276,0.0006108717,0.0015913331,0.0012253679,0.00045079074,-0.00206564,0.00076686253
2019-08-16,0.0026790807,0.00065849687,0.0015489646,0.002649393,0.0008561608,0.0009763179,0.0008390583,-0.000753118,0.0006676002,0.0039056377,0.00052528916,0.001547467,0.0015573393,0.0015562592,0.0005393937,0.0011079696,0.0015763235,0.0013373423,-0.0014573687,0.0026790807
2019-08-19,0.0007976917,0.00025912342,0.001205552,0.0026195992,0.0027143175,0.00219734,0.0007969579,0.0012316454,0.0010349186,0.0039342395,-0.0025853938,0.0,0.00222409,0.005062535,0.00022428903,0.0042837313,7.4220935e-07,0.0013749751,0.0011647621,0.0007976917
2019-08-20,-0.0019183788,0.0012031046,0.0005472253,0.002216779,0.00400163,6.185858e-07,0.0012660999,0.0012939489,0.001210611,0.00197597,0.0004396581,0.0038639377,0.0019298438,0.0034332292,0.0018967111,0.0018575077,0.00047347564,0.001539597,0.0020836422,-0.0019183788
2019-08-21,0.0012558738,0.0035220904,0.00060127553,0.0017877503,0.0016686375,0.0006636725,0.00091137446,-8.425096e-05,0.0016536294,0.0015242209,-0.0021659413,0.002098696,0.0016583831,0.005310882,0.0004858815,0.0010676514,-0.0004086425,5.1843756e-05,0.017940013,0.0012558738
2019-08-22,0.0012304652,0.005503546,0.00024887922,0.0014069899,0.0011080003,0.00198609,0.0012612767,0.00030744725,0.00033723883,0.0016831863,-0.0010641925,0.005905061,0.0014612933,0.0025318183,0.0018917563,0.0022250125,0.0005734798,-0.0001965088,0.016114542,0.0012304652
2019-08-23,0.0006612636,0.009731616,0.0013799593,0.00095310924,0.0035244983,0.0010271955,0.00088882324,0.0012025924,0.0010144173,0.0015149651,0.0050795577,0.0016072608,0.000684112,0.0046131336,0.001233485,0.0018725476,0.0014804376,0.0017581308,-0.0017047633,0.0006612636
2019-08-26,0.00038201836,0.0031881519,0.0019135457,0.0017379567,0.0,0.0003482836,0.0008481506,0.0008706904,0.00061065156,0.0019746225,0.009898679,0.0016726078,0.0008098473,0.0021678791,0.0007840367,0.0039270003,0.0015464314,-0.0025273913,-0.0007772195,0.00038201836
2019-08-27,0.00033175072,0.0036193663,0.001398575,0.0013456458,0.00068289915,-0.00015410892,0.0011991338,-0.00029650942,-0.00031730905,0.0015096194,0.008093339,0.00084704894,0.00038812956,0.0008974005,0.001338715,0.0055751735,0.0,-0.0023354944,0.00094648136,0.00033175072
2019-08-28,-0.00030172107,0.0024830578,0.0025922635,0.0007966416,0.004425889,0.00080939895,0.0006854729,-0.0009601242,0.00024977754,0.00307116,0.008242794,0.0027503963,0.0015817826,0.001509294,0.0015146282,0.0044606016,0.0018198697,0.003412825,-0.0109342765,-0.00030172107
2019-08-29,0.00027105142,0.001631145,0.0009527676,0.00085706764,0.0015702891,0.0016615135,0.0007345872,0.0013858832,0.00088598736,0.002892219,0.0010635419,0.0020786326,0.0010382727,0.0007500781,-0.00078030035,0.0060515637,0.0017275789,0.002794294,0.001885959,0.00027105142
2019-08-30,0.0014868265,0.0011480703,0.0021651813,0.0021236057,0.0005813756,0.0016064644,0.0013243174,0.0009111571,0.0016928454,0.00541248,0.0020715143,0.0027743585,0.0007907117,0.00037234876,0.0002773846,0.0033115055,0.0015632825,0.0057296786,0.0008822925,0.0014868265
2019-09-02,0.0017409214,0.0,0.0011487956,0.0012422174,0.0011924019,-0.0017386482,0.0013678791,0.0006231293,0.0,0.0010035295,0.0008572283,0.00064140797,0.0006190906,0.0015088717,0.0024426773,0.00073935464,0.0008701225,0.0008839002,0.0052665337,0.0017409214
2019-09-03,-0.0007973539,0.0013899659,-0.000318767,0.00044374107,-0.0008104256,-0.0073697986,0.0011387753,0.0016792748,0.00015697208,0.005515268,0.0061176326,0.0005011692,7.9991274e-05,0.0,-0.00080989243,0.0011816209,0.003207694,0.00784216,0.0077615576,-0.0007973539
2019-09-04,-0.00068450056,0.0022019523,0.0011401803,-0.00026129623,-0.0015060909,-0.00035120195,0.00096781267,0.0002901506,0.00064800476,0.0057408675,0.004278575,0.0017548882,0.00093628763,-0.00082820054,0.0010501429,0.0045077032,0.0015253566,0.0005871553,0.002161059,-0.00068450056
2019-09-05,0.0010905801,0.0029800914,0.0018027688,0.00024358132,0.00025402426,0.0026853532,0.0011954935,0.000615204,0.00029178287,0.0039852927,0.0019709244,0.0031044495,0.002695233,0.00043116353,0.00031660113,0.00721256,0.0011457374,0.007821051,0.001589448,0.0010905801
2019-09-06,0.0,0.0021063127,0.0016780201,0.0007992472,0.0010917052,0.004257276,0.00017284464,-0.00027453812,0.0012048576,0.0026600277,0.0021611413,0.0006435241,0.0020398048,0.0,-0.0013464306,0.0061495723,1.7689388e-05,0.0011972376,0.00065899035,0.0
2019-09-09,-0.0011582884,3.2008822e-05,0.0024276446,0.00016555566,0.0024187576,0.0010126854,0.0011685352,0.0016327451,0.0012722531,0.0010482334,0.002417883,0.0006415174,0.0026949588,0.0013225931,0.0008521126,0.0009062023,0.0008780212,0.0009648751,0.0028103495,-0.0011582884
2019-09-10,0.0,0.0013326452,0.0005820934,-0.00039969108,0.0031882098,-0.00014457517,0.00020214633,0.0009912803,0.0021695052,0.0026554149,0.0018837433,0.0009352917,0.0019278021,-0.00014987365,0.0012471788,0.0015765096,0.0013802348,0.0015086517,0.0001888897,0.0
2019-09-11,-0.0013979432,0.0014736527,0.001447524,0.0012615055,0.0019662941,-0.00025002248,0.00047963424,0.0030641914,0.0029082876,0.0054823505,0.0,5.626905e-05,0.002060804,-0.001589256,9.3855444e-05,0.0020781136,0.0005257251,0.0042851376,0.001039447,-0.0013979432
2019-09-12,-0.00015711889,0.00054386014,0.0011185165,0.0021650007,0.00035547593,-0.000603705,0.00035866816,0.0018923923,0.0007525786,0.0015000893,0.0043599815,0.0005070053,0.0008210126,0.00032018445,-0.0005846149,1.755908e-05,0.0009516375,0.0006064902,0.0001131012,-0.00015711889
2019-09-13,0.00043900963,0.00017699623,0.00021858815,0.0016490812,0.0024189805,0.0,0.00050123304,0.00355921,0.00092410325,0.0019518052,0.0008470405,0.0009510466,0.0036484895,0.00062739034,0.0044353693,0.0018111963,0.0005519653,0.0002984375,-0.0005167282,0.00043900963
2019-09-16,0.0017873509,0.00027553565,0.0015356392,0.0014323926,0.0015005963,-0.0021311133,0.000629694,0.0018435093,0.00085763633,0.005184985,0.0,0.0,0.0016883772,0.002917278,0.004494716,0.0010411729,0.0021980486,0.0042908285,0.001392528,0.0017873509
2019-09-17,0.0024480408,0.00060694857,0.0023884643,0.0002502382,0.000626678,-0.0013884804,0.0007430514,0.001085632,0.0006431102,0.0032083644,-7.428434e-05,0.00047417256,0.0024770824,0.0016068208,0.0027437813,0.008703824,0.00028412614,0.0068653966,0.0030782784,0.0024480408
2019-09-18,0.0007047468,0.00022492472,0.0,0.001053997,0.00065788,0.008218758,0.0007031477,0.0017570752,0.00033458899,0.004488736,2.1241265e-05,0.0013812196,0.0002804205,0.003086623,-0.00047198858,0.0015870294,0.0010870041,0.0030637232,0.0035665364,0.0007047468
2019-09-19,0.001574053,-5.8967717e-06,-0.00028205253,0.00039944472,0.00075516343,0.0017474573,0.0008385194,0.0010317515,0.0018236893,0.00083434506,0.0010447272,0.002151654,0.00048283167,0.001474028,0.0007135078,0.0010759897,0.0014104553,0.0018139383,0.004796291,0.001574053
2019-09-20,0.0012032739,-5.6214816e-05,0.001206405,0.0016780371,-9.0199515e-05,0.0031897225,0.0019807266,0.0013810117,0.0013675636,0.0004714152,0.0014684455,0.0025222322,0.002119374,0.00050526037,0.0015860347,0.004380363,0.0019327907,0.0105337035,0.0017512862,0.0012032739
2019-09-23,0.0014389177,-0.00021748933,0.0028770408,0.00027997032,0.002337022,0.0008701551,0.00163624,0.0018018946,0.0016671257,-0.0022775996,0.0062211547,0.00025999197,0.00092969177,0.002158726,0.0012667301,0.0034450435,0.0031345927,0.0033915231,0.0030503103,0.0014389177
2019-09-24,0.0023988558,0.0008998219,0.0013203523,-0.00028839114,9.934294e-05,-0.0034741908,0.00065222516,0.0014523851,0.001574003,0.00033738732,0.015998801,-0.0002326434,0.0006626983,0.00172359,0.0003592761,0.0029798064,0.001496499,0.0009049451,0.0009565396,0.0023988558
2019-09-25,-0.001082695,0.00096152065,0.00034473938,0.0006949251,0.0002762236,-0.00056405336,0.0010491691,0.0018441014,0.0017582094,0.00068735756,0.006815665,0.00021762858,0.0015485887,0.0015303962,0.0026147154,0.0013341147,0.002351332,0.0018681479,0.0019220279,-0.001082695
2019-09-26,0.0013939086,0.0010079447,0.0011132688,-0.0008116685,-0.0015006022,-0.0023166023,0.00087785785,0.0027296538,0.00095875334,0.001913315,0.0003638887,0.0003599668,0.0016843674,0.0018966476,0.0011077508,0.0049060383,0.0017387886,0.00012587718,0.0019345836,0.0013939086
2019-09-27,0.0045540053,0.0011710927,0.00024227273,5.986039e-06,-0.0004874495,0.004288917,0.0011423437,0.003465479,0.0009591253,0.0012353625,0.0032029024,0.0016504157,0.0009033121,-0.00036328653,0.00019089312,0.008393997,0.0016690106,-0.001687285,0.0016631755,0.0045540053
2019-09-30,0.0018825061,0.00053433416,0.00033359753,0.00037182658,-0.0010537856,0.0048384476,0.0007870563,0.004956196,0.001021929,0.0029854905,0.00015482849,0.0018760881,-0.0011633973,-0.0005404284,0.001196525,0.0055000717,0.0012508422,0.0022845576,0.00011140657,0.0018825061
2019-10-01,0.0008811771,0.0008633945,0.00025075857,0.0020603994,0.0006891236,0.008029857,0.0007564261,0.0017630026,0.0018464244,0.0011812005,0.006722425,0.0011333163,-0.0029545033,-0.00045495838,0.0016155508,0.0060948962,0.0011307233,0.008551419,0.00087558356,0.0008811771
2019-10-02,0.0016594814,0.0034864086,7.2030365e-05,0.0021480853,0.0001990133,0.0070673204,0.0004826188,0.0018244772,0.0035815293,0.0017276438,0.010102375,0.0029005476,-0.00046043567,0.00093919213,-0.0010505781,0.0019264979,0.0018488207,0.0007986243,0.0016644044,0.0016594814
2019-10-03,0.0024023773,0.0011733981,-2.2775046e-05,0.0020465425,-0.0004822265,0.00477073,0.0011171019,0.000745926,0.001981465,0.0015394769,0.0077543575,0.005749471,0.0,0.0006308038,0.00062710757,0.0011390342,0.0019852677,0.0015788907,0.0005321997,0.0024023773
2019-10-04,4.436407e-05,0.0048822984,0.000719233,0.0007116688,-0.007043589,0.0022547878,0.0011936165,0.0014996446,0.004919786,0.0011737578,0.012178916,0.002182806,0.0010825434,0.0011706309,0.0016528063,0.00031774468,0.0019744963,-0.004133308,0.000830675,4.436407e-05
2019-10-07,0.0005071899,0.0016894939,0.00058371585,0.0013614713,-0.002518377,0.002715823,0.00068715296,0.0014742786,0.0029905108,0.0010932146,0.0065342886,8.162975e-06,0.0011531657,0.0005852515,0.0021282525,0.0,0.0013166526,-0.0001551943,0.0019667468,0.0005071899
2019-10-08,3.0854786e-05,0.0023357002,0.0017021404,-6.535161e-05,0.000489909,0.0031232408,0.000828915,0.0016796443,0.00022277127,0.0017847772,0.0064703287,0.0010897749,0.0013553238,0.0041913455,0.0002738773,0.0010382936,0.0020860287,0.0019568587,0.0014549237,3.0854786e-05
2019-10-09,0.0024090826,0.0012364996,0.0022756692,-0.0016713354,0.0017007804,0.0003605375,0.0002148314,0.0007240887,0.00086692086,-0.00044964245,0.0006410961,0.0069351844,0.002174945,0.001189854,0.0018663924,0.0008419908,0.001462646,0.0022267427,0.0024652297,0.0024090826
2019-10-10,0.00025791032,0.0027953817,0.0068138903,0.00024168876,0.0014027604,0.002499272,0.00093130756,0.00015245924,0.0,-0.00049125444,-0.00014575098,0.008434466,0.0005329321,0.0016847019,0.0006978138,0.0009717763,0.001197229,0.00043871676,0.0010962979,0.00025791032
2019-10-11,0.0029283077,0.0010913493,0.0031676607,8.322233e-05,0.006166059,0.0006777237,0.0005746557,0.00066137855,-0.0017454057,0.0020655466,0.0064303675,0.010727566,0.0012518677,0.0027764447,0.0028872327,0.0004820125,0.0008203119,0.0069463984,0.0,0.0029283077
2019-10-14,0.00018497715,0.0014115593,0.0025573245,-0.0007789822,0.0056015067,0.0010838932,0.0011374989,0.0013614941,-0.0010465499,0.002216907,0.0016173046,0.0019283243,0.0010133812,0.0021113583,0.00029593587,-0.001062662,0.0007513901,0.007830155,0.0011235443,0.00018497715
2019-10-15,0.0,0.0012253737,0.002092536,0.0005914705,0.00042482346,0.0010928783,0.00036282078,0.0002631405,0.0005243974,0.0007917806,0.0007144788,0.0005125142,0.00058451854,0.0009740301,0.0,-0.0030142765,0.0008776201,0.004715586,0.0037415393,0.0
2019-10-16,-0.00318772,0.00076338917,0.0011464691,0.0019603977,0.00021882821,0.0014892796,0.00031410946,7.423017e-05,0.00046622803,0.0010527595,0.0009468019,-5.4077922e-05,0.0009700767,0.001027336,-0.0013379768,-4.702203e-05,0.00056286796,0.001873462,0.0015943691,-0.00318772
2019-10-17,-7.7767356e-05,0.0018565515,0.0005237024,0.0011102225,-0.0012512327,-0.004604865,0.00031420187,0.0,0.0015326233,0.0010386962,0.002161425,0.001482851,0.00025104237,0.0,0.0010409274,-0.0013420733,0.00085478637,0.00049214443,0.0009788782,-7.7767356e-05
2019-10-18,0.00018675948,0.004813603,0.0017656,0.0015802423,0.0,-0.0011550093,0.001682012,-0.00089364167,0.0016188533,0.0018723984,0.002685715,1.75406e-05,0.0030371922,0.0005421801,0.0015460437,0.0009572217,0.00040671308,0.010783822,-0.0024315892,0.00018675948
2019-10-21,-0.0006251213,0.0032159924,0.0018312861,0.00074658863,0.0018384687,0.00064178166,0.00029501863,0.0005012622,0.0008055195,0.001787598,0.001224863,0.0004142343,0.00072146184,0.0013178753,0.00026482198,0.0025499158,-3.6794834e-05,0.0024270595,-0.0018764132,-0.0006251213
2019-10-22,0.0007345499,0.0015648514,0.0012766559,0.0010417263,-0.0005925696,0.0,0.00014340076,-0.0005765951,0.00016563499,0.0076405457,0.0050765704,0.00036761275,0.001531977,0.0015982375,-0.002687587,0.003287396,0.0011963263,0.0,0.0019031115,0.0007345499
2019-10-23,0.0048580263,0.00073440885,0.0010829467,0.0016336491,0.00071843184,-0.0014638273,9.2799084e-05,0.0007225885,0.00019781111,0.0016818728,0.00014570494,-0.0028378787,0.0026150534,0.0010190553,-0.0022266647,0.0019203987,0.001024068,0.0013801304,0.002275972,0.0048580263
2019-10-24,0.0025645313,-0.00072269724,0.0008009654,0.0024487658,0.00045648305,-0.0006000258,-0.000103694045,0.0019085611,0.00041385682,0.0021065616,0.0015895793,8.1818536e-05,0.000548005,0.0020656704,-0.003105137,0.0013476067,0.0011882007,-0.00029912964,0.003874832,0.0025645313
2019-10-25,0.0016518928,-0.00016436704,0.0007473152,0.0013865579,0.002119303,-0.00059852493,0.0,0.0019071305,-0.0034747375,0.0,0.0008281325,0.00085099845,0.0012059157,0.0005253987,-0.0008446003,0.0013649155,0.00067915354,0.00071228534,0.0050425776,0.0016518928
2019-10-28,0.0004327351,0.0,0.00014875781,0.0022139137,0.00036190893,0.0001954959,0.0003926507,0.00057063624,0.0012696955,0.00070434314,0.0019124517,0.0022747,0.0019823925,0.0,0.00045033408,0.0007092856,0.00018631929,0.00031767625,0.0024166927,0.0004327351
2019-10-29,-0.00032374708,-0.000115482384,-0.00045588514,0.0023932192,0.00047228156,0.00056574034,0.00023922976,0.0010090583,0.0010419942,0.00027366346,0.0042821127,0.00093343033,0.0021619613,0.0013447367,0.0010336135,0.002625518,0.00073648855,0.002696274,0.0005784289,-0.00032374708
2019-10-30,-0.0003673099,-0.0009935119,0.0,0.00045379627,0.0008594536,0.0008093149,0.0009787178,0.0010833133,0.0018496679,0.000551832,0.001117446,0.0013253291,0.0014120013,0.0033961583,0.00045039886,0.0010203049,0.001181622,0.0028158918,0.004151875,-0.0003673099
2019-10-31,0.001703786,-0.000760423,-3.428837e-05,0.0,0.0009098652,0.00046031093,0.0011883121,0.001013826,0.0024785972,0.0016957164,0.0057812934,0.0009130765,-0.00095263735,0.0036062708,0.003517905,0.0008645817,0.0016313341,0.0010780344,0.0,0.001703786
2019-11-01,0.0021955234,0.0021076966,0.00048128614,0.00041538238,0.0016749935,-0.0043359287,0.0011543835,0.00065274315,0.0038090032,0.001312206,0.001979705,0.00025570535,0.0015802161,0.0015320431,0.0036599657,0.0011770631,0.0005520272,0.0011731024,0.0017079961,0.0021955234
2019-11-04,0.0011555391,0.0006655447,0.0011354702,0.0022808828,0.0005006629,0.00044551588,0.000657332,0.0014475189,0.0030531797,0.0013204511,0.007766731,0.0011858817,0.0031547442,0.0011386358,0.004774802,0.0001539901,0.00015695064,0.0057693534,0.0010137093,0.0011555391
2019-11-05,0.0020008027,0.00054379506,0.0010218277,0.002739869,0.0056403484,-0.0023677016,0.0004927817,0.0027972662,0.002537599,-1.6646902e-05,0.0024122004,0.0011834592,0.0011697152,0.0006413736,0.0031229537,0.0011955344,0.00052871177,0.0021392405,-0.00033297777,0.0020008027
2019-11-06,0.00042847192,0.00045686844,0.0026367905,0.00468661,0.0027609866,-0.0027051438,0.0011256012,0.005567461,0.0011949353,0.0036627857,0.0020703606,0.0011184706,0.0011605002,6.979026e-05,0.00018759158,0.0012168174,0.0010321583,0.0017626734,0.00072160456,0.00042847192
2019-11-07,0.0006147708,-2.9025754e-05,0.00055420265,0.0034417345,0.0036053734,0.0053658597,0.0016904749,0.0041116932,0.0006218049,0.009478898,0.001347767,0.0033948033,0.0013992197,0.0028712854,0.0013447214,0.0016308686,0.0012046101,0.0029283084,0.0019091737,0.0006147708
2019-11-08,0.00040639058,0.00063330214,0.0,0.0010877406,0.0028516757,0.004012772,0.0015420208,0.0027191276,0.0015103943,0.001816408,0.00079610577,0.0009817223,0.0035099075,0.0011301702,0.0016580187,0.0008943644,0.0012896718,0.009820233,-0.000829882,0.00040639058
2019-11-11,0.0008293037,-6.081735e-06,-0.001194556,0.0022181508,0.0029125642,0.0015123745,0.0009831686,0.0005875284,0.0006879609,0.002182103,0.0014569706,0.0009634753,0.003469174,0.0013517025,0.0008889666,0.0009647019,0.0013241819,0.0116626,-0.0009147184,0.0008293037
2019-11-12,0.0010902098,-0.00015405404,-0.00029043556,0.0012118353,0.000845187,0.007743584,0.00053243805,0.0014600164,0.0005625946,0.0009901976,2.1938124e-05,0.0015727788,0.0014158068,0.0018994452,0.00095452723,0.0007968527,0.00029595973,0.012997495,0.002704423,0.0010902098
2019-11-13,0.0016268446,-0.0012855751,0.0,0.0001728735,0.0013447898,0.0030777457,0.0015857598,0.00066538865,0.0008811674,0.0,0.00019387294,0.0032819803,0.0010197769,0.0028950588,0.0011103809,0.00094905327,0.0,0.00071862235,2.1015076e-05,0.0016268446
2019-11-14,0.0013085551,0.0,0.00016778856,-0.00010447536,0.0011028985,0.0032006176,0.0004283748,0.0018832628,0.006881013,0.0005444363,0.0011544653,0.003043494,0.000666928,0.0025401695,0.0,0.0006678233,-0.000727416,0.0005891958,-0.0019650515,0.0013085551
2019-11-15,0.0011949419,0.0013019381,0.0026880766,-0.0016950241,0.0038172568,0.0015243574,0.001176961,0.0020494568,0.0025811568,0.007593202,0.0013569806,-0.0045413985,0.0009769892,0.0006826658,0.00021754454,0.002824467,0.009890276,0.00012768152,0.0011359233,-0.000114554394
2019-11-18,0.0012880546,-0.0019900594,0.0080809845,0.0017585552,0.0010869809,0.0036801915,0.00012034831,0.0078004724,0.0019648562,0.005346776,0.002192608,0.0009284678,0.00077680725,0.0010670073,-0.0018691561,0.0035669412,0.0058452473,-2.6066818e-05,0.001473372,0.0003763798
2019-11-19,-0.0006978766,0.0,0.0031547379,0.0,0.0,0.0004619097,0.00015905814,0.005548945,0.0011077374,0.009482752,0.001291395,0.004500454,0.0009373055,0.0023997608,0.00086317473,0.0030188032,0.00073434185,1.6196647e-05,0.0011183607,-0.00011238289
2019-11-20,-0.00032961532,0.0,-0.0003975555,-0.0020010697,0.0033496558,-0.002127552,0.0026409035,0.005863727,0.009843208,0.0077079423,0.0013472278,0.009623151,-0.0009779822,0.0014539699,0.0015012494,0.0047591305,-0.00084465597,-0.00096448156,0.001240014,-0.00067925244
2019-11-21,-0.0022556887,0.0005915099,0.00038885145,8.0481695e-05,0.0,-0.00021726628,0.0021427637,0.0015572286,0.00078845693,0.0007689048,0.0016162791,0.0020584264,-0.00038797018,0.00083756784,0.0029998329,0.0029094333,0.002325098,0.0,0.0012302671,-2.20152e-05
2019-11-22,0.0,0.0005024428,0.0014941744,0.0007311743,-0.00336933,0.0021962659,0.0037245397,0.0004170802,0.0019336547,0.0025966337,0.0021028272,0.0018591677,0.00088514126,0.0011108245,0.0026720804,0.0005327644,0.00047617493,-3.3963926e-05,0.0015072057,-0.0025605154
2019-11-25,0.00017663467,6.16523e-05,4.5586392e-05,-0.00077586225,-0.0028813202,0.0013286924,0.0022989486,0.0011824593,0.0024193032,0.0020890257,0.0025951953,0.00053487404,0.0011827893,0.000295029,0.0,0.0009005148,0.0025314968,0.0009154414,2.953379e-05,0.00016529408
2019-11-26,0.0006806883,-0.0001081787,0.0011725686,0.0,0.0015179488,0.00070312084,0.0026645444,0.0021857051,-6.5767825e-05,0.0017716157,0.001308684,0.0026604363,0.00043174258,0.0020129972,0.0019304113,0.002321546,0.0025145458,0.00029466415,0.0011819658,-8.214195e-05
2019-11-27,0.0,-9.898681e-05,0.0033895702,0.0007154122,-0.013523213,0.00130581,0.0011975653,0.0017623338,0.0010006847,0.0015167538,0.0018566843,0.001977189,0.0006629455,0.0012906995,0.0016087149,0.0010114072,0.0020272941,0.00088129734,0.0007386174,-0.0016682429
2019-11-28,0.0008819893,0.0003336883,0.0056560948,0.0006246162,-0.046112124,0.0052728723,0.0019092438,0.0031111958,0.0015235005,0.0032039601,0.001581223,0.0023872452,0.001354947,0.00050111,0.005571675,0.0039602504,0.001013078,0.00064085226,0.0,0.00018055228
2019-11-29,0.0010851221,0.00341394,0.0021236588,0.00040354126,0.000968924,0.001028682,0.00079268764,0.0025214877,0.004262164,0.003423246,0.001307012,0.0,0.0010692267,-8.749588e-05,0.001698386,0.006355057,0.0,0.00056220015,0.0009682176,0.0008423669
2019-12-02,0.0,0.0006880913,0.0027918378,0.0014773102,-0.0037003781,0.00045049013,0.0019180212,0.0013471288,0.0012762567,0.0042419042,0.00086613925,0.0027718886,0.00031422122,0.0014801988,0.0016771657,0.0020555386,0.0005534188,0.00031094495,0.0015514853,0.0008516707
2019-12-03,2.8957677e-06,0.00040566045,0.0017635626,0.00035249,1.8993422e-05,-0.00086831185,0.0011655727,0.0025352086,0.006819661,0.004039156,0.00061753707,0.0027093424,-6.311456e-05,0.0015466549,0.0018382542,0.0017326967,0.0012921384,0.0008500162,0.0010501521,-0.00072113663
2019-12-04,-0.0017168152,0.0010645034,0.0038241493,0.0027664553,0.00016732432,0.0005367886,0.0014913989,0.0006816233,0.0012570987,0.010679949,0.0013720862,0.0024139972,0.0003937978,0.0,0.0,0.0014596208,0.0023843814,0.0023844428,0.0013324745,-0.0005767493
2019-12-05,9.89038e-05,-0.0006528423,0.014182592,0.0021071043,0.0015159093,0.0016580612,7.712834e-05,0.0016254021,0.0019612391,0.006957143,0.0017097788,0.001608889,0.00065604114,0.0016796668,-0.00014510319,-0.00021817585,0.0021972456,0.001903762,0.00093020854,-0.0034744386
2019-12-06,0.0021519652,-0.00048511472,0.004780791,0.0056269364,0.0008125089,0.0012392176,0.00039167347,0.0018383027,0.0013251757,0.0055932156,0.0012151924,0.0033960082,5.1877974e-05,0.0010699502,-0.0009733919,0.0014211746,0.0033297779,0.0015477851,0.00024611386,-0.006630271
2019-12-09,0.00555676,0.001902704,-0.000488335,0.00040257256,0.0013084154,0.0038915635,0.0014691068,0.0015884569,0.0043899794,0.0044986126,0.0013313093,0.0005387147,0.00032176744,0.00071901263,0.0011787601,0.0001939044,0.0017076095,-0.00015386664,0.00020980796,-0.0029987358
2019-12-10,0.0015039471,0.0006196516,0.0035363643,0.0020679038,0.0018024865,-0.0004297649,0.0006984187,0.0026669875,0.00083021284,0.002690797,0.0007977697,-0.00088031584,0.0007138193,0.0024209064,0.0010908762,-0.0004526775,0.004813992,-3.6041674e-05,0.00083373836,0.0004490558
2019-12-11,0.0013881996,0.0007894309,0.0008088399,0.00056080235,0.0020551612,-0.0003371323,0.00097298843,0.00233163,0.0002774623,0.0013266399,0.00032390724,0.00069699663,0.0006625838,0.00075101486,0.002086084,-0.0012544284,0.005575869,0.0012967737,0.00043797615,-0.0006661938
2019-12-12,0.008402288,0.0011089789,0.0016763132,-0.0012023803,0.00039237633,0.0056156614,0.00095815305,0.0036444708,0.001399672,0.0048401337,0.0006691534,0.0,0.0010663822,0.00080561073,0.0023346832,0.0013442785,0.0026897646,0.0015796403,0.001814,-0.0020201257
2019-12-13,0.024818726,0.0014726561,0.003387861,-0.00095557177,0.0013518821,0.0040963446,0.0015361318,0.0014921781,0.0016066479,0.00093577965,0.0005425249,0.0058426433,0.00086691167,0.0010163188,0.002494225,0.0016149132,-0.0018185747,0.000507638,0.002140058,0.0037135687
2019-12-16,0.0058343266,0.0010161913,0.00094668247,0.00038472321,0.0024174526,0.0068280837,0.0019861967,0.0009644875,0.0059075747,0.0015466854,0.0006179388,0.0051755025,0.00037556342,0.0020403266,0.0005884127,0.0013772037,-0.0005149145,0.0021726994,0.0014735988,0.00089349353
2019-12-17,0.0010267594,0.0013341435,0.0030242687,0.0013209857,0.0007095255,0.006594393,0.0015974557,0.0021353052,0.0024817386,0.00037695895,0.00023955746,0.012116212,0.0008612181,0.0026070818,0.0010512567,0.00181888,-0.0022527333,0.0005328708,0.0018788473,0.0015248404
2019-12-18,0.0012417756,0.0027629514,0.0036844083,0.0019593672,0.000993454,0.0016791279,0.0008301017,0.0010312469,0.007010061,0.0010515002,-6.8175315e-05,0.012100143,0.0015907359,0.002093451,0.0025120832,0.0024846005,0.0010496628,0.002057226,0.0014990723,-0.00013413576
2019-12-19,0.0034726334,0.0024289123,0.007373413,0.0,0.0017584736,0.0018174228,0.0016512987,0.00013154262,0.0018249209,-0.0038015253,0.0,0.001382388,0.00082987436,0.001492559,0.0008504051,0.0,-0.00032371204,0.003159311,0.00042548767,0.0019411942
2019-12-20,-0.00359571,0.0005825296,0.0019826686,0.001042495,0.001852613,0.007034981,0.00058920187,-9.678545e-06,0.0028801,-0.00063230656,0.0007049607,0.0033239627,0.0014631173,0.0014695294,0.0048951902,0.00235312,-0.0003879444,0.0049798903,0.0011132165,0.0013139879
2019-12-23,0.0011129918,6.146252e-05,0.0059001707,0.002357675,0.0008100301,0.0039249044,0.0011970558,0.0011820543,0.0014753229,0.0016648185,-0.00049964327,-6.4983756e-06,0.00066717557,0.0016926429,0.003318772,0.003149879,0.0059078215,0.002779393,0.00042353454,0.0019640247
2019-12-24,0.0008735005,-0.00020808465,0.0042188247,0.0006426074,0.00084482925,0.00089104386,0.00016058056,0.0005034498,0.0016900089,0.0,0.0006485708,0.001971245,-0.0005492442,0.0013050013,0.0024208892,0.000828591,0.001539949,0.0018000794,0.0006549611,-9.9747376e-05
2019-12-25,-0.0003636806,0.00040948298,0.006401002,0.002410921,0.0012703403,0.002544645,0.0010702607,-9.681199e-05,-0.0014245936,0.0012607079,0.00102116,-0.00036209315,0.0004983929,0.0,0.000863422,0.0019784968,0.005959164,0.0010681619,0.0015966897,-0.0005762265
2019-12-26,0.00016278533,-0.00037425448,0.0021052586,0.0068064146,0.0013408216,0.00086833467,0.0011802785,0.0008725476,-0.00037929075,0.001901789,0.0011224466,-0.00013619055,0.00043866326,0.0013633401,0.0036836322,0.0014675285,0.0012889588,0.0018456465,0.0015835554,0.0011302334
2019-12-27,0.0003287324,0.0006629554,0.0031695531,0.0032397143,0.0006812734,0.000574062,0.0010526984,0.0007883047,0.0021204497,-0.0012199355,0.0017079499,-0.00010540185,0.00018798171,0.0006862998,0.004021096,0.0023021149,0.008769765,0.001109321,0.0011745587,0.0012140367
2019-12-30,0.003236817,0.00085850485,0.0026420453,0.0029240765,0.001534189,0.003916125,0.0016851051,0.00034490568,0.0019831057,0.0012260816,0.001709939,3.1594365e-05,0.0007189666,-0.00021438254,0.00830979,0.001656062,0.0018657716,0.0009826836,0.0010953773,0.0037876647
2019-12-31,0.000821523,0.0013471014,0.008078902,0.0006785039,-0.0048915404,0.0,0.0,0.00029636623,0.0014832614,0.000987018,0.0012912943,0.0010741928,0.0009776991,-3.6682588e-05,0.0015022254,0.0052515105,0.00056650274,0.0026433317,0.000541541,0.0015140848
2020-01-01,0.0015432794,-8.480556e-05,0.0020852974,0.0020512212,0.0017294036,0.0015648988,0.00095764315,0.00093076046,0.0007290914,0.0018562801,0.002617473,0.00016383502,0.00048125198,0.0,0.0011714909,0.00095593603,0.0005421628,0.0011009667,0.00023639631,0.001048687
2020-01-02,-0.002820102,0.0,0.0019113208,0.0014280984,0.00038665958,0.0018007035,0.001526548,0.001519242,0.00045083652,-0.0005636971,0.00032867337,0.0008276895,0.0010089594,0.000552138,0.00068620394,0.0014004203,-0.0040624235,0.0021053841,-0.0003109101,0.0013661139
2020-01-03,0.0014741006,0.000432131,0.0011740712,0.0025505146,0.024337055,0.0015877248,0.0019300315,0.0016893602,0.0018099487,-0.00014980308,0.00128147,0.00030315225,0.0012018994,0.0017638931,0.00058462814,0.00038954383,0.0013298634,0.0006891249,0.00013463269,0.0025143786
2020-01-06,0.0018653059,0.00066377316,0.0006202247,0.00084926566,0.00797711,0.00068803434,0.0008682234,0.0012749325,0.0014107858,0.0014734055,0.00038479955,-0.0016259421,0.00053012633,0.0014120161,0.0018464436,7.5877484e-05,-0.0001602561,0.00078385527,-0.0011834219,0.002821872
2020-01-07,0.006417849,0.0013410626,0.0020723753,0.0014504121,0.0073868083,-0.002515328,0.0010173738,0.0012668301,0.0008515108,0.000590853,0.0013364997,-0.00025162124,-0.00027738223,0.001513659,0.0018641355,-0.00020769984,0.0009341518,0.0021944041,-0.00040695138,0.002690646
2020-01-08,0.00038537232,0.00027033256,0.0009785466,0.0023866568,0.029353833,-0.0005876096,0.000380887,0.0025194772,0.0005326337,0.0025494185,0.0021115043,0.0012108875,-0.0005473571,0.0006008416,0.00039263736,0.0024970656,0.0005646297,0.00070543576,-0.00056516775,0.0044461763
2020-01-09,0.0013907921,0.0,0.004950038,0.0,0.0011089304,-0.00043707874,0.0013690735,0.0018060505,0.0010873026,0.0011364642,0.0014683416,0.00672841,0.00021374345,0.001488847,0.0017130476,0.0021151346,0.0006780759,0.00093550945,-0.00014928206,0.0013582945
2020-01-10,0.0006283791,0.0,0.0043220096,0.0010025239,-0.00018176514,0.0019759284,0.0005589616,0.0013167426,0.0025443318,0.0035640756,0.0018461067,0.006825708,0.0007002981,0.00067634,-7.244057e-05,0.001475906,0.0035043987,0.0010422232,0.0012567271,0.0006096741
2020-01-13,0.0026526463,0.0,0.0002915857,0.0022986883,0.0002747485,0.0016338262,0.00039766027,0.0026512912,0.00088191347,0.0035492412,0.001245792,0.006250547,0.00036299054,0.00079383276,0.0006186122,0.0016988909,0.0024769958,-0.00020824627,0.0007307174,0.0005336733
2020-01-14,0.00072073017,-0.0016079284,0.0007827335,0.0013549296,0.0031077089,0.00043928128,0.0005220722,0.0020395005,2.9430626e-05,0.0020149385,0.0018701925,0.00725821,0.0012297789,0.00066129176,0.0008460057,0.0024728451,-0.00032705962,0.0010399576,0.0010894857,0.004525348
2020-01-15,-0.0015920645,0.0009780291,0.0017507332,0.0010993218,0.00194529,0.0013503178,0.001488605,0.0011786734,-2.3111199e-05,0.001531783,0.00166215,0.007102659,0.0008562528,0.0009466105,0.00027443824,0.0027617451,0.0004951131,0.0,0.0007469489,0.0024348903
2020-01-16,0.00067001773,0.00055063074,0.0038853325,0.0027232883,-0.00019995491,0.0017450586,0.0011668846,0.0004739334,0.0012972375,0.0014636803,0.0013167863,0.007881559,0.00028475898,0.0011866823,0.0035382216,0.004985892,0.0037362045,0.00095780677,0.00028418173,-0.0005546822
2020-01-17,-0.0010050994,-0.00058774825,0.0001825912,0.0020690814,0.0026573786,0.0026547625,0.00029432544,0.0013491769,0.0021736699,0.00056874467,0.0003789439,0.0046297815,0.0007778998,0.00071661593,0.0011122791,0.0052097407,0.0008702646,0.0010833215,0.00021291648,0.0023071521
2020-01-20,0.004351611,-0.0003822831,0.0005865778,0.005213549,0.0019289044,0.0026723146,0.0005653748,0.001536167,0.0002270617,0.0022266128,0.0010204813,0.0025518315,0.001630767,0.0010125497,-0.0007374816,0.0023812999,0.001146237,0.0018642276,0.0,0.0013514428
2020-01-21,0.003764467,0.0011429635,0.0007177027,0.002669993,0.0033169356,0.0012315399,-0.00021346293,0.0016164108,0.0007017133,0.0023878277,0.00021553316,0.0005028446,0.0013673448,0.0,0.0008558719,0.0009377184,0.00035966618,0.0018297618,0.00039667435,0.0005732284
2020-01-22,0.0013282892,0.0015347109,0.0,0.005647434,0.0014063645,0.000699989,0.0006480597,0.00040472773,0.0005343504,0.0011084125,0.0014724686,0.000496298,0.0013193202,-0.0009348226,-0.0005151992,0.0005018534,-0.0038715403,0.003872889,0.0009128597,0.0018459664
2020-01-23,-0.00014015145,0.0008102219,0.001753244,0.0016358953,0.0017843177,0.00063201983,0.0002935434,-0.0007605762,0.0057965084,0.00014258178,0.0014457897,0.00017013871,0.0012576109,-0.00049089966,0.00041329188,0.0021999069,-0.002825714,9.194657e-05,0.00087264966,0.00078581815
2020-01-24,0.0003646208,-9.311029e-05,0.0014105312,0.00039632767,-0.00013339469,0.0017349035,0.00085260946,-0.0024241016,0.0037614133,0.0049508703,0.0017352933,0.000544644,0.0007708323,0.0010295702,0.0017251209,0.0012330165,-0.012649022,0.0,0.00062257616,0.00095137436
2020-01-27,0.0013340167,-0.00011069133,0.00068576843,0.00076220674,0.00066561124,0.0014497067,-5.1906998e-05,-6.126214e-05,0.0006235328,0.0005810336,0.00068686384,-5.6504643e-05,0.0007784461,0.00053164305,0.0017322688,0.00087348867,-0.0014978528,0.000243999,0.001538529,0.0034010848
2020-01-28,0.0035369417,0.0014183101,0.0023778817,0.00018541895,0.00016138736,0.0009832362,0.0026762371,0.00015934036,0.0017318868,0.0025016733,0.0013478186,0.00033052557,0.0004646347,0.0008514812,0.0018967935,0.0005545148,0.0,0.0,0.0013246168,0.0034620303
2020-01-29,0.0008691573,0.0019814218,0.0014248331,0.0004864234,0.0030753915,0.0,0.0038476912,0.0018377498,0.0021466708,0.002597409,0.0007113448,0.0004840211,0.000313292,0.0011286329,-0.0015699412,0.00069774204,-0.0034961891,0.0012415671,0.0018437428,0.0019162362
2020-01-30,0.00051671,0.0027854585,0.00015941377,-1.29925e-06,0.001886901,0.0022316002,0.0037980299,0.0023745687,0.0025649816,0.0015481755,0.0004122001,0.0013422307,0.0009374215,0.0005265156,-0.0007297426,9.53848e-05,0.0049366285,0.0024222366,0.0012098445,0.0039493092
2020-01-31,-2.6635094e-05,0.0009138641,0.0015403349,0.00017627503,0.003014511,0.00092062895,0.0024931522,0.000873721,0.00279001,0.0028448103,0.00014280505,0.0013952787,0.00018220462,0.0013884715,-0.0027362583,0.0,0.0058601606,0.0021568646,0.0006644051,0.0069980854
2020-02-03,0.0,0.000282089,0.0006802419,-0.0019285225,0.0027573977,0.0019219515,0.0018652424,-5.2149622e-05,0.001983142,0.0026900824,0.0005378893,0.00078126235,0.0007956998,0.0010123049,-0.0010624682,-3.120674e-05,0.0021553757,0.002154707,0.0007113936,0.002404869
2020-02-04,0.0,0.00074106804,-0.0004891591,-0.0009274914,0.004326463,0.0010682951,0.00053459994,0.0014724096,0.0009234348,0.003294603,0.00049266126,0.0017499543,0.0010725585,0.0010643806,0.0016802733,0.0,0.003541228,0.009844272,0.0017528512,0.0060952217
2020-02-05,0.0015061772,1.4859822e-05,0.0007202887,-0.0038511404,0.0025282223,-0.00017961813,0.0027988115,0.0018812406,0.0021566362,6.754407e-05,0.00021053561,0.002707197,0.00014641967,0.00065633573,0.00048179546,0.000734675,0.002546436,0.004395942,0.0013828708,0.0033699311
2020-02-06,-0.00069703796,0.00042906156,8.980477e-05,-0.0032674782,0.001491386,0.00047673582,0.0013482162,0.0010521793,0.000717621,0.00037881,-8.979437e-05,1.972477e-05,0.0010733348,0.0,0.00062336697,0.0011725583,-0.0008600147,0.0017879353,0.0009146149,0.005361419
2020-02-07,-0.00011196165,0.0008639379,0.0011980388,-0.00053561886,0.0002475261,0.00048500035,0.002781521,0.002171408,0.00023379205,0.0026845636,0.0,0.00075895264,0.0008805823,0.0005841809,0.00064321986,0.0013818636,0.00036436509,0.00070746226,0.00047755512,0.0029882859
2020-02-10,0.00053453253,0.00043607078,0.0024038008,0.0026817818,0.0018264222,0.0012505483,0.00053396315,0.0004998559,-0.0013999501,0.0013447917,-0.0005022991,-2.131413e-05,0.0011880358,0.0008839085,0.0019497979,0.0018043609,0.0023974578,-0.0011265484,0.0019944606,0.0061618555
2020-02-11,0.0010498203,0.0007141448,0.007024422,0.0061920993,0.00025565884,-0.0003587403,0.0028650712,0.0012242127,-0.00032198126,-0.00095251994,0.00029400428,-0.00026626544,0.0013244076,0.0012159502,-0.0005646349,0.0019365058,0.0036546371,0.0006829321,0.002692289,0.0051280377
2020-02-12,0.0006659485,0.00075225113,0.0023944725,0.0018493573,-2.9375105e-06,0.0012146373,0.002150381,0.0016799908,-0.0004178021,-0.0007749705,0.0004063475,-0.0010283472,0.0019165656,0.00029220607,0.0007253634,0.0024652951,0.0028725727,0.00084678666,0.0010205498,0.0012602134
2020-02-13,0.0030651581,0.0018756677,0.0013365849,0.00029812855,0.0020879912,0.0031713746,0.00922192,0.0020596432,0.00018331903,0.0021894446,0.0008921024,-0.00073588325,0.0039311117,0.0019635234,0.0015801811,0.0020846077,0.0028681748,0.0012409908,0.004964008,-0.00048742665
2020-02-14,0.0017199997,0.002783357,0.011501293,0.0007121493,0.0016926754,0.00039904978,0.0052868905,0.005718079,0.00052229257,0.002149076,-0.0004877914,-0.0008330276,0.002030126,0.0025203961,0.00087720796,0.0020551723,0.0012467427,0.001497174,0.007834712,0.005292158
2020-02-17,0.0019808451,0.0052572796,0.00014511256,0.0002485153,0.00023396264,4.4913e-05,0.00070695067,0.0023286184,0.0012609462,-0.00015134386,-0.0014162885,0.0004884938,0.0020787136,0.0011998053,0.0027627721,0.0045122853,0.0056591756,0.002573068,0.00023227041,0.00071923825
2020-02-18,0.002870869,-0.008250912,0.00781001,0.0013267043,0.0015059366,0.001085139,0.0007432798,0.0045701335,0.0021507868,-0.0012198241,0.0009763196,0.0008604642,0.0024981494,0.0013578539,0.001158055,0.009367446,0.00335534,0.003408256,0.0003174474,0.0028814701
2020-02-19,0.00015479467,0.0006433267,0.0065870155,0.00031125997,0.0006189448,0.0005278776,0.0027187604,0.004857889,0.00053397845,0.0010734019,-0.0012604474,0.003015878,0.00068667997,0.0011659666,0.0035795886,0.0025539265,-0.0015031464,0.003581721,-1.1463357e-05,0.0014419889
2020-02-20,-9.927096e-05,0.0007333718,0.0017332964,0.0015653283,0.0010652117,-0.0013143438,0.0013671576,0.0034740744,0.002427794,0.0014693409,0.0009022879,0.0022615185,-3.4458073e-05,0.0005121054,0.0028771337,0.00044348545,-0.00022010341,-0.00025604296,0.00010865759,0.0069555086
2020-02-21,0.00018036042,0.0008652861,0.005786997,0.0005401076,0.0010097417,-0.0021778164,0.0022335495,0.0042740735,0.00076284946,0.0009374932,0.0011785508,0.0022076743,0.0,0.00024957737,0.0024211549,-0.0011945597,0.003386456,3.9867073e-06,0.0030511809,0.00021531411
2020-02-24,-0.0004545571,0.0021096813,0.0031642471,0.0022777917,0.0019949074,-0.0003020055,0.005532671,0.0011871278,0.0009627522,-1.7975543e-05,0.0012096119,0.0044956696,-0.000150118,0.0009986548,0.00022982246,-0.0019348172,0.0020647817,0.0013301739,0.0006417507,0.0034687275
2020-02-25,-0.0009812404,0.0,0.004882213,0.0022805787,0.0001749988,0.0011000837,0.0043262816,0.0017614268,0.002380072,0.006267243,0.0015578548,0.0064173625,0.0026630394,0.00093700754,0.0011715507,0.0003638411,0.0026416676,0.0039226445,0.0008858923,-0.00038939752
2020-02-26,-0.0004666769,3.1833402e-05,0.00083836727,0.0021711295,0.0008351659,-0.0011908064,0.002277209,0.0008692493,0.00052872876,0.0033471994,0.00041833048,0.0024032637,0.0014942389,0.00044088232,0.0015808534,0.0012846238,0.005834782,0.004360223,1.9551837e-05,0.0029249648
2020-02-27,-6.9673733e-06,-3.8672493e-05,0.011204739,0.0010597972,0.0009369943,0.0007080564,0.0068940674,0.0011123113,-0.00043989994,0.009485679,0.0032066668,0.002235521,0.0049754716,-9.932977e-05,0.00075070397,0.0006420592,0.0010654639,0.0072449297,0.0026282826,0.0018557145
2020-02-28,0.0025429623,-0.00053785625,0.0016550117,0.0014693353,0.00012918009,0.0011910655,0.0024854923,0.0011089069,-0.0007249203,0.026731195,0.002087938,0.00026012506,0.0014387341,0.00016607983,0.00033165107,-0.00038521722,-0.002251087,0.0015432641,0.0017828711,0.00036236428
2020-03-02,0.0006671349,0.0014789308,0.00090050045,0.0009164977,0.0012035191,0.0064960257,0.0019495537,0.0005324707,0.00019068405,0.014243233,0.0014777298,0.0005034623,0.0010540785,0.00068892085,-0.0034338664,0.00046225832,0.001922685,0.0015678594,0.002265295,0.0035364856
2020-03-03,0.0014754703,0.0008499857,0.00036540537,0.001152777,0.0007450287,0.0013623447,0.00093742093,0.0055788057,-0.00048200978,0.005154697,0.0004969234,0.0018651797,-7.733264e-05,0.00063519814,0.0017430423,0.00603199,0.003317837,-6.035284e-06,0.0022589203,0.0059792087
2020-03-04,0.0021865268,-0.00079756696,0.0032152655,0.0010662396,0.0024780435,0.0015794156,0.00011244697,0.001252357,0.00036879975,0.006562686,0.0008232212,0.001476215,5.2097457e-05,-0.00014875364,0.0,0.0016517264,0.0019102357,-0.00070541515,0.0031051678,0.006484448
2020-03-05,0.0009316683,-0.00028770167,0.0056650313,0.00024639512,0.0019525044,0.0031442088,0.0011588952,0.0009334853,0.0018828099,0.0036713528,0.0010128076,0.0005207685,-0.00045149433,-0.0007477797,-0.0008946566,0.0040150587,0.0044517564,0.0024234066,0.00042943534,0.0019721477
2020-03-06,0.0015559411,0.00039771368,0.0015723648,0.0006841044,0.0004249735,0.0024196864,0.0011063726,0.000279525,0.0019721608,0.00052618847,0.0017308961,0.0013518041,0.00025986257,0.00026187138,0.0007741004,0.0008079924,0.00065635925,0.0005369143,0.0011161875,0.0029318866
2020-03-09,0.0001222098,-0.00072366203,0.005711654,0.00075713,-0.0006699396,0.0016609192,0.0058712694,0.0014786399,0.0016658466,0.0005260645,0.0042866566,0.00090552354,0.00023809966,0.00068277627,0.00053215073,0.001912452,0.0020729145,0.0011517988,0.0010301549,0.0030899385
2020-03-10,0.00019124785,-0.0038293803,0.004273605,0.00081085216,0.0014790167,0.0010918425,0.0018240401,0.0014201283,0.0012494895,-0.0006889454,0.0016076051,0.001954034,0.00041814352,0.0010449733,-0.00068144465,0.0031521753,0.0026478046,0.0025806846,0.00079240726,0.0056665097
2020-03-11,0.0017769004,-0.0029907052,0.006862369,-7.099303e-05,0.0021554483,0.0004915549,0.0018447249,0.0008132454,7.2344264e-05,-0.0048778295,0.0029845214,0.00079274696,0.0008425056,0.001201731,-0.00013514895,0.00037864188,0.00071799726,0.0003333168,0.0012751315,0.0023508235
2020-03-12,0.0037107463,0.0021348076,0.0008671366,0.0006890981,0.002076798,0.0020203416,0.0019920184,0.00075097475,-0.00046122842,-0.0026389533,0.0014522864,0.00083363726,0.00094629754,0.0010243169,0.00066592183,0.0018439798,0.0048170118,0.0014125747,0.0012039383,0.0012421056
2020-03-13,0.00043316899,0.0021216404,0.0016746051,1.783919e-05,0.0016877346,0.0012041937,0.0076186243,0.004230936,0.00021904292,0.0030018287,0.00127813,0.0013417953,0.00030023663,0.0010588927,0.0012924897,0.0018451626,0.0005888754,-0.000555347,0.0021286386,0.003669127
2020-03-16,0.001696133,-0.0008484606,0.0040710582,0.0011700286,0.00081564195,0.0009651881,0.0014933099,0.0007009141,0.00048824595,0.0032885328,-0.00048226226,0.0009337022,0.0010051269,0.0004654525,0.0011714939,0.00469895,0.007570607,0.00036134067,0.0010316275,0.002617463
2020-03-17,0.0014445162,0.0008437734,0.0041857534,0.0018408584,-0.00048527928,0.0006872137,0.0025839328,-0.0038403461,0.0018057222,0.004555634,0.00208321,0.0007667779,-0.0006479478,0.00029486034,0.0015685882,0.0058731064,0.009873175,-0.005339933,0.0017167035,0.001768234
2020-03-18,0.00037823452,-0.00025326258,0.000685104,0.00039713795,0.0015082489,0.0021558967,0.001483203,-1.22276415e-05,0.0002515506,-0.00060122245,0.0007530048,0.0010618753,0.0,0.0,0.0006292426,0.0011305944,0.0008781846,-0.00026917123,0.00156903,-0.00017228253
2020-03-19,0.0003756855,0.0015657169,0.0002601076,8.587095e-06,0.00029871447,0.001474859,-0.0013218715,-0.00014441668,0.00068638095,0.0011290456,0.0036090412,-0.00021255872,0.00087299163,4.3159485e-05,0.0,0.0023754945,0.0030335938,0.0007112321,0.001315463,0.00047848042
2020-03-20,0.0035567735,0.0,-0.0005204161,0.00021211778,-0.0021624258,0.0015683408,0.0007853057,0.0006807727,0.0006376209,0.0021744987,0.0008754764,0.00029247827,0.0004657672,-0.0001021378,0.0,0.0022292002,0.00462045,-0.0014361911,0.0026566365,0.0020136791
2020-03-23,0.0011957991,1.721331e-05,0.0022262076,0.0008781084,-0.000744148,0.001016695,0.0010015311,0.001838209,0.0,0.00085836824,0.0003818024,0.0,0.0003878108,-0.00089944486,0.0028135523,0.00029693506,0.00040226887,-0.0022097388,0.0056415237,0.0012020451
2020-03-24,-0.0012307888,-0.0003896042,0.0015839147,0.00039235764,0.0027596725,-0.0010417588,-0.0014966815,0.0034055798,-0.0015098085,-0.00029545964,0.0010394694,0.0012896075,0.0001562113,-0.0007548013,0.00040833346,0.00018835787,-0.0004610083,0.007679827,0.0008605291,0.0012643317
2020-03-25,0.0007324595,0.019265639,0.0012494746,-0.0007848926,0.002098934,0.00047365838,6.639014e-05,0.002877768,0.00010212841,0.00058907224,0.0011097915,0.0013814585,0.00064782443,0.0005260387,0.0005369905,0.0067466837,-0.00031863202,0.0044370694,0.0,0.0010350673
2020-03-26,0.00331409,0.0069023226,0.002380698,0.0013723602,0.00087663636,0.0011540051,0.0027726667,0.0017450581,0.0018367994,0.0031653615,0.0011818708,-7.114307e-05,0.0031736277,0.00087284215,0.0007084677,0.0017039687,-0.0036906067,0.0026728245,-0.0006110842,0.0011025727
2020-03-27,0.0012916785,0.00072333927,0.004305495,0.003059369,0.0013161307,0.0010852022,0.0011817948,0.0023700267,0.0008991626,0.00080038543,0.0016358321,0.0011303294,0.0016637068,0.0016387098,0.0012262379,-0.00088025676,-8.669112e-05,0.007991322,-0.00056425825,0.0025500352
2020-03-30,0.0003465912,0.00021413909,0.002080102,0.0035042113,0.0013929188,0.0009537707,0.0013237102,0.004422784,0.0015227982,0.00028106113,0.0020216058,0.0013334623,0.0010312238,0.0,0.0040101013,0.0024192205,0.00019504456,0.004548393,0.00065380585,0.0007532781
2020-03-31,0.0032698268,0.0025404405,0.0015359313,0.0033164497,0.0017280192,0.0036854488,0.018186314,0.0018426519,0.0005711836,0.00073691824,0.0062995865,0.00022329472,0.00129365,0.0013825995,0.0036362773,0.001838333,0.0,0.0019301617,0.0017028506,0.0025442669
2020-04-01,0.002094205,0.0011527183,0.0043169954,0.0006744953,0.0015880896,0.0030489846,0.009419633,0.0017389383,0.00024065479,0.00017417093,0.0013861635,0.001360085,0.0022596768,0.0018784688,0.0020194494,0.0022681288,0.0013149043,0.0031525183,0.00060014904,0.0003135033
2020-04-02,0.0036260397,-0.00094278646,0.00097163743,0.0028049552,0.0017557613,-0.0015127352,0.0037468066,0.005171818,0.0009780908,0.00015382665,0.002598532,0.0010179157,0.0005829274,0.0012605367,0.003737265,0.002478323,0.0042014937,0.00077657966,0.0017855151,0.0012481705
2020-04-03,0.006831826,-0.001876982,0.00039344007,0.0017263081,0.0013409457,-8.633877e-05,0.0076933447,0.0063568368,0.0007203693,-1.8710367e-05,0.000936099,0.00079726946,0.0012819057,0.0015079697,0.0028279403,0.0023991235,0.0013387414,-0.0012532254,0.0017691248,0.0010294504
2020-04-06,0.0021720228,0.0013832625,-0.0006708717,0.0013871643,0.0008957949,0.0018395256,0.006163713,0.0016081393,-0.00048384743,0.00061872613,0.001140059,0.0008493644,0.0014281316,0.0011775118,0.0011498366,0.0023807725,0.0,0.0025141358,0.0016633745,0.0020234326
2020-04-07,0.00042356094,0.0009519635,0.0,0.0018289817,0.0016925165,0.00092136906,0.002199157,0.003334303,0.00010968473,0.0009029428,0.0013722815,0.00079214945,0.0007891425,0.0007417443,-8.486793e-05,0.0016299911,0.0023908955,0.001624169,0.0017162698,0.000989341
2020-04-08,0.00086209236,0.00031067157,0.0009848034,0.0010424242,0.0017105938,0.00065722066,0.0019937858,0.0010153413,0.0014515775,0.0017809495,-0.002421409,0.00018684728,0.0018123449,0.0014482391,-0.0007881705,-2.3838533e-05,0.0008548803,0.00054227974,0.0014602159,0.000931566
2020-04-09,0.00071113714,0.00031360082,0.0011111157,-0.0007609641,0.001816388,0.0017566299,0.004936272,0.00039915007,0.001199814,0.0022963532,-0.0011516041,0.0004329005,0.0006406724,0.0013335021,0.001680937,-9.364595e-05,0.00327612,0.0016980112,0.002639427,0.0001139508
2020-04-10,0.0016491628,-0.0008346194,0.0020289894,-9.1166046e-05,0.00053653686,0.00078203157,0.0,0.0009510772,0.0011166387,0.0042159534,0.0,0.002691239,0.001346401,0.001471546,0.00064816076,0.0,0.0056992937,0.0044320063,0.002727207,-0.0012195027
2020-04-13,0.0016339527,-0.00084969896,0.0020840215,0.0011574747,-0.0007362875,-0.0011558653,0.0012900664,0.0011346346,0.0010298996,0.00091325486,0.00040003422,0.0018928326,0.0015832741,0.0003194612,0.00052688556,7.990059e-06,0.0057406067,0.0051931557,0.0012713245,0.0020948846
2020-04-14,0.0019305036,-0.0019543816,0.0011204098,0.00070846017,0.001065388,0.0012906645,0.0023883483,0.00040812368,0.0014040046,0.004583055,0.003214419,0.0019583658,0.0006210938,0.00062894536,0.002924918,0.00039505603,0.015525654,0.003252235,0.0018740626,-0.0013850552
2020-04-15,0.0011455959,-0.00052118907,0.0016242234,0.0014116261,-0.00025168268,-0.0026242991,0.0019138993,0.0,0.00029929072,0.005329245,0.00218826,0.0016872201,0.0013501332,0.0010843675,0.00080036547,0.00020922004,0.012293294,0.00096872833,0.0024211383,8.9401816e-05
2020-04-16,0.0017343796,-0.0024815465,0.0018178534,0.00077446544,0.00088260317,-0.007232289,0.00090699334,6.434146e-05,-0.0005640049,0.00490016,0.0014746536,0.0016809996,0.00056172285,0.0011487802,0.0015720718,0.001306505,0.016856631,0.0005240358,0.0021920924,-0.003546115
2020-04-17,0.0021610095,-0.0090706805,0.00039818438,0.0009369444,0.0015650919,-0.0010406122,0.0051829843,-0.0026022447,0.0,0.005305327,-0.0007205157,0.0009784035,0.0005523998,0.001144951,0.0015064086,0.0026789694,0.0021980247,0.0013510251,0.0019548333,-0.00031627843
2020-04-20,0.002224153,-0.0050949594,-0.0003449047,0.001778811,0.0040009567,-0.0049060173,0.00232275,9.88624e-05,0.0022221894,0.0033020757,0.00021011641,0.000346594,0.00063110224,0.0016981695,0.00022257582,0.00032585935,0.004276197,0.0026540684,0.002682145,-0.00394765
2020-04-21,0.0004513408,-0.003770914,0.0013563972,0.0023759687,0.0010503064,0.00063527224,0.00052300416,0.00086628686,0.0033554942,0.0011753569,0.00036859658,-0.00018185984,0.00043646764,0.0013317319,-0.00038529618,0.0011083005,0.0012351543,0.00036484614,0.0013250768,2.1844358e-05
2020-04-22,0.00039977513,-0.0004552639,-0.000358798,0.0009237274,0.003927786,-0.0020429168,0.004932935,0.0006822885,0.0025083423,0.002388077,0.00017797627,0.0009563419,0.00039387908,0.0010113261,0.0015061765,0.0,-0.00019864738,0.00050934707,0.0012779431,-0.008335184
2020-04-23,0.00033097147,0.007262947,0.00024534122,0.0007891036,0.0015659108,-0.0037855434,3.146961e-05,0.0017106875,0.0029962268,0.0010638266,0.00030909933,0.0005951764,0.00080251024,0.0012513818,0.00020421574,0.0007772498,0.0007138123,0.0006510797,5.1753035e-05,-0.0027384227
2020-04-24,0.0009779794,0.0021830662,0.00028959644,0.00100016,0.0011289788,-0.007169256,0.0025900742,0.0043830043,0.0019610133,0.0012746485,0.00015586017,0.0012526702,0.00111988,0.00086863426,0.0008877288,0.00044167644,0.002431842,0.0009116327,0.00044344066,7.204224e-05
2020-04-27,0.0037396874,0.002992153,0.0010314514,0.0026203361,0.00017473674,0.0012904336,0.00052819384,0.0031528324,0.00029465157,0.00071130274,0.0,0.00083453703,0.0004760953,0.00053979346,0.00068492896,-0.0018510647,0.00014432718,0.0010389052,0.0003881305,0.00064627326
2020-04-28,-0.00089926156,0.0010166377,0.0005458659,0.0018377068,0.0021200548,0.00073896116,-0.00060706254,0.00044521363,0.0016061421,0.001373855,0.00027348936,0.0019154025,0.0006655157,-5.578592e-05,0.0009588676,0.00086478156,8.959148e-06,-7.100997e-05,0.0010663967,0.018909084
2020-04-29,0.00020961605,-9.729828e-05,0.00011452396,0.00039814963,0.0027213753,0.004983468,-0.00015437852,0.0023133918,0.0,0.00046496466,0.0014537217,0.00090171024,0.00043215675,0.00021346658,0.0020713028,0.0021961783,-0.0033613676,0.0,0.0007022132,0.00030929432
2020-04-30,0.0014378265,0.001747608,0.0010378014,0.00036523957,0.0002472833,0.0153524745,0.0045492244,0.00060723204,0.00058284757,0.0012055885,0.0026835818,0.0008006435,0.0004601227,0.0004884532,0.0020833123,0.0015800527,0.0014766897,-5.276983e-05,0.001486861,0.007065615
2020-05-01,0.00027002813,0.00010783625,0.0014471435,0.0016395415,-0.00025450627,0.01002968,0.00045691535,0.0,0.0021050498,0.002113168,0.0010126436,0.0010185789,7.5478283e-06,-0.00077707303,0.00190827,0.00074890425,0.0005664681,-0.00027374274,0.0018390636,0.0
2020-05-04,0.0015993005,-0.0011205076,0.0058164126,0.0012465736,0.0018147255,0.0016922457,0.0021988177,0.0030792977,0.0008579664,0.00043133137,0.0017580739,0.0018380572,0.00052564003,0.00057892397,0.0008835073,0.00039185837,0.002553397,0.00079434615,0.0032132848,0.000828963
2020-05-05,0.005275699,0.002088538,0.0015524853,0.00298835,0.0010106493,0.0023932653,0.002897883,0.0015312247,0.0012141641,0.0013797038,0.0019478082,0.001626309,0.00071137905,0.0010594487,0.0005415217,0.0022981954,0.0012119634,-0.0001697638,0.0015031474,0.0025897566
2020-05-06,0.002817153,0.00046678729,0.0024785579,0.0005866258,0.0007902276,0.00029728145,0.0038879947,0.0026187454,0.0004669915,0.0012704373,0.00023158449,0.00195404,0.00061897514,0.00080879335,0.0004081235,0.0010015477,0.00039377058,0.0,0.0027274303,0.0006318626
2020-05-07,0.0026375654,0.0030547504,0.002178858,0.0027206168,0.0005901508,0.0004349967,0.0,0.0054453854,-0.00019615429,0.0015354959,-9.112552e-05,0.0015965693,0.00058069243,0.000918086,0.00021541522,0.00072285096,0.0050482117,0.0,0.0033849967,0.0054236124
2020-05-08,0.0021510497,0.00063214975,0.003957848,0.0004656748,0.00088903564,-0.0022522444,-0.0015518651,0.0056497697,0.0006058231,0.0021655976,-6.646346e-06,0.0014736204,0.00067908835,0.001312291,-0.00020854696,0.00018714728,0.0015227558,-8.5471656e-05,0.00229686,0.0019482027
2020-05-11,0.0019113168,-0.00095557683,-0.00012348282,0.0013785614,0.0011567441,0.0030489974,-0.0021411814,0.0024910688,0.00055188866,0.00034114995,-0.0016904003,0.0010424897,0.0007016642,0.001140924,0.00033372486,-6.85359e-05,0.0013236363,0.002457228,0.0010467399,0.0058232592
2020-05-12,0.0016193436,0.00023017585,0.008217688,0.0018562321,0.000920125,0.0011888344,0.00040212445,0.0018027256,0.0013530244,1.6941896e-05,-0.00138886,0.0015919576,0.0010168747,0.0012106136,0.0,0.00058793736,0.0014674421,0.0020256627,0.0016648786,0.002738527
2020-05-13,0.0013626745,0.0016056066,-0.0016950241,0.0004872675,-0.0015567143,0.0039715576,0.004424844,0.002655872,-0.00088818005,0.0020894248,-0.014368307,0.0017096968,-0.00032852314,0.00050799747,0.0045799203,0.0028241952,0.0010465216,-0.0014360903,-0.0013667359,0.004719075
2020-05-14,0.0013754958,0.001843938,0.0017585552,0.0007455253,0.0006851354,0.0010585663,0.006565506,0.0023327686,-0.0036826637,0.0029216607,0.0013648969,0.0012439092,-0.0003939497,0.001706095,0.0062500653,0.0027770684,0.0019459099,-0.0054379343,0.0005338752,0.004688535
2020-05-15,0.0013294022,0.004066054,0.0,0.00090089755,0.00026651728,-0.0005416112,0.00090695603,0.0017174343,0.00058581244,0.00034492085,0.0019926734,0.005655151,-0.00093001995,0.00086843275,0.0014934101,0.001200493,0.0019691342,-0.0017123168,-0.0001317792,0.0027710123
2020-05-18,0.00021483017,0.0029276093,-0.0020010697,0.0014404712,0.0011358904,0.0004335207,0.000793659,0.0,-0.0024632884,0.0028256187,0.0062591126,0.0020545668,0.0012093963,0.0017517165,0.0009839005,0.0015512506,0.0006447404,-0.0012679751,6.114289e-05,0.00025845098
2020-05-19,0.002085867,0.00043054094,8.0481695e-05,0.0017550946,0.0,0.00078318134,0.0025334824,0.0053069945,0.00010865148,0.0021254264,-0.0026018152,0.0015627368,0.0002593599,0.002229323,0.0021011084,0.0005250913,0.0004576272,0.00089089584,6.6150285e-05,0.0008718846
2020-05-20,0.002185928,-0.0005204892,0.0007311743,0.001541101,0.00054431794,0.00010531812,0.0,0.0007984761,0.0028491651,0.0036649937,0.00070750015,0.00019432035,0.0031290918,0.0018426513,0.0018162165,-7.185973e-05,0.0010166949,-0.00019141335,0.0014742544,0.002194492
2020-05-21,0.0013880981,0.0007456286,-0.00077586225,0.0015444087,0.0009164377,0.0008243892,0.00030894825,0.0024302837,0.0003870986,0.0047773886,0.0020847784,0.0003893819,0.0017060378,0.0033929087,0.001047256,0.0047287364,0.000693725,-0.00041227078,0.00074915093,0.0019184635
2020-05-22,0.0021579494,0.0027088665,0.0,0.0011965967,0.00010039818,0.00087272143,0.0013505877,0.0011029126,0.0006047535,0.021458743,0.0035139108,0.0018900771,0.0018114431,0.0031568583,0.0016122806,0.0012258929,-0.0015833798,0.002069328,0.0012441906,0.0018428237
2020-05-25,0.0011130383,0.00074380595,0.0007154122,0.00068125717,0.0016447391,-0.00021338218,0.0015739831,0.0032059748,0.0032259836,0.000492269,0.005481999,0.0011593263,0.00020946297,0.0023816929,0.0038903728,0.0021335713,0.0005914241,0.001013915,-0.0002097303,0.0014527004
2020-05-26,-0.0010861558,0.0011698174,0.0006246162,0.00094736187,0.0010187086,0.0027346686,0.0018851287,0.0014554509,0.0036991192,-0.00038464495,0.00078519166,0.000979162,0.00049281295,0.0034652129,0.0013261213,0.0019546798,0.0004510597,0.00071611995,-0.0016253479,0.0015936461
2020-05-27,0.0009549954,-0.0013056864,0.00040354126,0.0017547202,0.00015574374,-5.3190633e-05,0.0009258196,-0.0007559409,0.0027153336,0.0011486919,-0.00074566,0.001584264,0.0014271575,0.0036506627,-4.689401e-05,0.0014525397,0.0030222565,-0.009764464,-0.0024569344,0.0009272243
2020-05-28,0.001382655,0.00016593271,0.0014773102,0.0015589078,0.0011419075,0.0011991854,0.0039099213,0.0002257769,0.00039252997,0.0018738711,0.0006853366,0.0010992686,0.0032309294,0.004069088,0.00091481954,0.00071925827,0.0012086815,0.0,-0.0014430612,0.0003912193
2020-05-29,0.0012849689,0.0003314979,0.00035249,0.001388586,0.0018682929,0.00064731576,0.0012795742,0.00041405982,-0.017551625,0.0010998546,0.004205323,0.0035710204,0.0012565702,0.0027273945,0.00028698164,0.0020485104,-0.00019844234,0.0010776871,0.0005253198,0.00078526355
2020-06-01,0.00064610736,0.0005996092,0.0027664553,0.000652815,0.0012921953,0.0053896005,0.0011074316,0.004754682,0.00018491405,0.002446782,0.0063580344,0.001836177,0.0021967029,0.00088514143,0.0024501844,0.0010477649,-0.0008449549,0.00040118236,0.0011865895,0.00028043985
2020-06-02,0.00068714906,-0.00088181836,0.0021071043,0.00062431535,0.0003843457,0.0032660887,0.0035507672,0.00048571324,0.00045739062,0.00043613094,0.017769486,0.002237566,0.00084018684,0.001677912,0.0009037538,0.00438125,0.0017721914,0.00053198286,0.0076868944,0.0
2020-06-03,0.00160595,0.0022290754,0.0056269364,0.00084381114,0.00011603901,0.0011641068,0.0014977909,0.00071127916,0.0015166727,0.0061986833,0.012083386,0.0010819957,0.0021441905,0.0015645504,0.00090058084,0.004490615,0.00082144764,0.0009338302,0.0026600822,-0.00055164366
2020-06-04,0.0015555547,0.002648382,0.00040257256,-0.00042962065,4.5801844e-06,0.0018511813,0.00037676687,0.002184884,0.009588912,0.0003970405,0.0022220977,0.0013518905,0.0005897742,0.0,0.0011715876,0.0017137114,0.0018017597,0.0066682077,0.0020225842,0.0
2020-06-05,-0.00052436633,-0.0007454462,0.0020679038,-0.0010563225,0.0016144264,0.002489308,0.0025271717,0.0018371523,0.0073473556,0.0028266576,0.0,0.002027203,0.0018653971,0.00053538464,0.0012320908,0.0018084612,0.0021053513,0.0056572626,0.0018507994,-0.0003862065
2020-06-08,-3.7377074e-05,0.00041932135,0.00056080235,0.0013142258,0.0030146686,0.0013112869,0.0044010617,0.00298823,0.0024117224,0.0022131875,0.0012569742,0.0009277819,0.001281035,0.00065002515,0.0,0.0016489775,0.0017489531,0.0019999496,0.0009414355,-0.00028450706
2020-06-09,0.00013064205,0.007574165,-0.0012023803,0.00093541614,0.0018168527,0.0015890411,0.003585917,0.0016255431,0.001961985,0.0017008212,0.0054583615,0.0008346516,0.0019134611,-0.0018766623,0.0027281705,0.0009485097,0.002219637,0.0012050221,0.0021247456,0.0
2020-06-10,0.0010604042,0.00508319,-0.00095557177,0.0025493903,0.0024793495,0.0010286199,0.00085634185,0.0010653869,0.0006431855,0.0015869617,0.006251275,0.00019756537,-0.0002341927,0.00038794777,0.00097447116,0.0010649833,0.0018793688,0.0005327041,0.0010294477,0.0013349606
2020-06-11,7.877117e-05,0.0020304916,0.00038472321,0.0010638416,0.0034784868,0.0015818981,0.0036379215,0.0019025827,0.005197642,0.000752095,0.0030691805,0.0018372809,-0.00035491274,0.003163069,0.005425319,0.0011785128,0.0003079775,0.00025876527,0.0020984837,0.0010139392
2020-06-12,0.0009558323,0.0037911697,0.0013209857,0.0012360134,0.0023694222,0.00064132793,0.003880119,0.0020853428,0.000750742,0.0013520535,0.012761241,0.000836586,0.0011190921,-0.000121862475,-0.0002735599,0.0014896833,0.00042974798,0.0011140243,0.0036539738,0.0011855275
2020-06-15,0.0012876841,0.004946877,0.0019593672,0.0014779441,0.0010792286,0.00049251463,0.0017520145,0.0031686174,-0.004135307,0.0013767479,0.015928995,0.0019274876,0.0020253018,0.0010934649,0.00081780937,0.0013006409,0.00068353367,0.001230359,0.0022823114,0.00055132137
2020-06-16,0.0011823402,0.0029866884,0.0,0.0011366968,0.0,0.0011508148,0.00080277235,0.0017737474,0.00035095017,0.0010296453,0.003125817,0.0014903962,-0.00028936527,0.0008303778,0.001981137,0.00044083942,0.00018630965,0.0011448083,0.0014791677,0.0013848372
2020-06-17,0.0,0.0027753615,0.001042495,0.0019868847,0.002380163,0.0019502435,0.0015028692,0.0015827367,0.0020928804,0.001484363,0.0004131926,-0.00085732254,0.0031219507,0.0009974815,0.0009476704,0.0010344427,0.0010136134,0.002169264,0.0024710668,0.00052686187
2020-06-18,0.0007320351,0.0022818109,0.002357675,0.0013250782,0.008238207,0.00029711306,0.002736368,0.0042523667,0.0021653306,0.0026595462,0.0025496995,0.00072093465,0.004067371,0.0016172109,0.004275885,0.0012675576,0.0011734214,0.00070457347,0.0018777348,0.00014391824
2020-06-19,0.0002589852,0.0004227541,0.0006426074,0.0021569256,0.0040537547,0.002273155,0.0009344905,0.001885421,-0.0076153195,0.0012363088,0.00519796,0.000686255,0.0018383045,0.0009942749,0.0014861625,0.0002323582,0.00050127157,0.0,0.0049885768,0.0005380824
2020-06-22,0.00033395333,0.0010500283,0.002410921,0.0009344372,0.002854398,0.0022026892,0.001012116,0.0014323962,0.0010818986,0.00051889394,0.0035417257,0.0008000223,0.0013420267,0.0010725354,0.0018390915,0.0015997358,-0.0005004012,0.0006537948,0.0054506017,0.0010171162
2020-06-23,0.0,0.0010431077,0.0068064146,0.00068288157,0.0045973887,0.0019797205,0.0006957335,0.00012055785,0.00018556722,0.0010922356,0.0077316836,0.0005739794,0.0018315562,0.0006883049,0.0024132796,0.0011139691,0.0013884346,-9.1177186e-05,0.0011723444,0.00046714404
2020-06-24,0.0005091655,-9.184459e-05,0.0032397143,-0.00036155301,0.004871204,0.0034655372,-0.00069997244,-0.0005660232,0.0004827579,0.00092572265,0.009112513,0.0,0.0010914053,0.00062435516,0.0027147103,-0.00017448475,0.002067284,-0.0034219923,0.0025694077,0.0009157949
2020-06-25,0.0013266837,0.00029080824,0.0029240765,-0.00051625667,0.0009142643,0.0019249782,-0.0012543438,-0.0056159277,-0.008773111,0.00020189313,0.002199417,0.0002189533,0.0016589928,0.00031518625,0.0020960334,0.0,0.002064504,0.00062103884,0.008244797,0.00032668546
2020-06-26,0.0010242497,0.00066611654,0.0006785039,0.0015085415,0.001991282,0.0017310272,-3.7090635e-05,-0.0012023529,-0.013514028,-0.0003334478,0.0035340898,0.002480311,0.0009905114,0.00085460645,0.0036438087,-0.0011382259,0.0015869119,0.0028789712,0.0,-0.00052244996
2020-06-29,0.0019578193,0.000226928,0.0020512212,0.0025652254,0.0026758395,0.0014919926,8.265918e-05,0.00068619975,-0.00047718527,0.0008187004,0.0049700984,0.0013314133,0.001398705,0.0021370307,0.0007833431,-0.0020563644,0.00085417647,0.0031468633,0.0014023015,-0.000702509
2020-06-30,0.0018850734,0.0018384575,0.0014280984,0.0036271182,0.0026945483,0.00038709323,0.0019902568,-0.0011412909,0.00064974575,0.0019751354,0.0049268818,0.0008503569,0.000107665226,0.0014144811,0.0013686556,0.0019398931,8.8921275e-05,0.0028235943,0.0021917156,0.0009449549
2020-07-01,0.00087125617,0.0065772976,0.0025505146,0.0025941087,0.0027154018,0.000917377,0.0010267503,-8.9302164e-05,0.0014464818,0.0008504515,0.0007116493,0.0013618688,0.0003298653,0.0013168589,0.003008163,0.002210806,0.00043059653,0.002072287,0.002322451,0.0016273808
2020-07-02,0.00064237736,0.002149808,0.00084926566,0.0014004665,0.0021089988,0.0025441805,0.0022678995,-0.0011270597,0.0033770166,-0.0042630048,0.005549594,0.0013014792,0.0,0.0017534675,0.0035696377,0.0019206023,-0.0010617607,0.0021945294,0.0004247094,0.0019690972
2020-07-03,0.0010319541,0.003898398,0.0014504121,0.0020971769,0.0010190585,0.0027814559,-0.00021957241,0.0,0.0049651726,0.0017982716,0.00404803,0.00084444694,0.0018393926,0.001493663,0.0019882226,0.0017563711,0.0008651804,-0.00086779945,0.00084824616,0.0020990488
2020-07-06,0.00013554323,0.001147002,0.0023866568,0.001962298,0.0048864577,-0.000445406,-0.0010042624,-0.0005366879,0.0015609248,0.0053109485,0.0024257235,0.0005348016,0.0017852027,0.0009568295,0.0025375895,0.00073946256,0.00038717646,-0.00076142064,0.00050268794,0.000885523
2020-07-07,0.0,0.0056567374,0.0,0.0005060328,-9.934268e-06,-0.0003411637,0.0022743284,-0.0003368671,0.0033838542,0.0024514343,0.010120334,0.0010676271,0.0009122174,0.0007298307,0.0047768904,0.00091315905,0.0013845608,0.00017969751,0.0010236423,0.0011369444
2020-07-08,0.0005907691,0.0037597076,0.0010025239,0.0015319929,0.0027704125,0.0014346817,0.0030338399,-0.00044724823,0.008924019,0.0032953802,0.00095659157,-0.00022670216,0.002236899,0.005598761,0.0003527537,0.0036319525,0.0012333142,-0.00028256545,-0.0009421282,0.0010431632
2020-07-09,0.0014397895,0.0017085691,0.0022986883,0.0016338716,0.0013498768,-0.00023072699,0.003783798,0.001279345,0.0009838361,0.0054778378,0.0012874347,0.000503218,0.0017026594,0.0023824587,0.0017753202,0.0012706923,0.00019256228,0.001611261,-0.00014928865,0.0020931994
2020-07-10,0.002187878,0.0032554562,0.0013549296,0.0008503445,0.0014463284,0.0023575646,0.0042830515,-0.00040405904,-0.000844679,0.007212899,0.0036015061,0.001239602,0.004935719,0.0005323521,-0.0005228967,0.001323753,0.0015062946,0.0019064253,0.00025914938,0.0015751085
2020-07-13,0.0021257007,0.0001443717,0.0010993218,0.0017636532,0.00095910364,0.000140908,0.0015778389,-0.00092518516,0.00063331623,0.0009009872,0.0011718196,0.00034684857,0.004798385,-0.00084043987,0.0,0.00068192737,0.0016184889,0.0012472394,-0.0023529786,0.00036033502
2020-07-14,0.0016379509,-4.111598e-05,0.0027232883,0.0007571546,0.0012331755,0.00021789482,0.0,-0.0020133469,0.006766128,0.00036266143,0.00021357377,0.0016767969,0.0020772906,0.000510032,0.0005742247,0.0015643646,0.003613193,0.0019600005,0.0009904015,0.00031658902
2020-07-15,0.0015013226,0.0017929537,0.0020690814,0.0024021189,0.0012430584,0.0026436592,0.0020658,-0.00069071195,0.0053031035,0.0016391462,0.0024066202,0.0009515039,0.0028279487,0.0010571588,0.00013600916,0.0006563948,0.0049537495,0.00217815,0.0025503754,0.0019323595
2020-07-16,0.001285543,0.00049553474,0.005213549,0.0013510977,0.0013776883,0.0007538195,0.006012082,0.00024045727,0.0029221426,0.0009043965,0.0017613687,0.0019093582,0.0028472994,0.0038049542,-0.0002378455,0.0008515992,0.002724877,0.0011728238,0.00010182954,0.00068896275
2020-07-17,0.0013314323,0.0014551966,0.002669993,0.0028171137,0.0010195161,0.00042676847,0.0020723569,0.00018686194,0.0035713534,0.0049524247,0.00048781064,0.0046031666,0.0018725613,0.0021270167,0.001371402,0.001185799,0.0019364974,-0.00070225087,0.0018313128,0.0005140311
2020-07-20,0.001135463,0.0016319877,0.005647434,0.00200097,0.0003135235,-0.0030041263,0.0010407411,0.0009788884,0.005653398,-0.0035995783,0.00023834179,0.0033031937,0.0012496136,0.00088205806,0.001837088,-0.0019968047,0.0024109741,-0.0017395366,0.002196775,8.2384155e-05
2020-07-21,0.0009106023,0.0006097413,0.0016358953,0.0034102637,-0.0015236203,-0.0046443962,0.0018777756,0.0,0.0028149867,-0.001055476,0.003054305,0.0009987692,0.0007584417,0.0010955863,0.0004558315,-6.714148e-05,0.0029263415,-0.0016709766,0.0015189237,0.00032903004
2020-07-22,0.00072405156,0.00091516954,0.00039632767,0.0008363092,-0.00041435412,0.000331554,0.0015080542,0.00073225255,0.000982266,-0.0002759159,0.002655613,0.000862304,0.00086636713,0.00074768206,0.0013863014,0.00016889836,0.004377024,5.324807e-05,0.004777287,0.002531417
2020-07-23,0.0007312034,0.004081168,0.00076220674,0.001292961,0.00041124536,-0.00036410333,0.001039991,0.0006475662,0.0075673526,0.00058896845,0.0027995743,0.0021620614,0.0017968477,0.0008487643,0.0049697845,0.0011007814,0.00281561,0.00081245136,0.00334716,0.0030448288
2020-07-24,0.0002927832,0.0018655049,0.00018541895,0.00021693372,-0.004620819,0.0011681662,0.000216677,0.0016914547,0.0013489375,4.699303e-06,0.0026620745,0.0014527008,0.0036794166,0.00085209624,0.005305165,0.0011865798,0.0044490374,0.0042420053,0.0043717264,0.0015386202
2020-07-27,0.0006511341,0.0009122367,0.0004864234,0.001501096,-0.0009838815,1.6123295e-05,0.002484951,0.0006382914,0.004272076,0.0042777983,0.00034927693,0.0053950166,0.0011736001,0.0013884713,0.0016182635,0.0013647339,0.0012254921,0.0054120617,0.0014747713,0.0011690558
2020-07-28,0.0012594635,0.0012276043,-1.29925e-06,0.0016883644,0.0005739105,0.0005333547,0.00237193,0.001581745,0.0041956394,0.00019033796,0.0013647866,0.0033250547,7.430858e-05,0.002317776,0.0014295159,0.00097249734,0.0010237322,0.0027057875,0.0021458385,0.0008702633
2020-07-29,0.0018461699,0.0024126414,0.00017627503,0.0021922754,0.00024327805,0.0018165609,0.0006935616,0.0014791695,0.0033928172,0.0026585243,0.0026928454,0.0015460253,0.0009262275,0.00035466717,0.0030469573,0.00073558185,0.0010094737,0.0016118289,0.0022266977,0.0009601973
2020-07-30,0.0013827127,0.0027935887,-0.0019285225,0.0010169421,0.000102812664,0.009541885,-0.0010201571,0.0018953872,0.0016336739,0.0007420343,0.0017341479,0.0012693912,0.0016932024,0.00058954855,0.0038390865,0.00068390573,-0.00030821518,0.0010944591,0.0008518763,0.0005912896
2020-07-31,0.0012280326,0.0010342658,-0.0009274914,0.00045756352,0.0006658308,0.009823604,-1.7867435e-05,0.0009787548,0.0006703845,0.00039921448,-0.00882803,0.0014239956,0.0019020733,0.00088541245,0.006096658,0.0009954476,0.0011579344,0.0030613593,0.0011939262,0.0018831467
2020-08-03,0.0014762472,0.0018760711,-0.0038511404,0.0016450408,0.00048321532,0.0059245722,-0.0029125744,0.0018853885,0.0016002218,0.0021072407,0.00030016832,-0.0008919462,0.0019352096,0.0005751689,0.0011687209,0.00060403405,0.00027090305,0.002160082,0.0002167538,0.0009672046
2020-08-04,0.0015546703,0.0015831945,-0.0032674782,0.0008548447,0.00024594963,0.0029267867,0.00017298988,0.0014153747,0.0011305047,0.002462559,0.0006293001,0.0027924785,0.00060875894,0.00024220481,0.0036988982,0.0017022035,-6.185802e-06,0.0009819127,0.00033498066,0.0
2020-08-05,0.0010244927,0.0032171416,-0.00053561886,-0.00078873074,0.0,0.002247739,-0.00031037666,0.0017594836,0.0018454193,0.002627706,0.00081940147,0.0013210106,0.00054173905,0.0,7.909959e-05,0.0008845899,-0.0018184608,0.0025568907,0.0049224296,0.00031769715
2020-08-06,0.0010612082,0.0037647644,0.0026817818,-0.0002829413,0.0,0.0030780905,-0.00019594897,0.001558443,0.0013520136,0.001888076,0.0014939498,0.0007196277,0.0007967767,0.00219701,0.00089760043,0.0015615439,-0.00149029,0.0042522973,0.0010310168,0.0014500221
2020-08-07,0.001007688,0.0019738434,0.0061920993,8.3886895e-05,0.0,0.00062734244,0.0017495214,0.0,0.0009958202,0.0026711738,0.0015876134,0.0018541656,0.0006275714,0.0014701375,0.0005408231,0.0017154467,0.0005529705,0.0034424684,0.00091457705,0.00091899396
2020-08-10,0.0010858448,0.0014866678,0.0018493573,0.0005714035,0.0016921676,0.0017386168,0.0026529548,0.00091060624,0.0013236543,0.0008489831,0.0,0.0023407855,0.0013408222,0.00070900045,-9.2526716e-05,0.00044154268,0.0016771535,0.00093028124,0.0016371803,0.0009265737
2020-08-11,0.002390974,0.0017330725,0.00029812855,0.0006747206,0.0009839108,0.0015454701,-0.0024458512,0.004265359,-6.825393e-05,0.0,0.0004486845,0.005841589,0.00024372204,0.0020402116,0.0011795213,0.0018949807,0.0,0.008482224,0.00087702886,0.00041259333
2020-08-12,0.0016739505,0.0043946244,0.0007121493,0.001045746,0.004968737,0.00036386293,-0.0044547166,0.0038344027,-0.0040189396,0.0006077777,-0.011834125,0.001366466,0.0007359943,0.0033294049,3.7502294e-05,0.0025269955,0.00020704795,0.0016838982,0.005720146,0.0016056949
2020-08-13,0.00054360414,0.003405191,0.0002485153,0.0013077492,0.004633572,0.00046479504,0.0003088774,-0.00093680504,0.0014718116,0.00169018,-0.00045510766,0.00084625377,0.0008673311,0.0019740895,0.0010403615,0.0007996762,-4.9267554e-05,0.00072812557,0.008622418,0.0018207044
2020-08-14,0.0007081722,0.0012485025,0.0013267043,0.0026956673,0.0016792816,0.0018987661,-0.001255257,-6.1686456e-05,0.0016611654,0.0013250684,-0.0018460884,0.0009628666,0.0006813567,0.0008907732,0.0031734137,0.0015538095,-0.0022493904,0.0030678166,0.0026981295,0.0019032041
2020-08-17,0.00068725366,0.0015420043,0.00031125997,0.0025885652,0.00033303414,0.005763672,0.00022109166,0.00067502534,-0.0028300788,-0.0010062995,-0.0060235118,0.003966644,0.0006639864,0.001093112,0.0016633894,0.0016575061,0.00047419398,0.0008186884,0.0030161934,0.0012311098
2020-08-18,0.0005611986,0.0,0.0015653283,0.0017729092,0.0013869625,0.010918922,0.003486993,-0.0010993724,-0.0028248802,0.0,-0.00069913635,0.0009826688,0.0010930619,0.0018829578,0.0019705927,0.0021409343,0.0015981238,0.0042138463,0.0040010293,0.00092151103
2020-08-19,0.001902237,-0.0007430316,0.0005401076,0.00021969894,0.000525837,0.0020173057,0.0050534257,-0.00015401529,-0.0036106547,0.0019045821,-0.0051349085,0.0018385248,7.5835975e-05,0.0016200147,0.0005884814,0.0020447406,0.0022960706,0.0031997063,0.005996831,0.000362247
2020-08-20,0.0010338255,-0.00024193521,0.0022777917,0.0050701387,0.0004424783,0.0012731194,0.0014920946,0.00012808188,0.005354948,0.0025011355,0.0022644564,0.00073521386,0.00095492596,0.0014358602,0.0005992682,0.00050073396,0.0016414284,0.0018140465,0.006084302,0.00096915645
2020-08-21,-0.0003869361,0.0032999623,0.0022805787,0.0010670999,0.0006711519,0.0031451762,0.0024876525,0.0063124704,0.0042288424,0.0027742116,0.0032349385,0.0036728398,0.00021672067,0.0038934557,0.001996287,0.00043622084,0.0009344478,0.0014732118,0.00512082,0.0010088484
2020-08-24,-0.0013130532,0.0010297538,0.0021711295,0.0014688884,0.001260388,0.0032121975,0.003579264,-7.665472e-06,0.0019533597,0.0019746267,0.003469585,0.0011584548,0.0016381457,0.004483732,0.0016908079,-0.00073760876,0.0022756236,0.0026565595,0.0029787244,0.0003185423
2020-08-25,-0.0006305687,0.0021073571,0.0010597972,0.0012415207,0.0015035017,0.00032972926,0.003162908,0.0017433817,0.0018434183,0.0018430102,-0.0021086952,-0.0024275903,0.0005064812,0.0019030406,0.0,-0.0005197402,0.0012397503,0.0019359987,0.00044017928,0.00079806417
2020-08-26,0.0020972027,0.0006157499,0.0014693353,0.0002845313,0.0019068525,0.0016678142,0.00019902171,0.0009635708,-0.0017066962,0.0,0.00086197106,0.0003591092,0.0015646191,0.0016444311,-0.0004468518,0.0016109296,8.724702e-05,0.0030621383,0.00022932663,5.1753254e-05
2020-08-27,0.0008496197,0.003765945,0.0009164977,0.00068528316,0.0016892665,0.0018798065,-0.00073430093,0.0008813784,6.726981e-05,0.0029805554,0.0015692563,0.0010344115,0.00045766635,0.0014842444,0.00065616437,0.00031225145,0.00064631784,-0.00019435897,0.0013128044,0.0013468356
2020-08-28,0.0010829808,0.0006888572,0.001152777,0.0020593295,0.0014501261,0.0004344335,-0.00023347265,1.6279895e-06,0.002472485,0.005236145,0.0045403447,0.0013085474,0.00095062196,0.0015005181,-7.95099e-06,0.0007987676,0.0037619076,0.00029535932,-0.0011550339,0.0008741351
2020-08-31,0.00096044055,0.0028261102,0.0010662396,0.0016301916,0.0003903783,0.0020597389,0.0017673693,-0.0029746506,0.00019827015,0.0012850452,0.0001630603,-0.000287721,0.0023443473,0.00010354791,0.00051445933,0.00079084234,0.0015678729,-0.0016449986,0.00031782046,0.0010882121
2020-09-01,1.15382845e-05,0.0005126613,0.00024639512,0.0026980925,0.0013849139,0.002197331,0.0017966656,-0.0039165174,0.0009377911,0.007742273,0.0021274001,-0.0036812022,0.0021353809,1.4009175e-05,0.0014708732,0.0006410907,0.0021741756,0.002486925,-4.573295e-05,-0.00020856046
2020-09-02,0.002148193,0.0009466399,0.0006841044,0.00038459388,0.0,0.0014190314,0.00081137754,-0.0005055511,0.0034364036,0.00062471523,0.004970313,-0.0042515933,0.00068330875,0.00018639873,0.00064617814,0.002275327,0.001244131,-0.00024316148,0.0016954583,6.146433e-05
2020-09-03,0.0036741265,0.0009565359,0.00075713,0.0,0.002755204,-0.0011601187,3.847805e-05,-0.0008400848,0.012983899,0.0003006601,0.00071970973,-0.0012290803,0.0005523884,0.0010271063,0.0008309516,0.0016708823,0.0014634648,-0.00075322395,-0.0004403294,0.001490752
2020-09-04,0.0012513805,0.000677607,0.00081085216,0.0066494755,0.002274092,0.00085799524,0.00036418298,0.00011042065,0.004546622,0.0021142592,0.00090155075,0.00108797,0.0018551735,0.0004394408,0.00095334323,0.004694858,0.0021082952,-0.0010382758,0.0007512293,0.0008869379
2020-09-07,0.0020948872,0.0,-7.099303e-05,0.0052917055,0.0025625008,-0.0004980595,0.001414584,-0.00020616576,0.009594909,0.0013667536,0.0021543412,0.0013467415,0.0012927282,0.0015912912,0.000120457684,0.003155914,0.0012008449,0.0018485525,0.0031986753,0.0013329634
2020-09-08,0.0010714968,0.0013673466,0.0006890981,0.011320856,0.0006889507,-0.00013287365,0.0013154154,0.0010945491,0.0041342396,0.0026502577,0.0030696245,0.001373069,0.009516679,5.6086275e-05,0.0001634031,0.00093194575,0.0021294572,0.0014829854,0.0030136465,0.0
2020-09-09,0.0017728768,0.0039016209,1.783919e-05,0.005774336,0.001786881,-0.003693081,0.0015719921,0.0002709996,0.00028412254,0.0024776582,0.00088355434,0.0018872354,0.005370967,0.0011971911,0.00027118373,-0.0002718891,0.0022155535,0.0013112399,0.0045367563,0.0012262503
2020-09-10,0.0012449893,0.00039303166,0.0011700286,0.008370515,0.0009809216,-0.00042366236,0.0017008628,0.0011881526,0.0014021544,0.0017708315,0.0,0.0016684785,0.0038969358,0.0016677685,-0.00053349446,0.0007549188,0.0018419947,0.0019756234,0.0015657782,0.00042750334
2020-09-11,0.0014009358,0.0013564648,0.0018408584,0.002504178,0.0026737477,0.0012366099,0.00013419332,0.0052206065,0.0017383088,-0.00055146194,0.0,0.0020301088,0.0024915603,0.0012078282,0.0007815582,-0.00017461869,0.0015631075,0.00086605654,0.0031179416,-0.001040907
2020-09-14,0.0008122024,0.0006878043,0.00039713795,0.004848922,0.0011765547,0.0029246202,0.0016615286,0.0044832076,0.0010721632,0.00018064555,0.0018488107,0.0053245155,0.0024006295,0.0002033495,-0.00014898764,2.7087079e-05,0.0035572178,0.0003866262,0.0010822333,-0.00022557162
2020-09-15,0.0005746196,0.0010713736,8.587095e-06,0.004772902,0.0007183559,0.0017367423,3.546791e-06,0.0036640114,0.0015812479,0.0,0.0003834796,0.0100351535,0.0014386276,0.00073558785,0.00038298414,0.0005418406,0.004657436,0.0008767962,0.009144228,-0.0017831138
2020-09-16,-0.00046059617,0.0026549208,0.00021211778,0.0027909442,0.000751136,0.005146608,0.0019319089,0.0024152258,-3.7929964e-05,-0.0011886859,0.0013865344,0.0069322237,0.00034299283,0.00058714906,0.0,0.00048262475,0.0037257744,0.0013038584,0.0067870403,-0.0005951508
2020-09-17,0.00043127825,0.0010472275,0.0008781084,0.0021403285,-0.00035050054,0.0038703647,0.001372254,0.0006625212,0.0009719928,0.0011039748,-0.00038559348,0.0018717757,0.0016322073,0.00041784652,-0.0009901787,0.001502425,0.002678126,0.0,0.0025862108,0.000666485
2020-09-18,0.00085603574,0.0032906134,0.00039235764,0.0032950894,-8.683649e-05,0.0032953147,0.0006017128,0.0018998586,0.0028484587,-0.0006254397,0.00492321,0.0016942747,0.0025386105,0.0019874086,0.0009039357,0.0008307124,0.003613963,0.0022964522,0.00840551,0.00093727035
2020-09-21,0.0007975699,0.00063113373,-0.0007848926,0.0031565102,-0.0022184665,0.0010164583,0.001576855,0.0002493689,0.0028653399,0.000443626,0.0011490398,0.0006398719,0.00696462,0.001963178,0.0017604532,9.4999974e-05,0.004004228,0.0012963836,0.0071979873,0.00031200677
2020-09-22,0.0012116625,0.001956609,0.0013723602,-0.00025351017,0.0004154438,0.000728337,0.0014842022,0.0010851285,0.0067521674,0.0019078468,0.0026383146,0.007401487,0.0022676983,0.0019178045,0.001759966,-0.0005603072,0.0016276636,0.0015786694,0.0012927839,-0.0009406153
2020-09-23,0.0019037997,0.00088936224,0.003059369,0.00065049157,-0.00078040536,0.00424823,0.0015028322,0.0036642004,0.002352446,0.0010075669,-0.0009816074,0.00524456,0.0008845548,0.00282855,0.0011428576,0.0002569636,0.0019396367,0.0031539332,0.0010344771,-0.0024849856
2020-09-24,0.0062088016,0.0019294844,0.0035042113,-9.680714e-05,0.00015247152,0.0020536303,0.00045043143,0.0,0.0042987987,0.0019777175,0.0008780658,0.011084398,-0.00038704454,0.0026484283,0.005172995,-0.00041668297,0.0005333254,0.012103681,7.52899e-08,-0.00022962985
2020-09-25,0.0046278005,0.0013744575,0.0033164497,-0.00052167283,0.003391502,0.00058504054,0.00024871057,0.0015598992,0.0009493492,0.0009977092,-0.00049811456,0.008704216,0.0007237456,0.00087929005,0.003859624,0.0005290538,0.00045827348,0.0038118316,-0.0033458474,0.000671061
2020-09-28,0.0031845118,0.0038861574,0.0006744953,0.0,0.0020568105,0.0021129893,0.0008871282,0.0015245646,0.0019299914,0.0072430153,-0.00067006267,0.005486333,0.0009348846,0.0010407772,0.0018539357,0.00025061675,0.00017426326,0.0018164472,0.00046035717,-0.00072913617
2020-09-29,0.0012266575,0.0052244556,0.0028049552,-0.000607282,0.0005274256,0.0003266408,0.00033733554,0.004749508,0.0011686474,0.0032860583,5.2113966e-05,0.0011598145,-0.0009344335,8.659645e-05,0.0011841762,-0.00043467386,0.00087263685,0.009269052,0.0023844657,0.0015743299
2020-09-30,0.0012779287,0.0002991604,0.0017263081,-0.0012940466,0.00035496484,0.005393684,0.0010435743,0.0013370182,0.0021991122,0.00053260376,0.00053309754,0.0026913886,-0.0026007139,0.00024375373,0.0013072076,0.0,0.001122536,0.002745955,0.007919124,-0.00055187807
2020-10-01,0.0006302603,-0.0007245529,0.0013871643,-0.00048765042,0.00156522,0.0028382204,0.0005401986,0.0,0.00037008297,0.001670867,0.0007911106,0.0013067686,0.0015079112,0.0008943426,0.00087251066,0.00084653933,0.00012835738,0.0024036034,0.004567905,2.5746776e-06
2020-10-02,0.0008272012,0.0024086665,0.0018289817,0.0022406555,0.0007000766,0.0009085683,-0.0009936503,0.00092468737,0.0011800491,0.001345515,0.002313803,0.010981157,0.002056837,0.00018585163,0.0016310153,-0.0004390741,0.00052647846,0.0018374562,0.002616992,0.00067648926
2020-10-05,0.002136316,0.00059904,0.0010424242,0.005825332,-0.0008644795,0.002514732,-0.0005684796,0.00015158282,0.0048283204,0.0,0.004611048,0.0009640055,0.000635354,0.0015814983,0.0016525544,0.00036439634,0.00056124135,0.001225068,0.0023015845,0.0007794254
2020-10-06,0.0012539057,0.0016069071,-0.0007609641,0.005644811,0.0017330232,0.001693988,0.001630854,0.0009562947,0.0025398205,0.001879546,0.002863879,0.0018299631,0.0022994832,0.0027102635,0.0015912361,0.0024097643,0.0016659129,0.0014107262,0.00050787616,0.00095025514
2020-10-07,0.001084647,0.0015468058,-9.1166046e-05,0.0015105414,0.002063253,0.002195531,0.0014557366,0.0011206415,0.0017583073,0.000390763,0.0015487175,0.0026530034,0.0009126452,0.0017871384,0.0015819324,0.00083345594,0.0013019905,0.0010467877,0.0021007028,-0.00036793962
2020-10-08,0.0017603502,0.0012442482,0.0011574747,0.0003849691,0.0007531754,0.00055738364,0.0011562771,8.997009e-05,0.00104253,0.001030616,7.90416e-05,-0.0011065386,0.00318746,0.001916996,0.0033144674,0.0015719691,-1.6683447e-05,-0.000736647,0.0009586817,0.00053685025
2020-10-09,0.0016801258,0.0012796713,0.00070846017,0.0012461656,0.0028611915,0.001488553,0.0021562884,0.0,0.0021452778,0.005235164,0.0010313917,0.000105471336,0.0014108403,0.0004043609,0.00314447,0.00083093235,-1.6251972e-05,-0.0007052514,0.0014857494,4.2030642e-06
2020-10-12,0.0016159758,-7.0621194e-05,0.0014116261,0.00045826726,0.00072886125,0.0014227615,0.00027548123,-0.00093093194,0.0006523248,0.0019078236,0.001281938,0.0,0.00096952956,-0.0016585599,0.0036624155,0.0010407714,-0.00079575204,0.0,0.0040144455,0.0014585651
2020-10-13,0.00048402546,0.0008567273,0.00077446544,0.0022225322,0.0015189858,0.0027427124,0.0010601515,-0.00049593963,-0.00081554573,0.0,0.0024250955,0.003826197,1.471768e-05,0.0005126085,0.003046048,-1.7022992e-05,-0.0014817877,0.00094329123,0.0036205505,0.002883264
2020-10-14,0.00049099233,0.0013397979,0.0009369444,0.00040522296,-0.00033269564,0.0034735121,0.0011796486,-0.003153096,0.0013320748,0.00038436108,0.0018298072,0.0002851362,-0.0003587798,0.0032062577,0.0007110882,0.0001607899,2.1159487e-06,2.1505182e-06,0.003759799,0.001867426
2020-10-15,0.0016924057,0.0011200284,0.001778811,-0.0005344743,0.0006875526,0.0008511122,0.0010106792,0.00029007494,0.00050610397,0.0012224962,0.00047639123,0.0,0.00016845163,0.0057078153,0.0012672088,0.0006968211,-0.0009051126,0.0012411886,0.0027878783,0.00096461683
2020-10-16,0.0010854232,-0.00089573424,0.0023759687,0.0028120752,0.005240082,0.0010693042,0.0008710011,0.00068626925,0.0014944996,0.002023206,0.0,0.0008254601,0.0,0.003889008,0.0,0.0010730049,-0.0034400397,0.0023438395,0.0017790182,0.0012930066
2020-10-19,0.0012362117,-0.00062830193,0.0009237274,0.00491304,0.004213574,0.0019448834,0.0004942669,0.0013151544,0.0011410922,0.00047145208,0.0019765021,0.0036245594,0.00037689286,0.006056184,0.000925492,0.0008045104,0.00015492733,0.000669587,0.0018588401,-1.1497918e-05
2020-10-20,0.0020550669,0.00020330343,0.0007891036,0.0037647006,0.0016266856,0.0015868243,0.0009926416,-9.32708e-05,0.0011856545,0.0011025624,0.002995445,0.00063984195,-0.0012231137,0.0076675033,0.003156821,-0.0011542431,0.0009638928,0.00093558925,8.9501744e-05,0.00038659398
2020-10-21,0.0010440189,-0.00018070359,0.00100016,0.00088594324,0.0053334073,0.0011118366,0.00045160108,0.0062820776,0.0005262468,0.00068896357,0.0011759722,0.0004568653,-0.00029174736,0.0062268823,0.0042876625,0.0007192337,0.0013632341,0.0006194546,-0.0005451835,0.000603071
2020-10-22,0.0022314761,0.0018165614,0.0026203361,0.0026684236,-2.4763236e-05,0.000678984,0.0006097036,0.00025186857,0.0012394541,-0.0006272827,0.0022153128,0.0009211132,0.00040758838,0.0020462435,0.0013487478,0.00038783337,0.0009683313,0.0011592079,0.00042202935,0.0005730948
2020-10-23,0.0026418834,0.0033949008,0.0018377068,0.0020339075,0.0009577626,-2.1017295e-06,0.00072074024,0.0005442897,0.0016218357,-0.00032487168,0.0024823355,0.001225739,0.0016538418,0.0002357659,0.000768762,7.492343e-05,0.00088670326,0.0036742156,0.002812554,0.0015095952
2020-10-26,0.0004436789,0.0059247194,0.00039814963,0.0013492827,0.0,0.0002417557,0.000721024,-0.0022763447,0.0059236046,0.00015574948,0.0017002142,0.0006544928,0.00014149639,0.00051290425,0.0024669978,0.0006743947,0.0001081864,-0.00015479795,-0.00048502194,0.0020352951
2020-10-27,0.0031830757,0.0047678617,0.00036523957,0.005648678,0.0007726122,0.0,0.0016107988,0.00080992474,0.0009004476,0.00033626406,0.0030807874,0.0019531914,0.001972627,0.0023344296,0.001600412,0.000691925,0.0024828254,0.0,0.0029191726,0.0014159855
2020-10-28,0.0035566264,0.003474282,0.0016395415,0.0014708263,0.00092309533,0.0007595501,0.00192037,0.00023878567,0.0057605426,-6.952836e-05,0.000762965,0.0019672536,0.0018654715,0.0021941445,0.00034286105,0.0014888517,0.0032078472,0.0014515644,0.0026967986,0.001311795
2020-10-29,0.00052361144,-0.00015479868,0.0012465736,0.0041519618,0.0008401231,0.0031257442,0.0033833978,0.00010704891,0.0042937524,-0.00058632926,0.0,0.0033695658,0.0018494247,0.0018612506,0.0015396314,0.00087091705,0.0012267185,0.003992775,0.0026906107,0.0038920192
2020-10-30,0.0004004872,0.00095299864,0.00298835,0.010801487,0.0014995143,0.0030795583,0.0013308218,0.0007843306,0.0026988902,0.00081060006,0.0012410815,0.0022370615,0.0018457497,0.0007113842,0.00037812244,0.0017897032,0.0008105936,0.002710874,0.005355452,0.0014389299
2020-11-02,-0.00025431594,0.0014116209,0.0005866258,0.011133777,0.0013676396,0.0021686985,0.0014158225,0.0006232394,0.005298419,0.0008104754,0.0005633562,0.0025055078,0.005794733,0.00036302282,0.0019846477,0.0012827467,0.0027319505,0.0022239333,0.0017341911,0.0016055787
2020-11-03,0.0018279996,0.00044968576,0.0027206168,0.0049805194,0.0003949408,0.0024881938,0.0017691782,0.002244653,0.0021984794,0.00045073978,0.00015865227,0.00061931624,0.0051273485,0.00030273243,0.0010981524,0.0007755121,0.000935122,0.003745963,0.0030722993,0.0011781314
2020-11-04,0.00018301044,0.0013252816,0.0004656748,0.0005518802,0.0008866703,0.0019801562,0.0011341269,0.0012132782,0.00073711,-0.0001273294,0.00017875164,0.00082456355,0.0014260677,0.0013995657,0.0014124583,0.00071778905,0.00046321732,0.0018017133,0.005781388,0.0006029552
2020-11-05,0.00038415074,0.0020547903,0.0013785614,0.0013357949,0.001814986,0.0009972363,0.0006962008,0.0018449643,-0.00049150246,0.00056738744,-0.0004901893,-0.000874364,0.0015632296,0.0010091304,0.0010470162,0.00218677,-0.003067884,0.002930857,0.0051419125,0.002043404
2020-11-06,0.0018439404,0.0017302532,0.0018562321,0.0021231612,0.00011394371,0.0028660558,0.00085254456,0.002199641,0.0010051936,0.0014729337,0.00077874004,-0.00046642087,0.0015687256,0.005241192,0.002644948,0.0026068878,-0.0014777645,0.0031213004,0.0027280042,0.0013349034
2020-11-09,0.0019576258,0.0019765617,0.0016072727,0.0024075205,0.00085107825,-0.0032351513,0.0017102978,0.0014587711,0.0015021936,0.003571788,0.0014551391,0.0018521335,0.0012855004,0.0013873726,-0.0021960577,0.00055430416,-8.617137e-05,0.0,0.0033590314,0.0010076225
2020-11-10,0.0008897597,0.0013249466,-0.0003705347,0.00083419017,0.00077802595,0.00029435585,0.0027021193,0.0025167877,0.0010393442,0.0030158046,0.006137104,-0.0012556999,0.0010364433,0.0017571698,-0.0006153057,0.00054664665,-4.8065787e-05,0.000501964,0.005514795,0.0028391988
2020-11-11,0.00067184545,0.0012247751,0.0021813468,0.0016714212,0.0011151903,0.0034058387,0.002894575,0.0052966,0.00051248824,0.0008204916,0.00077234826,0.00307137,0.0009099071,0.002092916,-0.00036091547,0.0,0.0006407145,-0.0006415466,0.0030670278,0.0020343347
2020-11-12,0.00092854263,0.0019083914,0.0011196343,0.00065749016,0.00071997783,0.00080899324,0.0038207814,0.004853263,0.0,0.0013693977,0.0011969014,0.004865947,0.00026096244,0.0,-0.0021541736,-0.0002056831,0.0016496149,0.0016654152,0.0012924828,0.00037952958
2020-11-13,0.00026127492,0.0025640773,0.0019174286,-0.0007857895,0.00066169986,0.00016409058,0.0006704736,0.0003315244,0.0008313897,0.00015909065,-9.865944e-05,0.005228734,-0.007440313,0.0,-0.00014881672,-0.0011454355,0.0025401209,0.001046945,0.0011563947,8.465465e-05
2020-11-16,0.0008342904,0.0032532522,0.005902833,2.3496139e-05,0.0003326093,0.0048472765,0.0013423376,0.0005695454,0.0007513911,0.0,0.00033192168,0.00092111423,-0.0005298499,0.0,0.0,0.0024282166,0.002024519,0.004132824,0.0015425679,0.0016198773
2020-11-17,-0.0010788619,-0.00065964484,0.0072185206,-0.0013528888,4.6101497e-05,-0.00137446,0.0016533737,0.003477496,0.0005033932,-0.0005114423,-0.0025894197,0.0027053196,0.0029835925,0.00069920294,-0.0011420205,0.0037524023,0.0023543602,0.001924118,0.002129006,0.0010712029
2020-11-18,0.00044232776,-0.00115793,0.009271191,-0.00018915365,-5.3862455e-05,-9.765373e-05,0.0038815092,0.0021907804,0.0011520425,0.00077652856,0.00041663923,0.00060197647,0.0012619558,0.0003609658,0.0009728859,0.005290486,0.002647915,0.0006039721,0.010035806,0.0010604332
2020-11-19,0.0025589513,-0.00026821488,0.0031050122,0.00021943988,0.0,0.00072886585,0.00074281543,0.0031459609,0.0013802816,0.0,0.0006625344,0.0010152142,0.0021535214,0.0018788823,0.0005754397,0.00095016585,0.0011697927,0.0021068119,0.0069487984,0.0009052886
2020-11-20,0.00021742881,0.0014408452,0.0051157232,0.0002390721,0.0013708373,0.00017793113,0.0024069827,0.0021995208,0.001817497,1.0388318e-05,0.000585311,0.0016014902,0.004877289,0.0015804811,-0.00027802348,0.00035394487,0.00014791398,0.00074727327,0.006960651,0.0004526011
2020-11-23,0.0010734984,0.0019671554,0.0027457245,0.0016175798,0.0006078348,0.003812566,0.0013816855,0.0007274194,0.0018129344,0.0019527493,0.00039324013,-0.0003648215,0.0016892182,-0.00027645144,0.00065997336,-0.0031017775,-0.006093813,0.00052566,0.0010685736,0.0005391918
2020-11-24,0.0026534346,-0.00013423803,0.00097350666,0.0015807253,0.00019340352,0.0042383233,0.0005788095,0.0033041344,0.0015726145,0.00061644375,0.0017530153,-0.00017708662,0.0012924953,-0.0022107337,0.00057495723,0.00050532754,-0.0014996111,-0.0014940739,0.004957221,0.0003680874
2020-11-25,0.001477432,0.0009233391,0.0025870458,0.0012115333,-3.839863e-05,0.0013278215,0.0015727174,0.0020831702,0.0010499128,0.002489842,0.0013643646,-0.0003174169,-0.00022030485,0.0010260248,0.0010159255,0.002670576,-6.861808e-05,-0.00017417167,0.009006067,0.0011779933
2020-11-26,0.0012835796,-2.8413417e-05,0.00018406934,0.00052798947,0.00020229186,-0.0004964097,0.0010373346,0.0035449192,0.0008523592,2.465912e-05,0.0014386046,-0.0003819331,0.00043713255,0.0012079469,0.00035280094,0.0011507954,0.0018790698,-0.0017685915,0.005485368,0.0010157109
2020-11-27,0.0024555104,-0.0004357414,0.002099268,0.0,0.0001543804,0.0031364497,0.0031990039,0.00068574696,0.00033006046,1.4236474e-05,0.00066340406,0.000362783,0.001305021,0.00354633,0.0008404756,0.001028025,0.0011517344,-0.0019383065,0.00031868176,0.0019049522
2020-11-30,0.0024975718,0.0009322052,0.0008604688,6.455144e-05,0.0014626137,0.0060454197,0.00068362796,0.003181904,0.0001451772,0.0016925732,0.00026490298,0.0005712571,0.0010253893,0.0026462553,0.0007339944,0.0,0.0008189752,0.0010092789,0.0008371078,0.00023946876
2020-12-01,0.002451915,0.0005321039,-0.0010513595,0.0007925828,0.0007526578,0.00096614705,0.0005897622,0.0008599896,-0.0002813639,0.00013473044,0.0012400341,0.0010080533,0.0013735981,0.001571632,0.00323485,-0.0013644131,0.0006813129,0.0016483408,0.008057695,0.0
2020-12-02,0.0011322877,-0.00045028253,0.0019988753,0.00020475565,0.0004138645,0.0019659635,0.0008730105,0.00019056832,0.00024366166,7.378965e-05,-8.6163775e-05,0.0027590364,0.0026746339,0.0020583721,0.0024409362,-0.0024177874,0.0,0.0016752256,0.0020825337,-0.0008906059
2020-12-03,0.0006889001,0.00050059566,0.0027024944,0.0008862121,8.523967e-05,0.00015533846,0.0012366403,0.00059722585,0.00084004126,0.0017599617,0.003151503,0.0,0.005915907,-0.0003614416,0.0024296166,0.0017870497,0.0011424687,0.0028000434,0.0017506627,0.00015594295
2020-12-04,0.0019769755,0.0037696406,0.0017368717,0.00023953586,0.0008464977,-0.00032972722,0.00015074546,0.0010646557,0.0008331398,0.001837718,0.0019106506,0.0010535761,0.00068615616,8.9456764e-05,0.0026800435,0.00022651239,0.0009641357,0.002143563,0.004185598,0.00058857934
2020-12-07,-0.00043473116,0.0019657086,0.00063382095,0.00077923003,0.00047160816,-0.0011387856,0.0008995404,0.00028370088,0.0011514159,0.0010857431,0.010983458,0.0006840643,0.0040425793,0.001537855,0.0030033786,0.0018695154,0.001737184,0.0018623568,0.0049410583,0.001349984
2020-12-08,0.0011054592,0.00070673326,0.0012857281,0.0028589822,-2.4427865e-05,0.0004304111,0.000859311,0.0011447732,0.0015500643,0.0018721815,0.0049105524,0.0006562453,0.001819037,0.0018463789,0.0017453484,0.0008684332,0.0014709139,0.0010174785,0.00795899,0.00087648054
2020-12-09,-0.00037491065,0.003468708,0.0022751023,0.0017554968,0.00066016143,-0.0018027577,0.00073512166,0.00200712,0.00084593653,0.0013792774,6.9896836e-05,0.003003829,0.0019568433,0.0024804426,0.0018439877,0.00044975674,0.0011958034,0.00047155024,0.00020862427,0.002261627
2020-12-10,0.0005979131,0.0026695956,0.0014574748,0.0026764588,0.00088738336,0.0,-7.126089e-05,-0.0005883887,0.0015820245,0.0012112373,0.0025216462,0.0022468641,-0.000663731,0.0022841997,0.0031437166,0.0029863473,0.0032997543,0.00088363944,0.0029247866,0.0016924018
2020-12-11,0.0018162698,0.0022981875,0.00034300768,0.00034875146,0.0007460438,-0.003537137,0.0007130256,0.0014439794,0.0015417655,0.0010859588,0.0020400493,0.0028509286,0.0027496961,0.0021018854,0.0023858687,0.0034767543,0.0032616232,0.00055073627,0.0019797802,0.0018922325
2020-12-14,0.0021993162,0.0017515898,0.00065197516,0.0007488022,0.0010385743,0.0003699785,0.0011901177,0.0031559758,-0.00017904636,0.002618191,-0.006888416,0.0012205117,0.002592527,0.0008014961,0.003136827,0.0050027003,0.0013593064,0.0017520711,0.0004385552,0.0017430704
2020-12-15,0.0025795382,-0.0001483239,0.00043087025,-1.5927155e-05,0.0006775141,0.0019795352,0.00048808331,-0.00093275623,0.0002069754,0.0012655919,-0.0012973248,-0.0011742174,0.001288362,-2.5519008e-05,0.001364754,0.009788037,-0.00023892956,0.0011253457,0.0007119101,0.0013167455
2020-12-16,0.00020398266,0.0008038862,0.0010873795,0.0013309474,0.00039576535,0.0006339256,-0.0001446182,0.0007256724,0.0007854163,0.0,0.00079952576,0.0013804642,0.0039051045,0.0007440995,0.0018866139,0.0011585151,0.00018696321,0.001327989,-0.0012271503,0.00027463838
2020-12-17,-0.0018295916,-0.00036276403,0.0007487535,0.0005704184,0.0005710296,0.0012407046,0.0005709157,0.0008531736,0.0009049883,0.0014081688,0.0,0.0010924748,0.0032336065,-0.00056785985,0.0024007708,0.0011635607,0.00013743908,0.0010430907,0.0010122918,0.0005601729
2020-12-18,0.00073570263,0.005820669,2.167589e-05,0.00083475787,0.0002992428,0.0058153993,0.001388228,0.0016109037,0.00090689684,0.0023328403,-0.002045515,0.0014747382,0.0046206256,0.0019121595,0.0012812149,0.0016171489,0.0015091999,0.000899941,0.00041361206,-0.00015938358
2020-12-21,0.0011007418,0.0043668947,5.5675828e-05,0.0018648731,0.00097166613,0.0027450698,0.0005586374,-0.0025192813,0.000608675,0.0012239763,-0.00558177,0.0016503182,0.001215694,0.00050094724,0.0022257916,0.0017015289,0.0017988732,0.0008295181,0.0026453773,0.0005051437
2020-12-22,0.00086997304,0.0024052183,0.00022382462,0.00070075074,0.00088205806,-0.0001463506,0.00064051914,0.0,0.0013479724,0.0025612067,0.009853839,0.0009081036,0.0012782266,0.0005880774,0.0013502816,0.0034181466,0.0026686317,0.0013196892,0.00062719896,0.0004130065
2020-12-23,0.0,0.0029127877,0.0039030372,0.0006961073,0.0011056464,0.0013627548,0.0010668956,-0.000596601,0.00030799973,0.0014752281,0.0051931883,0.0017877632,0.0004664939,0.0013315178,0.0013806593,0.0008250023,0.0008968165,0.0018379511,0.0018882523,0.00089644996
2020-12-24,0.0018155922,0.0010090419,0.002087099,0.0003248318,0.0012452601,0.0021909655,0.0008198492,0.0029857277,0.0003823,0.0023915265,0.0022763074,0.003053024,0.0018934746,0.0031248594,0.0012755289,0.0007235351,0.001967762,0.001969184,0.001909035,0.0009940192
2020-12-25,0.0020867134,0.0,0.0025334805,0.0003269114,0.0010084175,0.0012452846,0.0008930752,0.0017955265,0.00060842733,0.00065013056,0.0038773266,0.0010339918,0.001329758,-0.00097616034,0.0007345271,-9.207399e-05,0.0026919441,0.0010221713,-0.0030346438,0.0014983875
2020-12-28,0.002594894,0.00026660718,0.0015022985,-0.00041036645,0.0019612482,0.0028643804,0.00048821428,0.0015461446,0.0005307406,0.004534801,0.0030546782,0.0008570808,0.0019660362,0.0019594103,0.0002701947,-0.0021212627,0.0013419559,0.0023531076,0.0006694687,0.0021036824
2020-12-29,0.003462226,-0.0011523733,0.0013711273,5.28446e-05,0.0009377238,0.0016112757,0.000890361,0.002216123,0.0019086981,0.00047370308,0.00064069673,0.0010018103,0.002568242,0.0021474632,0.0008069348,0.0019158659,0.0010380117,0.00072663644,-0.001935813,0.0019710702
2020-12-30,0.000852153,-4.785516e-05,0.0022262004,0.0,0.0015104263,0.001692022,0.00025931676,0.0027033505,0.00014053914,0.00051059376,-0.0053574415,0.0007207318,0.0026778847,0.002080724,-3.8093945e-05,0.0005410854,0.0025851736,0.0011828897,-0.0010870313,0.0013500557
2020-12-31,0.0024321482,0.0006513,0.0005328003,0.00092804735,0.0011433157,0.0014898485,0.00088531995,0.00017128263,0.00031938404,0.0004727845,-0.0013903913,0.0,0.0019392718,0.0015945558,0.00024031867,0.004593167,0.0016816746,0.001653141,0.0038769627,0.0013047175
2021-01-01,0.001060679,0.0006779253,0.0006850273,0.0,0.0012260299,0.0012070208,0.00057619135,0.00052282197,0.0011556636,0.001117675,0.0005098324,4.4062206e-05,0.002833,0.00028668556,0.0016709936,0.0019215301,0.0043473807,0.0022973956,0.0035400048,0.0012121785
2021-01-04,0.0014856658,0.00018628157,0.0016651786,0.0007524398,0.0017100939,0.00061968813,0.0013839152,0.000821381,0.0007513707,0.0001890001,-0.002348968,0.0030188223,0.004001178,0.0005089442,0.00084121444,0.007880268,0.0035357506,0.0017572402,-0.0003750026,0.0022530144
2021-01-05,0.0010288497,0.00046991635,0.00071868347,0.0017294963,0.0012331819,0.0019585267,0.0015427546,0.0008619981,0.00053062773,0.0035624262,0.00041215442,0.0026925772,0.0041894536,0.002254762,0.0006659334,0.006454128,0.0025440627,0.003559657,-0.0018921247,0.0014597288
2021-01-06,0.00085075665,0.00085012196,0.00062055234,0.0020588203,0.0003933471,0.001290624,0.0016335013,0.0018008692,-6.6722205e-05,0.0030661477,0.0015707108,0.009171933,0.0034687344,0.002000126,0.0,0.007094282,0.0017171677,0.0016267471,0.00065285666,0.0017242352
2021-01-07,0.0013574705,0.00038640606,0.0025351045,0.0021884618,0.00086824154,0.0010751477,0.0009507883,0.006020919,-0.00085198553,0.0015106646,-0.001198858,0.0024290408,0.0022403894,0.0006889409,0.00087892247,0.004519779,0.0033158844,0.0006608413,0.0006064088,0.0022452767
2021-01-08,0.00356277,0.0002801413,0.0022231066,0.00021170231,0.00028526946,0.00084500836,0.0016784081,0.0059463237,0.0,0.0014461114,-0.00016064077,0.0027412763,0.002874791,0.0007306472,0.0012040528,0.0012894137,0.0005289933,0.0,-0.0009419818,0.0008492768
2021-01-11,0.0015268706,0.0,0.0005217047,0.0014215915,-0.0003543234,0.0012167691,0.0002582241,0.0017985043,-0.00044757934,0.0026695118,-0.0015859324,0.00052239676,0.003083422,0.0014693418,0.002494813,0.0022678697,0.002649845,0.0008521227,-0.00072104443,0.0035606427
2021-01-12,0.0028209933,-0.00072147616,0.0018182468,0.0009765886,0.00038827193,0.0010711366,0.0008408178,0.004539273,0.00040732097,0.0023044313,0.00097540865,0.0001051182,0.0018329944,0.0018923094,0.0010473436,0.000718728,0.001335634,0.0017129973,-0.0007758391,0.0026524346
2021-01-13,0.00434304,-0.0024328602,0.0019514025,0.00082187983,0.0011900455,0.0018453425,0.0,0.006097188,0.0012104495,0.0004200477,0.0011205593,0.001947645,0.001271833,0.005748045,0.0020263023,0.0036578355,0.0007398483,0.0016172518,0.0047631245,0.002994157
2021-01-14,0.0008699195,-0.0011404402,0.0028454503,9.14713e-05,0.0006433248,0.0014943252,0.0,0.0014827091,0.0010832576,0.0024770233,-0.0020292732,0.0,0.00068078045,0.0024263791,0.0013098284,0.0023656038,-0.00032732316,0.0016793231,0.0026486518,0.0015853614
2021-01-15,-0.0019215457,0.0010330005,0.0023004822,0.0015607617,0.0010202897,0.0035583628,0.0009873165,0.0027282203,-8.590603e-06,0.0030732648,8.588038e-05,1.5827098e-05,0.0037479543,0.0015104187,0.0034708593,0.003061351,0.00052761805,0.003281936,0.0005634624,0.0015004129
2021-01-18,0.00021678179,0.0011180459,0.002506813,0.00033418214,0.0011795444,0.0014071296,0.0009078888,0.0019719284,-0.0009053279,0.0013301612,0.0013648308,0.0007824693,0.001796568,0.0,0.00064177916,0.022010665,0.0,0.0040871166,0.0049222475,0.0015655487
2021-01-19,-0.00013275036,0.0012273076,0.0011760789,0.00060551637,0.0013841945,0.0015296072,0.00096705975,0.0004270325,-0.0010514889,0.00232626,0.0005322056,5.5260276e-05,0.00068268756,-0.00053929986,0.0005429029,0.0010502744,0.00059020997,0.0030041724,0.0007315992,0.0010056478
2021-01-20,0.0013524755,0.00034510536,0.0004863628,0.0008338724,0.0002264902,0.0042501814,0.0009361409,0.0008265209,0.00070700154,0.0012292272,0.00091734534,-0.0025362521,0.0,-0.0031146822,0.0,0.0013616649,0.0015766365,0.0023998576,0.0035018637,0.0018159621
2021-01-21,0.0026641295,0.00056009315,0.00082702533,0.00033214505,0.0007222445,0.0037029905,0.0013452743,0.0043103825,0.0005710044,0.0010052408,0.0017251777,-8.8293826e-05,0.0013354275,0.0014268529,0.00015327818,-0.002082933,0.0011241143,0.0021583177,0.0019801978,0.0012088451
2021-01-22,0.00040564974,0.0013327993,0.0010500117,-0.00045960498,0.00023841426,0.0021356535,0.00044601443,0.002057955,0.0006524595,0.0010615425,0.0025524471,0.0,0.00020766175,-0.0034446758,0.0014754072,-0.00066984695,0.0015183175,0.0005882107,0.00029952815,0.00042841997
2021-01-25,0.0022326454,0.0017055386,0.0030845813,-0.0017571598,0.00030056835,0.0009082089,0.0016907637,0.003248286,0.0014922165,0.0035481553,-0.0023336879,0.0027625435,0.0010216791,7.230722e-05,0.0016018506,0.0006612362,0.0013275291,0.0007157766,-0.00076415425,6.940544e-05
2021-01-26,0.000682121,0.00033027443,0.002147423,0.00020926571,0.0009933759,0.0031441287,0.0016807985,0.0040432205,0.000388415,0.00088154315,-0.0009400884,0.0019540454,-0.00050472404,0.00028103657,0.001177788,0.007810488,0.001527621,0.0,-0.0006731577,0.0013879886
2021-01-27,3.7181442e-05,0.0007407747,0.0010492457,0.0016503319,0.0015051498,0.0018758969,0.0021154177,0.0011367936,0.00084844383,0.0019534032,-0.0006809375,0.0024915296,0.0015854264,-0.002755675,0.0014010201,0.0029343923,0.00036103,0.0,0.0021711944,0.0
2021-01-28,0.00087072,0.0002179746,0.0,0.0011407672,0.0019831688,0.0008173879,0.003913611,0.0058532394,0.0010038211,0.0011074097,0.0107210735,0.0012739727,0.002335385,0.0004597532,0.001009284,0.001479636,0.0008023283,0.0,0.0011497205,0.0011986976
2021-01-29,0.00087230036,0.001483308,0.00036976213,-0.0011690217,0.0013156218,0.0023483124,0.0021655108,0.0053025936,0.00033123908,0.0003873427,0.0030357349,0.0,0.00043470273,0.0012352446,0.0015070691,0.0010948003,0.0002592505,0.00062589394,0.0053768684,0.0015400831
2021-02-01,-0.0016966058,0.0007478527,0.0009697516,-0.0004982278,0.0013979347,-0.0004557539,0.0026555941,0.009366659,0.001970118,0.002565512,0.005610252,0.0013953723,0.003002989,0.0011488308,0.0012840843,0.0038828498,0.0013668041,0.00040568216,0.0028535922,0.00034769037
2021-02-02,0.0010966443,0.0008332023,-0.00043974313,0.0013162055,0.0008379952,-0.00018510695,0.0004908859,0.0017896593,0.0017010215,0.001866728,0.00526365,0.0016563295,0.0024267095,0.00041375414,0.000715414,0.001025181,0.0019443142,0.0006841719,0.0060376897,0.000370202
2021-02-03,0.002383468,0.003027304,0.00041612436,0.00092888257,0.0017143115,0.00048353363,0.0007586824,0.002097968,0.00097050605,0.0024476568,0.0055489843,0.002418999,0.0008391001,0.0023446407,0.00022997022,0.001584328,0.0016988809,0.0010847246,0.003908924,0.00045079074
2021-02-04,0.0012904517,0.0012401922,0.0004950153,0.0013407272,0.00032166296,0.00043530806,0.00085229863,0.0029371232,0.0012102812,0.0010323706,-0.0013124765,0.0012248076,0.001009934,0.00093185407,0.0005034532,0.0014379711,0.0009786555,0.0012922065,0.008268556,0.0013373423
2021-02-05,-0.00035942308,0.0013627748,-0.00074358593,0.0011973189,0.0030631148,0.0022691272,-0.0017134228,0.0032744147,0.0013105617,0.0026584142,0.00022320064,0.0018773471,0.0017564568,-1.6650116e-05,0.0005956087,0.0010176746,0.004665766,0.002232359,0.006502773,0.0013749751
2021-02-08,0.0,0.0014840199,0.00057496014,0.0016679685,0.0011706065,-0.00045698165,0.00040323377,0.0013985332,0.0003306112,0.0040091695,-0.0014997546,0.0018318855,0.001936621,0.00090114545,0.002393466,0.00020276768,0.0015953862,0.0047745677,0.01212173,0.001539597
2021-02-09,0.0007116867,0.00055674964,0.00051332376,0.00021109295,0.0022766127,-0.00011703553,0.0023525963,0.0030666103,0.0005826049,0.0033472439,0.0006304478,0.0011014631,0.0030382485,0.0009572459,0.0043969317,0.0010646469,0.002100266,0.0038150218,0.0005540326,5.1843756e-05
2021-02-10,0.000681432,0.00040401093,0.0022638943,0.0,0.0010554425,0.0004980485,0.002282908,0.006513368,0.0017371594,0.002738571,0.0005503996,-0.003933161,0.0010088974,0.0030482484,0.0034437664,0.0017194316,0.0065757125,0.0029978415,0.0012914236,-0.0001965088
2021-02-11,-0.005188043,0.00063246523,0.0019468395,0.00049453555,-0.0007423384,-0.00091190217,0.0015794092,0.0037086513,0.0011583528,0.0008500714,-0.0020187935,-0.00040220103,5.6978046e-05,0.00095571816,-0.00060595927,0.002451351,0.005093191,0.002395393,0.0015153537,0.0017581308
2021-02-12,0.00035040994,0.0004927789,0.0014331214,0.0062050787,-1.3067502e-05,1.5617532e-05,8.201748e-05,0.0013982377,0.00010091294,0.0016685892,-0.0017053755,0.0,-0.00013551398,0.00052890705,0.00013931378,0.010015585,0.0010963825,0.00063359947,0.0037764474,-0.0025273913
2021-02-15,0.0010177841,0.0,0.0003988801,0.004758395,-0.00027046996,0.00049458165,0.0006894854,-3.0233772e-05,0.0012724994,0.0041475142,-0.0053050197,-6.262691e-05,0.0006089572,0.00060901284,-0.0025137193,0.0063503776,-0.003684913,7.1464696e-05,-0.00035786355,-0.0023354944
2021-02-16,0.0019873916,0.0006258034,-0.000929994,0.0031918294,-0.00064860756,0.0065180236,0.000872095,-2.097756e-05,-0.0019425014,0.0013389059,0.0020608683,0.0010170379,0.0,0.0028035094,-0.001618828,0.0062319334,0.0013864095,0.00060380186,-0.0018801896,0.003412825
2021-02-17,0.0016299112,0.00015710718,0.00057385914,0.004020703,-0.004765151,0.005252501,0.0013271822,0.0004185307,-0.000985242,0.0020221006,0.0023816738,-0.00014910694,0.00066295813,0.0019003351,-0.00057819166,0.0049459743,0.0011774894,0.002889505,0.0011095724,0.002794294
2021-02-18,0.0021941795,7.376165e-05,-0.0021036316,0.00020046522,0.00088548905,0.009980557,0.002962492,0.0007995979,-0.0021217656,0.0025559706,0.0011993769,-0.0021578327,0.00043210032,0.0028167863,0.00091212697,0.006728422,0.0067129843,0.002556442,0.00291984,0.0057296786
2021-02-19,0.0003596044,8.16662e-06,0.0005012533,0.00014426817,0.00041610585,0.0024692197,-0.00012888004,0.0009654663,-0.010960903,0.002288405,0.0,-0.0009633818,0.0023879944,0.001707864,0.0010476595,0.004271592,0.007826573,0.001472014,0.0028032914,0.0008839002
2021-02-22,0.0027702071,-0.00056603475,0.0019104921,0.0023119377,0.0011095795,0.008268692,-0.001994102,0.00041355446,0.00015556281,0.0013505339,0.0009905446,0.0031088858,0.0063443966,0.004649196,0.0015628,0.002836714,0.0034753296,0.0016491455,0.00010944482,0.00784216
2021-02-23,0.001635174,-0.0006755933,0.001616954,0.0006521722,0.0024296714,0.0039542248,0.0015470494,-0.0001963349,-4.0640876e-05,0.0009249421,0.00083346776,0.0,0.0019193415,0.0029791528,0.0016877686,-0.0001118027,0.00613639,-0.0003661164,0.0029394634,0.0005871553
2021-02-24,0.0006886625,-0.0002633846,0.0021675394,-0.00013914748,0.00023412477,0.0038322809,0.0008830581,0.0012850544,-0.00025136286,0.002805196,0.00045002784,-0.0037710771,0.0005856871,0.0032832643,0.00025180893,0.002736231,0.004043634,0.0,0.0010401434,0.007821051
2021-02-25,0.003948688,0.00024750447,0.0028789553,0.0,0.005299121,0.0052834502,-0.0050004018,0.007004526,0.0031452351,-0.0007020033,0.0026180525,0.0016738927,0.0013909386,0.0017344927,-0.002381963,0.0038831185,0.0061899866,-9.944339e-05,0.003463342,0.0011972376
2021-02-26,0.004537022,2.7949636e-05,0.0011814116,0.0018745987,0.0034708076,0.0069842194,0.00012074849,0.007627473,0.0013919002,-0.0005651946,0.00035753974,0.00064459466,0.0010193388,0.0023776593,-0.0004495552,0.002516587,0.0031504778,0.0002183074,0.0047659082,0.0009648751
2021-03-01,0.00364974,0.00090423087,0.0025348254,0.00069444726,0.0069877594,0.0047720727,0.00158889,0.0007259682,6.4147265e-05,0.0006334227,0.00020697161,0.0025614623,0.0023891493,0.0024416521,0.0018935975,0.0015870484,0.0025702293,0.0012917435,0.0003692315,0.0015086517
2021-03-02,0.0036623436,0.002151286,0.0011791025,0.009530236,0.0045940555,0.003740354,0.0022448653,0.00094678724,0.0013270846,0.0012973604,0.0004643846,0.005294083,0.0008588408,0.0012935229,0.00086203025,0.0023189648,0.0026775056,0.0012543501,0.00088228384,0.0042851376
2021-03-03,9.210091e-05,0.0005672092,0.000889564,0.0069001107,0.0022319749,0.0021116405,0.0019535616,0.00042009546,-0.0009281547,0.002995802,0.0007810804,0.0038107967,0.0014875736,0.005421681,0.0024791537,0.0042770132,0.0008534409,0.003204845,0.0008645892,0.0006064902
2021-03-04,0.0010174545,0.0016360239,0.002423393,-0.0001012427,0.00041534274,0.00093547814,0.0029911841,0.00035081856,0.0,0.0041913316,0.0026516726,0.0052334624,0.0005083363,0.0019827173,0.0027099247,0.009340965,0.0012796018,0.0006488121,0.0018891545,0.0002984375
2021-03-05,0.0043458263,0.0014268296,0.0009852183,0.0006634891,-7.557754e-05,0.0016367363,0.0028351543,-0.00092882395,0.0011994727,0.0022876442,0.0011320498,0.0033828726,0.00038699553,0.0019109217,0.0031469006,0.0052951127,0.0005360466,0.001861375,0.0007229192,0.0042908285
2021-03-08,0.007084412,0.00021427814,0.0027353715,0.0005533843,0.0005936675,0.0012573913,0.0020568129,0.00062473567,-0.0018268767,0.0024156692,0.00027458253,0.0045231986,0.0007157331,0.00016776545,0.0037765817,0.0033605467,0.0015470324,0.004631742,0.0012700298,0.0068653966
2021-03-09,0.0014107183,0.0025492313,0.0025401986,0.0049413005,0.0012265057,0.0004882355,0.0011443626,0.0007074402,0.00018490065,0.0041721035,-0.00048708182,0.000932372,0.0042763855,0.00029676504,0.0057022884,0.000431263,0.0028631478,0.0012510126,0.00036304977,0.0030637232
2021-03-10,0.0005460033,0.00057261495,-4.5898036e-05,-0.0048166895,-0.00024976887,0.0019773624,0.0006868916,0.0008488461,-0.00042370355,0.00024620144,0.0026582836,0.00020562226,0.0031749392,-0.00085205375,0.0015518599,-0.0012604846,0.007901455,0.000245534,-0.00019429954,0.0018139383
2021-03-11,0.0007339406,0.0008735728,0.0057455054,-1.0713522e-05,-0.0012313129,0.0011306794,0.0015833187,0.0010149633,0.0035851754,0.0010980484,0.0030609851,0.0017945765,0.0018700171,0.0,0.00015714073,0.00013529632,0.004144962,0.0013879448,0.0004354071,0.0105337035
2021-03-12,0.0008601336,0.0007463395,0.002129626,-0.0034685773,0.0043896097,4.2291136e-05,0.000961597,-0.0012125592,0.0012832361,0.0009609422,0.0021686605,0.00039148334,0.0015635486,-0.0021297901,0.0007656057,0.00050288206,0.003988241,0.0012913422,0.0012656597,0.0033915231
2021-03-15,0.002749724,0.0015870022,0.0023931938,4.5732327e-06,0.0067658927,-0.0001638193,0.00033276525,-0.0008605586,0.0049060043,0.0033283662,0.0059198807,0.0008805025,0.002669253,0.00073536613,-0.000551033,0.0010718035,0.0010656127,-0.0002746394,0.0011920164,0.0009049451
2021-03-16,0.0021318914,-0.00015039851,0.0016535511,-0.0022980717,0.0011773503,9.9939985e-05,-0.0006216652,-0.0006031818,0.0039501716,0.00066460273,0.0031533458,0.0021107225,0.002642371,0.0005026141,-0.0024591053,0.00092669926,0.0004314136,0.0,-0.00012253685,0.0018681479
2021-03-17,0.00424955,7.6278295e-05,0.0023007626,0.0,-0.00026229525,0.002000244,0.0018264564,0.0002114186,0.0019315555,0.0026783766,0.0021243433,0.0048575397,0.0017322678,0.00054702937,0.0010262391,-0.00062843924,-2.886015e-05,7.147982e-05,-9.251759e-05,0.00012587718
2021-03-18,0.0029824988,0.0001665512,2.9572406e-05,0.00045007304,0.00038759832,0.0008704843,0.00038520258,0.0004547263,0.0029185717,0.0015724987,0.00070891145,0.0020469916,0.0007266349,0.0012541028,0.00040650062,0.00082752795,2.4392715e-05,4.363927e-05,0.0012914907,-0.001687285
2021-03-19,0.00036840278,0.00060443796,0.0,-0.0006152712,0.0009612801,0.00065674004,0.0025507407,0.0027040942,0.0020792142,0.0014173533,0.004345279,0.0011590344,0.001941196,0.0001750646,0.0014333561,0.0006060484,0.0006500014,0.0013768926,-0.0006301796,0.0022845576
2021-03-22,0.00057094893,0.0009839749,0.0021986775,0.0019675554,0.0020058595,0.0001665963,0.0023269262,0.0009925613,0.003394674,0.0010855682,0.0054118326,-0.00056747237,0.0011578877,0.0028952125,0.007463292,0.0007497263,0.00034831767,0.0023084253,-0.00037846924,0.008551419
2021-03-23,-5.7769277e-05,0.0006860753,0.0025164532,0.00053488795,0.00093633414,0.00067592686,0.0018775616,0.00020992605,0.004528622,0.001188407,0.0024071378,0.00439987,0.006038756,0.006264522,0.002322519,0.0045642545,-0.000536409,0.0016773349,0.0011778973,0.0007986243
2021-03-24,0.001936182,0.0018807818,0.004864798,0.0010712349,0.00042889107,0.0008695383,0.001565048,-3.2195436e-05,0.004966982,0.0013146796,0.0038668222,0.0054632043,0.0018367802,0.0039437395,0.0018464009,0.001230371,0.0,0.0014441132,0.0007402617,0.0015788907
2021-03-25,0.0027085915,0.0013069139,0.008538053,0.0015475356,0.000736498,0.0,0.001576587,0.00047786933,0.0011321096,0.0030760597,0.006661267,0.0015335481,0.003386898,0.0020168398,-7.244219e-05,0.0024950248,0.00021212522,-0.0012597338,0.0022662277,-0.004133308
2021-03-26,0.002925621,0.0013065061,0.004531763,0.00053497276,0.0013694406,-0.00083700556,0.0019606152,0.0037921683,0.0021193929,0.0035818124,0.005158262,0.003371426,8.550591e-05,0.00048287737,-0.0015084997,0.0048304037,0.00047717654,4.463052e-05,0.00093609607,-0.0001551943
2021-03-29,-0.0009960047,0.0016491559,0.0028466566,0.00084138865,-0.0011700431,-0.0008427385,0.00060368946,0.0005176932,0.0027848447,0.0014310767,0.004189521,0.005994494,0.0007313346,0.0010612294,0.00041478648,0.006116042,0.008684941,0.0015503935,-0.0009753318,0.0019568587
2021-03-30,0.0011406867,0.0017932795,0.0013055955,0.0051144105,0.0006459928,0.0016556244,0.002203694,0.0007281482,0.0013090388,0.00083788537,0.0011512694,0.007001054,-0.00045243095,0.0011212784,-0.0011711153,0.0012256152,0.009570368,0.0007477998,0.008366459,0.0022267427
2021-03-31,0.0004879334,0.0008517037,0.00037872282,0.0006577339,0.0007557899,0.007141225,0.0008847095,0.0013428692,0.0022381481,0.0011835594,0.0045228447,0.0022201638,0.00041824408,2.5225741e-05,-0.0028573398,-0.0005039379,0.0023710039,0.00029023437,0.0016611705,0.00043871676
2021-04-01,0.0002785454,0.00077529746,0.001067298,0.0003142252,0.0010614981,0.0037617835,0.0015650896,0.0018660505,0.004131272,0.0013853223,0.00132421,0.0035959634,8.315976e-06,0.00086553296,-0.0011178271,-8.726107e-05,0.004999767,0.00021572814,0.0013805049,0.0069463984
2021-04-02,0.0012332916,0.005053483,0.0013577223,-0.00089276844,0.00068610284,-0.00019523784,-3.550901e-05,0.0026648508,0.0009262374,0.0022129028,0.0020996511,0.0021330873,0.00048517212,0.0016527378,0.00087871455,0.0015091304,-0.000103554696,-0.00066885067,-0.00017116069,0.007830155
2021-04-05,6.808909e-05,5.266124e-05,0.0006525019,0.0074061714,0.0,0.0016126042,-9.9826495e-05,0.005372242,0.0029764953,0.0011350457,0.0049047815,0.00079214474,0.0017760264,0.0028257822,0.000643007,0.009608801,0.0004393278,0.0006290084,-0.002824029,0.004715586
2021-04-06,-0.0069473954,0.0012257185,0.0011607788,-9.34306e-05,0.00046653597,0.0029080743,0.0006035836,0.0016955024,0.0014982331,-0.0001685299,0.002053186,0.0026960014,0.0021847042,0.0014191866,0.0047607683,0.004252666,0.000107284635,0.0002524716,0.002950382,0.001873462
2021-04-07,-0.0033913096,0.0011209105,0.002504826,0.00080414896,0.0007002588,0.001242448,0.0,0.001334057,0.00015235553,-0.00057616865,0.0010593599,0.00988955,0.0013326351,0.0022226593,0.0016044357,0.007594457,0.0067617735,0.0008869295,-0.0025869464,0.00049214443
2021-04-08,-0.006080914,0.0040446944,0.0006846142,0.0022846798,0.0020635275,0.001170043,0.0011368426,0.0015510845,-0.0006924083,0.0005610533,0.0,0.0077166725,0.0012920322,0.0027111762,0.0013462435,0.0019134659,0.00069118344,0.0023266661,-0.0021539964,0.010783822
2021-04-09,-0.0001012279,0.0008701728,0.0012215046,0.0010613294,0.001620071,0.0011733869,0.0014120247,0.0011882897,0.0013241163,-0.003106638,0.0021109367,0.002471661,0.00080798054,0.0010681364,-0.0007573112,-0.0009879434,0.005053718,0.0018457646,0.0013678481,0.0024270595
2021-04-12,0.0055056727,0.00043427656,0.002043289,0.0009871403,0.0011150732,0.00020791282,0.0013761207,0.0051275017,0.0022408885,-0.0040763603,0.002500257,0.00015306304,0.0017675362,0.0021939964,-0.0011326558,-0.0019981111,0.0030483932,0.00042444,0.0068608816,0.0
2021-04-13,0.0030654697,0.0010780834,-0.0005556911,0.005715006,0.00069923204,0.0016501715,0.0010515664,0.0060888636,0.0002679563,-0.00011539696,0.0015224094,0.0031817302,0.000936288,0.0010184785,0.00029476496,-0.0022168688,0.0010407642,0.00038776084,0.0034805378,0.0013801304
2021-04-14,0.00038337914,0.0006053799,0.0011408712,0.0047784066,0.0015998349,0.0030010638,0.0012651053,0.0023864435,0.001372767,0.0006994349,0.0004883945,0.0008553215,0.001671426,0.0026542102,0.003299325,-0.006106592,0.008756345,-0.00059988874,0.00082196586,-0.00029912964
2021-04-15,0.0032961601,0.0010381637,0.0010170889,0.00013522562,-0.0025435395,0.0013508775,0.0014953577,0.003747428,0.0009747869,0.0011496233,0.0014761934,0.0004906742,0.0,0.002662625,0.001814922,-0.00046923093,0.009462272,0.0018039157,0.00062229775,0.00071228534
2021-04-16,0.0056841387,0.0010405572,0.0013850651,0.008459786,0.0014014746,0.001500732,0.0009841587,0.0014413919,0.0018458085,0.0017103782,0.0,0.0013505608,0.0006161928,0.0036973993,0.0056744595,0.0010405119,0.0026177124,0.0017315682,0.0024030895,0.00031767625
2021-04-19,0.0038863916,0.001108454,0.0016653456,0.014883969,0.002127312,0.0024987694,0.00088965415,0.0009518194,0.0019384352,0.00095718645,-0.0010790254,-0.0007764501,0.0011447986,0.0018848096,0.0024423867,0.002101092,0.001063406,0.0012044486,0.0022477359,0.002696274
2021-04-20,0.0011036044,0.0012831049,0.0008845979,0.003765102,0.0022852062,0.002966026,0.00113001,0.001337503,-0.00067209057,0.0012539886,0.0017085094,0.0040836693,0.0002952465,0.0012301074,0.0010224609,0.00012103808,0.0012893784,0.0009727543,0.006420848,0.0028158918
2021-04-21,0.0050449306,0.00066564436,0.0002717471,0.0019934715,0.00080036855,0.0035530908,0.00083497184,0.0031528408,0.0015725355,0.00070747954,0.0013781752,0.0035684481,0.00088266697,0.0008639889,0.001689761,0.0058489414,-0.00055435224,0.0019738073,0.00096288027,0.0010780344
2021-04-22,0.00073166966,0.0019935975,0.0,0.0025777437,0.005036406,0.0015468341,0.00039655753,0.0018368001,0.001036605,0.0012792484,-0.0030687684,0.0015752118,0.0013236792,0.0005875762,0.0019080038,0.002163785,-0.00040543507,0.0017098826,0.00075216114,0.0011731024
2021-04-23,0.00079258456,0.0023847134,0.0011540148,0.018620962,-0.00060244236,0.0018002752,0.0020843758,0.001158442,0.0005975757,0.0019500763,0.0010817981,0.0009471409,0.0013304777,0.0013822502,0.0010986105,0.0015056178,-0.0008863393,0.0031563255,0.0012875693,0.0057693534
2021-04-26,0.0022439987,0.0010872474,0.00055574655,0.007285128,0.0020144454,0.005136746,0.0004628334,0.00016367102,0.0009877122,0.0,0.00060680544,0.0004365833,0.0015497197,0.0023751054,0.0026544454,0.0006360943,0.00053549005,0.001984892,0.0015839086,0.0021392405
2021-04-27,0.0028840287,0.0013859922,0.00042181488,0.0020566094,0.0010103085,0.0019163507,0.0004834028,-0.0005347919,0.0015328691,0.0039259186,0.0,0.0007978363,0.0008954025,0.0013061333,0.0018149115,-0.00030380138,6.220065e-05,0.0009847804,0.00066745543,0.0017626734
2021-04-28,0.00018294633,0.0010314158,0.0008835667,0.010096888,-0.0012503805,0.0010469743,0.0008869565,0.00032770392,0.00014918194,0.0062005543,0.0023448362,0.00036052713,0.0012343157,0.0005244296,0.00091555086,-0.0048333416,0.0031691378,0.0014465183,-0.00049428013,0.0029283084
2021-04-29,0.0015457233,0.00047029398,0.0012264429,0.004556743,-0.0005734972,-0.00018013606,0.0016136372,0.00058452145,-2.231826e-05,0.00571959,0.0005131234,0.0014112418,0.0008340163,0.0019890913,0.0008493656,-0.0016568195,0.0004301222,0.004418499,0.0017511036,0.009820233
2021-04-30,0.00040638275,0.0001977323,0.0013732879,0.00160436,0.00154234,-0.00031759587,0.001472118,0.00034788824,0.0,0.0015621887,0.0013246683,0.0012585843,0.0016526214,0.00064410473,0.0010871573,0.0023138693,0.00040541982,0.0005729901,0.0016067929,0.0116626
2021-05-03,0.00095507136,0.0012990871,0.0010947481,0.0022237704,0.0012568563,0.0012919857,0.001493899,0.0005630903,0.0016942754,0.0049139895,0.0018659859,0.0011379612,0.0016038805,0.0012021911,0.0016462917,0.0018385113,-0.00092301064,0.003150809,0.0010589147,0.012997495
2021-05-04,0.0016857986,0.0006562966,0.0011253702,0.0011368709,0.004039788,0.0004012952,0.0013248811,0.00064659916,0.00032548228,0.0069675716,0.001150474,0.0013658657,0.0017237875,0.0011546019,0.0054620844,0.010525014,-0.0025143381,0.0019199178,0.0016118181,0.00071862235
2021-05-05,0.0,0.00047623727,0.0006674308,0.0013410876,0.0012140071,-0.00018166503,0.00052220415,0.0019514968,0.00012781864,0.0011452952,0.0007373312,0.0006065689,0.0017545624,0.0010165349,0.0031596674,0.00590622,-0.0005017807,0.0021036523,-0.0012112708,0.0005891958
2021-05-06,0.00053813367,0.0005903129,0.00058236363,0.0021256167,0.0025244688,-0.0019457185,0.0011416972,0.004909806,0.0018543571,0.0,0.00036723216,-0.0008371748,0.00025438666,-0.0013470885,0.0017047393,0.010174365,0.0,0.0012613928,0.0007044622,0.00012768152
2021-05-07,-0.0007416439,0.0039235917,0.002175295,0.0034186523,0.0018434505,0.0012897765,0.008526238,0.0021514043,0.0013629382,0.012388082,0.002163384,0.0004385162,0.0006197213,0.0040255757,0.00045740872,0.012333123,0.0013143928,-8.737711e-05,0.00205997,-2.6066818e-05
2021-05-10,0.00037983677,0.0021763127,0.0016475221,0.000870758,0.002139735,0.00073747954,0.008075896,0.00041639435,0.0004581517,0.0035993995,0.0014962311,0.00015752907,0.0017107469,0.0025434985,0.0013322615,0.007072051,0.0018553069,-0.00037293156,0.006411517,1.6196647e-05
2021-05-11,0.0007670718,0.0037607488,0.0021306165,0.0002973506,0.0006116425,0.0007242236,-0.00014612246,0.00045521767,0.001382592,0.0010602733,0.0015302938,0.001115787,0.0018127884,0.0026998378,0.005093574,0.002208891,4.019707e-06,0.00086058275,0.0010308312,-0.00096448156
2021-05-12,0.0007547056,5.6145447e-05,0.0010624022,0.0010878071,0.0016848055,0.0039648977,0.00471103,0.00042729464,0.0012086515,0.0011731109,1.0503045e-06,0.0023946643,-0.00047133092,0.0056702537,0.008481073,0.002438246,0.0004166169,0.00021953537,0.00042628087,0.0
2021-05-13,0.0020724237,0.0006363432,0.0016482935,0.0020891242,0.0008807282,-0.00058965443,0.0033270053,0.0007769605,0.0013671707,0.0025027944,0.001469161,0.0015726628,0.00050245115,0.004434813,0.002286388,0.002914914,0.0013340912,0.0014523688,0.00050372153,-3.3963926e-05
2021-05-14,0.0028135844,-0.0014422303,0.00050111825,0.0014964611,-0.00013602986,0.0017481474,0.0,0.0016023297,0.0014107038,0.0018790223,0.0014869089,0.0016329112,-0.0011864094,0.0043617478,0.0015683244,0.0027243663,0.0026997214,0.00038428107,0.0021557072,0.0009154414
2021-05-17,0.0007480861,-0.00044137085,0.0017340268,0.00052615046,0.0010671667,0.004861454,-0.0010586813,0.0021740145,0.0018806775,0.002722266,-0.00018047329,0.0010848546,0.0021272227,0.00036178174,0.00079382595,0.003879752,0.0015582524,0.0,0.004106042,0.00029466415
2021-05-18,0.0018944592,-0.0005306683,0.0022521254,0.00145443,0.0004410984,0.0043341285,0.0048727696,0.0006128838,0.0017061137,0.0017369582,0.0003368743,0.0023283216,0.0015054445,0.0015896795,-4.8293037e-05,0.00024627958,0.0010331437,-0.00059450354,0.002002717,0.00088129734
2021-05-19,0.0014957571,0.0018233896,0.0015477397,0.0006628961,0.0004922284,0.0019163863,0.0022606258,-0.00034135717,0.00086032756,0.0025545345,0.000569655,0.0030351582,0.0020528808,0.0007981355,0.0007342998,0.0033770998,0.005048233,-0.00044708725,0.0005949297,0.00064085226
2021-05-20,0.0012310989,0.0019287887,0.0006996975,0.00021778319,0.0013844146,0.00024491435,-0.00052365323,0.0,0.000836034,0.007035776,0.0,0.0019138285,0.0008945958,0.0018883792,0.0013819688,0.00089052075,0.0034749426,0.0005839319,0.000438825,0.00056220015
2021-05-21,0.0011866987,0.0029892176,0.0017579334,0.0017463495,0.00050785526,0.00018234878,0.02684954,-0.0018641261,0.002103687,0.0077195973,0.00061115704,0.0034164197,0.004546245,0.00084442075,9.263972e-06,0.004842529,0.00065646373,0.0003126527,0.00016572379,0.00031094495
2021-05-24,0.0012226349,0.0013415236,0.0012703891,0.0005547328,0.001268519,0.00086207007,0.0017837012,-0.0009489117,0.0016784149,0.0042873505,0.0010294612,0.0034123845,0.0026619537,0.0,0.00079470885,0.0005875958,0.001219392,0.0024633962,0.003390163,0.0008500162
2021-05-25,0.0017914525,0.0037763354,0.0007185364,-0.0006854566,0.0013641657,0.0026627579,0.0013490353,-0.0018579616,0.0015871271,0.00070532475,0.0026585197,0.006444416,0.0006887096,0.0021955355,0.0023894908,0.0018454464,0.00090207637,0.000468508,0.0009604237,0.0023844428
2021-05-26,8.128396e-05,0.0024002045,0.0019477541,0.0016576945,0.0016656277,0.005682483,0.0011879702,0.0011673841,0.0019827038,0.0017110058,0.0003108507,0.00399871,0.002275259,0.00025573652,0.0042736772,0.0027624178,0.0006451582,0.0,0.002196045,0.001903762
2021-05-27,0.0007057768,0.00025868783,0.00084846996,0.00036401965,0.0010947865,0.006998192,0.0015823041,0.0024197,0.0009603273,0.00077885925,0.0010989427,0.0013634197,0.002209379,0.0030717622,0.0030491957,0.00862687,0.0010886027,0.0020764028,0.00088193105,0.0015477851
2021-05-28,0.00071121304,0.00087470753,0.00046310923,0.0006491466,0.0020550569,0.0023726178,0.002595303,0.0038788777,0.0017906413,0.0004335441,0.0014405358,0.0024005328,0.0006300947,0.0028478599,0.001262101,0.00040254713,0.0007158628,0.0006371911,0.00080074044,-0.00015386664
2021-05-31,0.002496856,0.0048289225,0.0018955087,0.0020587363,0.0,0.00093531783,0.00307512,0.0010700104,0.002386159,0.002662252,0.0010682404,0.00068986847,-0.00055126305,0.0024538112,0.0021883533,0.0010722636,3.7160153e-05,-9.6098694e-05,0.00089382596,-3.6041674e-05
2021-06-01,0.0016586737,0.0015781136,-0.0005039902,0.0012590432,0.00039211713,0.0017090748,0.0020781497,0.0007823711,-0.00023892873,0.0010028266,0.00084912224,0.0020819828,-0.000749908,0.0015163916,0.0005311229,0.0055530705,0.00020047586,0.00023869598,0.00064165023,0.0012967737
2021-06-02,0.0029186835,0.0021393762,0.00012387113,0.00025808738,0.0016531404,0.0031936236,0.00973602,0.0010075577,0.001653434,0.0008519094,0.0011999768,0.0013807373,0.0014862869,0.00036355268,0.0014626094,0.0036815992,0.0028909228,0.00296122,0.00058364746,0.0015796403
2021-06-03,0.00066698476,0.00059806317,-0.0013719214,0.00019884316,0.0015892573,0.0033778797,0.006486869,-0.0006803067,-0.0032058342,0.0014829113,0.00060623855,0.0026601765,0.0010486646,0.00070565625,-6.3842315e-05,0.002058775,0.004618013,0.0025682636,0.0004375911,0.000507638
2021-06-04,0.0020289917,0.0036638554,0.0012803052,0.0011959688,0.00068489055,0.0029889054,0.003558476,-0.00095526094,0.0002513343,0.0014802624,0.00042993223,0.0014136323,0.00092665246,0.001011117,-0.0014556388,0.0017695575,0.0013398604,0.004403314,0.0005292717,0.0021726994
2021-06-07,0.0025478182,0.002643415,-0.00045467252,0.00065498444,0.0014585058,0.005345819,0.00065386505,0.00013578583,0.0019256807,0.0002696178,0.0014815537,0.001887321,0.0,0.0010607901,0.0008202242,0.0012458242,0.00084938924,0.0020996958,0.0011074926,0.0005328708
2021-06-08,0.0040214485,0.0069325324,0.0010874053,0.0017974245,0.0011792169,0.003308526,0.0012932955,-0.0010006181,0.0028151046,0.0008523537,0.0006319106,0.0025761677,0.002101759,0.001093962,0.0023688541,0.0008051365,0.0027498435,0.00018775027,0.00045339274,0.002057226
2021-06-09,0.0021552863,0.009551961,0.0011777678,0.0023970862,0.0010968876,0.0017402788,0.0013068428,-0.0016733139,0.00046330993,0.0017124519,0.0005707373,0.0015871384,0.0021346852,0.0005718257,0.00070810324,7.087941e-05,0.0015766447,0.0006192099,0.0014814684,0.003159311
2021-06-10,0.0012143719,0.0007385345,4.730551e-06,0.00065338,0.0008864325,0.00077718653,0.0010587933,0.000537008,0.0005260217,0.0014967549,0.0006502592,0.0018920094,0.002175058,0.0012950241,0.0017454023,0.001596878,0.0026866565,0.002303927,0.00025288717,0.0049798903
2021-06-11,0.0006604826,0.0011918562,0.0018493359,0.0004509243,0.0018402091,0.0018144193,0.0005766759,-0.00092445465,5.336231e-05,0.0,0.00027362903,0.003654002,0.002789235,0.0012323305,0.0018405658,0.0038830764,0.0015479379,0.0055206083,0.0010125426,0.002779393
2021-06-14,0.00084275997,0.0014665928,0.00026889128,0.0024788682,0.0016108187,0.0012051024,2.3028539e-05,-0.00074780255,-0.0009808034,0.0019719158,0.00050072663,0.0009103844,0.0028072272,0.00084532995,0.0026922473,0.0045722835,0.0004721712,0.0010534333,0.0011260073,0.0018000794
2021-06-15,0.0024132722,0.002140801,0.003017326,0.0016916458,0.001357257,0.0021975986,-0.0005216664,0.0039230105,0.0012357298,0.0018444975,0.0017809941,0.00058278313,0.00071651104,0.0016805968,0.0023229828,0.0010042281,0.002143278,0.009258082,0.0012347822,0.0010681619
2021-06-16,0.00047840396,-0.0029359069,0.0007246185,0.0013576518,0.0005431013,0.00080562127,0.00057302066,0.0010171911,-0.0006229658,0.0020944108,0.001979852,0.0016524686,0.0012198492,0.0029602996,-2.6005911e-05,0.0029177333,0.0014140295,0.0051293587,0.00014006793,0.0018456465
2021-06-17,0.0009728292,0.0013836109,0.0017822344,0.0009567258,-7.3626776e-05,0.0006524315,0.0009135356,0.0008441766,-0.0010592019,0.0011644529,0.0022402718,0.00032581456,0.0021110063,0.0042939032,0.002417649,0.00016478261,0.0009324012,0.0013721976,-0.000266519,0.001109321
2021-06-18,0.0013852571,-0.0010714506,0.002790587,0.001685304,-0.00018066027,-0.0009989677,0.000688451,0.0018388446,0.0003182497,0.00082254317,0.0020917323,0.00085220643,0.00053011166,0.0012109715,0.0015547755,0.002015687,0.0015404739,0.006164827,-0.00062152115,0.0009826836
2021-06-21,0.0025899273,-0.0003279478,0.0019451326,0.0015437917,-0.00014857925,-0.0014840293,0.0020205432,0.0023910082,0.00015700798,0.0013509803,0.00068093993,0.0029056438,0.0025537822,0.00033617407,0.001241789,0.0014545794,0.00020125137,0.004957612,0.00052227656,0.0026433317
2021-06-22,0.00096184126,0.0011884383,0.0020347326,0.0023983943,-9.335348e-05,-0.0018727658,0.0010264362,0.0010639065,0.00020406376,0.0023980183,0.0014365665,0.00089520606,0.0021342256,0.0011716149,0.0013297946,0.0021230292,1.7885086e-05,0.0056463084,0.0004579565,0.0011009667
2021-06-23,0.0016909388,0.0015348269,0.00083694863,0.0022977,0.0002915404,-0.0004722116,-0.0009396701,-0.00063082576,-0.0002887571,0.0006833077,0.0011845789,0.00026278882,0.0011339798,0.0033161344,0.00086909096,0.0005447554,0.0005826476,0.0031195688,-0.001135783,0.0021053841
2021-06-24,0.003745475,0.005200326,0.0013231825,0.002618046,0.00022835076,0.00015588544,0.0032535417,-0.0010780187,0.00044440545,0.0018406403,0.002652158,0.0016519548,0.0013795672,0.0060380404,0.0013655174,0.0012613457,0.00060290354,0.011492951,0.0015529087,0.0006891249
2021-06-25,0.00060159195,0.00020937824,0.0018181476,0.0011430379,0.0010834523,-0.0012272324,0.008236365,0.0003488746,-0.0023091007,0.0013923775,0.0017536662,0.0018665594,0.00054323353,0.0026504071,0.0018166929,0.00011773723,-0.00011216949,0.0033037155,0.00035054793,0.00078385527
2021-06-28,0.0014508219,0.0010940557,0.00042041895,0.0013877851,0.00090102263,-0.00093770487,0.0042862175,1.0176763e-05,-0.0012675155,-3.8340997e-05,0.0018117718,0.0010914886,-0.00050072983,0.0027530347,0.0018371398,0.0018712969,0.00063905225,0.0020240375,0.00013824127,0.0021944041
2021-06-29,0.0018442955,0.002651372,0.00033018895,0.0008758282,0.0015137598,-0.0001396829,0.0077126697,0.0030476067,-0.0022771002,0.0005289369,0.0011339822,0.0010891238,-0.0007456699,0.0014438346,0.0020692232,0.00022544544,2.9170777e-05,0.002188329,0.0017388359,0.00070543576
2021-06-30,0.0029530495,0.0038866263,0.0019067599,0.0009023732,0.0017134219,-0.0004854361,0.0064327884,0.0035693853,-0.0017960364,0.0015861335,0.0019115111,0.0018321649,0.00017488048,0.0051555927,0.00085607916,0.001439226,0.00015735217,0.0042425524,0.006299172,0.00093550945
2021-07-01,0.0011946018,0.0008232142,0.0024076623,0.0011705038,0.001796851,0.00027135428,0.0043550567,-0.0018363385,0.0009341902,0.0004289568,0.0,0.0006319155,0.0006852889,0.0032665338,0.00031362774,0.0016133686,0.0015356264,0.0042366255,0.0019217787,0.0010422232
2021-07-02,0.0036011871,0.0014133921,0.0014150284,0.0009975049,0.0012495938,0.0012256943,0.001507214,-0.003870151,5.6810757e-05,0.0014697025,0.00047722913,0.0015558263,0.00021989919,0.0035051461,0.0010075663,0.00088346103,0.0014581517,0.0037475196,0.0053463224,-0.00020824627
2021-07-05,0.0020908923,6.681157e-05,0.0028685469,0.0015068452,0.0013500988,0.0026929206,0.00051028153,0.0016168639,-0.00082044874,0.0020667568,0.00089923205,0.0016304889,0.0002021173,0.0036585447,-0.00028768386,0.0007231454,0.0012603238,0.003210094,0.002719856,0.0010399576
2021-07-06,0.0010697274,-0.000115683084,0.0026723328,0.0015022858,0.00039761545,0.0004907652,0.0055918754,0.00079895917,0.0,0.0019513761,0.001642341,0.0018463343,-0.0008794405,0.0013309051,-9.889489e-05,0.0015839298,0.0013849279,0.001173705,0.0063560437,0.0
2021-07-07,0.0020861065,0.0025471924,0.0010024958,0.0012726794,0.00103468,0.00062895514,0.0035873658,0.0019571788,0.00012609498,0.00093493145,0.00083778054,0.0015059042,0.0016995218,0.002106309,0.00039239397,0.0011755264,0.0015647818,0.00015630217,0.0047384426,0.00095780677
2021-07-08,0.0021882819,0.00045358285,0.00043128728,0.0012866319,0.0005551825,0.000524322,0.0037955758,0.0014552199,-0.0032209195,0.00059730577,0.0016086772,0.0017317311,0.00068168493,0.008249513,0.0020201153,0.0005983897,0.0012076214,0.00072049134,0.0014775972,0.0010833215
2021-07-09,0.002022197,0.000320327,0.00011977446,0.0012191813,0.00095626514,0.002148533,0.0018419069,0.0010855222,-0.0020609468,0.001016073,0.0014991828,0.0004421195,1.654778e-05,0.002543183,0.0011528807,0.00048516763,0.0016181063,0.00061953947,0.0012398013,0.0018642276
2021-07-12,0.0012456609,0.0006152992,0.0,0.0013944763,0.00085305946,0.004876978,0.0003204772,0.00072893256,0.0,0.0017352604,0.0,0.0023693445,0.0016464498,0.0018434189,0.0005415065,0.00082160195,0.0013439732,-0.000542753,0.001078071,0.0018297618
2021-07-13,0.0007019144,0.0009126653,-0.00072751334,-0.0007369621,0.0005977794,0.003446115,0.00053900626,0.0,-0.0011738631,0.0021865098,-0.00012058865,0.0038952099,0.0008337913,0.00084631436,-0.0022727726,0.00020639964,0.0016330801,-0.00049068657,0.0018061822,0.003872889
2021-07-14,0.0014085092,0.0030676106,0.00039235732,0.0,0.0010143188,0.0030815646,0.00042580065,-0.0022313974,-0.0024837141,0.0006412028,0.0002608124,0.0017930685,0.0010682445,0.0003896755,-0.0050668963,0.001068681,0.00052555976,-8.6631415e-05,0.0015776302,9.194657e-05
2021-07-15,0.0005373581,0.002197305,0.00063326687,0.0,0.00038817347,0.0018206752,0.0008702942,0.0016573683,0.0011461679,0.0010989178,0.0021611194,0.0032931515,0.0015815492,0.0007126447,-0.004997228,0.0,0.00093987933,0.0010885592,0.0014976367,0.0
2021-07-16,0.0008332313,0.0024484985,0.0016416562,0.0015614765,0.0006889702,0.0032628663,0.0008492034,0.0028249333,0.00068160426,0.0022586589,0.00085202255,0.0032599575,0.0011541928,8.928349e-05,-0.00023036821,-0.0028630756,4.979553e-05,-0.0018436809,-0.0003292455,0.000243999
2021-07-19,0.0017226803,0.0038479818,0.0015479163,0.001153645,0.000309871,0.006454365,0.0016713768,0.00028379302,0.0014048761,0.0009575389,0.00070968835,0.0024275493,0.0018850322,-9.33743e-05,-0.0005044007,6.2739884e-05,0.00051012065,0.0014147706,0.0,0.0
2021-07-20,0.002258039,0.0038296715,0.0008732201,0.0016888035,0.00041518902,0.0021988046,0.00021795265,-0.0007102289,0.0015134568,0.0005736719,-0.000101741454,0.0014860792,0.001078156,0.0006389525,-0.0003701734,0.0,-0.00034242077,0.00043821387,0.0021474606,0.0012415671
2021-07-21,0.0021524206,0.003369748,0.00209461,0.0007271,0.0023377729,0.0035678202,0.00042882172,0.00060992746,0.0018838232,-0.0004677118,0.00043011602,0.0008457031,0.0013843206,0.0010880395,-0.0066556507,9.294202e-05,0.00011481408,0.00019630427,0.0009314161,0.0024222366
2021-07-22,0.001599234,0.0010627834,0.0013184209,-0.00021181158,0.0008821163,0.0012382212,-0.000115561816,-0.0025323231,0.0014776423,0.0015247168,0.0009137578,0.00010225692,0.0010881183,0.0010576824,0.00021033683,-0.00034598797,-0.00012020166,0.0007503244,0.0003995,0.0021568646
2021-07-23,0.00079594244,0.00034183386,0.0020542005,0.0012499328,0.0010823639,0.0013305604,0.0010632523,-0.0010513169,0.00062181446,0.001906804,0.00072320044,-0.00053314446,0.0019460493,0.0006823782,0.00066554674,0.0011618224,0.00086636876,0.00045190824,0.0008514728,0.002154707
2021-07-26,0.0008507254,0.0037099351,0.0023613528,0.00075494556,0.0002286871,0.002145275,0.0014397278,0.0012721384,0.0010540193,-0.0010333194,0.001187816,0.0002962716,0.0011734219,0.0014512168,0.0011172493,0.0012248785,0.00033261464,0.00025498847,0.0017773992,0.009844272
2021-07-27,0.0007255573,0.0008567582,0.0023816463,0.0006867496,-5.283616e-05,0.0003783281,0.00084867136,0.0014452409,0.00019588786,0.00035993903,0.0016133438,0.00058896287,0.00043842633,1.8323727e-06,0.0015092234,0.0013039819,0.00015902887,-0.0010524687,0.0024401802,0.004395942
2021-07-28,0.00053294376,0.001507065,0.0009784093,0.0006892616,-0.0001766453,-0.0024078107,1.5610669e-05,0.0006773816,-0.00041135063,0.0008724473,0.0016493011,-0.0013029178,0.0011150273,0.0012548087,0.0013474431,0.0012502822,0.000496223,0.0031452414,0.0032614928,0.0017879353
2021-07-29,0.0004797982,0.004248506,0.0012558274,0.0003148588,0.00022343016,0.0,0.0003273601,0.00161226,0.00039717436,0.0011593149,0.0015738787,0.0007586658,0.0006821025,0.0013330963,0.005714751,0.0012669016,0.0013341395,0.000868199,0.0017729098,0.00070746226
2021-07-30,0.0010512641,0.0014323656,0.0013311,-0.00013257982,0.0,7.773483e-05,2.0255247e-05,0.00071275013,0.00032104476,0.00063216285,0.0020804324,0.0009588357,0.0015509403,0.0013849715,0.0018122018,0.000286193,0.0013878734,0.0060132663,0.0030683805,-0.0011265484
2021-08-02,0.0020750666,0.0052621774,0.0016581849,-0.0027372513,0.0,0.0023592848,0.0008081309,-0.00093685434,0.0010042711,0.0019837236,0.0018396762,0.0013497368,0.0018395694,0.0009509308,0.0018838278,0.002356227,0.0018842039,0.0021097914,0.0047667446,0.0006829321
2021-08-03,0.002451441,0.0028241964,0.002070654,-0.004066717,-9.130924e-05,-0.001695515,-0.0003384584,0.0016041707,0.002017328,0.0019317056,0.0012906832,0.0051119854,0.0012645855,0.0005010029,0.0042489297,0.0017020691,0.0019451135,0.006856073,0.0041308864,0.00084678666
2021-08-04,0.0022057865,0.0057873083,0.00077732577,-0.006077583,0.0007499437,0.0029644708,-0.0003036105,0.0061466,0.0002343112,8.950494e-05,0.0021993003,0.0028003603,0.0020860091,0.00356044,0.0021151656,0.0038825772,0.00013809542,0.00066328037,0.0015226358,0.0012409908
2021-08-05,0.0013296517,0.0007572369,0.000415409,0.00041052428,0.0,0.00073577126,0.0005848913,0.0019695861,0.0015819782,-0.00932028,-0.00033812204,0.002927508,0.0006716095,0.00088213675,6.141718e-05,-0.0010050328,0.00068392995,0.0017801108,0.0015485727,0.001497174
2021-08-06,-0.00066880044,0.00042401763,0.00046006232,0.00012979032,-0.00081667,0.0007185514,0.004158901,0.001320837,0.0014408433,0.0002014175,0.004362305,0.0003101879,-0.000747513,0.004494986,-0.000719752,0.0055796592,0.00122779,0.0005365411,0.0010345499,0.002573068
2021-08-09,0.0007473188,0.0005433606,0.0010242016,0.001412671,0.004494601,0.012937646,0.0062101735,-0.00021271264,0.0014897634,0.003390077,0.0018089624,-0.00050199294,0.0017570291,0.0057568057,0.0012786395,0.0076772384,0.001108227,0.0008327885,0.001082559,0.003408256
2021-08-10,0.0032828397,0.0026277832,0.0011721107,0.0030822125,0.001066638,-0.0031268199,0.0013347812,0.00043290568,0.0009002061,4.449353e-05,0.008359913,0.0006326542,-0.0042103603,0.0015548758,-2.5319316e-05,0.005665118,0.0012763663,-0.00029910126,0.0,0.003581721
2021-08-11,0.0015377445,0.00085260154,0.0054168296,0.003027671,0.0023969274,0.0018908958,0.0019753997,0.0,0.0006961204,-0.0043497514,0.0024632171,0.0010007299,-0.0040552313,0.003525571,0.0017032712,0.008574631,0.000650764,0.0,4.9143804e-05,-0.00025604296
2021-08-12,-0.0004621043,0.001495607,0.0012472991,0.0026433982,0.0039123413,-0.002541155,0.009053245,-0.0006520196,0.0014849051,-1.1476606e-05,0.0062772348,0.00065051287,0.0007900281,0.0017194401,0.0005895957,0.0018151947,0.0008859744,-0.00016064696,0.0,3.9867073e-06
2021-08-13,0.0020059613,0.0026809457,0.0054844087,0.0032808748,0.006884167,0.009498283,0.009901316,0.0036706277,0.0015886711,0.005512143,0.012564404,0.0,0.00025318572,0.000761298,0.002748148,0.0035596278,0.0009008233,0.0010330807,0.00060476206,0.0013301739
2021-08-16,0.0010080067,0.0030446816,0.0019118976,0.0015278794,0.0019041739,0.0017092238,0.009517355,0.0031785031,0.0011608911,0.0026519136,0.00046939572,0.0,0.0033984287,0.0019736488,0.003738122,0.002351896,0.0014750329,0.0005978651,0.0004580228,0.0039226445
2021-08-17,0.0029051725,0.0064627,0.0005554084,0.0013871478,0.0030817997,0.0015598465,0.00988035,0.0023514829,0.0017515381,0.0012040756,0.00030460674,0.0004806154,0.0010504262,0.0048212158,0.0050339554,0.001914676,0.0009851446,0.0009381836,0.0006778583,0.004360223
2021-08-18,0.0008014694,0.0008871727,0.0011677486,0.00035638444,0.0057199053,0.0030772043,0.009953359,0.0027423734,0.00034490693,-0.00015861567,0.0005437781,0.0015864151,0.018969268,0.0027628487,0.0005878051,0.0015549866,0.0007836547,8.564904e-05,0.0007237132,0.0072449297
2021-08-19,0.002697394,0.004075589,0.0005342171,0.0,0.00590489,-0.0009324499,0.0024986886,0.0013395903,0.00069550995,0.0,0.0011432549,0.0005940742,0.0053573526,0.00199188,0.0021970908,0.0,0.0013053352,0.0027820286,0.00065323326,0.0015432641
2021-08-20,0.00083024695,0.0010613777,0.0018663674,0.0013850473,0.0028429485,-0.0005440232,0.0045367023,-1.736013e-05,0.0009191493,0.0008632313,0.00240461,-1.7529881e-05,0.003914347,-0.00013336686,0.001048839,0.0008494043,0.0006874397,0.0022078315,0.00051402225,0.0015678594
2021-08-23,0.003729004,0.00087798975,0.00090216653,0.00014338987,0.0019235013,0.00013098687,0.00027021696,-1.7574668e-05,0.0019691826,0.0077353315,0.0026251648,2.322164e-05,0.0040437956,0.00028753834,0.0009469041,-0.0006167264,0.0008657862,0.0017986676,0.00034520245,-6.035284e-06
2021-08-24,0.0018443496,0.0036685623,0.0004899811,-7.32112e-05,0.0018410243,0.00056621165,0.0016653336,-3.8894777e-06,0.001666954,0.006298151,0.0033850898,0.0005006933,5.4917717e-05,-2.823251e-05,0.0008996068,0.0070337257,0.0011645282,0.0016111456,0.00058887596,-0.00070541515
2021-08-25,0.0018376224,0.00030306246,0.0042870874,0.0019201352,0.0013153922,-0.0006009555,0.001594125,7.951622e-05,0.0011620001,0.005256427,2.5002757e-05,0.0020827737,0.00012115587,-0.0011619482,0.005322036,0.002402204,0.0017008893,0.00012488884,0.0007419614,0.0024234066
2021-08-26,0.00080020475,0.000134628,0.0044210055,0.0025123227,0.0059168413,0.0034986932,0.0052865036,0.0023842023,0.001793633,0.0009280546,0.0013754587,0.0006195372,2.188505e-05,0.0017133342,0.004763101,0.0017301904,0.0,0.0023002422,0.00081163284,0.0005369143
2021-08-27,0.00018249729,1.6685843e-05,-0.00020272228,0.001309484,0.00080093625,0.0045890934,0.0008476313,0.00068619114,0.0019539725,0.0007429179,0.0010806299,0.00010284787,0.0016051858,0.0011532025,0.0065119863,0.0006051338,0.0009973289,0.002218391,0.00085493363,0.0011517988
2021-08-30,0.0009130817,0.0002182939,-0.0009755884,0.0010356286,0.0007270907,0.003254116,0.0020561828,0.0023343216,0.001225628,0.0008098198,0.00042037404,0.00013461584,0.003958622,-0.00028596615,0.0029948703,0.0010155294,0.0007470496,0.0026584698,0.005261507,0.0025806846
2021-08-31,0.0018228315,0.0014248431,8.897108e-05,0.0010131929,2.3661742e-05,0.0071815914,0.006617889,0.0018622546,0.00064620795,0.0014079444,0.00234505,0.001482802,0.0013775394,0.0023483005,0.0005229529,0.0009025459,0.000845175,0.0018642046,0.003928455,0.0003333168
2021-09-01,0.0031515027,0.0014477394,0.00068242056,0.00019524814,-0.0026268212,0.0028839572,-0.00053780555,0.00095461844,0.0019662138,0.0030561923,0.0008622701,0.0023120122,0.0013304979,0.001733823,0.002133721,0.00059045973,0.0007053898,0.005566842,0.0059543825,0.0014125747
2021-09-02,0.0012288424,0.0036611892,-0.0019932573,0.0002737418,-0.0022172444,0.00038693062,0.0034510302,0.0030480858,0.0011322547,0.00068759074,-0.0003556105,0.0057729925,0.0013808802,0.00024391765,0.0027963081,0.00056122866,0.0012686998,0.0017968932,0.0028134042,-0.000555347
2021-09-03,0.007813468,0.00094492105,-0.0015661815,0.00061924715,0.0,-0.0013893624,-0.00067463913,0.00023468143,0.000629669,0.0015246168,0.0,0.0014231137,0.0033336233,0.0031935612,0.00014401504,0.0,0.0006513089,2.4834317e-05,0.003999222,0.00036134067
2021-09-06,0.008123107,0.0035356167,-0.0007602089,-0.00013194083,0.0,-0.0006095295,0.0035678362,0.0,0.00029014013,0.00026001816,0.002693319,0.0012278301,0.0023613311,0.0012391624,0.00029147445,0.00032939998,0.000830234,0.0037168923,0.0025265673,-0.005339933
2021-09-07,0.0047770957,0.002400378,0.0013638538,-0.0010634991,0.0013431163,8.437541e-05,0.0013341678,-0.00038647195,0.00043168454,0.0014650746,0.0076605086,0.0001648443,0.0012723599,0.0043608258,0.0,0.00091000786,0.00064680335,0.00032712723,0.00348709,-0.00026917123
2021-09-08,0.00017888032,0.0015884929,0.0005482319,-0.0005204275,0.0015510088,-0.004805252,-0.0020657936,0.00082993327,-9.231535e-05,0.0031860555,0.0037879397,0.0006117499,0.0033908454,0.00065121346,0.0017602205,-8.0069854e-05,-0.00079238863,-0.0034533993,0.0014520626,0.0007112321
2021-09-09,0.0010335331,-0.000924792,0.002306949,0.0016542309,0.0015844534,-0.0043434487,0.0,0.0026192898,8.015625e-05,0.0027123515,0.0015763805,0.00057858124,0.00024493693,0.001237681,0.0024726505,0.00041569318,-0.00017319429,0.007282425,-0.0011530662,-0.0014361911
2021-09-10,0.00088013633,0.0015634205,0.0013612325,0.00035959305,0.00018041895,0.0015346191,-0.0014059109,0.0005160053,0.0008013636,0.00073685875,0.0023834924,-0.00010473129,0.0009788547,9.872227e-05,0.0020072924,0.00074870104,0.0001666602,0.0037613208,0.0028433942,-0.0022097388
2021-09-13,0.0049042557,0.0,-0.00030067624,0.0015560769,0.0025906619,-0.0005278183,-0.00023156266,0.00031482714,0.00078489474,0.0016719878,0.0025022062,-0.0013150803,-8.773393e-05,0.0007163189,-0.00013883936,0.0025670205,0.0016185663,0.0010812047,0.0036656149,0.007679827
2021-09-14,0.0029700852,0.00057305984,6.274233e-05,0.0008204089,-0.00041563806,0.005987253,0.0008321103,0.002422321,0.00066255307,-0.0016355477,0.003958575,0.0013570909,0.001377446,0.00341733,0.00045791015,0.00046847446,0.00090234226,0.0012269488,0.005731185,0.0044370694
2021-09-15,0.0020621847,-0.0019730537,0.0008544346,-0.0014277352,-0.00064357644,0.0019314527,0.0021259396,0.0019452922,0.0010257115,0.001140529,0.0044233664,0.0010550854,0.004269369,0.003598552,0.00046701368,0.00052399817,0.00042390884,0.0052042375,0.004708739,0.0026728245
2021-09-16,0.00088125694,0.00019061191,0.0013622409,0.0,5.9137637e-05,0.00084610254,0.0017615217,0.0008169332,0.0013029154,-0.00042096723,0.0028267312,0.001024855,0.0015652282,0.0029328573,0.0010239511,0.000108604756,0.0,0.001290757,0.0004064219,0.007991322
2021-09-17,0.0008679251,0.0009610901,-0.00045510213,0.0015294838,0.002548096,0.0029503282,0.0014875886,0.00018357034,0.0010884345,0.00053244777,-0.0022061719,0.005514042,7.2535106e-05,0.01257657,0.0015725131,0.0012317351,-0.00030301992,0.0027163199,0.0006313176,0.004548393
2021-09-20,0.0025469693,0.0010639733,0.00024961468,0.001762463,0.005497014,0.0010370595,0.0018814742,-0.0028389378,0.0016158284,0.0006452969,0.0027148714,0.0028029103,0.0016062846,0.0061983117,-0.00021021484,0.0013805457,0.0010133474,0.0010732217,0.00104886,0.0019301617
2021-09-21,0.0003128188,0.0023379414,0.00070994766,0.0011765531,0.0006851952,-0.00033475828,0.0026570598,0.0,0.0017074205,0.0018221184,0.0032503358,0.0024774163,0.0034172805,0.0018039006,-0.0008963995,0.001813227,9.6555246e-05,0.0050848676,0.0021962312,0.0031525183
2021-09-22,0.0023806216,0.0015848377,0.001586803,0.00496172,0.0022121177,-0.00019851157,0.00014358398,0.0010023343,0.0015183892,0.00079102826,0.0016587015,0.0027635903,0.0003866668,0.006952986,0.0,0.009528036,0.00072743616,0.0005003182,0.0013751824,0.00077657966
2021-09-23,0.0034785576,0.00038492508,0.0,0.0035468189,0.0007388158,-0.00026971952,0.0024652546,0.0011084869,0.0009655874,-0.0033653472,-0.00096202386,0.00040705132,0.00308426,0.00045271238,0.0010845609,0.0023341805,0.0033767316,-0.0001974816,0.0015673463,-0.0012532254
2021-09-24,0.004237203,0.00075370166,-0.006070853,0.0034776616,-0.00011163543,0.00013641738,0.0035538774,0.0016570397,0.0015315887,0.0019689808,0.0,0.00025463113,0.0018053035,0.00019899519,-0.00012761334,0.0025871224,0.0012046673,-0.00015834854,0.005086597,0.0025141358
2021-09-27,0.0047559165,0.00050536316,-0.0025990102,0.0007960806,0.0015410522,-0.0010349334,0.007201363,0.0013357664,0.0012319662,0.00020367987,0.0002856919,3.8743132e-05,0.0016038062,0.0,5.5787597e-05,0.014237618,0.00066177995,0.0003106829,0.002180716,0.001624169
2021-09-28,0.00074524287,0.0012697681,-0.00015429872,0.002419925,0.0016878332,0.001208485,0.009456465,0.00070870144,0.0005353093,0.0012079034,-0.0016886751,0.0006882528,0.0044237715,0.0004435974,0.0006124466,0.0018449982,0.0007261152,0.0007482949,0.004289459,0.00054227974
2021-09-29,0.00013594302,0.000160429,-0.0052988837,0.0024681776,4.6672827e-05,0.0004826432,0.007553761,0.0020585817,0.0,0.0026666098,0.0025942745,0.0020926383,0.0008458681,0.0028089532,-0.00047420393,0.0049620457,0.0014390263,0.003170169,0.0028157756,0.0016980112
2021-09-30,-0.0005678255,0.0010889651,0.0016117588,0.0053468775,1.5321773e-05,0.0010500804,0.003734498,0.0020579344,0.0007851089,0.0007191057,0.0016647888,0.0029988224,0.0030673225,0.0027673035,0.00017213896,0.002114689,0.0018284422,0.010533178,0.0035371864,0.0044320063
2021-10-01,-0.0013451431,0.00036555494,0.001512967,0.0020583502,0.00073145935,0.001730759,0.0066946796,0.0017582363,-0.0002856354,-0.0025467474,0.00015186613,0.0013682024,0.00505852,0.0014900308,3.5411103e-05,0.0060856426,0.000996068,0.004041045,0.0049366495,0.0051931557
2021-10-04,-0.0012262563,0.0009190598,0.0044031464,0.0016111323,0.0003630157,0.00065218325,0.0014843781,0.0008518251,0.00034967787,0.0011824139,0.0005443685,0.0018306726,0.0024981739,0.0015491989,4.8379512e-05,0.0019097241,0.001158003,0.0015651133,0.0027096092,0.003252235
2021-10-05,-0.0025414235,0.0010891499,0.00281576,0.0013883372,0.0008841063,0.0012221868,0.005841622,0.00039201058,-0.00017310036,0.0015735733,0.00034112457,0.0057291104,0.0059645185,0.0017057358,-0.00077941065,-0.0007258316,0.00088026695,0.0006682767,0.0022714797,0.00096872833
2021-10-06,-0.005935541,0.0019922566,0.006838634,0.00333246,0.0007735105,0.001578647,0.00042357802,0.0008032523,0.00057135144,0.00046780676,-6.877418e-05,0.0030624534,0.00044882932,0.0013019645,-0.000509427,-0.007416438,-0.00052296894,0.006811423,0.0003153446,0.0005240358
2021-10-07,0.0004074058,0.0014116722,0.0007339438,0.0026281911,0.00021736998,0.001641787,0.00028612482,0.0007448472,0.0008232248,0.0024042553,0.0016254021,0.0012242275,0.0017584194,0.00038571178,-0.0015809817,-0.0009773683,-0.0011557604,0.003162887,0.00043157075,0.0013510251
2021-10-08,0.002654418,0.0025810364,0.00074350974,0.00086038985,0.00020600311,0.0032052824,0.0017602703,-9.107122e-05,0.0008360518,0.0013988448,0.00068855734,0.0015871405,0.0055351695,0.0,0.00019368043,0.0016629961,0.00043020287,0.006112988,0.00094334147,0.0026540684
2021-10-11,0.0013852634,0.0010777037,0.0023364855,0.00085236557,0.0027137196,0.0046221674,-2.06096e-05,-0.00053740066,8.515766e-05,-0.0025904917,-0.008419597,0.0008028098,0.009548602,0.0010904022,0.0022033695,0.003075291,0.0,0.0021744915,0.0013640247,0.00036484614
2021-10-12,0.0026549485,0.0014332273,0.0012018566,0.0009026663,0.0,0.003943808,0.002731428,0.00015589996,0.00017114263,0.00095988344,-0.0057979245,0.0005958225,0.0024149725,0.0013840675,0.004597128,0.0018456491,0.0004948667,0.0010641066,0.0004309792,0.00050934707
2021-10-13,-0.00039240794,0.0016087556,0.0012372998,-0.0009716457,0.00044759543,0.0036809584,0.001105315,0.0013252844,0.000595441,-0.0003952498,-0.0057669645,0.0013728824,0.0014046332,-0.00024662673,0.0017386931,0.00839189,0.0012577405,0.002514196,-0.0012283461,0.0006510797
2021-10-14,0.0,0.0024783635,0.00028834518,-0.0005913828,0.00047891247,0.0052537206,0.0039886557,0.00023062344,0.00021272192,0.0009340011,-0.018043349,0.00085272756,-0.0002711967,0.00053174194,0.00381849,0.0056771357,0.0010618811,0.00044780242,-0.003598067,0.0009116327
2021-10-15,0.00057280477,0.0013878116,0.000102010395,-0.0012688023,0.0068423213,0.0020970018,0.0007602067,0.0034246738,0.00043500215,0.00013750518,-0.03203003,0.0010775974,0.0030806814,0.00013855993,0.002974347,0.0016546227,0.0009115877,0.00033903652,0.0008206123,0.0010389052
2021-10-18,0.0018626822,0.0008606261,0.0024020486,-0.0039708465,0.0024360588,0.00094524847,0.0,0.0017740066,0.00093627145,0.00072723423,0.0002221099,0.0024902031,-0.0005153567,0.0,0.0030477555,0.0004713002,0.00081662566,-0.0018383005,0.0033878617,-7.100997e-05
2021-10-19,0.0044126725,0.0029227906,0.00079158164,0.00027906962,0.0045433543,0.0020860848,0.00023041456,0.0013714845,0.0011238651,0.005251601,0.0067569,0.0014709848,-0.0010071248,-0.00044225462,0.0047595073,0.0017098614,0.00031301,-0.00012035136,0.007440496,0.0
2021-10-20,0.0016638639,0.0031508917,0.0027158263,0.0018143447,0.0014940441,-0.00040091563,0.0010883831,0.0038039966,0.00086579664,0.015939819,0.0099998,0.0015685869,0.00022132919,-0.00011369587,0.0024629787,0.00027952963,0.0007923238,0.00055480347,0.004777884,-5.276983e-05
2021-10-21,0.001815117,0.0029052016,0.002713023,-0.00030829036,0.00072030525,-0.0018717473,0.0008517413,0.0,-1.8243927e-05,0.021636633,0.02944332,0.0010710385,-0.00014378148,-0.00023873438,0.001642718,7.185802e-05,0.0010516525,0.0005012171,0.0033934768,-0.00027374274
2021-10-22,0.0035033177,0.0005248994,0.0007162297,-1.2269076e-05,-0.0003643305,0.00014673545,0.0013771091,0.002188492,0.0,0.0059243874,0.0070258803,0.0016788711,0.0003454693,0.0004325911,0.0027396264,-3.7777183e-05,0.0010170687,0.0019746793,0.003794459,0.00079434615
2021-10-25,0.0018370906,0.0027110907,0.001061501,0.0056966147,-0.007968932,0.0013385301,0.0019026133,-0.00026655046,-6.282069e-05,0.0009027112,0.0046688025,0.0017786511,0.0008766014,0.0006078384,0.0057530943,0.0014771163,0.0003445965,0.0020667487,0.0011270958,-0.0001697638
2021-10-26,0.0010603815,0.0043475064,0.0,0.002305177,-0.0030569797,0.0021971015,0.0021554003,0.0008088172,0.00015147864,0.0035473697,0.0032713017,0.00080892775,0.0003723859,0.00056773087,0.0007103065,0.006379649,-0.00019429151,0.0034152865,0.0028034993,0.0
2021-10-27,0.0022920032,0.0008343277,0.0008560368,0.00126575,-0.0010312867,0.0015856023,0.00071910775,0.0013544352,0.00086986093,0.00021726161,0.00070512627,0.00021842898,-9.715567e-06,0.0057014395,0.0003780005,0.0014497624,-0.0002796048,0.00272656,0.0024392174,0.0
2021-10-28,0.0025833198,0.0005807762,0.00020893391,0.002628028,0.001699516,1.1651351e-05,0.00022279174,0.0024409646,0.001280904,0.0013218469,0.0,0.0004398587,0.0013894136,0.0021833156,-0.00015784378,0.00028405924,0.0006094704,0.0021972582,0.004285126,-8.5471656e-05
2021-10-29,0.0018602139,0.0008752995,-1.1514614e-05,0.0031644779,0.0,0.0013661818,0.001010611,0.0016928016,0.00068016275,0.0017154609,-0.0013432447,-2.5373749e-05,-0.0005126263,0.0013141201,0.0,0.005072026,0.001094183,8.970265e-05,0.0017545772,0.002457228
2021-11-01,0.00015621599,0.00075176614,-0.002108409,0.0031826417,0.00084915146,0.0036687672,0.0,0.0018668452,0.0011581884,0.00075643,0.00133941,-0.0015026754,0.00024359452,0.0032831372,0.0004046041,0.0003910702,0.00031650282,-0.0028338518,0.0013426763,0.0020256627
2021-11-02,0.00364221,0.0012934462,0.003597121,0.0013868331,0.0015244861,0.00076645985,0.00059784215,-0.0004977452,-0.0052577388,-0.0017044795,0.0050307913,0.012041795,-0.0009071672,0.0017523624,0.001819306,-0.00083167263,0.0017616652,0.0015724013,0.0015260663,0.0014548994
2021-11-03,0.0037199238,0.0038782274,0.0008816141,0.0012472215,0.0016013975,0.00036710256,0.004346607,0.0,0.00032024752,0.00039047317,0.0015893375,0.013402053,0.0012116578,0.00058481726,0.0038507334,8.544644e-05,0.002434143,0.0019851315,0.0008127579,0.0047980584
2021-11-04,0.0018452321,0.0019690415,0.003968131,0.00088309415,0.0018379563,0.0023849092,0.008291617,-0.00072766526,0.0021206161,0.0029718247,0.00048986427,0.0,0.0009029931,0.00019886364,0.000733774,0.0013082229,0.0008931526,0.0018121649,0.0013080515,0.00572393
2021-11-05,0.0025971134,0.0018139995,0.005477299,0.0050455816,0.003154106,0.0009786916,0.005757361,0.0,0.00046436663,0.005616258,0.007283209,0.008643129,0.0017570398,-1.6928923e-05,0.0009239889,-1.9214991e-05,0.0029249468,0.00041671746,-0.00035627637,0.0018158035
2021-11-08,0.0013584256,-0.0020657429,0.0077754366,0.0012963857,0.0013191075,0.00026066633,0.005399474,0.0029762334,0.0,0.0009283655,0.0015302693,0.001212587,0.00092665624,-0.00095168996,0.0043087197,1.6047059e-05,0.0038787764,0.001133069,-0.004820371,0.00084178796
2021-11-09,7.353716e-05,0.0018288514,0.008015194,9.333829e-05,1.6983533e-05,0.00015587271,0.0010219619,0.002658625,-0.00089941116,0.0019095202,0.00033864722,0.0021353874,-0.00031034884,0.0012446158,0.0009042127,0.0021070004,0.0010092589,0.0008284085,-0.006997179,0.0032074663
2021-11-10,0.0005347626,0.0059641954,0.0026670198,0.0012312644,-0.0012549189,-0.0008438363,0.001965494,0.0010888688,0.00028086046,-0.0014489252,0.0,0.0006069575,0.0,0.005481331,0.000424566,0.0024262697,0.000798752,-0.0005012339,0.00069376745,0.0039893608
2021-11-11,0.0010196484,0.0033864079,0.0029872558,0.0018400492,0.0017844468,-0.0031439087,-0.0014979483,-0.0018021092,0.0001233752,-0.0002737939,0.0024068083,0.0051153055,0.0034484211,0.00046410554,0.00092893915,0.0021342451,0.00041552557,-0.0011124942,0.0008011196,0.0033289997
2021-11-12,0.00332396,0.0019149433,0.0012065634,0.0029075865,0.0,0.007230451,0.00074717606,-0.0017463006,0.0028693578,0.00070920266,0.0015642754,0.0058497936,0.0015840529,4.805597e-05,-0.0002801371,0.0018702211,0.002665397,-0.0013397911,0.0024569915,0.0011874365
2021-11-15,0.0017793268,0.003817942,0.0020886029,0.0030048287,-0.0034742774,0.0049095345,-0.0003782315,-0.0034063791,0.005064903,0.0006328522,0.0010129563,0.0013715276,0.0019062378,-0.00024206162,-0.0006103993,0.00036402783,0.0018799256,0.00181431,0.00028089873,0.00018457901
2021-11-16,0.0012192004,0.0060622944,0.00069205783,0.0011008113,0.0,0.0036256358,0.0018176765,-0.009264907,0.0035410454,0.0015682328,0.003441652,0.00045095079,0.0027457878,0.0038802973,-0.0003168839,0.0012924738,0.0026282868,0.0,0.0019074617,0.0028540224
2021-11-17,0.0014131522,0.0029901408,5.684728e-05,0.0013280361,-0.0018635577,0.0008180662,0.0040612076,0.0016514,0.0042636846,0.0054530827,0.0024152156,0.0012049722,0.0027537541,0.0036648128,-8.6283806e-05,0.0020727168,0.0021688268,0.001231315,0.00065862964,0.0005032871
2021-11-18,0.0021625897,0.0022762306,0.0016379061,0.00042732162,0.00068137003,7.370485e-05,0.0015300921,0.0030483217,0.0041959602,0.0011858288,0.0010237604,-9.943665e-06,0.0007082652,0.00090967695,0.0011089323,0.000756203,0.0048001534,0.00085212145,0.0019939947,6.461104e-05
2021-11-19,-0.00013261379,-0.00060408807,0.0001578093,0.001135849,0.0010684032,0.00082016183,0.0010256378,0.0011326723,0.0022828996,0.00073431205,0.0011860705,-0.0014067107,0.0026840572,-0.0012557737,0.0019587358,0.0010708729,0.00060704,0.00068503834,0.0018630556,-0.0001956208
2021-11-22,0.0011432557,-0.0024907726,-0.00091522036,0.0014120977,-5.423217e-05,0.0025274127,0.005608938,0.0015998132,0.0012489078,0.0038613845,0.00020580359,-0.002254433,0.0022146537,0.0,0.0025169211,0.00064934045,0.0031806224,0.0005226505,0.00033443034,0.00089983724
2021-11-23,-0.00014129763,-0.0015658415,0.0010385716,0.0027652583,0.0006870121,0.0033826716,0.0021527635,0.0006630098,0.00071153906,0.0030617986,-9.5626994e-05,-0.0023312904,0.002159999,0.00021951519,0.0008474494,-0.0009817871,0.003968259,0.000962866,0.0004028633,0.0018665234
2021-11-24,0.00063185574,-0.00062605453,0.0037125323,0.0015782118,-0.0019248693,0.00019206388,0.0010178189,0.0018377085,0.000115110524,0.001822086,0.00030312673,0.0006753373,0.0029773084,0.001305331,0.0015487443,-0.00030890555,0.002328749,0.0008527955,0.0003343595,0.0033304167
2021-11-25,-0.00023966139,0.001556415,0.0005858855,0.0014871904,-0.0015101229,-0.0006847914,0.00037540589,0.011130995,0.0010850301,0.0038772086,0.00026830134,-0.0037748404,0.0035790072,0.0018144636,0.00068903144,-7.222412e-06,0.0022086084,0.0010615552,0.00065298943,0.0031674092
2021-11-26,0.002093428,0.0021297655,0.005793654,0.0034150716,-0.003779563,-0.00036737902,0.00029408393,0.0,0.0007066932,0.005591111,-0.006790578,-0.0020967054,0.0014077169,0.0010322407,7.280976e-05,-0.0023471604,0.0015101343,0.0028081452,0.00084759085,-0.00033118643
2021-11-29,0.0020616069,0.0012845866,0.00366933,0.0016784542,0.0029588172,0.0005685734,0.0019523206,-8.880238e-05,0.0004201086,0.0021636933,0.0011496156,0.0013028424,0.0016795773,0.0005371494,0.00025949933,0.00033215873,0.001654748,0.0012780267,0.0002815852,0.00070631347
2021-11-30,0.0004004681,0.0005836403,0.0055505615,0.00048493608,-0.00013694774,0.0012597006,0.0013749062,0.009962487,0.0005083768,0.0011758674,-0.00111217,0.0024408633,0.0006686278,0.0006870458,0.0012889144,0.0006740755,0.0007201056,0.00076760916,0.0007254386,0.0014735934
2021-12-01,0.0001478542,0.0019804218,0.00025513928,0.00042871572,0.0049485285,0.0010876923,0.0012421489,0.01592146,-0.00020329692,0.00023304444,-0.006586813,0.00088686735,-9.101695e-05,0.0014824871,0.002132491,0.002091167,0.0010092758,0.0013462715,0.00093702204,0.0028957059
2021-12-02,0.0010506854,0.0024056756,0.0002379264,0.0,0.002117039,0.0,-0.00046778235,0.029951343,0.001910256,0.002923997,0.00070965796,0.0037756397,0.0006268105,0.00028581996,0.0010628578,0.0019138289,0.005063687,0.0017377015,0.0011569631,0.00071470713
2021-12-03,0.0012985867,0.00016650454,0.0021990107,0.0,0.00059786846,0.0013142244,0.0008316377,0.008379222,0.0020758316,0.0014819249,0.004070682,0.0013786055,0.00020061055,0.0007233284,0.002315947,0.0006476639,0.002297821,7.273297e-05,0.00058481324,0.00058282947
2021-12-06,2.0994892e-05,0.0023812326,0.002100654,0.000799703,-0.006057805,0.00091032387,0.007842265,0.0070728855,0.0024004362,0.0024899505,0.0025689001,0.0019098222,0.0003344284,-3.0763964e-05,0.0008324481,0.0001769876,0.0013844264,0.0001547929,-0.00020155008,0.003268749
2021-12-07,-0.0005057594,0.0058437595,0.0006088702,0.00054185145,0.006137405,0.0023106309,0.005329386,0.004361075,0.0017849297,0.00042746557,0.0010861676,0.0077677523,0.00081431854,5.3786687e-05,0.001874167,0.00031176402,0.0005858713,0.00068591035,0.0013996108,0.0015495622
2021-12-08,0.00092034263,0.0069910786,-0.0020612553,0.0010112387,0.001083907,0.0030719475,0.0035464177,0.0028769015,0.00020111531,1.0630535e-05,0.00047097978,0.003667499,0.00095756684,0.0011974346,0.00018949337,0.0,7.763211e-05,-0.00046493346,0.0017188395,0.004283029
2021-12-09,-0.0007340483,0.014030073,0.0025895913,0.00068885216,-0.0006807229,0.0026613604,0.0009362843,0.0,0.00019446782,-0.0007853631,0.0005480188,-0.0003450151,0.0013481495,-0.00035863786,-0.0006126874,0.0002878204,0.0021758217,0.0018985249,0.0018884913,0.0005397994
2021-12-10,0.0016063848,0.0064602955,-5.7700545e-05,0.0009586947,0.009679001,0.0068564294,0.0011367468,0.009726786,0.0031825437,0.0018499986,0.00016599851,0.0021634486,0.002144992,-0.0012231423,0.0004358472,0.0021538693,0.0,0.00093058037,0.0016852363,0.0011358475
2021-12-13,0.0022199007,0.002143808,0.0043920707,0.0008515669,0.0020755308,0.0068003847,0.0010310418,0.003245102,0.0015939669,0.0010700416,0.002418749,0.0021987306,0.0014482184,0.0004803252,-0.00039245695,0.0031444354,0.0010796309,0.0010857743,0.00065933715,0.0018002674
2021-12-14,0.0,0.007936768,-0.00017496102,0.00016687077,0.0015787755,0.0021959166,0.0034702618,0.0012920743,0.0016030308,0.0008050907,-2.254039e-05,0.0034123894,0.002504587,0.0010600041,0.0,0.0023125298,0.00068527577,0.0018372244,0.002286319,0.0015888676
2021-12-15,-0.0032251992,0.0033409381,0.0012406327,0.00046571819,0.0003742436,0.0037001257,-0.0013935764,0.0,0.002755648,0.007353689,-0.0020681294,-0.00047763117,0.0027896166,0.0015787623,-0.00026078286,0.0024864657,0.000859477,0.00027534144,0.0015747728,0.001017945
2021-12-16,0.00080761133,0.0051183393,0.0025067024,0.0006006691,0.00040751958,0.000538063,-0.00046502365,0.0007674243,0.0036284358,0.0009464658,0.0008456445,-0.012678499,0.0011242162,0.00033440161,-0.0006839226,0.0024869647,0.0045333393,0.00068534206,0.00047799712,0.0016613159
2021-12-17,0.0011136661,0.0072191902,0.0036623091,0.001983056,0.0019340755,0.005605282,0.00055058586,0.0022216192,0.0014210582,0.003921038,0.0,0.00030880005,0.0027979952,0.0049784533,0.00095831323,0.0015885367,0.0036330326,0.0009536535,0.00245833,0.0013970489
2021-12-20,0.0012317838,0.0036966607,0.0054666284,0.0010982757,-0.0023210987,0.0028786594,-0.00066009,0.0032234523,0.0021950786,0.00089022046,0.002487279,0.0057763406,0.001202149,0.00287004,0.00083389337,0.0053043715,0.003749136,0.0015986728,0.00074214296,0.0018880385
2021-12-21,0.0014105984,0.0014941039,0.00036507015,0.0011949127,0.00050046475,0.0023974995,0.000187529,0.0028634497,0.001795693,0.0008816208,0.0009876781,-1.4570837e-06,0.0012145307,0.002494928,0.0,0.0022588219,0.0011437825,0.0030660008,0.0,0.002459017
2021-12-22,0.001098264,0.0017684159,-0.00296065,0.0012293684,0.00090032024,0.00252973,0.0027820023,0.0014845384,-0.0018267508,0.0015451261,0.004946223,0.0011080888,0.0016218366,0.0020715455,0.00071591826,0.0054811696,0.002166953,0.00219446,0.0020797409,-0.0005012687
2021-12-23,0.0013843399,0.0035532524,0.00015423856,0.00062258553,0.0024532247,0.000334142,0.0022946766,0.00134698,-0.0018278036,0.0058872323,0.004839534,0.00033435645,0.0008488263,0.0017519462,0.0011367372,0.0032977,0.00021697633,0.0012772108,0.0038845509,0.0007258549
2021-12-24,0.0012291734,0.0008683548,0.0019667502,0.0014746021,0.0014909412,0.0013793628,0.00060674746,0.0025898027,-0.00048934895,0.0022620994,0.003817645,0.006014567,0.00087671226,0.001775001,0.002452777,0.0027678383,2.424206e-05,0.0007159476,0.001381908,0.0018223712
2021-12-27,0.0010649329,0.0013303381,-0.005161497,0.0005742919,0.0055989823,0.0018532403,0.002409773,0.0014498137,0.0009886499,0.0022732322,0.0022756876,0.0034746793,0.0007149789,0.0012389352,0.00033228914,0.0007785959,0.0011718603,0.00020737824,0.0032751823,0.001380205
2021-12-28,0.0026717072,0.00018268784,-0.00090090017,0.001352889,0.009615261,0.0030664068,0.0027138046,0.00213896,0.0013862144,0.00448775,-0.00015300771,0.00065136305,0.0024857398,0.00080238143,0.0004059992,0.0007356202,0.0007214398,0.00046522298,0.0021236392,0.0009079207
2021-12-29,0.00070106215,-0.0018061502,-0.00052347104,0.0017703057,0.001962441,0.00086261285,0.0018207338,0.0014130239,0.0021027655,0.001616701,-0.000788879,0.0024247742,0.0016408003,0.0013320317,0.0003596327,0.002580202,0.0004187618,0.0011843079,0.0031268606,0.00089576433
2021-12-30,0.0012596732,0.0016855402,0.00052634,0.00406946,0.00094212714,0.0023357635,0.0009862883,-0.00058935554,0.001476913,0.0009176907,-0.0003713779,-0.0036456203,0.0004847841,-0.00014662553,0.0003267962,0.00091040786,0.002059796,0.001792969,0.0005623018,0.0021909708
2021-12-31,0.0011780447,0.0003916397,0.005624486,0.0015712976,0.0012467187,0.0010157158,0.00036294223,-9.9576515e-05,0.0021965767,0.007050896,-0.00066760805,0.0,0.00039971384,0.00212575,-0.0020444759,0.0022199182,0.00016839721,-0.00017736184,0.00021902399,0.0021989716
2022-01-03,0.0007453442,0.0018994812,0.02454689,0.00096158305,0.001227601,0.0011889249,-0.0007349436,-9.2598886e-05,0.0028748286,0.0037942864,-0.0013081672,-0.0006640591,0.0005333795,0.0013224194,-0.00075243507,0.00066203804,0.0001200603,9.825841e-06,0.0021445814,0.0014132081
2022-01-04,0.0004046335,-0.00048493154,0.0034028443,-0.00026339965,0.0005852153,0.00065338466,-0.00072238286,0.00029029182,0.0,0.002105059,-0.000979861,0.004468657,0.0004035585,-0.0018344749,-0.00017057416,0.0032074198,0.00027384094,0.00074769824,0.001517787,0.0011865414
2022-01-05,0.00014419616,0.00067580247,0.0027225227,9.074274e-05,0.00062116975,0.0004389652,0.0,0.0005427802,0.00067789044,0.0061700097,-0.005319731,0.008130173,0.0010863177,-0.0009509577,-0.002338617,0.001324802,0.00025241703,0.0012148047,0.0004083037,0.0011931671
2022-01-06,0.000906163,0.00035987928,0.0011718767,0.001291638,0.00061704504,3.1826443e-05,0.00020335898,-0.00028013086,-0.00014533364,0.00040778785,0.0005897117,0.006244552,0.0009003451,-0.00076833373,-0.0013452577,0.0022645986,0.0019149666,0.0019685149,0.0013998459,0.002131451
2022-01-07,0.00088017026,0.0008220455,-0.0010952336,0.00013726948,0.0007989365,0.0035764629,0.0015866519,0.0015610215,0.0013772155,0.00027087086,0.0051779663,0.004854588,0.0016487143,0.0,1.7633309e-05,0.00026699886,0.0017306454,0.0009252783,0.0022264684,0.004252823
2022-01-10,0.0008536775,0.0024121532,-0.0004955706,0.00011171215,0.0024332607,0.002697768,0.0045763357,0.0007255053,0.0020622206,0.0010912963,0.011439963,0.0034744667,0.0013719003,0.0010151266,0.00041862277,0.0012439461,0.001227562,0.0012326567,0.0008124288,0.0026397763
2022-01-11,-0.00014330262,-0.00056902075,-0.006965936,0.00037820064,0.0010856221,0.0012465268,0.013643104,0.00033448267,0.0015046145,0.00193497,0.010121334,0.0005392417,0.0013261134,-0.00043126155,0.0009982896,0.00040295918,0.0021622046,0.0007406202,0.0014627,0.0013319618
2022-01-12,0.0,-0.004332866,-0.00014631901,5.6434812e-05,-0.0006435868,-0.00012948463,0.004789312,0.00048038497,0.0024560685,0.0039927657,0.003332534,0.0050742184,0.0015726994,0.0028271999,0.00087940774,0.00029006685,0.0012375463,-0.00016931663,0.0021673173,0.002656477
2022-01-13,0.00032927998,0.000638915,0.00036687125,0.0009179319,0.0,-0.0020237279,0.0016397176,0.0023264394,0.000590591,0.0060025947,0.00072096987,0.0018566876,0.001264592,0.0021288034,0.0019185848,0.00088226364,0.0007938797,-0.0004509871,0.001089127,0.0036173435
2022-01-14,0.0015307182,0.0042270287,0.0047616456,0.00070299156,0.002139684,0.00042528374,0.011425032,0.0016876544,7.007428e-05,0.0018036241,0.0009222118,-0.00089668465,0.0024159702,0.0009768343,0.0006951081,-0.00018168362,0.0013144956,-0.0008113594,0.00038723907,0.0027515918
2022-01-17,0.0010300009,0.0016625534,0.0,-0.0007434993,0.001899122,0.0032490396,0.002416028,0.00030507083,0.0012748023,0.0018701798,0.00494652,0.0014418353,0.0008897162,0.001688255,0.0029228653,0.0017796501,0.0013326206,0.00023667878,0.00078857096,0.0023850626
2022-01-18,6.645302e-05,0.00086020736,0.00012724665,-0.00056857755,0.0064704465,-0.0008048255,0.0013476353,0.0012341626,0.0011824849,0.0025342908,0.002105984,0.0014528771,0.0003839543,0.0007304687,0.0014377508,0.0013148843,0.0014644569,-0.00015409451,0.0009665161,0.0014651029
2022-01-19,0.00144206,0.0012926565,0.000389706,-0.00054492947,0.002097735,-0.007282114,0.011252565,0.0005369483,0.0041943463,0.0004942536,0.0011167029,0.0010908555,0.0010285077,0.0021239596,0.00052672636,0.00094280887,0.0007330813,0.0010945611,0.0010148686,0.0011780938
2022-01-20,0.00028389736,0.0020136938,-0.000652765,-7.288148e-05,0.0020591798,0.0,0.0076680933,0.00214505,0.0018827963,0.0018419869,0.001355362,0.00015738976,0.0016030734,0.0015561023,1.3566691e-06,0.0012880716,0.0010300502,0.0015490645,0.0008823525,0.00085160753
2022-01-21,-6.391835e-05,1.7129412e-05,-0.0013183387,-0.00014723194,0.0016014582,-0.00055383856,0.0036539473,0.0012900351,0.0002493581,0.0016155522,0.0005407551,6.2476276e-05,0.00014515904,0.0013478985,0.0017264191,0.0006451706,0.002689047,0.0013248835,0.0010927394,0.00010647348
2022-01-24,0.0011580739,-0.0077260314,-0.00046383098,0.0012839277,0.003678891,0.0012354271,0.00041560925,0.006484099,0.000822299,0.0007938812,0.000968344,0.00052731344,0.0019001216,0.002908287,0.0028949692,0.00072599185,0.0013867376,0.0,0.0026658473,-0.0036459283
2022-01-25,0.0009616149,-0.003406186,-0.004355816,0.0013363201,0.00061578234,0.0011657082,0.0009511875,0.0070969057,0.0003599379,0.0001548287,0.002478276,0.000330694,0.00047066147,0.00041780728,0.0019013798,0.0010836887,0.00046742716,0.001734221,0.0024644698,-0.000878146
2022-01-26,0.0013675133,0.0015396818,-0.0015676506,0.002074282,0.0012228554,-0.00015409171,0.010338296,0.0070273285,-0.0002693056,0.00030792417,0.0012516994,0.0008643561,0.0012708105,0.0008279307,0.0025904048,0.000532631,0.0015884527,0.0012139865,0.0018931652,-0.00125539
2022-01-27,-0.0010707843,0.00048142092,0.0009963104,0.001131728,0.0020450433,0.0014510221,0.0045232307,0.003975065,-0.0010460974,0.0005024471,0.0,0.00041582788,0.0011452392,0.0014720453,0.0026368047,7.226585e-05,0.0018756592,0.001404264,0.00020981008,0.0014976744
2022-01-28,0.0011673389,-0.002307197,0.0015573393,0.0008670351,0.00059397897,0.0021996698,0.0021094433,0.0026923495,0.0005908632,0.0,-0.0018693394,0.00078180426,0.0006824283,0.0030617458,0.007079216,0.00061971793,0.0020668868,0.0011442016,0.0,0.00024490588
2022-01-31,0.003924526,0.0010420171,0.00222409,0.001870732,0.0009737837,0.003158684,0.0,0.013204888,0.0022542202,0.0010912955,0.00064203143,0.0018379446,0.0013609393,0.0020576357,0.009920936,0.0027266021,0.0026512933,0.0031436116,0.0001493058,0.00068749796
2022-02-01,0.0046138596,0.0035633305,0.0019298438,0.001287031,0.0017102081,0.0008214532,-0.0003387055,0.0030048601,0.0012836736,-0.00076037773,8.53473e-05,0.0013838079,0.0009944489,-1.21337225e-05,0.0014411632,0.003307385,0.0010555938,0.006051688,0.00032282915,0.00067502534
2022-02-02,0.00211739,0.0015124719,0.0016583831,0.0034768772,0.0011579157,0.0012326795,-0.0006098662,0.004643636,0.0010823794,0.00036117324,-0.0015043049,0.0011364105,0.00087937334,0.005107451,0.0023066236,0.0058938707,-0.0010646235,0.00045407427,0.0015047631,0.0007881659
2022-02-03,0.002407317,0.0015362903,0.0014612933,0.0022973807,0.0007977395,0.0015812664,-0.00446861,0.00796063,0.0,0.00010478534,-0.0005314862,0.0010914165,0.0010404047,0.0032193684,0.006547509,0.001435805,-0.0004591283,0.001066666,0.0012611928,0.00046522738
2022-02-04,0.002067256,0.0009277188,0.000684112,0.0012276127,0.0011569802,0.0024314218,-0.0008987366,0.0015482986,0.00050199963,0.00094687357,0.0008093837,0.002406865,0.0010889014,0.00075977325,0.0034119808,0.00137584,0.00033000298,-0.00013353235,0.003935483,0.00013584622
2022-02-07,0.0013812251,0.001202678,0.0008098473,0.00015079316,-0.0026437107,0.0021468685,0.0,0.0010937881,0.0023018417,0.0015860989,-9.8185825e-05,0.0046589025,0.0010717253,0.00095605315,0.003768801,0.00012418209,0.0,-0.0006375003,0.0021763511,0.00082399836
2022-02-08,0.00033637424,0.0011575307,0.00038812956,0.0006664555,-0.0033839738,0.005569849,0.00063022994,0.004756372,0.0022880423,-0.00013961777,-0.00045660665,0.0019543546,0.0010424925,0.0010981484,0.00700168,0.0010567332,0.00030068713,0.0008287637,0.0011512539,0.001244662
2022-02-09,0.0035982006,0.0013223548,0.0015817826,0.0014783321,0.00055663084,0.00336788,0.002274318,0.0010243652,0.0034776158,-0.0015692702,0.0071713366,0.0017087421,0.0,-0.0005670239,0.0020952628,0.0049772034,0.0021943958,0.0011658341,0.0020859824,0.0013448128
2022-02-10,0.0021640493,0.00055158004,0.0010382727,0.003666788,-0.00036838045,0.0004253217,0.004286397,0.000658451,0.0016745682,-0.0022005932,0.0031578126,0.0014101836,0.00038400583,-0.0037900268,0.002820729,0.002100133,0.0014844205,0.00072077604,0.0005928614,0.00067469676
2022-02-11,0.0007685455,-0.0005612256,0.0007907117,0.0044409386,-0.00038728004,0.0023237295,0.0033444231,0.001102565,-0.0012762069,0.0007184211,0.0017562177,0.0024619256,0.001539328,0.0020808023,0.0059987437,0.0011039132,0.0021922903,0.0016987926,0.0016788826,0.0022019441
2022-02-14,0.0007035621,0.00080481305,0.0006190906,0.001372164,-0.0007626509,0.0012085325,0.0022357746,0.0021906258,-0.0013276906,0.0029741349,0.005884038,0.0005882377,0.001401101,0.0009709257,0.0024785218,0.0,0.0018447738,0.0031344767,0.0034080972,0.0007950157
2022-02-15,0.0012341694,1.944274e-05,7.9991274e-05,-0.00021388425,0.0011930123,0.0,0.0035529314,0.0021068638,0.0009334334,0.0002511253,0.0017732958,0.0011330285,0.0010221816,0.0067484854,0.0066757626,0.0013303462,0.0029147563,0.00116862,0.001931903,0.0009008057
2022-02-16,0.0009167232,0.0,0.00093628763,0.0007735427,0.0010557829,0.00034407465,0.0005554052,0.0018767888,0.0010722484,0.0023878708,-0.0003865652,0.0013360563,0.0016119119,0.005596615,0.0012746041,0.00021839495,0.00070451375,0.0026828495,0.0010096629,0.0013723491
2022-02-17,0.002677497,-0.0023071913,0.002695233,0.0022950291,0.0013813723,0.00023649546,0.0013870306,0.0017236492,0.00028755507,0.0,4.5429275e-05,0.0010555821,0.0014657986,0.00074887834,0.009620724,0.005122021,0.00026452178,0.0021760075,0.0030138777,0.00090316194
2022-02-18,-0.00038543608,-0.0021261661,0.0020398048,0.0,0.0019203149,-0.0021222765,0.0032198585,0.0017098681,0.0006080928,0.00068246934,0.0016495504,0.001484053,0.0011811344,0.0017712036,0.0062692794,0.00071118097,0.0018234227,0.002428093,0.0011767789,0.0013430316
2022-02-21,0.0023325447,0.00068320887,0.0026949588,5.6902e-05,0.0018874515,-0.0006099257,0.0017929996,0.0026818528,0.003609455,0.002139673,-0.0022326298,0.00046137214,0.0013726781,0.0024087995,0.0011731492,0.0002474875,0.0035857153,0.0022193368,6.636059e-05,0.00062265433
2022-02-22,0.0018430043,0.0013693408,0.0019278021,0.0029790252,0.00189349,0.0,0.0021492112,0.00084600673,0.0014523362,0.0021205635,-0.0016979332,-0.00011348232,0.0016739673,0.0038759138,0.0034620843,0.001799999,0.0020712633,0.0008857468,0.001288991,0.001320907
2022-02-23,0.0032165523,-0.0005855289,0.002060804,0.0011777566,0.0014875464,0.0021253033,0.004620403,1.1637245e-06,0.0062230616,0.000813911,-0.0010613862,0.0,0.0019803857,0.002105429,0.005950249,0.0013248691,0.0027520973,0.0010085828,0.002452763,0.001413907
2022-02-24,0.0017615991,0.0012015286,0.0008210126,0.002109632,0.0012286967,0.0017858031,0.001957041,-0.0011754077,0.00034972193,0.00028650367,-0.0020961275,0.0015258156,0.0010783188,0.003170951,0.0026893027,0.001872106,0.002452597,-0.0011895768,0.002365513,0.0021991648
2022-02-25,0.00038792868,0.0005422046,0.0036484895,0.0010296287,0.00025002946,0.0054649957,0.0005345776,0.0024532091,8.5129584e-05,0.0008756192,0.0016913769,0.00049619144,0.00040135896,0.0005147594,0.0019012529,0.00034753978,0.001378388,-0.00071525306,0.0007830497,0.0009864041
2022-02-28,0.0005007118,0.00066133036,0.0016883772,0.0014738529,0.0005014665,0.00225223,0.0,0.00035667978,0.0015346551,0.0022003173,-0.0072774664,0.00034535106,0.0011314531,-0.00018922337,0.0018627418,0.0010173025,0.0007228295,0.001750863,0.0009396743,0.0010416687
2022-03-01,0.0,0.002490251,0.0024770824,0.0015650922,-0.00015199109,0.016728377,-0.00041604193,0.00095377193,0.00042042852,0.0034293574,-0.0061282497,0.0012094275,0.0007108387,-0.0006048961,0.00088133255,0.00015385995,0.0014506907,0.0025570535,0.0011389827,0.0010687927
2022-03-02,0.0002621336,0.0020990442,0.0002804205,0.0008464627,0.0008796006,0.009375064,-0.00035184502,-0.00042458635,0.00037223907,0.0010337979,0.0021029362,0.0,0.0011846576,-0.00047059738,0.0,-0.0001344926,0.004334149,0.00096051005,0.005022437,0.0011426494
2022-03-03,0.0024929598,0.0024245086,0.00048283167,0.0011647404,0.00166266,0.0064758114,0.0011726926,0.0,0.001631166,0.0026450201,0.00157464,-0.001221438,0.0009445217,-0.000454773,-0.0011186957,-0.0029716487,0.0009141182,0.0036432785,0.0011573386,0.0012671938
2022-03-04,0.0023847686,0.0013328554,0.002119374,0.0007503598,0.0011994989,6.824777e-05,0.0003801665,0.0001395904,0.0003129532,0.0011589731,0.00053274684,0.00048833666,0.00053097267,0.00054914755,-0.0028418775,-0.00014734927,0.0010724603,0.004289046,0.0023801578,0.0011358157
2022-03-07,0.0054268097,0.00088730565,0.00092969177,0.0001574354,0.0006070034,0.0012061591,-9.1905225e-05,-0.0036760406,0.0008850117,0.0015445732,0.0036623115,0.0009989834,-1.8373155e-05,0.0027911728,0.0019568596,0.0005841929,0.0021446836,0.0027358374,0.0010630706,0.00092627265
2022-03-08,0.002078582,0.0033408669,0.0006626983,-0.0008968996,0.0007914179,0.003148686,0.00080804154,7.2533476e-05,0.0097563295,0.0018217276,0.0025006176,0.0014000428,0.002129425,0.0035207248,0.014077155,0.00370931,0.0026406657,0.003577032,0.0006151034,0.0019524951
2022-03-09,0.0034719803,0.00065600034,0.0015485887,-0.00089755224,0.00083274243,0.0002308084,0.0024386442,0.000554428,0.009926734,0.0023224805,0.00068437157,0.0019354479,0.0015794012,0.008420471,0.0025800948,0.004346608,0.0034107345,0.0012606885,0.0020590185,0.0004820395
2022-03-10,0.0009396146,0.001479202,0.0016843674,-0.00029207554,0.0017484562,0.0,0.0009900399,0.0020160298,0.01090725,0.0023320809,0.004876707,0.0031542506,0.0017514164,0.0009692128,0.00054872,0.0023949505,0.00053051213,0.00254714,0.0011511978,0.0015848128
2022-03-11,0.0010375923,0.000402986,0.0009033121,-0.00013298586,0.00073326007,0.00059670827,0.0016912135,4.010398e-05,0.0134518,0.001551538,0.004003713,0.0025251806,0.0015999224,0.00036044783,0.0004276509,0.0011682032,0.00071179855,0.0005260349,0.0011442523,0.0010930774
2022-03-14,0.0038039861,0.0027269833,-0.0011633973,0.00091740733,0.00088356045,0.0007184476,0.0019777254,0.0046094423,0.0033665742,0.0019447415,0.0005193104,0.0038776917,0.0008070634,0.0025386994,-0.0015102057,-0.0011294726,0.00026324188,0.0018785431,0.001006208,0.0012218618
2022-03-15,0.00070233905,0.0029844989,-0.0029545033,-0.00038731936,0.0006922874,0.0012776786,0.00062343973,0.0022346894,0.004933399,0.002385785,0.00073180837,0.0014643637,0.0020580397,0.0012866228,-0.0019380407,0.00065676274,-0.00051004684,0.002419722,0.0036753728,0.0005287586
2022-03-16,0.0027263998,-0.00062725024,-0.00046043567,-0.00017970029,0.0016695518,0.000842955,0.0001567817,0.005876973,0.002411262,0.0015796814,0.00037973237,0.00022181166,0.003865344,0.0,0.0005855624,0.0011948929,0.0018773269,0.0049576107,0.001454365,0.0012602278
2022-03-17,0.0070285466,0.0014157882,0.0,0.0002177382,0.00096413837,-0.0010423753,0.0010490778,0.0003331566,0.003397593,0.0047828443,0.004766124,-0.000109108536,0.0018384308,0.0006866384,6.642441e-05,0.0010167279,0.00030954267,0.0023377012,0.0014523737,0.0009793134
2022-03-18,0.0045918804,0.0020999862,0.0010825434,0.00075109955,0.0014353228,0.0003194465,0.00020232794,0.0032851342,0.0032379362,0.0011576714,0.0038601577,-0.00025185206,0.0008345193,0.0018374055,-0.00013344009,0.00021717793,0.0006245454,0.0012173594,0.0062952423,0.00094608153
2022-03-21,0.001535869,0.0014858724,0.0011531657,0.00045948772,0.001201388,0.0051820427,0.00053441,0.0012348874,0.0007416009,0.0032504755,0.0006180268,0.00042840609,0.00041549618,0.0026257834,0.005581526,0.00018531719,0.0009676723,0.00328012,0.001819856,0.001452681
2022-03-22,0.00080829236,0.0004733871,0.0013553238,-0.0011130217,0.0016687299,0.002739843,0.0,0.0006213182,0.0021330314,0.0011819485,-3.4807155e-05,0.0015014595,0.0002509214,0.0026951777,0.0012724093,0.00091001164,0.00090187433,0.0012243309,0.0018557202,0.0009636449
2022-03-23,0.0024351857,0.0017193822,0.002174945,0.0013176651,0.0010134337,0.0016145804,0.0011052244,0.0004348477,0.0058516143,3.2589025e-05,-0.00074343523,0.0,-0.00022744034,0.0023991205,0.0021320146,0.0003341431,0.0021985974,0.0027431727,0.0013634865,0.0011918611
2022-03-24,0.0049464693,0.001361795,0.0005329321,0.00201986,0.00070348126,0.0021137034,0.0,0.00084970414,0.003310834,-0.00041244237,-7.371023e-05,0.00084789115,0.0006321775,0.00052605703,0.0031874904,0.0024259917,0.0013472273,0.001532654,-8.510127e-05,0.001317233
2022-03-25,0.0021960225,0.005338913,0.0012518677,0.0011535195,0.0008551068,0.0024571153,0.0011394629,3.2783104e-05,0.0033266677,0.0017551996,-0.0005952071,0.0009991291,0.00069502555,0.0013070425,0.0060531124,0.0029937315,0.0006351558,0.0014007456,0.0015778847,0.0018147277
2022-03-28,0.0013561823,0.0022014796,0.0010133812,0.0019808586,0.00079362356,-6.57559e-05,0.00041526422,-0.0021462038,0.0027820298,0.0017082738,0.00028778016,-0.00068025023,0.000537947,0.0008561222,-0.0008087407,0.004566933,-0.00018146813,0.00017316634,0.0008586314,0.0007061899
2022-03-29,0.00042117288,0.0028776578,0.00058451854,0.004801996,0.00072685786,0.00049812277,-3.2214713e-05,-0.00032087596,0.0020982632,0.0019174493,0.00014864498,0.0004862091,0.0011752652,0.0012504243,-0.00034203485,0.001347127,-0.0006512048,0.0026937209,0.0021043213,0.0013134622
2022-03-30,0.0015249769,0.00052866514,0.0009700767,0.0049488004,0.00095170137,0.0013738701,0.00028559702,-0.00084407657,0.00400835,0.000523082,0.00061206764,-0.00043432036,0.0008489822,0.00020147621,-0.00311643,0.0011895425,-0.0017950422,0.0018016703,0.0030934599,0.0025959273
2022-03-31,0.001912714,0.0012369611,0.00025104237,0.0017643909,0.0005917513,0.0018501154,0.0,-0.00025124487,0.0010077948,-0.00029895344,0.0011775207,-0.0012479344,0.0003872977,-0.00017431763,0.00039720308,0.0015248903,9.3660834e-05,0.00035722443,0.0015500919,0.0009032209
2022-04-01,0.0018593118,0.0022011404,0.0030371922,0.0015386591,0.0006523431,-0.00039044535,-0.00025720225,0.001678208,0.0027897833,0.0006584245,0.009684202,0.00023663284,0.00044886163,0.00040209145,-0.0009223593,0.00028650134,-0.0020182384,0.0009340399,0.00021929432,0.00010443456
2022-04-04,0.0,0.0014944519,0.00072146184,0.0015017288,0.0008425709,0.0012220847,0.0013232561,0.0005954731,0.0039960803,0.00031487402,0.0061501744,0.00039078144,0.0007341883,0.00010457601,0.0010589854,0.0022138124,-0.0039051387,0.003071044,-0.0007475965,0.0015052058
2022-04-05,0.0020660192,0.0014305855,0.001531977,0.0017239045,0.00087144657,-0.0007047078,0.0011635401,0.0022833645,0.00038811375,0.0021526134,0.002676702,0.0013751051,0.001124806,-0.00035690586,0.0019748379,0.00056526257,-0.0009175866,0.0015039074,0.0,0.0010899238
2022-04-06,0.0009863516,0.0012307245,0.0026150534,-0.00043569316,0.00030246278,0.0015404678,0.0026171904,0.0009927654,0.0031450356,0.0,0.0030615553,0.0015248157,0.00048764297,0.00043995338,0.00055841194,0.00066141883,-0.00017166256,0.0038815343,-0.0003758275,0.00036531908
2022-04-07,0.0027649908,0.001306598,0.000548005,-0.00046674526,0.00021241717,0.0015082362,0.00095722923,0.002170108,0.0018589497,0.0006989798,0.0030543518,0.00029058184,0.0007507268,0.0013223315,0.0019505,-0.0009819653,0.0019788996,0.0026907823,0.0019557045,0.0004773698
2022-04-08,0.0011618669,0.0012819485,0.0012059157,0.0,0.000500927,0.0016990236,0.00082104834,0.0012690299,2.5062203e-05,0.000881195,0.002063671,-6.768273e-05,0.0007523798,0.0005862284,0.004367678,0.0033059465,0.0007636783,-9.4874326e-07,0.0010624873,6.7531306e-05
2022-04-11,0.0015656626,-0.0002506128,0.0019823925,0.001257584,0.0007975907,0.0015316015,0.0023623316,-3.9046703e-05,0.00066395657,0.0013912647,0.0017147056,0.0015962854,0.0006032276,0.0023078958,0.0025492401,0.00031406534,0.0030856056,0.001634195,0.001657296,0.0
2022-04-12,0.0019374175,0.00027112226,0.0021619613,0.0005873639,0.0017770457,0.00614933,0.0017498308,0.003573192,0.00048521126,0.001473651,0.0021129444,0.0017135259,0.0010648945,0.001134903,0.0034988692,0.0011840448,0.00075425074,0.0028546748,0.00015610678,0.0
2022-04-13,0.00065137923,0.00016684414,0.0014120013,0.0041280235,0.00018050811,0.0062553245,0.0008106027,0.0009836284,0.0004227351,0.00071990216,0.0026924154,6.6689005e-05,0.0005963111,0.0013750666,0.0009107969,0.000103681385,0.0001901394,0.003114239,-0.00036076235,0.0002856145
2022-04-14,0.00045366102,0.0,-0.00095263735,0.002130506,0.0002469614,0.0039602485,0.0014043109,0.002013033,0.00074973126,0.0024496429,0.0027902047,0.00024947867,0.0002814133,0.0024166624,0.0020313242,0.0002672445,0.00045059295,0.00063644815,0.0004791089,0.0007096142
2022-04-15,-0.00040936438,0.00033551967,0.0015802161,0.0013261597,0.0009036977,-3.289116e-05,0.00071952504,0.0010605141,0.0011065664,0.0010147989,0.00050722813,0.0,0.000188897,0.00090705807,0.00043226837,0.0006491428,0.000122946,-7.108934e-05,0.0010078482,0.0008660946
2022-04-18,0.0014493276,-0.001065085,0.0031547442,0.0020720768,0.0011092944,0.0,0.0007454229,0.0045090658,0.0019372473,0.0036359928,0.0023721664,0.001064877,0.0011082743,0.0051990105,0.0008558268,0.0,-0.00098037,0.0009861928,0.00055277476,0.00093341776
2022-04-19,0.00096908613,0.00036042384,0.0011697152,0.0015053202,0.0008428716,0.001177472,0.0015338145,0.0015826164,0.0016918543,0.0008528083,0.0029137558,0.00057181384,0.00050081336,0.0018142058,0.0059670815,0.0019936783,0.00037515198,0.0013146858,0.0006207236,0.00095388177
2022-04-20,0.001064295,0.00019590223,0.0011605002,0.0005876894,0.002060211,-0.00015651956,0.0018199284,0.0005198826,0.0020598369,0.0019267562,0.002875878,0.00053372304,6.569007e-05,0.00826811,0.0099655,0.0018172521,0.0030150702,0.0006200071,0.00075964857,0.00057345367
2022-04-21,0.0013359777,-0.000272657,0.0013992197,0.00020847422,0.001957418,0.004006952,0.00045659224,0.0022416224,0.0012645128,0.002332988,0.001570335,0.0009935638,0.0006226569,0.009972707,0.0052252165,-0.0022260817,0.0024642153,0.00075124734,0.0016812527,0.0010160648
2022-04-22,0.00090105925,-1.3344843e-05,0.0035099075,0.0009701734,0.0014057825,0.00062360254,0.0003644836,0.0,-0.0018415698,0.0040835203,0.0019708509,0.0008823577,0.00039456144,0.0018614426,0.0036726538,-0.00014802994,0.0008475333,-0.0035151937,0.0042433585,0.001284177
2022-04-25,0.0012362985,0.00028964714,0.003469174,0.0,0.0011816745,0.0049883076,0.00028541093,0.002426519,0.00089983456,0.004965884,0.0018373653,0.0013690434,0.0,0.0019238206,0.0005739239,0.0036309296,0.0062433532,-0.0010513988,0.003089339,0.0011018119
2022-04-26,0.0014113467,0.0015271034,0.0014158068,0.0018818104,0.0013713976,0.0069498084,0.00018712333,0.0009716987,0.0008188762,0.003299161,0.009848903,0.0019155004,0.00035984654,0.011457113,0.0012404253,0.0020214096,0.0032105327,-0.0018178502,0.0024557377,0.00022318057
2022-04-27,0.00065198314,0.0013854936,0.0010197769,0.0025487007,0.00021994107,0.006133688,0.0015597419,0.0009986409,0.0008334255,0.005103938,0.005780164,0.0017640294,0.0009533413,0.0020302434,-0.0005120916,0.0011547751,0.00045059048,0.0005062822,0.0033927404,0.0007852612
2022-04-28,0.00016176759,0.0017710989,0.000666928,0.0007245524,0.001103277,0.004834466,0.00023455302,0.0013019458,0.0013242435,0.0015648688,0.0025002242,0.0011904757,0.0008596825,0.006600875,9.150137e-05,0.0022359136,0.004509087,-0.00066317385,0.0015735719,0.0011103497
2022-04-29,0.0010212836,-8.101908e-05,0.0,0.001085771,0.0016836821,0.00077754137,-0.0024469895,0.001191359,0.008264006,0.0018085482,0.0032424165,-0.0006803211,0.00087687594,0.0011359233,0.00043931534,0.0032618572,0.0017480988,2.3971038e-06,0.0032424165,0.003734561
2022-05-02,-0.00012473119,0.0019191086,0.000501964,0.00054043235,0.0015528934,-0.0005882564,-0.0011900272,0.001177954,0.0020652744,0.002424137,0.0002560673,0.0010585135,0.0005884174,0.001473372,0.00021776355,0.0014452249,0.002810385,0.0021271794,0.0002560673,-0.0012290777
2022-05-03,0.00045648078,0.0062102564,-0.0006415466,-1.8820689e-05,0.0013834937,-0.0015866368,-0.0007568735,-3.7376027e-05,0.00644961,0.0012950711,-0.000862217,0.0010424413,0.00058664154,0.0011183607,0.0039244886,0.003151666,0.0018457278,0.00025620311,-0.000862217,0.0016611426
2022-05-04,0.0,0.0056143138,0.0016654152,0.00014261143,-0.00045385837,0.00095170486,0.003698615,-0.0005151965,0.005591725,0.0032739432,0.0016329795,0.0005946576,0.0,0.001240014,0.0034438598,0.0007193234,0.0012002914,0.0012069374,0.0016329795,0.00338287
2022-05-05,-0.00011349182,0.003265714,0.001046945,0.000888923,-0.00068460335,-0.0018217019,0.002976925,0.0,0.001381073,-0.00073723897,0.0025492439,0.0014344098,-0.00086954545,0.0012302671,0.0015826577,-2.0206187e-05,0.00064749806,0.0011437376,0.0025492439,0.0025689101
2022-05-06,0.0016039014,0.00044858555,0.004132824,0.00062332023,0.0016757953,-0.013867155,0.0040828506,0.00075801933,0.00014170575,-0.0015834618,0.0027634224,0.0024759325,0.001550084,0.0015072057,0.0010499415,0.0015650152,0.0022201159,0.0008454757,0.0027634224,0.0015285101
2022-05-09,0.0063326196,0.0004212754,0.001924118,0.0025598025,0.00061550055,0.0,0.0015736592,0.0015633348,0.0032750966,0.0015320125,0.003347446,0.0012291004,0.001761537,2.953379e-05,0.00061892555,-0.0032620558,0.005745796,0.0011748857,0.003347446,0.001534682
2022-05-10,0.0046256627,0.0018611623,0.0006039721,0.002089859,0.0020680767,-0.0022351395,0.0006226897,0.0004145095,0.0021468473,0.00015704197,0.0006868083,0.0018384346,0.00093273516,0.0011819658,0.0040615145,0.0016850352,0.0034063552,0.004353138,0.0006868083,0.0011392084
2022-05-11,0.002380267,0.0052672424,0.0021068119,0.0024518918,0.0011354968,0.0006556413,0.0018697911,0.0013077254,0.002699691,0.00085149956,0.0003819902,0.0015073926,0.0007151818,0.0007386174,0.0097872745,-0.001831201,0.0015851526,0.0027345181,0.0003819902,-0.0014939619
2022-05-12,0.002149003,0.004540998,0.00074727327,0.0017092696,0.0015267681,0.0018667248,0.0033024242,0.0013059225,0.0011531569,0.008825082,0.00018510317,0.00089481974,0.000640896,0.0,0.000799816,0.0002896995,0.0039979885,0.0008194542,0.00018510317,0.0005356944
2022-05-13,0.0030886752,0.0006163944,0.00052566,0.0023940455,0.00097464176,0.003959493,0.0028242907,0.0019044623,0.0027282012,0.00029465352,0.001837582,0.00020725079,0.00020995416,0.0009682176,0.0012918552,0.0019570647,0.0031546992,0.0008507429,0.001837582,0.004917103
2022-05-16,0.00277027,0.00092950306,-0.0014940739,0.0005908211,0.00075639697,0.0029985518,0.0037037781,0.0015866398,0.0017444029,0.00066609285,0.0011144092,0.0,0.00014433573,0.0015514853,0.0017227567,0.0031973345,0.0026646624,0.0014686091,0.0011144092,0.00043519208
2022-05-17,0.00021455919,0.00607991,-0.00017417167,0.001883304,0.002528836,0.0037462881,0.0013621986,0.0012648604,0.000790515,0.0015946925,0.0011927861,0.00050245365,0.00054480624,0.0010501521,0.00073825946,0.00073148886,0.0041948557,0.0024267815,0.0011927861,0.0030736905
2022-05-18,0.0023809145,0.0026987717,-0.0017685915,0.0006850055,0.004310772,0.005318257,-0.00078906154,0.0008763953,5.80566e-05,-0.002563609,-0.00026053624,0.00029989437,0.0006556433,0.0013324745,-0.0094162915,-0.0013857387,0.005594036,0.0017689267,-0.00026053624,0.0009677356
2022-05-19,0.0059712604,0.009008222,-0.0019383065,0.0011184424,0.001949494,0.0013641539,0.00043099787,0.001134267,7.551598e-05,-0.0029595064,-0.00081386854,0.00081268605,0.0008672989,0.00093020854,0.0,0.00071756914,0.004411225,0.0026879606,-0.00081386854,0.0025672487
2022-05-20,0.0048013753,0.0036658668,0.0010092789,0.0004920098,0.0003808554,0.0009024915,-0.0005909808,0.0015288489,0.0006779933,-0.0006150176,0.0012593758,0.00017543604,0.0009272971,0.00024611386,0.0017347048,-3.5269444e-05,0.0005837881,0.0016203338,0.0012593758,0.004877924
2022-05-23,0.0018737272,0.0024057948,0.0016483408,0.0010152645,-0.0016996444,0.000524659,-0.006570104,0.0007917013,0.001221611,0.00030962465,0.00045763582,0.00051245425,0.0015795815,0.00020980796,0.0020882234,-0.00035253557,0.002872187,0.0002732352,0.00045763582,0.030053329
2022-05-24,0.0006334583,0.0024712733,0.0016752256,-0.0009407124,0.0,0.0037113503,-0.0063955546,0.0008654153,0.008471108,0.0044906917,0.0008733247,-3.97789e-06,0.00084560586,0.00083373836,0.0044742,-0.00087778893,0.0015458681,0.001071298,0.0008733247,0.010277088
2022-05-25,0.00075363705,0.005147483,0.0028000434,0.0033366366,-0.0017764826,0.0017007311,0.0008409931,0.0011641437,0.0033098408,0.0029329725,0.00091543485,0.0006087086,0.0024775325,0.00043797615,0.004666325,0.00041136736,0.0005982368,0.00060859043,0.00091543485,0.0014909927
2022-05-26,-9.139922e-05,0.001677017,0.002143563,0.0021639871,-0.0011535253,0.004316805,0.0032828026,0.0011782583,0.0016026644,0.007456409,-0.00029950083,0.0009357869,0.0020799607,0.001814,0.001824485,0.0005611287,0.0034706676,0.001681088,-0.00029950083,0.00081063353
2022-05-27,0.0006578504,-0.0035023985,0.0018623568,0.00074749195,-0.00023033329,0.0037678806,0.002065584,0.0011460676,0.0021334775,0.0025392275,0.0004270952,0.0012826126,0.0024985762,0.002140058,0.00065530575,0.00091417436,0.0070442106,0.0012099271,0.0004270952,0.0018489957
2022-05-30,0.00019754877,0.00065547496,0.0010174785,-0.00072583545,0.0023901402,0.0036560835,0.001562394,0.00039516273,0.00033236534,0.00047084736,-0.0006646393,0.00034663477,0.0011557504,0.0014735988,0.00066703535,0.0005895824,0.0038127233,0.002193597,-0.0006646393,0.0025024083
2022-05-31,0.0009322859,0.0011145127,0.00047155024,-0.0016041133,0.0006963911,0.0025441851,0.0012817186,0.001300988,0.0013833119,0.004559322,0.00081497844,-0.0017435785,0.00045101697,0.0018788473,0.00075668754,0.0008283253,0.00071851886,0.0025860828,0.00081497844,0.0013883556
2022-06-01,0.0006196512,0.0024881638,0.00088363944,0.0,0.00078942615,0.00044440664,0.007106809,0.0011445192,0.00096258323,0.0013725576,0.0011776556,0.0010330754,0.0013482912,0.0014990723,0.0025617918,0.001049614,1.845192e-05,0.00072297844,0.0011776556,0.001306793
2022-06-02,0.001431797,0.0039828024,0.00055073627,0.0014226392,0.0025618505,0.0005395378,0.0,0.0006909504,0.0004408801,0.0044294153,0.0007378016,0.001627849,0.0010079803,0.00042548767,0.0029611092,0.0019708837,0.0025509368,0.0021870548,0.0007378016,0.00041596562
2022-06-03,0.00086951285,0.003669245,0.0017520711,0.0012691311,0.0040192236,0.0010516772,0.001664853,0.0015790863,-0.00022346262,0.0064904424,0.0033696648,0.0017367345,0.0019056795,0.0011132165,0.0031833278,0.004410864,0.002565296,0.0010128375,0.0033696648,0.0013150346
2022-06-06,0.0021623985,0.0010372868,0.0011253457,0.00065810786,0.0023303432,0.0006812674,0.0,0.0014645724,0.0010888485,0.0033811938,0.0021509544,0.0018387616,0.0016553758,0.00042353454,-0.00013270107,0.0057433695,0.0016822092,0.0014237512,0.0021509544,0.002096904
2022-06-07,0.0010167673,0.0032358568,0.001327989,0.00058797095,0.0008075771,0.0014507083,0.0011312793,0.0007186566,0.0019910773,0.00091866724,0.00016018281,0.0024379424,0.00061415945,0.0006549611,-0.0005517086,0.002674246,-0.0016010255,0.002264383,0.00016018281,0.005804114
2022-06-08,0.0013886066,0.0043785926,0.0010430907,0.00016879445,0.0031250983,0.0017609744,-7.306692e-05,0.00012968136,0.011103376,0.0026713868,-0.0013177994,0.002132574,0.0005703552,0.0015966897,0.0006297465,0.0009295028,0.0012874055,0.0029147887,-0.0013177994,0.0099223135
2022-06-09,0.001872087,0.0009864498,0.000899941,0.0034202111,0.0011073665,0.0018622711,-0.0014883839,-0.0002689932,0.0036259466,0.010188417,0.0014051601,0.0011798654,4.3378088e-05,0.0015835554,0.00072475924,0.00017178856,0.002057198,0.00165408,0.0014051601,0.0006628317
2022-06-10,0.0032126943,0.003350445,0.0008295181,0.001978114,0.0017767267,0.0030599046,-0.006103936,0.0,0.004965045,0.0082562445,0.0042490503,0.0020892192,-0.0022965237,0.0011745587,0.0073738494,0.0008483441,0.0023827187,0.00308878,0.0042490503,0.0014489427
2022-06-13,0.00398581,0.007604998,0.0013196892,0.0016986383,0.00057376135,0.0051731034,0.00084431557,0.0010372291,0.0007365993,0.0056159263,0.0018244154,0.0018196112,-0.0066966196,0.0010953773,0.0013829314,0.0025901943,0.001973286,0.0026746828,0.0018244154,0.00082927145
2022-06-14,0.0022744052,0.0005886579,0.0018379511,0.0043632677,-0.003475987,0.0059487117,0.0039380738,0.0011946984,0.0034547867,0.030067677,0.0015888232,0.0019135746,0.0010079613,0.000541541,0.0017901243,0.0023982904,0.0031912066,0.0008553438,0.0015888232,7.321017e-05
2022-06-15,0.0025576681,0.0075078164,0.001969184,0.010697311,-0.0014035779,0.0034386695,0.0024737034,0.0024688775,0.0027374304,0.003313967,0.002445286,0.002207249,0.0021991665,0.00023639631,-0.0007216255,0.002494963,0.007099177,0.0044878544,0.002445286,-0.0069184606
2022-06-16,0.0009369026,0.007580263,0.0010221713,0.002637402,-0.00031754008,0.0018392805,9.811946e-05,0.002227939,0.004722502,0.0058336467,0.0017612238,0.0017048902,0.0012054235,-0.0003109101,-0.003347291,0.00032529066,0.0058335746,0.00074881414,0.0017612238,3.759243e-05
2022-06-17,0.0019060732,0.0010149328,0.0023531076,0.0016647776,0.0015947034,0.0016279791,0.0038814703,0.0016957625,0.002169614,0.0074741645,0.0011281172,0.0020850932,0.0007323663,0.00013463269,0.002919548,0.004512079,0.0029061395,0.0016964824,0.0011281172,0.0
2022-06-20,0.0014770154,0.00441719,0.00072663644,0.0017843355,0.0002950175,0.0014761323,0.0016845464,0.0018994552,0.0028144107,0.0016672941,0.00016478765,0.000537326,0.0018457866,-0.0011834219,0.0025750573,0.004201522,0.0034909686,0.00085187436,0.00016478765,-0.005531217
2022-06-21,0.00086850557,0.007842914,0.0011828897,0.0005463995,0.005133434,0.0044105076,0.0012874433,-0.002163691,0.00074824924,0.006806599,0.0010727126,0.001092294,0.0012469959,-0.00040695138,0.0025319224,0.0018377529,0.0032046149,0.001267971,0.0010727126,-0.0024715643
2022-06-22,0.000112522226,0.0065234406,0.001653141,0.0001571699,0.004974916,0.0029053348,0.00032081347,0.0008520038,0.0015991145,0.0021385767,0.0016497553,0.00023547698,0.0010539198,-0.00056516775,0.0031611447,0.0018926691,0.0030702837,-0.00059964496,0.0016497553,0.0
2022-06-23,0.0026951616,0.007370025,0.0022973956,0.0012047233,0.004514008,0.0059462395,0.002811435,0.00032492727,0.0005446453,0.006449789,0.003148009,0.00023359807,0.0015082398,-0.00014928206,0.00325417,0.00049522024,0.0014528511,0.00020062996,0.003148009,0.0014395523
2022-06-24,0.0044900784,0.0011205948,0.0017572402,0.0020385464,0.0051965103,0.0029258046,0.0025047911,-0.00040315266,0.0034027325,0.002669188,-0.0008646939,0.001087827,0.001118873,0.0012567271,0.0016922159,0.0023843083,0.0028854872,0.0018614946,-0.0008646939,-0.00090814964
2022-06-27,0.003790997,0.0019607872,0.003559657,0.00071871566,0.0010387453,0.0057506193,0.0013756482,0.00073506864,0.003948321,0.0057662516,0.0037340717,0.00059534423,0.0017036996,0.0007307174,0.00047940115,0.0029918344,0.0033618866,0.0018185091,0.0037340717,0.0011592557
2022-06-28,0.0017216369,0.0028133804,0.0016267471,0.00043325668,0.00076782715,0.00103584,0.0053925696,0.0007032988,0.0019073313,0.00287168,0.0025153079,0.001301408,0.0010112963,0.0010894857,0.0012434018,0.00031017917,0.00018982514,0.001427604,0.0025153079,0.0012242574
2022-06-29,0.0015733625,0.00364996,0.0006608413,0.00045803032,-0.0015023844,5.2013816e-05,0.0045334874,0.0002959041,0.0029318172,0.0014371094,0.0029416394,-0.0007578367,0.00065300165,0.0007469489,0.0011045835,0.001856558,0.0007372754,0.0023406143,0.0029416394,0.0055967076
2022-06-30,0.0007827431,0.0016151386,0.0,-0.00012965708,5.060857e-05,0.0004251275,0.0032055585,-0.00036304173,0.0033154285,0.0014630837,0.0013089941,0.0002518436,0.001252732,0.00028418173,0.00082706014,0.0006628812,0.0027183567,0.0022738606,0.0013089941,-0.0006925359
2022-07-01,0.0018808758,0.010876321,0.0008521227,0.00018479345,0.0007689105,0.0013606246,0.0012588232,-7.470694e-06,0.0006876431,0.0032313804,0.00042738873,-0.00031106707,0.00057763065,0.00021291648,-0.00025693307,-0.0018074879,0.0010520206,0.0018601884,0.00042738873,9.502707e-05
2022-07-04,0.0019828696,0.0021434985,0.0017129973,0.0012263783,0.0001428564,0.00093196006,-0.00036914877,0.0020300385,-0.00010175809,6.3307445e-05,0.0014797299,0.00013702123,0.00032049758,0.0,-0.0012561667,-0.00040314722,0.0003838934,0.0007279985,0.0014797299,0.001097132
2022-07-05,0.002675112,0.0019914273,0.0016172518,0.00053332845,-0.0019418332,0.0026906906,3.595137e-05,0.001094866,8.74351e-05,0.00078467856,0.0008714555,0.0004228383,0.00021767261,0.00039667435,0.0024956441,-0.00056473404,0.000702926,0.0018332867,0.0008714555,0.0033161156
2022-07-06,0.0024225446,0.000590164,0.0016793231,0.0011323035,0.0005253097,0.0004294986,0.0013243878,0.00064330705,0.00036056835,0.0009292187,0.0005801577,0.00038405272,-0.00046113017,0.0009128597,0.005815287,-0.0007445503,0.0015783889,0.0018938679,0.0005801577,0.0018186745
2022-07-07,0.0045661028,0.0016661658,0.003281936,0.0011275195,0.00071393634,0.0014846389,-0.0008593576,0.0024736805,0.0014795448,0.0011315795,0.0009935679,0.0007282455,0.00066747144,0.00087264966,0.013107362,0.0011890148,0.0013372261,0.0012533074,0.0009935679,0.0011105884
2022-07-08,0.0015690932,0.00061899825,0.0040871166,0.0008568581,-0.00017460065,0.0009575055,-0.00024652792,0.00060340564,0.002336258,0.00060158025,0.0010497024,-0.00032277402,0.001059621,0.00062257616,0.010400032,0.0014853562,0.0,0.0011307517,0.0010497024,0.00080575224
2022-07-11,0.0012405408,-0.000610232,0.0030041724,0.0011378338,0.0005074013,0.0016630159,0.0018139628,0.0011588939,0.0021740894,0.0010382821,0.00080269633,0.00037618226,0.0005280965,0.001538529,0.010274693,0.0007456541,0.0024099306,0.0020795288,0.00080269633,-0.0002667527
2022-07-12,0.0,-0.0017432919,0.0023998576,0.0009468641,0.001010295,0.00097308186,-0.000110854184,0.0010937705,0.0034429983,0.0007910883,0.0011629084,0.0016671877,0.0012291281,0.0013246168,0.0013671459,-0.00014975683,0.0019207199,0.002807216,0.0011629084,0.0008063244
2022-07-13,-0.0016408232,0.00025277032,0.0021583177,0.00025694846,0.0005361738,0.002085687,0.0,0.0014074645,0.0035573507,0.0015881729,0.004909817,0.0012057862,0.00039321624,0.0018437428,0.0010423318,0.00052574684,-0.00031043254,0.0020143667,0.004909817,0.000297356
2022-07-14,-0.0011983947,0.0022219273,0.0005882107,0.0010359426,0.000821601,0.00048289052,0.0004452221,0.00048148376,0.0013705011,0.00016725196,0.0021867896,0.00074115564,0.0011351642,0.0012098445,0.00060523016,0.0010450985,0.0010597436,0.004868971,0.0021867896,-0.0010077611
2022-07-15,0.00079829234,0.0018402719,0.0007157766,0.0017520838,0.0012048717,-6.492946e-05,-0.0016748495,0.0006599469,0.008765922,0.00055041607,-0.0011375124,0.0003494299,0.00096378947,0.0006644051,0.0054467632,0.0012073274,0.00091401045,0.002651978,-0.0011375124,0.0017371255
2022-07-18,0.0014459296,-0.000234279,0.0,0.0011099719,0.0010685424,-0.0009166356,0.0018175475,0.001287989,0.002145632,0.00036377256,0.00053254527,0.00061184156,0.0011814465,0.0007113936,0.0005727008,1.7512302e-05,0.002593989,0.0014146906,0.00053254527,0.0033168958
2022-07-19,0.0013938827,0.0017260994,0.0,0.0012864954,0.0005264806,0.000543767,0.0071136514,0.0023497753,0.0018140043,0.0010303389,-0.00015311968,0.0021078964,0.0013177558,0.0017528512,-0.00033934397,0.00080182106,0.0008883797,0.0023667137,-0.00015311968,0.0048344084
2022-07-20,0.0008249496,0.0017196276,0.0,0.0021034,0.0005089159,0.0021779714,0.0017617219,0.0022139056,0.0055820676,0.0012677606,0.0012039078,0.0011892819,0.00045741204,0.0013828708,0.0021596432,0.0015076702,0.0017437973,0.005127961,0.0012039078,0.0052400464
2022-07-21,0.0027531765,0.0018055681,0.00062589394,0.0013424201,0.0012148379,0.0006856963,0.0033980422,0.0016704792,0.005130247,0.00117531,0.002055348,0.0010876324,0.0008282258,0.0009146149,0.001091775,0.0016460189,0.00068685657,0.0012205554,0.002055348,0.0009585619
2022-07-22,0.00021781448,0.0013911598,0.00040568216,0.0022957968,0.00015723948,0.0011728113,0.0052639046,0.0017667472,0.0017327013,-0.00055885216,0.0024733064,0.0010936119,0.0012500281,0.00047755512,-0.00022687567,0.0010843546,-0.0002522582,0.0021799486,0.0024733064,0.004384359
2022-07-25,0.00093443925,0.0,0.0006841719,0.0044528767,0.0002417639,0.0023499893,0.0028176159,0.0009879326,0.001061375,0.00021834481,0.0033997528,0.0006030665,0.0007089063,0.0019944606,-0.0014515826,-0.0013667354,-0.0008609242,0.0013091274,0.0033997528,0.0075344075
2022-07-26,0.0022805203,0.0010087411,0.0010847246,0.0018730144,0.0,0.002097707,0.005584004,0.00033948352,0.00039391988,0.0008193022,0.0010084352,0.0009308806,0.001401568,0.002692289,0.00042453504,0.001083078,0.00042224623,0.001638436,0.0010084352,0.0047472785
2022-07-27,0.0007482012,0.00090174854,0.0012922065,0.0018070694,0.0001443598,0.00083034666,0.0008720889,0.0016368022,0.0011831698,0.00041293722,0.0032546807,0.0012885007,0.0014909974,0.0010205498,0.00067939603,0.0012565122,-0.0060244245,0.00064498646,0.0032546807,0.0005355336
2022-07-28,0.0,0.00036304104,0.002232359,0.002917204,0.0019716218,0.00031016525,0.00582358,0.0,0.0012256923,0.0011145596,0.0004409765,0.00066662335,0.0020590425,0.004964008,-0.00045149206,0.0026762027,4.642419e-05,6.5894594e-05,0.0004409765,0.0001981599
2022-07-29,0.0008657141,0.00013949255,0.0047745677,0.0013234378,0.0010214461,0.0029752788,0.0012441186,0.0007822835,0.0010153627,0.002745161,0.0,0.0,0.0019038656,0.007834712,0.0,0.0006599329,0.00088378525,0.003456782,0.0,0.0025212143
2022-08-01,0.0018475171,-0.00084736204,0.0038150218,0.0016506499,0.0011104472,0.0008392585,6.575971e-05,-0.00033308784,0.0008662226,0.00353454,0.000494752,0.0,0.00062641373,0.00023227041,0.00068315194,0.0024512,0.0024891384,0.0019063562,0.000494752,6.0437196e-05
2022-08-02,0.0010860352,0.00022582224,0.0029978415,0.0013037835,0.0018885821,-0.0015835114,0.005773836,0.0,0.0,0.0027206913,-0.0004993838,-0.00011694261,0.0013880756,0.0003174474,0.0018415633,0.0012417368,0.0008857641,0.0025843068,-0.0004993838,0.0
2022-08-03,0.000906711,0.0015908992,0.002395393,0.0011497241,0.0019570063,0.0015488688,0.0025603252,0.002335457,-0.0007216905,0.0010394679,0.0017829654,0.0005829429,0.0014830153,-1.1463357e-05,0.0015731031,0.0014146875,0.0010664088,0.0,0.0017829654,0.001507353
2022-08-04,0.0016325644,0.0013360255,0.00063359947,0.00026292243,0.00093763723,0.002224046,0.00076642446,0.00033532767,-0.0017965044,0.0052781487,0.0049973093,0.0015265702,0.0030326443,0.00010865759,0.00031069983,0.009114462,0.0014292718,0.0014375554,0.0049973093,0.0050625866
2022-08-05,0.0017558867,0.0016789377,7.1464696e-05,0.0033897625,0.00084805954,0.0050703986,-0.00016868318,0.0,0.0015767246,0.0036137975,0.0021831736,-0.00011975475,0.0018130137,0.0030511809,0.000501617,0.0011837662,0.0013510189,0.0025554406,0.0021831736,0.0021986985
2022-08-08,0.0014601843,0.0009859053,0.00060380186,0.00015880716,0.001962841,0.0024135555,0.0010627453,0.002678373,0.000940701,0.0033109817,0.0020479274,0.0010649377,0.0019072251,0.0006417507,0.00019088387,0.0027471685,0.0013221174,0.0016804145,0.0020479274,0.0019533217
2022-08-09,0.0017128129,0.00019727321,0.002889505,0.0009777353,0.0012131298,0.003680056,0.003020374,0.00018478102,-0.000630937,0.002152372,0.0015459355,0.0,0.0019102865,0.0008858923,0.0011710083,0.0021661192,0.00071937544,0.00433995,0.0015459355,0.001790794
2022-08-10,0.002327028,0.00096519844,0.002556442,0.000802297,0.00066408387,0.0016824066,-0.0009372492,-0.0006275772,-0.00119454,0.0001727083,0.0025195938,0.0008567139,0.0022833487,1.9551837e-05,0.0015042641,0.005735176,0.0011952177,0.00046154106,0.0025195938,0.0021036887
2022-08-11,0.0017555533,0.0014018472,0.001472014,-0.0021081204,0.00085308024,-7.452473e-05,0.0014395491,0.0,-0.0010886953,-0.00010099631,0.003366902,0.0008897325,0.0021844213,0.0026282826,0.0010497031,0.0018198482,0.0014443481,0.0012787521,0.003366902,0.0014717296
2022-08-12,0.001959598,0.0010869184,0.0016491455,0.0013688838,0.00024566136,0.001180588,3.965865e-05,0.00087477587,-0.0012005167,6.891876e-05,0.002532147,0.0,0.0020870254,0.0017828711,0.00062793016,0.0019412764,0.00078211224,0.0043603536,0.002532147,0.0011023587
2022-08-15,0.0012278035,0.00044335081,-0.0003661164,0.0025107153,0.00019259428,0.0,4.4990626e-05,0.006123091,-0.00041115435,0.0018441641,0.00087507407,-0.0018002266,0.00084694073,0.002265295,0.0011405568,0.0039009145,0.0016794855,0.0031703413,0.00087507407,0.0020072372
2022-08-16,0.0012518588,0.0004834048,0.0,0.0051585236,0.0008521006,-0.00204171,0.0007465654,0.0045881495,0.0010525185,0.001747289,0.0023904028,0.0007209516,0.001183724,0.0022589203,0.00061053946,0.00057493435,0.0018855503,0.002547417,0.0023904028,0.0013970505
2022-08-17,-0.00016826631,0.0,-9.944339e-05,0.0044218916,0.0007265756,0.00034488455,0.0031386851,0.0010295046,0.0018025222,0.0047664326,0.0026404837,0.0009366849,0.0014849957,0.0031051678,0.0018031843,0.0023928091,0.0014619337,0.0039153607,0.0026404837,0.0019285309
2022-08-18,0.0003774304,0.0003449917,0.0002183074,0.0015181598,0.0009866671,0.0004911502,0.0019397036,-0.00012480892,0.0016305997,0.0022012831,0.0016958995,0.00079195155,0.0004985527,0.00042943534,0.00067642966,0.0056253173,0.0020917272,0.0015783093,0.0016958995,0.0010138047
2022-08-19,0.0010944902,0.00087983394,0.0012917435,0.00093239587,0.0005073318,0.00093349966,0.00378015,0.00035826635,0.0018374085,0.0008286272,0.000615883,0.00028077417,0.00070880225,0.0011161875,0.0011342596,0.0018157666,0.0019499329,0.002159878,0.000615883,-0.00017807866
2022-08-22,0.0011146024,0.0027087673,0.0012543501,0.0,0.0010388278,0.0005865629,0.00031952022,0.0042662653,0.0018071464,0.004541082,0.0009977926,0.0016555497,0.0014591232,0.0010301549,-9.723379e-05,0.002422475,0.001386079,0.000681061,0.0009977926,0.0005437758
2022-08-23,0.0006275566,0.0012486186,0.003204845,-0.0013286314,0.0014847206,0.001651181,-0.00043458617,8.445894e-05,0.0012959006,0.003521439,0.0008149807,0.0013498059,0.0019463212,0.00079240726,0.0006922746,0.001667832,0.0012129954,0.002118304,0.0008149807,0.0015714238
2022-08-24,0.0008010856,0.0019030869,0.0006488121,0.00048373837,0.0012087047,0.0018976359,-0.00020433126,0.0027825688,-0.0003473941,0.0011684251,0.0012502751,0.0013194963,0.0022929893,0.0012751315,0.00044418056,0.00055371114,0.00018008464,0.0029898237,0.0012502751,-0.00094774616
2022-08-25,0.0012428055,0.0009796531,0.001861375,0.00065193995,0.0005708291,0.0013279918,0.0014457963,0.0,0.0020866762,0.0061522457,0.002263213,0.0012033143,0.0011719529,0.0012039383,0.0011843635,-0.00013413513,-0.0015696301,0.0025668566,0.002263213,0.00031062885
2022-08-26,0.00019780599,0.0012284268,0.004631742,0.00028239377,0.0006881615,0.0008684335,0.0008517582,0.0016771896,0.003206455,0.0039616595,0.0016833011,0.0015894801,0.00034956308,0.0021286386,0.0002034796,-0.00031715084,0.0,0.0022165983,0.0016833011,0.0018812421
2022-08-29,0.00056613283,0.0015772571,0.0012510126,-9.5512216e-05,0.00088005356,0.00020933627,0.0009777624,0.0036314498,0.0019617411,0.005431863,0.00087414606,0.0007355671,0.00032053975,0.0010316275,0.0003147413,-0.00075155427,0.001662087,0.002006883,0.00087414606,0.00010091861
2022-08-30,0.0010870601,0.0021727735,0.000245534,0.0015682956,0.00022140684,0.00034061167,0.002980199,0.0017632539,0.0019932769,0.0038875528,0.0013118251,0.0011080507,0.00073043094,0.0017167035,0.0013806896,-4.8581907e-05,0.0013369274,0.0025496094,0.0013118251,-0.0003513856
2022-08-31,-0.00030050037,0.0025471044,0.0013879448,0.0029736517,0.00016246209,0.00018027403,0.00035983216,0.0010083743,0.0012274333,0.002290433,0.00061927625,0.0016612825,0.0009331009,0.00156903,0.0013690902,0.00095934444,-0.0001993275,0.003324826,0.00061927625,-0.0021770527
