date,Sequence_1,Sequence_2,Sequence_3,Sequence_4,Sequence_5,Sequence_6,Sequence_7,Sequence_8,Sequence_9,Sequence_10,Sequence_11,Sequence_12,Sequence_13,Sequence_14,Sequence_15,Sequence_16,Sequence_17,Sequence_18,Sequence_19,Sequence_20
2013-01-02,0.0045189518,0.0005274774,-0.005886136,-0.0016319144,0.008374385,0.003358185,0.0073811067,0.0043165977,-0.0023268715,0.00051226065,0.0025461477,0.0014432044,0.0016986434,0.0025248532,0.0047671553,0.003315418,-0.0002214846,0.0053638937,0.006311422,0.0075929007
2013-01-03,0.0,0.0023667952,0.0,-0.00092681195,0.0040021758,0.0016560903,0.0035137972,0.0019199224,0.005839625,0.00616534,0.00040482375,0.00056864554,0.0022457356,0.0019046081,0.0028241375,0.00015254566,-0.0026671882,0.0011949787,-0.0010253008,0.0054643448
2013-01-04,0.0016654183,0.0022101637,-0.002693804,-0.0022543066,0.0059848903,0.0010296197,0.0038082201,0.000261665,0.004662043,0.0037198185,0.00097120315,0.0020236524,0.0033994615,0.0011958537,0.0030266184,-9.93721e-05,-0.0024287037,0.0,-0.0021074407,0.007116214
2013-01-07,-0.0029434639,0.0060008285,-0.0018716247,-0.000649189,0.0014939915,-0.0018068788,-0.0012112887,0.003654048,0.0015511254,0.0069256653,0.0015684736,0.0013660922,0.0025742846,0.0009992322,0.00033777716,0.0011858502,0.0016857506,-0.00011318357,0.0027334508,-2.6790347e-05
2013-01-08,-0.0017766779,0.00025304608,0.004545596,-0.00019064345,0.0008117365,0.0012692057,-0.00789183,0.0037202423,0.0003400814,0.006176628,0.003125408,0.0016321907,-0.00030408197,0.00017879861,-0.001090057,-0.0019013507,0.004101749,0.0016626598,0.0013363801,-0.003558232
2013-01-09,0.0003115839,0.0014505585,-0.00038600576,0.0,0.00074518134,0.0006235744,0.001093681,0.001848692,0.0009807466,0.0030116367,-0.0017125203,0.0020174172,0.00010325197,0.00070870895,-0.00027284742,0.0065083266,0.0005787217,-0.00086746225,0.0017873592,0.0049935435
2013-01-10,0.0020008748,0.0016765506,-0.0030809809,-0.0005652932,0.0047922395,0.0028340784,0.0016127167,0.0008370803,0.0023981198,0.0010193452,-0.00038580436,0.00013195405,0.00083147787,0.0011745637,-0.0035544892,0.0012454968,0.003952163,0.0,-0.0020838515,-0.0007405767
2013-01-11,0.0050853286,0.003345895,0.002669393,0.0057725995,0.0,0.0017183233,-0.0016290519,0.0,-0.0026507163,0.00043943344,-0.0020434354,-0.000296965,0.002763022,0.0,-0.0011216906,0.002019999,0.0045149117,0.0,-0.0020344385,-0.0013096023
2013-01-14,0.0039005314,0.0006797065,0.01587562,0.0032605263,0.00050682644,-0.0015276842,0.0020766263,-0.0010844038,-0.0021255652,0.0045206333,0.0019984134,0.0024997748,0.0014764545,0.00038199726,0.00043481615,0.0013217527,0.0024369957,-0.0010480296,-0.0016905917,0.0013906222
2013-01-15,-0.0009798192,0.0010303463,0.016390232,0.0032081383,0.0028225211,0.0029652826,0.0049549034,0.0006941861,0.0022674717,0.0023823637,0.0019295408,0.0004962953,0.0,0.0,0.0055198255,0.0,0.0016133029,0.004007389,-0.0007447298,0.0028505353
2013-01-16,0.002364725,-0.00068213075,0.0050238455,0.0044009523,0.00029413836,0.0025112699,0.00244785,-0.0006574049,-0.0011125836,0.0030806111,-3.0940748e-05,0.0010427745,0.0005365779,-5.100176e-05,0.0018435215,0.00018923602,0.001872636,0.0010823527,0.00037630455,0.004754807
2013-01-17,0.0074744257,0.0,0.009060687,0.0017216105,0.0040080524,0.0027118549,-8.425828e-05,-0.0005527057,0.0019704348,0.00013831405,0.001595675,0.0011009247,-6.246677e-06,0.0024579342,0.0020237775,0.0028273775,6.669734e-05,0.0006099753,-0.0004371953,0.0007790778
2013-01-18,0.002043038,0.0025044584,-0.0016113529,0.0018182839,0.005809768,0.0026596978,-0.0010469804,0.0005147382,0.005568045,0.0,0.0021710366,-9.089206e-05,0.0005105736,0.0035976286,-0.0010722869,-0.00017662166,-0.0015802714,0.003949381,-0.0024410468,-0.0014204385
2013-01-21,0.004120427,0.0048345653,0.0066046603,0.0021942703,0.0018224769,0.00084761,0.0017392165,-0.001204168,0.009008926,-0.00078025344,0.0003900218,0.00013468169,6.0265975e-05,0.0037382827,0.005503684,0.00095293345,9.3152616e-05,0.0018293244,0.0010234454,-0.0024537556
2013-01-22,0.0040265564,0.001623624,0.002641315,0.0,0.0044513466,0.003706878,0.00042766036,0.00075555465,0.0032826692,0.0029152962,0.0021128666,0.0037803089,0.00030152267,0.00051847904,0.0016773243,0.0032594893,-0.0003038481,-0.000520979,0.0024386377,0.00039640302
2013-01-23,-0.0017904649,0.0045862724,-0.0025142976,-0.00016308493,0.013226161,0.0011822887,0.0,-0.001576901,-0.0006733709,0.0051919767,-0.0018973314,0.00367405,-0.00078225136,-0.00096712,-0.002208271,0.0024047585,-0.0020359184,0.00010047025,0.0026964126,0.00077008916
2013-01-24,0.0043331673,0.0010209988,0.0,-0.0021944088,0.004512488,0.0036024305,0.0027800049,-0.00072714855,0.0011140408,0.0035990332,0.0010891019,0.001377889,-0.00039132938,-0.00084398396,0.00021797448,0.003528971,0.004768384,0.0018147839,0.0022727742,0.0011655093
2013-01-25,0.003259285,0.0022107535,-0.00027555664,0.0036194264,0.0,0.0010216885,0.0051100818,0.005753137,0.0013790878,0.0036920004,0.0022008163,0.0023784451,-0.0035739786,0.008629804,-0.0010203728,0.015252987,0.0022430941,0.0007729075,0.0033116306,0.0040337644
2013-01-28,-0.0021142096,0.0009801587,0.0060504624,0.0010887228,0.005439218,0.0026799617,0.0047558164,0.0037177266,-0.00028660864,-0.0005583108,-0.001384385,0.001722817,-0.0004576364,0.010974813,-0.0002866066,0.0037588677,0.0036371772,-0.0017154217,0.0026085754,-0.00298407
2013-01-29,-0.00070114096,0.0015966984,0.0035849928,0.0010913203,0.005557316,0.0015297774,0.004294313,0.006333479,0.00073450746,-0.00075966853,-0.0014427771,0.0024983655,0.0025933553,0.0047701118,0.009577272,0.0021937026,0.0019394837,0.00019239662,0.0033943756,0.0077978503
2013-01-30,0.0013747206,0.003845232,0.0020278683,0.0009760442,0.0012199291,0.0032841894,0.00686396,0.0016446643,0.003197046,0.0013336745,0.0018735874,0.0010901811,0.00067621947,0.002705834,0.0057771835,0.00090493093,0.0020187348,0.0021460422,6.666697e-06,0.004364153
2013-01-31,0.0031837076,0.0054679867,0.0036657045,0.002003406,4.8639286e-05,0.0010353521,0.0049698018,0.0020908315,0.0061685964,0.00093032775,0.0037864428,0.0013125221,-3.1701198e-05,0.007831623,0.0037987824,0.0028728882,0.00068674824,0.0,0.00012579779,-0.0047407616
2013-02-01,-0.002197077,0.0023592564,0.0035011377,0.0016874516,0.0016371772,0.0008565233,0.0031182084,-0.00020061042,0.001728224,0.0025117595,0.0030187336,0.0014310528,0.00039416386,0.0017328289,0.0026697584,0.0022864554,0.00097141025,0.0007832683,-0.002027763,0.0020183057
2013-02-04,0.0011973538,5.9202855e-05,0.005415994,0.0027275805,0.005967346,-0.0014629153,0.0018081653,0.0030789843,0.0027655112,0.0020181339,0.0024027112,0.0014353686,0.002686877,0.004186721,0.0033267417,0.001096921,0.0016009825,0.0012406644,0.00010958692,0.0034535665
2013-02-05,0.00023157815,-0.0026041477,0.0010171966,0.0013220763,0.000830331,-0.00046924397,0.004858324,0.006025277,-0.0012220421,0.0,-0.0009619145,-0.00056122633,-0.00052918855,0.0057250946,0.0022276577,0.0016449363,0.00038511146,0.001648188,-0.0013660489,0.0063179657
2013-02-06,-1.7510461e-05,0.00094302784,0.0044901134,0.0025881825,-0.00038061826,0.0011779682,0.0028362342,0.0020680774,-0.0020103606,0.00035535058,0.0009822504,0.00062659156,0.0026610936,0.005549987,-0.006754325,0.0034961689,-0.0007323136,0.0033129991,0.0029220053,0.005183828
2013-02-07,-0.0013644053,0.0017486665,0.0045003803,0.003605716,-0.0013221377,0.0,-0.00025232957,0.0008994468,0.007162321,1.7769117e-06,0.00740401,0.00012690962,0.0023184863,0.0065669427,-0.00029409185,0.002051877,0.0011132988,0.0039515463,0.005566866,0.0036579173
2013-02-08,-0.0020417883,-0.00096890185,0.0013335677,-0.0006822231,0.000713415,0.0026328065,0.0035784456,0.000993838,0.0,-0.00076160376,0.0053982106,-0.000682625,0.0,0.0004920542,0.002079083,0.0017972131,0.0038343584,0.0015451846,0.0028328819,0.0028626283
2013-02-11,0.0041943863,-0.0007352354,0.004631495,0.00018025671,0.0061318157,0.0008202276,0.0022759878,-0.0027779401,-0.029455008,0.0027183725,0.00019537818,-0.00043648528,-0.0026298817,0.0018561761,0.0,-5.140468e-05,0.0039831633,-2.7872654e-06,0.0016283458,0.0023896466
2013-02-12,0.000308761,-0.0012280232,-0.0035620388,-0.0021823184,0.0024404956,0.0007578469,0.0017329217,0.0022130108,0.0009932761,0.0024384905,0.0017801629,0.00023040023,-0.00047712083,0.00506756,0.0012562901,0.0013363682,-0.00060181756,0.0005773683,0.0031525586,0.0038662974
2013-02-13,0.0039580464,-0.00024593805,0.005266745,0.001220012,-0.0008732065,-0.000324602,0.0017218622,0.0014126188,0.0021889461,0.0019490338,0.0044519496,0.0020086323,-0.0028693106,-0.0012561479,-0.000113989416,-0.0012612615,-0.001142995,-8.0801015e-05,0.00034654848,0.0025229976
2013-02-14,0.0039931275,-0.0002885127,-0.00053092005,-0.0073605296,0.00046182048,0.0015975733,-0.00395745,-0.0006228794,0.0077985697,0.0032276933,-0.002930305,0.0012586503,0.00056016195,0.0028175826,0.0054593356,0.00060882396,0.0,0.0028300425,0.0,-0.0040370985
2013-02-15,0.00069148117,0.0035655806,0.004353583,0.0022960028,-0.00092299277,0.0013558748,0.0025721001,0.0003627306,0.002167154,0.0025015825,0.0011084592,0.0023809166,0.0003226721,0.0016241024,0.0038035281,0.0026269448,0.0003130081,0.0034458877,-0.0014735904,0.0009296774
2013-02-18,0.0032270513,0.0036130792,-0.002696389,0.00042544483,-0.00036323725,0.0007261092,0.0024157343,0.0053393403,0.001407032,0.0040023364,0.002147804,0.0016321146,0.0012408767,0.002368046,0.0039160214,0.0043485537,0.0008803831,0.005924039,0.00013018351,0.0008259187
2013-02-19,0.009205799,0.004484854,0.0012034356,0.0,0.00052047626,0.0034147657,-0.0020753646,0.0010354609,-0.0034453522,0.0022780823,-0.000766769,-0.0003533673,0.0015802273,0.0030092213,0.003601015,-0.0009151935,-0.0005771677,0.0020538566,-0.0014876844,0.004003843
2013-02-20,0.004164419,0.0026856372,0.0025072205,0.0025320614,0.0012727953,0.00028428284,-0.0025187535,0.00095901964,0.0013813556,0.0045298897,0.0009463611,0.001405171,0.0018893307,0.002228209,0.0029602766,-0.00049581524,-0.00042023737,0.0015665905,-0.0003332677,0.0013923112
2013-02-21,0.004009424,0.0034695845,0.000305626,0.0007320118,0.0036817251,-0.00026689208,0.001540458,-0.00049137766,-0.0004888283,0.0030169517,-0.00024256494,0.0005288179,0.0014448956,0.0021891561,0.0016243224,0.0011110863,0.0008965142,0.0,-0.000775247,0.00049988064
2013-02-22,0.004695559,0.0019039434,0.0019823993,0.0032516036,0.003804402,0.0019994252,0.0023391503,0.00078571425,0.0012935892,0.0016253544,0.0011291772,0.0024801455,0.0006433315,0.0027186223,0.00090058515,-0.0010220681,0.0021079471,0.0005226507,-0.0035878,0.0007843815
2013-02-25,0.001377526,0.0045106057,0.0037210828,0.002034109,0.005252799,-0.0012986702,0.0062459726,0.0013923552,0.0030309914,0.0010701955,0.0055725216,0.0005048726,0.002179066,0.00053742307,0.00089945033,0.00057299336,-0.0016512801,0.00073706126,-0.00026089576,0.0025731698
2013-02-26,0.0035310937,0.003361263,0.00163977,0.0009199917,0.0032278462,0.0,0.0036649206,0.0047280947,0.0007902752,0.00080535957,0.001421997,0.0,0.003603007,0.0,-0.00070268405,0.002674653,0.000123694,0.00021649797,0.00070961716,0.0041979253
2013-02-27,-0.00033381945,0.003910012,0.008602606,0.0008270829,0.00034612228,0.0014649947,0.0022375807,0.0012565606,0.00021633084,0.0017531974,0.0032721867,0.000789635,0.0027272173,0.0024289505,0.00020278162,0.0026382455,0.0019115288,0.00021557945,0.0018234876,0.002521094
2013-02-28,0.001656708,0.0020218813,0.004406093,0.0013930979,-0.0010345716,0.00038754192,-0.0017679052,0.005952763,-0.0023365188,0.0008260338,0.0031728633,-0.0012090922,0.0009320746,0.00068979105,0.0026958098,0.0026459878,0.0020309165,0.0,0.0036089425,0.0007994948
2013-03-01,0.001913072,0.0019843911,0.012060394,0.0025064123,0.0005998806,0.00086087396,-0.0017837135,0.007439788,0.0049281274,0.00067298947,0.0013142901,0.001889555,0.0001846439,0.004775625,-0.001144734,0.00049435,0.0026828495,0.0016599934,0.0006894487,0.0025798995
2013-03-04,-0.001222064,0.0013610146,0.0031017608,0.0012657327,0.0001271329,0.001987716,-0.0017379146,0.0042168987,-0.0015837683,-0.00023600286,0.00050965016,0.0041452562,-0.0012106741,0.002685243,0.0018536753,0.00022510345,0.0010489548,0.0017274595,-0.0018145926,0.0023753685
2013-03-05,0.0024236883,0.0048284144,0.0040273904,0.0021443756,0.00065776176,0.0011122535,-0.003589565,0.0014151769,-0.0023491196,0.00641712,-0.0016359192,0.0023475986,0.001183699,0.00085461215,0.002200918,-0.0015248614,-0.0015153573,0.0027882787,0.0014449648,0.0028793907
2013-03-06,0.0028373282,0.0018308049,0.0003144031,0.0013240307,0.0038160072,-0.0012958793,-8.014575e-05,0.0013186624,0.0015551752,0.0021068072,0.00062465074,0.0037511715,0.00316194,-0.0005260763,0.00029167387,0.00038443872,0.0021412903,0.0038651596,0.0041987486,-0.0029841657
2013-03-07,0.001567417,0.0015788069,0.0037319984,0.0018510937,0.0040569007,-5.9365833e-05,0.0014528106,0.004476014,0.0014224413,-0.0028379818,0.00039633524,0.004131579,0.001724575,-0.0023418053,0.0024800363,0.002724189,0.0027486659,0.003799679,0.002987949,0.00079079415
2013-03-08,0.000856067,0.0021286812,-0.00011413924,0.00070364494,0.001348788,-0.0025340288,0.001192701,0.003580552,0.004026899,-0.002764014,0.0018340414,0.00229052,0.0004128489,0.0,0.002285458,-0.0007130057,0.001922791,0.0010199606,0.00054081535,0.0032157237
2013-03-11,0.0018038796,0.0014737513,-0.0002895739,0.000905849,0.0024499092,0.0013804188,0.0026743547,0.0029642147,0.0014609584,0.002142411,-6.602385e-05,-0.00082989037,0.003414749,0.0012582797,-0.00028170165,0.0018278465,-0.0017931567,-0.00016581999,0.002690585,-0.0036832087
2013-03-12,-0.00026838813,0.00025138512,-0.0011176828,0.0014703799,0.0013115443,0.0026608238,0.0026143026,0.0008978431,0.003931798,0.0022440671,0.0003015501,0.0011141308,0.0010553317,0.0019728048,-0.0031622064,0.000764533,-0.0016223942,0.0015608973,0.0044742576,-0.0036858763
2013-03-13,0.0012585055,0.013959767,-0.00028651574,-0.00096895767,0.0013085204,0.0014678943,0.0044624475,0.003319762,0.00837511,0.00085272925,0.0012744211,0.0008144637,0.00074953475,0.0016907798,-0.0006391061,-0.0010015443,0.0018537908,0.0038878617,0.0025453207,0.0015353286
2013-03-14,0.0001586376,0.003558327,0.005402451,0.0011260598,0.0043637375,0.0012602492,0.0025193403,0.0018543879,0.0015095667,0.00030203044,0.00010394909,0.0020157916,0.0019673256,0.0016192459,-0.0014953003,-0.0010979356,0.0023234587,0.0032435593,0.0029895012,-0.00435836
2013-03-15,0.0037476094,-0.0024048379,0.004888167,0.0034511166,0.00082718447,0.0032660565,-0.0002295741,-0.0014126316,0.0047723744,0.0,0.0007048545,0.0028577002,0.00241087,-0.0015718017,-0.0014717192,0.0013790709,0.0004045887,0.00079718314,-0.00078224594,-0.0034364315
2013-03-18,-0.0009685109,-0.0012527496,-0.0047765276,0.0022629616,0.0016379653,0.0020619973,0.00034399366,0.000683636,0.0009335831,-0.0015859065,-8.430844e-06,0.0024559393,-0.0015357473,7.90737e-06,0.0032596374,-0.003481201,0.00036056238,0.0011054901,0.00088004186,-0.0017709673
2013-03-19,-0.0034593556,-3.2554826e-06,-0.0018391128,0.0006923272,0.0009053697,0.00013145093,-0.0009831366,0.0016455053,0.0009261553,0.0,-0.0026166022,0.0,0.002203233,0.00071879633,0.0040578623,0.0033579445,0.004881129,0.00053273764,0.0008483057,-0.0028959056
2013-03-20,-0.0017725852,0.003825501,-0.00051909144,0.0012847908,0.00336412,0.0025125232,0.0,0.0011445989,0.0,0.0017016599,0.0021237098,0.00048448014,0.004466838,0.0008393618,0.0055812174,0.0024612285,0.0014803554,0.0,-0.000173825,-0.0031300338
2013-03-21,-0.0017603397,0.004400996,0.004950688,-0.00018560793,-0.00084132375,0.0017105837,0.00022287399,0.002924967,0.0020287489,0.00016395026,0.0021252288,0.00037471013,0.004911434,0.00014519035,0.0062133274,0.0047854017,0.0,0.0011848926,0.0002287404,0.00062913576
2013-03-22,-0.0047920225,0.011079478,-0.0008230236,0.0007868248,0.0021855144,0.0017315414,-0.00043931202,0.0031376947,0.0034636862,0.00037179486,2.0815174e-05,0.0026249127,0.0013987854,0.0014320102,0.008731574,0.0016716253,0.0014900421,0.0026473512,0.0019100013,-0.00032559774
2013-03-25,0.0071533835,0.0087605165,0.002787495,-0.0007046775,0.0052039605,0.0017293365,0.00049776817,0.0024466712,0.011758363,-0.00013841096,0.00042985144,0.00089478976,-0.00045385238,0.00049520814,0.0021149612,0.0035500715,-0.0019254588,-0.0029011301,0.0025266635,-0.005081471
2013-03-26,0.0056950683,0.0062009697,0.0048386427,0.0007348674,0.004186119,0.0010640242,0.0027189457,0.0016028023,0.0017906447,0.0017493427,0.0021290907,-0.0019732467,-0.00046384774,-0.00079980906,-0.0030660639,0.0041105393,0.004533029,-0.0017551018,0.0024456,-0.0009899904
2013-03-27,0.0026334932,0.0010171415,0.0038397592,-0.0006041138,0.0013352641,0.0,0.0015712469,0.0019546729,0.0004555298,-0.0008103896,0.002360576,-0.0036507854,0.0,0.0,0.0014672386,0.00086573965,-0.0005059527,-0.0021522075,0.0014530155,0.0069548087
2013-03-28,0.001048055,0.0033382352,0.0020203765,0.00037634873,-0.0050712614,0.00062745536,0.00073600543,-0.0020860324,-0.001811103,-0.0011941814,0.0019020735,0.0,0.0,0.00038005353,0.001911789,0.00097295654,0.0,-0.0059341625,0.0029821189,0.0014345372
2013-03-29,0.002498862,-5.5216275e-05,0.0024355927,0.0020832913,0.0021148513,0.0024444538,0.004764965,-0.00043106268,0.00035978324,-2.6977694e-05,0.0022967176,0.003768207,0.0,0.00063071575,0.0022169307,0.0010792604,0.0021761581,-0.0030836891,0.000828064,0.009364361
2013-04-01,-0.0017410691,-0.00048425022,-0.0026942182,0.000110865156,0.0035445052,0.0019089052,0.0017765573,-0.0017061465,0.0017172688,0.0032833873,0.001292503,0.002547571,0.0010184423,0.00030808305,0.0046096495,0.0015713517,0.00052028825,0.0015978572,-0.002003715,0.0028031461
2013-04-02,0.001611103,0.0018502296,0.0016595975,0.001396819,-0.0010672428,-0.0034864561,0.007133924,0.0032051683,-0.0028304032,-0.0009026901,0.0012591538,0.0004565158,-0.0024468948,0.003683676,0.0020539854,0.0025502145,0.005895529,0.0030429508,0.0048527406,-0.00097526365
2013-04-03,0.005774445,0.0014205887,0.0024440272,0.0011376407,0.0007576749,-0.0023862969,0.004480638,0.012015605,0.0001942757,0.00036140878,0.00014008966,-0.00060357974,-0.0039035222,0.00089519547,0.00021225937,0.0019452892,0.0012699267,-0.001221096,0.00061184255,0.0
2013-04-04,0.0021599554,0.0,0.0023124747,-0.0004355874,0.0022216523,-0.00077062857,0.003446137,0.006511692,0.0010189419,0.0020138875,0.0015506806,-0.0028453984,0.00012170039,0.0019620263,0.001505983,0.0,0.0054039415,-0.0010972205,0.0,-0.0010145643
2013-04-05,0.001974714,0.00036554012,0.0,0.0008982105,0.0004959143,-0.00022989284,0.0027252862,0.004057407,0.0031617202,0.0039833337,0.0016408991,0.0010432483,0.0033209021,0.003346491,0.0014718496,0.0006333241,0.0008128524,0.0015332645,-0.00013361375,-0.003064467
2013-04-08,0.0010775762,-0.0008394834,-0.0022714157,0.00052698335,0.004220586,-0.0017921209,-0.0037967444,0.0036899482,0.0024647275,0.0006186904,0.0030676182,0.004197978,0.0021767246,0.0005741892,-0.00016585906,0.0025832397,0.0029231734,0.00493687,-0.0028535645,0.0071246275
2013-04-09,0.0008136772,0.00021612282,0.000138297,0.00039964338,0.002619639,0.0,-0.0014587444,0.0055678394,-0.0005493488,0.0014867451,0.0012017369,0.005133347,0.002826514,0.0041737845,0.0015402487,0.0037012696,5.143612e-05,0.0034458537,-0.0049304254,0.0051959907
2013-04-10,0.0064036846,0.0020144267,-0.0007185162,0.00054553704,0.0025551554,-0.0036274132,-0.0022813606,0.0,-0.0012121222,0.00094399636,0.0010907785,0.010470305,0.00072239194,-0.0011873898,0.0,0.0034104595,0.0,0.0031303624,0.0007553776,0.0011687893
2013-04-11,0.00081443804,-0.00031970808,0.0027188894,0.00088762556,0.00085714355,0.00047916334,-0.0023814896,0.0020582937,0.005182021,-0.00035138716,0.0013607048,0.0013757679,0.0018021778,0.0030056534,0.000813262,0.0013792438,0.00076927,0.0008982584,0.0011821053,0.0004748107
2013-04-12,0.00035483224,-0.001818647,0.003899115,0.0012946344,-0.0015854986,0.0005044045,0.0045377202,0.00021850316,0.0008060427,-0.00025204022,0.0019510749,3.239613e-05,0.0051643215,0.001382835,0.001003153,0.0036199081,0.0012628388,-0.0026039134,0.0038619488,0.0006023187
2013-04-15,-0.0015710281,0.0017527121,7.2279676e-05,0.0015660673,0.002051691,-0.0023027374,0.002339008,0.0015146307,0.0056968597,0.002326462,0.0019941707,-0.0003295222,0.00060454756,0.005527383,0.0013812905,0.00077614776,0.003536266,-0.0016991028,0.0026652527,-0.002650483
2013-04-16,0.005451278,0.004214225,0.0037920582,0.00081415224,0.0016189214,-0.0013458926,0.0016859339,-0.00075570354,0.0038818903,0.0012893308,0.0017902259,0.0020203784,0.00010130852,0.0030545245,0.0017167702,0.0030185173,0.0038395254,-0.0010679696,0.0029203047,-0.00069391006
2013-04-17,0.0028295578,0.0034043563,0.0010922153,-0.0005290855,0.0029217356,-0.0011608616,0.0029724115,-0.0016209661,0.0042415527,-1.5412563e-05,0.0017535363,0.001337942,0.004025665,0.000246308,0.0038403398,0.0051359357,0.0037470097,0.00017350982,4.9837316e-05,0.0
2013-04-18,0.00028968017,0.0024791602,0.00047498287,0.00071431795,0.0026411475,0.0028507505,0.004122546,0.0005787785,0.011899508,0.0010331279,0.00040090026,0.00598291,-0.0007592231,0.00596469,0.0031891072,0.0017175057,-0.00016819066,0.0012264801,-0.0014255078,0.0017421889
2013-04-19,-0.0008376951,-0.0024331938,0.0012666006,7.502428e-05,0.0,0.0022450162,0.0021393716,0.004205995,0.0023014995,0.0001604785,-0.0006031662,0.0038627414,0.003452763,0.002006792,0.0023294946,0.0014493974,-0.0018733661,-0.00055568974,4.5355423e-06,0.00079875
2013-04-22,0.0041788123,-0.0010628629,-0.0012651442,0.00063854695,-0.0020734603,0.0017196526,0.0026849243,0.0027311672,0.002816688,0.0023696334,0.0015008162,0.008742144,-0.0010347904,-0.009048204,0.00022061083,0.0026626736,3.8519e-05,0.00026350853,-0.0010709997,0.0022666252
2013-04-23,0.0,0.004905845,-0.001730758,0.001101782,0.0010655159,-0.0006943013,0.0025326228,0.0024402742,0.002197349,0.004216477,0.001778068,-0.0017334997,0.002544735,-0.0034269288,0.0023523336,0.0013573227,-9.1939e-05,0.0010843577,-0.00040314678,0.0067813993
2013-04-24,-0.0035715757,0.0012897789,0.0010484807,5.0942694e-05,0.003643826,0.0007428778,7.610081e-05,0.00683811,0.0026286652,0.0026575893,0.00045426437,-5.57098e-05,-0.00010301002,-0.0017568322,-0.0008253533,0.001168881,0.0006045307,-0.00043799522,0.0009144828,-0.00015000941
2013-04-25,0.0038773983,-0.0015259798,0.002521761,0.001305755,0.00021530932,0.0010160027,0.0031776181,0.005008161,0.003578143,-0.0010173267,0.0036290064,-0.0013391942,-0.0007440031,-0.0003222782,0.000895333,-0.00075895427,-0.001668901,9.937232e-05,0.0026852482,-0.0017498634
2013-04-26,0.0036707276,0.002993567,-0.001968311,0.0034372034,0.0026282254,0.00013161746,0.0024666728,-0.0037100199,-0.003931232,0.0014542234,0.0033420331,0.0016708635,0.0014087999,0.0037894414,0.0016840677,-0.0008772344,0.0026894223,0.0028016542,0.0027384474,0.00020007447
2013-04-29,0.0026006103,-0.0019172251,0.004261281,0.0060489536,0.0002073033,-0.00055805873,0.0007536953,0.0024959159,0.001962192,0.0001631448,0.00031738143,0.0031718297,0.0038555705,0.008906172,0.0017368092,-0.0026437927,0.0036232139,0.0021617867,0.0027853404,0.00207459
2013-04-30,0.0047521503,-0.0009476704,-0.0014380753,0.0010266032,-0.0011512868,0.0015183092,0.0011914629,0.00086289557,0.00029500003,-0.00015704522,0.0012256096,0.005946541,0.0014368314,0.0067519187,0.000993079,-0.0016580048,0.00059405627,-0.0012107766,0.0026296575,0.0
2013-05-01,0.0072034714,4.247903e-05,-3.5063968e-05,0.00208825,0.001431227,0.003210809,0.0013176539,-0.0009425605,-0.0015997161,0.00072541425,0.0016347064,0.0025924053,7.5422526e-05,0.002346078,0.0018019911,-0.0025290896,0.00068180094,0.00024646276,0.002830416,-0.0008576017
2013-05-02,0.0013814573,-0.0029490453,-0.00013832243,0.0031353845,0.00038330434,0.0046700845,0.0010683346,-0.0033226241,0.0053710463,0.0013293064,0.0010976611,0.0038934718,0.0027533066,0.0030096006,-0.001043419,-0.0003258468,0.004155298,0.0,0.0032896562,0.0043248576
2013-05-03,0.0,-0.0016304274,-0.0072016735,0.0010935976,-5.344347e-05,0.0030470884,0.0016640231,0.00025526955,0.001544959,0.0029339101,0.001069119,0.0016253262,0.003270799,0.0038183383,0.0021083876,0.0018483843,0.001019206,0.0022810232,0.004087958,0.0019438509
2013-05-06,-0.0005935577,0.0010828909,-0.0022512998,0.0023621463,0.0033446276,0.0014279041,0.0027341626,0.0011402147,0.0066208513,-0.00052773114,-0.00060889777,0.0038133664,0.00065017724,0.0010915564,0.00094548834,0.004393104,0.0025714955,-0.00029776193,-0.00026115714,0.0009926477
2013-05-07,-0.0002906318,0.005449658,-0.0044578654,0.0010003074,0.005004334,0.0030454916,0.00076296215,0.0023695105,0.0055109374,0.00069767155,0.0007236415,0.0046028686,0.002211194,0.0035237572,0.0015627086,0.0030847932,0.0031223793,0.0007689584,0.0017727019,0.003327235
2013-05-08,0.0042608087,0.0073295156,0.00012425955,-0.00055693154,0.006407703,0.0011388509,0.0011259567,0.0032371671,-0.001283324,0.0022980059,0.00031131523,0.0030781203,0.0017607887,0.0027034648,0.0011308166,0.0009352723,-0.0019160758,0.00027072208,0.00096864894,0.00038963597
2013-05-09,0.002805668,0.0056315693,0.0006301249,0.0,0.001484719,0.001739497,0.0,0.0007333754,-0.0033269336,0.002077049,-0.00083752477,0.00038969054,0.0022196618,0.0018448341,0.0009037185,-0.0013579992,0.0048317946,0.00047727764,0.003570747,0.001901179
2013-05-10,-0.0019710192,0.0027702653,0.0055739675,-0.00023635525,0.002617214,0.0010248988,-0.00028815353,0.00010567919,-0.0017154757,0.00027222806,5.734019e-05,0.0032303927,0.0029115784,-0.002221453,0.003015647,0.001589861,0.006174242,0.0027932266,0.004769269,0.0032520008
2013-05-13,0.0052649523,0.0020271956,0.00021477303,0.0,0.002187227,0.0011719639,0.0,0.0011636401,-0.00086980354,0.0027017987,0.00031220473,0.00073351705,0.004146468,0.007989172,-0.00057577505,0.0021184157,0.0016182504,0.0034206258,0.0047654216,0.003080348
2013-05-14,0.002516199,0.0005884886,-0.0071800207,0.0013857128,-0.00013650746,0.0014589308,0.0019567653,0.0016785639,-0.0025573592,0.0036542069,-0.0024716833,-0.00066871225,0.0016210773,0.004906413,0.00012424216,-0.0013670364,0.0052067847,0.0013096739,0.0016977973,0.0011242123
2013-05-15,0.001153111,0.0005282232,-0.001429334,0.0010186436,0.00089601433,0.00066715985,0.0005417004,0.002716877,-0.00021302077,0.0021152936,0.0028319366,0.0018054171,0.002730198,-0.0018130678,-0.0008654571,0.0,0.0023171175,0.0010496019,0.0014124658,0.001123181
2013-05-16,0.0022025104,-0.0010857467,-0.0024740056,0.00043311474,-0.00090837677,0.0020454838,0.0008321421,0.0050207395,0.00487874,0.0024891077,0.0044492516,-0.0021984952,0.0019774565,0.0028356763,0.001596992,0.0,0.003270778,0.0020093801,0.003993694,0.0017005026
2013-05-17,0.0014353725,0.0030334173,0.0,0.0012065854,-0.0022015546,0.00037826906,0.00015231787,0.0006073888,0.0052560335,0.0007156062,0.0035007321,0.0008791314,0.0014712341,0.001246053,0.0037055034,0.0057328637,0.00071568857,0.0013645844,-0.0024426663,0.001510415
2013-05-20,0.00023135079,0.0004486657,0.0033057116,0.001147898,0.0018599108,0.0014734591,-0.0006309754,0.0,0.0066204043,0.001814965,0.0009938721,0.00039889908,0.0036030957,0.0010951314,0.001878031,0.0022060953,0.0024064977,0.004024264,-0.00028552947,0.0021769654
2013-05-21,0.0054043173,-0.0015973039,-0.00013019005,0.00089110987,-0.0020385375,0.00033535564,-0.0004470843,0.0,-0.0015699925,0.0012214129,0.0022781251,-0.003780376,0.0006876373,-0.001701508,0.00055897515,0.0022912875,0.00087938353,0.0019118182,0.0017549273,0.0025264001
2013-05-22,0.002497714,0.0026627104,0.0021885098,0.0013852207,-0.00048002866,-0.00021317539,0.006565127,-0.007850831,-0.0033404548,0.0038091105,0.0038127315,0.00089222606,0.0,0.0062076934,0.005402067,0.0021917343,0.002424605,0.0,0.0009385654,0.0045632343
2013-05-23,0.0015682481,0.0014089313,0.0015561121,0.002433615,0.0012241107,0.0009941848,0.0032548232,-0.0017092441,0.00817448,0.00037588493,0.001481961,0.0010957462,0.0,0.0045040227,0.004008379,0.0013089264,0.0014752385,0.0,0.0033233603,0.0025434273
2013-05-24,0.0015247365,0.0010506454,-0.0025534078,0.0011668167,0.0036948624,0.0010173871,0.0025236155,-0.0012752038,0.041555777,0.00030874275,0.0006864264,0.0037713759,-0.0014749323,0.008045964,0.001948197,0.0026553718,0.003225202,0.0013843739,-0.000532779,0.00060193683
2013-05-27,0.0015593736,0.0017768238,-0.0074614664,0.0023028094,0.0017172929,5.366008e-05,0.00015785212,0.0057288376,0.0072381534,0.003045835,0.003229471,0.0040197484,0.0014979637,0.00037389316,0.0009351768,0.0010178154,0.0011276322,0.0020202734,0.0,-0.0015676334
2013-05-28,-0.0010905972,0.00078245794,0.000908787,0.0017554937,0.0019110222,0.0005765863,0.0021982193,0.0058714575,-0.005566196,-0.00016619392,0.0013067422,0.0073608453,0.0005537164,0.0024175434,-0.0005945167,0.0013569349,0.0010354299,9.052787e-05,-0.0016823899,0.0
2013-05-29,0.0010999491,0.008448658,0.002808992,0.000739565,0.005850445,0.00078539783,0.0019807292,0.003650868,-0.0041902,0.0022881993,0.0019004955,0.0036483624,0.0019702953,0.004769627,0.00051444926,0.0002193865,0.00045743966,0.0029037725,-8.5213374e-05,0.009059734
2013-05-30,0.003685691,0.004893125,0.0005528283,0.0012984066,0.0037209687,0.0013255738,0.0022469135,-0.001482139,-0.0010167446,0.0,0.0013094447,-0.0025024845,0.0018584372,0.0032131195,-0.0023436053,-0.0007801231,-0.0015639323,0.0014357464,0.0036348032,0.0048408853
2013-05-31,0.0017645812,0.0012675045,0.0015835434,0.00285805,0.0009233742,0.0026053952,0.0011970008,-0.0029463288,0.0040286076,0.0013745921,0.0002236029,-0.0005705205,0.00031067166,0.010072517,0.0012920575,0.0015354393,0.00057365873,0.0011429897,0.002701062,0.0034170842
2013-06-03,0.00684995,0.008653805,0.005671832,0.0001967525,0.0028475504,0.00041875825,-0.0018446564,0.004068697,0.0005923486,-0.0020419376,0.0024756442,0.0,0.00051306543,0.0006153076,0.001522043,0.0031320995,0.0015959577,0.0018487779,-0.0004338625,0.0039281794
2013-06-04,0.0010271152,0.0036008395,0.00019726282,0.0004495966,-0.0008105877,-0.00013944328,0.0015364405,0.004185709,0.009644865,0.0009810174,0.004406474,-0.00046569543,-0.00062116195,-0.0005294476,0.0007627197,0.00064547034,0.00035727027,0.0013031384,0.0010589606,0.004476773
2013-06-05,0.0006458633,0.00023188423,0.0002794643,0.00059441506,0.0011120494,-0.0008652331,0.0016266968,0.003753252,0.0012693089,0.00011622078,0.0027947687,-0.0018934746,0.0012571189,-0.0034535003,0.00084924797,-0.0019642648,0.00091108226,6.233511e-05,-0.00052691525,0.0034406
2013-06-06,-0.0006868599,0.001092291,0.0008913251,0.0028724459,0.002343286,0.0040001534,-0.0062596793,0.0027038793,0.0061766403,0.001678509,0.000756281,0.0018030121,0.0011146871,0.002852627,0.0004961841,0.0013241397,0.0003002091,0.0025379087,0.003624714,4.8144084e-05
2013-06-07,0.0017118579,-0.00071519334,0.01098863,0.00087307335,-0.0011989197,0.0028255666,-0.0023749343,0.0011770545,0.0031115615,0.0005486799,0.000914228,0.00021077746,0.00829507,0.0066325846,0.0023343323,-0.0003463493,0.0,0.0014580095,0.0028568923,-0.0008464266
2013-06-10,0.0019001935,-0.0016191863,0.005423306,-0.0004778129,-0.0016690902,0.00042361874,0.0011297959,-0.00028031133,0.008952611,0.001735136,0.0030156416,0.0010307238,0.0,0.0041687745,0.00072973396,-0.0012020821,0.00014655323,-0.0015264236,0.0018193326,-0.0020448442
2013-06-11,0.0013129503,0.0024722097,0.0,0.0018096007,-0.0023519502,0.0017119278,0.0009280616,0.0022323553,-0.0016856136,0.00034608584,-0.0005680508,0.0011467889,0.0048283422,0.0038881944,-0.0014454428,0.0016209501,0.0013107717,-0.00020066997,0.0020049957,0.0022985511
2013-06-12,0.0011328779,0.0019947414,0.0006923844,0.00023480816,0.00097579265,0.001464966,0.0054072444,-0.0004686885,0.0032410475,0.00044176087,-0.00052807236,0.004644041,0.00013275463,0.0016009851,-0.00020589998,-0.0003618185,0.0034988814,0.0010475453,0.0018464432,0.0067169056
2013-06-13,0.00091050426,0.0007045993,-0.0015268219,0.0012706681,0.0021958428,0.0015609093,0.002111567,0.003880274,-0.0030979998,0.00038913116,0.0032729355,0.002317739,0.003800742,-0.0015643517,0.00072158873,0.0039536427,0.0002267532,0.0020254462,0.0003606432,0.0055281436
2013-06-14,0.0025084675,-0.0010663791,0.0,0.0023695154,-0.0012698309,0.0023388697,-0.0021579822,0.0012056205,0.0004290924,0.0013858381,0.0058496543,0.0003477897,0.00093457615,0.00015965321,0.00048674093,0.0067436052,0.0014792834,6.478576e-05,0.0007369344,0.004781723
2013-06-17,0.0025667592,0.002257258,0.0030732434,0.00018180447,-0.0010102416,0.0017070732,-0.0062921713,0.001558347,0.003225633,-0.00011422993,0.00062548055,0.0019286189,0.000990882,0.00046584007,2.0600459e-05,0.004626068,0.0010044883,-3.4542478e-05,-0.00087655836,0.0045577968
2013-06-18,0.000828545,0.002777254,0.0010295216,-5.524004e-05,0.0017411839,0.002418521,0.004472049,0.0013082123,-0.00020814256,0.0021046062,0.0030256698,0.0015726223,0.0014355518,0.0,0.001371888,0.0028092465,0.00029721964,0.0022251138,-0.000875418,-0.0019880675
2013-06-19,0.0005265403,0.0019463472,-0.0007845411,0.0009679935,-0.0008352487,0.0020881118,0.0055705262,0.001764412,0.00091575115,0.0010535828,0.0016848019,0.0027027358,-0.00035032854,0.0027969514,4.299738e-05,0.0010160041,0.0017548011,0.0022636473,0.00037355645,0.010359425
2013-06-20,-0.00086563895,0.0042324346,0.0018290117,0.0031803728,0.0014711295,0.0023421727,0.0014254352,-0.0024393392,0.00016162751,0.0026093696,0.0004921126,0.0039584623,-0.0003699079,0.0020330518,0.0011406931,0.00015849176,0.0,0.001129273,-0.0002916816,0.0022034908
2013-06-21,0.0011399979,0.0047325245,0.0030605437,0.001799726,0.001439834,-0.00025876387,0.00435776,0.0009971529,0.0044879583,0.0032496525,0.0014129393,0.005848917,0.0014288835,0.001588975,0.0026627611,0.0009324557,0.0010263349,0.0001483837,0.00124473,0.00043056274
2013-06-24,0.0016445903,0.0029173389,0.004906406,0.0001494723,0.0049180724,0.00011806831,0.0014153555,0.0042625596,0.00065307366,-0.0004564228,0.0018468053,0.00035003928,0.0004239132,0.0005457029,0.00087883056,0.0033138967,0.003524616,0.0018009193,0.00068857154,0.0011829769
2013-06-25,0.0021716454,0.0018963114,0.0029203682,0.0006293508,0.0062334486,0.0015202198,0.0073636104,0.0011102969,0.002368053,0.0013312658,0.002639766,-0.00021087557,8.708577e-05,0.00064236496,0.0019985172,0.0034276913,0.002234314,0.00026717375,-0.0024730307,0.0012938464
2013-06-26,0.001258985,0.004198147,0.0016580488,0.00017247406,0.003974,-0.0011025707,0.008280479,-0.0017456033,0.004661204,0.0042366995,0.0018180808,0.00034284205,0.0019890803,0.0029204276,0.0027557458,-5.09712e-05,0.0,0.00085225166,0.0013739561,0.002211354
2013-06-27,0.0014611857,0.0036032551,0.00992099,0.00017205764,0.0007644569,-0.0015801903,0.0021421849,0.0032301394,0.003635706,0.0016711671,0.0033229326,-0.0011865163,0.0041189916,0.0070922934,0.0005177763,0.006490085,0.00041830074,0.002620029,0.0025956032,0.013218993
2013-06-28,-0.0014263439,0.0009964124,0.004000893,0.00038168934,0.0027421587,0.00047488528,0.0020116814,0.0074275443,0.0039368826,0.00080422015,0.0030775045,0.002306029,-0.002106034,0.00064810435,-0.00030678185,0.002598288,0.00085790927,0.0027274087,0.00025258574,0.0037880638
2013-07-01,0.00089682906,0.002870116,0.003883758,0.0025763148,0.002166089,0.00179649,-0.0011647898,0.009999791,0.004776782,0.007025762,0.019562678,0.0070922044,-0.0004938068,0.0044539412,-0.0014619465,0.0065823793,0.004468028,0.0014381845,0.003801399,0.0037319844
2013-07-02,-0.023032894,0.0049825055,0.0035690805,0.0014762189,0.0022037497,-0.007953969,-0.0028479942,0.0026901904,-0.0020384511,0.025023019,0.004815341,0.005794838,0.0049360925,0.0029188567,0.009945045,0.0019320704,0.0017135596,0.0007233217,0.0045818896,0.0017267003
2013-07-03,0.0,0.007325996,0.00088030833,0.002364557,0.0021280341,-0.0014412894,-0.011683767,0.0029128783,-0.0029519834,0.008291653,-0.000741709,0.0026377912,0.0011276897,0.004245869,0.0063255494,0.003661237,0.0,-0.0014232716,-0.00051281886,0.0005034995
2013-07-04,0.007132582,0.0066950377,0.002464927,-0.0025920533,0.0,-0.00089708384,-0.0017526437,0.0025163784,-0.0012246389,0.004826532,-0.00032443018,-0.0047010346,-3.0232328e-05,0.0016997692,0.0032532976,0.00093022024,0.016654128,-0.0018010006,-2.32601e-06,0.0
2013-07-05,0.022531403,0.004646137,0.0020437306,-0.0017333535,0.0007703791,-0.0008180263,0.00810775,0.0007091522,-0.002151159,0.0038006485,0.0022445011,0.0066420366,0.0013600033,-0.00076683436,0.00090760866,0.00067433476,0.0016842267,-0.00068554387,0.00042718634,0.0007741151
2013-07-08,0.008197803,0.0057540885,0.0019943397,0.0028184264,0.0009201898,0.0001329017,4.9670965e-05,0.0052132523,0.00816829,0.0013572454,0.0031552801,0.0040503466,0.0005987593,-0.0018454941,-0.0030475112,0.0007570888,0.0019593025,0.003698345,0.0,0.0039933217
2013-07-09,0.0024136596,0.005422476,0.0016016535,0.0025524464,0.0011891727,0.0033348538,0.0040455535,0.0015640586,0.004942992,-0.004394214,0.0027957421,0.0065834518,-0.000266041,-0.0031837553,0.0015395983,0.001095921,0.0011891184,0.0038305502,0.0022005462,0.0045089163
2013-07-10,0.00020014924,0.0060875793,-0.0006362292,0.0042067133,0.00052118266,0.00042344502,0.0013575663,0.0015867894,0.00012820848,0.00023826992,0.0035182105,0.0027737783,0.001999569,-0.0010026956,0.0029972526,0.00159977,-0.0020763527,0.0048969286,0.0,0.0074726767
2013-07-11,0.006036614,0.00037377197,0.000494775,0.001551544,0.00082563766,0.0033224192,0.0013972027,0.0017055242,0.0030030927,0.004241387,0.004273933,-0.0020594907,0.00015183083,-0.0016518326,0.0043382663,0.003697739,0.0,0.00295205,-5.915055e-05,0.0025722573
2013-07-12,-0.000113330636,0.0007949696,0.0016483291,0.00067212264,0.0002472781,0.0012244702,-0.0010697251,0.0038461103,0.000181384,-0.0007875139,0.0042246985,0.009837836,0.0,0.006934582,0.0022465745,0.0020371845,-0.00024410372,0.0015547157,0.0010289877,0.0031785597
2013-07-15,0.0012244161,0.0021707003,-0.00056653656,0.010089206,0.004821756,0.0011819149,0.0,0.0011334174,0.00038858014,0.0054114605,0.00021325286,0.0023749026,0.000112690665,-0.0012870313,0.0032771404,0.004481051,0.011273344,-0.001384081,0.0017459517,0.003714154
2013-07-16,0.005830181,0.0017097627,-0.00092693855,0.005514367,0.0030717026,-0.0008281803,0.00092521164,0.008325065,-0.0009547878,0.003843946,0.0013732526,0.0016847181,0.00016168776,-0.00054511934,0.0009366667,0.0023225774,0.0020048846,0.0023517201,0.0018735636,0.0042573363
2013-07-17,0.005225807,-0.0004488904,0.00067156676,0.004060412,0.00089741964,-0.0005762264,-0.0016104729,0.00014998086,0.00038391928,0.0033589527,0.0064682234,0.0,0.00064406486,-0.0015047052,-0.0010395714,0.004234304,0.0051073353,0.0,0.0028839887,0.001326821
2013-07-18,0.00047136596,-0.0024540534,0.00064261456,-0.0014867964,-0.0031478312,0.0021488986,0.0016124827,-0.0003239417,-0.0015398298,0.0019754916,1.4729766e-05,0.0008205101,-3.0640556e-05,0.0015563846,-0.0012880549,0.0011117195,0.0032719637,0.00063589023,0.0,0.0025245135
2013-07-19,0.005360676,0.0012654709,0.001298603,0.0009109061,-0.0019128126,0.0018161989,0.0,-0.00033045514,0.0031534412,0.0063865604,0.0017328731,0.0011369166,-0.00045882593,-0.000976417,-0.00046863226,0.0048777214,0.0056483094,0.0,0.002641441,0.005706163
2013-07-22,0.005857945,0.0019320644,0.0016486857,0.0016195204,-0.00027911927,0.00017247735,0.00082433346,0.005485799,0.0026595523,0.009471802,0.001378009,-0.0074746385,0.0010262665,-0.014154996,0.0032910148,0.002830658,0.002287062,0.0032897776,0.0019577486,-5.233281e-05
2013-07-23,0.00018416833,0.0006327535,0.0028919203,0.001717542,0.002626213,0.0028539037,0.00056798477,0.0010695764,0.0037609048,0.00034837474,0.00011227115,0.004168201,0.000922189,0.00037218796,0.008114089,0.003940854,0.001132636,0.0038272033,-0.0018502661,-0.00091516454
2013-07-24,0.01152192,-0.00047346612,-0.0008618765,3.4077933e-05,0.0051302295,0.00031031793,0.0,0.00018309799,0.0027137736,-0.00042857262,0.004466153,0.0066395514,-0.0018223479,-0.0014401044,0.004103458,0.0043395585,0.0021804045,0.0012428456,0.00016701108,-0.0018022415
2013-07-25,0.0032828138,0.0,0.0013105888,0.0009076998,0.001090732,-0.0022009315,0.0023366765,0.0014789471,0.00081589527,0.0004025148,0.002864464,0.016397217,-0.0004169802,0.005670191,0.0,0.0,-0.0011892597,0.001671522,0.0014648129,0.0045124525
2013-07-26,0.005402491,0.00079967215,0.0061587347,0.00085026346,0.0007426865,0.00212812,-0.0013084417,0.0007820173,0.0036663385,-0.002078946,0.00404725,0.016643027,0.00053004426,-0.005211246,0.0016411756,0.0013880564,-0.0064711347,0.0020914415,0.0026230596,0.008548524
2013-07-29,0.003192519,0.010034768,0.0005275296,0.0046375054,0.0023469322,0.00462363,0.0013865705,0.003169671,0.0025923783,0.003983971,0.0012826249,0.0027716337,-0.0014326969,0.006355643,0.0021966167,0.0043335264,0.0036731919,0.0018674255,0.0016614386,-0.0012004427
2013-07-30,-0.00017214136,0.0015395023,0.0014099195,0.00080732215,0.0012203637,-0.00020546459,0.0025794855,0.0,-0.0005063104,0.0038097445,0.0004346698,0.00082865416,-0.00037810422,0.0046985205,0.0057155564,0.004024172,0.0020513488,0.0004745805,0.0019747242,0.0026076564
2013-07-31,-0.0015249656,-0.0009960319,0.0016745218,0.0044733053,-0.000780853,0.00052453,0.002128865,0.0009336929,-0.00053370674,0.002454508,0.0015615532,-0.000104946266,0.0001382811,0.00054019387,0.00070700055,-0.0002845714,0.0006394693,0.0009697477,-0.00031061927,2.7989805e-05
2013-08-01,0.0018504974,0.00137091,-0.00067365303,-0.0006173802,0.0011401789,-0.0001648102,0.0012398391,0.0005267584,0.00017072941,0.0037615765,0.0047986335,-0.0021082833,-0.00017006851,0.001742284,0.00040031032,0.0011073167,-0.0041354843,0.0015378459,-0.0001389996,-0.00011117804
2013-08-02,0.0014287069,0.00084565807,0.0037204965,0.0016888791,-0.00021521465,0.00047364424,0.009233089,0.0,0.0016787826,-0.0008397557,0.0033153882,0.009183898,0.0008408011,-0.00064146635,-0.00022109182,-0.0005134746,0.00068437814,0.0012525807,0.0013029003,0.0047705807
2013-08-05,0.008418966,0.0,0.00013581726,0.005181383,-0.0013785646,0.0017875031,0.0048190653,0.0026867397,-0.00024064857,0.0035141225,0.008094737,-0.0012732727,0.002295858,-0.00045846545,-0.0018136519,0.00081041304,0.00061206456,0.0009390948,-0.00026826494,0.0054715853
2013-08-06,0.0062851286,-0.0018803342,-0.0005557471,0.0038025887,0.000673891,0.000932767,0.0035486238,0.0021637229,-0.0010930143,0.0010983503,0.00050560734,0.005411319,9.538469e-05,0.00013525214,0.000925451,0.003065343,-0.0015092859,0.0048547736,0.00035042365,0.0017344442
2013-08-07,0.0014134452,0.0024434233,-0.0008335893,0.00013597541,0.00032801038,0.0003874032,0.0027572156,0.0044920654,0.001538489,0.0051279957,0.006366724,0.009867778,0.00069343904,0.00090601225,0.0008816742,-8.229274e-05,0.00038844137,-0.0015164186,0.0026755768,0.0018638517
2013-08-08,-0.010185619,0.002140252,-0.0030206917,0.0021369567,0.0,0.0009082251,8.9861096e-05,0.0026363623,0.0015675983,0.0019608908,0.001449598,0.0024669424,0.0036625096,0.004279989,0.0014645909,-0.0033536253,0.0015142685,-0.0005222349,0.0038787702,0.0026601516
2013-08-09,0.0009383685,0.0025834981,-0.011647218,0.0008633307,0.0009258753,0.002015577,-0.00197226,0.0017233437,0.0019657703,0.004994936,0.0028656356,-0.0013053762,0.0,0.0013968259,0.004243436,0.00204667,0.0033920533,0.0012674225,-2.7067244e-05,0.003624281
2013-08-12,-0.003878092,0.0007365683,0.0017947813,0.002430716,0.0014590671,0.0001836788,-0.000619264,0.0,-0.0001620867,0.0023762076,0.0014691029,0.0066197743,-0.0014480702,-0.00479019,0.0025949522,0.0016226424,0.004286117,-0.00047474916,0.0,-0.0003298852
2013-08-13,0.0042848745,0.0023256952,0.0014595637,0.00014104582,0.0010874405,0.0020545586,0.0019808405,0.0048002168,-0.00056077633,0.00070220017,0.002632321,0.0033860137,0.0,-0.00074381067,-0.0049940767,-0.0009781311,0.015996614,0.002926378,0.0020669482,-0.0005671078
2013-08-14,0.0019354321,0.0050494177,0.00326817,0.005421988,-1.2591419e-06,-0.00029512017,0.007945312,0.0011901641,0.0011078513,0.0019723978,0.001684963,-0.00094270246,0.0009958459,0.004242381,0.0033095782,0.0011930657,0.0037989586,0.0028574003,0.0040435293,0.0020492675
2013-08-15,0.00021792544,0.0011120434,0.0027251644,0.0044402033,0.00085162267,0.00051661907,0.0026228647,0.0009594494,0.0019167563,-0.0012164321,0.0028618062,-0.0014186952,-0.0011407824,0.001014398,0.0034502104,-0.0008907185,0.008034608,0.0024308874,0.002633013,0.0014741833
2013-08-16,-9.323809e-05,0.00046841576,0.0035820955,0.004458024,-6.6902336e-05,0.0020625575,0.0030721845,0.0037042657,0.0016858283,-0.0023260044,-0.00019406065,-0.0007119344,0.0021701236,0.0014990155,0.0014100813,0.0009519351,0.009210322,0.001051617,0.004229062,-0.0014839647
2013-08-19,-6.629148e-05,-0.0026280466,0.0015088884,0.0012240028,0.0007703829,0.0026270302,0.004652742,0.0036699579,0.00023173472,0.0010507129,0.0074181543,-0.0038386846,0.0,0.0,0.0050925473,0.008119987,0.0021595436,0.0022276596,0.0004988197,0.0016058205
2013-08-20,0.0019069028,0.00032333913,6.022017e-05,0.000116815696,0.0005386633,0.0063267997,0.00026494823,0.0044939076,0.00038427731,0.002212243,0.00014159446,0.0064580967,0.0024039033,0.0032885796,0.0063150837,0.0019658378,0.003901233,0.006105192,-0.0012187685,0.0013087585
2013-08-21,0.0021305361,0.0013356908,-0.0010629314,-0.0015874628,0.0017442373,0.0007263946,0.00073034747,0.0018507347,0.002942934,0.002742948,-0.004604302,0.011772266,0.0036553724,0.0017966466,0.0050118286,0.0008436172,0.0067479894,0.0,0.0030479308,0.005199974
2013-08-22,0.0033977258,0.010952158,-6.4104e-05,-0.0012286009,0.0011368486,0.0014761845,0.0036746687,0.0012599132,0.002941505,0.0043007256,0.00038481617,0.015219736,0.0015825895,0.00184602,0.0012726836,0.00020450246,0.0016419659,-0.0014135616,0.0008776666,0.00046544083
2013-08-23,0.0053850412,0.00023642454,-0.0022000854,0.0020337654,0.0011443383,0.00021547303,-0.00027810253,0.0023785064,0.0030072671,0.00049961614,0.004961772,0.00064327277,0.0014505591,0.0035272024,-0.0011897722,0.0015551846,0.0034192447,0.0035735783,0.0014607944,0.002118919
2013-08-26,-0.0020456132,0.0030768544,0.0054785386,-0.0011892025,-0.00010317789,-0.0010332068,5.0011797e-05,0.0045064315,0.0,0.0012743981,0.0072862594,0.008159632,0.001748317,0.0049861,0.0040722676,0.0023436,0.00110618,0.0004085122,0.0022011318,0.0
2013-08-27,-0.0014597133,-0.0004710718,0.005017083,-0.00033113454,0.003144678,0.0005914223,-0.0019231185,0.0038783327,-0.0020368225,-0.00056558003,0.00208067,-0.0057186875,0.005188748,0.0035397995,0.0010994355,0.0038229907,0.002599583,0.00048357082,0.0022998399,0.0
2013-08-28,-0.0027049584,-0.0026440686,0.0034158134,0.0017311171,0.0022566917,0.0057894466,-0.0025726007,0.0046541872,0.00014134198,0.0006852601,0.0049797283,-0.0015362626,-0.00043330638,0.0042345887,0.0022032883,0.004060774,0.0,0.0019180231,0.0018569215,0.0046540005
2013-08-29,-0.00044604554,-0.0077108433,-0.00045209908,0.0018064845,0.0029330722,0.0017402046,0.00027621785,0.003760821,0.0026315248,0.0017260995,0.0034832295,0.008903035,0.0,0.0007277823,0.00090709113,0.0043539335,0.00014143344,0.0010984391,0.0034209685,0.0029601264
2013-08-30,0.00046747504,-0.0027446458,0.0030298945,0.0014305004,0.0008020866,0.0016466221,0.0043043704,0.00068842253,0.0023045486,0.0035555784,5.7930076e-05,0.004832563,-0.00039091843,0.001570519,0.0015512588,0.0002629573,0.0010182622,-0.0074354676,0.0017311141,0.0047927573
2013-09-02,0.0017979599,0.006884319,0.0015960388,0.003010407,-0.0029953213,0.002251632,-3.108002e-05,-0.00089316594,-0.00096316944,0.002282121,-0.0032881151,0.03467254,0.00036598073,0.0005135195,0.0007137726,0.0,-0.00047208284,-0.0018974446,0.0011608092,0.0017535039
2013-09-03,0.003179157,0.0030722364,0.0044745845,0.00190213,0.00049795216,-0.0023088949,0.0015109893,0.006318256,0.0020230636,0.001204923,0.0,0.013309545,0.0005862722,0.0027710907,0.0022603397,0.00017134116,-0.0055638547,-0.0010957391,0.0007781677,0.0049596173
2013-09-04,-0.0019250127,0.004354888,0.0019725133,0.000660505,0.0014695493,-0.0019208589,0.0014025811,0.0018343673,0.001078297,0.005320543,0.00019571044,0.016184652,0.0028378174,0.004036059,0.0017558518,0.0013889747,0.0012096938,0.0037115624,0.00047540208,0.0016637511
2013-09-05,0.004932659,0.009480051,0.002421627,0.0023433329,0.0008001405,0.0021534755,0.0009752454,0.0034413834,-0.00018197067,0.0020281249,0.0032628353,0.0022480777,0.00079179043,0.0021463402,0.00068255415,0.0037195433,0.0011198914,-0.0013097306,0.0013226222,0.0
2013-09-06,-0.0026417826,0.004524843,0.002569844,-0.0005250935,-0.00035796736,0.0039432864,0.0025061395,0.000501232,0.0002512457,0.0012139721,-0.004771407,-0.0016868919,0.002305227,0.0025260004,-0.00078521675,0.0011091671,-0.0001051412,-0.0012938522,-0.0009977714,0.001543406
2013-09-09,-0.014221111,0.0034058697,0.00085551996,-0.0014637049,0.00059742073,0.0017749696,0.002257629,-0.00042938016,0.0017782636,0.000500718,-0.0058989045,0.0033143768,0.0022551604,0.0027000634,0.0,0.0008825965,0.008696134,-0.001561548,0.0011657471,0.0015392955
2013-09-10,0.0041202814,-0.0009440347,0.0030729629,0.00013712783,0.0009142083,0.002071508,0.0030349884,0.0023633726,-0.0007102868,-0.0021460743,-0.0031591242,0.0044525526,0.004019508,0.0074674245,0.0048640906,0.0024210645,0.0037237324,0.00015514782,0.00091394555,0.0009458756
2013-09-11,0.0028990519,-0.0036308537,0.0016613189,0.0026337677,0.002002572,0.00068850024,-8.926457e-05,0.0016964742,-1.5318727e-05,-0.00298717,0.0014157029,0.01097907,0.0016406223,0.0,0.0009952238,-0.0016433895,0.00978093,0.0007456677,0.0006998129,0.0013679411
2013-09-12,0.00230418,0.0020118332,0.001635185,0.0012156552,0.00039658402,0.00016109445,-1.2353748e-06,0.0001790751,0.0007300473,-0.001846329,0.0017719575,0.009391557,0.0032746063,0.002325037,-0.001988991,0.0018297806,0.0007533248,0.00080477254,0.0008289174,-2.9424108e-08
2013-09-13,0.0060778414,0.0054697804,-0.0002038696,0.005361677,0.0021156964,0.00068344205,0.0,0.0018508921,0.00342387,0.0007447484,0.0050917575,0.011643067,0.00048143463,0.008183666,-0.0026008515,0.0012809131,0.0012303109,0.0042503304,0.0003941153,0.0063134767
2013-09-16,0.003706403,0.016702225,0.0016480669,0.0032594046,-0.0015275443,0.0021872805,0.0012142314,0.0017488627,0.0021891827,0.0030753808,0.007481371,0.004353287,-0.00017993001,0.015900044,0.003801423,0.0049562035,-0.0009598952,0.003833012,0.0032269768,-0.00056199095
2013-09-17,0.0073911888,0.0062349895,0.0020114733,0.0015713217,0.0,0.0003458701,0.00067657814,-0.0020043906,0.0008905887,0.0020943873,0.007296236,0.0038394635,0.0015936905,0.0021716144,0.0037165412,0.0,-0.0014468834,0.010264724,0.00021561171,-3.0582625e-05
2013-09-18,0.00057826104,0.001102868,0.0039585535,0.0026341372,0.00069039385,-0.0008346768,-0.001605783,-0.0003950463,0.002248342,0.004890755,0.005941133,0.002401585,0.004183796,0.0042151553,0.0073277163,-0.00460482,-0.0021327636,0.0029344296,0.0024538054,7.8400844e-05
2013-09-19,0.0042217085,0.004201841,-0.00041702704,7.369388e-05,0.0012023546,0.0007681914,0.004618273,0.0014622367,0.0013310781,0.0024971915,0.0021483395,0.00256746,0.00058594136,0.0016408197,0.00070721784,0.0005286485,0.0012739517,0.004459273,0.0015957801,0.0012239406
2013-09-20,0.0010732097,0.002927364,0.0010968589,0.0011172823,0.0010253569,0.00043695522,0.009585619,0.0012035511,0.004414672,0.0020586113,0.0060044895,-0.00034235965,-0.0015541568,-0.0009168954,0.0030013337,-0.00053787924,-0.00010145034,0.0029095048,0.0,0.0039991112
2013-09-23,-0.0007405847,0.001024234,0.0037323327,0.0031880091,-0.00030024018,-0.00043050808,0.0029989725,0.0035880553,0.0031928658,0.00090976985,0.002983168,-7.286784e-05,0.00028352308,0.0,0.005789632,0.0019456969,0.0017471969,0.002289876,0.002802562,0.0035789055
2013-09-24,0.0017718438,0.0,0.001876277,0.0003701536,0.00022539226,-0.00062797643,0.0014940143,0.0022190097,0.0039759795,0.0024828936,0.001992326,-0.0014006606,0.0026691763,-0.00044967665,0.0042005666,-0.00028511495,0.004016596,0.003442162,0.0001812662,-0.0007050142
2013-09-25,0.002714455,0.0048687626,0.0028413592,0.0004832905,0.00060401746,0.0008945051,0.0011236486,0.0021951094,-0.0011523665,0.00018362289,0.00021590482,0.007088227,0.004829545,0.0013240293,0.0063598924,0.0012166804,0.012763885,0.0028644856,0.0012375772,-0.000178157
2013-09-26,0.0,0.00090590195,0.0030383375,-0.00014249266,0.0026006738,0.00069348473,0.0032739367,0.002706731,0.0054930146,0.0044425023,0.0060530137,0.016535278,7.742218e-05,0.004599529,0.0022840635,0.0011086083,0.0036920805,0.0023660392,0.0033115156,-0.005050933
2013-09-27,0.00046428732,9.061597e-05,0.0019143431,0.0012784944,0.0025163956,0.0002732789,0.0037175776,0.00250069,0.00079828943,0.0020246983,0.010408133,0.00078626827,-0.0028149807,0.001706653,-0.00047692598,0.0019241403,-0.0024265486,0.008098402,0.005671148,0.00463487
2013-09-30,-0.00036340364,0.003933217,0.0038185692,0.00074402813,0.0008011835,0.0016884762,0.0003965588,0.0003112341,0.004504725,0.004555039,0.0025234655,0.0068468815,0.0,0.0017515466,0.00090737833,-0.004364187,-0.0012457693,0.007913148,0.0028267195,0.0022992697
2013-10-01,0.008519597,0.005643146,0.0021939934,0.0,0.0034688157,0.0022911003,-0.00037619745,-0.0019085504,0.0021960405,0.0018152052,9.6553806e-05,0.0010243917,0.0043471833,0.0017961749,0.0025971972,-9.813889e-05,0.00087665726,-0.0008008322,0.0014239942,0.003885225
2013-10-02,0.0014648521,0.0025654847,0.0010800568,0.0035498503,0.0021663043,0.0015234293,0.0015639792,0.0008141171,0.0032464704,0.00086243585,-0.00081045047,-0.0022065856,0.0052248575,0.0013332036,0.0011479129,-0.0016324362,0.0008850528,0.001754171,-1.4594715e-06,-0.000461107
2013-10-03,0.002918619,-0.002116705,-0.0007737017,0.004722712,0.0025137211,0.001192315,0.0016323973,0.0007434219,0.010073347,0.0,0.0,0.003175054,0.0049206074,0.00038370394,0.0,-0.00182732,0.0014235693,0.00036151987,-4.7807254e-05,0.0011025458
2013-10-04,0.000649462,0.003318045,0.0032255051,0.0046783104,0.0,0.0036204294,0.0014254553,0.0018213978,0.0074590514,-0.0009573909,0.00034579702,0.0049641756,0.0022964664,0.0006193726,0.0010104403,-0.0014508521,0.0026049286,0.0009844375,0.0,0.0016567088
2013-10-07,0.0023649752,0.0020596138,0.0023370709,0.0021730864,0.00049896806,0.0012096292,0.0001842305,0.0014663396,0.0011061187,-0.00032690397,0.002196278,-0.0002856805,0.0,-6.288884e-05,0.0014364031,0.006169815,-0.0013418884,0.005031284,-0.00070491,0.0029706052
2013-10-08,0.001625926,0.0029802024,0.0036553012,0.004183856,1.3767129e-05,0.0032982663,-0.0013617674,0.00019247382,0.0011250984,0.0054068947,-0.0010520687,0.013145361,0.005340337,-0.00043034164,-7.294699e-05,0.00799292,0.0004947694,0.0022638256,-0.0016107905,0.0010845797
2013-10-09,0.00080610695,0.0057971533,0.00421174,0.007274712,0.00026736263,0.001011267,-0.0009825994,0.0023709352,0.0,0.00037520658,0.0019943535,0.006684598,0.0024300436,0.0027037633,0.00049577653,0.00741824,0.0028049988,0.0015036665,0.002201622,-0.00084934884
2013-10-10,0.0007837409,0.0023712297,0.0025033625,0.00059755676,0.0006863027,0.00199156,0.0014913965,0.0033235345,-0.0014434403,0.0037567273,0.005198937,0.0040234416,0.0027663726,0.003016201,0.0009595924,0.0073932954,0.00046270803,0.0012247128,-0.00035217087,0.0022434064
2013-10-11,0.0031355948,-0.0014902271,0.001319283,0.0011560968,0.0012218332,0.0029929837,-0.0005891973,0.0025964025,0.0020302082,0.0032628553,-0.0012110806,0.0016929852,0.0020176922,0.0029809321,0.0,0.002755008,0.00068633945,-0.0023063407,0.0008113603,0.004201539
2013-10-14,0.01644367,0.004599618,-0.00029224792,0.0019880666,0.0033283774,0.0003715426,0.00047453618,0.00079332304,0.0010174478,0.001773388,0.00161707,0.0007435028,0.0005648207,0.0023260028,-0.0014471452,0.0013327037,0.0,0.0022005746,0.0019036775,0.0005509122
2013-10-15,0.0070127193,0.0019932077,0.00024650406,0.0011073382,0.0025016775,-0.00044042393,0.0011086445,0.0013871508,-0.00040782095,0.0016199164,0.004912493,0.00771444,0.0021933597,0.0016601578,-0.0013146208,-0.0004212261,0.0028886741,0.0016503126,0.0009634925,0.0017641098
2013-10-16,0.0025434587,0.0010750581,0.0008964693,0.0,0.0005451219,0.0,0.0018238222,0.001651633,0.0032878327,0.0030797797,0.002102196,0.0021714421,0.005804846,0.0,0.003185048,0.0087806955,0.0063706175,0.00048996235,0.0014686892,-0.0012180761
2013-10-17,0.0014894609,0.003993181,-0.0010643218,0.003921486,0.0011775665,-0.0006712907,-0.0011944456,0.00072175666,0.002629081,0.006301992,0.0013853444,0.00128135,0.0075280736,-2.0131938e-05,0.00050061045,-0.00041534586,0.004536431,-0.00010840142,0.0014470527,0.0
2013-10-18,0.00354799,0.0017960508,0.00019011354,0.0012037847,0.0020022981,-0.0008381686,-0.0025099611,0.0019590172,0.006417997,0.0021989676,0.0033742983,0.0017159338,-0.00071343716,-2.1049318e-05,0.0026464497,0.004808799,0.0018597828,0.002049637,0.0035650614,4.295008e-05
2013-10-21,0.0027797099,0.0011972997,4.5961937e-05,0.0019025805,0.0002641037,-0.0037094697,-0.0007854773,0.00024346802,0.0031055242,0.0032177123,0.0051773437,0.002602744,-0.0005244896,0.00052345387,-0.0033249685,-0.0011963412,0.0004809013,-0.00014150547,-9.0920534e-05,-0.0027688218
2013-10-22,0.00034177024,0.0062302584,0.0013301484,0.001604408,0.0014706149,-0.00096060167,-0.0019548337,0.0041962448,0.0007285553,0.00026379395,0.0038861844,0.0008479759,-0.0016152454,0.00035892203,0.0,0.006484021,0.0005633978,-0.0028738198,0.0008479941,0.0048319884
2013-10-23,0.0016470875,0.0017839929,0.0051647667,0.0014061708,0.00036319924,0.0009671278,0.0006882876,0.00182332,0.0022354394,-0.0027266708,0.0066403076,0.00127922,-0.00081913435,0.0023089643,0.0006453548,0.0062127295,-0.0010151537,-0.0011303896,0.0013565954,-0.00041196888
2013-10-24,0.00066251575,-0.0002660513,0.0050057033,0.003009902,0.0,0.0016587346,0.0007144731,-0.0009253865,0.0049911337,0.0014729727,0.005970048,-0.00016365392,0.0022678575,0.0016475708,0.00025230637,0.0033315395,-0.00077436457,0.00083957834,0.0017149748,0.0014754529
2013-10-25,0.0020514228,-0.000609573,0.004036344,0.0008747769,-3.7779762e-05,0.0006272857,-0.00411865,-0.00057335774,0.0022307031,0.00078855356,0.0013601433,0.0038726476,0.0,0.0019862708,0.00070412597,0.001325338,0.0012189462,0.009574805,0.0023715736,0.00605629
2013-10-28,0.002669178,0.0014087749,0.0016806576,0.00081643736,0.001168634,0.0024569025,0.0071562366,-0.00055590447,-0.0005423169,0.0039068875,0.0,0.0027378846,-0.0006337289,0.0016172946,-0.0008410936,0.00087257463,0.0004966988,0.0038144393,0.0022985344,0.007229686
2013-10-29,0.005737009,0.0022631327,0.003189102,-0.00086910784,0.0011557569,0.0004334562,0.0026159836,-0.0002892208,-0.002404962,0.0013291956,0.0031950355,0.0005027547,0.0072483756,0.0017545092,0.0032244183,-0.0003892321,0.003159762,0.0005256513,0.0018421215,0.0013313581
2013-10-30,0.0027899272,-1.10580895e-05,0.0035901358,-0.0009836312,0.0008153583,-0.008113613,0.0018672654,0.0010546218,0.0017377859,0.0020268022,0.001266967,-0.003149137,0.0065754903,0.0014444169,5.475187e-05,0.004512718,0.0023812258,0.0006693794,0.0016696444,-0.00016561625
2013-10-31,0.003185859,0.0042244904,0.0007528998,0.00068677415,0.0023562799,-0.000121178666,0.005227555,0.0025345162,-0.00054970256,0.002297903,0.001631786,-0.00048838096,0.0016080309,0.0029100173,0.0006377409,0.006174022,0.0026182095,0.0014812502,0.001110516,0.006482099
2013-11-01,0.002517811,0.003524579,0.0,0.0014358154,0.0024035545,0.0045894845,0.0028658179,0.0036017424,0.0020396635,0.0018744295,0.00093565934,0.0042021098,0.0022376918,-0.0018080022,-0.000711998,0.0035143553,6.0273585e-05,0.0022038447,0.0022451582,0.0019377421
2013-11-04,0.0011678167,0.009937344,0.00054297224,0.00092528976,0.0,0.00023378646,-0.0019178193,0.0035140228,-5.1824245e-05,0.0030930827,0.0021476375,0.0058783577,0.0029602796,0.0,-0.0021134978,0.00092784996,-0.003472617,0.001027694,-0.00037888347,0.0
2013-11-05,0.0007391894,-9.559183e-05,0.0024457236,0.0024918339,0.0024876455,0.003931672,0.00070822536,0.0014123659,0.0016005659,0.0025245056,0.003723959,0.0024349298,0.0027061764,-6.418654e-05,0.0012221772,-0.0020248212,0.000803408,0.00644424,0.0007596227,6.11405e-05
2013-11-06,0.0035676293,0.00061282096,0.0015078646,0.012010477,0.00031014674,0.0027670779,-0.0021290584,0.0017064377,0.0,0.006344199,0.0011026291,0.0033978054,0.0019896613,0.00045482657,-0.0014781086,0.0034544563,0.0015710486,0.004339695,-0.00030190437,-0.0004180651
2013-11-07,0.0008460699,-0.0005488884,0.0018590543,0.003513134,0.002022784,0.0010271125,0.0003984057,0.002609707,-1.7093007e-05,-0.00040941348,0.0020263868,0.0018026632,-0.0010153825,0.0025337143,0.001715423,0.0038220852,0.00035057968,0.0040022098,0.0011766404,0.0023601851
2013-11-08,0.00178536,0.0005100018,0.0,0.0020628243,0.0010097029,0.0011266203,0.0048991865,0.0008301586,0.0010357971,0.0019851462,-0.00016608289,0.007236346,-0.00010601865,0.0028203505,0.001413266,0.0034155764,0.00249234,0.0009238285,0.0008770516,0.0018226884
2013-11-11,0.0,0.003212564,0.0016146303,-0.004025708,0.00035385348,-0.0014711003,0.00029745328,0.0009617989,0.007639138,0.0020728987,0.0015937433,0.009112427,-0.0022131726,0.0045125303,0.0043442654,0.0014603998,0.0009495854,-0.00027549104,0.00015135802,0.0
2013-11-12,-0.0014582815,0.0053650816,0.0008484413,-0.00030397763,0.0008711252,0.0,0.00068433286,0.0011576866,0.002634102,0.0032701336,0.0073691066,0.00111251,0.018006751,0.0034049638,0.0024037948,-0.0002609583,0.0027822866,0.009992478,-0.00083909434,0.00090901664
2013-11-13,0.0009020619,0.0020221467,0.0012189809,0.0014117737,0.0032716736,0.0027903458,0.005438911,0.0028287028,0.0030626727,0.0025104852,-0.002429444,-0.003389801,0.0,0.005514427,0.00036636632,0.00048777813,0.0007999985,0.0,8.213369e-05,-0.0005102858
2013-11-14,0.0036066428,0.0,0.0015698083,0.0,0.0012567899,0.0007188054,0.0049560294,0.005435974,-0.001332625,0.0020909337,-0.000476916,0.00037228805,-0.0016139722,0.002066027,0.0007833366,-0.0025555748,0.0026594077,-0.00062287186,0.0,5.5685217e-05
2013-11-15,0.002786953,-0.0010994079,0.0021618283,0.0031375824,0.0016682395,-0.0034844468,0.0056882277,0.003792902,-0.0007985749,0.0018277736,0.00085333164,0.0008023994,-0.0039828434,0.0027843926,0.0026120758,-0.0034056639,0.0034615991,0.0020751143,0.002695858,0.0063283183
2013-11-18,-0.0003492245,0.0,-0.00021248174,0.0020083177,0.0016736963,-7.6766526e-05,0.0054294737,0.00074390636,0.0050919848,0.0012046616,-0.0061348067,0.007987704,-0.0028943443,6.2856656e-05,0.0018388819,0.0003231521,0.0035749166,0.0011083751,0.00065519265,0.0007861668
2013-11-19,0.0018551751,0.0025034582,0.00082286145,0.0024948507,0.0017715766,0.0011717209,-7.913824e-06,0.0013380551,-0.00014238169,0.0014930627,-0.0017024705,0.00013187634,-0.002043063,0.00074617326,0.0005233776,0.004338471,0.00066446746,0.002806634,0.0034905716,0.00025396084
2013-11-20,-0.001313073,0.0023536624,-0.0006857778,0.005957972,0.00075559254,0.0028052814,-0.0006022243,0.0005935317,0.0010236729,0.002096477,0.0029214527,-0.0027846994,0.0012911486,-0.0003851174,-0.0013389561,0.004403936,0.0008783447,0.0016154838,0.0048996937,0.0
2013-11-21,0.00038259305,0.001679392,0.0017061239,0.002715263,-0.00011504287,-0.0011014264,0.0011179084,0.00075412204,0.004180698,0.001968914,0.00072299823,-0.0006756092,0.0013634982,-0.0010048014,0.00038768188,0.006229959,0.0018396879,0.0,0.002808374,0.0032707793
2013-11-22,0.002326456,0.0,8.111389e-05,0.0013083078,0.0,-0.0020012301,0.002457119,0.0051705264,0.004183304,0.0021419,0.0019737766,-0.0016486639,0.022906112,-0.0028705862,0.000527249,0.0038905249,0.0013937103,0.0042835916,0.0017276681,0.0011303402
2013-11-25,0.0012490825,0.0008597805,0.0008579981,0.0,0.0002289595,-0.0004963683,0.00010479626,0.00023950156,0.0049309717,0.0004869848,0.008706304,0.0003771234,0.010047261,-0.0012386083,0.0,0.018397534,0.0003805684,0.002814472,0.00033674014,0.0017238879
2013-11-26,0.0,0.0037513368,0.0033916275,0.00022494257,0.0023511546,-0.0014234382,0.0025266563,0.0,0.002201428,0.0012398995,0.0,0.002006524,0.0019834382,-0.0010147818,-0.0004476069,0.008540778,0.0013982832,0.0026711773,0.0,0.00042474136
2013-11-27,0.0014440176,0.0025663255,0.0018314677,0.00038362574,-0.0019524767,0.0008641238,0.00075007795,0.005211364,-0.0020479618,-0.00026124794,0.0020176885,0.0036155952,0.008665811,0.0,0.0015017453,0.0027011167,0.0021049539,0.0011697309,0.00053738966,0.0016275566
2013-11-28,0.0031725548,0.0013315387,0.004024962,0.0043645427,0.0010319371,0.0018134798,0.002728754,0.0024827386,6.01695e-05,0.002276783,0.007474544,0.0036917466,0.0011940268,0.0025851848,0.0,-0.0025398128,0.002014709,-0.00034949553,-0.0011737266,0.0016161391
2013-11-29,0.0,0.00091667165,0.0014105121,0.0020152982,0.0004277746,0.0046485737,-0.001442855,0.0022088327,0.0017194218,0.001707436,0.0037361798,0.00030414737,0.0007296388,0.0018811243,0.0011120316,-0.003605852,0.0011243225,0.0018998397,0.0012637526,0.0027640741
2013-12-02,0.0008685075,0.0021134575,0.0012274826,0.0024030583,0.0005953843,0.00349503,-0.002630441,0.001249698,0.0063198186,0.0025015296,0.0046631247,0.0024566397,0.006159062,0.0023033351,0.0022971549,-0.00059295335,0.0014335637,-0.0009719683,0.00010008322,0.002842874
2013-12-03,0.0021898197,0.005078634,0.002269324,0.0012204116,0.004755849,0.0011835686,0.0006432033,-0.00032335237,0.0023076085,0.0028928202,0.0027812005,-0.0015761834,0.0025385157,0.004019582,0.0008069766,-0.0016351694,-0.00062779005,0.0031495101,0.00019981165,0.0010132703
2013-12-04,-0.0013380743,0.002831875,0.0,0.0021741774,0.0024745783,0.0012239998,5.919695e-05,0.0015889211,0.002595066,8.026671e-05,-0.002186269,-0.006610079,0.0037730474,0.002910136,0.0006852776,0.0022811699,0.0030763377,0.003543277,0.0005707693,0.0
2013-12-05,0.0012264336,0.0014087539,0.0013897092,0.0,0.00012905445,0.0012978435,0.00051753444,0.0011134347,0.0016486099,-0.0022362652,0.0002639445,0.0006439885,0.0031818883,0.0015365307,-0.004653703,0.023743214,0.00232647,0.0014068908,0.0011605315,0.003247996
2013-12-06,-0.005172948,0.005460096,0.00040053442,-0.0039556115,0.00021586391,0.0018461249,-0.0004587577,0.0021775384,0.0017284387,0.0041990024,0.004639828,0.0009704896,0.002341467,0.0017024226,-0.0042630606,0.00481468,0.0029464134,0.00086347834,0.0027121399,0.0016962677
2013-12-09,-0.0026861911,0.0031119336,0.00055664213,-0.0021337986,0.002204018,0.0012969588,-1.485793e-05,-0.00029940717,0.00012138475,0.0014369267,0.0031166857,0.003861052,0.0024047457,0.0013952988,0.001631715,0.007184483,-0.00029028917,0.0007176466,0.00390416,0.0035734922
2013-12-10,-0.0012700051,0.0,0.0012560172,0.0009373215,0.0019995226,-0.0022678752,0.0010589386,9.094023e-05,-0.0008012329,-7.988187e-05,0.00541012,0.002007721,0.0035877954,0.0026340708,0.00074570894,0.008118283,0.00085832225,0.0025159356,0.00029875047,0.0015865216
2013-12-11,0.0012227563,0.0011323388,0.0025910628,0.0057473616,0.0036561175,0.00092233205,0.0049082837,0.0013335899,0.0008639743,0.0,0.0032818357,0.0024504662,0.0031485765,0.0035817134,0.00022473733,0.0015555241,0.0021243424,0.0024930255,-0.002691087,0.003258535
2013-12-12,0.00092085946,0.0017401578,0.0014929842,0.004566332,0.0014708923,-0.00032654256,0.0044731647,0.0032365003,0.0014309571,0.0029211028,0.0010266879,-0.0006776734,-0.003816752,0.0010606383,0.00091089803,0.006160146,0.0013937902,0.0027549912,0.0008821379,0.0023306208
2013-12-13,0.004590565,0.0035345445,0.0027194093,0.00540666,0.0011351125,-0.00016387893,0.0032266732,0.00074861874,0.0027037049,0.0013930175,0.0012939828,0.0054257456,-0.00087020296,0.0030724516,0.0013069598,-0.00015409035,0.0012216548,0.002119899,0.0021080114,0.003290556
2013-12-16,0.0010417068,0.00076348684,0.003327196,0.00031056028,-0.0014489342,0.0006672201,0.0023568892,0.00019400044,0.0017421051,0.0035727154,0.0010613037,0.0019573842,0.004899704,0.004469294,-0.004832348,0.0016569135,0.0013391867,0.0022949574,0.00071790355,0.0034547483
2013-12-17,0.0047454303,-0.0015869745,-0.0010945537,0.0024672167,0.0049960334,0.00074238644,0.0030093817,0.0013166092,-0.001642169,0.0009790944,0.0036469896,0.0019063622,0.003295248,0.0024090493,0.00091982516,0.0018687752,0.0030784402,0.0,0.0011020887,0.0018501935
2013-12-18,0.0022229739,0.0004976639,0.001106956,-0.0027087918,0.0029207107,-7.23977e-06,0.00014125588,0.0015187316,-0.0028563056,0.0024994446,-0.0020047852,-0.0027778894,0.0072431387,0.0007887654,-0.0013307679,0.006235081,0.0023293765,0.003416862,-1.2499455e-05,0.00078827224
2013-12-19,0.0028111092,0.004341094,0.00095959596,0.004172996,0.0010230249,-0.0008074161,1.6600006e-06,0.000914302,0.0019459969,-0.0033047555,0.001190482,-0.00022767895,0.002960158,0.002042249,0.00012972993,0.003932258,0.00039002977,0.001388427,0.0033355355,0.0007944268
2013-12-20,0.0020355524,0.003204441,0.00064942177,0.0053507774,0.0024902457,0.0023749645,-0.00040716448,0.00070002105,0.0070853615,-0.0006080648,0.005596856,0.0041669216,0.008036334,0.001640751,0.01423917,0.0054549538,0.0024387254,0.0007374839,0.003186963,0.003391879
2013-12-23,0.0019531953,0.0010928363,-0.0009831497,-3.370612e-05,0.0017647822,0.0007507508,0.0023893025,0.0011817685,0.002913928,-0.0014615615,0.0027018974,0.010613281,0.001670869,-0.00020503876,0.00010043038,0.0023194354,0.0012012534,0.0022235182,0.0014612179,0.003582981
2013-12-24,-2.5540825e-05,0.00042973665,0.0020291975,0.00025913317,0.0013823503,0.0004053949,0.0036364864,0.0030360953,0.0032228713,0.0011280471,0.015099613,0.007886488,-0.0011812442,0.0034293153,0.004671931,0.00031082373,0.0010700534,0.0027980707,0.0012303306,-0.0011028242
2013-12-25,-3.3809705e-05,0.0008251055,0.0017168276,0.00018375501,0.0017205415,-0.0003211964,0.002065545,0.0012443246,-6.729416e-05,0.0023203802,0.00998336,0.0010130771,0.0025179598,0.0034680609,0.001259523,-0.0016192666,0.0046400498,0.0022024869,0.003360384,0.0022320868
2013-12-26,-0.0019023351,0.0031922439,0.0029987264,0.00022405763,0.0023971803,0.00018173375,-0.0010135509,-0.00046816625,0.0005320638,-0.002133141,0.0016900934,-0.0008140565,0.0032285536,0.005906124,0.0,0.007248468,0.003244047,0.0010251944,0.00042854587,0.0003391611
2013-12-27,0.0010197858,0.005715755,0.0017914122,0.00056786183,0.00063233805,0.00085998967,0.0026690876,0.010970054,0.002826968,-0.0001722011,0.0010205018,-0.009639948,-0.0010164814,-0.0014639249,0.0035398721,0.0034139112,0.0012974635,0.0063111195,-0.0019305183,0.005492476
2013-12-30,0.0036139805,0.003608185,0.00086277263,-0.00082909304,0.006179138,0.0016284846,0.00084433006,0.0034131852,0.0023252936,-0.0010742267,0.0023579204,0.0004974401,0.0009968262,0.0013920289,0.003474334,-0.0020587777,0.0019475716,-0.0025020048,0.0007062073,0.00198403
2013-12-31,0.0055816746,0.001140937,-0.0017964675,0.0013496851,0.004496705,-0.00071051955,0.004851433,-0.007596938,0.004007391,0.0046421527,0.0036942328,9.18759e-05,-0.0009533997,0.001106405,0.004150679,-0.009141548,-0.0004512513,0.0,0.00038857394,0.005071184
2014-01-01,0.0007189954,0.00012513218,0.00093470694,-0.0011358391,0.00037862296,0.0018822454,0.0015960617,-0.0009588826,0.0020920553,0.0027120202,0.0,0.0027052006,0.001672623,-0.0002811334,0.0052213445,-0.0018377452,0.0007397055,-0.004516816,0.0020156829,0.002205157
2014-01-02,-0.0009800033,0.0019088511,-0.001457778,0.0010545129,2.6100606e-05,-0.00019494732,0.0032699017,0.003101474,0.0018404634,0.0019693568,0.0001552013,0.0052515063,0.0,0.00048808573,0.003297073,-0.008347032,0.0009331894,0.0053668865,0.0029112878,0.0004947635
2014-01-03,0.0010777381,0.0039400053,0.00057379034,0.0021121094,0.0016488752,0.0029036356,0.0014082409,0.004773133,-0.0004213973,0.0014511659,0.0011632572,-0.002838174,0.0021802585,0.014772352,0.0005906627,0.0008156533,0.000111702684,0.0050908006,-0.0002844133,0.009481672
2014-01-06,0.0012407609,0.00069027033,0.0023741506,0.0,0.00077853946,0.0013350529,0.0038840233,-0.0030090143,0.0023789313,0.0002002433,0.0016351341,0.000747726,0.0022932228,0.0046335706,0.0020494505,0.0026674212,0.0034208244,0.0014387348,0.0016026589,0.0047667273
2014-01-07,-0.00034717465,0.00012770762,-2.7014341e-05,-0.0030988774,0.0045661516,0.0011331122,0.0039481097,0.0010725502,0.0033259797,0.0019693293,0.0047648307,-0.0010355801,-0.0015277638,0.00745653,0.0012514228,0.0045299246,0.00035311916,-0.02314498,0.0017126845,0.00013833371
2014-01-08,0.0,0.00012720806,-0.00081141724,0.0,0.0012557388,0.0008455184,0.0027147797,-0.06289715,0.0041663605,0.0017094199,0.003164886,0.0017199864,0.0015375367,0.009251495,0.0005854034,0.0007578152,0.0009912723,0.0025756317,-0.00014054702,0.002515655
2014-01-09,0.005263002,0.0011075651,-0.0041605397,0.0,-0.0025357238,0.0011206922,-0.00077003264,0.0047663576,0.0003772235,0.0042690416,0.004660968,0.002654792,0.0009563881,0.0043994924,0.003685994,-0.0007780868,0.0010494951,0.0053877276,-0.00012284998,0.005251198
2014-01-10,-0.0018910425,0.0020867905,0.0023067154,0.0007700313,0.0,-0.001695202,0.0,0.0019361338,0.0007030152,0.00082292163,0.0015538519,-0.0003330733,0.00092998066,0.00034448787,0.002933212,0.002070515,0.0018200246,0.015705848,1.1501402e-05,0.043843683
2014-01-13,-0.0055215904,0.0019013343,0.0028135153,0.001000125,0.0016527419,-0.0011947264,-0.0012673439,0.001016123,0.0013026531,0.0030675794,8.410999e-05,-0.0015129254,0.0039411867,0.0010609386,0.00028708347,0.0032338786,-0.00026486465,0.0,0.0012015683,0.001818543
2014-01-14,-0.0034274808,0.00049970497,0.0049580387,0.0021889855,0.0020164782,-0.000709283,0.0028548245,0.0022922028,0.002036203,0.0022235876,0.0002141359,0.0,-0.0003216312,0.002397679,0.00092170783,0.0043419534,0.0034509932,0.0015532721,0.0004969059,0.0048715523
2014-01-15,-0.0022830593,0.0033724993,0.001362018,0.0018098762,0.003849276,-0.00061873236,0.0015169125,0.0465211,0.0003689632,-0.000117054675,0.0,-0.0024497139,0.0006473513,0.0017568853,0.0015404585,0.006556263,0.0051105474,0.011674503,0.00087561575,-0.0046692356
2014-01-16,-0.004346529,0.0,0.000760228,0.0,7.634993e-05,-0.0004967377,0.0025415074,0.016111357,0.00016283178,0.0035645156,0.0028582446,0.003964119,0.0006888734,0.0037346173,-8.7786495e-05,0.008400134,0.0027978008,0.0024611596,0.002096855,0.006064507
2014-01-17,-0.0015133275,-0.0028391741,0.0,0.0005920479,-0.0054342677,0.004486759,0.0080151735,0.010158535,0.002507378,0.0018867159,0.002786557,0.016381633,0.0007938892,0.006704705,0.00039259228,0.003701234,0.00053698616,-0.0007118781,0.0025358615,-0.001852375
2014-01-20,0.00081604684,0.0010566824,0.0009865568,-8.842288e-05,0.0,0.0038419983,0.003688863,0.01570883,-0.00039115886,0.0,0.0011737195,0.002916497,0.0010070638,0.0027498226,-0.0007208398,0.00059175474,0.0027188733,-0.0012814241,0.00010570923,-0.002472171
2014-01-21,-0.00016484887,0.0017967626,0.0015340231,0.0001361253,-0.002452675,0.004216203,0.0011057382,0.0030863672,0.001420944,0.00063308794,0.0012198683,0.0064073326,0.0038056364,0.0020570753,0.00035852115,-0.0031988851,0.00031078947,0.023085581,0.0022091982,0.0051190346
2014-01-22,0.0054473197,0.0020210105,0.0016610903,0.004314612,-0.007973159,0.0009192155,0.0048961835,0.0022263117,0.0042764433,0.0009217649,0.0018251879,0.0028406938,0.0018493993,0.009855356,-0.001353218,0.0028818962,0.00023717499,0.0063760104,0.0030732923,0.00081330066
2014-01-23,0.00013181682,-0.0025906719,-0.0010924314,0.0034613363,-0.001237472,0.0008296953,0.0010274877,0.0017194939,0.0019348796,0.0017539294,0.00018146572,0.0036451693,-0.00045294108,0.0020698851,-0.0009474356,-0.00023579219,-0.00056859804,0.004489641,0.0029569769,0.00814732
2014-01-24,1.2623178e-06,0.0016116428,-0.0014101934,0.00038595867,0.00089736393,0.00388066,0.0059780227,0.0043361704,0.00190199,0.0,0.0020418232,0.002202144,-5.9644353e-05,-0.0002888212,0.0010480159,0.003441638,-0.00019371306,0.0111792125,0.0005942128,0.00726549
2014-01-27,0.0015649799,-0.00057264196,0.0009871862,0.0018576102,0.013615984,0.002581526,0.0017697442,0.0033491303,0.003079348,0.00029790006,0.0,-0.0013631299,0.0011469823,-0.0015131724,0.0,0.003699565,-0.0009644231,-0.0036246919,-0.0025739789,0.0053721066
2014-01-28,0.005876486,-0.002448807,0.0013101214,0.0029347742,0.0036672466,0.0036944298,0.005041556,0.010958232,0.001722576,0.0,0.0002760275,-0.01122989,0.0036913995,-0.0014278545,0.00010030449,-0.0016107764,0.00045773157,0.0012691175,0.0,0.0035790885
2014-01-29,0.0031497919,0.00034444887,-0.001231148,9.040291e-05,-0.0022262977,-0.00065080245,0.005957852,0.0036590865,0.0022749132,0.0026866628,-0.00012149387,-0.0002598041,0.0026681034,-0.0036378503,1.7623555e-05,0.005419762,0.0011748743,0.0058121057,0.0013355312,0.005699943
2014-01-30,0.0043697134,-0.00095255487,0.0015793932,0.0032360165,-0.021075776,-0.0012108849,0.0,0.00040955594,0.0031703373,0.0021579189,0.0013771029,0.009964864,0.0008615932,0.0011721083,0.0036207733,0.0047987523,0.0003864012,0.004563851,0.001138953,0.02294497
2014-01-31,0.008953267,5.469597e-05,0.0015399626,0.0031738682,-0.011721887,0.0002516564,0.0019288877,-0.0010053191,0.0,0.00040347668,0.0006150111,0.0,0.0023771753,0.00011125179,0.002771474,0.0070759845,0.002964246,0.010732488,0.001338736,0.0051654163
2014-02-03,0.0016602566,-0.002525261,-4.3198048e-05,0.002435017,-0.056661326,-0.0010000913,0.0023346194,0.00051686226,-0.00034159096,0.0022521282,-0.0005312806,-0.0021413814,0.0021661825,-0.0018393456,0.0009945579,0.004465235,0.0009554152,0.00013714826,0.0019330618,-4.1872154e-05
2014-02-04,0.0046302616,0.0006741254,0.0004914004,0.0020378937,-0.0018775928,0.0027231104,-0.0014860106,0.008413846,0.0047775656,0.0012442864,0.0022550707,0.003522731,0.00071788527,0.0029189955,0.00044427114,0.0076949573,0.0008662057,0.0034587958,0.0013083203,0.00022206375
2014-02-05,0.0019762567,0.005237088,-0.0015345351,0.0026190549,-0.0044339066,0.0025153423,-1.7763257e-06,-0.0004612832,0.0030035235,0.0009095961,0.0025448771,0.0009560991,-0.0010436637,0.0016758189,-0.007920102,0.0027723836,0.0017652083,-0.0018412154,0.0045474293,-0.0006264811
2014-02-06,-0.0015811495,-0.002638379,-0.0016917497,0.00050001685,5.758701e-05,0.0016009605,0.0,0.0,0.0028619918,0.0,0.0015112462,0.0038533031,0.0028279326,0.001664722,0.0027542715,0.0024748363,0.0035805365,-0.0065544546,0.0017028722,-0.0004278084
2014-02-07,-0.0044160876,0.0011475654,1.0239994e-05,-0.0046902816,0.00011056729,0.003791234,0.0022212898,0.0010143019,0.00018454688,-0.00034957821,0.00056195515,-0.0011878451,0.0010937077,0.0034981512,0.0021813824,0.0015843625,0.0032128282,-0.0005007472,-0.0028962542,0.0017311878
2014-02-10,-0.0057173157,0.0014639758,0.0040184404,-0.0012015059,0.0035479243,0.0023016285,0.005956324,0.018072437,0.0023677088,0.0014573546,0.002014461,-0.0018407977,0.0013113637,0.007150734,0.0024883011,0.004862738,0.003983744,-0.0020833437,-0.0008094544,-0.002797062
2014-02-11,-0.0013377744,0.0061075888,0.0009002469,-0.0018221551,0.005540863,0.002276576,0.0027711338,0.0051960982,0.0014702845,0.0006651238,0.00022095934,-0.0003306074,0.0030105398,0.00013827016,0.0072071417,0.0049857264,0.0020270047,-0.0017271349,-0.00020458893,0.002103837
2014-02-12,-0.0023126018,0.0042271996,0.0,0.0010982677,0.009320608,0.00042309018,0.003564746,0.04702729,0.00065969606,0.00090813404,0.0010526006,0.00385982,0.0019155535,0.0026860917,0.0055123195,0.00478081,0.0011124216,-0.0013496777,0.0016011042,-0.0020842499
2014-02-13,-0.0033131188,0.0011116985,-0.0026157673,-0.0008149099,0.0003359679,-0.0026447347,0.0026647544,0.0034280105,0.0027883037,-0.00029845332,0.0022399928,0.006745632,0.003259083,0.010932133,0.00018566738,-0.00039182123,0.0005214069,-0.00088146667,0.0016256218,-0.0035201039
2014-02-14,0.0064361584,0.0005779024,0.0,0.0,0.000387334,-0.0017556392,-0.00030354073,0.009947427,0.0005358025,0.00095232174,2.0226487e-05,0.0017524251,-4.171213e-06,0.005412235,-0.0016195624,0.005799242,0.0011349723,0.0022503822,0.0006999636,0.008281585
2014-02-17,0.00360093,-0.0017890905,0.0016180801,0.0040202825,0.0040335353,0.0006300224,0.002447075,0.03976675,0.0018590959,0.0013787061,0.0008424202,0.0038456891,0.002086919,0.0037575818,0.0034179222,0.00074116315,0.0007694963,0.0008986942,0.0035787604,0.012990042
2014-02-18,0.0007730822,-0.0014986866,-0.00071190944,-0.00011140658,-0.007689982,0.0020564354,-0.0062727006,0.0021678037,-0.0008917575,-0.0012014792,0.0015781473,0.008647525,0.0023039985,0.003800728,0.0009938715,0.0048310244,0.00011930173,0.001193647,0.0020403026,-0.0005899942
2014-02-19,0.0018116138,0.0020773555,-5.4614466e-05,-0.0009224569,-0.0012325306,0.0010609976,0.004216516,0.0018003131,0.0019399888,0.0003673688,0.0027157846,0.0031530072,0.00043446285,-0.0012955463,0.002399271,0.0044661188,-0.0009782768,0.0019183576,0.0012039614,-0.0002683092
2014-02-20,0.003435813,-0.001842867,0.0016223522,0.0021672677,0.0,-6.0139257e-05,-0.00091880705,0.00091052114,0.0010934338,0.0,0.0023804945,0.0052990853,-0.0007602817,0.0,0.0011442704,0.0049571893,0.000859121,0.0006519285,0.0016037152,0.0046451446
2014-02-21,0.001816305,0.0014778838,0.0040342426,0.0,0.0007063745,0.0,0.0009382316,0.002085122,0.002017126,0.0030043619,-0.0008335647,0.0004339115,0.0026850915,0.003195446,0.00504702,0.003291863,0.0017337903,0.0011409608,0.004196824,0.000364459
2014-02-24,-6.237356e-05,0.00038189237,0.003971248,-0.0029895052,-0.0005736609,0.0027149927,0.002090252,0.0020241349,0.0017115251,0.0037704052,0.00018733378,0.00080486346,0.001555976,0.00619571,0.0065611573,0.0011481406,0.0020469658,0.004864181,0.0050686602,0.008818597
2014-02-25,0.0011020974,-0.00015841439,0.0029647106,-0.0009756785,0.0001895596,0.00060118467,0.0054474073,0.00090775057,0.00037128915,0.0014667626,0.0023908922,0.00077063637,0.0006291398,0.002760842,0.0055736327,0.0020036066,0.0021069616,0.0026472374,0.0007524747,0.023860333
2014-02-26,0.0022147188,0.0014271161,0.0011014428,0.0,0.00250297,0.0009270263,0.0062904223,-0.00082377717,0.0013900298,0.0022811752,0.0023238347,0.0,0.0015374513,0.0016178763,0.009258988,-0.0010668038,-0.00032762284,0.008768803,0.0060564578,0.0067930734
2014-02-27,0.00074700516,0.00045586258,0.0031244152,-0.0008657812,0.010067574,-0.00036205136,0.006674198,-0.003338672,0.001604772,-0.0010342887,-0.0008995064,0.0017582864,0.001855327,0.00040253127,0.00023953739,0.0045441594,9.083308e-05,0.004273035,0.004365728,0.007322685
2014-02-28,-0.00029366658,0.0033274621,0.0032490455,0.0027544755,0.0018878973,0.0,-0.00043036602,0.0036490196,8.869109e-05,0.0019466376,-0.00031847882,-0.000102519145,0.0017639839,0.004631036,0.0010463565,0.0025459155,0.00020184614,0.0066192197,0.00035722557,0.0009390284
2014-03-03,0.0022211554,0.0012267417,-0.0020521486,0.006319327,0.005055183,0.00075175683,0.0033999914,0.0032854464,0.0014046667,0.004019798,-0.00048902124,0.0015463954,0.0005940436,0.0045777042,-2.597741e-05,0.0019269658,0.0011692938,0.0036585391,0.0031125706,-0.0009365848
2014-03-04,-0.0035891915,0.0038112856,-0.0019514802,0.0014567917,0.00179977,0.0,-0.00017297799,0.0005283192,0.0033411132,0.0023007237,0.0017608659,0.008020996,0.0,5.3788175e-05,0.0015392194,0.0020178074,0.0021522492,0.00081177446,0.0003457494,0.0005545945
2014-03-05,-0.0050839917,0.003800171,0.0005196219,0.0018155469,0.0006635118,0.00015029125,0.0,-0.00016203738,0.0030589371,0.0006536154,0.003587436,-0.00031183872,0.00079741614,0.0012705849,-0.0016166114,0.0029793195,0.0034153485,-0.009630587,0.0023443678,-0.0017617194
2014-03-06,-0.000104888604,0.0,0.0037750083,0.003863443,-0.006099061,-0.003501442,0.00014918436,0.002796797,0.00097068166,0.0035256727,0.00106588,0.00038648015,0.0016072297,0.0027856622,-0.00016221068,0.0023876512,0.0014120887,-0.014545277,0.004022421,-0.00043901236
2014-03-07,0.005974523,0.0006958045,-0.0004883378,0.002908764,0.0038331691,0.0012440336,0.0022017679,0.002913467,0.0014851845,0.0013371597,0.0016518594,0.0034130348,-0.0012361289,0.003956562,0.0,-0.004184225,0.0020838853,-0.0059880433,0.0021708417,-0.004407985
2014-03-10,0.0034196686,0.000750465,0.00016755569,0.0011071546,0.0025183668,0.0018920829,0.0031855758,0.0068454724,0.0041960347,-0.00017594839,0.0039179353,-0.00050379074,0.00093269657,0.0018560807,0.0011907566,0.005405452,0.0008071366,0.003561453,0.0014220242,-0.001472925
2014-03-11,0.0025566993,0.0017658935,0.0015782918,0.004887023,0.0019562428,0.0006742213,0.0044972897,0.0001405089,0.00090281415,0.0027198778,4.5358163e-05,4.0968633e-05,-0.000982385,0.0004536348,0.0014730192,0.0081961,0.0028894006,0.01034115,0.00028786197,-0.0024871258
2014-03-12,0.002324194,0.0026488947,0.0061678756,0.0034742828,0.0017047741,0.0,0.0026961109,0.0028333133,0.0008268941,0.0025428035,0.002087951,0.004653502,0.0025824646,0.0014440651,0.0005947002,0.0044458094,0.0008768809,0.005438737,-0.00096181803,0.00084839785
2014-03-13,0.0037110923,0.0035250296,0.00080524327,-0.0023647114,0.0039946046,0.0017552574,0.0014555973,0.0013294338,0.0025495773,0.0007829618,0.002686647,0.0021106424,0.002424994,-0.0020698155,0.0007150176,-0.000357974,0.0009098404,-0.0014591564,-7.193623e-05,0.009195427
2014-03-14,0.009351859,0.001886256,0.00053794007,0.0011551164,0.00092180417,0.0044525135,0.003099882,0.0046656094,0.000700828,0.0016788227,0.0016380165,0.00015427903,0.0023297397,0.002135768,0.00082665804,0.00011787476,0.0011024295,-0.0013491673,0.001996254,-0.00016557351
2014-03-17,0.0028532161,0.0025706722,-0.00401649,0.0022293855,0.0032991231,-0.0006008386,0.0,0.0,0.0011436103,0.00075154565,0.0021021771,-0.007963021,0.00021638027,-0.00015762835,0.002430163,0.003224726,0.0012304112,0.0006994209,0.0011068279,0.004563147
2014-03-18,0.003774184,0.0035843197,-7.4873715e-05,0.0016859912,0.0043835575,-0.00069125707,0.0011348535,0.00084730575,0.0005347625,0.0006919298,0.0036396205,4.9302107e-05,0.0010487196,0.004835041,0.0055401046,0.002464109,0.0006024598,-0.0016104601,0.0026796407,0.009540492
2014-03-19,-0.001164081,0.0039196378,0.00034915545,0.0013347431,0.004923041,-4.552625e-05,0.0009245718,0.0015856829,0.0039558527,-0.0011588092,0.00062955066,0.0021744655,0.0018454542,-0.0008276908,0.004008498,0.00013843928,0.0,0.0011994671,0.0033878733,0.00234294
2014-03-20,0.0010692547,0.0032836322,0.0016424899,0.0020160968,0.0008863909,-0.0073546935,0.0027423715,-0.0033248952,0.0026546875,0.0005664003,-0.002528963,0.0011484347,0.0024668905,0.00034181264,0.00089049386,0.00072429754,0.0009865076,0.004993734,-0.00052233384,-0.0008427862
2014-03-21,0.0020573146,0.0038070786,0.0031390176,0.0009852771,0.0020929691,0.0,0.0043239463,0.009620277,0.00019500658,0.0011944834,0.0012760144,0.0043556774,-0.000106030624,0.000240171,0.0030662618,0.0,0.0010292762,0.0013395775,0.00175493,0.006159032
2014-03-24,0.00020112154,0.0019122089,0.0020907554,0.0055010733,0.00042831464,0.0025009566,0.0026848826,-3.929079e-05,0.0005218979,0.0022579588,0.001845626,0.0017782483,-0.000101269245,-0.0022658904,0.0031285107,0.0010304762,0.0019488409,0.0011611396,0.0025861843,0.006885819
2014-03-25,-0.00083119073,0.0012383328,0.0029903247,0.007236871,0.0042519146,0.0010181707,0.004787713,6.890786e-05,0.0022142564,0.0005905858,0.0010830866,0.0016817742,-0.00016570893,0.00019562469,0.0028660893,0.00175077,0.0005196801,0.0018039685,0.0022377444,-0.00034714
2014-03-26,0.0024250653,0.0026351698,0.007125413,0.0015038712,0.0040961076,0.0037539795,0.007444451,0.0,0.0034422323,0.00036083368,-0.00014050836,0.002267045,0.0020979196,0.0015955555,0.009175761,0.0030602573,-0.0010273356,0.0043607843,-0.001510001,0.001120203
2014-03-27,0.0030250086,0.001652126,0.002202629,0.0009204064,-0.00043022234,0.0020221542,0.0071212575,0.000826185,0.00032388803,-0.00054640434,0.0019987775,0.00020573333,0.0019343337,0.0028412882,0.0037977907,0.0048703887,-0.003349022,0.0026269872,-0.00020204087,0.013767451
2014-03-28,0.003414,0.010013795,0.0011456559,0.0017378972,-0.0013140916,-0.0008122224,0.00201643,0.00014903855,0.005547695,0.008313843,0.0024082828,0.0012576832,0.0002819792,-0.00085507595,-0.00014114499,0.005198996,0.0012262932,0.00078949035,0.0,0.001347159
2014-03-31,0.008982173,0.0024143741,0.0004954971,0.0011509804,-0.0004367758,-0.0017505643,0.0006805301,0.0009338426,0.0031320418,0.008960959,0.0008147901,0.0014159011,0.0014826002,0.0023959603,-0.0020739627,0.010510645,0.004905836,0.0006377809,0.00031040766,-0.0031551209
2014-04-01,0.0013704344,-0.0016690575,-0.0019235641,0.0,0.0014268156,-0.0019991929,0.0031201127,2.8885494e-05,-0.003026029,0.0051953127,0.0012997675,-0.0029269706,0.0018762099,0.0011925427,0.0012997399,-0.0049372297,0.0011610346,0.0032602947,-0.0016371312,0.002982858
2014-04-02,0.0032292122,0.0016384114,-0.0014226362,0.00094154605,0.0019809229,0.0,0.0009180303,0.0010932605,0.002153428,0.00031922324,0.0051638396,-0.0049645077,0.0019779946,0.0022646668,0.004834325,0.003573518,0.0005485961,0.0,0.0027967542,-0.0013572414
2014-04-03,0.007036954,-0.00046541923,0.0014851335,0.00022636408,0.0014631898,-0.0007890224,-0.0018246471,0.0009295232,0.0055724047,-0.0018963483,0.0082206195,-0.0004017279,0.0,0.0,-0.0023081133,0.0009084535,0.0039418107,-0.0027612841,-0.00021795863,0.0014747824
2014-04-04,0.0027693613,0.0011300591,-0.0014247528,0.001105151,0.0054517426,0.0,0.0042861574,0.001088292,0.0034131457,-0.0016835456,0.0024564585,0.0037239392,0.0002657418,0.0012595833,0.0028078896,0.0029131353,-0.0026508244,0.000993452,0.001275656,0.0013673262
2014-04-07,0.0020913254,0.0030190707,0.0018727075,0.0012183053,0.002625228,-0.0006265591,0.002512817,0.00021921356,0.003316246,-0.00048335106,-0.0018347396,0.0020786407,0.001263041,0.001550343,9.672211e-07,0.0012338491,-6.1128616e-05,0.0012771966,-0.0036406706,0.0017121815
2014-04-08,0.000121316625,0.0014979761,0.002545422,0.0012831733,-0.00035273898,0.0015478398,0.000925643,0.0019542996,0.0015896966,-0.0028056244,-0.0033525263,0.0021801854,0.0,0.0013500062,0.0058270916,0.0097255185,0.0053838184,9.66697e-05,-0.0007128116,0.0026507585
2014-04-09,0.0010907887,0.00018430401,0.0028456307,0.00076211646,0.00429613,0.0005921317,-0.0022248232,0.00093715376,-0.00039139268,-0.0018836416,-0.0012808328,0.0041082166,0.000841223,0.0028349035,0.0,0.0048036245,0.0014465259,-0.0007000653,-6.9298825e-05,-0.0006973684
2014-04-10,0.0017180456,0.0,0.0039911023,0.0002879565,0.0037018862,-0.0011819821,0.0017447997,0.0,-0.0014478953,0.0061134133,0.0035117217,-0.0027736097,-0.00083197735,0.0016425616,0.0,0.004896653,0.0032246972,0.00018603179,-0.0022275394,5.3458275e-06
2014-04-11,-0.0016442322,-0.0010473314,0.025968919,0.00014243436,0.0049230764,0.0,0.0007422595,0.00010040831,0.0002300039,0.0036754683,0.0019566095,-0.0012615334,0.0012345723,0.0034193816,-0.0049278084,0.004462046,0.0016398375,0.0014069349,0.0007582438,0.00012513461
2014-04-14,-0.0022509506,0.0,0.005833279,0.0009803579,0.0033966694,0.00068357657,0.0009446101,0.0018389082,-0.0013190461,0.0062797423,0.003144208,5.0255214e-05,0.0008506973,0.004313157,0.006889141,0.0026624505,0.001979224,0.0032037573,0.00040130081,-0.002245066
2014-04-15,-0.002516167,0.0012784327,0.0047156657,0.001128119,-0.00025166845,-0.0010256751,0.0027238943,0.0012659588,0.00043450156,0.003884473,0.003837623,-0.0008645582,0.0019987463,0.0022773359,0.020841656,0.00096665445,0.0032840103,0.0056856135,-0.00076699,-0.0018269742
2014-04-16,0.002583944,0.0025972822,0.0055098333,0.001365711,0.0022945423,-0.0009605469,0.0059202295,0.0002616743,0.0009916979,0.004735067,0.0013152162,0.005055131,0.0017544148,0.0052360175,0.0030199385,0.003941847,-0.001797976,0.0040734033,0.002738908,-0.002302592
2014-04-17,0.013958206,0.0037226414,0.0018573428,0.0,0.00040381218,-0.0018078649,0.009173246,0.0028326625,0.0005181438,-0.0030967386,0.0028029971,0.011790773,-0.00016243933,0.0024692004,0.0,0.00291047,0.0017675092,0.0026703316,0.00012382158,0.0009250175
2014-04-18,0.0002736464,0.001719802,0.0033986617,0.0010999363,-0.00024653823,0.0012165363,0.0,0.0068180673,-0.0013839905,0.009804781,0.0032450333,0.013789511,0.0006276001,0.0024897528,-0.0038715557,0.002684949,0.0018797057,0.0029383744,-0.006480876,0.0016366914
2014-04-21,-0.00016960841,0.0008871563,0.0012601977,0.0013146158,-0.0032805188,0.0018578836,0.0010073439,0.0020467278,0.0011581179,0.0059385034,0.0008151597,0.0053860424,0.0020004457,0.00015420678,0.0,0.0016020447,-0.0001166119,0.0008254154,-0.028663263,0.0028028702
2014-04-22,0.0018682163,0.0008154968,0.0016693849,0.0002151972,0.0020472466,0.0020580606,0.0016335734,0.0020169248,0.0057387445,0.0039816867,0.0021763064,0.005107232,0.0014595105,0.0,0.0,0.0015949287,-0.001344172,0.0,0.00024112056,0.0066879643
2014-04-23,0.0019194249,-0.00024638305,0.00053920684,0.0010568374,0.009326953,0.0018486696,0.0060578003,0.0013541222,0.0059207133,0.00047056313,0.0038847947,0.008624868,0.0014128917,0.0011742987,0.012569444,0.0037414778,-0.00013741733,0.00014781785,0.006083681,0.00542203
2014-04-24,0.0033047213,0.0036500758,-0.0027589707,0.0038484556,0.004181168,0.0009818143,-0.00124094,-0.00046894947,0.0058912896,0.0016384658,0.0023412483,0.0013801439,0.00059336476,0.0012497766,0.00637036,0.0009997413,0.00012412341,0.0024906488,0.014328012,0.0006933358
2014-04-25,-0.00095959054,0.001108551,-0.00027896898,0.001382489,0.0003856947,3.8806626e-05,0.0011245391,-0.0026451314,-2.5228053e-05,-0.005187324,0.0010118922,0.0036912004,-0.00121562,0.0023217886,0.00036302343,0.00083789096,0.0010929408,0.0008983899,0.00064878905,-0.00095747376
2014-04-28,0.0019030999,-0.0016762004,0.0026657954,0.0011632552,0.004941737,0.0,-0.0034029356,-0.0076501053,0.0024051296,-0.0011589596,0.0013593562,0.00058564765,0.0,0.00067425123,0.001231507,0.0013915936,-0.0006041129,0.0031280143,0.0046684835,0.0010573515
2014-04-29,0.003416488,0.0023727994,0.0007449699,0.000764981,-0.0003399639,-0.0006278712,0.0005247712,-0.0014845954,0.004204533,0.002663758,-0.00057642563,0.00084716827,0.0004218829,0.0021377893,0.0045118337,1.1739466e-05,0.0015828733,0.00036073077,0.0031933812,0.0058454224
2014-04-30,-0.003352838,0.0005333843,0.0013272708,0.00034179533,-6.701443e-05,-0.0009406973,0.0031855726,-0.00046829955,-0.0003888749,0.005235664,-0.0005952474,5.8522928e-05,0.001632647,0.0022486765,0.0016005047,0.0019720907,0.0037432206,0.00064813276,0.00021582746,0.0025112873
2014-05-01,0.002669537,-0.00047686708,-0.0001743669,0.00092733075,0.00035989867,-0.0008256055,0.0021216096,-0.000475417,0.00829912,0.00036421348,0.0005248223,-0.0015798705,0.002758122,0.0012279475,-0.00039905275,0.0022285373,0.0025143798,0.0021110666,0.00033558,0.0026857967
2014-05-02,0.004878246,-0.0017485108,0.00031106814,0.0012762572,0.0021977983,0.00092601066,0.010959117,0.0033287518,0.0037253466,0.003237802,0.00092686876,0.0001330068,0.0012100843,0.0021880073,-0.0008801844,0.0022480076,0.0030384334,0.0006896818,0.0,0.004456443
2014-05-05,-0.0036504285,0.0024972742,0.0015984687,0.0011272427,0.0005374795,-0.0008989495,0.0051214043,0.0036579587,-0.0035000013,0.0024000767,0.0007379992,0.006797221,0.0,0.0006286167,0.005402148,0.0,0.0013351269,-0.002502082,0.0007193329,0.0054764184
2014-05-06,-0.00074022263,0.0059442003,0.0028279377,0.0011769357,-0.007990389,-0.0016160576,-0.00021092227,-0.0020811872,-0.00057553727,0.0008139018,-0.00018766565,0.0035333189,0.0011542947,0.0018000118,0.004924255,0.0018499036,0.0021426738,-0.0001606167,0.0028110107,0.0032538362
2014-05-07,0.002294482,0.0038801064,0.0017785968,0.00016958403,0.0021920404,0.00046402772,-0.003066137,-0.0034989081,0.003157328,0.004764299,0.0007474144,0.0004307312,0.0,0.0034291954,-0.0022951365,0.0046291593,0.00068250153,-0.00026118965,-0.00034530973,0.0021346244
2014-05-08,0.005224533,0.003020355,0.0024309428,0.0011913566,0.00499383,0.0010261938,0.00571176,0.0037846493,0.0037545962,0.002356953,0.000868185,0.0024038383,0.0017168758,0.0006086011,0.005226921,0.0026827427,0.00049801334,0.0023102644,0.0011054685,0.004379486
2014-05-09,0.0005417968,-0.00034784462,0.005427606,0.0012205847,0.0040010954,0.0012243332,-0.002642271,0.0063583246,0.0056759506,0.0035954178,0.00032927873,0.0022379274,0.0022460327,0.0016812821,0.003242095,0.0039385636,0.0007516372,0.0022700198,0.00095468236,0.0020485462
2014-05-12,0.0042074514,0.0027308173,0.002506928,0.00026561038,0.0052599283,0.0016322484,-0.001127604,0.0007426933,0.0007394161,0.0006460181,0.00039973165,-0.0002984462,0.0013724722,-0.0014547476,-0.00059456873,0.0037051965,0.0016337278,-0.0007181639,-0.0034290708,0.0034843916
2014-05-13,0.00036732285,0.0010184428,0.0029165864,0.0,0.0027171946,0.0007204248,-8.420708e-06,0.0028324872,0.00033023706,-0.0005932693,-0.00084230216,-0.0022048499,0.0021875305,0.002963029,-0.0006142753,0.0048517203,0.0010108135,0.0007168948,-0.0075618145,0.0015436417
2014-05-14,-0.0015948707,0.004566736,0.0027937866,-7.869473e-05,0.0004118783,0.0017382967,0.0021004803,0.0025123758,-0.00021916797,-0.00085446786,0.00092103437,0.0016501106,0.0031599342,0.0016602192,0.0014095842,0.009270587,0.0044494765,0.00051385333,-0.0030866112,0.0022271213
2014-05-15,-0.0005568089,0.0016259426,0.0025045201,0.0014369796,0.0035815733,-0.0008875202,-0.0009084376,0.00082980364,0.0017258269,0.001210732,0.00012027962,-0.0005368638,0.0020856636,0.0003862816,0.0014762434,0.0074273944,-0.0017544187,0.0066977735,-0.0019688571,0.0019973414
2014-05-16,0.0005167593,0.0025172946,0.00010190907,0.0024275794,0.0026346291,0.0,0.0008595988,-0.001323642,0.0028069986,0.0015230025,1.1088875e-05,-0.0001425944,0.0012748007,0.00039237097,0.0026054003,0.0057156924,0.0028223249,0.0033996755,-0.008111647,0.0026680238
2014-05-19,0.0041177236,0.006327547,0.0032247137,0.002719633,0.004093372,0.0019656715,0.0072686602,0.00021907964,0.0038644813,0.0030737151,0.0025944444,0.0052177496,-0.0002908595,0.0017161442,0.0038484095,0.0012057303,0.0024216871,0.0035817297,0.00071699853,0.00068681006
2014-05-20,0.004138151,0.0053895125,0.0048511303,0.0019936229,0.0048433435,0.002201449,0.0042644995,9.899132e-05,0.00402616,0.004963709,0.0021487325,0.008520278,0.0011415688,0.0028321135,0.0075142696,0.0042308858,0.0020615067,0.0014122732,0.0033571245,0.00079455867
2014-05-21,0.0038225462,0.0014210718,0.00036919906,0.0,0.0016711116,0.0014326903,0.0048440313,0.00031161337,0.0060378253,0.0030181361,3.9011164e-05,0.0036862611,0.001991931,0.0021676535,0.0047455523,0.0027436633,0.002570118,0.0019247469,0.006862391,0.0008195988
2014-05-22,0.005828904,0.0025947094,0.0030968972,0.0017275302,0.0,0.0017187117,0.0017282452,0.0040014563,0.008902759,0.00097407924,0.0023473962,0.0027203949,0.00015174759,0.001993643,0.0045700097,0.0018959783,0.003520296,0.0027124337,0.0115396455,-5.2208594e-05
2014-05-23,0.0058130394,-9.074914e-05,0.0037606976,0.0015385771,0.0019498906,0.00030599555,0.00399362,0.0018025581,0.00083800266,0.0023783708,0.0035481567,-0.0006551588,0.0012470302,0.0027473513,0.005018898,0.0014106216,0.0011168995,0.00048904424,0.002824061,-0.0031993696
2014-05-26,0.005440826,0.0008284935,0.0028033676,0.00047232414,-0.00062731747,0.002326509,0.0014344021,0.00022134949,-0.0012682492,0.0006985277,0.0045545427,-1.4543504e-05,0.0007196887,0.006337541,0.0028971806,0.001846116,0.0004831261,0.0007850061,0.0051664133,-0.0036647243
2014-05-27,0.0030118416,0.0020284175,-0.0044741426,-0.0018239066,0.0,0.00176865,0.0023111266,-0.0006941009,-0.00029074788,0.0027183054,0.0019748157,0.0035264287,0.0023699377,0.0,0.0014231689,-0.0008944615,0.004061342,-0.0013251692,-0.0027573109,0.0
2014-05-28,0.005592561,0.003995205,0.00013292601,-0.0005431715,0.0032951524,0.0012296162,0.0016008295,0.00014457417,-0.0007135264,0.0035854827,0.0017259114,0.0003900957,0.0011442674,0.0017186633,0.006772735,0.005412358,0.0021133444,0.0,-0.00800989,0.0012337087
2014-05-29,0.0035659361,6.8917097e-06,0.0024576767,0.0022260835,0.0022975432,0.0014393007,0.004113906,0.002199297,0.004960704,0.0012258842,0.0022325905,0.0028791581,0.00102399,0.0026616356,0.0013951085,0.0041777454,0.0032477656,0.0026093915,-0.002726051,0.008727403
2014-05-30,0.000608658,0.0015054595,0.0012883509,0.0013798536,-0.0004108906,0.0007309818,0.00071432086,0.0018143655,0.0050921817,0.004571938,0.0020491155,0.0017605649,0.0006233958,0.0019588515,0.006625703,0.00062237476,0.0026319465,0.0015202247,0.0022288929,0.0046148235
2014-06-02,-0.0008263573,0.0025556257,0.0030121882,0.0016603298,0.0021886304,-0.0001106037,-0.0018316758,0.0009139571,0.0035277125,0.0013294261,0.001189728,0.0004552908,0.00021667294,9.9999255e-05,0.0040503806,-0.013823298,0.0043878863,0.002997144,-0.0033492,0.0020892348
2014-06-03,4.8685837e-05,0.0011773072,-0.0010517957,0.0006363259,-0.00029827285,0.0017754604,0.0060822777,-0.0031751553,0.0025117835,0.003907609,5.9923965e-05,0.00088049617,0.00026050844,0.000383761,0.0036421386,0.005130952,0.002541002,-0.00029792468,-0.0037495883,0.0028824501
2014-06-04,0.0042333314,0.0009415555,-0.001739839,0.0016785542,0.00090066215,0.00046874728,0.006606195,0.00017607612,0.0025171821,0.0013275744,0.00067471253,0.001933574,-0.00040014568,0.00034351007,0.0027969386,0.009739664,0.0005245385,0.0,0.0125441,0.009165723
2014-06-05,0.004840372,0.0024970442,-0.00060288253,0.00071418326,0.00049820985,0.00039317648,-0.00050444924,0.0024549658,-0.0013371237,0.0026301297,0.0025119293,0.001311364,0.0025100051,0.00012474577,0.0028082668,0.00672675,0.0012238045,0.0014343023,0.010874662,0.0
2014-06-06,0.0011914704,0.00014372986,0.0029026389,0.0,-0.0010220583,0.00010986212,-0.0018308947,0.0007576408,0.0014192204,0.0017117471,0.0013451524,-0.00037545883,0.00027514383,0.0,0.0016823298,0.009268744,0.00059488614,-0.0013948624,0.0005952734,-0.0027655284
2014-06-09,0.0002233352,0.002771041,0.0004987233,-0.0004530627,0.0030765003,0.0013705596,0.00067688356,0.0011448303,-5.8794056e-05,0.00068091817,0.002056412,0.00063956535,0.00059446105,-0.0014623777,0.0005148539,0.0032294716,0.004383327,0.001718158,0.0065063727,-0.0018473645
2014-06-10,0.0002803216,0.0026108006,0.002405036,0.0015686769,0.004912983,0.0017057797,0.0031443455,0.0047567505,0.00361286,-0.0015021376,0.0008959351,0.0008588298,0.00033981126,-0.0012105487,0.0049155056,-0.0037059542,0.0033426846,-0.00032436207,0.008120597,-0.0002793713
2014-06-11,0.0012646846,0.0021916246,0.0028348423,0.001227459,-0.0020854303,0.0008451005,0.008818141,0.0037919718,0.0026306503,-0.0026863448,0.0017714277,0.0018559385,0.003012179,0.003541991,0.0045511727,0.0003323256,0.0034911449,0.0013632728,0.0021753178,0.0005823257
2014-06-12,0.000841089,0.0028642106,0.0018496813,0.0010378304,0.00017304618,0.0012195057,0.0024013729,0.0032190331,0.0014394901,0.0014317895,0.0015895548,0.002059586,0.00074138504,0.0043295273,-0.0017569703,0.0007326067,0.0,0.0004956534,0.00854221,0.00051764445
2014-06-13,-0.0034764274,0.0067820577,0.010927235,-0.0008775766,0.006177757,0.0012422893,0.0048274407,0.009163221,0.0006760975,0.006858458,0.0014128777,0.0026302962,0.0016273485,0.0063196365,0.0,0.0027186382,0.0007469829,0.0015887814,0.0048315614,-0.0006345278
2014-06-16,-0.00034454648,0.001246185,0.0013466689,-0.0025164292,0.0037748702,0.0,0.010884904,5.2452262e-05,0.0022887362,0.00042431572,9.4205854e-05,0.0023493157,0.0030537269,0.0032113597,-0.00016203687,0.0006721793,-0.0031990013,0.0019023524,0.0048999265,-0.0039268774
2014-06-17,0.0005193223,0.00087825663,-0.00037086077,-0.000879445,0.00521007,0.00092446565,0.0056808824,0.001852495,0.0034535762,0.0012100304,0.0017055322,0.0021882625,0.00051133585,0.0017223696,0.0018480424,0.0025729053,-0.00047043624,0.0020148505,0.00081019633,-0.0022153212
2014-06-18,0.00062649715,-0.0021203072,0.0011808227,0.001260358,0.0032262283,0.0013800198,0.002511566,0.0025330896,0.0032666998,0.0025221715,0.0020266,0.0017779543,0.0022816518,0.0014420506,0.0005541939,0.0026742744,0.0007159951,0.0012737907,0.0017538714,0.0026120148
2014-06-19,0.005724679,-0.0013696138,0.000626836,0.0015712337,0.0018526394,0.0024150142,0.004016075,0.0065463637,0.00019288682,0.0048014955,0.0027926033,0.00074679893,0.0027961584,-0.0013774646,0.0021195095,0.01037481,0.0027026164,0.0017309263,-0.001747716,-0.003143374
2014-06-20,0.0060848542,-0.0024342467,0.001079633,0.00040376166,0.0016883538,0.0016454064,0.0030822342,0.008708038,-0.00036525822,0.0072756344,0.00331068,0.002421412,0.0017100638,-0.0010896034,0.0048263497,0.0024146861,0.0044437055,0.0010548506,0.0022729938,0.0054680244
2014-06-23,0.007254563,-0.0019585323,0.0014087991,0.0007311364,0.0030601353,0.00020225148,-0.0026417053,0.0010840883,-0.00094545586,0.0046377415,0.0,-0.0012329005,0.0019084195,-0.00047855388,0.0036556746,0.0025072347,0.0037872253,0.00200429,-0.0005916503,0.00060516596
2014-06-24,0.00616241,0.0008526507,0.0019793601,0.0013891824,-0.004998151,0.0004096444,0.00035338977,0.0008478467,0.002626332,-0.0020611794,-0.0012722325,0.0037944734,0.0014681204,-3.0046194e-05,0.0026305763,0.006396577,0.0015365962,-0.0015640135,0.0010484271,0.0019687952
2014-06-25,0.0,0.0013866714,0.002235583,0.0031666292,-0.008944838,0.0023294464,0.000303444,0.0010908123,0.0034892978,-0.00056475645,0.0024929645,0.0026089104,0.0021078933,0.003826138,0.00020938671,0.0014018466,0.00034716618,0.005005079,-0.0054806336,0.00069118635
2014-06-26,0.0035308318,-0.0018563543,-0.0014457346,0.0021052854,-0.0006153396,-0.00021178123,0.0014410934,0.00421578,0.004711025,-0.0019954864,0.0004971565,0.0043716948,8.6802055e-07,0.009755207,0.000521589,0.005356045,-4.128336e-06,0.0032197814,-0.0017817926,0.003361081
2014-06-27,0.0030160777,-0.0073961345,0.0,-0.0009044857,0.0032052342,-0.00021215809,0.003923812,0.00051832694,-0.00010213944,-0.00050071377,-0.0013136282,0.002445577,0.0028889235,0.0034067011,0.0023749531,0.0038072038,-0.0011394786,0.0030468768,0.0032968342,-0.00057343504
2014-06-30,0.0061247647,0.0010220908,0.0015981179,-0.0043610362,0.002850044,0.0038026075,0.0023047219,0.0014106086,0.001087458,-0.0008663589,0.0027787213,0.001632325,0.0007207271,0.002329574,0.008647679,0.00011665973,0.0,-0.0001999121,0.0050536133,0.0009760722
2014-07-01,0.006155254,-0.0013389953,0.0014412792,0.0019590037,0.00035564578,0.0054318914,0.0021878541,0.003807381,-0.0025575575,-0.00047347875,0.0020271065,0.0010575455,0.0011504586,0.0012533704,0.0022057726,0.0024944926,0.0009936242,0.010956897,0.0016218708,-0.00032280412
2014-07-02,0.0007076658,-0.0015153048,-0.000878371,4.946071e-05,0.0054257996,0.003787354,0.0047882716,0.00010532854,9.2738366e-05,-0.00054438214,0.0016009863,0.0022021735,-0.0008920549,-0.001066556,0.005387649,-2.5167981e-05,0.002277697,0.001606064,-0.000831613,0.0006552059
2014-07-03,0.0024524338,-0.00032681559,0.005321641,0.0005855451,0.0042920867,0.008785565,0.0036538774,-0.0024355059,0.002419564,0.0019899602,0.0013287049,0.0032819838,0.0037787566,0.0006325058,0.0023699545,0.0003087546,0.002009289,-0.0011818795,0.0024095601,-0.00082610844
2014-07-04,0.003704804,0.0018322414,0.003868122,0.003967042,0.0061957524,0.0046391413,0.004968909,0.000822205,-0.0018972537,0.0010150715,-0.002175154,-0.0009448096,0.0017772451,0.0030376015,0.0010999024,0.0007112621,0.003532649,0.0032293196,0.004082636,0.0016893769
2014-07-07,0.0021025394,0.004497528,0.0031728665,0.0010775954,0.0021243861,0.0,0.0040029716,0.0009818292,-0.0017024546,0.0027924413,-0.005640692,0.0021836099,0.0038864934,0.000845901,0.004015071,0.00447292,0.0016228658,-0.0026415961,0.001658373,0.002835479
2014-07-08,0.006630147,0.0040312232,0.0036600155,0.0024381161,-0.00011445063,-0.000192659,-0.0014471728,0.0011410797,0.0024653175,0.0010187605,0.0011502317,0.00054679654,0.0,-0.0010645556,7.004906e-06,0.010036497,0.0017144801,0.0026365293,5.6657413e-05,0.0010430992
2014-07-09,0.0031432929,0.0067446344,0.0043384926,-2.661224e-05,-0.002445424,0.0016008804,0.00024651873,0.00043754018,0.0006266395,0.0003593967,0.009862301,-5.810128e-05,-0.00032629882,-0.0020349962,-0.0005285313,0.002048842,-0.000992983,0.0016499814,-0.000822161,0.0036946298
2014-07-10,0.001454404,0.0055905427,0.0004676761,0.002844644,-0.0010720965,0.0054076775,0.0054058223,0.0019999177,0.00558864,0.0016818579,0.008951537,0.003407865,-0.00091553136,-0.00055704906,-0.0093285935,0.0061486494,0.0007429921,0.0,0.0020617538,0.004401978
2014-07-11,0.0012629188,0.0020968302,-5.3483143e-07,0.0005928683,0.003070633,0.004074201,-0.0014426459,0.00046906856,0.0021813137,0.0037915595,0.011033621,0.0010999972,-2.7860098e-05,-0.0012511625,-0.00844797,0.009266811,-0.0011284316,0.0036891561,0.0006874527,0.0023245509
2014-07-14,0.0035344416,0.0069175703,0.0020860431,0.0024038248,0.0012194286,0.0017260751,0.0051746466,0.0009858384,0.004413755,-0.000492216,0.004044442,-0.004098073,-0.0026618002,-0.0006595657,0.0018283298,0.0017123315,-0.0008658922,0.0005015358,-0.0001120176,0.0028062407
2014-07-15,0.0023574047,0.0030575853,-0.0007084741,0.0015558207,-0.0016287623,0.0016227793,0.00036130866,0.0039075753,-0.0012600188,0.0,0.0003941056,0.000791012,0.0011773565,-0.0002497217,0.00035265053,0.00097257,0.0023835544,0.0006226446,0.0025101036,0.0008588332
2014-07-16,0.001386787,0.0042454237,-0.0012394513,-0.0012900091,-0.0022252256,0.0038474314,0.00034430646,0.005500878,-1.0779587e-05,0.00369222,0.0054252427,0.0029618475,7.6038596e-05,0.0010598456,0.001906591,0.0027263302,0.0012205,0.003252321,0.0020173881,0.0018506458
2014-07-17,-0.00052112504,0.0015706983,0.0018799066,0.00314143,-0.0016209534,0.0070810877,-0.00013338761,0.00218025,-0.0049430705,0.0024505083,0.0098315915,-0.0012665188,0.0015142993,-0.00070069794,-0.000109610904,-0.002181588,0.0023342539,-0.0015708675,0.0049142097,-0.0043418906
2014-07-18,-4.5351902e-05,-0.0006887195,0.0038927284,-0.0013573251,0.0022280554,-0.0018846814,0.00019528467,0.000776847,-0.0010160686,0.00091538334,0.0,0.0032154801,-0.0005969878,-0.0011180452,0.0017408126,-0.006040917,0.0022008822,-0.002326644,0.01052078,0.0060514254
2014-07-21,0.0044629015,-0.0008383545,0.003576514,0.00037767956,0.0029300349,-0.0014470592,0.0007230172,-0.00078376185,0.000705102,-0.0013682713,-0.0019696644,0.0036462506,-0.0014365233,0.007825256,0.002321467,0.0073253205,0.0010174526,0.0006782719,0.0015752823,6.739811e-05
2014-07-22,0.00026253297,-0.0011137049,-0.0018677916,-0.00072729355,0.0017786061,0.0057673017,0.0013864553,0.00031090455,-0.0010515961,0.00081092713,0.0021004952,0.0025857838,0.0029716678,0.00038338816,0.0025691397,-0.00019935118,0.0018025215,0.0007707114,0.0044824486,0.002055166
2014-07-23,0.008937768,0.0008451377,-0.00037562373,-5.1644973e-05,0.002292436,0.004655761,0.0024367378,0.0037383754,-0.00018058572,0.001228119,0.0016610755,0.0016842447,0.0039160675,-0.0006966659,0.0020413627,-0.0018073608,0.0,0.0006198774,0.0011628926,0.00934865
2014-07-24,0.003243333,0.0005395431,0.006060099,0.0025321716,0.0011481632,0.0022640845,0.0010625888,0.00012312311,0.0030686993,0.00068560726,0.000413259,0.0051738415,0.0009927817,0.0008459822,0.0019164861,0.010979648,0.0007216483,-0.0011201546,0.00041375225,0.003007519
2014-07-25,0.0007052057,0.00054764125,0.005343659,-0.001997674,0.003708226,0.002264221,0.0023055305,0.0028084635,0.004349716,-0.00030439137,0.0042157434,0.004459962,-0.001071027,0.003565898,0.0029599527,0.006983234,-0.00089801324,-0.0026913108,0.0019835678,0.0060604946
2014-07-28,0.0027566995,0.0018815319,0.0036551012,-0.0034640734,0.0031677447,0.0009091691,0.003827778,0.002854408,0.0054847086,0.00065540144,0.00079034787,0.0,0.0022522018,0.0,-4.771164e-05,0.0,0.0027159113,-0.0008912066,0.0008533039,0.003324618
2014-07-29,0.0044884034,-0.00026260657,0.00071452797,0.0023649365,0.0009824189,-0.0012684792,0.0017409424,0.0020509006,0.0029238944,0.0018013134,0.0017754857,0.0021225777,0.004947694,0.0007826165,0.001904336,0.0032535882,0.004163522,-0.007170815,0.0,-0.0039407313
2014-07-30,-0.0003458129,0.0020228117,0.0036552693,0.0064034597,1.1892223e-05,-0.004292813,-0.0006108791,0.002907917,0.0011931485,0.0022306368,0.0056663183,0.0024398654,0.0029297483,0.00855272,-0.00029835606,-0.0029252605,0.0018599149,0.00040864144,-0.0009957057,0.006072953
2014-07-31,-0.0015262653,0.0037626307,0.004898414,0.0022703337,0.004007088,-0.0032369557,0.0003379294,0.0020307302,-0.0015780778,0.0006638561,0.0033472544,0.0017215145,0.0030777496,0.0028313543,0.0021002083,-0.022976257,0.00035712728,0.0010776819,0.00012208843,-0.001365114
2014-08-01,-0.0077100727,0.00074648665,0.004050208,0.0013311497,0.0036765249,0.0017946033,-0.00069771067,0.0035319144,0.0027152502,0.0014223591,0.00100292,0.0030159939,0.0,-0.0029521645,0.0030677922,0.0012665063,0.0,-0.0014620265,0.003997272,0.019603431
2014-08-04,0.0,0.0034006503,0.004739648,-0.0007771527,0.0027638117,-0.0024833423,-0.0010281369,0.0012480156,0.0033145868,0.0050010923,0.00087648747,0.0024910038,-0.0015755543,-0.016668905,0.0010215301,-0.00045263622,0.0024118137,-0.006041971,-0.0008263021,0.0069093434
2014-08-05,0.001553938,0.0024898916,0.004256745,0.003454742,0.0,0.0057990407,-0.0014533738,0.0028051303,0.0060522673,0.0040358067,0.00035507063,-0.0018257144,-0.00062480685,0.00014098472,0.0002072076,-0.000114948205,0.0014592288,0.0039936053,0.040805373,0.0051629557
2014-08-06,0.0087968735,0.0010803139,0.00093799847,0.003907999,-0.0006268948,0.002295953,4.0537984e-06,0.0025854863,0.0062590903,0.0019899146,-0.00027165408,0.0013549246,-0.00238198,0.0011279635,0.0010223165,0.0028279272,-0.0002029681,0.0051532895,0.0051503885,0.0049351356
2014-08-07,0.0009688062,-0.0007526138,0.0012905858,0.0038666434,0.0010299822,0.010100354,0.001056515,0.0015060009,0.0020332858,0.0027843118,0.0033266256,0.0010676378,0.0019066051,-0.00015988539,0.0015509955,-0.0015676728,-0.00067918014,0.0019567758,-0.0040772227,0.0011897652
2014-08-08,0.0016117475,0.0073172636,0.002104408,0.005210927,0.0006783934,0.009760528,-0.0034619796,0.0022231922,0.0030163908,0.0007992091,0.0031388178,6.346201e-05,-0.00037629413,0.0037968815,0.0007442153,0.0027246373,-0.0019754895,0.0049148467,0.004115463,-0.0023611304
2014-08-11,-0.0018571728,0.005008879,0.0033931632,0.002295058,0.00021516994,0.0026149622,0.0048310715,0.0005699548,0.0005800424,0.0015226511,0.0017883745,0.0014988014,0.0016008393,-0.002299974,0.0037944536,-0.00086157286,-0.0013626668,0.0028280874,0.008774755,0.00033412894
2014-08-12,0.00030412068,0.006421407,0.00015715824,0.0026297132,-0.000499846,0.002461785,0.004876884,0.001686564,-0.00037480882,-9.414792e-05,-0.00015384614,0.001974063,0.00064845174,-0.0009808263,0.005524057,-0.00061173976,0.0013295035,0.0019440535,0.003800716,0.0018880198
2014-08-13,0.0048342394,-0.0011164038,-0.0016362255,0.0027704136,0.0,0.0004975169,0.0016187056,0.0010920332,-0.00077843963,-0.00032473993,-0.00033039978,0.0013608357,0.0003996811,0.0,0.00509373,0.0001377616,0.0012270777,0.0010198451,0.0004971383,0.0055354633
2014-08-14,0.0050896727,0.0005682915,0.0011893664,-0.0012390907,0.0011991679,0.001502834,0.0040654484,0.0034114309,0.0010706319,0.0009470034,-0.00082761806,0.0017983811,-0.00041527598,0.00046328647,0.006005715,0.0018592335,0.0013100908,0.0029086655,0.00073831854,0.006162152
2014-08-15,-0.00034984542,0.0013010977,0.0012249105,0.0004914669,0.0005787552,0.006660734,0.0019400702,-0.001028263,0.0029279995,0.0016015162,-0.0026696988,0.0011975012,-0.0008105324,0.00038301075,0.0024001005,-0.0024036742,0.0011125285,0.0008289437,0.0009132994,0.018728733
2014-08-18,-0.0024699152,0.00051538815,0.0007629076,0.00055414403,0.0015876445,0.0043635773,0.0013836239,0.0013789464,0.0040868972,0.0026879078,0.0014275413,0.0010870517,0.0006564286,0.0018195587,0.0010512448,-0.0011284016,0.0016988794,0.0051694214,0.0023245008,0.0056095487
2014-08-19,0.0013274257,0.0020168982,0.0033763493,-0.0008254197,0.0013816854,0.000564021,0.0016041693,0.0010364522,0.00273725,0.0022705346,0.00035234776,0.0022310386,0.0026615015,-0.0014272983,0.003178218,-0.00011117374,-0.00033085758,0.003415153,0.0042134565,0.0054698107
2014-08-20,-0.0054779937,0.008219753,0.00092668884,0.0022376634,0.001192929,0.005948839,0.0020406551,-0.0009056899,0.0025414857,0.0007254239,0.0020535558,0.002471343,-6.0715625e-05,0.0031464174,-0.0015273236,0.0043872423,-0.0018790613,0.00092595915,0.0067135277,-0.0015408543
2014-08-21,0.003940207,0.0041295285,0.0060652527,-0.0010317209,0.0013283341,0.001754406,0.0021241852,0.0037588908,0.0021275426,0.0033188062,0.003331703,0.0020633787,0.0031279668,0.0032879615,0.0036524117,0.0035326679,-0.0005322964,0.0029864872,-0.0026064827,-0.0003776907
2014-08-22,0.00013691367,0.0008431505,0.0063063386,-0.00010205927,0.0015393428,-0.0037274861,0.0014338593,0.0,0.0018515857,0.0,0.0021086806,0.0023228326,0.002595767,0.0011032149,0.0028327315,0.0014834355,-0.0010911322,0.0014348415,0.0033768374,-0.0007474733
2014-08-25,0.00196714,0.0021732782,0.006880921,-0.0001998749,0.000610477,0.0030640678,-0.0021133812,0.00059963483,0.0023305449,0.00019953748,0.003067753,0.0,0.0022712864,-0.0008805458,0.0005979842,0.00083423103,0.004730611,-0.0021423846,0.0020394751,-0.0010656707
2014-08-26,0.0015197551,-0.00056138,0.0019704644,-1.864197e-05,-0.00040265324,-0.00090599747,0.0,0.0043193256,0.0019169529,-0.00045100288,0.0011146332,0.0012678913,0.002117809,0.00034537134,0.0,0.0063331937,0.0017172477,0.0010165469,0.0008019821,0.025499843
2014-08-27,0.0010920091,0.0054052626,0.0011222957,0.004002146,-0.00016246315,-0.00017300212,0.004547866,0.0025601229,3.034211e-05,-0.002037655,0.0023429587,0.00092591904,0.001328565,0.002016871,0.002139265,-0.0033330393,-0.0010002352,0.0,-0.00016766235,0.0036667124
2014-08-28,0.0,0.0034249849,0.0009947693,0.001911099,0.0,-0.0005237448,0.00054603146,0.0019526366,0.0029525352,0.0018392979,0.0020998223,0.0014724305,0.0030575837,-0.002063587,0.0010176606,-0.0024923855,0.0043398635,0.0007299266,-0.0031582552,-0.00278611
2014-08-29,-0.0022931073,0.0019439025,-0.00025650897,0.0016687298,0.0011000418,0.0015570426,0.0021106265,-0.0022209475,0.0003179561,-0.0010153096,-0.002942694,0.0014718553,-0.0024028076,0.0022220707,0.0005140567,-0.0013657365,0.00014034993,0.0008226822,-0.0014667499,0.00092948315
2014-09-01,0.0020693592,0.00050006004,0.001356589,0.0028197183,-0.0012906687,0.0009168496,0.0039512673,-0.00041899306,0.0015362159,-0.0024580327,-0.010749295,0.0,0.0,0.0019964254,-0.004986585,-0.00067810767,-0.0022033036,-0.00026528965,0.0016227069,0.0
2014-09-02,-0.0005002185,0.0013988448,0.001994259,0.00187866,-0.0017786137,0.00019572831,0.0062203775,0.0,0.002568894,0.0014869677,-0.00056791026,0.00030732725,0.0002759852,0.0018226134,-0.0027171734,-0.0054667215,-0.00030226354,0.00043068637,0.0073716515,0.0022516411
2014-09-03,-0.0020621263,0.0031664863,0.00012294459,0.0003854488,0.0022663546,0.005200988,0.0038218373,0.0,0.0017741568,0.0015413902,0.0007033665,0.0011754947,0.0022888952,0.0,-0.003836947,0.001751265,0.0031282054,0.0012880692,0.005579865,0.0007515573
2014-09-04,-0.0024058407,-0.0013977453,-0.0058606653,0.0017779334,0.00019755252,0.0061785933,0.0007682867,0.0016369793,0.0011936397,0.002495443,0.0037079907,-0.0006154187,0.0025654912,0.0014780462,0.0036756352,0.0064959903,0.00013709565,0.0019147196,0.00016475705,0.0010905014
2014-09-05,-0.0016325449,0.0026713246,-0.0015430119,0.004255625,-0.0027650443,0.00026544186,-0.00037702668,0.0,0.0011264152,0.0028933333,0.0006144865,-0.0006791059,-0.002222785,0.0030045707,0.004764906,0.0057040853,-0.0006864825,0.0029358536,0.0,0.002851173
2014-09-08,-0.00038906196,0.002261724,0.0007561457,0.0034603253,-0.0004212831,-0.0016391764,0.0032880215,0.0007277353,0.0009696375,0.005104787,0.0026214959,2.9858282e-05,0.0014851944,0.0025447828,0.0041545713,0.0072696367,0.002969364,0.00038574246,0.003848571,0.0017930615
2014-09-09,0.00090118364,0.005329794,0.0,0.0028025683,-0.0035127131,0.0051570046,0.0043352996,0.0016170087,0.0032942109,0.007310156,0.0030211688,-0.0005598965,0.0009499845,0.0031125457,0.0042011184,0.0011898858,0.0027917821,0.001326824,0.00084858725,0.0007967921
2014-09-10,0.0034182686,0.0044749286,0.0016370014,0.006148491,0.004904347,0.004422977,0.0035357324,0.0054553216,0.0028205786,0.006355168,0.002187993,0.0025500937,0.0014455115,0.0022676364,0.000852935,-0.0021310274,-0.0005429196,-0.0002893567,0.0025826592,0.0011290296
2014-09-11,0.0037991742,0.0016509595,0.0032988738,0.0,0.00680594,0.0005962238,0.0001921727,0.0048789764,0.0004329914,0.0012150147,0.0024526492,0.0008961913,0.003254918,0.0010201293,-0.001661916,0.0014756983,0.0026435475,-0.0024298779,0.0024032441,-0.0015169411
2014-09-12,0.002103274,0.0011850585,0.002236706,-0.0027499388,0.0034898303,0.005404579,0.0003797923,0.00108248,0.0012218662,0.0003519528,-0.0013039764,0.0035756796,-0.0008286752,-0.0006030025,0.0014677192,0.00053711695,0.000907929,0.00028228824,0.0018228113,0.0041789715
2014-09-15,0.0012462292,0.0035364726,0.002394312,-0.0016261432,0.0013663253,0.0020286436,0.0012247692,0.0029496578,0.00062883,0.00027093434,0.0,-0.001525736,0.001222868,0.0034519413,-0.00031691729,-0.0013638289,-0.0016877947,-0.001022553,0.00059638935,0.0010889027
2014-09-16,-3.9574414e-05,-0.0014300176,0.0041911225,-0.0009135108,0.0053086495,-0.0016887009,0.0008081937,0.0032970454,-0.00048046597,0.002706213,0.00211646,0.0031144968,0.0027029533,0.0046166736,0.005426618,-0.00073470763,0.0008716945,0.0014290477,0.00072269415,0.00087211275
2014-09-17,0.0025735989,-0.008833766,0.004002835,-0.0011113985,0.0035499353,-0.0024715995,0.00079748326,0.0016476855,-0.00074374955,0.0012264337,0.000746498,0.0035306367,0.00085951126,0.0014532302,0.0,0.010966992,0.0011652826,0.0044528306,0.0033556945,0.0016537668
2014-09-18,0.00097229896,0.0017441559,0.0007961669,0.00013094292,0.0024374407,-0.0065481826,0.0034528181,0.0012218626,0.0,0.0006793352,0.0028042512,0.003527113,0.0021940998,-0.00032418282,0.0032270784,0.0011669773,0.0012436021,0.0020401806,0.0029128508,0.0014828696
2014-09-19,0.0020051068,-0.0006230891,0.004577917,0.0015995326,0.0010307641,-0.00394041,0.0036242928,0.0015694695,0.0027213716,0.0037520241,0.00032712804,0.0005027142,0.0034157266,0.00091225986,0.0044084,-0.0036719483,0.003407229,0.0010331043,0.008024037,0.0034148635
2014-09-22,0.004456189,0.0013078693,0.0033837848,-0.0028173975,0.0029168131,-0.0015273285,0.0028180259,0.0032242204,-0.0018127577,0.0029245624,-5.254786e-05,0.005414258,0.0017106181,0.0027351181,0.0017370551,0.0046462016,0.0029158613,0.0010200565,0.0018664721,0.006639125
2014-09-23,0.0012623146,-0.001336355,0.00012678646,0.0014693745,0.00052713056,0.0028333098,0.0012954718,0.0025717656,0.001675824,-0.00068579556,-0.0019548975,0.0030118818,0.0030189115,0.00520552,-0.0018138071,-0.0024524338,0.0009056065,-0.00021815549,-0.0008437365,0.0025095732
2014-09-24,-0.0018970121,-3.969831e-05,-0.0010234778,0.0053971442,-0.0016059867,0.00282687,0.0032437514,0.0024088535,-0.00205657,0.0039931764,7.799272e-06,0.0004488772,0.00045385867,0.00072319584,-0.04141608,0.001593512,0.005111533,-0.0042960383,4.6793368e-05,0.0
2014-09-25,-0.0076543866,-0.0009124541,-0.0023365987,0.0,0.0,0.0019801816,0.0072047454,0.0014287316,-0.00120605,0.0032558157,0.0013095839,-6.636917e-05,0.00050530944,0.00064974336,0.00029690898,0.0015841917,0.0027049144,0.00065026514,0.0019531988,0.0020831446
2014-09-26,0.00019492893,0.0051471614,0.0011737531,0.0025532031,0.0022013676,0.007034713,0.008558847,0.00079680124,-0.008279129,0.0025596942,0.012784297,0.0,0.0011372955,0.0015689586,-0.0014438386,0.0017307021,0.0,0.00082977343,6.6687295e-05,0.0015764891
2014-09-29,0.0038283926,0.004668251,0.0018010413,0.0033265757,0.002324102,-0.0012212069,0.000599449,0.0031129525,0.00306543,0.0035880308,0.0025715178,-0.0014450892,0.0040787463,0.005542169,0.011506851,0.0062918602,0.0011207223,0.0053812256,0.00050217373,0.0038188
2014-09-30,0.00088124047,-0.009412826,0.0008882639,0.002925072,0.00047183063,0.0037670834,-0.002247834,0.003870047,0.0014546855,0.0033736124,-0.001639518,-0.0016269465,0.004086218,0.0005949071,0.016111305,0.012136913,0.0,0.00047465795,0.002190992,0.0037096706
2014-10-01,0.005207169,0.0016267507,0.0009729117,0.0043598986,0.0014587245,0.0006861595,0.004165136,0.0008480693,-0.0003304906,0.0,0.0037093565,-0.00013553692,-0.00052315684,0.0024734112,0.002257323,0.005243792,0.0042194254,0.0030017095,0.0024622618,-0.00029713905
2014-10-02,0.004296033,0.0035624178,0.0025040447,0.0028329077,0.00094527984,-0.0015988919,0.0026882656,0.0022550381,0.003026575,0.0023260508,0.002017009,0.0056881905,-0.00161962,0.0044118958,0.005090506,0.0008640152,0.0021941338,-0.0005262605,0.0036977406,0.00075024925
2014-10-03,-0.000570547,0.0028025717,0.009808474,0.0019135713,0.0012048078,-0.0012735327,0.0028652002,-0.0026879443,-0.0012556422,0.0032676116,6.6722874e-05,0.0021858334,-0.0030766781,0.004560289,0.0025997034,0.0102333715,0.0,0.0011368322,0.0025984282,-0.00067345705
2014-10-06,-0.002331029,0.0035348446,0.006196321,0.0011517444,0.0011378176,0.0008563786,0.00089673605,0.0012951584,0.005579897,0.0006923413,0.0026761424,0.0048991037,4.2518128e-05,0.013115246,0.0,0.0028038092,0.001379097,0.0010585273,0.0012018892,0.0015713656
2014-10-07,-0.0005674915,0.006636086,0.0016214522,0.001319986,0.0011485933,0.003795378,0.008093994,0.0035295088,0.00678962,0.0012710177,-0.00041135773,0.0,-0.001170847,0.0040265564,-0.007710581,0.0020234203,0.0026292335,0.0032690184,-2.212576e-05,0.00813503
2014-10-08,0.0012472845,0.002698205,0.0017784568,0.0009318191,-0.0014858368,0.0015686722,0.0017444299,0.0013135748,0.0050993934,0.004160335,0.0036954437,0.0006279786,-0.002143724,0.0017865055,0.0034161992,0.0010346697,0.0024986758,-0.001155834,-0.00022217874,0.014217786
2014-10-09,0.0,0.0007281024,0.0045592375,-0.0016866629,-0.00028745964,0.001494509,0.007923156,-0.0007792243,0.0031884753,0.0051066624,0.005550894,0.0010147009,0.001764412,-0.0002998436,0.00031548188,0.0034151897,0.00021514486,0.00084824295,0.00085238426,0.0014673686
2014-10-10,0.0021044747,0.0043179663,0.0037787058,-0.0011842448,0.001096045,0.0012817099,0.006625091,-0.00045221843,0.0009425003,0.0021923485,0.005561914,0.0010177157,0.0010488104,-0.002663002,0.004455167,0.0,0.001181092,-0.0016142854,0.0037002536,0.013459522
2014-10-13,0.004646403,0.0016182169,-0.00081468304,0.002718021,0.0011465412,-0.0004914587,0.0005430766,0.0008437754,-0.002721223,-0.00059917907,0.0018524893,-0.000876194,0.0023332767,0.00029743457,0.006728745,0.0014949898,0.0019592457,0.001061613,0.0021580886,0.0020478594
2014-10-14,0.0027801467,-0.0011185332,0.0,0.00202485,0.0048646727,0.00031148558,0.0033051912,-0.0010642163,0.00010998346,0.0005889991,0.0018182527,0.00083981064,0.0016222865,-0.0007030133,0.0025821342,0.00094918377,-0.0017266088,0.00445895,0.0019865881,0.00025100794
2014-10-15,0.0072231744,0.008717401,0.00010081459,0.0033141307,0.00076511,-0.00048172422,0.004993496,-0.0004658758,0.00038875404,0.00185562,0.0059649483,0.0016110314,0.005871894,0.0062226113,0.00077720213,0.0030689992,-0.001524261,0.0026192993,0.002198363,-0.00014252475
2014-10-16,0.005141787,0.0038076958,0.0009052397,0.002904753,-0.0028080924,-0.0006435402,0.01773389,0.0016656937,0.00038210105,0.0040081562,0.0026482267,0.002791355,0.004854563,0.005570307,0.003908489,0.009485239,-0.002190452,0.0035291424,0.005999908,2.172491e-05
2014-10-17,0.00432181,0.0026325334,0.0020319212,0.00063041085,-0.0030692131,-5.615133e-05,0.0017464546,0.00043722993,0.0009335228,0.0011406156,0.0040279897,0.00079304416,0.00094007084,0.0052103903,0.0025853238,0.003219155,-0.00042009173,0.0010898245,0.0013521726,0.0020270434
2014-10-20,0.0027579959,0.0007211502,-0.0007699998,0.00039003784,0.0016859199,0.0026239923,0.0055897324,-0.002106604,0.00053391483,-0.00044852408,0.0018798431,0.0009109262,0.003997144,0.0021895103,0.0031149092,-0.0034941293,0.00015673894,-0.00089081796,-0.00043810598,0.008522465
2014-10-21,0.005680123,0.0010369872,0.00097333576,0.0024719692,8.1848906e-05,-3.1178097e-05,-0.0012360982,0.0,0.0011411655,0.0010711433,0.0009907825,0.0012742128,0.0023265912,0.005689519,0.0014532935,-7.1787814e-05,-0.0022354557,0.00021888148,0.0011604775,0.0038075356
2014-10-22,0.0034828451,0.001774295,0.0043597366,0.002786647,0.0035615116,-0.001259515,0.00019381089,-0.00017068142,0.0016668707,-0.0006660156,0.003984863,0.0,0.0022294116,0.0019977244,0.0036557775,0.0012267613,-0.0027905866,0.0014891474,0.00064445776,0.0069876653
2014-10-23,0.0053724647,0.0036550467,0.007997883,-8.9971225e-05,0.0027533206,0.0061726277,-0.0016132947,0.004526566,-0.0008722096,-0.0011336915,0.001745199,0.0037609655,0.0,-0.007965459,0.0037544232,-2.3618399e-05,-0.0047844243,0.002086872,-0.00052133156,0.0070714415
2014-10-24,0.017008971,0.0053861104,0.000720053,-0.0011674053,0.0022604137,0.0014557646,-0.0011071413,0.0011609867,0.0019522975,0.0016404098,-0.0012402565,0.0016744396,-0.0033731365,-0.0024276,0.0023369968,-0.00031297226,0.00057944463,0.0,0.00059798325,-0.0010608236
2014-10-27,0.0069090608,0.0043311124,-0.0001694774,0.0012606797,-4.9724833e-05,-0.0011075361,0.010360134,0.0033545338,0.00063746655,0.0,0.0049285833,0.00021142412,-0.001185324,-0.0013869641,0.0039321952,0.0044860365,-0.005044899,0.0032817186,0.0013696295,0.00090609427
2014-10-28,0.005402248,0.00375982,0.004485954,0.0023968848,0.00010023316,0.0027119406,0.008373476,0.0039087203,3.6070505e-05,-0.00011022223,-0.0010539059,0.003999028,-0.0015800041,0.0,0.0,-0.0004934196,-0.0047432315,-0.00016403414,-0.00064265,0.0013808135
2014-10-29,0.005369758,0.0036237945,0.00058996794,0.002815483,-8.151554e-05,0.00037887212,0.00419774,0.001774398,0.0022025001,-0.0020632534,0.0,0.003219178,-0.003270316,0.0154481605,1.5807238e-05,0.0,0.00322927,0.00031049497,-0.0013141895,0.0017943206
2014-10-30,0.0014262701,0.0022938552,0.000145105,0.001684619,0.005565782,0.0020479797,0.0057902774,0.00022462015,0.0025039772,0.000438893,-0.00288559,0.0066330847,0.000696063,0.010581862,0.0015163218,0.0024854355,0.0048866463,0.00042496185,0.0011419437,0.0021042554
2014-10-31,-0.0040973905,0.0005373941,-0.00088292774,0.00059566606,0.004546771,0.0027577435,0.00071653276,0.0038849867,0.0006225774,5.1912662e-05,-0.0007978287,-0.0031515902,0.001451549,0.010022635,0.00031075606,0.0022687663,0.001639549,-0.0011218301,-0.0009954876,-0.001497273
2014-11-03,-0.004880882,0.00074905955,0.0061723953,-8.553982e-05,-0.0019975798,0.0014441134,0.00012232305,-0.0003206357,0.0011260945,0.0047341725,0.002213166,0.0006854405,-0.0008016861,0.0007848017,0.0,-0.0005786045,0.0025634987,-0.004739119,0.0054334574,0.00031201312
2014-11-04,0.00044430193,0.0016387058,0.003537532,-0.000488641,0.0011876861,0.0013115456,0.0021372903,0.0017813409,0.00040683398,0.0019809317,0.00053125154,-0.0007377672,0.0017385561,0.011216987,0.00084812596,0.0060581407,0.004346764,0.0010542515,0.0026117675,0.0004987962
2014-11-05,0.008108319,-0.0007804827,0.0054042083,0.0038529579,0.0014786047,0.00075237895,0.01098849,0.0026257115,0.00016678001,0.002589301,0.002516924,0.0,-0.0013482177,0.009797917,0.0033434648,9.792069e-05,0.0021478867,0.0026077528,-0.003265122,0.0004689243
2014-11-06,0.0029726706,0.0016258758,0.0050041564,0.010800852,-0.0024055021,-0.00031295247,0.0013302129,0.0,0.0019822363,0.0,0.0031119103,-0.00066882325,0.00081343914,0.0023237423,-0.0023658527,6.4982945e-05,0.0008435819,0.00097478036,-0.0013710186,0.0029346317
2014-11-07,-0.0006643323,0.0028008982,0.004356659,0.004105968,0.0016204685,0.0012650425,0.004668524,0.00091449154,0.0010236977,0.003585283,0.0,0.006442347,0.0016599201,0.0032142615,-0.00020477426,0.0035871484,0.0013868153,-0.0013053702,0.0015169337,0.0032646668
2014-11-10,0.0014158378,0.0028015065,0.0023042695,0.0025067767,-0.0027723478,0.00053889817,0.003089257,0.0004666886,0.0022132995,-0.002331047,0.00077011524,0.00055927713,0.0008194682,0.001074948,0.00062393676,0.00081106933,0.0006731137,0.0,0.0008657182,0.0040190355
2014-11-11,0.0016196198,0.0023753082,0.0056303763,0.0020190624,0.0026654128,-0.0007987924,-0.0037087167,0.0049159424,0.0037502127,0.00057202356,0.0018312398,0.0010393598,-9.399648e-05,0.0,0.0025165752,-0.0018848488,-6.545604e-05,0.0016136653,0.0018287295,0.00083718076
2014-11-12,0.000139764,0.003001877,0.0036057346,0.0026274396,0.0080720885,0.00049636676,0.00013924178,0.0052049565,0.0020994039,-0.00015565172,0.003397235,0.0,0.0011888401,0.00071048184,0.004340287,0.003808369,0.0012769087,0.00034338774,0.003453487,0.0034108744
2014-11-13,-0.00057858817,0.0017769855,0.0043343785,0.003622164,0.0020203502,0.0032846841,0.0023070876,0.0029633779,0.0026489696,0.0028839253,0.0006793426,0.0012439898,2.796569e-05,0.0016397438,0.0020595735,0.002236614,0.0021188685,0.0006290156,0.0049626282,0.0043797223
2014-11-14,0.005411699,0.0020244354,0.001482381,-0.0010332548,0.007407587,0.002305935,0.008866718,0.0028733793,0.0016639746,0.0012922076,0.002050917,0.00036551995,0.0003874587,0.0055955844,0.004771067,0.0,0.0002547466,0.001643169,0.0022816954,0.0018290034
2014-11-17,0.0017540252,-0.001032556,0.0016155408,0.0019585146,0.001682493,0.0022736832,0.0012786409,0.0011407548,0.002675027,0.0024645801,0.0018327975,0.00079903076,0.0014555614,0.005670222,0.0035119064,0.002423791,0.0007531488,0.0004983176,0.004477121,-0.0002860957
2014-11-18,0.003903,0.001996118,0.0035132768,0.0026881637,0.0033011716,0.0028148862,0.005604582,0.0018215046,0.0018269265,0.00024159062,0.0009980149,0.00031419256,0.0006775225,0.004765255,0.0083885845,0.004498583,0.0014242971,-0.0010088208,0.0040489435,0.0019414532
2014-11-19,0.0009378927,-0.00047725736,0.0031559952,0.0005381865,0.0019415856,-0.0009586237,-0.00060704583,-0.000519729,-0.0005459916,0.0006282991,0.0,0.0034663684,0.0014373353,0.0008784968,0.004804652,0.00089718134,6.5656124e-05,0.00049425644,0.0,0.00084751286
2014-11-20,0.0010295692,0.0010851846,0.00043218368,0.00019380402,0.0039959354,0.0028441374,0.004268936,0.0013297421,0.0014511899,0.0017044774,0.0026688832,0.0036935387,0.00048199584,0.003745242,-0.00080040016,0.0,0.0011324858,0.0,0.0008006067,0.0016155421
2014-11-21,0.0032265668,0.0021244076,0.0029722783,0.0,0.0006967007,-0.0019945952,-0.001899604,0.000552892,0.00045993694,-0.00070142956,0.0017805032,0.001718205,0.0011747216,0.003881149,0.0026627334,-0.0011757349,0.0015760496,0.0,0.0012599807,0.002441028
2014-11-24,0.00029164198,0.0021854078,0.00048095058,-0.001371439,0.0018188996,-0.0014832079,0.003791173,0.0017716581,0.0023198081,-0.0014078621,0.0011649703,0.0021990268,0.0015720961,0.0055653783,0.00033388744,0.0021152722,0.0021691853,-7.8182864e-05,-0.00035230152,0.0018585342
2014-11-25,0.0021578867,-0.00018065755,0.002036789,-0.004407795,0.002222468,-0.0007075692,-0.0023488305,0.0037660475,-0.0005639431,0.00019528743,0.0012653683,0.0,0.0006248262,0.003188638,0.0021895447,2.3790037e-05,0.0029652,0.0012170266,-0.00025863503,0.0012835498
2014-11-26,-5.4578427e-06,0.0031861055,0.0017548794,0.0035217835,0.0019514844,-0.00018211278,0.0030307283,0.002627045,0.00043357283,0.00032152343,0.0,-0.0002898554,-0.0023843874,0.0028420538,0.0026667512,0.0040180115,0.0034009516,0.0010473555,0.0015758637,0.0022439468
2014-11-27,0.0,0.0027155867,0.0023571604,0.0019624792,0.0048738015,0.0,0.0066170665,0.0009046818,0.0008565008,-0.004956238,0.002339513,-0.00048678587,0.00037064726,0.0040119006,0.00514569,0.016517092,0.002106448,0.003107379,0.003014809,0.0010008798
2014-11-28,-0.0006926287,0.0018931918,0.0026679595,0.006692495,0.001217856,0.00047120222,0.007360344,0.0016669333,0.002076887,0.00044159245,0.0001952432,-0.0038271204,0.0023698895,0.0,0.00472768,-0.0048304317,-0.0005214054,0.002780419,0.0018361862,0.0024992183
2014-12-01,0.0012281197,0.0015835902,0.0007521943,0.0020749746,0.0016393038,-0.0021806594,0.00038046137,0.0006860704,0.0012197496,0.0038959878,0.0001336284,0.0019277736,0.00026078723,0.0037445992,0.0024986886,-0.0021409479,0.00044022582,0.0021124396,0.0025474685,0.0046541626
2014-12-02,-0.0028733027,0.0020483427,-0.00019718001,0.00014144543,0.0022206139,0.00037610263,0.006429268,0.00063479185,-0.00040979942,0.006835019,0.001033272,0.0018336958,0.003991265,-0.0014855118,0.005422394,-0.0059649805,0.0010533419,0.0018293572,0.0014767959,0.0007203956
2014-12-03,-0.0027367624,0.00663744,0.0012687359,0.0025311948,0.0012789618,0.0,0.008565902,-0.00049088435,0.0004598883,0.0018589775,0.0020588073,0.0069391327,0.00096771744,0.0031108041,0.0012811469,-0.0012166554,0.0014729438,0.0011238615,0.0007584562,0.0028492352
2014-12-04,0.0031644444,0.0017126919,0.0036045627,0.0002667888,0.0013661331,-0.000376044,0.0006818972,0.00052928075,0.0006725334,0.0018103407,0.002414829,0.0036328682,-0.00111823,-0.0004521018,0.0029939485,-0.0026687146,-4.2177626e-06,0.0,0.0014091152,0.0028031806
2014-12-05,0.0024960532,0.00048313467,0.0022783324,0.00072178134,0.0041756276,0.000752634,0.000845339,0.0011106138,0.0024210392,0.00055542256,0.0011038517,0.0030272787,0.00071793114,0.0031801185,0.0014705965,0.0013129109,-0.0003242869,0.0019181332,0.0019698348,0.005601052
2014-12-08,0.0068435166,0.0014618391,-0.00018919287,0.00026006918,0.0018461378,-0.0006092758,0.0022155095,-0.0002406054,0.00087869575,-0.0013185262,0.0008028193,0.0017808086,-0.0017435887,0.002538486,0.0020803234,0.00085275515,0.0012475837,0.0019843045,0.004650045,0.0045340047
2014-12-09,0.0028314672,-1.8019506e-05,0.0018462739,-0.0014114832,0.0011458908,0.001652939,0.0036887063,0.0020690693,-0.0012345354,0.0006702698,-0.002426678,0.0006370562,0.0,0.004354039,0.00021693528,0.0016155526,0.0020295838,0.0003475486,0.0022700645,0.0038300913
2014-12-10,0.0038259265,0.0014639812,0.00076561375,-0.0010259019,0.0022959402,0.0048767845,0.0029105132,0.0019102057,-0.0006025861,0.0010267323,-0.0012819163,-0.0060753827,0.00077619206,0.0024324458,0.0011078896,0.0024369974,0.0018363263,0.001469011,0.0018203094,-0.0016720339
2014-12-11,0.002121453,-0.00018544977,-0.00018672024,0.003239711,0.0042797946,0.003900529,0.0008264069,0.0022441766,-0.00035690345,0.00043114985,0.0060793986,0.0021822152,0.0,0.016003067,0.0045160246,-0.0012068299,0.0031119771,0.0009042499,0.0050957557,0.0037790432
2014-12-12,0.002304979,0.003266397,-0.000348752,0.0011185653,0.0014694018,0.00013764523,0.0007124724,0.0014645561,0.0021182343,0.0002723438,0.00068404124,0.0018838464,-0.0020392344,0.009488202,0.0034478216,-0.00082071393,0.0034124872,0.0007564518,0.0017490041,-0.0013064197
2014-12-15,0.004374937,0.005462295,0.00046874947,0.00066261995,0.0005664068,0.0015346012,0.0014760573,0.0035104705,0.002118739,0.00090517214,0.0058856304,0.00064244383,0.00015495383,0.0039977916,0.0022006622,-0.00050457136,0.0020296564,0.00048290825,-0.0005133189,-0.0018545748
2014-12-16,0.00034598802,0.004996996,0.0017083236,0.004730979,0.0005201622,-0.0007982142,0.0010302528,0.0033220863,0.0012237829,-0.0010125167,0.0043811393,0.0038412698,0.0029756776,-0.0023282452,0.0,0.0020475076,0.0024028858,0.0043577957,0.0005348809,0.0
2014-12-17,-0.0028223097,0.0014885869,0.0011968191,0.0021003236,0.002207786,0.0003425073,0.0008050554,0.001601595,0.0021722284,-0.000948573,0.001555826,0.0007643507,0.003223517,0.0009054654,0.0011970098,0.002063966,0.00092442794,0.0019405755,0.0004971545,-0.0007670513
2014-12-18,-0.008130452,0.0010383221,0.0011383252,0.00272138,0.0014651889,0.0024936567,0.0011380075,0.0,-9.915709e-05,-0.0024773153,0.002178066,0.0047589825,0.00087270833,-0.00035414504,-0.0063075405,0.00028676735,0.002187853,0.00091762765,-0.0016936134,0.0008248489
2014-12-19,0.0021481458,0.006737895,0.0018715765,0.0007742019,-0.0002530284,0.0016261912,0.00074810383,0.004113511,0.0026604831,-0.00017385572,0.0019527115,-0.0004059725,0.002202009,0.0010358366,0.004891615,9.3215596e-05,0.0011775782,0.010117711,0.0022761177,0.00014842428
2014-12-22,0.0020208212,0.0034040224,-0.0029012936,0.003079314,-0.00040543557,0.0057898266,-0.0010160472,-0.00021950796,0.0048933458,0.004595124,0.0041941237,0.00080130115,0.0024006935,-0.0017150232,0.0020074688,0.0003988646,0.0048515466,0.0036935639,0.0038790205,0.00033566635
2014-12-23,0.0023426774,0.0008142082,0.0004184129,0.0037001781,0.0027905717,0.0020312176,-0.0009659238,0.0027604883,0.003416602,0.0015964453,0.0010498925,0.0073297205,0.0032543591,0.0019907271,0.0015033627,0.00015005429,0.0006794105,-0.0024726063,0.001757235,-0.0004928734
2014-12-24,0.0011121867,0.0019880712,-0.0006145583,0.0022606528,0.001812748,0.0044677067,0.00034551264,0.0022081179,0.0062610037,0.002348097,0.0024541318,0.0048809727,0.001630937,0.00344311,0.0033470746,0.0003838188,0.0009238298,0.0043586018,0.00079830736,0.0025592125
2014-12-25,0.000851881,0.0055547394,0.001992164,0.0045501413,-0.00030383476,0.0005868836,0.00048822718,-0.00090873346,0.0025984938,-0.00033095456,0.0049088476,0.0061387294,0.0015812543,0.0054091834,0.005014691,0.0016788526,0.0024002919,0.0015625003,0.0010247456,0.00031095216
2014-12-26,0.0030632208,0.010130449,0.004105954,0.0021842963,-0.00014577236,0.0006454526,-0.0054491027,-0.0015780838,0.0011062287,0.0016176803,0.001835351,0.0028612697,0.0016422248,0.0036376652,0.0025961278,0.0018044624,0.0005631265,-0.0028857826,0.007657083,0.0038770237
2014-12-29,0.0012583712,0.001680943,0.0020308334,-0.00028631798,-0.0020590837,0.0064543155,-0.0013217066,-0.0042992583,-0.0030367011,0.001655097,-0.0018809038,-0.0010827,0.00084859825,-0.0009738611,0.002408582,0.0022132753,0.0027459543,-0.017192671,0.0010211468,0.0029508092
2014-12-30,-3.5652247e-05,0.0018187312,0.002776721,0.00067304954,0.0020590401,0.004594511,0.0006073178,-4.157618e-05,-0.005432844,-0.00106957,0.00064699195,0.0005930755,0.0021895561,-0.0017529675,0.0007323302,0.0022303597,0.0012921152,-0.010934884,0.0007895004,0.009245964
2014-12-31,0.0039349697,0.0016775191,0.0,0.004074705,0.0025930912,0.0021899801,-0.0003338357,0.0027535288,0.0021134743,0.0013069456,-0.00016404616,0.0,0.001818383,0.0016273991,0.0030687128,0.001548755,0.0020261859,-0.0001390039,0.0029056023,0.0050214883
2015-01-01,0.0032789398,0.0010119491,0.00080406346,0.0009959223,0.0011907029,0.00325767,0.00042332202,0.00090717484,0.0072748335,0.00023658502,0.0017577319,0.0011028157,0.00061224564,0.0047582374,0.0041794237,0.0011398966,0.0022723863,0.003143528,-0.0015965184,0.00243596
2015-01-02,0.00039146788,0.0016009102,0.0017468396,0.0015645325,0.0026642394,0.0048843194,0.0042702756,0.003731674,-0.0027040672,0.0012131884,0.0,-0.002762702,0.003684208,0.0012161596,0.003269398,0.0014121386,0.00082994736,0.0033887788,0.00013659707,-0.00337737
2015-01-05,0.0009970928,0.0051276986,0.0017218748,0.0039270325,0.0007264046,0.0007705979,0.00081122975,0.0011270343,-0.0023437382,0.0021959492,0.0060653444,-0.00041725463,0.003552037,-0.00025018054,0.00045987428,0.002221054,0.0015563432,0.008447489,0.000641892,-0.0014836586
2015-01-06,-0.0010327005,0.0054151425,-3.343947e-05,0.00094034383,0.0022859355,0.0013933191,0.0007168314,0.0016073907,0.0024983082,-0.00020537921,0.0037059675,0.0026165552,0.0029342591,-0.0005581517,0.0024490142,0.0015327005,0.0020044155,0.002011694,0.004361954,0.0015895963
2015-01-07,0.00081763155,0.0051419483,-0.00051181525,0.0020523304,0.0025390408,-0.0014347038,-0.0006943141,0.0068254652,0.0024149464,0.00047239338,0.0043927096,-0.0029302232,0.0011715109,0.006256486,0.0019867322,-0.0008584344,0.0045297137,0.010841448,0.0044620507,0.0
2015-01-08,0.0037545555,0.004958287,0.005803465,0.0049724146,0.0025462275,0.003708575,0.00085709564,0.0001371404,0.0014400034,-0.00020271224,0.0013458589,0.004851523,-0.0006198166,0.00085166795,0.00028563105,0.00024833184,0.0022034429,0.0066500404,0.003682543,0.0035782102
2015-01-09,0.004346086,0.0035091315,0.0033000086,0.0015943053,-5.2338935e-05,0.0065730265,0.0026877339,0.0008600315,0.0010158803,0.0029212006,-0.003235012,0.0011381038,0.003987761,0.0031379536,0.0020107026,0.0013414236,0.0025000947,0.0,0.0008672168,0.0026273166
2015-01-12,0.0019503903,0.002734905,0.001809718,0.0038107906,0.00059466006,0.0044604014,0.0031999806,0.0001638946,0.0028440198,0.002544445,-0.0024526583,0.0,0.0030156,0.0038385985,0.0011372434,0.00021095829,0.002795316,0.004235723,0.001389674,0.0028268204
2015-01-13,0.0011079874,0.00097578357,0.00016145533,-0.0005599607,0.00023396227,0.0018816434,0.001095107,-0.0044250265,0.0018309351,0.0061730114,-0.00014172446,-0.00247677,0.0017010487,0.0,-0.0009065789,0.0011448057,0.0017808346,0.0036161658,0.0045048334,0.0005082753
2015-01-14,-0.0024495658,0.0025873184,0.00087244913,0.00095260417,-0.0005801382,0.0018492561,0.0016091092,-0.0020801704,0.0,0.0014443065,0.0018898103,-0.0004158357,0.0014053768,0.0024876292,0.0029596563,0.00081542466,-8.755958e-05,-0.0028424903,0.0073524555,-0.0002279609
2015-01-15,0.0,0.0029461288,0.0005436188,0.0014061666,-0.0017469868,-0.00140066,-0.00079952343,0.0010929027,0.0,0.0010777629,0.005246148,0.0035642013,0.0008347598,0.0040601115,0.0017158348,0.0017794392,-0.0006001537,-0.007957889,0.00022198942,-0.0007182959
2015-01-16,0.001092663,0.0012905919,0.001030298,0.0013559664,0.0,0.0018485927,-0.0028363585,-0.0020428651,0.001819383,0.0017311506,0.00372323,-0.00089858804,0.00091490237,0.00058269943,-0.0003849111,-0.00014957458,0.0013179177,0.00427748,0.005410331,0.0009847285
2015-01-19,0.001179604,0.0019960415,-0.00047781947,0.0017315643,0.001234292,-0.0052031986,0.0016160888,0.0051211235,0.0024393203,-0.0009486105,0.0028409613,0.0036834243,0.0012677184,0.0002143893,0.000459224,0.00024526112,0.0014597533,0.0061706826,0.0031096642,0.0009370563
2015-01-20,0.000388224,0.0017367715,0.0008049095,-0.0010358718,0.0028823006,-0.0028785204,0.004079942,0.009271701,0.0027774572,-5.1051884e-05,0.0038855271,0.0050172536,0.0038581898,0.0016001015,0.001018043,0.0007228801,0.0016877633,-0.00047698617,-0.0031775774,0.0014347932
2015-01-21,0.003353753,0.0034076518,0.0,0.002379622,0.0022952815,0.0038082865,0.0011550685,-0.00090043416,0.0018131997,0.00084670156,0.0016201362,0.0034677444,0.000962601,-0.0013372996,-0.0009094516,0.00079878536,-9.1409e-05,0.004317364,0.003615911,0.0033329467
2015-01-22,0.0036757304,0.00089096325,0.001973001,0.0009942587,0.001852705,0.006475377,0.0037432923,0.0017743082,0.0019226084,0.0014922101,0.0011211756,-0.0006225567,0.0032249307,-3.0109692e-05,-0.0014727196,0.00047904652,-0.0012073823,-0.0027765501,-0.0024044272,0.0040320274
2015-01-23,0.00071615167,0.00363606,0.0029883776,0.0051767402,0.0011240194,0.00016116368,0.0040360577,0.004304939,0.000860832,0.0030177208,0.0015546908,0.0012439429,0.003250843,-0.00062157883,-9.531792e-05,0.0023886203,0.00039275526,0.0051173354,-0.0022096923,0.0010613138
2015-01-26,0.0025468145,0.0013099754,0.00793281,0.0052041374,0.0011939169,0.0050882963,0.001647709,-0.0017971447,0.0015021045,0.004463638,0.0020632753,0.0016507397,0.0028232802,-0.00071728043,-0.0007803135,-3.1416077e-06,0.0018458156,0.031453107,0.0071089356,0.0039548213
2015-01-27,-0.00026751624,0.0011669368,0.0021328505,0.0042090486,0.002856256,0.0060604597,0.0016347755,0.0021327892,0.00061531656,0.007185656,0.0027956553,0.005413068,0.002567589,-0.00019853016,0.0016283159,0.0018029317,0.00078311766,0.0015386731,0.0014706601,0.00096722867
2015-01-28,0.00037850032,0.00013737896,0.002629306,0.0037477189,0.0011661353,0.004907862,0.00022019494,0.0,0.0020482389,0.003801417,0.00284874,0.0017190826,0.001484227,0.00013571621,0.0025527158,0.0017323066,0.00094611855,-0.00047362834,0.00132042,0.00025632404
2015-01-29,0.0016028145,0.003724016,0.0005365666,0.0041710106,0.001027764,0.0004969165,0.0021373609,0.002301322,0.0025291564,0.004230963,0.00068182684,0.0037819606,0.0014537971,0.0010914278,0.0042329407,0.0019921795,0.0007420532,-0.0022294149,0.00071397366,-0.0024264439
2015-01-30,-0.0005626368,0.0010218207,0.00037721565,0.0040928116,0.002264519,-0.0011818787,0.0043234187,0.0032963867,0.0011756097,0.0017750199,0.0,0.005714678,0.00062843785,0.004795158,0.0015755397,0.0025728373,0.00059764466,0.0017542384,0.00038241383,0.0028055618
2015-02-02,0.0032822066,0.0010722248,0.0014098999,-0.0013508211,0.0015865205,0.0013362018,0.00013554373,0.0014118257,-0.00018028884,-0.0008497272,0.005526922,0.0063153463,0.00026113325,0.00405159,0.0062361257,0.0,0.0007275016,0.0020358134,0.0050637596,0.0001683191
2015-02-03,0.002764442,0.0022561583,0.0017299528,-0.0021327846,0.0009145459,0.005191476,0.0047950195,0.001504793,-0.0010393618,0.0028066062,0.0010901141,0.0047877533,0.0005362669,0.0074275993,0.0,-0.000302343,-0.0007174406,-0.0059856903,0.00022549502,0.0017196668
2015-02-04,0.00067167054,0.002309942,0.0061782673,-0.0022611874,0.0023479373,0.0037512407,0.004203117,0.0034869106,0.00055634184,0.0029904663,-0.002761434,0.0033717437,-0.0012379312,0.00018068241,0.00030551362,0.00016225436,0.0,0.002409007,0.0013592473,0.0014241802
2015-02-05,0.0030089805,0.0014902754,0.0032540306,-0.007574757,0.0007890574,0.0043306826,0.0016638924,0.0011434656,0.0011468015,0.00078163133,-0.00045214954,0.0007005727,-0.00010159575,0.0007691458,0.0010365123,0.0012740201,0.0,0.00035825037,0.0033930754,0.0018527576
2015-02-06,0.0033245925,0.0049919663,0.0036575792,-0.0010432324,0.00097277836,0.0044652927,0.0010228929,0.0,0.00021448842,-0.0002634687,0.0018976788,0.0018561386,0.004372988,0.001691353,-0.0007843476,0.0005541179,6.763363e-05,0.010139325,0.00086207164,-0.0011218875
2015-02-09,0.007872127,0.0020039452,0.0048476933,0.0016787875,0.0011855976,0.0010141062,0.00036729564,0.0060062017,-0.0026470514,0.0021142922,0.0008255682,0.0028233987,0.0016649872,-0.0015531711,0.0013327366,-0.0004669085,-0.00088307454,0.0025438434,0.0013566536,-0.00092170853
2015-02-10,0.0018471854,0.0,-0.00023385543,0.0039683357,0.0026252528,-0.0013978191,0.0008113715,0.0027141052,-0.0019055848,-0.0004752182,0.00029405204,0.0042808554,0.0016137549,0.0014615766,-0.0034036392,0.0021898292,0.0010302508,0.0050577293,0.004709249,0.0032587152
2015-02-11,-0.0012753699,0.0018477817,0.0012169837,-0.00071833865,0.0008794188,-0.0017062548,0.0009918076,0.0021847207,0.0009252677,0.0,0.0018208361,0.003998478,0.0039888807,0.0016665995,0.0013485398,0.002401369,0.004324401,0.012002641,0.0046997378,0.0044312114
2015-02-12,-0.001397477,0.0013846487,0.0011017077,0.0034904685,0.0016361213,0.00065741566,0.0020006783,0.0012242765,0.0045583625,0.0016952669,-0.0014495635,0.003073373,-0.0008119595,0.00012798111,-0.001457832,0.0004598732,0.0022059942,0.0035125588,-0.0018240161,0.004366103
2015-02-13,-8.913638e-05,0.0010297985,0.00060150353,0.0009866388,0.0028958595,0.0005030759,0.0015695564,0.0054065683,0.0048476206,0.0015735726,0.0035492936,0.0022330505,-0.0010425529,0.0026177315,0.0,0.00044419785,0.0023860466,0.0043473756,-0.0004695524,0.002755437
2015-02-16,0.0016486857,0.002425393,0.0016005405,0.002323854,0.0,-0.0005672106,0.0014367058,0.0014256021,0.002882321,0.0024224257,0.0005095422,0.0035253004,0.00017111079,-0.0009255434,0.004295516,0.0012294347,0.00050102215,0.0025668722,0.001179611,0.00097616744
2015-02-17,-0.0029592204,0.00062389974,0.002705569,0.0024324835,0.0012681114,0.0014743629,0.0033931797,0.0014959059,0.0037756448,0.00065339805,0.0007809818,0.0030076983,0.0007034576,-0.002641778,0.0015370117,0.0007985856,0.0010824188,-0.0002944023,0.002539508,0.0022947546
2015-02-18,0.00051950774,0.00015622519,0.0015553348,0.0060530934,0.00035135428,0.0016716315,0.0016019546,0.0034518784,0.000988506,-0.0008349083,-0.00068186014,-0.0012113278,0.00029896174,-0.0024716828,-0.00070345687,0.0016492183,0.00087246456,0.0052398033,0.0030345912,0.0032640544
2015-02-19,0.0072686626,0.0,0.0017915799,0.003579873,0.0,0.0018839415,0.0007571158,0.003279595,0.0007714018,0.00022121634,0.00057209376,0.0008812986,0.0026902098,0.0032245868,0.002580184,0.0013178412,-0.001395408,0.0029008905,0.005115424,0.0019932392
2015-02-20,0.0068955612,0.0024899542,-0.0005092853,0.0030354992,0.0017401836,0.00013606796,-0.00095913163,0.009649888,0.0004303499,0.0020461597,0.00013909105,0.0015208435,0.00075189513,0.0015961525,0.0018481552,0.0010655393,0.0006611451,0.0013029298,0.0032279168,0.00022635328
2015-02-23,0.0014175874,0.0007148107,0.0014903012,0.0040715127,0.0026892603,0.004651,-0.0021000544,-0.0010362004,-7.421877e-05,0.00011424529,-0.00015183214,0.0028532378,0.00038708697,0.0066477256,0.0,0.0019046598,0.0019872147,0.0007723098,0.0010260597,0.0038104434
2015-02-24,0.00039080714,0.00045680892,0.00046534758,0.0029907743,0.00092742825,0.001391887,0.0011337047,0.00073370815,0.0001914189,0.0020314283,-6.507214e-05,0.0003145972,0.0022874423,0.0011906268,0.0030059877,0.0022093763,0.001092612,-0.0018100598,0.002060074,0.001942952
2015-02-25,0.0011315211,-0.00243505,0.00050394406,0.0010683546,0.0021328623,0.0042399205,0.0022273117,0.0006861291,0.0,0.0021095285,-0.0019217344,-0.0016300792,0.0010930117,0.001983014,0.00037309,0.001751328,0.0,-0.012229512,0.0035597766,0.004047017
2015-02-26,0.0011982801,0.00090562995,0.00049532135,0.0008179858,0.0025742187,0.0019016342,0.0,0.00027856076,-0.001449269,0.0008975672,-0.0025589184,0.0,-0.0023165827,0.003164324,0.0008035382,0.0014383753,-5.2318108e-05,-0.0033415074,-0.00035073658,0.0005310459
2015-02-27,0.001462509,0.003235216,0.0008135717,-1.5611773e-05,0.0015904239,0.00049617974,-0.0011125044,0.0013453381,0.002497698,-0.00011496718,0.00039293902,7.227656e-05,0.0028802278,0.003114595,0.0014168594,0.00046890255,0.0015532152,0.0033009541,-0.0015118917,-0.0012398995
2015-03-02,-0.0017006117,0.006921939,0.00037762968,-0.0003199367,0.0,-0.00085227087,0.0019534423,0.0016195164,-0.00092805084,0.0,-0.0014148626,0.0019071441,0.0014747097,0.0019948347,0.00044854658,0.0007490952,0.0005606168,0.012538135,-0.0040843375,0.0009583499
2015-03-03,-0.0036120038,4.281079e-05,-0.00037281745,0.0038639365,0.00013419545,0.0038858962,0.004125298,0.005965445,0.0017773609,-0.00089102535,0.0018495143,0.0012447984,0.001998998,0.0035475085,0.0018964373,0.000990434,0.0014174569,0.0061628893,0.0030565606,0.0036944675
2015-03-04,-0.00035579558,0.003751532,-0.0012761754,0.001056684,0.00075452885,0.00013233878,0.00181866,0.0026314182,0.0027235947,-0.00040173723,0.00064998324,0.0013015254,0.0,-0.0026022354,0.003654487,-7.814747e-05,0.0026251303,0.005030436,0.0021774021,-0.00094681914
2015-03-05,0.0011275114,-0.0007553154,0.0001914596,0.00071693445,0.0016216491,0.0007137759,0.0013273297,-8.205943e-05,0.000311519,0.0011079591,0.0028780391,-6.8029076e-05,-0.00018379786,-0.007474505,0.0030358173,0.0,0.00016255768,0.04618847,0.0023331644,0.0008453875
2015-03-06,0.003970585,0.0030692837,0.0013111427,0.0007537968,1.3827397e-05,0.000808806,-0.00016815637,0.0016364938,0.001377221,-0.00018983879,0.002099578,0.0007346856,0.0005952674,0.0026303814,0.00015841647,0.0015867942,0.0016487733,0.0022441447,0.001077747,0.0010138161
2015-03-09,0.0066365334,0.0013468101,0.0006796052,0.0014361347,0.000392886,0.0014917979,0.00051797275,0.0029344405,0.0027166016,0.0006333121,0.0012433854,0.0029025252,0.0018085208,0.001857036,0.0031093427,0.0010215034,0.0027611624,0.0051278383,0.00025509388,0.00033702873
2015-03-10,0.004502414,0.0049204472,0.0,0.0017805663,0.0014165405,0.0057956204,0.0030730544,0.0027653489,0.00040936645,0.002379919,0.001999578,0.002663292,0.0,-0.0014170809,0.001336906,0.001312114,0.0015346177,0.002471046,0.0035975769,-0.00094438053
2015-03-11,0.0018837064,0.005727352,0.0014923488,0.00029581948,0.0025907008,0.0,0.0020626243,-0.0013131496,0.0054084514,0.00079742906,-0.0011217941,-0.00041773912,0.0,-0.00043859283,0.0,0.0017491682,0.0004966836,0.0019689216,0.00020895364,0.0010171487
2015-03-12,0.00034444116,0.0065982095,0.0026834877,0.0016272145,0.0005468221,-0.0010083615,0.0016852033,0.0047737234,0.0017111333,0.001654052,-0.0010709779,0.0011465541,0.0012952635,0.0016724038,0.0013049823,0.001594955,9.768355e-05,0.0005104359,0.0008679337,0.0057417406
2015-03-13,-0.0044825724,0.0009932433,0.0026578766,0.0011377824,0.00012367913,0.00028965902,0.0027580624,0.0027811816,0.0034319651,0.004920384,0.0007815159,-0.001112947,-0.00061792147,0.0011111073,0.00070284656,0.0009830559,0.001409989,0.0013257372,0.002215181,0.0035989485
2015-03-16,-0.0006907809,-0.0009551235,0.0022334256,0.00045134078,0.00020877438,0.00058133324,0.0014990846,0.010476055,0.00431123,0.0022853373,0.0012093998,0.0011839137,0.0032562835,0.002322627,0.00032391195,-0.00045785969,-0.0007527173,0.004607983,0.0021093464,0.003998308
2015-03-17,0.00037887285,0.0048575583,0.002155248,9.883686e-05,0.001607533,-0.0049037323,0.0,0.006122978,0.0045897686,-0.0025299112,0.0022652335,0.0007359805,0.0023233697,0.0015942735,-0.0016309554,-0.00024614736,0.0002643737,0.0009937843,0.002792515,-0.001222526
2015-03-18,0.0029057465,0.0009696577,0.0024413974,-0.00017255929,0.0013357706,0.0,0.00082658266,0.0051989574,0.0027176805,-0.001996458,0.0018455043,0.0020631067,0.0024621445,0.00017587606,-0.00017289726,-5.3140546e-05,0.0017630337,0.001094095,0.00080191105,-0.0003698075
2015-03-19,-0.0020078684,0.0027232973,0.00912515,0.0015013166,0.002858323,0.0008341752,0.0042321966,0.0049184244,0.0028467625,-0.0020550166,0.0008723782,0.001156402,0.0041987016,-0.0044717207,0.0009062265,-2.9560957e-05,0.0062072426,0.005993701,0.001620225,0.0024285773
2015-03-20,0.0016314936,0.00023074244,0.0009648888,0.00085427304,0.0031761432,0.0018376118,0.0016489845,-0.0018985922,0.0049731936,0.0010679227,0.0012043227,0.0039159018,0.0008537054,-0.011890019,0.0005916405,0.0017139692,0.0038098504,-0.004416911,-0.0003541487,0.0015058126
2015-03-23,0.0103336135,-0.000567415,0.0005803088,0.0027176826,0.0015897783,0.0028410766,0.00082603755,0.0005153331,0.0003112971,0.0015957213,0.000862282,0.0017082532,0.000993501,-0.0012677993,0.00057169417,0.0025949343,0.0044280235,-0.0011147299,0.0024319193,0.0011377513
2015-03-24,0.00017527622,0.00087889004,0.0023027074,0.0039055364,0.0033996748,0.0027754046,0.00066564756,-0.0019581672,0.0138420975,0.002790115,0.0046385676,0.004263336,0.0,0.00031575278,0.0073828073,0.0014295945,0.0017310078,-0.0007420518,-0.001090336,0.0012504129
2015-03-25,0.0032927082,0.00075218437,0.0016009931,0.0018282508,0.002718987,0.001770812,0.00092226104,-0.001473654,0.0031551863,-0.0068549034,0.0015425335,0.004150658,0.0025991795,0.00014956584,0.014646775,0.0015824611,0.0002779603,0.0,0.0011008185,0.000855713
2015-03-26,0.0020806794,-0.00010876086,0.0021829964,0.0011776845,0.0026403246,0.003146469,0.00540107,-0.0038018501,0.00014074183,-0.00040003305,0.004824319,0.0039123083,-0.0018102783,0.0012256899,0.01631633,0.0022211182,0.0012958692,0.0040227342,-0.0009599208,0.002456747
2015-03-27,0.00173263,0.0008432802,-0.0040684254,0.0016827019,0.00227022,-0.0011232907,0.0015333359,0.004651895,0.0012425808,0.0037232814,0.0026653586,0.004806118,-0.0022343248,0.0039924737,0.004446961,0.0017130212,0.0012354931,0.0009728046,-0.00025498486,0.001818297
2015-03-30,-0.0015074759,0.002275214,0.0010355862,0.0013297156,0.0016330202,-0.0006548811,-0.0020241374,0.0062492187,-0.0031653969,0.003998221,0.002058184,0.0020298618,0.0032825384,-0.002046022,0.0,0.00015526997,0.0005869408,0.005972822,0.0015345266,0.00091462565
2015-03-31,-0.0014213243,0.0020350432,0.0035395199,0.0,0.0017174535,0.0027510715,-0.00014648741,0.004841646,0.0014747272,0.00067035516,0.0035808813,0.00065852655,-0.0016345482,-0.0027011693,-0.0015851108,0.0013606837,0.003763085,0.0027604338,0.0001584099,0.0011382771
2015-04-01,-0.0027044616,0.00091441284,0.00095447694,-0.0001580396,0.0014008335,0.0025156934,0.004636809,0.0036206157,0.0008446777,0.0017822019,0.0021596611,0.0027313626,0.0011374725,0.0011911562,0.00037941497,0.0018423864,0.002467545,0.004457162,0.0030609763,0.0008326797
2015-04-02,0.001523553,0.0024409362,0.0046254504,0.000514887,0.00010685985,0.0027436856,0.0,0.001955668,0.0029411186,0.0026648322,0.0013468789,0.0022568323,0.0016664615,0.0008100517,0.00088858383,0.0027536422,0.0028049166,0.0018495676,-1.7946787e-06,0.0031406863
2015-04-03,0.0011600457,0.0022314186,0.00019746636,0.0028339762,-0.0033780937,0.0029902922,0.0023097703,6.9554575e-05,0.0033933378,0.0029659974,0.000915165,0.0006304714,0.0054868697,0.0019613062,0.0030621733,0.0036934107,0.0021352954,0.005133849,0.0026642005,0.00077680347
2015-04-06,0.0013757686,0.00042694793,-0.0022669125,0.0,-0.0015291792,0.0012775927,0.00038631965,0.005275771,-0.0038974555,0.0009913942,0.001327748,-0.00080721005,0.005203466,0.0022018326,0.0010226154,0.0018852367,-1.42798535e-05,-0.0023050478,0.0015718472,-0.00016275512
2015-04-07,-0.0030065067,0.00011771736,0.0010199661,0.00051582686,0.0010051008,0.0015787903,0.00722633,0.0038977833,0.0025244104,0.00064823445,0.00026346094,0.0016804863,0.0017205535,0.004845041,0.006103701,0.00026032413,-0.00072967174,0.0,0.004003037,0.0010871502
2015-04-08,-0.0001606361,-0.0019273562,0.0037542833,0.0022512157,0.0007812557,0.0011888992,0.0029859098,0.00912233,0.0019387308,0.0041095414,0.0023656925,-0.0003239674,-0.00028419908,0.004532896,0.0035930274,-0.00013243892,-0.0008062856,0.0066306475,0.0034196137,0.0021072747
2015-04-09,-0.0004612173,0.0,0.003801801,0.0003738016,0.0025822918,0.0,0.0048277415,0.009871814,0.0032289727,0.0042348453,0.0013463722,0.0006068089,0.0012384775,0.004907091,0.0013282944,-0.00038291942,0.0024733953,0.0037538812,0.00339195,0.0017637905
2015-04-10,0.0005222681,0.003165215,-0.0009561968,0.0025756215,-0.0005005649,0.0011118525,0.0027726835,0.010800912,-0.0011298979,0.00092397904,0.0046297163,0.0006830571,0.0022856882,0.002047302,-0.0040005953,0.0028020127,0.0017318168,0.0055260835,0.0023281802,0.0061795325
2015-04-13,0.0024020073,0.0007970551,0.0052543436,0.0010206109,0.0010161946,0.0020942837,0.0028272963,0.0067505916,0.0024583642,0.0032093592,0.0026060608,0.0039144726,0.00097186177,0.007469791,0.00038363214,0.0012476107,0.0038171187,0.003837795,0.0019088045,-0.0012113841
2015-04-14,-0.010021169,0.0010879075,0.00283545,0.0011069044,-0.0004637794,0.00071967463,0.0012689882,0.00558078,0.006828033,-0.0019355325,0.0016306589,0.0010774266,0.00018482048,0.00033891902,0.0066280076,0.0007453565,0.0018173446,-0.0003649644,-0.00010919408,0.0006990181
2015-04-15,-0.003658685,0.00094835693,-0.00028957624,-0.00012053158,-0.0006262622,-0.00025496277,-0.005980019,-0.001004788,0.005835426,-0.0006022812,0.0047399076,0.00031795196,0.0002093562,0.0,0.0026233536,0.0008872856,0.0014745592,-3.0567477e-05,0.0066523748,0.0063529336
2015-04-16,0.004976095,0.00056989724,0.0,0.0041331523,0.0007758378,0.0024884944,3.432093e-05,0.0016325692,0.006541017,0.0015750737,0.0038553549,0.0018042405,0.0016968859,-0.0022176045,0.00071614457,0.002632525,0.00071312167,0.004177743,0.010910924,0.0032782943
2015-04-17,0.0011759164,0.0036602037,-0.00074575597,0.0037965705,0.0030623048,0.001634047,0.0004312354,0.001649439,0.0023091377,0.0019942562,-4.7090794e-05,0.0025655318,0.00038049338,0.00010085818,0.00024692173,-0.000112171656,-0.00017809696,0.0050284835,0.0030670245,0.0036880588
2015-04-20,0.00034403172,0.0019881404,0.001604863,0.0018491892,0.006700769,0.0017437211,0.0,0.0071595022,0.00064626336,0.0021935322,0.0034354588,0.0024115106,0.00065479585,0.003115604,0.0040282896,-0.0016193396,0.0004217498,0.0060419464,0.001148227,0.0038424425
2015-04-21,0.0003291147,0.0003283075,0.0016233416,-0.00014260178,0.00012246794,-0.0024266,0.00061406504,0.008552747,0.002296762,0.0042725285,0.00031934457,0.0,0.0,0.0048161447,0.010720149,0.0016247389,3.9014543e-05,0.0004572871,0.0038827043,0.00039922204
2015-04-22,0.009133248,0.0011765057,0.0020050348,0.0,0.0008911333,0.0017042907,-0.0025686305,0.0007447911,0.0028132512,0.0010192149,0.0044769403,0.00274989,0.00012344203,0.0016737055,0.0040245606,-0.0004158291,-0.0012369773,0.0003825006,0.008662049,-0.00044020978
2015-04-23,0.0086114025,0.0035266052,0.002376099,0.0005523621,-0.00018615495,0.0024088945,0.0016558744,-0.0014580416,0.0003925912,0.0010716921,0.0028901016,0.001491464,0.0011353921,-0.0015075449,-0.0013646606,0.0006098133,-0.0009530524,0.0014958567,0.0024589808,0.0035990882
2015-04-24,0.004419122,6.664585e-05,0.0045417477,0.00027149767,0.0050964933,0.0029842681,-0.0040717395,0.0008654819,-0.0010296034,0.0027086078,-0.0011412519,0.002958476,0.0009737757,0.00113861,0.002575528,0.0010768351,0.0,0.008852926,0.0024434726,0.002082793
2015-04-27,0.0069912216,0.0016318851,0.0012932678,0.0011160123,-0.00026858452,0.0028791109,0.0004549701,0.00047250395,0.0011097154,0.002500575,-0.0019072009,0.0029664966,0.0011214336,0.003736697,0.008642757,0.001458826,0.0022464714,0.006957577,0.005110489,0.002044927
2015-04-28,0.008396891,0.0050244867,7.155735e-05,0.0042610364,-0.0004089293,-0.0006007604,0.0033237643,0.0022237198,-0.0026597176,0.0017142729,0.0027230976,-0.0011730134,0.0019911595,0.004214286,0.008002608,0.0005990232,0.00053460523,0.0044989046,0.0044298177,0.0016082883
2015-04-29,0.0032752114,0.0029750906,-0.0008159219,0.0022005462,5.1899533e-05,0.00053444214,-0.0014475494,-0.0014756832,-0.002586033,0.0033171421,0.0020441762,0.0023898068,0.000712189,0.00061618804,0.004999959,0.00042449214,-0.00086734904,0.00018432376,0.0010217165,0.0025171589
2015-04-30,0.00048465247,0.0019914354,0.0032891503,0.0025969145,0.0015346415,0.003340906,-0.0017538832,0.00059322367,0.00023668328,-0.00031181396,0.002018065,0.0034124022,0.0006878473,0.0025717935,0.00604151,0.0038056676,-0.0005902258,0.0040768557,0.0005910137,0.00025593638
2015-05-01,0.0034203131,0.0034491993,0.002092467,0.00046473087,0.0,0.0024971068,0.0019762274,-0.005915517,-0.0016230206,0.0026359141,0.0027585663,0.00097413256,-0.00062750955,0.0013581875,0.004520483,0.0013482611,0.0008162399,0.00025759268,0.0022000447,0.0009184258
2015-05-04,0.0020064344,0.0009271911,0.0017257354,0.002028046,0.00049463974,0.00074733794,0.0013764902,-0.0027071296,0.0018523473,0.004884103,0.00067511224,0.00031038435,-0.00052598235,0.0023379265,0.0015663469,0.0003591224,0.0011168113,-0.011502648,0.0003038857,0.00059005176
2015-05-05,-0.0001164034,0.0022673327,0.00038238938,0.0028928816,0.0011909525,0.0007419526,-4.5170058e-05,0.002131749,-0.0013004582,0.0019892256,0.0007635967,0.00067866506,-2.5010357e-05,0.0011481894,0.002948452,-0.00042308515,0.0016340802,0.0063958955,0.0031407585,0.0014870169
2015-05-06,0.0013664024,-0.0006755814,0.0003694337,0.0044214237,0.00015164378,0.0011714845,-4.4081688e-05,-0.00046910043,0.0010160438,0.0047827647,0.0039149486,0.00059394044,0.004900229,0.0041289316,0.003463147,-0.00034862908,0.0,0.019989813,-0.002641642,4.062832e-05
2015-05-07,0.0009945132,0.0025631676,0.0010943043,-0.00010172855,-0.0024611298,7.329706e-05,0.004547251,0.00040272862,0.0051969695,0.00090006075,0.0017400743,0.002658235,0.0069609587,0.0041648075,0.0039686267,0.001796415,0.0011046546,0.0059433645,0.0016341927,0.0016907551
2015-05-08,0.005685098,0.001439768,0.0017838711,0.0015393373,-0.0013311133,-1.9716621e-05,0.0008000207,0.0021853813,0.021111447,-0.000652495,0.00031138962,0.0014316335,0.0,0.0038819888,0.002747774,0.009800997,0.0040087644,0.0033905576,-0.0024559763,0.0
2015-05-11,0.00019995769,0.00087091496,0.006850172,0.00081804045,-0.0014657754,0.00048622236,0.0046573384,0.0015390681,-0.00029945144,0.0011011674,0.00090979174,0.0006304227,0.001970732,0.0037098378,0.003815641,-0.0002971102,0.0036532728,0.004282751,0.0,-0.0012435515
2015-05-12,0.008677027,-0.00016440584,0.004525293,0.00023449794,-0.000830273,0.0009154863,0.0028471246,0.0036323543,-0.0018742001,0.00097433955,0.002148721,0.0012715848,0.0014035173,0.0064295246,0.0028634805,9.0632304e-05,0.0,-0.0010243028,0.0021056596,0.0013966163
2015-05-13,0.008166731,-0.00053258194,0.004109512,0.0022364927,0.0030883474,0.00018228151,0.0008854244,0.00032238176,-0.00036181277,0.00069809455,0.0006311342,0.0,-0.0011750298,0.0048154253,0.0055864453,-0.00026029907,0.0022245338,0.0035467914,0.0072142733,0.002831538
2015-05-14,0.006624722,0.0018789617,0.002901902,0.0027248154,0.0061911484,0.00035854735,-0.0010237037,0.0022432515,0.003432564,0.00032536063,0.0039157756,0.0015378366,-0.01673828,0.0020164822,0.0039188303,-0.0006442076,0.003583758,0.018850539,0.003991631,0.0020089603
2015-05-15,0.001331144,0.0006699748,0.00081406086,0.0010001285,0.003936744,0.0,0.0,0.0041611516,0.0025093434,0.0038302843,0.0047482853,0.002462566,-0.0024192357,0.0059113195,-0.0012839029,0.00058046327,0.00064528314,0.0029739006,0.0016375812,0.001851172
2015-05-18,-0.0045678527,0.0005948269,0.00084820937,-0.0010383142,0.0022398445,0.0013354011,-0.0034329393,0.0018162585,0.0047664153,0.006354111,0.0022320063,0.0014351764,0.0044688936,-0.0034206146,0.0011337615,0.0009184296,0.0002559997,-0.0002631188,0.0049157315,0.0037063493
2015-05-19,-0.0017437895,-3.1573265e-05,0.0043323417,0.0022248954,0.0018085842,7.776498e-05,-0.0010097076,0.0012910188,0.010739452,0.003259948,0.0011044062,0.0011720442,0.0043600597,-0.0010338224,0.004789806,0.0007025638,0.0027209378,0.0022501664,0.00407538,0.003531264
2015-05-20,-0.010651781,0.0011445812,0.0015918198,0.0024899982,-0.00087479525,0.0025341476,0.0011664464,0.0014625263,0.0044108024,0.0023400874,0.0018051867,0.0021990647,0.009903933,0.0030579597,0.0014486255,0.00301113,0.0,0.00084363925,-0.0016286084,0.0024734752
2015-05-21,0.002232793,0.0024781618,0.0009972405,0.0015950826,0.00049928686,0.0008052898,0.003699339,0.0002463792,0.0003438716,0.0012140878,-0.0009922677,0.0017255995,0.0025123453,-0.0022156239,7.039107e-06,0.0018246449,0.0004528675,0.0017160883,0.0065984977,0.003875165
2015-05-22,0.0027614918,0.0035368132,0.0049204472,0.0024202068,0.0028345918,-0.00017417902,-0.00075712346,0.000989734,-0.0010980638,0.0043203537,0.00017108266,0.0009448438,0.0056407684,0.0008180605,0.00047123805,0.0020340318,0.0006533902,0.00234452,0.0045750807,0.00093851093
2015-05-25,0.0011137136,0.0025625026,0.004398061,0.0008516081,1.5159499e-05,0.002247528,0.002146443,0.006178293,0.0018585798,0.0021180275,-0.0017547011,0.0023435196,0.0036980326,0.00028669168,0.0013478652,0.0009752305,0.0022762495,0.005507296,0.0037136597,0.0028070132
2015-05-26,0.002181575,0.0035121571,0.0018828581,0.0011054365,0.0030770134,0.0012348774,0.0009065052,0.0021982032,0.00064369995,0.0034571995,-0.0019179079,0.0013120387,0.0018240969,0.00071616453,0.010443229,0.004233567,0.0017248074,0.0055437176,0.005475605,-0.002341348
2015-05-27,0.0037075519,0.00013619264,0.0,0.0008987815,0.00087485503,0.00048081108,0.00090404984,0.00055679353,0.00041564374,0.0014588734,-0.00055810995,0.0012514422,-0.0007414466,-0.0005190042,0.0030136663,0.0017705738,0.0037410643,0.00845614,0.0058878986,-0.0021831489
2015-05-28,0.0064254696,0.0022026312,0.0026598726,0.00096776773,-0.0012891897,0.0017214122,0.0012997873,0.00074260007,0.0013801997,0.000392113,0.00073566363,0.001791698,0.0011434138,0.0026021497,0.003444524,0.0013877813,0.00074202573,0.011355104,0.010139609,-0.003910832
2015-05-29,0.0032272134,0.002530157,0.0032368405,0.0016126211,0.0,0.0015478712,0.007752809,0.00032561904,0.0037809832,0.0016580289,-0.00039272575,0.0030756618,0.005744593,0.00059530116,0.00048036157,0.0003952178,0.0010409616,-0.000937249,0.0018890871,0.0017418609
2015-06-01,0.005251161,0.003913216,0.0037835054,0.0016772553,0.0009282953,0.0012682034,0.0042332513,-9.732223e-05,0.00074118876,0.0049775564,0.0011628,0.0013541648,0.0035757737,0.0011896488,-0.0005825065,-0.00056027574,0.0027606299,0.0032237696,0.0,0.0030548803
2015-06-02,0.0012039437,-0.0005485848,0.00043594904,0.0006720737,0.00077787193,0.0010783814,0.0016131003,0.000180536,0.002736591,0.0018467528,-0.0011381509,-0.00063347834,0.0040757437,0.0011737201,0.0041931593,0.0022001767,0.00022733762,-0.0043496382,-0.0026050366,0.0022410974
2015-06-03,0.0014827871,0.0,0.0017791113,0.0031217416,6.7171524e-05,0.0009757654,-0.0022859883,0.0015385096,0.002588846,0.0,0.0022274454,-0.0026922862,0.0049575125,0.001532425,-0.001498901,0.0009902447,0.0019902543,-0.0007063889,0.0025311988,-0.0012174773
2015-06-04,0.00059023954,-0.0009811972,0.0018371148,0.0018558538,0.001598406,0.0012071041,4.2138972e-06,0.0041668033,-0.0005639125,0.0010918144,0.0010811489,0.0005729649,-0.00036909617,-0.0002733535,0.00087865815,0.0011650423,0.00023840455,0.0014674563,-0.0001917632,0.0042748963
2015-06-05,0.00084851484,-0.00096616003,0.0012885493,0.0012385233,0.00037700732,0.0014612204,0.00064487633,0.0008747687,0.0,0.00022626443,0.004234321,0.0062452774,0.0017785192,0.0005987733,-0.0016902356,0.001018401,0.000632486,0.0002947568,-0.00028395755,0.005342233
2015-06-08,0.0039249724,0.0030835476,-0.00029462756,0.0014193642,0.00084504066,0.0015956286,0.0003534265,0.0004522193,-0.0011105199,0.0021960891,0.0013835791,0.007902866,0.0017053089,0.0012401687,0.0067927917,0.0004993372,0.001740393,0.0,0.00034938913,0.0023145336
2015-06-09,0.0012942313,0.004783629,0.0,0.0028645834,0.0038229143,0.00047181238,-0.0039176764,0.007481895,0.0025674384,0.0012646264,0.0,0.0057859495,0.00018242882,0.0016352128,0.0021568506,-0.00027718933,0.0022548486,0.001745195,0.00028360015,0.0028266907
2015-06-10,-0.00056132744,0.0038533304,0.00084403204,0.00067971396,0.0035031086,0.0022060191,0.0,0.0017123648,0.0066219904,-0.0009368099,0.0003083943,0.002151732,0.0020610818,0.00463874,0.0017705291,-0.002517306,0.0019015997,0.0039020693,-0.0003596639,0.006159492
2015-06-11,0.0030878726,0.0008365384,0.00036846552,0.0018608769,0.0004732928,0.0017524125,0.0035566997,-0.0017334269,0.0037674648,0.0028648814,0.0009813086,0.004128904,-0.0001518832,0.0044589937,0.00418158,-0.0016512267,0.00042506144,0.0033198667,0.00014033688,0.0019596778
2015-06-12,-1.1940996e-05,0.003391746,0.0009336557,0.0028577016,0.001272843,0.00054525794,0.0058219996,-0.0027734642,-0.0006457776,0.0008552146,0.0037825853,0.0020168868,0.0,0.0036395967,0.0007894759,0.0002987474,0.0016233021,0.008060895,0.007268126,-0.0007003599
2015-06-15,0.0005212296,0.00057689234,0.0035267512,0.0,0.0018387916,0.0,0.0026018226,-0.0031883095,-0.00010273287,0.0021141523,0.0018396217,0.0019518635,0.0032907089,0.005963934,0.0020046153,-0.002067319,0.0016425998,0.005976561,0.0075064357,-6.153873e-06
2015-06-16,0.0016029734,0.0005568078,0.0022854435,-3.2722684e-05,0.0061222203,0.0,0.0016373489,-0.0010502196,-0.0012633727,0.0024983196,0.0016372775,-0.0009782797,0.001562434,0.0042075757,0.004503118,-0.0027599623,0.0016540679,0.0014493709,0.004770621,0.000106414256
2015-06-17,0.0025971432,0.036035705,0.0012043671,-0.0022969483,0.0025837186,0.025563233,-0.00035414365,0.0038451804,0.0018087486,0.0021939673,-0.00082660525,0.00076407805,-0.003440438,0.0031632695,0.0005320638,0.003981378,-0.00058541057,-0.0050848504,0.000971777,0.0012756544
2015-06-18,0.0032119416,0.0017417991,-0.0014057247,0.002202713,0.008323758,0.0016230514,0.0008388025,0.0015554592,0.0043610665,0.0017732144,0.0018568027,0.0042250324,-0.0048480607,0.0045040753,0.002826968,-5.3387965e-05,-0.0022439659,-0.007977001,0.002204368,4.759841e-06
2015-06-19,0.010029146,0.0044194288,-0.00016483568,0.0038230256,0.0048129177,0.0059893285,0.0032937427,0.0011784504,-0.0022308338,0.0020955675,0.0014800556,0.003528568,0.0003967042,0.0018743803,0.0023252936,0.00097508077,0.00034750643,0.0029356475,0.0017154885,0.0029116964
2015-06-22,0.0011684039,0.0010776109,0.0017466703,0.00091509114,-0.0010137059,0.008420171,0.0015986094,2.6175765e-05,0.0040567056,0.0006778031,0.00037735168,-0.000737041,0.00074745587,0.0001957379,0.004007391,0.0009795366,0.0016948194,0.004262971,0.0017015488,0.0
2015-06-23,0.0049021817,-0.00035907893,0.00077340624,0.00088128226,0.0017818554,0.008504345,-0.0019397928,0.0015897354,0.0031725732,0.00050813926,0.0,-2.361628e-05,0.00057873066,-0.00017883781,0.0020920553,0.0009040858,-0.0026282107,0.0080605205,-0.0034213217,0.0016450498
2015-06-24,-0.0021568749,-0.00069444004,0.0012290704,0.005130376,-0.0047373413,0.0014155058,-0.0023612995,0.0006120045,0.0074079223,0.004281338,-2.053246e-05,-0.0010996136,-0.00030481745,0.0007405535,0.0018404634,-0.0020666337,-0.0011098516,-0.0006067116,0.0043250523,-0.0014679149
2015-06-25,0.0014629327,0.001273622,0.002331643,-0.0035544361,-0.0006808251,0.00031705125,-0.002272226,0.00043451166,0.0039952705,0.00499482,0.00057729345,-0.0023917323,-0.0038177609,0.00069821504,-0.0004213973,0.0024517982,-0.0010449198,0.0013108795,0.0035226669,0.002800218
2015-06-26,0.0015417316,0.0036520143,0.0020893568,-0.0034231476,0.0077745775,-0.0016622028,0.003644591,-0.00026416956,-0.00074010465,0.0019887937,0.0009016312,0.0037976333,0.00036187723,0.0,0.0023789313,-0.000961438,0.0011328789,0.005135652,0.002300362,-0.0023549914
2015-06-29,0.00080850057,0.002999096,-0.0004369103,0.0007024338,0.006968299,0.006781384,0.0011893689,0.00023727905,0.002833956,0.0009015994,0.001858464,0.003853188,0.001445786,0.000632829,0.0033259797,-0.005441888,-0.0010040258,0.009612677,-0.0036422254,0.004495242
2015-06-30,-0.00070898805,0.004032356,0.0014255546,-0.00032450177,0.005238341,0.0006973023,-0.0013058898,-0.0005823137,0.0015863569,0.0035672307,0.0016183433,0.001065732,0.025154991,0.002015466,0.0041663605,0.0020219162,0.009821144,0.0,-0.0004409218,0.001853685
2015-07-01,0.0031502952,0.00065449043,0.0018262692,0.0018594362,0.00070038263,-0.00038921667,0.007325852,-0.00029333786,0.0012170476,0.0025248479,0.0008132454,0.0017590888,0.0009640007,0.00034082393,0.0003772235,0.004796778,0.016439535,0.0022496441,0.0011717645,0.0013309827
2015-07-02,0.0061250683,0.0027067831,-0.0002579397,0.0035516734,-0.0014657524,0.005948495,0.005863554,0.0013440168,-0.00090020464,0.0040810113,0.00067769183,0.00097457255,0.0026722227,0.0011917605,0.0007030152,0.0063910587,0.0048333886,0.005735334,0.005898289,0.0037225587
2015-07-03,-0.00042955612,0.011055058,0.0023284962,0.003104647,-0.0008524221,-0.0016288906,0.00012096606,0.0022285855,0.0011391565,0.0014114799,0.00016539765,0.00082697097,0.0021227938,0.00042604408,0.0013026531,0.0040795263,0.005621434,0.0037020019,0.0032347208,-1.6866086e-05
2015-07-06,0.00069811003,-3.6538997e-05,0.00059274834,0.00037828798,-0.0010012549,-0.00021801551,-0.0019689521,0.0011995839,0.001901653,0.00033905232,0.0011893924,0.0006083422,0.0035238932,0.0035802075,0.002036203,0.0015893771,0.007987155,0.005462934,0.0005217528,0.0044869143
2015-07-07,0.0029276498,0.0026013174,-7.635214e-05,0.0037641532,-0.00044571364,0.0008507737,0.003604427,-9.153014e-05,0.0024736684,-0.00079415523,0.00014656599,0.0007138435,0.00043214532,0.0024986297,0.0003689632,0.0006805564,0.0005966173,0.010741173,0.000116435236,0.0054678447
2015-07-08,0.0005624754,-0.0003402952,0.0017263682,0.0053473436,0.0011006489,0.0028459488,0.00014835707,0.0012965163,0.0020125876,-0.003461422,0.0020985946,0.0026237448,-0.00071492215,0.0016394773,0.00016283178,-0.0039509614,0.010088156,0.001545443,-0.000138204,0.00042258328
2015-07-09,-0.00032704437,-0.0023251092,0.0020241903,0.00394662,-0.0004678542,0.0015625543,-0.010738185,0.0016449078,0.003798833,-0.005892641,0.003022865,0.0025071846,-0.008222564,0.0030785343,0.002507378,0.0025057455,0.0034894382,-0.0012159905,0.004541085,0.0018401658
2015-07-10,0.0007338243,0.000233633,0.0007525728,0.010691733,0.0021904958,0.0040161847,-0.012467957,0.0010199238,0.0039310614,-0.0024032814,0.0033963947,0.0023656257,0.000105777464,0.00011826299,-0.00039115886,0.0045707887,0.001218515,0.0010819536,-0.003196629,0.0014378051
2015-07-13,0.0008131678,0.0012060901,0.0016536443,0.00016971245,0.00987882,0.00022624386,0.001733432,0.0,0.0049162144,0.0017137479,0.00017142802,0.0017923974,0.0016186711,0.00042033795,0.001420944,0.0043235472,0.0061076693,0.0036694957,0.0,-0.0003470789
2015-07-14,-0.0026069854,-0.0009259476,0.0028576585,-0.005635761,0.0064717187,0.00036478988,0.0013059019,0.0013408641,0.0046495707,-0.003197108,-0.00016613792,0.0067706727,0.0026246733,0.0018512616,0.0042764433,0.0061648437,0.0033490548,0.003914696,0.0012096362,0.0004343084
2015-07-15,-0.0007143458,0.005410715,-0.000114941075,-0.0026682112,0.0015850874,0.00090617704,0.0007421333,0.002014834,0.0029656154,-0.0017815806,-0.0034736814,0.0038204168,0.0,0.0,0.0019348796,0.0054920795,0.0033943711,0.0029809729,0.003268421,0.0014617044
2015-07-16,-0.0010651501,-0.0020568795,-0.0017523048,0.0023651663,0.0026381523,0.0047368794,0.0032266881,0.00013963623,0.0039550243,-0.00034502984,2.304223e-05,0.0017397783,0.0036582486,0.0025726922,0.00190199,0.0034646848,0.005411102,0.0024729702,0.0019752663,0.0030553828
2015-07-17,0.0023629905,-0.00013987473,0.00016517304,-0.0007659734,0.0045011686,0.00068423897,0.001984317,-0.0003181362,0.0035876618,0.00090737065,0.000284696,-0.00028300128,0.0020517025,0.0022997956,0.003079348,0.004497438,0.0030589164,0.0017494246,0.0038270305,0.0061580357
2015-07-20,-0.0024274131,-0.009059139,0.0007214593,-0.0061808415,0.0023333293,-0.001861594,0.0036528856,0.00068174535,0.0015103556,0.009793303,0.001555656,0.001281234,0.0015840359,0.0022595804,0.001722576,-3.7603368e-05,0.002632569,0.00192488,-0.0017591799,0.004467829
2015-07-21,0.0061656283,-0.0012367525,0.0013270547,-0.00063425524,0.0052706893,0.0038174684,0.0017174586,0.0013087976,0.0015740012,-0.00015274013,0.0014139147,0.0029384338,0.0,0.0027168985,0.0022749132,0.00035642186,0.0006220801,0.0019858903,0.0028655631,0.0047703492
2015-07-22,0.0012620079,-0.0020928264,0.00056353223,-0.0001519761,0.002173774,0.0015939458,-0.0014267677,0.002741324,0.00094428443,0.006613368,-0.00092494517,0.0,0.00051264215,0.0020537481,0.0031703373,0.001348064,0.0007537384,0.0012549909,0.0009410918,0.0003761783
2015-07-23,0.0070842295,0.0012396579,0.0009815725,0.0042789723,0.00016501358,0.0018992355,-0.0019755203,0.0024894027,0.0016209197,0.017858962,5.065738e-05,0.00014358148,0.0,0.0015533417,0.0,0.009217373,0.0029192965,0.0008484574,0.002636228,0.003169314
2015-07-24,0.0010289792,0.0023748055,0.0013521191,0.003245654,0.0037509715,0.001967837,-0.00033026704,-5.1426236e-05,-0.0018776077,0.0059853755,-0.0002649214,-0.00023259872,-0.001587921,0.0007980355,-0.00034159096,0.0029321208,-0.00069917535,0.003792961,0.0018127819,0.004238868
2015-07-27,0.0034512556,0.0037194379,-0.00094159716,0.0026247208,-0.007922156,-1.9972947e-05,-0.0005837027,3.3401007e-05,-0.005720985,0.0038455857,0.0012283908,0.0028108282,0.002502687,0.0019786651,0.0047775656,0.0013534825,0.0047479896,0.0061282073,-0.0015015476,0.0032329212
2015-07-28,0.00092325674,0.0030283749,-0.00033416814,0.0020531532,0.0010926693,0.004816233,-0.0026616924,0.0009261886,-0.0071479296,0.011576395,-0.0005203442,0.0036990996,0.0026973556,-0.00071264885,0.0030035235,0.0,0.0046195122,0.005149031,0.0013677082,0.0033320512
2015-07-29,0.0014941336,0.0030050543,-0.001031203,0.0053706276,0.0018152805,0.0019737936,-0.0002971518,0.00082475453,-0.0010378902,0.018300297,0.0011894759,0.00017471323,0.002918958,0.0008955474,0.0028619918,-0.0021727793,0.0039949515,0.002766866,-0.00022362944,-0.0003059694
2015-07-30,0.0013951589,0.0019610438,0.0032146017,0.00032365628,0.001625854,0.0022157766,-0.003201705,0.0034571167,0.002302562,0.009256451,-0.011852664,3.9834114e-05,-0.0004277391,0.0010811412,0.00018454688,-0.0020388134,0.0064313104,0.00081225944,0.0042284504,0.00041514394
2015-07-31,0.00015065551,-0.0017349857,0.0016266285,0.0035912138,0.0,0.0021717,-0.0026972578,0.0036749088,0.0038193348,0.0010300793,0.000769726,0.0055402005,0.001729163,0.00480401,0.0023677088,0.0024267107,-0.0023971966,0.0010832835,0.0034188994,0.0011906569
2015-08-03,0.002254462,0.003332776,0.00048103236,0.004872725,0.0059543527,0.002303041,0.0005812833,0.0011558414,0.0041870247,0.0030292121,0.0012193485,0.005262732,0.002394691,0.0006837065,0.0014702845,0.002299105,0.0016680651,0.0012420652,-0.00010070181,-0.00052598584
2015-08-04,-0.0015990761,0.00019318482,0.0023283765,0.000574921,0.0028088999,0.0015006253,0.00025297047,0.002052444,0.0022369241,0.00033999138,-0.0009967829,0.008048938,0.0008955761,0.0003508125,0.00065969606,0.0018720941,0.0057337773,0.001991795,-0.0019324394,-0.0076552797
2015-08-05,0.00048771524,0.0038433457,0.001809769,0.0016221146,0.0056996355,0.0041943495,4.1806044e-05,0.004015526,0.003722117,0.002862203,-0.00017647896,0.0046022264,-0.00014306793,0.0011380852,0.0027883037,0.0035093469,0.0017773277,-0.011528742,-0.001882288,-0.0054550422
2015-08-06,0.0010273006,-0.0005182131,0.0014645765,0.0010606834,0.0017728121,-0.0016244678,-5.367661e-05,0.0020589782,0.0011002443,0.0,-0.0028162403,0.0035322953,0.0011054915,0.0010930722,0.0005358025,0.001122582,0.0006267067,0.00015551859,-0.0011362091,0.0011773952
2015-08-07,0.001082674,-0.0048076333,0.00019494059,0.00048925367,0.00022578944,0.002826215,0.0004359935,0.0006492866,0.002204102,0.0016114197,7.7992925e-05,0.0027145522,0.0048331814,0.0038812845,0.0018590959,0.0020778358,-0.0031865353,-0.00018461242,-0.0010937589,0.0030675547
2015-08-10,0.0014949344,-0.00047603616,0.0017273676,-8.839361e-05,0.001054196,0.00466813,0.0027490426,0.0031228731,0.002042385,0.00807487,0.0027126183,0.0029138878,0.002075422,0.0008230137,-0.0008917575,0.00083762634,0.0029091325,0.001618974,0.00145451,0.0073500443
2015-08-11,0.00045593866,0.007931659,-0.0018612845,-0.0024598602,-0.00021331954,0.0046304045,0.0017581683,0.0022769386,0.002480975,0.0002779582,0.0040011047,0.0016474527,0.00042735925,0.0026696478,0.0019399888,0.0005928096,0.0012913051,0.0026849601,0.002659934,0.00648228
2015-08-12,-0.0009982619,0.00045815093,-0.0011576564,-0.0019544757,-0.0014895609,0.0034364816,0.002479332,0.0007522095,-0.0008449052,0.00045633776,-0.0030464504,0.0038932324,0.004353377,0.0025911713,0.0010934338,0.0019902745,0.002461636,0.0010306815,0.005465529,-0.0010874665
2015-08-13,0.00456767,0.002525606,-0.0015877605,-0.00020187302,0.003094259,0.00854745,0.0018229297,0.0018244155,0.0,0.002531275,0.0016261903,0.0046930104,0.00030913294,0.002146786,0.002017126,0.0004333009,-0.0012483383,0.0016932035,0.0033810632,0.0
2015-08-14,0.001486395,0.0025645979,-0.00059729005,0.0012522201,0.002218166,0.0026144178,0.00032200536,0.0015926479,0.0010173141,0.0031420644,0.0014253381,0.0029361928,-0.00012810477,0.00032626648,0.0017115251,0.0014454295,0.0010720475,0.0056807743,0.000980336,0.0028534157
2015-08-17,0.0,0.0015391049,0.0027971528,-0.006264526,-0.00043912823,0.0032972204,-0.0009351858,0.0014396157,0.0,0.00013493751,0.0032167712,0.002888454,-0.0015768103,0.001239284,0.00037128915,-0.00032565003,0.00094638247,0.00609717,-0.000958448,0.00071980513
2015-08-18,-6.6586304e-05,0.00054700335,0.0054326425,0.001722227,0.00078086305,0.0048289374,0.0011866061,0.0040167165,0.0010978323,0.0027513776,0.0021693641,0.0,0.005012619,0.0024904974,0.0013900298,-0.00028621044,0.0013951942,0.009247454,0.0,0.001369796
2015-08-19,0.0007790838,0.0005682382,0.0038119259,0.0016134265,0.0008004647,0.0014113198,0.0007056776,0.0033048505,-0.00032675415,0.0039974945,0.002770938,-0.00017872869,0.0017224569,0.0031565009,0.001604772,0.0008095898,0.0,0.00638254,0.0010615679,0.0018247636
2015-08-20,0.0011239562,0.0,0.0036557436,0.0057541616,0.003205767,0.0022905662,-0.0026617832,0.0034512272,0.0004589392,0.0069358693,0.0046950993,0.0,-0.0008436022,-0.00044921198,8.869109e-05,0.0037426725,0.0019660199,0.00078765163,0.0033943714,0.0050899135
2015-08-21,-0.0018619129,0.0016824699,-0.00039216687,0.00022780198,0.0042214114,0.010890397,0.0,0.0,-0.0007514193,0.0021222215,0.002708543,0.0011422383,0.0045843963,0.001952995,0.0014046667,0.0033440425,-0.0029909688,0.0029061441,0.0008952351,0.0009879601
2015-08-24,-0.0060149007,-0.0023040064,-0.0009980721,0.0012332025,0.0072295936,0.0016791545,0.0032996289,0.0,0.005200387,0.0013696274,0.002518016,0.0010967935,0.0012078517,0.003672315,0.0033411132,0.0,0.0048099635,0.001295429,0.0010103072,0.0033925762
2015-08-25,0.002506184,0.0003804756,-0.003121062,-0.0011922019,-0.0016894751,0.0016075305,0.0010691928,0.0011950688,0.0005482393,-0.005712462,0.0014048998,0.003238067,0.0074148993,0.002176025,0.0030589371,-0.0002221784,0.00066244986,0.0025374203,0.001780681,0.006722319
2015-08-26,0.0048110536,0.0055077346,-0.003052985,0.0010987266,0.0,0.00052140956,-0.0071437857,0.0011215655,0.00081326027,0.00021623183,-0.0018405074,0.0013525508,-0.0015185216,-0.0014183485,0.00097068166,0.0018821785,0.0052588605,0.00030099263,0.003418005,0.000980979
2015-08-27,0.0011445342,-6.192101e-05,-0.0052301004,-0.002467417,-0.0024705562,0.0007359985,-0.0013538891,0.002345372,0.0015716233,0.003275928,-0.001861589,-0.0023659822,-0.0016279776,-0.00088141026,0.0014851845,-0.0010260671,0.0034183112,-0.006384298,0.0015586267,-0.0015210249
2015-08-28,0.0008682622,0.00036894207,0.0,0.0012509194,0.0023821495,0.0039399783,-0.0015142092,0.00047758681,0.0067667644,0.0040695667,0.0013545502,-0.0022253075,0.0,-4.726913e-05,0.0041960347,-0.006315123,0.0030176644,-0.00021069396,0.00041592048,-0.0015741243
2015-08-31,0.0026636634,0.0006751489,0.0018125832,0.00074221747,0.003784875,0.0024626155,0.0017942344,0.0008391676,0.0018195843,0.0048728315,0.0021263747,-9.78866e-05,0.0,0.00016635038,0.00090281415,-0.0021046046,0.0011891571,-0.0021755768,0.001980698,-0.0012411521
2015-09-01,0.00012821298,0.0018129833,0.00026173415,0.004583368,-0.003660059,0.000864574,0.0050723907,0.004772432,0.0026175545,0.00054234447,-0.0006963747,0.00083484367,-0.004546142,0.00048295164,0.0008268941,0.0022295564,-0.00016595914,0.0006839081,0.001191724,0.0016205152
2015-09-02,0.0004925679,0.00053325744,0.0009510959,0.0022102832,-0.0055175526,-0.002002571,0.0041527217,0.0012355167,0.0032474657,0.0006776277,0.0008999903,0.0022171151,-0.004329063,-0.0012680321,0.0025495773,0.0048550093,-0.0013657459,0.0017367279,0.0020212396,0.0019080964
2015-09-03,0.0044648927,0.0,0.0032783216,0.006299243,-0.0009464156,-0.0018951952,-3.45257e-05,0.0026312447,0.0011992388,0.0029722475,-0.001674939,0.002839305,0.0027920736,0.0033240793,0.000700828,0.002660814,0.0005270958,0.0028699196,0.006502505,0.003654431
2015-09-04,0.005487303,0.0008128382,0.00049581326,0.0011130016,0.0022973276,0.0,9.4161776e-05,0.0032568614,0.00027140204,-0.00037794444,-0.0004898463,0.0022050145,0.005558958,0.003416386,0.0011436103,0.004229564,0.006064906,0.0016791384,0.0034244321,0.0010349845
2015-09-07,0.0026695083,0.0018191721,-0.00028340946,0.0011319795,0.0012390512,0.0024877768,0.0027115077,0.00017385348,0.0010732075,-0.0007852402,-0.0018021979,0.0009798685,0.0022069905,0.007559658,0.0005347625,0.0012702484,0.0022016973,0.0049402257,0.0027284264,-0.0006371957
2015-09-08,0.001842232,0.0010657103,-0.00017192113,0.0033777377,0.0033956033,-0.0030042906,-5.133344e-06,0.0019083931,0.0022264125,0.0019523982,0.0,0.00077286875,0.00056922296,0.005017013,0.0039558527,0.0029116727,0.002256187,0.002761363,0.0020436125,0.0094728675
2015-09-09,0.0,0.0024914595,-0.001815345,0.0032466056,0.004544059,0.00600672,0.009254748,0.0024566085,-0.00027544776,0.0025178224,-0.00035997466,-0.001479527,0.002086422,0.0032594346,0.0026546875,0.00021647736,0.00466292,0.0036642256,0.0017467629,0.001229485
2015-09-10,-0.00045968487,0.00010522887,-0.0009280374,0.0018459229,0.003411582,0.005449202,0.0028936018,0.00021187606,0.00015888181,-0.0031221595,0.0006445944,0.0012532022,-0.0037037695,0.0021670552,0.00019500658,-0.00071047153,-0.0017403126,0.0050004544,-0.0010462562,-0.001700612
2015-09-11,-0.0015119747,0.0,1.6086464e-05,0.003281259,0.004019098,0.009162289,-0.0006711844,-0.0010949369,0.0012219438,0.00030090357,0.005394712,0.0007940586,0.0026854535,0.0038702565,0.0005218979,0.0029695262,-0.006308973,0.0044756085,-0.0001785568,-0.0030049887
2015-09-14,0.00039765326,0.002390894,0.005188017,0.0005182863,0.004725951,0.0036459295,0.0009441249,0.0,0.0,-0.00026672383,0.0039464016,0.0017136829,0.0022183065,0.0010135056,0.0022142564,0.0003069485,-0.0031820356,0.0010985916,0.0033450252,0.00033771485
2015-09-15,0.0028984884,0.00014868849,0.0039942106,0.00095499365,0.0032530313,-2.837503e-05,0.0050804354,0.00025125072,0.019295054,0.007466804,9.6356904e-05,-0.0024581056,0.0005611356,-0.00038609505,0.0034422323,0.021001736,-0.0014331973,0.014854329,0.0032848625,-0.0018926286
2015-09-16,0.0049097813,0.005173027,0.0039006723,0.000669718,-0.0010876551,6.123366e-05,0.0045606242,-0.0006154802,0.0011817787,0.0038190342,0.00019256613,0.0008948618,0.00035024332,0.0,0.00032388803,0.0012088332,-0.005309896,0.0043261503,0.003713586,-0.00061543036
2015-09-17,0.0044978955,0.0007407987,0.0019571371,0.0031510906,-0.0013586456,0.0028490194,0.0014463692,0.0011903858,0.0071208305,0.004908769,0.0024109385,0.0046205185,0.0020327165,-0.0014576054,0.005547695,-0.00086734415,0.0006816479,0.0042271786,0.0019937942,7.962772e-05
2015-09-18,0.009147441,0.0050111734,0.0018572353,-0.00264395,0.0009938943,0.004972044,0.006335415,0.008387621,0.015988303,-0.0020412405,0.002635316,0.0023130972,-0.00022577174,0.0012889084,0.0031320418,0.0027155993,0.0048389304,0.0033837243,0.0043904446,0.0016360416
2015-09-21,0.0045275884,0.006618977,0.0034013875,0.0012375646,-0.0018950774,0.004828746,0.00057105755,0.0055323816,0.00049771566,0.0011895066,0.0020234364,0.020033153,-0.0027500119,2.889183e-05,-0.003026029,0.0040319064,0.0015659203,0.0038744172,0.0038879144,0.0035112842
2015-09-22,0.00025886792,0.00046556396,0.00012274057,0.0028609212,-0.0006832464,0.004837849,0.0015962176,0.009828608,-9.32652e-05,-0.00014093654,0.0024618867,0.0032300737,0.0008997173,-0.0007982688,0.002153428,0.0010135937,0.0020248226,0.0008951045,0.0011419037,0.0029603879
2015-09-23,-0.0014305774,-0.0006850106,-0.0039030921,0.0012085532,0.0024097539,0.0059747784,0.004357616,0.0019721065,-0.003715175,0.010317454,0.0039710924,0.00080618216,0.00030645696,-0.0012578364,0.0055724047,0.0005935751,0.006874998,0.005745202,0.00060372,0.0026697505
2015-09-24,0.0012121813,-0.021726573,0.000247806,0.009934011,0.0,0.004870737,0.0,0.0016107862,0.0020457366,0.006176703,0.0006730907,0.0011906631,0.0014226345,0.004358652,0.0034131457,0.0028066433,0.006189049,0.0012286702,0.0034104674,-0.0013638361
2015-09-25,0.0,-0.00089182536,4.152092e-05,0.007163111,0.004596653,0.0060243993,0.001372816,-0.00064033107,0.0016387745,0.00084767333,0.0020215707,-0.0016199385,0.00015286509,0.009454531,0.003316246,0.00014355347,0.00254716,0.0018201316,0.0010130408,0.0024394072
2015-09-28,-4.923471e-05,0.0031740046,-0.001217133,0.0026786916,0.0016972219,0.004270154,9.92498e-05,0.0060710106,0.003141958,0.0,0.00317758,0.0021077874,0.0015083425,0.0017531968,0.0015896966,0.0004623808,0.002333286,-0.001432856,0.0026276812,0.0027403093
2015-09-29,0.0059694755,-0.00047089133,0.0036524113,0.00015989957,0.00082059065,0.002971345,0.002573432,-0.007833714,0.0025990596,-0.004090589,0.00067622704,-0.0004675344,0.0040710308,0.0016846672,-0.00039139268,0.0025719025,-0.00045465032,0.0021291445,-0.00071503007,0.0059232605
2015-09-30,0.0001488173,0.007844767,0.0020854108,0.0066223727,0.0008309676,0.0028089501,0.0021843852,-0.0029381681,0.0056062858,-0.004037536,0.0024557654,0.0005875163,0.004000603,-0.00047430542,-0.0014478953,0.0005334358,0.0027245688,0.004591555,-0.00029333043,0.0020101962
2015-10-01,-3.8812286e-05,0.011778958,0.002146045,0.0038017384,-0.0025503049,0.0008478081,-8.02729e-05,0.009745784,0.0009134174,0.0003617366,0.0015786458,0.0017322706,0.0012148746,-0.0021197523,0.0002300039,0.0029564868,-0.00025407298,0.0029137137,0.0023346564,0.0011723235
2015-10-02,0.004617732,0.005694929,-7.791778e-05,0.0093401885,0.00059847865,0.0022738301,-0.0011408954,0.015758188,0.00016153978,-0.0007826997,0.0018684575,-0.0017554886,0.0014193901,0.0011902568,-0.0013190461,-7.2783456e-05,0.0004348274,0.0034137724,0.0025476497,0.0034319602
2015-10-05,0.00839316,-0.013167714,0.0004200943,0.0061397557,0.00262321,0.004129515,0.0023280533,0.0025867203,-0.0009587041,0.0049263956,0.0009061531,-0.001035569,0.0015555675,0.015877472,0.00043450156,0.002436374,0.0,0.0023364844,0.0024001896,0.0028375469
2015-10-06,0.005015367,-0.004541216,-0.0013149527,0.006667668,0.001139125,0.0006324884,0.00132831,0.0020889505,0.007467047,0.0061921137,-0.0010162794,0.000103094826,0.004217149,0.016973961,0.0009916979,0.0018515037,0.0004651948,-0.002980391,0.0006833855,0.009781774
2015-10-07,0.0020327417,-0.011151181,0.0005413728,0.0073973825,0.001607979,0.0011587449,0.005006886,-0.0011923431,0.004201794,0.0016194505,-5.256474e-05,-0.0024108202,-0.0005044848,0.0058831195,0.0005181438,0.00072820764,0.0,-0.00083593663,0.0017256916,0.0038667542
2015-10-08,0.00075844873,0.005423428,0.001810792,0.005818865,-0.0022203333,0.0012434374,-0.0013224656,0.006122062,0.0031840075,0.0003362699,0.001775054,-0.0018093798,0.00043496623,0.0,-0.0013839905,0.0025121416,0.0018684644,0.0004928539,0.0013602817,0.0011946181
2015-10-09,0.0019116784,0.009227887,0.0044626854,0.00013574267,-0.00064633717,0.0014700808,-0.00056945655,-0.0022396585,0.006005443,0.0013295893,0.0016175658,0.0042707906,-0.0014431828,-0.0010934742,0.0011581179,0.0016024981,0.0029772988,-0.0009266828,0.00033873355,0.003709672
2015-10-12,0.0009335416,0.0025024544,0.005610017,0.0027413506,-0.0011933221,0.0013270831,5.7946665e-05,0.0029123453,0.007892757,-0.0012980911,-0.0013261695,0.0076139127,-0.0005538908,-0.0018967866,0.0057387445,0.0019088855,0.0039020323,-0.003039589,0.0009329636,0.00018201082
2015-10-13,0.002324393,0.0062302984,-0.0005590205,0.0052895425,-0.0050075273,0.0004056383,0.0005385116,0.009496528,-0.00086164457,-0.0017711492,-0.0014606937,0.0025349753,0.00075782475,0.005629379,0.0059207133,0.0018228616,0.0072571817,7.613627e-05,0.0018468678,0.0012061615
2015-10-14,0.0013934687,0.0,0.00074606045,0.0055188676,0.002194233,0.00046271476,0.0025661218,0.006996006,-0.0005690494,-0.0034935616,-0.002402895,0.0017114759,-0.0011008092,0.0069170715,0.0058912896,0.000140482,0.0,0.00047593316,0.0037149377,0.0018483846
2015-10-15,0.003610595,0.00020177466,0.00042633893,0.00907233,-0.0019385352,0.0014083503,0.0031195085,0.0035292138,-0.00082878815,0.00083507516,0.0024625214,0.0061756857,4.48833e-05,0.0048702103,-2.5228053e-05,0.00046530916,0.0009417256,0.0053835614,0.003825521,0.0028065215
2015-10-16,0.00020233888,0.0021846273,0.0005395014,0.006744912,0.006196161,-0.0006082954,-0.0032002346,0.0032099152,0.0027210054,0.0016173142,0.0030881332,0.0037428834,0.0,0.0007484947,0.0024051296,-0.0013433015,0.0025594465,0.0017198602,0.00260793,0.0032346798
2015-10-19,0.0,-0.014386882,0.002566784,0.0015440052,0.0033076904,0.0016534774,0.0012626296,0.0045542503,0.0056235055,0.012421381,0.0025789884,0.0018506018,0.00052217545,0.00018259301,0.004204533,0.00041696228,0.0020271298,-0.002686403,0.0028057334,0.002892573
2015-10-20,-0.0014374526,0.000805562,0.0021529323,-3.077336e-05,0.0042262487,0.0023241455,0.0,0.0015579449,0.0015570044,0.006907544,0.0008177632,0.00048023806,0.0015388873,0.0043080747,-0.0003888749,0.0035812631,0.00085986004,-0.0012357162,0.0016851242,0.0021907708
2015-10-21,-4.854701e-05,0.0012814181,0.0022838125,-0.0064042336,0.0032360458,0.0028833786,0.0010165045,0.0009990735,0.0057883654,0.005471816,0.0,0.0033534623,0.0023992686,0.0005369935,0.00829912,0.0026038336,0.0010418259,0.0020205004,0.0,0.0024270923
2015-10-22,0.0049579837,0.006161992,-0.0008305988,0.0023545008,0.0018857673,0.0017813549,-0.0022728897,0.001992549,0.0051534893,6.1180275e-05,0.0,0.0032822902,0.0018838912,-0.001605835,0.0037253466,0.00040037045,4.4535624e-05,0.0033313895,0.00036173436,0.0011034411
2015-10-23,0.0032677143,0.011644206,0.0028254827,0.0012303782,0.0017519818,0.0019634694,-0.0033977823,0.0035962304,0.0039797206,0.0028045757,0.00086287287,0.0027984076,-0.0003786274,0.0031481753,-0.0035000013,0.00034551727,0.00038604604,-0.0056553814,-0.0042446763,0.00066125544
2015-10-26,-0.0006069631,0.0015588242,0.00033919443,-0.0024108333,0.0017507582,0.00019528322,-0.0018354136,0.006304792,0.0014149188,-0.0015231954,0.0009153815,-0.0017371257,0.0008678465,0.0021928416,-0.00057553727,0.0009039883,0.0025171393,0.004441308,-0.0013032163,-0.00072027085
2015-10-27,0.0016973284,0.000564942,0.0017115587,-0.00093678193,0.0010807313,0.0019928766,0.0032536462,0.0024304371,-0.0026361533,0.00019574055,0.0027028844,0.0006955967,0.001435097,-0.0021238846,0.003157328,0.0010875262,0.0026053542,0.00080592197,0.0017438004,0.003618882
2015-10-28,0.0015085978,0.0047662403,-0.0029464816,-0.008737703,-0.001979415,0.0009675718,0.0036225694,0.002399318,0.0036293762,0.0023197422,0.0015995273,-5.0423132e-05,0.002533038,-0.0011216187,0.0037545962,0.0005399164,0.0007739808,0.0005325955,0.0044557303,0.001409491
2015-10-29,0.0025665076,0.0058952817,-0.0012719936,0.00040532812,0.001454654,0.0024814503,0.0014774528,0.0006835663,0.0008314102,-0.00019024208,-0.00040292344,0.0016125388,0.0023590578,0.0034142795,0.0056759506,0.0001935849,-0.0027056856,0.007949892,0.0016776513,-0.0012472619
2015-10-30,0.002474786,0.0037068513,0.00256562,0.0005799226,0.0009210815,0.0,0.0023327218,0.008599798,0.006157915,0.0059504244,0.002246432,0.0042094886,0.0029615473,0.0040599266,0.0007394161,0.0041946303,0.00022525509,0.003833362,0.0037091621,-0.0010124564
2015-11-02,0.002339766,0.0031717534,0.0022950275,-0.0017348409,0.0017202289,0.0025801014,0.0026276612,0.0011381021,0.026168443,0.0014498192,0.0040178937,0.00068760506,0.0035707462,0.0025237512,0.00033023706,-0.0007599819,0.0022798341,0.004349909,0.0064693065,-0.009498243
2015-11-03,0.001567455,-0.00036503727,0.0016193038,-0.00079745904,0.0,0.0030271383,0.0039401306,0.0012065991,0.0014372128,0.008059174,0.0003747511,0.0070386496,0.002575266,0.0041910782,-0.00021916797,-0.0026588868,0.002814243,0.002821935,0.0024939117,0.00084701995
2015-11-04,0.0026687102,-0.000108258944,0.00042850323,-0.0012323778,0.0017756036,0.004375267,0.0021539647,0.009212398,0.009144326,0.0032638374,0.0012404799,0.0074159247,9.3016504e-05,0.0020455841,0.0017258269,0.0023419985,0.003171873,0.001854311,-0.0032413658,0.0012532437
2015-11-05,0.0015591008,0.00041821215,0.0007015337,0.0011392648,0.0018523943,0.00070396526,0.0003103321,0.018541072,0.0070491997,0.0032432252,0.0021400074,0.0032540588,-4.721937e-05,0.008085218,0.0028069986,0.008879706,0.0019366095,0.003103006,0.0003107391,0.0026066257
2015-11-06,0.0,-0.00045010724,0.0003503462,0.016006565,0.0022950515,0.0013180182,0.00012299835,0.025316387,0.0070045125,0.008985769,0.0023130258,0.0009959043,0.00084713736,0.0017140578,0.0038644813,0.00053860276,0.0014853842,0.0068227993,-0.00053898274,0.0031792026
2015-11-09,-0.0006982178,0.006915029,0.0005178097,0.004199258,0.002324857,0.0026257553,0.005973407,0.0011227321,9.926652e-05,0.003949849,-0.00019604027,-8.269079e-07,-0.00057413196,0.0002296289,0.00402616,0.0016785932,0.00015265871,0.005246245,-0.0044663283,0.009856746
2015-11-10,0.002911308,0.00067438424,-0.00018422239,0.004489122,0.0013582269,0.0014145429,0.002859958,0.0085383,0.0,0.0047310735,0.0007524193,0.0012235875,0.0,-0.00028023825,0.0060378253,0.0039460794,-0.00028103258,0.0025182255,-0.0024622888,0.012327515
2015-11-11,-0.00047122277,0.0035630737,0.00015673817,-0.0003006707,0.001255821,0.004435812,0.0034557912,-0.0006635181,0.0011874058,0.0036559717,0.0008437275,0.0017891907,0.0,-0.004435804,0.008902759,0.0,0.0,0.00095368037,-0.004965454,0.0012274039
2015-11-12,0.0011630994,0.00248681,0.0010123193,0.0011945114,0.002167324,0.0018225961,0.0008514365,0.001000376,0.0010268273,0.008506619,0.00025780362,-0.0018950641,-0.0018836962,-0.00043854045,0.00083800266,0.0023681547,0.0014831255,0.0016096117,0.001213056,0.0030568736
2015-11-13,0.0037386408,0.0026190612,0.0038882901,0.0004097537,0.0032552227,0.00302441,-0.0030707074,0.004744635,0.001254078,0.0004211142,0.0015635407,-0.0009476317,0.0,0.001597199,-0.0012682492,0.0,0.00084911205,0.002978174,0.0031725971,0.00044026738
2015-11-16,0.0039603454,0.0032223857,0.0014745443,-0.0038187685,0.003410239,0.0019088575,0.00067285995,0.002541596,0.0016667626,0.0021231812,0.002228424,0.0002728772,0.00040099473,0.007112693,-0.00029074788,0.0025968952,0.0035282392,0.0037082909,0.0011253161,0.0029215657
2015-11-17,0.0,0.008115011,0.00012408024,-0.00041868765,0.0019130203,-0.0007615506,0.002024997,-0.0008955796,0.001985058,-0.0023353852,0.004616532,0.0001118044,0.0007995469,0.0,-0.0007135264,0.0011387776,0.0011504726,0.009751112,0.0019952839,0.002595095
2015-11-18,7.4288015e-05,0.0019481065,0.0033642466,-0.0005667292,0.004022963,0.0,0.002025927,0.0032001536,-0.0026079698,0.0017691083,0.003919462,0.00065387954,-0.00095297006,0.0031378379,0.004960704,-0.00089760736,0.0024174727,0.0010088544,-0.00027283194,0.002766976
2015-11-19,0.0009520576,0.0,-0.00055970484,0.0013278652,0.0017158969,-0.0019123028,0.0011389235,0.0017344732,0.0013011099,0.0066709807,0.00069861405,-0.0022829175,0.0014763235,0.0007612344,0.0050921817,0.0034548945,-0.0011222505,6.316814e-05,0.0019350657,-0.002761006
2015-11-20,-0.0026550733,-0.0013528765,-0.000114957744,0.003699432,-0.0012588489,0.0028161155,0.00034227976,0.0005217606,0.0054060817,0.002589563,0.00073207694,-0.0005754932,0.0044859336,0.0071848775,0.0035277125,-0.0018946661,0.0011657239,0.0002825149,0.0038410889,0.00084834173
2015-11-23,-0.0034242074,-0.004511419,-0.00080938445,-0.0013430127,-0.00057173695,0.0032109078,0.0020969827,0.002139092,0.005588367,-0.0047650146,0.0022052806,0.0001659523,0.0026911562,0.0035921999,0.0025117835,0.001046981,0.005793093,0.0023554293,-0.00016407264,0.0028809318
2015-11-24,0.0021602185,0.0019738516,0.0011930185,0.0034182253,0.0010089405,0.0031445266,-0.0021515964,0.0010584263,0.005142644,0.003172818,-0.0007273433,0.0017475239,0.0017164819,0.0039738286,0.0025171821,0.00056658266,0.002814638,0.002859671,0.0017862904,0.0028042954
2015-11-25,-0.0010972314,0.0038883046,0.0012090441,-0.0007856448,0.0050110756,0.005467521,0.0025270926,0.0007670485,0.0018364928,-0.0008849499,-0.004471754,0.0049671074,-0.0005875999,0.002138547,-0.0013371237,-0.0005208757,0.0025579631,0.0047823796,-0.002652844,0.004499095
2015-11-26,0.004547725,0.0031109774,0.0035789616,0.0025468706,0.004783061,0.0032310798,0.0013239259,0.0004719667,0.019592004,0.0044728797,0.00040228528,0.006703598,0.0014092099,0.0027002927,0.0014192204,0.0,0.00044949978,0.0032843973,0.004838885,0.0029719407
2015-11-27,0.006728404,0.002678921,0.0008353052,0.0030275811,0.00023655593,0.001157172,0.0031630646,-0.00062847533,0.0024590278,0.002023653,0.0028352847,0.00012869967,0.0032241493,0.00025918926,-5.8794056e-05,0.0018106209,0.0021379772,0.00043370033,-0.001695884,0.0029724971
2015-11-30,0.00064433133,0.0031171,0.0005953811,0.0030620918,0.0014652688,0.002470059,0.00055431714,-0.00233428,0.00160109,0.0028942986,0.003433589,-0.0060893055,-0.0008350207,0.0064268243,0.00361286,0.0019322321,0.0023727538,0.0010437126,0.0016377515,0.0020155944
2015-12-01,0.0005384531,0.00078327645,0.0018387242,0.0024791064,-0.002577283,0.0018925886,0.0003870873,0.005685753,0.0021930116,-0.00080142246,0.0028729413,-0.0004279573,0.0016389235,0.0031468638,0.0026306503,-0.00016312343,0.003864055,-0.0008714767,0.0005064276,-0.0012596458
2015-12-02,-0.001485251,-0.0027232806,0.0039498755,0.005416223,0.00022022003,0.0014925937,0.0021409662,-0.0034528794,-0.00043487738,0.0027023533,-0.00028937942,0.0004253105,0.0020112407,0.0015002957,0.0014394901,0.0016058813,0.0047257952,0.0007973357,0.0036883357,-0.0014590418
2015-12-03,0.0015573279,0.00075274357,0.00072903687,0.0028177863,-0.00036055397,0.003996578,0.0,0.004592226,-0.00047513505,0.0068271747,0.000960512,-0.022881579,0.0048304126,0.001087966,0.0006760975,0.004816363,0.00038175093,0.0011125145,0.004794758,-0.0006479764
2015-12-04,0.0074000168,0.0010290688,0.0060637025,0.0012651609,0.0016950043,0.0019621863,0.0009953511,0.0009615395,0.011446308,0.004928494,0.0028359431,-0.0013543095,0.0048166504,0.0019028054,0.0022887362,-0.00060827273,0.00019299386,0.00039881957,0.0013110786,0.0029563513
2015-12-07,-0.00068175123,0.0027742176,0.0059655476,-0.0034516533,0.007865108,0.004585562,0.0035627456,0.0021154138,0.0017137151,0.0012828602,0.0008156512,0.0,0.0029804357,-0.0019397984,0.0034535762,0.0060811155,0.0004544966,-0.0037000554,0.003011138,0.0037008685
2015-12-08,0.0014834534,0.002712156,0.002924167,0.0032301866,0.0042860913,0.001577885,0.0010312224,0.007247208,-0.0004276889,-0.002268726,0.00013502387,0.0016779721,-0.0005637742,0.0,0.0032666998,0.0045032483,0.0025278216,0.001060647,0.0029473286,0.0017238117
2015-12-09,-4.1681637e-05,0.0008182897,0.0,0.0007257422,0.0011437805,0.00088116777,0.0013716709,0.006624299,0.01144615,0.0017295689,0.00039600654,0.004095364,0.0011764013,0.0022143256,0.00019288682,0.0015410326,0.0021939685,0.0,0.0047513973,0.0025946605
2015-12-10,0.0018518087,0.002969006,0.0025551114,-0.0026845075,-0.003053339,0.00681147,0.0037893099,0.004173154,0.0057201944,-0.001065564,0.003164206,0.006780468,0.0031474237,0.0029098701,-0.00036525822,0.0051046493,0.00049877004,0.002013713,0.00779544,0.0024194177
2015-12-11,0.0015586874,-0.0010998741,-0.00022279221,0.00029029208,0.0008700353,0.003007097,-0.001105436,0.004938511,0.004595929,-0.010258541,0.0008265692,0.002505632,0.0026040033,0.0026543566,-0.00094545586,0.0060785785,0.003413616,0.0013466794,0.0037562756,0.0012271327
2015-12-14,0.00011865649,-0.0014619465,0.004907418,0.0028124053,0.0011276244,0.0017310331,0.00051226065,0.0028301128,0.0017129338,0.002658163,-0.00051874184,1.2275161e-05,0.00018495746,0.0029541943,-0.005102926,0.0038249332,0.0017954635,0.0012296869,-0.00051874184,0.0017310331
2015-12-15,-0.00020407191,0.009945045,0.004261565,-0.0010644142,-0.00025737323,0.0027586205,0.00616534,-0.00045216279,0.00067103753,0.0036988247,0.009840034,-0.0013762059,0.0010318417,0.0009040885,0.0015891115,0.00147553,0.0036399972,0.0031078863,0.009840034,0.0027586205
2015-12-16,-0.00013025136,0.0063255494,0.004001876,0.0013895618,0.00068396796,0.0029208078,0.0037198185,0.0027385224,0.0022513163,0.00093508477,0.0061773937,0.0024341822,0.002616599,0.0013628191,0.0052739857,0.002324337,0.0012628385,0.0014498706,0.0061773937,0.0029208078
2015-12-17,0.0016171071,0.0032532976,1.9170346e-05,0.0032877098,-0.0017981597,0.0016297103,0.0069256653,0.00012713144,0.003701428,0.0037642769,0.004533314,-0.001619091,0.0011764913,0.0,0.00079325883,0.0048894035,0.0038443382,0.0021280844,0.004533314,0.0016297103
2015-12-18,0.0006671316,0.00090760866,0.0010143206,0.003931001,0.002201355,0.0028481325,0.006176628,0.0048509124,-0.0013572709,0.00024174324,-0.00019284662,0.0024108195,0.00097198354,0.0026332093,0.0,0.0062381956,0.0014348116,0.0023568678,-0.00019284662,0.0028481325
2015-12-21,0.0019964562,-0.0030475112,0.0020282292,0.0027384502,0.0013284718,0.0001886871,0.0030116367,0.0013653688,0.0023140174,5.455293e-05,0.0,-0.0026350974,-0.0028095082,0.0016178284,-0.0015736605,0.0043508057,0.0016217851,0.0026906,0.0,0.0001886871
2015-12-22,0.0029227415,0.0015395983,0.0025126745,0.002174367,0.0044282177,0.0019078561,0.0010193452,0.0020968395,-0.00095216016,0.002797915,-0.0014301062,-0.0027580091,0.0018864975,-0.0018317313,0.0066318423,0.0034098607,0.0036577682,0.0,-0.0014301062,0.0019078561
2015-12-23,0.0015541587,0.0029972526,0.0013304662,0.00082264625,0.0015837195,0.0028324432,0.00043943344,0.0055581867,0.0023444637,0.004727593,0.00016409165,0.0003704147,0.0025076186,0.0018593163,-0.0027683822,0.010889154,0.0032602435,0.0021107653,0.00016409165,0.0028324432
2015-12-24,0.0015124998,0.0043382663,0.0012482022,0.0016479915,0.0015012685,0.00043426262,0.0045206333,0.002262253,0.0040372834,0.0037967283,0.005920893,0.0005173536,0.0021102747,0.0011260728,-0.0015093465,0.00054895866,0.0014910799,0.0026596328,0.005920893,0.00043426262
2015-12-25,-0.0006255955,0.0022465745,0.00072225643,0.0016124479,4.4618573e-05,0.0006272908,0.0023823637,0.0016880026,0.0034009435,0.0,0.000104284874,0.00017580032,0.0038083333,-0.0007825111,0.010838922,0.0042380625,0.0017146677,-0.0016900762,0.000104284874,0.0006272908
2015-12-28,0.00023399302,0.0032771404,0.0018071206,0.0050038067,-1.372496e-05,0.0016879187,0.0030806111,0.001522209,0.0024139634,0.0020812454,0.0018869117,0.0036886742,0.002970876,-0.00070544996,0.0073776892,-0.0010328849,-0.0013990424,0.0012666665,0.0018869117,0.0016879187
2015-12-29,0.00035047255,0.0009366667,0.0033143328,0.00043392897,0.00014447895,0.0047763204,0.00013831405,-0.004086248,0.0019789466,0.0016775238,-0.0011183219,0.0056524617,0.0018990473,-9.052418e-05,0.0013502156,0.0045125303,0.002541257,0.000921065,-0.0011183219,0.0047763204
2015-12-30,0.0022665912,-0.0010395714,0.0066761067,0.0041413587,-0.00019979116,0.0023683123,0.0,-0.0011840371,0.0030563048,0.0031669387,0.0009868713,0.0014754822,-0.0007391055,-0.0010693611,0.015029762,0.002027441,0.002907697,0.0021809444,0.0009868713,0.0023683123
2015-12-31,0.0009687005,-0.0012880549,-0.00078356836,0.0045118774,0.0036615417,0.001564687,-0.00078025344,0.0005233854,3.7945363e-05,0.0015548046,0.00081768114,0.0035351194,0.001359517,0.0008294885,0.0058388524,0.005619393,0.00010972352,0.0031906457,0.00081768114,0.001564687
2016-01-01,0.0008036218,-0.00046863226,0.002682427,0.00079457037,0.0047428966,0.0015352939,0.0029152962,0.0044587287,-0.0013558707,0.00037180976,0.0017776855,0.004083477,-0.0006962697,0.001257022,0.004588398,-0.0011914936,0.00090561155,0.00012612113,0.0017776855,0.0015352939
2016-01-04,0.0010815549,0.0032910148,0.0022644226,0.00045858324,0.0031354334,-0.0009888703,0.0051919767,-0.0010971673,0.0010292826,0.0,0.0038236312,-0.0018499452,-0.00024829124,-0.0012632424,0.0024607661,-0.00014134555,0.0012201867,-0.0010822827,0.0038236312,-0.0009888703
2016-01-05,0.0030081386,0.008114089,0.0017249219,-0.00071013725,0.003591159,0.00093349715,0.0035990332,-0.0015973063,0.0029931434,-0.00053023547,-0.00058746006,-0.0021538162,-0.001692595,-0.00022881689,0.0016979711,0.001483397,0.0061711012,-0.0013363545,-0.00058746006,0.00093349715
2016-01-06,0.0020149136,0.004103458,1.8836296e-05,-0.0014330469,-0.0014154619,0.0007067501,0.0036920004,6.2050975e-05,0.00016170439,-0.00097601797,0.000983462,0.0024417874,0.0023437245,-0.000112824935,0.0032481833,0.0054083667,0.00043429612,0.00017896744,0.000983462,0.0007067501
2016-01-07,0.002421604,0.0,-0.0005561005,0.0024034197,0.0024221365,0.001124959,-0.0005583108,0.00015108472,-0.00024181763,0.0057284134,-0.0020061494,0.0023847271,0.0014782408,-0.002692888,0.001128009,-0.0037072632,0.00074011827,-0.00047388335,-0.0020061494,0.001124959
2016-01-08,0.0019910664,0.0016411756,0.0,0.0024282534,0.0010520403,0.0029631655,-0.00075966853,-0.0011962418,0.0025780196,0.0016882722,0.0,0.0026929039,0.00076957303,-0.0027750079,0.00023235645,0.004125179,0.0007082563,0.0007446992,0.0,0.0029631655
2016-01-11,0.0006268895,0.0021966167,0.0020608588,0.0016186195,0.001164195,-0.00019579972,0.0013336745,0.0012237147,0.0027290757,0.001913027,5.6935613e-05,-0.0020771234,0.0025163465,-0.0018007216,0.00074104365,0.0,0.0025769884,0.0026246302,5.6935613e-05,-0.00019579972
2016-01-12,0.0036538888,0.0057155564,0.0020553996,0.0025373218,0.00026350367,0.001825194,0.00093032775,0.0044814306,0.0014426614,0.0030671982,0.0025431882,-0.0021440382,0.0004299821,-0.0005596322,0.0043764063,0.00077101897,0.0021783467,0.0015811971,0.0025431882,0.001825194
2016-01-13,0.0003202838,0.00070700055,0.0,0.0032336107,0.0009957091,0.0008641269,0.0025117595,0.0023455254,-0.00037148976,0.0027082863,0.00022726932,0.005203655,0.0011062458,0.001141239,0.004294995,-0.006237559,0.0027107934,0.0017312567,0.00022726932,0.0008641269
2016-01-14,0.00021489139,0.00040031032,0.0014672516,0.0027190621,0.0011166865,0.0027673703,0.0020181339,0.0015718582,0.00031109163,0.0038845467,0.00064702635,0.006773998,0.0012935642,0.0046363943,0.0039975527,-0.0049315714,0.00035414522,0.0016256471,0.00064702635,0.0027673703
2016-01-15,0.0021922041,-0.00022109182,0.0026810318,0.00046337312,0.00075305015,0.0012646955,0.0,0.0027221704,0.0010481884,0.0013441419,0.0023349046,-0.00030009315,-0.00082951644,0.0045131696,0.0034482223,-0.00043048957,0.0025059613,0.001758687,0.0023349046,0.0012646955
2016-01-18,0.0009356942,-0.0018136519,0.0003218287,0.0,0.0009482128,0.0016768005,0.00035535058,0.0010868524,0.0020278655,0.0021430322,0.0042186063,-0.0023056278,0.001774672,0.0017685608,0.0066049667,-0.00044303384,0.00091778906,0.0011102816,0.0042186063,0.0016768005
2016-01-19,0.0016893417,0.000925451,0.0019456658,-0.002992177,0.0009417941,0.0013625202,1.7769117e-06,0.0009744076,0.0014178838,0.0,0.003260732,-0.0011907602,0.000658815,0.0029075714,-0.000257702,-0.00052491506,0.001251726,0.00057522143,0.003260732,0.0013625202
2016-01-20,0.0016664861,0.0008816742,0.0007056956,-0.0006029018,0.0027397817,0.0037986017,-0.00076160376,0.0013885642,0.00074022834,0.0006300423,0.0032289638,0.003222433,0.0020593298,0.0017950853,0.0041504162,0.010624678,0.0009786468,-0.0013101215,0.0032289638,0.0037986017
2016-01-21,-0.00016781576,0.0014645909,0.0,0.002243676,0.0009387014,0.003399094,0.0027183725,0.0027366485,0.001270334,-0.0014575572,0.00013530343,0.005081997,0.00079464016,-0.00067201967,0.0030468842,0.004332699,-0.0021579675,0.0028466643,0.00013530343,0.003399094
2016-01-22,-0.0011070656,0.004243436,-0.00223333,0.00032177285,0.0006540194,0.0037550326,0.0024384905,0.00071431487,0.0010278802,0.004044173,0.0011562437,0.0017150759,0.001168634,0.002782785,0.0011087273,0.0038562645,0.0017528675,0.00341845,0.0011562437,0.0037550326
2016-01-25,0.002851131,0.0025949522,-0.003635759,0.0021762596,-0.0009200955,0.0015393901,0.0019490338,-0.0009786262,-0.0024451404,0.0022767168,0.0019613702,0.0019523368,0.00020564026,0.00090340315,0.0033666757,0.003258666,0.0014663456,0.002308703,0.0019613702,0.0015393901
2016-01-26,0.00068254425,-0.0049940767,-0.004004421,-0.0009754423,0.0014535622,0.00016595186,0.0032276933,-0.00059446733,-0.0009565694,0.0020737464,0.0,0.0016833243,0.0003744714,0.000821237,0.005073854,0.0043244297,0.0,0.0010972196,0.0,0.00016595186
2016-01-27,0.0004986048,0.0033095782,0.0016303489,0.00084606826,0.00092847,0.00084825367,0.0025015825,-0.001415288,0.0039947713,0.007422337,-0.00041560517,0.0011588298,-0.0010383364,-0.0009389318,0.0063395537,0.0038800996,0.0038146263,-2.697093e-05,-0.00041560517,0.00084825367
2016-01-28,0.0013108205,0.0034502104,0.0028363427,0.0019625826,-0.0021680363,-0.00052651763,0.0040023364,-0.0008623489,0.0027977214,0.0037578174,0.0036541172,0.0014444756,-0.0017810547,0.0038113906,0.004489119,0.006811342,0.0028291468,0.00016228609,0.0036541172,-0.00052651763
2016-01-29,0.0023355247,0.0014100813,0.0016411258,0.00064832374,0.0,-0.00039558092,0.0022780823,0.002245015,0.0025038335,0.0038167783,0.0039917743,0.00069532957,0.0,0.00075227575,0.0020552052,0.0011251814,0.0021224858,-0.00026420434,0.0039917743,-0.00039558092
2016-02-01,0.0010731942,0.0050925473,-4.4010044e-06,0.0009557782,0.0,0.0013152629,0.0045298897,0.0020182899,0.00237747,0.0,0.0008515391,0.0010866893,0.004795328,0.0019706553,-0.0019086268,-0.0024501686,0.0011182962,0.0,0.0008515391,0.0013152629
2016-02-02,-0.0006763973,0.0063150837,-0.00047684793,0.0019238159,-0.0044916724,0.0022325008,0.0030169517,0.0017975769,0.0003714325,0.0006190575,0.0023427443,0.0003488306,0.0058240285,0.0016554791,0.0,0.0010006618,0.000812058,-0.0023454912,0.0023427443,0.0022325008
2016-02-03,0.0004572231,0.0050118286,0.0014034733,0.0002369874,-5.51777e-05,0.0025510958,0.0016253544,0.0,0.00087045383,0.0011113657,0.00449996,-0.00051401276,0.001955021,0.0013026133,0.0015996427,0.0020168491,0.00066688366,0.0,0.00449996,0.0025510958
2016-02-04,0.0014071247,0.0012726836,0.0042569614,0.002329667,0.0009833033,0.0005139437,0.0010701955,0.00090933987,0.0027169609,0.0033173861,0.00049987726,0.0032342908,0.00222415,0.0015887651,0.00053715927,0.00053868786,0.0010306608,0.00020214,0.00049987726,0.0005139437
2016-02-05,-0.00019482976,-0.0011897722,0.003132027,0.0030275402,0.0045845076,-2.9136745e-06,0.00080535957,-0.00014291376,0.004512377,0.00015011974,0.0034349326,0.0026121223,0.0010166528,0.0016684347,-0.0018235694,0.006065652,0.001384879,0.00035637378,0.0034349326,-2.9136745e-06
2016-02-08,-0.0018974602,0.0040722676,0.00014017979,0.00096668524,0.0018731796,0.0011260227,0.0017531974,-0.0016760723,0.0042079007,-0.002445339,-0.0006842818,0.003154675,0.001719529,0.0031767336,-0.00076389866,-0.0011029295,0.0018876366,0.0003386615,-0.0006842818,0.0011260227
2016-02-09,-0.0018054183,0.0010994355,0.004520521,-0.0027243367,0.0048846346,0.00031454838,0.0008260338,-8.9838155e-05,0.0024259975,0.004453632,0.0008438989,0.0052312873,0.002631845,0.0009989864,0.0044428646,0.0010795643,0.0025323557,0.00229618,0.0008438989,0.00031454838
2016-02-10,0.0009762239,0.0022032883,0.0034396553,7.118776e-05,0.0042011263,0.00023103111,0.00067298947,0.0016337134,0.0021982524,0.0032932046,-0.00016608488,0.0032945233,0.0009293244,0.0022778676,0.0062117395,0.00081427983,0.002550485,0.002014858,-0.00016608488,0.00023103111
2016-02-11,-0.0013131133,0.00090709113,0.0032779907,0.00013591186,0.0007091482,0.0012614868,-0.00023600286,0.0022763198,0.00074192527,0.0013204309,0.0021300067,-0.0008126587,0.0022860607,0.0007104385,0.00080437673,-0.0006913547,0.002797151,0.0003777036,0.0021300067,0.0012614868
2016-02-12,0.00029810285,0.0015512588,-0.0013543747,0.004520257,0.0013855052,0.002324619,0.00641712,0.0,-0.0009783213,0.00013963063,-0.0059026526,-0.0027310662,0.0013807435,0.0008991741,0.0014036235,-0.003542772,0.0018511815,0.0008165313,-0.0059026526,0.002324619
2016-02-15,0.0010609122,0.0007137726,-0.00016477502,0.0031577975,0.0011072124,0.0035209581,0.0021068072,0.0007878658,0.0013845988,0.0015392595,-0.0021876798,0.0,0.0,0.0010282182,0.01567441,0.0005217899,0.0043728156,0.0004736816,-0.0021876798,0.0035209581
2016-02-16,0.0005575713,0.0022603397,0.0029596146,-0.00016970807,0.0017796801,0.0019922254,-0.0028379818,0.0001243457,0.0023022136,0.00034322782,-0.002374718,0.0009261143,0.0028706454,0.0025025508,0.015976632,0.0016805986,0.001566769,0.0013537478,-0.002374718,0.0019922254
2016-02-17,0.00072297663,0.0017558518,-0.00028620515,0.0020145276,0.0010955081,0.0026035127,-0.002764014,0.0010586976,0.0015955536,0.0005939976,-0.0005870187,0.0038514463,0.0040054843,0.0015193335,0.0049872776,0.000839275,0.00074129325,0.0012559347,-0.0005870187,0.0026035127
2016-02-18,0.0016141031,0.00068255415,0.00022412789,0.0022028682,0.001564726,-0.00059954025,0.002142411,-0.0016810009,0.0032341063,0.0033119898,0.0029604393,0.0030839257,0.0,0.0005811556,0.0,0.0020519448,0.002134322,0.0,0.0029604393,-0.00059954025
2016-02-19,0.000768673,-0.00078521675,0.00091185124,0.0021258283,0.0013090823,-0.0010497267,0.0022440671,-0.001124598,0.0008067865,0.00987982,0.0023363556,0.0009200469,0.0002816841,0.0003700756,0.0043651266,0.0040167104,0.001117074,0.0014547725,0.0023363556,-0.0010497267
2016-02-22,0.0034253283,0.0,-0.0009817594,0.0020870517,0.003245989,0.0011390158,0.00085272925,-0.0015090549,0.0027348956,0.0025904307,0.00073710235,0.0007319288,0.0007509471,0.001961455,0.0038909195,0.0032826166,0.00016541552,0.002096393,0.00073710235,0.0011390158
2016-02-23,0.0020637503,0.0048640906,0.00070489914,0.0017815345,0.0026049577,0.00016481068,0.00030203044,0.003283691,0.0011182978,0.00047603092,0.0005253802,0.0016801694,0.0016657248,0.0018426153,0.0006622304,0.0032548206,-0.002159833,0.0015830944,0.0005253802,0.00016481068
2016-02-24,0.0,0.0009952238,0.0032593315,-2.7027667e-05,0.0027255975,-0.0013034601,0.0,0.0061055105,-0.0013356907,0.0010855045,0.0039098635,0.002213521,0.0013334284,0.00090689596,0.0007661563,0.0,-0.00043086094,0.004748409,0.0039098635,-0.0013034601
2016-02-25,0.0022076634,-0.001988991,0.0044598314,0.0,0.000464393,-0.0012895907,-0.0015859065,0.003416087,0.0025597364,0.0009180143,0.0024265496,0.0018505551,8.0374746e-05,0.0015439517,0.0006479342,-0.00040364062,-0.0013388991,0.00051210925,0.0024265496,-0.0012895907
2016-02-26,0.0024506326,-0.0026008515,-0.0006394346,0.00035957966,0.0017279548,-0.00024833408,0.0,0.0012260472,-0.00046678015,0.0041770693,0.00063073967,0.0012027869,0.0007141339,0.0011081782,0.001445872,0.0,-0.0027689633,0.0,0.00063073967,-0.00024833408
2016-02-29,0.00037989463,0.003801423,0.0008163466,0.0012264671,0.00013127686,-0.0015459473,0.0017016599,0.0,0.0016612521,-0.0026317523,0.002826548,-0.0034569888,0.0014790321,0.001008447,0.0013852341,-0.0015483102,0.00433363,0.0006944155,0.002826548,-0.0015459473
2016-03-01,-3.2361655e-05,0.0037165412,0.00014986703,0.0,0.0038093466,0.002562525,0.00016395026,-0.002472216,0.0017302064,0.0020257747,0.0027505043,0.000970196,0.0,0.00037921764,-0.0010364054,0.0,0.0042901062,0.0021649913,0.0027505043,0.002562525
2016-03-02,0.002122095,0.0073277163,0.0032864956,0.0004592737,0.0005921263,0.0025754406,0.00037179486,-0.0029235505,0.0037591944,0.00041609554,0.0019339373,0.0022254928,0.0015564249,-0.0021232218,0.0022043749,0.008201309,0.006623788,0.0021886781,0.0019339373,0.0025754406
2016-03-03,-0.000463137,0.00070721784,0.004201083,0.00038285705,-0.0008328174,0.0026429328,-0.00013841096,-0.0023980462,0.0013119942,0.0059944503,-0.0022953486,0.004942401,0.00059173733,0.0004996326,0.0046338895,0.0091183605,-0.0001750729,-0.0014583718,-0.0022953486,0.0026429328
2016-03-04,0.0042410996,0.0030013337,0.0038499124,0.0010230787,0.0001332472,0.004543425,0.0017493427,-0.0034459634,-0.00039291938,0.0066794213,0.00065028184,0.0020031286,0.0,0.00040575565,0.0010676727,-0.0023052602,0.001174321,0.0,0.00065028184,0.004543425
2016-03-07,0.0026278745,0.005789632,0.004340189,0.0015694451,0.0005720722,-0.0014694489,-0.0008103896,0.0013604816,0.0021878956,0.0013309289,0.0015006105,-0.00054375967,9.3136776e-05,0.0006236556,-0.0029886563,-0.0024511998,0.0029291806,0.0011755213,0.0015006105,-0.0014694489
2016-03-08,0.0036482685,0.0042005666,0.0039915717,0.0011958629,0.0003104755,9.293178e-05,-0.0011941814,0.0014658545,0.0009000005,0.00063339865,0.0005747765,-0.0008360377,0.0006508386,0.00017884979,0.00021968962,0.002407282,0.0,0.0018151557,0.0005747765,9.293178e-05
2016-03-09,0.0026882093,0.0063598924,0.0038255525,0.00075638096,-0.00028728816,0.0036151079,-2.6977694e-05,0.0029324777,0.0009147095,0.0018122644,0.0006644016,0.0014484612,0.0023404704,0.0004291308,-0.0003861632,0.0027490673,-0.0025792434,0.0014085801,0.0006644016,0.0036151079
2016-03-10,0.002190691,0.0022840635,0.0024042267,0.001253592,-0.0009425412,0.0010353923,0.0032833873,-0.0048459037,0.00030190064,0.00268525,0.0,0.0006369295,0.0005919886,0.001419939,0.0030823853,0.0026090809,0.002517445,0.001269893,0.0,0.0010353923
2016-03-11,0.0020476698,-0.00047692598,0.00049731403,0.0039518373,-0.005363771,0.0024657496,-0.0009026901,0.0067328867,-0.0015034049,0.003924858,0.001724691,-0.001567316,0.0024264893,0.0041894875,-0.0021538038,-0.0014494723,0.0037221685,0.0031418283,0.001724691,0.0024657496
2016-03-14,0.0015540334,0.00090737833,-0.0024023824,0.0011848209,0.0028075264,0.013422996,0.00036140878,0.005203295,0.0019732537,0.0012283084,0.00022705883,-0.0014324514,0.0044144853,0.005437483,0.004754253,0.0006835192,0.0,0.0060515413,0.00022705883,0.013422996
2016-03-15,0.0009372677,0.0025971972,0.0010179844,0.003885312,0.0005897597,0.0016810489,0.0020138875,-0.0021074421,0.0019130224,-0.00038928541,0.00024849808,-0.0049911104,0.00080639706,0.0027928245,-0.0009018952,0.0022052345,3.862901e-05,0.00019676705,0.00024849808,0.0016810489
2016-03-16,0.0021135542,0.0011479129,0.0028689927,0.0015612481,0.002157057,0.0034078504,0.0039833337,0.00059238146,0.00037987923,0.00037896895,0.00031034806,0.0015709533,0.0032274271,0.0047508664,0.007926522,0.0005964699,0.0021805435,0.0015794666,0.00031034806,0.0034078504
2016-03-17,0.0008861261,0.0,0.0027111382,0.004462646,0.00071057316,0.0022319101,0.0006186904,-0.0035210662,0.00029808425,0.00084357196,0.0011268565,0.018051308,0.0011397491,0.0025652072,0.0071218982,0.0032348172,0.0041247234,0.00039491255,0.0011268565,0.0022319101
2016-03-18,0.0,0.0010104403,0.0016900372,0.007257241,0.001219334,0.0021178264,0.0014867451,-0.0021330272,-0.00060265785,-0.001747345,0.001583238,0.0016889187,0.0030147464,0.0032117986,0.0019155203,0.005375719,0.0026050599,-0.002149615,0.001583238,0.0021178264
2016-03-21,0.003122122,0.0014364031,0.0018001392,0.0068407427,-0.0009785912,0.0,0.00094399636,0.0011389129,0.0018148707,0.0035948656,0.0011417338,0.0028349063,-0.0011220514,-0.00037476167,0.0020158892,0.005694971,0.0048326463,0.013838816,0.0011417338,0.0
2016-03-22,0.0007418927,-7.294699e-05,0.0016447773,-0.00029530807,0.010785651,-0.0011493241,-0.00035138716,0.0,-0.0014137499,0.0032139025,0.00041271688,0.0014573445,0.0012734624,0.0022627972,0.0021100538,0.0019443653,0.0059582344,0.0022802544,0.00041271688,-0.0011493241
2016-03-23,0.0030161536,0.00049577653,0.00064350606,1.2404231e-05,0.0017006022,0.00075143925,-0.00025204022,0.00087342283,-0.0022857017,0.0015415875,0.0008605891,0.0007742305,0.000105996405,0.0021913522,0.001710615,0.0042454028,0.001969163,0.0029086904,0.0008605891,0.00075143925
2016-03-24,0.0023003297,0.0009595924,0.00096785807,-0.0026948398,-0.0012296212,0.0021784091,0.002326462,0.0056864214,-0.005901281,0.0012235964,0.0,0.0012269871,0.00084813073,0.0,0.0017750984,0.0047875843,0.00052269624,3.7924707e-05,0.0,0.0021784091
2016-03-25,0.0,0.0,0.00034632927,0.0038054346,-0.0044293976,0.0001580915,0.0012893308,0.0067042653,-0.0016222408,-0.0007069031,-6.216342e-07,0.0010176142,0.00019843488,0.00084460364,0.0067573013,-0.0003211216,0.0033550225,0.005215147,-6.216342e-07,0.0001580915
2016-03-28,0.0019454483,-0.0014471452,-0.0006657901,0.00065086805,-0.0016744917,0.002727428,-1.5412563e-05,0.0013739291,-0.00065869285,0.00035649876,-0.00030043424,-0.0028520918,-0.0016043324,0.00081422966,-0.00041985294,0.0020841467,0.0010837541,0.0128691895,-0.00030043424,0.002727428
2016-03-29,0.002011912,-0.0013146208,0.0029907895,-0.0009603057,0.008964816,0.024536908,0.0010331279,0.0032350156,0.0028973161,-0.003736858,0.001951373,-0.0004266162,0.004781139,0.0016698698,-3.2224132e-05,-0.0014229749,0.0023827667,0.0027142025,0.001951373,0.024536908
2016-03-30,0.0,0.003185048,0.0006266619,-0.0024034048,0.0015984981,0.009972768,0.0001604785,-0.00053300714,0.0023866275,0.0027789355,0.00033795554,0.0057033645,0.0017809196,0.0048406147,-0.005895764,0.0,0.0,0.001981291,0.00033795554,0.009972768
2016-03-31,0.0017891534,0.00050061045,0.0016783914,-0.0009410908,-0.0017514069,0.0021990724,0.0023696334,0.0021748052,0.0007723859,0.007377437,0.0011764988,0.0034077247,-0.00016752505,0.005773584,-0.0082075605,-0.0012344304,-0.002903705,0.0071308576,0.0011764988,0.0021990724
2016-04-01,0.00430471,0.0026464497,-0.0007049779,0.003697331,-0.00010047013,0.0045182216,0.004216477,-0.0007809182,0.0019394725,0.005192134,0.0006920909,0.008497514,0.00079162273,0.002513205,0.0008583936,0.0017654357,0.0,0.0011106172,0.0006920909,0.0045182216
2016-04-04,0.00072350865,-0.0033249685,-0.0005365199,0.006349433,0.001997991,-0.0030305723,0.0026575893,0.005019838,0.00064876565,-0.0037572088,0.00012141711,0.009553468,0.00084540714,0.0005114588,0.009988698,0.0019971177,-4.5547527e-05,0.00034834287,0.00012141711,-0.0030305723
2016-04-05,0.00027963886,0.0,0.0018614309,0.0024439336,0.02036944,0.0013757524,-0.0010173267,0.0025010686,0.015195016,0.0010138769,-0.0008597564,0.0020321505,0.00012838471,0.00018007017,0.0039966716,0.00029210336,0.0020760256,-0.001431507,-0.0008597564,0.0013757524
2016-04-06,0.0011888045,0.0006453548,0.00097470934,0.00010562478,0.0006888789,0.0027681666,0.0014542234,0.0010456409,0.003116136,0.007941655,0.002045993,0.008112905,0.0010902656,0.0006124499,0.0051928693,-0.0028021806,-0.00052815565,-0.0012981026,0.002045993,0.0027681666
2016-04-07,0.0035746566,0.00025230637,-0.0006228845,0.0016032971,0.0010292586,0.002674405,0.0001631448,-0.00075466564,0.0018502688,0.002103469,0.00022557178,0.00320799,0.006774169,0.0017248667,0.0045501166,-0.0024630406,0.0028895517,0.006886823,0.00022557178,0.002674405
2016-04-08,0.002244041,0.00070412597,-0.0006735891,0.002477337,0.0014306579,0.0035642458,-0.00015704522,-0.0019929935,0.001992904,0.00028893977,-4.7944726e-05,-0.003633153,-0.0015592987,0.00031237968,0.00047558424,-0.0011635133,0.0035887465,0.0017527603,-4.7944726e-05,0.0035642458
2016-04-11,0.0010230594,-0.0008410936,-0.0011541498,0.00083083106,0.0048523974,0.0034106376,0.00072541425,0.0019673817,0.0032298833,0.0010896901,0.0011560265,0.0006757607,0.0036553398,-0.00020747008,0.0044637653,0.00013113806,0.0033545794,0.001073404,0.0011560265,0.0034106376
2016-04-12,0.0,0.0032244183,-2.3073988e-05,0.0006276128,0.0,5.6768997e-05,0.0013293064,0.0068888534,0.0,0.0027650208,0.0009282707,-0.0024810743,0.0025939313,0.00068660104,0.0054890383,0.0,0.0056364564,-0.00071560085,0.0009282707,5.6768997e-05
2016-04-13,5.457579e-05,5.475187e-05,6.501722e-05,0.0020131546,0.0018017283,0.001143441,0.0029339101,0.008032478,0.00013755485,0.0022210716,0.0013331035,-0.00058141456,-0.0008282132,0.0014716736,0.0016830305,0.0,0.002207448,0.0014813213,0.0013331035,0.001143441
2016-04-14,-0.00069972884,0.0006377409,0.0018187308,0.0007176096,0.00038329262,0.0032312942,-0.00052773114,0.0035816003,-0.0025367239,0.002280819,0.0,0.0033506658,0.0026312096,0.0013908703,0.0013945461,0.002666001,0.0020050018,0.0033312528,0.0,0.0032312942
2016-04-15,-0.00061883504,-0.000711998,0.0019344499,0.0002340899,0.0003769856,0.0030785077,0.00069767155,0.0018523409,0.006181962,0.003746725,-0.00053009036,0.0032942882,-0.0018723255,0.0018147588,0.002258183,0.0033462916,0.0016183893,0.0058616376,-0.00053009036,0.0030785077
2016-04-18,0.0012908935,-0.0021134978,0.0016055796,0.0012236756,0.0008525108,0.002346816,0.0022980059,0.0020332234,0.004255605,-0.00016498145,0.0,0.0010252466,-0.0007401511,0.001462973,0.0033553306,0.0015380302,0.001534868,0.014534398,0.0,0.002346816
2016-04-19,0.001175179,0.0012221772,0.00036855353,-0.0024941687,0.0005845429,0.011150871,0.002077049,0.0051664636,-1.4890329e-05,0.0009393257,0.00011193303,0.0032453157,-0.0002966169,0.0013575867,0.0028174426,0.00015918179,0.0036860984,0.0056506163,0.00011193303,0.011150871
2016-04-20,0.0054750037,-0.0014781086,0.0010232165,0.00026907556,0.0017642723,0.0,0.00027222806,0.0011704676,-0.0003337291,0.0017549538,0.0011881347,-0.0018246592,0.00081288256,0.0013098001,0.004527047,0.0017375798,0.0011303667,0.005214449,0.0011881347,0.0
2016-04-21,0.0038166677,0.001715423,0.0044618165,0.0051900446,0.003506355,0.0029108496,0.0027017987,0.003799125,-0.0010171967,0.0,0.0007457877,0.0011027151,0.0028323492,0.0028364314,0.005045887,0.0021901494,0.0026566745,-4.3975608e-05,0.0007457877,0.0029108496
2016-04-22,0.0030615989,0.001413266,0.0005092194,0.0033183305,0.0006567596,0.010305059,0.0036542069,0.010881971,0.0015619656,0.0033097598,0.0012238715,0.005468701,0.0021852697,0.0011951476,0.0009275853,0.0010249047,-0.00116094,0.00062565855,0.0012238715,0.010305059
2016-04-25,0.0002167501,0.0043442654,-0.00032439287,0.0025804462,0.0018907635,0.005353142,0.0021152936,0.0036075788,-0.0004481169,-0.0008366637,0.00041364372,-0.0025376081,-0.0010962947,0.0015971456,-8.3510655e-05,0.0013662976,0.00021386998,-0.0024658844,0.00041364372,0.005353142
2016-04-26,0.0014321489,0.0024037948,0.0027524047,0.005828992,0.0067302934,0.0047661057,0.0024891077,0.008309423,0.0025052025,0.00202437,0.0017212394,0.0018081099,0.0009545893,0.0029206665,-0.00037051868,0.0033634154,0.0014834731,0.0010629516,0.0017212394,0.0047661057
2016-04-27,-0.0020619067,0.00036636632,0.0036576577,0.0023282217,0.0051842174,0.0005286308,0.0007156062,0.0011510735,0.0015068167,0.0029011157,0.00071174244,0.0016776468,0.0014326861,0.0013036293,-0.0018270003,0.0030989985,0.004635197,0.0034174055,0.00071174244,0.0005286308
2016-04-28,0.0008989231,0.0007833366,0.00020733847,0.001494777,0.007522232,0.0039421367,0.001814965,-0.0018721323,0.0032521603,0.0005102776,0.00014038965,-0.00590014,0.0038183515,0.0017815809,0.003811038,0.00070075365,0.0013576291,-0.0013240053,0.00014038965,0.0039421367
2016-04-29,0.0022894447,0.0026120758,8.252828e-05,0.00019466071,0.0010945989,0.0035148691,0.0012214129,0.005143918,0.0025811417,0.004710422,0.0008235915,0.0046108826,0.0025380934,0.0005533284,-0.00036534976,-0.001486309,0.0061707557,0.0010941939,0.0008235915,0.0035148691
2016-05-02,0.005167639,0.0018388819,0.001694418,0.00034540874,0.0036628975,0.0020799988,0.0038091105,0.0037001148,0.0035878702,0.00073942944,0.0004307682,0.004203655,0.001253598,-0.0003043294,0.004178852,0.0017504541,0.001848256,0.0041525243,0.0004307682,0.0020799988
2016-05-03,0.0035828494,0.0005233776,0.00052022614,0.00071504473,0.002000358,0.004969042,0.00037588493,-0.0008350957,0.003668352,0.001070557,0.0001949933,0.004683085,0.0025775188,-0.00047979073,0.0042545306,4.5789107e-05,0.0,0.0035846592,0.0001949933,0.004969042
2016-05-04,0.003151189,-0.0013389561,9.527276e-05,0.006379511,0.0009477732,0.0014644775,0.00030874275,0.0008780729,0.00038828616,0.0016841769,-0.00030675434,0.000118481206,0.007239124,0.0014661852,0.0072203036,-0.001801012,0.00013341279,0.003576801,-0.00030675434,0.0014644775
2016-05-05,0.0028349427,0.00038768188,0.0041976306,-0.00021686056,0.0028723162,0.002330378,0.003045835,0.0057510403,0.0018538019,0.00090767036,-0.00032441222,0.0,0.001132413,0.00060949964,0.009316067,-0.0018450944,0.004952586,0.00315837,-0.00032441222,0.002330378
2016-05-06,0.0010561817,0.000527249,0.0006860495,0.0022668063,0.0035574285,0.0007622674,-0.00016619392,0.004346892,0.003004489,0.0023339912,0.00093830307,-0.001178985,0.0016415631,0.00023088463,0.0032094913,-0.0005291352,0.00047872704,0.0013041617,0.00093830307,0.0007622674
2016-05-09,0.0025512811,0.0,0.0021165235,0.0021153938,0.0014423073,0.0016111095,0.0022881993,-0.00033398054,0.0009995442,0.003885176,0.00012525773,0.00030800555,0.0030078373,0.0013712979,0.0027358013,0.002667787,0.0014106504,0.0009509877,0.00012525773,0.0016111095
2016-05-10,0.0013890425,-0.0004476069,0.0006361663,0.00052997196,5.8910064e-05,0.0017369486,0.0,0.0015048329,-0.0021516473,0.0013374625,0.0,-0.0028850115,0.00490147,-0.0024726994,0.0018214382,0.0052160695,0.00037859677,0.0033470741,0.0,0.0017369486
2016-05-11,0.0019102963,0.0015017453,0.0008160218,-0.00014206648,-0.0005263359,0.0063460674,0.0013745921,0.0016250684,-0.001112921,0.001144597,0.0013439242,0.0016811257,0.00340347,-0.00041112842,0.0007394995,0.0015083987,0.002252295,0.0028679513,0.0013439242,0.0063460674
2016-05-12,0.00352617,0.0,-0.0003618194,9.684045e-05,-0.0010033563,0.006813014,-0.0020419376,0.002936692,0.0018087509,0.00017469493,0.00052989443,0.008430918,0.0029614565,-0.00038384518,0.013395447,0.001793302,0.0013515162,0.0025176003,0.00052989443,0.006813014
2016-05-13,0.0008464166,0.0011120316,0.0031176298,0.0020955685,0.002673807,0.0059463545,0.0009810174,0.0027527357,0.00092206046,0.003419304,0.0002186773,0.015818601,0.004496746,-0.0023057396,0.0027149823,-0.0017368516,0.00027697126,-0.00019937106,0.0002186773,0.0059463545
2016-05-16,-0.00030043483,0.0022971549,0.0029966969,0.0014211249,0.0028683627,0.004354134,0.00011622078,0.0044645,0.00087081775,0.0035324665,0.0004118619,0.005523396,0.0006979606,-0.00039677462,0.0048335404,0.00054906367,-0.0016060178,0.002926786,0.0004118619,0.004354134
2016-05-17,-0.00045600755,0.0008069766,0.000855267,0.00014950434,0.0041985065,0.0063096257,0.001678509,0.0017138486,0.001104796,0.0051924926,-0.00047966102,0.003800949,0.0009271606,0.0013653223,0.0036051325,0.0007593417,0.0017164864,0.0035261787,-0.00047966102,0.0063096257
2016-05-18,0.0041992315,0.0006852776,0.0015027636,-0.0031068267,0.002575629,0.0010419087,0.0005486799,-0.00037597967,0.0005724363,0.0020338215,0.0,0.00043833978,0.00024943668,0.00013182742,0.0037607143,-0.0012679192,0.003964702,0.00201423,0.0,0.0010419087
2016-05-19,0.0006422388,-0.004653703,0.0014352315,-0.001553805,0.0086775245,0.0047543678,0.001735136,0.0,0.005574268,0.004468497,0.0,-0.0010894304,0.00018139063,-0.0005053188,0.0007308887,0.0046691117,0.0020223316,0.0037553078,0.0,0.0047543678
2016-05-20,-0.0015466282,-0.0042630606,0.0016865304,-0.0014596111,0.0018462908,0.005588667,0.00034608584,0.0009290017,0.0029208846,0.0011912984,-0.0002573453,-0.0002904737,-0.00014840186,-0.0016375233,0.006061103,0.0016883956,0.0,0.0031566224,-0.0002573453,0.005588667
2016-05-23,0.003240909,0.001631715,0.00097566773,0.0010046815,0.014524504,0.008882342,0.00044176087,0.0100940615,0.002120625,0.0008615113,-0.001820785,-0.0019728232,-0.002275204,0.0017756575,0.0035905414,0.0020268983,-0.00032074293,0.0021537535,-0.001820785,0.008882342
2016-05-24,0.005727186,0.00074570894,0.001620117,0.002040924,0.0,0.0017635114,0.00038913116,0.0061789714,0.002923956,0.00045276628,0.00077066035,-0.0040927907,0.00315215,0.0033386953,0.0031360916,0.0009862583,0.007150677,0.0012163216,0.00077066035,0.0017635114
2016-05-25,0.0054030945,0.00022473733,0.0,0.003370562,-0.0012752556,-0.0011345895,0.0013858381,0.0015111521,0.0061289077,0.00019515908,0.0021496653,-7.297692e-05,-0.00018598544,0.0010385923,0.005561624,0.0012234361,0.0020197374,0.00046143032,0.0021496653,-0.0011345895
2016-05-26,-9.411276e-05,0.00091089803,0.0014577158,0.0033946119,0.0064289556,-0.0019219453,-0.00011422993,0.0002700508,0.0028625806,0.0032486208,0.0018155441,0.0016446103,-0.0022799745,0.00017720484,0.0021775675,0.00075233803,0.0027865097,0.0,0.0018155441,-0.0019219453
2016-05-27,0.004631951,0.0013069598,0.00011484966,0.004063891,0.0036063371,-0.0019293026,0.0021046062,0.0044797068,0.002668865,0.0011606147,0.0026669824,-0.002120348,-0.0021148806,0.0035950604,0.001961632,0.00067006954,0.0012742827,0.0022782923,0.0026669824,-0.0019293026
2016-05-30,0.0037122031,-0.004832348,0.0011073725,0.0025148154,0.003854314,0.0013990853,0.0010535828,0.0,0.0019197785,0.0041150427,0.0038524857,-0.0014908279,0.0012733358,0.0032917445,0.0010832684,0.0009087207,-0.0001396035,0.0023042725,0.0038524857,0.0013990853
2016-05-31,0.0009223326,0.00091982516,0.0013277235,0.0012729642,0.016754165,0.0054777316,0.0026093696,0.0004280729,-7.230065e-05,0.0011597339,-0.00048696838,-0.0018400269,0.004118429,0.0017172676,0.0043714824,-0.00084080594,0.0023626883,0.00079336995,-0.00048696838,0.0054777316
2016-06-01,0.0012624217,-0.0013307679,0.0,0.00083394337,0.007407111,0.00023658742,0.0032496525,0.0032582306,0.004705838,0.0013221559,-0.00054361805,0.0059524486,0.003166025,0.0007309591,0.0046963207,0.002200279,0.0048383824,-0.00083084934,-0.00054361805,0.00023658742
2016-06-02,0.0,0.00012972993,-0.001284424,0.0018010131,0.0018211021,0.0009473443,-0.0004564228,0.00417765,0.0038905835,-0.00016363688,0.0011360048,0.0067312354,0.0026601627,0.0023938033,-2.3361026e-05,0.0021809724,0.0,0.0013252522,0.0011360048,0.0009473443
2016-06-03,0.0016859322,0.01423917,-0.0011872008,0.0030315092,0.001069744,8.373509e-05,0.0013312658,0.0011583805,0.005132905,0.00096989993,0.0014825806,0.0032234073,0.0050649606,0.0014816574,-0.0012654905,0.0,0.0054377234,0.0008321187,0.0014825806,8.373509e-05
2016-06-06,0.0058404673,0.00010043038,0.0004962229,0.008247357,0.0009616462,0.002131663,0.0042366995,-0.0003302438,0.001515672,4.349464e-05,0.0003111942,-0.00029674493,0.002921947,0.0012117056,-0.00095514784,0.00016956088,0.0044451198,0.0008905889,0.0003111942,0.002131663
2016-06-07,0.0033125074,0.004671931,0.0,0.0025049741,0.0011350707,0.0017547696,0.0016711671,-0.0023203797,0.0024189488,0.0027560934,0.0001785048,0.0019953377,0.0014287517,0.0006352044,-0.0015793818,0.0017101853,0.0071960203,0.0044697737,0.0001785048,0.0017547696
2016-06-08,0.0003402781,0.001259523,0.0010910715,0.00075332035,0.00602196,-0.00090616086,0.00080422015,-0.004997882,-0.00016434015,0.0019230327,0.00091009436,0.00026791904,0.0024020108,0.0008632104,-7.8171564e-05,0.0021177996,0.0068754144,0.0011696208,0.00091009436,-0.00090616086
2016-06-09,1.3474822e-05,-0.0010135509,0.0043927836,0.027180752,0.0060763876,0.000862286,0.002681058,0.0044539412,0.002681058,0.0026488965,0.0008226204,0.0032310535,0.006396577,0.0012467742,-0.0034626853,0.0010740219,-0.010453504,-0.0010775842,0.00074234727,-0.00048598403
2016-06-10,0.00082753744,0.0026690876,0.0,0.0049857455,0.00095617847,0.0005053205,0.00038366602,0.0029188567,0.00038366602,0.0012870105,0.008851343,0.00249247,0.0014018466,0.00074483943,-0.0012574015,0.0038269656,-0.002937645,0.0065922085,0.009089025,-0.0014350534
2016-06-13,0.0022623457,0.00084433006,0.00070342096,0.0032764063,0.0023669156,-0.00093988155,0.0019557592,0.004245869,0.0019557592,0.0,0.0041921027,0.00035252207,0.005356045,0.0010609874,-8.155401e-05,0.0046488424,0.00069447584,0.0038349275,0.0036725157,-0.0044271518
2016-06-14,0.00052490877,0.004851433,0.003575953,0.0027838512,-6.362086e-05,0.0037037032,0.00201739,0.0016997692,0.00201739,0.0034118753,0.0039443173,0.00026853787,0.0038072038,0.0014283549,-0.0010548792,0.0032826704,0.0011439082,0.004879223,0.0026719887,-0.00566344
2016-06-15,0.0006595204,0.0015960617,-0.0011015309,-0.0018731744,-0.0014593217,-0.0019143462,0.0019910631,-0.00076683436,0.0019910631,0.0011090823,0.006330036,0.0026931155,0.00011665973,0.0027224524,0.00092875067,0.0008024688,0.00019224227,0.006452755,0.0015046558,-0.0003672142
2016-06-16,0.00015552291,0.0032699017,0.0023915863,0.0012810503,0.00018326308,0.004979564,0.0053174975,-0.0018454941,0.0053174975,0.0015598341,0.008763046,0.0008490417,0.0024944926,0.00074358075,-0.00070200046,0.0028360628,-0.0022435486,0.0,0.0037269006,0.0012713822
2016-06-17,0.0016222169,0.0014082409,0.001778046,5.592362e-05,0.003944195,-0.0070531378,0.0047164676,-0.0031837553,0.0047164676,0.0047569745,0.0002058932,0.00084717816,-2.5167981e-05,0.0038942718,0.00038025394,0.002611545,0.0018368564,0.001403572,0.0024664404,0.00092140876
2016-06-20,0.0017737645,0.0038840233,0.005632804,0.006735261,0.001374285,-0.0077746212,0.008893492,-0.0010026956,0.008893492,0.0018528434,-0.005184113,0.0032229796,0.0003087546,0.0059694443,0.0030993733,0.001273407,0.0038660578,0.009994577,0.00029080914,0.0036662559
2016-06-21,0.00036675244,0.0039481097,-0.0020398723,0.0027363137,0.0008478845,0.00044388263,0.003710778,-0.0016518326,0.003710778,0.0005314827,-0.0004473145,0.00026238977,0.0007112621,0.0006858185,0.0029138976,0.002572033,0.0032856646,0.004776186,0.00040314754,0.0022234991
2016-06-22,0.0022324906,0.0027147797,6.038698e-05,0.0031280015,0.004351014,0.0075532277,0.0033311057,0.006934582,0.0033311057,0.00038370222,0.0057787322,-0.0029199831,0.00447292,0.0036846704,0.0015950187,0.00084093795,0.0008524355,0.003761634,0.0045561506,0.0061400617
2016-06-23,0.0024552217,-0.00077003264,-0.0001569228,0.009782176,0.0024423513,0.0012415086,0.00081114244,-0.0012870313,0.00081114244,0.0014737246,0.00437145,-0.00069594197,0.010036497,0.004437839,0.0024978863,-0.0010334969,0.0034185373,0.0021335434,0.0025314917,0.00194151
2016-06-24,0.0028537605,0.0,-0.00025860418,0.0016323347,-0.00049863895,0.0022454131,0.0001643839,-0.00054511934,0.0001643839,-0.0004874756,0.0034449822,-0.00047432075,0.002048842,0.0004726363,0.0,0.0028327086,-0.0009260851,0.00019135787,0.0,0.0026943097
2016-06-27,0.00056767825,-0.0012673439,0.0021024432,0.001136945,0.0016006029,0.0020148656,0.0025829726,-0.0015047052,0.0025829726,0.0042208135,-0.002388001,0.009283412,0.0061486494,0.0017423035,0.00013824951,0.0016482873,-0.0034611225,-0.00025019914,0.0019370698,0.0014025362
2016-06-28,0.0015150846,0.0028548245,0.0010307793,0.009256024,0.011702169,0.00814686,0.0015813104,0.0015563846,0.0015813104,0.002750895,0.0009576059,0.0027110714,0.009266811,0.003573417,0.004915928,0.0023348995,0.0035350022,0.004847058,0.0014389316,0.004308132
2016-06-29,0.0019809913,0.0015169125,0.0014238331,0.0,0.0048110243,0.009082907,0.0011701629,-0.000976417,0.0011701629,0.0023560913,0.0015085556,0.0007220408,0.0017123315,0.0010587837,-0.00053264195,0.0037293164,0.00049489853,0.0051641124,0.0013809806,0.0005604345
2016-06-30,0.0011333685,0.0025415074,0.004886691,0.00022545071,0.0018934838,-0.00084510894,0.0016353327,-0.014154996,0.0016353327,0.002655844,0.002090076,-1.5919582e-05,0.00097257,0.0,-0.0054675406,0.003252674,-0.0059243455,0.004225617,0.0017949461,0.0016795149
2016-07-01,-0.0006823549,0.0080151735,0.0037611055,0.010510438,0.0022742944,0.00089937774,0.0022055644,0.00037218796,0.0022055644,0.0026200684,-0.00017175797,-0.0010611864,0.0027263302,0.00047646483,-0.0032375988,-0.00020472876,0.012964722,0.003996566,-0.00054635684,-0.0011076826
2016-07-04,-0.0019416998,0.003688863,-0.00029331364,-0.0009106879,-0.007631196,0.00014036537,0.00067224883,-0.0014401044,0.00067224883,0.0007206761,-2.4133027e-05,-0.00034742017,-0.002181588,0.0,0.0006145083,0.000803568,0.006967007,0.0023373251,-0.0003384134,0.002044285
2016-07-05,0.0012239408,0.0011057382,0.002488677,-0.00030503733,0.0007188505,0.004227777,-3.431897e-05,0.005670191,-3.431897e-05,0.00022534166,0.0028057313,-0.0013740738,-0.006040917,0.0015090989,0.0045029875,0.003820103,0.0048391283,0.001411912,-0.0014572558,-0.00041756794
2016-07-06,0.00064883666,0.0048961835,0.0036856998,-0.00086864765,-0.0010959692,0.0010768572,-0.0019010947,-0.005211246,-0.0019010947,0.0,0.010247822,-0.005073207,0.0073253205,0.0038012227,-0.0012052117,0.0022379598,-0.0030032904,-0.0001409469,0.0016119718,0.0
2016-07-07,0.0008246512,0.0010274877,0.005509674,0.0029661,0.003286169,0.0017756926,0.0017942734,0.006355643,0.0017942734,0.0035255519,0.008055467,0.0043138084,-0.00019935118,0.00033694215,0.00048863207,-0.0011876539,0.0,0.000915884,-0.001237511,0.0013084563
2016-07-08,0.0,0.0059780227,0.001941293,0.0006502605,-0.0018055796,0.0011896344,0.005442177,0.0046985205,0.005442177,0.002213719,0.0008136334,0.0006206394,-0.0018073608,-0.0022876237,-0.0034309342,0.00075934414,-0.0012530865,0.002979619,0.0025091623,-0.000981432
2016-07-11,0.0,0.0017697442,0.008171711,0.0003076782,8.5925436e-05,0.0045807227,0.001810801,0.00054019387,0.001810801,0.0024370775,0.0005431988,-0.0021093637,0.010979648,0.0,-0.005489591,0.0021179956,-0.003305605,0.0022646717,0.0015834505,-0.00010086016
2016-07-12,0.00017013612,0.005041556,0.0057652686,0.0017539364,-0.0002892231,0.0039032332,0.0029690717,0.001742284,0.0029690717,0.002324945,0.0,0.00030388494,0.006983234,-0.0011290826,0.00029682633,0.00040370997,0.0058199367,-0.00047228846,0.0018145165,0.0022621818
2016-07-13,0.00063203933,0.005957852,0.004243421,-0.0026921006,0.00028846425,0.003756233,0.0025018756,-0.00064146635,0.0025018756,0.00062320207,0.0020113152,0.0032103106,0.0,0.00015477612,0.0016387245,0.0014492209,0.0032585612,0.00071755255,0.00011669055,0.004780867
2016-07-14,0.0026529229,0.0,0.0037155885,-0.00186445,0.005548184,-0.00035877823,-0.00018333782,-0.00045846545,-0.00018333782,0.0025732026,0.0033154378,0.0069563896,0.0032535882,0.0034174025,0.0025657543,0.0009995573,-0.00032879753,0.002515198,0.00069969904,0.008709198
2016-07-15,0.0019912128,0.0019288877,0.0047756736,0.0025719828,0.0020362046,-0.0018436442,0.0008129056,0.00013525214,0.0008129056,0.0022527508,0.0039939964,0.0041398522,-0.0029252605,0.0028402137,0.0003027131,0.0006471559,0.0014644195,0.0039964244,0.0008227342,0.0060720267
2016-07-18,0.00030620705,0.0023346194,0.0006742546,0.0018108105,0.00076362444,0.0019741845,0.0026032666,0.00090601225,0.0026032666,0.000287115,0.002193047,0.0037445247,-0.022976257,0.00334867,0.0025420648,-0.0003267294,-0.00089048984,0.0044609103,-0.0012147849,0.0014624896
2016-07-19,0.0005372768,-0.0014860106,0.0,0.00594874,0.0058912397,0.0038486961,0.0021379814,0.004279989,0.0021379814,0.0037379644,-0.007608565,0.0014304694,0.0012665063,0.0024144251,0.007044699,0.0026064094,0.0021989162,0.0042073377,0.0059577487,0.0007214692
2016-07-20,-1.2900023e-05,-1.7763257e-06,0.00050624873,-5.4910626e-05,0.006084112,-0.0002890175,-0.00038998574,0.0013968259,-0.00038998574,0.0026237443,0.0010600231,-0.0006523871,-0.00045263622,0.004913,0.0015582326,0.0030039116,0.0055680913,0.006341302,0.0050095394,0.004955252
2016-07-21,0.0021256388,0.0,0.0021602812,-0.0022515932,0.0023879658,0.0,0.0021800867,-0.00479019,0.0021800867,0.003856579,0.0044236607,0.0009968149,-0.000114948205,0.004878541,0.0005959679,-0.0013377413,0.0022524502,0.0,0.0064344658,0.0018094929
2016-07-22,0.0013901817,0.0022212898,-0.00011417772,-0.00024021849,-0.0014646053,0.0025624894,0.0,-0.00074381067,0.0,0.0012492844,0.004254435,0.009597181,0.0028279272,0.006573331,-4.8221485e-05,0.0010950487,0.0008783905,0.009790333,0.01011738,0.00082551903
2016-07-25,0.0005788287,0.005956324,0.0040120413,-0.0026854263,0.0008984542,-0.0008667824,0.002357275,0.004242381,0.002357275,0.0035181583,0.000493547,0.0022774192,-0.0015676728,0.0023206174,0.0021106224,0.002732429,0.0018563824,0.0042544,-0.00026215188,-0.00019240177
2016-07-26,0.0004346202,0.0027711338,0.002985458,-0.002425806,0.0024275687,0.004308392,0.0014917958,0.001014398,0.0014917958,-0.002827838,0.0008475678,-0.0043012826,0.0027246373,0.0010098787,0.0030381707,-0.00063208846,0.0022422841,0.0022991132,0.0,0.002306258
2016-07-27,0.0033000424,0.003564746,0.007234475,0.005551595,0.0010177485,0.003853013,0.0,0.0014990155,0.0,-0.0026500283,0.00726014,-0.010533407,-0.00086157286,0.00026618008,0.0062984624,-0.001044501,0.0062108035,0.0027358048,0.003146626,0.005018294
2016-07-28,0.0003185471,0.0026647544,0.0016887472,0.0042830366,0.0,0.0041718525,0.00013825897,0.0,0.00013825897,-0.0010337669,0.003418036,9.614585e-05,-0.00061173976,-0.0016345432,0.0039520166,0.0007920778,0.0015880277,-0.0006393533,0.004343271,-0.0023313216
2016-07-29,0.00046780347,-0.00030354073,-0.0003388615,0.0036785665,0.0031633712,0.0031533523,0.0023758472,0.0032885796,0.0023758472,0.0013697527,0.0041947234,0.0020173148,0.0001377616,-0.0018488239,0.0017191541,-0.0021412254,0.0022759356,-0.0020809893,0.0017130758,0.0015129079
2016-08-01,-0.0006449951,0.002447075,0.0,0.010995907,0.0019946394,0.00093040563,0.00081648777,0.0017966466,0.00081648777,0.0011923666,0.002489829,0.0017658946,0.0018592335,-5.6380275e-05,9.87979e-05,0.0,-0.00018568638,0.0018240431,-0.0011021876,0.0024038842
2016-08-02,0.0029872463,-0.0062727006,-0.00054995646,0.0010925056,0.00036946076,-0.0021912393,0.0026285492,0.00184602,0.0026285492,-0.0007033188,0.0016711714,0.0039159968,-0.0024036742,0.004262333,-0.0008646384,0.00075288326,0.0036523533,0.0062173917,-0.0007066909,0.0010118907
2016-08-03,0.0009849945,0.004216516,0.0,0.00632137,0.0010919089,0.0,0.0022807717,0.0035272024,0.0022807717,0.0026331914,-0.0022810823,0.0023739042,-0.0011284016,0.0010736209,0.0045914166,0.000306414,0.0067612035,0.0050026956,0.0010065195,0.0022516043
2016-08-04,0.0024948593,-0.00091880705,0.0023235201,0.005996706,0.0014427693,3.5630386e-05,0.0010178328,0.0049861,0.0010178328,0.0045491825,0.0018490176,0.017154554,-0.00011117374,0.0023601572,0.0030553006,0.002056726,0.0,0.001128421,0.0026587795,0.0008909057
2016-08-05,0.004978257,0.0009382316,0.0035649412,0.0032355576,0.000900848,0.0,0.0005743065,0.0035397995,0.0005743065,0.0031618965,0.0016351223,0.044166613,0.0043872423,0.00036768767,0.0023120984,0.00091123214,0.00056140654,0.0032832464,0.0025782096,-0.00027687007
2016-08-08,0.0016590557,0.002090252,0.003143021,0.0008347203,0.00038177762,0.0,-7.593599e-05,0.0042345887,-7.593599e-05,0.0017528229,0.0016267691,0.0037613695,0.0035326679,0.0032705434,-0.0021142408,-0.0007073576,-0.0012587688,-0.00014141477,0.0054068444,-0.0012320996
2016-08-09,0.0024896779,0.0054474073,0.0025878341,-0.002739365,0.0018109094,0.0018065085,0.0,0.0007277823,0.0,0.004793436,0.0,0.0021302835,0.0014834355,0.002366787,0.0,0.0014153507,-0.00053754484,0.0030751247,0.0061577447,0.0007903335
2016-08-10,0.0016148483,0.0062904223,7.692032e-06,-0.009433814,0.0013240123,0.0010900629,0.0005328365,0.001570519,0.0005328365,0.00015789189,0.0009979538,-0.0009906484,0.00083423103,0.0010555763,-0.002022795,-0.0043465053,0.0009398494,0.0026569443,0.0026802085,0.0004401258
2016-08-11,0.00030037807,0.006674198,0.00045697135,0.0022653374,-0.0023806465,0.0006370923,-0.000323159,0.0005135195,-0.000323159,-0.0003425071,-8.431619e-05,-0.0027409468,0.0063331937,-0.00016569348,-0.00032216127,0.0014533,0.002327346,0.0020612683,0.005503955,0.0064571016
2016-08-12,0.0010562028,-0.00043036602,-0.0016949372,-0.0037010885,0.0014322471,-0.00096821116,0.00048585364,0.0027710907,0.00048585364,0.0,0.001216289,-0.0021446834,-0.0033330393,-0.0025047665,0.0,-0.0005718986,0.000742557,0.003932454,0.0043807463,0.004017889
2016-08-15,-0.00047076182,0.0033999914,0.0,0.0016852922,-0.00034222263,-0.001237397,-0.00037274594,0.004036059,-0.00037274594,0.0,0.0032973562,-0.0003995636,-0.0024923855,-0.003340518,0.0,-0.0037699507,-0.0010308925,0.0020472144,0.0014178955,0.0013026589
2016-08-16,0.00038404236,-0.00017297799,0.0042049023,-0.0016130847,-0.0010565463,-0.0015120218,-0.0032153304,0.0021463402,-0.0032153304,-0.0013073405,0.0034294939,-0.00081158185,-0.0013657365,0.0010038764,0.0013008753,0.00034122975,0.005336943,-0.003981473,-0.0047102477,-0.0008309459
2016-08-17,-0.00038338586,0.0,0.005106343,0.0015024885,0.0012556995,0.002562973,-0.0044417335,0.0025260004,-0.0044417335,0.0032639697,0.0013522998,0.0065527754,-0.00067810767,0.004749343,0.0048320643,-0.0006258409,0.008484828,-0.0003667149,-0.0017688858,0.0038842277
2016-08-18,0.0016143924,0.00014918436,0.0042703943,0.002948372,0.0036855978,0.0039627072,0.0010838152,0.0027000634,0.0010838152,0.0023681007,0.0048491824,0.0043167653,-0.0054667215,0.002570661,0.0029539075,0.004127577,0.00037445338,0.0029601331,0.0064738034,0.00054823514
2016-08-19,0.0,0.0022017679,0.0027520726,0.0065546366,0.0010601103,0.0034978173,0.0024590993,0.0074674245,0.0024590993,0.00079521036,0.0043567424,0.00023145175,0.001751265,0.00060717855,0.0028114482,-0.0024253288,0.0033157107,0.007095261,0.0066257725,-0.0014088845
2016-08-22,0.0012928534,0.0031855758,0.0005937221,0.0095155975,0.0006856313,0.0,-0.00044930106,0.0,-0.00044930106,0.0009012954,0.0038772025,0.0011931864,0.0064959903,0.0007146851,0.0032284318,0.0033473193,0.001116178,0.0017277934,0.0058016474,0.0024976383
2016-08-23,0.0003053462,0.0044972897,0.0014815705,0.0021319662,0.0039004188,0.0,-0.0015843108,0.002325037,-0.0015843108,0.0020609961,0.0036675618,-0.0018336991,0.0057040853,0.0012153782,0.0010912608,-0.00032637664,-0.0015198321,0.002177306,0.001879332,0.0016282825
2016-08-24,-0.0023387808,0.0026961109,0.0013843422,0.0027418283,0.0,-0.0011481179,0.0011208608,0.008183666,0.0011208608,0.0043560555,0.0007063042,0.0020081943,0.0072696367,0.0021348891,0.0006905069,0.0007753752,0.0016013413,0.0052514,0.0051491503,0.0011960733
2016-08-25,0.0034510423,0.0014555973,0.004126946,0.0024117935,0.0014741922,-0.0041914633,0.0013349741,0.015900044,0.0013349741,0.0032415101,0.0015103414,0.0023991668,0.0011898858,0.0029091574,0.0036936735,0.0012968888,-0.0012381058,0.0022713395,0.004775362,0.0028661392
2016-08-26,0.00034872268,0.003099882,0.00059699075,0.00021170305,0.0049451594,-0.00096842204,-0.001313617,0.0021716144,-0.001313617,0.0025910332,0.0040558293,0.005414717,-0.0021310274,-0.0008360978,-0.0012160871,-0.0011228853,0.0015388819,0.0051909396,0.00319955,0.00081653876
2016-08-29,0.004454441,0.0,0.0057815383,0.0037989253,0.00047456403,-0.0022323388,-0.00056394964,0.0042151553,-0.00056394964,0.0008981985,-0.0036576241,0.007991036,0.0014756983,0.003941701,0.0011393718,-0.00018642601,0.002351112,0.0015864205,0.00013393634,0.0024969894
2016-08-30,0.004975598,0.0011348535,-0.00071223796,0.0026817329,0.00120243,-0.0062950025,0.004826731,0.0016408197,0.004826731,-0.0019458922,-0.00033379567,0.0013209209,0.00053711695,0.00019005568,0.0005649788,-0.001623639,-0.0003594487,-0.00024390635,-0.0015799578,-0.0016492573
2016-08-31,-8.135482e-05,0.0009245718,-0.0028335769,0.00071422354,0.00074172596,0.0026249385,0.0049797893,-0.0009168954,0.0049797893,0.0,0.0012549862,0.004366006,-0.0013638289,-0.0017337332,-0.00052847445,0.0028102705,0.0024691913,0.005522328,0.004523433,0.0014377446
2016-09-01,0.0039486215,0.0027423715,6.7501256e-05,0.0007422124,0.0,0.0033920945,0.002960555,0.0,0.002960555,0.0006341694,0.001024943,0.002071727,-0.00073470763,-0.004011777,-7.1466195e-05,0.0024030916,-0.0014876773,0.0038486652,0.0061271754,0.002225364
2016-09-02,0.0017195215,0.0043239463,-5.5497552e-05,0.0011603128,0.00073827186,-0.0004162682,-0.00029830093,-0.00044967665,-0.00029830093,0.00021930605,0.00065396965,0.00073605205,0.010966992,-0.00095617544,0.0010115842,0.0034131093,0.0039248,0.0051918756,0.00043584287,-0.0027204654
2016-09-05,0.0017520792,0.0026848826,0.0,4.3530286e-05,0.001538431,0.00030793782,0.0026419708,0.0013240293,0.0026419708,0.00071925804,0.0029243396,0.004236523,0.0011669773,-0.0012884904,0.00219142,0.0018063986,0.00361466,-0.0025074028,0.0040139235,-0.0007043379
2016-09-06,0.0006872459,0.004787713,-0.0013180017,-0.0003801817,-0.00032246753,0.0058386964,0.0027277959,0.004599529,0.0027277959,0.0007815066,0.007354105,0.00075581885,-0.0036719483,0.00011878556,0.000118785756,-0.0010128669,0.0051465607,-0.00017450145,0.0013374806,0.002833839
2016-09-07,0.005431077,0.007444451,0.0010118113,-0.003070437,-0.002759862,0.008418301,0.0056293756,0.001706653,0.0056293756,0.0015845445,0.0025162608,0.00051929004,0.0046462016,0.0016237412,-0.0043920632,0.0006346929,0.0016628569,0.0012055633,-0.003609013,0.005434893
2016-09-08,0.002262718,0.0071212575,0.0001535302,-0.001697086,0.0025780504,0.0039415266,0.0014555517,0.0017515466,0.0014555517,0.0025918062,0.00036993914,-0.0089258915,-0.0024524338,0.00086176826,-0.010661942,0.003376173,-0.0003196463,0.004978132,0.006663203,0.0060926895
2016-09-09,-0.0044196025,0.00201643,0.00039716886,-0.008808005,0.0141101815,0.009000834,0.0032775798,0.0017961749,0.0032775798,0.0057715243,0.0019140972,0.00018513974,0.001593512,0.0040003564,0.0011894766,0.0037244826,-0.0020135273,0.0013640423,0.0014106903,0.0026113207
2016-09-12,0.00084856024,0.0006805301,0.0006782465,0.0062072696,0.0042505423,0.009375643,0.0038982092,0.0013332036,0.0038982092,-0.0013405986,0.003970384,-0.0010051783,0.0015841917,0.0023517017,0.008408094,0.0018499171,-0.0024388414,0.0036471752,-0.0004870396,0.00029252536
2016-09-13,-0.0025835808,0.0031201127,0.0,0.041837033,0.02127394,0.0009645588,-0.0013388691,0.00038370394,-0.0013388691,0.0011922752,-0.0014951631,0.013898691,0.0017307021,0.0012219283,0.0065064062,0.00013707379,9.126051e-05,0.002463644,-0.0006562634,0.0020359885
2016-09-14,-0.004923575,0.0009180303,-0.005442169,0.004243241,0.01596334,0.0032147642,-0.001854281,0.0006193726,-0.001854281,0.001587717,0.0,0.00739574,0.0062918602,0.0018465605,-0.0005694862,0.0011451531,0.0011889726,0.0027753415,-0.0030805198,0.00424464
2016-09-15,0.004975294,-0.0018246471,-0.00081144564,0.0162622,0.0035875535,0.0022033271,0.0001350173,-6.288884e-05,0.0001350173,0.004990413,0.0005972242,0.0036129374,0.012136913,-0.00055717654,-0.0023043,0.005317205,-0.0003476667,0.00017430936,0.0032012037,0.0010979526
2016-09-16,0.004151907,0.0042861574,-0.0020726833,0.0072270525,0.0007034454,0.0052329693,0.0008792773,-0.00043034164,0.0008792773,0.006245795,0.0,0.010549897,0.005243792,-0.0003225171,0.004918285,-0.0014385816,0.0056083146,0.001872684,0.0016950642,0.004938365
2016-09-19,3.060193e-05,0.002512817,-0.0015794705,-0.001237586,0.0036583424,0.0021124731,0.004078413,0.0027037633,0.004078413,0.0057728416,0.0006743341,0.0015360819,0.0008640152,0.0027834852,0.006650286,0.0002980586,0.0022934887,0.0032722051,-0.0007789733,0.0013079213
2016-09-20,-0.0044319974,0.000925643,-0.0020880888,0.003321147,0.0057261433,0.0012881656,0.0037419517,0.003016201,0.0037419517,0.0022982669,-0.001994103,0.00029852137,0.0102333715,0.0020126894,0.0,0.00010437229,0.0003690975,0.0033523191,0.000848491,0.0
2016-09-21,0.00862266,-0.0022248232,0.0015374126,0.0028041843,0.0017045937,-0.00017682824,-0.0013430263,0.0029809321,-0.0013430263,0.0003392022,0.00052278716,0.008045488,0.0028038092,0.00049554807,0.0059698056,-0.0013155349,0.0003098394,0.0016758908,0.0079720495,-0.0011026575
2016-09-22,0.0032926681,0.0017447997,0.0062770145,0.0,-0.004759926,-1.7786158e-05,0.0009858514,0.0023260028,0.0009858514,-5.3483644e-05,0.00039364625,-2.0455667e-05,0.0020234203,-0.0025024412,0.006199984,-0.00051563815,0.00076226523,0.00567598,0.0022815987,0.0012936064
2016-09-23,0.0029889448,0.0007422595,0.0048995814,-0.0021739297,0.0001772688,0.0028315578,-0.0010986105,0.0016601578,-0.0010986105,-0.0018833409,0.0003324104,0.0002169045,0.0010346697,-0.003421071,0.0055498895,-0.00016938652,0.001341128,0.00019283513,0.002882909,0.0015958438
2016-09-26,0.008722836,0.0009446101,0.0004982278,0.0005018628,-0.0034173264,0.0040227743,-0.00028048328,0.0,-0.00028048328,0.0004252944,0.0005797373,-0.0013097886,0.0034151897,-0.00037029805,0.004771718,-0.0006761167,0.00084661576,0.0032648956,0.006765172,0.0012916335
2016-09-27,0.00617493,0.0027238943,-0.002824319,0.0016585896,0.00029688186,0.016733283,0.0025985974,-2.0131938e-05,0.0025985974,-0.00071304996,0.0007278287,0.006270418,0.0,0.00015926796,0.0038891532,-0.0027941207,0.0016654517,3.592792e-05,0.00088018534,0.0035453702
2016-09-28,0.0019922585,0.0059202295,-0.0027146516,0.009040719,0.0029462695,0.007393575,0.0048893183,-2.1049318e-05,0.0048893183,0.0,-9.942679e-05,0.00089033257,0.0014949898,-0.0003212763,0.0023402167,-9.03116e-05,0.0015523834,-0.0013771837,0.0062485198,0.0003547656
2016-09-29,0.0042556264,0.009173246,0.0010250031,0.0027311442,0.014029722,0.0017271609,0.0006896292,0.00052345387,0.0006896292,0.0041852025,0.0003849785,0.00081259396,0.00094918377,0.0011070878,-0.0011511066,0.0040260437,0.00053292426,0.004609813,0.0031841625,0.0024192203
2016-09-30,0.0,0.0,0.0046162326,0.007286776,0.0052194465,0.004020227,0.001141621,0.00035892203,0.001141621,0.004892027,0.0015647529,0.009826824,0.0030689992,0.0005101252,-0.0030660601,0.0018872917,0.0017539808,0.0051883613,0.0029370612,-0.0010893212
2016-10-03,0.00031072137,0.0010073439,0.003523849,0.0017244747,0.009821514,0.0,0.0024989776,0.0023089643,0.0024989776,0.0037619348,-0.0024524713,0.007224728,0.009485239,0.005563319,-0.0027846063,0.015583287,0.0016817981,0.01032207,0.0010175337,0.0007059554
2016-10-04,0.0,0.0016335734,0.0006591433,-0.0034659703,0.008278042,-0.001019098,0.0,0.0016475708,0.0,0.00036796925,0.0035750559,0.0043451944,0.003219155,0.007210035,0.0017551885,0.0032819374,0.00115419,0.003397024,-0.0004054057,-0.0014565903
2016-10-05,0.0014975647,0.0060578003,0.0024780435,-0.0023081582,0.00902906,0.0012134264,-0.0014689608,0.0019862708,-0.0014689608,0.00196551,0.004284646,0.006185295,-0.0034941293,0.0030784009,0.0007211299,0.0021885093,0.0,0.005864741,1.9504772e-05,-5.49819e-05
2016-10-06,0.006309814,-0.00124094,0.0017842716,0.0006922484,-0.0029855485,0.006715901,0.0021917121,0.0016172946,0.0021917121,0.0018658625,0.0030504891,0.0025681031,-7.1787814e-05,0.0037984485,0.0016759571,5.0592957e-05,0.0005399505,0.00095647597,-0.0036465037,0.0022676417
2016-10-07,-0.01739303,0.0011245391,0.0008556812,0.0018436306,0.0,-0.0015048919,0.003331247,0.0017545092,0.003331247,0.0017758844,0.0006007646,0.0038822526,0.0012267613,0.00012487905,0.0037548319,0.005022873,0.0017156431,0.0024153069,0.011373882,0.0029275182
2016-10-10,0.002000267,-0.0034029356,-0.00052976614,0.0023323044,-0.00018527408,-0.0029680743,0.0027674183,0.0014444169,0.0027674183,0.0052624685,0.011725301,-0.002310949,-2.3618399e-05,-0.0029765265,0.0053960993,0.0004977427,0.0,0.0005562179,0.0041117836,0.0036900677
2016-10-11,-0.0018091099,0.0005247712,0.0,0.0017649226,0.0035834715,-0.0007159063,0.0017854663,0.0029100173,0.0017854663,0.0015711817,0.00044391962,-0.0044550607,-0.00031297226,0.00045784583,0.003028593,0.0011260076,0.0023182423,0.0010705629,0.0005386188,-3.3288954e-06
2016-10-12,-0.000797348,0.0031855726,0.0007558111,0.005744647,0.0026710867,0.00040936534,0.0010161723,-0.0018080022,0.0010161723,0.0100847185,-0.001362069,0.007322182,0.0044860365,0.0026253585,0.008589112,0.006817849,0.0010179367,0.001719094,0.0018278435,-0.00086373085
2016-10-13,0.0041355495,0.0021216096,0.0,0.0065884036,0.0020823341,0.0067952476,0.004945653,0.0,0.004945653,-0.00162773,0.0015603355,0.0051543848,-0.0004934196,-0.0002954983,0.00020890724,-0.0003187029,0.0009069543,0.006621437,0.0014514517,0.0020460172
2016-10-14,-0.003725406,0.010959117,0.0049350997,0.008723793,-0.008574151,0.0031399732,0.00040300208,-6.418654e-05,0.00040300208,0.0009951238,-0.0052509205,-0.00077830284,0.0,3.4097397e-05,-0.0031917167,0.00059319474,0.0023830184,0.005490457,0.004011794,-0.0005583513
2016-10-17,-0.001337174,0.0051214043,0.004195788,0.00086359814,0.005091825,0.00168221,0.0006267759,0.00045482657,0.0006267759,0.00042777925,0.0046292874,0.0022962627,0.0024854355,0.002228019,-0.0051308894,0.0026375111,0.0022254905,0.0,0.0018580524,-0.0015278466
2016-10-18,0.0024062707,-0.00021092227,0.0035835712,0.003702421,0.0015999317,0.008096992,0.0025732855,0.0025337143,0.0025732855,0.00035021728,0.007226804,0.0010214539,0.0022687663,0.0029936174,0.0017792878,0.0022149675,0.001954054,0.004805373,0.0023235555,0.00056647713
2016-10-19,0.003089488,-0.003066137,0.0,0.0019688106,-0.0013526579,0.0014691643,0.00096579094,0.0028203505,0.00096579094,-0.00091770163,0.0061588623,-0.0026649137,-0.0005786045,0.0019712523,0.002968393,-0.0010700597,0.0013058386,0.0020068674,0.0028354395,-0.0021800846
2016-10-20,0.008051149,0.00571176,-0.0045918473,0.0061873365,0.0,-0.0016035303,0.0010111092,0.0045125303,0.0010111092,0.0055403146,0.0019563301,0.0013124405,0.0060581407,0.0013359209,0.0033985628,0.0017020056,0.0020937212,0.0,0.0051900563,0.0034376718
2016-10-21,0.008000912,-0.002642271,0.0,0.0031972192,0.0030728877,-0.00016444591,0.0016497482,0.0034049638,0.0016497482,0.0022039178,0.00036874655,0.002239569,9.792069e-05,0.004351357,0.010457219,0.009690103,0.0021241412,-6.530817e-05,0.002438038,0.006111266
2016-10-24,0.0013753789,-0.001127604,-0.0054805856,0.003317406,0.0020461828,0.0042810077,0.0015009829,0.005514427,0.0015009829,0.0015116932,0.0011096579,0.00076566,6.4982945e-05,0.0012919225,-0.00010465624,0.004243961,0.00047931506,-0.0008908529,0.0020656155,0.0046519544
2016-10-25,-0.00037883554,-8.420708e-06,-0.0064452915,0.005426216,0.0030019823,0.008592357,0.00075663714,0.002066027,0.00075663714,0.0021568618,-0.00064829446,0.0027558724,0.0035871484,0.0041632736,0.00028600957,0.00399668,-0.0002905545,0.00032321093,-0.0011101698,0.0010912307
2016-10-26,-0.0019739273,0.0021004803,0.003018219,0.003397756,0.00083671947,0.0040828534,0.001245169,0.0027843926,0.001245169,0.0018541045,-0.00039812495,0.0043419655,0.00081106933,-0.0007241236,0.001416895,0.0013136833,0.001276359,0.0017336096,-0.0010656775,-0.00034570388
2016-10-27,0.0026324133,-0.0009084376,0.00859431,0.0059693535,0.006860435,-0.00088505325,-0.0005328311,6.2856656e-05,-0.0005328311,-0.00068216905,-0.0022459875,0.007693801,-0.0018848488,0.0017508204,0.005409271,0.0,0.0015073341,0.0,0.0010987461,0.0017141377
2016-10-28,0.00013906973,0.0008595988,0.005129191,0.0069892085,0.0006233993,-0.0007173316,0.0031709,0.00074617326,0.0031709,-0.0016981708,-0.0075327666,0.0010308377,0.003808369,0.003676744,0.0077307597,0.0023316403,0.0038947328,0.0009959663,0.0065059317,0.00022482424
2016-10-31,0.003072321,0.0072686602,0.0035993385,0.009241969,0.006909042,0.002989169,0.00062094163,-0.0003851174,0.00062094163,-0.0018065202,0.0029431602,0.00039614527,0.002236614,0.0007982995,-0.004433669,0.0016834615,0.0032134508,-0.00017004773,0.0056902613,0.0025171672
2016-11-01,0.0015085875,0.0042644995,0.0044283643,-0.001316249,0.00831763,0.009083987,-0.0013406957,-0.0010048014,-0.0013406957,0.0016165795,0.00543705,-0.0020632965,0.0,0.0043053865,-0.00026344467,0.0037241832,0.0024534953,0.0011359205,0.0028032206,0.0027325172
2016-11-02,0.0036911366,0.0048440313,0.00067890174,1.8553388e-05,-0.0010842368,0.007628201,0.0012996256,-0.0028705862,0.0012996256,0.0032981646,0.0038632222,0.0020184088,0.002423791,-0.0002089172,-0.0002027926,-0.0003233462,0.0024038937,0.0043607806,0.002879517,0.0009603862
2016-11-03,0.0009854629,0.0017282452,0.0011759779,-0.00319431,0.0,0.00094617985,0.003200509,-0.0012386083,0.003200509,0.0015111351,0.0048261513,0.013626953,0.004498583,0.0029235159,0.0071728486,0.0016464898,0.0008173341,0.0034437568,0.0011384168,0.0006615389
2016-11-04,-0.0015132999,0.00399362,0.008384491,0.0,-0.001484155,0.0014441583,0.0030767855,-0.0010147818,0.0030767855,0.0008152618,0.0032451225,0.0025855724,0.00089718134,0.0,0.003690916,0.0030377978,0.0018561505,0.002610964,0.0028563996,0.0007351349
2016-11-07,-0.0015288156,0.0014344021,0.013521169,0.01973891,0.00030664293,0.009946108,0.0054846355,0.0,0.0054846355,0.0005048821,0.0,0.008014964,0.0,0.00011770562,0.0023401738,0.00065012096,0.0005110798,0.0030172516,-0.0012953749,0.003976845
2016-11-08,0.004487512,0.0023111266,0.0035855589,0.0071388804,0.0061079417,0.002135162,0.0002397376,0.0025851848,0.0002397376,0.0008955858,0.0004857068,0.003457828,-0.0011757349,0.002272714,0.002170565,0.0012033223,0.0020541896,0.0014258756,0.0025508131,0.0013028726
2016-11-09,0.0035880802,0.0016008295,-0.0016241178,0.009471379,0.002718057,0.0020999026,0.0,0.0018811243,0.0,0.0005919722,0.0042769527,-0.00044912542,0.0021152722,0.00014908367,0.006190548,0.0027538547,-6.0749422e-05,0.00086616183,0.0022455847,0.0032228036
2016-11-10,0.0113344,0.004113906,-0.006844288,0.006350713,0.0048700166,-0.0013018762,0.0035070127,0.0023033351,0.0035070127,0.003817115,0.0012933146,-0.008709558,2.3790037e-05,0.0018338471,0.004370151,0.0016258456,0.0,0.0036696452,0.0030834498,0.0029111567
2016-11-11,0.010516488,0.00071432086,0.001330171,0.0009272279,0.0017025721,0.00073921523,0.0015994587,0.004019582,0.0015994587,0.0023026867,0.002937618,-0.0004428018,0.0040180115,0.0024295943,-0.0018956636,0.00501608,0.0013645707,0.0015696972,0.0014106496,0.000687462
2016-11-14,0.009566759,-0.0018316758,0.0007544927,0.002608337,0.003843713,0.001534931,0.00064310856,0.002910136,0.00064310856,0.0019926399,0.0033917597,-0.00024618054,0.016517092,0.00016359672,-0.005749728,0.0028741413,0.0016726585,0.0027773718,0.0013007625,0.0038919908
2016-11-15,0.00285546,0.0060822777,-0.0008269472,0.0046711233,0.001769,0.0037678613,0.0063794735,0.0015365307,0.0063794735,0.00890646,0.0008034447,-0.0053387876,-0.0048304317,0.0023656636,0.0023887365,0.000110658344,0.0015750942,0.0032468482,-0.0009592402,0.002834642
2016-11-16,0.041840173,0.006606195,0.0035451208,0.00014805915,0.0047710617,-0.0014877719,0.002127803,0.0017024226,0.002127803,0.002563822,0.0040128673,0.0049184146,-0.0021409479,0.0009942182,0.0066328314,0.0,0.0010958818,0.0013017125,5.949058e-05,0.0041623707
2016-11-17,0.008710498,-0.00050444924,0.0022591532,0.0018374424,0.0055128564,0.00080887467,0.0016843748,0.0013952988,0.0016843748,-0.00037775995,0.004011646,0.00863223,-0.0059649805,0.0029378545,0.0035129027,0.0032509055,0.0025752313,0.00012323401,0.00018473937,0.0018960466
2016-11-18,7.937381e-06,-0.0018308947,-4.9230242e-05,0.0021496732,-0.0024518105,0.0032287403,0.0016889044,0.0026340708,0.0016889044,0.0,0.004210285,0.000194776,-0.0012166554,0.002175798,0.0016749164,0.0024335391,0.0014560329,0.0014088792,0.0012742324,0.002026349
2016-11-21,0.012906597,0.00067688356,-0.0016627474,0.001003525,-0.00019213563,0.006000618,0.00071960693,0.0035817134,0.00071960693,-0.001341599,0.0012965354,0.0055772797,-0.0026687146,0.0012882404,0.001980071,0.004023928,0.00034393105,0.00052289607,0.0006715428,-0.0013667905
2016-11-22,0.004889502,0.0031443455,0.00062672124,0.0008572979,-0.0017289025,0.005409351,0.0002679357,0.0010606383,0.0002679357,-0.0012765225,0.012338471,0.0,0.0013129109,0.0013063827,0.005308987,0.004291876,0.00053242897,-0.0006303919,0.0009741118,-0.00047066316
2016-11-23,0.006441835,0.008818141,0.00023010968,0.003629323,0.0038383799,0.004907742,0.00070710515,0.0030724516,0.00070710515,0.00084622303,0.0065857563,0.000115901734,0.00085275515,0.0032937848,0.011004568,0.0014679161,0.00029810952,0.0030294368,0.0,0.0003160995
2016-11-24,0.004589054,0.0024013729,-0.0009525891,-0.0024435408,0.006161794,0.0032705578,0.0,0.004469294,0.0,-0.006305096,0.0036109502,0.00078647665,0.0016155526,0.0017282645,0.0036553175,0.0015106576,0.0023974606,-0.0008982759,0.0,0.0008485362
2016-11-25,-0.0015778245,0.0048274407,0.0025202062,0.002151923,0.0008471655,0.0,-3.1636067e-05,0.0024090493,-3.1636067e-05,-0.008010618,0.002715053,-0.004038009,0.0024369974,0.0016048058,-0.0031799655,-0.00073218666,0.00091287825,-0.0027876822,0.00020507858,0.00054733694
2016-11-28,0.0,0.010884904,-0.0002664965,0.009786682,0.0017272646,0.0010857567,0.0018853919,0.0007887654,0.0018853919,0.0011570491,0.003203271,-0.004868079,-0.0012068299,-9.8699575e-06,0.0008155865,0.0015580399,0.00119037,-0.0016911145,0.0025397758,0.0020994297
2016-11-29,-0.00047160464,0.0056808824,0.00013674003,0.0021238169,0.0012291439,0.0010666518,0.003229451,0.002042249,0.003229451,-0.0015250739,0.0019793212,-0.007433554,-0.00082071393,0.0028192496,0.005091056,0.004112146,0.002295669,0.00049572624,0.001012204,0.003625069
2016-11-30,0.0010845511,0.002511566,0.0019534056,0.005405134,0.003845197,0.0022193114,0.0021747777,0.001640751,0.0021747777,-0.0026431587,0.001292929,0.00061116443,-0.00050457136,0.004027986,0.005488808,0.007184635,-0.0012003883,0.0018584017,0.0016172037,0.0020469306
2016-12-01,0.00018876356,0.004016075,0.0032482431,0.0038603575,0.0009791587,0.00048022784,0.004479244,-0.00020503876,0.004479244,-0.0023746903,0.00051582314,0.00548317,0.0020475076,0.0013333192,0.005998769,0.0042175925,0.0012713707,-0.0005977711,-0.00052915234,0.0013876429
2016-12-02,0.0010812804,0.0030822342,0.008753995,-0.0001710234,0.0008581906,0.0052108136,-0.0057805134,0.0034293153,-0.0057805134,0.00488,0.0018872276,0.009907498,0.002063966,-0.005292354,0.0010357169,-0.000182213,0.0013527526,0.0012624584,0.0025064696,0.001813929
2016-12-05,0.00036855091,-0.0026417053,0.007890559,0.0017121363,0.0020250538,0.00378849,-0.009109964,0.0034680609,-0.009109964,0.00195441,0.0030877504,0.010510864,0.00028676735,0.0014504973,0.0062015485,0.001460397,-0.0010501575,-0.0020305202,0.003996012,0.0015860416
2016-12-06,0.0012589041,-0.002039234,0.0049954443,-2.7937942e-05,0.010517942,0.0026242104,0.0016606478,0.002981686,0.007248468,0.0012342317,0.002541528,0.008847196,-0.0012331259,0.0028610064,0.0004096444,-0.0016329534,0.003515694,0.0013161574,0.0017112665,0.0021483377
2016-12-07,0.0016379614,-0.0011854444,0.0049545835,0.0068422616,0.008220856,0.01010131,0.0023501995,0.0029065346,0.0034139112,0.00067123317,0.0017246727,-0.00020125524,0.00021446627,0.0018494682,0.0023294464,0.0005341705,-0.00037845768,-0.00032134567,0.002439038,0.0027149667
2016-12-08,-0.0008966215,-0.001054315,-0.00044960823,0.0005162205,0.0029827124,0.0030057642,-0.0012130688,-0.00032248342,-0.0020587777,-0.0006484434,0.0029223345,0.007849913,0.0009271641,0.0013125312,-0.00021178123,0.0029900006,0.022247571,-0.00066978065,0.0010909457,0.0030109056
2016-12-09,0.0008374953,0.0037981034,0.0026278489,0.0016215988,0.0028392738,0.0014996108,-0.004758244,0.0016892303,-0.009141548,0.00021505175,0.004485441,0.0035176906,-0.00030552386,-0.0018150761,-0.00021215809,0.0046702954,0.014528181,0.004733206,0.001142015,0.0026241117
2016-12-12,0.0014847304,0.0020195171,0.00071484386,-0.0012113885,0.0015450967,0.00580012,0.005103993,0.001824288,-0.0018377452,4.870974e-05,0.004867632,0.0025817854,0.0008128591,5.0687595e-05,0.0038026075,0.005300948,0.0104069235,0.003876008,0.0011435387,0.000950356
2016-12-13,0.0017770375,0.0035327112,0.0022792667,-0.0021919487,-0.001162527,0.0017794523,0.00049559795,0.0,-0.008347032,0.0012975428,0.00079376606,0.001569952,-0.00091791514,-8.238835e-05,0.0054318914,4.7864807e-05,0.00081396877,0.004416939,0.0018046756,0.0024935843
2016-12-14,0.0014653901,0.0015158975,0.008068097,0.0015667769,0.001108274,0.0049134553,-0.0011880498,0.0015930657,0.0008156533,0.0009303116,0.0016761754,0.0022592538,0.0015011139,0.0005332476,0.003787354,0.0014512355,0.0012707559,0.0018689764,0.002973717,0.002391696
2016-12-15,0.0008448596,0.0037561522,0.0032480787,0.00153426,0.0023909947,0.0036055727,0.0040880307,0.0006862261,0.0026674212,-0.00032866868,0.0011906367,0.0044784895,0.003581957,0.000653846,0.008785565,0.0015769487,0.004482077,0.00084803527,0.0018496317,0.000919463
2016-12-16,0.0005429287,-0.0009478899,0.0016480323,0.0026870717,0.0009169873,0.004010091,-0.0052566123,0.0015359559,0.0045299246,-0.0031420744,4.4629272e-05,0.00663893,0.0003699436,-0.0011107137,0.0046391413,0.0029669974,0.003585207,0.0008452502,-8.7534725e-05,0.0023174773
2016-12-19,0.0017192612,0.00087838236,-0.0012170223,0.00037432715,3.741935e-05,0.0018066784,-0.00031335338,0.0010464856,0.0007578152,0.00091135595,0.0010062596,0.010688887,-0.0018986503,0.001303041,0.0,0.0016741963,-0.00028806186,0.002237392,0.0013588406,0.0034220575
2016-12-20,0.0015591484,0.0019858545,-0.0003786147,0.0029068794,-0.008860448,0.0026533648,0.0028610572,6.5196495e-05,-0.0007780868,0.0011775915,0.0015425831,0.0018194194,0.0017712904,0.0,-0.000192659,0.0008379478,0.0042070644,-0.00055835734,0.0,0.002332713
2016-12-21,-0.0012663422,0.004758728,-0.001206699,0.0065495083,-0.0025315192,0.008063575,0.005080403,0.00039040906,0.002070515,0.0033930484,0.003223715,0.003799378,0.003334144,0.0016346343,0.0016008804,0.0058987723,0.001011105,-0.0010452586,0.0010322972,0.0027159369
2016-12-22,0.00083231274,0.0030129366,0.0025945015,0.002234695,0.0005256349,0.0031561651,0.0018960994,0.0002352772,0.0032338786,0.0002703065,0.0030470584,-0.00016118406,0.0006658113,0.004383617,0.0054076775,0.0028315785,0.016491681,0.0005270202,0.0013945117,0.0
2016-12-23,0.00027326558,0.0010126149,0.0021142138,0.0012091384,0.0017170267,0.005554178,-0.00030118664,3.5723708e-05,0.0043419534,0.0002071827,0.0045355493,0.0027340013,0.0001940735,0.0025996822,0.004074201,-0.0013944207,0.0036598719,0.0002106499,0.0,0.00067820866
2016-12-26,-0.00073642173,-5.3082285e-06,0.00023322555,0.0002902412,0.004766038,0.0019660231,0.0044901054,0.0024377783,0.006556263,-0.00082703185,0.0018494034,0.004370506,0.0017140562,0.0013740255,0.0017260751,0.0016115308,0.0029693795,0.0025405197,0.0016547709,0.0015686092
2016-12-27,0.0,0.0038349566,0.0021060212,0.003252114,0.006178082,-0.0015870902,0.001543331,0.0009230427,0.008400134,-0.0038496281,0.004062435,-0.0003220821,0.0022275408,-0.0005829965,0.0016227793,0.0011379512,0.0032694065,0.003480318,0.0016184665,0.0006961881
2016-12-28,0.0026308834,0.002352418,0.0031519227,0.0014182177,0.0017157902,-0.0010354136,-0.0005236413,0.0030371977,0.003701234,-0.0016343321,0.0030344024,-0.0039330353,0.0007596026,0.001328377,0.0038474314,0.0,0.0049518137,0.00407638,0.0,0.00047991314
2016-12-29,0.002111891,0.0025347595,0.0031747688,0.002552579,0.0007960965,-0.002179459,-0.0003444285,0.00024385101,0.00059175474,0.0008400063,0.0025135903,0.00013557823,0.0,0.002260671,0.0070810877,0.0019032682,0.0026056801,0.0014020153,0.00052954175,0.003690701
2016-12-30,0.00015167851,0.0017147253,0.00091655477,0.0037209755,0.00013588721,0.0039408514,0.0005672644,0.0012411842,-0.0031988851,-0.0015008794,0.0031471974,0.0027089706,0.0012760308,0.00022203894,-0.0018846814,0.0010791189,0.0060192533,0.0036266842,0.0019914755,0.001812052
2017-01-02,0.0012028675,0.0007412198,0.0016357893,0.0009402814,0.0025749288,0.0006936371,0.005448248,0.0044527086,0.0028818962,-0.0008376236,0.0026453892,0.004513185,0.00069120055,0.0,-0.0014470592,0.0019934273,0.0020282199,0.00094612053,0.00257172,-0.0019999954
2017-01-03,0.00075117045,0.0015595792,0.0017450964,-2.9504992e-05,0.0011912514,-0.0021917974,0.0032649403,0.0,-0.00023579219,0.0024891638,0.001962396,0.0046241437,-0.0007464185,0.0004747139,0.0057673017,0.0005352871,0.0062482706,0.00408249,0.0016714527,-0.0009986894
2017-01-04,0.0027421305,0.0,0.0026261685,-0.0011975898,0.006910269,-0.0036268344,0.0017200478,0.0014530504,0.003441638,-0.00024959177,0.0041451063,-0.0011333646,0.0013049438,0.0023780002,0.004655761,-0.0026434648,0.0,0.0028357597,0.0009338586,0.0
2017-01-05,0.001143068,0.00080435904,0.003245849,0.0042367107,0.00086289307,-0.0012662681,0.0017299408,-0.00095032866,0.003699565,-0.0009381085,0.00018178519,-0.0018399726,0.0018129635,0.0015834203,0.0022640845,0.0011465604,0.0029355292,0.00086154096,0.00041860944,0.0015704645
2017-01-06,0.002074379,0.00037877183,-0.0020439567,0.0,0.0036423171,0.0045615914,0.0034001707,-0.0005562233,-0.0016107764,-0.00043243743,0.0018055347,0.0010279728,0.0004833251,0.0012753615,0.002264221,0.0051436946,0.0007045741,-0.00010677065,0.0008118645,0.004026424
2017-01-09,0.0019641868,0.0020570005,0.00014764513,-0.0017682358,0.0020378712,0.0032350067,0.0020264403,-0.0015566192,0.005419762,-0.00086613325,-0.0012543446,-0.00029852462,0.0012433822,0.0013432036,0.0009091691,0.0024130763,0.0011890427,0.002865217,0.0026404196,0.0028629596
2017-01-10,-0.0022920263,0.00016335023,0.00033734017,3.045277e-05,0.0025035697,0.0065906085,0.0029158697,3.6907168e-05,0.0047987523,0.0020013761,-0.0019382401,-0.004376103,0.0012536155,0.0018487988,-0.0012684792,0.004600976,0.0062400377,-0.00043454528,0.0009679548,0.002458283
2017-01-11,0.0,0.0012738187,-0.00029025227,0.00087222457,0.0048988033,0.001269818,0.0066058654,0.002017568,0.0070759845,0.00028419716,-0.0032885177,0.00202097,0.00043589625,0.0016563899,-0.004292813,0.0,0.0012439776,-8.6515975e-05,0.0,0.0021122193
2017-01-12,-0.00056384254,0.0010318774,-0.0008821956,0.00081587414,0.0014721118,-0.00038141033,0.0071981675,0.0011088426,0.004465235,0.00085806084,-0.0011975318,-0.001241138,0.0005440462,0.0014869885,-0.0032369557,-0.00054148043,0.0008743189,-0.000108785265,0.0012204574,0.00076798315
2017-01-13,0.00057056674,0.0,-0.0010014077,0.0045673167,-0.0024031035,-0.00016212872,0.0017455573,0.0020557807,0.0076949573,0.00026310864,0.00050789263,0.002655661,0.0007242411,0.0010295331,0.0017946033,-0.0008075726,-0.004444173,-0.0019404609,0.0,0.0043234145
2017-01-16,0.00097154046,4.716823e-07,-4.1994062e-05,0.002273495,-0.0025149772,0.002133632,0.0017680675,0.0016232156,0.0027723836,0.0010031854,0.0019452847,0.00030248443,0.0008366204,0.0020504675,-0.0024833423,0.0018066595,-0.0046868282,0.0011563408,0.0005988441,0.0026282964
2017-01-17,0.0021049783,0.00045734862,0.0011413808,0.0010390907,-0.0009568277,-5.4829823e-05,0.006351786,0.0019598836,0.0024748363,0.0028256658,0.0016834999,0.0026602098,0.0013639379,0.0017114265,0.0057990407,-0.0013402,-0.0030886072,0.0016069026,-0.0004186779,-0.0007908338
2017-01-18,0.0020575046,0.0004106877,0.0020187024,-0.0010967252,0.0003831047,0.0031902017,0.0029472378,0.00222303,0.0015843625,0.00079923344,0.0006512105,0.0032313955,0.0018071102,0.0027848121,0.002295953,-0.000543661,0.0010049376,0.0020875419,-0.00015860848,0.0009066962
2017-01-19,-0.000892902,0.0042437604,-0.00086920516,0.0019574335,0.0014244284,0.003617695,0.0054336763,0.0005192688,0.004862738,3.823933e-06,0.007417786,-0.0003756463,0.0018881493,0.00072487583,0.010100354,-0.0015392622,0.0031580902,-0.0028593065,0.0014402539,0.0032535126
2017-01-20,0.00081186456,0.006772993,0.00090128934,0.0026235331,0.002318499,0.0007214648,0.00054194924,0.0016005151,0.0049857264,0.0028614614,0.0033394801,-0.0014125968,0.0009466746,-0.0012075079,0.009760528,0.003155411,0.004870246,-0.003706037,0.00078811473,0.0018871689
2017-01-23,0.0009743024,0.0038121366,0.0020011673,0.005174996,0.0009901605,0.0006281308,0.0,0.0008116855,0.00478081,0.0,0.0015115645,0.0014708048,-0.00036536873,-0.0018363032,0.0026149622,0.002908954,0.0,0.0010299105,-0.0011243507,0.0023271646
2017-01-24,0.0029416129,0.0010280521,0.002832238,0.00063031394,-0.0013725124,0.0012057883,-0.0001950616,0.00012937639,-0.00039182123,0.0014281814,0.0038953398,0.0021072135,0.00023692651,0.0014087934,0.002461785,0.0037184774,0.0037012822,-0.00068025524,0.00171774,0.0012655073
2017-01-25,0.0010504551,0.0048144665,0.0020340828,0.0033107786,0.0010285783,0.0,0.0005566949,-0.0010322542,0.005799242,0.00033132115,0.0018617354,0.0036130808,0.00059444294,0.0027273274,0.0004975169,0.0016309739,-0.0031914054,-0.0018503333,0.0012848347,0.001806875
2017-01-26,-0.00019853805,0.0051804087,0.0017359053,0.0028702717,0.0011483659,0.0017112026,0.0059258332,-0.0011496216,0.00074116315,0.0026360059,0.0020521313,0.002880975,-0.0022359365,0.0036230595,0.001502834,-0.00093905855,-0.0023447524,0.0024083327,0.0016701163,0.0015913241
2017-01-27,0.0002653535,0.0015874757,0.0028489754,0.003865546,-0.0001620744,0.00067508424,-0.00016680907,0.0010439053,0.0048310244,0.0009847704,0.0015924816,-0.002877645,0.00012422392,0.0012626048,0.006660734,0.000528238,0.00026758676,-0.00036657613,0.0015984696,-0.0008101366
2017-01-30,0.0008862594,0.0012230177,0.0009841964,0.0019952655,0.0025772837,0.017025188,0.009545578,0.0011670523,0.0044661188,0.0013416278,0.0017161452,0.0,0.0011409881,0.0017162024,0.0043635773,0.0013770174,0.0053243963,0.0017320383,0.0007444363,5.4379554e-05
2017-01-31,-0.0014779534,0.0018004043,0.0022798898,0.0,0.006817647,0.0052096625,0.00034337703,-0.00032904162,0.0049571893,-0.0010692304,0.0050790324,-0.0034747382,-0.001104912,0.0005880267,0.000564021,0.0012638161,0.005702818,0.00214595,0.0015382176,0.007215126
2017-02-01,0.0,-0.0007943082,0.0013558404,0.0021740207,0.0033946116,0.0044888123,0.00078737846,0.00096887257,0.003291863,0.0013084839,0.002327799,0.001182159,0.00089583016,0.0002704196,0.005948839,0.0006864281,0.009206117,0.0023800435,-0.00026427518,0.0029338428
2017-02-02,0.0038479657,-0.003354524,0.0010164551,0.0014350715,0.004297858,0.00018744153,0.014833626,0.001624594,0.0011481406,0.0027091482,0.003813531,0.0012332983,0.0008477331,0.0011694059,0.001754406,0.0006739879,0.0,0.00026613803,-3.6383815e-05,0.0039488394
2017-02-03,0.003945453,0.00018866274,-0.00014143625,0.0020683955,0.00065181154,0.0015669428,0.0,-0.00016112207,0.0020036066,0.0022279702,0.0054416363,0.0025134194,-0.00043758933,0.00071619434,-0.0037274861,-0.00041498928,-0.00042327383,-0.0033409141,0.00064889673,-0.001304938
2017-02-06,0.0038483017,0.0,-0.0012627775,0.002079475,-0.0007206194,0.0042007384,-0.0021189207,0.00018523468,-0.0010668038,0.0,0.0035316122,0.0091747865,0.000827727,0.0031495674,0.0030640678,0.0026544693,-0.0017055421,-0.0013967131,0.0013295519,0.003966109
2017-02-07,0.0016828107,-0.0020991354,-0.0005723197,0.003286164,0.000495778,0.0032805512,0.008558005,0.0015680216,0.0045441594,0.0014092163,0.0012257994,0.0062197843,-5.209851e-05,0.0035954847,-0.00090599747,0.0059539415,-0.0034413447,-0.0015958102,0.00036340204,0.0043069334
2017-02-08,0.0032776871,-0.0039047198,0.00095186906,0.003451353,0.007482315,0.0019465284,0.005292431,0.0024372838,0.0025459155,-0.00029618974,0.0029134643,0.0044652494,0.0014260111,0.0011694055,-0.00017300212,0.007448325,-0.00012314614,0.0013656907,0.0021424121,0.0013390799
2017-02-09,0.0012169526,0.005103295,0.004250652,0.003608351,0.0024139613,0.0021228131,0.0005390133,0.0006874227,0.0019269658,0.0015366002,0.0,0.0015150806,0.0019316255,0.00080298545,-0.0005237448,0.0029604144,0.0017445902,0.00052034925,0.002016657,0.00016455821
2017-02-10,-0.0009139837,0.0056067766,0.0024252941,0.00210601,0.00059388747,0.0037724345,0.0075350357,0.002649617,0.0020178074,0.0017134887,0.0,0.003321492,0.001494396,-0.0011152349,0.0015570426,0.0026891304,0.011172613,-0.0016502024,0.0007500533,0.0021337618
2017-02-13,0.0,-0.0014057999,0.0004748302,0.0023460106,0.0022197403,0.0007967105,0.008088252,0.002200103,0.0029793195,0.0032484913,-0.0018115041,0.0011464667,0.002283873,-0.00047320707,0.0009168496,0.005312848,0.009917358,0.0013049843,0.001164463,0.00094755803
2017-02-14,0.0017035069,0.00110241,-7.701461e-05,0.0016629706,0.0022985092,0.0011293566,0.0032445588,0.002346662,0.0023876512,0.00043592235,-0.0011726201,0.0019929835,0.0019525272,0.0030374513,0.00019572831,0.002835505,0.002524284,0.0050378204,0.0014633791,0.0012403984
2017-02-15,0.0030788213,0.00474504,0.0035283435,0.003103806,0.0019297809,0.0018148373,0.0017687294,0.0012602449,-0.004184225,0.0041706436,-0.0007791145,-0.0019122448,0.002298729,0.0,0.005200988,0.003869151,0.0005217291,0.0065960186,0.0,0.0
2017-02-16,0.0008159368,0.0023808617,0.0006247934,0.0026622547,0.0012647767,0.0018870537,0.00071089045,0.0017066665,0.005405452,0.0005222947,0.0005618639,0.0044518886,0.001513551,-0.0012113268,0.0061785933,0.0026296393,0.0035114745,-0.0013113035,0.0009046225,-0.00021499109
2017-02-17,-0.0008582895,-0.00029792404,-0.001994861,-0.00012040132,-0.002118501,0.0014674615,-0.00094451965,0.0026029008,0.0081961,0.0032780392,-0.0006493542,0.0058389613,0.0019068073,0.0014664205,0.00026544186,0.000596705,-0.0004046098,-0.0024510582,-0.0011105591,0.0014099578
2017-02-20,0.00071581284,-0.0010061663,0.00026783597,0.0010328775,0.002484196,0.0019977598,0.0028526613,0.0026734574,0.0044458094,0.0020567244,0.00044224126,0.0011345111,0.0007002832,0.0027287984,-0.0016391764,-0.0013275581,0.0014300717,-0.0015694005,-0.00029027325,0.001414631
2017-02-21,0.0015757465,0.0014228605,-0.0014348563,0.0011746781,-0.000515547,0.002520671,0.0012905812,0.0005177799,-0.000357974,0.004371576,0.001687826,0.0036619497,0.0014381765,0.001703113,0.0051570046,-0.0020601333,0.00027751402,-0.0017996909,0.0,0.0012746268
2017-02-22,0.0019883406,8.1732986e-05,0.002289027,0.0012271062,0.00042588546,0.003208826,0.0029854584,-0.0008547022,0.00011787476,0.0008110201,0.005514081,0.004072951,0.00040658654,0.0017880555,0.004422977,-0.0010701017,0.0,0.00033790673,-0.0002646737,0.00014827086
2017-02-23,0.00032204902,0.0014134335,0.0023261101,0.004143752,0.00069750374,0.0012600173,0.0041530766,0.0,0.003224726,0.0020028849,0.0033929844,0.0009592591,0.0007620989,0.004069788,0.0005962238,0.002166194,0.00061226543,-0.0014646847,0.0,0.001851024
2017-02-24,0.0027207434,0.0010110182,-0.0024256462,0.0041028615,0.0014811119,0.0037893553,0.0025147635,0.0017245598,0.002464109,0.0024957354,-0.0011597686,-0.0010357944,0.00070538215,0.0008252977,0.005404579,0.0027181918,0.0,0.003807054,0.0,0.0
2017-02-27,0.0034235674,0.0012431649,0.0015950815,0.0017529192,-0.00042725782,0.0032218369,0.007248864,0.0022144148,0.00013843928,0.0017255534,-0.0021577745,-6.4288506e-05,0.0005329888,-0.0015895535,0.0020286436,0.0010957541,0.002188408,0.00153808,0.00023491682,0.0
2017-02-28,0.0013830595,-3.132747e-06,0.0008584453,0.0013568752,0.0010570006,0.001252788,0.0028029063,0.00013903683,0.00072429754,0.0004363968,0.0,0.0019873197,0.0013102951,-5.079014e-06,-0.0016887009,-0.0035245665,-0.00086588983,0.0025525803,0.00010303693,0.0015054643
2017-03-01,0.0020030693,0.0011404514,0.0001386345,-0.005113469,0.0036321804,0.0016197636,-0.0026069067,-8.1872604e-05,0.0,0.0026581052,0.0008251854,0.0,0.00060738093,0.0015989029,-0.0024715995,-0.00023026647,-0.0036202348,0.0025620996,-0.00019725611,-0.00019009925
2017-03-02,0.0053416803,0.0032786797,-0.00077545876,-0.0014566429,0.0012816084,0.0011457162,-0.0009601845,0.0032678407,0.0010304762,-0.0006609824,0.003439972,0.00039840437,0.0019895285,0.0044815815,-0.0065481826,0.0037985446,-0.013878423,0.0015784765,-0.00041161414,0.00069339626
2017-03-03,0.0023275877,0.00015775303,-0.0044363,-0.0021477742,0.006050558,0.0032350111,-0.0058122105,0.0018841572,0.00175077,0.00042824872,0.005197332,-0.0018972928,0.0018135365,0.0006453604,-0.00394041,0.0012280962,0.0064353817,0.0026814889,0.0020980493,-0.0011161866
2017-03-06,-0.00087295874,0.006091249,0.0017004047,-0.0030238805,0.0011359929,0.0016227064,0.00062301464,0.00073530525,0.0030602573,-0.007313289,0.0062542665,0.0019942496,0.0002939928,0.0,-0.0015273285,-0.00085912744,0.0047309166,-0.0046227863,0.00561354,0.00012539465
2017-03-07,0.003688028,0.002967954,0.0011650125,0.0015438261,-0.00019785801,0.0039032355,0.00032251418,-0.0016966787,0.0048703887,-0.000549221,0.0057451865,0.004000433,-0.0018923692,-0.0006655117,0.0028333098,0.010428255,0.009252482,0.0017505608,0.0026496397,-0.0021265587
2017-03-08,0.0014310796,0.001242575,0.0062511466,0.002912476,-0.0015800716,0.002833115,0.0056372723,0.00018947394,0.005198996,0.004808334,0.0005748057,0.0,0.00022971538,0.002825017,0.00282687,0.00478013,0.013886729,0.004572492,0.0018463244,0.0034378085
2017-03-09,0.0072267437,0.0023435352,0.005705634,0.0011110151,0.0,0.0,0.0,-0.0020359445,0.010510645,0.0005817111,0.0,0.002991269,-0.00036173227,0.0038866624,0.0019801816,-0.00016398885,0.0033144082,0.0013897372,0.00039765143,0.0018934883
2017-03-10,0.000406125,0.00076711806,0.0010209802,0.0010671485,0.0029248672,0.0032394908,-0.00071071234,-0.0036796073,-0.0049372297,0.007939272,-0.0028654702,-0.0018440736,-0.00037723454,0.0,0.007034713,0.0011059,0.0015533286,0.0003107022,-0.00020106602,0.0020218932
2017-03-13,0.00293384,0.005688322,-0.00089135946,0.0017443779,0.0038807553,0.0018241042,0.0038333791,0.0,0.003573518,0.0018649411,-5.4071228e-05,0.0005513214,0.00039826403,-0.0028251235,-0.0012212069,-0.002602298,0.0016875182,0.0033616575,-0.0016961084,0.0018318398
2017-03-14,0.003651793,0.007213291,0.0037226353,0.004187672,0.0010743447,-0.00065457774,0.0007401027,0.0033201573,0.0009084535,0.0018121608,-0.0012108025,-0.0024522508,0.0042067794,0.0032622796,0.0037670834,0.000723737,-0.0005589806,0.0027212084,0.00093306904,-0.0007510112
2017-03-15,0.001537388,-0.010591384,0.0004982433,0.0032211745,0.003736624,0.0022062808,0.000176614,0.0017637352,0.0029131353,-0.001346936,0.0024264872,0.0042150565,0.0046676276,-0.00013854643,0.0006861595,-0.004468049,0.0,0.00060219644,-0.003262775,0.00066834973
2017-03-16,0.0011388327,-0.0016250978,0.0026901746,0.00058277755,0.0047176983,0.0014749973,-0.00016493803,0.0022026144,0.0012338491,-0.0025528823,0.0013116616,0.0,0.0031089366,0.0018662612,-0.0015988919,-0.005286674,0.006521368,-0.0030458719,-0.0021870194,0.0004387192
2017-03-17,0.0010151296,0.0018208831,0.0012404182,-7.065958e-05,0.0025399881,0.002180373,0.00036699936,0.004510699,0.0097255185,-0.0025447693,0.0020472594,0.0066345297,0.0054716207,0.00063005264,-0.0012735327,0.0,0.0005882466,0.003372641,0.00015694958,4.890256e-05
2017-03-20,0.0011087942,0.0,0.0014114027,0.002060774,-0.00045259035,0.0018488885,0.005499441,0.0017377211,0.0048036245,0.004221661,0.006581538,0.007972131,0.0017040024,0.008076723,0.0008563786,0.0015381428,0.0028316907,0.0032621967,0.0017119645,0.00018256686
2017-03-21,0.0010889466,0.0063226013,0.004796104,0.0011826091,0.0026590705,0.0,0.003307136,0.0012956115,0.004896653,0.002340021,0.0011966605,0.004110809,0.0036529698,0.0025220525,0.003795378,0.0020244296,0.0016338223,0.003631767,0.0031767031,0.0007509692
2017-03-22,0.00016868871,0.002725291,0.0014077153,0.004683509,0.0,0.0011862094,0.0010826284,0.0014216691,0.004462046,0.007240927,-0.0010809796,0.0019994455,0.0021697097,0.003602208,0.0015686722,0.0016212477,0.002053196,0.0011596666,0.00022667652,0.0015411573
2017-03-23,0.0016860643,0.0047207554,0.000812937,0.0041041947,0.0010816369,0.0058047944,0.0012420143,0.0015941659,0.0026624505,0.004916023,0.0,-0.0018836415,0.00037763023,0.008476776,0.001494509,0.0024189013,0.0072691306,0.0016593385,0.0008450464,-0.0019107193
2017-03-24,0.0,0.0027945854,0.0021879813,0.0020118216,-0.0035025347,0.0035837358,-0.0007329517,-0.0012203836,0.00096665445,0.0060811588,-0.0018307841,-0.0010699757,0.0034166684,0.004615323,0.0012817099,0.0012876969,0.004632697,0.00042610406,0.0029602384,0.0006883725
2017-03-27,0.002098758,0.000577364,0.0026367255,-3.0467203e-05,-0.0022794174,0.0006883935,0.001574217,-0.0003313065,0.003941847,0.00015657619,0.0035337443,0.0,0.004322814,0.0012108901,-0.0004914587,-0.00017381494,-0.00068085274,0.00028150482,0.0018235738,-0.0006284828
2017-03-28,0.0032300188,-0.0013557199,0.0009505576,-0.00024077483,0.0019679298,0.002233273,0.0026596133,0.0,0.00291047,-6.42422e-05,0.0032542695,0.00018272064,0.00014675778,-0.0036827032,0.00031148558,0.0056530777,0.0,-0.00059709937,0.0010914903,0.0016609136
2017-03-29,0.0040827543,-0.0029835536,0.0008547154,-0.002307426,-1.0134192e-05,0.003101557,0.0024686519,0.002186976,0.002684949,0.0013346606,-0.0016313234,-0.0010309817,0.00251675,0.0,-0.00048172422,0.0030925162,0.00081859215,0.0020466372,0.0019764644,0.0019838451
2017-03-30,0.0017170924,-0.0008933046,0.0038142696,0.0002283376,0.0012089007,0.0028514597,0.0011092455,0.0024191078,0.0016020447,0.001452609,0.0013813426,-0.0010655129,0.0025077767,0.0,-0.0006435402,-0.0007544818,0.0029028144,0.0016758563,0.00028687864,0.0003089773
2017-03-31,-0.0012782814,0.002399478,0.0034252566,0.003082324,0.0002985819,0.0028305936,0.000107144544,0.0016506264,0.0015949287,0.00054588605,-0.000748782,0.0002747828,0.00032863158,0.009175906,-5.615133e-05,0.0,9.112867e-05,0.0014521289,0.002252856,0.00016620064
2017-04-03,0.0010076788,0.0040250793,-0.001185405,0.0012023341,0.0010405101,0.0011056694,0.003995851,-0.00018585262,0.0037414778,0.004635914,-0.0014618995,-0.0027771636,0.005864094,0.00016398492,0.0026239923,0.002296675,0.00646659,0.0003978364,0.0025034356,0.0010513467
2017-04-04,-0.0016878424,0.0033609958,0.0015948234,0.005214476,-0.001653137,-0.0022956596,0.0025435025,0.0003375287,0.0009997413,0.0037633965,0.0020467814,0.00026875333,0.0055827107,-0.00028673522,-3.1178097e-05,0.0005118026,0.0032121788,0.003146548,-0.0003277426,-0.00080597954
2017-04-05,0.0,0.003865199,0.004627237,0.0017943366,0.0048118536,0.0015662785,0.0017859305,-1.2888186e-05,0.00083789096,-4.265829e-06,0.0067899246,0.002443548,0.0,0.00049116055,-0.001259515,0.004771105,0.0010159499,0.0010954535,-0.0019821113,0.00038766855
2017-04-06,0.00050221843,0.0112176435,0.0024992675,0.0019913593,0.0042162514,0.0010272549,-0.0010915188,-0.0009846949,0.0013915936,0.003440778,0.0020154933,0.0010652374,0.0040201866,0.00470204,0.0061726277,0.0042495513,0.0037673085,0.00085109094,0.000593247,0.0011089824
2017-04-07,-0.008719582,0.005923887,0.0017134655,0.0014388964,-0.00041169516,0.0016548367,-0.00045983566,0.0006810979,1.1739466e-05,0.005404121,0.004307438,0.0017596681,0.0,0.0026356252,0.0014557646,0.007431164,0.0004363775,0.001489135,-0.0013496599,0.00067785516
2017-04-10,-0.0018609774,-0.0018658199,0.001559454,0.0035157746,0.0025126347,0.0029604307,0.0035963333,0.0,0.0019720907,0.0015721958,0.003841723,0.0019219473,0.0008312157,-0.0028172657,-0.0011075361,0.002128847,0.00037766964,0.0012106467,0.0020548806,0.0011896236
2017-04-11,0.002685761,-0.0025067537,0.00018635194,0.0030524468,0.0016472492,0.0003698307,0.0008350708,0.00092578196,0.0022285373,0.0,0.0035792538,0.0018609526,0.0063537024,0.0,0.0027119406,0.003146547,0.0034532808,-0.00077972445,0.004002995,0.001621031
2017-04-12,0.0013303204,-0.005146526,0.0,0.0021997178,-0.0060592215,0.0011926184,0.0007518569,0.0029839042,0.0022480076,0.0,0.00059400394,-0.00081763766,0.0032322193,0.0011931468,0.00037887212,0.0029269096,-0.0039383057,0.001583937,0.0016220575,0.0022981893
2017-04-13,0.001271398,-0.0013955366,0.0006273272,0.003685477,0.0,0.0007035618,-0.00036210247,0.0016181465,0.0,0.010931662,0.004155691,0.0037163314,-0.00032255796,0.004425207,0.0020479797,0.0037078483,-0.0019775096,0.0024580045,-0.00656913,0.0016752343
2017-04-14,0.0050101294,0.0008085027,0.0024430442,0.0025000693,-0.00021719933,0.00064371555,0.0009698647,0.0021067206,0.0018499036,0.0026223622,0.002026189,-6.6286775e-05,0.0019329934,0.0032735672,0.0027577435,0.0058254474,-0.0012424004,0.0015765493,0.0010926668,0.0018194775
2017-04-17,0.0043163286,0.0040427716,0.0022293713,0.000994293,-0.00073884195,0.002018933,0.0011289521,0.0012622228,0.0046291593,0.0028278222,0.005772591,0.002176718,0.0023361342,0.0,0.0014441134,0.0026824626,-0.00054678496,0.0017794892,5.699862e-05,3.545458e-05
2017-04-18,0.0016180204,0.0009513814,0.0013726028,0.0,-0.0040233387,-0.00071489834,-0.0010310947,0.0014311709,0.0026827427,0.0042372136,0.0038237658,0.0030286408,0.00044520808,0.0014916699,0.0013115456,0.0023302052,0.0037015683,0.002173553,-0.00034865562,0.0
2017-04-19,-0.013348361,-0.0017009551,-1.7156115e-05,0.0,0.0014085916,0.0020291852,0.0027568394,0.0,0.0039385636,0.0070816316,-0.0075005484,0.0040632533,-3.797102e-05,0.01737864,0.00075237895,0.0010307346,0.006218489,0.00016423881,0.003595384,0.0008778228
2017-04-20,-0.010313849,-0.0009889767,0.0023424004,0.0019509429,-0.00087033585,0.0020765336,0.0057954183,-0.0023205702,0.0037051965,0.0007308417,-0.0013323452,0.0,-0.0011136701,0.047272768,-0.00031295247,0.003236971,0.0007948948,0.0022113652,0.001011673,0.00057169603
2017-04-21,-0.008114573,-0.00016670475,-0.0017479605,-0.0038631307,-0.0020697124,0.0016083589,0.0012891749,0.001061268,0.0048517203,0.0010357896,0.00020957904,-0.0032045974,0.0023277306,0.00947213,0.0012650425,0.0023846948,0.0025773025,0.004603267,0.002115815,-0.001222075
2017-04-24,-0.0013076575,-0.0002974054,-0.002074973,0.0006786518,0.00074588164,0.002673096,0.0,0.0003557023,0.009270587,0.0009268789,-0.0013123947,-0.005294362,0.0008669463,0.0030008114,0.00053889817,0.0026439556,0.007262661,0.0015335284,0.0029464157,-0.0010434013
2017-04-25,-0.012388472,0.0030331418,0.002926164,0.0024377631,0.0011322013,0.00024560897,0.0016746327,0.0015978434,0.0074273944,0.003067815,-0.005529228,-0.0013013312,0.0004135947,-0.002043545,-0.0007987924,0.0038766258,0.0,0.001619127,0.0011968142,0.0
2017-04-26,0.00017275751,0.0026120248,0.0017296958,0.0016331071,0.0037619183,0.0016752915,0.0016772273,0.0021956128,0.0057156924,0.0015711557,0.0068407175,0.0014110521,4.357626e-05,0.002111458,0.00049636676,0.00072307495,-0.0015008022,0.0030839138,0.00016883458,-0.00053894275
2017-04-27,0.00269907,-0.00061326666,0.0009001808,0.0030790078,0.0023020345,0.0013937005,0.0,0.004685341,0.0012057303,0.0012853387,0.0016193154,0.00018654607,0.00063752773,0.029879838,0.0032846841,0.00022381295,0.0012523881,0.0025731626,0.0,0.0
2017-04-28,0.0010865355,0.0023129187,0.0023220526,-0.000660384,0.0063710557,0.0015312107,0.0004963867,0.002628404,0.0042308858,0.00050130655,-0.005531884,0.0,0.0012941989,-0.0011200996,0.002305935,0.0053834906,0.0068105482,-0.00015345769,-0.0013776493,0.0017156071
2017-05-01,0.0036538139,0.00414235,0.0018144258,0.0011112711,0.003759406,0.0033188395,0.0006384029,0.0019236548,0.0027436633,-0.0002998577,0.0038784693,-0.004413439,0.0012363924,0.002338216,0.0022736832,0.0011355247,0.0,0.0013624249,-0.00019347057,0.00055662915
2017-05-02,-0.0010630812,0.00018340387,0.0011993665,0.0018249174,0.0023856368,0.0022571655,-0.001886139,0.0023799266,0.0018959783,-0.0021343413,-0.004263011,-0.006388218,0.0011387755,0.0023015742,0.0028148862,-0.0036583827,0.0065001454,-0.00026302115,0.0001333462,0.0036127453
2017-05-03,0.0018399517,0.0007884881,0.002951578,0.0010573753,-0.00012101414,0.002590127,0.0017891736,0.0018492675,0.0014106216,0.0022188153,0.010446522,0.0030980322,0.0021202606,0.0051514804,-0.0009586237,0.0033849967,0.0018338434,-0.0013505501,0.0023359482,0.0013745698
2017-05-04,0.0035448684,0.0007474512,0.0017623751,-0.00064210506,-0.005085071,0.0012448065,0.0025997004,0.0016638906,0.001846116,-0.004885613,0.01578803,0.0045874896,-0.00014041575,0.004187704,0.0028441374,0.0036987,0.0011394426,0.0006221503,0.0027337833,0.0
2017-05-05,0.0036567738,-0.0036520162,0.0009067201,-0.00067096454,-0.0014374199,0.002260784,0.003182243,0.0,-0.0008944615,0.0006280658,0.0018532093,-0.0025375267,-0.001374929,0.018030314,-0.0019945952,0.0014740747,0.0016214348,0.002665509,0.0016519006,-0.0015239791
2017-05-08,0.0009101973,-0.0035210012,0.0028254779,0.0007442857,0.0018926184,-0.00017590998,0.0051434534,0.0,0.005412358,0.00085256225,0.0002537309,0.0054003675,0.0009972805,0.023757584,-0.0014832079,-2.8142413e-06,0.0017640895,0.00018492862,0.0024090426,0.0
2017-05-09,0.0032511593,0.0003963396,0.00206323,-0.0004140193,0.0022081865,-0.0008184841,0.0047703288,0.00067932875,0.0041777454,-0.0014435205,0.0025082545,-0.00048604942,0.0015825825,0.007342397,-0.0007075692,0.0028584204,0.0039575906,0.001783486,0.0005242287,9.207857e-06
2017-05-10,0.004816637,0.00089593994,0.0022755638,0.0041320794,0.001373713,-0.0001618831,0.0,0.0,0.00062237476,0.0,0.0017196995,1.767352e-05,0.0011784354,0.0015666408,-0.00018211278,0.0025432608,0.022524677,0.0019777536,0.0021903738,0.0011384913
2017-05-11,0.000384574,-0.0018064496,0.0030054005,-0.0018513469,0.0011824341,0.0,0.003618344,0.0027749485,-0.013823298,0.0028095795,-0.0024594492,0.0,-0.00049339136,-0.00031059375,0.0,-0.00018411265,0.0050892355,-0.00082738086,0.000950054,0.0023388446
2017-05-12,0.0082822675,-2.3334442e-05,0.003648548,-0.0037469512,0.00040319122,0.0010286035,0.0041714655,0.004029593,0.005130952,-0.013970422,0.0007363442,0.0015410018,-0.0022075826,0.004025027,0.00047120222,-0.0019475223,0.0055787335,0.0027947412,0.000705147,0.0017667994
2017-05-15,0.00068174844,0.0020097855,0.002928608,-0.00054211,0.0004249611,0.0024965098,0.0018690665,0.0018189086,0.009739664,-0.002810307,-1.8616991e-05,0.006497064,-0.00039820792,-0.004164132,-0.0021806594,-0.0030017071,-0.00047654574,0.0038686285,-0.0017319806,0.0011134344
2017-05-16,0.00094518095,-0.0014679128,0.003439992,0.006623835,0.0014335174,0.0019540573,0.00027644302,0.00042916273,0.00672675,-0.0012616251,0.002912184,-0.00036892915,0.00090219785,0.004081158,0.00037610263,0.003943409,0.005927622,0.0028313918,0.0031090823,0.001739272
2017-05-17,0.00151368,0.0022051928,0.00045710898,0.004801313,0.0052056117,0.00067755074,0.0,0.0021214553,0.009268744,-0.004412903,0.0023283411,0.0003567769,0.004022468,0.00074171316,0.0,0.0026999617,-0.0009828717,0.0051666712,0.0031456382,-0.0011986344
2017-05-18,0.004258227,0.004519844,0.0017186326,0.002513191,0.00088069,0.003796093,0.0007116296,0.006533624,0.0032294716,0.010646112,0.0032402466,0.0040270705,0.003824408,-0.002702016,-0.000376044,0.00438556,-0.0009969361,0.0006116373,-0.00070261676,0.0006666583
2017-05-19,-0.0008099797,0.002413643,0.0004998438,0.0022651202,-0.00032017374,0.0013057837,0.0,0.0009007287,-0.0037059542,0.0037977016,0.004443435,0.0006142803,0.0,0.0019624215,0.000752634,6.3041385e-05,0.0008844385,0.0012886024,-0.00062334706,-6.262099e-05
2017-05-22,0.0032493349,-0.0014557544,0.003414321,0.009927093,0.00089639187,0.0,0.0015147739,0.0013477253,0.0003323256,0.0074397833,0.004830184,0.0010572455,-0.00024890673,0.0037535636,-0.0006092758,0.0021755123,0.0011877723,0.0022033383,0.0016721532,-0.0003259691
2017-05-23,0.0047967015,0.0001953374,0.004550064,0.008203302,-0.0010851511,0.0019173925,0.0034189168,0.00012625121,0.0007326067,-0.0008608615,0.0010878827,0.0035372714,0.0045147166,0.0066884435,0.001652939,0.0025744159,0.00051349413,0.0016800048,-0.00022240198,0.0024971536
2017-05-24,0.0001874962,0.0013912135,0.0040276577,0.0052057514,0.0021908525,0.002455006,-0.0009179821,0.0020435653,0.0027186382,0.0025173267,0.00013385566,0.0057318527,0.0048161447,0.0022699588,0.0048767845,0.0015012257,-0.0017849142,0.0,0.0021035855,0.0011278759
2017-05-25,-0.003953705,0.0010355302,0.0008078478,0.0023750046,0.00072079373,0.0041726814,0.0021105988,0.0005157213,0.0006721793,0.0014627617,0.001581419,0.0032746382,0.0015472638,0.008711785,0.003900529,0.0038395273,0.003513647,0.0017492042,0.0027631356,0.000671156
2017-05-26,0.0010116267,0.0012858097,0.000867338,0.0011994393,0.0007662022,0.0008447851,-0.001213076,0.00049868406,0.0025729053,-0.00043781046,0.0010009758,0.0031969252,0.004810938,0.010340397,0.00013764523,0.00036854183,0.0035281032,0.003997027,0.0014484817,0.0010529268
2017-05-29,0.0015805501,0.0015081279,-0.0022055984,0.0038766668,0.0013627671,0.0032565617,0.0008782713,0.002892423,0.0026742744,0.002258831,0.0002780627,-0.0006860228,0.0023723682,-0.0011961042,0.0015346012,0.0044807503,0.006615567,0.0012281897,0.0037425787,0.0014823565
2017-05-30,0.0041822973,-0.0035312495,0.002047023,0.00082333386,0.0049638045,0.0012051382,0.0036386817,0.0010058125,0.01037481,-0.00063127984,0.0090713175,0.0009547906,0.0014047809,0.0039847074,-0.0007982142,0.0019544498,0.006168977,0.0029994154,0.0033934652,-0.00033135587
2017-05-31,0.0037590018,0.0015352092,-0.002262526,0.0013977592,0.0018781134,0.00087615475,0.0,0.0013037126,0.0024146861,0.0040267203,-0.00022342059,0.0009614365,0.0008442339,0.0011264251,0.0003425073,-0.0008633753,0.0027103394,0.0024108107,0.002203896,0.0016759404
2017-06-01,-0.00021870549,0.000593321,-0.00033046684,0.0016559819,0.002104847,0.001962679,0.0020875107,0.0028242257,0.0025072347,0.009846828,0.0020420358,0.002474859,0.0021768739,0.004462543,0.0024936567,0.0021756801,0.0062838937,0.0009746474,0.004189045,-0.0006709661
2017-06-02,-0.003440438,-0.001069344,0.0017957151,0.0007266532,0.0044402927,0.0004299842,0.00014796796,0.0040138476,0.0043927836,0.0016142216,0.0,-0.00025365964,-0.004998151,0.0032353129,0.0024819337,0.00076407805,0.0021481458,0.0013430582,0.0025292083,0.0023321698
2017-06-05,-0.0048480607,-0.0021521468,0.0011132333,-0.0015217919,0.0013727882,0.0007046138,0.009786799,-0.0005370796,0.0,-0.000236199,0.0017766886,0.008093167,-0.008944838,-7.0191534e-05,0.0065955254,0.0042250324,0.0020208212,8.406096e-05,0.0017786047,0.0025135516
2017-06-06,0.0003967042,-0.0015631805,0.00039844224,0.011588836,0.0017018183,0.0032684642,0.010328643,0.0008644296,0.00070342096,-0.0014462505,0.0013742106,0.007652084,-0.0006153396,0.003718756,0.0028588944,0.003528568,0.0023426774,0.0026952138,0.0017071039,-0.004889939
2017-06-07,0.00074745587,0.00027620062,1.7714081e-05,0.009722375,0.006328335,0.0006914012,0.0018145455,-9.451455e-05,0.003575953,-0.00037126747,0.00011282574,0.0020134563,0.0032052342,0.0,0.00047679036,-0.000737041,0.0011121867,0.0012628175,-0.0010022606,0.00021550542
2017-06-08,0.00057873066,0.0065718875,0.0,0.016164316,0.004752162,0.0042022904,0.00057441747,0.0032102533,-0.0011015309,0.002418105,0.000928738,0.004003814,0.002850044,-0.000106092804,0.0026017176,-2.361628e-05,0.000851881,0.0042460165,0.0031958015,-2.740983e-05
2017-06-09,-0.00030481745,0.0046335687,0.00014971872,0.0012170078,0.0,0.0024634823,0.00198218,0.008790515,0.0023915863,0.0,0.0013873302,0.0021189891,0.00035564578,0.0017654154,0.0019604329,-0.0010996136,0.0030632208,0.00074931496,0.0023247756,0.0035873204
2017-06-12,-0.0038177609,0.0022000396,-7.859576e-05,0.006463949,0.00186354,0.004656348,0.0021928917,0.0016385554,0.001778046,-0.0014857106,0.0016785574,0.00084812345,0.0054257996,0.0010208732,0.0018219778,-0.0023917323,0.0012583712,0.0030750826,0.0007230904,0.0029636961
2017-06-13,0.00036187723,0.0002596161,0.00031109905,0.00880987,0.0019020155,0.0048066485,0.0031975661,0.00085533,0.005632804,0.00090492575,-0.001471817,0.0024624437,0.0042920867,0.0002314202,0.00074398564,0.0037976333,-3.5652247e-05,0.003326963,0.0018907606,0.007042693
2017-06-14,0.001445786,-0.00032688497,0.0,0.0018182093,0.0022045816,0.0006630155,-0.001519355,-0.0010215975,-0.0020398723,0.0043967757,0.0015127651,0.0061601987,0.0061957524,0.0018808641,0.004201105,0.003853188,0.0039349697,0.0014130992,0.001838362,0.008094601
2017-06-15,0.025154991,0.0005638801,7.5262e-05,0.0021686875,0.0027520813,0.0011156001,0.0034609959,-2.0368881e-05,6.038698e-05,0.0038554296,0.0,0.0035428752,0.0021243861,0.002349723,0.0017379595,0.001065732,0.0032789398,-0.00076846563,0.0010973943,0.0021893843
2017-06-16,0.0009640007,0.0,0.000793274,0.0014057662,0.0036519123,-0.0005524855,0.001669439,-0.0003310553,-0.0001569228,0.0023629288,-0.00090925826,0.0025533321,-0.00011445063,0.0046065673,-0.0004210784,0.0017590888,0.00039146788,0.0031983566,0.0016767937,-0.0016092147
2017-06-19,0.0026722227,-0.0006279191,0.0012056301,0.0025736657,0.0047268025,0.005219728,0.00063013425,0.0025729921,-0.00025860418,0.0018633582,0.0,0.0004950069,-0.002445424,0.00118654,-0.0019728115,0.00097457255,0.0009970928,0.0031632963,0.00016155733,-0.004404873
2017-06-20,0.0021227938,-0.0026686185,0.0006774632,0.0016164798,0.0009705656,0.002900759,0.0018555386,0.00038472316,0.0021024432,0.00036122926,0.004453706,0.0006598237,-0.0010720965,0.0005366954,-0.00033379172,0.00082697097,-0.0010327005,0.0031427632,0.001174724,0.0024297216
2017-06-21,0.0035238932,-0.0030564547,-6.7137706e-05,0.004650141,0.0018170414,0.0024661303,0.0014724686,0.003235633,0.0010307793,0.0007973267,0.0053885607,0.0034259383,0.003070633,-0.0032513265,-0.002049418,0.0006083422,0.00081763155,0.0011047701,0.0016203852,0.00081401336
2017-06-22,0.00043214532,0.0019414773,0.0,-0.0010492224,0.0007524361,0.002015314,0.0019508511,0.0053308504,0.0014238331,0.0010124424,0.006613607,0.00081477413,0.0012194286,-0.0028345273,0.0056597893,0.0007138435,0.0037545555,-0.0003570313,0.0004619845,0.0009399856
2017-06-23,-0.00071492215,0.00026792524,0.001693584,0.0017275602,4.1073995e-06,0.002228758,0.00045439624,0.0012350613,0.004886691,0.00051019876,0.0012554396,0.0019918247,-0.0016287623,0.0037499366,0.0010184967,0.0026237448,0.004346086,-0.0007517767,0.0,0.004872313
2017-06-26,-0.008222564,0.0011013385,0.0012454224,-0.0008990646,0.0003989795,0.0007461278,0.0022554093,3.495372e-05,0.0037611055,-0.0017300129,0.00081283506,-0.0018287048,-0.0022252256,-0.0007438143,0.0022034165,0.0025071846,0.0019503903,0.00037873595,0.00018728469,0.01943132
2017-06-27,0.000105777464,0.0062348447,0.0019833385,0.0020541875,0.0031452815,-0.0028671115,0.0029987115,0.0011205648,-0.00029331364,0.00079784374,-0.0021678358,0.0029327972,-0.0016209534,0.0020116481,0.001307545,0.0023656257,0.0011079874,0.00021724182,0.0020056225,0.006310453
2017-06-28,0.0016186711,0.0039277175,0.0015298282,0.0030635223,2.631758e-05,-0.0010944229,0.0060059098,0.0032349105,0.002488677,-0.0014621471,-8.697064e-05,0.0005224379,0.0022280554,-0.001247559,-0.0014007369,0.0017923974,-0.0024495658,0.003256444,0.00054526015,-0.0012383743
2017-06-29,0.0026246733,0.005427525,0.00032075954,0.0028942884,0.005209147,0.002513686,0.0034447785,0.0020234687,0.0036856998,0.00062974775,0.00094060326,0.0042624203,0.0029300349,0.00026429968,0.01010507,0.0067706727,0.0,0.003292572,0.0,0.00015004865
2017-06-30,0.0,0.0042503597,0.00035251243,0.003943565,0.002735674,0.0020266927,0.0035165148,0.010794836,0.005509674,0.0031652937,0.00027752164,0.003463215,0.0017786061,0.00394281,0.003504691,0.0038204168,0.001092663,0.002169197,0.0,0.0034176575
2017-07-03,0.0036582486,0.0017908446,0.0016847361,-0.00052100606,0.0037151873,-0.00024433032,0.0038103566,0.0011345882,0.001941293,0.0011884207,0.003876563,-0.0045988397,0.002292436,0.00034316027,0.004430345,0.0017397783,0.001179604,0.0020624932,0.00033769733,0.0050152102
2017-07-04,0.0020517025,0.003295649,0.0005254696,0.0029342526,0.0033123712,0.00058252155,0.000116486786,-0.0019811383,0.008171711,0.0021435963,0.0011697396,0.0027902285,0.0011481632,0.0018341719,0.0025627136,-0.00028300128,0.000388224,0.0018767109,0.0003920062,0.002529991
2017-07-05,0.0015840359,0.0016956369,0.00025333528,0.000117807336,-0.00055426464,-6.885196e-05,0.0011904646,0.0010436147,0.0057652686,0.0020301095,0.0020755033,0.00246733,0.003708226,0.0003080764,0.0040372554,0.001281234,0.003353753,0.00013403608,0.0,-0.0030202286
2017-07-06,0.0,-0.0016948621,0.0013888968,-0.0002150161,0.0023435606,0.00023051392,-0.00075919303,0.000421179,0.004243421,0.0013108855,0.0005272409,-0.0012989137,0.0031677447,-0.00059676426,0.0008199242,0.0029384338,0.0036757304,0.0011941841,-0.0007975305,-0.0013471397
2017-07-07,0.00051264215,0.0016572006,0.0017264143,-0.00067652203,0.0,0.0017698404,0.0013075295,0.0,0.0037155885,0.0033505205,0.0013499729,0.001267528,0.0009824189,0.0010593842,0.0007060749,0.0,0.00071615167,0.0004787035,-0.0018434491,0.0016087327
2017-07-10,0.0,0.005493669,0.0014938175,2.335425e-05,0.0,0.0033908708,0.0013664062,0.0022375786,0.0047756736,0.0028574406,0.00047725125,-0.00022706762,1.1892223e-05,-0.0013651089,6.17365e-05,0.00014358148,0.0025468145,0.00041799547,-4.9383092e-05,0.0003379127
2017-07-11,-0.001587921,0.0030165422,0.00023472316,0.0025791442,-0.004628337,0.0018373182,0.0028075704,-0.005835336,0.0006742546,-0.00033703257,0.0008795877,0.0036000186,0.004007088,0.00033336645,-0.0046452014,-0.00023259872,-0.00026751624,0.0014691923,0.0026078431,0.00065150246
2017-07-12,0.002502687,0.0011892469,0.0008663402,0.0015844502,0.0021683874,0.0012330381,0.0025012998,-0.0016189443,0.0,0.00013221778,0.0020401578,-0.0011207443,0.0036765249,-0.002471017,-0.0017679688,0.0028108282,0.00037850032,-0.0004821704,0.0027886024,0.0017671402
2017-07-13,0.0026973556,0.0034048352,0.00041038232,0.0025803633,0.0035952404,0.0013742563,0.0029333374,0.005976498,0.00050624873,0.0014520836,0.0042104814,0.0011895739,0.0027638117,0.002336892,0.0022831734,0.0036990996,0.0016028145,0.0,0.00032220164,-0.001344225
2017-07-14,0.002918958,0.002998332,0.00063121,0.0023045393,0.002392106,0.0038947207,0.0022022272,-0.00011200517,0.0021602812,0.0006156526,-0.0004360107,0.0054512853,0.0,0.0035275635,0.0027018983,0.00017471323,-0.0005626368,-0.00034920717,0.0016174666,0.0012937383
2017-07-17,-0.0004277391,0.0046488084,2.8405184e-05,0.0038290035,0.003517076,0.002042503,0.0044448366,-0.0021055758,-0.00011417772,0.0044000675,0.0020557065,0.0067391843,-0.0006268948,0.0022467491,0.0044157924,3.9834114e-05,0.0032822066,0.0021992172,0.0025514632,0.0005940339
2017-07-18,0.001729163,0.0063242,-0.0022758422,0.00054212956,0.0033854735,0.003793597,0.0019052044,0.0011246859,0.0040120413,0.0032731364,0.00021451752,0.0003469334,0.0010299822,0.00084737927,0.0011027883,0.0055402005,0.002764442,0.0006016978,0.002188067,0.0025176485
2017-07-19,0.002394691,0.0035173788,-0.0012096562,0.0022938729,0.0,0.0039904383,0.0,-0.0012842714,0.002985458,0.003140562,0.002643216,0.0016205644,0.0006783934,-0.0034697521,0.0062199524,0.005262732,0.00067167054,0.00067389215,0.0017988654,0.0015554167
2017-07-20,0.0008955761,0.001966126,0.0,0.002648521,0.0037691377,0.0010925654,0.0030733722,-0.0057979347,0.007234475,0.0043679434,0.0027876585,-0.0011025248,0.00021516994,0.0,0.027453538,0.008048938,0.0030089805,0.0008468849,0.0020250885,0.013413969
2017-07-21,-0.00014306793,0.0045928517,0.002707234,0.0015024664,0.0010398296,0.00085618044,0.0011617611,0.0007039205,0.0016887472,0.0062014447,0.0021017445,0.00033741182,-0.000499846,-0.00039663378,0.0035285563,0.0046022264,0.0033245925,0.0030305937,0.0013494602,0.0047639864
2017-07-24,0.0011054915,0.006114778,0.0013799042,0.003348136,0.002777346,-0.0012895671,0.0,0.0032593308,-0.0003388615,0.00010148282,0.0024257072,0.0013090752,0.0,-0.002611698,0.00013565252,0.0035322953,0.007872127,0.0,-4.7219728e-05,0.0055029015
2017-07-25,0.0048331814,0.0033405889,0.0,0.004761444,0.004940605,-3.308811e-07,0.0003889068,0.001780102,0.0,-0.001520785,-0.00044013618,-0.0008932637,0.0011991679,0.004874189,0.007419305,0.0027145522,0.0018471854,0.0009749061,0.0007424289,0.0004952053
2017-07-26,0.002075422,0.00272288,-0.00032018023,0.0039385064,-0.0004197441,0.0011374066,0.004556563,0.0047783116,-0.00054995646,0.0023043875,0.0012734412,0.0016217503,0.0005787552,0.005165183,-0.00038306718,0.0029138878,-0.0012753699,0.0015903526,0.00030835075,0.001991575
2017-07-27,0.00042735925,0.003394213,-0.0014210988,-0.0008194058,0.00064691616,0.0011904029,0.003696424,0.003900749,0.0,0.003230882,0.0047067218,0.00052365067,0.0015876445,0.0008797652,0.005908782,0.0016474527,-0.001397477,0.00075311743,0.0019474741,0.0010306059
2017-07-28,0.004353377,0.0024872879,0.0025728424,0.00056035054,0.00052084244,0.0009947188,0.0020482277,0.0023234172,0.0023235201,0.0014624201,-0.0012485379,0.0017713376,0.0013816854,0.0020171762,0.0023112905,0.0038932324,-8.913638e-05,0.0008770244,-0.00043700574,-0.006086483
2017-07-31,0.00030913294,0.0012613215,0.0017626695,0.0024278974,0.00085784966,0.0074389637,0.0034250761,-0.000437047,0.0035649412,0.0007814344,0.0,0.0007436072,0.001192929,0.007963502,0.00024862168,0.0046930104,0.0016486857,0.0023617623,0.0,0.0014942972
2017-08-01,-0.00012810477,-0.00030923338,0.0006256022,0.0041308273,0.0045058345,0.0037222872,0.0038213807,0.0038077496,0.003143021,0.0029546018,-0.00019831101,0.0040466567,0.0013283341,0.007465373,0.0038977966,0.0029361928,-0.0029592204,-0.0009929315,0.00073714484,0.0021016425
2017-08-02,-0.0015768103,0.0,0.002984142,0.00085409323,0.0077320593,0.00019620442,0.0,0.0016460947,0.0025878341,0.00207433,0.0036569734,0.00063154165,0.0015393428,0.0024360663,0.00033865185,0.002888454,0.00051950774,0.0006570229,0.0022672603,0.0028407353
2017-08-03,0.005012619,0.0019411492,0.0026758187,0.0017485694,0.0009603987,0.0004749765,0.00082356966,0.0028069192,7.692032e-06,0.0038726223,0.00091865455,0.00205223,0.000610477,0.0042493558,-0.0015269511,0.0,0.0072686626,0.0017320331,0.00044474113,-5.512112e-05
2017-08-04,0.0017224569,0.0013648998,0.00094672176,0.0011867479,0.0045569325,0.0018144222,-0.00055787823,0.002232672,0.00045697135,0.00070602645,0.0001872512,0.002836267,-0.00040265324,-0.0015022823,0.006506265,-0.00017872869,0.0068955612,0.0011378186,0.0010489137,0.0038684509
2017-08-07,-0.0008436022,0.0020590818,0.0009961986,-0.00083354744,-0.0028703068,0.00092042173,0.0009200312,0.0010779278,-0.0016949372,0.0022343162,-0.0012671454,0.010240586,-0.00016246315,-0.0016676503,0.00047695026,0.0,0.0014175874,0.0021813777,0.0020488426,0.000977158
2017-08-08,0.0045843963,-4.0658233e-05,0.00071451033,0.0010349572,-0.0001592398,0.0017687262,-0.000609002,0.0048367935,0.0,0.0015033338,0.0028344148,0.0023480987,0.0,-0.0014441977,0.0,0.0011422383,0.00039080714,0.0013574039,0.0017218499,0.0021624574
2017-08-09,0.0012078517,0.0059439265,0.0014044684,0.0030683524,-0.0012771261,0.0018477535,0.0047924197,0.00080886576,0.0042049023,0.0010137261,0.0008753402,0.0003876342,0.0011000418,0.00059926556,0.01255686,0.0010967935,0.0011315211,0.0019471558,0.00029097698,0.00046378636
2017-08-10,0.0074148993,0.0048835934,0.0,0.0018404133,0.0027737205,0.0014643417,0.006464436,-0.0011691197,0.005106343,-0.0011861247,0.002144676,0.0009713549,-0.0012906687,0.0017388948,0.0049026147,0.003238067,0.0011982801,-0.00087681337,-0.0007042938,0.0002824423
2017-08-11,-0.0015185216,0.00032803894,-0.0009823737,0.0029608335,0.0032481328,0.0003539142,0.0006915551,-5.2462423e-05,0.0042703943,0.0034153294,0.0019519975,0.001251874,-0.0017786137,0.0027449157,0.0014087282,0.0013525508,0.001462509,0.00070287334,-0.0009674151,-0.0005071355
2017-08-14,-0.0016279776,0.003957438,-0.00019604444,0.0027139904,0.0035146547,0.0022954084,0.0014314085,0.00018408304,0.0027520726,0.004475921,0.0031106174,-0.00018040057,0.0022663546,0.0021200667,0.0036559259,-0.0023659822,-0.0017006117,0.0022655947,0.0003655125,-0.002341382
2017-08-15,0.0,0.00323012,0.0004090089,0.0032322179,0.0022366086,-0.0012417388,0.0,-0.00036435944,0.0005937221,0.001901505,0.0024355086,-0.00052559545,0.00019755252,0.0038588326,0.0004638446,-0.0022253075,-0.0036120038,0.0007605969,0.002882159,0.001484754
2017-08-16,0.0,0.00104277,0.002787494,0.0019378783,0.00019971437,0.00087048375,0.0020327026,-0.004401137,0.0014815705,0.0031811746,0.00087480986,0.0026741405,-0.0027650443,0.0009410452,0.0009957562,-9.78866e-05,-0.00035579558,0.0012355271,0.0035602313,-0.00025528972
2017-08-17,-0.004546142,3.4061854e-05,0.002159174,0.005170524,0.0031113946,0.002250201,0.0,0.000969391,0.0013843422,0.0,0.001610963,6.0380662e-05,-0.0004212831,0.00015393528,0.010213798,0.00083484367,0.0011275114,-1.7129136e-05,0.0011830595,0.0002213386
2017-08-18,-0.004329063,0.0023623141,0.0007862701,0.002061884,0.0047870344,0.0010865537,-0.001370121,0.00035426032,0.004126946,0.00017527446,0.0026424923,0.0020840608,-0.0035127131,0.0011906647,0.0025373283,0.0022171151,0.003970585,0.0017035032,0.0007530638,0.0031731217
2017-08-21,0.0027920736,-0.0018069271,0.0010210756,0.0087400405,0.002196498,0.0023586226,-0.0009993915,0.00032397223,0.00059699075,0.0010295708,0.0023584503,0.0017205594,0.004904347,0.0017431285,0.009086636,0.002839305,0.0066365334,0.0015774035,0.0019212002,0.0068207285
2017-08-22,0.005558958,0.0037384855,0.00043899272,0.0061542885,0.0008584796,0.0024563333,0.008418723,0.0038119198,0.0057815383,0.0005083237,0.00032533158,0.004296705,0.00680594,0.005017432,0.006158267,0.0022050145,0.004502414,0.0011103122,0.0039010297,0.0015961842
2017-08-23,0.0022069905,0.0074154013,0.0005829676,-0.00014987636,-0.0016645944,0.0017463008,0.0027193832,0.002525743,-0.00071223796,-0.0023714956,0.000581861,0.005790539,0.0034898303,0.0045396457,0.010774212,0.0009798685,0.0018837064,0.00034112638,0.0058104405,-0.0017375026
2017-08-24,0.00056922296,0.0033047071,0.00029692767,0.0004928601,0.002198283,0.00021455756,0.0009957838,0.0013945501,-0.0028335769,0.0024598911,0.002171745,0.0017214632,0.0013663253,0.0032554313,0.01655568,0.00077286875,0.00034444116,0.003078663,0.0028222704,0.003180841
2017-08-25,0.002086422,0.0051268255,0.0020148002,0.0038189252,-0.00165874,0.000912983,0.0006292368,-0.0009700079,6.7501256e-05,0.0028867566,0.0004905126,0.0041636163,0.0053086495,0.0011246024,0.0039495877,-0.001479527,-0.0044825724,0.0020152077,0.0031892224,0.0028046905
2017-08-28,-0.0037037695,0.0014665626,0.0,0.0051864367,0.0012009471,-0.0001940634,0.0,-0.0021607794,-5.5497552e-05,0.00033964138,0.0,0.0025140385,0.0035499353,0.0011690801,-0.004272758,0.0012532022,-0.0006907809,0.0014536204,0.0,0.003789859
2017-08-29,0.0026854535,-0.00032152867,0.00072345044,0.001422517,0.002214299,0.0,0.00288965,0.001777009,0.0,0.0005538251,-0.00076409377,0.00029952137,0.0024374407,-0.0005021977,-0.0015212477,0.0007940586,0.00037887285,0.0011988037,0.0020846312,0.00020625396
2017-08-30,0.0022183065,0.006031778,0.0022115188,0.0067677116,0.0016238836,0.0001693927,0.008556017,0.0057332646,-0.0013180017,-0.0001673211,-0.00013835858,0.00052682543,0.0010307641,0.0,0.0,0.0017136829,0.0029057465,0.00091272144,0.0010031399,0.0044357195
2017-08-31,0.0005611356,0.0021494476,0.000537192,0.0055962866,0.00034153814,-0.0016597979,0.0026929157,0.0053668106,0.0010118113,-0.00060754584,0.00043003084,0.0033167342,0.0029168131,0.0014719546,0.0055175433,-0.0024581056,-0.0020078684,0.0037069025,-0.0051821806,0.0034395307
2017-09-01,0.00035024332,0.00612233,-0.0009507507,0.00286255,-0.0007747747,-0.0021381176,0.002029118,0.0022122767,0.0001535302,0.0051792874,0.0031569917,0.0016762436,0.00052713056,7.264352e-05,0.00038923722,0.0008948618,0.0016314936,0.0008450596,-0.0020468722,-0.0010996826
2017-09-04,0.0020327165,0.009652365,0.0028249323,0.0029611713,0.0012233946,0.0022924035,0.0041111526,0.0049155983,0.00039716886,0.0034071424,0.0019335881,0.0032225517,-0.0016059867,0.0014906412,0.00014420887,0.0046205185,0.0103336135,0.0011314919,0.00050935225,0.00073742605
2017-09-05,-0.00022577174,0.0047731074,0.0022285883,0.0019479268,-0.0025723407,-0.0018044665,-0.00016926191,0.0,0.0006782465,0.0012787007,0.0009959051,0.0006504024,0.0,0.0032788625,-0.0033531566,0.0023130972,0.00017527622,0.00584256,0.0025016805,-0.0019963027
2017-09-06,-0.0027500119,0.0016663263,0.00033950727,0.0008265573,0.0001831561,-0.00074155285,0.00091976416,0.00125748,0.0,0.0031680434,0.0015537939,-0.00094775186,0.0022013676,0.0022479969,-0.0006851355,0.020033153,0.0032927082,0.004977777,-0.0009818228,0.0020041093
2017-09-07,0.0008997173,0.0024233933,-0.002562039,0.0,0.0012465292,-0.0012578941,0.0024183341,0.0012275637,-0.005442169,0.0027731631,0.008149026,-0.000528467,0.002324102,0.0033464206,-0.0018727224,0.0032300737,0.0020806794,0.0031871973,-0.0015588776,-0.001976446
2017-09-08,0.00030645696,0.0012250853,-0.00072784536,4.8767462e-05,0.0033455477,-0.000107938424,0.0017209854,-0.002433297,-0.00081144564,0.0020052989,0.00019910067,0.003115356,0.00047183063,0.0018852155,0.0037285131,0.00080618216,0.00173263,-0.00085233443,0.0,0.0031441457
2017-09-11,0.0014226345,0.0010189363,0.0012777,6.481668e-05,0.0016610106,0.0012374632,0.002466386,-0.0016516768,-0.0020726833,0.0013954139,-0.0005036601,0.0042999196,0.0014587245,0.0,0.0046202973,0.0011906631,-0.0015074759,0.0021700163,0.00305696,0.0047744056
2017-09-12,0.00015286509,-0.0011451776,0.002299943,0.0019751166,0.0031241572,0.0008437372,0.0018056617,0.003862486,-0.0015794705,0.0034163587,-0.0013080041,0.0044925753,0.00094527984,0.001554562,0.0014626923,-0.0016199385,-0.0014213243,0.0003604862,0.003395999,0.005956956
2017-09-13,0.0015083425,0.0015475458,0.001967773,0.0060245744,0.00063147675,0.00050940015,0.0022798101,0.0010210725,-0.0020880888,0.0041703465,0.0032211184,-0.0017946553,0.0012048078,-0.0004770268,0.00054934836,0.0021077874,-0.0027044616,-0.0027703007,0.003994992,0.0023152425
2017-09-14,0.0040710308,0.002352715,-0.0004378215,0.0042027384,-2.536777e-05,0.0024046232,-0.00015784327,0.0011117323,0.0015374126,0.0021217528,0.006476833,-0.0005666371,0.0011378176,0.0022547268,-0.0026494167,-0.0004675344,0.001523553,-0.0018753227,0.0011900245,0.0008963044
2017-09-15,0.004000603,0.0015625765,0.0016594359,0.0044404836,-0.0002928033,0.0018569794,1.9903404e-05,0.00018441108,0.0062770145,0.0021144093,0.005411287,0.0,0.0011485933,0.0011773941,0.00077946443,0.0005875163,0.0011600457,0.0025369255,0.0023957663,0.00229342
2017-09-18,0.0012148746,0.0022398843,0.0016005759,0.011134366,0.0032449088,0.0017435246,0.0014789912,0.00062554085,0.0048995814,0.0013995109,0.00058784575,0.003674408,-0.0014858368,0.0008077805,0.0012257431,0.0017322706,0.0013757686,0.0015658967,0.002453584,-0.0052673747
2017-09-19,0.0014193901,0.0042096484,0.0015640159,0.0049108462,0.0038875525,0.00058231637,0.0012580849,-4.216609e-05,0.0004982278,0.00025789335,0.00412411,0.0027208917,-0.00028745964,-0.0005385681,-0.00016804242,-0.0017554886,-0.0030065067,0.002907549,0.0037728809,-0.0013619064
2017-09-20,0.0015555675,0.0014288703,0.0016994387,0.0037998515,0.0018310697,0.0,0.0037981258,0.002237567,-0.002824319,0.0014264031,0.0065578,0.0048761778,0.001096045,-0.0048171305,0.006898056,-0.001035569,-0.0001606361,0.0028046847,0.0028486222,0.0012191767
2017-09-21,0.004217149,-0.00028197034,0.0025330982,0.0022047705,0.0005905249,0.00056623534,0.002288495,0.002213962,-0.0027146516,0.0020067561,0.0019064106,0.0060019954,0.0011465412,-0.00078325905,0.00867513,0.000103094826,-0.0004612173,0.0020258427,0.0032930765,0.0
2017-09-22,-0.0005044848,-0.00488341,0.000631852,0.0019137338,0.0024030674,0.0030567432,-0.0010908834,0.0026496055,0.0010250031,0.00058196025,0.004874043,0.00070334924,0.0048646727,0.0016514754,0.005381629,-0.0024108202,0.0005222681,0.0,0.0035830901,0.00068748597
2017-09-25,0.00043496623,0.0010979206,0.0005898491,0.00312456,0.00086368865,-9.338999e-05,0.0,0.00014566859,0.0046162326,0.0,0.0028355857,0.00013798686,0.00076511,0.0048205485,0.005039808,-0.0018093798,0.0024020073,0.0011977003,0.005160485,0.00014366896
2017-09-26,-0.0014431828,-0.0008755508,-4.3237113e-05,0.0032424165,0.0013236258,0.002850218,-0.0034506635,0.00016513198,0.003523849,-0.0009996359,-0.0011503003,0.001274407,-0.0028080924,0.001175479,-0.0012140154,0.0042707906,-0.010021169,0.0036968521,0.0006222974,0.00054323004
2017-09-27,-0.0005538908,0.0021167502,-6.0781666e-05,-0.0007166725,-0.0019404398,0.0039152713,0.0026918151,0.008541474,0.0006591433,0.00023371044,-0.0011855136,0.0024140328,-0.0030692131,0.006872358,0.000501967,0.0076139127,-0.003658685,-0.0016639421,-2.6452968e-05,0.0023594042
2017-09-28,0.00075782475,0.01969763,0.0011159548,0.0059635523,0.0018737653,0.00242158,0.004798833,0.0027494351,0.0024780435,-0.0010361759,0.002973482,0.0016371673,0.0016859199,0.0033408138,-0.000675768,0.0025349753,0.004976095,0.00072092714,-0.00032807371,0.0017339542
2017-09-29,-0.0011008092,0.009353315,0.0052457945,0.0,0.003819591,0.003581346,0.00034765212,0.003182385,0.0017842716,0.0016089663,-0.002844,0.0,8.1848906e-05,0.003563038,0.00022992566,0.0017114759,0.0011759164,0.0030626443,-0.0012906842,0.0057142787
2017-10-02,4.48833e-05,0.00076967716,0.0013859937,0.0014357152,0.0032725683,0.000343625,0.0007986264,0.0025221314,0.0008556812,0.0018053474,-0.0030008517,0.0031429904,0.0035615116,0.003251911,0.0005121358,0.0061756857,0.00034403172,0.007747328,-0.0032895908,0.0024257214
2017-10-03,0.0,0.0032613063,0.0046998495,-0.00026399663,0.0024734593,0.003541293,0.002489582,0.0010526597,-0.00052976614,0.0016207004,0.0011654337,0.00034047168,0.0027533206,0.004194812,-0.0028597089,0.0037428834,0.0003291147,0.0061762035,-0.0017993535,0.0037342533
2017-10-04,0.00052217545,0.0058481228,0.0016419425,-0.0018862457,0.0030901618,0.0023224787,0.0025255664,0.0010334875,0.0,0.0014738273,0.0022750744,-0.0003304942,0.0022604137,0.002835565,0.0018152333,0.0018506018,0.009133248,-0.0015283874,-0.000778809,0.0006528527
2017-10-05,0.0015388873,0.0021954468,0.0007374049,0.00062225806,0.0014967235,0.0014102877,0.0037486302,-0.0022969414,0.0007558111,0.0015654585,0.0011874142,0.0009498921,-4.9724833e-05,5.413307e-05,0.0025742308,0.00048023806,0.0086114025,-8.867455e-05,0.001869677,0.002098404
2017-10-06,0.0023992686,0.004787483,-0.0003471534,0.004353399,0.00010748224,0.0010549331,0.0017034304,-0.0024824606,0.0,0.0022314845,0.0052088164,-0.00046956888,0.00010023316,-0.00072124205,0.001376254,0.0033534623,0.004419122,0.001370406,-0.000339108,0.0038519257
2017-10-09,0.0018838912,-0.0026269262,0.0017194372,0.0071985703,4.943672e-05,0.0,-0.0043383613,-0.0026018915,0.0049350997,0.0021237119,0.00010083603,0.0014666312,-8.151554e-05,-0.000533478,0.007043926,0.0032822902,0.0069912216,0.0016908809,0.00286399,0.0017673529
2017-10-10,-0.0003786274,0.00064269523,0.0010610144,0.0039873915,0.0021717786,0.0011239764,0.0025426585,0.0010856859,0.004195788,-0.0024658476,0.0,0.0027260098,0.005565782,-0.0014055935,0.0063133775,0.0027984076,0.008396891,0.00018365317,9.4432726e-05,0.0038816603
2017-10-11,0.0008678465,0.0017669183,0.0018573734,0.0041487985,0.0005305465,-0.00015726835,0.005745754,0.0037590268,0.0035835712,0.0002807687,5.730682e-05,0.0034631332,0.004546771,0.0011219296,0.00013960678,-0.0017371257,0.0032752114,0.0023431075,0.0,0.002027508
2017-10-12,0.001435097,0.0015477049,0.0016638538,0.0012893358,-3.1214327e-05,0.00062733726,-0.00033982543,0.0018592586,0.0,-0.00010932121,0.0009343961,-0.0015616446,-0.0019975798,0.00022504249,0.001537694,0.0006955967,0.00048465247,0.0046495767,0.001978233,0.0018499168
2017-10-13,0.002533038,0.0041592824,0.0023566466,-0.0016205951,0.0068177697,0.003755341,0.0029314524,0.003797461,-0.0045918473,-0.00029138572,-0.005213796,-0.0014847298,0.0011876861,-0.0012647271,0.004864275,-5.0423132e-05,0.0034203131,0.0019364955,0.0006161924,0.002169538
2017-10-16,0.0023590578,-0.00077028293,0.005522599,0.00013722423,0.0049175704,0.002868208,0.0022976166,0.000350635,0.0,0.0025037276,-0.0008033185,0.0051508434,0.0014786047,0.0010881579,0.0025488765,0.0016125388,0.0020064344,0.0026799385,-0.0005649395,0.0075756228
2017-10-17,0.0029615473,0.0036153223,0.004346875,0.001907815,0.0031881437,0.0017513745,0.0015090494,0.00019801049,-0.0054805856,0.001485325,-0.0021884697,0.009843967,-0.0024055021,-0.0009193164,0.0006264984,0.0042094886,-0.0001164034,0.00028534073,0.00397547,0.0043836264
2017-10-18,0.0035707462,0.0024370763,0.0029273147,-0.00044585488,0.005940551,-0.0006747684,0.0,-0.001169142,-0.0064452915,0.0012457004,0.00050705305,0.0018781997,0.0016204685,-0.0013423011,0.004366392,0.00068760506,0.0013664024,-0.0009690881,-0.0010673912,0.0059442096
2017-10-19,0.002575266,0.008291998,0.004206489,-0.0025652256,0.0038484673,-0.0002377193,0.0017086637,5.5599332e-05,0.003018219,0.0004041687,0.0018537453,-0.00024274296,-0.0027723478,-0.0009405517,0.003416043,0.0070386496,0.0009945132,0.0010251927,0.0063857287,0.00035206333
2017-10-20,9.3016504e-05,0.0032648463,0.0040519857,-0.0014466292,0.0011663729,-0.0002865456,0.0014671515,-0.002770175,0.00859431,0.0010628127,0.002246843,-0.0014765285,0.0026654128,0.0014385756,-0.00058718474,0.0074159247,0.005685098,0.0032271377,0.0026302792,0.00085909537
2017-10-23,-4.721937e-05,0.0012065339,0.0035870671,0.0027377126,-0.0005430251,0.00017382945,0.007996022,-0.0018579847,0.005129191,0.003436798,-0.00027521024,0.0041934457,0.0080720885,0.002913903,0.00043131755,0.0032540588,0.00019995769,0.0020844133,-0.0012184209,0.00016903455
2017-10-24,0.00084713736,0.0014106856,0.0019795222,0.015449205,0.0,0.00015948602,0.0018219461,0.0012437124,0.0035993385,0.0,0.0029042966,0.0057680015,0.0020203502,0.0020251947,0.0026718287,0.0009959043,0.008677027,0.0045361947,0.00046955282,0.0012027684
2017-10-25,-0.00057413196,0.0,0.0030623479,0.0042404635,0.0047650835,-0.0021648253,0.00084564736,0.0030510207,0.0044283643,0.000386071,0.0038264056,-0.0012335607,0.007407587,-4.877623e-05,0.0053866105,-8.269079e-07,0.008166731,0.00266721,-0.00066400977,0.0017124632
2017-10-26,0.0,-0.0027071857,9.495132e-05,0.0032519456,0.0018734252,-0.003676369,0.0,0.0038877577,0.00067890174,0.0023688064,-0.0003292981,-0.0034473613,0.001682493,-6.5264576e-05,0.0007198868,0.0012235875,0.006624722,-0.00063301943,0.0018235574,0.0033318815
2017-10-27,0.0,0.0024315247,0.0007027662,0.002511043,-0.0015133744,0.001737578,0.002143713,0.002418707,0.0011759779,0.002673854,-0.0020621838,0.0005811233,0.0033011716,-0.0030639246,0.003827655,0.0017891907,0.001331144,-0.0006387369,-0.0014907925,0.0028606064
2017-10-30,-0.0018836962,0.0040396587,0.00033750795,0.0041820174,0.0027261644,0.005129247,-0.0024174158,0.002419429,0.008384491,0.001467354,-0.003495879,0.0033188039,0.0019415856,0.0023258992,0.001195782,-0.0018950641,-0.0045678527,0.0016526459,-0.0010043568,0.0011399974
2017-10-31,0.0,0.00475862,0.0015094052,0.0044697914,0.008620628,0.003427196,-0.0004757573,0.0007965923,0.013521169,0.0023017514,-0.0015304043,-0.003397582,0.0039959354,0.0049146614,0.002047278,-0.0009476317,-0.0017437895,0.0011924132,0.0011922286,0.0041813906
2017-11-01,0.00040099473,0.0010600563,0.0024464391,0.001423029,0.0048268186,0.0046033193,-0.0039516976,0.00116502,0.0035855589,0.0013996161,0.0021872963,0.002243077,0.0006967007,0.0036752007,0.0062189484,0.0002728772,-0.010651781,-0.00057217944,-0.0006287952,0.0021958542
2017-11-02,0.0007995469,0.0025059485,0.0009775136,0.0041682995,-0.00314679,0.0015551375,-0.002428774,0.00042351734,-0.0016241178,0.0022623197,0.00092749053,-0.00042934704,0.0018188996,0.0035258324,0.0036673131,0.0001118044,0.002232793,0.0008262645,0.0023994942,0.0011549474
2017-11-03,-0.00095297006,0.002613473,0.001594156,0.0023520875,9.378839e-05,0.00036920098,0.0025527878,0.00083292054,-0.006844288,0.00039180194,0.00097461266,0.0,0.002222468,0.003706553,0.0055020708,0.00065387954,0.0027614918,-0.00032820075,0.0026753559,0.002491865
2017-11-06,0.0014763235,-0.002043891,-0.0024366868,0.0040131947,0.0013297417,0.001702429,0.0033271797,-0.0002960284,0.001330171,0.0019191591,-0.0004875651,0.0038847462,0.0019514844,0.0,0.003970855,-0.0022829175,0.0011137136,0.002677067,0.004589647,0.0020050013
2017-11-07,0.0044859336,0.0007911581,-0.006511796,0.005514936,0.0032789651,0.003593112,0.0034331314,-0.0051077846,0.0007544927,0.0026616715,0.0005390292,0.003763143,0.0048738015,0.0014022001,0.0039921654,-0.0005754932,0.002181575,0.00087084365,0.0017290622,0.0
2017-11-08,0.0026911562,-0.008858191,-0.0006914205,0.0022054461,0.0011391438,0.0029658042,-0.00062289136,0.003917471,-0.0008269472,0.0017499723,0.0024675298,0.005020895,0.001217856,0.00027293703,0.0031815777,0.0001659523,0.0037075519,0.0020685757,0.0009965545,0.0009219191
2017-11-09,0.0017164819,-0.0024017405,-0.0011831109,0.007549786,0.0011736514,0.0026771296,0.0001539062,0.003593185,0.0035451208,0.002124783,0.005707605,0.0028359524,0.0016393038,0.00025368648,-0.001181894,0.0017475239,0.0064254696,0.0,0.0020167688,0.00328072
2017-11-10,-0.0005875999,0.0049324743,-0.00059951795,0.002901055,0.0016563431,0.0011404617,0.00028775292,0.005203578,0.0022591532,0.0027618217,0.002798619,0.001303191,0.0022206139,0.0,-0.0006135522,0.0049671074,0.0032272134,0.003236553,0.0067103677,0.0050082705
2017-11-13,0.0014092099,0.0015352367,0.003637224,0.00030018896,-0.001061696,0.0021163817,-0.0027673352,-0.0024031987,-4.9230242e-05,0.004020508,0.0016570181,-0.0010077377,0.0012789618,-0.0003920548,-0.0012308655,0.006703598,0.005251161,0.0047650463,0.003064219,0.005100914
2017-11-14,0.0032241493,0.0030491012,0.0005169568,-0.0072551626,0.0023280976,0.0009597394,0.0,0.0016488683,-0.0016627474,0.0019517526,0.0038487948,0.0044611436,0.0013661331,0.0019460472,0.00077050936,0.00012869967,0.0012039437,0.0040623555,0.0024398093,-0.0012155129
2017-11-15,-0.0008350207,0.004210798,0.005005632,0.00014979213,0.0020130652,0.00021035982,0.0036520544,0.0015517254,0.00062672124,0.0009385946,0.0032176278,0.0043729953,0.0041756276,0.0013562749,0.0022775114,-0.0060893055,0.0014827871,0.006013541,-0.0007566265,0.0
2017-11-16,0.0016389235,0.0059910393,0.005283365,0.0030795552,0.0035308423,0.00053180207,0.0025721125,0.003848292,0.00023010968,0.004356898,0.0015948475,0.0014351218,0.0018461378,0.00025584336,0.0034269542,-0.0004279573,0.00059023954,0.0034583234,-0.0026379502,0.0016409894
2017-11-17,0.0020112407,0.00206846,0.0032778687,-0.0018517433,0.0014609862,0.0015536003,0.0009420488,0.0048508127,-0.0009525891,0.0032145956,5.6660178e-05,-0.004529695,0.0011458908,-0.0018709135,0.0032800636,0.0004253105,0.00084851484,0.00016833884,-0.0016311575,0.0034280035
2017-11-20,0.0048304126,0.008849157,0.002491261,0.0036582467,0.0022248481,0.0014978087,0.0,-7.778232e-05,0.0025202062,0.0015424419,0.0032018397,0.0,0.0022959402,-0.00032463603,0.004016238,-0.022881579,0.0039249724,0.00091641716,0.0013315033,0.0037694143
2017-11-21,0.0048166504,0.009146579,-0.001270519,0.0046018763,0.0,0.0010293402,0.0007129307,0.0,-0.0002664965,0.0,0.0012808202,0.0042579966,0.0042797946,0.0014517219,0.0038834705,-0.0013543095,0.0012942313,0.00070502696,-0.0011068268,0.0062348247
2017-11-22,0.0029804357,0.004848485,0.0057518934,-6.934455e-05,0.0,0.00072577654,-0.0016152653,0.0,0.00013674003,0.00089610886,-0.0002591113,0.0022047632,0.0014694018,0.0008103019,0.0015976873,0.0,-0.00056132744,-0.0049510654,0.003983957,0.0026234207
2017-11-23,-0.0005637742,0.0023270817,0.0053635477,-0.0001170639,0.0009971763,0.00220404,-0.0023464672,0.00056191906,0.0019534056,0.0013067884,0.0012835752,0.0012051072,0.0005664068,0.0015978449,-0.0007010288,0.0016779721,0.0030878726,-0.0028761982,0.0062877354,0.001092422
2017-11-24,0.0011764013,0.0069404645,0.0025051222,0.0079605235,-0.0027491257,0.0009006915,-0.00041091838,0.0022964962,0.0032482431,0.0018625098,0.0011457582,-0.0022016158,0.0005201622,0.000743394,-0.0016132097,0.004095364,-1.1940996e-05,0.002188953,0.005838932,0.00038585157
2017-11-27,0.0031474237,0.0021841377,0.00044633166,0.00016304883,-0.00014000639,0.0002839519,0.0032893876,0.00014060177,0.008753995,0.00043182497,-0.000291285,0.00029202737,0.002207786,0.0007990934,5.8260164e-05,0.006780468,0.0005212296,0.0035734978,0.0006923697,0.0011365213
2017-11-28,0.0026040033,0.009720384,0.0011364004,-0.0023867243,0.0020636418,0.0007469798,0.002714932,-0.0031416987,0.007890559,6.037973e-05,-0.00070590264,0.0012118294,0.0014651889,0.0021960153,0.0010253346,0.002505632,0.0016029734,0.0,0.0022886188,0.0
2017-11-29,0.002307992,0.0034022226,0.0038643721,0.004771427,-0.0024833267,0.0010190429,-0.0017042916,-0.0005523143,0.0054708268,0.00013679451,-2.464212e-06,0.002617066,0.00013679451,0.010072827,-0.0026607274,0.0010912847,0.0004066644,-0.0011711118,0.0038880333,0.0012320419
2017-11-30,0.0057444717,0.004400287,0.0017392584,0.00068557356,-0.0038669733,0.0024625275,0.0014731603,0.0,-0.00038624287,0.0027634057,0.002175419,0.004004888,0.0027634057,0.0015954785,-0.0013222982,0.0027609805,-0.0024554904,0.0022013641,0.003503917,-0.0020797297
2017-12-01,0.0035969832,0.006864487,9.443186e-07,-0.00073543115,2.1174192e-06,0.0014178307,0.01824334,0.00021889796,0.0007561887,0.0060425317,0.0023351428,-0.003186727,0.0060425317,0.006764839,0.0017382232,0.0015741684,0.00095301884,0.00082394166,0.0023328809,0.0032208883
2017-12-04,0.0063088113,0.0009066519,-0.005623185,0.0018497598,-0.00027243278,-0.0005270237,0.0027288562,0.00085966423,0.0036429802,0.0022168616,-0.00030203944,-0.0069882832,0.0022168616,0.01027416,0.0017076076,-0.0010202035,0.0034053316,0.0007181882,0.00030120503,0.0018692099
2017-12-05,0.0022960654,0.0045854924,0.0,0.0011274397,0.0039870646,-0.00083948433,-5.242984e-05,-0.003698559,-0.0013094624,0.002342653,0.00014049059,0.0011767622,0.002342653,0.00011713983,0.0003212472,-0.004497584,0.010048398,0.0018139168,0.005873211,0.0011399317
2017-12-06,0.002567891,-0.00016359976,0.00214141,0.0024336118,-0.0014234445,0.0031434968,0.002709943,-0.00033167854,0.00061098835,0.0017908812,0.0,-0.0021212401,0.0017908812,0.00014174175,0.0010180516,0.0025028759,0.0022290552,0.004956143,0.0019817764,0.00021190308
2017-12-07,0.0009350556,-0.0011552278,0.0037157496,0.005405797,-0.005944118,0.0023858887,0.0009973834,0.0016205227,0.016308535,-0.0007967193,0.0012192401,0.0019211766,-0.0007967193,0.014485029,0.0008232758,0.0008135557,-0.0015209853,0.0217636,0.003652754,0.0004759062
2017-12-08,0.0024923296,0.0024873086,-0.0024056667,0.016189137,-0.003261455,-0.0005986062,-0.0011456218,0.00063091714,0.0019099159,-0.0014198597,-0.0005655455,0.0,-0.0014198597,0.014320716,0.002824896,0.001174208,-0.0041365637,0.003259716,0.004160179,5.404452e-05
2017-12-11,-0.00059418555,0.009718094,0.000136461,0.015467717,0.00021438953,0.0006455712,-0.0027053016,0.00072339916,0.0006866243,0.0,-0.0005252285,-0.0024575593,0.0,0.0010513786,-0.00050479325,0.0054977736,-0.001190574,0.004065517,0.0027685056,-0.0018137664
2017-12-12,0.00043216834,0.00028370158,0.0059531326,0.021369379,0.004990158,0.0020155534,0.00047830722,-9.8649754e-05,0.002670416,0.00039876945,-0.00043255778,-0.0006212873,0.00039876945,-0.00048619162,0.0027791564,0.01003676,-0.0025527067,-0.0008495059,0.003415765,4.267138e-06
2017-12-13,-3.3531556e-05,0.0008014963,0.028565856,0.0032151472,0.0051086047,0.0019749762,-0.0039420635,-0.0018907117,0.0022033243,0.003137608,-0.0004854321,0.0071432525,0.003137608,0.0007942685,0.003789445,0.014915474,0.0011752391,0.009995395,0.008092559,0.0012255347
2017-12-14,-0.0029670382,0.0,0.0051356857,0.0021780545,0.00082750706,0.0040260903,0.0064803115,0.0006252762,0.00795396,0.0024223137,0.001620447,0.006839737,0.0024223137,0.0,0.0019968676,0.0090386765,0.0,-0.00011563751,0.00474389,0.00063061155
2017-12-15,-0.0014364516,0.00092844985,0.0016353164,0.0023605886,-0.0032333478,0.0018233506,0.0011647203,0.00017177887,-0.00092113425,-0.0015923285,0.002632331,0.004687658,-0.0015923285,0.0022992224,0.0,0.003883634,0.0019338073,0.0012905587,0.0073907548,0.0022934815
2017-12-18,-0.00045097413,-0.0047222963,0.001013716,0.0022021967,0.003255565,0.0,-0.0005230297,0.0015731653,0.0009957873,0.0,0.0036631448,0.0054136915,0.0,-6.812941e-05,0.00021859743,0.0007257216,0.0043503153,0.009371417,0.003173274,0.0009099443
2017-12-19,0.0010373773,0.0007835306,0.0019717512,-0.0008462933,0.00067965325,7.670929e-05,-0.0021950535,0.00054590526,0.0025011739,0.0020767706,0.0036834409,-0.002270072,0.0020767706,0.0016715394,0.0020174452,-0.006553352,0.0036355173,0.029779093,0.0077202534,0.0009059649
2017-12-20,-0.0017565034,0.00860094,0.00079887523,-0.007983411,0.0,-0.00010320321,0.002834694,-0.0014277053,0.0034372108,0.0034422087,0.0031058765,-0.008534226,0.0034422087,0.0019321402,0.0024470836,-0.001942203,0.0069160806,0.006725573,-0.001459109,0.00021350847
2017-12-21,0.0010268837,0.0018151436,-0.004691927,0.0017298956,0.006090266,-0.0012631917,0.00081209367,0.0007016208,-0.0020098782,0.0028120466,0.0026589953,-0.010529172,0.0028120466,0.00040071932,0.001016935,-0.0014604236,0.0019313232,-0.00028043744,0.0016308611,0.0021912255
2017-12-22,3.1215004e-05,0.0021209137,0.0019337945,0.00014347397,0.0052269143,-0.0020392823,-0.00056716683,0.004367617,0.004667224,0.0015033174,0.00092651515,0.0010415218,0.0015033174,8.7023094e-05,-0.006109544,0.0010006883,0.001194879,-0.00035005284,0.004349604,0.00062425056
2017-12-25,0.0046291477,0.0015329747,0.00059059967,0.0,0.006187954,-0.0020961592,0.002525103,0.0009884387,0.00981954,0.0017439255,0.0016567173,0.00065040524,0.0017439255,-0.0024602993,0.00013762082,0.0014140294,-0.0018010254,-0.0010718964,-0.00043211956,0.0032232136
2017-12-26,0.007242643,0.00068746594,0.0,0.003953435,0.0096475,0.0042279935,-0.0009330911,0.0003878681,0.0134586105,0.0015406458,0.0029681716,-0.0020905724,0.0015406458,-0.00041556428,0.0015682585,0.0044476986,-0.00041918116,0.0017048426,0.00036108444,0.0032885913
2017-12-27,0.0054327142,0.003030237,0.0045990185,-5.0833838e-05,0.024316274,0.004227664,0.0039448435,0.00086715276,-0.0005531492,0.0020334094,0.002920864,0.0034163962,0.0020334094,0.000621355,0.0021602192,-0.005343278,0.0039960444,0.004455429,0.0,0.0017069203
2017-12-28,0.00064211915,0.0025217233,0.003418768,0.0013607339,0.0020283097,0.0008572349,0.0035566194,0.0007044962,0.0074554663,0.0028325554,0.0009826168,-0.0004548796,0.0028325554,0.004270898,0.0008447175,0.0014503506,0.004053646,0.0042464887,-0.00058780157,0.0015587525
2017-12-29,0.0032590746,0.004982762,0.00027254902,0.00050110614,0.000441953,0.0020035813,0.014709579,-0.00051930634,-8.715962e-05,0.0,0.0012007916,-0.0018560519,0.0,0.00018484714,-0.0017847271,0.0,0.010815018,0.0012623324,0.0054140305,0.0013878503
2018-01-01,0.001369278,0.0025480299,0.00058423873,0.0,-0.0038547558,0.005094793,0.0050268164,-0.0003722907,0.0027246356,0.0017624903,0.0020040732,0.0014736376,0.0017624903,0.0015611022,-0.0008957488,0.0009940589,0.0075288266,0.0026350906,0.0025026556,0.0003593721
2018-01-02,0.009032599,0.0043673865,0.0026115312,0.0016738303,0.00029470757,-0.0008616134,0.004334652,-0.00036197389,0.011344205,0.0017518814,0.0031742628,0.0032246578,0.0017518814,0.0011464681,0.005427455,0.0019189242,0.0021103877,0.0018290106,0.0074545327,0.0011268476
2018-01-03,-0.0027233171,0.0033010358,-0.0017195074,7.085079e-05,0.0007019651,0.0046675173,0.0018177972,0.003026794,0.0033792106,0.00012309561,-4.54386e-05,0.003226387,0.00012309561,0.0032602036,0.006311911,0.003154354,0.0,0.004110393,0.0033265725,0.002515936
2018-01-04,-0.0058881994,0.00016961565,0.0026031986,0.001473105,0.002222897,0.004582101,7.461008e-05,0.0037986138,0.00062785525,0.00068788906,0.00054502016,0.0010832967,0.00068788906,0.0011394728,0.009824627,0.0061174408,0.000891077,0.0040659765,0.00185089,0.0009296618
2018-01-05,-0.0030235373,0.00075617083,0.007131582,0.0010175379,-0.0016103282,0.0018833769,-0.00069780357,0.003412683,0.0065959394,0.00068937073,-0.0016722727,0.0012905741,0.00068937073,-0.00032090617,0.0016334996,0.0037480297,-0.0111816805,0.0004505934,0.0035477981,0.0036338237
2018-01-08,-0.012049005,0.0041471655,0.005036368,0.0,0.013775121,-0.00020294474,-0.0025131318,0.003842782,0.015749155,0.00041218678,-0.00049207814,0.0071719806,0.00041218678,-0.0033765922,0.0022196292,0.00061941246,0.0005303407,0.0031101082,0.00084795867,0.00029938619
2018-01-09,0.005874781,0.0019007633,0.001982713,0.0022510644,0.0039506694,0.00387516,0.0035586802,7.0094e-05,0.0043624197,0.0017919998,0.00093655044,0.0023294068,0.0017919998,0.0,0.005046733,0.0033370322,0.00024002857,0.002495561,0.0022809093,0.0014275175
2018-01-10,0.04538552,0.003021781,0.0,0.0032640882,0.00031015533,0.004822411,0.00064512447,-0.00068035396,0.0066523664,0.0022638855,0.0025317639,0.0021096233,0.0022638855,-0.0030959332,0.0014880474,0.0026679551,-2.0700174e-05,-7.2996874e-05,0.0064043975,0.00073858316
2018-01-11,-0.0011192679,0.0032709823,0.0030945905,0.0048569855,0.0026101521,0.0013576795,0.004994509,-0.00096195686,0.0055830986,0.003410763,0.0026986215,0.0037041837,0.003410763,-0.0010181603,0.0020476056,0.0016239159,-0.0031897388,0.0,0.0051334137,0.0016389033
2018-01-12,0.0073422953,0.0052170246,-0.00029992824,-2.0231086e-05,0.0025467675,0.0020222925,0.0047698654,0.0010565798,0.0016606742,0.0011898596,0.0020169406,-0.000357252,0.0011898596,-0.0054877494,0.002547677,0.00037644367,0.004776433,-0.0006684751,0.0023802323,-8.960031e-05
2018-01-15,-0.0026971365,0.010979262,0.0031196221,0.004409837,0.004200119,-0.000111599686,0.004711254,0.0008018302,-0.0018968565,0.0029581166,0.0016336506,0.0,0.0029581166,0.0,0.0034829692,0.0020546985,0.010786243,-0.0016379195,0.0018707007,0.0016317299
2018-01-16,0.006694179,0.0,0.00075162196,0.0031737331,0.0032536667,-0.00017717165,0.0033743293,0.0017209923,0.0035140705,0.00013853541,0.002033736,4.924789e-05,0.00013853541,-0.021719899,0.002264407,0.00011646465,0.008703371,0.0020130307,0.0020702272,0.0031708167
2018-01-17,0.009115615,0.0010161017,0.0045562377,0.0044339676,0.0061636255,0.0030131955,0.003417861,0.00031138188,0.0055282186,-0.0015787678,0.00078554207,-0.0018595082,-0.0015787678,-0.0034263397,0.0018848492,-0.0011035773,0.0026297686,0.0035862194,0.0001355312,0.0008483251
2018-01-18,0.014248768,0.0029653423,0.0011237535,0.006303154,0.0016442224,0.00047264778,0.004509848,0.0016737375,0.002909274,-8.658115e-05,0.00084732694,-0.0025512625,-8.658115e-05,0.0015720916,0.00027939962,0.0022256689,0.0003168454,0.0036770669,0.0023289144,-0.0004774101
2018-01-19,-0.0018541339,0.0009961411,0.0031293125,0.00079228054,-0.0018159222,0.0016583547,0.0023687645,-0.00051418244,0.00022130802,0.0011084983,0.0,0.00095026253,0.0011084983,0.0028055755,-0.0011013104,-0.00035284975,-0.00017819036,0.0062554707,0.007007957,0.00013636464
2018-01-22,-0.0067495797,-0.0078113806,0.0011551313,0.00021712485,0.0016995219,0.0037210665,0.002693196,0.0010548831,0.005554554,0.0026915225,0.0,0.0028142503,0.0026915225,0.0062551238,0.0025516395,-0.00054524967,-0.008557674,0.0067982874,0.0017658577,-0.0023732332
2018-01-23,0.006896775,-0.0017971545,7.227136e-05,0.0016391097,0.003363618,0.0037191694,0.0018833837,0.0032508804,-0.0008347916,0.0017781068,0.00012444619,0.007268184,0.0017781068,0.009571035,0.00488917,0.0026788206,0.010457965,0.006821915,0.008609507,4.403063e-05
2018-01-24,0.00071951025,0.00021627091,0.0038749052,0.0066378987,0.0046153576,0.004437544,0.0036639853,0.00031058007,0.0018460329,0.0032289722,0.0022563876,0.0066945907,0.0032289722,0.013330871,-0.00094041607,0.0005128086,0.0023983328,0.004967691,0.005566226,0.0028018355
2018-01-25,0.00082920556,0.0027963843,0.001287045,0.0034336916,0.008663334,0.0037213753,0.0021297077,-0.0002803858,0.010344922,0.0011166376,0.0012790061,0.0010872104,0.0011166376,0.0,0.0009935335,-0.002056444,9.993684e-05,0.011764627,0.00070527906,0.0009378325
2018-01-26,0.003765101,0.004853925,0.0021616218,0.0019242201,0.0014270501,-0.00041915957,0.0011893036,-0.00056548003,0.0088903215,-0.00087775325,0.0016000178,0.0011367084,-0.00087775325,0.0022005378,0.0018716594,0.0028346565,0.0014576222,0.00455986,0.0024127148,0.0027605174
2018-01-29,0.018455282,-0.0006904803,0.0011517849,0.0057642004,0.0035426114,0.00041175602,0.001209422,0.0023075936,0.0028779886,0.00023974713,0.0008968028,-0.0017970006,0.00023974713,0.0033913967,0.001501311,0.0027742248,-0.00094833126,0.0044015725,-0.0006007948,0.0013513217
2018-01-30,0.008538144,-0.0011247434,0.0009802779,0.000627226,0.0049199862,0.0027157608,0.01064772,0.0024362984,9.860932e-05,-0.0001393216,0.0009243646,0.001330495,-0.0001393216,0.0001328959,0.0017777951,0.00015324437,0.00042828228,0.0005629239,-0.00043660583,0.0010766776
2018-01-31,0.0005954156,-0.00218062,-0.00015923817,0.0026570333,0.00042470222,0.0020403145,0.013094625,-0.00048415738,0.00059398817,0.0010848043,-0.00081011467,0.0048544966,0.0010848043,-0.0009051151,0.0051882593,-0.0014812828,-0.0003333679,0.0029203605,0.0034418355,0.00037180766
2018-02-01,-0.0025178762,-0.0009679123,0.0038449448,0.00037330587,3.7680296e-05,0.0022031916,0.0011598585,-0.0013056044,-0.0034917076,0.0010039215,0.0011419393,0.0013132972,0.0010039215,0.002496564,0.0003706363,0.004954553,0.00022386019,-0.001449317,-0.0014595388,-0.0004499401
2018-02-02,-0.0026428697,-0.0024141876,0.0007293881,-0.0006231722,0.0010205236,0.001986988,0.00014174363,0.0,-0.0012431152,0.0006103656,0.00038950882,0.00012844549,0.0006103656,0.0025740757,0.001074395,0.0012156304,0.0,0.0002826317,-0.0012810266,0.0005133052
2018-02-05,0.0032442443,-0.00073627674,0.0025206746,0.0014586782,0.00017547698,-0.00090272276,0.00032582582,-0.001511101,0.003753857,0.0005229626,0.00090433354,0.003759496,0.0005229626,-0.0027186002,0.0006160132,0.0020061412,0.0017715851,-0.0018005876,0.0010897724,0.0012031818
2018-02-06,0.0062542837,-0.0118934885,-0.000974818,-0.00083242176,-0.0020556077,0.0010945788,0.0015535484,0.00034004598,8.994837e-05,0.0009280194,-0.00029763096,0.005412585,0.0009280194,0.00057751394,-0.0029265566,0.004809164,0.0,0.0038478798,0.0,0.0010360174
2018-02-07,0.0029145028,0.0027351647,0.0,0.004767747,0.0,0.00075560424,0.0036852937,-0.0017056434,-0.0011663345,7.5843556e-05,-4.9983213e-05,0.0009249128,7.5843556e-05,-0.00035226316,-0.0067332564,0.0013734299,0.0020858836,0.001749483,0.001878764,0.0025078328
2018-02-08,0.0013425538,0.007158174,0.0052498723,-0.0036512467,-0.0003816909,0.0049897865,0.003343194,-0.0011791092,0.0009838575,0.002420542,0.00022441505,-0.0020391745,0.002420542,-0.001033242,-0.001639818,0.00013703568,0.0010937661,0.008774321,0.0004576279,0.002795716
2018-02-09,0.0039600027,0.001248916,0.0003836882,-0.0013499495,0.0,0.0041132323,0.0044617695,0.0008498472,9.798024e-05,0.00048284305,0.0022296133,-0.0046993187,0.00048284305,-0.007118095,0.0074518705,0.004596434,0.0017207065,0.0031708668,0.001873944,0.0014960779
2018-02-12,0.0018165787,-0.0020601847,0.002988246,0.0009738545,0.0059634857,0.00013632131,0.0,0.00022334587,-0.0026917784,0.00032275033,0.0030581143,0.0011126543,0.00032275033,0.0031418903,0.0,0.0008110288,0.0022030165,-0.0074850162,-0.00017662608,0.003077992
2018-02-13,0.0023783103,0.011433758,0.0,0.0028339627,-0.0013228467,0.00017152858,-0.0012820051,0.0021138866,0.001111966,0.0020118896,0.0020687794,0.0041992096,0.0020118896,0.002298319,0.0016408714,0.0025924433,0.002477085,-0.0026423545,-0.0009281803,0.0011359476
2018-02-14,0.006043243,0.004814898,0.0037237715,-0.002225351,-0.012397729,0.0009068363,-0.002473108,0.0019947777,0.000896347,0.0023488395,0.0006536442,0.004937712,0.0023488395,0.009231223,0.0021981576,0.001859081,0.0020579956,-0.0025423267,0.0033202965,0.00015306995
2018-02-15,0.0,-0.0007779148,0.0025790222,-0.0034062215,-0.011525519,7.899821e-05,0.0,0.001598738,0.00012331075,0.0014380137,0.000618613,0.002211304,0.0014380137,0.0043719225,0.0003967597,0.0009793061,0.0012519166,0.0107638985,0.0015773139,0.0010958391
2018-02-16,-0.002076276,-0.0012078116,0.002916283,0.0003318139,0.00024535516,0.0017600306,0.004754187,0.0035119224,0.00424544,0.002502988,0.0014983551,0.0038130605,0.002502988,0.0020308862,0.0023160542,-0.0009530514,0.0039931387,0.0032164636,-0.00018021118,0.0011489287
2018-02-19,-0.0021681304,0.0051708748,0.002620547,0.0010712767,-0.012715465,0.0017348363,0.004651979,0.0027299162,0.004477296,0.0015463012,0.00084767444,0.0023015703,0.0015463012,0.0049088458,-0.0011476255,-0.00035384335,-0.00058537134,0.0017335964,-0.0009936331,0.0007806602
2018-02-20,0.0023212512,-0.00095985224,0.0,0.004830305,-6.14481e-05,0.0017763401,0.002029509,0.0048927953,0.0006999738,0.00010224798,0.0011213013,-0.0006108626,0.00010224798,0.00498422,-6.616746e-05,-0.00091129733,0.004025539,0.009853252,-0.00066571456,0.0010936557
2018-02-21,-0.00037824863,0.0,0.0020121122,0.0036952035,0.011465586,0.000701137,0.000872671,0.0040196646,0.0,0.0014417422,-0.0012249962,-4.7525118e-05,0.0014417422,0.000924521,0.0,0.001174826,0.004461399,0.007425896,-0.0018989439,0.0013953102
2018-02-22,0.0049023293,0.0003993967,0.0007213101,0.00092590036,0.0,0.003226667,0.005978695,0.0018450132,-0.0010936287,0.0025429737,0.00011573864,-0.0035612693,0.0025429737,0.002853498,0.0036563647,0.00081386697,0.0038028304,0.0007289359,-0.0023596245,-0.00037862506
2018-02-23,0.0077527887,0.0037158898,0.0014119954,0.00128453,0.0022190092,0.0011945473,0.008654358,0.00094501564,0.009935022,0.0022435011,0.00076926785,0.0021362116,0.0022435011,0.0046329666,0.00542213,0.000132954,0.0061564273,0.00046354067,0.0,0.00093097147
2018-02-26,0.001952727,-0.0018511997,-0.00042043673,-0.0015489744,-0.00060078147,0.0010278778,0.0010483487,-0.002286975,0.00018526503,0.0026081419,0.0,-6.900177e-05,0.0026081419,0.0024013084,0.0038034022,-6.568266e-05,0.0028528012,1.5206802e-05,-0.00071007124,0.00035553964
2018-02-27,-0.00017239862,-0.0027208286,0.001503212,2.1960588e-05,0.008494014,0.0022372983,0.006939873,-0.00025001005,0.0038797027,0.0013299838,0.0029191675,0.0028337017,0.0013299838,0.0038442637,-0.0005689218,0.001522378,0.0038571411,0.0016143123,0.0005350331,-6.752764e-05
2018-02-28,0.0011609639,0.0006857438,0.0036379893,-0.0007804772,0.0053908,-0.0005132338,0.0019247589,-0.0019008621,0.0011911686,-5.4798187e-05,0.001908093,0.0017720046,-5.4798187e-05,0.00093240355,0.00080632424,0.001226873,0.009088134,0.002835343,0.005419593,0.0007232896
2018-03-01,0.00016083516,0.0015362327,0.0036064617,-0.0013680626,0.003023649,0.0023421885,-0.0004083289,-0.003507293,0.002203599,0.0031347168,0.0041994117,0.0035793686,0.0031347168,0.0011462792,0.006388733,0.0059867124,0.0039830673,-0.00096920365,0.002962191,-0.0010370652
2018-03-02,-0.0007652131,0.0039647752,0.0010438033,-0.0021814273,0.009252139,0.003758887,0.012125098,-0.002710996,0.0,0.003849238,0.0040446473,-8.346355e-05,0.003849238,0.0001479113,0.0031408784,0.0022038864,0.0027189122,7.5846256e-05,0.0006269274,0.0008577598
2018-03-05,-0.0002805247,0.0011057263,0.0029358005,0.000998456,0.005080572,0.0007575047,0.0027704947,0.0014530334,0.0013303326,0.0040276838,0.0022310247,0.00037897693,0.0040276838,0.0020749422,0.000104992745,0.0025499444,-0.0029594349,-0.0008276883,0.0,0.00023053399
2018-03-06,0.0023650343,0.0052880016,-0.00051797886,0.0018138377,0.0019452677,-0.002231693,0.0006775818,-0.0013450355,0.0023019516,0.005183592,0.005719718,0.0023817336,0.005183592,0.0039424645,0.0014142654,0.0058604837,-0.0016195097,0.0067154174,0.0028357166,0.002505619
2018-03-07,0.0015406676,0.0016248841,-0.00092160073,0.004777759,-0.002017001,0.0012664963,0.0011757247,0.0011052864,0.0028291005,0.0007417852,0.0020459646,0.0010851327,0.0007417852,0.015707111,0.0020936239,0.006184225,0.0042296792,0.0041247164,0.0002640928,0.0016464517
2018-03-08,0.0003989346,0.0011096342,9.240321e-05,0.0013553585,0.00035450864,0.0026141517,0.0026416085,0.0024029044,0.004280091,-0.0017201297,-0.0008163884,0.0056847087,-0.0017201297,0.002450056,0.00033934633,0.0042502913,0.0029695828,0.003574927,0.0011029616,-0.0008926001
2018-03-09,0.00014118175,0.00049891364,0.004139419,0.0002550031,0.0041945395,-0.0002707515,0.0021799665,-0.0008160937,0.0035092474,0.0019384502,0.0019544172,0.00048971706,0.0019384502,0.0017343684,0.0018382885,0.0001809459,-0.00036496506,0.00024617507,0.0011315054,-0.0002647292
2018-03-12,0.00039603905,0.0007602624,0.0,-0.00028005577,0.002520493,0.0038743988,-0.0023656178,0.0,0.0006784351,0.0012752552,0.001483186,0.0019736516,0.0012752552,0.009674676,0.0010776297,-0.0026944948,-0.001033725,0.0022758758,0.0011963188,0.0018083283
2018-03-13,0.00023113778,0.0045591104,0.00043956086,0.0019274022,0.0070729544,0.0012689879,0.0013268935,0.0,0.00012536922,-0.0044503524,0.00037041787,0.0,-0.0044503524,0.006872752,0.0014977177,-0.0011542358,0.0,0.006208016,0.00023226583,0.002201734
2018-03-14,0.0010202947,0.0007486308,0.0037630955,0.00048370616,0.0029169233,0.004918881,0.0011124362,0.010438836,0.0018951868,-0.00038703036,0.006551121,0.0008727886,-0.00038703036,0.0005227673,0.005731242,-0.00015343001,0.0038421885,0.0035332502,0.00037775995,-0.00012722642
2018-03-15,0.0024364088,0.0018880538,0.001949058,0.0014590942,0.0032732883,0.0041627926,-0.00037740218,0.007164787,0.0010266806,0.001125112,0.007435668,0.0017028165,0.001125112,0.00032239276,0.00069355994,-0.0018426288,0.00038465956,0.007077988,-0.0008920287,0.002305926
2018-03-16,0.0032709425,0.0016193213,0.0005246013,0.00056022615,0.002756823,0.0001662943,0.0017994797,-0.0008928489,0.00037764356,-0.0022454371,0.00686436,0.0022220248,-0.0022454371,0.0012959627,-0.00043779315,-0.0047553983,0.0023376788,-0.0027996262,0.0003433236,0.0016850537
2018-03-19,0.001713557,0.0014381267,-0.00051399297,0.0,0.0036046812,0.0015775218,-0.0002644987,0.00071658107,0.0027983557,0.0050941785,0.0052656843,0.004492691,0.0050941785,0.0016261359,0.0050985636,-0.0009627062,0.0042054723,0.0022055001,0.0045614834,0.0007464173
2018-03-20,0.002825401,0.00042293323,0.0008856772,-0.0025746368,0.0047766347,0.0016818583,0.0007511689,0.0034006964,-0.001973842,0.0025088433,0.00032205074,0.0024361277,0.0025088433,0.0053563714,0.0030934967,0.0012107749,0.006559334,0.0042972574,0.004980868,0.00064380286
2018-03-21,0.0037244456,0.0015877052,0.009174173,-0.0014600949,0.001623121,0.007554869,2.8433562e-05,0.0017125363,0.0008483424,0.0003228981,0.00022889518,-0.0015264002,0.0003228981,-0.006274266,0.0070508914,0.0027187031,0.002426963,0.0028566956,0.0044216807,0.0016311792
2018-03-22,0.0053898627,0.0028305703,0.006780487,-0.0020359051,0.0032120172,-0.00048556292,0.000926097,0.00063980184,0.00088249444,-0.00027431318,0.00087007676,0.00064670504,-0.00027431318,0.0019959814,0.00019028505,-7.4383446e-05,-0.00065329485,0.0019548787,0.0037000186,0.0009770007
2018-03-23,0.0024628032,0.002614099,0.003207379,-0.0005988889,0.0014529042,0.00040013678,-0.008131425,0.004768314,0.002247632,0.0006921381,0.0032546024,0.003821811,0.0006921381,0.007129353,-0.0026342236,0.0026771352,-0.00039551978,0.0023516293,-0.0018853045,0.00046883363
2018-03-26,0.0059701116,0.0011258783,0.0021706552,0.00061495183,0.0031251195,-0.0028742566,0.002410279,0.001591853,0.0006219785,-0.0016882841,0.0032952167,0.004175451,-0.0016882841,0.014584545,0.0009228752,0.0028335354,0.005131455,0.0068202447,-0.0007063759,0.0009998946
2018-03-27,0.0032489924,0.00050111907,0.003176871,-0.00017372335,0.0030063647,-0.0031405636,0.0015036532,-0.0010376499,0.0009506634,0.00051516894,0.003406385,0.003999372,0.00051516894,0.016124047,0.0146032255,0.0016991901,0.0026222274,0.0017371539,-0.003012572,0.001134507
2018-03-28,0.0,0.001015189,0.001994262,0.00085836434,0.0010181371,-0.002180868,0.0008291974,-0.00083895633,-0.0016647984,0.00066191476,0.003989239,0.00090245425,0.00066191476,0.0039046828,0.0038082523,0.0021947504,0.00030755863,-0.0026546125,0.0036148455,-0.00018182189
2018-03-29,0.00023658131,0.0022043157,0.0024984104,0.0015247823,0.00039895586,-0.0074012266,0.00019983748,0.007037251,0.00013898626,0.004469623,-0.0014592888,0.0014986836,0.004469623,0.0028023734,0.0025123542,0.013121922,-0.00087928463,0.0,0.0033899664,0.0007555136
2018-03-30,0.0010691639,0.0003251684,-0.0027931405,0.0017761299,-0.000990126,0.0023904324,0.0070387423,0.0038545725,0.00084586267,0.0014327209,-0.0034922536,0.0008364971,0.0014327209,0.0007048467,0.0008122213,0.0014644312,0.0006952013,0.0,0.0010910691,0.0007035312
2018-04-02,0.0012766646,0.0,0.00038593626,0.0025157742,0.0010933974,0.0022240004,0.0031997985,0.0020061936,0.0038494463,0.002489556,-0.0018767015,0.0010906406,0.002489556,-0.0038145562,-0.0012157414,-0.00017225732,-0.003373234,0.0011819359,0.0014300975,0.0019915388
2018-04-03,0.0060428088,0.0005238727,0.0058027096,0.002344759,0.003580806,0.009216549,-0.0015256174,0.0013145313,0.0027573318,0.0018088453,-0.0013685358,0.0012624094,0.0018088453,0.0055416115,0.0,0.00021207191,-0.0019930573,0.002367074,0.005086153,0.0011350772
2018-04-04,0.002252577,-0.0012064987,0.0012206524,0.00092744036,0.00080401637,0.0019229791,0.0,0.00020925268,0.0014570403,0.0,0.002718949,0.0019274657,0.0,-0.0007056531,0.00013588925,0.003134617,0.00010564661,0.0027191157,0.0010143899,0.0023026338
2018-04-05,-0.0014614322,-0.0038969363,-0.0030099747,0.0022031732,-0.0003335366,0.0025119374,0.0013588493,0.00011626184,0.0010173032,0.0019014317,0.00016733604,0.0039456547,0.0019014317,0.0026270603,-0.0026866735,0.0008747199,-0.00018435698,0.0047766347,0.00013847598,0.0024936718
2018-04-06,-0.0007805732,0.0,-0.00052529655,0.0024926437,0.0010520213,0.001605505,0.0021077157,0.0036550665,0.002439525,0.0,0.0017600141,0.0043071085,0.0,0.007318497,0.00050819735,0.0033579478,-0.0012128757,0.00030117447,8.516984e-05,0.0012300516
2018-04-09,-0.00055968005,0.0014737196,0.007271587,0.0014674752,-0.0042435876,0.0028441758,0.0008333194,0.004257199,0.00081698294,0.0028057972,0.002835383,0.004064137,0.0028057972,0.00033543142,0.0018133314,0.0012097753,0.0,0.0011937624,0.0014206063,0.0017866902
2018-04-10,-0.0017710495,0.0022008554,0.0008476591,0.0025034666,-0.001299768,0.00018907596,-0.0027047405,-0.0005768583,0.0014100714,0.0026686646,0.0043974495,0.0043005724,0.0026686646,-0.0031039927,0.0018565673,0.0013750133,0.0042047165,0.00067430513,0.002521362,0.0013942246
2018-04-11,-0.00032889433,0.0023814237,0.007111272,0.00038250646,0.002601565,0.0015110683,-0.0034590536,0.00037904852,0.00068082626,0.0014217135,-0.00088146754,0.0026791964,0.0014217135,-0.00081471243,0.0030084008,0.00023667436,0.002676155,0.0011985842,0.0005417001,5.856545e-05
2018-04-12,-0.002257405,0.0036287121,0.0013590513,-0.0016775706,0.0043340907,-0.0003516585,0.004895962,0.005047308,0.00074344204,0.0068556103,0.0011909596,0.0025085786,0.0068556103,0.0030156025,0.004565719,-0.0014233518,0.0067337295,0.003825821,0.002598785,0.0026936603
2018-04-13,-0.0026574594,0.002811035,-0.0074076224,-0.0013021261,0.010661973,0.0025034768,-0.0015111744,0.0008836691,0.0035939878,0.004340693,0.007955405,0.001110996,0.004340693,0.005558014,0.0019539234,0.0061692945,0.0032705865,-9.4674666e-05,0.0010526121,0.0012050299
2018-04-16,-0.0016297861,0.0032619627,-0.0012392777,0.0003734965,0.003993327,0.010020465,0.002530435,7.5024136e-06,0.0006464493,0.001833633,0.0044631087,0.0024044618,0.001833633,0.00059375336,-0.0002832811,0.0029133281,0.003298121,0.00053793,-0.00032362167,0.0017384882
2018-04-17,6.4871856e-05,0.001851862,0.00028934743,0.0,0.010270161,0.00062484003,-0.0018733772,0.00071571727,-0.0001306118,0.0011112908,-0.0014760245,0.0038865975,0.0011112908,0.007817172,0.00068681233,0.005153005,0.002325818,0.001414712,0.0007690373,0.0004221926
2018-04-18,0.0,0.001991514,-0.0025687953,0.0,0.000725994,0.0011542918,0.00946164,0.0021118117,0.0015686771,0.0012384597,-0.0013259342,0.0051108976,0.0012384597,-0.0008049361,-0.001371927,0.0021240325,-0.000683583,0.0020028425,0.0023150574,0.00019529047
2018-04-19,0.0023712276,0.0019654706,0.0044879843,0.0013246749,0.000819,0.004789825,-0.0008334069,0.00016596963,0.0018293959,0.0044737104,-0.00091921946,0.0016656984,0.0044737104,0.0038556422,0.0022453929,0.0047328686,0.0018251284,0.0011420794,-0.0008274648,0.00036145007
2018-04-20,-0.00047064794,0.0012618365,0.0,-0.0020311386,-0.0006336773,-0.00037604038,0.001454687,-7.4828e-05,0.0008892489,0.006051861,-0.0005194974,0.0019491005,0.006051861,0.005883087,0.0040798527,0.0015678586,0.004467679,-0.0007333015,0.0010258711,0.00079145865
2018-04-23,0.003068306,0.000495008,-2.6550766e-05,0.0020468223,0.00088003266,0.009460148,0.00242248,-0.0019009564,0.0047871703,0.0013556725,-0.00086539786,0.0009259862,0.0013556725,0.0013635282,0.002827021,0.0012144713,-0.002903176,0.0025736087,0.0019286129,0.00075167144
2018-04-24,0.0065670134,0.0026361137,-0.0025456536,0.0007025217,0.003309112,0.01167365,0.005341799,-0.0009692593,0.0018098251,0.00034842404,0.0077077285,0.001426947,0.00034842404,0.0042832354,-0.00030398768,0.0033537599,-0.005499314,0.0046938043,0.0027980153,0.0016674356
2018-04-25,0.0044237985,-0.00032744094,0.0,-0.0018598648,-0.004895768,0.0031359727,-0.002355689,-7.979659e-05,0.003886278,0.0018209385,0.0028768487,0.0038050786,0.0018209385,0.0006900838,0.00014938385,0.002894673,-0.00029166136,0.00038264875,0.0016820988,0.001309461
2018-04-26,0.009095776,0.0006404158,0.0065082684,7.383815e-05,0.0009192566,-0.0018063931,0.0,0.0032599007,0.0023453836,0.0020774228,0.0019323324,0.0022031765,0.0020774228,0.0010379757,-0.0013318047,0.0010197244,0.00013446392,0.00060060737,-0.00017793756,0.0017140261
2018-04-27,0.0013994639,0.0008517102,0.0067506568,0.00023365393,0.0008772787,-0.0010103735,-0.0027026087,0.00028901763,0.0015063339,0.0023657626,0.001512197,0.001071657,0.0023657626,0.0032451719,0.0,0.0020102425,0.0022322577,0.0027236196,0.0016012015,0.0021948114
2018-04-30,-0.0032463295,-0.0002952364,-0.0012123013,0.0012017838,0.0020843728,-0.0013665026,0.0028278225,0.0005958011,0.000106602856,-0.0010486308,0.00322934,0.000993279,-0.0010486308,0.0019999857,0.0003103918,0.00024585126,0.001897891,0.00070626725,0.0023317174,0.0030187445
2018-05-01,0.0026908803,-0.00026172012,-0.00063360645,0.0020302904,0.0013496465,-0.0009761992,0.0020369992,3.9994742e-05,-0.0016551488,0.0,-0.00028336633,0.0021909708,0.0,0.003104084,0.0011839852,0.0032586933,0.0007209914,0.0016216579,0.003685188,0.002473027
2018-05-02,0.00016193243,-7.856509e-05,0.00046526175,0.0050563444,0.00078847643,-0.0015110757,-0.0041749296,0.0011033594,0.0,0.0013706431,-7.660363e-05,0.00537938,0.0013706431,0.008998941,0.002850426,0.00459387,-0.00083754404,0.002912739,0.0059566083,0.0
2018-05-03,-0.000529886,0.00021756193,0.0045668157,0.0017163403,0.000861004,-0.013993786,0.001208646,0.0014750315,0.0011708629,0.00053191587,0.0011898478,0.0013924405,0.00053191587,0.0029144282,-0.0011458318,0.0033174523,0.0033684543,0.0043341382,0.0046712705,0.001687465
2018-05-04,0.00338576,0.00059995305,0.00040166563,-0.00018428141,0.0011902702,9.202817e-05,0.0011675761,0.0010295118,0.0,-0.00047022323,0.0009379531,0.0040408126,-0.00047022323,0.00310826,0.0025434121,-0.00033315364,0.0027562084,0.0046913275,0.0031808126,-0.00030375473
2018-05-07,-0.003190615,0.0019963689,0.0005243553,0.00047121,0.00025364713,0.0034423582,0.001165349,0.0009044783,0.0023860936,0.00039838848,0.002625358,0.0029850318,0.00039838848,0.0018119338,0.0032162643,0.00037498074,0.002896914,0.0028267163,0.0036559342,0.0015093987
2018-05-08,-0.0050291363,-0.0013042165,0.00610766,0.0,-0.0014576107,0.0033567057,0.0038536822,0.0033194025,0.0004645718,0.00022131119,-9.2634895e-05,0.0023287325,0.00022131119,0.00015041129,0.003732322,-0.0013400941,-0.00032022764,0.0011385671,0.0022336233,0.00067700254
2018-05-09,0.0026173673,0.0024343352,0.0025740021,-0.0008804389,0.0031961864,0.0093288105,0.005532136,0.0008892071,0.00012263191,0.0026668,0.0016976282,0.00079418445,0.0026668,0.0013598762,0.001498914,0.0,-0.0013125059,0.0016508941,0.0,0.0015074227
2018-05-10,0.0026020906,0.0008642974,-0.0013257486,0.00076768716,-0.0010203616,0.005392106,0.0016734361,0.0004276875,0.0,0.0015568318,-0.006381467,0.0009743917,0.0015568318,-0.00041827207,0.0054321373,8.819886e-05,-0.009649211,-0.0007535368,0.00046770484,0.00045886758
2018-05-11,0.00263213,0.0017322856,9.533786e-05,-0.0015933209,0.004958385,0.004002109,0.0011277605,0.0028658025,-0.0013209663,0.0008342591,0.0010300424,-0.00015744392,0.0008342591,0.0037988124,0.0020461364,-0.002436605,0.002146587,0.0010213907,0.0020460668,0.0003686015
2018-05-14,0.005173873,0.0022138883,0.00064721727,0.00023420085,0.0047038556,0.003252365,0.004467955,0.0,0.0025555235,-0.0021543698,-0.0006031632,0.0038496896,-0.0021543698,0.0035438803,0.0015072033,-0.00016537955,0.00021428283,0.002017419,0.00042205674,0.0012569294
2018-05-15,0.0038263493,0.0018132847,-0.0003679486,-8.808497e-05,0.009822695,0.004900694,0.0021352782,0.0016470486,0.0006846809,0.00090859755,0.0020085082,0.007542418,0.00090859755,0.0014079233,0.0011228068,0.0,0.0015503701,0.0035144438,0.0028091732,0.0021278653
2018-05-16,0.0031340232,0.0016071314,0.001660025,0.001760592,0.0014482212,-0.0012862427,0.0009783809,-0.00049900135,0.0022007616,0.0046878606,0.0027018005,0.0018280034,0.0046878606,-0.011407826,0.0015569164,0.004998473,0.0025246078,0.0022825683,0.0019272201,0.0024986293
2018-05-17,0.0047586146,0.0011789406,-0.00086052046,0.00012257851,0.0074928557,0.0058710314,0.0054136077,0.00010802811,0.0025738357,0.004839182,0.000271854,0.0023065615,0.004839182,-0.0020380076,0.0007645151,0.00035738174,0.0,0.0027060434,0.0028814573,0.0018250714
2018-05-18,0.0061844913,0.0014877297,-0.0018022028,-0.00033153087,0.001539698,0.0021849324,0.0013163789,-6.080428e-06,0.0037112923,0.0015999788,-0.0010047716,0.0017236791,0.0015999788,0.0008707025,0.0006742189,-0.0005937021,0.0018410828,0.0010060515,0.001758567,0.0012577694
2018-05-21,0.0023239697,-0.00032308366,-0.0009161709,0.00032344845,0.0066123954,0.0021847882,0.0008771265,0.0025533156,0.0016491696,-0.0010026902,0.010133724,0.0017927426,-0.0010026902,0.001030769,0.001978597,-0.0019789708,0.0011540175,0.0028042437,0.0026681533,0.0012949437
2018-05-22,0.001609296,0.001127922,-0.0009847973,0.00144348,0.0015629603,0.0065457975,0.002186014,0.0016254054,0.0018501458,0.0008303827,0.008806639,0.0016684026,0.0008303827,0.0021305871,0.0005227535,0.0004720494,0.003877549,0.0022541652,-0.0017950891,0.0015556761
2018-05-23,0.001751816,0.00074341166,-0.0012176711,-0.00096066657,-0.0006652806,0.0005616273,0.0,0.00491336,0.00045839974,0.0019143447,0.002807761,-0.0026277828,0.0019143447,0.0040778136,0.0017289874,0.004349859,0.00157583,0.0014605838,-0.0017914469,-0.00044806083
2018-05-24,0.001979479,0.0010135028,-0.0065949345,0.0009152711,0.00075070624,0.004173967,-0.0014360277,0.0026991006,0.0011928092,0.0046262983,-0.0017958628,-0.00047321647,0.0046262983,0.00010975242,0.0017289957,0.00035167832,0.005894871,0.0015386343,0.0,0.00093921385
2018-05-25,-0.0009361086,-2.9351117e-05,-0.026604267,0.0011028275,0.0017361298,0.0010903885,0.002715743,0.0017727906,-0.00070643483,0.0008388093,-0.00273572,-0.00029790972,0.0008388093,0.008547132,0.00056702894,0.00031056808,0.003804458,0.0004031918,0.0020162205,0.0016113858
2018-05-28,0.00042993092,0.002136409,-0.0022768655,0.0022676804,0.0016703489,0.00218849,0.0056620603,0.0029144892,-0.0014619465,-0.0004938068,0.0,0.0013161574,-0.002039234,0.00011511228,0.0034144507,0.007417804,0.0,-0.001577064,-0.00010170538,0.007925369
2018-05-29,0.00059566705,0.0006785688,0.0005850311,0.001373236,0.0,0.0022343062,-0.00029593805,0.00046878154,0.009945045,0.0049360925,0.006229166,-0.00032134567,-0.0011854444,0.0020068001,0.002816185,0.01428624,0.004681891,-0.0010936925,0.0060597965,0.002029217
2018-05-30,0.0019675924,0.0054122005,-0.0012067866,0.0026017374,0.0015329574,0.0024532613,0.0032579342,-0.005409764,0.0063255494,0.0011276897,0.0011255761,-0.00066978065,-0.001054315,0.0,-0.05384351,0.00368142,0.0030054841,0.0022145952,0.0010838864,3.8150505e-05
2018-05-31,0.0025174709,0.0024520368,0.0028196757,0.0011112752,0.0037203114,0.00017175701,0.00067231787,0.008302821,0.0032532976,-3.0232328e-05,-0.0007967704,0.004733206,0.0037981034,0.00039918785,-0.003918075,-1.328913e-06,0.01310272,0.00469966,0.0018978413,-0.0006695428
2018-06-01,0.0047493516,-0.0006674211,-0.0077911015,0.0022028668,0.0013309192,0.0001529162,-0.00036232546,-0.0011907882,0.00090760866,0.0013600033,0.0,0.003876008,0.0020195171,0.0014067646,0.020539109,0.00034332837,0.0068644476,0.0010163273,0.00084413344,0.002454532
2018-06-04,0.0034636683,0.00081241573,-0.0034915681,0.00013400607,0.0045391605,-0.0012653497,-0.00085518346,0.0038658867,-0.0030475112,0.0005987593,-0.00016430068,0.004416939,0.0035327112,-5.910668e-05,0.0010835202,-0.005646692,0.004878924,0.00068240566,0.002385622,0.00046037658
2018-06-05,0.003720817,0.0010208044,-0.0014606518,0.0028536497,0.0018286263,0.0026626308,-0.0015321533,0.0037104161,0.0015395983,-0.000266041,0.00025164406,0.0018689764,0.0015158975,-0.00543285,0.0037208132,-0.00074717146,-0.00032940164,0.0036418329,0.0015978018,0.0008736731
2018-06-06,0.00022119036,0.00025175826,-0.0037584228,0.0017440768,0.0015167044,0.0038011945,0.0017758458,0.004032657,0.0029972526,0.001999569,0.0022004256,0.00084803527,0.0037561522,0.0013780498,0.0011612405,-0.00041611283,-0.00087935256,0.0034676935,0.0013692802,0.0014015082
2018-06-07,0.0011169979,0.0027565763,-0.0014718581,0.0019481853,0.0,-0.0012299957,-0.0018691553,0.0037015087,0.0043382663,0.00015183083,-0.0008152198,0.0008452502,-0.0009478899,0.00017301869,-2.8990693e-05,-0.0024718929,-0.00074366404,-6.3944295e-05,0.0016851763,-0.0028465602
2018-06-08,0.004187224,0.0038837397,0.0054107904,0.0025162427,-0.00061780785,0.0018540896,0.0027728844,0.0025858,0.0022465745,0.0,-0.015738694,0.002237392,0.00087838236,0.0001945409,-0.0017462998,-0.00043335473,0.0020266918,-2.867881e-05,-0.0019027529,0.00101681
2018-06-11,0.0013420152,0.00742065,-0.002798967,0.0008374262,0.0015175729,0.0025415574,0.004470396,0.010269086,0.0032771404,0.000112690665,-0.002794451,-0.00055835734,0.0019858545,0.0,0.005513149,0.0014527612,0.003413584,0.0010914876,0.0008749789,0.00035958693
2018-06-12,0.0031719687,0.005248229,-0.0039354716,0.0010191634,0.0008139007,0.0017270319,-0.00013447054,-0.0002861617,0.0009366667,0.00016168776,0.0020403706,-0.0010452586,0.004758728,0.0006299919,0.0018491506,0.0039031967,0.0022007297,0.002087308,0.00088245264,0.002243378
2018-06-13,0.0039952034,0.0028290085,0.00012002777,0.0011719556,0.0,0.0017184193,0.0014701134,0.0036940344,-0.0010395714,0.00064406486,-0.0020754007,0.0005270202,0.0030129366,0.00333442,0.0006283807,0.0017537446,-0.00028620675,-0.00067525066,0.000929148,0.0027176605
2018-06-14,0.0010708057,-0.003720835,0.0045332573,0.0034435587,0.0013353274,0.002064196,0.004772122,0.0019699917,-0.0012880549,-3.0640556e-05,0.0033097663,0.0002106499,0.0010126149,0.0030897008,-0.007842055,0.0021835668,0.0035358644,0.00072758825,0.0017437908,0.0028059077
2018-06-15,0.0023749056,-0.0021458461,0.010809037,0.0024735366,0.00092394755,0.00019081033,0.0015353467,-0.0022264663,-0.00046863226,-0.00045882593,0.0008190147,0.0025405197,-5.3082285e-06,0.0053061745,-0.008634034,0.0012299638,0.0020842096,0.0030725917,0.0002526639,0.0051621986
2018-06-18,0.002961365,-0.00088023127,0.004776878,0.0012680839,0.0020819064,0.0026961095,0.0036880807,0.0032863687,0.0032910148,0.0010262665,0.0019608883,0.003480318,0.0038349566,0.0035345198,-0.06202135,0.0028619024,-0.0017512991,0.005540305,0.00075273105,0.0057418663
2018-06-19,0.0008578069,-0.00222749,0.0012690705,0.00048613726,0.0,0.0006442266,-0.00028967462,0.0017798657,0.008114089,0.000922189,0.0020277058,0.00407638,0.002352418,-0.00036372145,0.0005765211,0.004411448,9.2665636e-05,5.036185e-05,-0.00096212374,0.004003791
2018-06-20,0.0019852363,7.5260534e-05,0.00064634497,0.00022151816,0.0028018325,0.0010830509,-0.000741296,0.008403114,0.004103458,-0.0018223479,0.00234392,0.0014020153,0.0025347595,0.0017610469,-0.0039481074,0.0017942248,0.0017552439,0.002966011,-0.0005899175,0.001554959
2018-06-21,0.0026005094,0.0038385512,0.0014850659,7.730009e-06,-0.0018429938,9.617749e-05,0.00037909247,0.0077976305,0.0,-0.0004169802,0.000490258,0.0036266842,0.0017147253,0.0039203884,-0.0011849211,0.0041551096,0.0010240786,-0.00015816157,0.0016706017,0.0035427012
2018-06-22,0.0044366093,0.005807621,0.0,9.182238e-05,0.0010214964,0.0024189113,0.0008332476,0.002177966,0.0016411756,0.00053004426,0.0019884834,0.00094612053,0.0007412198,0.002700088,-0.0046414183,0.009603676,-0.0009952646,0.001274552,0.0020129634,0.0032437372
2018-06-25,0.0034912052,-0.002546601,-0.0011954647,0.00043464766,4.944938e-05,-0.0024378109,0.0017755699,0.0021145355,0.0021966167,-0.0014326969,0.00010391822,0.00408249,0.0015595792,0.009043907,0.002453097,0.0035536129,0.004595105,-0.0002672661,0.0048249858,0.002566152
2018-06-26,0.002484286,0.0021565906,0.0015618162,0.0013745733,0.0016462257,0.000999622,0.0007997303,0.0022617746,0.0057155564,-0.00037810422,-0.00074727787,0.0028357597,0.0,0.0072600283,0.0026777657,0.0032662658,0.0032519372,-0.0053467685,0.0010204976,0.0016962222
2018-06-27,0.0018928378,-0.0010687051,0.00067686586,0.00091328454,-0.0022815666,0.00036396767,0.00049153535,-0.0002635523,0.00070700055,0.0001382811,-0.0015713177,0.00086154096,0.00080435904,0.00037102646,-0.0030045463,-0.0027707156,0.0029189936,0.0045291646,0.0018065795,0.0030206603
2018-06-28,0.0011239337,-0.0016957921,-0.0012576767,0.0010055357,0.0021176152,0.0034573919,0.0012170195,0.0016149716,0.00040031032,-0.00017006851,-0.0018988065,-0.00010677065,0.00037877183,0.0019946187,-0.0464355,0.0003334886,0.003220644,0.0014086269,0.0007118961,0.006167072
2018-06-29,-0.001021054,0.0035300155,0.00036252572,0.0026242672,0.0040274146,0.0025593773,-0.0057187243,-0.0002821411,-0.00022109182,0.0008408011,0.0004244616,0.002865217,0.0020570005,-0.0002957643,-0.00902549,0.0023445596,0.007112773,0.007074325,0.0018028654,0.001785412
2018-07-02,0.001177274,0.0012759903,0.0027390977,0.0015944372,0.004808891,0.0044986485,0.00043376724,0.0037596258,-0.0018136519,0.002295858,0.0049494794,-0.00043454528,0.00016335023,-0.0012210556,-0.0001467491,0.0055613546,0.0012165844,0.002855039,0.00040897293,0.00020927214
2018-07-03,0.002792021,0.00093490345,0.0013073824,0.0016877954,0.002427334,0.0,0.0039338497,0.0030952573,0.000925451,9.538469e-05,0.0014202594,-8.6515975e-05,0.0012738187,0.0011393582,-0.0007815859,0.0044810637,0.00053682266,0.0027192777,-3.1389394e-05,-0.0017247343
2018-07-04,-7.3897075e-07,0.001051762,-0.00159463,-2.8797816e-05,0.0,0.0025008363,-0.0007123142,0.0010627323,0.0008816742,0.00069343904,0.0024043182,-0.000108785265,0.0010318774,0.0012628293,-0.0062380456,0.002296588,0.0044530616,0.004980762,-0.0009190766,0.00029907384
2018-07-05,-0.0024093452,0.0019443876,0.00052869006,0.00061879394,0.0033221554,0.00046044518,0.0030702015,-0.0012986957,0.0014645909,0.0036625096,-0.0005281158,-0.0019404609,0.0,0.0022044594,0.0009674344,0.00015622095,0.0025200255,0.0010838503,0.00038917255,0.0012100274
2018-07-06,0.0026269113,0.00083298265,-0.0025689595,0.0011004143,0.0018162851,0.001366136,0.003937588,-0.0010060449,0.004243436,0.0,0.0012224488,0.0011563408,4.716823e-07,0.00042676195,-0.0010015509,0.0097514605,0.0016754338,0.0,0.0013637055,0.00037042782
2018-07-09,0.0029038372,0.0010398922,-0.0021679176,0.0013041532,0.0016022034,0.00085590134,0.0,0.0011788898,0.0025949522,-0.0014480702,0.0017465458,0.0016069026,0.00045734862,0.0024037024,-7.2595662e-06,0.004774919,0.00031486416,-0.003699288,0.00043827377,0.0010747587
2018-07-10,0.0016480405,0.0005220764,-0.0009926278,-0.0030276123,-0.00096656743,0.004257257,0.004446437,0.0,-0.0049940767,0.0,-0.0011839245,0.0020875419,0.0004106877,0.0037068746,-0.0012794173,0.010442772,-0.0026722066,-0.0020317684,0.0018562287,9.354976e-05
2018-07-11,0.0,0.0029728771,0.0008586759,-0.0010175785,0.0035318322,-0.0077666584,5.595132e-05,0.0,0.0033095782,0.0009958459,-0.00017105708,-0.0028593065,0.0042437604,0.0016419056,0.00080087787,0.0026119216,0.008487676,0.0025649278,0.0023004736,0.00030286438
2018-07-12,-0.00012052906,0.00084830413,-0.00020095796,0.00020517038,0.00031116875,-0.0017056976,-5.0674906e-05,0.0004971887,0.0034502104,-0.0011407824,-0.0032943706,-0.003706037,0.006772993,0.004388337,0.0010128119,0.004972695,0.0029659378,0.00090653985,0.0039455784,-0.00015894762
2018-07-13,0.00015503741,-0.0013447781,-0.0003289422,-0.00088076014,-0.00037910757,-0.0018292499,-0.00276696,0.0007435513,0.0014100813,0.0021701236,0.001730775,0.0010299105,0.0038121366,0.0016824076,0.0051640472,0.0007239418,0.0,0.0024959801,0.0025294642,0.001544678
2018-07-16,-0.0024316823,-0.0007792547,-0.0049392786,-0.0019108672,0.001164926,-0.0018707309,-0.0008035183,0.0026620766,0.0050925473,0.0,-0.0035862008,-0.00068025524,0.0010280521,0.0020722027,0.046366468,0.0007985449,-0.0025488543,-0.0010684313,0.0011604964,0.00073570444
2018-07-17,-0.0015819401,0.00053216633,0.0038854694,0.0010332635,0.0028616393,0.0017773055,0.002231483,0.0023926103,0.0063150837,0.0024039033,-0.0018594303,-0.0018503333,0.0048144665,0.00036814885,0.007866513,0.002116684,0.003766927,0.00047875277,0.0033058529,0.002750306
2018-07-18,0.0016798178,4.8131806e-05,0.0005176522,-0.0005960347,0.0011260681,-0.00134178,0.001353732,0.00046694122,0.0050118286,0.0036553724,-0.00054973626,0.0024083327,0.0051804087,0.008364798,0.0020889305,0.0006341342,0.0075673945,0.0029790108,0.0036515598,0.003637333
2018-07-19,-0.0023799588,0.0016971792,-0.0008287643,0.0032710843,0.003689157,-0.001312761,0.006512088,0.0038801502,0.0012726836,0.0015825895,-0.00048216517,-0.00036657613,0.0015874757,0.0014740702,-0.005000441,0.00076227484,0.0012705949,0.002545343,0.003933407,0.003280993
2018-07-20,0.003539759,0.0020101767,-0.00015267,0.0,0.0032149353,0.004283409,0.0018545135,0.0027857602,-0.0011897722,0.0014505591,0.004275978,0.0017320383,0.0012230177,0.00031382774,0.022770833,0.0034845495,0.0045614457,0.003346599,0.0018525649,-0.00042485024
2018-07-23,0.008389046,0.0034177192,0.00091108755,7.0684844e-05,0.00218798,0.007939897,0.0033506218,-0.0009816072,0.0040722676,0.001748317,-0.0013792393,0.00214595,0.0018004043,0.0033964566,0.046471324,0.00016810393,0.0013498615,0.0042148624,0.0007221634,0.0028601314
2018-07-24,0.0021011783,0.0045174737,0.0027552734,0.0025890525,0.0051990272,0.002930142,0.006253527,0.005234767,0.0010994355,0.005188748,0.001102802,0.0023800435,-0.0007943082,0.0045783813,0.047412,0.0,-0.00031263722,0.0028166927,0.0021432827,0.0026864444
2018-07-25,0.0013642323,0.0033888868,-0.00079706486,-9.644229e-05,0.0019669922,0.0010813838,0.003979453,0.0026002394,0.0022032883,-0.00043330638,0.0028848436,0.00026613803,-0.003354524,4.705368e-05,-0.0024687191,0.0024520743,0.0010312345,0.002142307,0.0019521798,0.00254705
2018-07-26,0.0016223753,0.0031783802,0.0017458064,-0.0019381454,-0.0010164427,0.0007972022,0.0018902374,0.005071822,0.00090709113,0.0,0.0052649616,-0.0033409141,0.00018866274,0.00041638574,-0.002510018,0.0021007117,0.0031037822,-0.0008716747,0.001847813,0.0023180589
2018-07-27,0.0031733785,0.0008015063,0.00938477,0.0004699012,0.0012720345,0.0018673169,0.0016102262,0.0013335968,0.0015512588,-0.00039091843,0.001786237,-0.0013967131,0.0,0.0057598287,0.00037706105,0.0027395464,0.0022847864,0.00041721674,-0.0011798618,0.0019842868
2018-07-30,0.0032748994,-0.0013296386,0.011678703,0.00020723227,0.0054455916,0.0021431604,-0.0007874351,0.000959736,0.0007137726,0.00036598073,0.005743136,-0.0015958102,-0.0020991354,0.005879267,0.003875687,0.0024869204,0.0017394554,0.0024407844,0.0005177611,0.0020152072
2018-07-31,0.0015679937,0.00049152976,0.006728049,0.0011526145,0.0051015145,-0.0004303916,0.003879182,0.0033023166,0.0022603397,0.0005862722,0.0033044463,0.0013656907,-0.0039047198,0.0005193251,-0.02460456,0.0044570523,0.0033300333,0.0,0.0034359721,0.002638373
2018-08-01,0.0016310073,0.0011837868,0.0018160443,0.0020136216,0.002804772,0.002829593,0.002206516,0.0014738182,0.0017558518,0.0028378174,0.00080012705,0.00052034925,0.005103295,0.004573852,0.0048468667,0.0,0.0021160473,0.0028602115,-0.0003283533,0.0
2018-08-02,0.003315192,0.001354182,-0.0072763036,0.0022007748,0.0001475174,0.0064307624,0.0027654541,-0.0024520222,0.00068255415,0.00079179043,-0.0013895029,-0.0016502024,0.0056067766,0.0,0.0038550938,0.002256717,0.0028109362,0.00394294,2.4939376e-05,0.00047320215
2018-08-03,0.0020676246,0.0007952208,0.0015834848,0.00031056418,0.0,0.002931657,0.00016424064,0.0058095376,-0.00078521675,0.002305227,-0.0011595876,0.0013049843,-0.0014057999,0.0016782284,0.008495479,0.0016150466,0.0016336606,0.0015548732,-0.0020703273,0.0006367337
2018-08-06,0.0016785128,0.0024370474,-0.0043549063,0.00057603227,0.0027496102,0.002251706,0.0005358902,0.007497563,0.0,0.0022551604,0.0031424628,0.0050378204,0.00110241,0.0020331154,-0.00018688703,0.00047821886,0.00033745993,0.0032655292,0.0011031072,-0.00094554166
2018-08-07,0.0025624067,-0.0022757682,0.003796327,0.0013113576,0.0034738458,0.0012235107,0.0056676413,-0.00039352523,0.0048640906,0.004019508,0.0020554424,0.0065960186,0.00474504,0.002292923,-0.0024439024,0.0013447196,0.0025933392,0.0014117273,0.0001614681,0.0017777748
2018-08-08,0.0053569614,0.0048085717,-2.6646962e-06,0.00257964,0.0036533556,0.0,0.0009534521,0.0032265594,0.0009952238,0.0016406223,0.0016620322,-0.0013113035,0.0023808617,0.0038561348,0.002808145,-0.00071934535,0.0003878114,-0.0017455851,-0.0010100964,0.0018669578
2018-08-09,0.0036093441,0.0019643265,0.0056513543,0.0017166208,0.00529739,-0.0006034359,0.00071446196,0.0012007277,-0.001988991,0.0032746063,0.0015802869,-0.0024510582,-0.00029792404,0.0016046972,0.003984092,0.0007006724,0.0012259246,0.0010964585,0.0006885307,0.0010810043
2018-08-10,0.00351012,0.004183676,0.00018413816,0.002740919,0.0058075837,0.0017800435,0.0043209027,0.00047993776,-0.0026008515,0.00048143463,-0.00035229223,-0.0015694005,-0.0010061663,-0.0034050345,0.04728794,-0.00064693874,0.0019086024,0.005443537,0.00022119976,0.00078171224
2018-08-13,0.0010951556,-0.0010019216,0.0042727063,0.00218413,0.0042065526,0.0012031619,0.0033040324,0.0038683908,0.003801423,-0.00017993001,-0.002115492,-0.0017996909,0.0014228605,0.006703313,-0.009746944,0.0021776767,0.0020171541,-0.0024101406,0.0031300331,0.0017382774
2018-08-14,0.0021436124,0.0024055971,0.0015946692,0.0029254707,0.004323885,0.0020526117,0.003412974,0.002683104,0.0037165412,0.0015936905,-0.0020351273,0.00033790673,8.1732986e-05,0.00069434114,0.030541955,0.0018156901,0.0005425219,-0.001939269,0.0029463167,0.00075347046
2018-08-15,0.0014568096,0.0025807826,0.0026855937,0.0020504515,0.005117544,0.005210232,0.000358611,0.0009929985,0.0073277163,0.004183796,0.0,-0.0014646847,0.0014134335,-0.00042116037,-0.006526895,0.0010953681,0.0033445067,0.0036283124,0.0034606003,0.0018222755
2018-08-16,0.0,0.0019427491,0.0019952226,0.00088476745,0.0037133386,0.0026066017,0.0035351238,0.0009546638,0.00070721784,0.00058594136,0.0008399563,0.003807054,0.0010110182,0.0025947462,-0.00047307077,0.002489094,0.0028060519,0.0005789066,0.0021858732,0.002529811
2018-08-17,0.0,0.00337911,-0.00056308904,0.0012278403,0.009782911,0.0035828415,0.0,0.0011846195,0.0030013337,-0.0015541568,0.002204011,0.00153808,0.0012431649,0.0014291962,-0.048081927,-0.0024472116,0.002924788,0.0034187385,0.0017131219,0.0015370923
2018-08-20,0.0024401527,0.00065366336,0.0038021924,0.0022030317,0.0040049516,0.0066905566,0.0029343225,-0.0025253524,0.005789632,0.00028352308,0.0032451742,0.0025525803,-3.132747e-06,0.0054060635,0.00163834,0.0010979733,0.00430799,0.0052672816,0.0026246656,0.0
2018-08-21,0.0008793393,0.00050354213,0.0046226652,0.00081736594,0.0017167999,0.0067660664,-2.352321e-05,-0.0020558166,0.0042005666,0.0026691763,0.0013557535,0.0025620996,0.0011404514,0.0036564856,-0.0171945,0.0015336194,0.0027522957,0.0011772065,0.00418076,-0.00070165034
2018-08-22,-0.0012664908,-0.0013132989,0.0036383378,0.0,0.0020459194,0.0008402666,-0.0015801609,0.0026359486,0.0063598924,0.004829545,0.0033666794,0.0015784765,0.0032786797,0.001324567,0.040799107,0.0,0.0022183561,0.0028135541,0.0018809044,-0.00085930823
2018-08-23,0.00036535558,-0.0015047593,0.0049800384,0.0006653041,0.0021443055,0.0025107833,-0.00167115,0.0017681653,0.0022840635,7.742218e-05,0.0024003256,0.0026814889,0.00015775303,0.0018500319,0.0051775575,0.0014915473,0.00086799863,0.002594027,0.0017213067,0.001676689
2018-08-24,0.008412345,-0.00040109703,0.0017982803,0.0006273114,0.0038181292,0.010698189,0.00369651,0.0030058632,-0.00047692598,-0.0028149807,0.0049154013,-0.0046227863,0.006091249,0.0048670657,0.0011645164,0.0015333978,0.0030185222,0.010507196,1.2470042e-05,0.004454912
2018-08-27,0.0016002022,0.0,0.00084748684,0.001610474,0.0007064648,-0.00029033955,0.007377971,0.0,0.00090737833,0.0,0.0023511045,0.0017505608,0.002967954,0.00868444,0.0005099961,0.002684991,0.0027812584,-0.007954872,-0.0014925925,0.008200619
2018-08-28,0.0009784547,-0.00240227,0.008103778,0.00039104666,0.0006868051,0.001276319,0.0054963706,0.0011439706,0.0025971972,0.0043471833,0.0,0.004572492,0.001242575,0.0033340538,0.0025134168,0.005943863,0.0028359357,-0.0033573823,0.0014729643,0.004835623
2018-08-29,-0.0019014063,0.0038514128,0.0,0.00079146784,0.0036647208,0.011533522,0.0014118712,0.0038712618,0.0011479129,0.0052248575,0.0012734431,0.0013897372,0.0023435352,0.0049809176,0.003900661,0.003249834,0.0008601042,0.0040319534,-0.0005287661,0.0052359006
2018-08-30,0.0012121641,0.003296059,-0.0023106402,0.0021568777,0.0012645457,0.008543513,-0.0010187328,0.00013342476,0.0,0.0049206074,0.0031243765,0.0003107022,0.00076711806,0.004102843,0.0026073763,0.002780824,0.0008126299,0.003716365,0.0022513026,0.0013702271
2018-08-31,0.0007395934,0.0013819744,0.00021453065,-0.0005633376,-0.0020379282,0.01496241,-0.00029146837,0.0035323205,0.0010104403,0.0022964664,-0.0022066464,0.0033616575,0.005688322,0.0052047675,0.00095246197,0.002572045,0.00097364734,0.0009702895,9.96275e-05,-0.0002999503
2018-09-03,-0.002554475,0.0068963333,0.0049202465,0.0010767179,0.00074191595,-6.823748e-05,0.003934622,0.0007003649,0.0014364031,0.0,0.001817354,0.0027212084,0.007213291,0.00043598295,0.0012594684,0.0032118456,-0.0017457815,0.0005254066,0.0015193067,0.0026471035
2018-09-04,0.00061460974,0.002492477,0.001256544,0.00033819367,-0.0009455063,0.04719848,0.0014839226,0.0011746666,-7.294699e-05,0.005340337,0.006611065,0.00060219644,-0.010591384,0.0035879954,0.0030151014,0.0020790254,0.0011631697,0.0054449,0.0028278916,-0.0003646166
2018-09-05,0.0,0.003090941,0.0005143278,0.0045603276,0.00085862173,0.0013502947,0.00198913,-0.00047842565,0.00049577653,0.0024300436,0.004373171,-0.0030458719,-0.0016250978,2.7656677e-05,0.0016296392,-0.0008607198,0.0016248471,0.0058931154,-0.0010456047,0.0
2018-09-06,0.0026730406,0.0011359524,0.0016162182,0.00087829534,0.00081516564,-0.0010724276,0.0025139565,0.0038515525,0.0009595924,0.0027663726,0.0047997953,0.003372641,0.0018208831,0.0019717908,0.0008032865,0.000636907,0.0026666615,0.00273968,-0.0009841799,0.0011367194
2018-09-07,0.0047896663,-0.0002450316,-0.0010857052,0.003657598,-0.0030881385,0.004124044,0.0034542207,-0.0018536099,0.0,0.0020176922,0.0029297487,0.0032621967,0.0,-0.002570864,0.00022157989,0.003551903,0.0036556416,0.0,-0.00017469999,0.0038869248
2018-09-10,0.01322453,0.0,-0.05666685,0.0037692545,-0.0007961583,0.0003669153,0.002137733,0.0006764747,-0.0014471452,0.0005648207,-0.00033208396,0.003631767,0.0063226013,-0.0039135637,0.0,0.0065851784,0.0005082484,0.0038521865,-0.0015255848,0.001241134
2018-09-11,0.0015277024,0.00043285094,0.0,0.0035691645,-0.0059965407,0.0020793164,0.002745271,-0.00067665655,-0.0013146208,0.0021933597,-0.00070822914,0.0011596666,0.002725291,0.004860138,0.0,-0.002071046,0.0012110778,0.0022476201,-0.0010307765,-0.00048208146
2018-09-12,0.0019137072,0.0,0.0011290926,0.0017073265,0.0018654129,-0.0033402632,0.0020468594,0.0031959352,0.003185048,0.005804846,-0.0033760676,0.0016593385,0.0047207554,0.003801495,0.0,0.0,0.0019996164,0.00014011818,0.0008459477,0.00015307874
2018-09-13,-0.00028218378,0.0025078082,-0.0015528904,-0.0034266738,0.0009150862,0.0072186715,0.0003867051,-0.00029091505,0.00050061045,0.0075280736,-0.00023327711,0.00042610406,0.0027945854,0.0018543566,0.001125778,0.0030083691,0.0064297584,0.004224858,0.0019989067,0.00042315238
2018-09-14,-0.00047273547,0.0021857093,0.015548393,-0.00056548463,0.009958443,-0.0037299437,-0.00030702256,-0.0001429516,0.0026464497,-0.00071343716,0.00094882684,0.00028150482,0.000577364,0.014005357,0.00049673143,0.0029243266,0.0019976008,0.0005998869,0.00089534576,0.00072293915
2018-09-17,0.0010885984,0.0021064947,0.0074158083,-0.00542589,0.0037533669,0.001664813,0.0016308211,0.0025452254,-0.0033249685,-0.0005244896,0.005068526,-0.00059709937,-0.0013557199,0.0057707797,0.004910506,0.0012714125,-0.0006414342,-0.0013357633,0.00046558853,-0.0011029034
2018-09-18,0.001540084,0.0023226435,0.0072524296,-0.007673428,0.003884603,0.0015845975,0.002509421,0.0060601677,0.0,-0.0016152454,0.0007213097,0.0020466372,-0.0029835536,0.0008342174,0.0002871166,-0.00049083366,-0.0007769132,-0.00045088687,0.00047865236,0.00017487377
2018-09-19,0.001557213,0.0059445403,0.002027321,0.002517496,0.0030757296,0.013207627,0.0026251841,0.003328858,0.0006453548,-0.00081913435,0.007135405,0.0016758563,-0.0008933046,0.0015304903,0.0017736279,-0.0019506656,0.0019293256,0.0023173497,0.0016245586,0.00030676243
2018-09-20,0.0037977598,0.003919972,8.416486e-05,-0.0016089954,0.003590459,0.0017540349,0.0020401792,0.0021271126,0.00025230637,0.0022678575,0.0016398131,0.0014521289,0.002399478,-0.001189843,0.0029062899,0.000545359,0.0,-0.00032470128,0.001986779,0.0035835947
2018-09-21,0.0033961057,0.0018608833,-0.0028521176,0.0039314404,0.0043981755,0.00058454415,0.0024877067,0.0,0.00070412597,0.0,0.0060790475,0.0003978364,0.0040250793,0.004886466,0.0036828863,0.0007439925,-0.0009944926,-0.0020499448,-0.001745189,0.0045134216
2018-09-24,0.001058459,0.0016354294,0.0057299826,0.00014640072,0.00080866885,-0.00056010875,0.0020291877,-9.644737e-05,-0.0008410936,-0.0006337289,0.0045874557,0.003146548,0.0033609958,0.0038371496,-0.0014870341,0.0018632096,0.003303164,-0.0016531948,-0.0037586514,0.0054667937
2018-09-25,0.00039723067,0.0038838284,0.008793277,-0.00016181788,0.0010113142,0.006533076,0.0041354946,0.0027132467,0.0032244183,0.0072483756,0.0031998209,0.0010954535,0.003865199,0.00022190071,0.0014743295,0.0022327744,0.002755766,-0.0008942664,0.0017315511,0.0032190261
2018-09-26,0.0011365892,0.0033240751,0.0016288047,0.007742145,0.005427012,0.008569239,0.0014844026,0.0035112102,5.475187e-05,0.0065754903,0.0,0.00085109094,0.0112176435,0.0017324877,-0.0002648419,-0.0009660953,0.0010462536,9.5977244e-05,0.001811581,0.0008482169
2018-09-27,0.0011028397,0.00084874354,0.0011679733,0.0059097526,0.0004093284,0.008837732,0.0,0.0002954516,0.0006377409,0.0016080309,0.0015197996,0.001489135,0.005923887,0.0020950988,-0.0008406314,0.00082336145,0.0012599131,0.008613144,0.0025979853,0.0033521825
2018-09-28,-0.002798275,-0.00019953176,0.00018111028,0.0013915928,0.0014753023,0.009724679,0.0024460997,0.0043309187,-0.000711998,0.0022376918,0.0010344948,0.0012106467,-0.0018658199,0.0016154819,0.004386931,0.0005518762,0.0009636355,0.005106279,0.001060456,0.001471296
2018-10-01,-0.0010072677,0.0005910813,-0.0027809597,0.011692645,0.0007424324,-0.0027644087,0.0009290544,0.0017158993,-0.0021134978,0.0029602796,0.0036710387,-0.00077972445,-0.0025067537,0.0005633258,0.0038059016,0.0010360496,0.0010093027,-0.00035608528,0.0022023376,0.00093705754
2018-10-02,-5.439275e-05,0.0005544391,0.0008411394,0.0001394563,0.008626727,-0.00021801898,0.0,0.0033743596,0.0012221772,0.0027061764,0.0026458595,0.001583937,-0.005146526,0.0009229491,0.0013769094,0.00058472983,0.00049676665,0.0012492996,0.0015553486,-0.0011622178
2018-10-03,0.0010880762,-0.0004351637,0.004044236,-0.001069559,0.005167652,0.0038528484,0.0009978432,0.0029481873,-0.0014781086,0.0019896613,0.0017886523,0.0024580045,-0.0013955366,0.0015408983,-0.0004221628,0.0012578361,0.0011083131,0.002892063,0.0008471513,0.0
2018-10-04,0.0040940843,-0.00062661135,9.925726e-05,-0.0011182547,0.0068084477,0.0011557265,0.0023274631,0.0033159545,0.001715423,-0.0010153825,0.00030570367,0.0015765493,0.0008085027,0.003399234,-1.5709087e-06,0.0019805788,0.00088558975,0.0024999173,0.00056995795,-0.005064257
2018-10-05,0.0033462378,0.0055134264,0.0017626489,0.0016763994,0.003625379,0.0073980577,0.002462236,-8.7735134e-05,0.001413266,-0.00010601865,0.0018954824,0.0017794892,0.0040427716,0.0037318508,-0.0022431961,0.0024596704,0.0,0.001190642,0.0027570887,-0.0024667042
2018-10-08,0.0021056237,0.003535757,0.0011063037,0.0025651527,0.0004772276,0.00043577098,0.0011940028,0.0026022587,0.0043442654,-0.0022131726,5.549955e-05,0.002173553,0.0009513814,-0.0011192122,-0.001352608,0.0010835384,0.0017337804,-0.00045486493,0.0022193044,-0.00030575955
2018-10-09,0.0,0.0026318156,0.0051830537,0.0016235855,0.0031620187,0.008111686,4.8151487e-05,0.0038932832,0.0024037948,0.018006751,0.0005364861,0.00016423881,-0.0017009551,0.0034925751,-0.0004357971,0.0023082714,0.0036576267,0.006331994,-0.00060161465,0.0008056938
2018-10-10,8.475681e-05,0.004204169,0.0032188206,0.0026310342,-0.00064576237,0.0004116728,-0.0048460835,0.003995543,0.00036636632,0.0,0.00017701054,0.0022113652,-0.0009889767,0.0027861178,0.0,0.0010300988,0.0016761892,0.00048195792,0.0047884574,0.0008760761
2018-10-11,-0.0004641524,0.0020705082,0.0007517491,0.0041487333,0.0060626715,0.00508449,-0.005739003,0.0038009058,0.0007833366,-0.0016139722,0.0031139622,0.004603267,-0.00016670475,0.0006594631,-0.002035702,0.00015306417,0.0046462566,-0.00069155666,0.0021989185,0.0011102088
2018-10-12,0.00095156935,0.0012074823,0.0013080009,0.0099802,0.0011256544,0.00089792686,0.0028794045,0.0011691421,0.0026120758,-0.0039828434,0.0010218094,0.0015335284,-0.0002974054,0.0007016916,-0.00094981695,0.001801501,0.003550509,0.0006323988,0.0028658418,0.0042973864
2018-10-15,0.0024581898,0.00081107544,0.005165237,0.0015443737,0.0007742105,0.0032282548,0.00016118633,0.00074311526,0.0018388819,-0.0028943443,0.0,0.001619127,0.0030331418,0.0037759892,0.003250069,-0.00314082,0.0026252721,-0.0010383116,0.0013276675,0.0061674444
2018-10-16,0.004187848,-0.0017357919,0.0018298359,0.00021320202,0.0023743806,0.0035717613,0.0045409817,0.00012034638,0.0005233776,-0.002043063,0.0029161845,0.0030839138,0.0026120248,0.00434618,0.0025204213,0.0003776492,0.0,-0.0018274998,-0.0004983416,0.0026416318
2018-10-17,0.0033977963,-0.0027903153,0.0007584909,-0.0013227467,0.0015971343,0.0016552595,0.005224983,-0.00030581292,-0.0013389561,0.0012911486,0.0033681807,0.0025731626,-0.00061326666,0.000955052,0.0022670152,-4.2223393e-05,0.00402829,0.003288087,-0.00096247427,-0.0012155888
2018-10-18,0.0041949064,0.00031844655,0.0049259798,0.0,0.0012115382,0.0010166112,0.0039251177,-1.4292445e-05,0.00038768188,0.0013634982,0.002416486,-0.00015345769,0.0023129187,0.00037789447,0.0018220182,0.0015525625,0.0005338293,0.0009408913,0.00058129866,0.0019628983
2018-10-19,0.006800049,-0.001895154,-0.0014346527,-0.0014037164,0.0008346437,0.0024165837,0.0025686775,0.0015331437,0.000527249,0.022906112,-0.00013656497,0.0013624249,0.00414235,0.0005318349,0.003993948,0.00076421537,-0.000690648,0.0019340304,0.0,0.0015123943
2018-10-22,0.0043385415,-0.0022971933,-0.0011918541,-0.0011164757,1.1212395e-05,-0.0036910642,0.002030455,0.0023598415,0.0,0.010047261,-0.0011003932,-0.00026302115,0.00018340387,0.00051315455,0.0037520886,0.002400779,0.0032252367,0.0051542833,0.0018262899,0.0021110661
2018-10-23,0.0039997655,0.0027562922,-0.002669907,0.00014039301,0.001899969,0.002024534,0.0,0.0014007193,-0.0004476069,0.0019834382,0.0048468225,-0.0013505501,0.0007884881,0.0011832967,0.002171065,0.0034153878,0.0046182773,0.0012132515,-0.0009161847,0.005285602
2018-10-24,0.007454277,0.0014622194,-0.0023470027,-6.264587e-07,0.0032865175,0.003914826,0.00022235436,0.0024596136,0.0015017453,0.008665811,0.0037977179,0.0006221503,0.0007474512,0.0004002365,0.00012556081,0.00038778945,0.0044472846,0.0011950731,0.0018480774,0.0014362149
2018-10-25,0.0038782533,0.0043835803,-0.007117043,0.0064341724,0.0030954508,-0.00011611166,-0.00073571585,0.0022050156,0.0,0.0011940268,0.00536429,0.002665509,-0.0036520162,0.00027534956,0.0003999895,0.003878994,0.0029182297,0.002138602,-0.0020395059,0.0015946346
2018-10-26,0.0046470403,0.014754771,-0.0011928271,-0.00050798844,0.0010412766,0.00015259096,0.00037764345,0.0013306218,0.0011120316,0.0007296388,0.0011366748,0.00018492862,-0.0035210012,-0.000245568,0.003291701,0.0049943966,0.0032687373,0.0,-0.0007063968,0.0010694964
2018-10-29,0.0054019536,0.010296459,0.0022968787,-0.0066109584,0.0011236303,0.001575679,0.00075264525,0.00042591873,0.0022971549,0.006159062,0.004533307,0.001783486,0.0003963396,0.0036598698,0.0006246441,0.0021475398,0.0019505493,0.0037109933,0.0020569274,0.0032239673
2018-10-30,0.0012200644,0.0015657811,0.0007508035,0.000832212,0.0025885412,0.0015267398,0.0013521428,0.0024315298,0.0008069766,0.0025385157,0.0019054302,0.0019777536,0.00089593994,0.0035981468,0.0036535785,0.0007360988,0.0013908035,0.0018575495,0.0,0.0029403097
2018-10-31,0.0008468542,0.0010022187,0.0043575754,0.00030912147,0.0041280803,0.0060517807,0.0014382951,0.002788926,0.0006852776,0.0037730474,0.0003509223,-0.00082738086,-0.0018064496,-0.0010304748,0.0013707075,-0.0007303214,0.001879084,-0.0002176115,0.0,0.0017971743
2018-11-01,-0.0007117465,0.0009276476,0.00022828828,0.003317825,0.0001490462,0.0023783732,0.00034243186,0.0014223095,-0.004653703,0.0031818883,0.0029405535,0.0027947412,-2.3334442e-05,0.001850715,0.0,0.00030073384,0.0026303905,0.00038336794,-0.000923156,0.0032680824
2018-11-02,-0.0046243765,-0.0012550375,-0.0034331998,0.00205991,0.0024916865,0.0054254993,-0.0013675505,-0.00021880573,-0.0042630606,0.002341467,0.0054100268,0.0038686285,0.0020097855,0.0011646361,-0.0005587865,-0.0012774024,0.001285343,0.004406358,-0.0016242726,0.00052339525
2018-11-05,0.0010306849,-0.00428456,0.00061995216,0.004520713,0.001675727,0.0047245664,0.000389346,0.0011749972,0.001631715,0.0024047457,0.0034604974,0.0028313918,-0.0014679128,0.001023621,-0.00040457546,0.0,0.00049275404,0.0024440286,-0.0023294366,-0.0030124448
2018-11-06,0.0019763568,0.0010980418,-0.0018529627,0.0010599783,0.0014612044,0.0005007159,0.0021981022,0.00014329246,0.00074570894,0.0035877954,0.0020558103,0.0051666712,0.0022051928,-0.0030599725,-0.0015877235,0.0024410607,-0.0018356934,0.000117039206,-0.0011949496,0.0011701246
2018-11-07,0.000989811,0.0026289043,0.008163927,0.00025830473,0.0011402683,0.00977613,5.1587715e-05,0.0009827031,0.00022473733,0.0031485765,0.0026128374,0.0006116373,0.004519844,-0.0027203178,-0.0024364835,-0.005470923,0.00075092836,0.0016864494,0.0035966723,0.0006407873
2018-11-08,0.0025108918,0.0037064464,0.0023567488,-0.0027012783,0.0049288585,0.0029302526,0.0012644106,0.00079936016,0.00091089803,-0.003816752,0.0024229249,0.0012886024,0.002413643,0.0010836803,0.0037364482,-0.0036431148,-0.0011882306,0.006165972,0.003322924,0.0023271823
2018-11-09,0.0025304912,0.0051274416,-0.0015138657,0.0029600756,0.0077567296,0.002496929,5.8532543e-05,-0.0017586965,0.0013069598,-0.00087020296,0.0016288452,0.0022033383,-0.0014557544,0.0037818006,0.004430008,0.0023870347,0.0019953724,0.0052305497,0.0038352262,0.004918211
2018-11-12,0.0,0.0016675583,-0.00018694012,-0.0018007549,0.004484935,0.0054633706,0.0026291963,0.00237051,-0.004832348,0.004899704,0.0026256314,0.0016800048,0.0001953374,0.0031636145,0.0006284168,0.003135723,-0.00094259484,0.00088201894,0.0039702808,0.0028205882
2018-11-13,0.0065183085,0.0014919121,0.0006498088,0.003364753,0.0042443234,-0.00043176938,0.00064978027,0.0021931701,0.00091982516,0.003295248,-0.0008236911,0.0,0.0013912135,0.0019951789,0.0014700216,0.0035382502,0.0016729708,-0.0015140359,0.0024465923,0.004425405
2018-11-14,0.00358748,0.002204326,0.002596276,0.0019216408,0.002023646,-0.0033841613,0.0035907584,0.0021128235,-0.0013307679,0.0072431387,0.0017762615,0.0017492042,0.0010355302,0.0017707703,0.00023161087,0.001282656,0.0007317106,-0.00023129299,0.0011635509,0.004942001
2018-11-15,0.0018330464,0.0025899094,-0.0006268859,0.00010393482,0.0023941724,-0.0018865298,0.0046424987,-0.00017330558,0.00012972993,0.002960158,0.0031620949,0.003997027,0.0012858097,0.0,0.0011250663,-0.0012430361,0.003316901,-0.00062754634,-5.7260953e-05,0.001930338
2018-11-16,2.1621615e-06,-0.000778988,-0.00094488944,0.00552102,-0.00043060808,0.0011284467,0.0011122259,-0.0020760568,0.01423917,0.008036334,0.0030964776,0.0012281897,0.0015081279,-0.00049333926,0.0013904063,0.000610049,0.0016542677,0.00036215305,-5.2512627e-05,0.0032571629
2018-11-19,0.003195193,-0.00052538404,0.0001269744,0.004356969,0.0013673462,0.0005403671,0.00078447757,-0.0002792469,0.00010043038,0.001670869,2.2000984e-05,0.0029994154,-0.0035312495,0.0007813376,0.0023172158,2.5830832e-05,0.0014012234,-0.0018141369,-0.0007601308,0.003979401
2018-11-20,0.00038598516,0.0038224866,-0.0018418833,5.8284935e-05,0.00054974697,0.0008340835,-0.00016108327,0.0031457376,0.004671931,-0.0011812442,-0.0010979169,0.0024108107,0.0015352092,0.00034612097,0.0032229004,0.0018669657,0.0,0.002941085,-0.0016691434,0.0011138353
2018-11-21,-0.00043640047,-0.001950491,0.006610689,0.0009207204,0.00091741246,0.00095216505,0.0022004382,0.0006557106,0.001259523,0.0025179598,0.0,0.0009746474,0.000593321,0.00047558206,0.003615208,0.0009704669,-0.0024521311,0.0044839783,0.0,0.004476352
2018-11-22,-0.0012794173,0.0070922044,0.0005274774,0.0045627467,0.00072873535,-0.0014438948,-0.0034626853,-0.00038274078,0.0017321619,0.0002524041,0.0023565178,0.0045803073,-0.0073222574,-0.0020809148,-7.194338e-05,-0.0026607274,0.0016563187,0.00049896556,-0.0042146537,0.0008226204
2018-11-23,0.0004593365,0.005794838,0.0023667952,-0.00084229896,0.003009791,0.00021497489,-0.0012574015,0.0,-0.0019580186,0.0006757409,-0.0011534193,0.0006164268,0.0008131646,-0.007885995,-5.586707e-05,-0.0013222982,0.0020449772,3.5486028e-05,-0.003697426,0.008851343
2018-11-26,0.0032408033,0.0026377912,0.0022101637,0.0,0.0012817411,0.0020540333,-8.155401e-05,-0.0047324197,3.1362193e-05,-0.0002606384,0.0034467233,7.76166e-06,0.0022542635,0.0017531686,-4.651499e-05,0.0017382232,0.002025466,0.00074310333,0.0019086696,0.0041921027
2018-11-27,-0.00059137173,-0.0047010346,0.0060008285,-0.00032889834,0.0,0.0013313398,-0.0010548792,0.0017530519,0.0018114077,0.003593151,0.00064996985,-0.0011006922,0.004963159,-0.0013277398,0.0018245621,0.0017076076,0.0011784171,-0.0014431957,0.001330721,0.0039443173
2018-11-28,-0.00039200878,0.0066420366,0.00025304608,-0.001972834,-0.00050831836,6.496955e-05,0.00092875067,0.0024721476,0.0,0.004519125,0.002630825,0.0016212105,0.0012527104,-0.0013894229,0.0035800338,0.0003212472,0.00306853,0.0011459086,-0.0022202174,0.006330036
2018-11-29,0.0026060955,0.0040503466,0.0014505585,-0.0049766516,0.005441709,0.00074132165,-0.00070200046,0.0038304068,0.004824835,0.0060287914,0.0021321587,0.0006051152,0.00042326775,-0.0026599616,0.0013126077,0.0010180516,0.0025100694,0.000759153,0.0028290863,0.008763046
2018-11-30,0.00035301255,0.0065834518,0.0016765506,0.00013954141,0.0008210161,0.001986299,0.00038025394,0.009346256,0.0023431603,0.010121433,0.0011699556,0.0045560473,-0.00062796706,-0.013581063,0.0021247873,0.0008232758,0.00144136,0.0011991429,0.0044393907,0.0002058932
2018-12-03,-0.00018107277,0.0027737783,0.003345895,8.451683e-05,0.0071568964,0.0019175934,0.0030993733,0.0077206152,0.0012698064,0.039395794,0.0069576916,0.005356987,0.00010659401,-0.0055755493,0.0026117628,0.002824896,0.00016038035,0.0025596844,0.0022585844,-0.005184113
2018-12-04,-0.0015428442,-0.0020594907,0.0006797065,0.0012213206,0.0035965294,0.00090369856,0.0029138976,0.0061536347,0.004783398,0.0023473047,0.004567674,0.006533149,-0.0027703412,-0.0048881867,0.0,-0.00050479325,0.0008476996,0.0002447985,0.0034367314,-0.0004473145
2018-12-05,0.0014198353,0.009837836,0.0010303463,0.0016400492,0.0009276026,0.00033439137,0.0015950187,0.008906994,0.006547839,0.0037500332,0.0035245847,0.004366338,0.000703757,0.00081583293,-2.2304906e-05,0.0027791564,0.002274845,0.0001928358,0.001867638,0.0057787322
2018-12-06,0.00076325174,0.0023749026,-0.00068213075,0.003899134,-0.0027672916,0.0012060464,0.0024978863,0.00038431317,0.00079327956,0.002304176,0.00039427128,0.0073081935,0.0015711577,0.009997205,0.003195985,0.003789445,0.00086413516,0.001372477,0.00077657547,0.00437145
2018-12-07,0.0015954047,0.0016847181,0.0,0.0031949333,-0.0012129406,-0.00020095015,0.0,0.00039997147,0.005735655,0.00010873416,-0.00015892179,0.0053893584,0.00064718415,0.0007402343,0.0033252952,0.0019968676,0.0010852092,-0.0017858088,0.0051006004,0.0034449822
2018-12-10,0.0,0.0,0.0025044584,0.009392789,0.0027532328,-0.0027618746,0.00013824951,0.0,0.0020660555,0.0,0.0009134794,-0.0010981447,0.0025605771,0.0038056527,0.0009868839,0.0,0.0023609486,0.00013446494,0.003280092,-0.002388001
2018-12-11,-0.0008082797,0.0008205101,0.0048345653,0.0050832997,0.0023028862,-0.0017384406,0.004915928,0.0018302175,0.00056052185,0.003925684,0.00031537973,0.0011346736,0.00023921103,0.003437673,0.0,0.00021859743,0.0030290526,-0.0011620161,0.0017131304,0.0009576059
2018-12-12,0.0011384928,0.0011369166,0.001623624,0.0,0.0036736303,-0.0011972704,-0.00053264195,0.003635549,0.00036233736,0.002146686,0.000994954,0.0016686186,-0.0010934011,0.0036013185,0.0011676953,0.0020174452,0.0022966438,0.0,0.0015067483,0.0015085556
2018-12-13,0.003101332,-0.0074746385,0.0045862724,0.0010301508,0.0039933827,-0.0016238432,-0.0054675406,0.0032726298,0.0024232473,0.008251462,0.0018378422,-0.0011051286,0.0015387054,0.0,0.00049464474,0.0024470836,0.0005870812,0.0006777843,0.0011345242,0.002090076
2018-12-14,0.00081663975,0.004168201,0.0010209988,-8.416747e-05,-0.0010614741,0.0010524032,-0.0032375988,0.0017692406,0.002327291,0.002355968,0.0014277407,0.00094532577,0.003654263,0.0021956204,0.002515861,0.001016935,0.004771717,-0.0010506908,-0.0002981422,-0.00017175797
2018-12-17,0.0016914083,0.0066395514,0.0022107535,0.0012204626,-0.0052344864,0.00023674294,0.0006145083,0.0008317125,-0.0031670236,-0.0010126185,0.0010678482,0.0016393359,0.0041923155,-0.0014496464,0.002293952,-0.006109544,0.0030259497,0.0017768982,0.005698106,-2.4133027e-05
2018-12-18,-0.00032500652,0.016397217,0.0009801587,0.0031349494,-0.001382968,-0.00053729344,0.0045029875,0.0,-0.008151422,0.0046239374,0.0021420754,0.00911094,0.0029646026,0.0003536057,0.002615382,0.00013762082,0.002148825,0.00021440756,-0.0005897671,0.0028057313
2018-12-19,-0.00057519344,0.016643027,0.0015966984,0.005726117,0.0,0.00034776237,-0.0012052117,0.0015345945,-0.0015687569,0.0029112336,0.0029687365,0.0074059092,0.0011039407,-0.008782143,0.00085869577,0.0015682585,0.0013346673,0.0007976785,-0.00559696,0.010247822
2018-12-20,0.00033046695,0.0027716337,0.003845232,0.004704669,0.0012570652,-0.00030071934,0.00048863207,0.002509641,-0.0017285051,0.0019872582,-0.0015137,0.005748846,-0.0002496439,-0.0086433645,0.0016754031,0.0021602192,-0.0004753765,0.0,0.0019866147,0.008055467
2018-12-21,-0.00040037895,0.00082865416,0.0054679867,0.004751754,0.00066511,0.0040173815,-0.0034309342,0.0020264245,0.0024772587,0.0030575523,0.0011106051,0.0035656546,0.0022592696,0.009753881,-0.0007841719,0.0008447175,-0.0022332852,0.0018181895,0.00036780772,0.0008136334
2018-12-24,-0.0027203693,-0.000104946266,0.0023592564,0.0034267853,0.0016284727,0.00423531,-0.005489591,0.0046472424,-0.0036051297,0.0034134523,0.0013659741,0.0025154825,0.0017552776,0.0010141652,-0.0011077691,-0.0017847271,0.00012542073,0.0011693405,0.0009748701,0.0005431988
2018-12-25,0.0025831263,-0.0021082833,5.9202855e-05,0.0048114075,0.0045403885,0.0033767004,0.00029682633,0.0012393887,0.003450603,0.0,-0.0019346667,0.0035379168,0.0025742848,-0.009408136,0.003994395,-0.0008957488,0.001347901,-0.0013315722,0.004168004,0.0
2018-12-26,-0.0018069262,0.009183898,-0.0026041477,0.00322536,0.0032873163,0.0008025235,0.0016387245,-0.001628688,0.005439018,0.005382846,-0.0011420838,0.010296657,0.0,-6.6376465e-08,0.00598663,0.005427455,0.0011723882,0.0011248372,0.0041388352,0.0020113152
2018-12-27,0.0035297503,-0.0012732727,0.00094302784,0.0,0.0031519767,-0.0012049569,0.0025657543,0.0048160744,2.0995216e-05,0.00084482954,-0.00081494363,0.0015686168,0.002837008,-0.0006786565,0.0052945386,0.006311911,0.0009242929,0.0011992905,-0.0020805667,0.0033154378
2018-12-28,0.001986174,0.005411319,0.0017486665,0.0010164772,0.0062626433,0.0013073066,0.0003027131,0.003798253,0.0037089367,0.0,0.0032691762,0.00039945036,0.0020123988,-0.0036693942,0.0023195718,0.009824627,0.0,0.002191081,0.003903934,0.0039939964
2018-12-31,0.00044648637,0.009867778,-0.00096890185,-0.001029301,0.0012891421,-0.0013138029,0.0025420648,0.0003904287,0.0031456617,0.002316705,0.0028339678,-0.00050040544,0.0011072633,-0.0011759818,0.0002547769,0.0016334996,-0.0029967646,0.002325423,0.007847071,0.002193047
2019-01-01,-0.0018432599,0.0024669424,-0.0007352354,0.001812452,0.0010537175,-0.0013683126,0.007044699,0.0009320417,0.0019785245,0.003188577,-1.355523e-06,0.0009306431,0.0004589573,0.00808282,0.00092711166,0.0022196292,-0.00091694563,0.0013565228,0.0010340272,-0.007608565
2019-01-02,-0.0017179409,-0.0013053762,-0.0012280232,0.002161273,0.0037644168,0.00024470733,0.0015582326,0.0015936354,0.00094952475,0.0024950567,0.0010189558,0.00788494,0.001994759,0.0028424575,0.0010120436,0.005046733,-0.00024063492,0.0,-0.0037927602,0.0010600231
2019-01-03,-0.0009563373,0.0066197743,-0.00024593805,0.006735224,0.0016943675,0.00080603774,0.0005959679,0.0030968916,0.0,0.0015075214,-0.00062817236,-0.0025716508,0.0016972147,-1.8234987e-05,0.0022029732,0.0014880474,-0.0024391059,-0.00091916684,-0.0014529353,0.0044236607
2019-01-04,0.0,0.0033860137,-0.0002885127,0.0075605633,0.0007558986,0.0007179817,-4.8221485e-05,0.0026170583,0.0019550284,0.0018281175,0.0008585875,0.0029899026,0.0,0.01165724,0.0041768416,0.0020476056,-0.00056756224,0.0010861636,0.010349208,0.004254435
2019-01-07,0.0055902894,-0.00094270246,0.0035655806,0.0030666948,0.0033218907,-0.00023128791,0.0021106224,0.002119525,0.004859043,0.0006998572,0.0008149803,-0.0003527191,0.0028333531,0.0010111942,0.00550982,0.002547677,0.0014566641,0.0013542168,0.0028315254,0.000493547
2019-01-08,0.0013158,-0.0014186952,0.0036130792,-0.0008105955,0.0017563684,0.0028414452,0.0030381707,0.001470578,0.003230491,0.0012564322,0.00024566703,0.0034181508,0.0,0.004359206,0.002103147,0.0034829692,-0.0010272482,0.0020673107,-0.00332392,0.0008475678
2019-01-09,0.0044814534,-0.0007119344,0.004484854,0.00032366416,0.0038311784,0.0014315551,0.0062984624,-0.00038959668,0.007492132,-0.00018833517,-0.0008776513,0.00647575,0.0016269562,0.0022684052,0.0018166531,0.002264407,0.0011668806,0.0022472676,-0.007555156,0.00726014
2019-01-10,0.0044796406,-0.0038386846,0.0026856372,7.790031e-06,0.0008473914,0.0036026568,0.0039520166,0.0018527003,0.009121487,0.001507996,0.0040331087,0.0007045287,0.0024097331,0.0027206496,0.001116171,0.0018848492,0.0020136456,0.0031130756,-0.001622736,0.003418036
2019-01-11,0.00071876816,0.0064580967,0.0034695845,0.0028227232,0.0027903381,0.0011415504,0.0017191541,0.00013136998,0.004985449,0.010369628,0.004473824,-0.0023388895,0.0026360333,0.0074889297,0.0001570654,0.00027939962,0.00033970963,0.0005257714,0.0005938617,0.0041947234
2019-01-14,-0.0010690306,0.011772266,0.0019039434,0.005622168,0.0,0.0012946287,9.87979e-05,-0.0002807794,0.0024352043,0.00687916,0.0018546868,0.0067952247,0.004410181,-0.0027774845,-0.010811887,-0.0011013104,0.00056225277,0.0027674143,0.0021816664,0.002489829
2019-01-15,-0.0019057328,0.015219736,0.0045106057,0.008097804,0.0010773066,0.0013284112,-0.0008646384,0.000737985,-0.0011269638,0.001018663,-7.4102996e-07,0.0021295468,0.0042996835,0.0017804108,-0.004327987,0.0025516395,0.0023343414,0.0007161907,0.0028554953,0.0016711714
2019-01-16,-0.0046074972,0.00064327277,0.003361263,0.0067552826,0.002785864,0.0021932668,0.0045914166,0.008415365,-0.0030486174,-0.0010721788,-0.0027555404,0.001408588,0.0011255275,-0.0013472089,0.0016675004,0.00488917,0.0023690236,0.003098737,0.004173434,-0.0022810823
2019-01-17,-0.00054964126,0.008159632,0.003910012,0.006270308,0.0032518571,0.002127814,0.0030553006,0.0029203931,0.0007913127,-0.0035409539,0.00013465772,0.00097003503,0.00090390653,0.0023046695,0.0035261165,-0.00094041607,0.0017566707,0.0001799797,0.0,0.0018490176
2019-01-18,0.0016742403,-0.0057186875,0.0020218813,0.0028666062,0.002770389,0.0030981773,0.0023120984,0.0049193855,-0.00095353957,0.0002926222,0.0006869263,0.0044784304,0.004148345,-0.00045938487,0.00024331716,0.0009935335,0.001257609,0.0014657861,0.00065739296,0.0016351223
2019-01-21,0.003310374,-0.0015362626,0.0019843911,0.0006092677,0.0017998233,0.00240481,-0.0021142408,0.0032457146,0.0029856544,-0.00071589026,0.0022751514,-0.0036019878,-0.0007048365,-0.00088937045,0.0031089834,0.0018716594,0.00013878726,0.001618736,-2.8401952e-05,0.0016267691
2019-01-22,0.00047973942,0.008903035,0.0013610146,0.0020585977,-1.3320851e-05,0.00029104753,0.0,0.0034151736,0.00076922943,0.0009482373,0.001147843,-0.00199533,0.0009506983,0.0007515742,0.0033475815,0.001501311,0.0017358417,0.0010207889,0.0024604076,0.0
2019-01-23,0.0016349121,0.004832563,0.0048284144,0.004320127,0.00060301163,0.0011021137,-0.002022795,0.0004328719,0.00091417105,0.00075394014,0.0013285361,-0.0010637476,0.0013269449,0.0024859838,-0.0006081246,0.0017777951,0.0016314966,0.00027527646,-0.0004531445,0.0009979538
2019-01-24,0.00096419477,0.03467254,0.0018308049,0.0032744675,0.000475229,0.0007857629,-0.00032216127,0.0043618167,0.00044186856,0.011041822,0.0045041614,0.0013836864,0.0011651482,-0.0015015997,0.0027803297,0.0051882593,0.0006472533,0.001810781,0.0,-8.431619e-05
2019-01-25,0.0036813095,0.013309545,0.0015788069,0.0044982038,0.00027430986,-0.0023279209,0.0,0.0005807739,0.0039962768,0.007247391,0.004631504,0.01066012,0.0016886941,0.0025163689,0.000813731,0.0003706363,-0.0005085144,0.0022916063,0.0032229025,0.001216289
2019-01-28,0.0012819298,0.016184652,0.0021286812,0.0017157671,0.0009517322,0.0003664365,0.0,0.0018187126,0.0023540973,5.4471533e-05,0.003427415,0.003960765,0.0063133184,0.0037605239,0.0020676954,0.001074395,0.0,0.0032717458,0.003979198,0.0032973562
2019-01-29,-0.0011862292,0.0022480777,0.0014737513,0.001936566,-0.0015114243,0.00013371342,0.0013008753,0.0,0.0034186789,0.00013605133,-0.001614556,0.0030750618,0.006845967,0.0034328536,0.0037847036,0.0006160132,-0.00079137704,0.0007237674,0.006050772,0.0034294939
2019-01-30,0.0012054836,-0.0016868919,0.00025138512,0.0028102386,0.0007889484,0.0016112516,0.0048320643,0.0024730272,0.00039857437,0.0,0.00051903835,0.005532527,0.00065179344,4.285872e-05,0.002545827,-0.0029265566,-0.0011829392,0.0013359162,0.0018023794,0.0013522998
2019-01-31,-0.0005736592,0.0033143768,0.013959767,0.002257011,0.00068630936,0.0018691492,0.0029539075,0.00074355485,0.002071126,-0.007106714,-0.0018356638,0.0006718176,0.0029123554,0.0015462735,0.0003313954,-0.0067332564,0.0004482312,0.00038959275,-0.0010567943,0.0048491824
2019-02-01,0.0016217591,0.0044525526,0.003558327,0.0031316634,0.002601754,0.0024290395,0.0028114482,0.0029096943,0.0017171148,-0.005726395,-0.0019715687,0.0026280005,0.0036392135,0.0015485846,0.0015165161,-0.001639818,0.0016333925,0.0012647604,0.002399346,0.0043567424
2019-02-04,0.0005441514,0.01097907,-0.0024048379,0.0014790434,0.0037133703,0.0017578267,0.0032284318,0.000739313,0.0014681357,-0.0026436145,-0.0007731909,0.0007136785,0.00048101807,-0.0022913252,0.0,0.0074518705,0.0014843968,0.0,0.0032989245,0.0038772025
2019-02-05,0.0002913175,0.009391557,-0.0012527496,0.00030747635,-0.0021425774,0.002475118,0.0010912608,-0.0054109064,0.0019289753,-0.001263748,-0.0005577007,0.004029578,0.0006142825,0.0015921169,0.00073422934,0.0,0.0020037217,0.0022291308,0.00042308684,0.0036675618
2019-02-06,0.0028845833,0.011643067,-3.2554826e-06,-0.0015157748,-0.0011541443,-0.0005931875,0.0006905069,0.0018161377,0.00037335165,-0.0011973502,0.0021719276,0.0011503015,-0.00016196955,0.002220652,-0.00010062434,0.0016408714,0.0019275069,0.0022724876,0.0033556086,0.0007063042
2019-02-07,0.0025244667,0.004353287,0.003825501,-0.0022818963,-3.4753524e-05,-0.00033337268,0.0036936735,0.0019498954,0.00191159,0.0020574364,0.018092427,0.0018471603,-0.0013094397,0.0032562483,-0.0010193996,0.0021981576,0.00013086143,0.0018073528,0.0009529034,0.0015103414
2019-02-08,0.0029296938,0.0038394635,0.004400996,-2.1467169e-05,0.0009689611,-0.00015639854,-0.0012160871,0.0037467435,-0.0024472459,0.000560514,0.0010234078,5.6338726e-05,0.00027429688,-3.4320532e-05,0.0012840248,0.0003967597,-0.00044012445,0.0016545122,0.0017362547,0.0040558293
2019-02-11,0.0027040096,0.002401585,0.011079478,0.0032129,0.0014248464,0.0037028482,0.0011393718,0.000579149,-0.0015257025,0.00022226886,0.0,-0.0025925636,-0.0009831971,0.0,-0.00015885136,0.0023160542,-0.0006952034,0.0020299777,-0.0026050801,-0.0036576241
2019-02-12,-0.00016347352,0.00256746,0.0087605165,-0.0006955836,0.0025138624,0.0018340665,0.0005649788,0.00041129533,0.0023017228,0.002740872,0.0007255569,0.003742215,0.004231465,0.0016702088,0.0019511763,-0.0011476255,-0.00025168064,0.000833005,0.0009296876,-0.00033379567
2019-02-13,0.0007421706,-0.00034235965,0.0062009697,-0.002683385,0.0022219392,0.0018623717,-0.00052847445,0.0010360193,0.0028355594,-0.0013498513,-0.0009852726,0.0010172597,0.0036947571,0.004285719,0.0021104207,-6.616746e-05,-6.912087e-05,0.0005350325,0.001136735,0.0012549862
2019-02-14,0.0014674185,-7.286784e-05,0.0010171415,0.0016584445,0.0020156668,0.0027216317,-7.1466195e-05,0.0,0.003083206,0.0056731165,0.0021645434,0.0,0.0016662952,0.0006272928,0.002930791,0.0,-0.00081714796,0.0010953549,0.0020403408,0.001024943
2019-02-15,0.0029084357,-0.0014006606,0.0033382352,0.00203862,0.002113581,0.0024530345,0.0010115842,0.0017128919,-0.0016499981,0.01147932,5.569084e-05,0.00033934187,-0.0012051171,4.6563422e-05,0.0032205745,0.0036563647,-0.0010840339,0.0024877146,0.0038178074,0.00065396965
2019-02-18,0.0048136134,0.007088227,-5.5216275e-05,0.0032217205,0.002189622,0.00047910158,0.00219142,0.002054278,0.00079848524,0.01632651,-0.0028683743,0.0036582465,0.0018498271,0.003516942,0.0006476521,0.00542213,0.001257273,0.002147718,-0.000164134,0.0029243396
2019-02-19,0.004900393,0.016535278,-0.00048425022,0.0021801726,0.0033267702,0.0005598432,0.000118785756,0.0011305134,0.0008176166,0.004130235,0.0,0.0035860592,0.00024690185,0.003620375,0.0012896772,0.0038034022,0.0023293027,0.0,0.0035359403,0.007354105
2019-02-20,-0.0056359903,0.00078626827,0.0018502296,0.0028588101,0.0034013689,0.0015687444,-0.0043920632,-0.0008844638,0.016807914,0.004298752,-0.0012183441,0.0026345705,0.0048580575,0.002694838,2.015786e-06,-0.0005689218,0.0030716937,-0.0062059457,0.0024312632,0.0025162608
2019-02-21,0.0025816576,0.0068468815,0.0014205887,0.0016865998,0.00084366644,0.0012626299,-0.010661942,0.00197003,0.0002212199,0.00638808,-3.171165e-05,-0.0021327436,0.0027322043,0.004871143,-0.0015246946,0.00080632424,0.0016473262,-0.0017580343,-0.00033807007,0.00036993914
2019-02-22,0.0,0.0010243917,0.0,0.0037661984,0.00090211735,0.0028344141,0.0011894766,0.0031014495,0.0042415406,0.004454866,0.001230582,-0.001085717,0.0022278987,0.0,0.00038956062,0.006388733,0.00028781546,0.0,0.0012683605,0.0019140972
2019-02-25,-0.00057345926,-0.0022065856,0.00036554012,-0.0009385821,0.0019500848,0.0019263386,0.008408094,0.001109434,0.008489802,-0.0005675095,0.0014904268,-0.0028754175,0.002516133,0.0012124954,0.0003613646,0.0031408784,-0.00081449957,0.00043330467,0.0012693466,0.003970384
2019-02-26,-0.0010527152,0.003175054,-0.0008394834,0.0025016316,-0.00021791362,0.0024669592,0.0065064062,0.0016598878,0.0035832953,0.0021822725,0.0022873573,0.0024652393,0.0018856205,0.004564338,0.0008003802,0.000104992745,-0.00069136766,-0.024675082,0.0014293097,-0.0014951631
2019-02-27,0.0032134366,0.0049641756,0.00021612282,0.0043500685,0.0006026474,0.0,-0.0005694862,0.00070448196,0.0018581667,-0.00032342484,0.0015948702,0.0004719056,0.0013699533,0.0040537366,0.003968661,0.0014142654,0.0022035837,0.0029171333,0.0016069424,0.0
2019-02-28,-0.0029520448,-0.0002856805,0.0020144267,0.0029645276,0.0,-0.00044262933,-0.0023043,-0.00075999193,-0.0009838867,0.0010001775,0.0009038658,0.00057236856,-0.00026104183,-0.0011622217,0.00050872815,0.0020936239,0.0012715283,0.0050814603,0.0035260976,0.0005972242
2019-03-01,0.0047721467,0.013145361,-0.00031970808,0.00031037498,0.0024800582,0.0,0.004918285,0.009591042,-0.0007085267,0.006605723,-0.00032566843,-0.00071052357,-0.000961774,-6.9357935e-05,0.0046061995,0.00033934633,0.0,0.0021144662,0.0023719103,0.0
2019-03-04,0.015764285,0.006684598,-0.001818647,0.004835332,0.0048307185,0.0005281603,0.006650286,0.0037212158,-0.0026937393,0.0009967317,-0.0005686929,0.0033320934,0.0022592093,0.00077182037,0.0054607755,0.0018382885,0.0007862361,0.002030004,0.0020807777,0.0006743341
2019-03-05,0.0066610826,0.0040234416,0.0017527121,0.002553065,0.0030694741,0.0017156423,0.0,0.005717139,0.00047063036,0.0059343847,0.0015636524,0.003321026,0.0016495186,0.003585091,0.0032807607,0.0010776297,0.0008323712,0.0006307925,0.0027397315,-0.001994103
2019-03-06,0.0012868893,0.0016929852,0.004214225,0.0,0.0012632043,0.0,0.0059698056,0.0087790955,0.004772574,0.0012414927,0.00052838575,0.0021923047,0.0016222713,0.0017655636,0.0050844983,0.0014977177,0.002756528,0.0044217003,0.0007936431,0.00052278716
2019-03-07,-0.00011949544,0.0007435028,0.0034043563,0.00088093634,0.00058637705,0.0010556871,0.006199984,0.0024303955,0.0066029117,0.0021157726,-0.0013968708,0.0026322894,0.0011714962,0.000908888,0.0010202994,0.005731242,-0.00029161075,0.004650835,0.0018603851,0.00039364625
2019-03-08,-0.0049947873,0.00771444,0.0024791602,-0.0012158855,0.003762132,0.00035077942,0.0055498895,0.002555477,0.01589957,0.0025951094,0.0026273672,0.0043829074,0.0007581112,0.0017045181,0.0,0.00069355994,0.005690407,0.0025092422,0.0025533112,0.0003324104
2019-03-11,0.0006926157,0.0021714421,-0.0024331938,-0.0025430834,0.0021916125,0.0009948218,0.004771718,0.0004926212,-0.0008083304,0.0063272407,0.0018506801,0.0031191844,0.00034554405,0.005087368,0.0006294598,-0.00043779315,0.0025027313,0.002060249,0.0012603614,0.0005797373
2019-03-12,-0.00094173965,0.00128135,-0.0010628629,-6.278418e-05,0.002304556,0.00092224753,0.0038891532,-0.0035821898,0.0007503971,0.0009956482,0.0013421172,0.0010414857,0.0024451558,0.0059589855,0.0027515008,0.0050985636,0.0039978037,0.0063468567,0.0005141165,0.0007278287
2019-03-13,0.0025820266,0.0017159338,0.004905845,0.0024961345,-0.0005290851,-0.00074442546,0.0023402167,0.0029363176,0.006547378,0.0039725117,-0.00021845482,0.0006958584,0.003877727,0.002808126,0.0010965476,0.0030934967,0.0,0.0016423365,0.0019829771,-9.942679e-05
2019-03-14,0.0005590714,0.002602744,0.0012897789,7.983993e-05,-0.00070023484,0.0004761461,-0.0011511066,0.0006964423,-0.00252211,-0.0016852267,0.0010155446,0.0020531786,0.002572176,0.0005107879,0.0029784853,0.0070508914,0.0018051697,0.0,0.004334239,0.0003849785
2019-03-15,0.0020865998,0.0008479759,-0.0015259798,9.866645e-05,0.0014422298,0.0010876221,-0.0030660601,0.003541507,0.000100358804,-0.00046177625,0.0007011371,0.0017673078,0.00035824423,-0.0027572727,0.0033975998,0.00019028505,0.001812959,0.0043188846,0.00017491744,0.0015647529
2019-03-18,-0.00028097516,0.00127922,0.002993567,0.0012418146,0.0021998277,0.002146848,-0.0027846063,-0.0008732405,0.0027218247,-0.00077804015,-0.0009778856,0.0013079288,-0.00096493453,-1.1996826e-05,0.0010781742,-0.0026342236,0.002501203,0.0012680369,0.00035570402,-0.0024524713
2019-03-19,0.003865193,-0.00016365392,-0.0019172251,0.0025928193,0.0,0.002486549,0.0017551885,-0.0001453825,0.0003082226,-0.0026982233,-0.0016502052,0.0025966654,-0.0013451572,0.0,0.0038168167,0.0009228752,0.0,0.001044539,-0.0002666175,0.0035750559
2019-03-20,0.002684008,0.0038726476,-0.0009476704,0.0023739112,0.0,0.0016484213,0.0007211299,0.0003651803,0.00012943511,0.0024860208,0.0012638387,0.00045809193,-0.0008823333,-0.00073532807,0.0011614586,0.0146032255,0.0016357867,0.00084490975,-0.0028726556,0.004284646
2019-03-21,0.0029728771,0.0027378846,4.247903e-05,0.0009266111,0.0,0.0020891945,0.0016759571,-0.00605471,0.0035312572,0.0013018885,0.0010161684,0.0022712918,0.0024998246,-0.00032404903,-0.00032711032,0.0038082523,0.0024687403,0.003117525,-0.0050518312,0.0030504891
2019-03-22,0.0036100391,0.0005027547,-0.0029490453,0.001225514,-0.00022384746,-0.0013963428,0.0037548319,0.0062160823,-0.00028717113,-0.00391957,0.0033210393,-0.0013675311,0.000643416,0.0027163434,-0.0018829722,0.0025123542,0.0021879955,0.0031778642,0.0010295869,0.0006007646
2019-03-25,0.0033860984,-0.003149137,-0.0016304274,0.00083122245,0.0016569527,0.0002613061,0.0053960993,0.009360783,-0.00010587243,0.007331105,0.0026236647,0.001689672,0.00014618489,0.0022656654,-0.0025042098,0.0008122213,-0.00032444127,0.0010419103,0.00695305,0.011725301
2019-03-26,0.0035255547,-0.00048838096,0.0010828909,0.0022290288,0.0014966239,0.0005233892,0.003028593,0.004635243,0.0,0.0011444384,0.00093227293,0.0017140923,-0.00043463806,4.6687852e-05,0.003931465,-0.0012157414,0.0,-0.0016153674,0.0029222204,0.00044391962
2019-03-27,0.0023111477,0.0042021098,0.005449658,0.002399395,0.00045826228,0.0004954491,0.008589112,0.0052235816,0.0026814803,0.0019373683,0.00066545035,0.0010586408,0.00090004946,0.0021201856,0.002949814,0.0,-0.0051363395,0.004265808,0.0048104664,-0.001362069
2019-03-28,-0.0032581766,0.0058783577,0.0073295156,0.002060657,0.00070616155,0.0010188927,0.00020890724,0.0011026707,0.00261086,0.0028069126,-0.0006223873,0.0025488418,0.0012574793,0.0056755887,0.0015959225,0.00013588925,-0.0008351902,0.0060986057,3.193594e-05,0.0015603355
2019-03-29,0.002515143,0.0024349298,0.0056315693,0.0002191091,0.0011075769,0.00030487054,-0.0031917167,-0.00039999778,0.008076023,0.004869753,0.0010152535,0.0013790732,0.0019494309,0.0052632713,0.0019921176,-0.0026866735,0.0026828412,0.0032952111,-0.0006281946,-0.0052509205
2019-04-01,0.00091570325,0.0033978054,0.0027702653,0.0007143728,0.0,0.00022695484,-0.0051308894,-0.0001716304,0.00064209214,-0.00027848675,0.0012695774,0.0016258394,0.0016574695,0.0010291415,0.0020077038,0.00050819735,0.0035328863,-0.0018467504,0.0017204047,0.0046292874
2019-04-02,0.0018746059,0.0018026632,0.0020271956,-0.00016108714,0.0007430915,0.0015852745,0.0017792878,0.0055229263,-0.0012149287,0.000599567,0.0010299012,-0.0008582938,0.0010140591,0.0032769125,-0.00033102962,0.0018133314,0.00038812312,0.0021656393,0.0026781603,0.007226804
2019-04-03,0.003515154,0.007236346,0.0005884886,-0.0010314449,0.0027814244,0.0013160458,0.002968393,0.0006658191,0.014204976,0.0009893528,0.00043899403,0.0005235087,0.0015983222,0.007159845,0.002423684,0.0018565673,0.002324469,-3.0867202e-05,-0.0006803442,0.0061588623
2019-04-04,0.0016756436,0.009112427,0.0005282232,0.0007147931,-8.942771e-05,0.00073598657,0.0033985628,-0.00081544206,0.006161871,0.0021908034,-0.0011244627,0.00072116853,0.0016160393,0.002915558,-0.002792258,0.0030084008,0.0045335353,0.0016186127,0.0018726107,0.0019563301
2019-04-05,0.0,0.00111251,-0.0010857467,-0.002179822,0.001885512,0.0012901699,0.010457219,0.009289026,0.0,0.004949483,-0.0002038121,0.003322937,0.00086572586,0.002979318,0.003512882,0.004565719,0.003797402,0.0049214815,0.0005752029,0.00036874655
2019-04-08,0.0067603188,-0.003389801,0.0030334173,-3.296897e-05,0.0006935334,0.00087021507,-0.00010465624,0.0029970391,-0.00074860564,0.0042025456,0.0010418257,0.000295143,-0.00015810189,0.00089893717,0.0022662648,0.0019539234,0.0014640925,0.0029814057,0.0012055434,0.0011096579
2019-04-09,0.0032075592,0.00037228805,0.0004486657,0.0025015438,0.0007430077,0.0002066366,0.00028600957,0.003758981,0.0007404765,0.00276265,0.0006356552,0.0036172094,0.0017446126,0.00071492634,0.00077260926,-0.0002832811,0.0025329182,0.0019970164,-0.0025806609,-0.00064829446
2019-04-10,0.0,0.0008023994,-0.0015973039,0.0031744938,0.0029944868,0.0015801956,0.001416895,0.0017864301,0.004485076,0.002107785,-0.0007214482,0.002955297,0.003246881,0.0008623861,-0.0026940478,0.00068681233,0.00083146134,-0.0013989852,-0.0023928008,-0.00039812495
2019-04-11,0.0007725834,0.007987704,0.0026627104,0.0,0.0037622629,0.00086602604,0.005409271,-0.0005237172,0.0022035805,0.0072270385,0.0025728408,0.0049449527,0.0006888965,0.003218784,0.0010927477,-0.001371927,0.0015088887,-0.0016932127,0.0014535453,-0.0022459875
2019-04-12,0.0022992017,0.00013187634,0.0014089313,0.0026290123,0.0034171839,-0.0026655768,0.0077307597,0.00037732432,0.0038323407,-0.00029057113,0.00022444135,0.0065765725,0.0015434665,0.002873932,0.00075244164,0.0022453929,-0.0015140801,0.007942117,0.002992791,-0.0075327666
2019-04-15,-0.0021253652,-0.0027846994,0.0010506454,0.0013348117,0.0019938028,0.0,-0.004433669,0.0016008435,0.0054911,-8.0970014e-05,0.0012648067,0.0021749695,0.00094390375,0.0024380342,0.00340857,0.0040798527,9.1594025e-05,0.00863746,0.001784112,0.0029431602
2019-04-16,0.0035957263,-0.0006756092,0.0017768238,0.0023831062,0.0015167036,0.0015171808,-0.00026344467,0.0044426243,0.0059685763,2.9544624e-05,0.0024837495,0.001731822,0.00095733866,0.0025487076,0.0021135225,0.002827021,0.0011363946,0.01873351,0.0020301985,0.00543705
2019-04-17,0.0,-0.0016486639,0.00078245794,0.0037847562,0.00087491865,0.0024024749,-0.0002027926,-8.679073e-05,0.0037323942,0.0037298778,0.00094074226,-0.00054761954,0.0013852738,9.411809e-05,-0.00024488053,-0.00030398768,0.0013105622,0.011846863,0.0010924223,0.0038632222
2019-04-18,-0.0011977603,0.0003771234,0.008448658,0.0031674684,0.0007058404,0.0027599349,0.0071728486,-0.010857491,0.00054161827,0.0046418277,0.002544251,0.0029104662,0.00049787434,0.0026573725,0.0,0.00014938385,0.0029863552,0.0067908065,0.0013397108,0.0048261513
2019-04-19,0.001470559,0.002006524,0.004893125,0.00078716764,0.0013335466,0.0018666056,0.003690916,5.658136e-05,0.003368497,0.0037349816,-0.0013298964,-0.00016135228,0.0027471078,0.0029080317,0.0016211794,-0.0013318047,0.0023135266,0.0005609613,0.0016795973,0.0032451225
2019-04-22,0.0010613418,0.0036155952,0.0012675045,0.0026060443,0.0028337045,0.0009127317,0.0023401738,-0.0010721632,0.0006724278,-1.9654417e-06,0.0012423703,0.00052765565,0.0014202229,0.0023812235,0.0014946334,0.0,0.0016068043,-0.00056736736,0.0006290123,0.0
2019-04-23,0.009195655,0.0036917466,0.008653805,0.0011845604,0.0010207008,0.0007827562,0.002170565,0.00058940466,0.0012282417,0.001123868,-0.0011503587,0.0021417507,0.0033981157,0.004106657,0.00076968595,0.0003103918,0.004787856,-0.0017461828,-0.00281768,0.0004857068
2019-04-24,0.007412997,0.00030414737,0.0036008395,0.0014581048,-0.0005231234,0.0005332534,0.006190548,-0.0008189979,-0.0006274609,0.004847611,0.0008621536,7.283506e-05,0.0023940532,0.00020331168,0.003169152,0.0011839852,0.002464025,0.011115619,0.001193316,0.0042769527
2019-04-25,0.0015014993,0.0024566397,0.00023188423,0.0012750332,0.0021509696,0.0007301936,0.004370151,0.0,0.0030490025,0.004021713,0.00097363663,0.0018156618,0.0014133732,0.004332393,-0.0014929078,0.002850426,0.001988621,0.00113891,-0.00023422812,0.0012933146
2019-04-26,0.0029116713,-0.0015761834,0.001092291,0.00014811702,0.0020223418,0.0028945822,-0.0018956636,0.0038253267,0.0034304757,0.0007397635,-0.0007431171,0.002747651,0.0021110221,0.00011954905,0.0079446575,-0.0011458318,0.0041765906,0.00051643746,-6.4660766e-05,0.002937618
2019-04-29,0.0045041414,-0.006610079,-0.00071519334,0.0017286032,0.003451618,0.002684815,-0.005749728,-0.0023048555,0.002842746,-0.010343911,0.002016355,-0.0018529067,0.0008094632,0.0018590401,0.006262933,0.0025434121,2.2220398e-05,0.0070030224,-0.00035711506,0.0033917597
2019-04-30,0.0035928013,0.0006439885,-0.0016191863,0.00032457622,-0.0011990315,0.00018054902,0.0023887365,0.0016038615,0.0,-0.000886999,0.0003697713,0.0034093363,0.0,1.3926847e-05,-0.0005652538,0.0032162643,-0.00034832448,-0.0010429118,0.0,0.0008034447
2019-05-01,0.010679377,0.0009704896,0.0024722097,0.0014196495,-0.0005643573,0.0009905741,0.0066328314,0.008030635,0.00059683307,0.0013577663,0.0,0.0023787725,0.0012805306,0.0029194222,0.0010607754,0.003732322,-0.0013895192,-0.0034597837,-0.00049786526,0.0040128673
2019-05-02,0.006231494,0.003861052,0.0019947414,0.0010349697,-0.00010190266,0.0020159176,0.0035129027,0.0012582687,0.0013300708,0.00032903336,0.0003787723,0.0028575074,0.0020125818,0.00030949092,-0.001998566,0.001498914,0.0015490322,0.00040562017,0.0020548357,0.004011646
2019-05-03,0.010310103,0.002007721,0.0007045993,0.0005625788,-6.772211e-05,0.0013775663,0.0016749164,0.0028539659,0.0013169826,0.00092759606,0.0009218018,0.0,-0.00032064258,0.0028353631,-0.0024334316,0.0054321373,-0.0013015226,0.0022720858,-0.00084416586,0.004210285
2019-05-06,0.009290517,0.0024504662,-0.0010663791,1.926305e-05,-0.002787936,0.0027565623,0.001980071,0.0,0.0037721326,0.0,0.0023237811,0.0019027023,-0.0013638883,0.0022485873,-0.0013159122,0.0020461364,9.0421985e-05,0.0067120455,0.0016039762,0.0012965354
2019-05-07,0.0018197156,-0.0006776734,0.002257258,0.0011280465,-0.0021797202,0.0014322647,0.005308987,0.0,0.0016153145,0.00020510172,0.0025007261,0.0005590618,0.0017097727,0.001215287,-0.002030029,0.0015072033,0.0009740533,0.0062920107,0.0016805273,0.012338471
2019-05-08,-0.0006277071,0.0054257456,0.002777254,0.0027982865,-0.0011551125,0.0023683643,0.011004568,0.0026066203,0.0048884135,-0.0010421738,0.0,0.0031540194,0.0014173811,4.741935e-06,0.0,0.0011228068,0.002724366,0.0027141178,0.0017117345,0.0065857563
2019-05-09,0.0043103225,0.0019573842,0.0019463472,0.0020874438,-0.0007731566,0.00054691365,0.0036553175,0.004478785,0.00034966247,-0.002067676,0.0,0.0022173102,0.0016826075,0.00081203046,-0.0026141682,0.0015569164,0.0026305392,0.0018984603,0.0033426117,0.0036109502
2019-05-10,0.0024102058,0.0019063622,0.0042324346,0.0032181363,6.3841144e-05,0.0007044755,-0.0031799655,0.0005084816,-0.0011302702,0.0,0.0016729236,3.7828508e-05,0.0020531272,0.009644304,0.0008883377,0.0007645151,0.0022114003,0.0012694676,0.0049017207,0.002715053
2019-05-13,0.0,-0.0027778894,0.0047325245,0.0004956906,0.0034387943,0.000576826,0.0008155865,-0.0020774202,-0.01912122,1.0712173e-05,0.0,-0.0017561072,0.0015368406,0.005069999,0.0009781979,0.0006742189,0.0017796395,0.0028008725,0.0058990624,0.003203271
2019-05-14,0.00023914968,-0.00022767895,0.0029173389,-0.00073501305,0.0029203994,0.0023908145,0.005091056,-0.0008736473,-0.00029070527,0.0003535454,-0.0007971205,0.0005801307,0.0005562287,0.0017872344,-0.00159977,0.001978597,0.0024358681,0.00031132033,0.0012537588,0.0019793212
2019-05-15,0.003208341,0.0041669216,0.0018963114,0.0015835268,0.004058842,0.00076875184,0.005488808,-0.0011591093,0.004351753,0.001617221,-7.0412076e-05,0.00038573655,0.00038436832,0.0025649576,0.0036596137,0.0005227535,0.0028301978,0.0005159936,0.00090615015,0.001292929
2019-05-16,0.00067723216,0.010613281,0.004198147,0.0032165425,0.0032748454,0.0,0.005998769,0.0004342156,0.004117386,0.0057877395,-0.00019907343,-0.0024619491,0.0008663158,0.001221083,0.013273751,0.0017289874,0.0020533442,0.001109462,0.0015971423,0.00051582314
2019-05-17,0.0022859976,0.007886488,0.0036032551,0.0016984019,0.00017073275,0.0020248408,0.0010357169,0.004345087,0.0026912563,0.00063286175,0.0019959412,-0.0033176185,0.0027573365,0.0047338563,0.0066340347,0.0017289957,0.00049979653,0.0061527216,0.004659704,0.0018872276
2019-05-20,0.0008955511,0.0010130771,0.0009964124,0.0017441364,-0.0011573847,0.0022874146,0.0062015485,-0.0016931781,0.001847128,0.0022489557,0.0016862927,-0.0044599185,0.00128247,-0.0023755603,0.0012525978,0.00056702894,0.0018976048,0.00051557104,0.0045888615,0.0030877504
2019-05-21,0.00014796796,8.473726e-05,0.0007466503,-0.0004059725,0.0012565798,0.0043108184,0.003315418,-0.00548427,-0.0035014383,0.0016563187,0.027180752,0.0033305304,0.0012043671,0.0032277217,-0.02301787,0.0004963502,0.0041624825,0.004211522,0.0011420882,0.00014796796
2019-05-22,0.009786799,0.006435738,-0.00081372925,0.00080130115,0.0020683014,0.0,0.00015254566,-0.0024290748,-0.0026606233,0.0020449772,0.0049857455,0.007068196,-0.0014057247,0.0029853424,-0.008274142,-0.0006706262,0.0014654137,0.0021098403,-0.0017494907,0.009786799
2019-05-23,0.010328643,0.0019474376,0.0027258135,0.0073297205,0.0012707221,0.00164397,-9.93721e-05,-0.0022323546,-0.0016357006,0.002025466,0.0032764063,0.0029730818,-0.00016483568,0.0001621771,0.0011003155,-0.0030221269,0.0010188593,0.0018398495,0.00059185905,0.010328643
2019-05-24,0.0018145455,-0.00086566183,0.0019418111,0.0048809727,0.0025745046,0.0009786494,0.0011858502,0.0022286298,0.0012901099,0.0011784171,0.0027838512,-0.00028611268,0.0017466703,-0.0016446268,0.007395736,0.002559481,0.0066011143,-0.003949697,0.004351788,0.0018145455
2019-05-27,0.00057441747,-0.004090854,0.004483184,0.0061387294,0.0035586273,0.0028036332,-0.0019013507,0.003819715,0.003188159,0.00306853,-0.0018731744,-0.0005070795,0.00077340624,-0.0014150919,0.016513117,0.0008465486,0.0064327447,0.0010695758,0.0035723138,0.00057441747
2019-05-28,0.00198218,0.0,0.005623462,0.0028612697,0.0018265,0.00012138359,0.0065083266,0.003579969,-0.0016802176,0.0025100694,0.0012810503,0.006388162,0.0012290704,-0.0020470794,0.0014737344,0.0047930144,0.0014628887,0.00023534773,0.002536068,0.00198218
2019-05-29,0.0021928917,0.00083250774,0.0005342082,-0.0010827,-0.00042369223,0.001361903,0.0012454968,0.0060940464,0.00014677906,0.00144136,5.592362e-05,0.0027261076,0.002331643,0.0,0.0069134156,0.005468009,0.0009696746,0.0011689679,0.002187205,0.0021928917
2019-05-30,0.0031975661,0.0032267908,0.00064877665,0.0005930755,0.001431034,0.0014589063,0.002019999,-0.00020681744,-0.00068026566,0.00016038035,0.006735261,0.001513052,0.0020893568,0.0006749919,0.037916474,0.0047650035,0.0059755454,0.0022786772,0.001285917,0.0031975661
2019-05-31,-0.001519355,0.0023509746,0.00050631736,0.0,0.0012095137,0.00045820756,0.0013217527,0.004531616,0.0023960376,0.0008476996,0.0027363137,0.002468742,-0.0004369103,0.0032180566,0.023603199,0.0005914377,0.005085605,-0.00025270713,0.0005882394,-0.001519355
2019-06-03,0.0034609959,0.0048935483,0.0014954036,0.0011028157,-0.00050710625,0.004209128,0.0,0.0001762698,0.0010594389,0.002274845,0.0031280015,0.001307671,0.0014255546,0.0032755788,0.016007643,-0.0008238898,0.0058128936,0.00013958703,0.0015834034,0.0034609959
2019-06-04,0.001669439,0.0018235064,-0.0014513278,-0.002762702,0.0005898083,0.004769991,0.00018923602,0.0035603645,0.00038833747,0.00086413516,0.009782176,0.0017794229,0.0018262692,0.002010731,0.002495491,0.0015405826,0.005971446,0.00012116158,0.0031987375,0.001669439
2019-06-05,0.00063013425,0.0005735464,0.003279089,-0.00041725463,-0.00018764078,0.003261295,0.0028273775,-0.006305457,0.004143123,0.0010852092,0.0016323347,0.0033371127,-0.0002579397,0.0013330905,0.0103173815,0.005267165,0.0026874011,0.0024377587,0.0024521577,0.00063013425
2019-06-06,0.0018555386,-0.0004149602,0.00393645,0.0026165552,0.0012986596,0.0022278505,-0.00017662166,0.0015593759,0.004567514,0.0023609486,0.001136945,0.0011432245,0.0023284962,0.0011906414,0.0022725235,-0.00046896833,0.0011666887,0.008176976,0.0027997927,0.0018555386
2019-06-07,0.0014724686,-0.0075947144,0.0035415827,-0.0029302232,0.0013280537,0.004201147,0.00095293345,0.0038027791,0.005748234,0.0030290526,0.009256024,-0.0013923063,0.00059274834,6.102e-05,0.00124026,0.0,0.002240593,0.0058494885,0.0019917875,0.0014724686
2019-06-10,0.0019508511,-0.001623801,0.0036946011,0.004851523,0.0001021284,0.0036881366,0.0032594893,0.0014291477,0.0020325843,0.0022966438,0.0,0.00027756984,-7.635214e-05,-0.0010164069,0.003419244,0.0063062673,0.0019874077,0.0012428261,0.0020375885,0.0019508511
2019-06-11,0.00045439624,-0.00563577,0.0035336409,0.0011381038,0.0015804496,0.002679404,0.0024047585,-0.0019635423,0.0007234963,0.0005870812,0.00022545071,0.005251834,0.0017263682,0.001496199,0.0013291906,0.00045809243,0.0,0.0013248087,0.0028562048,0.00045439624
2019-06-12,0.0022554093,0.006018617,0.0020174268,0.0,0.0024365422,0.0030509494,0.003528971,0.002463339,-0.0011498572,0.004771717,0.010510438,0.003802761,0.0020241903,-0.00015731493,-0.015453942,0.0016587198,0.0007109002,-0.0049725147,-0.0001772436,0.0022554093
2019-06-13,0.0029987115,0.0049199546,0.0010333951,-0.00247677,0.0012422843,0.0018739777,0.015252987,0.0038987298,0.0017756808,0.0030259497,-0.0009106879,0.0010850466,0.0007525728,0.0,-0.00094275054,0.00027726273,0.003055996,-0.0035404374,0.0014307566,0.0029987115
2019-06-14,0.0060059098,0.0032365806,0.0017869447,-0.0004158357,0.0,0.0017351621,0.0037588677,0.0047656503,-1.4019345e-05,0.002148825,-0.00030503733,0.0017492727,0.0016536443,-0.0023872852,0.0032850113,0.0031743667,-0.0070137857,0.0014518632,0.0007772009,0.0060059098
2019-06-17,0.0034447785,0.002598493,0.0,0.0035642013,0.0010886936,0.0021926002,0.0021937026,-0.0015510243,-0.0001376759,0.0013346673,-0.00086864765,0.0,0.0028576585,-0.00094886875,0.0051674983,0.0016283693,1.4722992e-05,0.00080417225,0.0016196911,0.0034447785
2019-06-18,0.0035165148,0.004368532,0.0019937668,-0.00089858804,0.00021313892,-0.0002199723,0.00090493093,0.0013067396,-0.0034524116,-0.0004753765,0.0029661,0.0033035742,-0.000114941075,-3.7980488e-05,0.0,0.0028359704,0.0032280735,0.00093066617,0.0024911943,0.0035165148
2019-06-19,0.0038103566,0.0018029112,-0.0027022772,0.0036834243,0.00037225787,0.001944844,0.0028728882,-0.010369033,-0.0016120824,-0.0022332852,0.0006502605,0.00032468856,-0.0017523048,0.00034322796,0.0026893306,-0.0012095448,0.00048451408,0.0013125881,0.0019946164,0.0038103566
2019-06-20,0.000116486786,0.00791627,-0.002170411,0.0050172536,0.00058081397,0.0010643331,0.0022864554,0.0018159988,0.0,0.00012542073,0.0003076782,0.004102043,0.00016517304,0.002148149,0.0039984286,-0.0030150055,0.0011852954,0.0038573418,0.002206121,0.000116486786
2019-06-21,0.0011904646,0.0043224967,0.0018373824,0.0034677444,-0.00026795006,0.0015992092,0.001096921,0.0046844846,0.00085043436,0.001347901,0.0017539364,0.0,0.0007214593,0.0021336465,0.0012865299,-0.0029338247,0.001663809,0.002722029,0.004580881,0.0011904646
2019-06-24,-0.00075919303,0.00030890288,-0.00087767525,-0.0006225567,0.0020956155,0.0018120183,0.0016449363,-4.724619e-05,0.0023577425,0.0011723882,-0.0026921006,-0.0006385251,0.0013270547,0.002836261,-0.0008494179,0.0,0.002805519,-0.0016329744,0.000850662,-0.00075919303
2019-06-25,0.0013075295,0.001135792,0.00067784503,0.0012439429,0.0025038675,0.00051584863,0.0034961689,0.00018797985,-0.001639396,0.0009242929,-0.00186445,-0.0006012343,0.00056353223,0.0023475208,0.0028487747,0.00045867683,0.0013051513,0.008345613,-0.0017422737,0.0013075295
2019-06-26,0.0013664062,0.0028897848,-0.001874535,0.0016507397,0.0020316506,0.0027568683,0.002051877,0.0,-0.000913728,0.0,0.0025719828,-0.0004692417,0.0009815725,0.0036520257,0.0017211786,-0.003396653,-0.00067316083,0.00418348,-0.0031595118,0.0013664062
2019-06-27,0.0028075704,0.0031347768,-0.002304083,0.005413068,0.0020419864,0.0011706867,0.0017972131,0.0010279388,0.00044004226,-0.0029967646,0.0018108105,0.0023278564,0.0013521191,0.004012243,0.0036408927,0.0026456711,-0.0073439353,0.0011302553,0.001128598,0.0028075704
2019-06-28,0.0025012998,0.0028827172,0.0,0.0017190826,0.0021434512,0.0011157917,-5.140468e-05,0.0035144377,0.0011659231,-0.00091694563,0.00594874,0.0029700452,-0.00094159716,0.0010204097,0.0050184154,0.00516545,-0.00021073641,0.0019256104,0.00030612023,0.0025012998
2019-07-01,0.0029333374,0.0,-0.0005446532,0.0037819606,0.0035298713,0.0014226665,0.0013363682,0.0023764912,0.001670906,-0.00024063492,-5.4910626e-05,-0.0005890018,-0.00033416814,-0.00042112826,0.0044431575,0.0008484119,0.0026431014,0.0,0.0011361892,0.0029333374
2019-07-02,0.0022022272,-0.00032621846,0.0014633065,0.005714678,0.0030422003,0.0022630482,-0.0012612615,0.003550799,0.0026909425,-0.0024391059,-0.0022515932,0.0006425846,-0.001031203,0.0011672936,0.002797296,-0.0024022476,0.00086992816,0.0003227631,0.0044526076,0.0022022272
2019-07-03,0.0044448366,0.0,-0.0036623313,0.0063153463,0.0016450026,0.00045805515,0.00060882396,0.0050736987,0.0036433425,-0.00056756224,-0.00024021849,0.0009657724,0.0032146017,0.0036630882,0.012932111,0.00021993318,0.002351367,-0.0006457826,0.0038464698,0.0044448366
2019-07-04,0.0019052044,0.004661284,0.0045581004,0.0047877533,-0.0010638683,0.0009786307,0.0026269448,0.0010408724,0.005045335,0.0014566641,-0.0026854263,0.00034656725,0.0016266285,0.002030451,0.0048000934,0.006350338,0.0008485275,0.0025163025,0.0019580696,0.0019052044
2019-07-05,0.0,0.0024573184,0.0013777004,0.0033717437,0.0085279625,0.0013747985,0.0043485537,0.001122333,0.0015023168,-0.0010272482,-0.002425806,0.003609156,0.00048103236,8.9762085e-05,0.0045324047,0.0033190886,0.0003865227,0.0010473073,0.004982243,0.0
2019-07-08,0.0030733722,-0.0024020944,0.0029957313,0.0007005727,0.0010524658,0.0011013093,-0.0009151935,0.0061473027,0.000921137,0.0011668806,0.005551595,0.0028994996,0.0023283765,-0.0005950847,-0.00088463264,0.0029665944,-0.0014940846,0.0020161443,0.003193252,0.0030733722
2019-07-09,0.0011617611,0.0014081899,0.0017098428,0.0018561386,0.0010878643,0.0024379522,-0.00049581524,0.0059191217,0.0012532008,0.0020136456,0.0042830366,-0.00276038,0.001809769,0.00091282505,0.0029223592,-0.0003720858,-0.002257395,0.0033119395,0.0013846016,0.0011617611
2019-07-10,0.0,0.0011402932,0.0022906528,0.0028233987,0.0014018295,0.0,0.0011110863,0.0021917978,0.0009172927,0.00033970963,0.0036785665,0.0006779204,0.0014645765,0.0028638574,0.0029114615,0.00078111136,0.0001474358,0.0038338108,0.0034406183,0.0
2019-07-11,0.0003889068,-0.0017803411,0.0014441408,0.0042808554,0.0026768672,0.0028092477,-0.0010220681,0.004206567,0.0009249517,0.00056225277,0.010995907,-0.00042057416,0.00019494059,0.0003652066,0.0011786894,0.00065727235,0.00031282988,0.0022914757,-5.4135824e-05,0.0003889068
2019-07-12,0.004556563,0.0009048528,0.0032378314,0.003998478,0.00038609208,0.0049141967,0.00057299336,0.0025204124,0.0030143696,0.0023343414,0.0010925056,0.0015616581,0.0017273676,0.002184557,0.00067695876,0.0028314535,-0.0015660543,-0.000890069,0.0030000245,0.004556563
2019-07-15,0.003696424,0.0068945927,-0.0010468812,0.003073373,0.006061928,0.0035842338,0.002674653,0.0,0.0020684593,0.0023690236,0.00632137,0.00580347,-0.0018612845,0.0010183735,-0.0027240482,0.003918765,0.003964955,0.0013145912,0.0020886653,0.003696424
2019-07-16,0.0020482277,0.0010931112,-0.0021578746,0.0022330505,0.0037630901,0.0011588696,0.0026382455,0.0026361612,0.001572764,0.0017566707,0.005996706,0.0024758938,-0.0011576564,0.0021580013,-0.0056520416,0.0022311434,0.0026236298,0.0033185445,0.0019057713,0.0020482277
2019-07-17,0.0034250761,0.0,0.00064598274,0.0035253004,0.0026661677,0.0027719568,0.0026459878,0.0,-0.00097633916,0.001257609,0.0032355576,0.0027190251,-0.0015877605,0.003006908,0.005025906,0.003074329,0.0029982629,0.0058620125,9.065923e-05,0.0034250761
2019-07-18,0.0038213807,-0.0006520579,0.0020840238,0.0030076983,0.005494651,0.0027176635,0.00049435,0.0005601064,0.0009957985,0.00013878726,0.0008347203,-0.0016205655,-0.00059729005,0.00016863122,0.005144373,0.0031662306,0.0029823834,0.0024639391,-0.0006757436,0.0038213807
2019-07-19,0.0,0.0003730893,1.7947166e-06,-0.0012113278,0.0044174823,0.0026654121,0.00022510345,0.001597513,0.0010616016,0.0017358417,-0.002739365,0.0028545929,0.0027971528,-1.787765e-05,0.0028292274,0.0047639348,0.00451891,0.0010578491,0.0018569082,0.0
2019-07-22,0.00082356966,0.00256486,-0.00030414353,0.0008812986,0.0008145344,0.005940878,-0.0015248614,-0.0022338727,-0.001218696,0.0016314966,-0.009433814,0.00027171973,0.0054326425,0.0,0.00014842607,0.0032000165,-0.0012797198,0.0,0.00074436323,0.00082356966
2019-07-23,-0.00055787823,0.0037212616,-0.0028274867,0.0015208435,0.0006421492,0.0019555422,0.00038443872,-0.00059697166,-0.0011217316,0.0006472533,0.0022653374,0.0026923278,0.0038119259,0.001718808,0.0054520722,0.0026284053,-0.010543158,0.0033223364,0.0016392288,-0.00055787823
2019-07-24,0.0009200312,0.00050952943,0.0016192836,0.0028532378,0.0059584235,0.0022302165,0.002724189,0.00313855,0.0,-0.0005085144,-0.0037010885,0.0017905217,0.0036557436,0.0003351237,0.006170198,0.002597163,-0.0019075117,0.0026670913,0.0013508614,0.0009200312
2019-07-25,-0.000609002,0.003253673,0.002674132,0.0003145972,0.0025339862,-0.00048321727,-0.0007130057,0.0016261983,0.001437039,0.0,0.0016852922,0.001177987,-0.00039216687,0.0024209262,-0.00047629463,6.695922e-05,0.0016589272,0.0030675132,0.00030985705,-0.000609002
2019-07-26,0.0047924197,0.002499216,0.00053155475,-0.0016300792,0.0010810551,0.00026246128,0.0018278465,0.002385892,0.002878684,-0.00079137704,-0.0016130847,0.0017530699,-0.0009980721,0.00031679278,0.0036834867,-0.001575127,0.0027864838,-0.0008294537,-0.00049578655,0.0047924197
2019-07-29,0.006464436,0.0,0.0004753934,0.0,-0.00047086223,0.001516607,0.000764533,0.002091419,0.0039201365,-0.0011829392,0.0015024885,0.0003766025,-0.003121062,0.0020655217,-0.0001143483,0.0016080734,0.0020962057,0.0015553449,-0.001465499,0.006464436
2019-07-30,0.0006915551,-0.001809376,0.00074878254,7.227656e-05,-0.001147114,0.0017743439,-0.0010015443,0.0008319079,0.0019330895,0.0004482312,0.002948372,0.0044522486,-0.003052985,0.0035580297,0.0049440353,0.0041925833,-0.0005044425,0.0043631797,0.00039364028,0.0006915551
2019-07-31,0.0014314085,0.0021469612,0.0008744114,0.0019071441,-0.00011916195,0.0,-0.0010979356,0.00031115534,0.0017501995,0.0016333925,0.0065546366,0.0035878741,-0.0052301004,0.00091117097,0.006472517,0.0051418184,1.2500396e-05,0.004198579,-0.00044185572,0.0014314085
2019-08-01,0.0,0.0027516661,0.0038196507,0.0012447984,0.0011426617,-1.6306862e-05,0.0013790709,0.0067033675,0.003309124,0.0014843968,0.0095155975,-0.0010489327,0.0,0.0019859693,0.0040296344,0.0,0.0012220469,0.0031716945,0.0026160846,0.0
2019-08-02,0.0020327026,7.689519e-05,0.004414305,0.0013015254,0.00071947335,-0.0008886045,-0.003481201,-0.00083468005,0.0050975415,0.0020037217,0.0021319662,0.00036819087,0.0018125832,0.000521824,0.006538669,0.0011843623,0.0029612512,-0.00055373827,0.0016217426,0.0020327026
2019-08-05,0.0,0.003316867,0.00047141797,-6.8029076e-05,0.0,-0.00095316046,0.0033579445,-0.0028735711,0.0017114673,0.0019275069,0.0027418283,0.0006220639,0.00026173415,-0.0003488635,-0.0012726889,0.0022929364,0.0025761304,-0.0013741135,0.0,0.0
2019-08-06,-0.001370121,0.0026317255,0.0006742964,0.0007346856,-0.0014624841,0.0021842702,0.0024612285,-0.0024569058,0.003533012,0.00013086143,0.0024117935,0.00034109232,0.0009510959,0.0018769488,8.121796e-05,0.0,0.0043605715,0.0028812527,0.0010542737,-0.001370121
2019-08-07,-0.0009993915,0.00090674893,0.00074042246,0.0029025252,4.171331e-06,0.0014667606,0.0047854017,0.0028567906,0.0022130215,-0.00044012445,0.00021170305,0.001402854,0.0032783216,0.001741613,0.00084876164,0.0013489303,0.0007136019,0.002498117,-0.00030463556,-0.0009993915
2019-08-08,0.008418723,0.0033483582,-0.0008658815,0.002663292,-0.0026350184,0.003449284,0.0016716253,0.0022754087,0.002806078,-0.0006952034,0.0037989253,0.0015033967,0.00049581326,0.0055759996,0.0009115542,0.00050064037,0.0023877767,-0.00019814773,-0.00016556523,0.008418723
2019-08-09,0.0027193832,0.006705542,0.001536991,-0.00041773912,-0.00028228003,0.0017103425,0.0035500715,0.001743408,0.0015166342,-0.00025168064,0.0026817329,0.0025440021,-0.00028340946,0.0012652976,0.0029718964,0.0007237235,0.0029223887,0.0020344905,0.0004928528,0.0027193832
2019-08-12,0.0009957838,0.0035322367,0.0023208172,0.0011465541,-0.001054172,0.00068010716,0.0041105393,-0.0019411278,-0.001365797,-6.912087e-05,0.00071422354,0.0050346926,-0.00017192113,0.0016541693,-0.0007078761,0.0040246397,0.0016203995,0.00034501718,0.0008980352,0.0009957838
2019-08-13,0.0006292368,0.00070459675,0.000904564,-0.001112947,-0.009596206,-5.188267e-05,0.00086573965,-0.003522387,0.00012255205,-0.00081714796,0.0007422124,0.0068121934,-0.001815345,0.0012885482,-0.0023223502,0.0043434575,0.0020909854,0.001305644,0.00039974993,0.0006292368
2019-08-14,0.0,-0.0006518776,0.00232554,0.0011839137,-0.0049351417,0.0025232534,0.00097295654,0.0049481536,-0.0004621617,-0.0010840339,0.0011603128,0.0016484538,-0.0009280374,0.002039538,-0.0017372014,0.0025669485,0.0036269038,0.0011786877,0.0005771277,0.0
2019-08-15,0.00288965,-0.0020183532,0.003516637,0.0007359805,-0.001528518,0.002191614,0.0010792604,0.0042579114,0.0018514054,0.001257273,4.3530286e-05,-0.00073815987,1.6086464e-05,0.004333439,0.0018834207,0.0007746508,0.0051144073,-0.001081748,0.0001274104,0.00288965
2019-08-16,0.008556017,-0.0044640126,0.0046282467,0.0020631067,0.004884977,0.0031967035,0.0015713517,-0.0011006976,0.0036537321,0.0023293027,-0.0003801817,0.0005977791,0.005188017,0.0032791945,0.00015940767,0.0048049423,0.0019150977,0.0042070653,-6.937149e-05,0.008556017
2019-08-19,0.0026929157,0.0,0.0033981898,0.001156402,0.009912012,0.0039952337,0.0025502145,0.0030682357,0.0037452416,0.0030716937,-0.003070437,0.0006210103,0.0039942106,0.0031546948,0.0017214175,0.004532983,0.003011703,0.0033424709,0.00024040752,0.0026929157
2019-08-20,0.002029118,0.0036923038,0.0010491946,0.0039159018,0.0067359195,0.0009729757,0.0019452892,0.004236651,-0.00445295,0.0016473262,-0.001697086,0.000537256,0.0039006723,0.0028315198,0.0035081569,0.0053865425,0.0,0.0010971901,0.0045314855,0.002029118
2019-08-21,0.0041111526,0.0012723686,0.0019122959,0.0017082532,0.0031490556,0.00325842,0.0,0.0002501456,0.0,0.00028781546,-0.008808005,0.00053900905,0.0019571371,0.0025293122,0.0,0.0007311571,-0.0021892441,0.0030596182,0.0029641085,0.0041111526
2019-08-22,-0.00016926191,0.0060748123,0.0,0.004263336,0.0012465067,-0.0001869382,0.0006333241,0.00092703407,0.0011357495,-0.00081449957,0.0062072696,0.0037597623,0.0018572353,0.0010885898,0.0014856651,0.0011600035,-0.001421596,0.00073143764,0.0026869676,-0.00016926191
2019-08-23,0.00091976416,0.0051770117,0.0029760003,0.004150658,0.0043810755,2.133632e-05,0.0025832397,0.0022808588,-0.0003525331,-0.00069136766,0.041837033,0.0026010291,0.0034013875,-0.0019092801,0.0022412562,0.0011584036,0.00011315674,0.0037522633,-0.001122744,0.00091976416
2019-08-26,0.0024183341,0.003147566,0.0044808607,0.0039123083,0.00075736875,0.0010323948,0.0037012696,0.0017085503,0.002571521,0.0022035837,0.004243241,0.0016514845,0.00012274057,7.871409e-05,0.0016008096,0.0005563187,0.0012036379,0.0016695852,-0.00028347663,0.0024183341
2019-08-27,0.0017209854,0.0026815457,0.00492522,0.004806118,-0.0009200278,0.0007414151,0.0034104595,0.0017316332,-0.007922591,0.0012715283,0.0162622,0.0010156208,-0.0039030921,0.00020147304,0.0031304942,0.0027963321,0.0014443995,0.00058907707,0.0034031582,0.0017209854
2019-08-28,0.002466386,-0.00035331148,0.003129148,0.0020298618,0.0017264003,-0.00030862793,0.0013792438,0.0013030317,0.0008817409,0.0,0.0072270525,0.0011995496,0.000247806,0.0021820648,0.004888966,-0.00014130019,0.0003756899,0.0043475516,-6.369975e-06,0.002466386
2019-08-29,0.0018056617,0.003820396,-0.0004587532,0.00065852655,0.0014993558,0.0,0.0036199081,0.0007535646,-0.0010267061,0.0007862361,-0.001237586,0.0017167389,4.152092e-05,-0.00019211267,0.0021992486,0.002335459,0.0,0.0043952623,0.0029218057,0.0018056617
2019-08-30,0.0022798101,0.0006439433,0.0018183335,0.0027313626,0.0027977244,0.00030248298,0.00077614776,-2.829356e-05,0.0014278608,0.0008323712,0.003321147,0.0008306349,-0.001217133,0.0008973175,0.0060333223,0.00064557994,-0.00060150854,0.003754231,0.0022405954,0.0022798101
2019-09-02,-0.00015784327,0.00092780055,0.003799339,0.0022568323,0.0,0.0,0.0030185173,0.0004153937,0.0018558688,0.002756528,0.0028041843,0.0012830156,0.0036524113,-0.000115561605,0.0028346772,0.0018260323,0.0003217408,0.0013325204,0.0012238967,-0.00015784327
2019-09-03,1.9903404e-05,0.001274394,0.00085102976,0.0006304714,0.00022826037,0.000629183,0.0051359357,0.0003615298,0.0026555208,-0.00029161075,0.0,0.0019884,0.0020854108,0.0,-0.0034426188,0.0024512555,0.006033504,0.00560721,0.0008552191,1.9903404e-05
2019-09-04,0.0014789912,0.001507599,0.0013088011,-0.00080721005,-0.0027686984,0.0,0.0017175057,0.002094406,0.005998566,0.005690407,-0.0021739297,0.0014504759,0.002146045,0.0,0.0010300045,0.0027583693,0.0021220932,0.0016743613,0.002904032,0.0014789912
2019-09-05,0.0012580849,0.0016014256,-0.0011577257,0.0016804863,-0.00070362317,0.0010236566,0.0014493974,0.0015093111,-5.727526e-06,0.0025027313,0.0005018628,0.0038047829,-7.791778e-05,-0.00096061383,0.001720483,0.00049872644,0.0006434991,0.0031198184,0.0010236176,0.0012580849
2019-09-06,0.0037981258,0.0014231575,0.0026553064,-0.0003239674,-0.0019615255,0.0014747689,0.0026626736,0.00093916757,0.0035188377,0.0039978037,0.0016585896,0.0011393533,0.0004200943,0.0018811082,0.00048682222,0.0016658589,-0.0074899597,-0.0013462307,0.0009219873,0.0037981258
2019-09-09,0.002288495,0.00020025161,0.0008879118,0.0006068089,0.0025078228,0.002683206,0.0013573227,0.0,0.004774668,0.0,0.009040719,0.0014010615,-0.0013149527,0.0007114793,0.0038202964,-0.0013021488,0.0015848499,-0.0011067034,0.0017354989,0.002288495
2019-09-10,-0.0010908834,0.0033232498,-0.0011288655,0.0006830571,0.0023537937,0.0,0.001168881,0.00082815834,0.009824738,0.0018051697,0.0027311442,0.0014005433,0.0005413728,0.00072684145,0.0014673751,0.00091367407,0.0025062056,0.00092747255,0.0025179991,-0.0010908834
2019-09-11,0.0,0.0030508435,0.0016574935,0.0039144726,0.0020267912,0.00069663895,-0.00075895427,0.0020952432,0.0019913437,0.001812959,0.007286776,0.0017269853,0.001810792,-0.0009635639,-0.0019775357,0.0038636776,-0.0007761234,-0.00032685476,0.009175776,0.0
2019-09-12,-0.0034506635,0.0002639319,0.00036224118,0.0010774266,0.0,0.00013731481,-0.0008772344,0.0038377044,0.0,0.002501203,0.0017244747,0.00068590505,0.0044626854,0.00026060393,0.0028054256,0.004672457,-0.00077632105,0.0002653599,0.0007559557,-0.0034506635
2019-09-13,0.0026918151,0.00028823383,0.0019989014,0.00031795196,0.0010000148,0.0008802064,-0.0026437927,0.0017318176,-0.0075388486,0.0,-0.0034659703,0.000587625,0.005610017,0.0054321564,0.0108414255,0.0026603616,0.001066028,0.0006830931,0.0026201128,0.0026918151
2019-09-16,0.004798833,0.0,0.0003159284,0.0018042405,0.004272474,0.00028787085,-0.0016580048,0.005124483,0.00093029306,0.0016357867,-0.0023081582,0.00037681859,-0.0005590205,0.0025587897,0.0020549614,0.002260669,0.0031567519,0.003550697,-0.0015479887,0.004798833
2019-09-17,0.00034765212,-0.0010690417,-0.00074026576,0.0025655318,-0.00055550924,0.00033843154,-0.0025290896,0.0001362422,0.0037062082,0.0024687403,0.0006922484,0.00012546722,0.00074606045,-0.0061134123,0.001791922,0.001231274,6.464793e-05,0.00234086,0.006178927,0.00034765212
2019-09-18,0.0007986264,-0.0027582303,-0.0036937352,0.0024115106,0.0004679091,0.0019144875,-0.0003258468,0.0037185806,0.0008315318,0.0021879955,0.0018436306,-0.0006879801,0.00042633893,0.002711349,-0.0022895068,0.00047652668,0.003897562,0.0004354709,0.0031550264,0.0007986264
2019-09-19,0.002489582,-0.00038844696,-0.0018003414,0.0,0.0029606414,0.0032324472,0.0018483843,0.0,0.0038024436,-0.00032444127,0.0023323044,0.0018780921,0.0005395014,0.0013607176,-0.00080542685,0.0023286177,0.0034774183,-0.0010823736,0.004968603,0.002489582
2019-09-20,0.0025255664,0.0016560978,0.0015291605,0.00274989,-0.0007125681,0.004953446,0.004393104,0.0035942423,0.008544064,0.0,0.0017649226,0.002485487,0.002566784,0.0019768327,0.0021086466,0.0007390148,-5.4688648e-05,0.002856333,0.00059185113,0.0025255664
2019-09-23,0.0037486302,0.00079984724,0.0056432714,0.001491464,0.0013328753,-0.0018873238,0.0030847932,0.001399202,0.0044652815,-0.0051363395,0.005744647,0.0,0.0021529323,0.002270784,0.0,0.0009312265,0.006429144,0.00016797025,0.002654962,0.0037486302
2019-09-24,0.0017034304,0.004202886,0.0023808912,0.002958476,-0.0001936381,-0.001758788,0.0009352723,0.0020291281,0.0,-0.0008351902,0.0065884036,0.0,0.0022838125,0.0036016062,0.0009047087,0.0036243424,-0.0028517887,0.0008989112,0.002360251,0.0017034304
2019-09-25,-0.0043383613,0.0047651315,0.0022871674,0.0029664966,0.0010567793,-0.0011291706,-0.0013579992,0.0001970751,0.00068645086,0.0026828412,0.008723793,0.0010936593,-0.0008305988,0.0055100657,0.00042473225,0.0010118862,8.912803e-05,0.0021501533,0.0025424797,-0.0043383613
2019-09-26,0.0025426585,0.0060251774,0.0039805877,-0.0011730134,-0.0064846887,0.00013727538,0.001589861,0.0028315473,0.0061429343,0.0035328863,0.00086359814,-0.00029194928,0.0028254827,-0.004668731,0.0059199273,0.002692759,-0.004970585,-0.0003650524,5.683516e-05,0.0025426585
2019-09-27,0.005745754,0.001092807,0.0028964244,0.0023898068,0.0,-0.0005332423,0.0021184157,0.005993941,0.0060412115,0.00038812312,0.003702421,-0.0004327687,0.00033919443,-0.0020854124,0.00053589215,0.0036539633,0.0022967893,-0.00083241536,0.0020160154,0.005745754
2019-09-30,-0.00033982543,0.0001279109,0.0029406832,0.0034124022,0.0026114103,0.00014450017,-0.0013670364,0.0050172163,0.003845547,0.002324469,0.0019688106,0.0008674908,0.0017115587,-0.0021368272,-0.0012459323,0.0067180847,0.0025664924,0.0039469595,-0.0025054866,-0.00033982543
2019-10-01,0.0029314524,0.0,0.00010659513,0.00097413256,-0.00038274954,0.0018899253,0.0,0.004533392,0.00019027053,0.0045335353,0.0061873365,0.0016342077,-0.0029464816,-0.0034177408,0.0043753283,0.0,0.0,0.0030469592,0.0019545348,0.0029314524
2019-10-02,0.0022976166,-0.0002512045,-0.0005169161,0.00031038435,-0.00055461685,0.0023287514,0.0,0.0025546276,0.0065572467,0.003797402,0.0031972192,0.0017120108,-0.0012719936,0.0016217529,0.0005637152,0.0018038872,0.0033466916,0.0015952003,0.0010217129,0.0022976166
2019-10-03,0.0015090494,-0.0016141095,-0.00038397414,0.00067866506,-0.00034982758,0.003071588,0.0057328637,0.001212405,0.0015551886,0.0014640925,0.003317406,0.0008910842,0.00256562,0.0015100547,0.0040151146,0.005438891,0.0008336802,-0.0018578087,7.184053e-05,0.0015090494
2019-10-04,0.0,0.0052209836,-0.00024409997,0.00059394044,-0.003227528,0.0030414513,0.0022060953,0.0,0.0077465493,0.0025329182,0.005426216,0.0,0.0022950275,0.0028551328,0.0015649787,0.0013630776,-0.000158397,-0.00016278474,0.0015332483,0.0
2019-10-07,0.0017086637,-7.523372e-05,-0.0010661676,0.002658235,-0.00032118396,0.0010861689,0.0022912875,0.0001530271,0.0073170112,0.00083146134,0.003397756,-0.00013139333,0.0016193038,3.8538466e-05,0.0014270802,-0.0012095509,0.002583025,0.0015010588,0.00484699,0.0017086637
2019-10-08,0.0014671515,0.0025480045,0.0005353342,0.0014316335,-0.00029790972,0.0018520752,0.0021917343,0.0,-0.0020014767,0.0015088887,0.0059693535,0.001203496,0.00042850323,-0.0007442901,0.0,0.0,0.001054029,0.0023017288,0.0039197817,0.0014671515
2019-10-09,0.007996022,0.0020353002,0.0033048026,0.0006304227,0.0009997601,0.00033735685,0.0013089264,0.0004302534,0.0014537071,-0.0015140801,0.0069892085,0.0048826365,0.0007015337,0.0029304412,0.001939663,-0.00052001176,0.00090102904,0.00033449865,0.0008729527,0.007996022
2019-10-10,0.0018219461,0.0023006098,0.004029371,0.0012715848,0.0011491866,0.0009326477,0.0026553718,-0.0003491704,-0.0038902978,9.1594025e-05,0.009241969,0.0012597523,0.0003503462,0.0018484544,-3.1920543e-05,0.0011756889,0.0055986783,0.0005469716,0.0047685592,0.0018219461
2019-10-11,0.00084564736,0.0030003968,0.0031805143,0.0,0.014243312,-0.0028519626,0.0010178154,0.0019894557,0.0012304485,0.0011363946,-0.001316249,0.0015733364,0.0005178097,0.001933184,0.002006508,0.0060519553,0.0053663338,0.0022777137,0.00042476106,0.00084564736
2019-10-14,0.0,0.0039905803,0.003276464,0.0015378366,0.0026713705,0.0018172024,0.0013569349,0.0006458108,0.0003579254,0.0013105622,1.8553388e-05,0.001256911,-0.00018422239,0.00015017389,0.0011628218,0.0005202387,0.0027798181,0.0044243503,0.0006547922,0.0
2019-10-15,0.002143713,0.0024076798,0.0007859606,0.002462566,-0.001151031,0.0018250825,0.0002193865,-0.0021645525,0.00093630125,0.0029863552,-0.00319431,0.00012645165,0.00015673817,0.0002696297,-0.0011338429,-0.00038911848,0.0037574314,0.00049664575,0.0045836275,0.002143713
2019-10-16,-0.0024174158,0.0015373988,0.00047442244,0.0014351764,-0.0016426307,-0.0012802022,-0.0007801231,0.0,0.001095319,0.0023135266,0.0,0.0001641051,0.0010123193,0.0006378004,0.005675103,0.0,0.0020172182,0.00084892416,0.0039785993,-0.0024174158
2019-10-17,-0.0004757573,0.0021446384,-0.0019550761,0.0011720442,-0.0077993525,-0.0036229647,0.0015354393,0.0018612663,0.005904291,0.0016068043,0.01973891,0.0028941932,0.0038882901,0.0022019306,0.00032936607,-0.0002999399,-0.0015804216,0.0016292204,-0.0027097636,-0.0004757573
2019-10-18,-0.0039516976,0.0025635548,0.0026244326,0.0021990647,-0.0053570764,-0.0013267664,0.0031320995,-0.00019759935,0.0051469374,0.004787856,0.0071388804,0.00013669794,0.0014745443,-8.907508e-05,0.0038452824,0.0027950502,-0.00044199743,0.004657024,-0.0049227723,-0.0039516976
2019-10-21,-0.002428774,0.0015359923,0.0023600636,0.0017255995,0.005509034,0.003807363,0.00064547034,0.00088055484,0.0,0.002464025,0.009471379,0.0033015409,0.00012408024,0.0021754135,0.0019419129,0.0063778516,0.00052261713,0.0018786216,0.0005817798,-0.002428774
2019-10-22,0.0025527878,0.000830015,0.0022392005,0.0009448438,0.0,0.0026499187,-0.0019642648,0.002295997,0.0005291181,0.001988621,0.006350713,0.001679756,0.0033642466,0.0012382789,0.0043543545,0.0034899116,0.0047861887,-0.00014563896,0.0,0.0025527878
2019-10-23,0.0033271797,0.0008477851,0.001067064,0.0023435196,0.0027789338,0.0037879439,0.0013241397,0.0019249403,0.00034576593,0.0041765906,0.0009272279,0.0,-0.00055970484,0.0023507,0.0046379087,0.002255425,0.003800794,0.0011765225,0.002328297,0.0033271797
2019-10-24,0.0034331314,-0.0021479905,-0.00047573014,0.0013120387,0.0009878795,0.0008609438,-0.0003463493,0.0,-0.0007274317,2.2220398e-05,0.002608337,0.0014221079,-0.000114957744,0.0065359795,0.0054037482,0.0022694904,-0.0027396986,0.000968841,0.004022866,0.0034331314
2019-10-25,-0.00062289136,-0.0002514413,0.0009543964,0.0012514422,0.005574236,0.00022595069,-0.0012020821,0.002871257,-0.003948837,-0.00034832448,0.0046711233,-0.0008266653,-0.00080938445,-0.0039050796,0.0014721681,0.0022055975,0.0,-0.0006560403,0.0017186718,-0.00062289136
2019-10-28,0.0001539062,6.1017945e-05,0.0008421657,0.001791698,0.00034681353,0.0013827458,0.0016209501,-0.0010706332,0.010111517,-0.0013895192,0.00014805915,0.0024520294,0.0011930185,-0.00033301584,0.0013283717,0.002531398,0.00036774395,0.00035148472,0.000495471,0.0001539062
2019-10-29,0.00028775292,-0.0018542982,-0.0015057354,0.0030756618,0.0012752451,3.82234e-05,-0.0003618185,-0.001525883,0.0016030982,0.0015490322,0.0018374424,0.0010744927,0.0012090441,0.0033678573,0.0010192512,0.0022244581,0.00053884333,0.0013576553,-0.0003855756,0.00028775292
2019-10-30,-0.0027673352,-0.0013140906,-0.0013490955,0.0013541648,0.0038769173,0.002251166,0.0039536427,-0.003845594,0.0037389074,-0.0013015226,0.0021496732,0.0012510557,0.0035789616,0.0002145324,0.0008047287,0.002986872,0.0032713905,0.00055632734,0.0074936976,-0.0027673352
2019-10-31,0.0,-0.0018854234,0.00092585315,-0.00063347834,0.00094520627,0.0022048233,0.0067436052,0.0,0.0081667565,9.0421985e-05,0.001003525,0.0014518272,0.0008353052,0.001073242,0.002959136,0.0028052418,0.001776532,0.0010001794,-0.0063043283,0.0
2019-11-01,0.0036520544,0.0019223489,0.0014018852,-0.0026922862,0.0032397744,-0.00025016614,0.004626068,-0.0015649763,0.00348098,0.0009740533,0.0008572979,0.0016266976,0.0005953811,9.126274e-05,0.00607008,0.0022944259,0.0011924208,0.0012658931,0.0011771824,0.0036520544
2019-11-04,0.0025721125,-0.0027618536,0.0014146974,0.0005729649,-0.00023660602,0.00049062906,0.0028092465,-0.00053655717,0.0,0.002724366,0.003629323,0.0015934149,0.0018387242,-0.00035700708,0.0016223992,0.0020290345,-0.0006758204,0.0038367484,-0.001445098,0.0025721125
2019-11-05,0.0009420488,-0.0006833759,0.0016387935,0.0062452774,0.003663044,-0.0019389396,0.0010160041,0.0050166226,0.0022697556,0.0026305392,-0.0024435408,0.0010924191,0.0039498755,0.0025433202,0.0031842222,0.0021203652,0.0017179542,0.0036540008,-0.0027039794,0.0009420488
2019-11-06,0.0,-0.0018031644,0.0058617922,0.007902866,-0.000321739,-0.0009135504,0.00015849176,0.0020169707,0.00035877872,0.0022114003,0.002151923,0.0,0.00072903687,0.0035510706,0.000743882,0.002726591,0.004049001,0.00067529076,0.0028224983,0.0
2019-11-07,0.0007129307,0.0004973802,0.0031559346,0.0057859495,0.006514275,0.007847013,0.0009324557,0.005825937,-0.004068364,0.0017796395,0.009786682,0.0,0.0060637025,0.0021072947,0.0023666322,0.001939083,0.0028139206,0.00013012234,0.0027075694,0.0007129307
2019-11-08,-0.0016152653,0.001160314,0.0009050459,0.002151732,0.0037656075,0.0037246705,0.0033138967,0.002047581,0.0026461107,0.0024358681,0.0021238169,0.00043423445,0.0059655476,0.0,0.0,0.00283235,0.003050722,0.0018085592,0.0028765833,-0.0016152653
2019-11-11,-0.0023464672,0.0009945959,0.00070667,0.004128904,0.004331296,0.004095311,0.0034276913,0.00025691206,0.0037637316,0.0028301978,0.005405134,0.0007138237,0.002924167,0.0024178573,-0.003018855,0.0012127697,-0.0036528,0.0054400205,-0.0010037285,-0.0023464672
2019-11-12,-0.00041091838,0.0023385796,-0.0002708319,0.0020168868,0.006703284,0.0057785055,-5.09712e-05,0.008547194,0.00037767642,0.0020533442,0.0038603575,0.0017772844,0.0,0.0018493575,-0.0004154337,0.0015607477,-0.0017013386,0.00071394886,0.0028851032,-0.00041091838
2019-11-13,0.0032893876,-0.0017027522,0.00018505185,0.0019518635,0.0016090912,0.0047367183,0.006490085,0.004452277,0.005204463,0.00049979653,-0.0001710234,0.00015055943,0.0025551114,0.0014484948,0.00027278787,0.0007435272,-0.0051192166,-0.0036872404,-0.0011166437,0.0032893876
2019-11-14,0.002714932,-0.00029251218,0.0013019942,-0.0009782797,0.0023245916,0.003998265,0.002598288,0.00277564,0.023847844,0.0018976048,0.0017121363,0.0016228885,-0.00022279221,0.001416739,0.0009010381,0.0022291793,0.0016320298,-0.0012097332,0.00029329472,0.002714932
2019-11-15,0.0017112665,0.00047780861,0.0006040174,0.0042069396,0.0009901854,0.0039038125,-0.0025118995,0.006249398,-0.00059508195,0.010967687,0.00014615995,8.52565e-05,0.0010992432,0.00052820216,0.0,0.003144964,0.005454327,0.0008626853,0.0012296869,0.0012342317
2019-11-18,0.002439038,-0.0019024083,-0.00059359364,0.00045942437,0.0011062939,0.0018317013,-0.0071442877,0.009713558,0.0021188452,0.010310637,0.0046585877,-9.424351e-05,-0.0012674511,-0.00041810484,0.00058735884,-0.001512748,0.0011530786,0.0004734689,0.0031078863,0.00067123317
2019-11-19,0.0010909457,0.0048495964,-0.0028439995,0.00081297115,-0.0011201751,0.0034071526,0.0015990806,0.0031262375,0.0009798027,0.003740698,-0.0009576935,0.0015533622,0.0,-0.00059733563,0.0031788512,0.00081198633,-0.0008235214,-0.00011505514,0.0014498706,-0.0006484434
2019-11-20,0.001142015,0.002779274,-0.005121013,-0.0001794275,6.233754e-05,-0.0016145108,0.009316983,0.0028353315,0.0008007591,0.0059422744,-0.0017435292,0.0024441732,-0.0025059425,0.002475084,0.0014744084,0.0060952823,-0.0014723598,-0.0016290876,0.0021280844,0.00021505175
2019-11-21,0.0011435387,2.9677685e-05,0.0008346642,-0.0011264061,-0.00012197912,0.0,0.0027860287,-0.0019232042,0.0042418567,-0.0006349285,-0.0022182507,0.0024173618,0.0011267031,-0.002430527,0.0016420509,0.00097277446,0.0012888279,-0.0010361664,0.0023568678,4.870974e-05
2019-11-22,0.0018046756,0.0009422967,0.00014142635,0.00011271915,-0.0010636064,-0.00095206866,0.0032369988,-8.083701e-05,0.004571424,-0.00070466567,0.0050691715,0.0027227497,-0.0011841907,0.0007051384,0.0026952894,-0.0019740767,0.002503829,0.00072694937,0.0026906,0.0012975428
2019-11-25,0.002973717,-0.0016888919,-0.00087192317,-0.00234122,-0.0024303899,3.2996744e-05,0.0016569039,0.0033892673,0.0019266669,0.010926312,-0.00015961283,0.0027336297,0.00059340266,0.0017186718,0.002119223,-0.002019687,0.00206627,0.0008199759,0.0,0.0009303116
2019-11-26,0.0018496317,-7.8663594e-05,-0.001187639,0.0033961933,0.00022810264,0.0006395672,0.0025575333,-0.00070012343,0.0,0.006637588,0.0022279806,0.004237618,0.0,0.0017458657,0.0012719044,0.0029066082,0.0020767434,0.0039391164,0.0021107653,-0.00032866868
2019-11-27,-8.7534725e-05,0.0010943837,0.0012776024,0.007237428,-0.0066506015,0.005526475,0.0012996268,0.0,0.0035680134,0.007210127,0.011514182,0.00080961036,0.003629585,0.002981245,0.003955172,0.0017136061,0.001631068,0.0023064082,0.0026596328,-0.0031420744
2019-11-28,0.0013588406,0.00041981504,0.0016322783,0.0006746597,-0.012294728,0.0068892036,0.0012882485,0.003183516,0.003266809,0.0041748346,0.0060507213,0.0011747733,0.003290459,-0.0010997577,0.0028863715,0.00018773985,0.0011086717,0.002086029,-0.0016900762,0.00091135595
2019-11-29,0.0,0.00039524864,-0.000377116,0.0044629266,0.0017108876,0.0027748435,0.0005174869,0.0011433549,0.00672636,0.0064476277,0.002279639,-5.1167473e-05,-0.007627206,0.000700707,0.0022486749,0.0011901591,0.0022699973,0.0015901247,0.0012666665,0.0011775915
2019-12-02,0.0010322972,-0.001465557,0.0030065847,0.0026233133,0.0004248516,0.0008825444,0.0033618193,0.0009798915,0.0018379113,0.008474458,0.003237142,-0.00070525415,-0.005193234,0.0035388253,0.0054807826,-0.0008963048,0.0017585098,-0.0005156495,0.000921065,0.0033930484
2019-12-03,0.0013945117,-0.0005411155,0.0016609106,-0.0022230847,0.0027176384,0.00047920094,0.010100644,0.00032681137,0.0021410072,0.007425362,-0.00059806363,0.0026333027,0.00086313224,0.0017085822,0.0038442267,0.0011468024,0.00046990046,0.0021920092,0.0021809444,0.0002703065
2019-12-04,0.0,0.0014240823,0.0009941611,0.003391593,0.0009677608,0.00019434058,0.010365732,6.649003e-05,0.00029365352,0.008051673,0.00011985227,0.00025790033,0.0010304133,0.0031383848,0.00014127782,-0.0005106848,-0.00090454146,0.0011365827,0.0031906457,0.0002071827
2019-12-05,0.0016547709,-0.002115645,0.00197197,0.002059259,0.0010166988,-0.0013844193,0.00267424,0.0018362857,0.0020510391,0.010479083,6.361764e-05,0.0018592292,0.0056088325,0.00016990247,-0.0020394279,-0.0061976737,0.00039900953,0.0032942647,0.00012612113,-0.00082703185
2019-12-06,0.0016184665,0.00023187691,0.002978489,0.0054806164,0.0030716313,0.0016829738,0.0052119363,0.0030008962,-0.0015212534,0.01021255,0.00050824886,0.0022050072,7.145852e-05,-0.00028262427,0.00043351197,0.0022498735,-0.00043620844,0.004862805,-0.0010822827,-0.0038496281
2019-12-09,0.0,0.004636883,-0.0002457025,0.0048158667,0.0038897197,0.0011078856,0.003863543,0.0,0.006310045,0.005937961,0.0016668658,0.0023335963,0.000990415,-0.00078235124,-0.00047518782,0.0028970165,0.00084548624,0.00013045986,-0.0013363545,-0.0016343321
2019-12-10,0.00052954175,-0.00020168933,0.004677372,0.0047668195,-0.00026660308,-0.003300919,0.0042502563,-0.0013019913,0.0019770975,0.0042198817,-0.00033278036,0.0008647604,0.0035940947,0.0017902608,-0.0014258828,-0.0013783447,0.0039666584,0.000105420644,0.00017896744,0.0008400063
2019-12-11,0.0019914755,0.0027573414,0.0031021868,-0.0005636837,0.0026597346,0.00222718,0.0063287835,0.001480552,-0.00047747704,0.0007177231,-0.0009481286,0.0021085704,0.00017711896,0.0032788313,0.00018916302,0.0011684428,0.003775873,0.0016218207,-0.00047388335,-0.0015008794
2019-12-12,0.00257172,0.00058296643,0.0038433864,-0.0010718731,0.0012483529,0.004025965,0.00020069833,0.0027887349,0.0026555788,0.00019653887,0.0015793885,0.0003354083,0.00051614485,0.010051911,0.0037875955,0.0,0.0025237766,0.0009941234,0.0007446992,-0.0008376236
2019-12-13,0.0016714527,0.0013140447,0.0011262156,0.00010006803,0.0008557433,0.0045566033,0.0046686563,0.0042707142,0.0015375119,0.00027732874,-0.00015882489,0.0013681096,5.0518192e-05,0.0030370257,0.0035107504,-0.00014367068,2.9643259e-05,-0.002675167,0.0026246302,0.0024891638
2019-12-16,0.0009338586,0.0032517875,0.0039490596,0.0058828583,0.004550701,0.004307985,0.0033068042,0.004983664,0.0035511854,0.0043278267,0.00034641812,0.0017309493,9.249028e-05,0.009162958,0.002113399,-0.0012104546,-0.0026148628,-0.00095828,0.0015811971,-0.00024959177
2019-12-17,0.00041860944,0.0025279957,0.0011418716,-0.0030108641,0.0013036776,-0.0003274592,0.001042448,0.0012100053,0.0007206639,0.001330556,0.0038769343,0.00072176405,0.0020069,0.0018080962,0.0016112395,0.0026916394,0.0009594714,0.00048341195,0.0017312567,-0.0009381085
2019-12-18,0.0008118645,0.0018079773,0.0007132107,-0.003358455,0.0011763751,0.00062115124,0.00506953,0.0001940716,0.0064648655,0.004976881,0.0031192834,0.0034509955,0.0025741272,0.0008537762,0.0015729332,0.0028064915,0.0018422932,-0.0054623033,0.0016256471,-0.00043243743
2019-12-19,0.0026404196,0.00023535533,-0.0004695268,0.0035896713,2.494658e-05,0.0028019848,0.00538197,0.0010269206,0.0022338105,0.0013274408,0.0026293446,0.001108181,0.0024964614,0.004396338,0.0012444574,0.001467487,0.0010965661,-0.00034320235,0.001758687,-0.00086613325
2019-12-20,0.0009679548,-0.00083699817,0.0014104377,0.0010591105,0.00020237047,0.0034449939,0.0,0.0016562585,0.0,-0.0057062367,0.0052015614,-0.00089263666,0.005410102,0.0023279306,0.0018285239,0.0021472047,0.0009454077,0.006408836,0.0011102816,0.0020013761
2019-12-23,0.0,0.0007648284,0.0028639114,0.002806409,-0.00046786413,0.0043165954,0.0015626013,0.0017115552,-0.0006072445,0.004884024,0.00041128317,-0.0022469694,-0.0025588365,0.0019877471,0.0017513989,0.0010829583,0.0010878434,0.0017544312,0.00057522143,0.00028419716
2019-12-24,0.0012204574,-0.0016340321,0.002509158,-0.0015490345,0.00030865724,0.0010653526,-0.003108464,-0.00060448796,-0.0030602068,0.0040296535,0.0,0.0008455354,-0.0060758116,0.004353453,-0.00033037338,-0.0012680732,0.0003997043,-0.00052523596,-0.0013101215,0.00085806084
2019-12-25,0.0,0.004043948,0.0031694304,0.0050361063,0.0028030484,0.0022937418,0.0024564622,0.0037337993,-0.0029849478,0.0,0.0017126922,-0.0049234363,-0.0023462737,0.0021701478,-0.0008710315,-0.00016850859,0.00080160954,0.0003103579,0.0028466643,0.00026310864
2019-12-26,0.0005988441,0.0007103873,0.0035724342,0.008062631,0.00034682624,3.024863e-05,-0.001230074,0.0032713728,-0.0016288869,-0.0001741566,0.0018032242,-0.00011196799,0.0010181562,0.0041569225,0.0016338124,0.0014679811,0.0012063654,0.0012231168,0.00341845,0.0010031854
2019-12-27,-0.0004186779,-0.00044876128,0.0,0.003293214,0.0011945743,0.00092320016,-0.0017354584,0.00085932337,0.0018614652,0.0022425374,0.002451977,-0.0015099943,-0.0014250908,0.00026279155,0.001902959,-0.0011453845,0.0017411131,0.002425892,0.002308703,0.0028256658
2019-12-30,-0.00015860848,0.0021846136,0.00072319777,0.0041888235,0.0015117524,0.0027242354,0.0016050348,0.0032641473,0.001625111,0.0012412946,0.0022277927,0.0011313508,0.0017385778,-0.0003466063,-0.001947057,-5.4195203e-05,0.0034170493,0.0032512182,0.0010972196,0.00079923344
2019-12-31,0.0014402539,0.0,0.006181691,-0.0010690811,-0.0034188507,0.0010150847,0.0,-0.0002685917,0.0035964786,0.0020250066,0.0060617453,0.00097119436,0.004214723,0.00038738095,-0.0003127339,0.003804959,-0.00028359683,0.0034297903,-2.697093e-05,3.823933e-06
2020-01-01,0.00078811473,-0.00045429962,0.0050594676,0.007748629,0.0014543436,0.0,0.0030046953,-0.00044499632,0.0032882267,0.0023288364,0.004367183,0.0028169584,0.0014084723,0.0,0.000863521,0.0012213734,-0.00068011746,0.0025775742,0.00016228609,0.0028614614
2020-01-02,-0.0011243507,0.00017266536,0.002871083,0.007384552,0.0016541374,0.0011678902,0.00481158,0.0005611389,0.0015308673,1.2670131e-05,0.004945039,0.00071046216,0.0018751121,0.0028183267,0.0010352432,0.00023355102,-0.0012937046,0.0019995612,-0.00026420434,0.0
2020-01-03,0.00171774,0.0002307279,0.00053941715,0.0015366117,0.0048636287,0.0017498926,0.0034005595,0.0,0.0005919814,-0.0024596201,0.0001355679,-0.00043308287,0.008118652,0.0022088236,0.0010474618,0.0003776175,0.0011398275,-0.0012377185,0.0,0.0014281814
2020-01-06,0.0012848347,-0.0011994919,0.0006968174,-0.00032415555,0.002439253,-0.0021335362,0.0015706145,0.00032850297,0.0020360372,0.0023664772,0.0025044656,0.00015291478,0.0054021724,0.0011307434,0.00031059788,0.0,-0.0012293672,0.002668794,-0.0023454912,0.00033132115
2020-01-07,0.0016701163,0.0020488396,-0.00039475493,0.0008330161,0.0033956696,-0.0015355315,0.0059645157,0.0014146101,0.0021391313,0.0021923091,0.0046668304,-7.469301e-05,-0.0041096746,0.0025659753,0.0023087952,-0.0010957003,-0.00040208438,0.0023139094,0.0,0.0026360059
2020-01-08,0.0015984696,0.0020460272,0.0017082841,-0.0009824155,0.0023819963,0.00023123907,0.0016243192,0.0016192842,0.0017152732,0.0015704937,0.0035537619,0.0007233852,0.0006412023,0.006995418,0.0,0.0027888366,0.00014885496,0.00073059794,0.00020214,0.0009847704
2020-01-09,0.0007444363,0.00046900328,0.0016853346,0.0019407279,0.0022316943,-0.00040346757,0.0018124912,0.0016344194,0.0020652667,0.0035099732,-0.00010212272,0.0023575663,0.0020344192,0.0003267287,0.00063092593,0.0026604333,0.0014672142,0.002550177,0.00035637378,0.0013416278
2020-01-10,0.0015382176,0.0016380002,0.0026870703,-0.001126731,0.0016003252,0.0010678293,0.0013017185,0.0032491123,0.0018808291,0.0032409744,0.0035453602,0.0013992261,0.00089951744,0.00013929365,0.00018536684,0.001195638,0.00200436,0.0019854098,0.0003386615,-0.0010692304
2020-01-13,-0.00026427518,0.0014516778,-0.00032560952,0.0016880113,-0.00012096384,0.002266861,0.0013071948,0.0010233878,0.0019093894,0.015673311,-0.00026748283,0.0006160811,0.0,0.0018885107,-0.0013389597,0.0027724016,0.0025293832,0.0017671202,0.00229618,0.0013084839
2020-01-14,-3.6383815e-05,0.0033130755,0.0,0.002873937,0.0034131329,0.003827087,0.002558968,0.00094226986,0.00024601258,0.003151675,0.0007462365,7.471846e-05,0.0023172179,0.0012902201,-0.00029776935,0.0016804035,0.001159877,0.0016824248,0.002014858,0.0027091482
2020-01-15,0.00064889673,0.00062814966,-0.0019462471,0.0075433482,0.003944321,0.002196463,0.004452534,-0.0008912246,0.00032422665,0.0036939895,0.0006788609,-0.00029195013,0.00021710026,0.000812189,0.002006331,0.0027260664,9.758943e-05,0.00031554006,0.0003777036,0.0022279702
2020-01-16,0.0013295519,-0.0007136684,0.0017228789,0.008512388,-5.1192434e-05,0.0026505897,0.0014744322,-0.00056512794,0.0009966975,0.0023417529,0.00083347684,-0.00046235675,0.0011429909,0.0020095357,0.0024509316,0.004920249,0.0025060205,0.0007915707,0.0008165313,0.0
2020-01-17,0.00036340204,0.0,0.0,0.0045343284,0.0009859997,0.0023234522,-0.00195581,0.0038290275,0.0014231281,0.0025635178,0.0013638604,0.0010201962,0.0034157601,0.004764728,0.0016615241,0.004021437,0.0029412864,0.0009208382,0.0004736816,0.0014092163
2020-01-20,0.0021424121,0.0010350602,0.0016005544,0.00093484495,0.0015792556,0.0032423798,-0.00443071,0.001646685,0.0024090975,-0.00065241486,0.00014180125,0.00174145,0.003205488,0.002507803,-0.0012205845,0.0016242611,0.002399617,0.001228389,0.0013537478,-0.00029618974
2020-01-21,0.002016657,0.0,0.0019034103,0.008850663,0.0015989973,0.00143319,-0.0001629752,0.0012371517,0.003223281,-0.00035446422,-7.960903e-05,0.0008540837,0.0014400764,0.0017967464,0.001040338,0.0006294496,0.00035945594,0.0028981285,0.0012559347,0.0015366002
2020-01-22,0.0007500533,0.0026785987,0.0020154375,0.0040479614,0.0013727936,-0.00040021504,0.002816091,-3.2435877e-05,0.0026822237,-0.004398371,0.0004711998,0.0017865975,0.0013224587,-0.0014514732,-0.0006879387,0.0019747936,-0.0021940412,0.0041894554,0.0,0.0017134887
2020-01-23,0.001164463,0.0,0.0071079354,0.0034374231,0.0010525484,-0.0010538937,-0.0077964147,0.00012561055,0.0026034494,0.0011813068,0.0018794591,0.0017271145,0.00011108362,0.0014735453,2.413057e-05,0.0026635907,-0.0024879922,-0.0011919817,0.0014547725,0.0032484913
2020-01-24,0.0014633791,-0.00092562236,-0.00032641992,0.0033938529,0.0008054552,0.0012520354,-0.002641975,0.00057283626,0.002496565,0.0021715579,0.0016891613,0.0,0.0,0.0028063497,0.0017871389,0.0036596789,-0.003104737,0.0012216811,0.002096393,0.00043592235
2020-01-27,0.0,0.0009661342,-0.00023200845,-0.0041206563,0.001805245,0.00036678303,0.0,0.0023255926,-0.00018659295,0.00205075,0.003994417,0.0006262072,0.0020834343,-0.00056381646,0.002783207,-0.00016856457,0.00032221156,0.0,0.0015830944,0.0041706436
2020-01-28,0.0009046225,0.002519999,0.0032381834,-0.002065417,-8.217319e-05,0.00023332494,0.01392209,0.0010960314,0.00011785415,0.0,0.0017438709,0.0037615197,0.00074912276,0.0008166325,0.0009228184,-0.0024450638,-0.0009829842,0.0025315748,0.004748409,0.0005222947
2020-01-29,-0.0011105591,0.0065895626,0.0021994829,0.0009248079,0.0019981612,-0.0012015146,0.009115343,0.0037914396,-0.00016354334,0.0,0.0016827447,-0.0014846219,0.0050730994,0.003430347,-0.0019000239,-0.001620657,-0.0005229305,0.00081692514,0.00051210925,0.0032780392
2020-01-30,-0.00029027325,0.003075583,-0.0007389096,0.0038731054,0.0028331296,3.0631392e-05,0.007577391,0.0012732743,0.0002922749,0.0024583975,0.000602604,0.00040062107,0.00080647395,0.00080227724,0.0,0.0020996886,0.0023275744,0.00606219,0.0,0.0020567244
2020-01-31,0.0,0.0033928934,-0.00088196923,-0.0016364981,0.0033113274,-0.0007320425,0.0039026134,0.0002676248,0.003541285,6.5814675e-05,0.0007140226,-0.00030542855,0.0025549044,-0.0019009211,-0.0009536443,0.000630963,0.004029892,0.002520668,0.0006944155,0.004371576
2020-02-03,-0.0002646737,0.0033345376,0.00198882,-0.0074571483,0.0026316752,-0.0038423971,-5.0885483e-05,-3.490852e-05,0.0,0.00027805837,0.0008526005,-0.001201124,0.0039583105,0.001086152,0.0,0.0021340428,0.0014580567,0.00010476116,0.0021649913,0.0008110201
2020-02-04,0.0,0.0011084932,0.0032266234,-0.00096453616,0.0009065978,0.0011076385,-0.000283281,0.0039282325,0.00090258353,-1.8869529e-06,0.00062940613,0.0012406752,0.0053279996,0.0016377664,0.00379958,0.0011108009,0.0023305737,0.003877728,0.0021886781,0.0020028849
2020-02-05,0.0,-0.00035054662,0.0016331977,-0.007838805,0.0016194305,-0.0017352079,0.00081681524,0.002305374,0.0038924615,-0.0026901779,0.00072656746,0.0036324533,0.0,0.005262826,0.0010006175,0.002402046,0.0018478734,0.0024391026,-0.0014583718,0.0024957354
2020-02-06,0.00023491682,-0.00030708316,0.003528089,-0.0033122662,0.0,-0.0016620933,0.0010312017,0.0020558338,0.0034136141,0.0033681847,-0.0004778609,-0.0003236084,-0.0005293182,0.0053712684,0.002636295,0.0028637468,-0.00043045473,-0.0013680697,0.0,0.0017255534
2020-02-07,0.00010303693,0.0016164734,0.0029272158,0.0057025277,-0.0010915949,0.000876129,0.0012949992,0.0015178734,0.0012329923,0.001139519,0.0009042939,-0.001441319,0.0008485378,0.0021382868,0.00043537273,0.0025294966,0.00084559823,-0.00091424695,0.0011755213,0.0004363968
2020-02-10,-0.00019725611,0.0019547464,0.0037086902,0.010036222,0.0004666065,0.0024413175,0.0017212755,0.00081274513,0.0020379308,0.0040037516,0.00016165434,-0.002184842,-0.0017912829,0.00065975194,0.0025729728,0.002105517,0.0032282067,-0.002445152,0.0018151557,0.0026581052
2020-02-11,-0.00041161414,0.0016181507,0.0033635055,0.0031533006,0.0007271458,0.00032766286,0.004004638,0.001304353,0.0,-0.0074760728,-0.0007540722,-0.0008369905,0.0008318268,0.004056853,-0.0010987341,0.000932993,0.004233806,-0.0014659115,0.0014085801,-0.0006609824
2020-02-12,0.0020980493,0.0009619074,0.001443603,0.00091128796,0.00306674,0.002794304,0.008388765,-0.00034517518,0.0032191002,-0.0076476103,0.004153822,0.00040010628,0.0046333424,0.0028466282,0.0005260188,0.00179612,0.0043949536,0.0033978606,0.001269893,0.00042824872
2020-02-13,0.00561354,0.0006068491,0.0007423827,0.0033527834,0.007572893,0.0032776084,0.005757557,0.00033788502,0.003962644,0.00021529628,0.0022085449,0.0009982276,0.002624533,0.0067984085,0.0032442189,0.0038035577,0.0052612657,0.0061697797,0.0031418283,-0.007313289
2020-02-14,0.0026496397,0.0015962697,0.003375865,0.0029705698,0.0031255938,0.00016146936,0.0074491235,0.0039482876,0.0006316795,0.0028275533,0.000427257,-0.0020210752,0.0009540397,0.0035117315,-0.0011591672,0.00175446,0.003287959,0.005886773,0.0060515413,-0.000549221
2020-02-17,0.0018463244,0.0045275213,0.004968324,0.0023764148,0.001135526,0.0011909556,0.0005310735,0.0027072642,0.0027911963,-0.006339383,-0.0018101486,-0.0011689252,0.0026425761,0.0016173007,0.0014399245,0.0017538224,0.007153165,0.010594955,0.00019676705,0.004808334
2020-02-18,0.00039765143,-0.04783411,0.0024992,0.0014369215,0.0028215612,0.0026704874,0.0021958712,0.0043128887,0.0023090127,-0.0021233847,0.0,-3.4723105e-06,0.0014417367,-0.0003027122,-0.00093504786,0.0036250395,0.0018814936,0.0062505463,0.0015794666,0.0005817111
2020-02-19,-0.00020106602,0.0013651187,0.001336288,-0.00035023704,0.000690468,-0.0012287553,0.0017342861,0.004864129,0.0014605072,0.0066713826,-0.0008120265,0.0021412387,0.0006276617,0.0030723596,0.002661163,0.0025025734,-7.416889e-05,0.0016705572,0.00039491255,0.007939272
2020-02-20,-0.0016961084,0.00015791925,-0.0063949367,0.001620283,0.0021100044,-0.0022272433,0.001015346,0.0014926232,0.0010233376,0.0007294263,0.00027875224,0.0018791667,-0.000953326,0.0020529295,0.0045425957,0.00200153,-0.00015990633,-0.0005024267,-0.002149615,0.0018649411
2020-02-21,0.00093306904,-0.000825984,0.0007160503,0.0015557742,-0.000287452,-0.0012310775,0.0036870516,0.0,0.0016775249,0.006473598,0.0038017088,0.0027123343,0.0,0.002822994,0.0026013337,0.0014237071,-0.0008152939,2.2502107e-05,0.013838816,0.0018121608
2020-02-24,-0.003262775,0.010271779,0.0061400104,-0.00037102608,0.0028642921,0.0010779488,0.00356019,0.0012737102,0.00083188043,0.00050208677,0.0025575305,0.0022752283,0.0011721664,0.0027669496,0.002101786,-0.0017314409,-0.0025837636,0.002039347,0.0022802544,-0.001346936
2020-02-25,-0.0021870194,0.0019589576,0.0017194924,0.00053118716,-0.00530846,0.0006084366,0.0033037716,0.0038092653,0.0022856784,0.0027240016,0.002930045,0.0019771778,0.0024956749,-0.0013136299,0.003302845,0.0009957677,0.002419133,0.0037378182,0.0029086904,-0.0025528823
2020-02-26,0.00015694958,-0.0029383148,0.0021898404,0.004511322,-0.0003206593,0.0008336377,0.000927666,0.0007273744,0.0007135687,0.0,0.001766752,0.0012170356,0.0018525255,-0.00019911764,0.001532852,0.0022953704,0.002487102,0.005404084,3.7924707e-05,-0.0025447693
2020-02-27,0.0017119645,0.0,0.0036717781,0.0017639183,0.0052150013,5.6725858e-05,0.003179921,0.0010438127,0.0,0.012018158,0.0014947566,0.0019677682,0.0006776633,-0.0027119746,0.002377232,0.00067712506,-0.0003633098,9.436995e-05,0.005215147,0.004221661
2020-02-28,0.0031767031,0.0009043703,0.0067119356,0.00042889165,-0.0010340003,-0.0021350447,0.007177383,0.0025725493,0.003032751,0.01796464,0.004654447,0.00044881832,0.0017344338,0.0016589285,0.00018202225,-0.0020775914,0.0007829864,0.001929278,0.0128691895,0.002340021
2020-03-02,0.00022667652,0.0038707687,0.0032588763,0.0015354684,0.0010209628,0.00642961,0.0003206679,0.0047746077,0.003016289,0.015927982,0.0003770444,0.0016783769,0.0013315525,0.002668822,0.00021663292,0.0028430906,0.0001982344,0.0025479535,0.0027142025,0.007240927
2020-03-03,0.0008450464,0.0019482526,4.445221e-05,0.0025234665,0.0007129526,0.00047419133,0.0016678591,0.004613215,3.7755875e-05,0.006623228,-3.3058615e-05,0.0028762375,-6.9664886e-05,0.0011533729,0.004021404,0.006054274,-0.00030024792,-0.005549695,0.001981291,0.004916023
2020-03-04,0.0029602384,0.0012206131,0.0013769711,0.0038394367,0.005591021,0.0004993689,0.0055108857,0.004452847,0.00058064685,0.006230834,0.0003342885,0.0008447886,0.0027044958,0.001410753,-0.0026280854,0.007531204,0.0031280962,-0.0009832083,0.0071308576,0.0060811588
2020-03-05,0.0018235738,0.0014185833,0.005778812,0.00032304245,0.0,0.00543527,0.0029765386,0.0017462069,0.0018410003,0.0068330388,0.0,0.0029513563,0.0033611336,-0.0012404097,-0.0018149001,0.003513956,-0.0026633448,0.002299,0.0011106172,0.00015657619
2020-03-06,0.0010914903,0.0035448584,0.0039031066,-0.0021981741,0.00070820295,0.0073406124,0.003332695,0.0018609,0.0028885326,-0.0033213946,0.00049716345,0.0028274634,0.0025685313,0.0045832074,0.0031487702,0.001412013,0.00016011103,0.0016483709,0.00034834287,-6.42422e-05
2020-03-09,0.0019764644,-0.005875126,-0.00012485108,0.00081227004,-0.0019025152,0.005533058,0.004521199,0.0015939792,-0.0012851321,0.00059021433,0.004802486,0.0020673804,0.0016381872,0.007555909,0.0007143525,0.0023879057,0.0022663483,0.01271001,-0.001431507,0.0013346606
2020-03-10,0.00028687864,-0.004657029,0.0017414492,0.004906164,-0.00012679944,0.002295167,0.0016099362,0.0032274665,0.0051031094,-0.0011294747,0.002222068,0.000478843,0.001529131,0.0042049624,-0.0024180263,0.0021871878,0.0053462824,0.004834363,-0.0012981026,0.001452609
2020-03-11,0.002252856,-0.011746743,0.0029790478,0.0014386707,0.0009894368,0.0017730927,0.002681182,0.004775951,0.00056084606,-0.0053046225,0.002461368,0.0,0.0002689243,0.00084666937,-0.00095611316,0.0027323393,0.0033066985,0.0011364807,0.006886823,0.00054588605
2020-03-12,0.0025034356,0.005454426,0.0018998738,-0.0016776673,0.00018780076,0.0011707587,0.0055222632,0.002984402,-0.0021816848,-0.0037245632,0.0012240278,-0.00016186615,0.004565562,0.0006472979,0.0012095019,0.0029503428,0.0009144136,-0.0003613813,0.0017527603,0.004635914
2020-03-13,-0.0003277426,0.003989122,-0.00041607997,0.0017379434,-0.0022628028,-0.001199408,0.0014349774,0.0012396647,0.004713443,0.00213886,0.00019091943,-9.2656905e-05,0.0030789133,0.0032658551,0.0026067824,0.0010314037,0.0019911362,0.0015877895,0.001073404,0.0037633965
2020-03-16,-0.0019821113,0.0069028293,0.0039344304,-0.0010699495,0.0016870345,-0.00017039168,0.002560932,-0.0017381542,0.0030493345,0.0036348081,-0.00035749064,0.0017905358,0.0004342643,0.001374307,0.0030486754,0.0022797098,0.00031932408,0.0012591766,-0.00071560085,-4.265829e-06
2020-03-17,0.000593247,0.0015445963,-0.0018654626,-0.000992909,-0.00044619004,0.0035211823,0.0016219148,-0.006322698,0.0015729686,0.0027232042,0.002197162,0.0012366523,-0.0023512125,0.00271823,0.0039003014,0.0068482067,0.0021526658,-0.0010432928,0.0014813213,0.003440778
2020-03-18,-0.0013496599,-0.000368571,-0.0031564895,0.0017136334,0.0027746488,0.003543431,0.0037648408,-0.0002463793,0.0038967624,-0.004204457,0.0042804773,0.0024929168,-0.0027035594,0.00036936233,0.00082091306,0.0059431656,0.0006425922,-0.0012568751,0.0033312528,0.005404121
2020-03-19,0.0020548806,0.006852004,-0.0018207215,-0.00046085316,0.00092916476,0.002240625,-0.0024315808,0.00079999445,0.00079087686,0.0,0.0014973688,0.0020946038,-0.0008435736,0.00084038364,-0.0013096558,0.0041478775,0.0020471814,-0.0015798267,0.0058616376,0.0015721958
2020-03-20,0.004002995,-0.006049024,0.0026101973,0.0,0.0010026179,0.003630089,-0.0015781221,-0.0022801775,0.00041476006,0.0059424695,0.0013729278,-0.0008594748,0.001431219,-0.00070457795,9.505818e-05,0.0026548144,0.0016691516,-0.0047160583,0.014534398,0.0
2020-03-23,0.0016220575,-0.0011180902,0.005846704,5.7076384e-05,0.0001331566,0.0010937493,-0.0012552333,0.0012355037,0.0014364767,0.010860047,-0.0007791263,0.00035546304,-0.00045719146,-0.0005053652,0.004462582,0.001538187,-0.0010226499,-0.0022865343,0.0056506163,0.0
2020-03-24,-0.00656913,0.00086617,0.004240944,-0.0011770498,0.0025431295,-0.002268139,-0.003203,0.004507646,-0.0007073224,0.0020516454,0.0023235623,0.0008726493,0.00028100878,-0.00449197,0.0,0.00043321215,-0.0022842789,0.0053738817,0.005214449,0.010931662
2020-03-25,0.0010926668,0.0077704163,0.0036548108,-0.00035348034,0.0009603031,0.0028623182,0.0009425653,-0.00046716077,-0.00016429,-0.0016569323,0.0019940378,0.0014583321,0.002517104,-0.00037482168,0.0,0.0032221826,-0.00043383558,0.0036209743,-4.3975608e-05,0.0026223622
2020-03-26,5.699862e-05,0.009996882,0.00019512675,0.0056288242,0.0011414587,0.0023257409,0.007103929,0.0017644843,0.0034157753,0.0063652196,0.0017431313,0.00059716986,0.0007940816,0.00082309253,0.00078133086,0.0017249332,0.0018162479,0.0037535036,0.00062565855,0.0028278222
2020-03-27,-0.00034865562,-3.0759835e-05,0.002038791,0.007780316,0.0034165673,-0.00035305708,0.008566394,0.0051785326,0.0028193663,-0.002403925,0.00718633,0.0011947108,0.0035214545,0.0006369718,-0.0008446456,-0.0013888425,0.0008479806,0.003800293,-0.0024658844,0.0042372136
2020-03-30,0.003595384,-0.00088817347,-0.0003124632,0.0030927479,0.00463574,0.0051498273,0.0024798107,0.0021814627,0.0019936117,0.00087770354,0.0049319235,-0.00063054945,0.003174582,-0.0009988546,0.0034423491,0.003652771,0.004070795,0.0009173632,0.0010629516,0.0070816316
2020-03-31,0.001011673,0.002173698,0.0019938494,0.003322072,0.0013553103,0.0076015447,0.0067524146,0.0019147848,0.0037174127,0.0026532519,0.005696771,0.0008679722,0.0019914922,0.002759913,0.0008547168,0.0034183234,-0.0009467789,0.003124351,0.0034174055,0.0007308417
2020-04-01,0.002115815,0.0034090087,-0.0003316205,0.001185577,-0.0010443453,0.0020668479,0.005575941,0.0018918283,0.000817963,0.001192699,0.0034543239,0.0018167514,0.0019912557,0.007027812,0.0011354374,0.0032127064,0.0021320053,0.0027442575,-0.0013240053,0.0010357896
2020-04-02,0.0029464157,-0.0023696432,0.000478572,0.0009683169,-0.0022277194,-0.0041847033,0.00047944015,0.0026485058,0.0027220014,0.0007237969,0.004296699,0.0017624171,0.00033837912,0.0032086167,0.002725405,0.0030917632,0.0006601019,0.0034174444,0.0010941939,0.0009268789
2020-04-03,0.0011968142,-0.0012640815,0.0013627,0.0047720536,0.0,-0.00080897706,0.00041922944,0.00087951886,-0.0006470348,0.0014525387,-0.0046214294,0.0012885445,0.0027088595,0.008556765,0.00014824062,0.0016616468,0.0017290524,0.0,0.0041525243,0.003067815
2020-04-06,0.00016883458,0.0041665137,0.0019770325,0.0005681892,0.0017111595,0.0072313882,0.0050408924,0.0025680454,0.00011767729,0.003729255,0.0006962742,-1.4143578e-05,0.0022701244,0.0013032169,0.00017372756,0.0010816841,-0.0006994138,0.0012452801,0.0035846592,0.0015711557
2020-04-07,0.0,0.006803302,0.0010709931,0.0005687384,0.0019487602,0.0019328644,0.00022354518,0.0027177648,-0.0005703734,0.0011987473,0.001751058,0.00019340197,0.00075103244,0.0,-0.0024288758,0.0013842207,0.0032480403,0.0,0.003576801,0.0012853387
2020-04-08,-0.0013776493,0.009843254,0.00458715,0.0016520817,-0.00043477427,0.0019042678,-0.004693698,-0.0016153124,0.001714693,0.0029200013,-0.004955969,0.0027214265,0.0033345204,0.00047006103,0.00037885708,-0.0003629418,0.0012140187,0.0,0.00315837,0.00050130655
2020-04-09,-0.00019347057,0.00016524192,0.00490538,-0.00060070487,0.0010127682,0.0007052467,-0.00025254453,0.00088312436,0.001988133,0.0006876025,-0.003968298,0.0012563199,0.0010992268,-0.00016289427,0.0025123146,-0.0015111899,0.0006551832,-0.000113099224,0.0013041617,-0.0002998577
2020-04-10,0.0001333462,0.003250573,0.0039732656,0.000816424,0.004758376,0.0031163646,0.0028948265,0.0016036242,0.0012504236,0.0013364304,-0.0005423625,0.002191972,0.00365387,-6.597496e-05,0.000344364,3.8278682e-05,0.008801761,0.002753659,0.0009509877,-0.0021343413
2020-04-13,0.0023359482,0.002301328,0.00037633406,0.0018632228,0.00300065,0.0011407582,0.0004298933,0.0011288772,0.0020691438,-0.0008690906,0.0044111433,0.0053399806,0.0019948906,0.001820179,0.00068674784,0.00042668945,0.0061138817,0.004427403,0.0033470741,0.0022188153
2020-04-14,0.0027337833,0.0,0.0004827143,0.0017473736,0.009387383,0.0025867233,0.0003248329,0.0007312742,0.0025434,0.0022023187,0.00098144,0.0022297385,0.0012129172,0.007649505,0.0021205114,0.0012654255,0.00736301,0.0036068321,0.0028679513,-0.004885613
2020-04-15,0.0016519006,0.0,0.0015902321,0.002580038,0.0021080694,-0.002464659,0.0018526269,-0.00011178082,-0.00036303114,0.001850925,0.0036090976,0.0007783949,0.0017412775,0.004803259,-0.000804441,0.0014358733,0.0036682547,0.0010465521,0.0025176003,0.0006280658
2020-04-16,0.0024090426,-0.00134626,0.002757621,0.003413939,0.0023395,-0.0058107455,0.0037211052,-0.00053814164,-0.0021664042,0.0032672633,0.0011924788,0.00043934697,0.001765261,0.0033676594,0.0032956374,0.0031908485,0.007428313,0.0010584636,-0.00019937106,0.00085256225
2020-04-17,0.0005242287,-0.028436296,0.0018167162,0.0035250683,0.0043183826,0.0,0.0038448696,-0.001122484,-0.0010788363,0.004139378,-0.0029808346,0.0,0.000387556,0.0037656687,0.004125404,0.004196458,0.002247194,0.0020163578,0.002926786,-0.0014435205
2020-04-20,0.0021903738,-0.0011221356,-0.00029679792,0.0013097828,0.0038588915,-0.0010987248,0.0020290297,0.00061110477,0.0033459915,0.004022536,-0.0022192728,0.00032090466,-0.0002108439,0.005714808,0.003543832,-0.0017555297,0.009916903,0.00016962911,0.0035261787,0.0
2020-04-21,0.000950054,-0.0012356736,0.0028595512,0.0049899253,0.0033069737,-0.00029678913,0.0010663421,-0.0014568768,0.0038779462,0.0013088827,-0.005596029,0.0016121494,0.00065258786,0.00089495885,0.0,0.0,-2.5478885e-06,0.0010878601,0.00201423,0.0028095795
2020-04-22,0.000705147,0.0025030656,-0.0010070889,0.00030509956,0.001330367,-0.0015914559,0.0015150966,-0.0021355345,0.0029898835,-0.0004806128,0.0013201097,0.00045841816,-0.0003164298,0.0013385238,0.00059290597,-0.00032757813,-0.0045272387,-0.0032445763,0.0037553078,-0.013970422
2020-04-23,-0.0017319806,0.00466134,0.0016982703,0.004758224,-0.00081241014,-0.002301482,0.00039202833,0.0028962567,0.004564404,-0.0007241275,-0.00059066655,0.0020613219,0.0028292642,0.004031324,0.00035087095,0.002966919,0.0008475435,0.0018310656,0.0031566224,-0.002810307
2020-04-24,0.0031090823,0.010778933,0.0,0.00482211,-0.0005481035,0.00084802037,-0.0006783557,0.005230301,0.0023078397,0.0012428928,-0.0003396242,0.0017281873,0.00013511741,0.0014878392,0.0,0.0015654614,0.0006272393,0.0049193,0.0021537535,-0.0012616251
2020-04-27,0.0031456382,0.0057346304,0.00028716138,0.0041602617,0.0016151395,0.0018617943,0.0013407877,0.004420344,0.0005898057,0.002495426,-0.00017315318,0.0009418787,-3.0529747e-05,-0.0010781076,0.00050048117,-0.004439786,0.0,0.0043082917,0.0012163216,-0.004412903
2020-04-28,-0.00070261676,0.0115732085,-0.00031743568,0.0021916952,0.0018028641,0.00266574,-0.00019666452,0.0013852564,0.0027584808,0.001091736,-0.00029328905,0.0007421205,0.0023714593,0.0,0.00074118964,0.00015726477,-0.0016447196,0.001811137,0.00046143032,0.010646112
2020-04-29,-0.00062334706,0.0001272038,0.0009613443,-0.00029938604,0.0001715102,0.0036138801,0.0017949799,0.0046475143,0.00042540548,0.0017209653,0.00023620756,0.0016197076,0.00044047314,0.0015683601,0.0017635912,0.0007202878,-0.00029555894,0.001259214,0.0,0.0037977016
2020-04-30,0.0016721532,-0.0028652656,-0.0011294298,0.0013122099,0.0018116587,0.0058030933,0.0041131075,-0.0010344596,0.00038336098,0.004933662,0.0032859808,0.0001576571,0.0019654876,0.00067155383,0.0007159644,-0.002607227,0.0046608127,0.004400044,0.0022782923,0.0074397833
2020-05-01,-0.00022240198,0.0025371634,0.007461737,0.0,-4.6657166e-05,0.009508674,0.0015395777,0.0009701142,0.0013614304,0.001917123,0.0027247407,0.0013509851,0.0012271384,-0.0035574948,0.0018137014,-0.0024744486,0.0028077879,0.0015517831,0.0023042725,-0.0008608615
2020-05-04,0.0021035855,0.0,0.0043529714,0.00019480882,0.0014228168,0.0008442415,-0.00059721485,0.0041075666,0.0032225177,-1.3093271e-05,0.0046929186,0.0022766963,0.0027054287,0.0020098072,0.0012260732,-0.00030005278,0.0034787464,0.0029970678,0.00079336995,0.0025173267
2020-05-05,0.0027631356,0.0034177585,0.002850662,0.00052193576,0.0037156746,0.0017206934,0.0014320863,0.001165038,0.0062500616,0.00031090912,0.0018292684,0.0018292316,0.0,0.0007578233,0.0016770439,0.0,-0.0016922032,0.0012014266,-0.00083084934,0.0014627617
2020-05-06,0.0014484817,-0.0015364822,0.0023014476,-0.0014204606,0.0013953132,0.002522328,-0.0004288319,0.0011510799,0.004555495,0.0068748263,-0.0008361121,0.002835841,0.0026898228,0.0027497874,0.0012234413,0.0018975522,-0.0034650865,-0.0008101436,0.0013252522,-0.00043781046
2020-05-07,0.0037425787,0.0044352384,0.005452973,0.0011757213,-0.000635148,0.00061339146,0.0013010824,0.0034212912,-0.003467846,0.0030153955,0.0009948338,0.002104125,0.0028738359,0.0,0.0,0.0039041007,0.0049364204,-0.002844506,0.0008321187,0.002258831
2020-05-08,0.0033934652,0.0051799337,0.0035722014,0.0012746861,0.0,0.0016678541,-0.0003164064,0.0073275496,0.0004766986,0.0022378543,-0.0011271104,0.0009254351,0.00108244,0.00014364251,-0.00017577535,-0.0047268434,0.0046100398,0.00021490788,0.0008905889,-0.00063127984
2020-05-11,0.002203896,-0.003879669,-7.978454e-05,0.0062035345,0.0022537564,0.003892161,-0.0003507004,0.004428973,0.000555941,0.00038679628,-0.004087589,0.000615756,0.0039975573,0.0026075996,0.0020480547,-0.002606773,0.004290176,0.0050093913,0.0044697737,0.0040267203
2020-05-12,0.004189045,0.000920813,0.0010583967,0.0011891617,0.00093435607,0.0010803692,0.00455386,0.0019553492,0.0020780927,0.003307009,0.00068264984,0.00042960947,0.002036633,0.001673174,0.00021540945,0.0030563024,0.0019939234,0.0033776758,0.0011696208,0.009846828
2020-05-13,0.0014371969,0.0037944734,0.0042069396,0.0010905399,0.0025248532,0.0008478467,0.046811763,0.0022676804,-0.0008140565,0.00923671,-0.0013457463,0.0012505847,-0.002790564,0.0032448748,0.002082483,0.022972303,0.0014432044,0.0007182513,0.00011865649,0.0036454215
2020-05-14,0.004350037,0.0026089104,0.00045942437,0.0018141333,0.0019046081,0.0010908123,0.010111199,0.001373236,-0.009639948,-0.0044359625,0.002984291,0.0033988794,0.0060834247,-0.00028416398,0.0043695653,0.0017957852,0.00056864554,-3.738872e-05,-0.00020407191,0.004779106
2020-05-15,0.007331953,0.0043716948,0.00081297115,0.0031855777,0.0011958537,0.00421578,0.0062113046,0.0026017374,0.0004974401,-0.0062782285,0.007241417,0.004274734,-0.0021821696,0.0020182624,0.0006192702,0.0015696295,0.0020236524,0.0,-0.00013025136,0.00358337
2020-05-18,-0.0008541231,0.002445577,-0.0001794275,0.0002503724,0.0009992322,0.00051832694,0.0030077405,0.0011112752,9.18759e-05,0.0011898681,0.007137919,0.0033607662,0.0016500528,0.00417909,0.0025053108,0.0010213931,0.0013660922,0.00063509773,0.0016171071,0.002688659
2020-05-19,0.0007998814,0.001632325,-0.0011264061,0.003535108,0.00017879861,0.0014106086,0.002283117,0.0022028668,0.0027052006,0.00370594,0.0029379104,0.002470002,0.0056467224,0.00017901087,0.0006565156,-0.00026781557,0.0016321907,0.0,0.0006671316,0.0010844785
2020-05-20,0.006433992,0.0010575455,0.00011271915,0.0037649276,0.00070870895,0.003807381,0.0032642817,0.00013400607,0.0052515063,0.03191873,0.00036877618,0.002895715,0.0030077673,-0.0075960173,0.0025172122,-0.00053876644,0.0020174172,0.00080978684,0.0019964562,0.002935072
2020-05-21,0.0046129134,0.0022021735,-0.00234122,0.0015249476,0.0011745637,0.00010532854,0.0029781081,0.0028536497,-0.002838174,0.0079323,0.00108449,0.0004331232,0.002588929,0.003963607,0.0008170439,0.008708428,0.00013195405,-0.0041431584,0.0029227415,0.0015388781
2020-05-22,0.006443178,0.0032819838,0.0033961933,0.0018252216,0.0,-0.0024355059,0.0027550596,0.0017440768,0.000747726,0.0073581934,0.0020148123,0.0042036492,0.0007027942,0.0035722686,0.002104079,0.007306201,-0.000296965,0.004785161,0.0015541587,0.002531728
2020-05-25,0.0014318085,-0.0009448096,0.007237428,0.00114925,0.00038199726,0.000822205,0.0049940064,0.0019481853,-0.0010355801,0.0039323196,0.0017021439,0.0018120744,-0.0015287129,-0.0010262768,0.0023534582,0.0,0.0024997748,0.0033745815,0.0015124998,0.004376132
2020-05-26,0.0015578101,0.0021836099,0.0006746597,0.0015711875,0.0,0.0009818292,0.009895463,0.0025162427,0.0017199864,-0.0022072254,-0.00083450106,0.0038412593,-0.0034538193,0.006939959,-0.00079042936,0.0025220506,0.0004962953,0.0016052909,-0.0006255955,0.0016875828
2020-05-27,0.006254636,0.00054679654,0.0044629266,0.0008779459,-5.100176e-05,0.0011410797,-7.369163e-05,0.0008374262,0.002654792,0.0020905158,-0.0006025663,0.004593557,0.005502686,0.0029635492,0.00063765683,-0.00029465428,0.0010427745,-0.018189365,0.00023399302,0.0015503004
2020-05-28,0.0021145174,-5.810128e-05,0.0026233133,0.00043195003,0.0024579342,0.00043754018,0.0060319314,0.0010191634,-0.0003330733,0.0031634956,0.0007178105,-3.059499e-05,0.002760055,0.0046475474,2.9030141e-05,-0.0010462,0.0011009247,0.00071343355,0.00035047255,0.0035795048
2020-05-29,-0.00068560295,0.003407865,-0.0022230847,0.0003040695,0.0035976286,0.0019999177,-0.008946744,0.0011719556,-0.0015129254,-0.0023478384,0.002293819,0.0013771626,0.0037244312,0.0013872661,-0.00035991927,0.008098276,-9.089206e-05,0.001450855,0.0022665912,-0.0010175256
2020-06-01,0.00052435877,0.0010999972,0.003391593,0.000991464,0.0037382827,0.00046906856,0.0025949427,0.0034435587,0.0,0.001536842,0.00063723186,0.0032614735,0.0015176589,0.0040438143,0.0019064556,0.0054149223,0.00013468169,-0.00026139725,0.0009687005,0.0033538311
2020-06-02,-0.00041662203,-0.004098073,0.002059259,0.0033337981,0.00051847904,0.0009858384,-3.155873e-05,0.0024735366,-0.0024497139,0.0010816479,0.002999845,0.0016361062,0.0030778046,0.010294868,0.004596376,0.008170357,0.0037803089,0.00056282955,0.0008036218,0.00070278
2020-06-03,0.0021038838,0.000791012,0.0054806164,0.0023662257,-0.00096712,0.0039075753,0.0015342758,0.0012680839,0.003964119,0.018905876,0.008041497,0.00021369838,-0.00046894903,-0.0007178362,0.001060545,0.0044970084,0.00367405,0.0015393676,0.0010815549,-0.00022510458
2020-06-04,0.00037627132,0.0029618475,0.0048158667,0.0009987141,-0.00084398396,0.005500878,-0.00013528798,0.00048613726,0.016381633,-0.0017270315,0.0014602644,0.0,0.0010141546,0.0054526837,0.0018467716,0.00067449536,0.001377889,0.006347103,0.0030081386,-0.0006910299
2020-06-05,0.0025067916,-0.0012665188,0.0047668195,-0.001025563,0.008629804,0.00218025,0.007484898,0.00022151816,0.002916497,0.00755648,-0.0008148837,0.0,-0.0006458956,0.0094434805,0.0013266512,0.0034665056,0.0023784451,0.0036561363,0.0020149136,-0.00018221926
2020-06-08,0.00276206,0.0032154801,-0.0005636837,0.0020425615,0.010974813,0.000776847,0.00056248106,7.730009e-06,0.0064073326,-0.00091254385,0.0028484245,0.0005201167,0.004643654,-0.0016982369,-0.0015916451,0.0006500243,0.001722817,0.00621606,0.002421604,-0.0023518065
2020-06-09,-0.00038044888,0.0036462506,-0.0010718731,0.006721969,0.0047701118,-0.00078376185,0.001089883,9.182238e-05,0.0028406938,0.0037025383,0.0011095792,0.0015951248,0.0014902839,0.0016144377,0.0027407743,0.0018101812,0.0024983655,0.00023437024,0.0019910664,0.0032411576
2020-06-10,0.00062819116,0.0025857838,0.00010006803,0.0031834827,0.002705834,0.00031090455,0.0015251524,0.00043464766,0.0036451693,0.003608771,0.0067693028,-0.001035195,0.0024248338,0.0009038771,0.0020824964,0.0022559764,0.0010901811,0.0044879494,0.0006268895,0.006418818
2020-06-11,0.0032849282,0.0016842447,0.0058828583,6.609127e-05,0.007831623,0.0037383754,-0.0030880603,0.0013745733,0.002202144,0.0033177095,0.006585907,0.0017621639,-0.00054489175,0.0045520626,-0.0001680606,0.0033895632,0.0013125221,0.002915845,0.0036538888,0.0028455125
2020-06-12,0.0017912284,0.0051738415,-0.0030108641,0.0,0.0017328289,0.00012312311,0.0030327535,0.00091328454,-0.0013631299,0.004633081,0.003535366,-0.0007353576,0.0008490979,0.0048552426,-0.0007483338,0.0028262013,0.0014310528,-0.0007538976,0.0003202838,0.0011099894
2020-06-15,0.00016928778,0.004459962,-0.003358455,-0.002940425,0.004186721,0.0028084635,0.0039706584,0.0010055357,-0.01122989,0.0,0.0061225835,0.0040257713,0.0014113631,0.0060521304,3.2465174e-05,0.0069162967,0.0014353686,0.002510277,0.00021489139,0.0013134786
2020-06-16,0.001454174,0.0,0.0035896713,0.0029270006,0.0057250946,0.002854408,0.0017830654,0.0026242672,-0.0002598041,0.0037521317,0.0,-0.00032082445,0.004395531,0.0022015302,0.0008320453,0.003764992,-0.00056122633,-0.0019625488,0.0021922041,0.00089776824
2020-06-17,-0.0014466778,0.0021225777,0.0010591105,0.0046336437,0.005549987,0.0020509006,0.0006572098,0.0015944372,0.009964864,5.407183e-05,-0.0032466715,-0.006768553,0.0022094515,0.0013792882,-0.0015134466,0.004025442,0.00062659156,0.0027051414,0.0009356942,0.001740419
2020-06-18,0.0026073994,0.0024398654,0.002806409,0.0,0.0065669427,0.002907917,0.010845996,0.0016877954,0.0,0.0061075054,0.0,-0.00084052334,0.006700163,0.00069060613,0.00049593195,0.005339213,0.00012690962,-0.0019976855,0.0016893417,-0.0025541503
2020-06-19,-0.000706344,0.0017215145,-0.0015490345,0.0016388699,0.0004920542,0.0020307302,0.0022135056,-2.8797816e-05,-0.0021413814,0.0,0.00081481517,0.0008875696,0.00043067994,-0.0021887177,0.0022651928,0.0011748268,-0.000682625,-0.006401124,0.0016664861,0.0007437446
2020-06-22,0.00031075437,0.0030159939,0.0050361063,0.0020486452,0.0018561761,0.0035319144,0.005505037,0.00061879394,0.003522731,0.0027582808,0.00068826025,0.00010222198,-0.0031807856,0.0011364463,0.0019380741,0.0067996904,-0.00043648528,0.0006295531,-0.00016781576,0.0026626051
2020-06-23,0.0021265177,0.0024910038,0.008062631,0.0013371988,0.00506756,0.0012480156,0.0010298179,0.0011004143,0.0009560991,0.0059421384,0.002061548,0.0021908241,0.003403245,-0.0030136365,-7.830344e-05,0.0016948717,0.00023040023,0.0002737778,-0.0011070656,0.0019979395
2020-06-24,0.003543811,-0.0018257144,0.003293214,-0.0007258689,-0.0012561479,0.0028051303,0.0039048258,0.0013041532,0.0038533031,0.00075407984,0.005730463,-0.0023510272,-0.00096130243,0.0029331413,0.0020230305,0.0008974429,0.0020086323,-0.002439844,0.002851131,-0.00057867286
2020-06-25,0.0019893036,0.0013549246,0.0041888235,0.0019881038,0.0028175826,0.0025854863,-0.0063026743,-0.0030276123,-0.0011878451,0.0039484724,0.0010358378,-0.0008728683,0.0020511048,-0.0006983266,0.0033288244,-0.0011160867,0.0012586503,0.0011703699,0.00068254425,0.00075804064
2020-06-26,0.006777184,0.0010676378,-0.0010690811,0.004217746,0.0016241024,0.0015060009,0.0,-0.0010175785,-0.0018407977,-0.012907482,0.005204786,0.0012591165,0.010133469,0.00489794,0.0020095531,-0.0058964835,0.0023809166,0.0057937438,0.0004986048,-0.0021202185
2020-06-29,0.0063180174,6.346201e-05,0.007748629,0.0032519165,0.002368046,0.0022231922,0.00021446806,0.00020517038,-0.0003306074,-0.002353473,0.0014178081,-0.0040173843,0.0066179326,0.01078601,0.0027902874,0.0,0.0016321146,0.006182324,0.0013108205,-0.000102460835
2020-06-30,0.0021042037,0.0014988014,0.007384552,0.006139334,0.0030092213,0.0005699548,0.0028764736,-0.00088076014,0.00385982,0.0014733097,0.00038911254,0.0017332241,-0.0022319853,0.010131969,0.0010072829,0.0017455133,-0.0003533673,0.006475681,0.0023355247,0.003228362
2020-07-01,0.00021231644,0.001974063,0.0015366117,0.0021039576,0.002228209,0.001686564,0.0027372057,-0.0019108672,0.006745632,-0.0025634551,-0.0012659215,0.005420119,0.0001134511,0.0062641203,0.0017770112,0.0044883895,0.001405171,0.0036986363,0.0010731942,0.0011580457
2020-07-02,0.0018517581,0.0013608357,-0.00032415555,-0.0015323842,0.0021891561,0.0010920332,0.0,0.0010332635,0.0017524251,0.0007325443,0.004207157,0.004868331,0.004512957,0.0051838877,0.0019786886,0.005044332,0.0005288179,0.0008695553,-0.0006763973,0.00032441627
2020-07-03,0.003312454,0.0017983811,0.0008330161,0.0024053322,0.0027186223,0.0034114309,-0.00089283317,-0.0005960347,0.0038456891,0.0007440785,0.0047506597,0.004346748,0.004503529,0.0072603887,0.0031648665,0.0018010498,0.0024801455,-0.0072749597,0.0004572231,0.00548095
2020-07-06,-0.0041446835,0.0011975012,-0.0009824155,-0.0013519431,0.00053742307,-0.001028263,-0.0027602487,0.0032710843,0.008647525,0.002454209,-0.00086140237,0.0069212294,0.007927513,0.011359371,0.00030493145,0.002064621,0.0005048726,-0.00029901083,0.0014071247,-0.0012128623
2020-07-07,0.003954251,0.0010870517,0.0019407279,0.00069863454,0.0,0.0013789464,0.001350359,0.0,0.0031530072,0.0050906194,0.0043005846,-0.0018744011,0.0001594623,0.008033592,0.0013001019,0.004989565,0.0,-0.00016166916,-0.00019482976,0.0017141171
2020-07-08,0.003891356,0.0022310386,-0.001126731,0.00094228855,0.0024289505,0.0010364522,0.0018052006,7.0684844e-05,0.0052990853,0.003996548,-0.00017391742,-0.0018816649,0.0006625079,0.010798256,0.0012607304,0.008084582,0.000789635,0.0028586753,-0.0018974602,0.0
2020-07-09,0.0051853997,0.002471343,0.0016880113,-0.0004300067,0.00068979105,-0.0009056899,0.0048478227,0.0025890525,0.0004339115,0.025697442,0.0017596617,0.0021149234,0.004950918,0.0010308535,0.00054989854,0.0010494791,-0.0012090922,0.004229842,-0.0018054183,0.0037282242
2020-07-10,0.0074518197,0.0020633787,0.002873937,0.0040845615,0.004775625,0.0037588908,0.004510935,-9.644229e-05,0.00080486346,0.008050946,0.001771402,0.0024540278,0.008559859,0.0015658414,-0.0023028867,0.0033653474,0.001889555,0.003055395,0.0009762239,0.00070286816
2020-07-13,0.0067734243,0.0023228326,0.0075433482,-0.00032107433,0.002685243,0.0,0.00082209316,-0.0019381454,0.00077063637,0.008407588,0.0024328069,0.0019652327,0.0005635914,0.00038194584,-0.00044268477,0.0020302532,0.0041452562,0.0045175133,-0.0013131133,0.0008431303
2020-07-14,0.0019418664,0.0,0.008512388,0.0017684456,0.00085461215,0.00059963483,0.0,0.0004699012,0.0,0.007903699,-0.00052002823,0.002054877,0.00032231788,0.0009139499,7.623045e-05,0.002329628,0.0023475986,0.0003815115,0.00029810285,0.001907463
2020-07-15,0.00074391795,0.0012678913,0.0045343284,0.0027221267,-0.0005260763,0.0043193256,0.0017591756,0.00020723227,0.0017582864,0.011609678,0.0010224007,-0.00362067,0.0027103806,0.002352798,0.0007034781,0.0027010164,0.0037511715,0.002468308,0.0010609122,0.0003762821
2020-07-16,0.0,0.00092591904,0.00093484495,0.0031391794,-0.0023418053,0.0025601229,0.0057361084,0.0011526145,-0.000102519145,0.0027870028,0.0028886346,0.00137651,0.0114755295,0.0012993156,0.0003473136,0.0024947922,0.004131579,0.006050815,0.0005575713,0.004234623
2020-07-17,0.001782439,0.0014724305,0.008850663,0.00083141844,0.0,0.0019526366,0.002915429,0.0020136216,0.0015463954,-3.4103537e-05,0.001082049,0.004358885,0.0004698767,-0.0010453126,0.0024708996,0.0014536994,0.00229052,7.0901835e-05,0.00072297663,0.0021188215
2020-07-20,0.0036909278,0.0014718553,0.0040479614,0.0016677779,0.0012582797,-0.0022209475,0.002325438,0.0022007748,0.008020996,-0.0008600205,-0.0019734958,0.0057149497,0.0052599814,-0.0026685528,0.0016150235,-0.00091961323,-0.00082989037,-0.002265914,0.0016141031,-0.0017237121
2020-07-21,0.0009433293,0.0,0.0034374231,0.0041280994,0.0019728048,-0.00041899306,-0.008754558,0.00031056418,-0.00031183872,-0.0009152383,-0.00037667828,0.0037946734,0.0013533438,-0.013732256,0.0017544507,0.00088109425,0.0011141308,-0.000936623,0.000768673,-0.0012684352
2020-07-22,0.0008546764,0.00030732725,0.0033938529,0.0007280761,0.0016907798,0.0,0.002662389,0.00057603227,0.00038648015,0.0011776648,0.0,0.0016814637,-0.003852001,0.0027948914,0.0009946636,0.0048001106,0.0008144637,0.002274976,0.0034253283,0.0017055051
2020-07-23,-0.0011863195,0.0011754947,-0.0041206563,0.00221587,0.0016192459,0.0,-0.007610948,0.0013113576,0.0034130348,-0.0027904136,0.0011744967,0.0017636052,0.0014379501,-0.0016252274,0.0010162094,0.0023198258,0.0020157916,0.0014618051,0.0020637503,0.0039099534
2020-07-24,0.0029331057,-0.0006154187,-0.002065417,0.0004801051,-0.0015718017,0.0016369793,0.0012279492,0.00257964,-0.00050379074,0.0014277672,0.0004975327,0.00044128834,0.0021913303,0.0019764418,-0.0003332198,0.0,0.0028577002,0.0072652353,0.0,0.0022285609
2020-07-27,0.0030607414,-0.0006791059,0.0009248079,6.872008e-05,7.90737e-06,0.0,0.0051317476,0.0017166208,4.0968633e-05,0.007923852,-9.314303e-05,0.004495392,0.0008293672,0.0066221226,0.0018229978,-0.0016905785,0.0024559393,0.0072649396,0.0022076634,0.00024954855
2020-07-28,0.00021348537,2.9858282e-05,0.0038731054,0.0012312146,0.00071879633,0.0007277353,-0.001184231,0.002740919,0.004653502,0.0022592065,0.00047830975,0.0040011923,-0.000891442,0.0029925983,-0.0005852557,0.0044124126,0.0,0.0014748942,0.0024506326,0.0030351004
2020-07-29,0.0,-0.0005598965,-0.0016364981,0.0031059438,0.0008393618,0.0016170087,-0.001529002,0.00218413,0.0021106424,0.0017175715,0.006833729,0.0037340715,0.000549946,0.0021931455,0.00147546,0.0041222954,0.00048448014,0.0031844822,0.00037989463,0.0031833686
2020-07-30,0.0005856275,0.0025500937,-0.0074571483,0.0014455101,0.00014519035,0.0054553216,-0.0016512413,0.0029254707,0.00015427903,0.006802518,0.005108308,0.0018639432,0.00014343589,0.0,0.006579826,0.0060417564,0.00037471013,0.0025815903,-3.2361655e-05,0.004790402
2020-07-31,0.009866371,0.0008961913,-0.00096453616,0.0011071624,0.0014320102,0.0048789764,0.002036766,0.0020504515,-0.007963021,0.0016645064,0.00038971702,-5.1349863e-05,0.009236829,0.0,0.0040151738,-3.4683908e-05,0.0026249127,0.0029297152,0.002122095,0.0012059151
2020-08-03,0.010827076,0.0035756796,-0.007838805,0.0009702103,0.00049520814,0.00108248,-0.0034612417,0.00088476745,4.9302107e-05,0.0070934533,-0.0010070438,-0.0010295903,0.005726212,0.000824829,0.001049113,-0.0004975229,0.00089478976,-0.0015136651,-0.000463137,0.00011997215
2020-08-04,0.0012580287,-0.001525736,-0.0033122662,0.0017949165,-0.00079980906,0.0029496578,-0.0016963466,0.0012278403,0.0021744655,0.0035915799,-0.00043639535,0.0019552985,0.0014002515,-0.022740316,-0.0013045906,0.008575879,-0.0019732467,0.00083488325,0.0042410996,0.00050339475
2020-08-05,0.0011076586,0.0031144968,0.0057025277,0.0,0.0,0.0032970454,-0.0009224137,0.0022030317,0.0011484347,0.006601548,0.0019008246,0.0001746158,-7.0459555e-06,0.00077262707,0.00029857043,0.0052347057,-0.0036507854,0.0028298362,0.0026278745,0.0009251998
2020-08-06,0.0,0.0035306367,0.010036222,0.0037085803,0.00038005353,0.0016476855,-0.0037486095,0.00081736594,0.0043556774,0.008303443,0.0008188815,0.0022859995,0.0,0.0015190006,0.001111702,0.003652242,0.0,0.0040850923,0.0036482685,0.0032862271
2020-08-07,0.003488532,0.003527113,0.0031533006,0.0032549847,0.00063071575,0.0012218626,0.0074151964,0.0,0.0017782483,0.003198816,-0.0001932349,0.0043668896,0.0,0.004527743,-0.001023246,0.0021242774,0.003768207,0.0054077203,0.0026882093,0.0035974334
2020-08-10,0.0053586075,0.0005027142,0.00091128796,0.0014042358,0.00030808305,0.0015694695,0.0041874438,0.0006653041,0.0016817742,-0.00088912493,0.0009230896,0.0041953833,0.0007905014,0.002627916,0.0012481184,0.003895529,0.002547571,-0.000883993,0.002190691,0.0043589287
2020-08-11,0.0043750014,0.005414258,0.0033527834,-8.969648e-05,0.003683676,0.0032242204,-0.0027105466,0.0006273114,0.002267045,0.0009149198,5.7783236e-05,0.0054050377,-0.0030963,0.008735385,0.0019725293,0.0019902543,0.0004565158,0.0033579415,0.0020476698,3.5466695e-05
2020-08-12,0.0028653485,0.0030118818,0.0029705698,0.0011767783,0.00089519547,0.0025717656,-0.0017376575,0.001610474,0.00020573333,0.0011713548,-0.006670929,-0.0009601165,-0.0013907,0.012905191,-0.00012490708,0.0020499087,-0.00060357974,0.0022760974,0.0015540334,0.0014816689
2020-08-13,0.0026254908,0.0004488772,0.0023764148,0.003463682,0.0019620263,0.0024088535,0.0009968712,0.00039104666,0.0012576832,0.0042407103,0.0015372476,-0.00095962547,0.004223041,0.03304501,-0.0003960466,-0.0011007414,-0.0028453984,0.002575012,0.0009372677,0.0025751805
2020-08-14,0.0014600683,-6.636917e-05,0.0014369215,0.002205123,0.003346491,0.0014287316,-0.0008105996,0.00079146784,0.0014159011,0.007422072,-6.70624e-05,0.0017774763,0.00011781689,0.006814607,0.0028821572,0.0016854352,0.0010432483,0.00486193,0.0021135542,0.007824577
2020-08-17,0.002669319,0.0,-0.00035023704,-0.000450834,0.0005741892,0.00079680124,0.0,0.0021568777,-0.0029269706,0.00013176179,-0.0010975915,0.004517795,0.0033393619,0.0012923467,0.0011399173,0.0043580974,0.004197978,0.0032366253,0.0008861261,0.0041863127
2020-08-18,0.008346252,-0.0014450892,0.001620283,-0.0010691509,0.0041737845,0.0031129525,0.0024882357,-0.0005633376,-0.0049645077,-0.004709717,-0.0029404454,0.008993262,0.0041201324,0.010541087,0.0017519003,0.0054588025,0.005133347,0.0067920284,0.0,0.0052220547
2020-08-19,0.0106639005,-0.0016269465,0.0015557742,0.0009777241,-0.0011873898,0.003870047,0.0036845384,0.0010767179,-0.0004017279,-0.0002581067,-0.0014886142,0.00027335272,0.00096982217,0.00043051937,0.0012781413,0.0106020775,0.010470305,0.0044003087,0.003122122,0.0046299095
2020-08-20,-0.0009997381,-0.00013553692,-0.00037102608,0.002653719,0.0030056534,0.0008480693,0.0020541502,0.00033819367,0.0037239392,0.0016700893,-0.00026433566,-3.4863773e-05,-0.0012177965,-0.0015573043,0.0021482063,0.0052659814,0.0013757679,0.003990526,0.0007418927,-0.0012988492
2020-08-21,0.0029291676,0.0056881905,0.00053118716,3.5909794e-05,0.001382835,0.0022550381,0.0026112436,0.0045603276,0.0020786407,0.0015530497,0.002790658,0.0051588295,0.0031435671,0.009771587,0.0017157735,0.0034153035,3.239613e-05,0.010626325,0.0030161536,0.004129887
2020-08-24,-0.00039196605,0.0021858334,0.004511322,-0.00046346907,0.005527383,-0.0026879443,0.0018866225,0.00087829534,0.0021801854,0.0010996736,0.00037739327,0.0007447948,0.0052022007,-0.0030801692,0.0022725165,-0.0027044544,-0.0003295222,0.0069665425,0.0023003297,0.002730276
2020-08-25,-0.00085506646,0.0048991037,0.0017639183,0.0029334466,0.0030545245,0.0012951584,0.0017117197,0.003657598,0.0041082166,0.0013199329,-0.0072041037,-0.0011256187,-4.0331295e-05,-0.0056721307,0.0,0.001561017,0.0020203784,0.0036991457,0.0,0.0
2020-08-26,0.008057898,0.0,0.00042889165,0.0,0.000246308,0.0035295088,0.0042229122,0.0037692545,-0.0027736097,0.0012245388,-0.0007008285,0.00027907555,-7.844113e-05,-0.00041437545,-0.0015821902,0.0009954716,0.001337942,0.0018787086,0.0019454483,0.00016926507
2020-08-27,0.0026199177,0.0006279786,0.0015354684,0.0045962487,0.00596469,0.0013135748,0.0019009134,0.0035691645,-0.0012615334,0.0020585738,0.0028863705,0.0036024095,-0.0037172728,0.0019111091,-4.8906477e-05,0.0011771232,0.00598291,-0.0013741496,0.002011912,0.0054215067
2020-08-28,0.0032764482,0.0010147009,0.0025234665,0.0,0.002006792,-0.0007792243,0.0011683343,0.0017073265,5.0255214e-05,0.0040719416,0.0022533685,0.0010845448,0.0012235007,0.0024611864,-0.0012076249,0.0034168828,0.0038627414,0.0007831224,0.0,7.738852e-05
2020-08-31,0.008680309,0.0010177157,0.0038394367,0.0002534041,-0.009048204,-0.00045221843,0.0028662803,-0.0034266738,-0.0008645582,0.0018343206,-0.0009635366,-0.0013569926,0.0064939843,0.004043919,0.0022806493,0.0060486454,0.008742144,-0.0009785078,0.0017891534,0.0042368956
2020-09-01,0.0032429162,-0.000876194,0.00032304245,0.00067810126,-0.0034269288,0.0008437754,0.0010574594,-0.00056548463,0.005055131,0.0015374478,0.0009771978,-0.005002923,-0.0008102143,0.0015837734,0.0032616,-0.0017290327,-0.0017334997,0.0019261155,0.00430471,0.00046713022
2020-09-02,0.0020580774,0.00083981064,-0.0021981741,-0.0019850903,-0.0017568322,-0.0010642163,0.0010242517,-0.00542589,0.011790773,0.0,0.0046352535,-0.0027620394,-0.00046405164,0.0012903226,0.0032708182,0.0031249884,-5.57098e-05,0.0015930199,0.00072350865,0.0017128905
2020-09-03,0.0,0.0016110314,0.00081227004,0.0,-0.0003222782,-0.0004658758,0.0022096364,-0.007673428,0.013789511,-0.00029449997,-0.00077879225,-0.0035160468,0.0013847032,6.846077e-05,0.0015541853,0.004544346,-0.0013391942,0.0027099166,0.00027963886,0.00042091846
2020-09-04,0.0027269484,0.002791355,0.004906164,0.0048041507,0.0037894414,0.0016656937,0.0022883138,0.002517496,0.0053860424,0.0005031921,0.00021290696,0.00091916195,0.007305819,0.0013715415,-0.002286236,0.0036562858,0.0016708635,0.0028915983,0.0011888045,0.0017166215
2020-09-07,0.007900257,0.00079304416,0.0014386707,0.0019133844,0.008906172,0.00043722993,0.0016574231,-0.0016089954,0.005107232,-0.0001743127,0.002624522,0.003656665,0.002213731,0.0020084323,0.0003820248,0.004649766,0.0031718297,0.010688031,0.0035746566,0.0016643114
2020-09-08,0.0016401327,0.0009109262,-0.0016776673,0.004482194,0.0067519187,-0.002106604,0.002869594,0.0039314404,0.008624868,0.0025202304,0.0026789187,-0.00203502,0.0045640413,5.171698e-05,0.000493915,0.002060091,0.005946541,0.0026812935,0.002244041,0.0
2020-09-09,-0.00030763034,0.0012742128,0.0017379434,0.0026888421,0.002346078,0.0,0.0020852338,0.00014640072,0.0013801439,0.0021145777,0.004800983,0.0005665592,0.001380428,0.003513313,0.0012693581,-0.0021724424,0.0025924053,0.0007901144,0.0010230594,0.00513572
2020-09-10,-0.002760044,0.0,-0.0010699495,0.0030104138,0.0030096006,-0.00017068142,-0.00036445606,-0.00016181788,0.0036912004,0.0007605236,0.0012914456,-0.002590464,0.0016965653,0.0012791068,-0.0024935203,-0.0014668697,0.0038934718,0.0004726557,0.0,-0.00071307237
2020-09-11,-0.0021425863,0.0037609655,-0.000992909,0.00052748946,0.0038183383,0.004526566,0.0005797016,0.007742145,0.00058564765,0.0025463025,0.00082383666,0.0047668396,0.006314482,-0.00028230116,0.0049514216,-0.001324192,0.0016253262,0.0049608783,5.457579e-05,-0.0012961134
2020-09-14,0.0031960257,0.0016744396,0.0017136334,0.0031687804,0.0010915564,0.0011609867,0.0013884798,0.0059097526,0.00084716827,0.0023328762,0.0028325643,0.0024618353,0.00398712,3.7685004e-05,0.00082284916,0.0013771234,0.0038133664,-0.0013541305,-0.00069972884,-0.0026000363
2020-09-15,-0.00209935,0.00021142412,-0.00046085316,0.003154027,0.0035237572,0.0033545338,-0.00031433848,0.0013915928,5.8522928e-05,0.0013416652,0.003355319,0.004435073,-0.001011867,-0.0009827898,0.0010509322,0.003969681,0.0046028686,0.00361235,-0.00061883504,-0.00279031
2020-09-16,-0.002616052,0.003999028,0.0,0.0009876475,0.0027034648,0.0039087203,0.0020716698,0.011692645,-0.0015798705,-0.0011187585,0.0029718066,0.0019648604,-0.004415319,0.0024385417,0.0029490453,0.0054012667,0.0030781203,0.0033946428,0.0012908935,-0.001202043
2020-09-17,0.0062194155,0.003219178,5.7076384e-05,0.0,0.0018448341,0.001774398,0.0007958263,0.0001394563,0.0001330068,0.0008570179,-0.0016408112,0.0020129702,0.0008763906,0.00022514781,-0.0060961694,0.0045482316,0.00038969054,0.00047762453,0.001175179,0.00036086925
2020-09-18,0.0,0.0066330847,-0.0011770498,0.002932617,-0.002221453,0.00022462015,0.0006951915,-0.001069559,0.006797221,0.0007495036,0.006524458,0.0035605526,0.0011751177,0.005722223,0.0014647315,0.0047793807,0.0032303927,0.008020377,0.0054750037,0.002074064
2020-09-21,0.0016299159,-0.0031515902,-0.00035348034,0.0,0.007989172,0.0038849867,0.0024028525,-0.0011182547,0.0035333189,0.0019025725,0.0015440759,0.00087954075,0.006145243,0.0043638144,0.00047000463,6.402909e-05,0.00073351705,-0.0016333663,0.0038166677,0.0026996452
2020-09-22,-0.0023365591,0.0006854405,0.0056288242,0.0034845646,0.004906413,-0.0003206357,0.0072628,0.0016763994,0.0004307312,0.0017109963,0.005531243,0.006182216,0.0017107347,0.0044290475,0.00119333,-0.0011529226,-0.00066871225,0.0012292471,0.0030615989,0.0001379105
2020-09-23,-0.0010936378,-0.0007377672,0.007780316,0.001838383,-0.0018130678,0.0017813409,0.0018323365,0.0025651527,0.0024038383,0.0007619316,0.004866728,0.009326116,-0.0010965801,0.006366897,0.0055915485,-0.0012685718,0.0018054171,0.0065757358,0.0002167501,-0.000457629
2020-09-24,0.030660164,0.0,0.0030927479,-0.000931112,0.0028356763,0.0026257115,0.0015923928,0.0016235855,0.0022379274,0.0,0.0023275714,0.010395621,-0.003374618,0.00956663,0.0039952938,0.00052197353,-0.0021984952,0.009155922,0.0014321489,0.0015175362
2020-09-25,0.010715398,-0.00066882325,0.003322072,0.0007519076,0.001246053,0.0,0.0037129426,0.0026310342,-0.0002984462,0.0005014627,0.0010295912,0.0030015702,0.004329473,-0.0001025313,0.00034597455,-0.00039236352,0.0008791314,-0.0003644188,-0.0020619067,0.0049491725
2020-09-28,0.016427595,0.006442347,0.001185577,-0.0014096622,0.0010951314,0.00091449154,0.0028049895,0.0041487333,-0.0022048499,-0.0016244903,0.0025247794,0.0048495852,0.0013073866,-0.002441651,0.0002038229,0.0,0.00039889908,0.0040957904,0.0008989231,0.0031311302
2020-09-29,0.006967222,0.00055927713,0.0009683169,0.00012012544,-0.001701508,0.0004666886,0.0010291893,0.0099802,0.0016501106,-0.0005687919,0.0032646102,-0.0014319785,0.0018242655,-0.0017867022,0.0012546065,0.0030865292,-0.003780376,0.0038426532,0.0022894447,0.00012583204
2020-09-30,0.0007658243,0.0010393598,0.0047720536,-0.0013016874,0.0062076934,0.0049159424,0.000294992,0.0015443737,-0.0005368638,-0.0005667342,0.0011927723,0.0003219307,-0.0018357411,-0.0023013703,0.0042088735,0.0025402044,0.00089222606,0.005996377,0.005167639,-0.00028482717
2020-10-01,0.001984809,0.0,0.0005681892,-0.00017225668,0.0045040227,0.0052049565,0.00021791417,0.00021320202,-0.0001425944,-0.0006296382,0.0,0.0038802195,0.005632487,0.005470525,0.00015892356,0.0004334662,0.0010957462,0.0061844625,0.0035828494,0.00051012845
2020-10-02,0.0012699353,0.0012439898,0.0005687384,0.00224896,0.008045964,0.0029633779,0.000139729,-0.0013227467,0.0052177496,0.0035364397,0.0019845765,0.00905382,0.0054078484,0.00014945108,0.0022737442,1.44126225e-05,0.0037713759,0.00087219005,0.003151189,-0.0020360686
2020-10-05,0.00063929777,0.00036551995,0.0016520817,0.0022698133,0.00037389316,0.0028733793,0.0015569296,0.0,0.008520278,-0.0003785027,0.0045422832,0.0008224963,0.0036757628,0.0036768103,0.0011107299,0.0,0.0040197484,-0.0009175721,0.0028349427,0.0032841281
2020-10-06,0.015139746,0.00079903076,-0.00060070487,0.0036195882,0.0024175434,0.0011407548,0.002174545,-0.0014037164,0.0036862611,0.007299822,0.0039487546,0.0028176117,0.006040511,0.010515359,0.006696716,0.0016023789,0.0073608453,0.0,0.0010561817,0.0029140378
2020-10-07,0.0051120142,0.00031419256,0.000816424,0.001256227,0.004769627,0.0018215046,0.0024692456,-0.0011164757,0.0027203949,0.0010955465,0.00047584693,0.015355983,0.0015945579,0.0011482736,0.0037037956,0.0,0.0036483624,0.0002113032,0.0025512811,0.0
2020-10-08,0.008219033,0.0034663684,0.0018632228,0.0,0.0032131195,-0.000519729,0.0029618253,0.00014039301,-0.0006551588,0.0020600683,0.0,0.0006885567,0.0033124126,8.884201e-06,0.0029666254,0.0010846603,-0.0025024845,-0.00050508656,0.0013890425,0.0
2020-10-09,0.0005931139,0.0036935387,0.0017473736,0.0005704349,0.010072517,0.0013297421,0.001276329,-6.264587e-07,-1.4543504e-05,0.005958629,0.0052027483,0.0004201557,0.0011628923,-0.0011478171,-0.0021793197,0.0020268126,-0.0005705205,0.0002010438,0.0019102963,0.0015554726
2020-10-12,0.005781794,0.001718205,0.002580038,0.0,0.0006153076,0.000552892,0.0010836557,0.0064341724,0.0035264287,0.0050822333,0.0032174252,-0.0018482143,0.0020303165,-0.0005981839,0.0009054007,0.0012750067,0.0,-0.00078240404,0.00352617,0.0059758658
2020-10-13,-0.0011276007,0.0021990268,0.003413939,0.003364509,-0.0005294476,0.0017716581,0.0014725714,-0.00050798844,0.0003900957,0.004575768,0.0014994709,0.0019943148,-0.0017949314,0.0012402999,0.0011069259,0.002602235,-0.00046569543,0.0009778602,0.0008464166,0.004634472
2020-10-14,-0.0040352005,0.0,0.0035250683,0.0014569407,-0.0034535003,0.0037660475,0.0023754006,-0.0066109584,0.0028791581,-9.1903035e-05,0.0007357828,0.00025884324,-0.0008959478,0.006166142,0.0039957142,0.002327922,-0.0018934746,0.0029909622,-0.00030043483,0.0038970856
2020-10-15,-0.001072037,-0.0002898554,0.0013097828,0.0017581974,0.002852627,0.002627045,0.0026076972,0.000832212,0.0017605649,0.0020022078,0.00072174415,0.0,-0.00029650913,0.007920337,0.0044559883,0.0011348578,0.0018030121,0.0,-0.00045600755,0.0024090004
2020-10-16,0.00036667066,-0.00048678587,0.0049899253,0.003655716,0.0066325846,0.0009046818,0.001722373,0.00030912147,0.0004552908,0.0053628585,0.00041676994,0.0,-0.00083804544,0.0020188927,-0.0022236507,0.0030761135,0.00021077746,0.0020174838,0.0041992315,0.0034231655
2020-10-19,0.0017370572,-0.0038271204,0.00030509956,0.001452399,0.0041687745,0.0016669333,0.0011486466,0.003317825,0.00088049617,0.00040850329,7.49119e-05,-0.0006963358,-0.0020561027,0.0018941098,-0.0011224403,0.00083610305,0.0010307238,0.0008485655,0.0006422388,0.0019079007
2020-10-20,0.0027924604,0.0019277736,0.004758224,0.0027876256,0.0038881944,0.0006860704,0.0004988785,0.00205991,0.001933574,0.00059664756,0.001716084,0.0,0.0016609635,0.0018684033,0.0044159596,0.00038507636,0.0011467889,0.0025247685,-0.0015466282,0.0011826805
2020-10-21,-0.00021979315,0.0018336958,0.00482211,0.002301641,0.0016009851,0.00063479185,0.0,0.004520713,0.001311364,-0.0038338725,-0.00029714557,0.0022226206,-0.0029392987,0.0023288364,0.006261287,0.0018130984,0.004644041,-0.0010613379,0.003240909,-0.00025604333
2020-10-22,0.00037840276,0.0069391327,0.0041602617,0.0028350926,-0.0015643517,-0.00049088435,0.0021444624,0.0010599783,-0.00037545883,-0.004183624,2.2102156e-05,0.004456653,0.002506767,-0.0025887287,-0.0073564285,0.0010153346,0.002317739,0.0010415826,0.005727186,0.0
2020-10-23,0.005952393,0.0036328682,0.0021916952,0.0022718476,0.00015965321,0.00052928075,0.0011945771,0.00025830473,0.00063956535,0.0,0.000647154,0.005605289,0.008332079,1.4387413e-05,-0.0007403526,-0.00033178576,0.0003477897,0.0036896402,0.0054030945,0.0015962903
2020-10-26,0.0042137066,0.0030272787,-0.00029938604,0.0008578928,0.00046584007,0.0011106138,-0.0006123566,-0.0027012783,0.0008588298,0.0017291266,0.0001849302,0.004872585,0.003623957,0.0011628404,-0.0012376606,0.0013960748,0.0019286189,-0.0007134104,-9.411276e-05,0.0021703518
2020-10-27,0.0020125348,0.0017808086,0.0013122099,0.0016614165,0.0,-0.0002406054,0.0035284304,0.0029600756,0.0018559385,-0.00033114216,0.00056443334,0.0008295006,0.0052476334,0.0010340635,0.005083748,0.0024021938,0.0015726223,-0.0031859963,0.004631951,0.0026336848
2020-10-28,0.001376401,0.0006370562,0.0,0.00015116973,0.0027969514,0.0020690693,0.0016377888,-0.0018007549,0.002059586,-0.0018511104,0.0016864061,0.0070763235,0.0106604425,0.0009433555,3.772065e-05,0.0016103607,0.0027027358,0.0018149434,0.0037122031,0.0035873705
2020-10-29,-0.0007044933,-0.0060753827,0.00019480882,0.0012288546,0.0020330518,0.0019102057,0.0024363545,0.003364753,0.0026302962,0.003080569,0.0,0.003877579,0.0035966034,0.0013801726,0.0010492831,0.0,0.0039584623,0.0028244476,0.0009223326,0.0022021758
2020-10-30,0.0018073311,0.0021822152,0.00052193576,0.0018192407,0.001588975,0.0022441766,0.0028569873,0.0019216408,0.0023493157,0.0015985579,0.0019514683,-0.002605973,0.0038212482,0.0018141068,0.00037204762,0.0047651124,0.005848917,0.003397164,0.0012624217,0.002488823
2020-11-02,-0.0024185344,0.0018838464,-0.0014204606,0.0023560484,0.0005457029,0.0014645561,0.0018936667,0.00010393482,0.0021882625,-0.00035660612,0.0028554858,0.001771983,0.0039818916,0.0017788977,0.0054122484,0.003683157,0.00035003928,0.0002328938,0.0,0.0017542829
2020-11-03,0.0023605707,0.00064244383,0.0011757213,0.0012590986,0.00064236496,0.0035104705,0.0,0.00552102,0.0017779543,0.0010039413,0.00064528745,0.0,0.009237068,0.0017822849,0.0017773996,0.0026919967,-0.00021087557,0.004565277,0.0016859322,0.0012808568
2020-11-04,-0.0015209076,0.0038412698,0.0012746861,0.0011971032,0.0029204276,0.0033220863,0.002099957,0.004356969,0.00074679893,0.00038444131,0.00073287037,-0.006283381,0.002990224,0.002594312,0.00021397848,0.0037899322,0.00034284205,0.0020708928,0.0058404673,0.0019976115
2020-11-05,0.0006272161,0.0007643507,0.0062035345,0.00047043615,0.0070922934,0.001601595,0.00016576018,5.8284935e-05,0.002421412,0.0013683847,0.00022247738,0.0024078384,0.004795552,0.00053468556,0.0019628727,0.0025504392,-0.0011865163,0.0018277151,0.0033125074,0.0026584761
2020-11-06,0.0032667897,0.0047589825,0.0011891617,0.0026234286,0.00064810435,0.0,0.0016367905,0.0009207204,-0.0012329005,0.0024423287,0.00107432,-0.0024488315,0.0077201496,0.0008467638,0.0020468216,0.0022008147,0.002306029,0.002365984,0.0003402781,0.005018295
2020-11-09,0.004768031,-0.00016469667,0.00035338977,0.0038212151,0.00015077755,-0.0022969483,0.0060763876,0.0046524773,0.0010504256,0.0056620603,0.0014382142,0.0,-0.00017385572,0.0021980938,0.00012404687,0.0032310535,0.00092764257,-0.0010003889,0.006783528,0.004211522
2020-11-10,0.0009974142,-1.1525425e-06,0.000303444,0.00061718194,-0.00048675688,0.002202713,0.00095617847,0.006613301,0.006322088,-0.00029593805,0.0022667062,-0.0026331285,0.004595124,0.0032711674,0.0013926949,0.00249247,-0.00033147685,0.0023262831,0.0072746496,0.0021098403
2020-11-11,-0.0035915354,0.0044840365,0.0014410934,0.00035538056,-0.0015322536,0.0038230256,0.0023669156,0.005961035,0.0006867156,0.0032579342,0.002225109,0.014251428,0.0015964453,0.0025894907,-0.007954934,0.00035252207,0.00088169426,0.0028557258,0.0032706277,0.0018398495
2020-11-12,-0.0029043555,-0.00032835934,0.003923812,-1.3598163e-05,0.00018843697,0.00091509114,-6.362086e-05,0.00027462823,-2.0696238e-05,0.00067231787,0.0034102474,0.009384213,0.002348097,0.002624783,-0.00061239675,0.00026853787,0.002526061,0.0040285964,0.0004672487,-0.003949697
2020-11-13,-0.0014918051,-0.0011473901,0.0023047219,-0.0025020908,0.0034063337,0.00088128226,-0.0014593217,0.0023775382,0.0015695913,-0.00036232546,-0.0019487755,0.005781359,-0.00033095456,0.0028542096,0.0073913634,0.0026931155,0.0016941528,0.0061984234,0.0019770241,0.0010695758
2020-11-16,0.0066313134,0.005516505,0.0021878541,-0.0004752479,0.0016039193,0.005130376,0.00018326308,0.0009946579,0.0034152023,-0.00085518346,-0.0011902436,0.0008049727,0.0016176803,-0.0002205891,-0.00016470677,0.0008490417,0.0027917286,0.008571367,0.003800008,0.00023534773
2020-11-17,0.0059647555,-0.0063002054,0.0047882716,0.00079509086,0.00044647793,-0.0035544361,0.003944195,0.0,0.004447427,-0.0015321533,-0.00049730774,0.005018568,0.001655097,-0.00054925185,0.0009125313,0.00084717816,0.0016306114,0.0053273314,0.004367367,0.0011689679
2020-11-18,-0.0014455639,-0.0043575326,0.0036538774,-0.00017113819,9.6314936e-05,-0.0034231476,0.001374285,0.0041624717,0.002557433,0.0017758458,0.0016283103,0.0024369464,-0.00106957,-0.00017860446,0.0022382606,0.0032229796,0.0015625703,0.0007041502,0.008463204,0.0022786772
2020-11-19,0.004630516,0.0023456768,0.004968909,0.0,0.00047046883,0.0007024338,0.0008478845,0.010237969,0.0016011206,-0.0018691553,-0.0010624443,-0.0004175858,0.0013069456,0.0022938892,0.0,0.00026238977,0.0011935971,0.0030663675,0.0032253338,-0.00025270713
2020-11-20,0.0033245299,-0.00047787314,0.0040029716,0.0010230904,0.0018949312,-0.00032450177,0.004351014,0.0010230439,0.0020280364,0.0027728844,0.0017075121,-0.0012644845,0.00023658502,0.0032234334,0.0006933925,-0.0029199831,-0.0004352909,0.005760972,0.002283939,0.00013958703
2020-11-23,0.0032900083,0.008591318,-0.0014471728,0.00452479,0.001995835,0.0018594362,0.0024423513,-0.0031596364,0.0016206258,0.004470396,0.0029878097,-0.0022207727,0.0012131884,0.0,0.0006281398,-0.00069594197,-0.0034621386,-0.00022354328,0.005572826,0.00012116158
2020-11-24,0.0030915507,0.0015449863,0.00024651873,0.002450251,-0.0054847123,0.0035516734,-0.00049863895,0.003380634,0.0012532586,-0.00013447054,0.0035249423,0.0017658249,0.0021959492,-0.0019386087,0.0011402152,-0.00047432075,-0.0028362768,-0.00059165753,0.005040878,0.0024377587
2020-11-25,0.0003414111,0.0038187942,0.0054058223,0.0033207808,-0.0036483277,0.003104647,0.0016006029,0.0007125082,0.0017665057,0.0014701134,0.00015517148,-4.7377785e-06,-0.00020537921,-0.0013598267,0.00092633633,0.009283412,0.0022039097,-0.00047884934,0.0026915716,0.008176976
2020-11-26,0.0032365883,0.004540543,-0.0014426459,-0.001145457,-0.0002613192,0.00037828798,0.011702169,0.0039043054,-0.0006066663,0.004772122,0.0024616318,0.0022405747,0.00047239338,-0.0011639906,0.0029280079,0.0027110714,0.0052891294,-0.0055909483,0.0007796727,0.0058494885
2020-11-27,0.0029120222,0.0038089727,0.0051746466,-0.00020607923,0.00022262207,0.0037641532,0.0048110243,0.0011896901,-8.8380904e-05,0.0015353467,0.0020447029,0.0006615987,-0.00020271224,0.002557795,0.0016751868,0.0007220408,0.0036929753,-0.0052716103,0.0012191698,0.0012428261
2020-11-30,0.0027102365,0.005694318,0.00036130866,-0.00016470092,0.0025387895,0.0053473436,0.0018934838,0.0033155864,0.0011372189,0.0036880807,0.0015404441,0.0026495499,0.0029212006,0.002108994,0.0011934186,-1.5919582e-05,0.00016117742,0.0038343526,0.0,0.0013248087
2020-12-01,0.005269548,0.002191878,0.00034430646,0.0030701081,0.0016458258,0.00394662,0.0022742944,0.00045255164,-0.00032316928,-0.00028967462,0.0014758763,0.0007843897,0.002544445,0.0012133301,0.002835105,-0.0010611864,0.0011505702,-0.0011300172,0.0012265856,-0.0049725147
2020-12-02,0.0016444479,0.0032122459,-0.00013338761,0.00038315868,0.0011824319,0.010691733,-0.007631196,-0.0013057524,-0.00019655626,-0.000741296,0.0009636237,0.00042522603,0.0061730114,0.002273856,0.006582438,-0.00034742017,0.0012659917,0.0105918795,-0.002966124,-0.0035404374
2020-12-03,0.002813917,-0.0013650185,0.00019528467,0.0016776052,0.0025087718,0.00016971245,0.0007188505,0.0043425504,0.000696508,0.00037909247,0.001169596,0.00049483724,0.0014443065,0.0009030339,0.0033555555,-0.0013740738,0.0009058433,0.005503251,0.0006955308,0.0014518632
2020-12-04,-0.00030741215,0.006333932,0.0007230172,0.00064360705,0.0025311364,-0.005635761,-0.0010959692,0.0024122915,0.0008791741,0.0008332476,-0.00035609768,-0.0015081269,0.0010777629,-0.0019305592,0.006245012,-0.005073207,0.00074033515,0.0029515284,0.004777342,0.00080417225
2020-12-07,-0.0008029269,0.0025895643,0.0013864553,0.0007524148,0.0010916102,-0.0026682112,0.003286169,0.0006885785,0.0018274701,0.0017755699,-0.0015253397,0.0027190524,0.0017311506,0.002053791,0.0014643363,0.0043138084,0.00058325555,0.00089579436,-5.274319e-05,0.00093066617
2020-12-08,-0.00020900909,0.008471449,0.0024367378,0.0025052978,0.0020533009,0.0023651663,-0.0018055796,0.00026662025,0.0032539768,0.0007997303,-0.00038745455,0.003943417,-0.0009486105,0.001794291,0.0044892957,0.0006206394,0.001552598,-0.00051929406,0.0026868202,0.0013125881
2020-12-09,-4.6852052e-05,0.0034044562,0.0010625888,0.0020509388,0.0,-0.0007659734,8.5925436e-05,0.002968905,0.0019364757,0.00049153535,0.00031367634,0.0025500716,-5.1051884e-05,0.0042007794,-0.0018679015,-0.0021093637,0.0017595625,-0.02030651,0.003581753,0.0038573418
2020-12-10,-0.0015697284,0.0041388604,0.0023055305,0.0032826122,0.0021480029,-0.0061808415,-0.0002892231,0.0016112464,0.0009723733,0.0012170195,-0.00041695038,0.0007262332,0.00084670156,0.0023062683,0.0003475337,0.00030388494,0.003759772,-0.005908269,0.0032873175,0.002722029
2020-12-11,0.0042847856,0.00090791716,0.003827778,-0.0011725895,0.00089339045,-0.00063425524,0.00028846425,-0.002158084,0.00025101946,-0.0057187243,0.0047713793,0.0022305094,0.0014922101,0.0022775996,0.0019774686,0.0032103106,0.0024084079,0.0,0.002645542,-0.0016329744
2020-12-14,0.00056399184,0.0011366447,0.0017409424,-0.0028376973,0.0026306943,-0.0001519761,0.005548184,-0.00060836866,0.0019386297,0.00043376724,0.0010010876,0.0032518345,0.0030177208,0.00013205009,0.0006785556,0.0069563896,0.0012241033,0.0025463535,0.0022224698,0.008345613
2020-12-15,0.0028045105,0.0007711806,-0.0006108791,-0.001692473,0.001455467,0.0042789723,0.0020362046,-0.0017572324,-0.0012431145,0.0039338497,0.001237612,0.0,0.004463638,0.0007585645,0.004264055,0.0041398522,0.0,0.0042501655,0.00075197703,0.00418348
2020-12-16,-0.0009799349,-0.0006031547,0.0003379294,0.0005315947,-0.00011171483,0.003245654,0.00076362444,-0.0012266634,-0.002246649,-0.0007123142,0.0009930761,0.0022461172,0.007185656,-0.00017302705,0.0033400038,0.0037445247,0.0013994949,0.0014912008,0.00014771726,0.0011302553
2020-12-17,-0.0013103683,-0.0005357608,-0.00069771067,-0.00021521495,0.0019916839,0.0026247208,0.0058912397,-0.00060151954,0.00037478603,0.0030702015,0.003880774,0.0034907516,0.003801417,-0.003291202,-0.0039218757,0.0014304694,0.00048309538,0.0010811037,0.002254684,0.0019256104
2020-12-18,0.0011747116,0.023539256,-0.0010281369,0.0003214443,0.0030650306,0.0020531532,0.006084112,-0.0007331871,0.00016206675,0.003937588,-0.0011539831,0.008473712,0.004230963,-0.0012041416,8.566349e-05,-0.0006523871,0.0006445161,0.0013916465,0.000423179,0.0
2020-12-21,0.0003852086,0.005507947,-0.0014533738,0.0021223451,0.0030200128,0.0053706276,0.0023879658,-0.0024436421,0.0039503244,0.0,0.0,0.003530697,0.0017750199,0.00049596885,0.0027807488,0.0009968149,-0.0002901658,0.00013415974,0.0008742566,0.0003227631
2020-12-22,-0.00083405693,0.0036544416,4.0537984e-06,0.0016811476,0.0019887215,0.00032365628,-0.0014646053,-0.0038409587,0.0016520479,0.004446437,0.004549662,0.00097026856,-0.0008497272,0.0027129254,-2.9313305e-05,0.009597181,0.00010126856,0.0031551328,0.0,-0.0006457826
2020-12-23,-0.00047387657,0.0029122145,0.001056515,0.0,0.0012980957,0.0035912138,0.0008984542,0.0087952595,0.00018563132,5.595132e-05,0.009769978,0.0,0.0028066062,0.015865121,0.0011100288,0.0022774192,0.00075336185,0.003269669,-0.00040615167,0.0025163025
2020-12-24,0.0016299195,0.003539192,-0.0034619796,-0.0022648943,0.00071452506,0.004872725,0.0024275687,0.017999588,0.0,-5.0674906e-05,0.005480237,-0.0007382844,0.0029904663,0.0020146142,0.0015145249,-0.0043012826,0.0017068633,0.008712543,0.0009356411,0.0010473073
2020-12-25,0.0033036328,-0.00028872467,0.0048310715,-0.0011075909,0.0012124678,0.000574921,0.0010177485,0.003790542,0.0013226323,-0.00276696,0.020552598,-0.0014675407,0.00078163133,0.00028667992,-0.0010039777,-0.010533407,0.0023828917,0.021758566,-0.001698014,0.0020161443
2020-12-28,0.0038228873,5.765242e-05,0.004876884,-0.00063103106,0.0005248605,0.0016221146,0.0,0.0017509878,0.00086611573,-0.0008035183,0.0066011287,-0.002508437,-0.0002634687,0.0027712004,-0.00077972264,9.614585e-05,0.0011678035,0.009554052,0.0005323123,0.0033119395
2020-12-29,0.0018210935,-0.0132137565,0.0016187056,0.004471805,0.00018448927,0.0010606834,0.0031633712,0.0007228801,0.0034129394,0.002231483,0.0050442084,-0.009024852,0.0021142922,0.002624473,0.0008378036,0.0020173148,0.0024406067,0.004275568,-0.0013185287,0.0038338108
2020-12-30,0.00035261762,0.0015534145,0.0040654484,0.0005677668,0.002182717,0.00048925367,0.0019946394,0.0025910875,0.002303233,0.001353732,0.0011576785,-0.0033392757,-0.0004752182,0.002065426,0.00085084286,0.0017658946,0.002230355,0.0006735517,0.0028632586,0.0022914757
2020-12-31,0.003884419,0.00045678183,0.0019400702,-0.00032395186,0.0024019624,-8.839361e-05,0.00036946076,0.0013053219,0.002625002,0.006512088,-0.00024149442,-0.0046118908,0.0,-0.0023050685,0.0032320996,0.0039159968,0.0017756785,0.0,0.0019555518,-0.000890069
2021-01-01,0.0016826594,0.0028056926,0.0013836239,-0.0009302698,0.001217864,-0.0024598602,0.0010919089,0.0007108941,-0.0003653559,0.0018545135,0.0032935631,0.00060123496,0.0016952669,-0.0021930626,0.00345997,0.0023739042,0.001108939,0.0025049855,0.0058972803,0.0013145912
2021-01-04,0.00045123,0.0024233097,0.0016041693,-0.0012282741,0.0010900319,-0.0019544757,0.0014427693,0.002106418,-0.0003521783,0.0033506218,0.0007590036,0.0020848915,0.0015735726,-0.0025577883,0.0,0.017154554,0.0017087728,-0.0011005143,0.0030022417,0.0033185445
2021-01-05,0.0033501035,0.0009696403,0.0020406551,0.00018894052,0.0021167153,-0.00020187302,0.000900848,0.0,-0.0019561036,0.006253527,0.00038559744,0.0028597363,0.0024224257,0.009351325,0.0005234034,0.044166613,0.0032225102,0.0013282874,0.0011184744,0.0058620125
2021-01-06,0.0011363939,0.0011763908,0.0021241852,0.0021830618,0.0016477273,0.0012522201,0.00038177762,0.0053743552,8.6845204e-05,0.003979453,0.0,0.008882236,0.00065339805,0.0035961396,0.0008419795,0.0037613695,0.0014106551,0.0023256338,0.0014026716,0.0024639391
2021-01-07,-0.0009287158,0.0015901631,0.0014338593,0.0007424975,0.0021734259,-0.006264526,0.0018109094,0.0037069507,-0.001670385,0.0018902374,-0.002982329,0.0016725875,-0.0008349083,-0.0016150402,0.0011954383,0.0021302835,0.0025812185,-0.0011323632,0.002476152,0.0010578491
2021-01-08,0.001932838,0.0015858035,-0.0021133812,0.0028038274,-0.00029622446,0.001722227,0.0013240123,0.00365725,-0.005468817,0.0016102262,0.0010510138,0.0021753872,0.00022121634,-0.0014923849,-0.0019439785,-0.0009906484,0.001596389,-0.0039152037,0.0010317806,0.0
2021-01-11,0.00053864525,-0.0005026702,0.0,0.0040353546,0.00086581416,0.0016134265,-0.0023806465,0.0005342285,-0.0009997457,-0.0007874351,-0.0012359214,0.0005231518,0.0020461597,0.00081832934,0.00449259,-0.0027409468,0.00028082874,0.003891141,0.0,0.0033223364
2021-01-12,0.005007283,0.0,0.004547866,-1.3725085e-05,0.0010332522,0.0057541616,0.0014322471,0.003858895,-0.001101756,0.003879182,0.0033969884,-0.0015466023,0.00011424529,0.0039645014,0.0016196982,-0.0021446834,0.0022731065,0.0072391527,0.0020218922,0.0026670913
2021-01-13,0.006026015,-0.00032071336,0.00054603146,-0.0011121955,0.0,0.00022780198,-0.00034222263,0.006976049,0.0024644465,0.002206516,-0.0025646822,0.0011082235,0.0020314283,0.0017802808,0.0013055184,-0.0003995636,-3.015774e-05,0.0022296312,0.0022432022,0.0030675132
2021-01-14,-0.0032039476,0.0,0.0021106265,-0.0018689575,0.0021754513,0.0012332025,-0.0010565463,0.00092774024,0.004664923,0.0027654541,-0.0035973515,-0.00043256918,0.0021095285,-0.002048193,-0.0047090338,-0.00081158185,-0.00019271707,-0.0004419308,0.0020766016,-0.0008294537
2021-01-15,-0.0027065498,0.0020783865,0.0039512673,-0.0011984516,0.002015563,-0.0011922019,0.0012556995,0.0013130091,-0.0024645566,0.00016424064,-0.005425859,-0.0039151832,0.0008975672,-4.211038e-05,-0.00074680604,0.0065527754,0.00033634994,0.0027262059,-0.00049411936,0.0015553449
2021-01-18,0.0028704472,6.118039e-05,0.0062203775,0.0011386147,0.0008111538,0.0010987266,0.0036855978,-0.00308191,0.0,0.0005358902,0.00056005054,-0.0010860143,-0.00011496718,0.0002457834,0.001305958,0.0043167653,-0.00062713196,0.002403944,0.0011064626,0.0043631797
2021-01-19,-0.004433012,-0.0024052327,0.0038218373,0.0021743889,0.0,-0.002467417,0.0010601103,-0.0020380646,0.0010805371,0.0056676413,-0.00052056636,0.0011661103,0.0,-0.00039927787,0.0017507173,0.00023145175,0.0012200148,0.0,-0.0012145574,0.004198579
2021-01-20,0.0035032115,0.0022213801,0.0007682867,0.002663675,-4.0529074e-05,0.0012509194,0.0006856313,0.0071790065,0.0024244362,0.0009534521,0.0006795848,-0.0039162417,-0.00089102535,0.00046586708,0.00081544166,0.0011931864,0.0020150826,0.007500537,0.0037183147,0.0031716945
2021-01-21,0.0060081724,0.0038575162,-0.00037702668,-0.00032998878,-0.0017438269,0.00074221747,0.0039004188,-0.0021218285,0.0029222453,0.00071446196,0.0026999363,0.006061961,-0.00040173723,-0.0024173534,-0.0017138711,-0.0018336991,-0.0006270467,0.0033632098,-0.0006121659,-0.00055373827
2021-01-22,0.007248473,0.002633775,0.0032880215,-8.198142e-05,0.0002351924,0.004583368,0.0,0.0016250735,0.00041521827,0.0043209027,0.005656921,0.0053112707,0.0011079591,-0.003826115,-0.0012927301,0.0020081943,-7.714857e-05,0.0029053884,-0.0036549973,-0.0013741135
2021-01-25,0.0033205834,0.0054661343,0.0043352996,-0.005819696,-0.00024683742,0.0022102832,0.0014741922,0.012044131,0.0013042311,0.0033040324,0.0037755664,0.0040370612,-0.00018983879,0.00081957143,0.0,0.0023991668,0.0,0.0,0.00019490685,0.0028812527
2021-01-26,0.00060485717,0.00086507754,0.0035357324,0.0015920601,0.0007200656,0.006299243,0.0049451594,0.0013119391,3.906678e-05,0.003412974,0.0019459308,0.002970382,0.0006333121,0.001054971,0.0042001293,0.005414717,0.0,-0.0031485988,0.0036862844,0.002498117
2021-01-27,-0.0024520932,-0.0003759047,0.0001921727,0.0069077895,0.00024097227,0.0011130016,0.00047456403,0.00053998973,0.0008641965,0.000358611,0.001489357,0.004773864,0.002379919,-0.001319202,0.00073332974,0.007991036,0.000825217,0.0005583278,0.0033882917,-0.00019814773
2021-01-28,-0.0018168092,0.0009755974,0.0003797923,0.002057047,0.0030654017,0.0011319795,0.00120243,0.008110462,0.0,0.0035351238,0.011220497,0.0030084706,0.00079742906,0.003430592,-0.0004128385,0.0013209209,0.0012286949,0.0008006197,0.004356753,0.0020344905
2021-01-29,0.0008850689,-0.00019531419,0.0012247692,0.0009287104,0.0006809809,0.0033777377,0.00074172596,0.0035847288,7.021054e-05,0.0,0.0038894955,0.0021864541,0.001654052,0.002701984,-0.0019623593,0.004366006,0.00090520666,-0.0010984158,0.0070299404,0.00034501718
2021-02-01,-0.0016796213,0.0006650132,0.0008081937,-0.00050368556,-0.0012640379,0.0032466056,0.0,0.009173198,0.005203383,0.0029343225,0.004534941,0.0004641656,0.004920384,0.0024554895,0.0017182153,0.002071727,0.002855873,-0.0005472168,0.0055040284,0.001305644
2021-02-02,0.00076104066,0.0011900488,0.00079748326,0.0036519424,-0.00016189342,0.0018459229,0.00073827186,0.002656347,0.0028801586,-2.352321e-05,0.007241449,0.0,0.0022853373,0.0020205993,2.9883645e-06,0.00073605205,0.0013132705,0.0025153058,5.2435265e-05,0.0011786877
2021-02-03,0.0010872988,0.00045919922,0.0034528181,-0.000994307,0.0019949647,0.003281259,0.001538431,0.0,0.001557399,-0.0015801609,0.005781829,0.00567059,-0.0025299112,0.008770692,0.00034631047,0.004236523,0.0014858765,0.0014699681,0.0038791033,-0.001081748
2021-02-04,-0.0010532315,0.0011231382,0.0036242928,-0.0039052514,0.00091095426,0.0005182863,-0.00032246753,0.0049983896,0.0025480941,-0.00167115,-0.00010128532,0.0046699205,-0.001996458,0.0039466834,-0.0027100195,0.00075581885,0.0018268325,0.004009779,0.0023089095,0.0042070653
2021-02-05,0.0,0.007530402,0.0028180259,0.00068635086,0.0061748265,0.00095499365,-0.002759862,0.0034341658,0.0012582736,0.00369651,-7.1395903e-06,0.003280058,-0.0020550166,0.008994931,0.0008668828,0.00051929004,0.006284054,0.0028663296,0.0036257678,0.0033424709
2021-02-08,0.00093324267,0.001029244,0.0012954718,-0.00064795755,0.0023978692,0.000669718,0.0025780504,-0.0023955994,0.00044322317,0.007377971,-0.0075612385,0.0011444559,0.0010679227,0.004941671,0.0017005653,-0.0089258915,0.00030957066,0.0039376803,0.0058272816,0.0010971901
2021-02-09,0.0024372705,-0.0072898446,0.0032437514,0.00095945306,0.0040614586,0.0031510906,0.0141101815,0.00034641474,-0.00019131333,0.0054963706,0.0012881807,-0.0023166097,0.0015957213,0.001093362,0.0008570239,0.00018513974,0.016005097,0.0035948462,-0.00091559143,0.0030596182
2021-02-10,0.00064247515,-0.0044256304,0.0072047454,-0.00038020074,-0.0016198701,-0.00264395,0.0042505423,0.005245068,-0.00089041115,0.0014118712,0.0013108151,0.0017260019,0.002790115,6.427754e-05,0.0017367677,-0.0010051783,0.011852883,0.0027939714,-0.0032531372,0.00073143764
2021-02-11,-7.1603645e-05,0.00029298544,0.008558847,0.003029249,-0.002036425,0.0012375646,0.02127394,0.002563528,-0.0032830215,-0.0010187328,-0.005122099,0.00021046265,-0.0068549034,-0.0026192372,-0.003167007,0.013898691,0.013305664,0.0018457903,-0.00088060944,0.0037522633
2021-02-12,0.0016079028,-0.0015258989,0.000599449,0.0029075302,0.00015072573,0.0028609212,0.01596334,0.00040892488,-0.00074064627,-0.00029146837,-0.0034820503,0.0010251359,-0.00040003305,-0.0013481628,-2.6108344e-05,0.00739574,0.00084823935,0.0017802942,0.005405589,0.0016695852
2021-02-15,0.0013067572,0.003610139,-0.002247834,0.002119861,-0.0005040782,0.0012085532,0.0035875535,0.004450429,-0.0005597282,0.003934622,-0.0017102548,0.0020516776,0.0037232814,0.00122931,9.504262e-05,0.0036129374,-0.027570184,0.00045179762,5.3473705e-05,0.00058907707
2021-02-16,0.0011491539,0.00012524254,0.004165136,0.0036225915,-0.0013383343,0.009934011,0.0007034454,-0.0011462221,-0.001928025,0.0014839226,0.0023474712,0.0016682828,0.003998221,0.0019886743,-0.00047470842,0.010549897,0.023694938,0.0004969139,0.00053094694,0.0043475516
2021-02-17,0.0012885913,-0.009498973,0.0026882656,0.0025896695,-0.0022048887,0.007163111,0.0036583424,0.0017518699,-0.0014325173,0.00198913,0.0013864182,0.0004319363,0.00067035516,0.001330948,0.0017122708,0.0015360819,0.0023469704,0.0033919385,-0.0016186065,0.0043952623
2021-02-18,0.002842225,-0.001434802,0.0028652002,-0.00076545536,-0.0011059527,0.0026786916,0.0057261433,0.004960563,0.0009737396,0.0025139565,0.004026839,0.0012003583,0.0017822019,0.0061985822,0.00047137294,0.00029852137,0.002628916,0.002488758,0.007210569,0.003754231
2021-02-19,0.0016213127,0.0018889959,0.00089673605,-0.0014974488,0.0009253975,0.00015989957,0.0017045937,0.0055809915,-0.000113135,0.0034542207,0.0035815763,0.00067778956,0.0026648322,0.0055167973,0.0017786621,0.008045488,0.011602105,0.0009879812,0.0,0.0013325204
2021-02-22,0.0017276724,-0.006474124,0.008093994,4.2476397e-05,-0.0003310718,0.0066223727,-0.004759926,9.373843e-05,-0.00043741037,0.002137733,0.0009164108,0.0012844047,0.0029659974,0.0012744283,0.0007936512,-2.0455667e-05,0.0028359408,0.0017512629,0.0018870467,0.00560721
2021-02-23,0.0006301601,-0.0040919264,0.0017444299,0.0022402403,0.004604467,0.0038017384,0.0001772688,0.0010895309,-0.0005021859,0.002745271,0.0045262324,0.0011678626,0.0009913942,0.0023126965,0.00089779135,0.0002169045,0.008362753,-5.111863e-05,0.0038463434,0.0016743613
2021-02-24,0.0012591155,-0.0075325095,0.007923156,-0.0010742005,8.016941e-05,0.0093401885,-0.0034173264,0.0032785602,0.0012029691,0.0020468594,0.0054474142,0.0009728945,0.00064823445,0.00038587282,-0.0011404197,-0.0013097886,0.0048565296,-0.00060637237,0.002018674,0.0031198184
2021-02-25,0.0044622044,0.0038187746,0.006625091,-0.0011530045,0.006346555,0.0061397557,0.00029688186,0.006107886,0.0013928314,0.0003867051,0.0025181312,0.0,0.0041095414,0.0017692125,-0.00079613633,0.006270418,0.0023560913,0.00074977765,0.002785491,-0.0013462307
2021-02-26,0.0019584864,0.0029814048,0.0005430766,0.0028313745,0.004335518,0.006667668,0.0029462695,0.0041683344,0.0024929454,-0.00030702256,-0.00017060486,0.00074391504,0.0042348453,0.0046655433,0.0,0.00089033257,0.0039426433,-0.0013024596,0.0054252935,-0.0011067034
2021-03-01,0.0022040766,0.0056666685,0.0033051912,-0.00017079923,0.0054022484,0.0073973825,0.014029722,0.0013915056,0.001646452,0.0016308211,0.0016973543,0.0022714767,0.00092397904,0.005202284,-2.1778054e-05,0.00081259396,0.00077431084,0.004732216,0.0005606198,0.00092747255
2021-03-02,0.0028525866,0.0026744432,0.004993496,0.0012136804,0.0039508706,0.005818865,0.0052194465,0.0005867969,-0.0007695564,0.002509421,0.0032231687,0.0020189236,0.0032093592,0.0029165265,-0.0012194532,0.009826824,0.0008665503,0.003992852,-0.0014374874,-0.00032685476
2021-03-03,-6.470209e-05,0.009809437,0.01773389,0.0029763526,0.0025335972,0.00013574267,0.009821514,-0.0018580444,-0.0005979333,0.0026251841,0.0036447046,0.0020489478,-0.0019355325,0.004967247,7.111164e-05,0.007224728,0.0020687075,0.0020373438,0.0010291159,0.0002653599
2021-03-04,0.00041053002,0.012260279,0.0017464546,0.0021915673,0.00061119976,0.0027413506,0.008278042,-0.0032444075,-0.0012640009,0.0020401792,0.006174165,0.0003674321,-0.0006022812,0.00074268674,0.0022968021,0.0043451944,-0.0025028593,0.00028861774,0.0006035666,0.0006830931
2021-03-05,0.003034257,0.007851369,0.0055897324,0.0020977624,-0.0003793144,0.0052895425,0.00902906,-0.003051826,-0.0001838836,0.0024877067,0.002503102,0.0004141296,0.0015750737,0.003295042,0.0012056845,0.006185295,-0.0004003744,0.0017879874,-0.0009978391,0.003550697
2021-03-08,0.0024645212,0.00280389,-0.0012360982,0.0026966454,0.0029095258,0.0055188676,-0.0029855485,0.002743118,-0.0013256758,0.0020291877,0.0026015362,0.0025128392,0.0019942562,0.002203513,0.002267577,0.0025681031,0.0028190706,0.00097281055,0.002961641,0.00234086
2021-03-09,0.0014694006,0.0025419195,0.00019381089,0.00090393063,0.0029596654,0.00907233,0.0,0.00096611935,-0.0007324006,0.0041354946,0.003286973,0.0014860227,0.0021935322,0.0002654537,0.0031631659,0.0038822526,0.008694604,0.0007149164,0.0016977938,0.0004354709
2021-03-10,0.0014331086,-0.0060675414,-0.0016132947,0.0020489793,0.00073568925,0.006744912,-0.00018527408,0.0012231388,0.0034173063,0.0014844026,2.2616889e-05,0.0023148293,0.0042725285,0.0015376081,0.0022616275,-0.002310949,0.007959779,0.00040681823,0.0001719295,-0.0010823736
2021-03-11,0.0006779269,0.002009947,-0.0011071413,0.00093650987,-0.00047072207,0.0015440052,0.0035834715,-0.00037303608,0.0023778004,0.0,0.0049462095,0.000264104,0.0010192149,-0.0009966069,0.00028068846,-0.0044550607,0.009263767,0.00016779937,0.0023871162,0.002856333
2021-03-12,0.00084855844,0.0007396761,0.010360134,9.428635e-05,0.0005616879,-3.077336e-05,0.0026710867,0.0025464476,0.0032148133,0.0024460997,0.0042973757,0.0007890295,0.0010716921,-0.0009823883,-0.00013857418,0.007322182,0.0049698926,0.002808592,0.0032056756,0.00016797025
2021-03-15,0.0023680045,0.0033730348,0.008373476,-0.006332822,0.0016721301,-0.0064042336,0.0020823341,8.9642264e-05,0.0011749293,0.0009290544,0.0061398624,7.3410614e-05,0.0027086078,-0.00068081246,-0.00076968357,0.0051543848,0.0026002117,-0.0008083126,0.0035273894,0.0008989112
2021-03-16,0.0009578539,-0.0020468964,0.00419774,0.00028690154,0.000740488,0.0023545008,-0.008574151,0.0005142418,0.0011436405,0.0,0.001117017,-0.0008953849,0.002500575,-0.0021829868,-0.0014327072,-0.00077830284,0.0020107469,0.0018237492,0.0009319258,0.0021501533
2021-03-17,0.0012606088,0.0012444733,0.0057902774,0.00023276042,0.0008594288,0.0012303782,0.005091825,0.0029095563,-0.00016248952,0.0009978432,0.0037517592,0.0022365698,0.0017142729,0.0009075856,-0.00025879857,0.0022962627,0.0027607626,0.0026583632,-0.0038340606,-0.0003650524
2021-03-18,-6.7374267e-06,0.0032447083,0.00071653276,0.0022436993,0.0,-0.0024108333,0.0015999317,-0.00022375384,0.0020172726,0.0023274631,0.0005355949,0.001854915,0.0033171421,0.00048433954,0.0028044875,0.0010214539,0.0011231443,0.0034317025,-0.0015083585,-0.00083241536
2021-03-19,0.0009429846,0.0107060345,0.00012232305,2.823074e-05,0.0032106335,-0.00093678193,-0.0013526579,0.0048972834,0.0015718325,0.002462236,0.0071334476,0.0019533527,-0.00031181396,0.002804042,0.0021911415,-0.0026649137,0.0011893028,0.0035592297,0.00097449723,0.0039469595
2021-03-22,0.0016910726,0.0135343075,0.0021372903,0.0017558818,0.0024923012,-0.008737703,0.0,-0.0007238902,0.005167507,0.0011940028,0.0038778803,0.0008203643,0.0026359141,0.000515397,0.0020494792,0.0013124405,0.0027352967,0.0017663424,0.0022558249,0.0030469592
2021-03-23,0.0007930088,-0.0014259623,0.01098849,0.0017200866,0.0061924784,0.00040532812,0.0030728877,-0.004607053,0.0029554905,4.8151487e-05,0.0011067548,0.0012194504,0.004884103,0.0049166363,0.0016100272,0.002239569,0.0019840389,-0.0014852042,0.0022270852,0.0015952003
2021-03-24,0.0026174209,-0.002614383,0.0013302129,0.002506908,-0.0015083489,0.0005799226,0.0020461828,-0.0030720725,0.0011935513,-0.0048460835,0.00079549407,0.0011273772,0.0019892256,0.0020170643,-0.00035150038,0.00076566,-0.0011813351,-0.0005478068,-0.0013655516,-0.0018578087
2021-03-25,0.0024174817,-0.0025358822,0.004668524,0.0010960837,-0.0013391532,-0.0017348409,0.0030019823,-0.0041647996,-0.0002094735,-0.005739003,0.0036726901,0.002030862,0.0047827647,0.0014503186,0.0001950406,0.0027558724,-0.0010704,5.8856614e-05,0.00037838478,-0.00016278474
2021-03-26,0.000847112,0.0014914899,0.003089257,0.001998822,0.0022237326,-0.00079745904,0.00083671947,0.008015388,-0.0011989204,0.0028794045,0.001665772,0.0011470285,0.00090006075,0.0013754255,-5.647598e-05,0.0043419655,0.0009778659,0.0012523496,0.00012425343,0.0015010588
2021-03-29,0.0019709857,0.035064757,-0.0037087167,-2.905996e-05,0.0017108087,-0.0012323778,0.006860435,0.0063204947,0.00211457,0.00016118633,0.008747135,0.000944438,-0.000652495,0.0037620529,0.0011299972,0.007693801,0.0305527,0.0057965913,0.0027218896,0.0023017288
2021-03-30,0.0011769,0.008862202,0.00013924178,0.0016107439,-0.00029805792,0.0011392648,0.0006233993,0.0044612177,-0.0003563265,0.0045409817,0.008682098,0.0,0.0011011674,-0.0013118655,0.0012905041,0.0010308377,0.020142967,0.004134581,0.005000138,0.00033449865
2021-03-31,0.0014679979,-0.0026383777,0.0023070876,0.0012221821,0.0033385167,0.016006565,0.006909042,0.006978899,-0.00027672292,0.005224983,0.010046659,-5.5090302e-05,0.00097433955,0.0011952372,0.00074409647,0.00039614527,-0.00086798257,0.00029218683,0.00195676,0.0005469716
2021-04-01,0.0012804457,-0.00026582976,0.008866718,0.0016956871,-0.0016942165,0.004199258,0.00831763,0.0026204116,0.0,0.0039251177,0.0034022066,0.0011700537,0.00069809455,0.0034606836,-0.00045606648,-0.0020632965,0.007328954,0.0029623467,-0.00037935885,0.0022777137
2021-04-02,0.0013677975,0.010043154,0.0012786409,0.0024802478,0.0044082655,0.004489122,-0.0010842368,0.010959849,-0.00093944493,0.0025686775,0.0032922737,0.0012390345,0.00032536063,0.0032731013,0.0009619996,0.0020184088,0.0012023093,0.0009798005,0.0010216337,0.0044243503
2021-04-05,0.0,-0.000894756,0.005604582,0.00031303117,0.0032235011,-0.0003006707,0.0,-1.2006901e-05,0.0012559937,0.002030455,-0.00017243715,0.0009953977,0.0038302843,0.0026329665,0.0017401055,0.013626953,-0.001704952,0.004461936,0.0006750208,0.00049664575
2021-04-06,0.0012644125,-0.001837386,-0.00060704583,-0.00021021867,0.0037387267,0.0011945114,-0.001484155,0.0009155125,0.0036205451,0.0,0.0054101953,0.0008985018,0.006354111,0.001077983,0.0017324202,0.0025855724,-8.765891e-05,0.0022313846,0.00097000913,0.00084892416
2021-04-07,0.0006244685,0.0066367416,0.004268936,0.0,0.0014629827,0.0004097537,0.00030664293,0.0017420938,0.002475692,0.00022235436,0.0038217318,0.0013821977,0.003259948,0.001791208,0.0010253816,0.008014964,0.00344763,0.00074183743,-0.0025589375,0.0016292204
2021-04-08,0.0011010369,0.008796129,-0.001899604,0.00086988654,0.0014498067,-0.0038187685,0.0061079417,-0.0004802813,0.0011237,-0.00073571585,-0.00095500075,0.0013343302,0.0023400874,0.00255227,0.00043322876,0.003457828,0.0024505674,0.004525275,-0.0011647204,0.004657024
2021-04-09,-0.00023355834,0.0020490882,0.003791173,0.0032084133,0.0,-0.00041868765,0.002718057,-0.0017521528,0.0007183161,0.00037764345,0.0038487632,0.0007754531,0.0012140878,0.0041969954,0.00083162496,-0.00044912542,0.0054317513,0.0014788883,0.0011339145,0.0018786216
2021-04-12,0.0014780542,0.00014965757,-0.0023488305,0.0021900132,0.0015411549,-0.0005667292,0.0048700166,0.006769323,0.0012741829,0.00075264525,0.009174779,0.0010951567,0.0043203537,0.0018555039,0.00012763757,-0.008709558,0.0011771489,0.0,0.005407902,-0.00014563896
2021-04-13,0.00014448918,-0.0031568853,0.0030307283,0.002865115,0.0,0.0013278652,0.0017025721,0.0073853163,0.000826775,0.0013521428,0.008349324,0.0,0.0021180275,0.0,0.0006339136,-0.0004428018,0.0008585588,-0.0011032982,0.003612886,0.0011765225
2021-04-14,0.0013917806,0.0012357862,0.0066170665,0.0021929094,-1.4676712e-05,0.003699432,0.003843713,0.0060684355,0.0010951599,0.0014382951,0.0027144996,0.00097248296,0.0034571995,0.00034898572,0.0008438169,-0.00024618054,0.01466422,0.0013084038,0.0029100557,0.000968841
2021-04-15,0.00077677256,0.0022456713,0.007360344,0.00051269814,-0.0016606421,-0.0013430127,0.001769,0.00085575256,0.0011993615,0.00034243186,0.0006266772,0.0006987245,0.0014588734,0.0058437795,0.0023609856,-0.0053387876,0.00063060876,0.004628501,0.0016500159,-0.0006560403
2021-04-16,0.0014988588,0.004765975,0.00038046137,0.0030005476,0.0043658647,0.0034182253,0.0047710617,0.004852905,0.005643778,-0.0013675505,0.0016250341,0.0014366225,0.000392113,0.0063261255,0.0025207314,0.0049184146,0.004387102,0.0032205046,0.005176633,0.00035148472
2021-04-19,0.0,0.0055197063,0.006429268,0.0013988984,0.009125033,-0.0007856448,0.0055128564,0.0006876657,0.004164066,0.000389346,0.0022935949,-0.0004480554,0.0016580289,0.0020102765,0.002237327,0.00863223,0.0026017944,0.0020548757,0.00417125,0.0013576553
2021-04-20,0.0026062592,-0.0009686822,0.008565902,-7.0014066e-05,0.0022387826,0.0025468706,-0.0024518105,0.0025104883,0.0015311575,0.0021981022,0.0064826007,0.0033442208,0.0049775564,-0.001612974,0.0013292946,0.000194776,0.0007309771,0.0015345475,0.008663776,0.00055632734
2021-04-21,0.0022372839,-0.0013389944,0.0006818972,0.0023234114,0.0025148916,0.0030275811,-0.00019213563,0.0029144664,0.000846938,5.1587715e-05,0.0007558321,0.00084810134,0.0018467528,0.00083403755,-0.0006192134,0.0055772797,0.00017001493,-0.0008255325,0.0030695477,0.0010001794
2021-04-22,0.0005294278,0.0063777827,0.000845339,0.002759995,-0.0018263579,0.0030620918,-0.0017289025,0.002362143,-0.0005674212,0.0012644106,-0.0040907892,-0.00073616416,0.0,0.0,-0.0023279816,0.0,0.0021024607,0.002077062,0.0034097112,0.0012658931
2021-04-23,0.00039416968,0.0022003278,0.0022155095,0.0018096576,0.0,0.0024791064,0.0038383799,0.004720998,0.0,5.8532543e-05,0.004423485,0.0,0.0010918144,0.0013123859,0.0025453807,0.000115901734,-0.0005233537,0.0018838902,0.005174306,0.0038367484
2021-04-26,0.0012698739,0.00038908058,0.0036887063,0.0018550947,0.010006308,0.005416223,0.006161794,0.0012130961,0.0,0.0026291963,0.0006062578,0.001248794,0.00022626443,0.0020348954,0.0011744181,0.00078647665,0.0015915683,0.00046828098,0.002894799,0.0036540008
2021-04-27,0.0015131657,0.005206201,0.0029105132,0.00052043516,0.0037015055,0.0028177863,0.0008471655,0.0,0.0028477523,0.00064978027,0.0066122403,-2.7461854e-05,0.0021960891,-0.0008673432,0.0014459342,-0.004038009,-0.0012021386,0.0023589327,0.00016244318,0.00067529076
2021-04-28,0.002402205,0.0051697018,0.0008264069,0.0021980156,-0.0021287312,0.0012651609,0.0017272646,0.0006694591,0.00071286154,0.0035907584,0.0021301864,-0.0005086111,0.0012646264,-0.0004698735,0.0021481025,-0.004868079,0.008931043,0.003422964,-0.0021631196,0.00013012234
2021-04-29,0.0013559505,-0.0018195125,0.0007124724,0.0029105288,-0.0029835687,-0.0034516533,0.0012291439,0.0019847385,0.0,0.0046424987,-0.002995253,0.0013056255,-0.0009368099,9.607661e-05,0.0013906932,-0.007433554,-0.002833069,0.0021875266,0.0005088087,0.0018085592
2021-04-30,-0.00016125012,0.00018510991,0.0014760573,0.0035969212,-0.0011217033,0.0032301866,0.003845197,0.0030501364,-0.00052495673,0.0011122259,0.0016712539,0.0031731331,0.0028648814,0.003514806,-0.00050882756,0.00061116443,-0.0036842192,0.0018363125,-0.0010633983,0.0054400205
2021-05-03,-5.0153416e-05,0.0049495893,0.0010302528,-1.1035546e-05,0.00046303828,0.0007257422,0.0009791587,0.004206381,0.0011678804,0.00078447757,0.0066998024,0.0016335249,0.0008552146,0.0015364378,0.0019547977,0.00548317,-0.0019395191,0.00016456831,0.0014293992,0.00071394886
2021-05-04,0.00019032792,0.007595542,0.0008050554,-0.00059151876,0.0037982115,-0.0026845075,0.0008581906,0.005786532,0.0006025029,-0.00016108327,0.0064698583,-0.0003634229,0.0021141523,0.004023881,0.00025520526,0.009907498,0.0009330479,0.00038029513,0.0023630478,-0.0036872404
2021-05-05,0.00089501915,0.0013897587,0.0011380075,-0.0008726262,-0.0018227651,0.00029029208,0.0020250538,0.0062979166,-0.0029481791,0.0022004382,0.0054969904,0.0012171897,0.0024983196,0.0012676853,-5.8644615e-05,0.010510864,0.00064002664,0.00014739353,0.0010511128,-0.0012097332
2021-05-06,0.001908672,0.0021815298,0.00042311187,0.00042375526,0.0034206759,-0.0019868966,0.0049648066,0.003706901,0.0034188016,0.0036883878,-0.00010170538,0.0024034586,0.00072873535,0.00013886199,0.0029617876,0.0014621884,0.0004007844,0.000727788,-0.0013009952,0.0008626853
2021-05-07,0.0039740284,0.0022153948,0.0021410782,0.0021787658,0.001835571,0.0014488148,0.009181667,0.0038479075,0.0014397632,0.0037521957,0.0060597965,0.00065646035,0.003009791,0.010508198,-0.00078536745,0.00465962,0.0072025703,-3.336473e-05,0.00021595051,0.0004734689
2021-05-10,0.0032676477,0.0027362898,0.0014941988,-0.0005377251,0.00373555,0.0039604516,0.005611004,0.001900575,9.409184e-05,0.001501507,0.0010838864,0.00071750587,0.0012817411,0.0036537738,0.0030963747,0.008276841,0.0055625224,6.739445e-05,0.002504319,-0.00011505514
2021-05-11,0.0014453965,0.0,0.00078400207,0.00076419645,0.0037323164,0.0034158223,0.0026438634,0.004679823,0.0025141125,0.0011909198,0.0018978413,0.0021921783,0.0,0.0022012836,0.004424865,0.004912376,0.0005000627,0.0034141664,0.0013893005,-0.0016290876
2021-05-12,-0.0005210246,-0.00053073885,0.00019836334,0.004314186,0.0021534814,0.0020306406,0.0062585156,-0.0004711065,0.0052219387,0.0031383259,0.00084413344,-0.00068193814,-0.00050831836,0.0033015073,0.00913465,0.0007150599,0.0,0.0018900003,0.0,-0.0010361664
2021-05-13,0.0014403121,-0.0006881154,0.005941652,0.003758105,-0.0010019523,0.0049074297,0.0047368603,-0.0034457857,0.002178932,0.0,0.002385622,0.00099209,0.005441709,0.0050697997,0.007563366,6.267824e-05,0.0,-0.00029533688,0.0006759642,0.00072694937
2021-05-14,0.0024682805,0.0010270943,0.0020896026,0.0014126052,-0.00056623196,0.0002676543,-0.004766416,0.0016079242,0.0016634755,0.00062856445,0.0015978018,0.0010283896,0.0008210161,0.0041321516,0.00014750674,0.0017126413,0.001090799,-0.00067062874,0.001273096,0.0008199759
2021-05-17,0.0,0.00121836,0.005216959,0.0006725914,0.0023715291,0.0008441921,-0.0005865212,0.0018985819,0.00022667724,0.0040244753,0.0013692802,0.004311505,0.0071568964,0.003786676,0.0009812824,0.0039811977,-7.673038e-05,-0.0014896978,0.0007208461,0.0039391164
2021-05-18,0.0034089345,0.0005700079,0.0046337135,-0.0011510103,0.0013782192,0.0048354412,0.0049962904,-0.00023055082,0.0020436128,-0.001021823,0.0016851763,0.0025870942,0.0035965294,0.004967031,0.00015996335,0.00470916,0.00079759915,-0.00014152644,0.0006264614,0.0023064082
2021-05-19,0.003687705,0.00072658266,0.0004978465,0.00039330006,0.0012934759,0.0014740468,0.0039588152,0.0017153564,0.0034440605,0.0036480774,-0.0019027529,0.0061585084,0.0009276026,0.00023603874,0.0005474486,0.003276306,-0.00097312575,0.0001562396,0.00038870072,0.002086029
2021-05-20,0.0032284618,0.0022633425,0.0023265732,2.331254e-05,0.0052504833,0.0030169482,0.0013920702,-0.0020820952,0.0003789636,0.004455293,0.0008749789,0.010114071,-0.0027672916,0.0,0.0039120205,-0.0014902145,0.0034125592,0.0020053198,-0.00010686374,0.0015901247
2021-05-21,0.010467855,0.0020535975,0.0019910345,0.0008374657,0.0034548577,0.003738784,0.0058698445,-0.000837328,0.0043518245,0.0058670314,0.00088245264,0.0030086266,-0.0012129406,0.0022178325,0.0009735349,0.003208002,-0.00091027346,0.002935417,0.0020500203,-0.0005156495
2021-05-24,0.0011771016,0.0007849511,0.008051782,0.0014326507,0.0039980705,0.00039250113,0.002267992,0.0005270691,0.00012902622,0.00065530575,0.000929148,0.001612776,0.0027532328,0.0010536669,0.0035224329,0.0008484425,-0.0017235964,0.000562208,0.003956626,0.0021920092
2021-05-25,0.0051961816,0.0023001193,0.0051876465,0.00025509176,0.004409841,0.0011289609,0.00031082594,-0.003701598,0.00034532024,-0.0024326232,0.0017437908,0.0014761457,0.0023028862,0.0018492105,0.0020337664,0.002629666,0.00016149918,0.0001032426,0.0017108802,0.0011365827
2021-05-26,0.0016383242,0.0016490854,0.005513108,0.0020170386,0.0,0.0032564565,0.0,-0.0016899846,0.0020941487,0.0,0.0002526639,0.0012578706,0.0036736303,0.0016753746,0.0032010556,7.5009026e-05,0.0011990084,0.0020407084,0.00012299039,0.0032942647
2021-05-27,0.001110209,-0.00019162685,-0.0012854108,0.002095183,0.00078630587,0.00050466636,0.0011099982,0.0034035922,-0.0024104347,0.0022982643,0.00075273105,-0.00016542351,0.0039933827,0.0034190672,0.0032747951,0.0054122824,0.0013005683,0.00091283285,0.0006674538,0.004862805
2021-05-28,0.0009751186,0.0016263168,0.0010387679,0.00047315366,0.0025033632,0.0,0.0016110166,0.0046247384,0.0015405823,0.002909845,-0.00096212374,0.00016811624,-0.0010614741,0.00021802764,0.006160283,-0.0008958396,-0.0038491278,0.0058017145,0.0018348054,0.00013045986
2021-05-31,0.0057401056,0.0042342274,0.0017117566,0.005094728,-0.0027007435,0.0032279503,0.00023872974,-2.8716651e-05,0.001160444,0.001529409,-0.0005899175,0.0011123111,-0.0052344864,0.001262661,0.0005227314,0.01053574,-0.00025058046,0.005477492,0.0018645956,0.000105420644
2021-06-01,0.0055603837,0.0025113306,-0.0023199539,0.0017436801,0.000997796,0.004351909,0.004877435,0.0027138027,-0.005641552,0.00091508427,0.0016706017,0.0028035436,-0.001382968,0.0015415904,-0.0005241803,0.013969374,-0.003020363,-0.0006266632,0.0016372552,0.0016218207
2021-06-02,0.002187246,0.0014714064,-0.0031681873,-0.00070280087,0.003496018,0.0049301786,0.0053961244,0.001749987,0.0,0.0019862687,0.0020129634,0.0029539554,0.0,0.0009001942,0.0003117325,0.005934633,-0.0013445206,-0.0003983739,0.0010932973,0.0009941234
2021-06-03,0.0013993878,0.00017542377,0.0,-0.0012586733,0.0047827335,0.0020481753,0.0049691377,0.0016872454,-0.013106247,0.0008160058,0.0048249858,0.0018490109,0.0012570652,0.0011521464,0.00067920884,0.003231273,0.003701653,0.00062702294,0.000995943,-0.002675167
2021-06-04,0.002391453,0.0010364461,0.0018170847,0.0,0.0043862592,0.0034208826,0.004695691,-0.0023014287,0.00047528523,0.0020970942,0.0010204976,0.0025388706,0.00066511,0.0010163806,-0.00032086868,-7.000349e-05,0.004996363,0.002054306,0.0015935329,-0.00095828
2021-06-07,0.004312404,0.004000618,0.0005970808,0.0007673466,0.005399163,0.005784232,0.0023595688,0.0010841492,0.005583677,0.0,0.0018065795,0.0011417692,0.0016284727,0.000752254,0.0006389264,0.0054137004,0.0008040143,0.0007226215,0.0002169186,0.00048341195
2021-06-08,0.009735414,0.0029838213,0.0028911356,0.0009901151,0.0026573266,0.0,0.0009900425,-0.0013685944,0.0029079262,0.0009926752,0.0007118961,0.0024033121,0.0045403885,0.0,0.0058746664,-0.0006501785,0.0033398778,-0.002637293,0.0005206448,-0.0054623033
2021-06-09,0.0026783545,0.001760115,0.001234572,0.0040027383,-0.0006450806,0.0017330757,0.00058628345,-0.0011870533,-0.00035047403,0.001561257,0.0018028654,0.002099414,0.0032873163,0.001649434,0.0013579717,-0.0023844428,-0.0014507938,-0.0020690896,0.0,-0.00034320235
2021-06-10,0.0022917502,0.0048380177,0.0020852187,-0.0006951552,0.0017730697,0.006571411,0.0008624783,-0.0010002109,-0.0018774257,0.0023219287,0.00040897293,0.0020990872,0.0031519767,0.0030770178,0.0014154394,0.00037010314,-0.0015239343,0.0019869055,0.0,0.006408836
2021-06-11,9.4099836e-05,0.0013800713,0.004668491,0.0008713226,0.0030745747,0.0010825035,0.0006280623,-0.001436645,-0.00055598095,0.0022013192,-3.1389394e-05,0.0051798397,0.0062626433,0.0012193108,0.0022699975,0.002590192,0.0044835275,0.0017276182,0.0,0.0017544312
2021-06-14,0.0007484944,0.0011701256,0.0032114498,0.0014682764,0.0023366187,0.0016113163,0.00023455972,-0.00015803591,-0.0025674424,0.0050005144,-0.0009190766,-0.0008249884,0.0012891421,0.001492808,0.0011911908,0.004767555,0.0009344715,0.0009010701,0.002558614,-0.00052523596
2021-06-15,0.0028182028,0.0049268156,0.0015855809,0.001625704,0.004764261,0.0022444318,0.0026601693,0.00401082,0.0024607403,0.0006311921,0.00038917255,-0.0034711822,0.0010537175,0.0036527792,0.0025272781,0.003989156,0.004223732,0.001749054,0.0015588825,0.0003103579
2021-06-16,0.0004092975,0.00046904586,0.001282838,0.0015378702,0.00064270577,0.0011079983,0.0023642639,0.00398044,-0.0022956512,0.001888336,0.0013637055,0.000492756,0.0037644168,0.0017546591,-0.0011252706,-9.943714e-05,0.0015913488,0.0017091274,0.00056167017,0.0012231168
2021-06-17,-0.00030647204,0.0033021062,0.0048925634,0.0023326694,-0.0017663316,-1.4756493e-05,0.0011950637,0.0018787293,0.0006541224,0.002043769,0.00043827377,0.0009012847,0.0016943675,0.0014685873,0.001429948,-0.00017374268,0.0022671074,-0.00042642653,-0.00017512096,0.002425892
2021-06-18,0.0031393592,0.0017270437,0.003420608,0.0026180954,-0.00047866273,-0.0009234577,0.0015554087,0.0045941393,0.0017233933,0.003065689,0.0018562287,0.0025968878,0.0007558986,0.0017782499,0.0038694746,0.0035569074,0.0008553249,0.0037749326,0.0,0.0032512182
2021-06-21,0.0033291553,0.0006855237,0.0024427373,0.0011464328,0.0012253927,0.00029189515,0.0032806639,0.0017457394,0.0032033564,0.0044185985,0.0023004736,0.0063477773,0.0033218907,0.0006787124,0.0,0.0022216197,-0.001044869,0.0045677344,-0.000814819,0.0034297903
2021-06-22,0.0015880202,0.00021380758,0.0024871486,0.0015794578,0.00028499943,-8.2870014e-05,0.00018112775,0.0016066168,-0.0018639937,0.0011778296,0.0039455784,0.0020576916,0.0017563684,0.0014244601,0.0008608818,0.000564837,0.00045583455,-5.1254083e-05,-5.4829892e-05,0.0025775742
2021-06-23,0.00383792,0.0014580322,0.0021027273,0.0022197042,0.00020700098,0.002002012,-0.000907782,-0.00043030296,0.0017118938,0.0,0.0025294642,0.0022376475,0.0038311784,0.0016300066,-0.006107374,-0.0011908743,0.00086371094,0.002057848,0.00022832354,0.0019995612
2021-06-24,0.001987243,0.004364658,0.0005042607,0.0029659586,-0.0013264755,0.0006493556,0.00088744593,0.0010292496,0.0006316215,0.0010206877,0.0011604964,0.0008587393,0.0008473914,0.0011098331,0.007445284,-0.00025099466,0.00020853216,0.0024390249,0.0011626754,-0.0012377185
2021-06-25,-0.00070610293,0.0016670787,0.0037663912,0.00030114138,-0.0039181444,-0.0019457013,0.0031937337,7.6094366e-05,0.00092751795,0.0006318088,0.0033058529,0.0024528266,0.0027903381,0.0,0.00038643932,-0.0012538697,0.0,0.0026311341,-0.000974608,0.002668794
2021-06-28,0.0029138133,0.001976015,0.00041634156,-5.0493276e-05,0.0028351003,0.0017478595,0.009931079,0.00021845644,-0.0025711057,0.0011617538,0.0036515598,-0.0016153873,0.0,0.0015480455,0.003699444,0.0,0.0020407795,0.00042841985,0.0018589579,0.0023139094
2021-06-29,0.002664497,0.0006339707,0.0,0.00053818466,0.006821176,0.0023257318,0.005097371,0.0037033672,-0.0029701334,0.0008337785,0.003933407,-0.0024676716,0.0010773066,0.0,0.0023686818,-0.002907496,0.0012948854,0.0063374173,0.0053083245,0.00073059794
2021-06-30,0.0068145706,0.002482151,0.004462396,0.0007200149,0.0040082745,0.002148395,0.004175795,0.002496691,-0.0037696543,0.00089491165,0.0018525649,0.00011378733,0.002785864,0.0049163434,-0.00093257416,-0.00036695125,0.00040843018,0.0026130734,0.00664058,0.002550177
2021-07-01,0.003905786,0.0052123507,0.0041817203,-0.0016151513,0.0019725966,0.0014082885,-0.00027943798,-0.006139462,-0.00038144816,0.0037007176,0.0007221634,-0.0009607414,0.0032518571,0.0018843907,-0.0004026447,0.0024829747,0.0011779343,0.004454362,0.005027695,0.0019854098
2021-07-02,0.0011341928,-0.00032974724,0.0021743143,0.0026293327,0.0025823019,0.0027001104,0.0,-0.0027634327,-6.798982e-05,0.0047870995,0.0021432827,0.0014543236,0.002770389,0.0,0.008866922,0.0016567638,0.001622291,0.0032143772,0.0024849284,0.0017671202
2021-07-05,0.00059774675,0.0,0.0023621912,0.0021240034,0.0018951786,0.0024319845,0.0020082965,0.0048229676,-0.0027684905,0.00249067,0.0019521798,0.005102805,0.0017998233,0.0008362924,0.0,0.00025234476,0.0001528166,0.0040004407,0.004761264,0.0016824248
2021-07-06,0.0037499373,8.065732e-05,0.0024166869,0.0018202458,0.00036921183,0.002047415,0.00023385067,0.0012911591,0.001977159,0.0012745508,0.001847813,0.00926082,-1.3320851e-05,-0.0009848839,-0.0040508513,0.00028908186,0.002971972,0.0,0.0041725636,0.00031554006
2021-07-07,0.0010566043,0.005200404,0.0018616348,0.00093446154,0.001753545,0.0010504186,0.0048625227,0.00253036,0.0,0.0010275115,-0.0011798618,0.010014292,0.00060301163,0.00023171578,0.002248459,0.0040210835,0.0022930705,0.00037210292,0.004366337,0.0007915707
2021-07-08,0.00595009,0.00080371555,0.002467913,0.002013337,0.0013255331,0.001594544,0.00065487734,0.0033045048,-0.0005050862,0.00043064068,0.0005177611,-0.0007056263,0.000475229,0.0019880366,0.0060927593,0.0009368924,0.00027009068,0.0014998452,0.0021669993,0.0009208382
2021-07-09,0.005180083,0.0,0.0019452267,0.0011055993,-0.00031991312,0.0013363409,0.00084601843,0.0036201125,-0.002374316,0.0017549959,0.0034359721,-0.0010102937,0.00027430986,0.0017186428,0.000906594,0.0027248582,0.0031519688,0.0017458374,-3.415407e-05,0.001228389
2021-07-12,0.002007178,-0.0011071883,-0.0007356812,0.0,0.0008965535,0.0024206783,-0.002090383,-4.8425423e-05,0.0022440401,0.002513423,-0.0003283533,0.0053127725,0.0009517322,0.003652901,-0.00848729,0.003368246,0.0026947167,-0.0015211494,0.00035193408,0.0028981285
2021-07-13,0.00056465704,0.0026083705,-0.0012361605,-0.0029632738,0.00013946829,-0.0016268671,-0.0005226816,0.0012107216,-0.009298702,0.0028323587,2.4939376e-05,0.0033733717,-0.0015114243,0.001244398,-0.0023006736,0.0045742365,0.0022457829,-0.0015176676,0.00095165614,0.0041894554
2021-07-14,0.0037672073,0.0035641687,0.0023054648,-0.0013004427,0.0008468559,0.003445086,0.0016483121,0.00015802277,-0.0004919539,0.0004232216,-0.0020703273,0.0017671637,0.0007889484,0.0007901706,-0.0016348552,0.0021356354,0.0002171772,5.9061036e-05,0.0038092237,-0.0011919817
2021-07-15,0.0007959419,0.0037257583,0.0030138846,0.00078849227,0.0006444099,0.00065486826,0.00093917374,0.0011396199,0.0031786163,0.0005014764,0.0011031072,0.0031619514,0.00068630936,8.9727735e-05,-0.005342006,-0.00086847844,0.0008477187,0.0010857439,0.00124481,0.0012216811
2021-07-16,0.00015954582,0.0048228838,0.0010970184,0.0009010025,-0.0004392464,0.0038801688,0.0011061372,0.0018722347,0.0063330918,0.0003943192,0.0001614681,0.0030846025,0.002601754,0.0,0.0,-0.001227836,0.0,-0.00071578345,0.0020455406,0.0
2021-07-19,0.0025660875,0.005019575,0.0012059911,0.0014232997,0.0,0.002423645,0.0030351204,-0.004548185,0.0043820175,0.0017601958,-0.0010100964,0.002180053,0.0037133703,-5.281869e-05,-0.0026622682,0.004022405,0.0013432462,0.0015734109,0.0018643735,0.0025315748
2021-07-20,0.0043379352,0.0023488305,-0.00029977536,0.0028203703,0.0045821145,0.00074656034,0.0020243058,0.00035979945,0.0021945285,0.00081894227,0.0006885307,0.004201839,-0.0021425774,0.0026102858,0.00063594885,0.0011747556,-0.0026242242,0.0012484395,0.00083561114,0.00081692514
2021-07-21,0.0028874704,0.00015438875,0.0018090375,-0.0010508845,0.003662886,0.0041511124,0.0005160639,0.0006335688,0.0037886342,-0.0018439419,0.00022119976,0.003175017,-0.0011541443,0.00083087786,-0.0059000966,-0.0021335604,0.0014476996,0.0005962992,0.00037008076,0.00606219
2021-07-22,0.00071779295,-0.0017841395,0.0036890605,-0.005210985,0.0018468659,0.00060530385,0.0,-0.0025847307,0.0044718105,0.0027710027,0.0031300331,0.00013912455,-3.4753524e-05,0.000687294,-0.0025218185,-0.0019570107,0.0013125406,0.0017532633,-0.00216944,0.002520668
2021-07-23,0.0010508049,-0.0009998989,0.0016229245,0.00023390597,0.0014271002,0.0015321197,0.002152936,0.0013909753,0.0011263427,0.0010966205,0.0029463167,-0.00029179736,0.0009689611,0.00015044799,0.0029136967,-0.0001624764,0.003405913,0.0014698555,0.00093343965,0.00010476116
2021-07-26,0.0013572152,0.0011967128,0.004657449,0.0008966523,-0.0004288383,0.005407005,0.0007430588,0.0053769434,-0.0003623892,0.0,0.0034606003,-0.0027880922,0.0014248464,0.0034179608,0.0021119379,0.0021730838,0.0035857453,0.0023320143,-0.00036310166,0.003877728
2021-07-27,0.005911116,0.0005217305,0.0021106016,0.0016005763,-0.0018685589,0.0027106816,0.0007860236,0.0015548696,-0.0004905671,0.00059827085,0.0021858732,0.003991179,0.0025138624,-0.00048625623,0.0064516985,0.00090538,0.0008789594,0.00039362555,0.0010130676,0.0024391026
2021-07-28,0.0056355535,0.001024111,0.0046709483,0.00050103746,-0.002704845,0.0008120722,0.0,0.002958761,-0.0002852837,0.0008913688,0.0017131219,-0.00064384297,0.0022219392,0.0010170365,0.006831279,0.0021900404,-0.000108545406,0.0046536624,-0.00056336896,-0.0013680697
2021-07-29,0.003526366,-0.001092529,0.0019845746,-0.00051792734,-0.0023001898,0.0020274944,0.0017784745,0.00569388,-0.0022053118,0.00201322,0.0026246656,0.0010168165,0.0020156668,0.0020588785,0.0035414689,0.001617475,0.0021743735,0.00080780085,0.00329288,-0.00091424695
2021-07-30,0.0057927505,0.0007309357,0.00020677765,0.0028318744,-0.0012311706,0.003551579,0.0009377648,-0.0017341317,0.0026416671,0.002347205,0.00418076,0.0036931878,0.002113581,0.00238464,0.0020155418,-0.0033158483,0.0036985655,0.00313578,0.005573781,-0.002445152
2021-08-02,0.0040059905,-0.00014953506,0.003253281,-0.0027753236,-0.0010664085,0.0023208766,0.00019540082,-0.0014949585,0.001139089,0.0031687398,0.0018809044,0.002250107,0.002189622,-0.00089723844,0.0014473846,0.0011876236,0.002688142,0.00045393853,0.00438861,-0.0014659115
2021-08-03,0.0032811149,0.0,0.0073154266,0.0021887566,0.0,0.0015906731,0.0011938249,0.004867858,0.009181599,0.00054070743,0.0017213067,-0.00023715914,0.0033267702,0.0011040329,0.002829478,0.0005226714,0.0012249609,0.00092074886,0.0025903378,0.0033978606
2021-08-04,0.0,0.0020767017,0.0033100517,-0.0006990118,-0.0004736694,0.004767178,0.0016665844,0.0069261477,0.004224439,-6.760431e-05,1.2470042e-05,0.0049855174,0.0034013689,0.004492204,0.0030159361,-0.0009004151,0.0003105785,-0.00131866,0.001501142,0.0061697797
2021-08-05,0.0004317075,0.00012414677,0.0016769051,-0.00020058939,0.0009064766,0.00089759944,0.010049487,0.00070404896,0.00017330649,-0.002411769,-0.0014925925,0.0036569566,0.00084366644,0.002402003,-0.00041469454,0.0,0.0020513695,0.0015071837,0.0010659404,0.005886773
2021-08-06,-0.00037404025,0.0017134519,-0.0011980787,0.0008141642,-0.0015282028,0.0017290487,0.0016401438,0.0021238476,0.0026693523,-2.4596995e-05,0.0014729643,0.0025721372,0.00090211735,0.011881909,0.0,0.002117991,0.0023194265,0.0010871586,0.0042413897,0.010594955
2021-08-09,0.0021745227,0.0014676431,0.0007496094,0.0054684817,0.0069307205,0.004088643,0.003994508,0.0009254412,0.00013490694,0.0028099923,-0.0005287661,0.000134818,0.0019500848,0.00084772496,0.0042038313,0.0018459918,-0.0008556608,0.0058464874,0.0046336353,0.0062505463
2021-08-10,0.00012106826,0.0016843,0.003628373,0.006624431,0.0046918388,-0.0025746133,-0.0017555732,0.0013095778,-0.002776118,-0.0021878073,0.0022513026,0.0021030777,-0.00021791362,0.003924833,0.0019966306,0.004775622,0.000871197,0.0040733763,0.004208567,0.0016705572
2021-08-11,0.0027295134,-0.0001621106,0.0038223492,0.0035255586,0.0055888086,0.0012080137,-0.00045067823,-6.238363e-05,-0.0012659949,-0.0010152784,9.96275e-05,0.001191035,0.0006026474,0.001999698,0.004991738,0.0025240367,0.0008110101,-0.0011866621,0.0009741943,-0.0005024267
2021-08-12,0.0014269507,0.0014615703,0.002727742,0.002129846,0.014068084,0.0,0.00094338856,0.0010327182,0.0032383807,-0.0026417202,0.0015193067,0.00079583103,0.0,0.0040110503,0.0024111287,0.0014732826,6.442864e-05,0.001756657,0.0008458274,2.2502107e-05
2021-08-13,0.0021406964,0.001501398,0.00095452816,0.000539053,0.009714297,0.0008482484,0.0018384653,0.001701706,0.0025437044,0.0042555872,0.0028278916,-0.0009138708,0.0024800582,0.0024032274,0.004908088,0.0047141444,-7.595527e-05,0.0016455234,0.0013821219,0.002039347
2021-08-16,0.001116464,0.002889622,-0.0010963421,0.0021926735,0.00033658015,0.00090791384,0.0025790702,0.0028299536,0.007412646,0.0012282011,-0.0010456047,-0.002816313,0.0048307185,0.0016580485,0.0007155335,0.0030700152,0.0,-0.0001640264,-0.0002646051,0.0037378182
2021-08-17,0.0010489722,0.0045551695,-0.0012421533,-0.0010891816,0.0054538455,0.00013774406,0.008878409,0.0018610592,0.0001618143,0.0035362348,-0.0009841799,0.0016729644,0.0030694741,0.0020552264,0.0021042,0.0030786332,0.0013054218,-0.0008391235,0.00046752373,0.005404084
2021-08-18,0.0016558153,0.002501093,0.0018203125,0.0002509764,0.00647728,0.002465863,0.005046114,0.00028605436,0.002288742,-3.180036e-05,-0.00017469999,0.001285521,0.0012632043,0.00547105,0.00042925778,0.000295914,0.00025807926,0.00092198397,-0.00012039723,9.436995e-05
2021-08-19,0.0030798863,0.0018521688,0.002198833,0.0042283684,0.0041492614,0.0016183631,0.0049680695,0.002754102,0.002569836,0.0015156587,-0.0015255848,0.0023866936,0.00058637705,0.008038147,0.0017079083,-0.0017543307,0.0023443175,0.008019206,0.0005144199,0.001929278
2021-08-20,0.002662961,0.0011389708,0.0033418483,0.0013913347,0.0016208447,0.0018806815,0.00850672,-0.0013526276,0.002427159,0.0038592753,-0.0010307765,0.0003288551,0.003762132,-0.00028785507,3.402266e-05,8.6631895e-05,0.0,0.0014704234,0.003091695,0.0025479535
2021-08-23,0.0034947717,0.0030013744,0.0014847391,-0.00092021463,0.005512341,0.0021875803,0.0045353016,-0.0012200988,0.0009739857,0.0028291421,0.0008459477,-0.0021946027,0.0021916125,0.0012075088,-0.0063206437,0.00072178885,0.0005373373,-0.0022651395,0.0006872336,-0.005549695
2021-08-24,0.0010069219,0.0017745983,0.0,0.0020003628,0.00486169,0.0019320047,0.0008821298,0.0017554688,0.0015506486,0.0011053507,0.0019989067,0.002083682,0.002304556,-0.0034440968,-0.0012529661,0.0046673967,-0.00069410284,0.00093334296,0.0003817996,-0.0009832083
2021-08-25,0.0019312098,-0.0016144337,0.005517213,0.005375489,0.0016721075,0.00040830296,-0.0018547098,0.0036720373,-0.0015825657,0.0032296544,0.00089534576,0.0033946375,-0.0005290851,-0.0011385098,0.0075259493,0.0047924505,0.0014524463,0.00047278978,-0.003194874,0.002299
2021-08-26,0.0001985232,3.2212516e-05,0.0060602943,0.005794224,0.0038335277,0.0059445766,0.0038752037,0.00562675,0.0032369804,0.0008578649,0.00046558853,0.0,-0.00070023484,0.00015140178,0.0032332742,0.0035792545,0.00015569488,0.0038046965,0.0005971324,0.0016483709
2021-08-27,-0.000296396,-0.0017453386,0.0014347592,0.0011758776,0.0014477833,0.00546144,-0.001309123,0.0065970784,0.0056219585,0.0,0.00047865236,-0.0016395678,0.0014422298,0.00012391199,0.0026436697,0.0042605945,-0.0017921873,0.005395295,0.0026936186,0.01271001
2021-08-30,0.000898342,-0.0011008244,-0.0017624324,-0.00054298784,0.0007026867,0.0016357206,0.0007950881,0.005502731,0.0038774477,0.0003303493,0.0016245586,-3.5472465e-05,0.0021998277,0.0018316192,0.0017094298,0.00028247453,0.0011373068,0.014344257,0.0025383597,0.004834363
2021-08-31,0.0011444523,-0.0010667142,0.00068232504,0.00076638866,0.00215337,0.002167403,0.0018094914,0.0023972085,0.004647117,0.0022014088,0.001986779,0.00079537084,0.0,0.0063138865,0.0018084693,0.00031099404,0.00086272846,0.0024864904,0.005195434,0.0011364807
2021-09-01,0.0010846725,-0.0010125776,0.0038313142,-0.000441708,-0.0033165852,0.0036748839,0.0012633076,0.0012880634,0.0013788252,0.0013112103,-0.001745189,0.0022503228,0.0,0.0024779837,0.0006057502,0.0009938916,0.0010832784,0.0036129125,0.0066848863,-0.0003613813
2021-09-02,0.0009967241,0.0061347494,-0.0022684643,-0.0003773084,-0.0022781678,0.0003792735,0.006370639,0.0020686663,0.002457772,0.0019398843,-0.0037586514,0.005372313,0.0,0.0010533448,0.0026364687,-0.00027374228,0.00016521708,0.0011987769,0.0021877533,0.0015877895
2021-09-03,0.0020421064,0.00031231035,-0.0023733506,-0.002838127,-0.0014412194,-0.0028517086,0.00093386095,0.0041682655,0.003607282,0.0018332052,0.0017315511,0.003330277,-0.00022384746,0.0009988464,0.0014643803,0.0010658556,0.00061693444,0.00059493957,0.003939277,0.0012591766
2021-09-06,0.0026181284,0.002954799,0.005030451,0.0003799657,-0.0012664548,-0.0021536867,0.005438568,0.003942179,0.00050537405,0.0015161666,0.001811581,0.0031789825,0.0016569527,0.0039046025,0.0005891583,0.0,-0.00053355633,0.0059467847,0.0035664428,-0.0010432928
2021-09-07,0.0016828246,0.003705379,0.0023729338,0.00013546445,0.000748449,0.0010750397,0.00016743377,0.00028423782,-0.0016939975,0.0017261612,0.0025979853,0.0012683867,0.0014966239,0.005448278,0.002216752,0.003437971,0.0005350271,0.0003808113,0.0003937599,-0.0012568751
2021-09-08,0.0,0.0014807459,0.003653415,0.0,0.0026283807,0.00073585584,4.3072167e-05,0.0006932324,0.00038900756,0.0038863798,0.001060456,0.0009964776,0.00045826228,0.001245886,0.0021717201,0.00015729913,-0.0015115408,-8.502314e-05,0.0013585705,-0.0015798267
2021-09-09,0.0,0.00051622733,-0.00091329694,0.0012571884,0.003834807,-0.00029664877,-0.0015732271,0.0013207137,-0.00016109018,0.0032916293,0.0022023376,0.00035200358,0.00070616155,0.00013543841,0.00026396272,0.0043973974,-0.0024306395,0.0073936363,-0.0010347698,-0.0047160583
2021-09-10,9.372143e-05,0.00058982434,0.0,0.0015845121,0.0026019784,0.0001534327,-0.0008638532,0.0024695725,-0.00014873459,2.0149533e-05,0.0015553486,-0.0015437143,0.0011075769,-0.0075931,0.0005209499,0.001713558,-0.00067136524,0.015474382,0.0035268478,-0.0022865343
2021-09-13,0.0024346793,0.00030722385,-0.0011886546,0.0046989513,0.0016390113,0.00027490192,0.0012430922,0.0016318111,-0.005735858,0.0043085585,0.0008471513,-0.0020751941,0.0,0.0014166248,0.0015079445,0.001292011,0.00075185375,0.0025471975,0.003320856,0.0053738817
2021-09-14,0.0015192264,-0.0011844115,-0.0016494876,0.0035124423,-0.0012124965,0.0032695902,0.00074404274,0.00377201,-0.004738852,0.0012221681,0.00056995795,0.0037495436,0.0007430915,0.0029662105,0.0010296677,0.0013691484,0.0007731616,0.0026247513,0.0052099316,0.0036209743
2021-09-15,0.00021424309,-0.0027869248,-0.00026733417,-0.0022018263,-0.0028426237,0.002961733,0.008696209,0.0034644532,0.003654685,0.0016680198,0.0027570887,0.0003498413,0.0027814244,0.009388333,0.00071779854,0.0043369494,0.0008326369,0.0057102074,0.0044915867,0.0037535036
2021-09-16,0.00015097171,-0.000557421,0.0030490574,-0.0020243165,0.0009326975,0.00075125945,0.007351321,0.0025708156,0.0025895168,0.0012785307,0.0022193044,0.0024476054,-8.942771e-05,0.0127895335,0.00013242222,0.0059549445,-0.00046353196,-0.01416257,0.0009958132,0.003800293
2021-09-17,0.0027617028,0.0028614409,0.0,0.0058721863,0.005317993,0.00051181955,0.0005210021,6.626241e-05,0.0015341706,0.001872527,-0.00060161465,0.00610772,0.001885512,0.008087604,0.0024812452,0.005505174,-0.0019737969,0.0016581989,0.002635742,0.0009173632
2021-09-20,0.0013786688,0.0033107102,-0.0001430882,0.0074147196,0.00401071,-0.0016114124,0.0032678705,-4.8510778e-05,0.0018535722,-0.0015747885,0.0047884574,0.001170763,0.0006935334,0.0066536213,0.0004738069,0.0026548342,0.001227014,0.0019805627,0.0044056475,0.003124351
2021-09-21,0.0011946859,0.00055427797,0.0030153198,0.004361265,0.0011078021,-0.00018466888,0.0022023122,0.0017932816,0.0014968731,0.0021884406,0.0021989185,0.0034256335,0.0007430077,-0.00047950307,-0.0005380893,0.00066944986,-0.0005055117,0.007550175,0.001771039,0.0027442575
2021-09-22,0.00011776562,0.0,0.00094459596,0.0044719484,0.0003160061,-0.00088622596,0.0021546145,5.840364e-05,0.0012845275,0.0,0.0028658418,0.001644739,0.0029944868,0.002762305,-0.00031925947,0.0055545056,-0.00011349537,0.0026270412,0.0,0.0034174444
2021-09-23,0.0019920084,-5.128357e-05,0.0026243306,0.0025951494,0.0,0.002057438,0.009782062,0.002204328,-4.8557227e-05,-0.0036061194,0.0013276675,-0.0014840178,0.0037622629,0.0002914482,0.002629404,0.0009271584,0.0017551002,-0.0003225745,0.00093044207,0.0
2021-09-24,0.00048622323,0.0038502607,-0.0024359452,0.0025017916,0.00084776443,-0.000984348,0.005887566,0.0022160676,-0.00042180877,-0.0026088802,-0.0004983416,0.0012021757,0.0034171839,-0.0004209685,0.0,0.0012131892,0.001618605,0.0,0.003429253,0.0012452801
2021-09-27,0.000398963,0.00013202545,-0.001882262,0.00025410886,0.002348728,0.0,0.007641701,0.006777448,0.0015966634,0.001631739,-0.00096247427,0.00065636786,0.0019938028,-0.002326152,-0.0004222723,0.0010838623,-0.000287578,0.0011069293,0.0038228945,0.0
2021-09-28,-0.0004941942,0.0016718345,0.0018197711,0.0,0.001160143,0.002557799,0.02173787,0.0026684,0.0006419546,0.0041997577,0.00058129866,0.0,0.0015167036,0.005537151,0.0,-0.000100561025,0.0014875534,0.0028325368,0.0037402294,0.0
2021-09-29,0.0007097454,0.00010087525,0.00048186586,0.0033137419,-0.00010174947,0.0011061064,0.0068429327,0.00015067724,0.0004567999,0.006563155,0.0,0.00031808496,0.00087491865,0.00881342,0.0009903207,-0.0003049939,0.002327347,0.003992502,0.001569377,-0.000113099224
2021-09-30,-0.000603937,0.0028628593,0.0033133319,0.0016033782,9.7310076e-05,0.0023371277,-0.00066781824,0.0035588772,0.0017432694,0.0038425126,0.0018262899,0.0033097654,0.0007058404,0.004420798,0.0010042102,0.0,0.002907104,0.009968934,0.00055599486,0.002753659
2021-10-01,-0.0016334207,0.0029457058,0.005602394,-0.00016135875,-0.00039229734,-0.00014832587,0.0024753755,0.0034672758,0.00018564214,-0.0011096803,-0.0009161847,0.0023539776,0.0013335466,0.0019769832,0.00012833661,0.008415648,0.0009083028,0.0022383134,-0.0011609241,0.004427403
2021-10-04,-0.0012631543,0.0009445618,0.007928397,0.0040230486,0.00076403876,-0.0019821362,-0.0007281622,0.00083002285,0.00052237976,-0.0007464844,0.0018480774,0.0035434314,0.0028337045,0.0038102625,0.0001224877,0.0012939193,0.0016016568,-0.0011167309,0.0013112009,0.0036068321
2021-10-05,-0.0020443732,-0.00047214772,0.0061339396,0.0015506301,0.00376898,0.0014288859,0.008219635,0.00035925006,0.0015971821,0.004005916,-0.0020395059,0.00380342,0.0010207008,0.0033980976,-5.5684854e-05,-0.00042754036,0.0005280618,0.0014762694,0.0006597263,0.0010465521
2021-10-06,0.00013541566,0.0010295158,0.0024461027,0.0024987354,-0.00062901276,0.0024655194,-0.00044530793,0.0044564605,0.0020310893,0.00083014724,-0.0007063968,0.00047649597,-0.0005231234,0.0030791962,-0.0063821957,-0.0013195182,-0.0009194791,0.0046373773,0.00070275157,0.0010584636
2021-10-07,0.0021294537,0.0010854617,0.0026628645,0.0019006135,-0.00038490308,0.001452462,0.0059350124,0.0033934806,0.0016114766,0.0032823016,0.0020569274,0.0009285496,0.0021509696,0.00088839873,-0.001302664,0.0006400729,-0.0034526351,0.00062924495,0.0009052511,0.0020163578
2021-10-08,0.0031763986,0.0020277044,0.0010216697,0.0007697789,0.0017898318,0.004907972,-0.00029589984,0.0018190814,-0.00013951442,0.002102732,0.0,0.00054433814,0.0020223418,0.00025320466,0.0007471885,0.00071016303,0.0017125546,0.0033549091,0.0016212708,0.00016962911
2021-10-11,0.0027693666,0.00065466715,0.004961698,-0.002332999,0.0010799814,0.0013012523,-0.0013687693,0.00047516788,-0.0012049488,-0.00030307457,0.0,-0.0013144279,0.003451618,0.0051544686,-0.0013766454,0.0011890004,0.00053059723,0.0,0.0020585982,0.0010878601
2021-10-12,0.00022181806,0.0034088902,0.00081639335,4.754184e-06,0.00033725516,0.0010466183,0.0,0.00084650016,0.0009587753,-7.461578e-05,-0.000923156,0.0007054872,-0.0011990315,0.0027588103,0.0023040038,0.0027839753,0.0015851464,0.00483869,0.0008224515,-0.0032445763
2021-10-13,-4.705483e-05,0.0032819235,0.0054324726,-0.00069893437,0.0006417537,0.001754967,0.0009896425,0.0,0.0014204857,-0.0011179881,-0.0016242726,0.0022672075,-0.0005643573,0.0014568621,0.0044041746,0.003764449,0.0027905474,0.0011454427,-0.0012598025,0.0018310656
2021-10-14,0.0025751162,0.00090839743,0.0010473499,0.0010097882,0.00047094107,0.002054169,0.0038831474,0.004195933,0.0030787278,-0.0025769696,-0.0023294366,0.0016220339,-0.00010190266,0.003824114,0.0044782953,0.0050501116,0.0004337404,-0.0027701305,3.5754936e-06,0.0049193
2021-10-15,0.0012140436,0.0017319322,0.00049865333,0.0009743125,0.008001819,0.0009677435,0.004785317,0.004965296,-0.0014447761,0.001452268,-0.0011949496,0.00029204015,-6.772211e-05,0.0015631296,0.0017899002,0.00021001905,0.0011955543,0.0011904975,0.00048526062,0.0043082917
2021-10-18,0.0013346755,0.0044403463,0.0038451136,-0.00086263637,0.0035646367,-0.00051448005,0.00042391708,0.00027365907,-0.000371552,0.0010926232,0.0035966723,0.00282647,-0.002787936,-0.0016223767,0.001196448,-0.00035455273,0.00039427183,-0.0023759948,0.001952379,0.001811137
2021-10-19,0.0025442843,0.0018220622,-0.0013654103,0.00043106268,0.007465081,0.0013943922,0.0032481467,0.0025810127,0.0011107695,0.0028172657,0.003322924,0.0007439067,-0.0021797202,-0.0030550025,0.0042487164,-0.0014043839,0.0,0.0014829845,0.004000585,0.001259214
2021-10-20,0.0035615452,0.006065052,-0.0042892243,0.0012494485,0.0021018463,-0.00021708081,0.00487757,0.010098211,0.00010304401,0.008716452,0.0038352262,0.0013317785,-0.0011551125,-0.0039055538,0.0007580626,0.0009501305,0.0010991337,0.0041448735,0.00435347,0.004400044
2021-10-21,0.0012664451,0.0046811653,0.0011402256,-0.0016433115,-7.128805e-05,0.0005989569,0.0019033138,0.0022976722,0.0008199269,0.0064473213,0.0039702808,0.0024959736,-0.0007731566,0.00086184696,0.0020266694,-0.0016308367,0.0020621784,0.0005809506,0.0010945395,0.0015517831
2021-10-22,0.00029487006,0.0009064003,0.0013624841,0.00019847124,0.0,-0.0004904292,0.001328853,0.004874333,0.0009961905,0.0012050469,0.0024465923,0.0016188406,6.3841144e-05,0.0015943093,0.00016679331,0.002855765,0.0014846643,0.0021077923,0.0014602058,0.0029970678
2021-10-25,0.0029255138,0.0036946142,-0.0023607707,0.004219087,-0.0071671125,-0.00020349209,0.0038275144,0.0,-0.002521823,0.0027995792,0.0011635509,0.001219232,0.0034387943,0.0067586517,0.0051972615,0.0011353274,-0.0024403569,0.0013100691,-9.419291e-05,0.0012014266
2021-10-26,0.002219862,0.0025562742,0.0049863285,0.004262229,0.0008981716,0.004000845,0.0038872382,-0.0033881036,0.0035286867,0.00030489147,-5.7260953e-05,0.00014076206,0.0029203994,0.006854647,0.00087544136,0.004905508,-0.0035971378,0.0061509623,0.0063449303,-0.0008101436
2021-10-27,0.004402874,0.002206697,0.0005122255,0.0029745628,0.00063727045,0.0033918642,-0.0019594347,0.0014724128,-0.0010716132,0.00030897005,-5.2512627e-05,0.00059382,0.004058842,0.01096731,0.0016197538,0.0044514504,0.0,0.0036546036,0.0034160141,-0.002844506
2021-10-28,0.0060798256,0.0003580799,0.0,0.0037291222,0.0034636871,0.0028767546,-0.0062427395,0.005412413,0.0010515648,0.000976919,-0.0007601308,2.6076927e-05,0.0032748454,0.0022192183,0.004557472,0.0035839684,0.00049274636,0.00067498756,0.004703489,0.00021490788
2021-10-29,0.003100368,-0.00043780214,0.00036435158,0.0016293232,0.0033352394,0.0028146931,0.0,0.0007388341,0.0008985101,0.0048708613,-0.0016691434,0.0009719111,0.00017073275,0.0051103956,0.00085611397,0.0033415598,0.00312102,-0.00043377615,0.0030133175,0.0050093913
2021-11-01,-0.00034082282,0.0020337976,-0.002493517,0.005371248,0.0046309843,0.006088781,0.007047098,0.00089115265,0.00013790425,0.0031919715,0.0,0.0,-0.0011573847,0.006840615,0.0038972346,0.0,0.0,-0.01242616,0.0038798382,0.0033776758
2021-11-02,0.0026591667,0.0010912847,0.0012043671,0.0021001047,0.0028316018,-0.0008640631,-0.00082755863,0.0004066644,-0.0037019742,0.000268605,0.010052617,0.003069859,0.006085692,0.002166089,0.0035581905,-0.0004805294,0.0041854223,0.007025762,3.9697192e-05,0.0047091325
2021-11-03,0.001564329,0.0027609805,-0.0014057247,0.0010353988,0.0010175623,0.00095857074,0.0043709613,-0.0024554904,0.00056445046,0.0022747337,0.003946912,0.0032955622,0.003443847,0.0022037497,0.0037558323,0.0006473175,0.006971171,0.025023019,0.0014239629,0.002697219
2021-11-04,0.0039897556,0.0015741684,-0.00016483568,0.0050379955,0.0012234722,0.0054021426,0.0036078007,0.00095301884,0.0018099984,0.0030098523,0.0016305419,0.0015773624,0.0027312918,0.0021280341,-0.0017598828,0.0031360697,-0.001218645,0.008291653,0.0018104442,0.0022298952
2021-11-05,0.0020027934,-0.0010202035,0.0017466703,0.0012112854,0.0019458883,0.0003566752,0.0056914864,0.0034053316,0.0015988977,0.0045119645,0.004757148,0.0014697945,0.0013143666,0.0,0.0008815648,0.0,0.001704879,0.004826532,0.00046014614,-2.8596669e-05
2021-11-08,0.0013916874,-0.004497584,0.00077340624,-0.0034380106,0.0044547087,-0.00046600634,0.0054615615,0.010048398,-0.0013353302,-0.0012074041,-0.0019593183,0.0008478348,0.0028324155,0.0007703791,0.0045967903,0.0016575416,0.0015837533,0.0038006485,-0.0012490824,0.0017020663
2021-11-09,2.1311564e-05,0.0025028759,0.0012290704,-0.0006710142,0.0026778441,-0.0059003746,0.0007983315,0.0022290552,-0.0010422211,0.0034428001,-0.0012081955,0.0001870785,-0.002057794,0.0009201898,0.0021964654,0.0067099556,-0.0030173098,0.0013572454,-0.0014629953,0.0032822397
2021-11-10,-0.001393209,0.0008135557,0.002331643,-0.0011239743,0.0019120161,0.0001488107,-6.9235655e-05,-0.0015209853,0.0026287762,0.0012467618,-0.0028379066,0.001510623,-0.0013701433,0.0011891727,0.0027508384,0.0032883529,-0.007788117,-0.004394214,-0.00036695175,0.0029257522
2021-11-11,0.0012648501,0.001174208,0.0020893568,0.0025154843,0.0041818335,0.0015724937,-0.0067763003,-0.0041365637,0.00082651,0.0017676177,0.0008314468,0.0011421326,0.003897971,0.00052118266,0.0017073255,0.0034316846,0.0026649886,0.00023826992,0.0030095647,0.002689891
2021-11-12,0.0049333386,0.0054977736,-0.0004369103,0.011437459,0.0,0.00918558,0.0004360709,-0.001190574,0.00188713,0.0011110164,0.0022810025,0.0041091456,0.00071441784,0.00082563766,-0.0027142677,-0.001216228,0.003758715,0.004241387,0.0019584617,0.00066297984
2021-11-15,0.0043825554,0.01003676,0.0014255546,0.0061369683,0.0014459797,0.0014267586,0.0008537901,-0.0025527067,0.0034013996,0.002227436,0.0010916996,0.0026961893,0.004500836,0.0002472781,-0.00089483097,0.0025623525,0.00038479932,-0.0007875139,0.0011277002,0.002533866
2021-11-16,0.0022043746,0.014915474,0.0018262692,0.0025569464,0.00084897125,0.0048380736,0.006110919,0.0011752391,0.004325364,0.0005055691,0.018759832,0.0036221487,0.006537593,0.004821756,0.0015784525,0.003358856,0.0046586916,0.0054114605,0.001850356,0.0011001605
2021-11-17,0.0011870855,0.0090386765,-0.0002579397,0.006696192,0.001641302,0.0021211524,0.0034194293,0.0,0.003272532,0.004822218,0.010571266,0.0028271356,0.0042718574,0.0030717026,0.004903322,0.006267013,0.0063718557,0.003843946,-0.0010218458,-0.0016369105
2021-11-18,0.0006752842,0.003883634,0.0023284962,0.0046758344,0.00079741795,-0.0017323532,0.002026327,0.0019338073,0.0050511025,0.003548274,0.010508952,0.0037963232,0.0012920995,0.00089741964,0.0035958388,0.0015404414,0.004233616,0.0033589527,0.001821143,0.0015128893
2021-11-19,0.001592347,0.0007257216,0.00059274834,0.0007122758,0.0016835398,0.0016463293,0.0016547985,0.0043503153,0.003409932,0.0012585779,0.005582713,0.00043605856,0.0026625993,-0.0031478312,0.0012470349,0.0035625342,-0.0018162976,0.0019754916,0.0012799518,-0.00027039292
2021-11-22,0.0037571192,-0.006553352,-7.635214e-05,-0.0006914758,0.0039566834,-0.00044957988,0.00420585,0.0036355173,0.0026362017,-0.0004534918,0.0038954164,0.00088221155,0.0014637084,-0.0019128126,0.0007833589,-0.0027738365,0.0061403806,0.0063865604,0.0017513311,0.0021897578
2021-11-23,-0.0027513078,-0.001942203,0.0017263682,0.0034594033,0.002907971,0.0026885793,0.0025598428,0.0069160806,0.0014384326,0.0013272874,0.0039742617,0.0013624529,0.0025485295,-0.00027911927,0.0022628775,-0.0008688931,0.005101948,0.009471802,0.0,0.0017412575
2021-11-24,-0.0005627531,-0.0014604236,0.0020241903,0.00040812473,-0.00076128263,0.003066839,-0.002955256,0.0019313232,0.0,0.00096707727,0.032037746,0.0,0.0071531157,0.002626213,0.0074466625,0.0013900542,0.006349023,0.00034837474,-0.00047157667,0.0018080823
2021-11-25,-0.0008172235,0.0010006883,0.0007525728,0.00045812115,0.003080954,-0.00039342197,-0.000902289,0.001194879,4.977433e-05,0.003760705,0.007490437,0.00077137403,0.0022410005,0.0051302295,0.003830676,0.0,0.0020006003,-0.00042857262,-0.00416247,0.001995445
2021-11-26,0.0014455946,0.0014140294,0.0016536443,0.006094369,0.0006254288,0.0036820958,0.0014717132,-0.0018010254,0.0,0.0063005416,-7.235445e-05,0.0007830005,0.0048610945,0.001090732,0.0007779388,-0.008141629,0.00087220006,0.0004025148,-0.00051014626,-0.00037408865
2021-11-29,0.00093231123,0.0044476986,0.0028576585,0.0030072208,0.001385249,0.0005745454,0.0032511372,-0.00041918116,5.8021724e-05,0.0008485219,0.0006326228,0.002235444,0.00075264386,0.0007426865,0.0021585103,-0.001454291,-0.0008312236,-0.002078946,0.00011760424,0.00087120774
2021-11-30,0.000912807,-0.005343278,-0.000114941075,-0.00070975785,0.0011118314,0.002935584,0.001106214,0.0039960444,0.0,0.0006490239,0.0030641467,0.0028588432,0.0006743226,0.0023469322,0.0018169964,0.0011406733,0.0017462879,0.003983971,0.0020017822,0.0012416908
2021-12-01,-0.00048291602,0.0014503506,-0.0017523048,0.00036967505,0.00091777474,0.008699705,0.002228636,0.004053646,0.00022127872,0.0016613918,-0.00022426434,0.0,0.00023511855,0.0012203637,0.00080735097,0.009938909,0.0017521124,0.0038097445,-0.000481149,0.0039290707
2021-12-02,0.0005375826,0.0,0.00016517304,-0.0014631294,0.0021964808,0.0008110579,0.0,0.010815018,0.0017967555,0.0014357333,0.0005343373,0.0007164413,0.001030558,-0.000780853,0.0017501473,0.0015796098,0.004118397,0.002454508,0.00071521354,0.0015925237
2021-12-03,0.00012406816,0.0009940589,0.0007214593,-0.004428822,0.0006497375,0.008485488,-0.0012406146,0.0075288266,0.0018185705,0.0033366526,0.0005353299,0.0013323901,-0.00311088,0.0011401789,0.0034028704,0.0016804535,0.0016797915,0.0037615765,0.0022919015,0.00035130078
2021-12-06,0.0017242975,0.0019189242,0.0013270547,0.0,0.0015478028,0.0018363801,0.002788297,0.0021103877,0.0023010303,0.0004568984,0.0010236927,0.0035320318,0.0010862126,-0.00021521465,0.0044557527,0.002192722,-0.0022024445,-0.0008397557,-0.00052389037,0.0023294573
2021-12-07,-0.0002844531,0.003154354,0.00056353223,0.0067672255,0.0022431074,0.0007847797,0.0057509807,0.0,-0.0005599548,0.0020493735,0.0040797605,0.0042665047,0.00059850106,-0.0013785646,0.0036689742,0.00088069995,-0.0012178965,0.0035141225,0.001098211,0.0012738458
2021-12-08,0.0006822124,0.0061174408,0.0009815725,0.007555322,0.0024609824,0.0029205764,0.0004015312,0.000891077,0.00062745425,0.00021395499,-0.00046834548,0.0022098713,0.0048628794,0.000673891,0.00047974134,-0.0001675255,-0.00031310247,0.0010983503,0.0013287899,0.0020550047
2021-12-09,-0.0015095405,0.0037480297,0.0013521191,-0.00015826296,0.000115138406,0.0036668677,-0.0002826758,-0.0111816805,0.00092755747,-4.7271904e-05,0.00069003913,-0.0002516689,0.0057517514,0.00032801038,0.0011391983,0.00088012684,0.009338268,0.0051279957,0.0034331903,0.00038527622
2021-12-10,0.0011238273,0.00061941246,-0.00094159716,-0.0010658932,0.0023046099,0.008164754,0.0016505764,0.0005303407,0.003057195,0.001002322,0.0,0.0009366367,0.008827232,0.0,0.0,0.0049323607,0.0021317736,0.0019608908,0.00095403084,0.0011093608
2021-12-13,0.0023086818,0.0033370322,-0.00033416814,0.0,-0.001101392,0.007936352,-0.00046287003,0.00024002857,0.0019972844,0.00045614224,0.0068043964,0.0011344184,0.0059073246,0.0009258753,0.003275486,0.0045924746,0.0022798819,0.004994936,0.001616944,4.4919834e-05
2021-12-14,8.484659e-05,0.0026679551,-0.001031203,-0.0016341393,0.00035227963,0.0024865242,-0.00078130176,-2.0700174e-05,0.0011211494,0.0033445985,-0.0022371006,0.00096772047,0.006329959,0.0014590671,-0.00037868042,0.00023357266,-0.00034071266,0.0023762076,0.0030981377,-0.0005995294
2021-12-15,-0.002807332,0.0016239159,0.0032146017,-0.00032097063,-0.0006088293,0.001807393,-0.00016256211,-0.0031897388,0.0022054317,0.0032270327,0.00036985305,-0.00047117623,0.0041082343,0.0010874405,0.0015838888,0.006250631,0.00084847567,0.00070220017,0.0017482132,0.0
2021-12-16,0.0010744622,0.00037644367,0.0016266285,-0.0012157195,0.0024253214,0.0045101247,8.869091e-05,0.004776433,0.0034735342,0.0,0.006840449,-0.002034551,0.0025154501,-1.2591419e-06,0.0015731195,0.009185157,0.008272966,0.0019723978,0.0015950651,0.00028866463
2021-12-17,0.0021954016,0.0020546985,0.00048103236,0.0054752175,-0.00089500536,0.003339341,0.0009031622,0.010786243,0.0020182654,0.002405828,0.028805474,0.0018031644,0.0031854303,0.00085162267,-0.0016837992,0.0012952082,0.0074009188,-0.0012164321,0.0014325016,0.0012655999
2021-12-20,0.0,0.00011646465,0.0023283765,0.0033990128,-0.0004911174,0.0031573381,-0.0007413709,0.008703371,0.00093425234,0.003982648,0.016904784,0.0014108518,-0.00023019814,-6.6902336e-05,2.1626042e-06,9.8725715e-05,0.0038499464,-0.0023260044,-0.00020726764,0.0016700726
2021-12-21,0.0016642085,-0.0011035773,0.001809769,0.00418145,0.0011761772,0.0034150884,0.001201158,0.0026297686,0.0016340519,0.0014204885,0.0028474962,-0.0033040547,0.0032326903,0.0007703829,-0.0028590695,0.0020457166,0.00093877263,0.0010507129,-0.00028073307,0.0021726978
2021-12-22,0.0016723459,0.0022256689,0.0014645765,0.0018774202,0.0009775804,0.0034448057,0.0011353137,0.0003168454,-0.0019699314,0.0017456168,0.004645072,0.00067432,0.0031707692,0.0005386633,0.0014581803,0.0055170446,-0.00025430374,0.002212243,0.0,0.00038614642
2021-12-23,0.00016863938,-0.00035284975,0.00019494059,0.0011779392,0.0013296066,0.004365154,0.0015992109,-0.00017819036,-0.0007072459,0.0006283144,0.0011225814,0.0010895383,0.0059695593,0.0017442373,0.0054079266,0.0062554404,0.0017152335,0.002742948,0.0033083,-0.0005888832
2021-12-24,0.0021609738,-0.00054524967,0.0017273676,0.002141946,0.0011897234,0.0011118778,0.0025103062,-0.008557674,0.001243187,0.0029250116,0.008958652,0.004195946,0.0016178346,0.0011368486,0.009832159,0.0047729043,-0.0076000206,0.0043007256,0.0027869847,0.0006869596
2021-12-27,0.0016005774,0.0026788206,-0.0018612845,-0.0002568848,0.0011082939,0.0,0.0035013487,0.010457965,0.000555226,0.0057318434,0.0019815941,0.0030851348,0.0026596314,0.0011443383,0.0023521048,-0.0011540008,0.00539102,0.00049961614,0.0026619448,0.00052754546
2021-12-28,0.0019949013,0.0005128086,-0.0011576564,0.004375533,0.013241419,0.0014390264,0.0013565953,0.0023983328,0.0029735556,5.2796113e-05,-0.0001916883,0.0010915851,0.0022431498,-0.00010317789,0.0024320325,0.0017683896,0.0023043102,0.0012743981,0.0026762665,0.0027291514
2021-12-29,0.00026842725,-0.002056444,-0.0015877605,0.0029177815,0.003439722,0.0014752167,0.003642598,9.993684e-05,0.0028598357,0.0010282026,-0.003437193,-0.0005195109,0.0024754594,0.003144678,0.0013282592,0.0027229614,-0.0009915412,-0.00056558003,0.002730547,0.0016965623
2021-12-30,0.0019421097,0.0028346565,-0.00059729005,0.0022673458,0.0004995081,0.004335187,0.0020518696,0.0014576222,0.0017797084,0.0013195949,0.00071557274,-0.0036428203,0.00047689074,0.0022566917,0.0021386617,0.0010326469,0.00046831224,0.0006852601,0.0009102199,0.0014587279
2021-12-31,0.0017244568,0.0027742248,0.0027971528,0.0057276427,0.0013075068,0.0027453506,-0.0014290866,-0.00094833126,0.0016020017,0.0028109485,0.00092392066,-0.0015703716,-0.0022083556,0.0029330722,-0.005366099,0.0008733699,0.00015838727,0.0017260995,0.002183588,0.002679528
2022-01-03,-0.0005567684,0.00015324437,0.0054326425,0.001831307,-0.0050624553,0.0028575421,0.0,0.00042828228,0.002334577,0.00048639745,-0.008134437,-0.00048257463,-0.0018073226,0.0008020866,-9.5230585e-05,0.0025267734,0.0,0.0035555784,0.0016609787,0.0014730251
2022-01-04,-0.0008783104,-0.0014812828,0.0038119259,-0.0031124384,-0.00082315895,0.001957347,0.00037730983,-0.0003333679,0.00034523226,0.0026846277,-0.0046437485,0.0014622167,9.20886e-05,-0.0029953213,0.005227601,0.009110898,0.0020178023,0.002282121,0.0015378557,2.154112e-05
2022-01-05,0.0016182844,0.004954553,0.0036557436,0.000901444,-0.001648343,0.0,-0.00033483654,0.00022386019,-8.9646775e-05,0.0012556685,-0.0017700295,0.0036531857,0.0016405196,0.00049795216,0.00058318477,0.003321695,0.0041285823,0.001204923,0.00049463904,0.0012983086
2022-01-06,0.0025426275,0.0012156304,-0.00039216687,-0.0018316753,0.004552366,0.001216025,0.0004330014,0.0,0.0012243983,-0.0008838034,0.0015660697,-0.0006679846,0.0009111009,0.0014695493,-0.00051127333,0.0038356998,0.0014773703,0.005320543,0.0012231861,0.00040576482
2022-01-07,0.0030782688,0.0020061412,-0.0009980721,-0.0027108917,0.000600133,0.003943908,0.0065643904,0.0017715851,0.0014318293,0.00036957714,0.0052013895,0.0024494561,0.0014676825,0.0008001405,0.0011410879,-0.0013048431,-0.0005002086,0.0020281249,0.00070926547,0.001448259
2022-01-10,-0.000597929,0.004809164,-0.003121062,0.0030395105,0.0014130236,0.0,0.0037002114,0.0,0.0014335122,0.00019648144,0.0051234746,0.0025153644,0.0021124836,-0.00035796736,0.0040279133,0.0033203345,0.012882412,0.0012139721,0.0007628564,9.3027214e-05
2022-01-11,-0.0021938174,0.0013734299,-0.003052985,0.0019844184,0.0010179376,0.0,0.004770931,0.0020858836,0.0017812706,0.0029069455,0.016192881,0.0029979409,0.0036013012,0.00059742073,0.003987403,0.004858963,0.0045855087,0.000500718,0.0012229868,0.0010511826
2022-01-12,-0.005111255,0.00013703568,-0.0052301004,-0.0002791318,0.0023274103,-0.000716438,0.004771654,0.0010937661,0.0028273975,0.0029711912,0.005234148,0.0036527666,0.0034838843,0.0009142083,0.005474415,0.0020112277,0.002510498,-0.0021460743,0.0013355371,0.0006414518
2022-01-13,-0.001349533,0.004596434,0.0,0.0009848176,0.00018410858,0.0005179156,0.0024351291,0.0017207065,-0.00029765218,0.0044024773,0.0009521925,0.0048448048,0.0011287278,0.002002572,0.00043413375,0.003799956,-0.0007422998,-0.00298717,5.7205267e-05,0.0023493087
2022-01-14,0.001931974,0.0008110288,0.0018125832,-0.0021803726,0.0007052826,-0.00031718562,0.0040098573,0.0022030165,0.00018201735,0.00037259032,8.691217e-05,0.0,0.004398659,0.00039658402,0.0010265862,-0.0009606416,0.0008766888,-0.001846329,-0.00031749156,0.000828275
2022-01-17,0.005108735,0.0025924433,0.00026173415,-0.0018265785,0.0007589296,0.002803715,0.0035519493,0.002477085,0.003537652,-0.0022781733,0.0062356973,0.002175845,0.0024982723,0.0021156964,0.0009070451,-0.0006935309,-0.0009841743,0.0007447484,0.00074782496,0.004521163
2022-01-18,0.0020571852,0.001859081,0.0009510959,0.00021744112,0.0034091917,0.0,0.0014743947,0.0020579956,0.0035220874,-0.0013024962,0.0067980425,0.0037449196,-0.0012236449,-0.0015275443,0.0043762205,0.0,-0.0012517589,0.0030753808,0.0015614565,0.003912462
2022-01-19,0.0015588652,0.0009793061,0.0032783216,0.0,0.0024367308,0.0033237147,0.0033091488,0.0012519166,0.0016117593,0.0012443374,-0.002879828,0.001693993,-0.0015671083,0.0,0.0022264668,0.00062425976,0.0008318266,0.0020943873,0.0016431176,6.730136e-05
2022-01-20,-0.0010692418,-0.0009530514,0.00049581326,-0.0022283595,0.003083178,0.0053820983,0.0045223297,0.0039931387,0.00055663567,0.0023625707,-8.617326e-05,0.0,0.0012400654,0.00069039385,0.0010395407,0.003167326,0.00030823614,0.004890755,0.0010949613,0.0005561552
2022-01-21,-0.000105090054,-0.00035384335,-0.00028340946,0.0,0.0009321785,0.0035331524,0.0021813395,-0.00058537134,-0.0008266314,0.00075702695,-0.00038520098,0.002454907,0.0019953465,0.0012023546,0.0009828403,-0.0016892389,0.004180276,0.0024971915,0.0011749984,0.0007511709
2022-01-24,0.0032970153,-0.00091129733,-0.00017192113,0.0012235062,0.0003452573,0.0025816858,0.0,0.004025539,-0.0006839575,0.0039401506,0.00037947588,0.00021932363,-0.0022367623,0.0010253569,0.0023205315,0.0016453147,0.004990412,0.0020586113,0.0028028388,-0.0054774806
2022-01-25,-0.00070371124,0.001174826,-0.001815345,0.0019889367,0.0,0.0003940687,0.0024289584,0.004461399,0.0,0.0029651232,0.0014503375,0.0,0.0016392764,-0.00030024018,0.0018535057,-0.00013143163,0.0022500358,0.00090976985,0.003313945,0.0003550288
2022-01-26,0.0,0.00081386697,-0.0009280374,0.002774046,-0.0014853555,0.0027674676,0.0060275174,0.0038028304,-0.0023041528,-0.0003975918,0.0046168147,0.0,0.0020950437,0.00022539226,0.0024210638,-0.0007552636,0.0055393586,0.0024828936,0.0008746094,-5.982908e-05
2022-01-27,0.0016952463,0.000132954,1.6086464e-05,0.0025878702,0.0057592355,0.0038424644,0.0017671864,0.0061564273,-0.001100402,-1.2984685e-05,-0.0027591037,-0.0004744242,0.0023024036,0.00060401746,0.003608139,0.00074416783,0.005000708,0.00018362289,0.001050051,0.003339324
2022-01-28,0.0006047371,-6.568266e-05,0.005188017,0.002238285,0.0019886692,0.005823121,-0.00054109294,0.0028528012,0.000643075,-0.00089466496,-0.03476775,0.0001551535,0.0038568736,0.0026006738,0.006629296,-0.00032193982,0.00074598653,0.0044425023,0.0009383017,0.003558233
2022-01-31,0.0044475645,0.001522378,0.0039942106,0.0009715345,0.003858835,0.0010728701,-0.0014623965,0.0038571411,0.0054367436,0.002580626,0.0,0.003767769,0.0014961397,0.0025163956,0.0041740336,0.004275142,0.0015210074,0.0020246983,0.0007206806,0.017963713
2022-02-01,0.0011255534,0.001226873,0.0039006723,0.0040591755,0.002914052,0.001741616,-0.0012754248,0.009088134,0.0022328256,0.0020275041,-8.812244e-05,0.0,-0.00070687773,0.0008011835,0.004856883,0.0013300538,-0.0002745,0.004555039,0.0011878393,0.008623143
2022-02-02,0.0012978194,0.0059867124,0.0019571371,0.0023826177,0.00012220851,-0.0017341246,0.00080191373,0.0039830673,0.0011072307,0.0032197682,-0.002857722,0.0023916923,0.0048866076,0.0034688157,0.0063386424,0.006746882,-0.00089195254,0.0018152052,0.0018958047,-0.0014575976
2022-02-03,0.0037974387,0.0022038864,0.0018572353,-0.001162131,0.0016295088,0.0019932375,-0.0023046338,0.0027189122,0.0012228334,-0.00042734068,-0.0018105052,0.0035478137,0.0002479928,0.0021663043,0.0044621755,-0.0016513973,5.6101646e-05,0.00086243585,0.0031020609,-0.0003814653
2022-02-04,0.0017309341,0.0025499444,0.0034013875,-0.00040499188,0.0001844671,0.0030116832,-0.025538204,-0.0029594349,-4.250612e-07,0.0008646488,0.0012862204,0.0034259276,0.00485821,0.0025137211,0.0018221985,0.002276435,-0.0011846491,0.0,0.0035449178,0.0048351814
2022-02-07,0.0026506695,0.0058604837,0.00012274057,-0.000599423,-0.0104370555,0.0023062532,3.4949383e-06,-0.0016195097,0.0037957458,0.0020491434,-0.0022479307,0.0041976105,0.0023273898,0.0,-0.0017294529,4.6461788e-05,0.0010681709,-0.0009573909,0.0021887128,0.0
2022-02-08,-0.0013765473,0.006184225,-0.0039030921,0.0016336471,-0.005187448,0.0036917892,0.0020204026,0.0042296792,0.00019441645,0.0007152293,0.0019608655,0.006523517,0.0024334234,0.00049896806,0.0,0.003150565,-0.0011134133,-0.00032690397,0.0017258612,0.00011361573
2022-02-09,0.0005030679,0.0042502913,0.000247806,0.0038910182,0.00159935,0.00036909574,0.004522927,0.0029695828,0.0027114425,0.0003837165,0.0074565955,0.0045750067,-7.700463e-05,1.3767129e-05,0.0007522694,0.0045449375,0.0021149665,0.0054068947,-0.0012173367,0.003981492
2022-02-10,0.0016218692,0.0001809459,4.152092e-05,0.0026338855,-0.0032396596,0.0034709545,0.0047653704,-0.00036496506,0.0022038936,-0.0018416169,0.0077436864,0.0,0.0012645903,0.00026736263,2.5532886e-06,-0.0015376928,0.0018578991,0.00037520658,0.0,0.0035361664
2022-02-11,-0.0011271032,-0.0026944948,-0.001217133,0.00471572,0.00013781161,0.0015723889,0.0012209975,-0.001033725,0.00022351937,0.0012778621,0.009355609,0.00083058805,0.0020317363,0.0006863027,0.00037267152,-0.0008787822,0.0012425936,0.0037567273,0.0025773244,0.0015485088
2022-02-14,-3.027041e-05,-0.0011542358,0.0036524113,0.0016268489,-0.0021146818,0.0017155024,0.0012241803,0.0,-0.0010865238,0.0009843116,0.0060345465,0.0033315956,0.0013883603,0.0012218332,-0.00029593645,0.0010499015,0.0029627657,0.0032628553,0.0027060455,0.0037298766
2022-02-15,0.0010124801,-0.00015343001,0.0020854108,-0.0027861795,0.007031044,-0.0021406803,0.0060956995,0.0038421885,0.00085947046,-0.0010265851,0.0023780926,0.00017878647,0.0019253643,0.0033283774,0.0009534799,0.0011077395,0.003404425,0.001773388,-0.0006608346,-0.00034926023
2022-02-16,0.0013461009,-0.0018426288,0.002146045,0.0027881982,0.009183899,-0.0028379122,0.002690884,0.00038465956,-0.0005337212,0.004119357,-0.0048870197,0.0012211722,0.0018897132,0.0025016775,-0.008105627,0.00021714132,0.0023811972,0.0016199164,-0.00035034143,0.0029514523
2022-02-17,0.0017169836,-0.0047553983,-7.791778e-05,0.0033321884,0.0012380384,-0.001777606,0.0009377162,0.0023376788,-0.0013674713,0.0029353332,-0.011723791,0.0034744095,0.0033940496,0.0005451219,0.0057085305,0.0031576697,0.0015492014,0.0030797797,0.00114477,0.0014338974
2022-02-18,0.0,-0.0009627062,0.0004200943,0.000904436,0.0023801976,0.00086286105,0.00553747,0.0042054723,0.0012636501,-0.0001614627,0.0040243217,0.0047434033,0.0062251696,0.0011775665,0.0036932894,0.0012280778,0.00029309996,0.006301992,-0.00089323946,3.7299284e-05
2022-02-21,0.0027534661,0.0012107749,-0.0013149527,0.0027909246,0.0018883342,0.002033548,0.0029572968,0.006559334,0.002630532,0.0049201227,-0.0036924568,0.0005196503,0.0019125927,0.0020022981,0.0014296762,-0.00034833353,-0.00013038084,0.0021989676,0.00014141566,-0.00032780485
2022-02-22,0.0023290312,0.0027187031,0.0005413728,0.0013589629,0.006700968,0.00025424603,-4.8174593e-06,0.002426963,0.0016160922,0.00063830684,-0.0015648348,0.00011942016,0.0027634378,0.0002641037,0.0018456978,0.003295582,-0.0007002232,0.0032177123,0.0016590548,0.004457557
2022-02-23,0.0060822554,-7.4383446e-05,0.001810792,0.0010981838,0.0031864597,-0.0008632664,0.0028179958,-0.00065329485,0.0034012564,0.0014147275,-0.0039030756,0.00048768468,0.0015843163,0.0014706149,0.002994491,0.00076995435,0.001562934,0.00026379395,0.0048800376,0.004950023
2022-02-24,0.00097569946,0.0026771352,0.0044626854,0.00013619098,0.00323891,0.0029608938,0.0011206182,-0.00039551978,-0.00094840827,-0.00014680247,-0.00279857,-5.5721714e-05,0.0,0.00036319924,0.0,-0.001216803,0.0019523788,-0.0027266708,0.0,0.008478808
2022-02-25,0.0009510061,0.0028335354,0.005610017,0.004664943,0.0022474362,0.004629343,-0.0009042492,0.005131455,0.0007069996,-0.00019496754,0.00125675,-0.00062996056,0.0,0.0,-0.00016853085,9.763752e-05,0.0001111502,0.0014729727,-0.0022735596,0.00087242085
2022-02-28,-0.0001355879,0.0016991901,-0.0005590205,0.005116414,-0.0027938723,0.0025870872,-0.0027747736,0.0026222274,0.0015367708,0.0035428414,-0.0017035352,0.0023682418,0.004588571,-3.7779762e-05,0.0005438676,0.0,0.00224479,0.00078855356,0.00030405424,0.0004806586
2022-03-01,0.0,0.0021947504,0.00074606045,0.0038196875,0.00065957016,0.0034673573,-0.00260888,0.00030755863,-0.0049267197,0.0038033111,0.00013725621,0.0051868944,0.003690434,0.001168634,0.0027673524,0.00038185317,0.0020485364,0.0039068875,-0.0008970223,0.0021187214
2022-03-02,0.001467398,0.013121922,0.00042633893,0.004197629,0.0044553564,0.0016076253,-0.0020869873,-0.00087928463,0.0024997725,0.0023296878,0.0025741975,-0.0003079711,0.001515065,0.0011557569,0.0,0.00026625788,0.0011913627,0.0013291956,0.0030553178,0.0009987041
2022-03-03,0.0029075341,0.0014644312,0.0005395014,0.0010132632,0.004269984,-0.00054116786,0.0021480627,0.0006952013,-3.232148e-05,-0.0001623848,0.0055467547,-0.0022980787,0.0045782933,0.0008153583,-0.0018519729,0.0010894422,0.004541687,0.0020268022,1.4332628e-06,0.0034709685
2022-03-04,0.004507772,-0.00017225732,0.002566784,0.0033923218,-0.0002968893,-0.002226912,0.0011807459,-0.003373234,-0.0010556657,0.000927873,0.0032403993,0.0,0.0031720705,0.0023562799,0.0009052721,0.003457104,0.00079307903,0.002297903,9.774054e-05,0.003797407
2022-03-07,0.0026818179,0.00021207191,0.0021529323,-0.00227511,0.00015028588,0.0011777286,0.00096681266,-0.0019930573,0.0024903466,0.0026634182,0.0035721567,0.0,0.0016469845,0.0024035545,0.0017857909,0.0011643714,0.005130251,0.0018744295,0.00015408707,-0.00034811074
2022-03-08,0.00094730494,0.003134617,0.0022838125,-0.0011020968,0.0025511407,-0.00093229086,0.00010664553,0.00010564661,0.0021032614,0.0022999034,0.0041520544,0.0021135865,0.0032592115,0.0,0.0033353982,0.0047837636,0.0045821676,0.0030930827,0.0007843145,0.0021228164
2022-03-09,0.00293078,0.0008747199,-0.0008305988,0.0012027565,-0.00048406684,0.00091760815,0.0019914939,-0.00018435698,0.0066127833,0.0034105359,0.00093060907,0.00015824486,0.0049148304,0.0024876455,0.00064619276,0.0027276606,0.0021661657,0.0025245056,0.0007551879,0.0005984907
2022-03-10,-0.001588136,0.0033579478,0.0028254827,0.00092520623,-0.00047967443,-0.0007497836,0.0006224724,-0.0012128757,0.008847448,0.002662897,0.002625225,0.002824421,0.0020852129,0.00031014674,0.0010349344,0.0007837464,0.0021576188,0.006344199,0.00672959,0.0028327948
2022-03-11,0.0009987153,0.0012097753,0.00033919443,0.0027192417,0.0019253847,0.0,0.004464221,0.0,0.008634945,0.0029441414,0.0016806878,0.004472697,0.0071119945,0.002022784,0.0010946931,-0.0014130411,-0.00012295837,-0.00040941348,0.0024209626,0.005741626
2022-03-14,0.00077936414,0.0013750133,0.0017115587,0.00095614267,0.002747436,-0.00030916612,0.0045311702,0.0042047165,0.0019176592,0.002188431,0.0037078934,0.00081425934,0.005498763,0.0010097029,-0.0020963436,0.00014785465,-0.0017682097,0.0019851462,0.0067828814,0.00065193616
2022-03-15,-0.00048676893,0.00023667436,-0.0029464816,0.0,-0.00021026673,0.0017521784,0.0,0.002676155,0.004145624,0.0026623795,0.0030164723,0.002145811,0.0020597724,0.00035385348,0.00032147247,0.0013005862,0.00015013288,0.0020728987,0.0038433399,0.0013384053
2022-03-16,0.004043137,-0.0014233518,-0.0012719936,0.0018222581,0.003856242,0.0018528146,6.728718e-05,0.0067337295,0.002208028,-0.00055744115,0.004658443,0.00024798498,0.00289044,0.0008711252,0.0015308856,0.0052520614,-0.0009833259,0.0032701336,0.0027779797,0.003024905
2022-03-17,0.009384243,0.0061692945,0.00256562,0.00023714083,0.002715119,0.0027443997,0.0018178759,0.0032705865,0.0024876755,0.00034967723,0.0027903544,0.0,0.003706705,0.0032716736,-0.00111533,0.0017826163,-0.0019254172,0.0025104852,0.0009065429,0.0027575342
2022-03-18,0.0031270403,0.0029133281,0.0022950275,0.0014885395,0.00937194,0.0023998558,-0.0028548683,0.003298121,0.0022418632,0.0025240819,0.011975556,-0.0027710053,0.0,0.0012567899,0.0028082116,-0.0011976849,0.0014325943,0.0020909337,0.005337142,0.0044568493
2022-03-21,0.0019186685,0.005153005,0.0016193038,0.0022363067,0.0016078663,0.004472039,0.0,0.002325818,-0.0022297467,0.0024439848,0.006750219,-0.00024632222,-0.0014464678,0.0016682395,0.0025102196,-0.00041597002,0.0013899955,0.0018277736,0.0030008638,0.003095454
2022-03-22,-0.0012875327,0.0021240325,0.00042850323,0.002117565,0.001021232,0.0010995287,0.0039982917,-0.000683583,0.003172007,0.0043893666,-0.0028790494,0.0005154727,0.0004719135,0.0016736963,-0.0013217157,0.0044758646,0.00461413,0.0012046616,0.0022708592,0.0001667225
2022-03-23,0.00037594198,0.0047328686,0.0007015337,0.0047511864,0.0007617599,0.0029520937,0.0022374094,0.0018251284,0.005959592,-0.001285475,-0.003202578,0.0,0.0011066807,0.0017715766,0.0008981326,0.0054216525,0.0016922867,0.0014930627,-0.0007137949,0.008552766
2022-03-24,0.0006767996,0.0015678586,0.0003503462,0.0,0.0075152563,0.00023712502,0.0014217839,0.004467679,0.0061774827,0.0004718417,-0.00075706356,-0.00037799223,0.0018478262,0.00075559254,0.003602762,0.003240254,0.0026967013,0.002096477,0.001475403,0.00091157935
2022-03-25,0.0011850531,0.0012144713,0.0005178097,0.00053231535,0.0074854293,0.0013869834,0.0023253378,-0.002903176,2.950374e-05,0.0015082142,0.0010841248,0.003137077,0.0012269568,-0.00011504287,0.002771889,0.0016271364,0.00039966468,0.001968914,0.0002948908,0.0036549962
2022-03-28,0.00063444,0.0033537599,-0.00018422239,0.0039775125,0.0029975965,6.389483e-05,0.0048464797,-0.005499314,0.0026921162,0.0020449385,-0.0015731393,3.474447e-05,0.0033987304,0.0,0.001816032,0.009311509,0.0013070153,0.0021419,-0.0008723089,0.0003703171
2022-03-29,0.0027563395,0.002894673,0.00015673817,0.0153924115,0.00034815358,0.0020233185,0.00044261882,-0.00029166136,0.0020376872,0.0012744054,0.002497852,0.00084143924,0.003585156,0.0002289595,0.0026575222,-0.0022535417,-0.00053229945,0.0004869848,0.0037582312,0.0050905705
2022-03-30,0.0051081805,0.0010197244,0.0010123193,0.0021145723,0.002066996,0.0014864418,0.0031618432,0.00013446392,0.004963238,0.00037763503,0.006482512,0.002443463,0.001244538,0.0023511546,0.0023036636,0.00084786594,-0.0014732342,0.0012398995,0.0036855482,0.0045669163
2022-03-31,0.0024858906,0.0020102425,0.0038882901,0.0058189,0.003753156,0.001177588,0.0026283306,0.0022322577,0.0014416185,-0.00011443218,0.0017893118,-0.00051584886,0.0,-0.0019524767,0.0006271906,0.0008476742,0.00086550927,-0.00026124794,0.00068432395,-0.0012146202
2022-04-01,0.0020216005,0.00024585126,0.0014745443,0.0015560086,-0.001900694,0.00054244243,0.002759679,0.001897891,0.005105311,-0.000298403,0.006809151,-0.0013438304,0.0025786331,0.0010319371,0.0014979265,-0.0021131819,-0.0031798617,0.002276783,0.0,-0.0010394086
2022-04-04,0.0013357461,0.0032586933,0.00012408024,0.0025263396,0.0017083406,0.0013911921,0.0037497631,0.0007209914,0.0043236725,0.0012302728,0.0067913844,0.004832426,0.0027935253,0.0004277746,0.00023460461,0.0012478747,-0.0008248321,0.001707436,-0.0036902963,0.006460911
2022-04-05,0.0027143587,0.00459387,0.0033642466,0.00013596777,-0.0014996717,0.0021227107,0.0023686597,-0.00083754404,-0.002330547,0.0008418563,0.0027578198,0.003309152,0.0018083012,0.0005953843,0.004189271,0.0,-0.00041836448,0.0025015296,0.0012909616,-3.2788634e-05
2022-04-06,0.004250384,0.0033174523,-0.00055970484,0.0015053715,-0.0003782039,0.0006236845,0.0016266828,0.0033684543,0.000952926,-0.00488789,0.008202418,0.0038778519,0.0010419607,0.004755849,0.0039782287,-0.0034371247,-0.00059818267,0.0028928202,0.0016184,7.747765e-05
2022-04-07,-0.00090049097,-0.00033315364,-0.000114957744,-0.0033462166,0.0009304485,0.0021939888,-0.00023142678,0.0027562084,0.0012680577,0.002012219,0.0006863959,-0.0008895309,0.0014236644,0.0024745783,0.0,-0.00181793,0.0033216742,8.026671e-05,0.0020302765,0.0034005572
2022-04-08,0.0016607409,0.00037498074,-0.00080938445,3.6432928e-06,0.001618144,0.0022709006,-0.0012170827,0.002896914,0.0007230744,0.0010608843,-0.0044517256,0.0031064386,-0.0069581536,0.00012905445,0.0061603193,0.0036613287,0.0018125983,-0.0022362652,0.0017223307,0.00031035987
2022-04-11,-0.0002671012,-0.0013400941,0.0011930185,0.0043123076,0.0027617486,0.0018563061,0.0042625004,-0.00032022764,-0.0011770516,0.0032402822,-0.00070371904,0.0031618844,0.00023932624,0.00021586391,0.005718164,-0.0010478618,0.0030759547,0.0041990024,0.0031382754,0.0007922043
2022-04-12,-0.0003009696,0.0,0.0012090441,0.0021990188,0.0038313793,0.0008798166,0.002146263,-0.0013125059,-0.0030155447,0.0038253225,-0.00043742813,0.004951311,-0.008762161,0.002204018,0.0011686111,0.000725947,0.00068768393,0.0014369267,0.0026835967,0.0017160744
2022-04-13,-9.569874e-07,8.819886e-05,0.0035789616,0.002295039,0.0019730348,0.002655958,0.0061373524,-0.009649211,0.00027263619,0.0025655413,0.0011727617,0.0021066729,-0.0026244104,0.0019995226,-2.630053e-05,-0.0007390403,0.0013037458,-7.988187e-05,-0.0018443383,-0.0001620729
2022-04-14,0.0024633098,-0.002436605,0.0008353052,0.00047185193,0.0046035033,0.00091426924,0.00543395,0.002146587,0.0053542056,0.003928581,0.01498777,0.0043422603,0.0001676413,0.0036561175,0.00072617386,0.000558063,0.003281027,0.0,-0.0004395538,0.0005199785
2022-04-15,0.0010576022,-0.00016537955,0.0005953811,0.0028743655,0.004081938,0.00040147032,-0.0008480942,0.00021428283,0.01985493,0.00355253,0.004533194,0.0053913835,-0.000102202735,0.0014708923,0.00090539065,0.0020593612,0.0011237577,0.0029211028,0.0010966959,0.0021967331
2022-04-18,0.0019198997,0.0,0.0018387242,0.004012608,0.0027188207,0.0005824294,0.0042549055,0.0015503701,0.0049266447,0.003140669,0.0048791594,0.0061587607,0.0028067243,0.0011351125,-0.002209272,0.0,-0.004410404,0.0013930175,-0.0007498205,0.001462532
2022-04-19,0.00073570263,0.004998473,0.0039498755,0.0040154685,0.0066261007,0.0018471138,0.007161226,0.0025246078,0.0016588545,0.0013385046,0.009430954,0.00042689327,0.0006275154,-0.0014489342,0.0023017044,0.0029185405,-0.0007652928,0.0035727154,-0.0009858271,0.003907343
2022-04-20,0.0010291277,0.00035738174,0.00072903687,-0.0003216361,0.00017080859,0.0005959415,0.00430418,0.0,0.0025201892,0.0,-0.0033113977,0.0054327496,0.0016092355,0.0049960334,0.0037629807,0.0031606462,0.0011621471,0.0009790944,0.0033268428,0.00012119964
2022-04-21,0.0017738093,-0.0005937021,0.0060637025,0.00022676938,0.0005636413,8.522763e-05,0.0012067653,0.0018410828,0.0004977001,-9.375392e-05,0.010465336,0.0023768805,0.0014826714,0.0029207107,0.0006130173,0.00036786086,-0.00040979317,0.0024994446,0.0018607111,0.00274648
2022-04-22,-0.00021721353,-0.0019789708,0.0059655476,0.0017236115,0.00056434853,0.0012461632,-0.00030067112,0.0011540175,-0.009483102,0.0014345874,0.0009285493,0.0032194145,0.0006534901,0.0010230249,0.0018120195,-0.002788603,-0.0001588079,-0.0033047555,0.00067162444,-0.0020349678
2022-04-25,0.0012057066,0.0004720494,0.002924167,0.00035050552,0.0027662565,0.004265074,0.00024376168,0.003877549,-0.0008519141,0.0015333697,0.0049159066,0.0022040976,-0.0015671258,0.0024902457,0.0012405117,0.004156135,0.0049962066,-0.0006080648,0.0016059147,0.00091743557
2022-04-26,0.00092181825,0.004349859,0.0,0.004000504,0.0038926685,0.0036955045,-0.002111981,0.00157583,0.0044796034,0.0007062123,0.015623353,0.0016167674,0.0020427527,0.0017647822,0.0006082593,0.0026724355,0.0031286827,-0.0014615615,0.002142104,-0.0013598124
2022-04-27,0.0032453665,0.00035167832,0.0025551114,0.00809392,0.000532441,0.0036944603,0.005662616,0.005894871,0.0025860355,0.0027859097,0.003991349,0.0024024898,0.005131998,0.0013823503,0.0011755229,0.0019382734,0.0,0.0011280471,0.0020115674,0.006258934
2022-04-28,0.00025099714,0.00031056808,-0.00022279221,0.0016807707,0.0,0.0033181028,0.0014271584,0.003804458,0.0021739039,0.0,0.005571684,0.00038703508,0.0024298928,0.0017205415,0.001833464,0.0007912458,0.0055580693,0.0023203802,-0.00026285043,0.0053678015
2022-04-29,-0.00038274078,0.0010193042,-0.0010003889,0.0005101354,0.0007320618,0.0045627467,-0.004998151,0.0033941534,0.0015388082,-0.001789284,0.019230561,0.004049093,0.0019996301,0.0012296869,-0.0011695198,0.0019044839,0.0049954443,-0.0026068971,0.019230561,-0.0013861449
2022-05-02,0.0,0.0,0.0023262831,0.0013334537,0.0061402484,-0.00084229896,-0.008944838,-0.001165295,0.0038516568,0.0023462442,0.0,0.003833722,0.0036321636,0.0031078863,0.0003650006,0.0011850273,0.0049545835,0.0051058657,0.0,-0.0026780753
2022-05-03,-0.0047324197,0.0025139225,0.0028557258,-0.00042847634,0.014217371,0.0,-0.0006153396,-0.0005177259,0.0014365532,0.0037642214,-0.0023472004,0.005339042,0.0,0.0014498706,0.0046906946,0.0036772457,-0.00044960823,0.0039083124,-0.0023472004,0.0021932956
2022-05-04,0.0017530519,0.0026316212,0.0040285964,-0.0009325259,0.0015343608,-0.00032889834,0.0032052342,-0.00043836574,0.0025315904,0.0019446359,0.0054892474,0.0029003879,-0.001846068,0.0021280844,0.0036929233,0.0006450827,0.0026278489,0.0054045226,0.0054892474,-0.0007452285
2022-05-05,0.0024721476,0.0,0.0061984234,0.0003579996,0.0005785374,-0.001972834,0.002850044,0.0020303188,-6.538255e-06,0.0024127995,0.004216547,0.005589673,-0.0016001683,0.0023568678,0.0009873678,-2.7569959e-05,0.00071484386,0.004434416,0.004216547,0.0021763765
2022-05-06,0.0038304068,0.0014299637,0.008571367,3.0064779e-05,0.0013364472,-0.0049766516,0.00035564578,0.0016577246,0.00036193928,-0.000112918686,0.0038345049,0.003395003,0.00344943,0.0026906,0.0022329395,0.0036162834,0.0022792667,-0.0026072913,0.0038345049,0.0018420273
2022-05-09,0.009346256,0.0025176124,0.0053273314,0.0015161849,0.00266427,0.00013954141,0.0054257996,0.001767601,0.002135266,0.001982817,0.0008215083,0.0,0.0026555145,0.0,0.00036563963,-0.0022284011,0.008068097,0.00096315966,0.0008215083,0.003460224
2022-05-10,0.0077206152,0.0055345097,0.0007041502,0.0016867465,0.0023903744,8.451683e-05,0.0042920867,-0.00042476083,0.002044103,-0.002109218,0.0007634007,-0.0007459259,0.002010344,0.0021107653,0.0028364134,0.0010355931,0.0032480787,0.002922691,0.0007634007,0.0025948288
2022-05-11,0.0061536347,0.008398885,0.0030663675,0.0023140104,0.0009510159,0.0012213206,0.0061957524,0.000538637,0.0035279843,0.0011590355,0.0041862447,4.1262563e-05,0.0004983578,0.0026596328,0.0039447984,0.0003866314,0.0016480323,0.010898636,0.0041862447,0.0
2022-05-12,0.008906994,0.0063695973,0.005760972,0.0008510585,0.004436129,0.0016400492,0.0021243861,0.0008816982,-0.00042425806,0.0046872697,-0.0012294103,0.005204027,0.0011427911,-0.0016900762,0.001642377,0.00010711172,-0.0012170223,0.00020506002,-0.0012294103,0.0016781241
2022-05-13,0.00038431317,0.0024039529,-0.00022354328,0.0020120293,0.001994147,0.003899134,-0.00011445063,0.0014360591,0.0012605623,0.00025915392,0.0028204387,0.0038796756,0.00041701674,0.0012666665,0.0013903191,0.0038302005,-0.0003786147,0.000838655,0.0028204387,0.0028007065
2022-05-16,0.00039997147,0.0014076878,-0.00059165753,0.00023790426,0.00287248,0.0031949333,-0.002445424,0.0011960046,-0.0007275511,0.00714649,0.00041508547,0.0025331231,-0.00041496404,0.000921065,-0.00026983378,0.0029944228,-0.001206699,-0.0015696904,0.00041508547,0.00383593
2022-05-17,0.0,0.00026166448,-0.00047884934,0.0020308862,0.0012975795,0.009392789,-0.0010720965,0.002306576,0.0006968275,0.007273691,0.0026417007,-0.00022321104,0.0033925006,0.0021809444,0.0012148217,0.0014824966,0.0025945015,0.0009258345,0.0026417007,0.0021042726
2022-05-18,0.0018302175,0.0012283953,-0.0055909483,0.0010299287,0.006661266,0.0050832997,0.003070633,0.0,0.0007465114,0.002307021,-0.0069117183,-0.00038552308,0.0007396366,0.0031906457,-0.008112704,-0.0007071206,0.0021142138,0.004798979,-0.0069117183,-5.3802767e-05
2022-05-19,0.003635549,0.0038875195,-0.0052716103,0.0021908518,0.004390608,0.0,0.0012194286,0.0007270097,0.00020228271,0.0018168968,-0.001267841,0.005520624,0.00087732275,0.00012612113,0.0012550052,0.0007688805,0.00023322555,0.000733313,-0.001267841,0.0017846645
2022-05-20,0.0032726298,-7.6692064e-05,0.0038343526,0.00081470044,-0.0017326043,0.0010301508,-0.0016287623,0.0038229013,0.0015884187,0.0007960855,-0.00039637508,0.0034310694,-0.0008282425,-0.0010822827,0.0049189315,0.00044267185,0.0021060212,0.00013804091,-0.00039637508,0.0010237371
2022-05-23,0.0017692406,0.0013249046,-0.0011300172,0.0011055529,0.0008968455,-8.416747e-05,-0.0022252256,-0.00013893282,0.002910209,0.0021130145,0.0018702375,0.00013757129,0.0012988095,-0.0013363545,0.00096363254,-1.1976719e-05,0.0031519227,0.00032201447,0.0018702375,0.007428531
2022-05-24,0.0008317125,-0.0010419178,0.0105918795,-0.00062694383,0.00085375947,0.0012204626,-0.0016209534,0.0007506665,0.0010959862,0.003138913,0.0019895993,0.0,0.0027672027,0.00017896744,0.0034102667,0.00083671906,0.0031747688,0.0019156036,0.0019895993,0.005530942
2022-05-25,0.0,0.0048130415,0.005503251,0.0016434469,-0.002248043,0.0031349494,0.0022280554,0.0029249147,0.0027981964,0.0050518177,0.000687096,0.0,0.005757438,-0.00047388335,0.0014957443,-0.00070619106,0.00091655477,0.0014540422,0.000687096,0.0
2022-05-26,0.0015345945,0.004455076,0.0029515284,0.0013223394,-0.007987433,0.005726117,0.0029300349,0.00081254804,6.128145e-05,0.009772348,0.0,0.002804139,0.004739948,0.0007446992,0.000458261,-0.0012407962,0.0016357893,0.0035652,0.0,-0.003686096
2022-05-27,0.002509641,0.0033424022,0.00089579436,0.0010906819,0.0,0.004704669,0.0017786061,-0.0003562369,0.000111148256,0.0042609097,0.00056072994,-0.0002883274,0.0058550783,0.0026246302,0.0014718231,0.0016166598,0.0017450964,0.002045463,0.00056072994,0.0026258375
2022-05-30,0.0020264245,0.0011005703,-0.00051929406,0.0,0.0007642738,0.004751754,0.002292436,0.0010566433,1.8015677e-05,0.0015105412,-0.0010062989,-0.0020616418,0.0011251317,0.0015811971,5.117951e-05,0.0,0.0026261685,-0.00052284397,-0.0010062989,0.0058878227
2022-05-31,0.0046472424,-0.0009152251,-0.02030651,-0.0021395958,0.0005986327,0.0034267853,0.0011481632,0.0,0.00359141,0.0016818318,-0.0012792408,-0.0023216184,0.00032701672,0.0017312567,0.0014483606,0.0021178555,0.003245849,-4.770896e-05,-0.0012792408,0.0023391554
2022-06-01,0.0012393887,-0.00082842563,-0.005908269,0.0010215675,0.00027955158,0.0048114075,0.003708226,0.003975863,0.0026919825,-0.00061993883,0.002496332,0.0,0.0022959728,0.0016256471,0.0025315403,0.0,-0.0020439567,0.001637053,0.002496332,0.002564991
2022-06-02,-0.001628688,-0.00039335387,0.0,0.0015941971,-0.00040192605,0.00322536,0.0031677447,0.0016244623,-0.0008884204,0.0020528752,0.0023421987,0.0017514187,0.0018729096,0.001758687,0.0013271038,0.0023684886,0.00014764513,0.0031281074,0.0023421987,0.0036427241
2022-06-03,0.0048160744,0.0013947819,0.0025463535,8.7256565e-05,0.0042016604,0.0,0.0009824189,-0.0014798639,-0.0033488006,0.001536235,0.0034340185,0.006590061,0.0015098681,0.0011102816,0.0011165356,0.003994406,0.00033734017,0.0057007605,0.0034340185,0.0007002909
2022-06-06,0.003798253,0.0008028329,0.0042501655,0.00079037115,-0.0009764811,0.0010164772,1.1892223e-05,0.00027623904,-0.00052318716,0.00291402,0.0031629633,0.004124739,0.0012970032,0.00057522143,-0.0004739266,0.00243117,-0.00029025227,0.0011915985,0.0031629633,-0.00075022725
2022-06-07,0.0003904287,0.002325211,0.0014912008,-0.0006278388,0.0044625574,-0.001029301,0.004007088,0.002061398,0.0022225473,0.0007385052,0.001290025,0.002741819,-0.0002995506,-0.0013101215,-0.0023992849,0.0012502789,-0.0008821956,0.0025447463,0.001290025,0.0024892325
2022-06-08,0.0009320417,0.0048527303,0.0010811037,-0.00010090201,0.0027193977,0.001812452,0.0036765249,-0.00045206834,0.002674759,0.0033190027,-0.003332375,0.0024935412,0.00022092038,0.0028466643,0.000419048,0.000115774776,-0.0010014077,0.002337899,-0.003332375,0.00013812324
2022-06-09,0.0015936354,0.0,0.0013916465,0.005415452,0.0016564974,0.002161273,0.0027638117,-0.0020857851,0.0021721725,0.0037122495,0.0019394052,0.0028158708,-0.0104993675,0.00341845,0.0014582612,0.00036684438,-4.1994062e-05,0.0,0.0019394052,3.2800854e-05
2022-06-10,0.0030968916,0.0010697974,0.00013415974,0.0019974625,0.0032317229,0.006735224,0.0,0.0004908342,0.0026547844,0.007835269,0.0040554157,0.0011304461,-0.011001915,0.002308703,0.0028281861,0.0027681985,0.0011413808,0.0044636084,0.0040554157,0.0037336578
2022-06-13,0.0026170583,0.0012429003,0.0031551328,0.0009263735,0.0032035946,0.0075605633,-0.0006268948,0.0004571443,-0.0017196841,0.005830146,0.00042319254,0.0029334722,-0.012265671,0.0010972196,0.002602107,0.002830762,0.0020187024,0.0030720162,0.00042319254,-0.0003042905
2022-06-14,0.002119525,0.003550049,0.003269669,0.0018355442,0.0020593659,0.0030666948,0.0010299822,0.005974188,0.0009479388,0.0060282093,0.0034214102,0.010408346,-0.00088899484,-2.697093e-05,0.0012151815,0.003007504,-0.00086920516,-0.00089233526,0.0034214102,-0.0041841017
2022-06-15,0.001470578,0.0038097913,0.008712543,0.0035796713,-0.0013101029,-0.0008105955,0.0006783934,0.006606918,0.0025227282,0.0007958273,-0.0004891702,0.0037185957,0.005490595,0.00016228609,-0.001088948,0.0016818097,0.00090128934,0.0020527064,-0.0004891702,-0.0053984993
2022-06-16,-0.00038959668,0.004959701,0.021758566,0.0018586084,0.0003723357,0.00032366416,0.00021516994,0.002215889,0.00094882306,0.0020965948,0.0028347408,0.004474575,0.0034142246,-0.00026420434,0.0007243226,0.0025153942,0.0020011673,0.0036574467,0.0028347408,0.0008168248
2022-06-17,0.0018527003,0.0029982529,0.009554052,0.0013053915,0.0006719833,7.790031e-06,-0.000499846,0.003143493,0.0010853729,0.002509821,0.0018716909,0.0014643047,0.0016405457,0.0,0.0041058417,0.0031850685,0.002832238,0.0044743298,0.0018716909,0.0
2022-06-20,0.00013136998,0.0052553103,0.004275568,0.0005237045,0.0030012298,0.0028227232,0.0,0.0016210935,0.0011269717,0.0058734934,0.002019492,-0.007329337,0.009392475,-0.0023454912,0.0073779575,0.0013268128,0.0020340828,0.0036835084,0.002019492,-0.0028448557
2022-06-21,-0.0002807794,0.00292423,0.0006735517,0.0,0.0018489959,0.005622168,0.0011991679,-0.0013581715,0.0012726721,0.003719675,-0.001372514,-0.0004997091,0.0039407015,0.0,0.0037535909,0.0,0.0017359053,0.00083048403,-0.001372514,4.466886e-05
2022-06-22,0.000737985,0.0013344173,0.0,0.0010492763,0.0055306465,0.008097804,0.0005787552,0.0014237303,0.0023280175,0.0020405804,0.0018486636,-0.0006309375,0.003433833,0.00020214,0.0038184691,0.0,0.0028489754,-0.0012511767,0.0018486636,-0.00032432008
2022-06-23,0.008415365,0.0011957056,0.0025049855,0.0016995305,0.0024109266,0.0067552826,0.0015876445,0.0009684654,0.0025152448,0.0060651223,0.0016521744,-0.002072443,0.0005383086,0.00035637378,0.004831811,0.0008754525,0.0009841964,0.0018428208,0.0016521744,0.0056133037
2022-06-24,0.0029203931,0.00016298179,-0.0011005143,0.0012317947,0.0046564173,0.006270308,0.0013816854,1.8093371e-05,0.004810476,0.0023051186,0.005152228,-0.0002743243,0.000337675,0.0003386615,0.00010544505,0.00083432475,0.0022798898,0.0023094711,0.005152228,0.0015016765
2022-06-27,0.0049193855,0.00059722026,0.0013282874,0.0,0.00053737604,0.0028666062,0.001192929,0.0008955008,0.0036334698,0.004193813,0.0019040478,0.0029326023,0.0008366825,0.00229618,0.0010007969,0.0016891505,0.0013558404,0.0007425805,0.0019040478,0.0011800712
2022-06-28,0.0032457146,0.0061769933,0.0023256338,0.0006780162,0.003972118,0.0006092677,0.0013283341,0.00043564875,0.0015883644,0.0034028736,0.0018187962,0.007323176,0.0020702,0.002014858,0.0013292199,-8.084158e-06,0.0010164551,0.004442296,0.0018187962,0.00079021766
2022-06-29,0.0034151736,0.0018465462,-0.0011323632,0.0005240672,0.0012392695,0.0020585977,0.0015393428,0.0008499351,0.0023528838,0.0010658582,0.0,0.0019562887,0.00014193442,0.0003777036,-0.00016103966,-0.000108495085,-0.00014143625,0.008026283,0.0,-0.0018994901
2022-06-30,0.0004328719,0.00013800379,-0.0039152037,0.00010188924,0.0016565834,0.004320127,0.000610477,0.0,0.00036818892,0.0010165393,0.001108141,0.0,0.0012316258,0.0008165313,-0.0024306292,0.0011969655,-0.0012627775,0.0048045036,0.001108141,-0.005404768
2022-07-01,0.0043618167,0.0027282387,0.003891141,0.001367582,-0.0052148844,0.0032744675,-0.00040265324,0.0015330577,-0.0009988038,0.0011111655,0.0,-0.0036367641,0.0,0.0004736816,-0.0010962549,-0.0032067935,-0.0005723197,0.0033904405,0.0,-0.0025235603
2022-07-04,0.0005807739,0.0045693517,0.0072391527,0.00017114641,-0.0035691194,0.0044982038,-0.00016246315,0.001242589,0.0,-0.0009525682,0.0010625346,-0.0001308208,-0.0006083601,0.0013537478,-0.0014103069,-0.00015685918,0.00095186906,0.0006096623,0.0010625346,0.0016608151
2022-07-05,0.0018187126,0.001215508,0.0022296312,0.00022452981,-0.000984689,0.0017157671,0.0,0.00032265566,-0.0006285884,0.0003110472,-0.0005684071,-0.0007169947,-0.0032619387,0.0012559347,0.002233071,0.00040176467,0.004250652,0.0013046553,-0.0005684071,0.0018242319
2022-07-06,0.0,0.0028671,-0.0004419308,0.0012237338,-0.00089436164,0.001936566,0.0011000418,0.002261329,0.0,0.0059585846,-0.0020797912,0.00029537737,-0.00042406452,0.0,0.004745891,0.0020585933,0.0024252941,0.001666317,-0.0020797912,0.0033619439
2022-07-07,0.0024730272,0.002211113,0.0027262059,0.0005157146,0.0017958403,0.0028102386,-0.0012906687,0.0010573317,-0.00033907546,0.0022376787,-0.0003222449,0.00889831,-0.001502457,0.0014547725,0.0020603708,0.0004062875,0.0004748302,0.0031426998,-0.0003222449,0.0007737391
2022-07-08,0.00074355485,0.0031871167,0.002403944,0.00013495125,-0.0024262615,0.002257011,-0.0017786137,-0.0009639836,5.4895554e-05,0.00633861,0.0,-0.0013087355,0.0006862053,0.002096393,0.0022479,0.00019395837,-7.701461e-05,-0.0012641668,0.0,0.005491394
2022-07-11,0.0029096943,0.0,0.0,0.00037831572,0.0001115935,0.0031316634,0.0022663546,0.0018498678,0.00093645905,0.0016658355,-0.0011258959,0.0025528288,0.000911766,0.0015830944,0.002201679,-0.00030066952,0.0035283435,0.0060128495,-0.0011258959,0.00016495601
2022-07-12,0.000739313,-0.00031942525,0.007500537,0.0009619298,0.0014440771,0.0014790434,0.00019755252,0.0011061695,0.002350865,0.00046693324,-0.0019787627,0.008860458,0.0034295102,0.004748409,0.0021536543,0.0008461797,0.0006247934,0.003103551,-0.0019787627,0.0064465394
2022-07-13,-0.0054109064,0.0014857486,0.0033632098,0.0011896386,0.0005364581,0.00030747635,-0.0027650443,0.0031575575,0.0038791324,0.0030304294,0.002442419,0.0037516146,0.0036939154,0.00051210925,0.0018018761,0.0011523177,-0.001994861,0.002280741,0.002442419,0.0054658432
2022-07-14,0.0018161377,0.0018062296,0.0029053884,0.0006216011,-0.0006770739,-0.0015157748,-0.0004212831,0.0,0.0035295186,-0.00039353472,-2.9370817e-06,0.0036208641,-0.0008149645,0.0,0.0034377857,0.0018921187,0.00026783597,0.0038797539,-2.9370817e-06,0.00404041
2022-07-15,0.0019498954,0.0014348342,0.0,0.0016400771,0.0056321314,-0.0022818963,-0.0035127131,-0.00030580722,0.0020973275,-0.0027029621,-0.0001541317,-0.002704074,-0.0024494487,0.0006944155,0.003548046,-3.09891e-05,-0.0014348563,0.0031325452,-0.0001541317,0.0035781746
2022-07-18,0.0037467435,0.0010259806,-0.0031485988,0.0,0.0013184199,-2.1467169e-05,0.004904347,0.00026891165,0.003948964,-0.0018714663,-0.00064553705,0.0026138646,0.00075154955,0.0021649913,0.00082660373,-2.4875882e-05,0.002289027,0.0025117106,-0.00064553705,0.0018095346
2022-07-19,0.000579149,0.00027172774,0.0005583278,0.0002694271,-0.00013132601,0.0032129,0.00680594,0.0008962507,0.0029617876,0.0013358233,0.00014221632,0.0018154032,0.0026803403,0.0021886781,0.001817785,-1.3904387e-05,0.0023261101,0.0017169396,0.00014221632,-0.00130482
2022-07-20,0.00041129533,-0.0002982538,0.0008006197,0.0016306442,0.0013031289,-0.0006955836,0.0034898303,0.001224086,0.00042478825,0.0021436475,0.004300759,-0.0006034607,0.0028344817,-0.0014583718,0.002934487,0.0007878472,-0.0024256462,0.0021034642,0.004300759,0.0009060729
2022-07-21,0.0010360193,0.00084723503,-0.0010984158,0.0010925509,0.002216994,-0.002683385,0.0013663253,0.002830649,0.0020192272,0.0008646128,-0.0012476663,0.0025862397,0.0019292833,0.0,0.002721222,0.0026306938,0.0015950815,0.0010302161,-0.0012476663,0.001309281
2022-07-22,0.0,0.0030734292,-0.0005472168,0.0010212106,-0.0016418253,0.0016584445,0.0053086495,0.0041729496,0.001110065,0.00043458605,0.0008129832,0.0028198082,-0.00019833414,0.0011755213,0.0033393865,0.0009812913,0.0008584453,0.005516275,0.0008129832,0.0062132245
2022-07-25,0.0017128919,0.0032416773,0.0025153058,0.0014565029,0.0017696678,0.00203862,0.0035499353,0.0015672414,0.0025650018,0.0010507948,0.0018623348,0.0018270167,0.00049692695,0.0018151557,0.0030011483,-0.00041923832,0.0001386345,0.0025041362,0.0018623348,0.0029458287
2022-07-26,0.002054278,0.0013629108,0.0014699681,0.0015938913,0.0012285517,0.0032217205,0.0024374407,0.00086829695,0.0015013866,-0.00030471143,0.007545857,0.0020704393,0.0062258784,0.0014085801,0.001448498,0.0015425937,-0.00077545876,0.0015234124,0.007545857,0.00028253646
2022-07-27,0.0011305134,0.0028082386,0.004009779,0.0013745934,0.00023459393,0.0021801726,0.0010307641,0.001492049,0.0,0.00070838083,0.001892515,-0.00089646847,0.0022925471,0.001269893,0.002665179,0.0020441364,-0.0044363,0.0006328315,0.001892515,0.00022426873
2022-07-28,-0.0008844638,0.001250193,0.0028663296,0.0010925159,0.0024719022,0.0028588101,0.0029168131,0.00081058714,0.00048687562,0.012813214,-0.00042147413,0.0015037974,0.005350279,0.0031418283,0.0,0.002445355,0.0017004047,0.002609327,-0.00042147413,-0.0003552182
2022-07-29,0.00197003,0.0,0.0039376803,0.0015968998,0.0006845575,0.0016865998,0.00052713056,0.0016183183,0.0023473504,0.01061131,-0.00053592236,0.00086916593,-8.438267e-05,0.0060515413,0.00025449952,-0.00037022424,0.0011650125,0.0018173041,-0.00053592236,0.0010255498
2022-08-01,0.0031014495,-0.0021208697,0.0035948462,0.0017138673,0.0070730154,0.0037661984,-0.0016059867,0.00071515306,0.0,0.003946331,0.0014413209,-0.00041799658,-0.007680215,0.00019676705,0.0016831805,0.0058493614,0.0062511466,0.0015068103,0.0014413209,0.0015626871
2022-08-02,0.001109434,-0.002757434,0.0027939714,0.0015884971,0.0036265575,-0.0009385821,0.0,0.0,0.0015933509,0.0026274116,0.0025024267,0.0012925975,-0.0038982437,0.0015794666,0.0012574007,0.0010993525,0.005705634,0.0016190968,0.0025024267,0.0013100601
2022-08-03,0.0016598878,0.000996391,0.0018457903,0.0011579485,0.004479043,0.0025016316,0.0022013676,0.0038363193,0.00070155505,0.0033290256,0.0016219581,0.0034134442,0.0018230979,0.00039491255,0.0012559677,0.0030131426,0.0010209802,-0.0018857222,0.0016219581,0.0022048661
2022-08-04,0.00070448196,0.0019003378,0.0017802942,0.003075876,0.0054292595,0.0043500685,0.002324102,-0.00068295223,-0.00045091505,0.0031702074,0.0052292533,0.0032303645,0.003227394,-0.002149615,-0.0010973645,0.008483137,-0.00089135946,0.0,0.0052292533,0.0041071186
2022-08-05,-0.00075999193,0.0035868315,0.00045179762,0.0029217966,0.009274325,0.0029645276,0.00047183063,-0.0017358284,0.0031504992,-0.0005556664,0.007506966,0.0005628015,0.0022934056,0.013838816,0.0031894292,0.0023170107,0.0037226353,0.0,0.007506966,0.0026935025
2022-08-08,0.009591042,0.0032706633,0.0004969139,0.0063606724,0.0,0.00031037498,0.0014587245,0.0045264545,0.0029145516,0.003564965,-0.0005275414,0.0018482534,0.0016859365,0.0022802544,0.0008453884,0.0054065525,0.0004982433,0.00037799194,-0.0005275414,0.0038603488
2022-08-09,0.0037212158,-0.00033914746,0.0033919385,0.0034053829,-0.00042211855,0.004835332,0.00094527984,0.0009088664,0.0008485951,0.0025344484,0.00037760165,0.0007077441,0.006169533,0.0029086904,0.0024158393,0.0037200102,0.0026901746,0.003027643,0.00037760165,0.002415003
2022-08-10,0.005717139,0.0002115581,0.002488758,0.0014643605,0.0017295085,0.002553065,0.0012048078,0.00048537826,0.0014945157,-6.8025554e-05,0.0018544394,0.002238623,0.0027210787,3.7924707e-05,0.0032318507,0.0075602895,0.0012404182,0.0021192802,0.0018544394,0.0016382418
2022-08-11,0.0087790955,0.002028013,0.0009879812,-0.0014420173,0.0039184303,0.0,0.0011378176,0.0042781164,0.0010225655,-0.0031954928,0.0006771883,0.003794298,0.0059230053,0.005215147,-0.00055747933,0.0019903346,0.0014114027,0.0036257221,0.0006771883,0.005208037
2022-08-12,0.0024303955,-0.0012618254,0.0017512629,0.00021874621,-0.0019596661,0.00088093634,0.0011485933,-0.00035976156,-0.0009848205,-0.00039751505,0.0,0.0020988125,0.002633436,0.0128691895,0.0028288465,0.0029128569,0.004796104,0.0014679353,0.0,-0.00028169947
2022-08-15,0.002555477,-0.00095614063,-5.111863e-05,0.005806886,-0.006514953,-0.0012158855,-0.0014858368,0.0016896365,-0.00033256895,0.003929452,0.0010203103,-5.15391e-05,0.0036641958,0.0027142025,0.0010844343,0.0011480727,0.0014077153,0.0010823403,0.0010203103,0.0
2022-08-16,0.0004926212,0.0014255712,-0.00060637237,0.0030702106,0.0045789573,-0.0025430834,-0.00028745964,0.0037124981,0.0,0.004174963,0.0018460917,-0.0002569337,0.0038070674,0.001981291,0.00084874977,0.001960454,0.000812937,0.0023850547,0.0018460917,-0.00048816515
2022-08-17,-0.0035821898,0.0011913656,0.00074977765,0.0048484635,0.0054011405,-6.278418e-05,0.001096045,0.0010022763,0.0016617697,0.0077141533,0.00052244606,0.00046066524,0.0037932552,0.0071308576,0.0071801897,0.0043490464,0.0021879813,0.0017534782,0.00052244606,0.0007112578
2022-08-18,0.0029363176,0.0019032599,-0.0013024596,0.0016397656,0.000917688,0.0024961345,0.0011465412,0.003018684,0.0013613771,0.0039300467,0.0018085378,0.00086679176,0.0032563268,0.0011106172,0.0019834698,0.0063651633,0.0026367255,0.00021832302,0.0018085378,0.00069967576
2022-08-19,0.0006964423,0.0018559311,0.004732216,0.0046099853,0.0047423816,7.983993e-05,0.0048646727,0.0010114742,0.002450869,0.001820923,0.0013394105,0.00023786623,0.0010488903,0.00034834287,0.0016673424,0.0020620052,0.0009505576,0.00071340695,0.0013394105,0.00022085702
2022-08-22,0.003541507,0.002419859,0.003992852,-0.00032548473,0.0039763213,9.866645e-05,0.00076511,0.004816398,0.0013217335,0.004206267,0.0015412644,0.0018176202,0.0006419696,-0.001431507,0.001040925,0.0035809567,0.0008547154,0.0019951232,0.0015412644,0.0036473577
2022-08-23,-0.0008732405,0.002719574,0.0020373438,-6.390313e-05,0.0024671995,0.0012418146,-0.0028080924,0.00043552514,0.0011474288,0.0035636427,0.0016824955,0.0026984783,0.0025161311,-0.0012981026,0.0010969256,0.0033878416,0.0038142696,0.0023134027,0.0016824955,0.002170021
2022-08-24,-0.0001453825,0.0012296125,0.00028861774,-0.0004886442,0.0045270384,0.0025928193,-0.0030692131,0.00113235,0.0026272433,0.0007702442,0.00039658754,0.0022546868,-0.00080717076,0.006886823,-3.1638585e-05,0.0035824247,0.0034252566,0.003705856,0.00039658754,-0.00086226605
2022-08-25,0.0003651803,-0.0017972526,0.0017879874,0.00088591065,-0.0032069962,0.0023739112,0.0016859199,-0.00026725046,0.002595006,0.0011380169,0.0016377326,0.00010699314,0.0016543128,0.0017527603,0.000934281,0.0015498333,-0.001185405,0.0032571212,0.0016377326,0.0007033971
2022-08-26,-0.00605471,0.0016171451,0.00097281055,-0.0021679178,-0.0026028468,0.0009266111,8.1848906e-05,0.00081993645,0.0016233048,0.0034787764,0.00062717556,-0.00010121887,0.00010071975,0.001073404,0.0013491873,-0.002460289,0.0015948234,-0.0026234887,0.00062717556,0.002291605
2022-08-29,0.0062160823,0.0010787598,0.0007149164,0.00023310981,6.727099e-05,0.001225514,0.0035615116,0.0059707295,0.0016825898,0.0014680586,-0.00096721493,0.0013917078,0.0024933827,-0.00071560085,0.0021764426,0.0005896946,0.004627237,0.003624719,-0.00096721493,-0.0024592648
2022-08-30,0.009360783,0.0005209886,0.00040681823,0.0015240083,-0.000876989,0.00083122245,0.0027533206,0.0028350349,0.0,0.0008016352,0.0017130895,0.0016726764,0.0021605392,0.0014813213,0.0016411386,0.00013915489,0.0024992675,0.0017402356,0.0017130895,-0.00030531036
2022-08-31,0.004635243,0.0013814404,0.00016779937,0.0012077143,-0.0031593586,0.0022290288,0.0022604137,0.004060865,-9.359914e-05,0.000439282,0.0016061265,0.00089560717,0.00097431376,0.0033312528,0.004955744,0.00023444253,0.0017134655,0.005846724,0.0016061265,0.00074322295
