date,Sequence_1,Sequence_2,Sequence_3,Sequence_4,Sequence_5,Sequence_6,Sequence_7,Sequence_8,Sequence_9,Sequence_10,Sequence_11,Sequence_12,Sequence_13,Sequence_14,Sequence_15,Sequence_16,Sequence_17,Sequence_18,Sequence_19,Sequence_20
2013-01-02,0.008464217,0.03431898,0.038100835,0.010986676,0.031066041,0.0032626006,0.036589798,0.023205377,-0.01689318,0.0021825493,0.09954295,0.0053848894,0.0035120195,0.015470489,0.023258893,0.01442877,0.010411931,0.01873135,0.048031617,0.0070651188
2013-01-03,-0.00017479855,0.0002792655,0.00042412613,-0.0017826008,0.008709896,0.0129594365,0.03477717,0.01170141,0.0057586045,0.0086242,-0.0049428474,-0.010661982,0.017127113,0.0058303396,0.0033951674,0.0046250755,-0.010353419,0.0057848464,-0.010691941,0.019885067
2013-01-04,0.0117488075,0.015502469,-0.008876548,-0.00048820794,0.0070569753,-0.011542913,0.0043927613,-0.002410755,0.05396491,0.0039084284,0.005944589,0.07005336,0.03599296,0.012379812,0.001869349,0.00043879123,-0.006896926,0.0070679006,-0.0013753576,0.016267229
2013-01-07,-0.000413113,0.0011059226,-0.014870555,-0.005636417,0.00036210826,0.021148253,-0.0019618208,0.025830083,0.0036882868,0.025309,0.00656285,-0.016513955,0.012469834,0.008606797,0.009928998,0.0036577578,-0.03207726,-0.003254792,0.014388159,-0.07924401
2013-01-08,-0.029910168,0.0032491176,-0.017651081,0.0,0.0016399681,-0.039218158,-0.047913775,0.011878321,-0.0024154426,0.0003278263,0.022248885,0.0016308551,-0.010732763,0.0026345628,0.0054879305,0.008380334,0.029345553,0.0025458257,0.008677163,-0.013266749
2013-01-09,0.022806048,0.013826538,-0.048218325,-0.010967563,-0.00027199785,0.017561616,0.006090216,-0.019196337,0.0034265385,0.013574363,-0.05266171,-0.0072452296,0.011196052,0.017306598,0.005117153,0.004971223,0.0061075147,0.0064907405,0.0042593107,0.005386845
2013-01-10,0.029659236,0.009427777,0.029210161,0.018514335,0.0020049193,0.0022724196,0.018700497,0.0048543517,-0.0028028362,-0.0099808695,0.01979805,-0.002075648,0.014969245,0.008952144,-0.0507234,0.01537958,0.013812898,-0.0023601279,-0.0023497965,0.00091416785
2013-01-11,0.010112359,-0.0022822835,0.041223593,0.026164083,-0.00077349803,-0.007144822,-0.0050941273,0.0073115677,-0.0140964575,0.015865354,0.023465555,0.0042338884,0.011052633,0.0012598812,0.011259163,0.0031693217,0.038833827,-0.0059520407,-0.013901289,0.048345566
2013-01-14,0.0068018558,-0.010634353,0.014202608,0.02063513,0.003508217,0.019842152,0.0052891085,-0.016650349,0.0010252922,0.015249678,0.012133845,-0.00239881,-0.0015295992,-0.000642396,-0.047712903,0.010913706,0.0011143457,0.004322801,-0.005632551,0.022938678
2013-01-15,-0.012913001,-0.003216914,0.016652858,0.015484873,-0.0026560295,0.0028778992,-0.0025478068,0.00894532,0.012271614,0.009928678,0.005430448,0.00011977675,0.00519548,0.0008972944,0.015085831,-0.0023828503,0.0041984757,0.0032022777,-0.01149917,0.012805324
2013-01-16,0.029852727,-0.0076217763,0.014382768,-0.0047317445,0.0065576336,0.027763758,-0.012272717,-0.0072213993,0.007378472,0.008105808,0.0011120653,0.015471479,-0.03434399,-0.0076460764,0.007405955,-0.008691887,0.003882487,0.0025254597,-0.03807999,0.00538699
2013-01-17,0.023188189,0.0022665279,-0.010141912,0.014869588,0.0,-0.00036356974,-0.0044289567,0.002162948,0.018238258,0.0029441991,0.0009331168,0.013146981,-0.00182915,0.0002726312,0.016547304,-0.0036835931,0.006365524,0.005561002,-0.012938082,0.002036229
2013-01-18,0.005346093,0.007358743,-0.012567228,0.023245445,0.019974355,0.009275504,0.0044666706,0.00040849674,0.018625472,-0.0035592834,0.023095952,-0.06203575,-0.00018677351,0.026148805,-0.01447518,0.00995137,-0.011512779,0.017178612,-0.002469641,-0.07938367
2013-01-21,0.0055782995,0.005278333,-0.029686188,-0.001662154,0.0,0.0009524274,-0.011055129,0.029624863,0.0024410074,-0.009492228,-0.011101192,-0.017553266,0.0003896039,0.008978126,0.071102105,0.0023941405,-0.010516443,0.0008413835,0.0032648852,0.007255712
2013-01-22,0.013463976,0.028202428,-0.0046237013,-0.0015535258,0.019187361,0.00095929514,0.013729311,0.01501921,0.047942184,0.007758771,-0.07712776,0.05533747,0.015404615,-0.0117095085,0.00041061098,0.011328463,-0.020034097,0.0,0.062936984,-0.008430284
2013-01-23,-0.011283178,-0.0013512627,0.055853553,-0.0008475764,0.0122535955,0.01887275,-0.016267512,-0.032130506,-0.011947318,0.009569701,0.009943782,0.01274578,-0.0028024083,0.0,-0.08222179,-0.0016220147,-0.0036936144,0.013079462,0.012043759,0.011452775
2013-01-24,-0.0029078263,0.009230152,-0.008617297,0.0073591224,-0.004525806,0.012349939,0.028365009,0.0,0.0025037949,0.0,0.00026910327,0.010591679,-0.0045813,0.0069000903,0.072204985,-0.012320834,0.090994336,0.009885555,0.017248265,-0.0015753367
2013-01-25,0.017460523,0.003884629,0.008146789,-0.011247275,-0.0047275904,-0.00023491931,0.02267002,0.011101439,0.0034633714,0.014826944,-0.01670905,0.0077641797,0.0035115865,-0.0107861925,-0.0071764686,0.0009283464,0.0130369915,-0.0027818328,0.0037650862,-0.005621406
2013-01-28,-0.032581944,0.02613652,0.055093113,-0.013868264,0.024274213,0.015907478,0.071956925,0.0031985436,-0.016790772,-0.022528242,-0.0021215482,0.006629058,-0.048751622,0.008169884,-0.0018956645,0.0042537004,0.000760277,-0.00928028,-0.000101374906,0.0028715823
2013-01-29,0.016671188,0.004941199,0.032447763,-0.009051828,-0.0026742502,0.0010371329,0.030508023,0.010774752,0.0066779857,0.0031912432,-0.004398457,0.020230383,0.024537139,0.0016561776,0.011770762,0.0065526967,0.0,-0.009290664,-0.015038449,0.007860954
2013-01-30,0.0045913705,-0.0042697373,0.014331094,0.017494362,0.0002975313,0.021202954,0.011018901,-0.009168429,0.008350717,0.007383433,0.07883165,0.005812407,0.0018904109,0.007897251,-0.00046392225,-0.0012988603,0.015237651,-0.0002414055,0.01691325,0.009883465
2013-01-31,-0.010197528,-0.0018327076,0.0065566506,0.020869697,-0.0027576173,-0.010287055,0.0041850023,0.004794669,-0.010318567,0.010809364,0.016518628,-0.0032398477,-0.0022246558,0.0074911434,0.01947348,0.00937546,0.0011592067,-0.010047185,-0.012957079,-0.0016229688
2013-02-01,-0.0008664291,0.007324593,0.008581855,-0.0022136779,0.008239228,0.00416042,-0.0011831999,-0.008906305,0.0066687185,0.0051683215,-0.014737764,0.0,0.020908052,-0.0077339457,0.043380715,0.011851694,0.023028467,-0.033572443,-0.001119163,0.015248236
2013-02-04,-0.008907815,0.0042069177,-0.009552956,0.029719064,0.0004678793,0.0031642185,-0.002924924,0.005167959,-0.013589823,-0.0030542654,0.035059065,0.0115001025,0.0200396,0.011980285,-0.0019095308,0.0016586371,0.007449467,-0.011538397,0.012291534,0.013938666
2013-02-05,0.0051407414,-0.008011932,0.034583837,0.00023679069,-0.013342056,-0.007320015,0.021166246,0.015066432,-0.13458219,0.0049243104,-0.018531408,-0.034753826,-0.004322984,0.0050343517,0.046582088,0.007899312,0.002613077,0.012789943,-0.0028124806,0.018346488
2013-02-06,-0.014155084,0.020895256,0.0032013953,0.0070508327,0.018388497,0.022454187,0.010529674,-0.0017794688,0.005125366,0.0,0.009452227,0.003415952,0.0032246416,0.004006658,-0.0001500751,0.0012057775,0.012151114,-0.010634022,0.014305004,-0.014035096
2013-02-07,-0.02253787,0.0070660124,0.017863112,0.019822275,-0.0029602044,-0.0020343305,-0.0020999343,0.0026979016,0.018638927,0.0076747457,0.023204068,0.013219619,0.024850385,0.008946103,0.0028457753,0.008436055,-0.0032270995,0.029797157,0.010771688,-0.0028175774
2013-02-08,0.015467422,-0.003419099,0.0118874395,-0.0021098924,0.0038477439,-0.012475449,0.018534178,0.0137024205,-0.006644108,0.011274302,0.0063793557,0.00010646649,-0.08920591,0.0017200367,0.0013380657,0.008043215,0.023260409,-0.0079571055,-0.0020744028,0.012323792
2013-02-11,0.019936971,0.004431865,-0.00725474,0.0056574913,0.013480746,-0.014596787,-0.0040018666,-0.008741623,-0.13901289,0.00419525,0.0076319934,0.0070212292,-0.010656305,0.00303532,-0.0052244933,-0.01065049,0.014404107,0.01483203,-0.00030451416,0.007004502
2013-02-12,-0.012784193,-0.01719236,0.0,0.0006934274,-0.003992507,0.025487127,-0.0019505585,-0.010729517,0.03251845,-0.019269865,0.022012338,0.006342242,-0.0025404515,0.008158415,-0.019572407,-0.00043946021,0.0019862019,-0.0052080597,0.010949254,0.00090676395
2013-02-13,0.034648124,-0.0010865533,0.0032556804,0.0028907633,0.0072223716,-0.023620915,0.00074928097,-0.0038852962,0.012798068,-0.0009704101,-0.014339856,0.009995035,-0.014321577,0.0009826268,-0.0042482754,-0.0055257683,0.009342254,-0.023457099,-0.0016360892,-0.0038438116
2013-02-14,0.01440525,-0.0035768498,0.01978145,-0.048429687,0.0105207395,0.009780803,-0.02728479,-0.001280102,0.044396296,0.0054123253,0.0015575667,0.01856861,0.0041674525,-0.0005060763,0.05082571,-0.014679067,-0.010972361,-0.000627399,0.004133021,0.00679599
2013-02-15,0.0024011664,0.014434309,0.010450596,0.0011543675,0.0051634647,0.0032853906,0.0,-0.010391012,0.0348437,-0.011983838,-0.10100565,-0.0056276163,0.010551281,-0.00142439,-0.06910743,0.015263309,0.03010906,0.021042995,0.0,0.01052518
2013-02-18,0.016966747,0.0075530084,-0.039357692,0.0040292717,0.00891229,-0.00401464,0.0025350542,0.018075272,-0.00067639543,0.022392644,0.0,-4.314306e-05,0.015026648,0.010771652,0.005587582,0.005343034,0.0014705893,0.014161693,0.018230172,0.0
2013-02-19,0.00990802,-0.00337831,0.0020617477,0.027316583,-0.0061028358,-0.0029619718,0.00087928126,0.0024304495,-0.028978998,0.0057814587,-0.00733195,-0.01863163,0.0105089815,0.008645872,0.031198746,-0.0028590267,0.026038086,0.008430271,-0.014196543,0.0042849598
2013-02-20,0.0028436687,0.0008121485,0.019366952,0.0082487445,0.010255348,-0.0058074566,-0.009882583,0.010503868,-0.0023589262,0.009583777,0.019578796,0.0007868306,-0.0023432244,-0.0007320176,0.0073043117,0.012578237,0.0068581863,0.0056287386,-0.00086302694,0.010298283
2013-02-21,0.0,0.017870938,-0.0066993157,0.009247235,-0.015612927,-0.015091351,-0.011041609,0.012088051,-0.002806642,-0.0046811723,0.04532272,0.0043938137,0.006284105,0.0023942494,-0.015819058,-0.0044979276,0.026739595,-0.0008147304,-0.01085444,-0.027111422
2013-02-22,0.018223178,0.0018017824,0.049772862,0.005053651,0.008400912,0.027518319,0.010324009,-0.01061586,-0.015070649,0.011632656,-0.018374313,-0.0016052529,0.006638603,0.005236112,-0.04230487,-0.0035442784,0.007191911,-0.00397967,0.002869774,0.0057487506
2013-02-25,0.010083875,0.018498683,-0.0045600077,0.0,0.020363193,0.017047452,0.013768519,0.013657828,0.0730952,0.017019559,0.044046905,0.008614221,0.00720647,1.9132778e-05,0.06688952,0.006963498,-0.03536906,0.0,0.012940876,0.007673537
2013-02-26,0.00724451,-0.004271992,0.005709523,0.0009322801,-0.0013196149,0.002305014,0.0054247347,-0.0123896245,-0.017243616,-0.0056379433,0.0,-0.003411145,0.0068596997,0.005748722,0.008887814,0.010563387,0.014565446,0.011025989,-0.016760759,-0.0025294798
2013-02-27,0.0016714903,0.011280213,0.025702206,-0.0050723907,0.0,0.015861653,0.017619042,-0.0029164278,0.020358901,-0.00823064,0.01688746,0.0015049652,0.017879618,0.0069617606,0.0021552916,0.0,-0.10843736,-0.004144304,0.022858063,0.0046537463
2013-02-28,-0.0011037186,0.0021542504,-0.0050933706,0.024154978,-0.020798938,-0.008245324,-0.03895534,0.0049183914,0.010876947,0.011598727,0.026033623,-0.00013098944,0.016897513,0.0052518453,0.003106465,-0.019087356,-0.016966304,0.003682122,0.0018170213,0.006235078
2013-03-01,-0.0063471124,-0.002448069,0.0041999067,0.0035988276,0.00761322,0.017947294,0.0,0.014100335,-0.005312538,-0.0034928166,-0.00025287454,-0.016701613,-0.014291658,-5.2996194e-05,0.016935758,0.008586896,0.035403952,0.004016436,-0.0028437176,-0.009397434
2013-03-04,0.005633366,0.0,0.008992681,0.016058346,0.0031089215,-0.009278998,0.0066138646,0.010904508,-0.015800724,0.005587683,0.0012427148,0.051195513,-0.010179716,0.014794257,0.008073544,0.007608573,0.043541525,0.0056576976,0.016889418,0.009548353
2013-03-05,0.0031388716,0.0064984257,0.002404217,-0.004319035,0.0068799634,0.008404242,-0.030213872,0.012815078,-0.014321917,0.0025525892,-0.028740017,0.010713189,0.0020898744,0.006349508,0.037966255,-0.00086917577,-0.0010232367,0.016439399,0.0152493315,0.0043323594
2013-03-06,0.0148924375,0.0058103777,0.03324096,-0.008503471,0.005975806,-0.00087608513,0.00013885988,0.0060906396,0.0086899055,0.014211655,0.0041743615,0.0042399354,0.018584903,0.011335855,0.0068807113,0.003736049,0.0,0.005661213,0.02082984,-0.0067398427
2013-03-07,0.0029148094,0.0033614011,0.0,0.008007313,0.011454103,-0.0072619077,0.023696745,0.0045987437,0.0061138864,-0.021213252,0.011232775,0.02562095,-0.014474203,-0.0028902928,-0.0072540957,0.005199877,0.029279992,-0.0065304018,0.0040425216,0.006104993
2013-03-08,0.013663893,0.00243859,0.0054087616,-0.044195686,-0.0016482136,-0.10913939,0.0005990994,0.01623938,0.002445504,-0.016032375,0.031027663,-0.014843222,0.006033672,-0.0005360658,0.0062850136,-0.0036472445,-0.009070524,-0.000810898,-0.010691788,0.008406326
2013-03-11,0.012352477,0.011903901,-0.006334297,0.00709035,0.015880821,-0.002250862,0.0075476,0.013742427,0.020506186,0.006002437,0.0018424648,0.0021918966,0.013593445,-0.020582717,0.00021145896,0.0076800706,-0.025386566,0.0044193445,0.011656394,0.0
2013-03-12,-0.017487383,-0.0037603846,-0.11549514,0.016235223,0.00016909164,0.022960413,-0.0003139066,0.002479712,0.0045200055,0.01250235,0.03522933,0.0023954478,-0.004010658,-0.0017007921,-0.067014486,0.0004328658,-0.0039798636,0.012641834,-0.0025150124,0.017631985
2013-03-13,0.015386773,0.007108212,0.04198325,-0.026667949,0.020764513,-0.0011170678,0.012563232,0.0038517658,0.01178865,0.004285876,-0.015267831,-0.008420471,-0.026253073,0.0005793493,-0.018751066,-0.019957978,-0.009462378,0.008029641,-0.0078064315,0.00313414
2013-03-14,0.0025001343,0.006849268,0.0322677,0.00778045,-0.0011354262,0.022850746,-0.03326549,0.006903529,0.004352147,0.006553259,0.012892148,0.021074418,0.011997568,-0.00033311508,-0.040438585,-0.0091077145,-0.0017330442,0.0,0.011295152,-0.02623944
2013-03-15,0.017303618,-0.004489381,-0.0029442094,0.005781389,0.01143665,0.019706061,0.0068536787,-0.008771503,0.013074601,0.00086253457,0.019547049,0.014684697,0.06171897,-0.0021319734,0.006850294,0.0,-0.011040266,0.008177529,-0.0017652231,-0.005280038
2013-03-18,-0.0011317036,0.0042344634,0.003606842,0.026968213,0.0016932493,0.036447965,0.01158916,0.001993919,0.005474471,-0.00017436079,-0.010479869,0.0066923182,-0.011430436,-0.024616366,0.018927654,-0.0011063502,0.02539995,-0.003483062,-0.014857244,-0.010206131
2013-03-19,-0.009027294,0.007767593,0.0049465643,-0.0004726769,0.0012259502,-0.0029242532,0.0,0.005661756,-0.0044671674,0.0011607059,-0.0006333276,0.015529772,0.02059127,-0.009945572,0.039381973,0.015046931,0.044431664,-0.015891518,-0.010307089,-0.040774878
2013-03-20,-0.022142248,0.009658701,0.010570447,0.006696273,0.01065419,0.006910024,0.012309504,-0.0075826114,0.018812643,0.017479219,-0.00033955462,-0.011288982,0.03607427,-0.002336237,0.0017254321,0.0152322035,0.00298562,0.004296794,0.006974371,0.013945515
2013-03-21,-0.030477127,0.005349861,-0.0050239186,-0.028973,-0.017283801,0.0074403533,0.026865829,0.005194096,0.0070343656,0.005320068,0.010754308,0.013987518,0.0043413145,0.0034049605,0.02534941,0.009695982,0.02624529,0.016131952,0.02327226,0.0016457787
2013-03-22,8.9521316e-05,0.0064281286,0.0,0.017366245,0.016965132,0.066825315,0.0042847577,0.0068486626,0.021758478,0.010875934,-0.0072300998,0.0059853406,0.019007195,-0.00634039,0.0076598986,0.00067054335,0.01236617,-0.0005126981,-0.009308995,0.0042259535
2013-03-25,0.0349962,0.013837792,0.0262207,0.014948636,0.013558201,0.026678646,0.008259571,-0.0085238805,0.016764091,0.0009243997,0.034773383,0.006081966,-0.0016296147,0.0021515298,0.013491313,0.0035023752,0.009842087,0.008567203,0.0047304817,0.009099386
2013-03-26,0.013818499,6.735938e-05,0.031917978,0.0058896686,-0.003512056,0.0149666155,-0.00081795745,0.012289483,0.007889199,0.004720288,-0.0030431699,-0.0056148707,-0.010262564,0.010478609,-0.024277363,-0.000120436634,0.023049785,-0.012213721,0.010544975,-0.0021437928
2013-03-27,-0.0008074913,-0.0019053111,0.0036534553,-0.010137485,0.007911107,-0.022918597,0.011612609,0.0037215038,2.0962625e-06,-0.008416448,0.013596916,0.0067217634,-3.9365394e-05,0.003633593,0.017568992,0.004337665,-0.007018006,0.0008329315,0.011999314,0.022188725
2013-03-28,0.0029099449,-0.0041696094,-0.0010529498,-0.0005097773,0.0,0.03390815,0.0011403016,-0.011026934,0.0,-0.011232211,-0.00025602392,-0.034391083,-0.01202227,0.0006709964,0.013985975,0.0029828718,0.0048242495,-0.018363336,0.018832378,0.013841142
2013-03-29,0.016987452,-0.002963008,0.019454043,0.017472858,0.0051296595,0.017345473,0.008554079,-0.031073347,0.0057006064,-0.012641178,0.0019906333,0.008604822,0.0024162545,-0.011081021,0.062386997,-0.013260467,0.004172068,-0.0004401005,-0.0028058882,0.0030119824
2013-04-01,0.0026814018,0.0036616782,-0.02712957,0.0066554253,0.0056361756,-0.0013877287,-0.0030453135,-0.022555526,0.0029373502,0.006314906,0.027432509,0.01853041,0.03742968,0.02457398,0.0051402138,0.009525775,0.013094766,-0.00010283711,0.029329214,0.009650416
2013-04-02,0.0015556827,-0.0031601205,0.007087079,-0.0029712664,0.009585945,-0.015091055,0.021300184,0.10433855,0.0034325446,-0.0338796,0.009687248,-0.03213069,0.005770153,0.021523299,0.0015405351,0.016794119,0.013534296,0.022492403,0.01409717,0.0025319674
2013-04-03,0.020453848,0.0065041925,0.014540715,0.007577144,0.009358182,-0.008083773,-0.0005811037,0.028298128,-0.0036650214,0.019662535,0.0017055044,0.02233948,-0.001871264,0.014354648,0.005683268,0.0076121306,0.003204994,-0.02292288,0.0,0.010922793
2013-04-04,-0.00243669,-0.0022577497,-0.016668074,-0.00112013,0.0036562104,-0.011414307,-0.0038707436,0.105574474,0.0046273842,0.05398293,0.020706078,-0.0073294938,-0.0047280993,0.0028105967,0.0056147445,0.0051289983,0.015978057,0.037810866,0.0,0.012973953
2013-04-05,0.0027259884,-0.12208453,0.007334413,-0.011408889,0.0016377972,0.013223813,-0.00422469,0.0104183275,0.014874207,0.043699574,-0.002942327,0.016977783,0.007020058,0.021650387,0.007346824,-6.339275e-05,0.0024549488,0.0009799008,0.0029120275,0.016761102
2013-04-08,-0.027863132,0.02877234,-0.003921826,0.039417442,0.004911492,0.0029541922,-0.0010723727,0.0011968563,0.006407984,0.007618976,0.017674929,0.021040164,0.00666379,0.0014956166,0.014433375,-0.0051177284,0.008961654,0.0042079506,0.021644639,0.0030510584
2013-04-09,0.007867748,0.06582616,-0.0354411,0.00724423,-0.0046720873,0.006486598,0.00163675,0.00866733,0.003896884,0.044372756,-0.030601373,0.013922818,0.016459445,0.00918265,0.0010794655,0.018241763,-0.00068339804,0.0277625,-0.015387401,0.008417777
2013-04-10,0.04141645,0.0016231746,0.025898976,0.0030361104,-0.0025785787,-0.0012927492,-0.013568014,0.084422246,-0.008629967,0.0005786477,0.0041789636,0.0042466177,-0.030398015,0.003379695,0.007894427,0.0033476744,-0.0016605485,0.0071668616,0.021195544,-0.0076152757
2013-04-11,0.003155998,-0.00022245468,0.024366334,0.0015864373,0.010871076,-0.0026544174,-0.02013548,0.006696529,0.00303863,-0.033164557,0.04729256,0.007335643,0.0050643515,-0.009813741,-0.0056275385,0.00804036,-0.0042625945,0.006777043,0.006907466,0.011477398
2013-04-12,0.017872626,-0.004520717,0.0026922212,0.022563739,-0.0579679,0.010422063,0.017143883,0.033930328,-0.010375061,0.009635829,0.011965731,0.00070846424,0.008884901,0.0028732168,0.00762173,0.016456438,0.008969981,-0.011690784,0.002849144,0.017960351
2013-04-15,-0.014739855,0.010442359,0.0054828874,-0.015194639,0.017607613,0.0019688744,0.03329135,-0.015313528,0.035645247,0.010954347,0.023683516,-0.0067148316,-0.058590814,0.014186067,0.0064066835,0.009532912,0.008611972,0.013493879,0.0058535216,-0.012768878
2013-04-16,0.030573856,-0.0013779856,-0.009533077,0.026499439,0.0032377115,-0.005926332,-0.017763963,-0.03200706,0.007794994,0.0062996135,0.0064730328,-0.0019016612,0.0152214505,-0.0023393792,0.009792143,-0.00544144,0.008980513,-0.0056524007,0.0064545237,0.007484171
2013-04-17,0.003350336,0.0003407068,-0.0051794057,-0.041682657,0.0008838461,0.0032840034,0.022798287,0.0,0.003067363,-0.13765949,-0.017591184,0.0011729796,0.016728152,-0.004715981,0.007873554,0.0057989657,0.008413578,0.032021783,-0.0014487705,-0.022163816
2013-04-18,-0.0034845597,0.017045481,0.004314489,0.017138042,0.02154493,0.013569626,0.01698417,0.06673995,0.024406925,0.01693358,0.005512564,0.017294537,0.0033212553,0.012100102,0.002687221,0.004834425,0.006403117,-0.017498666,2.501373e-06,0.02389152
2013-04-19,-0.0019924801,-0.01294704,-0.0039086845,-0.0077931937,0.0,-0.003126033,0.0048286323,0.02263189,-0.0007220636,0.009773831,-0.026395965,0.011219734,0.0009245699,0.016154384,0.004686915,0.008208,-0.0077395015,0.0013407398,-0.0028342695,0.016691111
2013-04-22,0.012907828,0.0026758,0.00147498,-0.0016067693,-0.14037552,0.0,0.009381707,-0.01979099,0.028894205,0.024527617,0.033819936,0.0056117126,-0.0049595106,-0.0072204834,0.0066685677,0.012274371,0.0030434132,-0.0030089435,-0.00072006753,0.0010323916
2013-04-23,-0.0042461473,0.014114157,-0.0027732286,-0.028364258,0.020092584,-0.0059259515,-0.025183458,0.03818358,0.002532603,0.03209024,-8.85246e-05,0.005058921,0.019653665,-0.012482344,-0.00078125275,-0.004278113,-0.007307379,-0.0058651404,0.011798668,0.004857176
2013-04-24,-0.14146738,-0.00089885073,0.0011396038,-0.010061631,0.014065838,0.00515397,-0.0015426921,0.0008674528,0.0057689534,0.018252902,0.0035725285,-0.0028316793,0.0092144115,0.0,-0.0023754365,0.0035573072,0.006875087,0.0020178,0.00734572,0.0049605444
2013-04-25,0.012041671,-0.027266387,0.005366977,0.01936259,-0.02122342,0.0151955625,-0.0049411315,0.017486008,0.0045690117,-0.007755353,-0.0004844546,-0.0031511772,0.0024668416,0.019172885,0.0063283728,0.0041978434,-0.028522678,0.02272394,0.017255465,0.003708696
2013-04-26,-0.025080534,0.035028182,0.010226867,0.037116442,0.09570417,-0.012971603,0.015549306,-0.10913904,-0.07078881,0.01986434,0.013191647,0.0019767561,0.0047892914,-0.0052800113,-0.010969884,-0.0019485726,0.019190231,0.006692212,-0.0059596826,0.005172073
2013-04-29,0.019807694,-0.022648584,0.015229997,0.035222664,-0.02798902,0.008021148,0.0,0.020933649,0.0022095812,-0.021668699,0.03971775,0.011978655,-0.005799634,0.020523071,0.017444335,-0.005086856,0.0028896076,0.0022049334,-0.007971581,-0.00367815
2013-04-30,0.09893108,0.0048222975,0.009636377,0.01748712,0.003997789,0.014794152,0.004819008,0.011774624,0.0031717676,-0.004955593,0.0014531258,0.019259907,0.0009453079,0.012549431,0.0075683133,-0.009040216,-0.0013778785,-0.002126087,0.023153018,0.0036722894
2013-05-01,0.01779229,-0.003617821,0.013335722,0.023234911,0.007306379,0.013094825,-0.01427913,-0.004610963,-0.0035286718,0.016727848,-0.002421314,0.0028603326,0.0026790586,-0.007845813,-0.009990248,0.011128319,0.015057763,0.021199528,0.007022723,0.004833706
2013-05-02,-0.014355678,-0.004287647,-0.015892368,0.0005735435,-0.13749361,0.006580969,0.01461916,-0.0010685993,0.011591425,0.021737164,0.008224185,0.0057836715,0.00785132,-0.0065460578,-0.0063689766,0.013208539,0.001124386,0.011926135,0.020915506,0.01040546
2013-05-03,0.026174001,-0.0070873722,-0.0043575107,0.007876406,-0.024669731,0.0028811183,0.014739349,0.035051372,-0.035948902,0.015537412,-0.026199307,-0.0050643585,0.004852979,-0.0060052574,0.011209671,0.00624285,-0.0023231835,0.009538634,0.00475944,0.006853061
2013-05-06,-0.02652946,0.0137172295,-0.0019644918,0.008040471,0.07135712,0.0042065266,0.00318427,-0.0005714407,0.026425784,0.017881114,0.007977036,0.010998624,-0.0028290534,0.0062861047,-0.02052813,0.018777456,0.006555618,-0.014819371,-0.0002517207,0.013825106
2013-05-07,-0.00900767,0.012503461,0.00467121,-0.0034888878,0.029806152,0.010622764,0.002002064,0.010125357,0.0014804753,-0.004775598,0.044127133,0.0076258862,0.008265642,0.0046315454,0.0042184857,-0.020277206,0.010206468,-0.005617353,-0.057329763,-0.0001852482
2013-05-08,0.012087501,0.023063665,0.010831836,0.020499738,0.09289991,-0.00444941,-0.00090118905,0.060295798,0.0,0.0033781498,0.00076514564,0.0009852571,0.0066772103,0.011567315,0.018938677,-0.010735499,0.009758755,-0.017273376,0.0024070002,0.0052036284
2013-05-09,0.014917502,0.0044446914,0.009330291,-0.014804144,0.006888392,0.0015808704,0.011621075,0.0024818333,-0.004060531,-0.011862994,-0.0038719021,-0.0077932975,0.007247113,-0.0039440244,-0.00023202637,0.0049021165,-0.0032571352,0.020365935,0.023028536,0.0010878753
2013-05-10,-0.016549509,0.012362316,-0.003393426,0.0019335555,0.022935543,-0.011698652,-0.011101413,-0.015874358,0.004226496,0.0037938284,-0.027702289,0.004431161,0.003828187,0.01900816,0.020323792,0.0013182312,0.008078744,0.004233618,0.021706037,-0.0029561599
2013-05-13,0.010484959,0.0016455477,0.0,-0.0020993266,0.01070477,0.0077588125,-0.001375689,0.0068513593,-0.052596413,0.030172607,0.027691226,-0.0011085279,-0.00015370513,-0.007258288,0.0010987999,0.007360283,0.0071818912,0.01795351,0.0061026276,0.006514749
2013-05-14,-0.0006614355,0.0049822084,-0.005033443,0.0005714629,0.00044706257,0.009716417,0.010411805,0.012810668,0.0007029868,-0.0017237676,-0.0028847526,-0.011218789,0.00048548813,-0.0002079401,0.0076868637,0.010333711,0.009910347,0.008876079,-0.0006006428,-0.0031984127
2013-05-15,-0.01909885,0.002778573,0.0122810425,0.017442532,0.0032594914,0.008805707,0.0051806117,0.013620788,0.035880562,-0.004935996,0.0112568345,0.008667314,0.010495219,-0.0039211083,-0.030304871,-0.013474107,0.007614488,0.010123566,-0.0014919401,0.0072665713
2013-05-16,0.013844069,0.014177249,-0.0062019425,0.0037126301,-0.012510286,0.004257417,0.0043435497,-0.0018659205,0.032008063,0.03184581,0.02847763,-0.005347697,0.011548644,0.016015442,0.020406837,0.014955005,-0.0017775862,0.004232002,0.005481112,0.012588483
2013-05-17,0.0071518905,0.0128420275,-0.008588012,0.006150651,0.030562995,0.013574776,-0.017316744,0.0042244694,0.022558019,-0.027134333,0.015118291,-0.01269782,0.00053155597,0.0044772867,0.0063700113,0.0074758064,0.0071726963,-0.0079635745,0.0037946028,0.0069804355
2013-05-20,-0.006811566,0.055809505,-0.0027738651,0.0014046209,0.006815584,-0.0013928427,-0.0039065075,0.009944105,0.0017179933,0.010866432,0.0,0.014421865,-0.0008415417,0.0132715115,0.0061076228,0.0019388358,-0.0050903778,0.019376215,0.009688404,0.0017996387
2013-05-21,0.019417236,0.001872027,0.002399355,-0.0046885503,-0.029376244,0.0066442937,0.0043919575,-0.0026509664,-0.05336031,-0.0004943365,0.004378905,0.035442997,-0.0029389379,-0.012569324,-0.014286249,-0.002263145,0.0071101272,0.007098476,0.0076187365,-0.0041863318
2013-05-22,-0.0015291247,-0.0045034876,-0.029829746,-0.0035743322,-0.010134684,-0.005737427,0.04942314,-0.0023451417,0.024117755,0.041438174,0.0064795474,0.0,-0.013188403,0.0,0.0063504325,-0.00032713785,0.0066716,-0.001360733,0.005792808,0.01433142
2013-05-23,0.016007496,0.020144667,0.015967863,0.020141114,0.019418601,0.009930093,0.02069537,0.015329847,-0.0018719385,-0.0042720325,-0.0020486272,0.008624943,-0.01441277,0.009931445,0.014834496,0.0113488855,0.0019618345,-0.008021489,0.0054282756,-0.004727568
2013-05-24,0.017135944,-0.010392216,0.003513596,-0.00016316501,0.028209139,0.011011995,0.00061155227,0.0011284477,0.03947198,0.0027524193,0.039709587,0.0070993598,0.010939435,0.016721759,0.02180525,0.00730879,0.01690598,0.017427312,-0.0003084318,-0.008271382
2013-05-27,0.0027444158,0.0057403217,0.0066167563,0.0010330264,-0.002244913,-0.0045254207,-0.0003768452,0.0110137,-0.040929534,0.030442588,0.014249668,0.0136948135,0.019154016,0.0,-0.0042269113,0.003104736,-0.0091436505,-0.0023191741,0.0042002313,0.002953847
2013-05-28,-0.027281214,0.0033582381,-0.011363497,0.0,0.055615485,4.584138e-07,0.03034259,0.03501119,0.005686076,0.0073281555,0.010464937,0.002925985,0.004149726,-0.00029443915,0.008688202,0.0062916046,0.010322391,0.02625674,-0.0010583057,-0.006420194
2013-05-29,0.011752165,0.019637898,0.03712198,0.0008709926,0.003578644,0.0,-0.008729936,-0.0019455502,0.01821174,-0.0032381827,-0.0045106173,0.0149511155,0.0029393195,0.0042892843,-0.00025381448,-0.016645648,0.0047061755,0.0143194115,-0.00075845176,0.024680534
2013-05-30,0.0063272133,0.00818562,0.017336156,0.026780339,0.056410346,0.018357294,-0.008674627,0.007603236,-0.030067407,0.0083641885,0.00011892752,-0.0002833766,0.0,1.4710932e-05,-0.0045369826,-0.0030453042,0.018549772,-0.014728044,0.006809134,0.0090072015
2013-05-31,0.0031066725,-0.0049858484,0.005341532,0.002224294,-0.0015987678,0.002918451,-0.0034139575,0.0,0.0023223937,-0.016224181,-0.028890075,-0.0027288022,0.00066618266,0.008370634,0.022071175,0.024682034,-0.003112597,0.009923721,0.0024328537,-0.0031156796
2013-06-03,0.01559248,0.05518087,0.009928256,0.012276836,-0.010643385,0.0067670974,-0.010542007,-0.0027664464,-0.018570423,0.012062868,-0.0011252771,0.0019919083,0.014976128,0.014803489,0.0031227006,0.006050706,0.0063000154,0.02293834,-0.008013386,0.023160625
2013-06-04,0.0036015965,0.012366065,-0.036940493,0.0,-0.007601587,0.0028799667,-4.9324346e-05,-0.0021712224,0.012947191,0.0223439,0.012683592,0.0019224881,0.008902608,-0.0018872931,0.008629524,0.0027261588,-0.00398957,-0.000113934664,-0.0019739107,-0.002660205
2013-06-05,0.004229684,0.008871838,0.0018707518,0.0052245986,0.03749837,0.0,0.0034465254,0.020807017,0.021249466,-0.0038881397,0.006287316,0.010778195,-0.004724665,0.010971362,0.01844181,-0.001967602,-0.001572685,-0.008547018,0.0021836131,0.009330897
2013-06-06,-0.0041836477,0.012383182,-0.026125165,-0.004987073,0.0057898075,0.004095423,-0.013766708,-0.0013851465,0.025267573,0.013546501,0.0015939529,-0.011164007,0.013719741,0.010443469,0.0015856973,-0.0045227613,-0.011575761,0.02697118,0.00020044636,-0.012888479
2013-06-07,0.004384452,-0.026534764,0.09419209,-0.009464348,0.0,-0.0030226775,0.016559333,0.005681437,-0.008515721,0.015055416,0.0071691982,-0.019204527,0.0049809334,0.0047854427,0.0034599581,0.013222005,0.0018309939,-0.014583953,0.0251871,0.0035584392
2013-06-10,0.0016108981,0.02284979,0.0023153673,0.004552422,0.0063509773,0.0004226472,0.0017887084,0.0038848037,0.009406594,0.013308217,0.03756059,-0.005189621,0.0,-0.006403546,0.0,-0.004911316,0.010596208,0.014148788,-0.010699318,-0.022450326
2013-06-11,0.002995728,-0.00075322425,0.0020051906,0.027566329,0.0026022526,0.0024364102,-0.00405717,-0.0020162535,-0.003244049,-0.008986138,-0.0011522364,0.0032416508,-0.0019049862,0.001547048,-0.0045654685,-0.00040221002,0.0038865516,0.0015249185,-0.0067404136,0.0068436665
2013-06-12,0.0020510054,0.018372549,0.007195995,-0.008431779,0.009672537,-0.005444285,0.029133324,-0.0053868187,0.003559369,-0.0076684244,-0.030850198,0.011613451,-0.00028424498,-0.0006306408,0.02296478,-0.0029329767,0.010869305,0.014135737,0.019314134,0.0077859843
2013-06-13,0.007384356,-0.049481414,-0.0036935147,0.0024270525,0.010851055,0.0053054295,0.0012913139,-0.010542264,-0.001911785,-0.0019369489,0.04115361,-0.018988105,0.014062519,0.009108919,0.00078761607,0.01699291,0.0,-0.0011082732,0.015478948,0.014360396
2013-06-14,0.006621399,-0.0020074304,-0.009569184,0.015117667,-0.016543886,0.0016681748,-0.023862263,-0.034608625,0.0142715555,-0.0007775109,0.014010858,0.009203649,0.0043210373,-0.010581458,0.006507486,0.011978183,0.0,-0.032421403,-0.00035845715,0.014225044
2013-06-17,0.004070063,-7.084424e-05,0.015540693,0.008825547,0.0033376042,0.015516424,-0.021131637,0.029562872,-0.0016053218,0.005033135,0.014247651,0.006334806,0.0,0.002681143,0.0,0.002438031,-0.0007600684,0.019555436,0.013789203,0.0039946237
2013-06-18,-0.0063507375,-0.0032274763,-0.018186012,-0.009289772,0.016270924,0.00811919,0.0414594,0.009639425,0.00033353185,0.008730781,0.018886553,0.01060576,0.007560524,-0.012456978,0.016282775,0.0018946151,0.006605186,0.032941718,-0.0064141313,-0.00070516154
2013-06-19,0.0130111445,0.014895991,-0.001346657,0.018739546,0.016061228,-0.00023999665,0.0049106074,-0.0051894663,0.014882234,0.014141878,-0.00030755685,0.0057262094,-0.0015157787,0.011454037,0.001296707,0.000591639,0.012347419,0.013920987,0.012401752,0.0071448674
2013-06-20,-0.005873647,0.014314358,0.008281372,0.024525112,0.022416767,0.008229868,0.0023742504,-0.07269012,-0.019892868,0.00055723113,0.013835013,-0.00047783245,0.0,0.013123637,-0.0012011769,0.003604347,-0.09510892,-0.0062738485,-0.0030491184,0.0016213108
2013-06-21,0.0082260175,0.0029883299,0.008626109,0.012259359,0.018715557,-0.0076360186,0.016483178,8.106327e-05,0.005242327,0.011701588,-0.080200024,0.026904391,0.009657125,0.01069398,0.009510243,0.007348812,0.023317346,-0.012615585,0.013729997,-0.003616562
2013-06-24,0.008659097,0.0067246663,0.008447871,0.006258439,0.0009294345,0.008566193,0.026203962,0.020472566,0.015248009,-0.0025888197,0.0076658325,0.0,-0.003149227,0.011338515,-0.014097824,0.012069542,0.022084419,0.00442643,-0.009834681,0.0027617193
2013-06-25,0.0021783202,0.011410551,0.013014908,0.0064162207,0.016742082,0.003209962,0.010324518,0.03481245,-0.010896375,0.0,0.016517587,0.0069894157,0.0032850096,-0.0062775365,-0.0034871993,-0.004368498,0.014178398,-0.00088809925,0.013738237,0.0051636277
2013-06-26,0.0022774434,0.008556876,-0.0056849807,-0.0014255572,0.008280932,0.0023932809,0.010616294,-0.0020506007,0.001545212,0.03040437,0.025493572,-0.011056694,-0.0025485104,0.019004187,0.019092022,-0.003771286,-0.007641994,0.010335942,0.0058050086,0.0075887265
2013-06-27,0.006168328,0.029359281,0.020645449,0.012535015,0.0,0.016692067,-0.0068260594,-0.026699102,0.0060509937,0.0068955016,0.015248331,-0.0017253374,0.0023566876,-0.0047602076,-0.0006912473,0.0013253274,-0.0041468255,0.016873738,0.0020118072,0.012100214
2013-06-28,-0.022879146,0.017457005,0.023554951,0.0,-0.002203554,-0.007724871,0.019350734,0.03781153,-0.0029620093,-0.039468434,0.0073489277,0.015248744,0.0045618955,0.002871895,-0.009813437,0.012831902,0.015807975,0.0010488044,-0.0019862517,0.008394755
2013-07-01,0.0,-0.0004242504,0.009937186,0.009970506,0.017536435,-0.008007276,0.012458316,0.018305352,0.0067395275,0.01211186,0.0383311,0.008241359,-0.0020316953,0.0023758123,0.0018309199,0.00020559611,0.01632828,0.010405113,0.026221413,0.030406851
2013-07-02,-0.033762738,-0.0014063853,-0.02196831,0.0,-0.010258849,0.0014740495,-0.008775184,0.015823597,0.0046671336,0.01401193,0.008989023,0.013461765,0.020325467,-0.005473733,0.023190135,0.007820443,0.020756783,0.00052266975,0.004797727,0.002435813
2013-07-03,0.008158942,0.01792539,0.01717084,0.0151103325,0.027384518,0.0,-0.002623377,-0.00063481176,-0.018656913,0.010232531,-0.011741003,-0.0030106623,-0.02882727,0.013845951,0.0064472007,-0.015084006,0.004031846,-0.006527833,-0.0018822652,0.014125805
2013-07-04,0.013969534,0.018883746,0.0072651776,0.04500587,-0.022627011,-0.014259114,0.002235937,0.011166607,0.01048904,0.011653693,0.008205742,-0.003904344,0.0056112707,0.03655558,0.00046111233,0.00033599546,0.028337633,0.014132145,0.014381809,0.010748832
2013-07-05,0.0054695993,-0.0028311242,0.012100902,-0.0031632811,-0.0027718928,-0.005108648,-0.0012681396,0.0013597311,-0.0010351401,0.00732191,0.018176474,-0.000990922,0.023594711,-0.0030165717,-0.030739712,-0.08118003,0.004266092,-0.0015028669,0.0228043,-0.10113417
2013-07-08,0.015478334,-0.002741495,0.0053959982,0.0027659729,0.04412192,-0.020087168,0.021389777,0.023617094,0.014989933,-0.0003760138,0.001677981,0.009920989,-0.0064340844,-0.017601037,-0.0029595864,0.0017077301,-0.0018332374,0.025890986,0.008277517,-0.008463699
2013-07-09,-0.0022500844,0.029291142,-0.0010859265,-0.010321158,0.0096498355,0.034530893,-0.0022363197,-0.005615485,0.019264614,-0.0005025816,-0.0107507175,0.0061725206,-0.029560009,-0.007734924,0.019911509,-0.0038147802,-0.014872894,-0.009321724,-0.0021995392,-0.00060983154
2013-07-10,0.011326452,0.007751338,-0.0031011165,0.009819153,0.0058587617,0.027436346,0.0051342426,0.008897905,0.013951944,-0.01079515,0.05382624,0.0027841486,0.015938513,-0.030046131,-0.000959548,0.03474703,0.0,0.03437863,0.0,-0.019767057
2013-07-11,0.016181782,0.0108515,0.014510184,0.0,0.012705749,0.016213063,-0.021556705,0.0014633202,-0.0061227307,0.012486069,0.0073532606,-0.006806234,-0.00789149,0.015455876,0.0043977317,-0.001965348,0.0066499887,-0.0016235141,-0.015072916,0.022284683
2013-07-12,-0.00845604,0.0,-0.0005825722,-0.01092914,-0.0004850698,-0.011728231,-0.0024284553,0.005074945,0.024624044,-0.009715536,0.002997857,0.010295243,-0.014700029,0.03903376,0.01310133,0.019905537,0.0110594705,0.016235245,0.0026968215,0.02170104
2013-07-15,0.00978078,-0.024203593,0.0029889506,0.03055816,0.015253847,-0.003283084,0.009875185,0.0051785465,0.008788424,0.012410401,0.033814114,0.006260867,0.016179139,-0.013525199,0.02609546,0.006264317,0.052612796,0.011644322,-0.0059017707,0.025330972
2013-07-16,0.023415916,0.020018764,0.008872172,0.007391378,0.0208016,0.0047176275,0.014810519,0.0,0.0,0.004854478,0.01848089,0.0,-0.016808325,0.004735053,-0.006222109,0.025068063,0.00824307,0.005426338,0.00573152,-0.007839346
2013-07-17,0.006562201,-0.017089415,0.0026483904,-0.010077881,-0.005621746,-0.007739814,0.0009186929,-0.015842648,-0.005546883,0.012370241,-0.010690331,0.011058635,0.042600177,0.0027323011,-0.000997323,0.0047667003,0.033712532,0.00044921154,0.0,0.0058362163
2013-07-18,-0.007995373,-0.013556575,0.00478975,0.012352168,-0.021967778,0.00050243316,0.022941826,-0.0011179688,-0.010584014,-0.013741501,0.0032222935,0.011645347,-0.018260043,-0.0066994186,0.0018422636,0.0033292954,0.007760591,-0.0165946,-0.0030297132,0.021010721
2013-07-19,0.018419519,0.004225413,0.009768626,0.026385365,-0.0015554891,0.012350157,0.019857408,0.0033653113,0.027756754,0.031987313,0.029986365,-0.00453521,0.0,0.0048613986,0.012315664,0.015208299,0.010344791,-0.000770325,0.036780465,0.011592109
2013-07-22,0.015211825,-0.010937062,0.0028643315,0.0041057435,0.00026926814,0.0005271661,-0.0008516838,0.0020919882,0.011819052,0.004318852,-0.0051744697,-0.0036243193,0.00568025,0.0022802947,0.008874543,-0.0028793255,0.012138135,0.023379244,-0.0014125752,0.0007515759
2013-07-23,0.00045127474,0.02281012,-1.3598681e-05,0.00917152,0.015971065,0.0014776682,0.0085392585,0.0,0.009011419,-0.007561934,-0.006276256,0.006452151,-0.00021507678,-0.020193556,0.008471652,0.012996158,0.0015351075,-0.0042210524,0.015807943,0.0025083066
2013-07-24,0.014788325,-0.018581165,-0.012098504,-0.01772391,0.013774435,-0.006818909,-0.012872583,0.0068674814,0.0087210545,0.02050072,-0.032061778,0.0053755967,-0.010474884,0.015275243,-0.0068608704,-0.0028309757,0.0059957914,0.0007968183,0.0023665084,0.0069010053
2013-07-25,0.022284409,-0.008827626,0.005185562,0.0048845005,0.0063261096,0.013972342,0.0108804805,-0.010515632,-0.01006931,-0.0066487617,0.0035084994,0.009566068,-0.1312259,0.0022790355,0.012988756,-0.008278832,-0.013604639,0.0037013849,0.0032150894,0.009349075
2013-07-26,-0.00014856945,0.013607034,0.004375472,0.0038916713,-0.0013863805,-0.002981645,0.0031019673,0.014328971,-0.0052080634,0.0036113902,0.008414492,0.0065893424,0.00054807233,0.0038424213,-0.016560346,0.017993126,0.022939278,-0.013125505,-0.004738142,-0.00023366013
2013-07-29,0.016876487,0.02733565,0.008279035,0.01509776,0.0016921951,0.020301148,0.00200284,-0.0039899834,0.0031757967,0.034530714,-0.0061435294,-0.0002723759,0.012067626,0.012798345,0.012781075,0.017017689,0.0066072927,0.0019503046,0.009065048,0.002626199
2013-07-30,-0.006591571,-0.0027776859,-0.0036812397,-0.01341791,-0.0005569203,-0.0018725732,0.009068362,0.00291354,-0.0026807194,-0.0074119773,-0.014952358,-0.007216318,-0.0015865939,-0.0055109872,-0.004287602,0.0036627722,0.006419718,0.0,-0.03501495,0.0066861724
2013-07-31,-0.014706423,0.0022455915,0.008429519,0.004554076,0.004102621,0.019280812,0.0041049663,-0.007518218,-0.0006114719,-0.027682917,0.022695925,0.0029294605,0.022626715,0.011645347,0.015371061,-0.0016572023,0.012408161,-0.015459627,-0.009375917,0.020675488
2013-08-01,0.0047916886,-0.0017242542,0.0024005873,0.0,-0.018540816,0.004275144,0.0037424567,-0.008941916,-0.0025601517,0.018760087,-0.00798,-0.003041933,-0.026584636,0.0018010328,0.006769651,-0.0025955255,-0.0004165046,0.027172692,0.010306084,-0.013439323
2013-08-02,-0.003155473,-0.0060186544,0.004141521,-0.004301778,0.0067936396,-0.00020639329,0.010821078,0.02716703,0.014748219,-0.032441836,0.023901455,0.0078047547,0.02233888,-0.025985697,0.0037702422,-0.017947555,0.0063061095,-0.006347257,0.007977514,0.0110672405
2013-08-05,0.014997436,0.012683612,0.004707735,0.02255172,-0.008744918,0.0021807242,0.001449799,-0.012740389,-0.0128866695,0.008638972,0.010383286,0.00024607158,0.017939452,-0.015874982,0.007160255,0.008399235,0.0,-0.035691015,0.008922584,0.0016012662
2013-08-06,0.007208998,-0.006069711,0.002742494,0.0046842424,-0.010359504,0.0009781775,0.0062877424,0.03929672,0.011192149,0.008656403,0.0083690565,0.01057844,-0.023095507,0.027866539,0.0035042164,0.024100527,-0.013521567,0.023064766,-0.0029434285,0.017449595
2013-08-07,-0.018625846,0.03529674,-0.0049030064,0.0032654186,0.003107863,0.026168227,0.0019238258,0.01283026,0.0022065367,0.013113601,-0.00807894,0.0009765655,0.035070788,-0.015020481,-0.007102442,-0.008211582,-0.005725774,0.0025796902,0.014374701,-0.004423508
2013-08-08,-0.009116879,0.0031819935,4.116852e-06,-0.010025538,-0.055927873,-0.04901102,-7.3012765e-05,-0.008510161,0.014341054,0.0062276563,0.0029701577,0.0065189106,0.03526558,-0.016009003,0.006766942,-0.017281687,0.012249992,-0.0022445722,0.008871276,0.013322276
2013-08-09,0.013867941,0.008023277,-0.002549457,-0.0040080748,0.00908815,0.02751739,-0.0016412715,0.0117008705,-0.01944816,-0.014264035,-0.016670682,-0.001625182,-0.0098384,0.046748735,-4.8954837e-05,0.0042954576,0.025627919,0.004366263,0.00010326714,0.002157745
2013-08-12,-0.01455248,-0.0041989,0.004303521,-0.011424768,0.011247499,0.006260326,0.00090926886,-0.019894835,0.015987583,-0.0010772933,0.013197654,0.0063471617,-0.002044348,-0.05391677,-0.001992192,0.009584869,0.0013500418,0.0069310674,0.008434934,0.0001951383
2013-08-13,0.0062498916,0.0030021085,0.004618604,-0.03383698,0.006243402,0.005145114,-0.005342606,0.011907457,-0.013537569,0.008867301,-0.0069328793,-0.0011492511,-0.11317428,0.008954058,0.0032138694,0.0,0.0027471974,0.0045952317,0.01232672,-0.0026652184
2013-08-14,0.0052313055,0.007258315,0.0,0.035581283,0.0076639717,0.004375553,0.014316823,-0.00872863,-0.007838668,-0.009845647,-0.0026805713,-0.0138651505,0.014284925,0.01782488,0.0148108965,0.0082821185,-0.0021287615,0.025907796,0.026172731,0.022417558
2013-08-15,-0.022872567,0.0013072913,0.0039534005,0.0011027907,0.001079675,-0.008825012,0.006890852,8.620709e-05,0.004102907,0.0075392886,-0.0091643315,0.01835292,-0.07327586,0.0042938725,0.02621387,0.01187708,0.0050055506,0.011414372,-0.0042705666,0.0049934248
2013-08-16,2.4990939e-05,0.0039922814,0.003090471,0.021631675,0.026277944,0.010016234,0.0036481735,0.019765666,0.017825335,0.0113315815,0.057367064,-0.0025132252,0.044583227,-0.009563008,-0.009964626,0.022988738,0.038272753,-0.0017716509,0.005086258,-0.010875802
2013-08-19,-0.0013444348,-0.02180044,0.0,-0.011492382,0.006858321,0.017821271,0.007319356,0.0037842174,-0.0004840844,0.03759401,0.0052767345,-0.004718158,0.021994995,0.037351068,0.018635685,0.0056257113,-0.012510125,0.014901632,-0.0016998533,-0.12535508
2013-08-20,0.01554278,-0.002145276,0.0021320817,-0.0011593408,-0.039637994,0.014792392,0.0073676673,0.00024468746,-0.0020110444,-0.010020331,0.032644916,0.015472817,0.01213166,0.008568036,0.007448916,-0.0007477468,0.03697118,0.015620285,-0.018866532,0.018452113
2013-08-21,-0.049320277,-0.002595116,-0.0033538737,-0.0029662603,0.020938221,-0.0010561353,-0.0048219557,-0.012305217,0.000382674,0.023052681,-0.07358895,0.004111402,0.08847816,-0.032520138,0.0072537144,0.0037385463,0.0024478233,-0.0030308373,0.026251309,0.017943371
2013-08-22,0.026952079,0.034327243,-0.015882809,0.008999955,-0.022411026,0.0007817576,0.0032098244,0.0075929877,0.01382814,-0.032813676,0.018442437,0.008731758,0.014205594,0.026341846,0.014886554,0.0,0.005337292,0.025840504,-0.0007779442,-0.0005683723
2013-08-23,0.0013642081,0.00041165962,0.011553272,0.020387478,0.0040691844,0.008449065,0.0015536714,0.0024950407,0.010655304,0.035127874,0.008155837,0.0038908154,0.0051646167,0.007426173,-0.0027171553,0.027595324,0.016764838,0.013847913,0.0074217203,0.0073195384
2013-08-26,-0.02228739,0.016976409,0.0121427635,0.010300292,0.009841438,0.0066390014,0.0077915066,0.009805709,-0.033915263,0.0042515732,0.02781721,0.012804833,0.007412898,0.005943094,0.017389713,0.016017202,0.0007357473,-0.007713222,0.0063342243,0.0067098197
2013-08-27,0.006938531,-0.014476138,0.0010998372,0.015483443,-0.021395516,-0.014402614,-0.006341871,0.004839442,-0.0015187765,0.01719241,0.008730191,-0.0043770284,0.015460297,0.0007063058,-0.0030105067,-0.0026680292,0.0007134654,0.015049339,-0.0065892315,0.015481952
2013-08-28,-0.02140206,-0.01941245,0.011485794,-0.005468928,0.044182554,0.024986275,0.0041781096,0.012175358,-0.0007900531,0.0042846124,0.0031679317,0.0042316066,-0.013559118,0.025858166,0.0072849398,0.0034589085,0.016861109,0.0032539782,0.006182456,-0.0035767388
2013-08-29,0.026566926,0.00843548,0.001399375,-0.0033495203,-0.00041592628,0.0029864039,0.0,-0.0015420166,0.022844525,-0.010437065,0.014162104,0.00044841322,0.0074085877,-0.0016299386,0.013169978,0.014791611,-0.0042063426,0.0056946413,0.008418759,0.0068414803
2013-08-30,-0.0025880153,-0.006638329,0.012308451,-0.0047539184,-0.015085889,0.0033497708,0.005328723,0.008154474,0.009911664,0.007837149,-0.012116885,0.008152363,0.001641596,0.0041287616,0.007993564,0.0011496332,-0.0018618123,-0.0289853,0.010641672,0.0067882636
2013-09-02,0.004224368,0.017027428,-0.0027148072,-0.006156444,-0.028686794,-0.0064931936,0.0054095252,-0.005860934,0.0028861214,0.00238934,-0.03953809,0.003440896,0.0025946419,-0.025739536,-0.014344064,0.012328239,-0.047590174,-0.013025963,0.0011928563,-0.00598126
2013-09-03,-0.00061187753,0.0016690316,0.0020061769,0.013546961,-0.008467453,0.0015461782,0.0035578648,0.00074888946,0.017513255,-0.02246715,0.009379503,0.0027376197,0.0076780794,0.009933659,0.009321837,0.00027788838,0.017434398,0.006306044,-0.004455035,0.026432982
2013-09-04,-0.024138603,0.013079497,0.007699507,-0.00919247,0.011388971,-0.0039689285,0.001296367,-0.0042804303,0.013743758,0.011856598,0.00021183804,0.0050095157,0.0061627715,0.000111229776,0.01306694,-0.0024795856,-0.0017479723,-0.00016177607,0.018800633,0.0017977406
2013-09-05,0.012435237,0.010377085,-0.0098202815,0.0074234884,0.05821398,0.019357208,-0.011690084,0.015548921,-0.013560028,0.019740367,0.022418369,0.007670159,0.006704872,0.0036673646,-0.0020590592,0.01840758,0.018935254,-0.003664984,-0.0042727934,-0.014688266
2013-09-06,-0.052158188,-0.0051542865,-0.0018707361,-0.002049746,0.013085839,-0.00027064187,0.0019730611,-0.0010640319,0.007771023,-0.004317787,-0.12483404,-0.0022698578,-0.02529928,-0.01440743,0.006498181,0.008315992,0.01915934,0.018298224,0.0026849508,0.008155572
2013-09-09,-0.018378608,0.015388364,0.0015430682,0.0035752393,-0.012637419,0.0117464205,0.014190931,0.0,-0.011671147,0.021025313,-0.0034176717,0.0032991243,0.012134939,0.0045683165,0.01803476,0.01947011,0.012115093,-0.0088778855,0.0030347614,0.012778972
2013-09-10,9.907938e-05,-0.046787724,0.007259426,0.026592309,0.025751147,-0.00050702645,-0.003837955,0.0011085107,0.003586003,-0.0029670778,0.088841684,0.004040953,0.01750283,0.032053106,-0.00046913663,0.0046541076,0.008423257,0.024351513,0.030739468,0.006958364
2013-09-11,0.002789596,0.0024776773,-0.0019135177,0.0058503994,0.008714235,0.01417763,0.0013357844,0.0071911626,0.014302513,-0.016372142,0.0051689516,0.0010448745,0.021823278,0.0,0.00025364972,-0.03205561,0.011681513,-0.029399408,-0.026211642,0.0062805316
2013-09-12,0.012879209,0.0030105351,0.0040001,0.013860905,-0.0071150265,0.0012485961,0.006723582,-0.004726164,-0.008799358,-0.0006698994,0.00051910174,-0.0022552824,0.0062047043,-0.0052160155,-0.004581662,0.01108601,-0.034858774,-0.005987212,0.002842168,0.01232549
2013-09-13,0.020612614,0.015973724,0.0045750085,0.0066533056,-0.0042463215,0.008112692,0.001959937,0.00814869,0.016582446,0.0015572903,0.048914928,0.0033353644,-0.022333654,0.020323431,-0.00078583584,0.009862287,0.011764157,0.018230913,-0.01128379,0.008849352
2013-09-16,-0.0053585074,0.009547003,0.002648113,0.0053500943,0.012376935,0.0023345612,0.0016287051,0.014676535,0.0018713822,0.0,0.00403502,-0.0025285976,0.0018410413,0.029869169,-0.012009632,0.0010394738,0.01140674,0.03770124,0.032082282,0.002730732
2013-09-17,0.018328354,0.0063592987,0.0073785125,0.0007984769,0.0064863153,0.0034245714,0.0056584585,-0.019933965,0.026182463,0.0066416794,0.02281762,-0.0057077864,0.013770199,0.012822846,0.008760506,-0.017179161,0.00087742344,0.0052274284,0.0006207388,0.0015074061
2013-09-18,0.008194916,0.036317095,0.004719812,0.0057698637,0.01624536,-0.0011540385,0.008628206,0.0051817624,0.010457728,0.044528287,0.0031945703,0.0105772335,0.018892819,0.0016353589,0.012086455,0.012596156,-0.018081045,0.0033478404,0.02397541,-0.02031486
2013-09-19,0.0011455981,0.003993547,-0.0019318627,-0.0072193737,0.0015243058,-0.00069570955,0.012120732,0.00010383397,0.0031878192,0.0062851403,0.004630119,0.0,-0.03220931,0.006366699,-0.0024399932,0.011032611,-0.0077446755,0.019799918,0.013769666,0.0030132874
2013-09-20,0.013069941,0.01351608,0.0026368764,0.015329691,0.00071332447,0.0044989684,-0.0015974988,0.0080201905,0.00422949,-0.011670321,0.006456754,-0.0069003324,-0.014061838,-0.013886577,0.0054601934,0.0,0.0,0.008197162,-0.008110104,0.0042420942
2013-09-23,-0.022710934,0.0,0.010592382,0.0052371616,0.0074504334,0.012659617,0.0018202882,0.014981531,0.00971769,0.0072780903,0.00026286716,0.0070559666,-0.015219333,-0.006032915,0.0104634445,0.0040819673,0.0349226,0.02329737,0.011307142,0.020937301
2013-09-24,0.006713184,-0.00857963,0.00042546078,0.0061496417,0.0043978225,-0.003440112,0.0,-0.017199561,-0.015847156,0.0,0.0041687903,-0.0030522237,0.01707499,-0.0016117492,-0.00049933104,-0.0014217847,0.008025555,-0.012174072,-0.011418713,-0.06405399
2013-09-25,0.016933126,0.004670538,-7.245327e-05,-0.006154809,0.008282123,0.0026896729,0.012018516,0.020579066,0.0,-0.0022478746,-0.0012588402,0.0024262585,0.03109415,0.0027322536,0.012329454,0.0007961219,0.02261577,0.012939309,0.014192166,0.0054113027
2013-09-26,-0.025068406,0.008612132,-0.005199343,0.0017071347,-0.0034037028,0.006115029,-0.00018242441,-0.005009596,-0.00042684632,-0.0018413878,0.01696579,2.5364317e-05,-0.028043954,0.029271629,-0.0140186455,0.012141154,0.017125094,0.001867719,0.012615586,-0.03486324
2013-09-27,0.00048255664,-0.0016211142,0.009355478,-0.0038577982,0.048240185,0.017026145,0.004907642,0.020391759,0.027303565,0.020604273,-0.0025368854,0.025089027,-0.005378518,0.038219478,0.018330479,-0.030107863,0.012530476,0.06596642,0.002576972,0.02448965
2013-09-30,0.006866722,-0.00010582846,0.047651466,0.07816441,0.025751011,-0.0057273405,0.008772721,0.011958898,0.0024066127,0.0060597635,0.01260237,0.024370749,-0.013723531,-0.0046180165,0.00632366,0.0064671594,0.00558146,0.009372041,0.044887103,0.0010954024
2013-10-01,0.061296076,0.04470298,0.012594994,0.004168735,0.031147003,0.031819392,-0.011915553,0.017403098,0.023195509,0.009909872,0.011308119,-0.0076792873,0.030078491,0.018366387,0.010719391,-0.045640808,0.007951188,-0.005599508,-0.014497159,0.018697465
2013-10-02,0.0052318014,-0.08595577,-0.011026864,0.0042830054,0.018328974,0.026762241,0.0071747117,-0.0006358731,0.0012382944,0.008243454,0.013132092,0.0071917167,-0.023586059,0.0023148288,0.004120611,-0.0041681,0.0025065334,0.032693822,-0.006366895,0.01962986
2013-10-03,0.017359734,0.0013653425,-0.0039175283,0.022091467,-0.013996281,0.008344822,-0.008471303,0.0,0.023073371,-0.028171375,-0.021762006,-0.015222784,0.046159882,-0.009817341,-0.0019011663,0.00069875835,0.0011507644,0.007272817,0.034329824,-0.0015041548
2013-10-04,-0.0022705004,0.010814591,0.05998891,-0.0044950047,-0.039692182,-0.0067378455,0.00625216,0.0044678096,0.0015306133,0.014192444,-0.013541954,-0.028526349,0.019629803,0.0,0.0020907049,-0.003929057,0.020302113,0.012718562,0.0006662004,0.0031767234
2013-10-07,0.003489853,-0.017782776,0.0196589,0.008017627,-0.0033730937,0.014805753,-0.041565996,0.0,0.007082308,0.005190799,0.0013245693,0.005235069,-0.0048098746,-0.019913241,0.004580503,0.10355914,-0.0022501375,0.004569871,-0.01654988,0.008168834
2013-10-08,0.0032836022,0.024606213,0.0063942256,0.019424947,0.0062842136,-0.0134671,0.003655186,0.012804153,-0.0031809998,-0.0019001351,0.004398468,0.011648098,0.020337483,0.0024488738,-0.0040981,0.016017353,-0.002225452,0.012268551,0.011885405,-0.024914257
2013-10-09,0.00053873274,0.016290668,-0.0019167175,0.006592314,0.00693552,0.010126834,0.002742153,0.0013511442,-0.0014027163,-0.009198538,0.022401432,0.027242942,0.004854101,-0.03970539,0.0091715455,0.008773046,0.01227726,0.022384256,0.025512371,-0.0010983348
2013-10-10,-0.00405448,0.0,-0.0011793786,-0.027856678,-0.00040603976,0.007124839,0.008879588,-0.012533744,0.02473582,0.029203018,0.014831889,-0.029082233,0.017290968,0.09418529,-0.009846651,0.035251945,-0.014203409,0.009621801,-0.0067473836,0.029818295
2013-10-11,0.015310422,0.004883037,0.0031116423,-0.00530109,-0.0061828955,0.010615118,0.0,0.009520455,-0.0023866761,0.008294816,-0.009236811,0.02368955,0.0027588287,0.012698688,0.0,0.00050594675,0.008255078,-0.008015381,-0.022214513,0.021961274
2013-10-14,0.019752799,0.003845051,-0.0008019572,0.022635031,0.0012986765,0.0019972108,0.028050015,0.0028261163,0.0035745462,-0.010707824,-0.004044173,0.0033649027,-0.020043446,0.014228408,0.0019441893,0.013087114,-0.0020975298,0.022381887,0.014162847,-0.0053635864
2013-10-15,0.0043337406,-0.007514031,-0.0051400443,-0.0021650763,0.013348277,0.012209293,-0.007836547,0.0009116384,0.012308634,0.00016287089,0.012898493,0.02716041,0.018503226,0.02642764,-0.021184737,-0.0062215733,0.014072542,0.022412404,0.0005425029,0.003903267
2013-10-16,0.006352162,-0.06406998,0.002834497,0.010010733,-0.0008129398,0.008895508,0.029852146,0.0033274188,-0.0068611535,0.017574629,0.0060899006,-0.0008974364,0.011017122,-0.013475931,0.033519905,0.016941473,0.002894706,-0.005919269,0.008651183,0.0037413617
2013-10-17,0.00055903586,0.020355687,-0.021960458,0.013306019,0.00295942,-0.006862402,-0.08256542,0.0050020902,-0.028841546,0.03745933,0.004177672,0.00628393,0.012569766,0.017204927,0.00013908779,-0.0016739214,0.015568575,-0.012921693,0.0070550716,0.004371277
2013-10-18,0.0056039123,0.013841853,0.043521434,-0.019058121,0.010469401,-0.12880349,-0.01709981,0.0089618405,0.033809282,-0.003912525,0.006513977,0.019030742,0.0038354069,0.011183971,0.00067892065,0.0063521643,0.0038874522,0.056859493,0.025937485,0.036852624
2013-10-21,-0.007167175,0.019606598,-0.016569031,0.018675076,-0.012285127,-0.005841643,-0.0030722786,0.0034901844,0.010473164,0.017175224,-0.010671669,0.005181424,-0.04736335,-0.0271555,0.003451744,-0.0077528083,0.005970227,-0.0055892197,-0.0025142888,-0.029217193
2013-10-22,-0.01576716,0.023073016,0.019799158,-0.0013765752,-0.0042860922,-0.12638958,-0.1260107,-0.00021072393,-0.0007370726,-0.025852412,0.015079605,0.015595179,0.020519936,0.04458437,-0.01025823,0.018858088,-0.015767805,-0.010141267,0.0,0.025993988
2013-10-23,0.005141194,-0.012907194,0.022402223,0.026155768,-0.0016927642,0.015575576,0.0046716766,0.010851938,-0.00736732,-0.0030233923,0.009415321,0.0,0.011297168,0.0151389055,0.0092443675,0.0052327765,0.0023455045,0.0019690408,0.0067055128,0.009868847
2013-10-24,0.0071959165,-0.011252277,0.005455661,-0.0033607464,-0.0028821416,0.031387977,0.013798404,-0.013105881,0.03972562,0.0048435084,0.005955615,0.0,0.009104294,-0.011901624,0.00277073,0.008347484,-0.010682993,0.016654423,0.0045107417,0.026397217
2013-10-25,0.014172137,0.0066821156,0.018590083,0.019924698,-0.018432938,0.0010590979,0.008726174,0.017522886,-0.020098003,-0.027226076,0.0076600434,0.0115937665,-0.0020723366,0.015272713,-0.0023311623,-0.0011217461,0.012251918,0.022205357,0.023265641,0.017482864
2013-10-28,0.0118098045,-0.0004227077,0.007385169,-0.01292911,0.0053328415,0.0078630205,0.015245987,-0.0035281593,0.0065429863,-0.028976299,0.0027505965,-0.011888642,-0.0018316453,0.014288244,0.002793652,0.01103609,-0.01249276,-0.0018670965,0.0034971784,0.0040964177
2013-10-29,0.009626836,0.035027493,-0.0023249313,0.008241138,0.0020780002,0.00313953,0.0075029475,0.0018469036,0.008728294,0.06261666,0.013861003,0.010011654,0.0018206992,0.004348524,0.001586297,0.003397632,0.026673129,0.0024659855,0.013949383,0.003559764
2013-10-30,-0.0067391307,-0.007987404,0.016963284,0.0011908496,0.027491782,-0.054033723,-0.00063430495,0.016985606,0.017550392,-0.057049144,0.0010035437,0.0037522807,0.0056671165,0.0025013986,0.01108357,0.016888883,0.0251237,0.013958926,-0.008895345,-0.0013917865
2013-10-31,0.0063394164,-0.0018783568,-0.041267693,-0.001363764,0.014079212,0.035474326,0.027730294,0.012728324,-0.005174329,0.0135639105,0.017216323,0.010237311,0.013860848,0.0024314355,-0.0013926883,0.008033878,-0.00906989,0.00093682454,0.018714953,-0.0043273554
2013-11-01,0.015542924,0.035127528,-0.026688969,0.008197548,0.03236412,0.0072446796,0.0038930064,-0.010359692,0.0023604562,0.027444718,0.0009246579,-0.0018596457,0.0039896793,-0.06981834,-0.01791653,-0.004086213,0.0040491764,0.0029005008,-0.01732757,-0.01190576
2013-11-04,0.0061976644,0.005244701,0.05491029,-0.0053966967,-0.013903083,0.01881976,-0.025348106,0.00010465511,0.013830268,0.013854211,0.00028886192,0.006640822,0.0031797988,-0.010360654,0.0010496366,0.035116978,-0.025262848,0.018665306,0.013935299,0.003769251
2013-11-05,0.0041116755,0.0185998,0.008557512,0.035026502,0.011284685,0.02088723,0.0062553445,0.033105146,0.009513585,0.012053653,0.018719565,0.011874922,0.0026211166,-0.0021835628,0.006434167,-0.0036034612,0.015803551,0.014592209,0.008641894,0.0042542717
2013-11-06,0.00029265016,0.0041273073,0.021221662,0.003515793,-0.014250357,-0.0064246035,0.007103941,-0.006081815,-0.0051776245,3.22381e-05,-0.027476843,0.0,0.007263512,0.010337335,0.009117693,0.008877525,0.015467967,0.0,-0.0010623615,0.0058123576
2013-11-07,0.005425418,-0.0026423899,0.0019720725,0.01844064,0.0,0.0035814133,0.002696644,-0.008309148,0.0034386565,0.025927065,4.5099045e-05,0.013176156,-0.0003009355,0.005480961,-0.008060654,0.0035676614,0.0005381977,0.0060053067,0.0032470643,-0.016334556
2013-11-08,0.0044160765,0.0139640905,0.00763387,0.019722238,0.008723371,-0.0011587442,0.008200139,-0.000692305,0.011513596,0.01697779,0.012387439,0.00059141975,-0.0025191742,0.007337478,0.010866956,0.019005302,0.0013622432,0.02516757,0.002601169,0.00087012263
2013-11-11,-0.013897963,-0.01740006,-0.0043800874,-0.035142247,0.010468458,-0.02504084,0.0021502015,-0.039092463,0.006844584,-0.021145808,0.00049208716,0.016137421,0.002884662,0.026274007,0.011918744,-0.023433365,0.015070206,0.00068151846,0.0108496295,0.0056839003
2013-11-12,-0.0153391315,-0.0018556875,-0.013452097,-0.004740316,-0.029362109,0.0067999247,0.009684478,0.004692249,0.0033380862,0.02471031,0.0035681932,-0.0025712985,0.009456813,0.008503484,-0.00884451,0.0038908361,0.0,0.006310523,-0.02431814,0.00013762453
2013-11-13,0.0006709466,0.015671523,0.07057455,0.014177031,0.02617347,0.010597257,0.0089195045,0.01910198,0.0055155205,0.0041993274,-0.006907448,0.007967237,-0.010550177,-0.001024076,0.010889606,-0.012458475,-0.008698891,0.0066450024,-0.005615642,0.0011186237
2013-11-14,0.012346109,-0.017692534,-0.0034794123,-0.019341132,-0.0067496626,0.023155639,0.010323311,0.015390079,-0.016190134,0.0,0.00090065825,0.001992159,-0.011415338,0.0042795157,0.0118991025,-0.0025867193,0.0016914398,0.0034187613,0.012801143,0.00014932515
2013-11-15,0.0053712837,0.0003925252,0.021388816,0.061026588,0.009199794,-0.003248134,0.011472114,0.011436907,0.017285796,0.017554384,0.0065567573,-0.002899458,-0.002108736,0.0008028654,0.0048759263,-0.012621582,0.017403817,0.011104285,0.0127832,0.021255868
2013-11-18,0.002473766,-0.016228769,-0.005557498,-0.01222065,0.007052064,-0.023902614,0.0128349615,-0.0028087364,0.007804552,0.012524216,-0.03367964,0.0012774873,-0.005553521,-0.006117479,0.0006732701,-0.00096929114,0.01564053,0.001592915,0.0033465677,-0.0018973377
2013-11-19,0.0022538377,0.0018615954,0.010931792,0.0385391,0.013596719,0.011802067,0.0059849746,-0.001776135,-0.033735644,0.010729645,-0.011645391,0.029894488,0.002652348,0.011490488,0.0065508154,-0.00085457944,-0.04015551,-0.007110362,0.015184838,0.0021937361
2013-11-20,-0.0076875747,0.021326281,0.0026679062,0.032037538,-0.0134146195,0.044432886,-0.0049039847,-0.009080163,0.020678643,0.0049483115,-0.0050298595,-0.040132135,0.022327907,-0.08794512,0.0070569552,0.007321864,0.008517693,0.0038402448,-0.0010029764,0.004088196
2013-11-21,-0.0012099067,-0.008590713,0.017354054,-0.0301199,-0.0010587147,-0.12827195,0.006690078,-0.0009637291,0.02335085,0.0025026412,0.0055058976,0.02777718,-0.009619998,-0.010390066,0.010531816,-0.00027834045,0.012860818,0.034651015,0.02754136,-0.0050447294
2013-11-22,0.002879287,0.032569107,-0.05138592,0.011862377,0.0065320614,-0.024233673,0.0,0.023132125,0.0035657005,-0.00538295,0.0033400876,-0.012374954,0.044518847,-0.034513585,-0.00913551,0.019170932,-0.0073778355,0.028986594,0.0062881284,0.0060614427
2013-11-25,-0.009143882,-0.006663724,0.030459259,0.0051767053,-0.003740917,0.0045083617,-0.00068652665,-0.002823902,-0.0040539964,-0.007830341,0.029726861,0.035090372,0.0075394157,0.02044994,-0.005288414,0.0056565986,0.013554106,-0.0011093966,-0.010533681,0.0028600893
2013-11-26,-0.0010022089,-0.0024973936,0.0050968085,-0.0066648005,0.015820656,-0.046426628,0.02251799,0.0026593283,0.004310764,0.010811468,0.0032413783,0.001868391,0.0,-0.00073126686,0.010462188,0.01853624,0.0022743132,0.014925517,-0.005107393,0.0057609025
2013-11-27,0.00973095,-0.005846177,-0.0068209795,-0.0005506194,-0.0334315,0.061943997,0.0011980311,0.03825142,0.0040391376,0.013240271,0.0152785545,0.018180776,0.0108779445,-0.0013112723,-0.010178917,-0.025180507,0.0,-0.0044214455,-0.0026976296,0.0012754713
2013-11-28,0.013580874,-0.021570202,0.027798837,0.026157748,0.017404191,0.0064067375,0.016701542,0.017028164,0.020002685,0.0009607859,0.008174872,-0.0077197817,-0.008416851,0.02393266,0.020377487,0.0061137956,0.002804138,0.018228745,0.014317042,0.010464259
2013-11-29,-0.015022268,0.017658873,0.015691796,-0.0007289556,-0.002574165,0.0028701192,-0.0086002955,-0.024112342,3.8509916e-05,-0.00055020925,-0.0032155374,-0.008915867,-0.007828891,0.013905556,0.0070704315,-0.021151159,0.017337592,-0.0016448756,-0.0015110569,0.007504799
2013-12-02,0.0115811275,-0.019713324,-0.005287353,0.021235414,0.006582648,0.010517174,-0.021926537,0.0147717185,0.02049082,0.03178295,0.018076314,-0.0013146545,0.022296552,0.023164272,0.013378706,0.03818317,0.0019040428,0.016275855,0.0214797,0.011494527
2013-12-03,0.006108218,0.0443446,0.036415078,0.0072677718,0.004737052,0.015754133,0.027018245,0.006949493,0.012821723,-0.0015463429,-0.004579183,-0.018638417,0.005175029,0.014107344,0.0042468607,0.0072610932,0.020179057,0.004109279,0.0060273465,-0.0014368653
2013-12-04,0.011479404,0.01368139,0.007733223,0.0024436512,0.02076673,0.003560984,-0.004912335,0.014022757,0.0017157563,0.010325972,0.0022558516,-0.0016463444,0.01417185,0.0036058528,0.002591867,0.0054318174,0.0052548484,0.011736625,-0.015282412,-0.0030409882
2013-12-05,0.0,0.010503137,0.003104817,-0.0024786154,-0.0055578016,0.0027805748,0.0023124313,0.0013643163,-0.003849737,-0.0042880476,-0.0118575785,0.03249506,0.014874754,0.0063299993,-0.0036790043,0.0068967636,0.007769862,-0.013682568,0.002975956,0.019663619
2013-12-06,-0.01071641,0.0026214994,0.0062727933,-0.02955057,0.00509603,0.02565607,0.0,-0.00510718,0.02090215,0.015525761,0.013596479,0.012360696,-0.000106516745,0.0049067303,-0.016874889,-0.016716283,0.0015587787,-0.077151604,0.031671632,0.008897746
2013-12-09,-0.0028151989,0.04036368,0.007653812,0.009955208,-0.0017283111,-0.0019363146,-0.014362722,0.006722739,-0.0020198938,0.01414707,0.010416601,0.026926879,0.0055940403,0.0021239088,-0.0038616355,0.027502596,-0.005950881,0.054401625,0.009216928,0.00460123
2013-12-10,-0.003276711,0.0028212937,0.0043744985,0.01698756,0.016686872,-0.002100448,0.03494439,0.0079361815,0.00833178,-0.0054534404,0.0046352483,-0.002499767,0.0068041156,-0.00087546784,-0.027582807,0.009916816,0.01299155,0.020968657,0.021361617,-0.009445563
2013-12-11,0.004222763,-0.13319981,0.0174243,0.0023805806,0.009558736,-0.007082999,0.009152423,0.0031528485,-0.0010647704,-0.011013715,-0.0028673813,0.002385176,-0.0008615063,0.010672536,0.008421111,0.021135118,0.014341248,0.008806006,-0.015958896,0.0
2013-12-12,0.001694697,0.0057559516,-0.0069933888,0.012423028,0.008045422,-0.0023151613,0.012859314,0.0049045384,-0.008761173,0.0018367656,0.008812748,0.0036823528,-0.026967216,0.011704371,0.006780656,-0.003568093,-0.006118443,0.0,-0.002569381,0.014172216
2013-12-13,0.014932089,0.01109102,0.011865017,0.010574094,0.0054317033,0.018572232,0.0063509266,0.0,0.0052748458,0.008547681,0.0041870587,0.0064784735,0.003815604,0.0072524664,0.012230562,0.008430759,-0.0073663658,0.0041951747,0.012240988,0.012626465
2013-12-16,0.00052725273,-0.00483814,0.0016317165,0.0034899658,-0.0019427713,0.0013716617,-0.00075942784,-0.0030319148,0.0150375115,0.0055460515,0.001459701,0.0041516884,0.0,-0.0031753257,-0.0075218347,0.00627123,0.0026918014,0.035420105,-0.0050252085,0.0018379027
2013-12-17,0.007057952,0.0060012,-0.0012536652,0.0033417107,0.024863916,0.029249491,0.012427289,0.009494634,-0.003336442,0.0,0.006633118,0.004409722,0.0022254332,0.03358081,-0.00048729562,-0.0050989706,0.003821029,-0.017922748,0.03326133,0.0065050074
2013-12-18,0.014013625,0.009301707,0.022162965,0.0,-0.008930182,0.016940057,0.005592957,-0.0030824873,-9.589547e-05,0.008343081,0.009667893,0.0048008533,0.021517849,0.0048632463,0.0032458326,0.013401312,-0.00023993204,0.013046491,-0.0034877157,-0.0016838666
2013-12-19,0.0017318705,0.000951589,0.012364368,0.0068867235,0.006775453,0.006457319,-0.021769963,0.005110312,0.007269237,-0.024014875,0.004757063,-0.005016259,0.007467922,0.017560279,0.013039549,-0.00089027476,0.021910448,0.0,0.011626992,-0.010016681
2013-12-20,-0.0058063897,0.013722113,0.0034873586,0.012439445,0.0,0.005319298,0.005427528,-0.015148093,0.012303729,-0.0041498323,0.00068817567,0.022990327,0.013088495,0.0050189164,0.010401172,0.01506183,0.00042725162,-0.0031710747,-0.012743597,0.0005815695
2013-12-23,0.010678402,-0.0230447,-0.0068499637,0.0046468345,-0.0004869798,0.0065865056,0.018016716,0.004187687,0.0005178682,-0.0005130483,-0.0022469624,0.011057071,0.0,-0.0024059399,0.01237906,0.0028680563,-0.007016827,-0.013679159,0.02049056,0.004334264
2013-12-24,-0.0056078834,0.00033907325,9.3414084e-05,-0.0012019059,0.005619698,0.0014069568,0.006065086,0.008975529,0.010204408,0.015070598,0.010510131,0.007861623,-0.012385936,0.0053654243,0.015955778,0.01309503,0.01029194,-0.00903787,0.00205636,-0.0030351127
2013-12-25,0.003924988,0.04950475,0.022978498,0.010124583,-0.0005216152,-0.003692777,0.0036489016,0.008822123,-0.0021249335,-0.0039248853,0.013961828,-0.0031065491,0.016051983,0.002859549,0.0,-0.011476928,0.0024760205,0.023980767,0.00262487,0.026872493
2013-12-26,0.0054898006,0.0028911182,-0.016079284,0.006101337,0.052199952,0.02676938,0.0010971798,0.016017223,-0.03759074,0.012325848,-0.00023315693,-0.056679156,0.00562008,-0.029047748,0.0069319764,0.0071875253,-0.0069881235,0.0072738193,-0.0010650726,-0.05360434
2013-12-27,-0.005669896,0.035177633,0.0019952536,0.01807566,-0.013910558,0.010360692,0.0063631027,-0.004234036,-0.024176886,-0.0023248086,0.0033655288,0.019697174,0.017516168,-0.041695137,0.0018537581,0.010907555,0.015849004,0.051685784,0.0012994499,-0.0051326626
2013-12-30,0.025320744,0.026532488,0.02404579,-0.0030457517,0.02043063,0.01235053,0.0028997476,0.019197948,0.0048937076,0.014960693,0.020495346,0.01331362,-0.011059947,0.00078644755,0.006584134,-0.003382411,0.012672791,0.050856188,0.0025537997,0.022317702
2013-12-31,0.0025066035,0.01791842,-0.008179542,0.00691502,0.0085772285,0.004055855,0.0074921446,0.000102754915,0.017273983,0.020356454,0.03415252,0.008040836,-0.007908253,0.0073617627,0.034632992,-0.0076529207,0.0042564864,0.011677401,0.005125404,0.02178529
2014-01-01,0.008551505,-0.005765743,0.016786076,0.013567467,-0.003949981,-0.00429563,0.005385716,0.01557756,0.007061932,0.0025172443,0.002406045,0.0,-0.0042936043,0.012296566,0.0071702367,-0.022409363,0.00016292479,-0.049730733,0.00702863,0.0015037642
2014-01-02,-0.00443781,0.007375556,0.002013583,-0.006710562,-0.037981037,0.0013475169,0.014872466,0.008388586,0.0036782704,0.01141192,-0.022513261,0.006479512,-0.0051626377,-0.027584892,0.011033504,-0.00035893463,0.00041172354,0.028958555,0.007966033,0.02256402
2014-01-03,-0.006157749,0.007337205,0.010735774,0.01623454,0.005760312,-0.0001205328,0.010460319,0.00696329,0.0,0.0053540394,0.026312154,-0.0015969926,0.01108323,0.023137512,0.0037223257,0.03201411,0.004083419,-0.03581742,0.007758096,0.014243074
2014-01-06,0.012499009,-0.005642357,0.011799618,0.0058504906,-0.028384635,-0.0016291193,0.0075947223,-0.022573795,0.06552482,-0.017396724,0.0023520247,0.012531525,0.0023055433,0.0015585237,0.012870883,0.0014982974,-0.008618496,0.00092530553,0.008873318,0.011908782
2014-01-07,-0.00056560815,-0.0057372833,-0.025815763,0.003195263,0.065136164,0.009971135,0.0013930238,-0.0042192917,0.034775257,0.01518442,0.013616397,-0.00050885254,-0.004956526,0.03569181,-0.006115674,0.013757105,0.0,-0.038204487,0.0041731503,0.007268805
2014-01-08,0.034701027,0.01278529,0.005477346,0.005691574,-0.041171778,-0.0024604856,-0.0030556186,-0.039752744,0.020559898,0.0031021829,0.026004938,0.0054418524,0.0075949063,0.0026306645,0.0017027209,0.00320341,0.0026305972,-0.0027983722,0.0116949985,0.014379714
2014-01-09,0.006927035,-0.00039710884,0.014102683,-0.0103551,0.018271817,0.0043891906,0.0066694757,0.0021716426,0.015238576,0.011061873,0.08840593,0.02188185,0.038040765,0.0017981539,0.017962983,0.008033655,-0.016230399,0.028887002,-0.002166824,0.01742007
2014-01-10,-0.009893752,-0.01275058,0.020705832,0.014498842,0.0082864035,0.00036030367,-0.00023352956,0.002615711,-0.0077339285,0.0054409793,-0.005946669,-0.027235473,0.066772886,-0.038377844,0.004905076,-0.005725352,0.036403652,-0.00030267992,0.00430377,-0.013487889
2014-01-13,-0.003663622,0.011339207,0.0068075294,-0.0073081334,0.00012028202,0.004135231,0.004986242,-0.07932191,0.03420505,0.00487709,-0.07278678,-0.036130738,0.01537738,-0.008361875,-0.027686324,-0.00054038473,-0.049796302,0.0024104705,0.00730336,-0.00881939
2014-01-14,0.0011633943,-0.010307996,-0.030395212,0.02114532,0.006306143,0.024898266,-0.0021127467,0.061887633,0.009691818,0.015247987,-0.0028184203,0.009295917,0.009329331,0.006754521,0.004308375,0.008437157,0.014034774,0.026289646,-0.0077683786,0.0042369664
2014-01-15,-0.13644876,0.02978261,-0.042480636,-0.00060151936,0.047753815,0.021126952,5.4121025e-05,0.013047523,0.004106143,0.0027152621,-0.015905878,0.00357349,0.023382276,-0.015561284,-0.0023472882,0.018256847,0.020739025,0.022034822,0.008429305,0.0042448156
2014-01-16,-0.0030097435,-0.011689885,-0.00025192962,0.005272336,-0.0032631569,0.0032617566,0.0048115775,0.00045351265,0.0077602924,0.012190291,0.01697202,0.0129084205,-0.024221797,0.030478835,-0.024609078,0.0137092015,0.0417666,-0.00026900752,0.0043134587,0.016087279
2014-01-17,-0.010487821,0.0016780811,0.032113954,-0.021196445,-0.051148847,-0.0022364303,0.012150174,0.029679175,0.013306033,-0.007945811,0.018431973,0.0041396054,0.0089381905,0.03505159,0.0019215862,-0.007017295,0.008181194,0.010402936,-0.0017249412,-0.048621166
2014-01-20,0.023373662,0.030026665,-0.027547551,0.00015490722,-0.063563295,0.00071676995,0.0012409851,0.01859975,-0.0150894895,0.007617057,0.0017026518,0.0079799965,-0.009598819,-0.010053259,-0.055202838,-0.0042936876,0.0027945924,-0.03248778,-0.0069292025,-0.015028517
2014-01-21,0.0086492,0.009789415,-0.03723246,-0.005618672,0.02002548,0.034318868,0.0037381796,-0.0019635113,0.0040538064,0.011685622,-0.0016146082,0.0123398015,0.04430039,-0.0036163842,0.0007185437,-0.016561534,0.008438851,0.037725136,0.005634887,0.013773512
2014-01-22,-0.011896828,-0.0062326835,0.010594488,0.019547047,-0.09304062,-0.011430791,0.003491218,0.006720627,0.030493056,0.009517276,-0.009463783,0.0037880524,-0.020351624,0.032679487,-0.038499903,0.00051203644,0.0031613575,0.035089828,-0.0012422118,0.025719937
2014-01-23,-0.0028310274,-0.07982814,-0.002243608,0.040714223,0.009906042,0.007115352,0.0075484975,0.015428035,0.0074145896,0.0024369392,-0.02115598,0.0019709836,-0.0018103248,0.0013969186,-0.0025769854,-0.013563805,-0.010133329,0.0034405321,0.009777764,0.015484686
2014-01-24,-0.024200846,0.02977155,-0.0069317757,-0.005807942,0.0042300057,0.0042871097,0.004253861,0.0032965771,-0.004999765,-0.0025484166,0.012529893,0.007264876,0.0,0.005870796,-0.021356447,0.017625581,-0.031211885,0.0029776113,0.0066984,-0.010722936
2014-01-27,0.015053812,-0.019976769,0.021205924,-0.0007337182,0.05031065,0.023194408,0.0073998156,0.011838097,0.0055092643,0.002398102,0.010490047,0.0045281723,0.0029999516,-0.030379064,0.049400155,-0.007974782,-0.010524218,0.0042303535,-0.0030569455,0.0031322015
2014-01-28,0.027331877,0.010669879,0.008405968,-0.035275128,-0.00752598,-0.006923798,0.00565819,0.0081240395,0.019259468,0.0042788037,-0.0019118077,-0.029812323,0.024216639,0.014302378,-0.011172421,-0.05822427,-0.002694565,0.016788172,0.01408843,-0.007840755
2014-01-29,0.0030459494,0.008353693,0.018396595,0.028812826,-0.0022894389,-0.12741883,0.0073010367,-0.0005008944,-0.0036083774,-0.01729529,0.004098635,0.0029270586,-0.002250313,-0.0046987217,0.0049050315,0.0127441995,0.025715854,-0.004851292,-0.011077829,0.00033598195
2014-01-30,0.006941135,0.0,0.0012060549,0.011461052,-0.01052842,0.00890056,-0.022138003,-0.013824507,-0.016722072,-0.0053722262,-0.026836254,0.04027047,0.034583136,-0.010925113,0.0298125,0.019005373,0.0013493573,0.0048672515,0.0072489423,0.022401936
2014-01-31,0.0077335164,-0.0007015891,0.020006202,0.04424356,-0.1142642,0.073657304,-0.0071637505,0.014514542,0.0042321226,0.025832057,0.011016158,0.0042023817,-0.0053934306,0.009090233,-0.004797858,0.0072924867,0.0073685106,0.012652521,-0.016631477,0.011186626
2014-02-03,0.0070479247,-0.023136862,0.044102117,-0.0178221,-0.017903613,0.013844738,0.0071645556,-0.003386889,0.0051318035,-0.0008773792,0.0050291233,-0.09174938,0.0003358847,0.004616862,0.004806294,-0.0081464015,-0.004893434,-0.0026463037,0.0087361075,-0.06467905
2014-02-04,0.053916555,0.013755343,0.0026049872,0.0020799413,0.008131942,-0.011883752,0.0017724369,0.0069388174,0.057925638,0.0038164726,0.0141871795,0.00860782,0.0019894657,-0.03564998,-0.008103809,0.011189219,0.016738087,0.0027642143,-0.010029527,-0.008409114
2014-02-05,0.004673859,0.01978933,9.9642086e-05,0.00885884,-0.033418916,0.06773159,0.0015731717,0.012043475,0.005480855,-0.0003786389,0.003384871,0.013762842,-0.007403303,0.0,0.01323729,0.01385026,-0.0016791902,0.0033249762,0.007071585,0.007072906
2014-02-06,-0.009976251,-0.04943695,-0.016186424,0.0013215743,0.025628438,0.013850105,-0.0053045945,0.0011545772,0.0006123229,-0.004268255,0.006993677,-0.012590513,0.011782544,0.012032382,0.020400083,0.0,0.013603973,-0.012213618,0.004839243,0.013540998
2014-02-07,-0.05262567,0.015167112,-0.034985874,-0.0018938759,0.08834616,0.00460545,0.0089450795,0.0034505469,0.017648969,0.0018442873,0.0020174587,0.010471015,0.017393576,-0.0045422735,0.0100406,0.0068396744,0.0064853705,0.01700032,-0.009607393,0.009235903
2014-02-10,-0.049529765,0.005521515,-0.0048217997,-0.0003934356,0.069749,0.0,0.0028325433,0.034665264,0.026037483,0.0034931155,-0.06283915,-0.04881522,0.01227907,0.021821301,0.006692184,0.014176986,0.029258851,-0.0032540935,-0.009263133,-0.00097210373
2014-02-11,0.0017056441,0.017356567,0.0029415241,-0.00010061622,0.0001014876,0.016955545,0.0037236763,0.003189634,-0.007575125,0.025032004,0.022888975,-0.00078013644,0.03420637,0.001803926,0.0038620334,0.026355991,-0.0013768456,0.008625368,-0.0034122574,0.012378087
2014-02-12,-0.008202666,-0.0025108138,-0.012147286,-0.00025278502,0.03835057,0.0014252715,-0.0003354974,0.044271212,0.0015469273,0.012140921,-0.0020581244,0.08997624,0.0,0.013437728,0.03176646,-0.007218079,-0.015590153,-0.0018105456,0.023076724,-0.0002454697
2014-02-13,-0.014395127,0.0021989946,-0.0017297586,-0.0023652276,-0.03412442,0.0042267926,-0.0164214,0.004396849,-0.002730286,-0.008203021,0.0,0.0072241332,0.0070802416,-0.0032530958,-0.017508626,0.00041042897,-0.010757066,0.0054470645,-0.0003994545,-0.039694477
2014-02-14,0.03028393,0.0024032698,-0.0007086261,-0.00025216385,0.025561,0.027525527,0.0027193907,0.008222312,-0.0047376775,-0.0019441134,0.0,0.014507368,-0.027262706,0.03886672,-0.004726433,0.0076800874,-0.015230193,0.017376196,0.0027733988,-0.0004764506
2014-02-17,0.014954239,-4.8936443e-05,0.0005785899,0.0044536134,-0.044139836,-0.0032093434,-0.014870599,0.0070341006,0.0,0.0038956027,-0.0008174987,0.0068812924,0.024451265,0.0032759288,0.0130667,-0.014718381,-0.00010521269,0.021854427,0.013260566,0.021568391
2014-02-18,0.04754872,0.009558331,-0.015094432,-0.056508657,-0.027261274,0.0035727655,0.0028232879,0.008025805,-0.06517719,-0.03976271,0.011792728,0.047414683,0.020244302,0.0008406938,0.0027038027,0.013797206,0.005218497,0.008942289,0.008230419,0.002688739
2014-02-19,0.009689007,-0.0066340137,0.013179741,0.012382217,0.012435807,0.04314812,0.0019884326,-0.066074796,0.026748069,0.030163666,0.0024044309,-0.003517905,0.021285584,-0.029053709,7.673317e-05,0.0005940094,0.0018617116,-0.006934331,-0.01013543,0.040818036
2014-02-20,0.027462242,0.013377457,-0.0009392645,0.0038011728,-0.06094608,0.013841126,-0.002317153,0.004325392,0.0059816875,0.027674278,0.026606256,-0.008591809,-0.014455583,0.0033714343,0.0046522804,-0.004989416,0.0,0.008405535,0.0064534172,-0.003912048
2014-02-21,0.019693736,0.012167579,0.04490097,0.01505404,-0.021172605,0.008962259,0.00934618,0.0042186924,0.03532896,0.005861856,-0.029799769,-0.005239628,0.0011449369,0.005609766,0.010660692,0.017566727,0.0015590844,0.02491633,0.004397018,0.028762959
2014-02-24,-0.0051562875,-0.0043100785,0.0022859995,-0.028912423,-0.032534726,-0.011519648,0.006599249,0.013931639,0.03724039,0.0069042505,-0.01558851,0.015375775,0.003480414,-0.001718533,0.0011346086,0.00863998,0.003492075,0.0042384597,0.019763961,-0.001647629
2014-02-25,-0.0059088496,0.0,0.019281784,0.05903585,0.020501286,0.0004493571,0.01876781,-0.012379149,-0.013946312,0.016637228,0.026323678,-0.00072144147,0.011740089,-0.0016202559,0.0031944655,-0.012860487,-0.00094099046,-0.021206748,-0.009129318,0.025085079
2014-02-26,0.033955228,0.021041598,0.014099255,0.0033316244,0.01415493,-0.0024030958,-0.0003739813,-0.0022360154,0.0041626203,0.0062887156,0.064644344,0.011478841,-0.0015184308,0.013123802,0.023001999,0.004536323,0.0028919615,0.005859989,0.009450975,0.015538614
2014-02-27,-0.0010835445,0.0,0.0087128235,0.003434228,0.05190721,-0.13249432,0.011328149,-0.0036841675,0.03675822,0.009550895,0.0083074495,-0.0032572276,0.006896724,-0.01612417,-0.014960661,0.014688743,-0.022420486,-0.015538441,-0.00064128864,-0.00853475
2014-02-28,-0.016513873,-0.005388993,0.009170049,0.0135385,0.03992298,0.024701884,2.9332357e-05,0.007817298,0.006554553,-0.0077840714,-0.0014027788,0.014546408,0.004234218,-0.009636901,0.00048224,0.0013981026,-0.0035129255,0.039419554,0.004912825,-0.010599359
2014-03-03,-0.008156878,0.0010899684,-0.003657587,0.028433355,0.014153931,0.024551477,0.0050724745,0.002052374,0.006381114,0.013644008,0.010472072,0.0055277767,-0.00030722097,0.010971264,0.0045401556,0.0042992486,0.02092333,-0.00481399,0.008624538,-0.005165002
2014-03-04,-0.06513527,0.01348988,0.0026986136,0.0011317852,0.0069311433,0.026676947,-0.0010756567,0.026794093,0.0068424335,0.010415329,-0.021345094,0.0068087545,0.010653966,0.023180727,-0.00071020005,0.014972731,0.0041167494,-0.00723487,0.0046055247,-0.0010412228
2014-03-05,-0.0042347373,0.012949012,0.0029152727,0.011801141,-0.009892594,0.00085900066,0.0036076435,-0.022153437,0.010949517,-0.013554901,0.04676006,0.0040401802,0.009031553,0.005666683,0.0029368335,0.014091221,0.04063258,-0.051622137,-0.008676808,-0.004061245
2014-03-06,-0.0015243276,-0.0037817569,0.00424934,0.0004119492,0.0063590785,-0.01588764,-0.013103265,0.030444684,-4.714653e-05,0.008183743,0.002744195,-0.007957782,0.007538121,0.0073364573,0.010388404,0.006714004,-0.0071500265,-0.034438036,0.0025811987,0.027290717
2014-03-07,0.024553275,0.013366877,-0.0064836508,0.04472962,0.0099562425,0.026951378,0.00219162,-0.002138388,-0.016739963,-0.00025292145,0.00078607135,0.020098172,0.0014375028,0.007671427,0.0004078915,-0.014326476,0.009603922,0.0042969203,0.004672392,-0.105173476
2014-03-10,0.04417306,0.015113369,0.018980738,0.009431844,0.016603665,0.0027301055,0.0032387553,-0.0007112615,0.020586113,-0.0014888239,0.03872851,-0.0028970842,0.0032430994,0.010479422,-0.0017496884,0.0081642065,-0.012845936,0.014832694,0.010878717,0.0054134773
2014-03-11,0.008092392,0.0,-0.009334888,0.017280376,0.011595553,0.036235996,0.012964348,0.0042816876,-0.03349867,0.006803978,-0.050830323,-0.0005961013,-0.011533487,-0.02351161,-0.0041471203,0.017004596,0.013649244,0.025306689,0.007363986,-0.048313
2014-03-12,0.044171292,0.0007355428,0.01410242,-0.016927196,0.007863272,-0.0049784333,0.0031003153,0.03410362,0.0054720747,0.005663646,-0.008956303,0.017306883,0.0097981,-0.003823185,-0.004557464,0.005655445,0.011920548,0.018912477,-0.0011233991,0.01497138
2014-03-13,0.0073844977,0.006797048,-0.0051188883,0.0007982438,-0.0108301975,0.03254229,0.0051604593,-0.008873942,0.009158031,0.0042342,0.019669106,0.011483204,0.011121453,-0.0016861178,0.0018782013,0.00096589205,0.013731399,-0.0026952715,-0.009907799,0.021246439
2014-03-14,0.0048597325,0.0045820978,0.0187736,-0.0068432856,-0.00046518317,0.008156443,0.001006126,0.008091231,0.004377272,0.00226986,0.012496661,0.008968068,0.0014007293,-0.0026068448,-0.007855527,0.0075168544,-0.008919099,0.0056605986,-0.0012021501,0.03607646
2014-03-17,0.008847969,0.0051309057,-0.011033924,0.020525107,0.007453812,0.00010589154,-0.0007542934,0.0,0.0013961612,0.0060612177,0.02526873,0.005469997,0.0012905622,0.018828502,0.011244741,-0.014998166,0.007274545,0.0110391285,0.016496044,0.0058013066
2014-03-18,-0.0026159203,0.014152184,-0.0025745963,-2.6575504e-05,0.012674454,0.0027090234,0.012866422,0.0118707605,-0.0022385374,0.0053049354,-0.012949875,-0.011814967,0.0061702086,0.0139773255,0.010368162,0.026280418,-0.0034784356,-0.0047253445,0.014288553,0.013616647
2014-03-19,-0.0011160669,0.00038572412,-0.0009457346,0.0013534224,0.0026887027,0.005353085,0.006008711,0.006570071,-0.0035620802,-0.011381247,-0.013418652,0.001453107,-0.016723096,0.00059749355,0.006090759,0.013856834,0.018428674,0.011026865,0.0035716253,0.0036466816
2014-03-20,0.008064858,0.014011117,0.011311101,-0.0039806827,0.0,1.2881399e-05,0.00861141,-0.030922625,-0.0050761583,0.0,-0.0053663035,0.0013800212,0.014171627,0.0042515383,0.011032036,-0.0016576544,-0.0324672,0.006106667,-0.012584412,-0.0022197955
2014-03-21,0.016280552,0.0028158512,0.005679939,0.025255566,-0.009114432,-0.0017829157,-0.002943783,0.019460276,-0.011839686,0.0037559664,0.0031084684,0.004430756,-0.008327453,0.004156457,0.0040532644,0.012313859,0.034640893,0.0067444383,-0.0045685875,0.024704682
2014-03-24,-0.027133802,0.008913619,0.0066898605,0.0350205,0.0077697695,-0.000119510536,0.004280442,0.0073136236,0.0066930824,-0.0011073386,-0.0001826582,0.0021808457,0.014794141,-0.0049175476,0.018531673,0.0015951124,-0.011520915,0.019098228,-0.0012940643,-4.3210435e-05
2014-03-25,0.007235162,0.0024333221,0.052826326,0.03267619,0.0068494696,-0.0075528095,0.001686157,0.0006287831,0.020240027,0.0015598484,0.015503074,0.0067409314,0.003767173,0.01402611,0.01257505,-0.010222601,-0.007221547,-0.00050913874,0.01735038,0.0054123183
2014-03-26,0.0024868287,-0.028226329,0.0,-0.034547552,0.022834184,0.0029725337,0.037679568,-0.0011131713,-0.008542943,0.0,-0.012570074,-0.027155371,-0.0037632918,-0.0031138007,-0.0011067363,0.0066477293,0.0064643407,0.010025075,-0.015765745,0.027129922
2014-03-27,-0.02493355,-0.003370245,0.010945631,0.021603527,-0.03779414,0.08198619,-0.00023300337,0.01711906,0.0018453528,0.003048387,-0.001133459,-0.00065960124,0.018642277,0.10266057,0.013569408,0.01405333,-0.0050037294,-0.028973006,-0.030895865,0.020644322
2014-03-28,0.019513866,0.0013355665,0.01857622,0.027713541,-0.0029541359,-0.04517813,0.002478966,0.00523454,0.0075329556,0.010453565,0.031022403,-0.012181762,-0.0033262656,-0.0295293,-0.022478705,0.010784993,0.054495737,-0.023138031,-0.0110772895,0.0026808712
2014-03-31,0.01330674,0.0,-0.028677596,-0.006656023,-0.02914081,-0.06517591,0.0046918434,-0.0012998688,0.01720308,0.01436604,0.0030885611,0.020712823,-4.8706133e-05,0.019034667,0.012262496,-0.011188955,0.03188999,0.019252613,-0.0063483287,-0.0005102784
2014-04-01,0.009066712,-0.020311018,-0.008695233,-0.00946422,0.009432871,-0.010200634,-0.016324699,0.0,0.0040281974,0.012598218,0.015818816,-0.0008643026,0.011472418,0.000470583,0.0026870419,0.0058274465,-0.010593347,0.012067189,0.013883742,0.00015407712
2014-04-02,-0.0025704356,0.024383467,-0.0011129448,0.023989068,0.08039774,-0.008406994,0.0074026906,0.0040176422,-0.0012613123,-0.005974405,0.03140436,-0.098078825,0.014029427,-0.0017827614,0.023946712,-0.006449692,0.0006459021,-0.0008667011,0.018298978,0.0042992206
2014-04-03,0.035368517,-0.0072878995,-0.002386434,-0.001960143,0.04894942,0.0019195712,-0.01062094,0.0075057866,0.00958021,-0.052480858,0.012619135,0.014184133,0.007240027,0.0005022662,-0.009979192,0.009958288,0.015095291,-3.801686e-05,-0.0029086415,-0.009033945
2014-04-04,0.00045057328,0.008976385,-0.13141547,-0.0042404197,0.00580222,-0.055366173,0.012983961,0.014259043,0.0011937312,-0.025005504,0.0005491101,0.0034346632,0.0043328214,-0.02965467,0.03219824,-0.0026856435,-0.0042422106,0.016390905,0.036389057,0.0043103406
2014-04-07,-0.013418017,-0.0014411833,0.04459363,0.03537088,-0.007961966,-0.035352904,0.0017590936,-0.013549515,0.002318519,0.0034314091,-0.018001778,0.014692215,0.01495603,0.025853185,0.013778788,-0.0001259235,-0.011063797,0.002623062,0.0034455108,0.018314952
2014-04-08,0.00052370003,0.024942046,0.022098668,0.003198261,-0.060767185,0.101884566,0.005029303,0.014364289,0.01446268,-0.01221122,-0.043778256,0.019670967,-0.0077434457,0.006602171,0.021451334,0.039749138,0.023314815,-0.0020527334,0.064631335,-0.01905287
2014-04-09,-0.0034098292,-0.006824976,0.006685105,0.012647511,0.04226057,-0.12276827,8.829296e-05,0.017554382,-0.0055735884,0.0036684503,0.01345854,0.009154811,0.010684271,0.035449106,0.000553632,0.00011076746,3.216016e-07,0.0,-0.010186423,0.01192974
2014-04-10,0.02610658,-0.00024966398,0.030959392,-0.002403625,0.012984257,-0.016049609,-0.007681137,-0.0049783513,0.0022279758,0.0,0.014181258,-0.022914076,-0.01900372,0.0049672313,-0.0018139797,0.0064537623,0.022483163,0.0007078208,-0.021260979,-0.0036681253
2014-04-11,-0.015480326,-0.003398179,0.0,0.0019983882,0.019583853,0.09377313,0.01562538,0.0014715209,0.00033679247,0.05717146,0.018535182,-0.014478329,-0.0049188253,0.028369755,-0.008166955,0.008061171,-0.009375566,0.006392781,0.0127003575,0.019063067
2014-04-14,-0.0011360293,-0.029421488,0.011994238,-0.002246924,-0.01853034,0.047526184,0.001865446,0.0037494453,-0.0014601764,-0.041720554,-0.015603801,0.015059429,0.0106109055,0.014050157,0.021085234,0.0106216315,0.018234575,8.8692956e-05,-0.12017155,-0.017265504
2014-04-15,-0.12890889,0.012509168,0.025177384,-0.0050934106,0.012152609,-0.016899426,0.017275842,-0.022650467,0.00033937377,0.04859901,-0.0009556147,-0.00038472112,-0.00065818697,0.021306952,0.010438698,0.0011760296,0.014829696,0.011597205,0.020984199,-0.007898364
2014-04-16,0.10513946,0.022368344,0.0035435276,0.014519291,0.0005626567,-0.06667775,0.011637703,-0.06429579,-0.00043000103,0.0138389105,0.015201141,0.0064281286,0.016364196,0.009753926,-0.0010234504,0.01150625,-0.032444436,0.014440338,0.009413829,3.0178388e-05
2014-04-17,0.05382845,0.011086581,-0.010969288,-0.02432811,-0.012797711,0.056608044,0.016903691,0.008185266,0.01315534,-0.008536482,0.011889273,0.0342047,-0.00423218,0.0,-0.0023565856,0.0,0.015284613,0.017481286,-0.0093689775,-0.0039884006
2014-04-18,0.01828404,0.003162051,0.013814946,0.008276856,0.0033467384,0.0056639058,-0.0013910665,0.0047109327,-0.016887113,0.019794803,0.011827078,0.01504916,-0.011526128,-0.006083542,0.0,0.024046885,-0.010370353,0.0100970995,-0.027463682,0.013638204
2014-04-21,0.02783099,0.0013072641,0.0020164936,-0.0029439991,-0.010169064,-0.007729465,0.0048147636,0.00039741985,0.020949628,-0.0006194278,0.019570436,-0.0005504897,0.013480485,-0.030652946,-0.00720659,0.014112512,0.01931555,-0.0018309179,-0.06745558,-0.0034211734
2014-04-22,-0.0026832158,-0.009611612,9.548428e-05,0.007884601,0.024817528,0.007158264,0.005171597,-0.0058203503,0.00034862154,-0.005535439,0.0,0.06914864,-0.0020828657,0.0029224248,0.007628723,-0.0071869837,-0.019699655,-0.0076976987,0.016717795,0.015806967
2014-04-23,0.026177447,0.010122411,0.004234519,0.015552588,0.030388897,-0.014920029,0.012300988,-0.01972372,0.03504049,-0.0036744396,0.0077696256,0.010785142,0.008346776,-0.012142273,0.04176681,0.005119074,0.004597952,0.013747983,0.10630608,0.02041451
2014-04-24,0.0075340266,0.0019333342,0.010433492,0.011864208,0.00039222682,0.0,-0.010988484,0.011607326,0.018664591,0.033567976,-0.005292202,-0.0026369295,-0.018422695,-0.0011385358,0.0044729174,0.018305367,0.012016718,0.0013841491,0.05548093,-0.012721365
2014-04-25,0.0048924703,-0.013820707,0.008157603,0.005366872,-0.010312845,0.03214088,0.008991802,-0.034218423,-0.021994332,-0.017255645,0.00028234586,-0.0042274604,-0.03776781,0.00481204,-0.0054609855,-0.001962454,-0.011019842,-0.00096802175,0.00892252,0.003635975
2014-04-28,0.0041705165,0.029718064,0.007893937,-0.00095251796,0.012349964,0.0046738517,0.00465441,0.025367014,0.0013510576,-0.0052140406,0.022188678,-0.0017260193,0.065551646,-0.057467937,-0.011510666,-4.133648e-05,0.013540817,0.010346334,-0.028122108,0.013961834
2014-04-29,0.010686078,0.0,0.011020143,0.0046095173,0.0,-0.0025277797,0.0016351754,-0.011947204,-0.00096499064,0.016922636,-0.041352972,-0.0020821902,-0.0019482563,0.030316794,0.008438125,-0.0040582307,0.0019152041,-0.057958733,0.026844872,0.013892076
2014-04-30,-0.011037618,0.009952007,0.00012888452,0.004212965,-0.008443748,0.012157884,0.005340075,0.000523553,-0.012581297,0.0069327056,-0.00033610628,-0.027844084,0.020284329,0.011289521,0.012392134,0.0075049833,0.0,0.00059796835,-0.0004147853,-0.0114600435
2014-05-01,0.023368163,-0.0068479073,-0.0056300918,0.013868663,0.013130727,0.007850138,0.0033563126,-0.008598879,0.030157547,0.002635886,0.010271123,0.0037060722,0.034056768,0.037174262,0.0070256605,-0.03866279,-0.0016453066,0.03354374,0.010027403,0.010659123
2014-05-02,0.012932713,-0.0024838927,0.0134957265,0.005184343,0.009769068,0.043221153,0.009119338,0.0041264873,-0.002305442,0.0093883565,0.0052872207,0.008701123,0.019264886,0.003505926,-0.010622914,0.01943569,0.023379829,-0.009893472,0.0063515366,-0.0015098485
2014-05-05,-0.008908053,0.011762866,0.0031017682,-0.0006004541,0.0002502472,-0.022005796,0.004306509,0.016992887,-0.0034051763,0.008463095,-0.0032495428,0.016736772,-0.0083962595,0.024450473,0.017392963,-0.0017739049,0.0055308975,-0.0063117854,0.013837355,0.022307245
2014-05-06,-0.002857243,0.010466618,0.0029543806,-0.0052692443,-0.030146288,0.01824643,-0.0013611604,0.0047816765,-0.010588452,0.0039981706,0.017985404,-0.004251398,0.01504607,0.028011924,-0.0030546088,0.012136039,-0.012239101,0.008466719,0.002312737,0.006550526
2014-05-07,0.0017938229,0.0033301683,0.010658955,0.0010946244,0.007412843,0.0021682451,-0.00016650977,0.03534576,0.02395185,0.026617913,0.00047651335,0.0052600657,0.020497255,-0.012461415,-0.0028468184,0.013592943,0.016053734,0.017291931,7.570975e-05,0.019304225
2014-05-08,0.008968715,0.0,0.0008393303,0.010226537,0.04783519,0.023678716,0.0043331604,0.012977315,0.015134202,0.006477389,0.004341685,0.029379373,-0.01913708,-0.0098712845,0.007413776,-0.006043938,-0.029947387,0.020924687,0.01758028,-0.008991865
2014-05-09,-0.0071655633,-0.0025609017,0.00078277977,0.017302247,0.026993712,0.011889598,-0.0006754111,0.010467765,-0.0035190599,0.013670135,-0.023998436,0.009112759,0.02341112,0.00073824945,-0.00016707764,0.0029056962,-0.0013984411,0.0028019587,-0.0027687736,-0.0030750476
2014-05-12,0.037261404,0.006803734,0.00647112,0.0025385371,0.025312241,0.06432492,0.003194148,0.006179869,0.0,0.0023505022,0.0029055255,0.00020184249,0.014441608,-0.028321363,0.0024160794,0.006159339,0.0029049683,0.0014899739,-0.056759395,0.018644469
2014-05-13,0.0018235297,0.015257366,0.01235165,0.0068694768,0.018808577,-0.020946076,0.0071818777,0.0104006,0.010915303,-0.003505333,-0.014758586,-0.015744444,0.0086287,0.03881148,-0.0004943279,0.010476445,0.004277511,0.008888484,-0.0048070257,0.004569261
2014-05-14,-0.011679431,0.0035872555,0.012078736,0.0021745965,-0.0057785106,-0.0054371185,-0.012627655,0.026917202,-0.00032467514,0.00967788,0.009566491,0.014104319,0.01081537,-0.001936709,0.018051937,0.0011226851,0.0016283118,0.0117694205,-0.06543826,-0.006706144
2014-05-15,-0.008416246,0.010454105,0.0026590554,-0.0031311957,0.0069283885,-0.00453957,0.011665984,-0.019161124,0.00094907207,0.0034115484,0.0040177233,-0.014506009,0.017497705,-0.030999873,-0.018253958,0.043894906,0.00402406,0.03006935,-0.067006774,0.0013345487
2014-05-16,0.025962047,0.0136306,-0.00012856502,0.008726612,0.016524248,0.05314786,0.0036624924,-0.0026549236,-0.0018953481,0.009825722,-0.0013666013,0.011929321,-0.033383302,0.0054544494,-0.016347677,0.0066677276,0.027004912,0.0017180059,-0.0038225343,-0.0046729255
2014-05-19,0.01302977,0.00610436,0.00056524,0.014783979,0.010667231,-0.0061843814,0.010887355,0.0064891824,0.0,-0.0023739103,0.0147925615,-0.0026614927,-0.0065292916,0.012022416,0.012906228,-0.0021020656,0.01986074,0.004329209,-0.010363128,-0.00517622
2014-05-20,0.021467071,0.012284668,0.03540646,0.0,0.020397041,0.012321899,0.012185133,-0.0051205163,0.024244966,0.0029327578,0.026136484,0.017037971,-0.00841361,0.021180736,0.045035712,0.0032016237,-0.009394877,-0.00086715876,0.10642279,-0.00042057032
2014-05-21,0.01773042,0.0114115635,0.0021636868,-0.005558426,0.020936884,-0.048577707,-0.0012906776,0.00021181678,0.0067449016,0.018592868,-0.0012623197,-0.0023752202,0.0006603426,0.011238062,-0.017863045,-0.008272202,0.026440963,0.0065157586,0.020351276,0.013070206
2014-05-22,0.0018501539,0.0,0.0052258675,0.0018903558,-0.05572155,0.038238775,0.0031156628,0.0019378766,0.022353385,-0.014742078,0.030976566,-0.07621925,-0.0068182712,0.059713274,-0.0016331145,0.005325991,-0.015615623,0.011226375,0.04548662,0.003601429
2014-05-23,0.021054475,0.004208238,0.0,-0.0020224235,0.010129791,0.0116837,0.007240761,0.011639691,0.0,-0.001366036,0.003026502,0.01283092,0.020598968,-0.016263695,0.018242277,0.0067374725,-0.0004047713,-0.00240689,0.018740764,0.0076970384
2014-05-26,0.009344727,0.0036651348,0.013561865,0.0,0.0038198077,-0.0053538936,0.01036491,-0.0142972125,-0.005053431,0.0007792087,0.010354425,-0.00261733,-0.0052809394,0.015064288,0.008121341,0.003305567,0.035396423,0.009212721,-0.011399755,0.0020785506
2014-05-27,0.020483082,0.013811116,-0.0114643425,0.0,0.0019427041,-0.023150332,0.009649402,0.009810022,-0.00930122,-0.00591512,0.00015360162,-0.0024193383,0.023897693,0.011629883,0.04511876,0.008325885,-0.0027691077,0.003184474,0.02233513,0.003746827
2014-05-28,0.004800916,0.003897023,0.0006669089,0.0058291084,0.015229826,0.0019668296,0.007356968,0.0047440263,-0.034727823,0.046131436,-0.002896892,0.0033729232,0.0035969536,-0.13372725,-0.0013075187,-0.0047513037,0.023621688,-0.012609674,-0.019243907,-0.004626498
2014-05-29,0.020707244,0.00055658026,0.0055814427,-0.005746129,0.0016249287,-0.011910303,0.0015057196,0.03359869,0.018718759,-0.0035195039,0.0155361965,0.010368868,-0.008375677,0.033463616,-0.0021564125,0.008993069,0.0067307698,-0.007768173,-0.0004548675,-0.0071126125
2014-05-30,-0.01875941,-0.006674637,0.0041192365,0.006061295,-0.008542709,-0.007273633,0.011146644,0.0001775778,-0.0010191321,0.003704085,-0.001633399,0.019636981,0.022388034,0.0,0.026615765,0.0038346916,-0.007251229,0.0077561424,0.016334075,0.013248275
2014-06-02,0.0010932384,-0.004537133,0.013563843,0.012088053,0.0006893665,0.0071934746,-0.0033444543,-0.0077971388,0.026785279,0.01564194,0.016810032,-0.00546115,-0.012131116,-0.028918665,0.010415257,-0.0035551223,0.020848181,0.025667692,-0.0489382,0.0076637
2014-06-03,-0.016077492,-0.0006168224,-0.010670651,-0.0025890798,0.0101265805,0.064164475,0.005204418,-0.03095796,-0.0012768102,-0.008137022,-0.008769219,0.008040841,0.008539152,-0.013449765,-0.00040104767,0.0069047976,0.0,0.008420416,-0.05197195,0.0111992555
2014-06-04,0.0009146314,0.02055486,0.03069808,-0.0023869232,-0.0014781995,0.011990858,-0.00043721995,0.020505097,-0.0023985612,0.009215932,0.010241231,-0.018918578,-0.0115982145,0.0023118174,0.022157537,0.01942015,-0.0029878886,-0.0069384603,0.037986323,0.012343926
2014-06-05,2.8755348e-05,-0.017773025,-0.022844069,-0.014386469,0.0032898241,-0.019858083,0.0058898726,0.0051622773,0.011868689,0.029681107,0.010628869,0.0028561633,0.012343092,0.0054325615,0.026469016,0.017050667,-0.0046232175,0.0034930825,0.05066166,0.0036462396
2014-06-06,-0.0036712943,0.0048146453,0.02206394,0.0070839995,0.006705424,-0.0027129042,-0.000763446,0.023150628,0.005481525,0.0075612054,0.0220055,0.0012203814,0.007552506,0.06445681,0.0055645793,-0.00040913094,-0.009837305,-0.0061221584,0.0020716009,-0.011421534
2014-06-09,-0.00974574,0.025327858,-0.006316586,-0.012787739,0.013752887,0.021220032,0.008600172,-0.0043718317,-0.004887895,0.007972162,0.013485542,0.0025109767,0.007348524,-0.030481886,-0.0070163086,-0.012638922,-0.0033715474,0.004885747,0.07538869,-0.023953203
2014-06-10,0.01014243,-0.009437174,0.005344862,0.013183374,0.0074620275,0.0190191,0.007058648,0.0015365877,0.015550748,-0.005673454,-0.0012709195,0.011726042,-0.0004925727,-0.0056047435,0.0021712387,0.0051263706,0.019853722,0.017109474,-0.0018372465,-0.00065241376
2014-06-11,-0.026752202,0.020861786,0.02106565,0.010767482,0.0032492813,-0.0105020115,0.0018250713,0.027335096,0.009506157,-0.00021690395,-0.0017404761,0.012816331,0.0069975858,0.017237369,0.026375504,-0.014103525,0.012349462,0.00480902,0.008522716,-0.0018299184
2014-06-12,-0.008800692,0.015186858,-0.020069001,-0.016462645,0.00709028,0.013627568,-0.00499584,0.018275822,-0.0023212917,0.0132674575,-0.0015591336,-0.0049956525,-0.0013903723,0.025766904,-0.0052770856,0.008571609,0.0011270463,0.010108543,0.01045199,0.0020519004
2014-06-13,0.0,0.012418754,0.02912624,0.006440155,-0.0032134703,-0.009883671,0.009119386,0.0104909735,-0.0017209229,-0.0049867393,0.012370554,0.008249641,0.01311018,0.035102803,0.004236446,0.014194932,-0.0055553997,-0.014358668,0.014160133,0.008903071
2014-06-16,0.005345084,-0.022083038,0.00014248102,-0.011576911,0.0141832195,0.007897341,0.014880311,-0.004700164,0.00876939,0.020458302,0.0031869374,-0.0050210017,0.025433552,0.013264463,0.00010417528,0.001879851,-0.022257531,0.014037147,0.00967921,-0.0201961
2014-06-17,0.0426548,-0.0011050425,-0.0053161834,0.007950834,0.009822306,-0.009076926,0.005407704,0.0012070866,0.013415665,0.008246638,0.0020331454,0.0073993243,0.0004151004,-0.024045635,0.004667022,0.004231291,0.00683024,0.0056658355,0.013852437,0.014670827
2014-06-18,-0.009364851,0.030673439,-0.0005664718,0.011817719,0.00027182812,0.0027736388,0.002189579,0.0028978763,0.0005450879,-0.0030535955,0.012514625,-4.172455e-05,0.00655897,0.00092061475,0.0147358,0.011225536,0.016630705,-0.0001463441,-0.015171807,0.0050136866
2014-06-19,0.07169509,0.008408116,0.0148701435,0.009151894,-0.016881058,0.0181826,0.017574344,0.0045836736,0.011414059,0.008873063,-0.010702163,0.015822157,0.020975515,0.0013192873,0.011086396,0.010438479,0.013570189,-0.0019914892,-0.0143620595,0.04570865
2014-06-20,0.037689522,-0.032372385,0.009376553,-0.0056420392,0.018671213,0.00279549,-0.0068188393,0.0037495529,-0.004722503,0.018927176,0.011834189,-0.011812874,-0.009005627,0.015499033,-0.0025362764,0.0055852877,0.0064276443,0.015425415,0.03827296,-0.00051146426
2014-06-23,0.010200609,-0.0033847538,-0.029257398,0.008976964,0.0009134024,-0.011821773,-0.0008044981,-0.003928657,-0.00021395492,-0.010019516,-0.002879222,-0.0016657993,0.03508358,0.0023843744,0.022036636,0.009709483,0.004110727,0.019174514,-0.006643848,7.67997e-05
2014-06-24,0.019047452,0.0052925376,0.0190031,0.024111759,-0.0027453562,0.00021973818,0.0029858632,0.039559886,0.04566596,-0.12137387,-0.12313002,0.04485697,0.010536997,-0.0033775861,0.0,0.0423434,0.024725616,0.0008504652,-0.00020145936,0.0106859105
2014-06-25,-0.016121209,0.026514895,-0.010274264,0.010397321,-0.018086765,-0.0009905042,-0.028034724,-0.011402067,0.003558186,0.01531924,0.04208009,0.022949297,0.0024147974,0.019020714,0.006167886,0.0020025827,-0.000511069,0.027385788,-0.0113629345,0.008313032
2014-06-26,0.03731823,0.009446917,-0.029709935,-0.015576308,0.052177913,-0.008178668,0.0054511367,0.0044181976,0.03439493,0.012150102,0.0041622627,0.046492223,0.0018669964,0.011489348,0.014198088,0.0025792914,0.020773856,0.008368328,0.013878741,0.0009784536
2014-06-27,0.032309685,-0.0035506352,-0.0028644095,-0.013422396,0.001805842,0.0050306395,-0.0009701149,-0.004198914,0.021049114,0.002497073,0.08889485,0.0051423577,0.011324337,6.751755e-05,0.00042142137,-0.020843955,0.010468814,0.01548363,-0.0150361555,-0.015909385
2014-06-30,-0.018433891,0.059350602,0.06448661,-0.017950993,0.012061115,0.003310048,0.06760084,-0.008683279,-0.0006496759,0.010373623,0.000822613,0.011875708,-0.0032111497,0.0009853845,0.01882363,0.02024131,-0.0043412256,0.016206747,0.020202613,-0.008269966
2014-07-01,0.019561041,-0.03393776,-0.021650465,0.029671205,-0.00633826,0.009412374,0.028652783,0.017327888,-0.0082701305,-0.011966757,0.104922734,-0.020543396,-0.013044376,0.0,0.007025098,-0.0031575894,0.0001297555,0.008875964,0.026617477,-0.039401807
2014-07-02,-0.017777449,-0.0030534042,0.0010960372,-0.005827453,0.002902033,0.0048042885,0.0013574314,-0.022047365,0.009068881,0.022826193,0.0006616873,0.004820393,0.020278206,0.004935873,0.009467998,-0.0044159796,-0.0141413575,0.0055840793,0.0053483592,0.005635819
2014-07-03,0.02139865,-0.029085997,0.03990779,-0.034521032,0.024603471,0.012578903,0.026325108,-0.009494235,0.047228344,-0.0047325403,0.0069117364,0.011438841,-0.010763208,0.00014754587,0.018390596,0.015057997,0.024769755,0.0037664576,0.0016034886,-0.009891829
2014-07-04,0.0,-0.005296375,0.015788559,0.0051385676,0.019299783,0.007867218,0.0,0.026866611,-0.014386073,0.020355681,-0.14109461,-0.01632288,0.015945237,0.004216519,0.016359128,0.015848015,0.0068798666,0.0054285866,0.0011480005,0.016628638
2014-07-07,0.020395935,0.022508463,0.00041253402,0.0025934337,0.01353993,0.0026000356,0.01128603,-0.0032788017,0.021803228,0.006914539,-0.017117115,0.035020214,0.0018572721,0.0067808838,0.0024181525,0.00028021794,0.013580003,-0.008801203,-0.01690135,0.007906209
2014-07-08,0.003331965,-0.0024384467,0.061128464,0.0076638535,0.0107297525,-0.0011161227,-0.0002876191,0.012931761,0.021312807,-0.0112345405,0.024388194,-0.018072236,0.00014757342,-0.005365079,0.00053083716,0.012879446,0.006554229,0.023188375,0.011424335,-0.011575233
2014-07-09,-0.007342632,0.044248328,0.0065364568,-0.007940706,-0.013547308,-0.0011480601,0.0026446043,0.0,0.015633643,0.008965398,-0.0057149674,-0.02000613,-0.0016887687,0.012832548,-0.008116269,-0.0154055115,-0.009742221,0.0136766005,0.011133292,0.012357825
2014-07-10,0.0073392554,0.020369986,-0.018681578,0.009650355,0.011757728,0.015019839,0.026965227,-0.0008821519,0.010327731,0.008354359,0.103563,0.039576862,-0.00073345687,-0.022442047,-0.019536817,0.036818866,-0.0016817579,0.007318469,0.00046610337,0.016656943
2014-07-11,-0.0025735043,0.010585087,0.057421505,-0.0022969001,0.012955152,0.007183656,-0.045866545,-0.0003103737,-0.040208355,0.009175215,0.037240617,0.0019465782,-0.017403811,0.0023722458,-0.003499771,0.026729455,-0.0027182975,0.010719377,0.005655997,0.014330037
2014-07-14,0.012581819,0.0025058896,0.006844481,0.015315492,-0.010937739,0.0011174133,-0.008569843,0.0318501,0.04709425,-0.027587242,0.024325427,-0.026349567,-0.013849743,0.0009461759,0.0,0.0007230005,0.0051062074,0.005262714,-0.0014414808,-0.00639673
2014-07-15,0.009987939,0.0027634327,0.0017998941,-0.021105727,-0.021281151,0.0021196485,-0.010464193,-0.015896302,-0.016850902,0.011495219,-0.01410994,0.015380931,0.01431098,-0.0036871706,0.019183185,-0.0027882028,0.0076559563,0.0024390614,-0.0032547994,0.008764467
2014-07-16,-0.013547012,-0.013418043,-0.046803556,-0.014325316,-0.010184379,0.015568746,0.022606725,-0.0015077037,-0.012116289,0.008644565,-0.0056950925,0.020513088,0.024537755,0.017461678,0.0046280473,0.010819945,0.0,0.01311323,0.012260263,0.014054901
2014-07-17,0.0033610174,0.024097225,0.063292496,0.10538378,0.002007944,0.0031148952,0.004246568,-0.0012630206,-0.07103718,0.011617303,0.008372159,0.012173469,0.01916885,-0.012463849,-0.010182727,0.004039146,0.004829144,-0.00018251795,0.013358046,-0.023304012
2014-07-18,0.0044522225,-0.015386189,0.067449085,-0.016466953,0.015444969,0.005034825,0.022663862,0.005141529,0.012076463,-0.011350122,0.009498554,0.007282043,-0.007847947,-0.0013475735,0.016762542,0.014122805,-0.000601381,-0.0019938736,0.006762343,0.027911782
2014-07-21,0.008981114,0.0048550665,-0.005078475,0.027498323,0.0131242685,-0.014569865,0.0065204217,0.0141929155,-0.0026697675,0.006814989,-0.0020592483,0.01693712,0.00963051,0.0015827222,-0.013544852,0.044983257,-0.026277304,-0.006218898,0.0088587785,-0.0056492384
2014-07-22,0.004128853,-0.0100967195,-0.003238936,-0.05076086,0.012800945,0.01760975,0.01684953,0.0068332893,-0.010498137,0.013791301,0.0069330046,0.005747925,0.013855238,0.007954072,0.010126433,-0.027148388,-0.021021523,0.016437074,0.0120292315,-0.0017199556
2014-07-23,0.020295402,0.002937125,0.022463772,-0.008397701,-0.005800346,-0.001765007,0.0031888392,0.025593478,-0.0009933225,-0.00649013,-0.0065771923,0.015517858,0.01734148,0.0131134195,0.008136902,0.017029189,0.007676852,-0.02555565,-0.031389486,0.10325586
2014-07-24,0.004613417,-0.004793078,0.01487991,0.011836974,0.010912502,0.0051899683,0.010872419,-0.0028322523,0.035325482,0.0049927915,0.034941174,0.0029903937,-0.022567434,-0.0062717856,0.0073094536,0.011617572,0.02537748,0.00050465734,0.001346403,0.005609446
2014-07-25,-0.0004929776,-0.008517593,-0.014237544,-0.0034583937,0.00045733823,-0.006029584,0.0019999752,-0.0039051732,0.0061275507,-0.0018638468,0.0018045265,0.0047810506,0.0055442676,-0.0010075368,0.011039349,0.013848987,-0.0014000346,-0.010753377,0.012478707,0.012706887
2014-07-28,0.013920211,0.019400058,-0.012493093,0.0062093316,0.008164251,0.0028952793,0.008116755,-0.007619917,0.02036182,0.0067715566,0.0017937525,-0.002416822,0.009806562,0.02083919,-0.0007035617,0.030614594,0.0065967855,0.016857112,0.013585108,0.023282178
2014-07-29,0.00839721,-0.0008547296,0.0004873619,0.014974574,0.014818028,-0.02267586,0.009250395,-0.0053758062,0.0054959166,0.010869072,0.0071629416,-0.0002236491,0.000409258,-0.023024084,0.009659096,0.009457244,0.016984507,-0.002623622,-0.0040077195,0.0022674832
2014-07-30,0.0014752984,0.010588398,0.024390852,0.09169902,-0.026939683,0.00020481794,-0.0033973462,0.005381463,-0.005936672,0.006514592,0.013553109,0.012401075,-0.0028191463,0.029146604,-0.005337515,0.0041448246,-0.01221212,0.02215217,0.0003714359,-0.008449418
2014-07-31,-0.0050567514,0.00077358505,0.022507174,0.0030666918,0.022653723,0.00064465834,0.0031961645,-0.0056209224,-0.079548776,0.0,0.011107036,0.0042049014,0.0036668526,-0.0001891601,0.0061978432,-0.029827323,0.0,-0.0017324742,-0.0008457389,0.013113655
2014-08-01,-0.051538076,-0.04610265,0.0030749266,0.003839739,0.0057363985,0.0024293552,0.006883717,0.020448724,0.04054183,0.005142679,-0.011436397,0.005520274,-0.014494418,-0.0057364246,0.0120072765,0.0024473895,0.011301147,-0.014399347,-0.005754193,0.022850817
2014-08-04,-0.016652972,-0.0019000163,0.00086843484,-0.004033793,0.0039146952,-0.0018645318,-0.07918592,0.0035037415,0.0048526167,0.014876071,-0.0038355968,0.008917338,-0.005120574,-0.03669515,-0.0037719526,-0.03320039,0.013451413,-0.0035715557,0.005389497,0.013705163
2014-08-05,0.0062267557,0.0,0.0022017779,0.010468098,0.0061266082,0.014425936,0.0046297973,0.012470345,0.01311837,0.017457655,0.005428073,0.0042801956,-0.011084416,-0.013068309,-0.023870274,-0.029083068,0.024537517,0.027114393,0.008092931,-0.00488448
2014-08-06,0.0071287896,0.0126717035,0.00215301,0.055111803,-0.0070258146,-0.0036610146,0.0,0.012123679,0.036833882,0.00806668,0.01783791,-0.021384817,0.006294581,-0.00996918,-0.008412705,0.005745774,-0.021508835,0.0069605997,0.023359701,0.02108759
2014-08-07,0.013830275,0.0026702601,0.005076523,0.027507247,0.00803789,0.047057774,0.016984709,-0.002260458,0.04761169,0.018850623,0.0068421457,0.0046281656,0.015904369,0.015596177,-0.011754263,0.00015391594,-3.8295282e-05,0.004179942,0.0019087773,0.0070366943
2014-08-08,-0.010410986,0.011792822,0.01358623,-0.0021029606,-0.0028212087,0.02225811,-0.016339598,0.007823075,0.022420041,0.015228119,-0.0007152371,-0.0009737456,0.0020057051,0.010969304,0.019007701,0.0424235,0.0017430136,0.016662167,0.008890649,-0.0006925017
2014-08-11,-0.00052574615,0.025910191,0.06056104,0.01065195,0.0022850803,0.011530737,0.00029858298,-0.023326678,-0.024885666,0.0052175946,0.0024652844,0.006000833,0.024182377,-0.035845578,-0.006693532,0.011474194,-0.035417166,0.014648843,0.021218099,-0.14064609
2014-08-12,0.00430211,0.01422372,-0.04067308,0.01583357,-0.017776353,-0.010390002,0.0018194955,0.018726742,-0.0018490745,-0.0008041733,-0.02517195,0.0010687354,0.0033709428,-0.015571782,0.023403568,0.0014066914,0.01244111,-0.0008587017,-0.026781077,0.004087615
2014-08-13,0.022086874,0.013199416,-0.0026169955,0.025162356,0.005386153,0.00041053788,0.011488867,0.010014289,0.00065057725,0.008223031,-0.0106999185,0.013544551,-0.0017848585,0.0433674,-0.006309802,-0.005601449,-0.019313453,-0.003235591,0.009429427,0.020969197
2014-08-14,0.02604293,-0.014332124,0.0038034937,-0.018610382,0.009981492,0.00015501236,0.026354674,0.02874588,0.0027379773,0.024289645,0.0,-0.0036678521,0.002395695,-0.0011500104,0.019213332,-0.06319941,0.022628436,-0.0022508916,-0.00010405219,0.037639447
2014-08-15,-0.033430863,0.0042327326,0.0138154095,0.014065555,0.008191242,0.012822939,0.004665219,-0.017074957,0.018515116,-0.0017693506,-0.028898872,0.00672555,0.0051625865,0.027470492,0.00069393154,-0.0091550555,-0.026110886,0.0068830065,0.008729558,0.042120617
2014-08-18,0.004433436,-0.03128152,0.03230549,0.0070507745,0.0032643322,0.010118688,0.0057348353,0.010613826,0.00011570264,0.008591999,0.0060503166,-0.0008454592,0.0,0.0,0.009768924,0.0005694637,0.0035009263,0.013836348,0.018476857,-0.026153436
2014-08-19,0.023579411,0.017825142,0.0014061772,-0.029005723,-0.006046071,0.0030464546,0.004867403,-0.009899043,0.0020415527,0.00013260523,-0.0017793232,0.07022429,0.0014454497,0.012855971,0.013541009,-0.0032905734,-0.026599865,0.0061481697,0.0022569096,0.034364868
2014-08-20,-0.012319571,0.01705629,-0.03375499,0.0076010595,0.008032166,0.006173672,-0.034323048,-0.008316966,0.005337112,-0.0030562028,0.018862814,0.0020551072,0.0005057195,0.027663987,0.004265146,0.030576358,-0.0024818995,0.0054110372,0.008797375,0.0024922157
2014-08-21,0.0066424515,0.001807464,0.022391012,0.01479111,0.0044092364,-0.0038880599,0.002816963,0.006012876,-0.0029395092,-0.010644257,-0.016238984,-0.03565911,0.007551004,0.017439695,0.00034795958,0.012032293,0.0008900453,0.0066982084,-0.006871794,0.009475021
2014-08-22,-0.0116859125,-0.007251256,0.03957981,0.021269748,0.001111492,-0.0042857383,0.0017242214,0.0008799513,0.0040881466,0.005983479,0.0136042945,0.018603504,0.0038443394,-0.012759497,0.0005018713,-0.0029555887,-0.021609927,0.004758902,0.012259111,-0.013690165
2014-08-25,-0.046203498,0.0044150953,0.037850183,-0.007411419,0.0075364066,0.021067351,-0.02158405,-0.0006776855,0.045521256,-0.0054671075,0.0025286237,0.00082916924,-0.006719628,0.0044520563,0.0067971735,0.0042880387,0.03983625,-0.026613824,0.007687998,-0.0062304344
2014-08-26,0.022779673,0.0017843228,0.009203078,0.0016902693,-0.0034300275,-0.05108887,-0.0006656037,0.012346661,-0.012918209,-0.0024719448,-0.12460578,0.0068383864,-0.0010420568,0.01783915,-0.00033111006,0.00058314484,0.026896188,0.010103287,-0.006924451,0.028819814
2014-08-27,0.024798127,0.030657733,-0.018654624,0.010672684,-0.022737222,0.0032949161,0.040924735,0.014866927,-0.013553131,-0.0058647087,-0.004731663,0.005035433,0.020438086,0.0028847088,0.003300582,-0.0039848867,0.02238276,0.015450165,0.0025082694,0.012133771
2014-08-28,-0.034791674,0.010393664,0.016514061,0.018119734,0.00048784036,0.015453311,-0.0045369947,-0.0021676123,0.0040723695,0.024253607,-0.002372303,-0.0021411781,-0.004268545,0.0034101612,-8.1377206e-05,-0.0028115562,-0.0017965465,-7.9606136e-05,-0.02069899,-0.13638362
2014-08-29,-0.027044881,0.002638141,0.007172462,0.002018498,0.004550673,0.015063695,0.009492841,-0.026117744,0.0030434653,0.025524141,-0.12712976,0.0019672315,0.009461754,0.010058786,0.0042214226,-0.0031460577,-0.007665361,0.004653631,0.013543831,0.0044692867
2014-09-01,0.008881188,0.0016917046,0.0043825083,-0.0075409575,-0.0026161554,0.00735152,0.010244339,-0.0070721703,0.013074437,-0.0065277405,-0.122108005,0.003998202,-0.008160468,-0.0067373123,-0.018351715,-0.0030268752,-0.027024684,0.0071934084,0.00040947238,0.022108143
2014-09-02,0.011223187,0.0074085426,0.010739859,0.013048267,-0.016076112,0.0035830059,0.0041568396,-0.009490372,-0.047778342,-0.010592046,0.044724178,0.0029251853,-0.004065162,-0.0070054983,0.0011184973,-0.025474172,0.0231499,-0.00193709,0.01753573,0.005555686
2014-09-03,-0.02701196,0.006509369,-0.0011740191,-0.022227984,0.02225808,0.0045657447,0.0019331989,0.004300175,0.01525219,-0.0027450405,0.057858586,-0.13307437,0.0115890065,-0.0029513403,0.0,-0.0038504147,0.0076678,0.009117036,0.0037845036,0.0
2014-09-04,0.009141584,0.0023352727,-0.00026679778,0.0,0.012917928,0.0037054508,0.013919503,0.013464825,-0.0014494624,0.006454496,0.002320598,0.022177266,0.003042273,-0.009784543,0.010902829,0.0034609984,0.015681308,-0.00871791,0.0,-0.006716753
2014-09-05,-0.0143581685,0.0025327061,-0.0026301197,0.005212903,-0.14163432,-0.0065625375,-0.018241502,-0.00041114964,5.6648056e-05,-0.08101824,0.030068744,-0.0045058196,0.012303961,0.011063887,0.003341166,0.10297957,-0.019807242,0.0056222826,-0.017496457,0.06621466
2014-09-08,0.004256886,0.009576047,-0.0014560679,0.012070257,0.0,-5.6397534e-05,0.01926597,0.011367913,-0.021953968,0.0072661014,-0.0016577286,0.0042334353,0.004281928,0.017770503,0.003392691,0.036601044,0.0021313566,0.010345307,0.0070942873,-0.01668474
2014-09-09,0.012676391,0.0056663635,-0.00093284517,-0.0023935204,-0.0045541567,0.011080767,0.016924664,0.0069078635,0.05382392,0.08404394,0.015937248,0.0138056455,0.0075832703,0.014788136,0.018895062,-0.01642808,-0.0012067548,0.0094872415,0.0005071671,-0.0030045735
2014-09-10,0.05298683,0.00048804004,0.02085941,-0.0038533108,0.056271125,0.012308686,-0.0038393717,0.018023504,-0.008836705,0.024015037,0.013770236,0.004515765,0.009886885,0.004105462,-0.005238049,0.0031747806,0.0035915093,0.0042796787,0.010284851,-0.035331145
2014-09-11,0.04416116,0.005133115,0.029437149,-0.1415221,0.010212965,0.0007197017,0.0053410023,0.003728033,-0.0030746323,0.031391058,-0.011462754,0.014711806,0.003086528,-0.0022289557,-0.01251614,0.0013037405,0.00967551,-0.016828492,0.00926713,-0.008483473
2014-09-12,-0.022163363,-0.005774717,0.010577408,0.010937564,0.03167898,0.020366449,0.00641496,0.017333606,0.030781178,-0.12395816,0.018584117,-0.00988634,0.006468701,0.0027954252,-0.00484499,0.010110216,0.004707583,0.0,-0.0018999478,0.039432842
2014-09-15,-0.01425806,0.004566836,-0.025007583,-0.03673004,0.00032998642,-0.0005962614,0.00051709585,0.0055950666,0.0024189982,-0.015423147,0.013555677,0.024392288,0.003251258,0.011590332,-0.012587218,-0.0028351357,0.0043824953,-0.0033974645,0.00074925675,0.0
2014-09-16,0.0,-0.00053911057,0.02727393,-0.0018512141,0.009896213,-0.008635401,0.004194266,-0.00022152124,-0.015214666,0.04577747,-0.0020468344,0.007871709,0.009521202,0.009668583,0.015054875,0.0036505098,0.010396337,0.011634672,-0.022256143,0.02579888
2014-09-17,0.0009528933,-0.0067134304,0.013985954,-0.011292172,0.004093007,-0.006840226,-0.0065129544,0.0070410194,-0.007762814,-0.008283189,-0.017512262,0.006412544,-0.004982371,0.0005520693,-0.00035104685,0.012088173,0.0036049723,0.004218999,0.006889345,0.0009021374
2014-09-18,0.022236994,-0.0005428929,-0.0050720368,-0.0154074365,-0.001143072,-0.015644072,0.0048002554,0.004807166,0.008135102,-0.011677724,0.006447642,0.022911433,0.004002371,0.00093979813,0.0132426955,0.0085598575,0.026032018,-0.0029952948,0.010458562,0.0
2014-09-19,0.00057365285,0.004256247,0.0033326438,0.032427695,0.012961634,-0.002418071,0.017344737,5.6573655e-05,0.08503592,0.013272728,0.0028113024,-0.019848218,-0.016593037,-0.0018760094,0.017721541,-0.035537396,-0.013545052,0.009878985,0.0069476916,0.03461131
2014-09-22,0.025221348,0.0018689987,0.0019436178,0.0,0.027355175,0.014347988,-0.006549804,-0.0051998887,-0.0056920373,0.018728089,0.049452048,0.024827503,-0.03564794,0.019433122,-0.002081736,0.044526387,0.021332078,0.00097381196,0.003560685,0.0065583936
2014-09-23,-0.002977589,-0.009048522,0.000676534,-0.011691739,0.0035570762,0.014152381,-0.048230544,0.0716521,0.0033211678,-0.020045038,0.009219952,0.0023742116,0.08288711,0.0017916419,-0.07099697,-0.009462486,0.005122854,0.0016936699,-0.01693046,0.026919823
2014-09-24,-0.0022414173,-0.005421326,-0.00047213773,0.0122672,-0.0039857696,0.027730003,-0.0074356664,0.027000835,-0.013394561,0.013657044,0.0056425356,0.008171016,0.004510384,0.02659182,0.0030249949,0.0040603266,0.0050430796,-0.0011051988,0.012539577,0.0012350739
2014-09-25,-0.07474458,-0.0058212723,-0.006647092,0.0,-0.004207063,0.010440503,0.039489295,-0.0013966674,0.0042494894,0.017431205,0.06313019,0.009921442,0.0041902484,0.010099224,-0.031593494,-0.016577788,0.011013762,0.0135570355,0.023062557,0.009887941
2014-09-26,0.018590277,0.018158745,0.0053939116,0.022366868,0.0009464369,-0.0040310486,0.034348372,0.013686511,-0.0332442,0.008650056,0.045088146,-0.034961317,0.017158374,0.0131754065,0.0066773444,0.0010590162,-0.0035044774,0.0033954517,-0.009910054,-0.005928009
2014-09-29,0.0052476735,0.027709039,0.022440724,0.07228923,0.012676005,-0.013297582,-0.012569757,0.016596694,0.026253035,0.008829125,0.0004255771,-0.011116626,-0.00087562425,0.0057473565,0.019006925,0.0013569596,1.8753261e-06,0.0058358037,0.01027757,0.008546265
2014-09-30,0.06393874,-0.033081017,-0.027137179,0.015180265,-0.004213222,0.022223733,-0.0055107204,0.0072475085,-0.01008007,0.015304989,-0.015264054,0.013977038,0.007159843,-0.013452566,0.017117124,0.018457297,-0.022973813,0.0048536863,0.0068869377,0.042255647
2014-10-01,0.02968401,0.018850064,0.0087413415,0.012505194,0.01074529,-0.010225058,0.018632585,0.021449186,-0.008528816,0.010525883,0.0045094723,0.00536698,0.011413616,0.01364768,0.00865292,0.019604038,0.017336203,0.018545467,0.0196118,0.0018720228
2014-10-02,-0.005077784,0.036601096,0.0049447604,0.01962409,-0.001679947,-0.018452043,0.011318681,0.0,0.0042972504,0.015057129,0.0019745221,0.0260401,-0.025415447,0.004035841,0.015976088,0.0022031125,0.005725109,0.007844511,0.010892378,0.008529896
2014-10-03,-0.003042007,0.020289091,0.026906502,-0.015149184,-0.004168671,-0.018406913,0.017302645,-0.00035989346,-0.022632077,0.00052690663,0.00859273,0.037140645,-0.0029458238,0.0035741911,0.017472364,0.0063684355,-0.0006047851,-0.007557079,0.0,-0.015452563
2014-10-06,0.0059533706,0.0020276906,0.010252176,0.010446076,0.0064548515,-0.0016113532,0.015958227,-0.00042470483,0.054714642,0.004163745,0.0355275,-0.0047480343,0.0063576987,-0.011973597,0.002076759,0.010445963,-0.004479991,0.016286425,-0.0016492663,-0.0029097835
2014-10-07,0.0019689547,-0.008366255,0.0060408567,-0.0038153168,0.0,0.016332852,0.03750988,0.06035048,0.007237921,-0.0061917454,-0.014995557,0.008479845,0.008895648,0.008013165,-0.0029642787,0.005718151,0.013940283,-0.0014181879,0.0013613488,0.036807865
2014-10-08,0.012068523,0.019624678,0.00057903014,0.024530925,0.0054743784,0.033357777,-0.004914136,-0.0033449903,0.027577247,0.0021596502,0.044114847,0.005325521,0.012352556,0.015875274,-0.0019654187,0.004309451,0.003469784,0.003257503,0.0041038506,0.016257167
2014-10-09,-0.012660698,-0.0013570506,0.008101711,-0.11518692,0.0019286773,-0.0042280694,-0.004272021,0.017475456,0.0075149564,0.009626893,0.0008782868,0.0,0.0027598098,-0.08564018,0.0,-0.002459079,-0.015169965,0.027133353,-0.0016515178,0.005765376
2014-10-10,0.025457282,0.006640913,0.0073477114,0.037704147,0.018632784,0.006565443,-0.03379431,-0.002213508,0.0042570992,-0.0008363286,0.004202273,0.0,0.005138593,-0.0051861117,0.0037572212,0.006522028,0.0075463816,0.017639177,0.0151841855,0.03163484
2014-10-13,0.015016802,-0.03428029,-0.0018791413,0.0029266928,0.0,-0.007818487,0.012202385,0.011616514,0.008465156,0.011941307,0.005177176,-0.0015824725,0.005581845,0.0029632496,0.0150813,-0.030350259,0.015695777,0.008622592,0.0017998161,0.026041746
2014-10-14,0.029254569,-0.00779037,0.015218534,0.010022626,0.012293137,-0.003943868,0.004335494,-0.022679644,0.017940264,0.0063858987,0.025161056,0.02341095,0.020445654,-0.0022464644,0.010661838,0.015607296,-0.022394177,0.0038672546,0.0053636557,-0.0016633922
2014-10-15,0.009644027,0.04208157,-0.003533079,-0.01589869,0.0037871508,-0.027101249,0.009494242,7.26535e-05,-0.0031201174,0.011906336,0.0065358547,-0.004953141,-0.0058127716,0.0063664624,0.0066587306,0.012583909,0.012593592,0.012937199,0.014226092,0.0
2014-10-16,-0.0025784988,-0.002750069,0.013694858,0.0023519804,0.002399628,-0.02668482,0.001834144,-0.009715009,-0.016719079,0.003794044,0.023158884,0.02113842,0.017842565,0.003488601,0.0057370393,0.0050208387,-0.00031350242,0.0049419445,0.01983095,0.0128504345
2014-10-17,0.034541663,-0.005102281,0.004955022,0.004399286,0.005354275,0.011664688,0.0042807655,-0.022128984,0.0035767646,0.00014632908,0.08967345,-0.025040662,0.0027491616,0.015539696,-0.0087611,0.013434365,-0.026908692,0.018440459,0.0054667434,0.0012828375
2014-10-20,-0.0024561486,-0.0012610614,0.0018657186,0.024893511,-0.008935778,0.004293747,-0.0044836993,0.0078098224,0.009921819,0.0058222967,0.0024779267,0.01086958,0.013538453,-0.0011221695,-0.0022509932,-0.0055418652,0.00068324414,0.007297746,0.0077688945,0.0057214233
2014-10-21,-0.00068968773,0.00055093045,0.019315274,-0.00020947265,-8.760808e-06,-0.094752096,0.0024303505,0.00061393616,0.0023858577,0.021530414,0.0035948684,0.005399107,0.023831336,-0.0083688125,0.010917344,0.017191105,0.0,0.0077351485,0.0033260086,0.0075418134
2014-10-22,0.009800863,0.016543176,0.0079430705,-0.024962569,0.01990144,0.0067984033,-0.0049378304,0.0046924525,-0.016692314,-0.035771728,-0.00030227395,0.0,-0.010888389,0.009506444,-0.00037828393,0.0033798486,-0.021128533,0.0117043415,0.0055435444,-0.005047252
2014-10-23,0.0149652995,0.017458677,0.020179193,-0.016020272,0.0015392619,0.06819415,0.026269272,0.022055121,0.013090399,0.010686772,0.013742353,0.009259513,-0.012524879,-0.046580028,0.0126530705,0.00828237,-0.013967082,-0.051473256,-0.012159012,0.03186611
2014-10-24,0.01473604,0.019873513,-0.006637597,-0.0051796506,0.020343816,0.0031781949,-0.014038659,-0.0030011123,0.0036316686,0.035337657,-0.0776938,0.02239959,0.004386785,-0.012489086,0.002161462,0.014914723,0.007091085,0.0016144605,0.0017435042,-0.015055454
2014-10-27,-0.0008445922,0.0046397583,0.009444651,-0.005753823,0.00039344403,0.0120132975,0.019012624,0.024685208,0.008191141,-0.00037700954,-0.01736521,0.003729499,-0.00140457,0.011025813,-0.000667117,0.0019353114,-0.061464448,0.009157102,0.006178774,0.011873123
2014-10-28,0.0052160514,0.0,0.0061507416,0.070663586,0.0050757946,0.025653202,0.027018556,0.024529537,0.02482846,-0.003360473,-0.047411513,0.005177151,-0.000979809,0.011109219,0.0023867527,0.0027581947,0.0025915483,-0.008982235,-0.00030977363,0.011202785
2014-10-29,-0.00096504664,-0.015113908,0.0070593604,0.009635284,0.00663169,-0.011528244,0.023170946,0.008924461,-0.0007157776,0.0077731954,0.0007622605,-0.007845452,0.008287553,0.022221169,0.0073298654,0.005537721,0.017766548,0.015313283,0.0013754576,0.017418068
2014-10-30,-0.008687477,0.0048238803,-0.0053050937,0.014242796,0.010452006,0.013622007,0.0033132276,-0.010317638,0.0068017016,-0.0051249675,0.027457144,0.025667153,-0.0007274645,0.01884403,0.0050357077,-0.00498791,0.002497403,0.010890567,0.0025970887,0.0014106367
2014-10-31,-0.0100642815,-0.01040759,-0.021550875,-0.0010644493,-0.004969333,-0.008738097,-0.015386448,0.030130498,-0.0016463093,-0.039717678,0.022398442,-0.007375915,0.011612726,0.013058137,1.738566e-05,-0.018704584,-0.0244587,-0.01444967,0.0,-0.0013344011
2014-11-03,-0.02887339,0.0041739973,0.020215213,-0.0138284685,0.024650456,0.004741609,0.0063474434,-0.006048964,-0.0010833325,0.027895246,-0.019000906,0.019405935,-0.008106396,0.0024968607,0.0032357206,0.009630443,0.05900855,-0.04962044,0.030457536,0.003764125
2014-11-04,0.0038916073,-0.0008837496,0.0017067702,0.0,0.013401496,0.026214937,0.014304376,-0.002275262,-0.00083861523,-0.0069048777,-0.063516945,-0.009876528,0.015305164,0.011928045,-0.0024218203,0.016006645,-0.0026694338,0.012452044,0.0057096533,0.017082231
2014-11-05,0.055541076,0.012594861,0.0152807785,0.010115869,0.006471149,-0.0025993271,0.011026356,0.033243045,0.008894269,-0.0012891762,-0.03417343,-0.025340114,0.0,0.022956232,0.0074588605,0.013237894,0.007390325,-0.00905607,-0.0076414356,0.018177891
2014-11-06,-0.0021469286,0.0012831964,0.009689203,0.08316015,-0.027069263,-0.0009627023,0.0166833,-0.024500214,0.009093153,0.0123772295,0.057999223,0.0052865255,0.002209337,0.0033523222,-0.0025896141,0.010135419,0.016341284,0.026236769,-0.006632618,0.0011366983
2014-11-07,0.004659891,2.6282419e-06,0.0019586405,0.0022918778,0.010695802,0.018666675,0.003347771,0.0042404803,0.0021733597,0.018444166,-0.017329015,0.011993998,0.02414955,-0.0010762501,0.004200844,0.004727937,0.0010882136,0.005991764,0.005475109,-0.002114412
2014-11-10,0.0037272966,0.009976113,0.0,0.010461291,-0.027715247,-0.019318676,-0.004096345,0.013541215,0.019268092,-0.0019231127,0.008904142,-0.002035316,0.00024591424,0.007834506,0.015096465,-0.0012658511,-0.0018719144,-0.00059614587,-0.0013432642,0.001798321
2014-11-11,0.0023844833,0.015012897,-0.0060056285,0.0054794634,0.012604739,-0.010853101,-0.0072700623,0.02657057,0.0042171753,-0.004817546,0.008745888,-0.0022647453,0.004562369,-0.004667211,0.002710366,0.014538676,-0.02905778,2.3173921e-05,0.0007957382,0.022704935
2014-11-12,0.0,-0.029014228,0.012402864,0.00904698,0.000498183,-0.015453622,0.0,0.009055505,0.01917715,-0.024317633,0.034789972,-0.00057018176,0.015231749,0.0043178992,0.014271565,0.0011383902,0.0034919456,0.009077157,0.01386927,0.01663157
2014-11-13,-0.02510142,0.010185231,0.011225817,0.02709393,0.008187515,0.028176887,-0.004166845,0.01101925,0.015516551,0.035304252,0.06591289,-0.010366244,0.0,-0.019299364,0.009349091,0.019963894,0.01602744,-0.0068041505,0.0110833775,0.014387446
2014-11-14,0.06500521,0.018499002,-0.0003161836,0.01256911,0.012759783,0.035212073,0.0014091226,0.011264756,0.0023856938,0.036994357,-0.010264907,-0.0067121047,0.013502272,0.037754837,-0.0030532656,0.009487928,0.006379229,0.012334994,0.0009348437,-0.018439597
2014-11-17,-0.002869558,-0.00089519145,0.014269144,0.008084514,0.015161498,0.0005594389,0.007271059,0.015854068,-0.0054395916,0.007393023,0.057099108,0.0076848166,-0.015855433,0.020479837,0.018309375,0.002945904,0.00031424634,0.013452163,0.0074709347,0.004636178
2014-11-18,0.013581486,-0.0019853746,-0.0030511348,-0.018873002,0.00935971,0.0009554762,-0.009387877,0.014088585,0.0,0.0060889996,0.011026028,0.014127642,0.009386758,4.8496964e-05,0.012967023,0.0029812977,-0.0013648708,-0.0025705064,0.0013962935,0.007326424
2014-11-19,0.020341173,-0.00040472107,0.003061072,-0.012438433,-0.0027322972,0.012287005,-0.0074273795,-0.014927123,0.0,0.0,-0.004132345,0.0,0.011589667,-0.0023363738,0.017869163,0.003316866,0.010049503,-0.007607544,-0.0050131935,-0.0044242516
2014-11-20,0.01833604,-0.0046721534,0.008917075,-0.0016308324,0.019351123,0.029593287,-0.004538045,0.009664555,0.005897297,0.0146186,0.00573886,-0.003628137,0.0014259695,0.013081318,-0.0042922325,0.0020329587,0.0,0.0036962656,0.0032722233,0.014314719
2014-11-21,0.039028294,0.00092663866,0.006649664,-0.0021462373,0.0025682773,-0.09156578,0.002734815,-0.0011240304,-0.0019643758,-0.024391467,-0.008772396,0.009119761,0.02051157,0.011055352,0.0013820591,-0.004854136,0.009085523,-0.007881731,0.0064539947,-0.008924146
2014-11-24,-0.056491572,0.0044132746,-0.004264673,-0.004498398,0.008708525,0.020906566,-0.048302952,0.007646558,0.0047815912,0.001985375,0.00844884,0.011118163,0.017556105,0.009569484,-0.022402953,-0.0106510995,-0.0019002378,0.0032656358,0.006752441,0.005785155
2014-11-25,0.008166161,-0.009910987,-0.0018735027,-0.012954309,-0.0019620825,0.0014118,0.0,0.0066269776,-0.016689306,-0.006045533,-0.024947802,0.006039304,-0.0040743593,0.0028390922,0.011210266,0.0060972655,0.017463986,-0.006903804,0.0031097415,0.011499196
2014-11-26,0.0054073124,0.019644208,0.005668769,0.08378708,-0.0044918573,-0.034713693,-0.0010998419,0.0072244895,0.006784756,-0.0047437376,-0.0276231,-0.013258374,-0.0005889059,0.0,0.013689339,0.0,0.008487517,0.006884978,0.011460639,-0.012377411
2014-11-27,-0.0014994161,0.0016404925,0.0052161175,-0.019029344,0.010754374,-0.004921049,0.083581805,0.008156551,0.015587201,-0.013324386,0.0007765127,-0.010430527,0.009523711,0.004785513,0.012429791,0.012267753,0.006289495,0.0140883345,0.007793311,0.026095724
2014-11-28,0.03359019,0.045999654,0.010641904,0.060073134,0.00479329,0.0065557603,0.028778266,0.009179365,0.015974624,0.0045795706,-0.030134138,-0.028071977,0.002798455,-0.0051424885,0.0,-0.00046551196,-0.006922971,0.014004293,0.0011808097,0.014898171
2014-12-01,-0.006502547,0.00076607935,0.0007874242,0.014141054,0.0007103298,-0.011988401,0.015786784,0.009217969,0.01085791,0.035202235,0.028981982,0.0065520317,-0.008583599,0.0057080584,0.0073494227,0.0016873662,-0.00039546937,0.013547834,0.0061733234,0.008015383
2014-12-02,-0.0071447054,-0.0018681868,-0.009882264,0.024009548,0.0049897637,-0.010701878,0.009001682,0.0,0.003836007,0.0025717136,0.0075105894,0.012610567,0.010617635,-0.0068478608,0.0,-0.01007183,0.005007098,0.005873903,0.0045978148,0.004370272
2014-12-03,0.013626603,0.0277729,0.011706537,-0.0012327828,0.007161022,-0.0026786323,0.0099891815,0.0,-0.015723383,0.0073825396,0.006694311,0.04965945,0.0026123235,0.0,0.0024058172,0.023358896,0.0061926977,0.010130744,-0.011251837,0.015000213
2014-12-04,0.014158659,0.008895033,-0.00278168,-0.0029540346,0.0075642844,0.020787105,-0.041336685,0.03504768,-0.00030504636,0.007182781,0.0039880625,-0.0075826696,-0.03028192,-0.014441777,0.001304935,-0.0034919663,-0.006338344,0.016487159,0.0115942955,-0.00071084825
2014-12-05,0.021159284,0.009750576,0.0028978526,-0.016282743,0.019777445,0.02649995,0.0031944867,0.0,0.008418351,-0.01316594,-5.6652803e-05,0.009403853,0.020455318,0.0063686483,-0.015613355,-0.0019243229,-0.009008508,0.008123398,0.01496476,0.009555009
2014-12-08,0.0018698849,-0.002408597,0.0009552796,0.038859874,0.00079597515,-0.016238302,0.007938839,-0.007877675,0.026699258,-0.015755814,0.014856129,-0.00041343702,0.0045282003,0.0,0.021106133,0.01700955,-0.00624973,-0.02326469,0.006557162,0.0074219056
2014-12-09,0.014285602,-0.008208023,0.0033443868,0.0015553934,0.001873972,0.009098469,-0.041750092,-0.0025323608,-0.020111978,0.01490776,-0.14127676,0.012530592,-0.012555164,0.00079286454,-0.0076540266,0.00301183,-0.0037488104,0.025834862,-0.005710227,-0.004162371
2014-12-10,0.036062874,0.003999104,0.00660948,0.0009894877,-0.014535462,-0.011223072,0.025208712,0.003898433,0.0024897011,-0.034739155,-0.0065273023,-0.029580101,0.007800182,0.013836694,0.0019052122,0.003755516,0.015547659,0.020043531,0.0060511753,0.0033297031
2014-12-11,0.0023969715,-0.0037249401,0.004050365,0.042072963,-0.001607357,0.046452112,0.0061282697,-0.0005804679,-0.035560258,0.00029401798,0.023531193,0.031716898,-0.000584628,0.0043522273,-0.0005591032,-0.002881272,0.001711981,0.00045842942,-0.001403971,0.01328398
2014-12-12,0.011546164,0.0071911095,-0.0036493929,-0.0004923316,-0.007223252,-0.019368002,0.008876051,-0.004180056,0.015809264,0.010929207,0.03801723,0.0008675005,0.007483149,0.007025802,-0.0002516267,0.0115561355,0.0020052174,0.008234349,0.0058025457,0.0023139082
2014-12-15,0.012589301,0.012023123,0.0026002135,0.021880018,0.019704,8.1896396e-05,0.0014274783,0.0015561163,0.013472958,0.013529021,0.01712077,0.0,0.0033005592,0.00033852414,0.0032294232,0.013222285,0.009126805,-0.0003688149,-0.007469521,-0.0042925375
2014-12-16,-0.0053125606,-0.005195865,0.016393745,0.010744043,-0.0020247656,0.0114229685,-0.01015018,0.0060163224,0.0067483652,-0.03156692,0.09304904,0.02951571,0.029525964,0.007356543,0.001354712,0.015259511,0.004647983,0.0027887584,0.005146648,0.0053663887
2014-12-17,0.01207413,0.0056589264,0.010674885,0.003306474,0.017147211,0.011916706,0.006141691,0.0027545288,-0.0056306366,0.0007554625,0.011091064,-0.008609147,-0.01171524,0.0027152998,0.0055597387,-0.0010956608,0.023576407,0.0046234513,0.0003311306,-0.00041436707
2014-12-18,-0.002574288,0.015515638,-0.00073337246,-0.0058077415,0.005448976,0.016370673,0.009146898,0.0019280353,0.026172744,-0.012461562,0.014194525,0.008908452,-0.014204993,0.00065774925,-0.006731415,0.0024476775,0.0035993736,0.006180793,-0.018666254,0.0059879916
2014-12-19,0.03662938,0.014198299,0.008320883,0.017582111,-0.039563313,0.008868125,-0.0068447944,0.021775583,-0.007674485,0.007495507,-0.004063252,0.005335808,0.010052607,-0.007150132,0.012374298,0.008818526,0.018224986,0.012564687,0.050991166,-0.0017267535
2014-12-22,-0.005967668,-0.0032877962,0.0014638918,0.011918114,0.0,-0.0005146916,-0.0022348848,0.012840696,0.016930515,0.069775134,0.024123697,0.00907842,0.0042104553,0.0055752373,0.00040207262,0.011034174,0.0010983371,-0.036163665,0.006914968,0.011476053
2014-12-23,0.0037751952,0.010907143,-0.0032875808,0.001493308,0.035262726,0.007066937,0.0095649855,0.015018411,0.008463073,0.0016836465,-0.000750616,0.049493752,0.0045033847,0.017072517,0.017162392,-0.0001925717,0.0064558825,0.0,0.006496055,-0.02497118
2014-12-24,-0.0109977145,0.0038292988,-0.002567399,0.012099968,-0.0015940149,-0.026020594,-0.009935832,0.0029901841,0.011232485,0.020835465,-0.027140368,-0.014527428,0.0056547904,0.05574251,-0.0014041814,0.0004540975,0.014804117,0.0054364707,0.022685975,-0.0028803935
2014-12-25,0.024200039,-0.007931967,0.00861283,-0.0036343297,0.024949938,0.011735346,0.007103834,0.006948956,0.0010394193,0.009456375,0.018648274,0.017584411,-0.011674796,0.047992796,0.0067041907,0.013948414,0.0060916017,0.021042252,0.0016721238,0.0078045144
2014-12-26,-0.033085782,0.008362911,0.012421607,0.021146255,-0.01791509,0.012988451,-0.14160326,0.0006723125,-0.0059930063,0.009720522,0.0,-0.0009715197,0.012471629,-0.001169717,-0.044336796,0.0077508516,0.004196282,0.0019324638,0.0061236243,0.009369177
2014-12-29,-0.015466232,0.014138024,0.0058572213,0.0074142586,0.0,0.011834738,0.015133003,0.022593012,0.0,0.022796724,-0.06396165,-0.004574264,0.012054846,0.0031616243,0.01954545,-0.004188401,0.015496682,0.004213594,-0.011879561,0.027571734
2014-12-30,0.011271576,0.004464934,0.008097312,0.0034879975,0.011036324,0.015255497,-0.0010265749,-0.002766744,0.010672683,-0.013438263,-0.0022287087,0.011780048,0.009202198,0.06025497,-0.011959584,0.003245374,0.0030154071,0.0,-0.011108494,0.0013186714
2014-12-31,0.01731639,-0.0054165777,-0.019076677,0.014301757,0.0026212654,0.010477022,0.014359056,0.0021464215,0.0048302943,0.027793592,-0.004436044,-0.02167416,0.004275749,0.029202016,0.00422953,-0.016427433,0.0070912396,-0.0058906972,0.0067655724,0.0116133485
2015-01-01,0.025040502,0.0062880265,-0.00095608854,-0.021963306,0.017687831,0.0003737583,0.0060726926,0.0051682964,0.0045323498,0.01503778,0.021902038,0.019727256,0.0024399867,0.06373674,0.0070689977,0.029159866,0.02339888,0.0070430087,-0.0058522467,0.008435556
2015-01-02,0.039274044,0.0022013886,0.0143016,0.004561345,-0.0006324293,0.0046772887,0.019674001,-0.006605999,0.02052878,0.0019199552,-0.002711872,0.00010612033,0.008708737,-0.032648027,-0.0047731916,-0.0014597718,0.0,0.0004226484,0.0014999943,-0.011833243
2015-01-05,0.0,0.0067204954,0.006570806,0.0037569404,0.03300379,-0.011410359,-0.0017933007,-0.033093307,0.026397107,-0.007107709,0.033030696,0.0032534273,-0.002383227,0.0077044168,-0.0019730895,0.011716839,-0.0017730319,0.06824702,-0.0020923263,-0.008092611
2015-01-06,-0.015155311,0.013395648,-0.017456012,0.008915587,-0.0046304166,0.015205654,-0.0034101978,0.010000406,-0.02335114,-0.028933784,0.017042834,0.015332227,0.0,0.012275962,0.0060934247,0.021467455,-0.0066400804,0.02057124,0.01873498,0.011898295
2015-01-07,0.0071601532,0.0009849194,0.0067522866,0.012648994,0.011580636,-0.08090345,-0.12764081,0.023571745,-0.03456631,0.002007849,0.0022105614,-0.062486466,0.0019236672,0.019229755,0.013058415,-0.0151548525,-0.0039877207,0.013900783,0.0018411854,0.0137844365
2015-01-08,0.026292408,0.0013269904,0.010558777,0.016414143,0.014307884,-0.010231797,0.007038255,0.031217422,0.0061209504,0.01769647,0.014353033,0.03641664,-0.010625812,-0.011694548,0.023240466,0.006890648,-0.005792546,-0.008684239,0.022972511,0.010965492
2015-01-09,0.018201178,0.007265772,0.00026718262,-0.002584633,0.0016237133,0.049322642,0.009303618,0.0008879164,0.0037444546,0.004932341,-0.14166027,-0.0012645259,0.005234763,0.010479251,-0.007880163,-0.003505225,0.0377661,-0.003175001,-0.005069574,-0.002074141
2015-01-12,-0.006487874,0.008914261,0.0022285637,0.0013855563,-0.0004970808,0.011901764,0.01325377,-0.017703453,0.026553644,0.025708413,0.005734508,0.0117595075,0.002924795,0.030034263,0.0,0.012126229,0.01975723,0.042827383,-0.006640034,0.014024408
2015-01-13,-0.013972821,0.0046635815,0.007867483,-0.015323097,-0.06203651,0.0037161694,0.00455148,-0.007918486,-0.00067251653,0.03975735,-0.002392548,0.011853025,9.573115e-05,-0.0022871904,0.009176992,0.007718004,-0.00055171916,0.0019337721,0.0026621355,0.005376137
2015-01-14,-0.022403292,0.0017938965,0.0036040784,0.031402115,0.045978785,0.011413577,0.046059337,0.012579135,0.0012449045,-0.0052895523,0.045290995,0.0057982747,0.010804922,0.03513422,0.003517354,0.004778993,0.041446384,-0.024064776,0.017020386,0.005166896
2015-01-15,-0.012001664,0.0032481775,-0.008568522,0.015486108,-0.002443295,-0.011230212,-0.033264175,0.010468066,0.0028645748,0.016940776,0.012484137,-0.00052348373,0.0034497804,-0.0020439986,0.00035627553,0.0024482368,-0.0165289,0.0066884174,-0.0034251094,-0.001369913
2015-01-16,0.056289673,0.008917039,0.0044173673,-0.012600763,0.06489208,0.005378461,-0.13180295,-0.13035446,0.015480164,0.013578262,0.0020376942,-0.004592473,-0.015424122,0.009622211,0.0070516784,0.0011375247,0.0004577898,0.0032253717,0.01610773,-0.00073269405
2015-01-19,-0.0053402726,-0.00036668926,-0.0022683176,0.0020059664,-0.019284977,0.004922723,0.059308,0.05131934,0.06531128,0.025524428,0.0041010496,0.005904807,0.00737342,0.0023157175,0.0065577785,0.0025739023,-0.0017744066,0.001985551,-0.008443627,0.008020354
2015-01-20,0.04287315,-0.009887825,-0.0065087182,-0.0004946664,0.02137944,0.03722235,0.021851359,0.012595593,-0.0027480351,-0.006903793,0.011072939,-0.0020067554,-0.0025464224,0.0030939167,0.003342436,0.0065909903,-0.014129844,0.0038080998,-0.005204742,-0.00529874
2015-01-21,-0.029669952,0.005592458,0.0077435337,0.022000838,-0.016884938,0.0042899917,0.008288058,-0.03362331,0.016866056,-0.030603144,0.0042471634,-0.0027942488,0.00025752507,-0.006939119,-0.013919321,0.0043915296,-0.0016102362,0.003578527,0.0005549732,0.011595333
2015-01-22,0.004345698,0.0035200778,-0.005404531,-0.0005032734,0.00046180043,0.0047693243,-0.014280129,-0.016702268,-0.0021828378,0.016266096,0.005868023,0.005123872,0.01306265,-0.13861918,-0.003908937,-0.006997229,-0.055273533,-0.009505253,-0.025331907,-0.0036901461
2015-01-23,0.006261168,0.0,0.0069656307,0.0043534776,-0.02860756,0.0062903618,0.006983403,0.0016701084,-0.032235198,0.004703574,-0.0071778786,-0.013569098,0.0,0.0303614,0.034540623,-0.0124632185,0.03437155,0.008372504,0.0025086922,0.0009533011
2015-01-26,0.00012630847,0.0063374955,0.01854365,0.002245152,0.054498844,-0.0046310136,-0.024373896,0.011620362,0.036845904,0.039402805,0.035269193,0.018347163,0.011965522,0.0005165244,0.0041066594,0.0,0.014148381,0.014984978,0.025886817,0.008089126
2015-01-27,0.007264092,0.00088548195,-0.0009167725,0.0036594798,0.010867392,0.016280105,0.039672073,-0.0018377317,0.0032556083,0.00623703,0.013827986,0.010367166,0.0041559255,-0.030234596,-0.001902813,0.005028504,0.02395955,0.003330207,0.0068431683,0.01017799
2015-01-28,-0.0016895565,-0.003953546,0.006257215,0.00060083234,0.020400587,0.0,0.024183175,0.035187107,0.010891413,-0.00096239836,0.007185066,0.0033270996,0.0075590047,0.024070717,0.0031950534,0.036173016,-0.00677037,0.0072541498,0.0019628084,-0.011641076
2015-01-29,0.032783326,0.0007622657,0.004574224,0.0004550942,0.002361828,0.0068396,0.012668737,0.031715948,0.024647193,-0.0041694087,-0.004921653,-0.0008615571,-0.0005291428,0.0011150216,0.0031806906,0.022606717,-0.0061608767,-0.008844943,0.0038887677,0.0012080192
2015-01-30,0.0023547062,0.00037110492,0.0004540049,0.008632237,0.019401427,-0.006019055,0.014283332,-0.018701877,-0.014192269,0.0152646955,0.015503505,0.009757311,0.003833006,0.0051273275,0.0006466908,0.013885365,0.007440849,0.027298173,-0.006705884,0.007729665
2015-02-02,0.01697566,-0.00029242926,0.0037906098,-0.0017248732,-0.012478097,-0.0013902743,-0.019948041,0.059167955,0.008975953,-0.13813712,0.007283823,0.011291302,0.00063158333,0.002864654,0.031300195,-3.973391e-05,-0.0039037813,0.008972301,0.024533393,0.0035998295
2015-02-03,0.007879458,-0.0007430056,0.008743643,0.0134627735,0.021078458,0.019011574,0.016917033,-0.050416745,-0.12640962,0.035319004,0.008516933,0.012693,0.014224345,0.083598435,0.008238402,0.017131867,0.009125171,-0.035060782,-0.0010466375,-0.0008829368
2015-02-04,-0.0066632596,-0.014092242,0.013043087,0.0,0.019437406,0.025850432,0.03766287,0.10639103,0.004400497,0.004264479,-0.018223187,0.015566326,-0.0049966923,-0.039493617,-0.006860674,0.003364011,-0.112031505,0.049045302,0.019701827,0.0008897108
2015-02-05,0.02101968,0.0042319293,-0.0008162884,0.0,-0.13552639,0.004906611,-0.020505648,-0.018779442,0.02318536,0.011086751,0.009370831,0.010336561,0.0010852944,0.002413411,0.005155813,-0.00095641206,-0.0034437804,-0.027813613,0.0006368257,0.011143172
2015-02-06,0.035639305,0.032770228,0.0020320339,-0.007998739,0.000467017,-0.004058619,-0.0010889447,0.014678015,-0.0036756648,0.0013990331,0.008591518,-0.0029560772,0.015475992,-0.0015228409,-0.0015932282,0.006343208,-0.016185306,0.0056355433,-0.024324723,-0.015610097
2015-02-09,0.028650546,-0.003064384,0.002410998,0.011921675,0.015474262,0.022396794,0.0042379354,0.0057578757,-0.010119252,0.0034256284,0.025951982,0.008966333,0.0066503678,-0.012157897,0.008639869,0.0062005715,-0.012582882,0.018483657,0.0003491971,0.001771319
2015-02-10,-0.005738278,0.000568369,0.016949276,0.013835082,0.023359735,-0.0076683406,-0.011758792,0.005042123,-0.014210948,0.0062948386,0.015969573,0.0,0.0068683145,-0.02216752,0.004395978,0.034411374,-0.01632472,0.002906698,0.02279885,0.009390721
2015-02-11,-0.011080863,0.0010792121,-0.0395194,0.0020234634,0.0051699243,0.017638551,0.011601451,0.028097093,0.0073710736,0.010486017,-0.00017772336,0.015037978,0.016666297,0.0579421,0.013176816,0.005922766,0.09632216,0.005328187,0.0023655535,0.015545965
2015-02-12,0.016289273,-0.007152108,0.017881,0.0039851004,0.040981695,-0.00031634248,0.026776325,0.002507392,-0.007130901,0.0066040526,0.0066869785,0.009555971,-0.013030075,0.004230601,-0.0059045823,0.014433938,0.06920221,-0.02949959,-0.011358414,0.0064792745
2015-02-13,-0.0003474099,0.007391257,-0.0006989929,0.011957139,0.0067137363,0.00037125876,0.015608515,0.008282206,0.02867569,0.028532976,-0.009354496,0.0,0.0063580996,0.009637015,0.00496483,0.008909967,0.03443427,0.0075931577,-0.0069039008,-0.0030950662
2015-02-16,0.0050863475,0.0043338193,-0.009757198,-0.00025094522,-0.05241229,-0.005434802,0.0015678785,0.0010333157,0.005306972,-0.0012877814,0.006667549,0.010325628,0.017203122,0.0067187627,0.0037424683,0.004679054,0.004586409,0.01533292,0.007993767,0.00566861
2015-02-17,-0.049217537,0.012627608,0.021987049,0.00023890995,0.043361813,0.0063308,0.03999549,-0.0028753493,-0.0021329164,-0.007633591,-0.009624794,0.00042648977,-0.016543798,-0.023598505,0.010417265,-0.0021926141,6.1169385e-07,0.010871303,-0.0034310257,0.0072083995
2015-02-18,0.041641716,0.002866405,0.011215212,0.00010836421,0.013684736,0.011923726,0.0007354892,-0.016013138,0.012170776,-0.006822705,-0.0077618062,-0.0042185597,-0.00085554767,0.004219138,-0.0058162594,0.0048593795,0.0055279993,-0.016485812,0.008382512,-0.0050572124
2015-02-19,0.04417588,0.008201375,0.006639764,-0.0022966363,-0.029328428,0.0063323826,0.006903896,0.006215661,0.0020477253,0.015176916,0.009621309,-0.0043414542,0.006320823,0.009641648,0.0032267368,0.014265386,-0.008383262,0.037110753,0.014140533,0.009621496
2015-02-20,-0.0012527163,-0.0015480553,0.006101624,0.011890368,0.044231784,6.9695874e-05,-0.047481246,0.08283667,0.0031480584,-0.0009270706,0.007070232,0.0011179171,0.004104342,0.018439692,-0.011946125,-0.016171478,-0.006973038,-0.0087907035,0.013765362,0.0019895283
2015-02-23,-0.00054195744,0.0045487466,0.008527259,0.010693913,-0.002616491,0.010088867,-0.004269712,-0.07629419,-0.005276776,0.038594503,0.00654455,0.00045111682,-0.011799255,0.021254262,0.0010266254,0.01553919,0.029945945,0.006324406,0.0060626105,-0.0003312073
2015-02-24,-0.009414135,-0.014220254,0.004480549,0.0028483765,-0.015418669,0.011525407,0.01574488,-0.029719371,-0.0054056784,-0.0004385895,0.020632436,0.006845069,0.013240957,-0.056051604,-0.0047635813,0.006274602,0.030690383,-0.010266806,-0.0041853455,0.0
2015-02-25,0.05671964,0.012533929,0.008367917,-0.0020250415,0.02303053,0.0027360031,0.021576557,-0.0057971803,0.019149391,0.023030188,0.0031100456,0.0,-0.000801623,-0.0044583906,-0.004161143,-0.0029787624,0.005212076,-0.024740063,-0.0038490088,0.007421181
2015-02-26,-0.080420464,-0.015880866,-0.010356992,-0.0061950726,0.022684677,-0.0064486437,-0.029305637,0.021466093,-0.038149893,-0.002812907,0.011716142,0.013780401,-0.003114449,0.01655312,-0.0012999595,-0.0044086706,0.026096623,0.010673674,-0.00013193277,-0.004053078
2015-02-27,0.014095568,-0.0012795066,0.0019058397,0.0021133819,0.01055348,-0.008910487,-0.015473372,0.097978264,-0.0017963524,0.00049539737,0.026193915,-0.015869606,0.023140972,0.047061104,0.017299512,0.01940346,-0.004735574,-0.00067183055,-0.018448923,0.006284952
2015-03-02,-0.005181477,0.012261881,0.006341493,-0.0013721355,-0.00041396427,0.002829139,0.033600334,-0.0058353553,0.010436177,-0.013410731,-0.00043217168,0.013566127,0.015552987,0.008091205,-0.0008576373,-0.009517113,0.006188183,0.040153187,0.0005837639,0.0
2015-03-03,0.00032339705,0.0046407995,-0.0101403985,0.012986704,-0.012513513,0.011666032,0.012125967,0.086543806,0.0011334526,-0.022164052,-0.014062553,0.010479252,0.000448906,0.076043785,0.0017294876,0.01205807,0.005530708,0.024069086,0.013205668,0.00990696
2015-03-04,0.00117277,-0.010002768,-0.0066349385,0.009118338,0.003204146,0.016102571,-0.0006514843,0.034406397,-0.026298556,0.016808605,-0.003008633,-0.0037486604,-0.0048278547,-0.057923835,0.0007434408,-0.00237957,0.014154274,0.001633053,0.002205788,-0.0022920135
2015-03-05,0.01205608,0.008857815,-0.0019292269,0.0038606285,0.01437673,0.00780871,0.042743746,0.0024674402,-0.0030560873,0.012285798,0.0045720222,-0.006397177,0.0004947461,0.0038101887,0.015543221,-0.029693352,0.0052217618,0.006887338,0.01763965,-0.00868572
2015-03-06,0.014162963,0.006024219,0.0009714181,0.0019335888,-0.024329593,0.0,-0.028563695,0.0,0.016941456,-0.015635332,-0.00011685009,-0.0035168473,0.012254797,0.0029693607,0.0020715771,0.004387183,0.01413029,0.0064953263,-0.00035909054,0.0022867944
2015-03-09,0.016687235,-0.0073541445,0.017433707,0.0089224,0.02376239,0.008378895,0.029115828,0.008213485,0.0045623844,-0.06483973,0.011026847,0.019177314,-0.00438575,0.0138135925,0.01192874,-0.009024392,0.023849884,0.013541651,0.03555736,0.0080520455
2015-03-10,-0.016544443,0.006684258,0.0,0.0026610123,0.0073331823,0.0024792117,0.020941773,0.011146706,0.0045488235,0.04763874,0.030191319,0.0017152523,-0.015028068,0.007493938,0.009076201,0.027682567,-0.009219881,0.0034589607,-0.0021137516,-0.009449937
2015-03-11,0.036587626,0.01493871,0.009581859,0.0016773721,0.0037729612,-0.001626282,0.013634777,-0.13366827,0.022847066,-0.01693626,-0.0060759014,0.0,0.0143354265,-0.011515518,0.009858358,-0.0019809792,0.00069091783,0.0069470825,0.0045741056,0.0
2015-03-12,-0.04591667,-0.00451743,0.0041575176,0.013311924,0.015755802,-0.011671493,-0.0014650455,0.01539897,0.0003520218,0.03371881,-0.018479658,0.0,-0.026380707,-0.0030451687,-0.0012180759,0.014202222,0.009354025,-0.02117005,0.009994879,0.008626216
2015-03-13,-0.0041613257,0.010154065,0.004115799,0.0007388472,-0.0022004778,0.017190514,0.00063401525,0.022085715,0.0054812753,0.032909412,0.052310638,0.004544206,-0.0030254007,0.089668795,0.0091283005,0.0032458303,0.007962523,0.001117743,0.0074314573,0.006931568
2015-03-16,0.0009060807,-0.028057912,-0.0016323942,0.0064943726,0.002009864,0.019518154,0.0063264547,0.008978087,0.01621711,-0.00071181933,-0.0011365709,-0.00041542007,0.009417883,0.00398468,0.0015657102,0.00676184,-0.0050051473,0.022843124,0.0026257539,0.011313118
2015-03-17,0.011624842,0.007042854,0.0025952477,0.0050097224,-0.005548022,-0.049673498,-0.027167471,0.0033052245,0.0017023267,-0.10918735,0.09646467,0.0047816886,0.015353603,-0.008034759,-0.0069506005,0.018707877,0.010156427,0.0025052698,0.006674303,0.008628033
2015-03-18,0.024011597,-0.0006977061,0.0010324517,0.0069786664,-0.008748123,0.0067770667,-0.0017792509,0.02292921,0.023385007,-0.0062749707,0.025447518,-0.0026188747,0.014840682,0.004884194,0.003723089,-0.0026823806,-0.0105101485,0.018898476,-0.020899355,0.0027388674
2015-03-19,0.007267217,0.009937869,0.022362623,0.0064498573,0.047006264,-0.0013283712,0.017557943,0.00056279247,0.003113613,0.0022747007,0.009884878,0.057175457,0.003196766,-0.0014116121,-0.048027307,-0.023743978,0.015788613,0.00085302506,-0.00065211026,0.04458107
2015-03-20,0.035911184,-0.004365845,0.010230736,0.016895909,-0.0029564581,0.008109129,0.0102658,0.01969021,0.05482399,0.05076546,0.010335206,0.023580387,0.03536821,-0.013857943,0.008912777,0.048749015,0.00037482084,-0.0067244335,0.02772221,0.0
2015-03-23,0.00016774547,0.030501597,-0.010177307,0.0204642,0.0036747935,-0.0016894642,0.012280023,0.0010201496,-0.00087339734,0.011739065,0.007190323,0.0038524717,0.018675227,-0.017582245,-0.005348976,-0.0033081293,0.0024275568,-0.054363642,-0.007970832,-0.0106324395
2015-03-24,-0.028542543,0.010739377,0.0059337155,0.0076201507,0.0027620965,0.0017890056,0.013576591,-0.0016036766,0.005129786,0.0065892907,0.0062371,-0.030231973,0.00628832,0.005404041,0.04423782,0.012046006,0.004335445,0.016653422,0.047925685,0.012054361
2015-03-25,0.032152537,0.002675424,0.02277577,-0.0022603977,0.0028489665,0.006720859,0.012279088,0.0,-0.006799677,-0.0085480735,0.0051085344,0.0,0.0015727166,-0.00039984816,0.01189836,-0.003501805,-0.0019559022,0.02819792,-0.017532872,0.00048447968
2015-03-26,0.001241821,0.013768396,0.0009570617,0.008761546,-0.0077908784,-0.011267495,0.019027688,-0.00076287816,0.0073347786,0.02180902,0.00017553987,0.047033276,-0.0106320325,0.02746121,0.0123564135,0.010180784,0.01034722,-0.014235296,-0.016930858,0.0034808652
2015-03-27,-0.0019671347,-0.013835438,-0.034529384,-0.0030507047,0.070284136,-0.009335625,0.003761125,-0.0045901835,0.018082157,0.0009606813,-0.014064303,0.019771438,0.016366243,0.0074719023,-0.0037032596,0.011360462,0.0029468606,0.04267572,-0.030767305,0.0067862277
2015-03-30,0.009155556,0.021485522,0.010064489,0.013551126,0.0043566697,-0.029308302,-0.008947258,-0.0013837039,-0.01603297,0.034385957,0.02046162,-0.005814816,-0.0048691775,-0.017150803,0.026117112,0.020868285,-0.0016446509,0.002402235,-0.0020845912,0.0031010131
2015-03-31,0.010485621,0.0094191125,0.031487994,-0.01027426,0.07876677,0.016838422,0.012668729,0.016405784,0.010336446,0.017310444,0.0012158169,0.0252682,0.014789337,-0.015523466,0.0011202374,-0.0049504726,0.005127328,-0.026739081,-0.00799986,0.0130144
2015-04-01,-0.0034774053,0.020526685,-0.00906073,0.003996419,-0.008579334,0.0011536581,0.0042258184,0.0062369513,-0.0011110231,0.02614663,0.0085071735,0.020586682,0.012916878,0.002719043,1.445966e-06,0.01886448,-0.0016820609,-0.0047265114,0.035015017,0.0052595953
2015-04-02,-0.0001775031,0.023218889,0.009836749,-0.0008294172,0.03784905,0.017560015,0.0017262737,-0.0020734312,0.0225627,0.033203863,0.00013150496,-0.0011300488,-0.0023235728,-0.0007530028,0.0059410073,-0.005011013,0.0044343807,0.0051573776,-0.01243369,0.004558343
2015-04-03,0.0018186843,0.012150174,0.01709604,0.013717275,-0.12723316,0.028721752,-0.008953777,-0.001435834,0.0021894039,-0.007265341,0.02323127,-0.1416659,0.004113096,0.0065716067,0.0019959498,0.0025814066,0.0017075061,0.027492205,-0.002017773,-0.0018891946
2015-04-06,0.013710107,-0.001374564,-0.004214645,-0.0027176912,-0.002382154,0.014728923,0.0072167167,0.013905635,-0.0032291324,0.0075774956,0.0041233483,-0.0029538565,0.03913809,0.011292876,0.014617671,0.019972058,-0.006503333,0.00645868,-0.0026387319,0.008501121
2015-04-07,-0.055425428,-0.0008626593,0.024240453,0.006460266,0.006627782,0.0068980986,0.015560022,0.0075315963,0.017311314,0.0034499362,-0.0020501402,0.008480029,-0.01317919,0.009653372,-0.0129771475,-0.006911715,-0.023909528,-0.030991789,0.020144723,-0.007505686
2015-04-08,-0.006384355,-0.005480981,0.012265587,0.015485652,0.0013981024,0.0078081666,0.0015031919,0.0041419347,-0.022632293,0.022715285,0.013788935,-0.0040176464,-0.022600472,0.007678806,0.0010424312,0.007968097,0.0023969824,0.03842328,0.0018224069,0.0036862
2015-04-09,0.0,0.0,0.00567267,-0.0019630603,0.051896263,-0.0012639345,0.012168262,0.0020599249,0.017126294,0.019003475,0.014670724,0.096662275,-0.002945863,0.0020507956,0.03776226,0.0,0.0068975114,0.039540652,0.018779552,-0.0026543504
2015-04-10,0.01962935,0.03044608,-0.003788609,0.007233795,-0.0064936467,-0.0011035072,-0.013421611,0.0070182686,0.0035973005,-0.003385559,-0.0030572366,0.0029896568,0.03165031,0.022593277,-0.00011190879,0.006297109,0.014830457,0.017470516,0.017467558,0.013484892
2015-04-13,-0.014476241,-0.009030816,0.022382518,-0.010226264,0.0050584087,0.014031663,0.020209549,0.015181119,0.002726961,0.008322498,0.009305065,0.0074352114,0.011425496,0.025776956,0.0024148931,-0.0021944984,0.0012009393,0.0051580444,-0.0104506835,-0.013067475
2015-04-14,-0.014367412,0.008943762,0.0,0.0023586287,0.01750133,-0.024950141,-0.056001224,-0.008426074,0.020510022,-0.021498606,0.0031061124,0.013889948,-0.007129898,-0.1347225,0.024682978,-0.008389973,0.0074394373,0.013856815,-0.00076896255,0.018527446
2015-04-15,0.032610606,-0.0030430648,-0.019376755,0.005400378,-0.037380606,-0.0018659492,-0.021141129,0.009434196,0.01127206,-0.008119658,0.012208731,0.029596252,0.010141931,0.017300913,-0.0015923298,0.0068277107,0.0036660356,-0.023660397,0.02409491,0.012138758
2015-04-16,-0.0100520635,-0.04198765,0.010869198,0.023772128,0.019527456,0.025362212,0.016578779,0.009094832,-0.003515568,0.008275369,-0.016558345,0.0073494012,0.013370522,-0.049619574,0.019662526,0.019707099,0.008728644,0.037907727,0.022097407,-0.0018650909
2015-04-17,0.0015017646,0.02640934,-0.003674859,-0.0035153322,0.104053006,-0.0065276376,-0.039780006,0.012572881,0.010577715,0.004339298,0.0,-0.0022486616,-0.004745536,0.010256202,-0.0058073993,-0.004507755,-0.012297239,0.0024114375,0.0017934489,0.0061768936
2015-04-20,-0.0069660284,-0.027025837,0.010636601,0.0073444257,0.029991295,0.0011088081,0.008415074,-0.015057752,0.0033828816,0.021400003,0.017398035,-0.0014651251,0.0001004174,0.0137606235,0.004360251,0.0021638973,0.011983148,0.010726802,0.0027734048,0.02047015
2015-04-21,0.008168633,0.0036730794,0.010675851,-0.009903733,0.011884798,0.0025485354,0.018892217,0.012983058,0.008467293,0.006124636,-0.005264512,0.011039003,-0.002950081,0.01193135,0.0011094592,0.00690354,0.002394953,0.0033874703,0.0044150874,0.0027961049
2015-04-22,0.0016740476,0.027301881,-0.010389215,-0.00025444198,0.012646758,-0.0051204455,-0.0033031432,0.0017383164,0.021822346,0.034384154,0.030260984,-0.006022261,0.016261628,0.012181793,0.017853102,0.0,-0.003220842,-0.026568608,0.02139095,0.0
2015-04-23,0.012396372,0.003600334,0.0039663822,0.008213053,0.0,0.0063588754,-0.00161943,0.0020798536,-0.0027817702,0.01809344,0.013553113,0.028190376,0.005817929,-0.0038324767,-0.0038672478,0.019883063,-0.006373098,0.018335747,0.021593533,-0.0011148589
2015-04-24,0.013194327,0.0028936,0.015457532,0.006542294,-0.0009308915,0.019567758,-0.0013031197,0.017791087,-0.0018000898,0.011813208,-0.0026877418,0.028495934,0.0070990687,0.006602739,0.0154976975,0.005210024,0.0,0.036625292,-0.00081884005,0.00558033
2015-04-27,0.006292481,0.024409458,0.02206743,0.017537462,0.010572988,0.002932304,0.024898792,-0.009844036,-0.004927482,0.010482153,-0.01432663,-0.021504775,0.0004102357,0.017260414,-0.0021600896,-0.02533936,0.0012749507,0.00019371242,0.00703109,-0.001240796
2015-04-28,0.01683156,0.0061247363,-0.0053902077,-0.00022506906,-0.010043981,-0.027135774,0.007813892,0.00430924,-0.006332561,-0.0029892914,0.0027391983,-0.03129193,0.013871171,0.012369124,0.0012353552,-0.0061856993,0.009732092,0.0062854486,0.031516675,0.0
2015-04-29,0.006558688,0.01400762,-0.00075515243,0.013756196,0.007166778,0.006567404,-0.00039137475,-0.012155913,0.008885099,0.00065492984,0.0068834303,0.027677076,-0.0024186596,0.015534424,0.011607027,-0.00093767396,0.0025065513,-0.0014056717,-0.03421557,0.01107343
2015-04-30,0.018839002,-0.0097406795,0.03990565,0.011972921,0.013523947,0.020586329,0.00088087836,0.008155703,-0.00472979,-0.048811067,0.013965463,0.0020842913,0.0017286523,-0.013467873,0.011079977,-0.0069109113,-0.0049898997,0.0032646991,0.002677738,-0.0036857876
2015-05-01,0.0025923594,0.012081163,-0.0063921763,0.0038177192,0.002692122,0.00078505604,0.0018730487,-0.017044818,0.008861835,0.036633655,-0.0101243965,0.0034539977,0.0013402854,0.00564594,0.009951658,-0.0004137018,0.002722542,-0.018760039,0.0059007416,0.026150491
2015-05-04,-0.0014452229,-0.0017582485,0.009993871,0.0114146415,0.008923316,0.0434334,0.01146132,0.013756649,0.008164055,0.0062779654,0.009683399,-0.034246463,-0.008981344,0.030799963,-0.0026188402,0.04593729,0.009638149,0.013425158,-0.0135603305,-0.0041728704
2015-05-05,0.0053273253,0.023100369,-0.007857525,0.024691828,-0.0017375986,-0.02831425,0.022478461,0.01298288,-0.0020445222,0.015816832,-0.015424214,0.037968792,-0.035969935,-0.011224576,0.020479718,0.029837346,0.012026448,0.0085156225,0.015041522,-0.0025522155
2015-05-06,-0.016824223,-0.0130209075,0.0128318565,0.005380736,0.015753072,0.015917787,0.0003855818,0.006328509,0.058931854,-0.0009602637,0.04254562,-0.008741165,0.03366791,-0.0069021424,0.02093681,-0.0057914983,-0.0030220177,0.07130842,-0.02236643,-0.019993078
2015-05-07,-0.011706252,0.049409404,0.015814178,0.0077918787,0.0072526974,-0.03253512,-0.01678964,0.002222379,0.015054336,-0.00669049,0.02173192,0.024647612,0.005816643,0.01182146,0.007243448,0.0017993331,0.0011240705,-0.001643969,-0.005517113,0.0021823829
2015-05-08,-0.0176929,-0.037124716,0.01940877,0.011039998,-0.055532515,0.0025730003,0.004628659,0.008883139,0.0076151695,-0.031736724,0.004193466,-0.14165224,-0.014702852,0.01726235,0.0031907272,0.0183473,0.008623075,0.0051102107,-0.016886277,-0.016541582
2015-05-11,0.0011240992,-0.00045456836,0.014623556,0.0028695413,-0.070159316,0.034697443,0.052047588,0.0021912626,-0.014367187,0.0064583034,0.0027124302,0.021296538,0.008113313,-0.00093436067,0.0029576244,0.0073310095,0.0051160804,0.0202257,-0.11135768,0.025782948
2015-05-12,0.08010992,0.004323946,0.0019884927,0.0019839492,0.0032319892,-0.0045860205,0.007988482,0.006235387,0.0155317,0.0037186139,0.0001115506,0.002402345,0.007152655,0.025652517,0.004636643,-0.00067181716,-0.004324414,-0.06713379,0.01386829,0.002685438
2015-05-13,0.041641884,-0.0003945311,-0.00018742908,0.013232437,0.025912734,0.022027353,-0.002303924,0.004634001,-0.0021652258,0.04932589,0.0,0.045328133,-0.012444832,0.004003896,0.007370531,0.0080333045,0.014506861,0.03448906,0.044783935,0.009481994
2015-05-14,0.01811715,0.00712417,-0.0020335084,0.014172225,0.023109572,0.0046509965,-0.0002975024,0.015153515,-0.0023523672,-0.026534688,0.004307142,0.0,-0.017026532,-0.016080143,0.008398451,0.004827505,0.003338383,0.007134947,0.104670726,0.0038977263
2015-05-15,0.0017182572,0.0,0.005148636,-0.009407256,9.569868e-05,0.024012338,-0.07178975,0.006360083,0.0058552204,0.029405946,0.016261784,0.012103026,0.0,0.008760115,0.014767078,-0.0022310754,-0.00034134576,0.017747939,-0.008662518,0.0
2015-05-18,-0.012684778,0.01230421,0.013760463,-0.008684815,0.009675402,-0.001623065,0.0172829,0.0,0.023428904,0.014798592,0.008099417,0.03277068,0.046803247,0.0008432497,0.0033326538,0.012321763,0.0057821786,0.018711163,0.086144105,0.01679968
2015-05-19,-0.03460094,-0.022343628,-0.0041336827,0.018590463,0.002499989,0.0070357365,0.0044304333,0.005969658,0.034709916,0.00069658796,0.011275715,-0.0069455663,0.029300706,-0.010657366,0.00237257,0.0056883986,-0.0011054592,-0.0028327205,-0.0090904785,0.0008948877
2015-05-20,0.0034850508,0.01581121,0.024204653,0.015414107,0.0025847824,0.014913326,0.0010540806,0.0013481706,0.004189061,-0.0009405152,0.01734364,0.03102107,0.02364116,0.013854198,0.0042020497,0.008320547,-0.0038307086,-0.0099791,0.003547187,0.009755587
2015-05-21,0.039231356,0.018247318,-0.016530083,0.008676916,0.007181129,-0.006951184,-0.0032737383,0.004039711,-0.018305752,0.0111374855,-0.030763587,0.008445361,-0.0052696997,-0.06746491,-0.008523326,0.009954794,0.0036626197,0.008506917,0.012766313,0.0072258255
2015-05-22,-0.00060609746,0.012304712,-0.0017789676,-7.360228e-05,0.0072831362,-0.020049062,-0.0011414203,0.00897816,0.0026212262,0.008126319,0.003139619,-0.00325896,0.013325042,0.0006493358,-0.0048980443,-0.0013712959,0.005261128,0.010924201,0.0021720147,0.005328457
2015-05-25,0.04179601,0.011364342,0.022624768,-0.0029221023,-0.14164473,0.018450113,0.016376026,0.0019683924,-0.0019244093,0.009818586,0.0071296175,0.00028876076,0.011358785,0.008338894,0.00036798208,0.009721764,0.006587768,0.008808708,0.0024146964,0.012127563
2015-05-26,0.010409743,0.019370142,-0.0001042084,0.0,0.020992037,0.0118681975,0.0027474323,0.0075284895,-0.0092779705,0.012837967,-0.0045608003,0.008923932,0.011634814,0.0017170934,0.012787322,0.00955558,0.007103915,0.023162337,9.143217e-05,-0.005402969
2015-05-27,0.0033361283,-0.003207946,0.0070112273,0.0040959986,-0.08092226,-0.024786003,-0.016155517,0.0042199045,-0.0073030256,0.0,0.006104314,0.005592465,-0.013169932,-0.016616624,0.0015541292,0.018841619,0.0028413122,0.000419237,0.008161291,0.00684673
2015-05-28,-0.008192265,-0.008622905,0.012359583,0.0,0.05352542,0.043159686,0.03635245,0.0038834803,0.033905115,5.912253e-05,-0.005363727,0.022403413,0.0154794725,0.03326894,0.0053932113,0.0063162697,0.003488577,0.0050368267,0.020203369,-0.0021276304
2015-05-29,-0.0018729047,-0.004528573,0.004015026,0.0033266474,-0.0019522215,0.0075521767,0.027688539,-0.021182043,0.04508803,-0.0028168578,-0.0046656034,-0.0077037215,0.0005608239,0.0064718504,-0.0033911988,-0.0053193257,0.003189493,-0.009049449,0.007084498,-0.0007359875
2015-06-01,0.017389217,0.012569358,0.0065056714,-0.0053285575,0.035447467,-0.0006486422,-0.014376387,0.0020763278,0.014414825,0.01919777,0.00010622532,0.003395507,0.011019366,0.010490467,0.0006154057,0.0016357399,0.0011799368,0.013439227,-0.029327633,0.011757338
2015-06-02,-0.0006064207,0.012317391,-0.009005149,0.021036632,0.027220814,0.00898905,-0.0015386827,0.0072684446,0.019026952,0.0007687885,-0.015312326,0.020961149,0.007675821,0.007060636,0.010373926,0.014147437,-0.0024172298,0.0003352312,-0.008505755,-0.0015306002
2015-06-03,-0.01872509,-0.0055259764,-0.013976204,0.0,0.016638307,0.0063427687,-0.035612505,0.019661888,0.006857401,0.0027392334,0.051383838,-0.014011826,0.013600143,0.02598036,0.00090775796,0.0050156745,0.0069054165,-0.02814183,-0.001717967,0.0073610637
2015-06-04,0.059987035,-0.021183861,0.021710532,0.02305616,-0.0050319545,-0.0019767524,-0.053159807,0.009967563,-0.0013672031,0.0006634014,-0.004924495,0.0046957796,0.001101161,-0.033920716,0.0067542377,0.015038678,-0.0018387064,-0.007745203,0.00333651,0.009841346
2015-06-05,0.044828806,-0.0024566574,0.005667866,0.013945895,-0.06362143,-0.0010377184,-0.0015524413,-0.018350378,0.011078705,-0.0065063024,0.0048587047,0.019564454,0.0042880327,0.010267181,0.0018186145,-0.0018684332,0.00021906495,0.028424678,0.046257693,-0.00042581095
2015-06-08,0.004329464,0.018231714,-0.0003226338,-0.0067056906,-0.019693017,0.018946532,-0.00050630816,-0.007482098,0.0022118294,0.025316985,0.007465353,0.095006034,0.0124909,-0.002246056,0.004646004,-0.002471038,0.0033258435,0.0,-0.012083179,0.0010121472
2015-06-09,-0.006005348,0.016285142,9.673172e-05,0.01255148,-0.0060487995,0.0023591563,-0.029861072,0.017352508,0.0062689194,-0.0015002679,0.00012538013,0.042737424,-0.04050917,0.008603666,0.013782866,0.008154133,0.002864486,0.037582878,-0.024317313,0.011068841
2015-06-10,-0.006040923,0.017531978,0.0013007623,0.0008515935,0.013155507,0.008948105,0.0016162867,0.01723778,0.013092191,-0.00073123525,-0.009043618,-0.0012848427,0.02604963,0.07772409,-0.003218451,-0.007225686,0.00488412,0.004391942,0.024260508,0.00014642446
2015-06-11,0.0,0.011872122,-0.0012860313,0.008712114,0.015123558,0.006793158,0.10440985,-0.0033139174,-0.004812324,0.01984351,0.019262977,0.025482489,0.0077042724,0.0040979385,-0.010421303,0.017455045,0.005379156,0.026054803,0.004507877,7.912156e-05
2015-06-12,0.0026258342,0.008728933,0.0025802965,-6.610537e-05,0.07370718,-0.0009957801,0.020687446,-0.0050437613,8.227783e-05,-0.005135908,0.012575715,-0.0023122078,7.033881e-06,0.016673716,0.0069994438,-0.012873108,-0.008175214,0.00081756123,0.09744806,0.0038456945
2015-06-15,-0.00045253584,0.0,-0.0006691674,0.016998796,0.037455168,0.002496393,0.011411972,0.008861288,0.011035101,0.0028321124,0.0065412987,0.00091233687,0.012597027,0.00018764372,0.00077110465,0.0,0.004318201,0.011205821,0.01897917,0.0040438054
2015-06-16,0.019316547,-0.0034198705,0.0016882914,-0.0077440343,0.038442753,-0.016227022,0.0043967147,-0.0077089155,-0.012503804,0.0028831158,-0.033871293,-0.032858137,0.0031846103,0.012427658,0.0029214008,-0.016516104,0.0077017164,-0.02409206,0.004626978,-0.006184709
2015-06-17,0.029226393,0.036617424,0.0010099354,0.0050290767,0.0062865107,0.051255602,-0.0032501218,0.030795861,0.02112052,0.002624756,-0.022275457,0.0012320086,-0.01655082,0.022378486,-0.03759074,0.010014279,0.002503802,0.00040838675,0.010665545,0.0
2015-06-18,0.038047794,0.0066493982,0.005946669,-0.0021362598,0.0021185512,-0.008778463,0.0063057323,0.014214428,0.019779712,0.0106298765,0.01417922,0.0023086513,-0.029604819,0.076611616,-0.024176886,0.029676795,-0.0032607703,-0.01175645,0.0056688567,0.010666071
2015-06-19,0.09275787,0.01944278,-0.0005096534,0.016945217,0.0033842174,0.058924627,0.0147074945,0.012811922,-0.012291116,0.015540161,0.0051543117,0.008038891,0.00078220124,0.026682846,0.0048937076,-0.003026199,-0.016619988,-0.013702149,-0.013020546,0.076507226
2015-06-22,-0.0077423034,0.024568245,0.021794792,0.0056517445,-0.0054852567,-0.0046794396,0.013856991,0.014356728,0.020624582,-0.022154566,-0.021559428,0.003307229,-0.12845647,0.013769914,0.017273983,-0.0055577,0.006704329,0.03975205,0.020001965,0.015092
2015-06-23,0.030100668,0.0018641189,0.012332275,0.003642697,0.0041008815,0.0136211,-0.015664512,-0.010784559,0.0043109753,-0.0082015395,-0.02910675,0.014974135,0.02635968,-0.0001886589,0.007061932,-0.013268031,-0.13936406,-0.010218823,-0.0051258868,0.0041698404
2015-06-24,0.000848622,-0.014471013,0.0065978267,0.011095809,-0.012091306,0.0075196624,-0.014627586,0.0020752295,0.012404328,0.023413284,0.008504314,0.0080523,0.0236774,0.0034759457,0.0036782704,-0.010617549,0.0015867036,0.007545865,0.013465037,0.014030593
2015-06-25,-0.010705614,0.0074541466,-0.0028880145,-0.004940135,0.012379626,-0.14160208,-0.02225594,0.0177096,0.009351707,0.013071531,-0.009584685,-0.0007949577,-0.028988525,-0.0011358465,0.0,0.015956378,-0.027011866,0.029044544,0.0057758526,0.008652783
2015-06-26,-0.030596007,0.02042779,-0.0011006155,-0.008203739,0.01360774,0.015655462,0.058886018,0.011832891,0.0,0.012582804,0.09796178,0.002234974,0.028785361,-0.030343788,0.06552482,-0.0055620032,0.015943078,0.011050744,0.004449893,-0.019384682
2015-06-29,-0.005518593,0.005786742,0.007331688,0.002363673,0.02425751,0.05158137,-0.00051122817,0.0017694379,0.0035745814,0.0033442774,0.015459208,0.024345005,0.001659569,-0.01278145,0.034775257,0.0065752068,-0.0005013404,-0.0006615991,-0.017502103,0.05619099
2015-06-30,0.014211566,-0.0013495106,0.013385837,0.0063767624,0.0029043658,-0.012715725,0.009473957,0.008297439,0.0,0.009502982,-0.0008756922,-0.02445304,0.037509188,0.014085249,0.020559898,0.001723994,0.10029514,0.00064092624,0.0090843085,0.009382428
2015-07-01,0.003653346,0.017823564,-0.005183502,0.027486483,0.0017978925,-0.005983289,0.024554381,0.019955829,-0.005595119,0.0027795036,0.012147646,0.015506658,0.009502533,0.027637241,0.015238576,0.009344165,0.044512443,0.017362276,-0.001928678,-0.016430205
2015-07-02,0.058077957,0.0,0.009840034,0.022533892,-0.0048686666,0.04201913,0.009647317,-0.014929146,0.0,-0.001519514,0.007676492,-0.012055504,0.0321656,-0.015720576,-0.0077339285,0.020991582,0.025885813,0.016845377,-0.006610987,0.015355765
2015-07-03,0.0037329008,0.013908833,0.009370715,0.004034224,-0.03179506,0.0025353278,0.02044198,0.01856069,0.005637219,0.0,0.0028613736,0.00726213,-0.003016266,-0.013437031,0.03420505,0.03485278,0.06584231,-0.0062262435,0.008903354,-0.0023826002
2015-07-06,0.040103327,-0.000120619305,0.0033247771,0.0025379932,0.021489395,0.025438515,-0.016293755,0.014566612,0.008414766,0.0011908184,-0.032903157,-0.0036989255,-0.08502075,0.025021126,0.009691818,-0.004693309,0.036992524,0.027819796,-0.040917594,0.018661251
2015-07-07,0.014796083,0.0189854,-0.010495439,0.0023979917,0.0011106818,-0.00026636838,0.0019261917,0.00361335,-0.012178032,0.0098138545,0.029763801,-0.0001024048,0.01713208,0.02670919,0.004106143,0.0032322814,-0.0031547563,0.0024401045,-0.003031171,-0.0047894935
2015-07-08,0.02477878,-0.013601098,0.004287978,0.006327848,0.010318683,0.007407837,0.020977853,-0.0025959387,-0.00017744489,-0.09048808,0.022780001,-0.0032196823,-0.03182792,-0.0050804033,0.0077602924,-0.0047762627,-0.0022354773,-0.053621992,-0.0007260894,0.012517486
2015-07-09,-0.036016658,0.0010052418,0.008971755,-0.0020625887,-0.0045098877,0.007638951,-0.04890906,-0.0036624915,0.02558899,0.00013833113,0.00909712,0.0023970595,-0.028007058,-0.0049381633,0.013306033,0.0051357667,0.034662195,0.017012352,-0.00552593,0.03510818
2015-07-10,-0.030833237,0.01517889,0.006284336,0.005460395,0.014003256,0.010554657,-0.14167368,-0.004162892,0.0023525695,-0.001994609,-0.029003918,0.002373352,0.0021345278,-0.010340301,-0.0150894895,0.016779931,-0.03957211,0.012273956,-0.04475849,-0.009732012
2015-07-13,0.012305258,0.0025819333,0.0023301549,-0.00531383,0.024284204,0.0022237273,0.08722569,0.00651918,0.004234382,0.021041494,0.015786208,0.016580751,0.089272134,0.0018090172,0.0040538064,0.00023240181,0.012947105,0.00977191,0.0039203293,0.03698208
2015-07-14,0.001950314,0.004104342,0.01372354,-0.056957636,0.005692906,0.0054374128,0.035753183,-0.008436854,0.009436658,-0.020074062,0.0074294303,0.008136817,-0.0021157188,-0.11514122,0.030493056,0.014182023,0.0073949094,0.008964546,0.038573988,-0.012667589
2015-07-15,0.0051591415,0.0008400807,-0.005313104,-0.018380476,0.01065237,-0.0015504101,0.002751929,0.04706537,-0.0066421814,0.0,-0.019060412,0.0034969375,-0.004905371,-0.004307524,0.0074145896,0.008904491,0.013833286,-0.008517652,0.012365374,-0.003893548
2015-07-16,0.004331305,-0.0060423096,-0.01623076,0.023193566,0.026549885,0.0030999642,-0.014263694,0.0065790014,0.0,0.0030667414,0.0019760167,0.0028493193,0.024726085,0.033731785,-0.004999765,-0.0073596616,0.0028889056,0.009336462,0.02232728,0.015154758
2015-07-17,0.014287602,-0.02210121,-0.0019003776,-0.0018949207,-0.0024155003,-0.0028791842,0.022454439,-0.0012594915,0.0054574893,-0.0034925882,0.043757502,0.0066557103,0.014582482,0.004838031,0.0055092643,0.004277916,0.019691993,-0.019075317,-0.011209971,0.016510397
2015-07-20,-0.000106068255,-0.06014924,-0.0012499725,-0.013851376,0.0047044153,-0.017867485,0.014554075,-0.08293374,0.0025489938,0.015435684,-0.0022572116,-0.008388262,0.0076484988,-0.004050177,0.019259468,-0.0017830281,-0.007262105,-0.0010839829,0.009911855,0.027282448
2015-07-21,0.031247962,-0.00080352667,0.0,0.0072681154,0.0025540187,0.027602773,0.00027106152,0.043045897,0.0011027505,0.0048047355,0.0043828343,-0.0015792733,0.0122432625,-0.017713659,-0.0036083774,8.6163906e-05,0.008193599,0.02556703,0.0126651395,0.011525273
2015-07-22,0.013518828,0.0022578253,0.006560312,0.0011548606,0.014319654,0.013748125,0.011188012,-0.0074362974,0.0029418922,0.021113297,-0.007881759,-0.0006280036,0.016294625,0.017317312,-0.016722072,0.0038642182,-0.010224444,-0.0134133715,-0.0040376186,-0.047792617
2015-07-23,0.0053379405,0.016022388,0.009892758,0.0076341005,0.018579543,0.012264465,-0.009843621,0.0070756455,-0.0041269464,0.006587448,0.0055763647,0.011985173,0.056209568,0.0012979269,0.0042321226,0.01839848,-0.00035998045,0.0073910607,0.0010413247,0.023041883
2015-07-24,-0.13044539,0.035060123,0.010583824,0.036769304,9.1258175e-05,-0.005951869,-0.0053511383,-0.013550133,-0.0018381631,-0.0037702587,0.0069614504,0.005435091,0.0071418644,0.013090753,0.0051318035,0.00046246802,-0.0024783793,0.015514634,0.017692076,0.026493337
2015-07-27,0.03962482,0.015294758,-0.0071286964,0.003768561,-0.12026745,0.0108962,0.0,0.007024274,-0.052260995,0.007738966,-0.0084012775,0.009835883,-0.00018938904,0.029364659,0.057925638,0.0014841434,0.0066430117,0.014306366,-0.01587878,0.0064243195
2015-07-28,-0.02953123,0.0027552475,2.9695673e-06,-0.0004747278,0.026622256,0.00034732136,-0.011259286,-0.04190858,0.0,0.004516549,0.060735606,0.003679023,-0.0031552333,-0.008054727,0.005480855,0.012908159,-0.0047812276,0.0033844996,0.0054864837,-0.10932059
2015-07-29,0.10471225,0.017377209,-0.00079983013,0.02420615,0.008412482,-0.0015940872,0.020027645,0.02541999,0.0045758598,0.01378815,-0.03794555,0.0022820202,0.006074004,0.021519385,0.0006123229,-0.017997183,0.06249085,-0.0042611607,0.007350686,0.0048326305
2015-07-30,0.105763234,-0.019110471,0.011703582,-0.03937619,0.009954158,0.03437402,0.0075968923,0.0063443924,-0.0060334583,0.0074146586,-0.035211284,-0.010625982,-0.0029967888,0.008514609,0.017648969,-0.0010600213,0.010607589,0.019460097,0.018787462,-0.030592158
2015-07-31,-0.0041196523,-0.016381225,0.0024881114,0.006363335,0.012292735,0.041780736,0.027181996,0.034782857,0.01949716,0.0009857479,0.047247637,0.013743821,0.023897871,0.029334111,0.026037483,0.024841446,0.0024069033,0.0071142525,-0.008342907,0.004935911
2015-08-03,0.0015015556,0.012990149,0.0024702752,0.007370507,0.012113634,-0.046424672,-0.024050876,0.0006192231,0.035676207,0.017815616,0.00758148,0.007629437,0.00033954871,-0.014558281,-0.007575125,-0.0016850927,0.031525277,0.0066013467,0.06158902,-0.009302899
2015-08-04,-0.009177933,0.0049338485,0.023475926,-0.012228077,0.008528552,0.012913341,-0.010349414,0.0308998,-0.0044737956,-0.003018883,0.0288421,0.00198577,0.01226143,0.0013855404,0.0015469273,0.0005802447,-0.010145098,-0.013540287,-0.011698583,0.021855857
2015-08-05,-0.014357459,-0.014179617,-0.0022369649,-0.0101509355,0.0,0.022221552,-0.13472809,0.03943112,0.010133287,0.01276332,-0.0018694534,0.009831574,0.012569119,-0.0024319647,-0.002730286,0.010015599,-0.01642079,-0.010551815,0.0018276304,-0.011521565
2015-08-06,-0.0005851838,0.020349173,0.0034572284,0.011490888,0.001236754,0.02616241,0.037358288,-0.00010171619,0.01046194,-0.00421637,-0.012735211,-0.0067763394,-0.00063294574,-0.00048093096,-0.0047376775,0.004817762,-0.014744631,-0.05251971,0.004828599,-0.002516875
2015-08-07,-0.00080043345,-0.01072133,0.0059214975,-0.0059064585,0.00371302,-0.0222942,0.01890089,-0.0033598177,-0.0027408716,-0.0035192196,0.0074636335,0.019637804,0.025911165,0.056720775,0.0,0.010129269,0.005463257,0.022630148,-0.014697067,0.03512725
2015-08-10,-0.0015104767,0.0061869435,-0.016399791,0.005627833,-0.019186767,-0.037600614,0.008098968,0.006774744,-0.00368782,0.019065136,0.004880733,0.008718382,-0.0061306376,0.0060527264,-0.06517719,-0.016647946,0.006706852,0.0038997035,0.012649302,-0.011162358
2015-08-11,0.004514142,0.009917791,-0.01346484,-0.011770489,0.017033165,0.022539485,0.02812948,0.011799685,0.0031917281,-0.0064780996,0.015469189,0.0031222538,0.003575386,-0.00023678524,0.026748069,0.013053346,-0.0028510673,0.014133275,0.01721707,0.058579065
2015-08-12,0.0027315912,0.0054902937,-0.009142562,0.0027682327,0.0015003214,0.042756267,0.020527957,-0.039423406,0.0126810465,-0.007459885,-0.015129817,0.008635284,0.0,0.0034866745,0.0059816875,0.0082153,0.054906882,6.74998e-05,0.02965813,-0.10813788
2015-08-13,-0.0048717707,-0.0043122834,0.0017969892,0.01497882,0.013867065,0.014894552,0.026606597,-0.013927965,0.008913146,0.00870181,0.02037365,0.017795302,-0.0024584334,0.009343412,0.03532896,0.0048788195,-0.0042320057,-0.03233607,0.011268747,0.040348697
2015-08-14,0.006718975,-0.0024174396,0.011689944,-0.06042481,0.0123685915,0.013853522,0.010506891,-0.0013451464,0.0,0.0108076045,0.014018768,0.00036612456,0.031077705,-0.0028339534,0.03724039,0.0020419878,0.018967396,0.035543572,0.0061081825,0.0054847873
2015-08-17,0.007888073,-0.0013743642,0.030340193,-0.00023557684,-0.0016836247,0.024705429,0.004123286,0.0061105066,0.004163317,0.0,0.008721586,0.0016973473,0.0007670242,-0.0038161436,-0.013946312,0.0017787177,0.012366756,-0.0061661853,0.00036147048,0.014150248
2015-08-18,-0.0055068643,0.005410813,0.012496785,0.034994908,0.024780653,0.0034647954,-0.021321109,0.026795087,0.019005433,0.00946922,0.0008730013,-0.0056780763,0.0022670247,0.013247777,0.0041626203,-0.02002593,-0.02230843,0.017501153,-0.010333017,0.03030961
2015-08-19,0.019187065,0.0,0.011385462,-0.0038251574,0.0014842054,-0.007236967,0.011750259,0.0067994283,-0.009937619,0.0010175781,0.012147014,0.021723192,7.1751514e-05,0.00013420255,0.03675822,0.005828641,0.030978885,-0.00067072146,0.009650878,0.004101706
2015-08-20,0.027669476,-0.00894711,0.007665146,0.04407966,0.005055158,-0.0068582282,-0.0013917586,-0.0049699396,-0.018703515,0.0073020193,0.012075387,-0.07831388,-0.006595859,-0.01602742,0.006554553,0.013167256,-0.0050315717,0.0026755594,0.0067468444,0.017765583
2015-08-21,-0.0052299816,0.0024547474,0.002399863,0.01859176,0.017410139,0.018077299,0.022547541,0.033249896,0.017111363,0.004439981,0.016630186,0.00259613,0.014422503,-0.003264053,0.006381114,0.005943241,-0.00047976954,0.012066222,0.003317604,-0.0025791677
2015-08-24,-0.020355474,-0.017624062,-0.0036764767,0.0,0.0032965331,-0.005191181,0.008494709,-0.0051849987,0.0076897186,0.0071404343,-0.02979811,0.011619815,0.0015507056,0.020561092,0.0068424335,-0.008762668,-0.08390962,0.0016973444,-0.002874722,0.0043706135
2015-08-25,0.0153584685,0.016319923,-0.015165469,0.014485386,-0.0032143164,0.015504474,-0.0006385513,0.019582171,0.015131447,-0.022462726,0.023647768,0.021555396,0.03855239,-0.00036346065,0.010949517,-0.01676175,0.008426611,0.0051132203,-0.014099621,-0.00036779395
2015-08-26,0.03613545,0.005122055,0.0031125727,0.014235718,0.0019670352,-0.027265979,-0.032332096,-0.011019174,0.0056915744,0.0073617017,-0.031365532,0.0,-0.035515394,-0.015954595,-4.714653e-05,0.020932911,0.035041947,-0.009973906,0.02697627,-0.004755885
2015-08-27,0.007630328,0.011415834,0.0056661703,-0.0028718016,-0.00041254488,0.0072082705,0.0088758655,-0.0024217325,0.0044570006,0.013687668,-0.015591473,-0.0073553715,-0.0020603568,-0.0011854274,-0.016739963,-0.012813033,0.027642269,-0.003670949,0.0136179775,0.0011093413
2015-08-28,0.0,0.0,0.0037383242,0.02066157,-0.0010086424,-0.0009463753,-0.023217103,-0.0068501863,0.014604993,0.008918925,0.018100146,0.00917173,0.009205058,-0.013689447,0.020586113,-0.04668279,-0.0006358015,0.0015125028,-0.0020687091,-0.041059442
2015-08-31,0.004706341,-0.0039017897,0.0094967205,-0.0053895754,-0.00062494114,-0.0011039221,0.025326539,0.037376564,-0.01043992,0.004440071,0.01037111,-0.00090200437,-0.010328231,-0.007128256,-0.03349867,0.0001993007,0.0009831745,-0.0007309395,-0.0005463337,0.008468289
2015-09-01,0.015101245,0.00742132,0.0075144987,0.0123532,-0.014067624,-0.009854213,-0.0005451348,0.007185454,0.014810604,0.0,-0.0028045522,0.0012048559,-0.06914636,-0.04917002,0.0054720747,0.03936207,0.0,0.012520305,0.011024358,0.0034888273
2015-09-02,-0.001027421,-0.018472109,0.02552188,0.0037018768,0.0003606397,0.0116015505,0.021180648,0.0032148282,0.0064186756,0.0048924205,0.004109909,0.009508242,0.009337334,0.006081075,0.009158031,0.010475813,-0.013208411,0.0152922375,-0.0012820673,0.0042502005
2015-09-03,0.022002196,-0.0017875526,1.1659994e-05,-0.007338536,-0.006657619,0.0,-0.024712043,0.030585567,-0.012217671,-0.009708274,0.015033337,-0.00019187573,0.009482854,0.017500948,0.004377272,0.002777766,0.005231003,0.017902724,0.012117406,-0.0018281172
2015-09-04,0.0256529,-0.018090503,-0.0005842473,-0.0011030197,0.009670089,-0.025006376,0.0071762465,0.025967414,0.0014532667,-0.0007020007,-0.011026889,0.0017775404,0.009661772,-0.006259121,0.0013961612,0.0029927099,0.0016360306,0.0023166256,0.0037552568,0.009333991
2015-09-07,0.00811492,0.011082519,0.002349929,0.011090588,-0.0023168905,-0.00072995236,0.039971408,-0.012110163,-0.0007106248,0.011104035,-0.026767459,0.0120098,0.013848874,0.026390877,-0.0022385374,0.0,0.010823521,0.011084215,-0.021376463,0.004401159
2015-09-08,0.00700964,0.014754911,-0.0019297057,0.008799535,0.0072531546,-0.14007445,-0.006109759,0.015107454,0.026389847,0.010724267,0.03031003,-0.016081994,0.0,0.008877988,-0.0035620802,0.004325378,-0.0016623286,0.00330646,0.004719139,0.028851591
2015-09-09,0.0006733099,0.016400155,-0.016707612,-0.0024624323,0.019017665,0.014159218,0.021209018,0.0062557035,-0.0005073883,0.00514198,-0.07893509,0.00080250314,0.008208583,0.031557366,-0.0050761583,-0.0005529089,0.006214498,0.009150141,-0.013556472,0.023292998
2015-09-10,4.0999104e-05,-0.0059547327,0.014711666,0.033368863,-0.0016483655,0.040514823,0.02220754,0.010331486,0.017633483,-0.01588539,0.0074831382,0.004973054,0.02643142,0.0,-0.011839686,0.0018703449,0.008402308,0.011774993,0.010028107,0.006632196
2015-09-11,0.0016215759,0.013744726,0.0012688668,0.013522057,0.017976096,0.004629548,0.004080033,-0.0003917406,-0.009932251,0.014674282,-0.007783131,0.0040700324,0.019366894,0.021812629,0.0066930824,0.002550399,-0.01723264,-0.0024211302,0.007858604,-0.02650956
2015-09-14,9.255268e-05,0.005523761,0.020575764,0.001229885,-0.0046874057,0.009912512,-0.041433834,-0.014741212,-0.010401542,0.006212532,0.026113354,0.0,0.013770159,0.0031126975,0.020240027,0.020460704,-0.04932025,0.006290913,-0.00078341184,0.007324191
2015-09-15,0.026706513,0.008722396,0.0068108183,0.0121566495,-0.001621833,-0.013043187,0.037981175,-0.0013866121,0.004335616,0.006265678,-0.015457502,0.0042532277,0.033333953,0.01925366,-0.008542943,0.030877687,-0.006833129,0.034587126,0.019265171,-0.010814852
2015-09-16,0.015702121,0.014020687,-0.0018558512,-0.020584738,-0.006827435,0.015816607,-0.0021935564,-0.00059118564,0.011622736,-0.0056764004,0.005538121,0.005342809,-0.1380799,0.007912044,0.0018453528,0.059656173,-0.004371117,0.019418541,0.018097881,0.0037422585
2015-09-17,0.024527341,0.0027591644,0.0050066775,0.018702967,0.019556032,0.0017115617,-0.09616977,0.031930123,0.0054822667,0.009803221,0.0020585316,0.076140516,0.0071353735,-0.005529619,0.0075329556,0.034707636,0.01720546,0.0035749394,-0.0028046549,0.009486734
2015-09-18,0.009842776,0.007872262,0.0063438485,-0.019500554,-0.00023568228,0.02995866,0.09754071,0.007103509,0.010160585,0.00076393876,0.0028294746,0.008876211,-0.12911853,0.013921613,0.01720308,0.066342965,0.017342828,0.0030109684,0.014244469,0.012583261
2015-09-21,-0.009909096,-0.014280993,0.0044768546,0.022261506,0.019617315,0.0053944453,0.010093069,0.01067929,-0.0032000786,-0.0016918641,0.008238394,0.0071833194,0.00048529782,0.0037670103,0.0040281974,0.0013930252,0.0048345914,-0.0015301753,0.000759174,0.0135398945
2015-09-22,0.004634561,-0.0051491912,0.0,0.0066723786,-0.015979702,0.014179999,-0.0005527771,0.0073754312,0.00043233304,0.0044309534,0.012601049,0.023134068,0.0058292085,0.009181431,-0.0012613123,0.006613342,0.013001604,0.0,-0.012168641,0.010921379
2015-09-23,0.023079619,0.0029481212,-0.0047530225,-0.009761068,0.01355948,0.012819766,-0.004463936,0.010889946,0.0041237907,0.017575592,0.023828493,0.0067799925,-0.0003621918,-0.13152829,0.00958021,-0.0033334575,0.01609302,0.011013889,-0.010979348,-0.016067924
2015-09-24,0.015271524,-0.046952873,0.011079235,0.088415705,-0.0027475327,0.0030300468,-0.003362066,0.009022572,-0.014965708,0.015128348,0.017161507,-0.0052097486,0.0006959529,0.011311668,0.0011937312,0.03247347,0.0025908328,0.010306824,0.025543407,-0.0029091309
2015-09-25,0.0069936276,0.0037005981,-0.0019104895,-0.0058322777,0.02444773,0.0033422445,0.003740911,0.0116321035,0.018381191,0.0032089865,0.014255722,0.0069426806,-0.04917575,0.068541534,0.002318519,0.02032067,0.01012808,-0.0018122491,0.0038869688,0.0029103146
2015-09-28,-0.056287806,0.045860063,0.0031012453,0.017195709,-0.016726281,0.010130435,0.005037367,0.007898768,0.0023080746,0.00802938,0.011221325,0.09327883,0.04183863,0.011146401,0.01446268,-0.0041417633,0.021967523,0.000119673954,0.011961085,0.012395685
2015-09-29,-0.0025856823,-0.001626429,0.010603,-0.0018422551,0.010172692,0.004262096,0.007883533,-0.01040543,0.0076390114,0.015446952,-0.0026174511,-0.021197682,0.01419081,0.04493435,-0.0055735884,0.031573284,-0.0016359615,-0.008640522,-0.027140105,0.013541691
2015-09-30,0.018273985,0.01379903,0.008533361,0.0063662557,0.012135816,-0.0040448876,0.010542794,0.0028359427,0.012556254,-0.0007247523,-0.001848053,0.001621093,0.034437217,-0.018346127,0.0022279758,-0.00045281142,0.0,0.020869834,0.004819274,-0.0024013596
2015-10-01,-0.010324055,0.031808127,0.0,0.026277676,0.03244685,0.018119562,0.0029976761,-0.0039396286,0.005654641,-0.019150572,-0.016121482,0.014849636,0.008647213,-0.019976858,0.00033679247,0.015837608,-0.010893764,0.0038686644,-0.0029960372,-0.0015531349
2015-10-02,0.006393503,0.009490342,-0.0006219041,-0.0030579078,-0.005335537,-0.011734681,0.004186413,0.014797016,-0.011841955,-0.0030540307,0.000829078,0.0180953,0.017941594,-0.0018235308,-0.0014601764,0.005284055,0.0031141692,0.010475094,0.011016147,0.0134623675
2015-10-05,0.0050284127,-0.1342213,0.0065439753,0.018002938,0.012009172,0.012913814,0.0034221674,0.014398187,0.0030604368,-0.020379055,0.02633824,-0.14165269,0.0042550536,0.044401567,0.00033937377,0.0018193846,0.01724676,0.0019161056,-0.010756254,-0.013563984
2015-10-06,-0.0011510053,-0.037756026,-0.00016645911,0.011019614,0.0006746168,0.00699297,0.040515665,0.0074454006,0.01205684,0.004453552,2.1323372e-06,0.019951854,0.0053551993,0.00363585,-0.00043000103,-0.0026593853,-0.0022457987,-0.0030559173,0.002407055,0.0096544
2015-10-07,0.011099726,0.0,0.0073995916,0.010479433,0.003365869,-0.0036971483,0.026062228,-0.0040152124,-0.0010980708,-0.0028259326,0.024097653,-0.13438885,-0.0011395077,0.037748452,0.01315534,0.01612256,0.0008566315,0.008298897,0.027168766,0.007668127
2015-10-08,-7.029506e-05,0.030680452,-0.00046528643,0.009115832,0.01184412,0.015638674,-0.01355747,-0.00023266305,0.0033975632,0.013024073,-0.030664429,-0.0028295815,0.01607193,0.0042246263,-0.016887113,0.014331082,-0.019599937,0.014914669,-0.009545059,-0.00683553
2015-10-09,0.0011181635,0.03430422,0.011284944,0.0049682544,0.0032377483,-0.003928342,-0.004110606,-0.011283913,-0.0039489157,-0.00797443,0.010152199,0.00480744,-0.010304335,-0.030379716,0.020949628,0.0031489262,0.04464337,-0.009522122,0.01056508,0.0019054334
2015-10-12,0.016877325,0.013372561,0.003283659,-0.01130139,-0.011486073,0.00042951136,-0.0035708745,0.0096983425,0.012370922,-0.082214,-0.002803656,0.07068186,-0.021515524,-0.013547929,0.00034862154,0.021043696,-0.008212317,-0.00058558147,-0.0038502095,0.015887138
2015-10-13,-0.021592727,0.017678585,-0.00050282147,0.010612492,-0.002098821,0.010069962,-0.0117705865,0.0150782075,0.0025950223,0.023134675,-0.030087573,0.019538281,0.023177497,0.018848684,0.03504049,-0.0071702907,0.01038306,0.0,0.022582427,0.0091545
2015-10-14,0.0005493862,-0.04038794,0.0076666195,0.015989719,-0.06179468,0.004171854,0.01258061,0.0,0.0068239295,-0.024184326,0.00705507,-0.11337539,-0.0279661,0.035471447,0.018664591,-0.0060610473,0.006270691,0.010199223,0.004742928,0.010104531
2015-10-15,0.027768912,0.0073917704,-0.0016090669,0.00958018,-0.04160445,-0.004312584,0.009599395,0.0035109324,0.008639778,0.026161253,0.0059748795,0.106200725,-0.0013797167,0.03894014,-0.021994332,-0.009127104,0.009280867,0.0061507626,-0.0010412553,0.010103763
2015-10-16,-0.01661347,0.013837391,0.0019403977,0.00045973677,0.011222037,0.0042284983,-0.0731775,0.0010734892,0.015962215,0.0070175375,0.0395338,0.006496263,-0.077455394,-0.041945532,0.0013510576,0.005770526,0.007045565,0.015002913,0.001548211,-0.0026015087
2015-10-19,0.017498061,-0.069562145,0.0061826278,-0.00041809527,0.04712537,0.006190063,0.016982928,0.0039970954,0.009968987,0.030007092,-0.005075372,0.015452498,0.05766184,0.0060739187,-0.00096499064,-0.027031844,0.011615544,-0.0023802116,0.0037994054,-0.004605629
2015-10-20,-0.033693172,0.0931179,0.009235755,0.001976621,0.0103760185,0.020906188,0.021314584,0.009237338,0.0042901784,0.015064584,0.0,0.00947232,0.009122271,0.021021007,-0.012581297,0.020321686,-0.00071331376,0.00040598802,0.0,0.019659458
2015-10-21,0.00929125,0.030582555,0.0075366274,0.0072557786,0.010827076,-0.00094081456,-0.006642762,0.011037984,-0.002940609,0.012527608,0.0063857436,0.027694285,0.022156375,-0.016591026,0.030157547,-0.011181899,0.0081634745,0.0115444185,0.0043381685,-0.00471689
2015-10-22,0.017009506,0.029653814,-0.0006620549,0.015042476,0.004009305,0.002113928,-0.0006179739,-0.0023228698,0.01105038,-0.11971008,0.0,0.0022990229,0.010093706,-0.014401015,-0.002305442,-0.036668945,-0.00615665,0.0015911642,0.00071567664,0.003991886
2015-10-23,0.0005501315,0.0057277693,-0.0007770256,0.0023915279,0.0090341,0.01435223,-0.14031559,0.008903389,0.009369367,0.015420221,0.009086522,-0.011673462,-0.013329293,0.030548189,-0.0034051763,0.011805962,0.007322093,-0.0143450275,-0.026651105,-0.0034246186
2015-10-26,0.014452174,0.003448838,0.0043107425,0.0002960095,0.0025810052,-0.0044277906,-0.018678494,0.0038006292,-0.0049770023,-0.009068401,-0.0027111308,-0.0025187784,-0.0010886595,-0.011871138,-0.010588452,-0.0044479757,0.0025677558,-0.0042077885,0.0,-0.015800644
2015-10-27,-0.010286895,0.004556601,0.00935609,0.012259475,0.02249971,0.008404305,0.019132089,0.00075904233,-0.005186493,0.002146165,0.026066227,0.0010671365,-0.017098822,-0.032819655,0.02395185,0.060730282,-0.0021062912,0.011800207,0.013130575,0.0018354579
2015-10-28,0.005663965,0.00024498798,-0.0076305475,-0.03581465,0.0008526179,0.012873978,0.074109666,0.0061771274,0.002145364,0.0057567526,0.0008856821,0.0034978574,0.016594777,-0.0024561274,0.015134202,-0.008431704,0.010806363,0.0021547086,0.00890142,0.0
2015-10-29,0.0050405394,0.02408869,0.0009788519,0.003157402,0.015233289,0.0024206103,0.011638322,0.0054630563,-0.010643747,0.02731805,0.015138826,-0.0016301909,-0.009883502,0.025425341,-0.0035190599,0.005775047,0.01650524,0.010564504,0.009141933,-0.0072383187
2015-10-30,0.033432215,-0.023043282,0.005710715,0.012140468,-0.0024726177,-0.0024476214,0.020979445,0.011153201,0.0020644208,0.0018628448,0.0,0.008046976,-0.01210313,0.014895764,0.0,-0.017939102,0.008122186,0.0004635648,-0.0008414555,0.012505744
2015-11-02,0.0009022726,0.030087942,0.0055525377,0.007307993,-0.009265994,0.0010868872,0.0006735295,-6.4457185e-05,0.023117281,0.00688155,0.007991554,0.03661793,0.058152426,-0.009201928,0.010915303,-0.0035772806,-0.010268676,0.010901817,0.008099073,-0.015214446
2015-11-03,0.03151991,-0.014619214,-0.008838483,0.0035591903,0.018560404,0.007775203,0.03583323,0.008520767,-0.0018629173,0.0035385895,-0.0048004445,0.009262535,0.02985939,0.04427241,-0.00032467514,-0.013446956,-0.00017311047,0.012907924,0.020202314,0.023128867
2015-11-04,1.9442539e-06,0.02090939,0.005407386,0.0036069502,-0.008413425,0.007861045,-0.0056566624,0.008544384,0.010192722,-0.011103574,0.013731153,0.009504114,0.0037434606,-0.007864303,0.00094907207,0.00963933,-0.019887099,-7.080696e-05,-0.016773088,0.00030498175
2015-11-05,0.039063655,-0.056663457,-0.007471445,-0.014340576,0.018949557,0.0074430867,-0.002106788,0.009933264,0.008224131,0.020211795,0.0071680928,0.012819978,-0.012141262,0.019134259,-0.0018953481,0.06266583,-0.0007470063,0.013108708,0.004878543,-0.0026173447
2015-11-06,-0.008551127,0.011536526,0.014534372,0.024517095,-0.00937236,0.0068222885,0.015812391,0.0037333407,-0.0022972866,0.0033390452,6.351444e-05,-0.013552298,0.08762438,0.0119894,0.0,-0.03688705,0.0047058226,0.016664665,0.0058255363,0.024882311
2015-11-09,0.010417445,0.0021170669,0.013040197,-0.0027313584,0.01387828,0.0081629995,0.017550573,-0.0035078793,0.002004073,0.0039918753,-0.0053530117,0.011199183,0.04004786,-0.0014483557,0.024244966,0.029519113,-0.026607959,-3.1801395e-05,-0.017733987,0.021888329
2015-11-10,0.025486315,-0.00039885426,-0.0020743276,0.0021530748,-0.00020981317,0.010471364,0.008826811,0.0067246705,0.0060882913,0.017455379,-0.0024366018,0.0070067695,0.0024733534,0.0048580184,0.0067449016,0.013047727,0.00958354,0.010555402,0.0028941166,0.004638851
2015-11-11,-0.016561233,0.030840632,0.0015068224,0.011211923,0.005762271,0.0029910153,0.020447498,-0.005200567,-0.0049205734,-0.009025972,0.025755811,0.03701007,-0.010394733,-0.020083215,0.022353385,0.0076093455,-0.053229045,-0.006280113,-0.014978457,0.0060547935
2015-11-12,-0.00018558386,-0.0017040222,0.005681293,0.002379065,0.0559115,0.0077374647,-0.012179414,0.008382286,-0.006826277,0.012658404,0.014057532,0.06106892,0.01716646,0.014374924,0.0,0.004674132,0.06993408,0.012889449,0.018043848,0.011348115
2015-11-13,0.015080075,0.014794751,0.009289421,-0.012636326,-0.008241738,0.007257136,-0.004052398,0.0127866445,0.0053382977,0.0041175145,0.0034588072,-0.026363729,-0.0155627625,0.009564295,-0.005053431,0.014276355,-0.004169048,0.00016084316,0.0013724281,-0.009441981
2015-11-16,0.003283796,-0.004175225,0.007291121,-0.023075782,0.006698854,-9.573435e-05,0.006869022,0.00027207425,0.0055586356,0.015460563,0.0037572896,0.0007324091,-0.024759958,0.029188275,-0.00930122,0.009939172,0.013081807,0.0071046418,-0.00074290775,0.00568448
2015-11-17,0.014493611,0.03512849,0.0036003082,0.0037364622,0.0055777775,0.0042083473,-0.0025641706,-0.0023354273,0.0025172269,-0.016161783,0.01233566,-0.00050137297,-0.027005117,-0.021359038,-0.034727823,0.0062416634,0.0019069059,0.011618709,-0.0010073968,0.011423793
2015-11-18,0.010255016,0.011926397,0.01045176,0.03018834,0.022783048,0.009892781,0.027398117,0.009523565,-0.015652869,0.018580887,0.0042368677,0.031121332,0.010377524,0.092206955,0.018718759,-0.020272056,0.0015519502,0.0015966927,-0.002249723,0.0047837426
2015-11-19,0.0060368576,-0.0050336528,0.0010070063,0.01624223,0.0064573586,-0.0013115875,0.0030754409,-0.0010990383,0.004623192,-0.0039465926,0.0024359466,-0.015401892,0.056442257,0.0067492523,-0.0010191321,0.021399915,-0.025323264,-0.0061812387,0.011971904,0.01604335
2015-11-20,-0.0109970905,0.02119085,-0.019939028,0.007249865,-0.0030518768,0.0064960956,0.006396998,0.010562253,0.006850384,0.014604134,0.0013119456,-0.14017884,0.033614315,0.00920157,0.026785279,-0.013548406,0.0044176336,-0.0028322947,0.009741649,0.0084129535
2015-11-23,-0.0023594368,-0.029219456,0.004453975,0.014008966,-0.0015449972,0.0010559313,0.002913779,-0.004293106,0.02140689,-0.00053887424,0.002190205,0.02039828,0.0036372985,0.011737323,-0.0012768102,-0.010116048,0.020445859,0.011163034,-0.0066511044,-0.020866796
2015-11-24,0.013605166,0.03986914,0.0037895476,-0.0090845255,0.004608101,0.0,-0.014376407,0.010010084,0.009516508,0.0,-0.01568755,0.029988522,0.010593397,0.0056082555,-0.0023985612,-0.027768811,0.0122887995,0.008418049,-0.01650808,0.019073524
2015-11-25,-0.0074031935,0.02411082,0.000970921,0.008891231,0.035440635,0.029441563,0.0015685735,-0.0007346414,0.0026970813,0.008291092,-0.028090043,0.0063461326,0.01386847,0.004834821,0.011868689,0.02276692,0.0038900643,0.004544305,0.012974759,0.00013627847
2015-11-26,0.008107259,0.013055218,-0.0005422466,0.0024781977,6.942405e-07,0.011255663,0.001497224,0.004623132,0.0142869465,-0.015777795,0.011939957,0.045023818,0.04552942,0.010666872,0.005481525,-0.005727286,-0.0038166277,0.0024303638,3.342931e-05,0.0052871555
2015-11-27,0.012397275,0.017404381,-0.0017238647,-0.008674481,0.020499635,-0.002092529,0.03841336,-0.008543583,-0.017153937,-0.0030206633,0.020938072,0.0,0.0026939805,0.0052521876,-0.004887895,0.008647325,0.008192399,0.0071042445,-0.0051734643,0.010765297
2015-11-30,-0.027433807,0.008416869,0.012434699,0.0073431297,0.00889474,0.0135849025,0.007157799,0.012303446,0.014678525,0.003896996,0.013227283,0.0081553655,0.005051763,0.017550308,0.015550748,0.06322596,0.0053512906,-0.0023202144,-0.0016843686,0.0037803967
2015-12-01,0.001436602,-0.0017739232,0.0033455775,-0.0025867333,-0.009355806,-0.0070772804,0.02556406,0.005683165,-0.0010676598,-0.0059409416,0.023213932,0.0004317519,-0.0077768294,-0.00012206059,0.009506157,0.009275247,0.01933758,0.02486732,0.0094311945,0.0001274196
2015-12-02,0.0016899932,0.011808446,0.010672792,0.014322874,0.009972464,0.013284299,-0.0026335965,-0.006964555,-0.0045170328,0.017036974,-0.029614428,-0.019665208,-0.0037668406,0.0064379573,-0.0023212917,0.02463873,0.018172136,0.0,0.0004994535,0.008505869
2015-12-03,0.0023083515,0.009749357,-0.0018733741,0.0062680077,0.00089520705,0.0030284715,-0.0072095324,0.0046889917,-0.00600845,0.018973222,-0.005103125,0.037509803,0.009510821,0.00725938,-0.0017209229,0.016422225,0.012105863,0.00058131444,0.006737711,0.004392827
2015-12-04,0.05529415,0.0,0.009237543,-0.03345082,0.023648115,0.00029963706,-0.005116744,0.003995422,0.0076204888,0.0028191567,0.024140872,-0.11565061,0.0025594004,0.009064508,0.00876939,0.002734801,0.0007511344,0.006508768,0.01763915,0.00803961
2015-12-07,-0.0073500797,0.004828233,-0.0011793752,-0.035619613,0.007394189,-0.00019867676,0.014199406,0.0018162088,0.009534946,-0.004059629,0.0037202921,0.044666983,0.004354382,-0.0017849616,0.013415665,0.0013715685,0.0023470346,-0.011501782,-0.00086842274,0.012296136
2015-12-08,0.0138360495,0.010668169,0.013040854,0.033082515,0.014105746,0.025802914,-0.00913175,0.0038876473,-0.0077813566,0.010488543,0.0043542343,0.001905022,-0.014785043,-0.0054719294,0.0005450879,-0.05432986,0.001844999,-0.0007816275,-0.0101097515,-0.0012044385
2015-12-09,0.0034511553,-0.0023286724,-0.007210108,0.020983268,-0.011813752,-0.013254447,0.017405627,0.0076415855,0.011936674,0.014218243,-0.0129846325,0.007019277,0.01055785,-0.00038028043,0.011414059,0.0024292301,0.014316254,0.014995933,0.022771947,0.008649263
2015-12-10,0.008140913,0.018338239,-0.0033920389,-0.00851403,0.012254527,0.0070603937,0.03629378,0.004041911,0.013582316,0.0048210723,0.020509852,0.027581539,0.0068862867,-0.0063225166,-0.004722503,0.05493997,0.005428956,6.437867e-05,0.0076138414,-0.00017372915
2015-12-11,0.0071736965,0.009382133,-0.00925319,0.002436149,0.01515978,0.017220516,0.013454805,-0.0033250055,0.006674582,0.011203669,-0.0035617177,0.06677741,0.06381915,0.0016267925,-0.00021395492,0.0026074385,0.012308864,0.00096851186,0.014804681,-0.0023199117
2015-12-14,-0.0055088657,0.0018309199,0.01487601,0.0067724674,0.013334748,0.021082774,0.0021825493,0.00557808,0.0,0.014378438,0.02319377,-0.009161768,0.0066152588,0.009655883,-0.029137112,-0.0031823325,0.00045423224,0.022368029,0.02319377,0.021082774
2015-12-15,0.0056980373,0.023190135,0.009396778,0.026343646,-0.033968974,0.0022779997,0.0086242,0.01862433,-0.0046790265,0.0015262482,0.01158723,-0.011486683,0.0258468,0.044608828,0.02785889,-0.0031599363,0.0055155293,0.011585928,0.01158723,0.0022779997
2015-12-16,-0.008770766,0.0064472007,-0.0067722835,-0.0022634717,0.010469885,0.0116314115,0.0039084284,0.008579925,0.012945022,0.017269874,0.006252618,0.0017932367,0.009316301,-0.015109965,0.015985332,0.00080977473,0.0041468656,0.012363779,0.006252618,0.0116314115
2015-12-17,-0.003855551,0.00046111233,0.008075991,0.017734628,-0.07888885,-0.015481109,0.025309,0.0025239296,-0.0040529426,-0.0042042537,0.008197945,-0.14007872,0.0038376742,0.021259764,-0.001067945,0.06313231,0.02843958,-0.0026814372,0.008197945,-0.015481109
2015-12-18,-0.0025389476,-0.030739712,0.004064178,-0.14087765,0.018525582,0.016026443,0.0003278263,0.0048879976,-0.01654835,-0.0030673018,0.012470521,0.0069421204,-0.002113229,-0.0009678115,-0.015012618,0.014069514,-0.017741138,0.006164283,0.012470521,0.016026443
2015-12-21,0.018736092,-0.0029595864,0.004842319,-0.0055340696,-0.002957847,0.0006124965,0.013574363,-0.016795145,0.019505661,-0.0130239045,-0.006503286,-0.025116129,-0.036056787,0.027444223,-0.009495594,0.0031572052,0.011046852,0.016457358,-0.006503286,0.0006124965
2015-12-22,0.0065310826,0.019911509,0.0113623,0.07041134,0.0,0.0015488688,-0.0099808695,-0.002234162,-0.0144524705,-0.0021338817,-0.024205301,0.008408097,0.03319353,0.0029816986,0.09569531,0.020202229,0.0098626055,-0.0074389176,-0.024205301,0.0015488688
2015-12-23,0.01634794,-0.000959548,0.0010235672,0.011577765,0.022354893,-0.009984063,0.015865354,0.018348156,0.023271132,0.0073803863,0.0017733887,-0.013753472,0.0110758105,0.005450215,-0.1314774,0.014633924,-0.0018542225,0.004232027,0.0017733887,-0.009984063
2015-12-24,0.003201481,0.0043977317,-0.0006878404,0.01862992,-0.0029946791,0.017707927,0.015249678,0.012050935,0.014967196,0.007178833,0.005042736,0.0247747,0.002507274,-0.0035388297,0.003339499,0.0059389924,0.004712626,0.006598526,0.005042736,0.017707927
2015-12-25,-0.0261567,0.01310133,0.008617693,0.01545223,-0.007496897,0.0010661414,0.009928678,0.009130046,0.021048617,0.007372579,0.01685525,-0.015336102,0.009661482,-0.014371328,0.09250584,0.035443146,0.0018307163,-0.06271307,0.01685525,0.0010661414
2015-12-28,0.0040577236,0.02609546,-0.0008598389,0.025136022,0.0028191777,0.01176237,0.008105808,0.00034106366,0.0051820553,-0.0033935867,0.0007377846,0.016009636,0.0121253375,0.002399405,0.009726401,-0.009875449,-0.006657261,0.022944061,0.0007377846,0.01176237
2015-12-29,-0.009167557,-0.006222109,0.013040772,0.012050065,0.0016925812,0.0011035135,0.0029441991,-0.0003342926,0.006181701,0.02041186,-0.035685755,0.019473244,0.0037991365,0.0022081845,0.013720449,0.02969223,0.011473891,6.339148e-05,-0.035685755,0.0011035135
2015-12-30,0.007428685,-0.000997323,0.013588311,0.0033090406,0.011341077,0.014226193,-0.0035592834,-0.018842638,0.005996955,0.010126033,0.0006498932,0.03197433,-0.008523197,0.001514174,0.0018086111,-0.010274296,0.0028744556,0.015221089,0.0006498932,0.014226193
2015-12-31,0.013736088,0.0018422636,-0.022795135,0.0068922066,0.00017345062,-0.0076596024,-0.009492228,0.008825884,0.015477334,0.012308544,0.024206385,0.01837719,0.013910467,-0.0025740715,0.0020662197,0.0013489058,0.022692114,-0.010021603,0.024206385,-0.0076596024
2016-01-01,0.015014184,0.012315664,0.006342907,0.0033469521,0.037930883,-0.0017939699,0.007758771,-0.0063442225,-0.003196551,-0.0075964965,0.034987606,0.014722552,0.008820191,0.0021722529,0.019297238,-0.016472585,-0.016552981,-0.0026706208,0.034987606,-0.0017939699
2016-01-04,0.008908261,0.008874543,0.0,-0.11474279,-0.0024590637,-0.013875949,0.009569701,0.017925624,0.0038419708,0.0034978995,-0.0027421378,0.009248513,-0.009994382,0.0011485294,0.0075272336,0.004850425,0.00039983707,-0.0026058631,-0.0027421378,-0.013875949
2016-01-05,-0.0010679959,0.008471652,0.004582717,0.0064515164,0.008133794,0.0074955304,0.0,-0.0069603366,0.008909631,-0.0060255886,0.009052093,-0.007706829,-0.004607851,-0.005811486,0.0,0.03970297,0.023866292,0.0033822984,0.009052093,0.0074955304
2016-01-06,0.0040752883,-0.0068608704,0.0019171054,-0.038747504,-0.029089967,0.008541504,0.014826944,0.011061274,-0.00913517,-0.0014880002,0.02765214,0.01648108,0.019861648,0.019714909,0.015054726,0.029652502,-0.0035025286,0.011463737,0.02765214,0.008541504
2016-01-07,0.010833457,0.012988756,0.00946916,0.015083707,0.0026034098,0.0046733757,-0.022528242,-0.009875002,0.004993166,0.027871653,-0.022873284,-0.011814467,0.023650108,0.004099358,0.018510846,-0.041608594,0.000750857,-0.016583415,-0.022873284,0.0046733757
2016-01-08,-0.0016488612,-0.016560346,-0.0028865417,0.02188736,0.0054186904,0.004840384,0.0031912432,-0.022467596,0.004291305,0.00030652076,-0.0023261842,0.011848267,0.0002863566,-0.00051139365,-0.05454533,0.020758051,0.011837322,0.0016839273,-0.0023261842,0.004840384
2016-01-11,0.0070627606,0.012781075,0.0013164914,-0.06725658,0.020388993,0.002222516,0.007383433,0.024997279,0.0061460794,-0.0002179891,0.011609297,-0.0071223015,0.0019430083,-0.023760172,0.0019767769,-0.010645234,0.021406328,0.004824702,0.011609297,0.002222516
2016-01-12,0.002720187,-0.004287602,-0.0018669078,0.005750587,0.0132422345,0.0043998077,0.010809364,0.017353155,-0.007654206,0.004710496,0.044591397,-0.0039375145,-0.0030461894,0.03802876,0.02152047,0.0138244415,0.011669423,0.007287047,0.044591397,0.0043998077
2016-01-13,0.0035381622,0.015371061,0.001211078,-0.0013748313,0.006782288,0.003103002,0.0051683215,-0.013138929,-0.0029699742,0.0074829888,-0.0048321513,0.01893768,0.002356734,0.0025334144,0.03138208,-0.0034972648,0.017364886,0.0014817446,-0.0048321513,0.003103002
2016-01-14,0.0030829895,0.006769651,0.008413534,0.03078434,0.0068918476,0.008513094,-0.0030542654,0.03027838,-0.00604654,-3.1019837e-05,0.017260525,-0.0003589181,0.0,0.011808902,-0.01702618,-0.10423,0.008636772,0.0042325095,0.017260525,0.008513094
2016-01-15,0.0057479106,0.0037702422,0.003111337,0.03157412,-0.0002828145,-0.0036605247,0.0049243104,0.012043998,-0.006918733,0.0008666963,0.019758863,-0.015849011,0.0034252754,-0.03923251,0.03544881,0.0012159011,0.001850849,0.013971894,0.019758863,-0.0036605247
2016-01-18,0.0015594413,0.007160255,0.00785067,-0.0069892057,0.011762989,0.0016570736,0.0,-0.0076377452,0.015341163,0.012898297,-0.0038616315,-0.03280151,0.013325209,0.034551002,0.0029715989,-0.010510938,-0.012464746,-0.011672315,-0.0038616315,0.0016570736
2016-01-19,-0.0022801163,0.0035042164,0.0027523614,0.030199379,0.020088296,0.0012305803,0.0076747457,0.0010121204,0.013181803,0.0045107417,0.012965788,0.024437161,0.0019227198,0.0042196517,-0.004694679,-0.018521454,-0.000869891,0.0022357411,0.012965788,0.0012305803
2016-01-20,0.0072447034,-0.007102442,0.0043868837,0.000637739,0.004221822,0.0135356,0.011274302,0.008640274,-0.024476275,0.003294252,-0.0030577173,0.029582229,0.010388584,-0.026757078,0.0047699497,0.080878615,0.0040366887,0.0015177722,-0.0030577173,0.0135356
2016-01-21,0.003565461,0.006766942,0.0064004348,0.008070292,-0.0077644796,0.006867736,0.00419525,0.004200733,0.0056260205,-0.007036571,-0.0018118763,-0.0030279774,0.0,0.0160427,0.021036422,0.018253496,0.001557012,0.01734851,-0.0018118763,0.006867736
2016-01-22,-0.0019763417,-4.8954837e-05,-0.0025814862,-0.0019676103,0.011967044,0.0030734455,-0.019269865,-0.016224938,0.0061630984,0.0061343787,-2.9944407e-05,0.011023121,0.0078115864,0.006959761,0.0046456754,0.013451801,0.02763388,0.006557761,-2.9944407e-05,0.0030734455
2016-01-25,0.007332589,-0.001992192,-0.0061447443,-0.003649457,0.012252838,-0.0030307756,-0.0009704101,0.02255209,-0.005051862,0.00853296,0.004949853,-0.0019099322,-0.0005321017,0.022765754,-0.010278487,0.0049585504,-0.009730753,0.010403654,0.004949853,-0.0030307756
2016-01-26,-0.002246817,0.0032138694,-0.0072122696,-0.0065116556,-0.0011353666,0.0,0.0054123253,0.002268655,-0.001701151,0.014043716,0.037541866,0.022061132,0.0101419045,-0.0038164281,0.0029148937,0.00752457,-0.007262948,0.0033345507,0.037541866,0.0
2016-01-27,0.0036081097,0.0148108965,0.0023624245,0.0023724767,0.0040458557,0.0032674368,-0.011983838,-0.0124500925,0.026066458,0.027086148,-0.0006408351,0.004977617,-0.015417086,-0.0076174084,-0.038712088,0.017836276,0.030501459,-0.006732034,-0.0006408351,0.0032674368
2016-01-28,0.004190476,0.02621387,0.0026168253,0.0009741472,-0.029231086,-0.00066450995,0.022392644,-0.00837009,0.015904063,0.00648499,0.037821554,-0.000369008,-0.032973513,0.023570599,0.035228007,0.018324338,0.009153908,-0.0026527562,0.037821554,-0.00066450995
2016-01-29,0.008871263,-0.009964626,-0.005688239,-0.02418131,0.015622354,0.0007551218,0.0057814587,0.029351171,-0.006731564,0.013127801,0.01379429,0.005033658,0.01856195,0.021882756,-0.012459839,0.0,0.015075348,-0.022393517,0.01379429,0.0007551218
2016-02-01,0.002532449,0.018635685,0.0024398987,-0.0070106992,-0.011137007,0.0017241482,0.009583777,-0.008009989,0.0049413294,-0.004496352,0.034556206,0.0066089607,0.03170491,0.009656998,-0.013227079,-0.09173458,-0.0013222749,0.004694326,0.034556206,0.0017241482
2016-02-02,0.0026070268,0.007448916,-0.0015861543,0.013882921,-0.015297403,0.0,-0.0046811723,-0.0028300667,0.0015417911,0.0037916494,-0.020442965,0.0005635398,0.012191324,0.0024388984,0.014530945,-0.028404394,0.0141835,-0.04176511,-0.020442965,0.0
2016-02-03,0.004197606,0.0072537144,0.0060382285,-4.711021e-05,-0.008753769,0.011107737,0.011632656,0.0013040169,-0.0009807803,0.0067291213,0.0010903043,0.009211337,0.0025490432,-0.0094256615,0.018340247,0.0010179314,0.013069991,0.0018226873,0.0010903043,0.011107737
2016-02-04,0.011301641,0.014886554,0.020452566,0.04845196,0.011592894,0.007054248,0.017019559,-0.0016519928,0.009948954,-0.0083525535,-0.0017393362,0.014725313,0.020334957,0.008734718,-0.003033377,0.0040816185,0.0068250657,0.002012929,-0.0017393362,0.007054248
2016-02-05,0.00290214,-0.0027171553,0.004281231,0.0025571706,0.019648494,-0.008506224,-0.0056379433,-0.012258586,0.010525003,-0.00077968976,-0.009789214,0.020418031,0.016016467,0.0005829877,-0.00036537892,-0.017565228,0.021845484,0.0039946567,-0.009789214,-0.008506224
2016-02-08,0.0,0.017389713,0.00071042456,0.015261281,0.00045749373,0.0018749126,-0.00823064,0.016621854,0.004258131,-0.010344761,-0.010181298,-0.0008135487,-0.0030319686,0.012989644,0.009857838,-0.00017676348,0.0018685767,-0.0024633957,-0.010181298,0.0018749126
2016-02-09,-0.007053615,-0.0030105067,0.007452651,0.0013100542,0.013613899,-0.0065011107,0.011598727,-0.00455354,0.020900987,0.012109684,0.0071777827,0.00034907542,0.0048488933,3.6660222e-06,0.0149747925,-0.0038731687,-0.0016304794,0.009639872,0.0071777827,-0.0065011107
2016-02-10,0.0027170745,0.0072849398,0.008261232,-0.0053881495,0.013756627,0.0,-0.0034928166,-0.0010916732,0.005166148,0.018819803,0.0009774505,-0.00017692421,0.00014172352,0.012726816,0.00036429422,0.0066707367,0.007481145,0.0035736389,0.0009774505,0.0
2016-02-11,-0.008028049,0.013169978,0.008342341,-0.011793128,0.005576992,0.0045280852,0.005587683,0.018104829,0.01125366,-0.024917679,0.006188739,0.0063397614,0.0041315896,0.0024941172,0.0,0.001250531,0.0065395953,0.010644923,0.006188739,0.0045280852
2016-02-12,0.007219225,0.007993564,-0.0022129398,0.02191696,0.0133886505,0.009416978,0.0025525892,0.017835269,-0.026659604,-0.0029577154,-0.011567942,-0.025061522,0.0018875693,-0.0031954786,-0.016320983,-0.009468598,0.0071066576,0.016814053,-0.011567942,0.009416978
2016-02-15,0.008070034,-0.014344064,-0.0019456515,-0.0030001458,-0.00097149593,0.010181082,0.014211655,0.011637218,0.014616456,0.001230859,-0.022689205,0.017043,0.0018886006,0.005490282,0.018215807,-0.00045543475,0.01360702,0.0,-0.022689205,0.010181082
2016-02-16,0.0041095633,0.009321837,0.003840985,-0.0057763876,0.02152429,0.00941321,-0.021213252,-0.010550359,-0.009071279,0.0012163764,-0.016735965,-0.0027917547,0.016258448,0.01720165,0.014784095,0.019615166,-0.01167241,0.007030354,-0.016735965,0.00941321
2016-02-17,0.0056510996,0.01306694,-0.0024191015,0.024923138,0.006663461,-0.00062666915,-0.016032375,0.01989828,0.0018067404,-0.015200445,0.012725571,-0.009286975,0.0010447501,-0.025325213,0.018645646,0.005963703,-0.0022519475,0.004264132,0.012725571,-0.00062666915
2016-02-18,-0.016537657,-0.0020590592,0.0018775918,0.039301943,-0.0019681111,-0.008546544,0.006002437,0.0042123822,0.01354909,0.0278156,0.0050090565,0.021005498,-0.008390274,0.011914554,0.0036793395,0.0029783312,0.0038682946,0.001808409,0.0050090565,-0.008546544
2016-02-19,0.0004175416,0.006498181,0.011487635,-0.006052132,0.0063720415,-0.0012252481,0.01250235,-0.007910942,0.0043148175,0.0052219294,-0.012271476,-0.002981974,0.0009569379,0.0002386961,0.002696811,0.0208817,-0.0068446863,-0.0018639213,-0.012271476,-0.0012252481
2016-02-22,0.008492295,0.01803476,0.0026799543,0.014291167,0.0013249265,-0.0149438325,0.004285876,-0.0020303056,0.010687823,0.008606689,-0.0020740987,0.03247405,-0.008727982,-0.0047451765,0.011850342,-0.0034958667,0.019640809,0.006758784,-0.0020740987,-0.0149438325
2016-02-23,-0.0018760593,-0.00046913663,0.0,0.007392027,0.005135396,0.012523714,0.006553259,0.015850836,-0.005933499,-0.0055439356,-0.0135324765,0.030775089,0.019989753,0.0014167787,-0.006001266,0.018070338,-0.044571374,0.0047035217,-0.0135324765,0.012523714
2016-02-24,-0.01510163,0.00025364972,0.0044049877,0.0046929717,0.0050527705,0.0056358404,0.00086253457,0.030701473,0.008862568,0.0018761824,0.042067304,0.009454235,0.010125755,0.005607117,0.0071287104,0.07135034,-0.0143810855,0.006421034,0.042067304,0.0056358404
2016-02-25,0.015285987,-0.004581662,-0.0028075143,0.000544268,-0.0017202917,-0.04487457,-0.00017436079,0.0015328784,0.0154148005,0.011507536,-0.010010899,0.007300514,-0.0068383776,0.016357694,0.0031880704,-0.062218208,-0.01138892,-0.0027549996,-0.010010899,-0.04487457
2016-02-26,0.004548414,-0.00078583584,0.005242721,0.0059121046,0.006191075,-0.010407453,0.0011607059,-0.009899875,0.0036803363,-0.0022576905,0.003171576,-0.014855082,0.00871101,0.0070256544,0.011415803,-0.016691968,0.008710241,0.007091808,0.003171576,-0.010407453
2016-02-29,0.0,-0.012009632,0.0009934527,0.025774105,-0.02242282,-0.008551481,0.017479219,0.019931491,0.017011192,0.0009412797,0.011242369,-0.024680797,-0.009674778,-0.0004590103,-0.005983326,-0.0006787818,0.011522594,0.006455026,0.011242369,-0.008551481
2016-03-01,0.000357654,0.008760506,-0.0028384437,-0.025187131,-0.0028368568,0.012109763,0.005320068,-0.0013614591,0.0073584826,-0.0010863977,0.025983827,0.015024926,0.0044360235,0.004213487,0.00031634513,0.0026094085,0.013769502,-0.016725121,0.025983827,0.012109763
2016-03-02,0.007631961,0.012086455,0.014615153,0.0,0.011590113,0.013812957,0.010875934,-0.002100021,0.0053432467,0.020429596,0.0,0.016722478,0.01415106,0.0,-0.001650227,0.011766561,4.612817e-07,0.022419523,0.0,0.013812957
2016-03-03,-0.004983654,-0.0024399932,0.009331707,0.013829086,-0.005859485,-0.003861761,0.0009243997,-0.027426392,0.0102405995,0.018643232,-0.008327112,0.012064118,-0.0036750548,0.0065524536,-0.056680426,0.013606987,-0.016163712,-0.025720257,-0.008327112,-0.003861761
2016-03-04,0.018829683,0.0054601934,0.0064372127,0.007887514,0.00013583168,0.01545509,0.004720288,-0.018643048,-0.018523254,0.014800078,0.013371609,0.010444838,-0.0018347248,-0.003907289,0.0015912952,-0.06748846,0.0178796,-0.0037918615,0.013371609,0.01545509
2016-03-07,0.0014660044,0.0104634445,0.0042339847,-0.003975537,-0.0047276784,-0.018682893,-0.008416448,0.014333286,0.005414517,0.0043883026,-0.0012531453,0.0,0.0,-0.011406687,-0.047084153,0.0031118274,0.013249467,0.01085127,-0.0012531453,-0.018682893
2016-03-08,0.006597801,-0.00049933104,-0.008201017,0.043841746,0.010495397,-0.028868342,-0.011232211,0.0025157493,-0.056671325,0.0034185525,-0.0025612204,0.0019492866,0.0051763686,0.025905797,0.04230173,-0.004398602,-0.0049677915,-0.00037302985,-0.0025612204,-0.028868342
2016-03-09,0.0065027745,0.012329454,0.010399082,0.005270931,-0.023224866,0.012114455,-0.012641178,0.04463218,0.0057191043,0.0087500205,0.008497842,-0.0005561974,0.0028441774,-0.032939844,0.035827268,0.0009969054,0.0015583612,0.025074271,0.008497842,0.012114455
2016-03-10,0.0,-0.0140186455,-0.0048327255,0.01900873,0.011597061,0.01534768,0.006314906,-0.08039522,0.002071878,0.006721065,0.009396149,-0.035668656,0.0019144091,0.0028249004,0.0009915003,-0.0002725479,0.014197239,0.00038379122,0.009396149,0.01534768
2016-03-11,3.6381387e-06,0.018330479,-0.0061878483,0.008175378,-0.0029591992,0.0100342985,-0.0338796,0.01763817,0.00995396,-0.0023511823,0.0037400743,0.011623692,0.010188838,0.007268534,0.014283786,-0.0058135795,0.027100459,0.0019240582,0.0037400743,0.0100342985
2016-03-14,0.035191137,0.00632366,0.0012269961,-0.012256539,-0.00913925,0.054083113,0.019662535,0.0050690807,0.0065923515,0.02027961,0.0013001236,-0.015694676,0.008104158,0.0858909,0.053270634,0.0,-0.027653992,0.0020763988,0.0013001236,0.054083113
2016-03-15,0.0030758518,0.010719391,0.0072494233,0.009926595,0.05746386,0.0044168886,0.05398293,-0.00622361,0.0011382621,-0.012787511,-0.0020371496,-0.0087222615,-0.0028503214,0.0068923603,-0.024575638,0.005257501,0.028658032,-0.004802401,-0.0020371496,0.0044168886
2016-03-16,-0.008094807,0.004120611,-9.5964824e-05,0.0016714203,-0.010367606,0.0024761206,0.043699574,0.0041811285,0.015455155,0.009747561,0.015985532,0.011637432,0.02623288,0.025269246,0.010641817,0.025810609,0.0010363521,-0.010455698,0.015985532,0.0024761206
2016-03-17,-0.009885193,-0.0019011663,0.012314519,0.008180469,-0.0082055945,0.024958707,0.007618976,0.013474658,-0.13700217,-0.0016596775,0.01326524,0.0020722693,0.003342402,0.002077094,0.011612207,0.08857678,0.019410178,0.016866269,0.01326524,0.024958707
2016-03-18,-0.008391221,0.0020907049,0.0036401693,0.023273587,0.09786138,0.001093669,0.044372756,0.0062005655,0.020108275,0.02043727,0.0030307567,-0.0040272395,0.0035630998,0.005272234,0.0020956378,0.006463932,0.0059631187,-0.0055205524,0.0030307567,0.001093669
2016-03-21,0.009823452,0.004580503,-0.0060492605,0.01775352,-0.06508928,-0.014198107,0.0005786477,0.01509336,0.0033515906,-0.00040874063,-0.0008084631,0.009958488,-0.000735311,-0.0075697647,-0.0038662313,0.019440008,0.011890422,0.044560283,-0.0008084631,-0.014198107
2016-03-22,-0.009392253,-0.0040981,0.011199166,0.0013128659,0.056978364,-0.006300027,-0.033164557,-0.002548428,0.0009054664,0.0011131022,0.002024762,0.0068800002,0.008149636,0.0030477073,-0.015554433,0.006279082,0.017311113,0.00034366868,0.002024762,-0.006300027
2016-03-23,0.02521966,0.0091715455,-0.0070360973,-0.0011790755,-0.015338228,0.0081773205,0.009635829,-0.003941197,-0.012463627,0.0045845457,0.020821754,0.0057375873,0.0036604803,-0.009383413,-0.011163088,0.044854846,0.0051372317,0.016956335,0.020821754,0.0081773205
2016-03-24,0.018382644,-0.009846651,0.0068153176,-0.014243673,-0.0030544985,0.030405356,0.010954347,0.017967904,0.0018140896,-0.008240652,0.00014881768,0.0073634065,-0.00096204516,0.026172144,0.021415282,0.07835073,-0.0012915327,0.0073358654,0.00014881768,0.030405356
2016-03-25,-0.00012970851,0.0,0.00261919,-0.008468498,-0.0022166912,-0.004400328,0.0062996135,0.017262345,0.015851643,0.017321568,0.0018178486,-0.0067636496,0.0027088518,0.014355724,0.039312832,-0.103104755,-0.005773769,0.0068747206,0.0018178486,-0.004400328
2016-03-28,0.0047557973,0.0019441893,0.002557276,0.023376644,-0.0048701707,0.025603877,-0.13765949,-0.0013931835,-0.041056674,0.00043786282,0.0106880935,-0.0034999796,-0.002269592,0.013795161,-0.0017439822,0.005784938,0.01921715,0.012098908,0.0106880935,0.025603877
2016-03-29,0.0031503118,-0.021184737,-0.00028206676,0.0070708375,0.10239031,0.019260198,0.01693358,0.011111215,0.024459274,0.0005479076,0.0071584936,0.028595313,0.014225849,0.027582949,-0.003252281,-0.014890803,-0.0062415698,-0.04409735,0.0071584936,0.019260198
2016-03-30,-0.0047261426,0.033519905,-0.010997607,-0.042015854,0.009004079,0.0056301747,0.009773831,-0.0045348937,-0.012201685,0.006556159,0.009876947,-0.017048314,-0.0048068324,7.4560696e-05,-0.06929055,0.0040531005,0.0060225944,-0.0021313967,0.009876947,0.0056301747
2016-03-31,0.0026872754,0.00013908779,0.0013567237,0.013502086,0.0035739345,-0.010761052,0.024527617,-0.016950272,0.024815705,-0.0032091048,0.0021112857,0.0012420428,0.017675344,0.002205284,-0.010357104,0.009022005,0.0009902321,0.019096646,0.0021112857,-0.010761052
2016-04-01,0.0051515605,0.00067892065,0.0063862456,0.007351795,-0.011556689,0.031706024,0.03209024,0.0073530916,-0.022963313,0.01769359,-0.00079793774,0.022271559,-0.0064137187,0.012577603,-0.0057495176,0.013972814,-0.007981038,0.0021344693,-0.00079793774,0.031706024
2016-04-04,-0.004299011,0.003451744,0.0,0.025271634,0.0005648141,-0.019171368,0.018252902,0.002956595,0.046364248,0.0048153237,-0.015054436,-0.0015022896,0.008640384,-0.0021460806,0.021153808,0.049160562,0.0148328785,-0.018594427,-0.015054436,-0.019171368
2016-04-05,0.00454913,-0.01025823,0.020540271,-0.0006136827,0.021942297,0.01375139,-0.007755353,-0.007583095,0.01701378,0.004008465,-0.00519585,0.012300394,-0.0061140554,-0.02481415,0.039894577,-0.050422356,0.0,0.005451853,-0.00519585,0.01375139
2016-04-06,0.009671558,0.0092443675,0.007193464,0.016156713,0.0169408,0.0063616126,0.01986434,0.01953414,-0.0022013641,0.0015505977,0.0152569935,0.010140752,0.018495068,0.008605296,0.04416971,-0.017250072,0.0054887193,0.021248903,0.0152569935,0.0063616126
2016-04-07,-0.0016025456,0.00277073,-0.003008772,0.0045688143,0.02229336,-0.010432163,-0.021668699,-0.009147711,0.0151100755,0.0013747754,-0.005011619,-0.0011239327,0.0072837975,0.0018328996,0.023171203,-0.08365688,0.00890987,0.005601105,-0.005011619,-0.010432163
2016-04-08,0.009203011,-0.0023311623,0.009825156,0.01687214,0.0078020864,0.006461727,-0.004955593,0.0033408473,0.0,0.006097661,-0.029871738,0.006455141,-0.0030428213,-0.002870254,0.0020856655,0.015894044,0.007196956,0.015081914,-0.029871738,0.006461727
2016-04-11,0.0064972527,0.002793652,-0.001752017,0.0,7.735983e-05,-0.005084812,0.016727848,0.0029164806,-0.00057355757,0.013893305,0.078662165,0.008149712,0.008944586,0.0033515482,-0.00037673058,0.10300004,0.0070233517,0.018352097,0.078662165,-0.005084812
2016-04-12,0.0021942023,0.001586297,0.007359897,0.0018611959,0.002567468,-0.018882018,0.021737164,0.00048857206,0.018611943,0.0037729675,-0.037317444,-0.021577643,0.0022743868,0.0013928598,0.020293487,-0.004833233,0.0042552385,-0.013549446,-0.037317444,-0.018882018
2016-04-13,-0.0011587379,0.01108357,-0.019843208,0.002811605,0.012822647,0.03498419,0.015537412,0.02107563,-0.0698181,0.0033867722,0.0072618714,-0.001179962,0.0023266063,-0.0005762809,-0.0006876394,0.0035259621,0.0035583833,0.022286799,0.0072618714,0.03498419
2016-04-14,0.0004640519,-0.0013926883,0.009226165,0.011038794,0.0008309334,0.0,0.017881114,0.0015776493,-0.024405457,0.0022000156,-0.011252653,0.02127437,0.016347475,-0.0017466061,0.010812735,0.01199536,0.012087797,-0.019239767,-0.011252653,0.0
2016-04-15,0.0066082235,-0.01791653,0.007391441,0.007056155,0.017965063,0.0055542816,-0.004775598,0.0040267487,0.0626302,0.009882772,-0.0020911994,0.002536927,-0.022387234,0.013064576,0.008340303,0.035336338,0.000103009224,0.021386554,-0.0020911994,0.0055542816
2016-04-18,0.008912011,0.0010496366,-0.007536485,-0.0027549854,0.0013405278,0.0037503853,0.0033781498,0.0073329043,-0.01216588,-0.0012028795,0.008704986,-0.0011315694,0.012241634,0.011026951,0.0074935677,0.0060812626,-0.0029358887,0.017517438,0.008704986,0.0037503853
2016-04-19,0.0110191535,0.006434167,0.007212378,0.007194091,-0.009046451,0.0016124278,-0.011862994,0.008028631,0.009049053,0.0043385676,-0.035263106,0.00912118,-0.0035020285,0.0017881122,1.42307445e-05,0.009828679,0.0044152113,0.0037256891,-0.035263106,0.0016124278
2016-04-20,0.005494782,0.009117693,0.008407654,-0.0008099932,0.022752093,-0.08132255,0.0037938284,-0.0032691052,-0.047514778,-0.0027290627,0.027730888,-0.012545384,-0.009024317,0.009894673,0.0063072178,0.048722833,0.0033289539,-0.009049385,0.027730888,-0.08132255
2016-04-21,0.007265539,-0.008060654,0.00887226,0.0021395239,0.00088490406,-0.007231061,0.030172607,0.0046602683,0.0024052095,0.0045498502,-0.022433419,0.0029005236,0.011951853,-0.003924383,0.03305471,0.010129888,-0.012995915,0.008866669,-0.022433419,-0.007231061
2016-04-22,-0.0003698171,0.010866956,0.0028597182,0.0056770016,0.007870675,0.013737478,-0.0017237676,0.0075086304,0.01108356,0.0070800767,0.024496522,0.0032749502,0.0029984945,0.008169017,-0.0033688357,0.0037491624,-0.0013093881,0.008185758,0.024496522,0.013737478
2016-04-25,0.009228798,0.011918744,-0.02698133,0.0152610075,0.012597926,0.0073861033,-0.004935996,-0.0006396353,-0.020598909,-0.021978242,0.016192816,-0.0077871135,0.00017040288,-0.034573227,0.010283275,0.0075475625,0.0025898626,0.006314446,0.016192816,0.0073861033
2016-04-26,-0.0033716217,-0.00884451,0.024718216,0.007818317,0.015809149,-0.005073611,0.03184581,0.031972755,0.028702067,0.012292037,0.01332487,0.015676145,0.0029810173,0.00470866,-0.011550813,0.0020256413,-5.979396e-05,0.008429744,0.01332487,-0.005073611
2016-04-27,0.002894154,0.010889606,0.007676085,0.0045847953,0.013979132,0.0131941,-0.027134333,0.00035185457,0.009782433,0.0055068564,0.007510012,0.005580215,0.019065756,0.0035058144,-0.00839832,0.017446088,-0.005227185,0.013156245,0.007510012,0.0131941
2016-04-28,0.009417664,0.0118991025,0.002468853,0.034515433,0.013567162,0.027307378,0.010866432,-0.009507,0.003293456,0.00071634795,-0.01502913,-0.010505413,0.009825706,0.01527362,0.024680592,0.0076522497,0.015173433,-0.0086254915,-0.01502913,0.027307378
2016-04-29,0.006556792,0.0048759263,0.0023588347,0.0046717324,-0.010013025,-0.004830874,-0.0004943365,0.02584989,-0.0049789753,0.007001284,0.0106830215,0.009029993,-0.0053777834,-0.0021286823,-0.010293447,-0.119080774,0.016082354,0.001899492,0.0106830215,-0.004830874
2016-05-02,-4.8562524e-05,0.0006732701,0.012377981,-0.00090871373,0.0066171167,0.011033155,0.041438174,-0.016838495,0.022012595,-0.023623362,-0.0023711424,0.009669618,-0.0030500721,0.011447886,0.04990561,0.022884212,0.0012741543,8.0792415e-05,-0.0023711424,0.011033155
2016-05-03,0.0,0.0065508154,0.005335837,0.008476085,0.002914306,0.0010039251,-0.0042720325,0.009643586,0.017401122,0.008176302,0.012434847,0.0009825644,0.0072030975,-0.008660557,0.005350677,0.0,-0.013737796,0.014293676,0.012434847,0.0010039251
2016-05-04,0.0034712546,0.0070569552,-0.015067473,0.008868292,-0.12929343,0.0062519037,0.0027524193,0.008717582,0.0052224784,0.021211334,0.01045786,-0.008371433,0.0044820635,0.032599095,0.0012354713,-0.14162426,0.004057588,0.00044677418,0.01045786,0.0062519037
2016-05-05,0.016290965,0.010531816,0.021019254,-0.0039728135,0.026824137,0.0019105738,0.030442588,0.009251381,-0.011672088,0.003122574,0.0017580551,0.011948004,-0.0090445075,-0.022202337,0.0034505678,0.0063096997,0.035871495,0.009931763,0.0017580551,0.0019105738
2016-05-06,-0.03843326,-0.00913551,0.0005290679,0.00739011,0.0023969084,-0.0061010076,0.0073281555,0.010798343,0.040981647,0.021517666,0.003587568,0.01065338,0.021781541,0.012339831,0.029843627,-0.014786287,-0.007312138,0.0031683012,0.003587568,-0.0061010076
2016-05-09,-0.0036499253,-0.005288414,0.00097020814,0.011856947,-0.008440301,0.0075628986,-0.0032381827,0.0038962073,-0.0073217116,-0.0029601387,0.0047896667,0.008905953,0.0071046124,-0.009829954,0.015015877,0.009769598,0.0004439108,-0.0005886928,0.0047896667,0.0075628986
2016-05-10,-0.011406917,0.010462188,0.0,0.0017493417,0.03751374,0.0,0.0083641885,-0.0018934216,0.0,0.005148441,0.003577372,-0.011152825,-0.0047039147,-0.009148817,0.0025581028,0.048786305,3.0332556e-06,-0.004440495,0.003577372,0.0
2016-05-11,0.02299126,-0.010178917,0.009948795,0.0074716415,0.0039276816,0.0019189067,-0.016224181,0.015518135,0.020647947,-0.013705124,-0.0019372624,0.0019128404,0.006518107,0.021110814,-0.00038853032,0.0007643754,0.0438183,0.015615302,-0.0019372624,0.0019189067
2016-05-12,0.023209877,0.020377487,0.00437601,0.0037524002,-0.011833467,0.008953048,0.012062868,-0.002113526,0.010554447,0.008405965,-0.010108539,0.023888402,0.002907856,-0.040444683,0.0023985717,0.008292035,0.019674806,0.009671813,-0.010108539,0.008953048
2016-05-13,0.014122008,0.0070704315,0.005520913,0.011089048,0.03532079,0.015072401,0.0223439,0.0030450094,-0.034386553,-0.003033472,-0.016872032,0.009432,0.012635977,0.014718607,0.011960379,-0.036173303,-0.004973943,-0.0018752877,-0.016872032,0.015072401
2016-05-16,0.0013526314,0.013378706,0.0039629205,0.0006949937,-0.0015533397,0.011928088,-0.0038881397,0.0140782725,-0.017728185,0.03487659,-0.007831463,0.0010422309,-0.013288924,0.026273008,0.008322366,0.023915539,0.012684193,0.011082055,-0.007831463,0.011928088
2016-05-17,0.00549544,0.0042468607,0.009889087,-0.03803441,-0.013819242,0.0135766575,0.013546501,0.023787744,0.006783685,0.00079657283,-0.032427497,0.004820159,0.0073992624,0.008384971,-0.03646233,-0.005423575,-0.0045567765,0.0,-0.032427497,0.0135766575
2016-05-18,0.0,0.002591867,0.003440257,0.0022282233,0.03477771,-0.0069374684,0.015055416,-0.001806495,-0.021633718,0.0,0.02610016,-0.006398219,0.0,-0.005810531,0.023051413,-0.034544267,0.011964595,0.0064938255,0.02610016,-0.0069374684
2016-05-19,0.012810252,-0.0036790043,-0.0058413935,0.0,0.01415545,0.0044897315,0.013308217,0.011590429,0.018545505,0.013468048,0.0051102857,0.013620704,-0.010202809,0.0072133127,-0.016292622,0.10630538,-0.0032834113,0.0015389959,0.0051102857,0.0044897315
2016-05-20,-0.027080163,-0.016874889,0.009196734,0.011138663,0.025894705,0.0124527505,-0.008986138,0.006490057,0.0054808226,0.0012799231,0.005814335,0.002685154,0.0022155426,-0.008198316,0.013803077,0.016836975,0.007172098,0.015531535,0.005814335,0.0124527505
2016-05-23,0.0042730696,-0.0038616355,0.008093846,0.0060340855,0.011310087,0.0061028027,-0.0076684244,0.00089783175,0.009526643,-0.00050755433,0.020216396,0.0031205288,-0.0008520057,0.013399117,0.002735402,0.035834067,0.034871276,0.004566266,0.020216396,0.0061028027
2016-05-24,0.0007544602,-0.027582807,0.0027543001,0.0021686538,-0.03348166,0.007027307,-0.0019369489,0.00399321,0.009340805,0.005975556,0.0035170063,0.004098766,0.015462213,0.0048744343,0.022123296,0.0042306962,0.004180593,0.0028207134,0.0035170063,0.007027307
2016-05-25,0.0019228342,0.008421111,0.004673669,0.024107251,0.002856204,0.0014992127,-0.0007775109,-0.016190397,0.019109216,-0.0018440704,0.005878656,-0.0006409233,-0.002247381,0.016625492,0.009328719,0.031933576,-0.0068654725,0.009625905,0.005878656,0.0014992127
2016-05-26,0.008547381,0.006780656,-0.0007105352,0.010387073,0.023857122,-0.017390486,0.005033135,0.0030805487,-0.0022497652,0.0039887945,0.024270043,0.00763324,-0.016447745,-0.005385447,0.008188442,-0.011304106,0.003248338,-0.004422932,0.024270043,-0.017390486
2016-05-27,-0.00308435,0.012230562,0.0021466033,-0.0036720198,-0.0014112309,0.01674752,0.008730781,0.005827284,-0.0002381841,0.0004284768,0.008341086,-0.00022738978,0.003678337,0.015763126,0.011113019,0.016978817,-0.012201135,0.013299747,0.008341086,0.01674752
2016-05-30,0.01361021,-0.0075218347,-0.002817231,0.002002908,0.007127706,0.0022300533,0.014141878,0.002275231,0.0,0.008937528,0.0009227864,-0.012298265,0.012869168,0.011406832,0.005490015,0.02872131,-0.008028725,0.007813195,0.0009227864,0.0022300533
2016-05-31,0.021051198,-0.00048729562,0.010399233,0.0068823895,0.016560802,0.003397272,0.00055723113,0.010122623,0.0048102443,0.009347631,-0.003987475,0.008901167,0.0060597793,0.0017683498,0.012831544,-0.032686405,0.013505268,-0.0029129968,-0.003987475,0.003397272
2016-06-01,-0.0037633786,0.0032458326,-0.0153874755,0.024469465,0.014389502,-0.00093176146,0.011701588,0.0006504718,0.015111774,0.003916316,0.00815995,0.00843582,0.013217255,0.00953961,0.0082514435,0.041782353,0.015892075,-0.0091314325,0.00815995,-0.00093176146
2016-06-02,0.0024165823,0.013039549,0.0026174947,0.0,3.389273e-05,0.01698638,-0.0025888197,-0.007815805,0.00013775525,-0.0027581663,0.017532324,0.013269324,0.0049786954,0.0042763534,-0.013512137,0.013071224,0.010361866,0.016900104,0.017532324,0.01698638
2016-06-03,0.017493483,0.010401172,-0.009068584,0.0016523866,-0.004905791,0.005589618,0.0,0.01484689,0.003201649,-0.0035632052,0.016770555,0.0033363218,0.005122173,0.0046178102,-0.008595851,0.0045749177,0.0035811525,0.0025314584,0.016770555,0.005589618
2016-06-06,-0.0025079441,0.01237906,0.0025947394,0.013040689,-0.00800243,0.010635983,0.03040437,-0.00074225705,0.031606283,0.011002142,-0.0066674654,-0.0013903849,0.0013805233,0.001620303,-0.019282311,-0.01333568,0.0137796635,0.0023632233,-0.0066674654,0.010635983
2016-06-07,0.014294054,0.015955778,0.0036773009,0.008158465,-0.0059370305,8.671912e-05,0.0068955016,-0.0061482466,0.0008021325,0.0023303055,0.0064238515,0.0062984936,0.005160212,0.005526897,-0.005078383,0.008131224,0.018723391,0.013814162,0.0064238515,8.671912e-05
2016-06-08,0.0,0.0,-0.00773851,0.0032738235,-0.002152207,0.0,-0.039468434,-0.008718689,-0.013060749,0.0065124906,0.0012965858,0.0033288149,0.0042867945,-0.007764964,0.01102997,0.06463356,-0.021181805,0.0,0.0012965858,0.0
2016-06-09,-0.00068272545,0.0010971798,-0.0006651831,0.09238053,0.02345589,0.023874464,0.007660794,0.0023758123,0.007660794,0.008322513,0.0043436987,0.011144644,0.0423434,-0.0067065693,-0.004272961,0.048847385,-0.0069074756,-0.0028573761,0.10574965,-0.0007935313
2016-06-10,-0.012305069,0.0063631027,0.008269745,0.020515446,0.009683505,-0.11134753,-0.019914906,-0.005473733,-0.019914906,0.0021502085,0.014563637,-0.0006607727,0.0020025827,0.0,0.004282578,0.06869143,0.011222622,0.035017334,-0.0045951144,-0.008612847
2016-06-13,0.00880163,0.0028997476,0.0064133457,0.005532618,-0.00092278974,0.0058730403,0.00469599,0.013845951,0.00469599,0.012911749,0.002510518,0.011784028,0.0025792914,0.018293288,0.0064938236,-0.0066824593,0.0017191531,-0.003279166,-0.0013936512,-0.04922809
2016-06-14,-0.0039367117,0.0074921446,-0.006518991,0.014854883,0.010806556,-0.006623421,-0.002199819,0.03655558,-0.002199819,-0.036042005,0.0010919543,-0.029872663,-0.020843955,0.03822903,-0.039428238,0.0063132118,0.0050982162,0.017244177,-0.07648387,-0.010505518
2016-06-15,0.0049614417,0.005385716,0.0070236134,-0.0010533858,0.0053544287,-0.0056531737,0.10597172,-0.0030165717,0.10597172,-0.0008238816,-0.0068936776,0.010605623,0.02024131,-0.004391775,0.0035261405,-0.051172867,0.0035769285,0.01734878,0.0034610564,0.013076563
2016-06-16,0.020562898,0.014872466,0.002624446,-0.014840169,0.019009557,-0.008055789,0.045023106,-0.017601037,0.045023106,0.009315166,0.024262663,-0.00094529905,-0.0031575894,0.016208585,-0.108967766,0.0075255223,0.004150644,0.0122375395,0.03521996,0.00423371
2016-06-17,-0.0113636535,0.010460319,0.0,-0.0043893536,0.005509071,-0.13084471,7.909004e-05,-0.007734924,7.909004e-05,0.005482093,-0.008561101,0.004884786,-0.0044159796,0.021194847,0.020279687,0.0035048656,0.0057856524,0.00027801734,0.0141018005,0.020380424
2016-06-20,0.0047455523,0.0075947223,0.0029856279,0.014784886,-0.02694255,0.026986372,0.062880464,-0.030046131,0.062880464,0.020872314,-0.019113323,-0.0009267077,0.015057997,0.0022752855,0.01939088,-0.008383772,0.010841137,0.018564282,0.10221203,0.0109781865
2016-06-21,0.0042849663,0.0013930238,-0.012476549,0.0138083985,0.026329812,0.037416335,0.0010882134,0.015455876,0.0010882134,-0.005003405,0.0068140887,0.005684214,0.015848015,-0.0025069378,0.005791383,0.055936377,0.020273566,-0.011438577,0.024061076,0.0072561377
2016-06-22,0.0138347605,-0.0030556186,0.009267265,0.023460625,-0.013567551,0.027886031,0.02363992,0.03903376,0.02363992,0.019560223,0.008337201,-0.08364017,0.00028021794,0.015543286,0.010671866,0.003420081,-0.0041818786,0.022493545,0.040353905,0.01489561
2016-06-23,0.012302457,0.0066694757,-0.0021966244,0.006900903,0.011863265,-0.010158118,-0.02169884,-0.013525199,-0.02169884,-0.021398587,0.020129869,-0.040222913,0.012879446,0.01504046,0.0013520197,-0.014073808,0.0036849396,0.019872013,0.10603955,0.008017653
2016-06-24,0.005924561,-0.00023352956,-0.045954693,-0.021753658,0.017663842,0.0071486114,-0.013820021,0.004735053,-0.013820021,-0.0061430465,-0.009579141,0.027608758,-0.0154055115,0.0067430506,-0.0014988122,0.10555418,0.0076522776,-0.0014890948,0.0031889384,-0.010963402
2016-06-27,-0.009099367,0.004986242,0.015128387,0.01573658,0.016632376,0.067488864,0.0,0.0027323011,0.0,-0.0026017393,-0.038543373,0.0462872,0.036818866,0.008936367,-0.007872243,0.051550053,0.008685042,0.0027565386,0.019723475,0.0063393023
2016-06-28,0.0021567876,-0.0021127467,0.026143827,0.004604264,0.01875478,0.00027713215,0.023401603,-0.0066994186,0.023401603,-0.0023030683,0.0023287912,-0.007739158,0.026729455,0.012629091,0.029327275,0.018867152,0.0046995925,0.011257565,-0.14049932,-0.009340864
2016-06-29,0.016416172,5.4121025e-05,-0.00267084,-0.00087903603,-0.0046966868,0.011805426,-0.00838875,0.0048613986,-0.00838875,0.0060938243,0.009074752,-0.00061894255,0.0007230005,-0.0075905933,0.010564805,0.013035807,0.010909397,-0.008234088,0.019232739,-0.002944957
2016-06-30,-0.005278226,0.0048115775,0.0068487525,0.0142377205,-0.0024266592,-0.030718654,0.007414787,0.0022802947,0.007414787,0.0009251344,-0.0016843766,-0.0326413,-0.0027882028,0.0013486546,-0.0084446,-0.003287395,-0.00029633226,0.012067472,-0.06331105,0.010920346
2016-07-01,0.0010515038,0.012150174,0.006505612,0.025348444,-0.007893375,-0.02629811,0.06847499,-0.020193556,0.06847499,0.009820982,-0.016928831,-0.0029327353,0.010819945,-0.0020909684,-0.0100230435,-0.0024032777,0.0015730598,-0.0025854437,-0.007746705,-0.00066812494
2016-07-04,-0.0035505157,0.0012409851,0.0027040755,-0.006543441,-0.062061556,0.012890758,-0.0030032601,0.015275243,-0.0030032601,0.029265914,0.01160654,-0.016138632,0.004039146,0.0062985634,-0.0009800505,0.024616182,0.005366193,-0.016184492,-0.022278013,0.0007997838
2016-07-05,0.011138429,0.0037381796,-0.026706928,0.0267769,-0.006447805,0.013886099,0.0029115223,0.0022790355,0.0029115223,-0.011554359,-0.029418815,0.005229338,0.014122805,0.013005207,0.027696153,0.008860613,0.006561867,0.0007104727,-0.0027392604,-0.0041322066
2016-07-06,0.006175112,0.003491218,0.019471085,-0.015150356,-0.0061836587,-0.04150489,-0.13976665,0.0038424213,-0.13976665,0.0009764616,0.0348955,0.0,0.044983257,0.0054241344,-0.04637643,0.0011327453,0.0,-0.014438445,0.01736268,-0.0023090441
2016-07-07,0.003767446,0.0075484975,0.0118874945,0.0160253,0.012371719,0.004189101,0.04458167,0.012798345,0.04458167,0.014179248,0.012796266,0.046698455,-0.027148388,-0.016718276,0.021636857,-0.008424028,0.022172704,0.012540981,-0.027375,0.007757953
2016-07-08,0.008908542,0.004253861,0.017076377,-0.0009469147,-0.12233105,0.09640169,0.059383783,-0.0055109872,0.059383783,-0.12766789,0.00014152948,-0.0297229,0.017029189,-0.0030639507,-0.00047056706,-0.0045543592,-0.014713034,-0.0013386357,0.022158898,-0.016836854
2016-07-11,-0.0016215786,0.0073998156,0.0038797476,0.021011848,0.010850795,0.10304538,0.0,0.011645347,0.0,0.076899655,0.0,0.002269199,0.011617572,-0.0025710068,0.012426331,0.012376642,-0.0049378774,0.0081949895,-0.013422997,-0.016753359
2016-07-12,0.0007488889,0.00565819,0.023131145,0.0037179776,0.034365077,0.035375513,0.013821747,0.0018010328,0.013821747,0.013718763,0.006147198,0.018303871,0.013848987,-0.013039627,0.01582399,-0.024998818,-0.012421652,0.01168329,0.013722329,0.03480975
2016-07-13,-0.017952368,0.0073010367,0.002608284,-0.005672711,-0.0070038233,0.10172299,-0.008075035,-0.025985697,-0.008075035,0.06625594,-0.0036120114,0.012368507,0.030614594,-0.012888743,-0.0020623226,0.0025022386,0.0021352344,-0.0019897434,0.042568743,0.017272292
2016-07-14,0.015275518,-0.022138003,-0.0062610568,0.007315306,0.022689039,-0.015269272,0.00073475955,-0.015874982,0.00073475955,0.056260258,0.0098635815,0.015186093,0.009457244,0.013229361,0.012813194,0.014273031,-0.012860055,-0.000175365,0.009660742,0.01420767
2016-07-15,0.004332121,-0.0071637505,0.020663869,0.010079584,0.0014927395,0.013768185,0.021855012,0.027866539,0.021855012,0.0034112607,0.023686877,0.022175608,0.0041448246,0.036142554,-0.007809997,-0.0027877765,-0.0031210352,0.03807727,-0.13989684,-0.002125655
2016-07-18,-0.0032355501,0.0071645556,0.006552899,-0.032412607,-0.001161366,-0.01887915,-0.00408236,-0.015020481,-0.00408236,-0.004169356,0.0073813694,0.0014005232,-0.029827323,-0.0019695463,0.008121196,-0.0061822305,0.0,0.00066434924,0.0016267677,0.0061221225
2016-07-19,-0.0029971248,0.0017724369,0.006098921,0.05202214,0.0,-0.040819865,0.017944437,-0.016009003,0.017944437,0.019352214,0.0011129035,0.008105735,0.0024473895,0.014876048,0.019760145,0.027792275,0.013011188,0.008594091,0.06452666,-0.0024372342
2016-07-20,-0.0018720286,0.0015731717,-0.0031116714,-0.0048513166,-0.0150756445,-0.015720839,-0.039819594,0.046748735,-0.039819594,0.0038015493,-0.011466999,0.017331844,-0.03320039,0.0,0.0,0.0034390164,0.0046990155,0.002699451,0.0005231191,0.0046966854
2016-07-21,0.011626307,-0.0053045945,0.02448779,-0.005920027,0.0067768353,0.0052314475,0.013646337,-0.05391677,0.013646337,0.016992675,0.008894083,-0.0019509137,-0.029083068,0.0065577235,-0.013277421,-0.010014281,0.007426996,-0.0070732553,0.0035011554,0.004788041
2016-07-22,0.0066328235,0.0089450795,-0.0008415127,0.010755547,-0.012750559,0.035390705,0.0,0.008954058,0.0,0.074362524,0.0020065857,0.012815611,0.005745774,0.017476244,0.0,0.014049884,0.009647593,0.027333828,0.0147651965,0.0072780303
2016-07-25,-0.0048102727,0.0028325433,0.0104862815,-0.008218613,0.0035574695,0.025580121,0.06475131,0.01782488,0.06475131,0.0025601326,-0.02984892,0.005593367,0.00015391594,0.015053073,0.03399213,0.026453989,-0.019207146,-0.006852119,0.010648601,-0.009529116
2016-07-26,0.0063083246,0.0037236763,0.011430698,0.004120139,0.006316956,0.017457861,0.0120271295,0.0042938725,0.0120271295,-0.07851874,0.014647603,-0.009626096,0.0424235,0.0016352748,0.014114722,-0.011292639,0.032875754,0.0019950457,0.003762885,0.016003832
2016-07-27,0.010550734,-0.0003354974,0.006555302,-0.0058076996,-0.034043297,0.094593704,-0.0029564383,-0.009563008,-0.0029564383,-0.0016613235,0.012670074,-0.030500751,0.011474194,0.008164287,0.0020834452,0.008102651,0.019041412,0.004834321,0.0,0.021754067
2016-07-28,-0.011409187,-0.0164214,-0.024112567,-0.007536932,0.03480962,0.006615234,0.007981227,0.037351068,0.007981227,-0.001780993,-0.0068774717,-0.012537943,0.0014066914,0.0004565769,0.0021893738,0.005082247,-0.0057987086,0.0,0.011251988,-0.018314322
2016-07-29,-0.0037267508,0.0027193907,-0.031551648,0.015978547,-0.01167373,-0.015411612,-0.013740067,0.008568036,-0.013740067,0.012266164,0.006250224,0.0351258,-0.005601449,-0.1026571,0.0067942655,0.0029991088,-0.0011558606,-0.0064839283,-0.024928365,-1.4974034e-06
2016-08-01,0.009353079,-0.014870599,0.0,0.020382714,-0.0019488941,0.053649787,0.015510222,-0.032520138,0.015510222,-0.007748339,3.927642e-05,0.00088488334,-0.06319941,0.035190176,-0.013650324,-0.012088003,-0.017302046,0.0022309446,-0.0063286577,0.0030152502
2016-08-02,0.0060132816,0.0028232879,0.030084077,-0.00011383112,0.0016290835,-0.027627889,0.0,0.026341846,0.0,-0.0030457086,0.018845065,0.0011935259,-0.0091550555,-0.0078053875,0.031695515,0.024404375,0.0013448122,0.015477581,-0.01863471,0.0063254796
2016-08-03,0.0002923179,0.0019884326,-0.00092016696,-0.0075332248,-0.118638985,0.018700892,0.029632397,0.007426173,0.029632397,0.036021262,-0.007458815,0.0123897,0.0005694637,0.0026112238,0.009434836,-0.059226077,0.044175904,0.012567633,0.00057082425,0.011558637
2016-08-04,0.011693378,-0.002317153,0.003993211,0.021222487,0.009580171,-0.1065546,-0.0012789697,0.005943094,-0.0012789697,0.016233364,0.013153168,0.004729339,-0.0032905734,0.03010403,0.016887559,0.010996278,0.0031464843,0.014133935,-0.026395194,0.007807654
2016-08-05,0.0003248248,0.00934618,0.025929552,0.0,0.034492735,0.0141351875,-0.002706245,0.0007063058,-0.002706245,0.01107615,0.0008971734,0.025316924,0.030576358,0.0069667324,-0.0037461799,-0.00010536387,0.009011857,-0.010012578,0.014553877,0.0025363606
2016-08-08,0.008115195,0.006599249,-0.033729833,0.018134164,0.017194238,-0.0028110307,0.012704433,0.025858166,0.012704433,0.02089195,0.010859212,0.009110511,0.012032293,0.008630701,-0.003679263,0.0431276,0.00013436016,-0.001631741,0.10166701,-0.014666736
2016-08-09,0.009032654,0.01876781,-0.008794107,-0.011671773,0.023000404,0.076172225,0.0038321533,-0.0016299386,0.0038321533,0.0211662,-0.0013915256,0.011053166,-0.0029555887,0.0065857456,-0.018418238,-0.0030281171,0.009484758,-0.0011246233,0.013793807,0.0067769117
2016-08-10,-0.0008877872,-0.0003739813,0.008736494,0.011917,3.3996756e-05,0.009204095,0.0035588725,0.0041287616,0.0035588725,0.006743612,0.0113679115,-0.021421611,0.0042880387,-0.011987807,0.0060495087,-0.01889266,0.0067911916,0.018251006,0.0013578723,0.005478685
2016-08-11,-0.0036948863,0.011328149,0.0011497953,0.010615914,-0.0066929585,-0.0055296086,-0.01092924,-0.025739536,-0.01092924,0.0033509736,0.0050920704,-0.0055464045,0.00058314484,-0.031748433,-0.03406227,-0.0025468147,0.008674483,0.0,0.0,0.013272408
2016-08-12,0.007145859,2.9332357e-05,-0.001642245,-0.0006237431,0.006351793,-0.0015486551,0.0011929012,0.009933659,0.0011929012,0.003491194,0.001429569,-0.0030566752,-0.0039848867,0.0074734357,-0.0010973542,-0.031771354,-0.020761812,0.021361906,0.009188675,0.019473676
2016-08-15,0.0010718883,0.0050724745,0.03421336,-0.0031083685,0.004252334,0.0005906897,-0.004324471,0.000111229776,-0.004324471,0.007828512,0.02382189,0.0030189536,-0.0028115562,-0.004809286,0.0046550753,-0.005561081,0.014317421,-0.008523619,0.0,-0.01356215
2016-08-16,0.0065748165,-0.0010756567,0.012814723,-0.004230615,0.00025190378,-0.0010471717,-0.030151226,0.0036673646,-0.030151226,-0.013323027,-0.01346356,0.0021630698,-0.0031460577,0.0070549967,0.0148635,0.0043371194,0.0029776334,-0.005179466,-0.013553138,0.019425234
2016-08-17,0.0055542304,0.0036076435,0.0,-0.0015218636,0.00351619,0.06333761,0.0052018347,-0.01440743,0.0052018347,0.021994827,-0.032390654,0.014414255,-0.0030268752,0.025025299,0.02322428,0.0150600625,0.010958642,0.009485241,-0.00966554,0.0065549435
2016-08-18,0.0066944244,-0.013103265,0.022829335,-0.015238679,0.015998935,0.012108555,0.0,0.0045683165,0.0,-0.0021073779,0.028113551,0.011761788,-0.025474172,0.004195074,0.013074187,0.0009013393,0.009785261,0.014182582,0.032938007,-0.009996442
2016-08-19,-0.0047371634,0.00219162,0.007237466,0.02372802,0.00018153379,0.014915881,0.016324999,0.032053106,0.016324999,0.0084105395,-0.0012601779,0.0005498936,-0.0038504147,0.010651065,0.0011960856,0.087455146,-0.007787737,0.02947863,0.03934161,-0.002419321
2016-08-22,0.0055121444,0.0032387553,0.006367489,0.036602974,-7.457702e-05,-0.05674665,-0.02932871,0.0,-0.02932871,-0.011681192,0.019167121,0.006365208,0.0034609984,-0.008568471,0.01697827,-0.006321033,0.002432352,0.0018518058,0.0,0.013569047
2016-08-23,-0.0030810195,0.012964348,-0.005408732,-0.003770419,-0.024984602,0.044631872,0.0042944583,-0.0052160155,0.0042944583,0.050224427,-0.0025431558,-0.036660556,0.10297957,0.00058660586,0.006788727,-0.0035772102,0.0089872135,0.01546799,0.0028571568,-0.014318788
2016-08-24,-0.022837989,0.0031003153,-0.0055500073,-0.03912518,-0.026425933,-0.07189238,-0.0030488607,0.020323431,-0.0030488607,-0.001806468,0.007175954,0.017455883,0.036601044,0.025739037,-0.003915517,-0.018126644,0.0018062503,-0.0029149025,0.016024083,0.010924419
2016-08-25,0.007830788,0.0051604593,0.01208143,-0.0022117738,0.0073899277,0.0014196367,0.016213326,0.029869169,0.016213326,0.0140424,0.009382203,-0.0051298016,-0.01642808,0.0048129167,0.011336406,0.012815616,0.008869219,0.004659754,0.020484509,0.015478911
2016-08-26,-0.002987967,0.001006126,-0.0041678394,0.0040835547,0.019236624,-0.14167368,-0.1281536,0.012822846,-0.1281536,0.029814092,0.01241936,0.013719748,0.0031747806,-0.009922109,0.0043805903,-0.010176302,-0.005612607,0.010931939,0.011930381,0.00872538
2016-08-29,0.0064170486,-0.0007542934,0.016288532,0.005425627,-0.0151207885,-0.0032556786,0.015390769,0.0016353589,0.015390769,0.00035652792,0.0029864917,0.024142439,0.0013037405,0.018164672,-0.0036907913,0.009600341,0.0005416913,0.0017888455,-0.020097138,0.00379307
2016-08-30,0.0071918094,0.012866422,0.0127679715,0.0261839,0.025066525,0.03633375,0.049642872,0.006366699,0.049642872,-0.037308503,0.008311012,-0.030947164,0.010110216,0.003207736,0.0066090897,0.008079793,-0.009012924,0.00239246,0.013328397,0.0012774647
2016-08-31,0.008157928,0.006008711,-0.008359389,-0.012256202,0.016274065,0.07042148,0.005384709,-0.013886577,0.005384709,0.023179626,0.0,0.0110864965,-0.0028351357,-0.0018999305,-0.0069461633,0.045653228,0.002620926,0.004335977,0.023594562,-0.009329716
2016-09-01,0.0019936217,0.00861141,0.017374372,0.0140544195,-0.0028081152,0.00362384,0.011030252,-0.006032915,0.011030252,0.047432594,-0.008662122,0.0132094305,0.0036505098,0.0020684074,0.007735748,0.0070549157,-0.008293913,-0.00036847638,0.00067807717,0.0047773304
2016-09-02,0.010228353,-0.002943783,0.027638126,-0.0043653534,-0.020383554,0.026180819,0.006385636,-0.0016117492,0.006385636,-0.015555081,-0.002605649,0.013568986,0.012088173,-0.0037750409,0.0116356155,0.018266395,0.019797951,0.011093419,-0.0080657285,-0.0046407008
2016-09-05,0.0020314793,0.004280442,-0.0054816315,0.00092437153,0.041312423,0.03465989,0.015262464,0.0027322536,0.015262464,0.070673816,0.0,-0.0022132355,0.0085598575,0.014831106,-0.0048472583,0.003676856,-0.008616937,-0.007088351,0.024263738,-0.0050696176
2016-09-06,0.003340274,0.001686157,0.009645533,0.0005657283,0.003390737,0.027576782,0.004234936,0.029271629,0.004234936,0.005981137,0.011904701,0.0004181912,-0.035537396,-0.03581582,0.002196696,-0.14167368,0.013609109,-0.002414677,-0.024156816,0.023222521
2016-09-07,0.0002856792,0.037679568,0.069463596,0.0,-0.006785269,0.000763481,0.002507181,0.038219478,0.002507181,0.012067373,0.019813588,-0.00970168,0.044526387,0.01742384,-0.12195255,0.0031929766,0.011668649,0.010269663,-0.041524965,0.023377052
2016-09-08,-0.0018966647,-0.00023300337,0.006951382,-0.0020095175,0.015995368,-0.0084131695,0.0035128305,-0.0046180165,0.0035128305,0.014209884,0.0026013928,-0.014428323,-0.009462486,0.0029206548,-0.016529648,0.05368265,-0.0039000958,0.018310856,0.052939262,0.0023951863
2016-09-09,0.0024936118,0.002478966,0.04907487,0.0067033805,0.0028794594,0.086841606,0.0051663974,0.018366387,0.0051663974,0.0012265233,0.0010416117,0.0022712583,0.0040603266,0.030592833,0.058677092,-0.002624988,0.00124337,0.020247215,6.575494e-05,-0.00067324884
2016-09-12,0.008118911,0.0046918434,0.013941382,0.015503206,0.015068068,0.031220142,0.00869405,0.0023148288,0.00869405,0.0014112869,0.011512278,-0.08181833,-0.016577788,0.01509445,0.019909786,-5.2161762e-05,-0.070178196,0.014994698,-0.019491835,-0.004800848
2016-09-13,0.0034858473,-0.016324699,0.00768375,0.008422289,0.014926004,-0.014974441,-0.013988227,-0.009817341,-0.013988227,0.0053526596,-0.006811288,0.100128755,0.0010590162,0.013755486,0.014441702,-0.018206453,0.018841723,-0.0018648945,0.018403452,0.02043865
2016-09-14,-0.015843723,0.0074026906,0.0009936366,0.024592806,-0.012508619,-0.026370851,0.0064477473,0.0,0.0064477473,-0.011909854,-0.007995247,0.0028255119,0.0013569596,0.017309,-0.026892731,-0.0011572377,-0.024248099,0.0042575053,-4.631902e-05,0.014978386
2016-09-15,0.011234871,-0.01062094,-0.0011489545,-0.0051035774,0.025504235,0.04842409,0.0042384597,-0.019913241,0.0042384597,0.029728241,0.004791285,0.0110362535,0.018457297,-0.005570892,-0.027985208,0.003831964,0.032154527,-0.007873152,-0.003212383,0.0038891744
2016-09-16,0.0007492966,0.012983961,0.019667927,0.015463087,-0.0050746948,0.004943811,0.034940854,0.0024488738,0.034940854,0.0064363927,0.01678457,0.017235136,0.019604038,-0.008972955,0.059529107,-0.08464414,0.0037934652,0.009532083,0.011177655,0.0151854595
2016-09-19,0.0013326162,0.0017590936,-0.024931105,-0.029366553,0.010928964,0.007616715,-0.00331809,-0.03970539,-0.00331809,0.025351685,-0.011688453,0.02289165,0.0022031125,0.01692532,0.044730823,0.01722901,-0.0017036075,0.013092581,-0.00626721,0.0
2016-09-20,0.0042953957,0.005029303,-0.07978919,0.027693992,-0.009852644,0.0018377921,-0.014668635,0.09418529,-0.014668635,-0.014076983,0.003167869,-0.027491633,0.0063684355,0.029471472,0.0021319746,0.01290152,0.015038097,0.022463603,0.0029927758,-0.0076342993
2016-09-21,0.004248439,8.829296e-05,-0.024890712,0.10208512,0.0065941457,0.012532752,0.045282867,0.012698688,0.045282867,0.0,-0.010472794,0.018559929,0.010445963,0.0061084935,0.021412417,0.0023664143,0.0012823087,-0.0012700943,0.037360568,0.013860947
2016-09-22,0.004831915,-0.007681137,0.04202145,-0.018445618,0.0,0.013541744,0.00064144,0.014228408,0.00064144,0.0024459946,-0.007825843,-0.022406919,0.005718151,-0.021121642,0.0058761416,-0.025134088,0.0003001291,0.004158989,0.014403509,0.020509176
2016-09-23,0.0005196931,0.01562538,-0.015832314,0.0058114375,0.004049865,-0.015439932,-0.1370456,0.02642764,-0.1370456,0.0060723675,-0.05180677,0.0008148588,0.004309451,-0.016541757,-0.0022441885,-0.008112064,0.009665371,-0.0112657,0.0038257972,0.011892771
2016-09-26,-0.0010329434,0.001865446,0.004190507,0.0032664044,-0.00073287357,0.0015948412,0.041534226,-0.013475931,0.041534226,-0.019273266,0.019518455,0.006557165,-0.002459079,0.0,0.018235892,-0.0077003604,-0.009007861,0.018937523,0.018232154,-0.0028291312
2016-09-27,-0.0023148141,0.017275842,0.07723681,-0.008764838,0.0021793582,-0.0016166779,-0.0034097293,0.017204927,-0.0034097293,0.003034943,0.044424728,0.008706957,0.006522028,-0.003008127,0.0030428946,-0.13760367,0.0025104794,-0.0060493876,0.0063816044,-0.013171104
2016-09-28,0.00661341,0.011637703,-0.07118737,0.015511669,0.022283247,0.014112147,-0.008410892,0.011183971,-0.008410892,0.023200203,-0.0063988436,-0.012191134,-0.030350259,0.008900102,0.012590502,0.046842184,0.009926227,-0.021433106,0.0075849504,0.007922191
2016-09-29,-0.0016871393,0.016903691,0.0,-0.039179962,0.0070940023,0.013884842,0.044150468,-0.0271555,0.044150468,-0.0004204933,-0.01438759,0.0036351245,0.015607296,0.0036524464,0.007929595,0.06593939,-0.009451737,0.021806967,-0.0006257107,0.016334005
2016-09-30,-0.0034998043,-0.0013910665,0.023064941,0.09756129,0.036188122,0.010822959,0.0,0.04458437,0.0,-0.0141270915,0.008272284,0.025214985,0.012583909,0.0024177358,-0.0011713003,-0.0089919465,0.013937597,0.0095021315,0.007630844,-0.021525932
2016-10-03,0.002192493,0.0048147636,0.002980841,0.034673043,0.003353203,-0.018744592,0.008707115,0.0151389055,0.008707115,0.014565747,-0.00063928374,0.022488926,0.0050208387,0.0068164733,-0.0071994723,0.019692287,0.015534803,0.027716896,0.017128004,0.0015290797
2016-10-04,0.009902411,0.005171597,-0.010481793,-0.00083585933,0.021063404,-0.0023422043,-0.006320514,-0.011901624,-0.006320514,0.013514869,0.0044538276,-0.01005282,0.013434365,0.0018383965,0.006444979,-0.0043155416,0.0004886336,0.01765435,-0.014052886,0.0047864164
2016-10-05,0.0004639507,0.012300988,0.03140961,0.006975381,0.02560892,-0.009825256,-0.017779388,0.015272713,-0.017779388,0.019567693,0.018731862,0.00999311,-0.0055418652,0.0045263083,0.027754929,0.027841888,0.0072733606,0.006105254,-0.006528265,-0.0073268814
2016-10-06,-0.008972975,-0.010988484,0.010358219,0.002319345,-0.0047154,0.014174605,0.021264132,0.014288244,0.021264132,-0.00011174798,0.0070985057,0.0009732532,0.017191105,0.024234539,-0.0015526471,-0.0048821485,0.0048073884,0.0,0.010238599,0.013275172
2016-10-07,-0.010316834,0.008991802,0.001437563,-0.0043744496,-0.017800925,-0.01038805,-0.0005385417,0.004348524,-0.0005385417,0.006537795,-0.013822085,0.0011158682,0.0033798486,-0.006542959,0.0130690085,0.013623478,0.006939065,-6.5203094e-05,0.024378577,0.007715643
2016-10-10,0.006874182,0.00465441,0.0022778807,0.03583549,0.0049346485,-0.140558,0.003038848,0.0025013986,0.003038848,0.036015388,0.027706444,-0.010295531,0.00828237,-0.0004375561,0.005195431,-0.0320106,0.023072848,-0.0050477665,0.004245231,0.0030231546
2016-10-11,0.0048939297,0.0016351754,-0.013941859,0.007381192,0.016773654,-0.0019115774,0.0,0.0024314355,0.0,0.0019293207,-0.005289338,0.0,0.014914723,-0.008856908,-0.0012418539,0.0070671537,0.016084583,0.004915746,0.0,0.005706096
2016-10-12,-0.0064890194,0.005340075,0.0024371375,0.007862641,0.0012169024,0.058108717,0.021355947,-0.06981834,0.021355947,0.0051389122,0.011761962,0.010335075,0.0019353114,0.021112379,0.00629187,0.0055896654,0.01779842,0.00870786,0.002517797,0.0
2016-10-13,0.007276254,0.0033563126,0.0035576548,0.01183689,0.008224105,0.08809432,0.010191921,-0.010360654,0.010191921,0.0026910407,-0.01723348,0.009938058,0.0027581947,-0.0051570805,0.002397644,-0.01917699,0.0011969937,0.009592011,0.0033389253,0.009249186
2016-10-14,-0.035014234,0.009119338,0.012456734,-0.028894648,-0.009647184,0.037510183,0.0018622546,-0.0021835628,0.0018622546,0.024561767,-0.022200953,0.0081416,0.005537721,0.041326586,-0.009954883,0.0026701458,0.004631836,0.0027042646,0.010675102,-0.0025074426
2016-10-17,0.0141977435,0.004306509,0.015279066,0.0030293947,0.012812134,0.0,0.014676383,0.010337335,0.014676383,-0.0128041655,0.01747527,-0.001166061,-0.00498791,-0.020024814,0.0045841928,0.016993055,-0.0042928685,0.0043346733,0.0029351194,0.024661401
2016-10-18,0.011838701,-0.0013611604,0.003747777,0.017938083,-0.0009535945,0.0114891725,0.015555933,0.005480961,0.015555933,0.014027664,0.00055768405,0.0040169745,-0.018704584,0.0035143127,-0.0007474587,0.010133566,-0.0022519596,0.004374271,0.0026806742,-0.011292858
2016-10-19,0.020008534,-0.00016650977,0.011785095,-0.006475949,0.015811581,0.00050373905,-0.020717692,0.007337478,-0.020717692,0.00889676,0.027511323,0.0053179883,0.009630443,0.005846962,0.0025650777,-0.0049402704,0.012410862,0.003473348,0.013493065,-0.13979125
2016-10-20,0.0009589948,0.0043331604,-0.0064338823,0.02027912,-0.005385449,0.03374066,0.0008217158,0.026274007,0.0008217158,0.010851412,0.010565951,0.00852363,0.016006645,0.0076962407,0.0037440222,0.009087896,0.0034404413,0.004416186,-0.0028101073,0.031069493
2016-10-21,0.015336131,-0.0006754111,0.020270398,0.008858018,0.036337238,0.019428132,-0.00082506525,0.008503484,-0.00082506525,0.008639775,-0.0038032453,0.027598167,0.013237894,0.009125576,0.00094131305,0.03839204,0.010900239,-0.024250431,0.012070393,0.022317467
2016-10-24,-0.0004095171,0.003194148,-0.02063715,0.0054545095,-0.003402757,0.021846209,0.0033936545,-0.001024076,0.0033936545,-0.008454096,0.0011506096,-0.009875074,0.010135419,-0.00053237216,0.018271245,0.032564316,0.00044612508,0.0004128895,0.008619206,0.020502005
2016-10-25,0.002593796,0.0071818777,0.010140428,0.021971254,-0.0018154064,0.0072550355,-0.013477485,0.0042795157,-0.013477485,-0.0034229758,-0.03657441,0.020894166,0.004727937,0.07059188,0.012002424,-0.033685297,2.8175593e-05,0.0033293918,0.00014293545,0.015454012
2016-10-26,0.0017314303,-0.012627655,0.0,-0.0050583044,0.0067463727,-0.029836975,0.0035614853,0.0008028654,0.0035614853,0.03906503,-0.026029147,-0.007740247,-0.0012658511,-0.027423656,0.013068445,0.0031523246,-0.007831001,0.007179173,0.009851391,-0.016636541
2016-10-27,0.0038101792,0.011665984,0.080363706,0.010346235,-0.0049770637,-0.0027648085,0.004945735,-0.006117479,0.004945735,-0.08468088,0.012124784,0.08420222,0.014538676,0.044559807,0.018576177,0.0,0.0026925355,0.00062459917,-0.0077375234,0.0072754556
2016-10-28,0.0,0.0036624924,0.014352034,0.0016178179,0.0,1.3622628e-05,0.0002050482,0.011490488,0.0002050482,-0.00023462855,-0.03486589,-0.0065794326,0.0011383902,0.010260009,0.018075336,0.008001663,0.016294248,-0.01500274,0.007361687,-0.0072111613
2016-10-31,0.02232576,0.010887355,-0.06403079,0.02522811,0.044481553,0.014231816,0.015200386,-0.08794512,0.015200386,-0.030404756,0.05041238,0.010471247,0.019963894,-0.004059555,-0.0058224103,0.022399683,0.011309237,-0.08469917,0.020633085,0.019976411
2016-11-01,0.00096177193,0.012185133,0.019464485,-0.012243554,-0.008253128,0.051141888,-0.00561424,-0.010390066,-0.00561424,0.026042704,0.027538754,-0.014088433,0.009487928,0.048499253,0.00050368404,-0.011777796,0.02026673,0.0074729146,0.004293021,0.005905059
2016-11-02,0.007482805,-0.0012906776,0.0,0.010119875,-0.012059947,-0.0026844796,0.015241487,-0.034513585,0.015241487,0.00013730607,-0.004438407,0.022851761,0.002945904,0.0,0.002549768,-0.018074512,-0.004911443,0.041667648,0.015100433,0.00053352374
2016-11-03,0.008189463,0.0031156628,0.10211454,-0.014058915,0.0067793177,0.030764768,-0.004243515,0.02044994,-0.004243515,0.00707193,0.05824328,0.029310672,0.0029812977,0.016880305,0.0260235,0.022826528,-0.01817906,0.0,0.018939024,0.036916733
2016-11-04,-0.0042872187,0.007240761,0.012097296,-0.00063619314,-0.0018356171,0.009683468,0.019653516,-0.00073126686,0.019653516,-0.0017766317,0.009837454,0.020943746,0.003316866,-0.01661362,-0.0034072443,0.023149358,0.013034677,0.017834451,-0.0013800244,0.009237421
2016-11-07,0.018247854,0.01036491,0.0136432955,0.028048024,0.000941981,0.0028874448,0.027507786,-0.0013112723,0.027507786,-0.0034796721,-0.0076995036,0.009972803,0.0020329587,-0.0052180053,0.0003624498,0.0036253647,0.011535028,0.018403396,-0.002411424,0.015959188
2016-11-08,-0.0036694119,0.009649402,0.012882307,0.019748148,0.015968783,0.06881542,-0.03281676,0.02393266,-0.03281676,0.026185062,0.0040500024,0.009945397,-0.004854136,0.003695935,0.030564323,0.011247116,-0.0014554898,0.0052841897,0.00993904,0.011596702
2016-11-09,0.007466188,0.007356968,-0.010391692,0.016526852,0.014201163,-0.1390737,0.0015083015,0.013905556,0.0015083015,-0.03278573,0.008041171,-0.031613372,-0.0106510995,-0.0010078674,0.00070127926,0.0024037086,-0.0013806769,0.02016423,0.025692705,0.0016700191
2016-11-10,0.0150986165,0.0015057196,-0.13906354,0.012921604,0.017220454,0.058479745,0.008261246,0.023164272,0.008261246,0.03267727,-0.0044341004,-0.015897809,0.0060972655,0.002032467,0.0046569146,-0.012595923,0.004905025,0.0019535802,0.0028831898,-0.00082087185
2016-11-11,0.007959869,0.011146644,0.023209104,-0.01689153,-0.03450665,-0.117503285,0.02675919,0.014107344,0.02675919,-0.0017011076,0.058905903,-0.02673047,0.0,0.016966151,-0.032723535,0.014898675,0.001737092,0.015224956,0.009013479,0.006980868
2016-11-14,0.0079138,-0.0033444543,-0.03246231,0.021258425,0.042121153,0.010675851,0.010724393,0.0036058528,0.010724393,0.038858853,-0.006704184,0.00848241,0.012267753,0.0049080728,-0.0027400993,0.037907086,0.0051831533,0.0015024063,-0.006275986,0.033478834
2016-11-15,0.0037192665,0.005204418,-0.04245382,-0.0051162206,-4.7447196e-05,0.0038313796,0.02328744,0.0063299993,0.02328744,0.018375067,0.0,-0.008995804,-0.00046551196,0.0063490937,0.0128676295,0.008872182,0.00678631,0.021672048,0.016611217,0.0045734965
2016-11-16,-0.0001343031,-0.00043721995,-0.0023141443,0.010918167,0.00997556,-0.0063363328,-0.0024198238,0.0049067303,-0.0024198238,0.0016885984,0.015934797,0.031024916,0.0016873662,0.013730947,0.040880367,0.005572879,0.0056748744,-0.0005889435,0.00079977984,0.0024110351
2016-11-17,0.008102738,0.0058898726,-0.0010244789,-0.003739589,-0.005113678,-0.007855077,0.004256302,0.0021239088,0.004256302,-0.018982645,0.008538283,0.0046675573,-0.01007183,0.004066299,0.0,0.0033388222,-1.9392717e-05,0.0117240725,0.0,0.010065721
2016-11-18,-0.015962565,-0.000763446,0.009825897,0.014188894,-0.006349079,0.011487509,-0.013880556,-0.00087546784,-0.013880556,-0.007556478,0.003892845,0.0,0.023358896,0.0060754186,0.0066433884,-0.002799576,0.006110967,-0.0014056795,-0.02342709,0.009678926
2016-11-21,0.008420037,0.008600172,-0.026834216,-0.003978316,0.006735179,0.02965574,0.010120648,0.010672536,0.010120648,0.00864584,0.0031694677,0.015155948,-0.0034919663,-0.016538277,-0.010697175,0.0,-0.0003838017,0.0028421243,0.007960396,-0.034565885
2016-11-22,-0.004893464,0.007058648,-0.0033571299,0.005142837,0.004334282,0.041363463,0.0008847951,0.011704371,0.0008847951,-0.0016013354,0.0009878082,-0.0059780143,-0.0019243229,0.0012642846,0.02220179,0.027625442,-0.0029965967,0.012491263,-0.00686953,0.002660805
2016-11-23,0.019286832,0.0018250713,0.0710578,0.008723651,0.00827566,0.0066291653,-0.0022114078,0.0072524664,-0.0022114078,-0.0015375167,0.0104167815,-0.000991959,0.01700955,-0.018290995,0.01862347,-0.0056533744,0.0033957968,-0.03748306,0.0068388674,0.0071899598
2016-11-24,0.0,-0.00499584,-0.0027456975,0.007819107,0.03900567,0.027466921,0.0010202109,-0.0031753257,0.0010202109,-0.01346217,0.0051032607,-0.0020992202,0.00301183,0.034529183,0.0031617337,-0.005955243,-0.0016178862,-0.00080313906,-0.008181683,0.0030039803
2016-11-25,-0.009546606,0.009119386,0.006499369,0.018465742,-0.0050839134,0.0,-0.00045734455,0.03358081,-0.00045734455,-0.033991862,0.0,-0.0048320913,0.003755516,0.0032674153,0.0016190202,-0.0007650664,9.17585e-05,0.0044872016,0.006467918,-0.009994536
2016-11-28,0.013466382,0.014880311,0.0037254866,-8.598174e-05,0.017298043,-0.01356376,0.007387029,0.0048632463,0.007387029,0.013773155,0.010463039,-0.009543355,-0.002881272,-0.008453502,-0.0042390996,0.00814589,0.01401221,-0.005929771,0.0051812227,0.014997263
2016-11-29,-0.0016807442,0.005407704,-0.0015436448,-0.007087618,0.0050054304,-0.010083319,0.019607125,0.017560279,0.019607125,0.013682239,-0.00032824065,0.012342711,0.0115561355,0.0050274706,0.01900992,0.01419501,0.0075298627,0.012319397,-0.013576535,0.011689812
2016-11-30,0.006680271,0.002189579,-0.005992739,0.006576224,-0.0039214506,0.0043294793,-0.0050295927,0.0050189164,-0.0050295927,0.005754078,0.0,-0.010427102,0.013222285,0.0054093953,-0.016088935,0.012594006,0.0037165114,0.0057728942,0.01595943,0.002841882
2016-12-01,0.0078452695,0.017574344,0.018043963,0.010136814,0.003281601,0.0031003936,-0.0029551957,-0.0024059399,-0.0029551957,-0.002099211,0.0049949065,0.035402033,0.015259511,0.017313408,0.0031298234,0.013833504,0.013716424,0.011989044,-0.030703247,0.0033273047
2016-12-02,0.0012643464,-0.0068188393,0.023209905,0.0001352862,0.013027394,0.0089217005,-0.034777917,0.0053654243,-0.034777917,0.026762322,0.006655952,0.019095317,-0.0010956608,-0.05838616,0.02060108,-0.0053110253,0.00066871336,-0.008556799,0.021773726,0.011229957
2016-12-05,0.0106307035,-0.0008044981,0.038496077,0.019157961,0.0050880983,-0.0017269553,-0.02759412,0.002859549,-0.02759412,-0.0007297929,0.0051208856,0.013586915,0.0024476775,0.018767746,-0.0011004272,0.010653512,0.0060988925,0.0030928424,0.02454781,0.011579442
2016-12-06,0.003594907,-0.12519996,1.1988712e-06,-0.007996045,0.006040035,-0.009317777,0.033968575,0.023205642,0.0071875253,0.01192032,-0.0021001797,-0.010249364,-0.0011245086,0.045173474,0.00021973818,0.002720249,0.005967995,-0.0016605356,0.029367596,0.0370191
2016-12-07,-0.014294973,-0.0044972594,0.04421099,0.06782149,0.0029816728,0.015468085,-0.001575351,-0.0022423544,0.010907555,0.00027376303,0.0026825157,0.012741396,0.035423554,0.0008497144,-0.0009905042,0.0051460667,-0.006977493,-0.0036237405,0.052123796,0.000973091
2016-12-08,0.0011023617,0.0062219035,-0.0052520987,-0.008056606,-0.0028885729,-0.010655266,0.0,0.004478586,-0.003382411,0.011001468,0.048127413,0.06786379,0.017512457,0.013623277,-0.008178668,0.0068198093,0.045542974,0.002008439,0.010709112,0.012376411
2016-12-09,0.003599774,0.10132205,0.0210189,-0.014861596,-0.005619525,0.014929894,-0.01388939,0.014093028,-0.0076529207,0.001847702,-0.0062223435,0.024701374,-0.0021674798,0.013082469,0.0050306395,0.029387327,0.013583445,0.008968181,-0.0028267521,0.0073647927
2016-12-12,0.0014581215,0.024620421,-0.0006117766,-0.014740237,0.010908419,0.0046619093,0.001368847,-0.012194918,-0.022409363,-0.045923136,0.019607909,0.0042912704,-0.0042787543,-0.020768855,0.003310048,-0.022768604,0.01168984,-0.0013793521,0.02138518,0.012800942
2016-12-13,0.0012770714,0.03552338,-0.0070195096,0.013133747,-0.033457074,0.01012765,-0.030674458,-0.009138918,-0.00035893463,0.0021822099,-0.0032598793,0.0032376742,-0.007005573,0.0009234127,0.009412374,-0.14165017,0.0059223147,0.0063584186,-0.0032382652,0.007582827
2016-12-14,-0.010272643,0.02211004,0.05619764,0.046449758,0.023081247,0.007984571,0.012359531,0.005456555,0.03201411,-0.0077489163,0.008529105,0.009678231,0.0072027375,0.020319592,0.0048042885,0.039158825,-0.013274658,0.01606594,-0.016981728,-0.007902506
2016-12-15,0.009022379,0.023144603,0.010556042,0.0,-0.012836377,0.009406887,-0.01777889,0.011424209,0.0014982974,-0.0024152827,0.0003250309,0.03268003,0.0067803524,0.009459447,0.012578903,0.038663566,0.0030429768,-0.0009650678,0.004292658,0.010608034
2016-12-16,0.0057397243,-0.026624525,-0.0025026796,0.045896113,0.013148108,0.010327922,-0.03626223,0.02366783,0.013757105,-0.13931158,-7.4512274e-05,0.024817117,0.006094574,0.00029199457,0.007867218,0.04908809,0.005152612,-0.0020499744,-0.0080125285,-0.0020733865
2016-12-19,0.02031074,0.0023945924,-0.0437164,0.0051375884,0.015840381,0.0012331321,-0.12922308,0.0,0.00320341,0.020933185,0.0126773445,0.035352483,-0.010051826,0.0141301695,0.0026000356,0.010313638,0.00038227826,-0.006815603,0.008883163,0.0042328304
2016-12-20,0.0,0.0,0.023057109,0.013223901,-0.0304839,0.028107325,0.01212261,0.003364123,0.008033655,0.05958304,0.0152226165,0.00914757,0.039466146,0.013238903,-0.0011161227,0.016913485,-0.029756865,0.013736724,0.0051196297,0.014055976
2016-12-21,-0.009010954,0.022427374,-0.13650072,0.0,0.0047194622,0.006887474,-0.13917175,-0.08927165,-0.005725352,-0.016784597,0.0040063504,0.0210971,-0.0010179206,-0.09518199,-0.0011480601,0.0030368178,0.086811334,0.010512657,0.06032127,0.0085370485
2016-12-22,0.007615747,0.023169825,0.012308506,0.03917856,-0.0014593058,0.013801063,-0.00044522344,-0.027300337,-0.00054038473,-0.013045679,0.0053277654,0.0013344092,0.0016875642,-0.0023957328,0.015019839,0.0065544634,0.027780263,0.00464653,0.007424545,-0.13271357
2016-12-23,-0.0063335327,-0.019282043,-0.0051821573,-0.0030076604,0.004377847,-0.0014128846,0.0,-0.0047323853,0.008437157,-0.025063306,0.024698524,0.015272415,-0.0071606296,-0.0028891738,0.007183656,-7.960979e-05,-0.0007285951,0.011494524,-0.06369841,0.062681004
2016-12-26,0.0087948935,0.008149579,-0.03059135,-0.00023220318,0.019331403,0.008154782,-0.0042787674,0.10334929,0.018256847,-0.0028192583,-0.0007951197,0.009550779,0.020707855,0.008093622,0.0011174133,0.003655268,0.017363215,-0.0030508074,0.022173403,0.013833401
2016-12-27,-0.01680683,0.01148653,-0.057910245,0.009816996,0.012045303,0.007338977,-0.030319221,0.010740384,0.0137092015,-0.008418899,-0.0005061874,-0.030185409,0.0016660931,0.017197495,0.0021196485,0.03363498,0.0034831872,0.00057979516,0.0052235737,0.0024773357
2016-12-28,0.012541348,0.015974829,0.060819384,-0.026683202,-0.0025460278,0.00026498578,0.09839102,0.00668734,-0.007017295,-0.059973307,0.0,0.012686644,-0.005919861,0.010268178,0.015568746,0.010441751,0.012798665,0.03487373,0.00042121502,-0.0028262115
2016-12-29,-0.0045443415,0.0067486595,0.02449071,0.023287429,0.0035396519,-0.0023794265,0.0036421327,-0.028379662,-0.0042936876,0.074399866,0.016022537,0.015462779,-0.006074682,-0.013898511,0.0031148952,0.0048080636,0.0018489062,0.0029788031,0.007992391,-0.0007132746
2016-12-30,0.0007358055,0.00496057,0.055722363,-0.027041342,-0.0024202429,0.013987406,0.04710382,-0.0018674195,-0.016561534,-0.032650717,0.0070767077,-0.010991507,0.0029982724,0.022298181,0.005034825,-0.007984999,0.001113211,0.019083308,0.0017258544,-0.004342844
2017-01-02,0.0010879491,0.0016451421,0.034215912,-0.004980298,0.0,0.007257668,-0.004426735,0.010516551,0.00051203644,-0.022381224,-0.0016778662,0.01076459,0.002237813,-0.113149546,-0.014569865,0.005442083,0.049517617,0.0056070364,0.0021941408,-0.14077438
2017-01-03,0.0074736946,-0.015018134,-0.0023747662,0.061259042,0.010131979,-0.13125205,0.10516897,-0.032965675,-0.013563805,0.048869822,0.013763765,0.00043197878,-0.0032228709,9.775923e-05,0.01760975,0.009967043,0.02204915,0.0031918332,0.015648125,-0.010677569
2017-01-04,0.0026346184,-0.020267908,0.0015522832,-0.010321938,0.011507518,0.044365905,-0.07527447,0.014714237,0.017625581,0.006898753,-0.011830412,-0.04442317,0.0024329466,0.004961371,-0.001765007,-0.022557393,-0.005573037,0.00036409227,-0.00077873544,0.045803696
2017-01-05,0.021020291,-0.0027443804,-0.0062199864,0.004685123,0.010064204,0.012852903,0.010674356,-0.055898223,-0.007974782,0.016948909,0.0035781288,-0.009369805,-0.0009488566,0.033689283,0.0051899683,-0.0086564245,-0.022546506,0.0022141016,-0.0034884885,0.0059594098
2017-01-06,0.0069108405,0.024446823,-0.1197016,0.0007704101,0.00500309,-0.0041497555,-0.06964663,-0.026959881,-0.05822427,0.0061078733,0.008740674,-0.005098322,0.026574349,0.0155066755,-0.006029584,0.027694255,0.01919635,0.00082414725,-0.012188272,0.020433115
2017-01-09,0.012431703,0.011564604,0.019668918,0.015147096,0.009437375,0.024681399,0.005123577,-0.12837887,0.0127441995,0.0028942917,-0.0211105,-0.008962144,0.01624777,0.0011814005,0.0028952793,0.010544798,-0.010935571,0.021126729,0.012848105,0.0025703919
2017-01-10,0.003406082,0.010026605,-0.01073756,-0.0036506748,0.0030316229,-0.011908237,-0.0028589435,0.0039939014,0.019005373,0.018678,-0.011553368,-0.0035475153,-0.007838122,0.0,-0.02267586,0.020673024,-0.022632238,-0.02599774,-0.0030465438,0.003141046
2017-01-11,0.0012412132,0.009359448,-0.005058934,0.0047091837,-0.00016994962,-0.039706666,0.0009867087,0.058680188,0.0072924867,-0.0016886188,-0.01422329,0.021486096,0.017325336,-0.0056543467,0.00020481794,0.005813608,0.0018176736,0.0009597892,-0.13343476,0.007778488
2017-01-12,-0.01723756,0.0042280913,0.0,0.0018260163,0.0056983223,-0.009676838,0.013630381,-0.0261864,-0.0081464015,-0.0007755695,0.0031971692,-0.0013051853,-0.039386958,-0.03149997,0.00064465834,-0.0068983627,-0.0032108808,-0.0025983427,-0.0024141641,0.009083855
2017-01-13,0.0075661372,0.0032876688,-0.0015271448,0.0014032145,-0.057903506,-0.0028110105,0.056095157,0.034253877,0.011189219,-0.00990718,0.024255605,0.03826244,0.013004157,0.018776467,0.0024293552,0.010129623,-0.009199228,0.0010459352,-0.005613066,0.016928121
2017-01-16,0.0044832034,0.00065807864,0.0152475815,0.004622791,0.0067918617,0.008760074,0.019072035,-0.0059599653,0.01385026,0.0030334292,0.005129484,-0.003195099,0.0022926878,-0.0041427533,-0.0018645318,0.007045409,0.0016914734,-0.00367374,-0.008689728,0.0013214468
2017-01-17,0.004605446,0.0020337433,0.001951197,0.005181262,0.025776582,-0.0056555863,0.023247357,0.023635445,0.0,0.026192281,0.010181977,0.0007930965,-0.0016395709,0.029338252,0.014425936,-0.01319191,-0.0016762492,0.0124497805,-0.0001083268,0.0
2017-01-18,0.0038954325,-0.020631965,0.008283215,0.0068230433,-0.0030701724,0.002608414,0.033237167,0.0066698706,0.0068396744,0.0015617298,-0.00014667923,0.0044118483,0.028308133,0.00077048625,-0.0036610146,0.0036964372,0.014131493,0.027116751,-0.010989333,-0.0047254898
2017-01-19,-0.021214351,0.039030235,0.001548318,0.020224042,-0.0049608154,0.026809454,0.0020176778,-0.05446849,0.014176986,-0.0072207423,0.015958091,-0.0007630304,0.019975608,-0.027497388,0.047057774,-0.010863891,0.00610294,0.0,0.030475162,0.08356094
2017-01-20,0.0042930767,0.0063786935,0.0147737805,0.021966554,0.011630959,0.0003162796,-0.017339764,0.018527089,0.026355991,0.014108999,0.0073593324,0.008108021,-0.013771343,-0.0003859791,0.02225811,0.020700844,0.0070908926,-0.0588687,-0.005613912,0.013238225
2017-01-23,0.008982153,-0.0099410135,0.05337292,0.01202163,0.0078940075,-0.022777963,-0.0048628664,-0.004429156,-0.007218079,-0.021169089,-0.017202605,0.0012812461,0.027761158,-0.0049357885,0.011530737,0.00660737,-0.011410775,0.0013242805,0.007860821,0.057693027
2017-01-24,0.0058113094,0.023692735,0.02516519,-0.012957626,-0.0076676942,0.012684665,-0.034007866,-0.017771471,0.00041042897,0.0576439,0.018751811,0.0011402154,-0.0034964185,0.0048091575,-0.010390002,-0.0036126887,0.026030287,-0.00059983763,0.025293648,0.015120446
2017-01-25,-0.009721206,-0.0024301491,0.018384447,0.005170223,-0.0051612565,-0.0058089374,0.022359373,-0.14110883,0.0076800874,-0.014383999,0.008140985,0.014087998,0.0076717045,0.025202926,0.00041053788,0.0029568132,-0.10425709,0.013982605,0.087793425,0.0062460154
2017-01-26,0.013876528,0.012032157,0.020924933,0.011351172,0.008124111,0.014824755,0.011988294,0.0033305204,-0.014718381,0.009587277,-0.0016921167,-0.009954931,-0.0071861423,-0.0019085504,0.00015501236,-0.023556173,-0.0009659803,0.01226224,0.006491473,-0.019156849
2017-01-27,-0.0006610535,0.013754418,0.016961062,0.008579616,-0.009050811,-0.005843506,-0.0074298126,0.051198255,0.013797206,0.013481246,0.0,-0.0018062813,0.002063995,0.0037366422,0.012822939,0.050533384,-0.0014877812,0.020128721,-0.05135736,0.013299522
2017-01-30,0.0084951725,0.032532353,0.0044418075,0.002651174,0.01742861,0.07830859,0.011608244,0.0042564427,0.0005940094,-0.0066498034,0.010490095,-0.008513988,-0.007905154,0.0020534536,0.010118688,0.003860117,0.014657668,0.003040644,0.01770358,-0.0005111554
2017-01-31,-0.007870139,0.021944499,0.0016505927,-0.0014477044,0.005250583,0.050970487,-0.061749816,-0.0843571,-0.004989416,-0.105773434,0.01630487,-0.029850641,-0.014295163,0.0,0.0030464546,0.008141565,0.0008980976,0.017240146,-0.0037203813,0.027335063
2017-02-01,-0.006332669,-0.012575244,0.0063160746,0.018083364,0.002148528,-0.0026506982,0.0563861,0.044955496,0.017566727,0.04459199,0.0,0.050181154,0.02953624,0.0019300669,0.006173672,-0.023589084,0.024680285,-0.022409976,0.011869461,0.0031152687
2017-02-02,0.0147824595,-0.015833255,0.014610989,-0.005161878,0.0066853855,0.0031476622,0.0042790724,0.007898262,0.00863998,-0.002240022,0.0075365934,0.020239016,0.005823896,0.0029590016,-0.0038880599,0.004885342,-0.0081026815,0.008796045,0.034983076,0.014408137
2017-02-03,0.009088751,0.011052547,-0.0021621718,0.03966685,-0.00093231746,0.034706898,0.0,-0.11015949,-0.012860487,-0.0069689606,0.02272833,-0.0072927596,0.0003513407,-0.0029281916,-0.0042857383,0.004002088,0.0040561706,0.0,-0.032622054,0.007247554
2017-02-06,0.00045558516,0.020919334,0.010291185,0.0048172255,0.0051345183,0.0048717232,-6.902311e-05,-0.0019489884,0.004536323,0.0017594843,0.013264147,0.014697357,0.004150072,0.0012273075,0.021067351,0.037794683,-0.0075622345,0.01772595,0.04118526,0.015735747
2017-02-07,0.011080497,0.023359248,0.0062912432,0.0026742297,0.0063618105,0.0021605147,0.012985252,0.01765555,0.014688743,-0.005928568,0.0,0.022505596,0.009326227,0.0037313434,-0.05108887,0.0017135219,0.016583426,-0.02982317,0.01715311,0.0032735977
2017-02-08,0.0024408025,-0.007960615,0.0,0.012404638,0.004084358,0.012985228,0.011161107,-0.003646712,0.0013981026,-0.04851711,0.019826908,0.011165198,0.05436813,0.0073902328,0.0032949161,0.049431756,0.008336083,0.025843563,0.0048962426,-0.005775528
2017-02-09,2.8967104e-06,0.020574363,0.007849283,0.014317267,0.0048411484,-0.0020208145,-0.0269982,-0.010247088,0.0042992486,0.020675743,-0.01143762,0.0013896959,7.899031e-05,-0.018813761,0.015453311,-0.0038004795,0.005135942,-0.027852139,-0.012333132,-0.01660871
2017-02-10,0.0007347551,0.0037506055,0.025759228,-0.0027884766,0.009700298,0.0037491682,0.10169009,0.057228994,0.014972731,0.052876066,0.00047577298,0.001229969,-0.0044244626,-0.08718184,0.015063695,0.021979913,0.01905618,0.02253618,0.021217661,0.0141444905
2017-02-13,-0.0038302373,-0.0647419,-0.00080269476,0.019366091,-0.0025448822,-0.000642312,0.016960928,0.0120982295,0.014091221,0.030318908,0.005577469,0.0037242891,0.022517653,0.017543912,0.00735152,0.03362218,8.826763e-05,0.029540649,0.0,0.004236309
2017-02-14,-0.010793616,0.025025612,0.0012215214,0.0059819217,0.0,0.01744191,0.0019183273,-0.04079761,0.006714004,0.03512633,0.010457392,-0.0066381134,0.0013582357,0.012890397,0.0035830059,-0.014871521,0.0018399482,0.005619036,-0.0020637163,0.011243461
2017-02-15,0.022136541,0.0065377015,0.027588375,-0.019365964,0.0034815087,0.014169474,0.004500627,0.001843508,-0.014326476,0.004222537,-0.0021301697,-0.014336742,0.0063025365,0.0058154464,0.0045657447,-0.0024469553,0.0,0.00482499,-0.0056324997,0.0059580817
2017-02-16,-0.0033126564,-0.0026534996,0.002551051,0.0071164626,-0.0031177504,0.008884283,0.0026631057,0.035398353,0.0081642065,-0.001838745,0.003120248,0.012929616,0.012282472,-0.009513736,0.0037054508,0.0014621405,0.002844258,-0.006716448,0.020351486,-0.007903917
2017-02-17,-0.015612203,-0.024902588,-0.0024365184,0.00453038,-0.00082983525,0.002481152,0.0051276204,0.0119992085,0.017004596,0.030399809,-0.010481374,0.0060242848,0.03545291,-0.005790376,-0.0065625375,0.03127678,-0.0039658165,0.0034080397,0.014024519,-0.0042523905
2017-02-20,-0.0024151262,0.005151644,0.002284633,-0.0066142185,0.007941269,0.013584732,0.050311726,0.025738137,0.005655445,0.0004570673,0.008519343,0.003291952,-0.0037093107,-0.009739817,-5.6397534e-05,0.008536864,0.0053565456,0.001403877,-0.015256917,0.002221087
2017-02-21,0.01777411,-0.0060761943,-0.002179708,0.0038797322,2.6171335e-06,0.0034986301,-0.0036453395,-0.00074542506,0.00096589205,0.0067132097,-0.005731672,0.003751,-0.040894732,0.009128682,0.011080767,-0.031019399,0.008123946,0.020456059,-0.019957967,-0.0018734469
2017-02-22,0.009333752,0.008884874,0.00917788,0.014773017,0.0033622612,0.001173916,0.03807535,-0.01668465,0.0075168544,0.00047253558,0.013594279,0.007815561,0.029352218,-0.006524793,0.012308686,-0.002417309,0.00050871365,0.00864142,0.013229303,0.00014561164
2017-02-23,0.004788233,0.0012552006,0.005072272,0.0041076234,0.003015025,0.0005410225,-0.0028348577,-0.00015847507,-0.014998166,0.0,0.004553563,-0.002028669,0.0271217,0.0465229,0.0007197017,0.023185128,0.0015853023,-0.004142465,-0.00030778762,0.059499037
2017-02-24,0.004887763,0.008149665,0.0033099172,-0.008586089,0.0056417333,-0.0080363015,0.0072012097,0.0605387,0.026280418,0.03234423,-4.3114993e-05,0.0065291906,0.0034844452,-0.053238593,0.020366449,0.008051372,0.00052902463,0.00733549,-0.006047598,-0.01402946
2017-02-27,0.009080001,0.011230946,-0.011977814,0.0067420593,0.0,0.03523287,0.005499596,-0.019680142,0.013856834,0.014331164,-0.0011869153,0.0029912603,0.017360164,0.025881493,-0.0005962614,0.017253064,0.0,-0.005846001,-0.0020308387,0.016172467
2017-02-28,-0.002761621,0.019553589,-0.013874316,-0.0024386505,-0.0015794133,-0.013424334,0.010913017,-0.027585125,-0.0016576544,0.002746188,0.0,0.0036398065,0.0017440713,-0.014436009,-0.008635401,-0.08742953,0.008379932,0.004814098,0.017277112,0.0039385404
2017-03-01,0.008759145,0.0017019411,-0.015874138,-0.010379782,0.0042993277,-0.016532326,-0.027345056,0.006681798,0.012313859,0.009218006,0.0062127328,-0.00093342277,0.009819187,-0.004656711,-0.006840226,0.017437441,-0.026467595,0.008320398,-0.02520875,0.03523713
2017-03-02,0.01185209,0.012787526,0.008724247,0.004903453,0.0055950456,0.059969496,0.009238354,0.05198039,0.0015951124,-0.0027565542,-0.00031714185,0.001976058,0.0140954545,0.05814073,-0.015644072,0.009923094,-0.009565206,-0.0008931503,-0.017190224,-0.002786036
2017-03-03,-0.0023867385,-0.011320883,-0.084596604,-0.0027006073,-0.0072283675,0.015989324,-0.057545703,0.007130772,-0.010222601,-0.0050881435,0.010462998,-0.015098629,0.010428686,-0.035828788,-0.002418071,-0.03233997,0.01883006,0.026946368,0.006342137,-0.02012478
2017-03-06,-0.064919114,0.0050658965,0.002517189,-0.00012152138,0.008902039,0.021331467,0.07898983,0.013720362,0.0066477293,0.0032229442,0.002494933,0.0043342593,0.037112117,0.002579294,0.014347988,0.0,-0.0024414505,0.0074635404,0.099649526,0.0012575078
2017-03-07,0.044790737,0.0042995946,0.0048107975,0.008140994,-0.004059481,-0.0032191235,0.005212777,-0.016161047,0.01405333,-0.002577791,0.0012006403,0.057791546,0.0062958864,0.017776502,0.014152381,0.008878282,0.022508197,0.01827731,0.0065590427,0.0076162145
2017-03-08,0.01697647,0.010149963,0.008079908,0.013506227,0.0,-0.00097245624,0.105252124,-0.014875635,0.010784993,0.04465698,0.0042224503,-0.00031452288,-0.015387955,-0.007521288,0.027730003,0.00023178804,0.014602303,0.038520277,0.026577827,0.001975514
2017-03-09,0.019607276,-0.0060418597,0.023245504,0.007682742,0.016415317,0.0004581644,0.0037327488,-0.033932403,-0.011188955,-0.011933528,0.010329455,0.020741552,0.0034343628,-0.017254775,0.010440503,0.0010921811,-0.00029988255,-0.009466213,0.0048597604,0.010373356
2017-03-10,-0.002764427,-0.0025167882,0.00040623863,0.049116917,-0.0031079873,0.0025133996,0.012896069,0.0041635702,0.0058274465,0.028655699,0.0,-0.013877312,0.0009925944,0.010124249,-0.0040310486,-0.0027649149,-0.0013791596,-0.004176438,0.011723768,0.0034021114
2017-03-13,-0.0016216498,0.014405318,0.008889181,-0.016529039,0.013053009,-0.007161849,0.023097977,-0.07751376,-0.006449692,-0.016059475,0.004095682,0.010690398,0.00533867,0.0006394226,-0.013297582,0.022390485,0.0166619,0.022240328,0.009206758,0.05239162
2017-03-14,0.035506893,0.0033125977,0.016790392,0.036864325,0.0013523205,0.011850398,-0.0012615977,0.04490825,0.009958288,0.008071796,0.000103116516,-0.01430983,0.01235439,0.0054873847,0.022223733,0.01563691,-0.013905173,-0.0256966,0.015864857,-0.029840486
2017-03-15,-0.0012268026,-0.013166717,0.007333029,0.0073634544,0.014055117,0.005277379,0.016133033,-0.022460083,-0.0026856435,0.004232119,0.0,0.0026959497,0.014938679,0.0,-0.010225058,-0.077641726,0.0048287883,0.008861747,-0.028509652,-0.005577214
2017-03-16,0.0029081423,-0.0018352866,0.0034045605,-0.032066733,0.0,0.03262804,0.013948538,0.07466944,-0.0001259235,0.006519539,0.0027553404,0.0018426274,0.0,0.0041062296,-0.018452043,-0.023802552,0.013449617,0.003998736,0.008704175,0.03462838
2017-03-17,0.021027075,0.014187406,0.024713797,-0.13940525,-0.0046079266,-0.0007302769,0.02524141,0.007285878,0.039749138,0.017268555,-0.0041739848,0.012006334,0.0307972,0.010445566,-0.018406913,0.0048617944,-0.005422233,0.0,0.009340806,-0.022705656
2017-03-20,-0.002613528,-0.002245705,-0.0022622547,0.034303427,-0.0012187788,-0.0033927131,0.013979422,0.027472714,0.00011076746,-0.010384153,0.008786057,0.044514406,0.0044227215,0.0043551023,-0.0016113532,-0.009812939,0.012278035,0.007980976,-0.0020647957,0.025962176
2017-03-21,0.0129532665,0.013828742,0.0225116,0.017784026,0.017481059,-0.13617699,0.00941248,0.0007278983,0.0064537623,0.03475458,0.0008566273,0.0010216525,0.011036326,-0.025036084,0.016332852,-0.010096516,-0.0022481137,0.0015467736,0.028911559,0.013790547
2017-03-22,-0.0011538347,0.020269845,-0.024143595,0.05132919,0.005223986,0.022024924,-0.0007942032,0.015172481,0.008061171,0.0016848673,-0.0019069548,0.0,-0.0005748666,0.008108046,0.033357777,0.010592939,0.011846415,0.009149127,-0.05062937,-0.00892305
2017-03-23,0.001125412,0.012363069,-0.013819688,0.028648943,-0.00373967,0.019076407,-0.004569839,-0.13933165,0.0106216315,0.0043758405,-0.0094612595,-0.004635583,0.002362969,0.024265824,-0.0042280694,0.0,0.013144504,-0.006270541,0.019173523,0.0038695498
2017-03-24,0.00089769356,-0.0026483324,0.036315102,0.00064951775,-0.012942668,0.012979046,-0.061101403,-0.027083205,0.0011760296,0.012356415,-0.00833495,-6.743502e-05,0.00705245,0.0040193847,0.006565443,0.0009796643,0.0,0.022818709,0.028568195,-0.017783793
2017-03-27,0.0065531726,-0.0020309468,0.008995424,-0.048108973,0.008072561,0.013747797,0.019757899,0.0022004957,0.01150625,0.014007129,0.0054075257,-0.026252199,0.01418116,0.00035360543,-0.007818487,-0.017566893,0.000118563345,0.004007946,0.004960009,0.04242549
2017-03-28,0.0032739963,-0.0011169238,-0.021893753,-0.009088534,0.020774959,0.012921921,-0.0032631594,-0.02825391,0.0,-0.004809483,-0.016431294,0.0009474026,-0.025564272,-0.0046431264,-0.003943868,-0.0007410025,0.0072233127,-0.0029000202,-0.009042718,0.009465847
2017-03-29,0.026247894,0.0018500425,0.0105066635,-0.008417079,-0.0068667033,0.006445633,0.047132913,0.05258274,0.024046885,-0.004526741,0.004248026,0.0017184097,0.018332694,0.012094813,-0.027101249,-0.03137446,-0.0026550002,0.02636577,-0.0037210586,-0.010597015
2017-03-30,0.008224516,0.0008580524,0.0106919175,0.06273605,0.0070363963,0.0033277075,0.0043892628,0.002504513,0.014112512,0.018584348,0.010676315,0.010444444,0.015590625,0.00411301,-0.02668482,-0.013337965,0.005259429,0.018273642,0.022138132,0.037278768
2017-03-31,0.0024234594,0.015081242,0.01963753,0.01905692,0.001632496,0.0,0.026367554,0.0034242598,-0.0071869837,0.0005211758,-0.0076245465,0.008819635,-0.05950517,0.010426869,0.011664688,0.06830334,-0.015178735,0.0033859964,0.018143913,0.02228895
2017-04-03,-0.0012011027,0.0034003353,-0.021173555,0.012890047,-0.032930963,0.007425087,0.003603701,0.033847623,0.005119074,0.02048581,0.013087728,0.0056707435,0.044326592,-0.018297836,0.004293747,0.010487204,0.005400604,0.026140127,0.013475341,-0.0053078686
2017-04-04,0.0032466378,0.000199022,0.017569,0.035187487,0.007236917,-0.016354715,0.039241936,0.001552655,0.018305367,-0.0025559687,0.009415105,0.0,0.041128777,0.008621482,-0.094752096,0.02291144,0.0065721446,0.0043984083,-0.009204262,0.0035314283
2017-04-05,-0.006033453,0.0022073777,0.014312483,0.006616026,-0.0033944852,0.006776731,-0.006042921,0.048911482,-0.001962454,-0.00062713487,0.0148857795,0.01157628,-0.0029775326,0.0051348866,0.0067984033,0.0025806366,0.0100467475,0.014098626,-0.0029536774,0.015342425
2017-04-06,0.0065505006,0.017151676,0.0040084594,0.004229022,-0.00812764,0.0044609415,0.0005084818,-0.006550187,-4.133648e-05,0.012926608,-0.002649093,-0.0022017602,0.0058176266,-0.0009259656,0.06819415,0.042549487,0.002350378,-0.0020860406,0.015066482,-0.017411238
2017-04-07,-0.01512459,0.01746007,0.017285485,0.0030836556,0.016280422,0.0,-0.0055359798,0.04918615,-0.0040582307,0.009866343,-0.0101600075,-0.01905082,-0.014421799,0.007127894,0.0031781949,0.024087103,0.0034600743,-0.0040105605,-0.009200895,0.0072019026
2017-04-10,0.02702325,-0.014989296,-0.0025481132,-0.00073919556,-0.00057423284,0.0017343157,0.013254912,-0.012077616,0.0075049833,-0.0014023023,0.001781478,0.013794286,0.06927502,0.0023718062,0.0120132975,-0.00095676846,0.01721022,0.00041422015,0.01589524,0.026283544
2017-04-11,-0.004728188,-0.014216102,-0.011920295,0.004800467,-0.00033955602,0.0145175895,0.0051065423,0.0030673186,-0.03866279,0.0026292778,0.0,0.0,0.04435868,-0.0061985054,0.025653202,0.03509827,-0.003952147,-0.00018520407,0.027025564,0.0055271545
2017-04-12,0.014030177,0.0,0.01235805,0.029564569,-0.052937023,0.012229655,-0.0013066644,0.010439152,0.01943569,-0.0006387643,0.005803413,0.0008970962,-0.0030156444,0.017149426,-0.011528244,0.0048153703,-0.01619521,0.0034745855,0.0,-0.028660357
2017-04-13,-0.0014099836,-0.005649539,0.010349329,0.012102559,0.033444647,0.0072177695,-0.024973346,-0.0094225705,-0.0017739049,0.0055966196,0.004400628,0.0109587535,0.0025403183,0.0072075003,0.013622007,-0.0045121764,-0.0023633463,0.00062030775,-0.010085269,0.015474813
2017-04-14,0.0070532877,0.006206993,0.0003852187,-0.002068157,-0.009125608,-0.0026628403,0.0067160632,0.027108926,0.012136039,0.0010484837,0.0014039262,0.0074349707,0.007048517,0.0037851776,-0.008738097,0.008418486,0.004182517,0.03897339,-7.108154e-05,0.0
2017-04-17,0.0023656006,0.014245573,0.01648378,0.027532961,-0.010724195,0.0032693893,-0.011924415,-0.023684407,0.013592943,0.0042503914,0.013933003,0.009536143,-0.0014053169,0.006783376,0.004741609,0.0,-0.0017830053,0.0034264869,0.011687925,-7.3121424e-05
2017-04-18,0.010254087,-0.0050564394,-0.008314317,0.0042423154,0.0026657989,0.006558427,-0.05685183,0.012915561,-0.006043938,0.014092141,0.0041500153,0.009669596,0.0019980052,-0.010040678,0.026214937,0.01745791,0.00027151496,0.020464733,-0.0028611838,-0.00017511353
2017-04-19,-0.014666993,0.009895068,-0.0019735377,0.020460118,0.0067299935,0.020469878,0.04599175,0.010601382,0.0029056962,0.0015898355,-0.01171388,-0.017361049,0.004761695,0.022302154,-0.0025993271,0.03750747,0.0136244465,-0.0045524747,0.02426408,0.011353922
2017-04-20,-0.02998472,0.0060465317,0.02296137,-0.0016138415,0.015208948,-0.0020479986,0.006775413,0.0011475901,0.006159339,-0.007792628,0.025852043,0.042795375,0.0020841677,0.019265182,-0.0009627023,0.0052641267,-0.0052822065,0.037132442,-0.015698085,0.018090324
2017-04-21,0.015713792,-0.010390529,-0.001107818,0.008886322,0.003290878,0.0027874154,0.0068564983,0.013108055,0.010476445,0.003502084,-0.011905459,0.0037498877,-0.009490725,0.022545068,0.018666675,-0.0031417632,0.0038865556,0.022386752,-0.005969825,-0.0011681664
2017-04-24,6.130648e-05,0.0141194,-0.0005880518,0.002205822,0.0060123904,0.009682186,0.012705461,-0.009884351,0.0011226851,0.014406898,0.0,0.000934812,0.00010448835,-0.035020676,-0.019318676,0.012997394,0.01608446,-0.009581841,0.009581489,0.0
2017-04-25,-0.018762073,0.00551079,0.013503196,0.04490539,0.025042277,0.0012067803,0.009125346,0.0043314565,0.043894906,0.005999807,0.009330696,0.0128179025,-0.017194847,0.0,-0.010853101,-0.036690123,0.002711982,0.015889376,0.018242806,0.017217014
2017-04-26,0.02630119,0.011029088,-0.026581263,0.0030832016,-0.0052372715,0.0022758434,0.0062413067,0.011484699,0.0066677276,0.0042135,0.022894064,-0.016116336,0.0030346024,0.01892576,-0.015453622,0.008218076,0.0046349936,0.014954825,0.024581147,-0.014066669
2017-04-27,-4.893715e-05,-0.020404954,0.006901482,0.0052025537,0.016459933,-0.00031374913,0.0073579866,0.0037338813,-0.0021020656,-0.0055372473,0.0007308631,0.0075372662,-0.03750436,0.0038711738,0.028176887,0.008910646,0.0003615584,-0.008148586,-0.036942095,-0.011284556
2017-04-28,0.0017679062,0.018552363,0.016802672,0.0034907968,0.055120733,0.0,-0.004159521,0.041456677,0.0032016237,0.0023803068,0.0050241547,0.0061304197,0.021566562,-0.0050167628,0.035212073,0.0034115487,0.005221757,-0.0068201628,-0.03569601,0.0320881
2017-05-01,0.021302963,-0.014330502,0.032214683,0.0070514143,0.004419266,0.009348183,0.014491641,-0.0050664577,-0.008272202,-0.006792393,-0.0045589353,-0.12818646,0.023003258,0.019512653,0.0005594389,0.009602091,-0.02831547,-0.0028292825,0.012006806,0.0023776058
2017-05-02,-0.014316492,0.018274404,0.005678905,-0.007868653,-0.008255675,0.006261512,-0.022786573,0.00028000184,0.005325991,0.0025563224,0.00130269,-0.031088665,-0.0017676657,0.018211676,0.0009554762,0.0003407391,-0.0007644851,-0.0210795,0.00777984,0.028401086
2017-05-03,0.00026077696,0.0054003303,0.0176727,0.009128937,0.02059585,0.00375144,0.030173788,0.040844705,0.0067374725,0.00594643,5.3923877e-06,-0.021770153,0.015447246,0.0061546555,0.012287005,0.0029723013,0.013708143,-0.014311563,0.013543421,0.0101333875
2017-05-04,0.00993365,-0.0004627203,0.005286854,-0.014703106,-0.008067854,0.014298678,0.021500137,0.0063271737,0.003305567,-0.00885874,0.011611089,-0.0019116579,0.0024349063,0.0,0.029593287,0.029646667,-0.00034017113,0.03222137,-0.0050891973,0.018276151
2017-05-05,0.0057579717,0.00036367693,0.015126937,-0.03328166,-0.006909507,0.004198744,-0.0024350781,-0.01856801,0.008325885,0.010760357,0.019666651,0.09969607,0.00567486,0.0116232885,-0.09156578,0.013608058,0.009133022,0.024602214,0.012042002,-0.01589266
2017-05-08,0.007871029,-0.00024973528,0.013860355,0.012391769,0.018216547,-0.00448267,0.03443998,0.010164847,-0.0047513037,-0.007843805,-0.0002786479,-0.0024444931,-0.010057139,0.021361532,0.020906566,-0.010176889,-0.005900525,0.0051217293,0.012410291,0.0
2017-05-09,0.016233055,0.017535672,-0.0063705873,-0.016336694,-0.0032320586,0.015937055,0.024472801,0.013320117,0.008993069,0.0036745598,0.011942815,0.02254119,0.049638033,0.016715031,0.0014118,0.013670218,-0.0028374747,0.008288048,0.0377964,-0.022798019
2017-05-10,-0.0038650238,-5.3432006e-05,0.003075845,0.04458646,0.010561815,-0.022255676,0.0,-0.040537663,0.0038346916,0.018247899,-0.016228806,0.004383058,-0.020277573,-0.014001685,-0.034713693,0.0029252642,0.027653001,-0.002784167,-0.0075527397,0.017921938
2017-05-11,0.022553012,0.0,0.012156673,0.0015868066,0.00627872,-0.013289342,0.05969457,0.026212823,-0.0035551223,-0.0052154,0.0049925675,0.0075139054,0.014558089,0.0011984878,-0.004921049,0.0025969855,0.009086649,-0.03134744,-0.003678252,0.019644247
2017-05-12,0.0071888627,0.020253098,-0.025186198,-0.0007760967,0.0024259223,0.013262773,-0.01763066,0.025177266,0.0069047976,-0.030905116,0.0025976903,0.00051180966,-0.07209171,0.006632012,0.0065557603,-0.01769303,0.0124869095,0.026818478,0.0036373304,0.008102496
2017-05-15,-0.0023593167,0.0028556655,0.030909233,-0.012503683,-0.026867334,0.031867176,0.008137593,0.016942328,0.01942015,-0.009926255,0.017301816,0.03465327,-0.0010353507,-0.017143838,-0.011988401,-0.030418089,0.00027845372,0.0017802999,-4.8855323e-05,0.010475623
2017-05-16,0.0009913873,-0.0046789534,0.026186353,0.02895047,0.0012444664,-0.005393265,-0.019818135,0.0011335587,0.017050667,0.01868042,0.0022576598,-0.010383446,0.004836914,0.015589944,-0.010701878,0.022360697,-0.0096401675,0.019279873,0.04441789,-0.002174984
2017-05-17,0.010869452,0.011176183,0.00033993906,0.0,0.02133709,-0.00018397789,-0.0073551233,0.010335264,-0.00040913094,0.011778355,-0.0005998622,0.07548869,0.0037260095,-0.0026943693,-0.0026786323,0.008972922,0.004807489,-0.056831505,0.011637628,-0.037861697
2017-05-18,0.0035741637,0.007685205,0.0072719087,0.018464288,0.004564444,0.0130257085,0.039516043,0.0054602074,-0.012638922,0.004954449,0.006672764,0.0150546655,0.04328547,-0.014752074,0.020787105,0.010501311,0.0017945872,0.030894378,0.0007281497,0.024326582
2017-05-19,-0.0061475546,-0.0005045952,0.008652538,0.007891465,-0.003225049,0.001291402,-0.009129204,0.008085154,0.0051263706,0.0005521331,-0.0006440841,0.013797864,-0.00244401,0.011431968,0.02649995,-0.011417321,0.0,-0.016764415,-0.003665814,-0.05302976
2017-05-22,0.012066698,-0.01089207,-0.000683645,0.006071423,0.013377678,0.0,-8.416866e-05,-0.010402657,-0.014103525,0.02440846,0.0036675145,0.0013085449,0.0048130127,-0.0013439812,-0.016238302,0.0032714002,0.013619702,0.006562619,0.012985067,0.005332416
2017-05-23,0.0015468067,0.006148006,0.01235752,-0.0026200972,-0.007463913,0.014059061,-0.0113649145,0.010121121,0.008571609,-0.015072336,0.0,-0.009237677,0.0022487736,0.020392511,0.009098469,0.007107968,-0.003762558,0.005866795,0.008064443,-0.030207774
2017-05-24,-0.0016861694,0.00064596505,-0.0024474594,0.027618194,-0.021431802,0.0007945061,0.000784322,-0.011677384,0.014194932,-0.001774766,-0.0052539324,0.008705743,0.015106274,0.004682776,-0.011223072,0.024562938,0.002114682,-0.0092061,0.0035363964,0.067392856
2017-05-25,-0.001456332,0.0020134137,0.005503275,0.0004191324,0.007829728,0.022907836,0.009215525,0.011793064,0.001879851,0.016019138,0.007356987,0.00084400596,0.011140337,0.0007046933,0.046452112,0.004443649,0.0033019497,0.044431005,-0.010135832,0.013598456
2017-05-26,0.0063455403,0.010739345,0.015220126,0.021329254,0.006848551,-0.029565955,-0.03901937,0.014887568,0.004231291,0.00012919097,0.0023129059,0.015076919,0.016862229,0.024385344,-0.019368002,-0.00634795,0.0036827805,-0.0028873372,-0.010244576,0.010119583
2017-05-29,-0.0037262067,0.0010485551,-0.009861125,0.008491022,0.022611642,0.013097143,-0.022751572,0.004966509,0.011225536,0.01648809,0.011276406,0.003109493,0.013580639,-0.0041965675,8.1896396e-05,0.01673243,0.0114978235,0.035152428,0.006701391,-0.0019840607
2017-05-30,2.3280478e-05,0.024040828,7.695913e-05,0.012294041,0.015417412,-0.014365815,0.06967547,0.005844459,0.010438479,0.0051862183,0.011304266,0.0024016735,-0.00061574724,0.0052200295,0.0114229685,0.009971264,0.006036409,-0.0072435043,-0.0064818934,0.0053440453
2017-05-31,0.012260737,0.015965488,-0.013436286,7.223616e-05,0.0006636336,0.0064268373,0.013146407,-0.009761359,0.0055852877,-0.00024933173,8.8830326e-05,-0.008772959,-0.0041032825,0.02044885,0.011916706,0.0,0.0026639155,-0.0037614952,0.0061455504,0.020249004
2017-06-01,0.0016138129,-0.011469514,0.022348471,0.005098523,0.010623297,0.0030564552,0.0076927,0.016828602,0.009709483,0.010433325,0.0034892242,0.007964011,0.014674843,0.0042932034,0.016370673,0.011932825,0.020010702,-0.015046787,0.061723616,-0.0055637187
2017-06-02,-0.01655082,0.0,0.0036180262,0.0,0.016658861,-0.012504802,-0.033649106,0.011141168,-0.0006651831,0.013660688,-0.0045165936,0.0042312536,-0.0027453562,-0.01025044,0.012620056,0.0012320086,0.03662938,0.018055705,0.030265458,0.020313986
2017-06-05,-0.029604819,-0.049495995,0.02716041,-0.004291651,-0.014278398,0.025739428,0.085323565,-0.0025241824,0.008269745,-0.03167586,0.014831185,0.028133154,-0.018086765,-0.0152220735,0.036548037,0.0023086513,-0.005967668,-0.024190892,0.0031019703,0.009087015
2017-06-06,0.00078220124,-0.0014180486,0.013245819,0.020850189,-0.010404159,0.045520775,0.049704224,0.0043974654,0.0064133457,0.001572341,0.038419828,0.034026068,0.052177913,0.03128435,0.019128993,0.008038891,0.0037751952,0.02628574,0.002875282,-0.13929898
2017-06-07,-0.12845647,0.0076546934,-0.10470022,0.033069216,0.017584695,-0.0028074114,0.0059948727,0.020501202,-0.006518991,-0.005413123,0.022662982,0.0028695075,0.001805842,-0.0038664413,0.008557348,0.003307229,-0.0109977145,0.0037750006,-0.015352113,0.0073012267
2017-06-08,0.02635968,0.020088064,-0.008281258,0.009391176,0.0037813103,0.04040252,0.009634759,-0.001122948,0.0070236134,-0.011509845,0.00245575,0.018722096,0.012061115,0.024530686,0.0020861232,0.014974135,0.024200039,0.006867148,0.004102556,-0.023275908
2017-06-09,0.0236774,0.027678462,0.0041302983,0.006846311,0.004314638,-0.002241656,0.014341834,0.008927726,0.002624446,-0.00024364493,0.0065004067,-0.018680336,-0.00633826,0.0075305984,0.008612138,0.0080523,-0.033085782,-0.01918023,0.021501984,0.014878166
2017-06-12,-0.028988525,2.4746662e-06,0.03507486,-0.0019048839,0.017182728,0.012220546,-0.020629058,0.008631749,0.0,-0.013705484,-0.008695775,0.008436595,0.002902033,0.0012579525,0.0031079405,-0.0007949577,-0.015466232,0.044155993,-0.0029519526,-0.028641667
2017-06-13,0.028785361,0.001990412,-0.0034504046,0.034928422,0.014143846,0.0029801114,0.009485585,-0.007744647,0.0029856279,0.026058095,-0.01715098,0.0031738076,0.024603471,-0.018240012,-0.024197849,0.002234974,0.011271576,0.002873983,0.037496213,0.008858349
2017-06-14,0.001659569,0.008683099,0.0033425696,0.0006821091,0.0020734044,-0.060409218,0.0097503085,0.0033241685,-0.012476549,0.006168167,0.023159342,0.022391329,0.019299783,0.0073205563,0.045050655,0.024345005,0.01731639,0.013361591,0.010892593,-0.00043252812
2017-06-15,0.037509188,0.0012114638,0.06106434,0.009611608,0.00204961,0.012290468,0.021806888,-0.00058749015,0.009267265,0.021186465,0.00603617,-0.02690542,0.01353993,-0.013781987,0.0024099485,-0.02445304,0.025040502,-0.0013788058,0.002345745,0.003488665
2017-06-16,0.009502533,0.011417345,0.00895762,0.0,-0.003051373,0.010741804,0.0035802017,0.009345751,-0.0021966244,0.013690979,-0.001068221,-0.007666784,0.0107297525,0.017469993,-0.016744882,0.015506658,0.039274044,0.015277385,0.01879519,0.018533666
2017-06-19,0.0321656,0.0024338497,-0.0002552586,0.004148014,0.010417971,0.013973943,0.0008929827,0.0023893027,-0.045954693,0.0067859436,-0.021366827,-0.01489239,-0.013547308,0.0,0.0,-0.012055504,0.0,0.0042173243,-0.020556524,-0.010022163
2017-06-20,-0.003016266,-0.005081866,0.0026611343,0.01881338,0.017780963,0.025826406,0.0028442126,0.0042351065,0.015128387,-0.010507835,0.036031842,0.0019338846,0.011757728,-0.0018822465,0.009670969,0.00726213,-0.015155311,-0.008514312,0.012596438,0.006367138
2017-06-21,-0.08502075,-0.009345044,-0.0043776794,-0.00281141,-0.008427489,0.015158001,5.767311e-05,0.004829762,0.026143827,-0.023648916,0.017441962,0.021196397,0.012955152,-0.12945224,0.00822735,-0.0036989255,0.0071601532,-0.017644756,0.022345547,-0.021559918
2017-06-22,0.01713208,0.006722669,0.0009035703,-0.008222928,0.0015178977,-0.001530353,-0.011987947,0.01544465,-0.00267084,0.0031582883,0.010754646,0.0028213665,-0.010937739,0.015128568,0.044879206,-0.0001024048,0.026292408,0.0049048928,-0.03816887,0.021902801
2017-06-23,-0.03182792,0.006361177,0.051823642,0.012595082,0.010445183,0.004096228,0.0062512998,-0.008676208,0.0068487525,-0.0030535676,-0.0011603927,-0.002948543,-0.021281151,0.0145575665,-0.020608578,-0.0032196823,0.018201178,0.01184307,0.010334815,0.011155867
2017-06-26,-0.028007058,-0.009327105,0.014857275,-0.13322216,-0.012780028,0.014349957,0.0029808562,0.00549943,0.006505612,0.0008156199,0.005186971,-0.0012717099,-0.010184379,0.012179978,0.021236384,0.0023970595,-0.006487874,-0.005405389,0.0043317014,0.044914365
2017-06-27,0.0021345278,0.054320633,0.006899643,0.02626453,-0.0020385368,-0.010835292,-0.027269784,0.0,0.0027040755,-0.0015497563,0.00997154,0.027326977,0.002007944,0.017834464,0.017888332,0.002373352,-0.013972821,0.007373362,0.0046553826,0.0019209953
2017-06-28,0.089272134,0.010555294,-0.0055724457,0.014419531,0.0,0.0123105105,0.035295457,0.011619811,-0.026706928,0.010348153,0.0014552192,0.0053540147,0.015444969,0.020412767,0.0,0.016580751,-0.022403292,0.037717372,-0.0029210956,-0.014356459
2017-06-29,-0.0021157188,0.012750133,-0.005512813,-0.0021921957,0.012883819,0.02560461,0.032377865,0.0056058527,0.019471085,-0.004591798,0.011228625,0.010473123,0.0131242685,0.0032769546,0.0022768814,0.008136817,-0.012001664,0.0038869677,0.007094486,0.0025159977
2017-06-30,-0.004905371,0.0049427073,-0.015794156,0.036948826,0.014336687,-3.9448267e-05,0.011092449,0.010653369,0.0118874945,0.006483281,0.017368572,0.0027462645,0.012800945,0.008953965,0.014562387,0.0034969375,0.056289673,6.384118e-05,-0.018053573,0.023003189
2017-07-03,0.024726085,0.0036002048,0.0020797027,-0.042776264,0.0033396247,-0.008644516,-0.054812547,0.0,0.017076377,0.0049394406,0.0073221517,0.007188698,-0.005800346,-0.0021073453,0.003287382,0.0028493193,-0.0053402726,0.017314143,0.004252858,0.00153738
2017-07-04,0.014582482,0.0051785377,-0.005463629,0.0123637635,-0.0024068484,-0.0020511963,0.0044077975,-0.015548739,0.0038797476,0.005384363,0.0089692,0.0020762642,0.010912502,-0.0054656463,-0.009068599,0.0066557103,0.04287315,-0.004770404,0.01020831,0.0054303873
2017-07-05,0.0076484988,0.01108199,0.03310077,0.010220363,-0.0051007327,0.013434695,0.0054024067,0.011274918,0.023131145,-0.007011715,-0.0053613833,-0.019937051,0.00045733823,0.008080555,0.004119399,-0.008388262,-0.029669952,0.016322993,-0.008301636,0.0044675055
2017-07-06,0.0122432625,-0.024468362,0.025394326,0.0021432613,0.0071012974,-0.0050781257,-0.029873937,-0.018635193,0.002608284,-0.00019701378,0.0025868963,-0.030639764,0.008164251,-9.680394e-06,0.016720807,-0.0015792733,0.004345698,-0.0031994313,-0.015865723,0.0008803034
2017-07-07,0.016294625,0.012482845,0.010019436,-0.00039396752,-0.00084985606,-0.0013683265,-0.007198658,0.0030633954,-0.0062610568,-0.006417018,0.002506201,0.03126965,0.014818028,0.012639058,0.0,-0.0006280036,0.006261168,0.00025920325,-0.010215735,0.0123778
2017-07-10,0.056209568,0.01120491,0.012354556,-0.0021532467,-0.005384328,0.01115922,0.04004417,0.008874145,0.020663869,0.0056926007,0.008942855,-0.02217471,-0.026939683,0.00872899,0.0046909447,0.011985173,0.00012630847,0.020453386,0.0046322076,0.00050330756
2017-07-11,0.0071418644,0.0020906548,-0.030760443,-0.01634593,-0.015183121,0.01543699,-0.043053452,-0.022858102,0.006552899,-0.06410396,-0.04464127,0.008120137,0.022653723,-0.0053970055,0.012565774,0.005435091,0.007264092,0.015469779,0.03507021,0.007779744
2017-07-12,-0.00018938904,0.008603541,0.00735769,0.010732945,0.026941849,0.004613301,-0.006391824,-0.015458305,0.006098921,0.004911351,0.0,0.003452226,0.0057363985,0.01108516,-0.0029498036,0.009835883,-0.0016895565,-0.016681949,-0.0012737445,0.0034615945
2017-07-13,-0.0031552333,-0.0022622782,0.004395672,0.0154641215,0.0101186065,0.010760186,0.02182143,0.012179358,-0.0031116714,-0.1131582,-0.00086004834,0.008678542,0.0039146952,-0.0073269517,0.004646583,0.003679023,0.032783326,-0.004415587,0.016531697,0.0024052865
2017-07-14,0.006074004,-0.018234657,0.016980981,0.0383481,-0.0053410972,-5.792808e-05,0.039889723,-0.0148048075,0.02448779,0.0150364125,-0.0018963765,0.013705278,0.0061266082,0.02056294,-0.00049795856,0.0022820202,0.0023547062,-0.0100200735,0.0,-0.010775757
2017-07-17,-0.0029967888,0.0012030547,-0.02057005,0.025346182,-0.00049184746,0.01694534,-0.002582072,-0.03508315,-0.0008415127,0.028084263,0.019573616,0.020689068,-0.0070258146,0.0005018578,0.00691167,-0.010625982,0.01697566,0.014190152,0.0057572355,-0.00776603
2017-07-18,0.023897871,0.0051112915,-0.0035367275,-0.05752337,0.0035642982,0.017105311,0.036088124,-0.000523464,0.0104862815,-0.0011953892,0.014842646,0.010782528,0.00803789,-0.016134486,0.026490826,0.013743821,0.007879458,0.010932773,-0.0061197258,0.05522052
2017-07-19,0.00033954871,0.008106708,-0.016709598,0.023220964,0.002794051,0.0065315017,0.0026198032,0.0011243311,0.011430698,-0.001961062,0.0,-0.0023258103,-0.0028212087,-0.015218862,0.01741374,0.007629437,-0.0066632596,-0.04927437,0.022967791,-0.014790367
2017-07-20,0.01226143,-0.0023279842,-0.0050715758,-0.01776216,0.017386802,0.003212524,0.016967783,-0.026339313,0.006555302,0.04661729,-0.0047181565,-0.0041717915,0.0022850803,0.009428474,0.008353383,0.00198577,0.02101968,0.0047762166,0.00021737428,0.010658636
2017-07-21,0.012569119,0.006846119,0.0056402003,0.022985041,0.013034176,-0.0056288135,0.004603163,0.021003578,-0.024112567,0.007892254,0.015280945,0.0,-0.017776353,-0.009334566,-0.0024804547,0.009831574,0.035639305,0.014099085,0.008136068,0.0026893178
2017-07-24,-0.00063294574,0.025842771,0.02923668,0.002959824,0.0049628243,-0.0011400871,0.0020565616,0.019223046,-0.031551648,0.0,0.017510647,0.022330943,0.005386153,-0.009272474,0.013600253,-0.0067763394,0.028650546,-0.006510897,-0.0010934068,0.028025167
2017-07-25,0.025911165,-0.013587252,0.008707694,0.015197575,-0.003329388,-0.017771864,0.009450732,0.008960257,0.0,0.0026805585,-0.0010306211,-0.01656617,0.009981492,0.019731581,-0.007552526,0.019637804,-0.005738278,0.0037633022,0.0019993002,0.0037819934
2017-07-26,-0.0061306376,0.014085021,-0.0070985956,0.008411658,-0.002298313,0.06015106,0.0433012,0.003998788,0.030084077,0.036137767,0.006548646,0.012039223,0.008191242,0.011616075,0.0004509982,0.008718382,-0.011080863,0.008088675,-0.020403259,-0.007970102
2017-07-27,0.003575386,0.0,0.013094612,-0.018729858,0.0038974397,0.006971326,0.0010134113,-0.0033581667,-0.00092016696,0.018616999,0.006290474,-0.014289891,0.0032643322,-0.00063609495,0.009639352,0.0031222538,0.016289273,0.0050659496,0.05102176,0.015037295
2017-07-28,0.0,0.008175362,0.018319411,-0.037967127,-0.014342709,-0.0030163692,0.0038480742,-0.0063854204,0.003993211,-0.022075031,0.009876551,0.0035295787,-0.006046071,0.01594855,-0.004867592,0.008635284,-0.0003474099,0.02620009,0.004400342,-0.036979
2017-07-31,-0.0024584334,0.0,0.012034689,-0.015757479,-0.0005500686,0.019629888,0.010557789,0.0031923817,0.025929552,0.013864157,0.00040383826,0.018685075,0.008032166,0.07065916,0.0025210686,0.017795302,0.0050863475,-0.014044772,0.013634839,-0.0011252908
2017-08-01,0.031077705,-0.01349785,0.025766077,0.038159844,0.024690203,0.0047920262,0.026672328,-0.0023874885,-0.033729833,0.016171305,0.006654181,0.026580853,0.0044092364,0.007680878,0.014314183,0.00036612456,-0.049217537,0.0041481573,0.019297423,-0.0022564512
2017-08-02,0.0007670242,-0.0037695223,0.00034117556,0.007383836,0.013860745,-0.009204398,-0.009114668,0.0,-0.008794107,0.004443364,0.00909381,0.003887277,0.001111492,0.0063990676,-0.023149023,0.0016973473,0.041641716,-0.0077464017,-0.01405431,0.044350937
2017-08-03,0.0022670247,0.006101059,0.009734848,0.0038164647,0.0075498666,0.00010488621,0.0040566702,-0.013691334,0.008736494,0.011629009,0.0,0.011979326,0.0075364066,0.010242865,0.0,-0.0056780763,0.04417588,0.014252567,0.0016920023,-0.005689113
2017-08-04,7.1751514e-05,0.004591002,-0.014616034,0.01163902,-0.0038332783,0.0027267113,-0.009723637,0.025202304,0.0011497953,-0.0020838499,-0.031516727,0.0068457755,-0.0034300275,0.004698955,0.0,0.021723192,-0.0012527163,0.0012888488,0.0220017,-0.0041088844
2017-08-07,-0.006595859,0.005448379,0.010271141,0.008300303,-0.0038760589,0.023038361,-0.006861829,-0.00086429354,-0.001642245,0.024373058,0.009711399,0.0,-0.022737222,-0.026330458,0.01411415,-0.07831388,-0.00054195744,0.019889174,0.008682507,-0.0067386823
2017-08-08,0.014422503,0.004590254,-0.016731618,0.006124954,9.2032526e-05,0.0183075,-0.013549988,0.008765618,0.03421336,0.01429587,0.013626412,0.002661553,0.00048784036,-0.015103555,-0.008004649,0.00259613,-0.009414135,-0.0037761105,0.0,0.003732728
2017-08-09,0.0015507056,0.021380609,0.013239422,-0.0064568594,-0.024219923,-0.020383336,0.07381516,0.009544325,0.012814723,0.009643009,0.012012759,-0.015079775,0.004550673,0.021615123,0.030009186,0.011619815,0.05671964,-0.0011715178,-0.009142686,0.004441862
2017-08-10,0.03855239,0.009447452,-0.05705511,0.02301264,0.021522257,0.015033294,0.0143817505,0.010289105,0.0,-0.00085892435,0.005438797,0.0032158974,-0.0026161554,0.0028208857,0.0041040718,0.021555396,-0.080420464,-0.021217471,-0.00040120963,0.0028533656
2017-08-11,-0.035515394,-0.004833474,0.01393901,0.0042704293,0.01644337,0.0,-0.010974545,-0.013175098,0.022829335,0.005663526,-0.008780924,0.020392941,-0.016076112,0.006882476,0.0038377305,0.0,0.014095568,0.014254714,-0.0043663327,-0.0011638758
2017-08-14,-0.0020603568,0.00871401,-0.015496867,0.04899081,0.011494758,-0.000891343,0.025857192,0.021082291,0.007237466,0.021273103,0.0028385606,-0.077316515,0.02225808,0.0,0.0012353563,-0.0073553715,-0.005181477,0.008887439,-0.008414133,-0.024314884
2017-08-15,0.009205058,0.0072216457,-0.0019318959,0.012014382,0.0,0.00634006,0.013643335,0.013551949,0.006367489,0.0,0.020463308,-0.03115489,0.012917928,0.025951058,0.023312913,0.00917173,0.00032339705,-0.013577468,-0.0023307805,0.022773096
2017-08-16,-0.010328231,0.0022275706,0.030028306,0.0,-0.0056038983,0.02235301,-0.002163204,-0.011618715,-0.005408732,0.005136981,0.013105387,0.0111253625,-0.14163432,0.0,0.003241214,-0.00090200437,0.00117277,0.01804948,0.04497488,0.04785317
2017-08-17,-0.06914636,-7.711835e-05,0.019156938,-0.012948899,-0.0038654557,-0.016584335,0.03941975,0.0,-0.0055500073,-0.016043415,0.012493237,-0.029068388,0.0,0.013483506,0.015988247,0.0012048559,0.01205608,0.0,0.004197513,0.011194073
2017-08-18,0.009337334,0.02422146,-0.02992931,0.0067749587,0.008242116,0.0113758035,-3.845655e-05,-0.0023881106,0.01208143,0.003513725,0.008570146,0.04042606,-0.0045541567,0.026226256,-0.005359253,0.009508242,0.014162963,0.02958974,0.0004636794,0.0033352764
2017-08-21,0.009482854,-0.030992799,0.08414,0.031962723,-0.0057335244,-0.005374105,0.03231107,0.0,-0.0041678394,-0.022922963,-0.0077424245,0.016481139,0.056271125,0.011754142,0.014776799,-0.00019187573,0.016687235,0.0006760508,0.027103396,0.012939397
2017-08-22,0.009661772,0.004655641,0.008623013,0.014713136,0.0,0.0055720406,0.014343441,0.011929338,0.016288532,0.0066921418,0.0041133026,0.019800426,0.010212965,0.0,0.017454667,0.0017775404,-0.016544443,0.0041168667,-0.0026733945,0.004278341
2017-08-23,0.013848874,0.026027286,0.009518306,0.001990552,-0.0041759093,0.0142527865,0.0,0.016141534,0.0127679715,0.0058381325,-0.0055892766,0.032178927,0.03167898,0.0032724075,0.008641507,0.0120098,0.036587626,0.007245969,0.0018396901,-0.0016082207
2017-08-24,0.0,0.0024040258,-0.001896876,0.0,0.016024986,0.03217089,0.0038349833,0.0038108404,-0.008359389,0.026788922,0.002481043,0.022966562,0.00032998642,0.008860503,0.004183195,-0.016081994,-0.04591667,0.00628803,0.016182868,0.027673611
2017-08-25,0.008208583,0.008772625,0.018154722,0.027513029,0.0089033665,0.0073956572,-0.0019675123,-0.0072688186,0.017374372,0.012009922,0.007375341,-0.011924119,0.009896213,0.004053489,0.0029842928,0.00080250314,-0.0041613257,0.0010275336,0.026171986,0.00034649478
2017-08-28,0.02643142,-0.002546218,0.0024120952,-0.031100381,-0.004940644,0.0,-0.010673099,2.5375657e-06,0.027638126,-0.001965989,-0.0042853625,-0.013193371,0.004093007,-0.087337166,-0.022573449,0.004973054,0.0009060807,-0.0018430543,-0.018941263,-0.0027509083
2017-08-29,0.019366894,-0.003947226,-0.0016088248,-0.0032480722,0.0013086123,-0.015240326,0.039483055,-0.002804179,-0.0054816315,0.004780085,-0.0014405728,0.0072476896,-0.001143072,0.0042232047,0.0070827184,0.0040700324,0.011624842,0.003941292,0.024546776,0.0
2017-08-30,0.013770159,0.005830204,0.020179888,0.037612043,0.013008775,0.0012371006,0.008150473,0.027281174,0.009645533,-0.011960441,0.010291012,-0.032660495,0.012961634,0.00978557,-0.020592166,0.0,0.024011597,0.0154652875,-0.008390073,0.034270525
2017-08-31,0.033333953,0.0,0.016331699,0.0047535,-0.0012874694,-0.10158533,-0.029059986,0.009376937,0.069463596,0.0095699495,0.055722803,0.0035011184,0.027355175,0.04388333,0.06749263,0.0042532277,0.007267217,0.039260168,-0.03150688,0.014982345
2017-09-01,-0.1380799,-0.014413661,-0.016851425,-0.011993654,0.010513942,0.011342546,-0.019771868,0.013598991,0.006951382,0.012567981,0.005082747,0.0034971668,0.0035570762,0.00426203,0.0042423503,0.005342809,0.035911184,-0.005052144,6.288663e-05,-0.0958235
2017-09-04,0.0071353735,0.021738559,0.012684555,0.011357341,-0.015675694,0.033319324,0.040013865,0.013340313,0.04907487,0.0075525977,0.0032586278,0.0013536143,-0.0039857696,0.012397219,0.003113084,0.076140516,0.00016774547,0.0013760473,0.0058015655,0.0072157504
2017-09-05,-0.12911853,0.0025165314,0.01812606,-0.007859662,-0.058140762,-0.005805691,0.0026653414,0.006503315,0.013941382,-0.014348106,0.0020105552,0.002614867,-0.004207063,-0.007853438,-0.029016845,0.008876211,-0.028542543,0.01814939,0.014197326,-0.12069384
2017-09-06,0.00048529782,0.0137417335,-0.0006980998,0.009395069,0.036922745,0.004439683,0.026594201,-0.0015645247,0.00768375,0.045024905,0.0042214156,-0.02172783,0.0009464369,0.027950848,-0.0023770253,0.0071833194,0.032152537,-0.027037982,-0.01104906,-0.009917313
2017-09-07,0.0058292085,0.009647371,-0.025030337,-0.0025998205,0.015481981,0.0,-0.11554359,0.016018389,0.0009936366,0.012980948,0.007736515,-0.00094043044,0.012676005,-0.004728874,-0.009380829,0.023134068,0.001241821,0.013105306,0.0056202672,-0.0006068696
2017-09-08,-0.0003621918,-0.0032540064,0.007247083,0.000875214,0.014960875,-0.002581776,0.054164506,-0.03001596,-0.0011489545,0.010090682,-0.011694448,0.040472776,-0.004213222,0.03532218,0.049129587,0.0067799925,-0.0019671347,-0.02761698,0.0,0.0150918905
2017-09-11,0.0006959529,0.0018108304,-0.07900928,-0.0032930286,0.0069740117,0.014153329,0.00010690817,-0.008559809,0.019667927,0.015449872,-0.015558247,0.0041871904,0.01074529,0.020056384,0.015921293,-0.0052097486,0.009155556,0.022384422,0.017100738,0.030681074
2017-09-12,-0.04917575,0.008681591,0.0016996278,-0.008455774,0.006610324,0.017910954,0.0122964755,0.011539219,-0.024931105,0.013608086,0.010475635,0.0,-0.001679947,0.0014608087,-0.001955766,0.0069426806,0.010485621,0.02553032,0.008631671,0.012392766
2017-09-13,0.04183863,-0.003475143,0.0006987906,0.020733308,-0.017315226,-0.0029636724,0.0,0.0,-0.07978919,0.012585907,0.032544933,0.00748499,-0.004168671,-0.021173839,0.02447381,0.09327883,-0.0034774053,-0.005705616,0.008497601,0.022195017
2017-09-14,0.01419081,0.019632958,0.0023771345,0.012987097,0.018672047,0.013540883,0.030177992,0.0040228693,-0.024890712,0.029672703,0.032297563,0.007046001,0.0064548515,0.02106423,-0.010866712,-0.021197682,-0.0001775031,0.0010410798,0.011001924,-0.021919183
2017-09-15,0.034437217,-0.008492699,0.04748661,0.017757246,-0.015699802,0.010326666,-0.019641036,0.013127645,0.04202145,0.00027719836,0.014053258,0.0029033269,0.0,-0.01509293,0.00334166,0.001621093,0.0018186843,0.0053999475,0.018598735,-0.013264784
2017-09-18,0.008647213,0.012957231,-0.009754498,0.004635701,0.021620587,-0.0028209148,-0.0013746277,-0.0027570305,-0.015832314,0.014035589,-0.011580603,-0.015368598,0.0054743784,0.011894445,-0.00091611134,0.014849636,0.013710107,0.004756486,0.004594999,-0.029754698
2017-09-19,0.017941594,0.008773077,0.02240567,0.0044636717,0.009256758,0.010131499,0.0043311385,-0.01988883,0.004190507,-0.0018453877,0.019353097,0.00010182877,0.0019286773,0.004236643,-0.0020576,0.0180953,-0.055425428,-0.015704136,0.0036050866,-0.02803475
2017-09-20,0.0042550536,-0.0037686673,0.014046952,0.0035672227,0.022303458,0.0021757379,0.012072356,-0.013209326,0.07723681,0.011979931,0.018261071,0.009928627,0.018632784,-0.11735088,0.00065676606,-0.14165269,-0.006384355,0.011014172,0.01870745,0.021268422
2017-09-21,0.0053551993,-0.0020421227,0.018847855,0.0060787597,-0.0030544358,-0.004522219,-0.0017294979,0.008917513,-0.07118737,0.01667008,0.0015876144,0.022906093,0.0,0.006311045,0.04040257,0.019951854,0.0,0.013377752,-0.008523187,-0.0004124603
2017-09-22,-0.0011395077,0.0013467033,-0.000255563,0.0043372856,-2.6244703e-05,0.017938025,-0.00766486,0.042300723,0.0,-0.00064064405,0.011275865,0.0069541982,0.012293137,0.037282966,0.0069004036,-0.13438885,0.01962935,0.0058161216,0.011003292,-0.0057360907
2017-09-25,0.01607193,0.00079837407,-0.11927295,0.0,0.013627899,-0.021178588,0.0005018442,-0.002659675,0.023064941,-0.010048822,-0.00071438844,-0.021455286,0.0037871508,0.009457117,0.007669476,-0.0028295815,-0.014476241,-0.05872777,0.0064561986,-0.028021783
2017-09-26,-0.010304335,0.017240262,-0.0035689604,-0.0045648785,0.009816606,0.002045109,0.00466092,0.013771774,0.002980841,0.0043562395,-0.07522757,0.011002798,0.002399628,0.0,0.013999309,0.00480744,-0.014367412,0.00021895427,-0.0143839745,0.012030738
2017-09-27,-0.021515524,0.0017530444,0.0010861336,0.010528259,-0.011233028,-0.0057707676,0.02118233,0.008114404,-0.010481793,-0.028366616,0.0,0.015585917,0.005354275,0.010548775,-0.007147716,0.07068186,0.032610606,0.005795545,0.01439657,0.015467842
2017-09-28,0.023177497,0.012356979,0.02085238,0.004688714,-0.0144669255,0.014727441,0.024028873,0.017735234,0.03140961,-0.001459528,0.021605154,-0.006938481,-0.008935778,0.026502807,-0.001970914,0.019538281,-0.0100520635,0.034231357,-0.011398784,-0.0005932009
2017-09-29,-0.0279661,0.0045147273,0.08538864,-0.0149571365,0.0025786653,0.007791007,0.0052209273,0.007045351,0.010358219,0.042976055,-0.031790074,0.003659875,-8.760808e-06,0.0044821175,0.01834051,-0.11337539,0.0015017646,0.0023685414,0.0020378886,0.09211042
2017-10-02,-0.0013797167,-0.016142922,-0.008423629,0.011061792,0.0230291,0.007844325,0.0,-0.0101081915,0.001437563,0.00615868,-0.0016097729,0.0055928417,0.01990144,-0.0023256687,0.0026109961,0.106200725,-0.0069660284,0.021233084,0.0029570586,0.010663168
2017-10-03,-0.077455394,0.018476086,0.015460457,-0.031331487,0.0062788147,-0.0006539683,0.0072764247,-0.020190794,0.0022778807,0.013799863,0.02073441,0.002074707,0.0015392619,0.008235696,0.0063678455,0.006496263,0.008168633,0.01154961,-0.010731801,-0.02902544
2017-10-04,0.05766184,0.0031244468,0.019082671,0.011739563,0.0043640044,0.00684418,-0.0068728733,0.01916414,-0.013941859,0.024516774,0.003561269,-0.0011493656,0.020343816,0.009784789,0.012973317,0.015452498,0.0016740476,0.0060804933,-0.0062550376,-0.007842589
2017-10-05,0.009122271,0.0,0.0074655577,-0.0028138175,-0.005716422,-0.0006840462,0.023818612,-0.0051245284,0.0024371375,-0.0014934713,0.055766266,-0.008137584,0.00039344403,0.037106268,0.014223863,0.00947232,0.012396372,0.0066148797,-0.00088444166,0.08619304
2017-10-06,0.022156375,0.019326866,0.011398654,0.008599017,0.01328462,0.0014108568,0.026694471,-0.011041938,0.0035576548,0.0011155059,0.016167762,0.0073975655,0.0050757946,-0.0009663179,0.012163938,0.027694285,0.013194327,0.013187176,0.011738601,-0.0023496617
2017-10-09,0.010093706,-0.018765427,-0.0045744176,0.0121347215,-0.006587201,-0.012244698,-0.0020355813,0.0062108617,0.012456734,0.009693661,-0.0017807098,0.01393658,0.00663169,-0.0028120752,0.007827543,0.0022990229,0.006292481,-0.0055019767,0.013924456,-0.020821353
2017-10-10,-0.013329293,-0.021481933,0.012825834,0.0042454638,0.0020529067,-0.0011066996,-0.09804224,0.0,0.015279066,-0.03501795,-0.015076793,0.010223029,0.010452006,0.0068044695,0.019396938,-0.011673462,0.01683156,-0.0020308027,0.00043991662,0.01987541
2017-10-11,-0.0010886595,-0.0072685927,0.021017632,0.00781479,-0.0002760733,-0.00070719194,0.042086765,0.015547548,0.003747777,0.00732181,0.0019157652,0.002054273,-0.004969333,0.0075471774,0.0046954947,-0.0025187784,0.006558688,0.0031730703,0.008917748,0.020638349
2017-10-12,-0.017098822,0.019136082,-0.004730881,0.0019332076,0.0086995475,-0.00061652064,0.008473352,-0.00076196756,0.011785095,0.01236223,0.017422743,-0.0014816073,0.024650456,-0.0027174558,-0.00789316,0.0010671365,0.018839002,0.0070524625,0.00555594,-0.006857018
2017-10-13,0.016594777,0.012615646,0.0072599337,-0.00477516,0.0141700255,0.011777411,-0.0051530786,0.017102648,-0.0064338823,-0.0043429555,-0.037242442,-0.02755408,0.013401496,-0.0038204459,-0.00012918122,0.0034978574,0.0025923594,-0.0026280559,1.3398093e-05,0.019551363
2017-10-16,-0.009883502,-0.031594582,0.04006082,-0.0010716084,0.0069352477,0.022594849,0.00589475,0.010640135,0.020270398,0.084115386,0.0041277735,0.019546108,0.006471149,0.0113341445,0.014924755,-0.0016301909,-0.0014452229,0.00464435,-0.012189078,0.050714687
2017-10-17,-0.01210313,0.0034937328,0.0073317364,0.008255318,0.0054284106,0.0013261636,0.02261354,-0.015990779,-0.02063715,-0.008225459,0.007901235,0.0035262606,-0.027069263,-0.016854418,0.02965709,0.008046976,0.0053273253,0.013813572,-0.000817876,0.034581687
2017-10-18,0.058152426,0.018433334,0.013540357,-0.0119485,0.0026995833,-0.0016730013,0.0085095605,0.0005205139,0.010140428,-0.0019297836,0.017261252,0.039400592,0.010695802,-0.014153587,0.01914829,0.03661793,-0.016824223,-0.010012015,0.006036025,0.017524933
2017-10-19,0.02985939,0.0038095228,0.012348932,-0.001300729,0.0076822224,0.011708722,-0.0050536436,-0.008953596,0.0,-0.0069952523,-0.0069476524,0.0064400807,-0.027715247,0.009968764,0.00014295611,0.009262535,-0.011706252,0.02976253,0.008096227,-0.057508864
2017-10-20,0.0037434606,-0.010438499,-0.0002891541,-0.0032433171,0.007223466,0.0009305431,0.026330845,0.0059806975,0.080363706,0.0070560905,0.0001200956,0.0013713681,0.012604739,0.0041267984,0.010467652,0.009504114,-0.0176929,-0.00021967325,0.0074856393,0.0054830476
2017-10-23,-0.012141262,-0.022175003,0.006564266,0.0,-0.0034754574,0.0,0.017464722,0.025595134,0.014352034,0.010162997,-0.00044912007,0.010668577,0.000498183,-0.00068672746,-0.009374961,0.012819978,0.0011240992,0.014285682,0.008261375,-0.0033063265
2017-10-24,0.08762438,0.011007355,0.013397023,0.03520599,0.010482626,-0.0056700427,0.007454948,0.0,-0.06403079,0.007872443,-0.003726758,0.0046563265,0.008187515,0.016748289,0.008417003,-0.013552298,0.08010992,-0.0016777857,-0.0011870924,0.011807169
2017-10-25,0.04004786,-0.019023012,-0.0013141745,0.00703419,0.020182768,0.007381278,0.006322444,0.0031718288,0.019464485,0.0035687385,0.0027324127,-7.1746064e-05,0.012759783,0.015510388,0.0011135397,0.011199183,0.041641884,0.0101421205,-0.0007354755,0.022961441
2017-10-26,0.0024733534,0.029769672,0.00024102571,0.009320964,0.0,0.0034917253,-0.005048296,0.022448136,0.0,0.007008585,0.0026231897,0.00015708501,0.015161498,-0.010773694,0.0018972679,0.0070067695,0.01811715,-0.026324522,0.017614877,0.0062243096
2017-10-27,-0.010394733,0.026794406,0.011381652,0.0049043153,0.0020050337,0.007214663,-0.034630746,-0.049689703,0.10211454,0.015310056,0.0048149964,0.0050219805,0.00935971,-0.057632577,0.004893959,0.03701007,0.0017182572,0.000101814214,-0.029226113,0.024578363
2017-10-30,0.01716646,0.0025396312,-0.0061709625,0.013498595,0.011837546,0.011214049,-0.0013187865,0.0030241618,0.012097296,0.0032313524,-0.0063293376,0.0036039425,-0.0027322972,0.03183562,0.0018381461,0.06106892,-0.012684778,0.00297213,0.013601133,-0.0034024704
2017-10-31,-0.0155627625,0.008577185,0.013783204,0.0068222596,0.0049103326,0.0092804665,-0.003949537,0.011776375,0.0136432955,0.013911827,0.001872396,0.005690971,0.019351123,0.02047746,0.01385158,-0.026363729,-0.03460094,0.010370475,0.0028106838,0.0043159765
2017-11-01,-0.024759958,0.0,-0.010345835,-0.0098533705,0.01117186,0.014300596,0.009643149,0.0,0.012882307,0.004814113,0.008629126,0.004723935,0.0025682773,0.0029851682,0.009739013,0.0007324091,0.0034850508,0.0016378466,-0.0050670514,0.0010910818
2017-11-02,-0.027005117,0.0070170546,0.013455212,0.010592998,0.0013954357,0.007001481,-0.016460517,0.012303779,-0.010391692,-0.0005332477,-0.0123546915,-0.0011102537,0.008708525,0.0062291357,0.013651423,-0.00050137297,0.039231356,0.0024006458,0.004549772,0.007386922
2017-11-03,0.010377524,0.01288194,-0.0024886339,0.0,0.0048005185,-0.008538692,0.033984017,0.007128518,-0.13906354,0.0042261765,0.01744349,0.0037547785,-0.0019620825,0.03077625,0.015318503,0.031121332,-0.00060609746,0.015073045,0.0,0.04473354
2017-11-06,0.056442257,-0.013529794,0.011161913,-0.006360109,0.008386889,0.0008137493,0.018305859,-0.003931469,0.023209104,0.00815574,0.0032331634,0.0017023733,-0.0044918573,-0.0125095295,0.008630192,-0.015401892,0.04179601,0.005200368,0.0068513644,0.019116819
2017-11-07,0.033614315,0.0064072697,-0.07489448,0.01699418,0.0014034476,0.011704709,0.017286858,-0.0011958338,-0.03246231,0.033410735,-0.0073081176,-0.033770714,0.010754374,-0.008522336,0.0037209364,-0.14017884,0.010409743,0.0074421833,0.0042273784,-0.010059119
2017-11-08,0.0036372985,-0.02068857,-0.0069718403,-0.0004218812,0.0018837753,0.002922538,-0.01167851,0.016586075,-0.04245382,0.0004540881,-0.03251236,0.0072237276,0.00479329,0.014373169,0.00034812363,0.02039828,0.0033361283,0.00996695,0.008298465,0.008514975
2017-11-09,0.010593397,0.022737704,-0.009859384,0.013822661,-0.001002268,0.013244449,-0.0057983925,-0.00171573,-0.0023141443,0.0007835315,0.014551083,0.02361409,0.0007103298,0.001983279,0.0027812503,0.029988522,-0.008192265,-0.0048602754,0.012269817,0.036957096
2017-11-10,0.01386847,0.0037168162,0.04930324,0.011960007,0.009575376,0.0060916976,-0.029684935,-0.0031422318,-0.0010244789,0.018878348,-0.03671427,0.0,0.0049897637,0.0038125908,-0.006638524,0.0063461326,-0.0018729047,0.0021521666,-0.008789806,0.018336546
2017-11-13,0.04552942,0.004043459,0.0068426435,-0.0029572076,0.003093715,0.00067347573,0.011019448,0.0038813085,0.009825897,0.014947576,0.014624332,-0.005953157,0.007161022,0.0054503693,0.013828791,0.045023818,0.017389217,-0.0011342841,0.0054112356,0.017881203
2017-11-14,0.0026939805,0.015884409,-0.012171872,0.0064352723,0.0011183072,-0.0017267443,0.013826311,0.009683944,-0.026834216,0.011103993,0.0072631016,0.011622947,0.0075642844,0.0068479623,-0.0059753717,0.0,-0.0006064207,0.015286887,0.018350078,0.0
2017-11-15,0.005051763,0.0,0.029122915,0.006937712,0.022814125,0.0073489593,0.014704019,0.004603118,-0.0033571299,-0.0049679917,-0.0028860683,0.0019277007,0.019777445,0.020414257,-0.0026980997,0.0081553655,-0.01872509,0.0025880653,-0.011151007,-0.013192142
2017-11-16,-0.0077768294,0.005028643,0.020004194,-0.0029068338,-0.0070304326,0.016329823,7.732116e-05,0.017406061,0.0710578,0.0116291,-0.030589812,-0.025377441,0.00079597515,-0.005605086,0.0192465,0.0004317519,0.059987035,0.0036201903,-0.025664872,0.013049717
2017-11-17,-0.0037668406,0.006021513,0.011427527,0.0033584523,0.016290741,-0.0023705342,0.04812902,0.004348791,-0.0027456975,6.549983e-05,0.014884773,-0.02595305,0.001873972,0.00050333963,0.003727057,-0.019665208,0.044828806,0.011845415,-0.045685034,-0.015427649
2017-11-20,0.009510821,0.01390359,0.0015464928,0.0019147533,0.0030937486,-0.0011231037,0.00041625946,0.009518435,0.006499369,-0.0064506237,-0.01340873,0.003038659,-0.014535462,0.006809216,0.01630737,0.037509803,0.004329464,0.0031777087,0.03414471,0.02218853
2017-11-21,0.0025594004,0.0074043227,0.0035615854,0.009495382,-0.009348522,0.0034519145,0.0032073928,-0.010657836,0.0037254866,0.0065966435,0.021992609,0.018574635,-0.001607357,0.0135957,0.0025147584,-0.11565061,-0.006005348,0.0011851052,-8.108987e-05,0.035120815
2017-11-22,0.004354382,0.0022323122,0.0,0.010671897,0.0037012077,8.4752166e-05,-0.00090694666,0.0015876271,-0.0015436448,0.0,-0.0018382558,0.023001509,-0.007223252,0.005356971,0.010070387,0.044666983,-0.006040923,-0.014159562,0.01531773,0.0
2017-11-23,-0.014785043,0.0100697605,0.024018181,0.012767483,0.0061300006,0.004263042,0.03389781,0.0027601838,-0.005992739,-0.0038469068,0.024163302,-0.0054282546,0.019704,-0.0004519068,-0.018984405,0.001905022,0.0,0.008847389,0.0045921225,-0.0006319394
2017-11-24,0.01055785,-0.0012413984,-0.004945602,0.010419756,-0.002957442,0.011663168,0.010051479,0.025667787,0.018043963,-0.0043042656,0.06053912,0.012345435,-0.0020247656,0.018713553,0.011443805,0.007019277,0.0026258342,-0.0013954365,0.016673826,-0.017608456
2017-11-27,0.0068862867,0.008147025,0.0013438901,0.0017055261,-0.012019723,0.0058146147,0.0018259281,-0.0028778256,0.023209905,0.0013217711,0.008520643,0.000100046214,0.017147211,0.016275031,0.0055103595,0.027581539,-0.00045253584,0.015061951,-0.027653916,0.0027961703
2017-11-28,0.06381915,0.013186696,0.0043596695,-0.007896964,0.034139905,0.0007845917,0.05123695,0.0013256514,0.038496077,0.0052779205,0.0041879406,0.016300565,0.005448976,0.012756659,0.009559013,0.06677741,0.019316547,-0.0011055071,0.03289897,-0.0023839977
2017-11-29,0.090174645,0.018597346,0.020818938,-0.0012718674,-0.0032605203,-0.0028144615,-0.0065564113,0.004106743,0.017463787,0.0033705733,0.0029454816,0.013041061,0.0033705733,0.034284715,-0.008541492,-0.008593223,0.0018167833,0.004810209,0.0039859917,0.010188992
2017-11-30,0.0076210788,0.0033859815,-0.004081309,-0.03298805,0.0067914003,0.044752486,0.018356692,0.00338832,-0.008517768,0.014206613,0.0,0.0028967948,0.014206613,0.024676729,-0.0034136872,0.09272252,-0.0079142805,0.020433178,0.011051334,0.0044317744
2017-12-01,0.04100519,0.009632576,-0.0046625696,-0.005416546,0.0021240315,-0.006165745,0.0128636565,-0.012553355,-0.012512666,0.016969979,0.021173464,-0.0014930462,0.016969979,0.014174827,0.026004266,0.04216969,0.0054695774,0.04763226,0.002829159,0.016304296
2017-12-04,0.013808925,-0.01936272,-0.013507689,0.023615733,0.005410375,-0.000943574,-0.014587103,-0.04922857,0.03158367,0.029867351,-0.019683503,-0.02751461,0.029867351,0.035098765,-0.00021045795,-0.03036057,0.015332765,0.0046799346,0.0053625954,0.0049507595
2017-12-05,0.015830183,0.06216997,0.002890696,-0.012990634,0.00824664,0.0053540515,-0.027773269,0.003018877,-0.110760175,0.014353528,0.010357152,0.015510064,0.014353528,-0.03663122,-0.010253938,-0.01614927,-0.008862362,0.0056318343,-0.0005384469,-0.0023512312
2017-12-06,-0.005625006,0.00426183,-0.0055302614,0.00035459656,-0.007744837,0.008908329,0.048311453,0.008446954,-0.008190286,-0.0020688802,-0.0991286,0.0039422917,-0.0020688802,-0.0037000955,-0.002466955,0.0061114156,0.028280184,0.02713167,0.007811272,0.0027732067
2017-12-07,0.013566251,-0.0033421984,-0.002820049,0.02050566,0.0,0.015540215,-0.0047992123,0.0017061215,0.030231485,-0.01691483,0.0043230387,-0.00733677,-0.01691483,0.038220845,0.0049678334,0.035395447,-0.013110035,0.00039401557,0.0071085934,-0.013353569
2017-12-08,-0.0028216473,0.009401185,0.0017457736,0.021062179,-0.030340403,-0.05954884,-0.1249156,0.0009650499,0.0040251142,0.014966234,0.0005704382,0.013368173,0.014966234,0.023222292,0.015831225,0.01024575,-0.0060028913,0.010468322,-0.0045634196,-0.0024496778
2017-12-11,0.008635876,0.0017759493,0.002848379,0.00541906,-0.007254945,0.031786583,0.040556137,0.01938001,0.0,-0.00039291766,0.0076253144,0.010311769,-0.00039291766,0.0029639413,-0.0003516357,0.01871243,-0.014302805,0.011241237,0.003292827,-0.004881297
2017-12-12,0.0126552405,0.021621501,0.0028784995,0.011634911,0.0035589987,0.004771888,0.0019235709,-0.0031457036,0.0,0.0022854286,0.022049112,-0.014712699,0.0022854286,-0.00050100836,0.020527221,0.0027736407,-0.08282497,0.012147106,0.008730995,0.0048049157
2017-12-13,-0.016535876,-0.014600212,0.015387201,0.0027581926,0.024203833,0.002798289,0.004160798,0.018528128,0.013761442,0.0027014648,-0.007916155,0.014585022,0.0027014648,-0.007799672,0.002647682,0.028854169,0.0002969871,0.02049878,-0.00018752406,0.011462641
2017-12-14,0.0149229085,-0.017006654,0.011586193,0.014805892,-0.0019747573,0.0021564565,0.044077188,-0.0065012514,0.010302975,-0.001286887,0.013070125,-0.0011623299,-0.001286887,0.0013127716,-0.0014896455,0.04551025,0.0008394723,-0.00030134816,0.015847335,-0.0044636535
2017-12-15,0.0035003703,-0.0096580945,0.0063356855,-0.0041749305,-0.005168865,0.01390235,0.0030317532,0.007916689,0.009806863,-0.019084908,0.014178499,-0.0034102874,-0.019084908,0.00066444284,0.015020155,0.0104083,0.04422582,-0.00513866,0.017608106,0.008525262
2017-12-18,0.002409212,-0.05823496,0.011676132,0.010749571,0.05390108,0.011266916,-0.030680638,0.00073518493,0.013968681,0.019297991,0.008074319,0.00791415,0.019297991,0.003118148,0.005731934,-0.0052822516,4.4737826e-05,0.01907065,-0.0036819938,0.0042682583
2017-12-19,-0.009699248,0.0,-0.008925652,0.00028842012,0.00547276,-0.0030779573,0.007939028,0.0020570285,-0.0014672042,0.0006497788,-0.0017637581,-0.017446296,0.0006497788,0.07857733,-0.0011972663,-0.027624717,0.014790256,0.040034913,0.012293617,0.0013426394
2017-12-20,-0.015351718,0.032242812,-0.01263687,-0.022133106,-0.0018735345,-0.014855623,0.009197852,-0.0029348151,0.018834528,0.00739478,-0.002139722,-0.14057837,0.00739478,0.00051992404,0.002158819,0.00047196567,-0.00042917434,0.0036482979,0.010055417,-0.017199554
2017-12-21,0.005136424,0.007925061,-0.014849788,0.023262564,0.021677077,0.0020780633,0.0031981783,-0.0027961635,0.003580035,-0.009539965,0.020530736,0.008335954,-0.009539965,0.0005579891,0.0,0.04451702,0.00042857233,-0.0009934189,0.0060674716,0.015212289
2017-12-22,-0.0054028598,0.021450108,0.0010080328,0.0033414902,0.018512718,-0.025164837,-0.0049689417,0.008742632,-0.01625741,0.0065692277,-0.0118414555,-0.00055154273,0.0065692277,0.016643295,-0.00037315776,0.00044690663,0.0030052855,0.0023687156,0.008905246,0.003153442
2017-12-25,0.00089334394,0.017673234,-0.009226961,-0.010514189,0.0032681525,-0.008062755,0.00028064393,0.012590282,0.014188969,0.013733721,-0.0024522939,0.080150895,0.013733721,-0.006624396,0.008735131,-0.0018391344,-0.011458208,-0.0019508448,-0.0055011613,0.005873628
2017-12-26,0.032734957,0.007820124,0.0130427405,0.0031100994,0.011893196,0.018575912,-0.015906824,-0.0110177845,-0.00042435765,-0.00045515792,0.020261114,0.00331579,-0.00045515792,0.019707538,0.002688822,0.0103204,0.017386254,-0.010650871,-0.0042405417,0.020262284
2017-12-27,0.019744456,0.004335635,0.0009904174,-0.016303001,0.00734765,0.018347029,0.0021839966,0.00050169724,0.013388116,0.013573789,0.0009232003,0.014373985,0.013573789,0.003609565,0.0051930808,-0.025796363,0.01826296,0.022543572,0.0057390565,0.005546096
2017-12-28,0.003821492,0.0,0.00034451485,-0.0004120155,-0.0041573527,0.0,0.0007000127,0.007525703,0.0028150722,-0.0005115405,-0.010290877,-0.029685307,-0.0005115405,0.0010419945,-0.014614576,0.013069522,0.013858087,0.013235601,-0.005014339,0.014832892
2017-12-29,0.0013365026,0.016765354,0.02226099,0.0010943054,0.0034140125,0.014138099,0.049932893,0.0071972753,0.013865032,0.00839381,0.012134893,0.01665225,0.00839381,0.019033095,0.0068583074,0.0065702945,0.004439037,-0.0051000076,0.020689927,0.004384035
2018-01-01,0.01594868,0.0060996264,0.012778651,-0.045633476,-0.0250909,-0.0016419534,0.012731824,-0.0042969896,0.0028473637,0.00871902,0.0036026067,0.025850466,0.00871902,-0.007869651,-0.005192126,0.005562401,0.015928673,0.03471062,0.0,-0.0028139316
2018-01-02,0.0060673426,0.0029267755,0.0,0.01065996,0.00886109,0.00583393,0.021973018,0.00937255,0.004622846,-0.036028665,0.010547472,0.01327195,-0.036028665,0.016200203,0.013626339,0.013166948,0.0032983744,-0.006764577,0.013486816,0.015252026
2018-01-03,-0.011478194,0.01900058,-0.0056009237,-0.00075148424,0.013950989,0.002768632,0.0025057646,0.0029771158,0.013677252,0.02149172,-0.0021185405,0.009329853,0.02149172,0.008123507,0.009633112,-0.0065410864,0.0013884593,0.025888124,-0.006805132,0.019687274
2018-01-04,0.0065196115,-0.0018581591,0.015165657,0.015909169,0.004809484,0.009207864,0.00026832748,0.0042036893,0.0021924162,-0.015914178,0.011668002,-0.008286512,-0.015914178,0.012105867,0.005122744,0.030077633,0.0062951837,0.0048453324,0.0,0.009230483
2018-01-05,-0.0147393225,0.0015431534,0.0043835957,0.026104957,0.0066977195,0.020384511,-0.010939381,0.015555024,0.004169728,-0.0057163592,-0.0109407585,0.060811944,-0.0057163592,-0.018555425,0.0034913372,0.018702054,-0.0006832429,-0.011487038,0.017558208,-0.0006854977
2018-01-08,0.0022120918,0.0080193,0.011193985,-0.0021282735,-0.0019667684,-0.00042501473,-0.00011844877,0.0,0.013998077,0.0011147009,0.010582795,0.020347174,0.0011147009,-0.031483293,-0.0053779557,-0.012440035,0.000103939514,0.02154075,0.00011439394,0.010689951
2018-01-09,0.016456556,0.0022790076,-0.008659718,0.0059945476,0.019619234,0.004022589,-0.008058165,0.0069050053,-0.0072074765,0.0090060625,-0.0005298873,-0.017079793,0.0090060625,-0.13313892,0.024471482,0.012808118,0.0016201086,-0.000174978,0.009617799,0.004732758
2018-01-10,0.026282642,0.037066445,0.0033572959,0.0,0.004391586,0.018126987,-0.0048393514,-0.009684414,-0.000755801,0.029496057,0.009429076,0.013765361,0.029496057,-0.028979009,0.0077885734,-0.019686159,-0.016174413,-0.019323206,-0.0017775182,0.004710807
2018-01-11,-0.12952904,0.009686004,0.0003441396,0.0033665278,-0.0036695236,0.0015668117,0.015960384,-0.0003962143,0.006708352,0.017211184,0.0028251435,-0.009699934,0.017211184,0.020858886,-0.004512695,0.0027074623,0.0031253549,0.019804765,0.005544659,0.00082751754
2018-01-12,-0.0077372454,-0.0031525292,0.0028658658,0.00019314294,0.009652192,0.0066380044,-0.010175366,0.007829361,0.007198144,0.00023811813,-0.005065679,0.010593899,0.00023811813,-0.011435079,-0.004160437,0.036741886,0.03252308,0.0054863347,-0.0025033546,-0.00843498
2018-01-15,0.006677053,-0.0042900434,0.0023951265,0.035413634,0.013048211,-0.024102626,0.015128003,0.0008846363,0.022288492,-0.022083454,0.013616709,0.015935522,-0.022083454,0.0142398225,-2.9157683e-05,0.003874709,0.022763643,0.0004896654,0.0,0.01605073
2018-01-16,0.034611106,-0.01249593,0.0074222144,0.0108894,0.0,0.01046991,0.0042294543,0.002856744,0.0,-0.05762545,0.009703925,-0.0028716465,-0.05762545,-0.13636349,0.010114858,0.0029925043,0.019213175,0.0012080632,0.010072372,0.0070879045
2018-01-17,0.018653976,-0.03255708,-0.013229409,0.013172625,-0.0054912763,-0.007774083,0.0078019546,0.011121056,0.013917105,0.027735574,0.0022961562,-0.0033865962,0.027735574,-0.0061643333,-0.0013941173,0.013052467,0.010955456,0.01641453,0.003690813,-0.002605937
2018-01-18,0.0,-0.001118141,-0.012318258,0.02535817,0.011235874,-0.013411664,0.0077733803,-0.0049565285,-0.004208688,0.00092420564,0.010749411,0.022140233,0.00092420564,0.027123319,-0.00023219045,0.008035374,0.0074454425,0.006958632,0.0048131193,-0.00792145
2018-01-19,0.032886907,0.00077545975,0.026730139,-0.0077798804,-0.01571738,0.01614053,0.013537049,0.00240996,-0.010661458,-0.0106849335,0.0,0.003210099,-0.0106849335,0.011907529,0.0016381445,0.01409631,-0.011756629,-0.008388717,0.0027664648,-0.008067666
2018-01-22,-0.06504373,-0.13245484,-0.0063032745,0.019126466,0.0020347212,0.012366308,-0.015391691,-0.0010576759,0.00837301,0.032652173,0.0042687133,0.0,0.032652173,0.040140934,0.0,-0.006716214,-0.02238394,-0.0025536008,0.0,0.014155734
2018-01-23,0.008586768,0.0019058927,0.010345734,0.006216565,0.019292548,-0.0024792464,-0.0037710986,0.015901022,0.010648445,0.0,0.011517504,0.018998282,0.0,0.03423615,0.016158847,0.014117993,0.012875226,0.004198842,0.020113552,0.014944606
2018-01-24,0.0030268733,0.005973916,0.01859083,0.020273698,0.0028062041,-0.008105773,0.027614167,-0.010645446,0.0,0.01383644,0.002191521,0.014089448,0.01383644,-0.0072456584,-0.002938006,-0.01372004,-0.0004900526,0.008667605,0.0012005857,-0.00022066926
2018-01-25,-0.031793535,0.044909205,-0.001371204,0.007850154,0.0132812215,-0.023763066,-0.0040531,-0.0045195245,0.01010638,0.009697955,-0.0030223294,-0.028326625,0.009697955,-0.008259837,0.011460698,0.023852319,0.014957526,-0.010404011,-0.0006004975,0.00437319
2018-01-26,0.02561936,0.010751569,0.011887944,0.0008905086,0.004909156,-1.766558e-05,0.010297383,0.0045879753,0.0149221355,-0.0042653745,-0.009343197,0.005271909,-0.0042653745,-0.007801744,0.0077587413,-0.0022875727,-0.017433802,0.019767348,0.005830126,0.014776437
2018-01-29,0.012756087,0.0016045045,0.007192566,0.008010819,0.0,0.0072718803,0.0154576935,0.0020788806,0.0010317061,0.0002780386,0.010921301,0.017212344,0.0002780386,0.0006395115,0.0051122177,0.0044062547,0.0088130655,-0.0838999,0.0014973482,0.024245331
2018-01-30,-0.01397038,0.014607709,-0.008667965,0.00050926703,0.0016245499,-0.004743289,0.0072718556,0.022554098,0.018057011,-0.019110633,0.0019190193,0.002586017,-0.019110633,-0.006464043,0.01069014,-0.00419708,0.019829737,0.016368998,0.003433373,-0.018107668
2018-01-31,-2.5548321e-05,-0.06420217,0.00086721376,-0.005598392,0.0035886778,-0.014071041,0.0,-0.006891295,0.007825838,0.013458779,0.0,0.018980877,0.013458779,0.044397052,0.014140802,0.009799519,-0.0077369125,-0.0067921956,0.0029399497,0.011520377
2018-02-01,-0.0044326964,0.03157877,0.0031963133,0.009140642,-0.0022512856,0.009930637,0.011993382,-0.01101948,0.006730686,0.0007835194,0.01226833,-0.014580271,0.0007835194,-0.008040461,-0.002254818,-0.006011123,-0.006499432,-0.011036084,-0.007266079,-0.005081992
2018-02-02,0.0028663555,-0.031042237,0.0068024145,-0.012541111,-0.00087068486,0.012075471,-0.0071141217,-0.0007041151,0.010439033,0.013837343,-0.054865416,0.0,0.013837343,0.021063555,0.006849655,0.0,0.0033399835,0.003073814,-0.0028186631,-0.013131948
2018-02-05,0.02932974,0.0300174,0.010474183,0.018615916,0.0046343333,0.009847197,-0.0024198976,0.014948979,-0.0163992,0.0017869223,0.02520996,0.01257665,0.0017869223,-0.009194695,0.0,0.005340274,6.823214e-05,0.0035227053,-0.0025099842,0.008491328
2018-02-06,-0.013117813,0.021604182,-0.007857837,-0.0037766146,-0.0050767763,-0.0077365944,0.0065559978,0.0,0.0012934005,-0.0060013514,-0.006514616,0.0005505581,-0.0060013514,0.0016746717,0.0004605163,0.029903403,0.001266992,0.038067043,0.0,0.0002677913
2018-02-07,0.03976035,0.007824352,0.001707572,0.018888947,0.0,-0.0030628305,0.0078197,-0.008409046,-0.001541008,-0.0034056366,-0.027974498,0.0,-0.0034056366,-0.0070837573,-0.0014467314,0.0034550691,0.004946509,0.00050212827,-0.017697075,0.015777947
2018-02-08,0.035731345,0.0070619807,0.010710972,-0.016860595,0.0034870668,0.030744966,0.005094713,-0.0057931035,-0.00047581014,-0.01024218,0.019835914,-0.0064733583,-0.01024218,-0.003695959,0.00012294791,-0.08449911,0.012017439,0.0032556937,0.0,-0.0016354843
2018-02-09,0.026700689,0.0004255085,-0.013417364,0.0010957804,0.017957315,-0.005708647,0.021736195,0.008295517,-0.008238615,0.017337648,0.004549364,-0.05260006,0.017337648,-0.028187985,0.009627862,0.002282598,-0.009323422,0.0021970998,0.008858778,0.007687361
2018-02-12,-0.09152469,0.0,0.014917096,0.0024083406,0.0066797608,-0.020901885,-0.009192218,0.008699786,-0.006641585,0.01187055,0.024252335,0.030821776,0.01187055,0.02833917,-0.011663583,0.019607052,0.007337299,-0.017493447,0.011016774,0.03422983
2018-02-13,-0.008202575,5.0840797e-05,0.004662688,0.005882926,0.0019848472,0.020041665,0.01528452,0.0,0.00487533,0.013307444,0.00993125,0.0101450225,0.013307444,0.0011056602,0.0046890704,0.0,0.0018996216,-0.004469955,0.0037474867,0.008532347
2018-02-14,0.005338532,0.03241376,0.015265541,0.00100447,-0.019102823,0.012400291,-0.009093043,0.012427973,-0.0038608608,0.014412539,-0.00951489,-0.028117899,0.014412539,0.00063673826,0.0042773574,-0.0122544095,-0.008588043,-0.060676496,-0.003323149,-0.0016955253
2018-02-15,-0.0024220338,0.006931147,-0.0043493863,-0.02131785,0.0028299307,-0.0060247993,0.002491512,-0.0051039145,-0.03209627,0.0015599607,0.018489731,0.022627221,0.0015599607,0.008882676,0.0033390585,0.0011933116,0.01034346,0.02214363,0.01057522,0.0
2018-02-16,-0.047725298,0.024125468,0.0046661273,0.0017974755,-0.014110303,0.01570144,0.024623677,0.006768605,0.0137361875,-0.0032350777,0.010402695,0.038159568,-0.0032350777,0.00964779,0.004333562,-0.0025357804,0.0008406221,0.051451087,-0.0049868026,-0.01174142
2018-02-19,-0.0823441,0.0018161382,0.0185699,0.0045404313,0.011896013,0.012085125,0.014857773,0.012378326,-0.005619093,0.007841347,0.00967756,0.021789074,0.007841347,0.004208529,0.0054893848,0.017009072,0.018545901,0.005404488,0.0014922231,0.0054392223
2018-02-20,0.05281138,-0.0098868,0.0017883366,0.020289307,0.00185777,0.018251773,-0.026117431,0.005323145,-0.0032571189,0.008328878,0.003559079,0.010029033,0.008328878,0.022366002,-0.0045904433,0.0039935163,0.006275562,0.02204743,0.009103601,0.015491703
2018-02-21,0.040691078,0.0033325895,0.0058170706,0.01856736,0.008306667,0.011248532,0.01162348,0.005539792,0.013255813,0.0042998334,0.0019561974,0.0042395215,0.0042998334,0.0025059076,-0.00024495422,-0.031820636,-0.0038288,0.018454827,-0.0059255473,-0.0062719565
2018-02-22,-0.04158523,0.0007452652,0.0006839633,-0.0120908925,-0.009070468,0.0030897292,0.004266059,0.02130997,0.004253098,-0.010457362,-0.024328168,0.008133919,-0.010457362,0.008787941,0.0141416695,0.0066911723,0.004367564,-0.016861238,-0.0084257,-0.007974769
2018-02-23,0.022054365,-0.0028845666,0.00097045745,0.0100088,0.007232876,-0.0028747395,0.006594067,0.0,0.021931317,-0.0003494587,-0.0021284958,0.019486733,-0.0003494587,0.005294641,0.013951514,-0.017831653,0.005484393,0.018970178,0.0046386905,-0.031346068
2018-02-26,0.0099268975,-0.0023129992,0.0073809046,-0.0028678905,-0.0028037485,0.0,0.0036440701,0.008412144,-0.0063547394,-0.015008411,0.0015599955,-0.0029998263,-0.015008411,-0.0069014044,-0.00022464528,-0.009074156,-0.008756978,-0.0011264867,0.0063518174,0.01057064
2018-02-27,0.03613753,-0.0017780776,0.008635933,0.0022744858,0.007332726,0.009190272,0.037688784,-0.0024007198,0.037020747,0.007322675,0.06357071,0.011621896,0.007322675,0.013449175,-0.021705152,-0.008157801,0.049288023,0.015062951,0.017435879,0.0007820925
2018-02-28,-0.0053987107,0.0021864078,0.02917278,0.00039259272,0.010140096,0.035953734,-0.008455346,-0.0022495594,-0.005711254,0.0054083522,-0.002322344,0.0,0.0054083522,0.015384162,0.03987379,0.030049153,0.020787213,-0.00056206033,0.010328879,0.026117908
2018-03-01,0.004528425,0.0040434743,-3.286779e-05,-0.03417408,0.02068183,0.011890657,0.01693807,0.00062372664,0.04236025,0.035210993,0.014805812,-0.033593167,0.035210993,-0.011059152,0.013092947,0.00819186,0.0046876627,-0.0029020824,0.0035466917,-0.00513728
2018-03-02,0.0105091985,0.01633613,0.005641759,0.00907617,0.0137851685,0.007119691,-0.009368613,-0.026868362,0.007251401,0.031171205,0.010361523,0.00382924,0.031171205,-0.015058598,0.004888651,-0.030914934,-0.0009783871,0.0031199777,-0.05822173,0.012989509
2018-03-05,0.0077374284,0.0047043096,0.00499958,0.016826162,0.013236822,-0.0038902063,0.002877776,0.024374839,-0.005550409,0.02615366,-0.0051281434,-0.04960524,0.02615366,-0.0028944213,0.0022778406,-0.010915203,-0.063504755,0.014667515,-0.00024941374,0.0010439594
2018-03-06,-0.0070617553,0.04573903,0.0072320425,0.006449262,-0.002913061,0.003506884,0.010954593,0.00090488023,0.0014017917,-0.012611308,0.03317295,-0.002111481,-0.012611308,0.024567306,0.0,0.0614969,-0.016728817,-0.006285477,0.027549524,0.005643958
2018-03-07,-0.014195857,-0.011361263,-0.015827028,0.010680047,-0.017151104,0.03267589,0.005629151,0.009949099,0.020545097,-0.026906189,0.018997995,0.014932318,-0.026906189,-0.029258095,0.013731594,0.0998553,0.01844353,0.014821231,0.03815034,0.01130426
2018-03-08,0.017940633,0.0,0.0,0.0003652233,0.0026565304,0.007896338,0.0018227558,0.008055235,0.026551561,-0.0013873792,-0.027136812,0.017425437,-0.0013873792,-0.0015705664,-0.030007128,0.020027926,0.015523877,0.015540278,0.017538883,0.002200306
2018-03-09,0.005399622,0.0138375675,0.025938176,0.015290836,0.014186563,0.0011950126,0.0021650046,0.010446815,-0.0059238644,0.017799728,-0.0004997216,0.015752655,0.017799728,0.02317425,0.017899917,-0.03371834,0.004272075,-0.0006747855,0.006301626,0.0009985212
2018-03-12,0.00016568448,0.005345284,-0.014225854,-0.03222929,-0.0065986603,0.003729306,-0.014124329,-0.020683272,-0.03128408,0.01437607,-0.00083516253,0.015210189,0.01437607,0.033309855,-0.008320895,-0.0071490626,-0.015444052,0.0144904,0.005689002,0.0067717996
2018-03-13,-0.0071305595,-0.007056771,0.0006508167,0.00023484667,0.006683026,0.0012031891,0.0047727274,0.0064664353,0.016556004,9.218302e-05,0.005263422,-0.009378316,9.218302e-05,0.017716201,0.008140532,0.01481529,0.014750762,0.0022019027,0.002473921,0.020388307
2018-03-14,0.0065561854,-0.012496115,0.004232042,0.0,0.011915444,0.010200784,0.009119905,0.027699051,0.018697692,-0.020593917,0.07415763,-0.017076405,-0.020593917,-0.012125261,0.0024295847,-0.051120117,0.0003956513,0.005762351,-0.039889697,0.0008917077
2018-03-15,0.018237233,0.042486943,0.015221542,0.007887318,-0.020083705,0.007401945,0.004480599,0.009057064,0.01128833,0.082264185,-6.396146e-05,0.02598436,0.082264185,0.013724098,0.021318205,-0.04341806,4.129943e-05,0.01684596,-0.011327156,-0.001414944
2018-03-16,0.0016136882,-0.005370108,0.0025879904,0.0,-0.013723876,0.0,0.00685094,-0.01135951,0.0006755076,0.010461788,0.01874223,0.00535297,0.010461788,-0.032996047,-0.0064631538,0.0,0.027414896,-0.030305628,0.01498655,-0.008360643
2018-03-19,0.0056137256,0.006901828,-0.0010324281,0.00082773046,-0.008738429,0.013786326,-0.00047512236,0.007264809,0.030354818,0.0020105129,0.009921411,0.0057952954,0.0020105129,0.014310193,0.013739638,-0.003038397,0.0066333986,0.011770382,0.0181283,0.00911382
2018-03-20,0.0133925835,-0.003481973,0.0036054847,-0.009537141,0.025348775,0.0035520277,0.010799437,0.035173252,-0.008610317,-0.002980844,-0.046323538,0.008913318,-0.002980844,-0.0071825655,0.011296355,0.0064550857,0.017301094,0.009207343,0.011924131,-0.0031334122
2018-03-21,0.0037240156,0.00405132,-0.012653676,0.0032416384,0.0034901605,0.022659473,-0.0022544493,-0.002454608,0.00807096,-0.0015145362,0.0049627307,-0.011364124,-0.0015145362,0.011292676,0.012616575,0.005766433,0.0050396337,0.0056241252,0.02256571,0.012986859
2018-03-22,-0.0029783633,-0.00025233763,0.011090621,0.0033409793,0.0,-0.016534405,0.00086193543,0.0021065245,0.012369664,-0.11793496,-0.002977221,0.015063254,-0.11793496,0.01712011,0.0024257062,0.0,-0.011894559,0.010899919,-0.008640941,-0.0011676489
2018-03-23,0.008379813,0.021392144,0.003737667,0.008359688,0.018652191,0.011964293,0.0019779154,-0.001035014,0.006665173,0.016183868,0.006712462,0.010944659,0.016183868,0.0048427805,0.00485715,0.0076480024,0.0109167015,0.012361204,-0.013235939,0.0034226617
2018-03-26,0.0024842124,-0.0059694066,0.0010979386,0.00083933235,0.0090564815,-0.017868154,-0.008452346,0.005943824,0.019259056,-0.051634625,-0.019476352,-0.0140201915,-0.051634625,0.054345135,0.00096647715,0.00041668344,0.0051880013,0.012201208,0.0040206355,0.0046322015
2018-03-27,0.021046402,4.8434656e-05,0.0004081604,0.004985454,-0.0031615898,-0.0024086996,0.006804036,-0.017308915,0.0072555025,0.035243336,0.07496205,-0.0026306715,0.035243336,-0.004127308,0.012448985,0.016930321,0.0026559178,0.019328251,0.0220258,0.0042269477
2018-03-28,-0.0238525,0.020412495,0.015912555,-0.0009705981,0.026982674,-0.018362258,-0.014963795,0.0035567018,0.008866524,0.0076300185,-0.010397651,0.0016322123,0.0076300185,0.042170063,0.023205772,0.021038707,0.007789234,-0.13960429,0.0044317637,0.00467022
2018-03-29,0.019227223,0.0073982966,0.009930773,0.0062371213,-0.0027780733,0.0,0.02420948,0.053194556,-0.0030359977,0.020973938,-0.03611317,-0.029615384,0.020973938,0.00051278196,0.008752806,0.06855445,-0.0012770408,-0.005122821,-0.0042571947,-0.00019261209
2018-03-30,0.009906729,-0.013746927,-0.0011881412,0.011380922,0.013786291,-0.008762174,0.0043333517,-0.004530516,0.0020983117,0.0017632957,-0.013515917,-0.0050003426,0.0017632957,-0.015590126,-0.008988395,-0.012603815,0.005983058,0.00967895,0.013803899,-0.0016280015
2018-04-02,0.004603538,0.010629076,0.0044055036,0.0034399114,-0.001114802,-0.01790085,0.017089905,0.010166479,0.0392986,-0.000607435,0.0028136251,0.0034970103,-0.000607435,-0.02008034,0.014400875,-0.033940803,-0.008365102,0.004684923,0.015239864,0.012007553
2018-04-03,-0.008553131,-0.0033733288,0.01196035,0.0074004116,0.011893984,0.029391643,-0.011685852,0.0005603848,-0.0024692297,0.10410908,-0.03395209,0.0073258863,0.10410908,0.012960113,0.0054282336,0.053109024,-0.0016036504,0.010442333,0.011411247,0.013032589
2018-04-04,0.010133526,0.0047983695,0.0075754947,-0.0029525757,-0.0017339276,0.0073482995,0.0031980872,0.00892073,0.014450332,-0.0016925281,0.06565967,-0.0010290458,-0.0016925281,-0.015209554,0.011908685,-0.0040550404,0.0009016421,0.016857428,0.007507271,0.0096593965
2018-04-05,-0.0075998525,0.007333641,-0.007857232,0.008276179,-0.027652843,0.0076127383,0.0073784012,-0.019060368,0.004905557,0.01657936,0.020108365,0.014285283,0.01657936,0.017883433,0.012303467,0.02911314,0.00989672,0.016923485,-0.017287098,0.0073793344
2018-04-06,0.014836171,-0.0047426727,0.004094956,-0.00033686357,0.0036056247,0.0078917565,0.024664909,0.012281693,0.010776968,0.0048811464,-0.0026035379,0.035080597,0.0048811464,0.010550117,0.0,0.005351153,0.0069907983,0.014317438,0.0025231186,0.0028683566
2018-04-09,-0.027729107,-0.010778703,-0.0025768923,0.0072232718,0.0038473743,-0.002573603,-0.0016329447,0.010022038,-0.029754275,0.046017744,-0.11814625,-0.014726616,0.046017744,-0.034878198,0.00064284867,0.013528569,0.00980258,-0.13753773,0.019589188,0.007192823
2018-04-10,-0.0049941065,0.023169685,0.015665371,0.00827851,0.0,0.007885453,0.009636812,0.010674276,-0.0055120303,0.0044018133,0.0052638096,0.037676,0.0044018133,-0.027629947,-0.0066717635,0.000426407,0.017216263,0.012103243,-0.0025948288,0.0030455538
2018-04-11,-0.009686522,0.010346072,0.02278554,0.0,-0.015239406,-0.0049278582,0.0021438506,0.004477708,0.0047988817,-0.0026329006,0.010791403,0.011339453,-0.0026329006,0.0026363889,0.013274835,-0.017754897,-0.0067784567,-0.011721165,0.013107046,-0.015396148
2018-04-12,-0.025326962,0.004318519,-0.0038343007,-0.0048501226,0.03468342,0.0024353112,-0.0006342335,0.031575143,0.0048251236,0.017083855,0.019935938,-0.0015552297,0.017083855,0.037976213,0.026779199,-0.0067909565,0.003765353,0.023858322,-0.00063577807,0.0069751535
2018-04-13,-0.0046154805,0.053969536,0.0,0.007708834,0.023703884,0.028684536,0.013814672,-0.011547982,0.04464785,0.006447356,0.025252758,0.007460211,0.006447356,0.08782995,0.010791982,0.03392088,-0.0029761577,-0.0066954414,0.01130691,-0.019310566
2018-04-16,-0.006181009,0.004225099,-0.012155122,0.0065983585,-0.0048230737,-0.010312339,-0.00086459937,0.012685666,-0.0026063921,0.0032759467,-0.0025212993,0.0008418545,0.0032759467,-0.020528734,0.0033690624,0.046228267,0.04474252,0.0010872824,0.006965729,0.027623193
2018-04-17,0.015274288,0.0042352728,0.016876357,0.011463561,0.02116244,0.024820989,-0.008835294,-0.00024764336,-0.011475513,-0.000803116,-0.027246859,0.010775381,-0.000803116,0.012998771,0.0023823217,-0.022184309,-0.0033732792,0.014044766,-0.05673314,-0.00050546497
2018-04-18,-0.0013624665,-0.0064892354,-0.020165738,-0.0016756392,-0.00031338018,0.0066073546,0.010171108,0.008036778,-0.004105426,0.013771708,0.013769152,-0.010063176,0.013771708,-0.010321746,-0.0028294807,-0.005556772,-0.0026070944,0.029757319,0.059933756,-0.016594147
2018-04-19,0.010585886,0.023178555,0.029280044,-0.0019886312,-0.004508655,0.020006252,-0.008127123,0.0,0.009679614,0.021320084,0.00831925,0.026117612,0.021320084,0.012861395,0.009039321,0.01999347,-0.0055943434,0.0063516353,-0.009529733,-0.003419609
2018-04-20,-0.0058486187,0.00954166,0.004556235,-6.006501e-06,0.011062698,0.00050363253,0.018488249,0.017645253,-0.0753129,0.0067523713,-0.09107539,0.016970083,0.0067523713,0.016948592,0.010023918,0.025853539,0.027822593,0.0018185596,-0.012532652,0.01632647
2018-04-23,0.03609655,0.006248,0.004153585,-0.0012773442,-0.010050087,0.007489814,-0.018727452,-0.0039246636,0.07171763,0.0033243604,0.0015609342,-0.014363556,0.0033243604,0.010643019,0.030320883,0.04410229,-0.018524509,0.006553338,0.019459575,0.009287785
2018-04-24,0.013443724,0.014648867,-0.0015782326,0.0036759223,0.009777879,-0.0011071428,0.021631401,0.0078054187,0.01679165,0.0071712965,0.012723539,0.02450397,0.0071712965,0.0075427257,-0.016531339,0.007054012,0.013765756,0.0062463298,0.008303306,0.00017607972
2018-04-25,0.02238645,-0.013748935,-0.0006441654,0.0041968003,-0.0047270744,0.0077789375,-0.0008637969,-0.010528398,0.004985315,0.011117862,-0.0052185836,0.011444447,0.011117862,0.0,-0.0050540124,0.0016260208,0.0029353972,0.007811396,-0.007605718,-0.006027768
2018-04-26,0.005000125,0.019525347,0.00052335113,0.0016179527,0.010681213,0.0024366202,0.01905009,0.017198259,0.0057318765,-0.007699536,0.0047248383,0.00395867,-0.007699536,0.0112954,-0.011392992,-0.0027830733,-0.007173018,0.0052221986,-0.029225372,0.017178535
2018-04-27,-0.0061829,-0.015962955,0.022730859,-0.0022603148,-0.0027830836,-0.021157034,3.3650888e-06,-0.0011170228,0.0060359496,3.205925e-06,0.019230466,-0.0040964,3.205925e-06,0.007278313,0.00685645,0.01437878,0.008636192,0.003585816,0.022751065,0.002765699
2018-04-30,0.0,-0.0013845064,-0.0018388557,0.0005737646,0.01140376,-0.008977607,0.002327771,0.012102701,0.0,0.011292316,-0.025993636,-0.014165632,0.011292316,0.016486181,-0.017166644,-0.008843789,-0.004733538,0.020108053,0.0007046512,0.017287789
2018-05-01,0.012323116,-0.0015221675,0.011251107,0.00013497334,-0.008040725,-0.012666188,-0.022256253,0.0058069066,-0.04112841,-0.004418458,-0.02516576,0.020398207,-0.004418458,0.00053288566,0.004218462,0.015492272,0.007822296,0.007034254,0.0076117106,0.016914738
2018-05-02,0.00080539566,0.0038627342,0.002360764,0.012796887,0.005356842,-0.0052865595,0.007130077,-0.014877892,0.092601016,0.019727992,0.056627236,0.017709563,0.019727992,0.005732188,0.039079595,0.004574619,0.012270366,0.020919291,0.04690275,0.0033384545
2018-05-03,-0.002213778,0.0044432967,0.015351673,0.007339903,0.013764035,-0.019541027,-0.0026054936,0.010364143,-0.0075760186,-0.0036933569,-0.01381871,-0.026790107,-0.0036933569,0.015441464,-0.08786287,0.0,-0.004254065,0.01132508,0.018873405,0.0054341364
2018-05-04,0.030034855,0.019705398,0.0,0.0037869166,0.02164674,0.04897693,0.002643815,-0.009535419,-0.010474269,-0.0012726445,0.022313967,0.019336767,-0.0012726445,0.0053465473,0.022121258,-0.027317965,0.011893514,0.0033516795,0.012063349,0.006508096
2018-05-07,-0.02375929,0.015789341,0.027225949,-0.0067418306,0.013289038,0.009785459,-0.021313902,0.027411776,0.02555891,-0.0072388826,0.023063501,0.0031888164,-0.0072388826,0.028856844,0.011766155,0.00586873,0.0081336005,0.011854859,0.021237282,0.0026164022
2018-05-08,-0.011946056,-0.0038515062,-1.8650105e-06,-0.025186347,-0.016641522,0.014994424,0.018588992,0.0042617447,0.011051976,0.022270352,-0.025251076,0.017339176,0.022270352,0.00684838,0.005566888,-0.00058213546,-0.009140867,-0.0010789334,-0.010847662,-0.012138228
2018-05-09,0.015302642,0.0077624274,0.004377684,0.015048434,-0.0043622903,0.025063826,-0.002206265,0.018305805,0.0041969325,0.0052161766,-0.0239826,-0.00084209186,0.0052161766,-0.012529382,0.0048719477,0.02488964,0.007317824,0.022197912,0.0014161557,0.0076212417
2018-05-10,0.013605314,0.004032171,0.01180594,0.0013924694,0.011663971,0.012407798,0.0069000768,0.008942101,0.0034924087,0.010322287,-0.07714771,0.0042701936,0.010322287,-0.004523347,0.0093469415,-0.027266296,-0.015688272,-0.011076204,0.016333632,0.012316321
2018-05-11,0.045848526,0.009463209,-0.015135976,0.0003151088,0.0076687085,0.0020727408,0.00073854934,0.013850611,-0.04006858,-0.013289265,0.028546542,0.012284539,-0.013289265,0.0021612518,0.015395914,-0.00095974293,0.025712198,-0.0041266563,0.022193115,-0.01105294
2018-05-14,-0.0038147562,-0.008835086,-0.010085349,-0.014036665,0.0,0.0035726652,0.0077425744,0.0030009134,0.035549738,0.012455677,-0.0039899154,0.011900572,0.012455677,0.0073189884,0.0015432548,-0.0055240444,0.008860666,0.0030257488,-0.0055221086,0.0037408895
2018-05-15,0.008905263,0.007028798,5.5709257e-05,0.022049323,0.0112942215,0.011720457,0.0,-0.0023740134,0.014837171,0.0007943134,-0.0045477687,0.018679788,0.0007943134,-0.010477133,0.0028319757,0.031920563,-0.0010477348,0.020513352,-0.0036640314,0.015614799
2018-05-16,0.002714413,-0.0009406418,0.0,-0.010194155,0.0015383274,0.0003990261,0.0056448663,0.0002506715,0.013061912,-0.0006639403,0.02118249,-0.008699646,-0.0006639403,-0.02678459,-0.0022493587,0.0,0.004798766,0.002594796,0.00806192,0.0076562865
2018-05-17,0.0065555642,0.008149351,0.004187286,0.0096642785,0.022756552,-0.0006199777,-0.00038495098,0.019900618,0.00814377,0.011053534,-0.0038721634,0.00839804,0.011053534,0.008041489,0.008634964,0.020509053,-0.016367052,0.0096521685,-0.0010984358,0.006265156
2018-05-18,0.008865313,0.008176211,-0.0015172006,-0.0023438982,8.024338e-05,0.009857514,0.0028874867,0.00045180664,0.022268243,0.0047978307,-0.0016861206,0.0043373713,0.0047978307,0.019458,0.0013563898,-0.022340646,-0.00021527965,0.01688674,0.011486952,0.0015892595
2018-05-21,-9.790317e-05,-0.023148544,-0.04941897,0.012809973,0.02499692,0.013122582,0.0056376145,0.0033178001,0.009574518,-0.04261604,0.07043875,0.012586925,-0.04261604,0.0109883705,0.0030458681,0.0069899396,0.03079747,0.012312829,-0.0026637265,-0.001968044
2018-05-22,-0.0029436105,0.021011308,0.007896553,-0.017926533,0.010990577,0.0071083764,0.005210292,0.014393076,0.00019975787,0.009819791,0.024611369,0.008373116,0.009819791,0.0091504855,0.014582442,0.030788194,0.0025084307,-0.009851361,0.0031001873,-0.009899913
2018-05-23,0.0024708353,-0.010064379,-0.025306566,0.0058129546,-0.003562169,7.1735616e-05,0.015038941,0.014179863,0.0032253517,0.019108174,-0.03417966,-0.022820026,0.019108174,0.032510303,0.007609209,-0.0041436288,0.00319036,0.008718725,0.013328818,0.005139271
2018-05-24,-0.00011713269,-0.0024884152,-0.06878826,-0.0006680774,0.007265323,0.0004416743,-0.004616107,0.0,-0.007998448,0.022083946,0.07595051,0.0005771127,0.022083946,-0.0047295694,-0.0059322943,-0.006585884,0.017073603,0.0071722292,0.0029524735,0.026265819
2018-05-25,-0.0027516433,0.008132459,-0.05381541,0.014124893,-0.005558456,0.033920035,0.007634528,0.0,0.020882951,-0.007837706,-0.04147054,0.0069738342,-0.007837706,0.025343863,0.0019541453,0.0086405,0.01649333,0.0004904582,0.013718072,-0.0024320034
2018-05-28,0.010999173,0.038718928,-0.007531727,0.012359658,-0.0005471024,-0.0016256241,0.029388858,0.011734582,0.0018309199,-0.0020316953,0.012787438,-0.0016605356,-0.12519996,0.006994931,-0.016117854,0.008359065,0.035416443,0.0023240938,-0.00044920214,0.023906244
2018-05-29,0.012790431,0.0061815437,0.015459859,0.005237877,0.0051295166,-0.004060447,0.0031242203,0.043718826,0.023190135,0.020325467,0.006850483,-0.0036237405,-0.0044972594,7.240684e-05,0.008522582,0.012646843,0.007424897,-0.01577981,0.022972414,0.00027520678
2018-05-30,0.014238672,0.044379856,0.0121115865,-0.007948935,0.010078947,0.032588854,0.0042325095,-0.019084392,0.0064472007,-0.02882727,0.0037418874,0.002008439,0.0062219035,0.013104918,-0.0010966543,0.0051203337,0.011700543,0.009741991,-0.002282267,-0.030060343
2018-05-31,0.019216578,-0.06727698,-0.037219264,0.007270573,0.018868575,-0.073409304,0.0022716764,-0.008690213,0.00046111233,0.0056112707,-0.0143287415,0.008968181,0.10132205,-0.01983405,0.013563996,-0.051045533,0.008129855,-0.00019393303,0.0013195708,0.007366421
2018-06-01,0.01744432,0.0048005534,-0.005351614,-0.001617725,0.009864755,0.04703818,-0.004497506,0.013104735,-0.030739712,0.023594711,0.010090305,-0.0013793521,0.024620421,0.0021092738,-0.018538745,0.036252707,0.039199587,0.0003980269,-0.0024131844,-0.0011688924
2018-06-04,0.012551831,-0.0036688119,-0.009055506,-0.0053984607,0.04703443,0.005121877,-0.008122439,0.04520765,-0.0029595864,-0.0064340844,0.027247705,0.0063584186,0.03552338,-0.017654413,0.046569753,-0.019405521,0.0042970153,0.0019649996,-0.009109982,0.014966094
2018-06-05,-0.0018501346,-0.004053374,-0.06647753,-0.013505814,0.0067918915,0.012824352,0.0030081347,-0.0029979546,0.019911509,-0.029560009,-0.0008348704,0.01606594,0.02211004,-0.017477581,0.012782411,-0.0027805185,0.011031031,0.0010828826,0.020986384,0.0021893643
2018-06-06,-0.003936287,-0.0014736613,0.015393297,0.019220406,0.00059455517,-0.036203943,0.0010993081,0.0027327708,-0.000959548,0.015938513,0.012802965,-0.0009650678,0.023144603,0.008661702,-0.017435469,0.0,-0.004061292,0.0036087655,0.013556389,0.011390713
2018-06-07,-0.005367946,-0.000984909,-0.0035028898,0.019482717,0.0,0.0017888566,-0.0015504771,0.027348483,0.0043977317,-0.00789149,-0.0013965131,-0.0020499744,-0.026624525,7.3845025e-05,-0.0038696676,-0.015606787,0.012604565,0.012394687,-0.003484437,0.0029791426
2018-06-08,0.013464481,-0.0012780672,0.021922316,-0.01215204,-0.014292841,0.07136789,0.0,0.004820646,0.01310133,-0.014700029,-0.03954464,-0.006815603,0.0023945924,0.020570949,0.0027848855,0.008242425,-0.01172476,-0.0014345457,0.011438304,0.015060557
2018-06-11,0.004818824,0.02678002,-0.014825059,0.0023516142,0.017467642,0.03168912,0.07453472,0.03521104,0.02609546,0.016179139,-0.008412586,0.013736724,0.0,-0.00041518896,0.005531343,0.0006936108,0.0017383737,0.0042315386,0.012536357,-0.008383926
2018-06-12,0.010931992,-0.0029931376,0.004334098,0.014772528,0.003433003,0.004322679,-0.0020283274,0.0029270272,-0.006222109,-0.016808325,0.0044164755,0.010512657,0.022427374,0.013910336,-0.009146636,0.01150534,0.00483225,-0.0012778674,-0.0017208848,0.012040885
2018-06-13,0.0,-0.0027820037,0.0067844875,0.010664841,0.005837043,0.012981785,-0.006066873,0.0065522906,-0.000997323,0.042600177,0.02575452,0.00464653,0.023169825,0.014336058,0.008447039,0.0062541487,-0.0067236274,0.005817215,0.024287654,0.008085927
2018-06-14,0.047630735,-0.003673924,-2.148864e-05,0.006305865,-0.00254288,0.0009664551,-0.00039999952,0.0012428241,0.0018422636,-0.018260043,-0.0041677603,0.011494524,-0.019282043,-0.004207481,-0.002881562,0.006650769,0.016477134,-0.040857997,0.005573689,0.00055218255
2018-06-15,0.006095368,0.0084658405,0.020317959,0.011079996,-0.0014287182,-0.08307435,-0.01015637,0.014911591,0.012315664,0.0,0.010344283,-0.0030508074,0.008149579,0.008592887,-0.00097183714,0.016507125,0.0032605187,0.016387178,-0.010724575,0.002170634
2018-06-18,0.012303404,0.0057407813,0.0081491945,0.0018658264,-0.0016224507,-0.0032516331,0.0011241849,-0.021203084,0.008874543,0.00568025,0.008958553,0.00057979516,0.01148653,-0.027220916,0.01898326,0.014783856,0.0042780656,0.022684539,-0.008638867,0.005620132
2018-06-19,0.0060666013,-0.015103116,0.026218524,-0.0122912405,0.0016793394,0.03517031,-0.0050603063,0.034993168,0.008471652,-0.00021507678,0.0068584895,0.03487373,0.015974829,0.013103167,-0.0055141915,0.001394342,0.00057160936,0.014179262,0.018737985,0.0049026706
2018-06-20,0.0037989973,0.0034452043,-0.0030459738,0.016341986,0.001748346,0.0310746,-0.039484095,-0.003057667,-0.0068608704,-0.010474884,0.009061931,0.0029788031,0.0067486595,-0.010486863,0.0070197484,0.0042288913,0.008273519,-0.0021884632,-0.008004294,-0.015109417
2018-06-21,-0.0022795622,-0.0028170978,0.03507611,0.0032875037,-0.015330335,0.010976556,0.008875809,0.0007871688,0.012988756,-0.1312259,0.0029782564,0.019083308,0.00496057,0.029874548,0.05275374,0.011448102,0.0011086286,0.0018424044,-0.0005061945,-0.008562293
2018-06-22,0.014164657,0.03680151,-0.002425441,0.0022061341,0.003690399,-0.0018275726,0.014242642,0.022760443,-0.016560346,0.00054807233,0.012680541,0.0056070364,0.0016451421,0.012310812,-0.0009236932,0.015329596,-0.030828334,0.004780811,0.0026923292,0.013228611
2018-06-25,0.012427276,-0.060275827,0.013834237,-0.010393561,0.0026950024,-0.03450931,0.006334311,-0.0271621,0.012781075,0.012067626,0.0,0.0031918332,-0.015018134,0.008907385,-0.0051650372,0.032965828,0.025489777,-0.016365299,0.007877013,-0.00083147024
2018-06-26,0.009707572,0.05470376,0.011302959,0.013081479,-0.00088463706,0.027376084,-0.011302021,0.0038257784,-0.004287602,-0.0015865939,0.019569064,0.00036409227,-0.020267908,0.00067458284,-0.007839234,-0.0014498176,0.00872571,-0.0121283,-0.01338783,0.0024397462
2018-06-27,0.0,0.0027418127,0.008419228,0.010708684,-0.09864798,0.019187488,0.021792132,-0.026223853,0.015371061,0.022626715,0.009078661,0.0022141016,-0.0027443804,-0.00020275112,-0.0075481255,-0.0055056727,0.0,0.0010703603,0.024821397,0.018792037
2018-06-28,-0.028248806,-0.015407645,0.004388509,0.0041400148,0.019070497,-0.006025602,-0.01650479,0.0006883442,0.006769651,-0.026584636,0.0,0.00082414725,0.024446823,0.0052244444,-0.00084860425,-0.0050583524,0.0044184104,0.011588183,-0.0009778588,0.008496613
2018-06-29,-0.00942527,0.030302357,0.00993949,0.009120743,0.002038029,0.017610818,-0.011012991,-0.011265126,0.0037702422,0.02233888,-0.004138118,0.021126729,0.011564604,-0.00071108906,-0.0065062633,0.017581232,0.0018225107,0.0054205474,0.00020336678,0.014914402
2018-07-02,0.007637638,0.032781616,-0.001116976,0.0033791782,0.0,0.030539064,0.008990703,-0.0056723994,0.007160255,0.017939452,-0.0022103693,-0.02599774,0.010026605,-0.017763885,0.020038748,0.014367453,0.007622294,0.0056076203,0.008824015,-0.0073827077
2018-07-03,0.00882249,0.003353259,-0.0019340985,0.006310768,0.010415633,0.0015575249,-0.0058377287,-0.0075597935,0.0035042164,-0.023095507,0.013322726,0.0009597892,0.009359448,-0.029248077,0.019173073,0.01523254,0.0011032752,0.007148822,-0.008881565,-0.0802562
2018-07-04,-0.007773497,0.015482975,-0.050837897,-0.002628336,-0.03362838,0.005095489,-0.005602664,-0.03598723,-0.007102442,0.035070788,-0.02194146,-0.0025983427,0.0042280913,0.035071865,0.017849034,0.0034206484,0.0071644583,-0.0005487823,0.0036786734,0.008108747
2018-07-05,0.0037762045,0.017339032,0.013765224,0.008889378,0.020669594,-0.034414683,0.024387084,0.029078232,0.006766942,0.03526558,-0.0086076185,0.0010459352,0.0032876688,-0.01007541,-0.0006315111,-0.017114231,0.0090583945,0.0034547052,0.00661359,0.0
2018-07-06,0.018610189,-0.019247063,-0.0055562286,0.0020726353,0.04899195,0.011967346,0.0038339728,0.0134736225,-4.8954837e-05,-0.0098384,0.030858452,-0.00367374,0.00065807864,0.022681361,-0.003330359,0.01571079,0.011580279,0.0023956257,0.021242486,0.013659189
2018-07-09,-0.01659883,-0.0007326069,0.0062884064,-0.006183074,0.007158382,0.000103082006,-0.00053342717,-0.0057206545,-0.001992192,-0.002044348,-0.027552657,0.0124497805,0.0020337433,0.0067966515,0.027475635,0.014267606,-0.020975923,-0.013566502,-0.00080511905,0.015066138
2018-07-10,0.015649926,-0.015775805,-0.016858095,-0.05717298,-0.0055579087,0.0019234701,0.045939617,0.010128078,0.0032138694,-0.11317428,0.012863127,0.027116751,-0.020631965,-0.010604445,0.0060700458,0.009677495,-0.014100767,-0.0034226957,0.0018729544,-0.002387839
2018-07-11,0.008871682,0.0070774294,0.0041932864,-0.007780697,0.01546226,-0.019776147,-0.0015268461,0.016987855,0.0148108965,0.014284925,0.01064573,0.0,0.039030235,-0.0029841966,0.0,0.0057518757,0.029367954,0.0074997046,0.035794448,0.0020148533
2018-07-12,-0.030162564,0.007056154,0.015403124,0.0076098978,0.022283752,0.008545816,-0.022177242,0.025244448,0.02621387,-0.07327586,-0.0052402928,-0.0588687,0.0063786935,0.025991209,0.014184411,0.006480665,-0.024215193,0.007920381,0.011654997,5.642855e-05
2018-07-13,-0.013792818,-0.033418693,0.0031890883,-0.025562387,0.0027460845,0.014151487,0.017059743,-0.0062160036,-0.009964626,0.044583227,0.0018441195,0.0013242805,-0.0099410135,-0.009446973,0.016726997,-0.023607695,0.011842639,-0.0018452744,0.009074956,-0.0021386957
2018-07-16,-0.13331036,0.00913307,-0.017739356,0.017928433,0.005123823,-0.01135683,0.0016094319,0.0016146791,0.018635685,0.021994995,0.018528339,-0.00059983763,0.023692735,0.015242094,-0.014695881,-0.0046818345,-0.0153099,-0.016537983,0.0043976507,0.015119689
2018-07-17,0.012873785,0.031009072,0.01380089,-0.0021523982,-0.017769124,-0.008450319,-0.008728135,0.005210528,0.007448916,0.01213166,-0.01901292,0.013982605,-0.0024301491,0.0033972177,0.018809212,0.009480808,0.00514295,0.008111625,0.015113108,0.012419322
2018-07-18,0.02398771,0.0024012513,0.0010117057,-0.008825458,0.030847179,0.025700677,0.01931546,0.0048589734,0.0072537144,0.08847816,0.005673241,0.01226224,0.012032157,0.019952552,-0.0115141375,0.0063724043,0.012889211,0.0067442367,-0.0017823101,-0.012073201
2018-07-19,-0.0029719064,0.029169556,-0.004305109,0.022055846,0.00055040215,0.0,0.007085777,0.04299326,0.014886554,0.014205594,0.0054309918,0.020128721,0.013754418,-0.0027790433,-0.001151401,0.008922471,-0.0027210931,0.00994863,0.0062138718,-0.0010428724
2018-07-20,0.03988591,-0.030174077,0.005130567,0.0029307774,0.013479228,0.024133455,0.0016123601,-0.018094556,-0.0027171553,0.0051646167,0.00014347593,0.003040644,0.032532353,-0.020071888,0.026947707,0.011923569,0.009855721,0.0017447941,0.0030422385,-0.008536729
2018-07-23,0.0009901309,0.026229806,0.0071055475,0.005758466,0.0,0.024519999,0.029642707,0.019575197,0.017389713,0.007412898,0.0003300091,0.017240146,0.021944499,0.026968788,-0.019274548,0.009595608,0.00067277305,0.002295495,0.004230226,0.017434662
2018-07-24,0.00092077366,0.0130929835,-0.0050787735,0.02049497,0.012426183,0.012353844,0.01823677,0.016000496,-0.0030105067,0.015460297,0.03381001,-0.022409976,-0.012575244,0.008615019,0.029667078,0.002388226,0.0067910743,0.010848953,0.008613197,0.015934322
2018-07-25,0.005554736,0.023580221,0.00041046826,0.00041986015,0.0042548906,0.0075483858,0.010467663,0.0003673565,0.0072849398,-0.013559118,0.018694703,0.008796045,-0.015833255,0.00049033086,0.016176526,0.012570495,-0.014980598,0.0,0.022055576,0.010560696
2018-07-26,0.016896823,-0.010201308,-0.009379376,-0.0031618609,0.0013472894,-0.015478994,-0.0059732376,0.012160139,0.013169978,0.0074085877,-0.004906875,0.0,0.011052547,0.013556006,0.010327162,0.0031146896,0.0045551807,0.0,0.020898383,0.003191345
2018-07-27,0.0,0.0015654279,0.0071927044,0.00075641053,-0.026390886,0.030862829,-0.0066061425,-0.0001899348,0.007993564,0.001641596,0.01504174,0.01772595,0.020919334,0.015510658,0.003340656,-0.00042227522,0.012644756,0.0015408305,0.0113820415,-0.003738387
2018-07-30,-0.0010119034,-0.016592592,0.0123820985,-0.01585277,0.027936857,-0.002414215,-0.006706949,0.012406032,-0.014344064,0.0025946419,0.011340704,-0.02982317,0.023359248,0.007174509,0.0074645667,0.0016012375,-0.011963446,0.011005082,-0.0032462464,1.1163124e-05
2018-07-31,0.004695084,0.006713228,-0.007163494,0.012439568,0.0075354963,-0.013622315,0.021509552,0.012156816,0.009321837,0.0076780794,-0.0054235826,0.025843563,-0.007960615,-0.0011140605,0.0031226575,-0.008009115,0.005281263,-0.0017948877,0.0057045165,0.026168536
2018-08-01,0.009643802,0.013337013,0.0061403587,0.014806134,-0.020411557,0.017761815,0.0015439036,0.0031706234,0.01306694,0.0061627715,0.010241816,-0.027852139,0.020574363,0.0054883016,0.013264072,-0.0005045989,0.0067789047,-0.010189493,-0.005541212,-0.0040544188
2018-08-02,0.0067765824,0.0026395887,0.007415993,0.00109582,0.0061864136,0.027616283,0.0030575688,-0.011829305,-0.0020590592,0.006704872,0.00080619013,0.02253618,0.0037506055,0.0044766394,0.0045169964,0.014200429,0.0069164145,0.013880098,-0.044432983,0.0032157328
2018-08-03,0.0027794521,0.015533961,0.00047855292,0.0033909648,0.003836082,0.011631442,-0.030850735,-0.00030855346,0.006498181,-0.02529928,-0.013535938,0.029540649,-0.0647419,0.006008727,0.0073859086,-0.0047327713,0.010150933,0.0018350075,0.0034839858,0.0113124065
2018-08-06,-0.006643672,0.0070566824,-0.0004657545,-0.0005267233,0.015156209,0.007052797,0.005117289,0.0033114792,0.01803476,0.012134939,0.007790013,0.005619036,0.025025612,0.001892134,0.013248798,-0.0025381036,-0.0044848504,0.011283458,0.02654777,-0.016888846
2018-08-07,0.015891155,-0.0075273695,0.009565772,0.00011290874,0.014804172,-0.017768318,-0.0031221367,-0.0014750174,-0.00046913663,0.01750283,0.0076389695,0.00482499,0.0065377015,0.0,-0.0018608634,0.0091172885,0.00761291,0.0073950854,-0.0024638735,0.015905252
2018-08-08,0.019827487,0.008637781,0.0008477637,0.013632031,0.0060446355,-0.005746397,0.016152121,0.009869028,0.00025364972,0.021823278,0.016945163,-0.006716448,-0.0026534996,0.0026444155,-0.00018589389,-0.008524987,-0.0006147659,0.004705379,-0.0050634085,0.010352729
2018-08-09,0.0011220811,0.0009884973,0.0111042,0.012235747,0.03526156,0.008531071,-0.003367281,-0.003990587,-0.004581662,0.0062047043,-0.025736256,0.0034080397,-0.024902588,-0.003476941,0.0,-0.0007474214,-0.0014756215,0.010920775,0.0048171277,-0.0021109893
2018-08-10,0.0026917853,-0.003871441,0.003373927,0.0019434958,0.0026939418,0.00029208392,0.032162137,0.0019198171,-0.00078583584,-0.022333654,-0.034072034,0.001403877,0.005151644,0.0058051245,0.011135009,-0.01574503,0.008227458,0.00284702,-0.0016859802,0.0017097413
2018-08-13,0.0123109305,-0.021223279,-0.0012706384,0.009532216,-0.0018469827,0.01068538,0.006952905,0.053063203,-0.012009632,0.0018410413,-0.014742321,0.020456059,-0.0060761943,0.008453136,-0.0022345614,0.017912611,-0.002436777,-0.00014668985,0.003772273,-0.0011198458
2018-08-14,0.0113974195,0.04142682,0.0059914505,-0.003752458,0.008865208,-0.016382545,0.020427844,-0.003224137,0.008760506,0.013770199,0.015092857,0.00864142,0.008884874,-0.0039062607,0.00014326234,0.013742392,-0.0012683279,0.0,0.01599894,0.012157299
2018-08-15,-0.01447708,-0.01211781,0.0006636305,0.00046859993,0.034011737,0.007200188,-0.0024743685,-0.009773179,0.012086455,0.018892819,0.00080654,-0.004142465,0.0012552006,-0.008198244,0.009502226,0.024599155,0.014925316,-3.3549088e-05,0.008965367,0.010532674
2018-08-16,-0.039358884,0.019753426,0.012295879,0.007098692,0.011718143,0.016970962,0.0006539205,0.0111205755,-0.0024399932,-0.03220931,0.027087405,0.00733549,0.008149665,0.010863393,0.008629847,0.0114820115,0.009343623,-0.0030781084,0.049258895,0.003415332
2018-08-17,-0.0020895307,0.028288709,0.010341097,-0.001406984,-0.008030895,0.03442187,0.00641878,0.0021975264,0.0054601934,-0.014061838,0.0070317653,-0.005846001,0.011230946,0.0029725588,0.0046557267,-0.0018660297,0.008371718,-0.0009156065,0.0007444157,0.022182604
2018-08-20,0.009564173,-0.001449343,0.0,0.009592834,0.0047972985,0.0,0.0,-0.011670046,0.0104634445,-0.015219333,0.01599567,0.004814098,0.019553589,0.009621949,0.0043342006,0.0013769463,0.008872628,0.010680623,0.0054298146,0.0047122473
2018-08-21,0.019291049,0.0023569018,0.0060095727,0.001960659,0.009018876,0.023067743,-0.004577146,0.0025615732,-0.00049933104,0.01707499,0.013892478,0.008320398,0.0017019411,0.0009829003,0.009347416,0.003728794,0.010040463,0.0069326283,-0.008478804,-0.014748489
2018-08-22,-0.0034536156,-0.06448075,0.0049650115,0.0029494981,-0.0016737317,0.012299488,0.00026254484,0.036258746,0.012329454,0.03109415,0.0034270824,-0.0008931503,0.012787526,-0.004157277,0.00059076893,0.011928625,-0.006810589,-0.0014543043,0.014306477,-0.0019503406
2018-08-23,-0.022196658,0.020078227,0.0040669986,-0.00023026924,0.026141644,-0.008074789,0.002302484,0.003996186,-0.0140186455,-0.028043954,-0.004150964,0.026946368,-0.011320883,-0.005901651,0.0018881566,0.003019563,-0.012646092,0.01160649,0.0044580274,0.022375569
2018-08-24,0.0371517,0.007322022,-0.007263323,0.026095303,0.0011216189,-0.0008546961,0.02614785,-0.0077477056,0.018330479,-0.005378518,0.023090318,0.0074635404,0.0050658965,0.016980268,-0.025183247,0.012289942,0.03076501,0.022874977,0.00758198,0.011105088
2018-08-27,0.010376249,0.0003535128,-0.010592908,0.051628068,-0.034804236,-0.0067343772,0.0039575296,0.004237996,0.00632366,-0.013723531,0.010109083,0.01827731,0.0042995946,0.054994717,-0.110947765,0.011046822,0.013299551,-0.025727795,0.008862393,0.015666308
2018-08-28,0.0015290352,0.00046928565,0.0022727158,-0.032129362,0.017734397,0.08503098,0.05691065,-0.01168365,0.010719391,0.030078491,0.0007854356,0.038520277,0.010149963,0.0038692963,0.07322966,0.0073315096,0.0095337955,0.004578316,0.0031834948,0.01727933
2018-08-29,-0.024485037,0.023525083,0.00868879,0.0065550352,0.008967838,0.032019377,-0.024191825,0.007515606,0.004120611,-0.023586059,-0.0024699303,-0.009466213,-0.0060418597,0.0106602395,0.026650729,-0.0010762452,0.007050117,0.026033325,-0.027181868,0.0014978604
2018-08-30,0.008881781,0.012207208,-0.011434743,-0.035417955,-0.005899903,0.00014490717,0.002942227,-0.013820382,-0.0019011663,0.046159882,-0.0022035898,-0.004176438,-0.0025167882,0.015547931,0.020462444,0.003841897,0.009637045,0.010040649,0.017862242,0.08396858
2018-08-31,-0.015154554,-0.006154295,0.018740628,0.032955743,-0.057512946,0.0037712841,0.019149857,-0.0016226883,0.0020907049,0.019629803,0.0006865942,0.022240328,0.014405318,-0.004160157,0.0037815003,0.018837,-0.0003962383,-0.0016124271,0.006200926,-0.000117082396
2018-09-03,0.0012016495,0.02820011,0.0028409814,-0.018488728,0.017597172,0.045298573,0.02073733,0.0023229066,0.004580503,-0.0048098746,0.0125785405,-0.0256966,0.0033125977,0.003094681,-0.019112892,-0.0023888878,-0.015146425,0.013799115,0.0050340127,-0.0055264225
2018-09-04,-0.02215869,-0.011519348,0.008137538,-0.008123005,0.024115685,0.03419728,-0.0055560176,0.005132138,-0.0040981,0.020337483,0.005477462,0.008861747,-0.013166717,0.0,0.088268206,0.0142334765,0.015526028,0.0030919749,0.0022245627,-0.0069276965
2018-09-05,0.048913237,0.019564299,-0.022390107,0.0069563906,-0.029602222,-0.038834266,-0.002401796,-0.011574939,0.0091715455,0.004854101,0.0042760223,0.003998736,-0.0018352866,0.002986787,0.014459299,-0.0049833795,0.004195407,0.022618383,-0.010908312,0.023684882
2018-09-06,0.013431633,0.01238778,0.015872028,0.0073843403,0.0019419168,-0.026705135,0.015478419,0.03671376,-0.009846651,0.017290968,0.0040457225,0.0,0.014187406,0.0072472887,-0.0014225201,0.0011983417,0.003748589,-0.00050719344,-0.00056870596,-0.009738608
2018-09-07,0.008271124,0.008713675,-0.0083233155,0.0050282925,-0.02944521,0.013219494,-0.0042278357,-0.01291183,0.0,0.0027588287,-0.0058753267,0.007980976,-0.002245705,0.0015783529,0.039594363,0.0098776715,0.0045915507,-0.0051237945,-0.0062995814,0.008821158
2018-09-10,0.014797623,0.002981612,-0.14157002,0.004219353,-0.012417013,-0.0028826687,0.00795759,0.015051704,0.0019441893,-0.020043446,-0.016536763,0.0015467736,0.013828742,0.0026976208,0.0004053241,0.017309722,0.0037874586,-0.008978569,-0.005871604,-0.0017902295
2018-09-11,-0.010235725,-0.0007833633,0.044353023,0.0,-0.012486642,0.0068788603,0.03880947,0.0322626,-0.021184737,0.018503226,-0.022700159,0.009149127,0.020269845,0.026555678,-0.00406065,-0.026127862,0.0064900625,0.006886235,-0.00042481112,0.0030336636
2018-09-12,0.011668839,-0.0021124503,-0.003196187,0.00267331,-0.024147203,0.006841326,-0.03505475,0.009162252,0.033519905,0.011017122,-0.0062745437,-0.006270541,0.012363069,0.012022267,0.0,0.018225893,0.008904093,-0.0044469745,-0.029495006,-0.009895677
2018-09-13,0.0013773765,0.010857986,0.0065548276,-0.007838521,0.10619433,0.039587423,0.0,0.0035140407,0.00013908779,0.012569766,-0.0008078665,0.022818709,-0.0026483324,-0.017110122,-0.014955226,0.01924447,0.0064883432,0.024581857,0.021005405,-0.00951364
2018-09-14,-0.045559514,-0.007844312,0.04521734,0.0075490973,0.031852614,-0.0018433754,0.01425624,0.0044386773,0.00067892065,0.0038354069,0.023481704,0.004007946,-0.0020309468,0.01945382,0.035307173,0.0073924265,-0.0017644967,-0.008040091,0.009561735,0.0033889527
2018-09-17,0.012147039,0.014132462,0.017433044,-0.021153897,0.015410537,-0.0017280747,0.037999798,-0.013753363,0.003451744,-0.04736335,0.009358212,-0.0029000202,-0.0011169238,-0.0010907046,-0.00010426267,0.0030754686,-0.0054064365,0.016955445,0.008760871,0.01765086
2018-09-18,0.007356619,-0.0043669026,0.0079970425,-0.0056200395,0.03993588,-0.004352354,0.002888396,0.010352686,-0.01025823,0.020519936,0.009083695,0.02636577,0.0018500425,0.0067039314,-0.0049719876,0.0019325587,-0.015041133,-0.0011778575,-1.923235e-05,-0.0137764225
2018-09-19,-0.0018248626,0.016607068,0.02474386,0.020331886,0.011965403,0.028741365,0.048490036,0.002979612,0.0092443675,0.011297168,0.002946116,0.018273642,0.0008580524,0.0010321388,0.0034906873,0.0018241863,0.014190023,0.022223806,0.0066030934,0.03308456
2018-09-20,0.021807931,-0.0048925905,-0.0027379508,-0.011300922,0.010549027,0.0,0.014122467,0.0215945,0.00277073,0.009104294,0.008848372,0.0033859964,0.015081242,-0.009057385,0.036289893,-0.0125070205,-0.0045159417,-0.008152318,0.016007937,0.0103436
2018-09-21,0.021815939,0.0041642785,-0.055081885,0.023471452,0.034464963,0.0032572048,-0.016118666,-0.012965221,-0.0023311623,-0.0020723366,0.0019223373,0.026140127,0.0034003353,0.019070841,0.0,0.0047958256,0.0004118807,-0.0036997427,-0.013537759,0.023463037
2018-09-24,0.0020253789,-0.00059976184,0.010515134,-6.4804466e-05,-0.001525418,0.014922803,0.012399389,-0.0032025147,0.002793652,-0.0018316453,0.002582895,0.0043984083,0.000199022,0.01726395,0.01833605,0.0070053446,0.0336454,-0.0028154938,0.007890769,-0.0075427024
2018-09-25,-0.0018254481,0.011157571,0.016375424,0.019306527,0.043703184,0.028459745,0.013089944,0.019096939,0.001586297,0.0018206992,0.015027177,0.014098626,0.0022073777,-0.038470622,0.006495245,0.008201155,0.016464753,0.016416334,0.008042989,0.0031062816
2018-09-26,-0.0030774523,0.015345947,0.020001246,0.023780717,0.04684551,0.0027336748,0.00810458,0.025738219,0.01108357,0.0056671165,0.008320585,-0.0020860406,0.017151676,0.017047398,0.0015339926,-0.034580786,0.0018280143,-0.0028242166,-0.0023534067,0.007292034
2018-09-27,0.0038239057,0.0026618484,0.022345787,0.006012441,-0.0017913013,0.00738841,-0.0034252987,0.015830377,-0.0013926883,0.013860848,0.007904274,-0.0040105605,0.01746007,0.02502088,0.0,-0.006514059,0.0062876544,0.00788314,-0.0028788326,-0.0028211998
2018-09-28,-0.009101179,0.008202309,0.00523779,0.02985087,0.006103125,0.00727106,0.026944993,-0.0026757324,-0.01791653,0.0039896793,-0.0027245444,0.00041422015,-0.014989296,-0.012518907,0.00826006,0.0042355456,0.0010704816,0.009723534,0.0073412396,-0.014516793
2018-10-01,0.008872303,0.012024632,0.023305815,0.011765367,-0.0054383427,0.0041243816,-0.014729757,0.0005632352,0.0010496366,0.0031797988,0.009397068,-0.00018520407,-0.014216102,0.022639753,0.00050278084,0.0022904319,0.024897471,0.0008364137,0.004910856,0.020279784
2018-10-02,0.0054214676,0.0019869686,0.014390684,0.0012738912,0.048768695,-0.0034214822,0.006435572,0.008472153,0.006434167,0.0026211166,0.002843244,0.0034745855,0.0,0.004612352,-0.01169747,0.004896441,-0.026858931,0.012859031,0.0007583021,-0.0005467969
2018-10-03,0.0030225618,0.00041419704,0.0039847987,-0.010211129,0.006111161,-0.008180734,-0.01826198,0.01375369,0.009117693,0.007263512,0.005841631,0.00062030775,-0.005649539,-0.029540328,-8.9493205e-06,0.0,0.00048701908,0.017984275,0.002388482,0.02229009
2018-10-04,0.009552686,0.0,0.010608209,0.0,0.02803657,0.01914116,0.010219578,-0.006347384,-0.008060654,-0.0003009355,0.0013876429,0.03897339,0.006206993,0.011629972,0.020158915,0.0065805884,0.0016172146,-0.001956998,-0.00063846476,0.0034797518
2018-10-05,0.014198584,0.013287137,-0.022719324,0.012971416,0.04976413,0.0027249716,0.03500377,0.0052479855,0.010866956,-0.0025191742,0.010937044,0.0034264869,0.014245573,0.021711722,0.0029192448,0.0021034377,0.015680725,0.000265236,0.00948393,-0.02591778
2018-10-08,0.0086577125,0.004087026,0.005005391,0.005721312,0.0012084263,-0.015839254,-0.0113585135,0.007443183,0.011918744,0.002884662,-0.019759547,0.020464733,-0.0050564394,-0.04863393,-0.009000305,-0.0005974185,0.00079605525,-0.004205084,0.01646648,0.00243713
2018-10-09,-0.0023634431,0.0035211614,0.0447881,0.0041359905,0.00039305855,0.010451803,-0.0035727227,0.0043236865,-0.00884451,0.009456813,4.2775853e-05,-0.0045524747,0.009895068,0.03576912,0.03408452,0.015364549,0.00877155,0.02210391,-0.0076369806,0.0053975047
2018-10-10,0.006790072,-0.0068327803,0.014297389,0.009924221,0.0021653273,0.009385065,-0.02909442,0.034858096,0.010889606,-0.010550177,-6.449028e-05,0.037132442,0.0060465317,-0.0008761002,-0.013562881,0.0007562439,0.011729658,0.0029675406,0.011685411,-0.0017840817
2018-10-11,-0.016125618,0.026229387,0.024934746,0.013765438,0.0138007,0.0073398566,0.02434899,0.0,0.0118991025,-0.011415338,0.014808202,0.022386752,-0.010390529,0.007634028,0.011931006,0.012827282,0.001254364,-0.0030240584,0.0028020935,0.0032483158
2018-10-12,-0.0068586622,-0.0027534077,0.044610932,0.0034450104,0.0066395397,0.010499697,0.015504523,-0.011539831,0.0048759263,-0.002108736,0.0064821355,-0.009581841,0.0141194,0.0035814124,0.00303831,-0.021144403,0.01311433,-0.0020187239,-0.00076884363,0.04429447
2018-10-15,0.017821878,0.010740906,0.0071497667,-0.006087624,-0.002043766,0.009385286,-0.0016739198,0.0004649639,0.0006732701,-0.005553521,0.007618705,0.015889376,0.00551079,0.0,0.024122635,0.004258751,0.008267377,0.018663768,-0.006550406,0.0024082225
2018-10-16,0.012940277,-0.0063250153,-0.015717847,-0.004903673,-0.010189101,-0.0019731529,0.011309209,-0.01756916,0.0065508154,0.002652348,0.013547253,0.014954825,0.011029088,0.06863963,-0.012239255,0.009578547,-0.0041914494,0.0068426006,0.007652951,0.0063467817
2018-10-17,0.002232196,-0.011976506,0.0027621784,0.025363076,0.024620704,0.0055784737,0.012270678,0.010491238,0.0070569552,0.022327907,-0.00252341,-0.008148586,-0.020404954,0.0,0.0036772364,0.010963634,0.0,-0.0023029651,0.0006561295,-0.00064093166
2018-10-18,0.0038978185,-0.013321575,0.03507769,-0.019156603,-0.011208249,0.018958002,0.031345878,-0.013910902,0.010531816,-0.009619998,0.01127236,-0.0068201628,0.018552363,-0.016552068,0.015405977,0.0026049884,0.006955611,0.01409777,0.0067597986,0.03794924
2018-10-19,0.008011536,0.0020277717,-0.017845288,0.027532991,0.011926649,0.0012677036,-0.006825119,0.015439179,-0.00913551,0.044518847,-0.010114986,-0.0028292825,-0.014330502,-0.0024457746,0.025549244,0.0033380557,-0.0020840708,0.014583748,0.0,-0.013937632
2018-10-22,0.005652753,0.008658927,0.0064918655,-0.019461652,-0.010200666,-0.005819499,0.008844772,0.04102295,-0.005288414,0.0075394157,0.0019098725,-0.0210795,0.018274404,0.0105135,0.0015865354,0.0005115454,0.020871986,-0.007027954,0.00057770155,0.011356023
2018-10-23,-0.0059248526,-0.01984235,0.015904315,0.03428892,-0.001813043,0.014115361,0.0,-0.034892153,0.010462188,0.0,0.0057495176,-0.014311563,0.0054003303,-0.025459751,-0.0009439159,0.006179094,0.008923217,-0.00012717825,0.0028286122,0.0106910225
2018-10-24,0.017369265,0.010493198,-0.026545724,-0.005557946,0.02090983,-0.027117822,-0.00048571758,0.011008389,-0.010178917,0.0108779445,-0.0042126267,0.03222137,-0.0004627203,0.0042773793,0.007887218,0.0037992152,-0.0011024617,-0.0005892115,0.0,0.008861449
2018-10-25,0.004645306,0.006280627,-0.00069992023,0.01175744,0.0050587757,-0.014770966,0.012330411,0.006853802,0.020377487,-0.008416851,-0.012007103,0.024602214,0.00036367693,0.0011078581,0.012046287,0.0076435613,0.01360505,0.015872676,-0.003019409,0.007646093
2018-10-26,0.0015873718,0.016336918,0.006793099,0.002505725,-0.03378025,0.038698755,-0.004350994,-0.002142838,0.0070704315,-0.007828891,0.007855286,0.0051217293,-0.00024973528,0.0066729235,0.0019932527,0.0068497434,0.0101174,0.00896323,0.0049679363,-0.013833311
2018-10-29,-0.005077116,0.005743085,0.04067906,-0.05703935,-0.0013986491,0.02521879,-0.020113371,-0.010181021,0.013378706,0.022296552,0.00844637,0.008288048,0.017535672,0.012567917,-0.00018002014,-0.0027281963,-0.000589614,-0.002381547,-0.0007123034,0.027678132
2018-10-30,0.0,0.005850085,0.00028302282,0.0024249519,0.10594623,0.0032939913,0.0048174127,0.017389018,0.0042468607,0.005175029,0.0056725214,-0.002784167,-5.3432006e-05,0.00086654286,0.012203929,-0.00469835,0.020133106,0.00266125,-0.00014225158,-0.006842046
2018-10-31,-0.00314288,-0.005105845,0.0065373513,0.0035959026,-0.011984407,0.0035985229,0.0053971824,-0.010506422,0.002591867,0.01417185,-0.005142298,-0.03134744,0.0,-0.14084719,-0.024750743,0.0034156137,-0.0030413314,0.010455733,-0.012077454,0.008615559
2018-11-01,0.0,0.0,0.0045724562,0.011082159,-0.006376862,0.0038107764,-0.016613001,0.00695057,-0.0036790043,0.014874754,0.0076876674,0.026818478,0.020253098,0.0967892,0.011998625,-7.28041e-05,0.008757706,0.0045761797,-0.001115574,0.019482914
2018-11-02,-0.039889436,-0.008904388,-0.04781467,0.025463399,0.010430056,0.023149572,-0.009364925,0.014253518,-0.016874889,-0.000106516745,0.0035600367,0.0017802999,0.0028556655,-0.004610137,0.012421022,-0.0035171208,-0.0022217522,0.00734661,-0.0449508,-0.0024073226
2018-11-05,0.012265693,0.014946887,0.029351648,0.016394014,0.038153335,-0.0041345796,-0.0019085832,-0.01440247,-0.0038616355,0.0055940403,0.0046053343,0.019279873,-0.0046789534,-0.00024097519,-0.017500218,0.020348433,0.0006490389,0.027010622,-0.004191796,-0.05360337
2018-11-06,0.006707557,-0.014102637,0.023084765,0.0015109958,0.008963973,0.006819457,0.009762786,0.005615526,-0.027582807,0.0068041156,-0.0014131904,-0.056831505,0.011176183,0.034521464,-0.008525834,0.014037464,-0.0006025726,0.0008873309,0.0028057063,-0.0055388208
2018-11-07,0.0022812923,0.024032932,0.0062822304,-0.0016781888,-0.0015162647,0.020941656,-0.013554139,0.016572786,0.008421111,-0.0008615063,0.011028775,0.030894378,0.007685205,0.0040171887,-0.004969335,-0.0036514837,-0.0054309783,-0.00056317,0.01381582,0.025346933
2018-11-08,-0.0033472155,0.0036226313,-0.009053232,-0.008221959,0.0125281885,0.0,0.016683415,0.0104337325,0.006780656,-0.026967216,0.0054233456,-0.016764415,-0.0005045952,0.011444454,0.0015346545,0.005109037,-0.022180526,0.013623787,0.0014768377,0.01350868
2018-11-09,-0.00082374905,0.00076227204,-0.0025798287,0.012502614,0.01582666,0.015762497,-0.03545756,-0.00079075486,0.012230562,0.003815604,0.0027715194,0.006562619,-0.01089207,0.021161092,0.02088995,0.0022750718,0.010116379,0.0004934284,0.017747542,0.011485239
2018-11-12,0.023474123,0.00010228119,0.0017097937,0.0,-0.0025438585,-0.015255315,0.020109946,0.026570711,-0.0075218347,0.0,0.002191206,0.005866795,0.006148006,-0.025313633,-0.00020253538,0.0012379284,0.0023010443,0.009128025,0.017054243,0.002782407
2018-11-13,-0.004833294,0.0059975144,0.019809408,-0.0011207936,0.01930587,0.0037744327,0.035115857,0.020817822,-0.00048729562,0.0022254332,0.004399134,-0.0092061,0.00064596505,0.0078591835,0.01903399,-0.0062337955,0.003780827,0.008802235,0.011802385,0.0005193604
2018-11-14,0.0058313436,0.0056440053,0.06889445,0.022387432,-0.007784776,0.00082581065,0.011498845,0.0032069606,0.0032458326,0.021517849,0.004405263,0.044431005,0.0020134137,0.0062891785,-0.027055306,0.010739807,0.0065733558,-0.00235832,0.004393823,0.002238604
2018-11-15,0.0065590274,0.0007462029,0.0012201231,-0.00259707,0.018948216,-0.011841559,0.0275017,0.013899889,0.013039549,0.007467922,0.016678903,-0.0028873372,0.010739345,0.010568411,0.047101453,0.009096355,0.0063570086,0.0,0.0051773414,0.0035700675
2018-11-16,0.004107453,-0.0036860486,-0.0033147605,0.02580593,0.007892639,0.015419124,-0.004966214,-0.008736378,0.010401172,0.013088495,-0.0005968746,0.035152428,0.0010485551,-0.00073759066,0.00969092,0.0049533816,0.011270835,-0.00870815,-0.004702312,0.015688421
2018-11-19,0.007314284,-0.0024911247,0.018178718,0.0128160445,0.010469836,-0.023794008,0.01508556,-0.025188787,0.01237906,0.0,-8.1795246e-05,-0.0072435043,0.024040828,0.015537165,0.011027597,0.0020106547,-0.00070826104,-0.017235644,7.467541e-05,0.0007666602
2018-11-20,0.012082956,0.009630048,0.0,0.010641644,-0.003037975,0.0080359625,-0.00875937,-0.011052338,0.015955778,-0.012385936,-0.0051470115,-0.0037614952,0.015965488,-0.0017918277,0.028799461,0.0076587806,-0.0008165417,0.019834224,0.0029815373,0.013799403
2018-11-21,0.007405847,-0.02777771,0.03509069,0.0044590156,0.038077135,0.016612438,0.028633963,0.020416914,0.0,0.016051983,0.0029604053,-0.015046787,-0.011469514,-0.0073838937,-0.0025163866,0.0069561033,-0.029456304,0.01481366,-0.0025647692,0.006492689
2018-11-22,0.010751112,0.008241359,0.03431898,0.04487636,0.005029805,-0.009328388,-0.004272961,0.034286667,0.006684636,-0.0044264533,-0.010434415,0.007851479,-0.022539094,-0.012825445,0.0,-0.008541492,0.008620909,-0.0036447502,0.0046963627,0.0043436987
2018-11-23,0.0013598298,0.013461765,0.0002792655,-0.034864746,0.0074798693,0.0042315577,0.004282578,-0.073401965,-0.0075345878,-0.015062588,-0.021856653,0.003144748,0.021376368,0.0,0.01178881,-0.0034136872,0.010699525,0.00088736444,-0.006404212,0.014563637
2018-11-26,0.0030756786,-0.0030106623,0.015502469,0.009550622,0.01203667,0.023977695,0.0064938236,0.0021886532,0.0,0.0025424634,0.068922706,0.02653275,0.008107789,-0.011489677,-0.008149572,0.026004266,0.017334897,-0.013033094,-0.00059779326,0.002510518
2018-11-27,0.014665508,-0.003904344,0.0011059226,-0.0016105288,0.005374094,0.011111056,-0.039428238,0.013557882,0.008104675,0.0024720593,0.0016259734,-0.029138837,0.0085212635,-0.00043907238,0.02669771,-0.00021045795,-0.0004464876,-0.004771925,0.0065736426,0.0010919543
2018-11-28,-0.009263891,-0.000990922,0.0032491176,-0.07727018,-0.017660279,0.004886056,0.0035261405,0.012597946,-0.014289761,-0.010382301,0.0042560743,0.053463046,0.0,-0.0031846666,0.0014032192,-0.010253938,0.0014539529,0.011497988,0.00270256,-0.0068936776
2018-11-29,0.04438533,0.009920989,0.013826538,-0.02921706,0.0043376083,0.020108618,-0.108967766,0.0021726252,0.016991097,-0.0025490795,0.01919003,-0.0023162656,-0.0012426652,-0.123114325,0.0028319838,-0.002466955,-0.0010301638,-0.035264265,0.013629931,0.024262663
2018-11-30,0.044800896,0.0061725206,0.009427777,0.012385462,-0.0035789094,0.009498925,0.020279687,0.0374957,0.025410444,0.031815503,-0.007940138,0.02345577,0.0006878709,-0.002769811,0.0015897212,0.0049678334,2.4455383e-06,0.0024646106,-0.0025343886,-0.008561101
2018-12-03,0.0092168115,0.0027841486,-0.0022822835,-0.013513034,0.0150942365,0.010732222,0.01939088,0.0,0.00284109,0.011294906,0.028082289,0.006802733,-0.003255967,-0.01684299,-0.001280901,0.015831225,0.0043580686,0.051222328,0.0094301775,-0.019113323
2018-12-04,0.017759593,-0.006806234,-0.010634353,0.0,0.0034936413,0.0074006533,0.005791383,0.05817562,0.005048972,0.0031112272,0.017432252,0.039641067,0.008092452,-0.00030184435,0.005852184,-0.0003516357,0.005569239,0.034268346,0.004231311,0.0068140887
2018-12-05,-0.0076250792,0.010295243,-0.003216914,0.0021445681,-0.007737095,0.0013847058,0.010671866,-0.014470104,0.019679688,0.0042384397,0.016674824,0.0060959007,-0.01544352,0.06213004,-0.025517294,0.020527221,-0.015276911,0.010538289,0.004317935,0.008337201
2018-12-06,0.031043164,0.006260867,-0.0076217763,-0.0018714257,-0.0044406066,0.02485871,0.0013520197,0.009713712,0.021029016,0.0042267167,-0.008350323,0.026133612,0.027165227,0.005002949,0.0031223118,0.002647682,-0.0020907419,-0.005647815,-0.004838267,0.020129869
2018-12-07,-0.00073906715,0.0,0.0022665279,0.022239476,0.0,-0.009894406,-0.0014988122,0.005496816,-0.0023855634,0.0016139844,-0.06583936,-0.00047643846,0.005172807,0.008846198,-0.046405643,-0.0014896455,0.009366137,0.011020227,0.004749348,-0.009579141
2018-12-10,-0.022365555,0.011058635,0.007358743,0.011164792,0.05438721,0.008936946,-0.007872243,0.02315104,0.0070857187,0.016961731,0.0024819989,-0.05381728,1.638542e-05,0.021435147,0.021251606,0.015020155,0.013021245,0.0029904165,-0.0070173014,-0.038543373
2018-12-11,-0.02855647,0.011645347,0.005278333,0.015047758,0.009779061,-0.004886467,0.029327275,0.012359108,-0.027673058,-0.0006601244,0.012384744,0.0029961322,-0.002954157,0.00050005136,-0.0024151402,0.005731934,0.008984788,-0.013921542,0.0033374731,0.0023287912
2018-12-12,0.031624615,-0.00453521,0.028202428,0.0021266565,-0.0024725327,0.0030383524,0.010564805,0.018242445,-0.00351748,0.0020703531,0.029563325,-0.009890955,0.0067525893,-0.00058797357,0.023888469,-0.0011972663,0.006415343,-0.007156946,0.012780892,0.009074752
2018-12-13,-0.005275425,-0.0036243193,-0.0013512627,0.026859595,0.013854564,-0.0017787629,-0.0084446,0.0025308442,0.018651793,0.0020911423,0.0035752417,0.0018886542,0.0072187437,0.00064312766,0.0051983274,0.002158819,-0.005531331,-0.024956815,-0.0127669275,-0.0016843766
2018-12-14,-0.007454861,0.006452151,0.009230152,-0.005492862,-0.001973906,0.0048220037,-0.0100230435,-0.020031722,0.0008926737,0.0,0.00816875,0.0034596943,0.0055494225,0.0019526427,0.021272805,0.0,0.012269799,0.0014880623,0.01496357,-0.016928831
2018-12-17,0.0053419843,0.0053755967,0.003884629,-0.0006152847,-0.0010867818,0.005213894,-0.0009800505,0.0066994564,0.0030652147,-0.011984687,0.018647118,0.09796456,0.011470884,0.011549976,0.001185438,-0.00037315776,0.006706559,0.009207021,-0.0035328032,0.01160654
2018-12-18,-0.04788671,0.009566068,0.02613652,-0.0055342857,-0.0024007992,-0.002084062,0.027696153,-0.005366155,0.0030290966,0.013852215,-0.0069174464,0.053528488,0.0071926597,-0.011081768,0.008697691,0.008735131,0.00071961957,0.044775985,0.010418421,-0.029418815
2018-12-19,0.004297778,0.0065893424,0.004941199,0.01547165,-0.0029518616,-0.0058281776,-0.04637643,0.0058929855,-0.031794257,0.0041053984,0.0377598,-0.0021031562,0.0014706623,0.0035598145,0.0,0.002688822,0.0016151882,-0.005816134,0.00096147275,0.0348955
2018-12-20,0.0036578407,-0.0002723759,-0.0042697373,0.016969414,0.0248831,-0.01220088,0.021636857,-0.018425113,0.0028376025,0.011076595,-0.015378455,-0.0055257063,-0.005674109,-0.02426722,-0.016170459,0.0051930808,-0.004371376,0.006491667,0.011637024,0.012796266
2018-12-21,0.008793583,-0.007216318,-0.0018327076,-0.0023631728,-0.009025488,0.02311956,-0.00047056706,-0.0032064938,0.009528045,0.018180393,0.011620562,0.008551619,0.011222884,0.019823428,0.00080959575,-0.014614576,-0.0038558186,0.011843738,0.0017056749,0.00014152948
2018-12-24,-0.05794706,0.0029294605,0.007324593,0.0026773403,-0.0011758386,0.0,0.012426331,0.020521745,0.0025476017,0.006002629,0.0092932265,-0.013543814,0.014770267,-0.007189599,0.00067191396,0.0068583074,0.00066057575,0.0019738206,0.0073556975,0.0
2018-12-25,0.014725969,-0.003041933,0.0042069177,-0.0060051247,0.0068895435,0.019497173,0.01582399,0.011074043,0.011664105,-0.0015763313,-0.022091271,-0.02812444,0.0016844147,-0.029368402,0.02385993,-0.005192126,0.009917804,0.0034538633,0.0038954748,0.006147198
2018-12-26,0.0035157655,0.0078047547,-0.008011932,0.011811411,0.013432536,0.0033346869,-0.0020623226,-0.012906808,0.024886247,0.011668245,-0.0019061986,0.025799599,0.001717925,-0.0012502465,0.004463211,0.013626339,0.0047399835,0.024878994,8.78304e-05,-0.0036120114
2018-12-27,0.012819383,0.00024607158,0.020895256,-0.00087224983,-4.144364e-05,0.0043105516,0.012813194,0.0149917165,-0.009771949,-0.012221416,0.008476567,0.012074901,-0.0009628242,-0.059952833,-0.008945994,0.009633112,-0.014959112,0.0,0.0026645893,0.0098635815
2018-12-28,0.011122633,0.01057844,0.0070660124,-0.002369668,0.015106551,-0.046188455,-0.007809997,0.007269175,0.0041960077,-0.0007802326,0.047512557,0.0033362485,0.012183145,0.009692219,0.007620254,0.005122744,0.0016587045,0.011248183,0.0015421994,0.023686877
2018-12-31,-0.0002020493,0.0009765655,-0.003419099,-0.007208374,0.0064751445,0.025096595,0.008121196,0.00733849,0.005974943,-0.00020530402,-0.026274955,-0.01245036,-0.0011911255,0.005883727,-0.034903623,0.0034913372,-0.027729506,0.00945432,0.02305508,0.0073813694
2019-01-01,0.015035315,0.0065189106,0.004431865,0.03256076,-0.012284682,0.0,0.019760145,0.012900423,0.0012812928,0.0065550474,-0.0107697155,0.04941655,-0.0061880583,0.025906654,0.019739568,-0.0053779557,-0.0057224194,0.007066601,0.0014034081,0.0011129035
2019-01-02,0.0031899943,-0.001625182,-0.01719236,0.0042210473,0.0073860083,-7.2571997e-06,0.0,-0.0037873092,-0.012222369,0.0056132236,-0.015153282,-8.6160544e-05,0.014347563,0.017219871,0.0041245325,0.024471482,-0.0141960485,-0.04428652,-0.038612396,-0.011466999
2019-01-03,-0.002604741,0.0063471617,-0.0010865533,0.014017562,-0.005908865,0.021215474,-0.013277421,0.0061115674,0.0025935206,0.0066371807,-0.0151141975,-0.010023804,0.0008406749,0.00977919,0.013916385,0.0077885734,-0.012168079,-0.014840749,0.007173644,0.008894083
2019-01-04,-0.014042481,-0.0011492511,-0.0035768498,0.022732118,-0.010913995,0.0018596896,0.0,0.020683462,0.006139423,-0.0056278543,0.007544034,0.012603499,0.009283925,0.006446708,-0.0147232935,-0.004512695,0.043052852,-0.0012053853,0.020401,0.0020065857
2019-01-07,0.080647066,-0.0138651505,0.014434309,-0.022226151,0.022163259,0.0,0.03399213,0.006262913,0.02309734,0.0016290249,0.008152323,-0.0063968347,0.012140335,-0.1280586,0.0104464125,-0.004160437,-0.03240594,0.016935535,-0.0025643143,-0.02984892
2019-01-08,-0.0008751308,0.01835292,0.0075530084,-0.0057811807,0.010027107,0.007615572,0.014114722,-0.003019743,0.0076680947,0.005167673,0.02248629,0.0067070033,0.007273578,0.032994878,0.009462827,-2.9157683e-05,0.0019570843,0.06816486,-0.0012451465,0.014647603
2019-01-09,0.0059406245,-0.0025132252,-0.00337831,0.007222491,-0.017163128,-0.0065832553,0.0020834452,0.008706993,0.016552787,-0.0026608878,0.0140819,0.0,-0.010629713,0.0058080233,-0.0024394058,0.010114858,-0.00079042435,0.006285674,-0.00663563,0.012670074
2019-01-10,0.00078219094,-0.004718158,0.0008121485,0.017557705,-0.00086527696,0.018396335,0.0021893738,0.0013201534,0.030738454,0.0053522303,0.0018520625,0.00071139395,0.014065478,0.006796526,-0.002065521,-0.0013941173,0.009548384,0.010221182,0.0074381353,-0.0068774717
2019-01-11,0.0044999197,0.015472817,0.017870938,0.018568967,-0.0044827303,0.00088013546,0.0067942655,0.009505818,0.0074318205,0.010926403,0.027693575,-0.007575252,-0.0102869095,0.011976917,0.00028249947,-0.00023219045,0.0063736746,-0.0003115448,-0.0076409685,0.006250224
2019-01-14,-0.0002624976,0.004111402,0.0018017824,0.013184606,0.002857246,-0.0022691928,-0.013650324,-0.12940343,0.008930942,0.009783512,0.02105676,0.027454332,0.011713765,0.0025964736,-0.020423472,0.0016381445,-0.0024783553,0.01936773,0.01084605,3.927642e-05
2019-01-15,-0.014379939,0.008731758,0.018498683,0.0024107595,-0.013580284,0.008220524,0.031695515,0.01054632,-0.0031203565,0.010214,-0.010345363,0.09037119,-0.0018351588,-0.01167692,-0.09779887,0.0,0.0035703445,-0.021901412,0.0007444845,0.018845065
2019-01-16,-0.030650409,0.0038908154,-0.004271992,0.00700751,0.011284581,-0.007207262,0.009434836,0.026867086,-0.020581152,-0.0092164455,0.02965047,0.006277015,0.0033324503,0.0,0.089175135,0.016158847,0.010450893,0.0021437446,0.0027242878,-0.007458815
2019-01-17,0.009664957,0.012804833,0.011280213,0.015448999,0.016259396,0.00511819,0.016887559,0.015705124,-0.00089840894,0.013867494,0.006559624,0.02986199,-0.0042261765,0.052731697,0.013965435,-0.002938006,5.505322e-05,0.03364091,0.0014845445,0.013153168
2019-01-18,0.004115463,-0.0043770284,0.0021542504,0.012262874,0.022919979,0.0071774707,-0.0037461799,0.010906127,-0.010611708,-0.0065228418,-0.042470828,0.012960325,0.0043170927,0.0052112048,0.034448635,0.011460698,0.0052833874,-0.011419154,-0.01806685,0.0008971734
2019-01-21,0.013271371,0.0042316066,-0.002448069,-0.00086205394,0.003205522,0.014199955,-0.003679263,-0.003234034,0.016346753,0.0019287308,0.0015571495,-0.0011031046,0.0038230787,0.023484284,0.03200567,0.0077587413,0.006561458,0.020276446,0.01631334,0.010859212
2019-01-22,-0.006875397,0.00044841322,0.0,0.0059671258,-0.005700715,-0.051349923,-0.018418238,0.014180415,-0.0009807618,-0.0021120787,-0.005842594,-0.068164274,0.0031763169,-0.05219471,0.00022793663,0.0051122177,0.0036819968,-0.00228665,0.0001651659,-0.0013915256
2019-01-23,0.027455242,0.008152363,0.0064984257,0.006396167,-5.070042e-05,0.0031947948,0.0060495087,0.013862752,-0.011696676,-0.01339529,0.00036980296,0.018918263,-0.00064200663,0.00048804458,0.011026922,0.01069014,0.0041061095,-0.00085948076,0.0,0.0113679115
2019-01-24,-0.005379134,0.003440896,0.0058103777,0.00016033307,0.005184723,0.0006396906,-0.03406227,0.00027892628,-0.0020226305,0.0065619475,0.03849983,-0.0027473152,0.0047995793,0.00042637868,0.008778142,0.014140802,-0.004125705,0.004338217,0.0020983864,0.0050920704
2019-01-25,0.030744916,0.0027376197,0.0033614011,0.0062896744,0.009961308,-0.029541766,-0.0010973542,0.01431945,-0.0011541644,0.008230971,0.039212484,0.0127009405,0.008020588,-0.0021139048,-0.002523806,-0.002254818,-0.007817927,0.005395836,0.0,0.001429569
2019-01-28,-0.004286052,0.0050095157,0.00243859,-0.0065072165,-0.02810969,0.026508754,0.0046550753,-0.005288152,0.0011518688,-0.004194098,0.004542232,0.0076774475,0.008384627,0.032282166,0.004671249,0.006849655,0.007390286,0.0011771446,0.0014333638,0.02382189
2019-01-29,0.0028142573,0.007670159,0.011903901,0.026389662,0.01819721,-0.012438546,0.0148635,0.0,0.017603338,-0.008126683,-0.015149477,0.005147911,0.013258586,0.0021288942,-0.0023799557,0.0,-0.013787426,0.014148499,0.011274241,-0.01346356
2019-01-30,-0.0030555197,-0.0022698578,-0.0037603846,-0.0021934665,0.014344942,-0.011550046,0.02322428,-0.0028842757,0.008685338,-0.010748751,0.016802713,0.0032890886,0.005436208,0.01424117,0.061480902,0.0004605163,-0.00061764044,0.00750438,-0.010716599,-0.032390654
2019-01-31,-0.002444771,0.0032991243,0.007108212,0.0027314571,0.013097232,0.009769969,0.013074187,0.021374656,-0.0054170215,0.012548648,0.013841034,-0.008507344,0.011106659,-0.008627937,0.0024081713,-0.0014467314,-0.016652342,-0.0147756925,-0.022215586,0.028113551
2019-02-01,0.013792493,0.004040953,0.006849268,-0.00063499593,-0.008562912,0.018849194,0.0011960856,0.01417289,0.0022643127,-0.0063655144,0.011566594,0.01946788,-0.0037879695,-0.0015405422,0.0012092212,0.00012294791,0.0065914886,0.0018428367,0.0076094577,-0.0012601779
2019-02-04,-0.0019946895,0.0010448745,-0.004489381,0.011652142,0.016053328,0.009022722,0.01697827,0.0,-0.005643577,-0.016618906,0.01506712,-0.00028795208,0.004090266,0.02890978,0.014816937,0.009627862,0.0067448737,-0.030330611,0.019220706,0.019167121
2019-02-05,0.0050942185,-0.0022552824,0.0042344634,0.011298471,0.0,0.007878234,0.006788727,-0.0038510128,0.0031975876,0.009661712,0.011052813,0.029977826,-0.010827329,0.007620563,-0.013617332,-0.011663583,0.012930983,0.0067641363,0.0013539712,-0.0025431558
2019-02-06,0.00080781186,0.0033353644,0.007767593,-0.029345917,0.00464264,-0.021919183,-0.003915517,-0.001619941,-0.011343731,-0.030796237,0.010906723,-0.0023603663,0.0021906076,0.016366357,-0.007841961,0.0046890704,0.005526604,0.043264557,0.0068507553,0.007175954
2019-02-07,0.0074574244,-0.0025285976,0.009658701,-0.010492056,0.018760005,0.0045897053,0.011336406,0.014268692,-0.01590837,0.0,0.020471394,-0.00022999152,-0.0006028107,-0.0017312744,0.0196305,0.0042773574,-0.002424678,-0.0007492742,0.011711215,0.009382203
2019-02-08,-0.0025210835,-0.0057077864,0.005349861,0.005042586,0.005177542,-0.0048049577,0.0043805903,0.0037733186,0.00096847466,-2.2594563e-06,0.008917645,0.0019910259,0.011370309,0.013897462,0.0042323642,0.0033390585,0.008230494,0.017101254,0.014220168,0.01241936
2019-02-11,0.0023545162,0.0105772335,0.0064281286,0.017833015,0.0068507628,0.026269624,-0.0036907913,-0.0029355066,-0.0025219393,-0.029270614,6.568238e-05,-0.0021653743,-0.005582018,0.011109731,0.013101477,0.004333562,-0.0044704443,0.0,0.001461483,0.0029864917
2019-02-12,-0.006026316,0.0,0.013837792,0.006421447,0.0073721195,0.025438832,0.0066090897,-0.0034403948,0.022494582,0.034017425,0.0066647534,0.0131046865,0.0071842815,0.0109978,0.008085179,0.0054893848,-0.0013408177,0.01488777,0.004871595,0.008311012
2019-02-13,0.011891606,-0.0069003324,6.735938e-05,-0.0062298784,-8.313586e-05,0.005684734,-0.0069461633,0.03439113,-0.0006483736,0.004637708,-0.00951434,0.00515246,0.0034080069,0.0063324836,0.004252982,-0.0045904433,0.009564665,0.0022842376,-0.0027137354,0.0
2019-02-14,0.0020261405,0.0070559666,-0.0019053111,0.011770935,0.010976371,0.01549934,0.007735748,-0.030382453,0.01036229,0.02275955,0.0025957657,-0.03141975,0.007434315,-0.0064982125,0.010369263,-0.00024495422,-0.0014271475,0.01534116,0.007203058,-0.008662122
2019-02-15,0.0088627245,-0.0030522237,-0.0041696094,0.0048004584,0.011026093,-0.00058346486,0.0116356155,0.005349196,0.000940848,0.002695291,0.004643924,-0.011089556,-0.02542615,0.0044148522,0.0067161485,0.0141416695,0.0010197143,0.011684776,0.0043958127,-0.002605649
2019-02-18,0.0105926925,0.0024262585,-0.002963008,-0.010513152,0.0052329255,0.0015215586,-0.0048472583,0.023060488,-0.003921916,-0.008763532,0.004134663,0.053565506,0.022418404,0.004225281,-4.1004303e-05,0.013951514,0.009849244,0.011222632,-0.0068740025,0.0
2019-02-19,0.01411177,2.5364317e-05,0.0036616782,0.02036079,0.0019299587,-0.011431561,0.002196696,-0.028351221,-0.0018634243,0.015053927,0.0065688547,0.018853782,0.00038949036,-0.009796163,0.0071903574,-0.00022464528,0.008230225,-0.00084452843,0.007681864,0.011904701
2019-02-20,0.0138348965,0.025089027,-0.0031601205,0.0155029725,0.021226801,0.027788062,-0.12195255,0.0042275973,0.012290633,0.014318558,0.0,-0.0017290211,0.019369287,0.01368204,0.006551615,-0.021705152,0.0035948043,-0.021202074,0.007776589,0.019813588
2019-02-21,-0.03441961,0.024370749,0.0065041925,0.006359804,-0.012614488,0.0024248194,-0.016529648,-0.0029818513,-0.017924758,-0.0007563323,-0.0007949264,0.012289236,0.0016783603,0.056661423,0.0017158705,0.03987379,-0.0068558212,-0.00083633984,0.014077263,0.0026013928
2019-02-22,0.010227727,-0.0076792873,-0.0022577497,0.004253754,0.0627541,0.007396845,0.058677092,0.050546046,0.006595051,0.0043937224,0.008865349,-3.6840553e-05,0.0013526126,-0.0011606723,0.0,0.013092947,0.036225975,0.0043118997,0.0032141702,0.0010416117
2019-02-25,0.0010905245,0.0071917167,-0.12208453,0.044845097,-0.004564418,0.02737118,0.019909786,0.0028652493,0.029601932,-0.0041559,0.0,-0.020175587,0.019762097,0.007253122,0.012288104,0.004888651,-0.08546628,-0.01214914,0.0031227751,0.011512278
2019-02-26,-0.03137798,-0.015222784,0.02877234,0.0025913832,0.00045957306,0.021525376,0.014441702,0.0051586046,0.023005608,0.01480986,-0.0011474099,0.00040500393,-0.009024637,0.020374924,-0.040001873,0.0022778406,8.003054e-05,-0.06592856,-0.012985204,-0.006811288
2019-02-27,0.0029500204,-0.028526349,0.06582616,0.024638446,-0.009803517,-0.00054965937,-0.026892731,0.0,-0.013523829,0.012299696,-0.001305942,0.0473192,-0.00010942481,0.031796034,0.10441178,0.0,0.016486214,0.020372154,-0.0030397223,-0.007995247
2019-02-28,-0.12832268,0.005235069,0.0016231746,0.0031592462,0.0056209182,0.003931204,-0.027985208,0.0,0.00874377,-0.020861967,0.0015491885,0.01428966,-0.015538989,-0.0067467624,0.016746514,0.013731594,0.04872703,0.027311685,0.0053539155,0.004791285
2019-03-01,0.02990446,0.011648098,-0.00022245468,0.0026676017,0.0065662796,-0.011664238,0.059529107,0.008847038,-0.0038272552,0.0033709607,0.0,0.009305382,-0.009345336,-0.008790243,0.01434282,-0.030007128,-0.008190897,-0.0022103246,-0.008136327,0.01678457
2019-03-04,0.045261294,0.027242942,-0.004520717,0.015476921,0.032610487,0.01849093,0.044730823,0.000415317,0.010412506,0.007090089,0.007509726,0.009437134,0.0045344066,0.018380012,0.003370779,0.017899917,0.0017382572,0.02611359,0.033262767,-0.011688453
2019-03-05,0.056023605,-0.029082233,0.010442359,-0.010687444,0.013739378,0.015403656,0.0021319746,-0.00058910216,0.0018226214,0.013703737,-0.006032207,-0.0048840283,0.010271135,0.019714702,0.049939808,-0.008320895,-0.123595715,-0.0016843099,-0.0015510886,0.003167869
2019-03-06,0.0,0.02368955,-0.0013779856,0.003531248,0.0006218915,-0.017760044,0.021412417,0.026883457,-0.004581076,0.023168834,-0.001156192,0.013694654,0.015263953,-0.04348271,0.0956075,0.008140532,0.04927993,0.0,-0.0070256074,-0.010472794
2019-03-07,0.00068502675,0.0033649027,0.0003407068,-0.012470254,-0.0005080444,0.0037990902,0.0058761416,-0.00034825943,0.004589174,-0.026804786,0.013052214,0.004947593,0.007350791,0.0153672295,-0.14139272,0.0024295847,0.008241684,0.009059952,0.012452361,-0.007825843
2019-03-08,-0.009995459,0.02716041,0.017045481,-0.04465418,0.008522301,0.008020505,-0.0022441885,2.2908925e-07,0.008886798,0.011078089,0.008414581,0.0063743913,0.018338826,0.013713872,0.025114793,0.021318205,0.013069182,0.011690553,0.0017256584,-0.05180677
2019-03-11,0.0006787421,-0.0008974364,-0.01294704,-0.0051327413,-0.03307593,0.00086704345,0.018235892,-0.0007808093,-0.0068251793,0.01970357,-0.004135825,0.01287779,-0.0067308927,-0.001625972,-0.00385113,-0.0064631538,0.01981786,0.005399546,0.021060023,0.019518455
2019-03-12,-0.004426627,0.00628393,0.0026758,0.035124876,0.004931508,0.025630973,0.0030428946,-0.019241445,0.016834278,0.0064382614,0.011777975,-0.03521452,-0.0008955795,0.022599947,0.016826482,0.013739638,0.016272854,0.0028622837,0.0024985587,0.044424728
2019-03-13,0.0019033621,0.019030742,0.014114157,-0.016319742,0.0060094153,-0.008789076,0.012590502,0.008937091,-0.014350942,-0.020288331,0.009148935,0.01120404,0.0040588235,0.014263694,0.013088049,0.011296355,0.0035479895,-0.002864666,0.00048051245,-0.0063988436
2019-03-14,0.017700016,0.005181424,-0.00089885073,0.011668921,0.0097721,0.0012000637,0.007929595,0.031710062,-0.0018118066,0.0147115635,0.0085406825,0.025531668,-0.01609598,0.005463493,0.0065927077,0.012616575,0.010364267,0.011820725,0.009113916,-0.01438759
2019-03-15,0.009810931,0.015595179,-0.027266387,0.0040891184,0.00356189,0.007190677,-0.0011713003,0.0046919785,0.0,-0.015662378,-0.0037427898,0.0068977857,-0.00014314623,-0.003736303,0.0338429,0.0024257062,0.001815465,0.0013968425,-0.0011313815,0.008272284
2019-03-18,-0.009392725,0.0,0.035028182,0.04284061,0.0070094066,0.008191715,-0.0071994723,0.0025381017,0.014039727,-0.0047306516,0.0076708,-0.0025299226,-0.007709215,0.0033075952,0.011062721,0.00485715,0.0075372253,-0.0032150599,0.021933457,-0.00063928374
2019-03-19,0.0007910725,0.0,-0.022648584,0.014647108,-0.07767301,0.0021305284,0.006444979,0.013631138,0.002656359,-0.018138405,-0.0069252155,0.0058059986,-0.002351465,-0.003513247,8.579009e-05,0.00096647715,0.021071158,0.0006606399,-0.015364781,0.0044538276
2019-03-20,0.013811018,0.0115937665,0.0048222975,0.022443255,-0.0032505223,0.015129933,0.027754929,0.006291652,0.013828343,-0.009021685,0.008176664,0.00043019137,0.02631574,-0.13971153,0.016055953,0.012448985,0.0032548036,-0.0044971104,-0.12965353,0.018731862
2019-03-21,-0.007034652,-0.011888642,-0.003617821,-0.008416924,-0.024611715,-0.00979099,-0.0015526471,0.014894459,0.0,-0.007330513,0.00055449444,0.0012431897,0.0036144573,0.022736102,-0.022165498,0.023205772,0.01272763,-0.004988643,-0.023711199,0.0070985057
2019-03-22,0.008922979,0.010011654,-0.004287647,-0.014174183,-0.0016814728,-0.006399029,0.0130690085,0.0007953449,0.0,0.04007124,0.0030443475,-0.00096899585,0.0036685194,0.023855848,-0.02969773,0.008752806,0.007144255,0.0184705,0.03530443,-0.013822085
2019-03-25,0.01885211,0.0037522807,-0.0070873722,0.005398033,0.07300132,-0.032750774,0.005195431,6.0817274e-06,0.0052071935,0.009093257,0.019321855,0.006559344,0.0063277553,-0.0021999998,-0.014469776,-0.008988395,0.010946022,0.0008597097,0.015835302,0.027706444
2019-03-26,0.017945385,0.010237311,0.0137172295,0.0,0.032134652,0.007239249,-0.0012418539,-0.0110755935,0.012286194,0.025520789,0.001108238,0.0016802847,0.009208326,0.011235415,0.10136228,0.014400875,-0.008478796,0.007744549,0.0580147,-0.005289338
2019-03-27,0.03155386,-0.0018596457,0.012503461,0.012964582,0.02779016,0.019991374,0.00629187,-0.005352668,0.01197065,0.0032947145,-0.002314799,-0.004962005,0.0040188553,0.012238262,0.001078497,0.0054282336,-0.0017805626,0.00048075186,0.08229627,0.011761962
2019-03-28,-0.0034770085,0.006640822,0.023063665,0.011102601,0.013624059,0.0126540605,0.002397644,0.011422104,-0.0005051672,0.026985776,0.0060358224,0.022400852,0.01181294,0.008166997,0.008426692,0.011908685,0.015159754,0.011420858,0.001620695,-0.01723348
2019-03-29,0.0080017,0.011874922,0.0044446914,0.017782953,0.0019798416,-0.009021674,-0.009954883,0.0013603874,0.011807716,0.016814107,0.0046681124,-0.032641284,0.005238497,0.022629134,0.0054776347,0.012303467,0.042590365,-0.006451729,-0.05743692,-0.022200953
2019-04-01,0.012911048,0.0,0.012362316,-0.022868384,0.019745143,-0.014366572,0.0045841928,0.020524483,0.006334637,-0.030137736,0.0,0.029666325,0.0035834324,-0.008255013,0.025223792,0.0,-0.015690615,0.0049867057,0.026929451,0.01747527
2019-04-02,-0.016537046,0.013176156,0.0016455477,-0.0047534294,0.00243974,0.017568275,-0.0007474587,0.0,-0.010452891,0.0102098165,-0.0002486592,0.023976123,0.00249432,0.03154914,-0.0073256595,0.00064284867,-0.002230307,0.005183528,0.034248345,0.00055768405
2019-04-03,0.018332206,0.00059141975,0.0049822084,0.0014329612,0.031553015,0.011741289,0.0025650777,-0.0077438643,0.014083813,-0.0047203796,-0.0027062993,0.0011029462,0.0043086596,0.0026248193,0.0041366844,-0.0066717635,0.08270675,0.009137888,0.008899209,0.027511323
2019-04-04,-0.0015688943,0.016137421,0.002778573,-0.006025472,0.0135893375,0.013928602,0.0037440222,-0.004690359,0.0057008765,0.01986128,0.0066564837,0.0014362248,0.0048510153,0.010883297,0.004363506,0.013274835,0.038398277,-0.01835277,0.010470413,0.010565951
2019-04-05,0.001929722,-0.0025712985,0.014177249,0.0078083533,0.0682904,0.016887346,0.00094131305,0.015396358,-0.0031586394,0.010662135,-0.0072652567,0.0149286,0.0057137986,-0.0011345325,0.027612692,0.026779199,0.003992469,0.0066026896,0.014728333,-0.0038032453
2019-04-08,0.0058778706,0.007967237,0.0128420275,0.01376707,0.003033951,0.002408146,0.018271245,0.008873933,-0.008732197,0.007889838,0.007851389,0.0011217699,0.0103474315,0.011867604,0.0013310098,0.010791982,0.018347241,-0.0034535946,0.018280918,0.0011506096
2019-04-09,-0.0007872235,0.001992159,0.055809505,0.013826068,0.0018339561,-0.0013159103,0.012002424,0.002234548,0.000509905,-0.009450993,-0.015370814,0.011297791,0.017539887,0.001683944,0.0045174356,0.0033690624,0.00959329,0.016651504,-0.007787901,-0.03657441
2019-04-10,0.0003870695,-0.002899458,0.001872027,0.008307786,0.012310711,0.0,0.013068445,0.016701395,0.009317684,0.0067348666,-0.004775331,0.0,0.010622736,0.01083908,-0.052745443,0.0023823217,0.0011252353,-0.01918647,0.012587361,-0.026029147
2019-04-11,-0.0038741352,0.0012774873,-0.0045034876,0.0021832234,0.01696006,0.0061145145,0.018576177,-0.0102930125,0.002700154,0.017869895,-0.0064778123,0.022980534,-0.020798111,0.019578654,0.00090553897,-0.0028294807,0.0068053105,-0.0067959167,0.0020101385,0.012124784
2019-04-12,0.010559083,0.029894488,0.020144667,-0.0020380013,0.014446891,-0.026820078,0.018075336,0.004412564,0.0027906108,0.005339673,0.0039977827,0.023163458,0.0080746235,0.012113006,0.011996409,0.009039321,0.025064792,0.027466657,-0.007594536,-0.03486589
2019-04-15,-0.0022285318,-0.040132135,-0.010392216,0.0074312603,0.0036293822,0.0096308505,-0.0058224103,0.0050955038,0.012958398,-0.014356524,0.02253117,0.005583555,0.007789306,-0.032803204,-0.0023138162,0.010023918,0.005586723,0.0129529415,-0.011743819,0.05041238
2019-04-16,0.02016935,0.02777718,0.0057403217,-0.002865935,-0.070284024,-0.029002393,0.00050368404,-0.0066561988,0.008976189,0.0028199137,-0.00018410182,0.0061853686,0.0026569532,0.015846657,0.0067555555,0.030320883,0.044529017,0.010775996,0.01601688,0.027538754
2019-04-17,-0.0028048588,-0.012374954,0.0033582381,0.02618856,0.024248654,0.0011141151,0.002549768,0.019642351,0.015540215,0.0049080863,0.011407041,-0.003764609,0.0019455431,0.009736616,0.010043991,-0.016531339,-0.013851461,0.0054888967,-0.0059440755,-0.004438407
2019-04-18,0.005535815,0.035090372,0.019637898,-0.0052710143,0.04900164,0.032898445,0.0260235,-0.02553838,0.0,0.019351564,0.008466385,0.010664969,0.0044715446,-0.0022508304,0.03222662,-0.0050540124,-0.002761564,0.010655698,0.016431542,0.05824328
2019-04-19,-0.004681604,0.001868391,0.00818562,0.003976081,0.014326296,-0.00021547612,-0.0034072443,0.006377179,0.008636079,0.006291722,0.0041577467,-0.014153589,0.01969018,-0.00018690414,0.024471011,-0.011392992,0.03605338,0.002165317,0.0063991924,0.009837454
2019-04-22,-0.005617096,0.018180776,-0.0049858484,0.017616933,0.006595503,-0.0045098457,0.0003624498,-0.004266547,-0.017267281,3.985858e-05,-0.00246035,0.026379209,0.0018275949,0.012642503,-0.004695052,0.00685645,0.022099009,0.0023860615,-0.007454872,-0.0076995036
2019-04-23,0.026227934,-0.0077197817,0.05518087,0.008037949,-0.00038266738,-0.00029898138,0.030564323,0.02499844,0.0030165918,0.021681238,0.010260252,0.0018249489,0.014106549,-0.002990914,-0.0036944945,-0.017166644,0.00080979173,-0.0078064934,0.013709896,0.0040500024
2019-04-24,0.025533399,-0.008915867,0.012366065,0.0040496965,-0.004851392,0.048885256,0.00070127926,0.004776541,-0.0025566588,-0.0020384805,0.0039492464,-0.0018954341,-0.041325156,0.0015212389,0.015520347,0.004218462,-0.007214723,0.00631087,0.006403914,0.008041171
2019-04-25,-0.0028135423,-0.0013146545,0.008871838,0.0073402105,0.01970072,-0.0043059834,0.0046569146,-0.0011004399,0.0029323683,0.014337433,-0.0019551597,0.006502656,0.010684101,0.014186673,0.0130396895,0.039079595,-0.015077263,0.008240636,0.013115969,-0.0044341004
2019-04-26,0.0015930537,-0.018638417,0.012383182,0.0072612464,0.0065581226,0.029822163,-0.032723535,0.0117798345,0.0024953731,-0.036266457,0.001361874,-0.010012599,0.008688291,0.0068955324,0.02353903,-0.08786287,0.010263966,-0.004401131,0.002885653,0.058905903
2019-04-29,0.015146972,-0.0016463444,-0.026534764,0.012254587,0.023779463,0.0077827075,-0.0027400993,0.017099952,0.011121442,-0.018201897,-0.0070392247,0.014057686,-0.003326258,-0.0019485686,-0.013538377,0.022121258,0.05363734,0.012317039,0.0005031531,-0.006704184
2019-04-30,0.0158719,0.03249506,0.02284979,-0.0078104497,-0.03897098,0.0061753574,0.0128676295,0.019245705,0.008130308,-0.015843553,-0.004754871,0.006178722,0.005407349,0.013920901,0.009639493,0.011766155,-0.0050669843,-0.0021982912,-0.010132107,0.0
2019-05-01,0.009864353,0.012360696,-0.00075322425,0.015598584,0.00655163,-0.013982969,0.040880367,-0.00085454085,0.0010548987,0.0112853395,-0.007875513,0.01795089,0.010901258,-0.0026419412,0.016567098,0.005566888,0.010361252,-0.018521318,-0.11184559,0.015934797
2019-05-02,0.021544747,0.026926879,0.018372549,-0.0071453913,0.0,0.024934204,0.0,0.0061910166,-0.00024059153,0.007679187,0.016961752,-0.018307747,0.0004099772,-0.0021145178,-0.016596464,0.0048719477,-0.002702031,-0.015708221,-0.005437071,0.008538283
2019-05-03,0.010644545,-0.002499767,-0.049481414,-0.026393281,-0.02254036,0.021324817,0.0066433884,-0.019037103,0.00014964106,0.0069542844,0.008861477,0.009922424,-0.032186303,0.0078063915,-0.00027361463,0.0093469415,-0.00259528,0.020573772,0.020337138,0.003892845
2019-05-06,0.010510222,0.002385176,-0.0020074304,0.0030269239,0.00011282674,0.014711593,-0.010697175,0.009840094,0.0075910487,0.00043792653,-0.01133506,-0.006163273,-0.0031128018,0.021623783,-0.0059792106,0.015395914,-0.014856025,0.013204958,0.0073635043,0.0031694677
2019-05-07,-0.008186445,0.0036823528,-7.084424e-05,0.025564246,0.027623054,0.014016364,0.02220179,0.0042170086,-0.0028349427,0.013978496,0.013562832,-0.009835978,0.0,-0.0014242328,-0.122566275,0.0015432548,-0.015302951,0.0013416844,0.041023694,0.0009878082
2019-05-08,-0.0011677512,0.0064784735,-0.0032274763,-0.00378356,0.017277028,0.0033611257,0.01862347,0.018602442,0.01472968,0.005139102,-0.011702059,0.03512716,0.012290985,-0.007246082,0.022428732,0.0028319757,-0.013424749,0.0038176866,-0.009254699,0.0104167815
2019-05-09,0.008717322,0.0041516884,0.014895991,0.011388853,0.00030362554,0.0076101534,0.0031617337,0.010999268,0.0,-0.0073161707,-0.0022389472,0.0038844235,0.010114037,0.02273217,0.00045025043,-0.0022493587,0.079771794,0.0026270105,0.02602133,0.0051032607
2019-05-10,0.0043981476,0.004409722,0.014314358,0.029913224,-0.023663733,-0.0006995395,0.0016190202,0.0006638033,-0.028214246,0.00823293,-0.0030512707,-0.00295656,0.013855916,-0.007424753,0.030957289,0.008634964,0.014914338,0.0070254225,0.016161371,0.0
2019-05-13,0.010060826,0.0048008533,0.0029883299,0.0019078428,0.014199617,0.005495119,-0.0042390996,0.008858694,0.00666372,0.00027912593,0.009842679,-0.035886806,-0.015994456,0.021474916,-0.0011986811,0.0013563898,-0.0055341157,-0.0016673718,0.011227723,0.010463039
2019-05-14,0.0,-0.005016259,0.0067246663,0.0089375945,-0.015470064,0.006273088,0.01900992,0.015988545,0.0051226513,0.0031217998,0.0027468195,0.016961453,0.02079304,-0.022155572,0.014581005,0.0030458681,0.0031047224,0.0111856,0.01328985,-0.00032824065
2019-05-15,0.0034764041,0.022990327,0.011410551,0.0034963912,0.04973076,0.004314061,-0.016088935,-0.003891275,0.011112163,0.009644663,-0.003302323,-0.0111741,-0.009990449,0.0053408877,0.015545114,0.014582442,0.0001303275,0.007369283,0.005610577,0.0
2019-05-16,-0.017669521,0.011057071,0.008556876,0.00050625805,0.01360097,0.00520061,0.0031298234,0.0011979373,0.002859421,0.0119129345,0.0032728754,-0.0042781346,0.019183246,0.0075965454,0.0029922174,0.007609209,0.014995552,0.0009861728,-0.0018360947,0.0049949065
2019-05-17,0.0061026523,0.007861623,0.029359281,0.01808828,-0.034017704,0.021645268,0.02060108,0.0056691854,0.01426698,0.012490086,0.014140236,0.02251753,0.0027291672,-0.010268911,0.020023275,-0.0059322943,0.0,-0.00535784,0.020479236,0.006655952
2019-05-20,0.0,-0.0031065491,0.017457005,-0.0022644734,0.013949423,0.011215982,-0.0011004272,0.00026655637,-0.0044074045,0.008467375,0.016839352,0.0009708536,-6.707127e-05,0.0064169066,-0.012202975,0.0019541453,-0.00039335497,-0.0043358663,0.032304887,0.0051208856
2019-05-21,-0.033649106,0.025637675,-0.010657067,0.005335808,0.009917225,0.0027153033,0.01442877,0.0010242825,-0.120611295,0.008620909,0.09238053,0.027830906,0.0010099354,0.0324577,-0.13801622,0.003773816,0.061364908,0.004934209,0.019031184,-0.033649106
2019-05-22,0.085323565,-0.012891966,0.012098373,0.00907842,0.027379157,-0.0005828899,0.0046250755,-0.009080079,-0.0055951537,0.010699525,0.020515446,0.012369608,0.005946669,-0.0047453865,-0.099246666,-0.0071991775,-0.0056385244,0.05667901,-0.13199535,0.085323565
2019-05-23,0.049704224,0.022623518,0.016142301,0.049493752,0.0011232977,0.044312656,0.00043879123,0.0024497344,0.031093786,0.017334897,0.005532618,0.0025548113,-0.0005096534,0.0,-0.00555848,-0.008321653,0.004308405,0.04687696,0.022639446,0.049704224
2019-05-24,0.0059948727,0.0008907317,-0.019445175,-0.014527428,0.022321533,0.0014881738,0.0036577578,0.0031443823,-0.0026591711,-0.0004464876,0.014854883,0.0080778515,0.021794792,-0.026583098,-0.1375684,0.023597037,0.022143275,-0.014168627,0.031610686,0.0059948727
2019-05-27,0.009634759,-0.0158843,-0.009116121,0.017584411,0.006874943,-0.0049771927,0.008380334,0.014965821,0.011939888,0.0014539529,-0.0010533858,0.010032483,0.012332275,0.03373078,0.105822206,0.000844871,0.005408685,0.0043101404,-0.00023162618,0.009634759
2019-05-28,0.014341834,-0.015459846,0.021574099,-0.0009715197,0.0,-0.007034763,0.004971223,0.0050695706,-0.009243851,-0.0010301638,-0.014840169,0.051835924,0.0065978267,0.0005341743,0.043536328,0.0136027215,-0.016051145,0.011134736,0.0057598553,0.014341834
2019-05-29,-0.020629058,0.0139094135,0.0015802511,-0.004574264,0.012922831,0.0038649817,0.01537958,0.010499347,0.030826373,2.4455383e-06,-0.0043893536,0.007984742,-0.0028880145,0.016912773,0.008947944,0.014709946,0.014926919,0.003845842,0.012100202,-0.020629058
2019-05-30,0.009485585,0.01310993,-0.036381405,0.011780048,0.020579295,-0.010292064,0.0031693217,0.011165914,-0.022602595,0.0043580686,0.014784886,-0.039203767,-0.0011006155,-0.0065620253,0.0037121424,0.00657681,0.022190684,0.012911262,0.020288896,0.009485585
2019-05-31,0.0097503085,0.0042701573,-0.02048487,-0.02167416,-0.005948195,-0.010385924,0.010913706,0.017933859,0.0017133566,0.005569239,0.0138083985,0.004035895,0.007331688,0.022383757,0.105440356,0.0048550237,0.0063905697,0.011676576,-0.009325754,0.0097503085
2019-06-03,0.021806888,0.022906533,0.0052370676,0.019727256,-0.030784486,0.0037526768,-0.0023828503,-0.0042131403,0.009927963,-0.015276911,0.023460625,0.0017463975,0.013385837,0.014289626,0.04250826,-0.014308644,0.0067828675,0.0077144764,0.007640838,0.021806888
2019-06-04,0.0035802017,0.0050229733,-0.005992132,0.00010612033,-0.0035489602,0.012283938,-0.008691887,0.015604334,0.010432061,-0.0020907419,0.006900903,0.017157037,-0.005183502,0.003020416,0.03765838,0.007829314,0.013814565,0.004371096,0.0006789695,0.0035802017
2019-06-05,0.0008929827,-0.008046422,0.088702865,0.0032534273,0.013747849,0.009757014,-0.0036835931,-0.014814046,0.032960493,0.009366137,-0.021753658,0.0067034517,0.009840034,-0.009673929,-0.07196285,0.013021095,-0.0028760256,-0.020783965,-0.0006782424,0.0008929827
2019-06-06,0.0028442126,-0.016048593,0.003205372,0.015332227,-0.0035001,-0.00019927847,0.00995137,0.004335617,0.020947587,0.013021245,0.01573658,0.0,0.009370715,0.03694364,0.04102547,0.008812528,0.004331157,0.015241073,0.015244314,0.0028442126
2019-06-07,5.767311e-05,-0.1416337,0.025545001,-0.062486466,0.019099558,0.023629777,0.0023941405,0.025764633,0.001461839,0.008984788,0.004604264,-0.058647122,0.0033247771,0.0074716625,0.024939654,0.0028551493,0.0074511603,0.009953757,-0.0315543,5.767311e-05
2019-06-10,-0.011987947,0.0037824216,-0.01093304,0.03641664,0.002749027,0.009567839,0.011328463,-0.004803835,-0.014370973,0.006415343,-0.00087903603,-0.0024073534,-0.010495439,-0.014934302,-0.024259657,0.02482694,0.0029726266,-0.0034730434,0.036096163,-0.011987947
2019-06-11,0.0062512998,-0.012150716,0.007024296,-0.0012645259,0.012485211,0.0022227594,-0.0016220147,0.00046509132,-0.005740795,-0.005531331,0.0142377205,0.01858345,0.004287978,0.0021988736,0.034459755,-0.0021289526,0.012732531,-0.017372908,0.016351048,0.0062512998
2019-06-12,0.0029808562,0.10585193,-0.0060683815,0.0117595075,0.01736647,0.017086687,-0.012320834,0.0065579177,-0.0070619048,0.012269799,0.025348444,0.017450742,0.008971755,-0.022429597,0.0020132035,-0.026302936,0.026083365,0.006545588,0.0026753442,0.0029808562
2019-06-13,-0.027269784,0.059605185,-0.015451593,0.011853025,0.0004640051,0.010416955,0.0009283464,-0.0094103115,0.013598358,0.006706559,-0.006543441,0.017418412,0.006284336,0.0020044206,0.016962746,0.0076678954,-0.0011039665,-0.030498829,0.03359009,-0.027269784
2019-06-14,0.035295457,0.008502384,0.0010051153,0.0057982747,-0.007997127,-0.018888345,0.0042537004,0.0141830975,0.003434302,0.00071961957,0.0267769,-0.0026542658,0.0023301549,-0.029327383,0.00902127,0.017357172,-0.0015745051,0.0044265515,0.008229603,0.035295457
2019-06-17,0.032377865,0.045358963,0.04532701,-0.00052348373,-0.005128274,0.010340126,0.0065526967,-0.11576572,-1.6812072e-06,0.0016151882,-0.015150356,0.00050163287,0.01372354,-0.01745163,-0.027734453,0.0033319688,-0.0029745707,-0.0012639519,0.0006515078,0.032377865
2019-06-18,0.011092449,0.06910361,0.016349478,-0.004592473,0.006218002,-0.00839215,-0.0012988603,0.013648665,-0.0009109267,-0.004371376,0.0160253,0.0027772426,-0.005313104,0.008204711,0.0047006616,-0.0017532465,0.017211745,0.01156027,0.008162317,0.011092449
2019-06-19,-0.054812547,0.00059788633,-0.0030218998,0.005904807,-0.015722094,0.0256515,0.00937546,-0.012802384,0.0,-0.0038558186,-0.0009469147,0.0020480724,-0.01623076,-0.046225768,0.004468631,-0.012574718,0.0023017414,0.0138115445,0.042300012,-0.054812547
2019-06-20,0.0044077975,0.03254625,0.01229873,-0.0020067554,-0.007185485,0.003808222,0.011851694,0.013960069,0.002274308,0.00066057575,0.021011848,0.012363409,-0.0019003776,-0.016501572,0.022419354,0.016213868,0.009311396,0.00026477868,0.013774375,0.0044077975
2019-06-21,0.0054024067,-0.0019557953,0.0080269035,-0.0027942488,0.0104578985,0.012150618,0.0016586371,0.022737818,0.009456435,0.009917804,0.0037179776,0.01399583,-0.0012499725,0.10291409,0.00063542905,-0.0022879988,0.007747892,0.017473454,0.052479442,0.0054024067
2019-06-24,-0.029873937,0.0648421,0.0016663987,0.005123872,0.006940738,0.007453677,0.007899312,-0.0045193858,-0.014060408,0.0047399835,-0.005672711,-0.019403433,0.0,0.008263593,0.0052543106,-0.008850807,0.0078065293,0.0042553134,-0.03308958,-0.029873937
2019-06-25,-0.007198658,0.011187189,0.022813952,-0.013569098,-0.017323267,-0.052183285,0.0012057775,0.030504365,-0.020134408,-0.014959112,0.007315306,-0.0014753758,0.006560312,0.0715426,-0.00095086446,-0.00445825,-0.0024175518,-0.004035455,-0.0067133564,-0.007198658
2019-06-26,0.04004417,-0.0036882188,0.00041654328,0.018347163,0.012303916,0.010953953,0.008436055,0.0029792169,-0.0015284733,0.0016587045,0.010079584,0.026208298,0.009892758,0.031622138,0.012778491,0.002966655,0.0003085033,0.0014029721,-0.025204271,0.04004417
2019-06-27,-0.043053452,0.014302983,0.0023949957,0.010367166,-0.0036298847,0.015324589,0.008043215,-0.0008489926,0.007678463,-0.027729506,-0.032412607,0.0004057764,0.010583824,-0.031777915,-0.002119309,0.005036111,-0.0030077337,-0.0007579407,0.0066429754,-0.043053452
2019-06-28,-0.006391824,-0.0046843598,-0.0072898124,0.0033270996,0.010681297,-0.0039057606,-0.01065049,0.021721201,0.0096741505,-0.0057224194,0.05202214,-0.016559528,-0.0071286964,-0.0030456597,-0.007933534,0.010356982,0.0117209125,-0.008832207,0.012075946,-0.006391824
2019-07-01,0.02182143,-0.020862821,0.0005276959,-0.0008615571,0.012506309,0.005232237,-0.00043946021,-0.0017065384,0.0059674312,-0.0141960485,-0.0048513166,0.002978925,2.9695673e-06,0.0066140536,0.034269623,-0.0006838696,0.0053510885,-0.01289853,0.006707136,0.02182143
2019-07-02,0.039889723,0.01881524,-0.0016873934,0.009757311,0.010653795,0.0077620232,-0.0055257683,0.01373331,0.02006841,-0.012168079,-0.005920027,0.001069347,-0.00079983013,0.0038560482,0.0070225424,-0.015912283,-0.048736323,0.0054842625,0.03869101,0.039889723
2019-07-03,-0.002582072,0.008714817,0.0,0.011291302,-0.0011350758,0.01935372,-0.014679067,-0.0032245081,0.007783681,0.043052852,0.010755547,-0.013986679,0.011703582,0.00605527,0.012994175,-0.0017757801,0.0030420625,0.0042302134,-0.0010345491,-0.002582072
2019-07-04,0.036088124,0.04392804,0.0094943615,0.012693,0.004545853,-0.002049485,0.015263309,-0.015909066,0.0020514417,-0.03240594,-0.008218613,0.0055255815,0.0024881114,-0.00063882174,-0.0011828768,0.013982202,0.0048868447,0.04897365,0.007793951,0.036088124
2019-07-05,0.0026198032,-0.0028317417,0.0070608496,0.015566326,0.020613197,0.0,0.005343034,0.008545092,0.0028771886,0.0019570843,0.004120139,0.029938716,0.0024702752,0.019217908,0.05109947,0.0035630164,0.0029938405,-0.0013870377,0.00898693,0.0026198032
2019-07-08,0.016967783,0.007346311,0.013262501,0.010336561,0.0063928445,0.022853578,-0.0028590267,0.03398973,0.006441468,-0.00079042435,-0.0058076996,-0.04737984,0.023475926,-0.022063656,-0.005379173,-0.0002989653,-0.018659417,0.035396088,-0.0018531734,0.016967783
2019-07-09,0.004603163,0.0073213545,0.0015239934,-0.0029560772,0.001131116,0.01700057,0.012578237,0.0049027707,-0.011066539,0.009548384,-0.007536932,-0.06434495,-0.0022369649,0.0027324287,0.03502406,-0.00045452736,0.00018147858,0.0,0.022672059,0.004603163
2019-07-10,0.0020565616,-0.00985161,-0.012088469,0.008966333,0.01822791,0.002289008,-0.0044979276,0.0030766542,0.009271265,0.0063736746,0.015978547,0.022313876,0.0034572284,0.019125316,0.0011174997,0.0036037727,0.030608965,0.024335304,0.008912583,0.0020565616
2019-07-11,0.009450732,0.0035115317,0.022047613,0.0,0.0043905457,0.010684933,-0.0035442784,0.01795218,0.007674275,-0.0024783553,0.020382714,-0.040883053,0.0059214975,0.004959985,0.0005593635,-0.002822027,-0.0024327016,0.004195804,0.00805494,0.009450732
2019-07-12,0.0433012,0.022876993,-0.008422673,0.015037978,0.0,0.0031936297,0.006963498,0.037294865,0.014549243,0.0035703445,-0.00011383112,0.014340391,-0.016399791,0.017780092,0.0051419144,-0.0038756675,-0.007548713,-0.022527508,0.0014166611,0.0433012
2019-07-15,0.0010134113,0.026616864,-0.016772557,0.009555971,0.0009023334,0.005145704,0.010563387,-0.0040034833,0.0142565835,0.010450893,-0.0075332248,0.037768763,-0.01346484,0.0073598423,-0.0023086849,0.0026004245,0.025005141,-0.026637994,0.014322268,0.0010134113
2019-07-16,0.0038480742,-0.0048606885,0.016485594,0.0,0.01157923,0.004617994,0.0,0.00020275523,-0.004908798,5.505322e-05,0.021222487,0.0124611035,-0.009142562,0.006039436,-0.0066788336,0.0016477968,-0.00059676945,0.014807424,-0.006618334,0.0038480742
2019-07-17,0.010557789,0.0154583985,-0.0030515057,0.010325628,-0.001716256,0.013203256,-0.019087356,-0.0032174403,0.0043998524,0.0052833874,0.0,0.0027701627,0.0017969892,0.016419604,0.034169942,0.0035661273,0.0029514409,0.026451021,0.006739767,0.010557789
2019-07-18,0.026672328,-0.012062156,0.008967975,0.00042648977,0.0054797316,0.0045590764,0.008586896,-0.0063447817,0.009169633,0.006561458,0.018134164,0.008473228,0.011689944,-0.015762296,0.004149317,0.03911797,0.0049834703,-0.010036326,0.00052875147,0.026672328
2019-07-19,-0.009114668,0.0043259976,0.008972374,-0.0042185597,0.016879795,0.004137488,0.007608573,-0.00438562,0.00069288403,0.0036819968,-0.011671773,0.00555847,0.030340193,0.00010292104,0.0052638585,0.009344354,0.0,0.018117936,0.0067257,-0.009114668
2019-07-22,0.0040566702,0.10412474,0.0094840005,-0.0043414542,0.0009500376,0.022856662,-0.00086917577,-0.0316758,-0.017737444,0.0041061095,0.011917,0.0,0.012496785,-0.024353566,-0.0013078398,-0.016480988,0.005496699,-0.013415695,0.029483646,0.0040566702
2019-07-23,-0.009723637,0.0017691825,-0.024353927,0.0011179171,-0.010409627,-0.009849794,0.003736049,0.009245179,-0.006496014,-0.004125705,0.010615914,0.009841394,0.011385462,0.024952058,0.010645606,0.024951024,-0.03928364,-0.008558502,-0.00076276914,-0.009723637
2019-07-24,-0.006861829,-0.018449625,0.029541012,0.00045111682,0.022563707,-0.0004825588,0.005199877,0.011505688,-0.008542718,-0.007817927,-0.0006237431,0.0027264166,0.007665146,0.0036664326,0.018392824,0.0058023324,0.013425618,0.018938296,0.020275054,-0.006861829
2019-07-25,-0.013549988,0.006344555,0.0034245485,0.006845069,-0.00061709323,0.008425779,-0.0036472445,-0.02700014,0.00042173595,0.007390286,-0.0031083685,0.015772186,0.002399863,0.008560104,0.00758339,-0.034564484,0.0062683993,-0.001583223,0.007450955,-0.013549988
2019-07-26,0.07381516,0.044031255,-0.005250562,0.0,-0.0017353403,0.02481578,0.0076800706,0.008778145,0.015852885,-0.013787426,-0.004230615,0.0,-0.0036764767,0.004937546,0.012595315,-0.01994706,0.011986565,0.0018864415,-0.00518501,0.07381516
2019-07-29,0.0143817505,-0.0114934975,-0.0012609492,0.013780401,-0.004924758,0.00585616,0.0004328658,-0.001189273,0.012339245,-0.00061764044,-0.0015218636,-0.003256309,-0.015165469,0.016354999,-0.030852554,0.020344235,0.0007591929,0.02285471,-0.007921052,0.0143817505
2019-07-30,-0.010974545,0.004688157,-0.006028999,-0.015869606,-0.02410852,0.0022381146,-0.019957978,0.006954358,0.011058187,-0.016652342,-0.015238679,0.023084942,0.0031125727,0.0046282583,0.033356532,0.0075193634,0.030695308,0.0035918239,0.013668421,-0.010974545
2019-07-31,0.025857192,0.025161173,0.022108508,0.013566127,0.0079987645,0.0028342,-0.0091077145,0.024761125,-0.00523384,0.0065914886,0.02372802,-0.006845616,0.0056661703,-0.009137535,-0.033056997,0.001706092,0.014391559,0.0076708393,-0.14002417,0.025857192
2019-08-01,0.013643335,0.004578356,0.00461309,0.010479252,0.003824795,-0.015040598,0.0,0.008703667,0.003570734,0.0067448737,0.036602974,-0.023289394,0.0037383242,0.015465204,0.0,-0.0041439347,-0.011578907,0.0016436825,0.027811488,0.013643335
2019-08-02,-0.002163204,0.003515919,0.010922629,-0.0037486604,0.010672287,-0.01002684,-0.0011063502,0.0003953228,0.0041222554,0.012930983,-0.003770419,0.008280533,0.0094967205,0.0,0.037662636,0.009512477,0.011676889,0.008306661,0.03577774,-0.002163204
2019-08-05,0.03941975,0.007875589,-0.009236345,-0.006397177,0.002023105,-0.008218743,0.015046931,-0.00011214983,0.008694958,0.005526604,-0.03912518,-0.007663377,0.0075144987,0.008171072,-0.030902755,0.010767121,0.012325737,-0.006119117,-0.015104766,0.03941975
2019-08-06,-3.845655e-05,0.01048414,-0.00022042962,-0.0035168473,0.0015239604,-0.0061088586,0.0152322035,-0.0070929136,-0.0065902504,-0.002424678,-0.0022117738,-0.027236128,0.02552188,0.023328807,-0.025993325,0.03543768,0.008867467,0.0009603285,0.010589314,-3.845655e-05
2019-08-07,0.03231107,0.014117166,-0.005097892,0.019177314,0.0074963607,0.004096507,0.009695982,0.013075237,-0.003251326,0.008230494,0.0040835547,0.0016427824,1.1659994e-05,0.01908704,-0.048068147,0.027413674,-0.007650023,-0.02879477,-0.0003928403,0.03231107
2019-08-08,0.014343441,0.006163609,0.007024295,0.0017152523,-0.00088173815,0.03526064,0.00067054335,0.021471031,0.0020807814,-0.0044704443,0.005425627,0.0141396,-0.0005842473,0.016998675,0.0028385345,-0.011065012,-0.015349406,0.013931134,0.022819867,0.014343441
2019-08-09,0.0,0.0048387907,-0.008531858,0.0,-0.0012783419,0.009690455,0.0035023752,-0.028390447,0.0028466606,-0.0013408177,0.0261839,0.007958687,0.002349929,0.0005193756,-0.014384891,0.013888672,0.011911939,0.042045403,0.035571255,0.0
2019-08-12,0.0038349833,-0.008580585,0.017477896,0.0,-0.0018986128,-0.009757981,-0.000120436634,-0.0020729757,-0.001387215,0.009564665,-0.012256202,0.02451051,-0.0019297057,0.0066670007,-0.14155237,0.017930666,-0.012251102,0.0078026964,-0.008021861,0.0038349833
2019-08-13,-0.0019675123,0.031473327,0.018630238,0.004544206,-0.0044303737,0.017345598,0.004337665,-0.048039455,0.005845691,-0.0014271475,0.0140544195,0.016411202,-0.016707612,-0.0071147885,0.02307699,-0.009038114,0.0,-0.0072823786,-0.02669,-0.0019675123
2019-08-14,-0.010673099,-0.0068169674,-0.0048605157,-0.00041542007,0.00073879946,0.009804719,0.0029828718,0.033907454,0.0005802766,0.0010197143,-0.0043653534,0.0033232155,0.014711666,0.0053048725,-0.023918169,0.008036254,-0.00055559294,0.006098049,-0.0032805626,-0.010673099
2019-08-15,0.039483055,0.006006784,0.010104662,0.0047816886,-0.0030536389,0.010731371,-0.013260467,0.007281179,-0.0015431613,0.009849244,0.00092437153,0.014806091,0.0012688668,0.0007293693,0.026286436,-0.015581311,0.0045873355,0.013268661,0.006556235,0.039483055
2019-08-16,0.008150473,-0.06886682,0.0045796786,-0.0026188747,0.018390318,0.0060777874,0.009525775,0.0043349313,0.0065250136,0.008230225,0.0005657283,0.004122571,0.020575764,0.01990487,-0.018357517,0.0052869404,0.0062416634,0.004194778,0.01335626,0.008150473
2019-08-19,-0.029059986,0.0016977374,0.05020079,0.057175457,0.020270614,-0.030026242,0.016794119,0.0043230797,0.026160225,0.0035948043,0.0,0.004251799,0.0068108183,0.030099094,0.015095386,0.022272566,0.004702729,0.006091398,0.028261287,-0.029059986
2019-08-20,-0.019771868,0.044609837,0.0024884176,0.023580387,0.017223908,0.025944807,0.0076121306,0.0064275186,-0.017315464,-0.0068558212,-0.0020095175,0.0013402089,-0.0018558512,0.008806981,-0.012521853,0.00890108,0.026985181,0.001824506,0.034671377,-0.019771868
2019-08-21,0.040013865,0.019384647,-0.0026113647,0.0038524717,0.008131964,0.0016821524,0.0051289983,-0.012033961,0.0,0.036225975,0.0067033805,0.014155588,0.0050066775,0.021985354,-0.0005571224,0.0040915897,0.0013023288,0.047504913,0.002309397,0.040013865
2019-08-22,0.0026653414,0.0064254585,0.017437309,-0.030231973,0.012144705,0.022601932,-6.339275e-05,0.034780845,-0.0065546697,-0.08546628,0.015503206,0.0049246,0.0063438485,0.014371085,0.01358485,-0.004688693,0.009563349,-0.0023871674,0.013588232,0.0026653414
2019-08-23,0.026594201,0.025393942,0.0069037094,0.0,0.017783288,-0.004619579,-0.0051177284,0.010365332,0.012431358,8.003054e-05,0.008422289,0.027423484,0.0044768546,0.016927706,-0.006684426,-0.005168922,0.01253179,0.021998566,-0.010492586,0.026594201
2019-08-26,-0.11554359,0.008347834,0.018471615,0.047033276,0.0030951544,-0.017143875,0.018241763,0.015832392,-0.0074525173,0.016486214,0.024592806,-0.02754154,0.0,-0.0071539977,0.0063217795,0.0,0.0023963687,-0.0039906614,0.0042846496,-0.11554359
2019-08-27,0.054164506,-3.1759322e-05,0.010593636,0.019771438,0.0042535146,0.009957316,0.0033476744,-0.010531377,-0.01571943,0.04872703,-0.0051035774,0.022100443,-0.0047530225,0.0137048215,0.03415317,0.009813693,-0.004293253,-0.0104319425,0.018162591,0.054164506
2019-08-28,0.00010690817,0.0,0.0,-0.005814816,-0.0008163063,0.019533297,0.00804036,-0.0022746243,0.019271392,-0.008190897,0.015463087,0.016052652,0.011079235,0.0039363876,-0.005616863,0.011202498,-0.020580674,0.030939741,-0.035351392,0.00010690817
2019-08-29,0.0122964755,0.017821519,-0.00093945256,0.0252682,-0.012035567,0.020433912,0.016456438,0.003117827,0.0018483101,0.0017382572,-0.029366553,0.005291067,-0.0019104895,0.0,0.008321427,0.0010745496,0.028248856,0.012734853,0.0066071954,0.0122964755
2019-08-30,0.0,-0.020230372,-0.00020124824,0.020586682,0.0,-0.010312798,0.009532912,-0.010948783,0.018354204,-0.123595715,0.027693992,0.004160626,0.0031012453,-0.00905471,-0.0124424305,0.019755889,-0.0055142264,0.03127799,0.031995986,0.0
2019-09-02,0.030177992,0.020598106,0.01071442,-0.0011300488,0.019266618,0.013122153,-0.00544144,0.0,0.000100566365,0.04927993,0.10208512,-0.004408923,0.010603,0.00050403416,0.009077047,-0.0015524593,0.015994376,-0.050421916,0.04328232,0.030177992
2019-09-03,-0.019641036,0.0054758,-0.026888702,-0.1416659,0.00014340445,-0.030090908,0.0057989657,0.005482201,0.009025577,0.008241684,-0.018445618,0.012357699,0.008533361,-0.007961763,-0.014396703,0.0097095845,0.010685809,0.01744589,-0.010846272,-0.019641036
2019-09-04,-0.0013746277,-0.001106896,0.015556171,-0.0029538565,-0.011998535,0.00029570318,0.004834425,0.0107577285,0.014770653,0.013069182,0.0058114375,-0.0011605643,0.0,0.003197127,0.01626777,0.0069958935,0.025923733,0.01692765,0.04706394,-0.0013746277
2019-09-05,0.0043311385,0.011849247,0.010150419,0.008480029,0.016228113,0.05813717,0.008208,-0.0154834185,-0.0037613478,0.01981786,0.0032664044,0.012649831,-0.0006219041,0.0013275269,-0.021782,0.0007962975,-0.018579371,0.020468924,-0.032332987,0.0043311385
2019-09-06,0.012072356,0.0026074161,0.014423832,-0.0040176464,0.026119445,0.0010303563,0.012274371,0.013709144,-0.024203876,0.016272854,-0.008764838,0.0043003443,0.0065439753,-0.0052252985,0.009827193,-0.0052128662,-0.030447928,-0.034684587,0.04485834,0.012072356
2019-09-09,-0.0017294979,0.0069396337,0.0055591026,0.096662275,0.005217165,0.034202624,-0.004278113,0.0053759646,0.020152906,0.0035479895,0.015511669,-0.0108544985,-0.00016645911,0.003423887,0.00082559424,0.00049353985,0.03822709,-0.02261301,-4.5369884e-06,-0.0017294979
2019-09-10,-0.00766486,0.006281439,0.0021505838,0.0029896568,0.003590439,-0.002973961,0.0035573072,0.01379307,0.018711923,0.010364267,-0.039179962,-0.0038591921,0.0073995916,-0.0030276102,0.0120559605,0.0033374226,0.010133753,0.04557311,0.013670769,-0.00766486
2019-09-11,0.0005018442,0.010582216,-0.0045805704,0.0074352114,0.0062881196,-0.006642134,0.0041978434,-0.00260156,0.008475346,0.001815465,0.09756129,0.0013483057,-0.00046528643,-0.035572875,0.0024201982,-0.00598328,-0.008676899,-0.025181578,0.027448598,0.0005018442
2019-09-12,0.00466092,-0.010398418,-0.0034623686,0.013889948,0.0007130581,0.010364482,-0.0019485726,0.025770675,-0.11458099,0.0075372253,0.034673043,0.0074595273,0.011284944,0.0052646743,0.0074569634,0.01968268,0.007353635,0.0034155205,-0.0077944007,0.00466092
2019-09-13,0.02118233,0.0,-0.0006401995,0.029596252,-0.0072006686,-0.016536405,-0.005086856,0.006991867,-0.00063854735,0.021071158,-0.00083585933,0.0040241624,0.003283659,0.026657935,0.021557158,-0.014744836,0.0006713296,-0.00071554456,0.0038564685,0.02118233
2019-09-16,0.024028873,-0.004500711,0.010264986,0.0073494012,0.005819112,-0.004737626,-0.009040216,0.013216858,0.0029717258,0.0032548036,0.006975381,0.0134552205,-0.00050282147,0.039305616,0.0036463102,0.013854724,0.0063835895,0.04407066,-0.00053872267,0.024028873
2019-09-17,0.0052209273,0.0029747367,0.014285296,-0.0022486616,-0.016406821,0.0025196723,0.011128319,-0.008516808,-0.00023132932,0.01272763,0.002319345,0.0071961386,0.0076666195,0.003899826,0.0023634573,0.012795597,0.0038405778,0.00013172875,0.009348197,0.0052209273
2019-09-18,0.0,-0.015798625,-0.016128786,-0.0014651251,0.0076183826,0.05198735,0.013208539,-0.0049248943,0.0060277893,0.007144255,-0.0043744496,0.006866937,-0.0016090669,0.03530541,-0.006523731,0.0025905808,0.0067332713,-0.01167049,0.024985684,0.0
2019-09-19,0.0072764247,0.00056401227,0.003599237,0.011039003,0.004813229,-0.0017814857,0.00624285,0.0,-0.018318132,0.010946022,0.03583549,0.018165372,0.0019403977,-0.0036718359,-0.00070568547,0.0009313031,0.00024748768,0.004808654,0.0,0.0072764247
2019-09-20,-0.0068728733,0.011010304,0.014255881,-0.006022261,-0.0009725519,0.033827145,0.018777456,0.012336122,0.054680336,-0.008478796,0.007381192,-0.0027208598,0.0061826278,-0.014442296,0.006101227,0.017887916,0.019030068,-0.010401554,-0.0006095172,-0.0068728733
2019-09-23,0.023818612,0.00030289148,0.0068480866,0.028190376,0.0050187227,0.003986622,-0.020277206,0.0024001994,0.0002835264,-0.0017805626,0.007862641,-0.0028042141,0.009235755,0.06893738,-0.0042391983,0.0,0.027711045,-0.00506369,0.011647604,0.023818612
2019-09-24,0.026694471,0.0445998,0.012901863,0.028495934,-0.009894165,-0.02635078,-0.010735499,0.010124787,0.022411758,0.015159754,0.01183689,0.014960809,0.0075366274,0.02563988,0.01623581,0.010874735,0.0066038882,0.028413463,0.0055825748,0.026694471
2019-09-25,-0.0020355813,-0.004985226,0.0011807904,-0.021504775,0.009775495,0.002878079,0.0049021165,-0.008546723,-0.0031828037,0.042590365,-0.028894648,0.0013988236,-0.0006620549,0.0,-0.018132107,-0.00053033227,-0.0006966255,0.017947974,0.0018416743,-0.0020355813
2019-09-26,-0.09804224,0.018785607,2.5389486e-08,-0.03129193,0.0033578828,-0.025956053,0.0013182312,-0.011838916,0.015616926,-0.015690615,0.0030293947,-0.0035120484,-0.0007770256,0.014010223,0.0008246906,-0.0028226639,0.013868628,-0.06472407,0.0059190653,-0.09804224
2019-09-27,0.042086765,0.003765522,0.01297488,0.027677076,-0.0061023515,0.007842264,0.007360283,0.0075216745,0.013631127,-0.002230307,0.017938083,-0.018540127,0.0043107425,0.0008365289,0.012152658,-0.0011701935,0.016265454,-0.029768849,0.000972506,0.042086765
2019-09-30,0.008473352,0.010132415,0.00087808043,0.0020842913,-0.012990574,-0.0075617684,0.010333711,0.013792527,0.0053988793,0.08270675,-0.006475949,0.0018391953,0.00935609,-0.015237408,0.010849644,0.004882452,0.0033312347,0.10320549,0.00084278826,0.008473352
2019-10-01,-0.0051530786,0.0035718495,-0.004485153,0.0034539977,-0.0061669825,0.026565615,-0.013474107,-0.0039033229,0.0073886556,0.038398277,0.02027912,0.011926876,-0.0076305475,-0.04075462,-0.006462557,0.0042322273,0.0059920545,0.0,0.0030965637,-0.0051530786
2019-10-02,0.00589475,0.014954625,0.01865749,-0.034246463,-0.0047925864,0.031018706,0.014955005,0.017542314,0.0052509694,0.003992469,0.008858018,0.011407669,0.0009788519,0.018486507,-0.01155936,0.0029934524,0.033021603,0.0174012,-0.0020135455,0.00589475
2019-10-03,0.02261354,-0.0006166884,0.0156090455,0.037968792,0.0045156823,-0.00097128865,0.0074758064,-0.009921272,0.0040645,0.018347241,0.0054545095,0.0141882505,0.005710715,0.0043824282,0.03697469,0.01236455,0.00972406,-0.14095826,0.0040504257,0.02261354
2019-10-04,0.0085095605,0.0068974853,0.0008077238,-0.008741165,-0.008261474,0.034602318,0.0019388358,-0.0012067796,0.020447018,0.00959329,0.021971254,0.005133797,0.0055525377,0.006753447,0.011927073,-0.006762855,0.00076266757,-0.022312539,0.009871031,0.0085095605
2019-10-07,-0.0050536436,0.022197034,0.011150888,0.024647612,0.010492021,0.015534492,-0.002263145,-0.0032621424,-0.0045877215,0.0011252353,-0.0050583044,-0.004909752,-0.008838483,0.0,0.0021460552,-0.0032568804,0.004454031,0.034987777,0.011850436,-0.0050536436
2019-10-08,0.026330845,-0.00190589,-0.0028099557,-0.14165224,0.0,0.0028711096,-0.00032713785,-0.0019840193,-0.014279078,0.0068053105,0.010346235,0.003112553,0.005407386,-0.004916497,0.0,0.017574584,0.008473331,-0.0016079546,0.0073693506,0.026330845
2019-10-09,0.017464722,-0.0050042314,0.019655326,0.021296538,0.013807589,0.0,0.0113488855,0.006094842,0.001654239,0.025064792,0.0016178179,0.02439316,-0.007471445,0.0025280444,0.0009322661,0.0016880207,-0.015592404,-0.0024521784,0.02265846,0.017464722
2019-10-10,0.007454948,0.009552907,0.012262581,0.002402345,0.009717508,0.0057787956,0.00730879,-0.019798627,0.0055944948,0.005586723,0.02522811,0.005286402,0.014534372,-0.0007220694,-0.0025121656,0.002856958,0.004193619,0.035377797,0.0026649188,0.007454948
2019-10-11,0.006322444,0.013782603,-0.0024429518,0.045328133,0.030457536,-0.0028033243,0.003104736,0.03067809,0.008550764,0.044529017,-0.012243554,0.0057024877,0.013040197,-0.00211893,0.0063418825,0.0014159842,-0.0034102723,0.019483695,-0.0204508,0.006322444
2019-10-14,-0.005048296,0.015064731,0.0056969794,0.0,0.0,0.01726035,0.0062916046,0.01966309,0.0056310305,-0.013851461,0.010119875,0.0064563504,-0.0020743276,-0.00083700655,0.009945625,-0.006212099,0.033931997,0.027628727,0.0159494,-0.005048296
2019-10-15,-0.034630746,0.018405082,0.019060766,0.012103026,-0.010134013,0.006414628,-0.016645648,0.006653394,0.0018814919,-0.002761564,-0.014058915,-0.0028083678,0.0015068224,0.01747799,-0.06480518,-0.0027487057,-0.0024577563,0.0048239995,0.01106588,-0.034630746
2019-10-16,-0.0013187865,-0.0008052285,-0.048212927,0.03277068,-0.0036967404,0.01753797,-0.0030453042,-0.0035398428,-0.0015011404,0.03605338,-0.00063619314,-0.013167499,0.005681293,0.01485066,0.022170303,-0.010056199,-0.005328451,0.019765306,-0.006294974,-0.0013187865
2019-10-17,-0.003949537,0.009831889,-0.0022369097,-0.0069455663,-0.008514174,-0.12592576,0.024682034,0.00010582324,0.014611791,0.022099009,0.028048024,0.0030681738,0.009289421,0.010827321,-0.010933461,0.01052009,-0.014389724,-0.0034249602,0.0,-0.003949537
2019-10-18,0.009643149,0.0094234515,0.0025084496,0.03102107,-0.0019058237,0.007221437,0.006050706,-0.0061202585,-0.0016413186,0.00080979173,0.019748148,0.004343833,0.007291121,0.0124174,0.00021308538,0.008123647,0.026676368,0.021641333,0.011359184,0.009643149
2019-10-21,-0.016460517,0.00499634,0.013352242,0.008445361,0.01898167,0.0050426954,0.0027261588,-0.0010708433,-0.010057281,-0.007214723,0.016526852,0.006452475,0.0036003082,0.006843631,0.00042005035,0.013672598,0.026806757,-0.029786583,-0.009263782,-0.016460517
2019-10-22,0.033984017,0.01393475,-0.0045116,-0.00325896,0.018637529,0.00040510256,-0.001967602,0.017957801,0.0138304075,-0.015077263,0.012921604,0.016189694,0.01045176,0.021651655,0.008860014,0.009665157,0.027537353,0.023916561,0.027914776,0.033984017
2019-10-23,0.018305859,-0.0053120907,0.0061858804,0.00028876076,0.01661133,0.0021435244,-0.0045227613,0.0098604215,0.011565016,0.010263966,-0.01689153,-0.00045941837,0.0010070063,0.006733348,0.007743286,-0.001918757,0.011457897,0.0059024054,-0.00897073,0.018305859
2019-10-24,0.017286858,-0.038137436,0.0054563917,0.008923932,0.013451231,0.008509952,0.013222005,0.021833738,-0.029406104,0.05363734,0.021258425,0.011625141,-0.019939028,0.00837848,-0.007840446,0.002346943,0.005510929,0.0042852624,0.030854162,0.017286858
2019-10-25,-0.01167851,-0.008168713,0.0015287292,0.005592465,0.004318156,-0.016721247,-0.004911316,0.0042309975,0.0040859096,-0.0050669843,-0.0051162206,-0.026541388,0.004453975,-0.01914345,-0.007859865,0.009331572,0.002287806,-0.060648404,0.014966721,-0.01167851
2019-10-28,-0.0057983925,0.011954127,0.005431791,0.022403413,-0.00043966912,-0.0003456601,-0.00040221002,-0.0014265244,0.014291494,0.010361252,0.010918167,0.022506481,0.0037895476,-0.00012405294,0.010339311,5.9424387e-06,-0.012777493,0.044754013,-0.13933942,-0.0057983925
2019-10-29,-0.029684935,0.0040512816,-0.0066020885,-0.0077037215,0.0004621318,0.009103791,-0.0029329767,0.009323389,0.008319552,-0.002702031,-0.003739589,-0.008155651,0.000970921,0.026190821,0.020176273,-0.0013458207,0.008944129,0.0045897625,0.027012935,-0.029684935
2019-10-30,0.011019448,-0.019269869,0.022743493,0.003395507,0.0111823585,0.007095004,0.01699291,-0.002083601,-0.0008981045,-0.00259528,0.014188894,0.00016031881,-0.0005422466,-0.013746679,0.0015083175,0.008871858,0.017203197,-0.0011325108,0.030454163,0.011019448
2019-10-31,0.013826311,-0.0067853075,-0.0005894588,0.020961149,-0.004376137,-0.0015878966,0.011978183,-0.005235088,-8.8945955e-05,-0.014856025,-0.003978316,0.0057981885,-0.0017238647,-0.0024198096,0.005594557,0.007023044,0.011908776,0.010243993,-0.04914353,0.013826311
2019-11-01,0.014704019,0.0072414945,0.0066328733,-0.014011826,-0.0029356147,0.0032455989,0.002438031,0.0,0.020447278,-0.015302951,0.005142837,0.003437985,0.012434699,0.0015645511,0.012282225,0.0066986447,0.007353,-0.0019537616,0.0807361,0.014704019
2019-11-04,7.732116e-05,0.01630137,0.009947138,0.0046957796,0.007628248,0.0067123813,0.0018946151,-0.010701891,0.019755635,-0.013424749,0.008723651,0.013845133,0.0033455775,-0.04000579,0.008939951,-0.0018833566,-0.016674086,0.012185319,-0.0017820676,7.732116e-05
2019-11-05,0.04812902,0.002002034,0.019564955,0.019564454,0.015461529,-0.009032728,0.000591639,0.016801238,0.0037444858,0.079771794,0.007819107,-0.0055692163,0.010672792,-0.007760431,-0.00043281278,0.002017702,0.009440845,0.038963787,0.007210734,0.04812902
2019-11-06,0.00041625946,-0.002087242,0.0,0.095006034,0.0016939887,-0.009354591,0.003604347,0.0,0.008358494,0.014914338,0.018465742,0.013157465,-0.0018733741,0.04423794,0.015077925,0.00023588008,0.018334761,0.0034416732,-0.014593585,0.00041625946
2019-11-07,0.0032073928,-0.0026480146,0.0017835544,0.042737424,0.01012591,0.04735401,0.007348812,0.024140732,-0.005012011,-0.0055341157,-8.598174e-05,0.0030556307,0.009237543,0.0010871394,-0.012863257,0.011223428,0.009441055,0.0,0.01964439,0.0032073928
2019-11-08,-0.00090694666,-0.019890126,-0.00794491,-0.0012848427,-0.0072253714,0.033540275,0.012069542,0.0070954044,0.013077053,0.0031047224,-0.007087618,0.007397389,-0.0011793752,-0.024876913,0.010214959,0.011418581,-0.0011250618,0.00040863903,0.000555036,-0.00090694666
2019-11-11,0.03389781,-0.006891416,-0.011089251,0.025482489,0.011037215,0.012017131,-0.004368498,0.015534983,-0.0027646306,0.0001303275,0.006576224,0.0009029142,0.013040854,0.010832071,-0.015459227,-0.00070406793,0.0,0.004479956,-0.005977685,0.03389781
2019-11-12,0.010051479,0.001507668,0.01403459,-0.0023122078,0.005577948,0.0091254525,-0.003771286,-0.0031713292,0.02929937,0.014995552,0.010136814,0.000828453,-0.007210108,0.034265485,0.00056653074,0.0010657753,-0.02668158,-0.009196483,0.008287028,0.010051479
2019-11-13,0.0018259281,-0.007969994,0.012368819,0.00091233687,-0.00018561479,0.002538864,0.0013253274,0.0136156455,0.020265436,0.0,0.0001352862,0.017247237,-0.0033920389,-0.0019012403,0.0049429256,0.0041836654,-0.00512878,0.0033761295,-0.033591434,0.0018259281
2019-11-14,0.05123695,0.010497116,0.006712752,-0.032858137,0.0024054497,0.0056353067,0.012831902,-0.008295853,0.007725412,-0.00039335497,0.019157961,-0.0006769412,-0.00925319,0.00887559,0.008141207,-0.0030486572,-0.0014848151,0.0,0.00042651244,0.05123695
2019-11-15,0.029367596,0.022373967,0.028894354,0.00079245935,-0.016456291,-0.0003804358,-0.013677915,0.026035268,0.0021812848,0.005248857,0.0049845283,0.0010961441,0.020127552,0.0,-0.017202264,0.010864729,0.023187429,0.01796368,0.022368029,0.01192032
2019-11-18,0.052123796,0.0035992414,0.029153494,0.0051705237,0.010678806,0.003188984,-0.012413495,0.012564381,6.4066786e-05,0.03674768,0.003966705,0.00018699159,0.013142584,0.008576949,0.0053392053,-0.011950041,0.0014709092,-0.07659749,0.011585928,0.00027376303
2019-11-19,0.010709112,-0.00080762757,-0.056618605,0.0066067427,0.008873241,0.019194985,0.052653573,0.00028068046,0.0136022605,0.024720063,0.031257775,0.015305101,-0.003034318,-0.027573124,0.029336646,0.06482344,-0.0002960302,0.0046874764,0.012363779,0.011001468
2019-11-20,-0.0028267521,-0.011215338,0.0033525568,0.0039475206,0.023372132,-0.029002916,0.015452487,0.0072409254,0.0014684855,0.011805399,0.0116352225,-0.004064842,-0.0029582041,0.0061950176,0.014067632,0.013756778,0.0031039878,0.01654192,-0.0026814372,0.001847702
2019-11-21,0.02138518,0.0052847518,0.0025926211,0.0177638,-0.0037604256,0.0026102697,0.022391032,-0.021670196,0.019373512,-0.054564748,0.003605879,0.0031607894,0.0062136585,-0.038895458,-0.006354012,-0.0056300564,-0.0010850691,0.0070441654,0.006164283,-0.045923136
2019-11-22,-0.0032382652,0.010925557,0.014956841,-0.032222092,-0.026979635,-0.008329649,-0.0012688168,-0.00021420275,0.0016293032,0.034434732,0.044445787,0.0034111906,0.010643096,0.009991699,0.084394924,-0.011967792,0.006504087,0.04961475,0.016457358,0.0021822099
2019-11-25,-0.016981728,-0.0006837581,-0.011810971,-0.017994076,-0.0011506523,0.047172826,-0.004437975,-0.00544564,0.0,0.00027882657,-0.1351647,0.006762794,0.013198423,0.00432708,-0.013424362,0.0042101387,0.008623139,0.014882566,-0.0074389176,-0.0077489163
2019-11-26,0.004292658,0.005812362,-0.010303836,0.02751443,0.0017660054,0.0,-0.019013057,0.010087681,0.007388131,0.03325431,0.03857202,0.008453574,0.00021969594,0.023368431,-0.001111194,0.015925646,0.009987522,0.018788807,0.004232027,-0.0024152827
2019-11-27,-0.0080125285,-0.015720572,-0.0058200983,0.024172844,-0.14096174,0.016977286,0.011735982,0.007364176,0.0093602305,-0.007516569,0.0071126986,0.0012517694,0.0034863711,0.007698399,0.017871002,0.0010160217,0.00056257634,-0.0029327075,0.006598526,-0.13931158
2019-11-28,0.008883163,0.013010499,0.01705101,-0.0075752744,-0.12879865,0.0031239928,-0.0025255058,-0.0019951782,-0.0013718902,0.00468174,0.020604197,-0.0033737558,0.011246276,0.0071357004,-0.005082596,0.044979267,-0.0047284453,0.028015697,-0.06271307,0.020933185
2019-11-29,0.0051196297,0.0019299955,0.023331873,0.0077754087,0.10638489,0.04128984,0.007732486,0.021555,0.023018641,0.014877411,0.015087212,-0.011206904,0.012132404,0.009811249,0.025094671,0.0049751233,0.008995039,-0.0025408901,0.022944061,0.05958304
2019-12-02,0.06032127,-0.0060366625,0.014179943,0.008872291,-0.027421802,-0.025066799,0.009252343,-0.00663234,0.0017498067,0.013586571,-0.064657226,0.003345393,-0.003992,0.0,0.034377854,-0.010382979,0.0049791457,-0.017484015,6.339148e-05,-0.016784597
2019-12-03,0.007424545,0.0037360613,0.04986798,0.022096597,0.01171838,0.00930469,0.012360978,0.0023071924,0.030639766,0.025775349,0.015190907,0.0089023495,0.0069382787,0.004641749,0.009858672,-0.0028358556,0.007337058,0.079390794,0.015221089,-0.013045679
2019-12-04,-0.06369841,0.0048538935,0.025800318,-0.029025322,0.0021449688,-0.0038179464,0.0028161984,0.008462702,-0.0015747398,-0.0070187026,0.00291997,-0.003093093,-0.004053147,-0.007274624,0.016796174,-0.00086228637,0.0,0.009148517,-0.010021603,-0.025063306
2019-12-05,0.022173403,-0.026932316,0.0051921587,-0.015435879,0.019016555,-0.02407235,0.014812339,0.005010342,-0.0023516028,0.013766459,0.008118869,0.0076388977,-0.001292401,0.0107384045,0.005588024,0.0068405396,0.005720445,0.008172373,-0.0026706208,-0.0028192583
2019-12-06,0.0052235737,0.031937484,-0.0067630266,0.035040516,-0.010245305,0.027372686,-0.010046892,0.0068252133,0.0076371953,0.011616874,0.024325509,-0.0028230695,0.0022245843,0.0028530264,-0.0062415884,0.024655566,-0.0017816667,0.008539662,-0.0026058631,-0.008418899
2019-12-09,0.00042121502,0.0037427617,-0.017786829,0.018422183,0.05798682,-5.4687476e-05,0.0068415445,-0.0051593445,0.0040440247,0.0061364,-0.015472293,0.011203394,0.01172986,0.0037080094,-0.0102929035,0.0,0.0109969275,-0.013567747,0.0033822984,-0.059973307
2019-12-10,0.007992391,0.0060745818,-0.0022346727,0.0125892935,0.003753701,-0.028955964,-0.0033641374,-0.0028266998,0.022291245,0.004197117,-0.011993157,0.007704434,-0.055695426,0.01316607,-0.044781424,-0.010218101,0.013754899,0.009932914,0.011463737,0.074399866
2019-12-11,0.0017258544,-0.0013728186,-0.008174504,-0.016742479,0.015134917,0.027060343,0.010286278,-0.0030653093,-0.020486683,0.0019813713,-0.0027192717,0.0015489479,-0.0022458155,-0.007856768,0.012337042,0.0043724184,0.0075174547,-0.019449126,-0.016583415,-0.032650717
2019-12-12,0.0021941408,-0.0032603147,-0.022890273,0.0033993486,0.009921336,0.00023957377,-0.015503544,0.005301856,0.014199404,-0.0017826792,-0.0019412014,-0.0013044935,0.015468182,0.017019078,0.048420705,-0.013764955,0.012996482,-0.007963829,0.0016839273,-0.022381224
2019-12-13,0.015648125,0.017416678,0.03455533,-0.011545187,0.014667585,0.010580033,0.014059037,0.012680721,0.0350165,-0.002807779,0.0804974,0.01292221,-0.021782711,0.002806067,0.007323012,0.02291919,0.0038409838,-0.0036456352,0.004824702,0.048869822
2019-12-16,-0.00077873544,0.0052166753,0.008528799,0.010982406,0.01541919,0.003509832,-0.0023006434,0.011206971,0.0024972975,0.0045545544,-0.0005485724,-0.0013887667,-0.0064291037,0.0,-0.004543523,-0.016999174,-0.013199746,-0.00177101,0.007287047,0.006898753
2019-12-17,-0.0034884885,0.0016153691,0.03362979,-0.030882947,-0.003900811,0.0040411134,0.009855939,-0.007024803,0.0018830135,0.0009082002,0.031989116,-0.0025726238,0.024170998,0.0017148117,0.046770193,0.023429671,-0.011085031,0.020372324,0.0014817446,0.016948909
2019-12-18,-0.012188272,0.01387977,-0.00042342607,0.012992788,0.0,0.06880727,0.014006053,0.0026279704,0.014278867,0.012280731,-0.009776094,0.0112260645,0.024758594,-0.005542741,-0.021163786,-0.01094518,0.0021995783,-0.018799245,0.0042325095,0.0061078733
2019-12-19,0.012848105,0.017738031,0.012299739,0.004262072,0.0137030445,0.0063825743,-0.008659819,-0.006432166,0.009261953,-0.006599962,0.018265625,0.00088331825,0.006870241,0.022705039,0.0039696842,0.015755491,0.008522124,-0.0037410038,0.013971894,0.0028942917
2019-12-20,-0.0030465438,-0.019817745,0.0070443535,0.0051401323,0.0017880818,-0.006589698,0.00027804478,0.012984084,0.0177887,-0.019768016,0.04809127,-0.0037121454,0.0070034796,-0.0051698624,0.016291382,0.03787834,-0.0024244955,-0.0074210083,-0.011672315,0.018678
2019-12-23,-0.13343476,0.007930605,0.012904438,0.030002145,0.00045279734,0.018332444,0.00626237,0.00090131484,-0.0029538043,0.011788499,-0.0060177087,-0.0091066575,0.008574439,0.004303105,0.029692909,0.0084172655,0.015003424,0.0054395497,0.0022357411,-0.0016886188
2019-12-24,-0.0024141641,0.001939122,0.012938821,0.010116175,0.040198646,0.006500569,-0.012956715,-0.012934436,-0.010604839,-0.029659748,0.00083155587,0.011327338,-0.0057439553,0.0029817447,0.012896235,0.0040660026,0.002155595,0.0312796,0.0015177722,-0.0007755695
2019-12-25,-0.005613066,-0.01890039,-0.013937487,-0.013560133,0.0108878445,-0.022317052,0.003407411,0.009051623,-0.011196688,0.030089129,0.01715826,-0.021508355,0.0055024084,0.0031072611,-0.019405918,-0.007822477,0.0009784063,-0.0043959757,0.01734851,-0.00990718
2019-12-26,-0.008689728,0.0080958055,0.0063581336,0.024533233,0.0005126701,0.012913666,0.0038833725,-0.0010928803,-0.021218339,-0.0009376371,-0.0075278673,0.0019059894,0.0041464875,0.0,0.0028400559,0.0036434075,0.00064652687,0.0006908379,0.006557761,0.0030334292
2019-12-27,-0.0001083268,-0.009554507,0.007037877,0.010363637,0.0,0.013040183,-0.0028141749,0.0033769167,0.047268365,0.006590234,0.0022961136,0.00834957,-0.0064506503,-0.007055659,-0.0107424315,0.017953144,0.01197554,-0.0046257293,0.010403654,0.026192281
2019-12-30,-0.010989333,0.011350071,-0.012511602,-0.0026153978,-0.010248707,0.0018256065,0.024168659,0.0072880494,0.01696651,0.015009597,0.07810332,0.006114594,0.00055476,-0.0034841243,-0.002904104,0.020864775,0.0071563027,0.0024769285,0.0033345507,0.0015617298
2019-12-31,0.030475162,0.0074656545,0.011995212,-0.0033184928,-0.13917643,0.007117395,-0.0014600382,-0.0027852904,0.0067070313,0.0036174238,0.01595146,0.0006116919,0.0147972135,-0.0010498258,0.022734288,0.012227929,0.008042923,0.047547508,-0.006732034,-0.0072207423
2020-01-01,-0.005613912,0.0009648181,0.022824856,0.037046175,0.047611743,0.023167139,0.005609008,0.015027313,-0.023395035,-0.00044003714,0.023893794,0.01141212,0.012578345,0.01403801,0.009328173,-0.00058068323,-0.0032576239,0.011850179,-0.0026527562,0.014108999
2020-01-02,0.007860821,-0.0030502088,0.05604099,0.010405241,-0.00022279033,0.02089337,0.0127853025,0.002731088,0.01354318,-0.0076136254,0.01853693,0.00010522543,0.00032803422,0.016759759,-0.016050499,0.00024078846,-0.0034478912,0.034989186,-0.022393517,-0.021169089
2020-01-03,0.025293648,0.008381067,0.024039863,0.006962184,0.029889451,0.052344263,-0.013450943,-0.0020068854,0.019666705,0.019455405,0.004263787,-0.00084951904,0.0025004288,0.018576741,0.0067001944,-0.0053356844,0.0024089762,0.027770925,0.004694326,0.0576439
2020-01-06,0.087793425,-0.004914382,-0.06457746,0.0,0.07123656,-0.03562117,0.022262234,0.002199865,0.028528258,0.0012704855,0.033789538,-0.0015512623,0.014804625,0.008099001,0.005576441,-0.040930584,-0.010019072,-0.0004361849,-0.04176511,-0.014383999
2020-01-07,0.006491473,0.018663276,-0.0060290466,0.004368635,-0.0023298624,-0.027172688,0.00962239,0.013052881,-0.059349462,0.0057852073,0.017068287,0.0088992445,-0.0028151907,-0.0028180836,0.01792634,0.0065533295,-0.0005402406,0.0037307644,0.0018226873,0.009587277
2020-01-08,-0.05135736,-0.002681384,0.03135365,-0.008015333,0.02958601,0.0024256876,0.002044831,0.0073499028,0.026331868,-0.02477747,-0.027219782,0.0044121523,0.005557441,-0.0022350275,-0.005625676,0.01814364,0.0041066855,-0.014273429,0.002012929,0.013481246
2020-01-09,0.01770358,0.0035476966,0.04615018,0.012434393,-0.010215692,-0.015504336,-0.0022291932,0.012984383,0.049556542,0.035200126,-0.014446392,0.0047240607,0.0009170982,0.010815717,0.03784757,-0.019164333,0.011008419,0.0055134143,0.0039946567,-0.0066498034
2020-01-10,-0.0037203813,0.008137884,-0.019275505,-0.0050612814,-0.005182799,0.014299544,-0.0034223567,0.0029894433,0.0028104172,0.0013771288,0.024598928,0.007137542,0.013085511,0.014094778,0.00039177077,0.017600952,0.007776974,-0.0127072325,-0.0024633957,-0.105773434
2020-01-13,0.011869461,0.007864453,0.010926949,0.007826155,0.0022789664,0.0026883143,0.0060158744,0.009430402,0.025226932,0.022825014,-0.010155231,-0.0068664476,0.017363075,0.005492633,-0.01600257,0.011012534,0.012060285,0.01093727,0.009639872,0.04459199
2020-01-14,0.034983076,0.006058858,0.008871297,-0.004252831,0.011619287,-0.00070963,0.00024172445,-0.01088519,-0.0032516096,0.0052486514,-0.01661667,0.005635902,-0.00020146156,-0.0024830205,0.0006759474,0.021622736,-0.0058927936,0.01634349,0.0035736389,-0.002240022
2020-01-15,-0.032622054,-0.0018730605,0.004639006,0.0054003494,0.0020314932,0.014866989,0.027691303,-0.010739506,-0.006185,0.015564712,0.0991637,-0.0010423295,0.031091766,-0.0118829105,0.01439565,0.004062099,0.0068469024,-0.00041226708,0.010644923,-0.0069689606
2020-01-16,0.04118526,3.9519097e-07,0.008897212,0.035830803,-0.047873467,-0.004365028,-0.0021212809,0.012365971,0.007785968,-0.013480495,0.0056780353,-0.0011074059,0.005979728,0.01977622,0.0,0.023326503,0.007319845,0.01016444,0.016814053,0.0017594843
2020-01-17,0.01715311,0.010237445,0.00011869713,0.015774116,-0.0031182228,0.007812264,0.013590013,0.008139107,0.005683724,0.019922584,-0.025796166,0.003195536,-0.0020569568,0.010499609,-0.002402204,0.005404721,0.0074371807,-0.01631469,0.0,-0.005928568
2020-01-20,0.0048962426,0.0032622446,-0.0003143044,0.024534969,0.033439387,-0.0049234,-0.0053665424,0.0012283027,-0.011929682,-0.019582033,-0.072039805,0.0056143655,0.0,-0.006015806,-0.12729393,0.0056807017,0.005726471,0.031588916,0.007030354,-0.04851711
2020-01-21,-0.012333132,-0.0077573443,0.022704683,0.00016749119,-0.0060397056,0.01036209,-0.008529644,0.0046879286,0.0,0.012299166,0.07382732,0.0013720252,0.017216891,-0.000632327,0.013211861,-0.006709751,0.0012940513,0.015027396,0.004264132,0.020675743
2020-01-22,0.021217661,0.008965665,0.002562178,0.004962458,0.015657058,0.016293222,0.010352973,0.0072661396,0.018843446,0.004672285,0.01771359,0.006848045,0.010950623,-0.005171383,-0.0047116545,0.0066639036,-0.0074122334,0.0036928388,0.001808409,0.052876066
2020-01-23,0.0,-0.027732238,-0.0099972505,0.011192744,0.0021481218,-0.018588638,-0.04798246,-0.0047280076,0.034296054,0.022244541,-0.0013430986,0.009924387,-0.0036940116,-0.009723464,-0.008425017,0.009643394,-0.022279704,-0.012874023,-0.0018639213,0.030318908
2020-01-24,-0.0020637163,-0.0031046642,0.0031917128,0.0016887799,0.005343746,0.024653604,9.208428e-07,-0.00029809086,0.0,0.006333716,0.026267815,-1.604336e-06,0.017442325,0.012821204,0.045080736,0.016921178,-0.015425031,0.0020336118,0.006758784,0.03512633
2020-01-27,-0.0056324997,0.017842574,0.030640813,-0.0021056419,0.007883047,-0.0031957703,0.0017837309,0.011618229,0.0049636895,-0.019860612,0.020516299,0.0,0.0035650062,-0.0010407775,0.039373673,0.00055443944,0.0015315799,0.019669458,0.0047035217,0.004222537
2020-01-28,0.020351486,0.023470161,-0.004239231,0.0016730856,0.01963426,0.0005048868,0.021973291,-0.009132156,0.012543504,-0.009664681,-0.0041338173,0.0033685144,0.007243146,-0.010713754,0.008180219,-0.014893722,0.010464206,0.0016977967,0.006421034,-0.001838745
2020-01-29,0.014024519,0.009629325,0.025748026,0.005121169,0.0013624519,-0.010739559,0.017310314,0.016017305,7.3288604e-05,0.015475232,0.00036242796,0.0014999345,0.010886448,0.0051918267,-0.033792857,0.004704121,0.0033984613,-0.0027389862,-0.0027549996,0.030399809
2020-01-30,-0.015256917,0.010990558,0.00468908,-0.0025192131,0.01903607,0.001403031,0.010921864,0.0048815357,0.012219974,0.019293102,-0.015073291,0.0108650075,-0.005692659,0.015413508,-0.017092621,-0.0014334036,0.019424705,0.022254163,0.007091808,0.0004570673
2020-01-31,-0.019957967,0.012414394,-0.0030522929,-0.0069050128,0.029912144,0.018703287,0.0014708333,-0.001390261,-0.0028132452,0.013759892,-0.008768017,-0.0027908524,0.006213622,0.001658798,-0.046177085,0.0051846667,0.0023585078,0.007855643,0.006455026,0.0067132097
2020-02-03,0.013229303,0.017750878,0.0130724795,-0.00784843,0.00647792,-0.00015844147,0.0029485973,0.005854347,0.0020662257,-0.0056616226,-0.0056652194,0.0047292537,0.0032527798,-0.011687116,0.047929794,0.01640194,0.0042745327,-0.0036888323,-0.016725121,0.00047253558
2020-02-04,-0.00030778762,0.009785698,0.003308123,-0.011261865,0.024357148,0.035431415,0.002967597,0.004277855,0.0036698922,-0.00020445659,-0.020503292,0.0024888862,-0.0035601521,0.004219492,0.030293621,0.0030989407,0.016253725,0.010114021,0.022419523,0.0
2020-02-05,-0.006047598,-0.0022454844,0.003338796,-0.010235946,0.012599661,-0.13774781,0.014586085,0.009563588,-0.0041470034,-0.0060526766,0.038521774,0.0029678969,0.005499902,0.016430706,-0.13310851,0.0019643584,0.0027946273,0.003742878,-0.025720257,0.03234423
2020-02-06,-0.0020308387,0.0042936793,0.009347196,-0.011308628,-0.0003257861,0.0008783373,-0.0027663389,0.003335318,0.007565671,0.006670125,-0.13966891,0.001519665,0.0,0.020988038,0.0027254238,0.003783454,-0.0038952357,0.013868802,-0.0037918615,0.014331164
2020-02-07,0.017277112,0.0,-0.016931262,0.003560382,0.015475033,0.033874467,0.0058804704,0.0043248762,0.015142911,0.0,0.027393354,-0.005726391,0.0,-0.001996504,0.0057042902,0.012266483,-0.010960354,0.0033374578,0.01085127,0.002746188
2020-02-10,-0.02520875,-0.005175702,0.009711648,0.037646238,-0.014321926,0.025926962,-0.0258613,0.00054501137,-0.035713464,0.009300158,0.011722369,0.0,0.013850896,0.013445599,0.023621693,0.0,0.0031100633,-0.006223078,-0.00037302985,0.009218006
2020-02-11,-0.017190224,0.010845077,-0.010208448,0.015366732,-0.01023238,-0.014070386,0.008132927,0.011486231,-0.0014425509,-0.009834976,-0.015564128,0.006326097,0.002738718,-0.0048113745,-0.009804422,0.008972802,0.005341927,-0.010234213,0.025074271,-0.0027565542
2020-02-12,0.006342137,0.00073685293,0.049985368,-0.01866305,0.0048394212,0.0018536634,0.0024355936,-0.016893385,0.02224036,0.0040639476,0.018358162,-0.0004082241,0.0004559019,0.005273402,-0.008205408,-0.0070613003,0.010681943,0.006187412,0.00038379122,-0.0050881435
2020-02-13,0.099649526,0.00511382,0.0015669626,-0.00080035056,-0.021269385,0.053591248,-0.0021569165,0.07326926,0.0005029393,0.009330365,0.012507164,-0.00455815,-0.005285103,0.019725049,6.217089e-05,0.008784001,0.006462376,0.014351441,0.0019240582,0.0032229442
2020-02-14,0.0065590427,0.03377651,0.004796751,0.0073626707,0.008045201,0.009857147,0.007716976,0.05299409,0.0040519657,-0.0034865255,-0.0010901169,-0.010782362,0.056233734,0.012858842,0.00034280663,-0.012649128,0.0074265464,0.013899653,0.0020763988,-0.002577791
2020-02-17,0.026577827,0.01583358,0.007728209,-0.0041462467,0.0,0.0071058962,0.003706378,-0.031053305,0.025828708,-0.0023258657,0.011437687,0.0025259976,0.06415829,0.008297838,0.005103595,0.012374797,0.011916402,0.042280857,-0.004802401,0.04465698
2020-02-18,0.0048597604,-0.019323671,0.022693262,0.0,-0.0143209705,0.010962654,0.017269012,0.035279673,-0.022208579,-0.0081296675,0.00041197354,0.022335187,0.0064569446,0.012618636,0.008716251,0.02494928,-0.0072946507,0.02834441,-0.010455698,-0.011933528
2020-02-19,0.011723768,-0.0059919027,0.00034227635,0.019731417,0.012498817,0.0029304805,-0.00012005054,0.048042774,-0.018442886,0.0076007214,-0.027032148,0.0022280456,-0.084879585,-0.0028079676,0.0104460735,0.019691119,-0.0077274335,0.018631214,0.016866269,0.028655699
2020-02-20,0.009206758,0.030412812,-0.004669164,0.027204147,0.07146849,0.020075772,0.004294422,-0.12602857,-0.007125828,0.011440381,-0.0048431098,-0.00041943614,0.0028833519,-0.0027213937,0.012944486,-0.0017115123,0.0026888573,-0.0103961425,-0.0055205524,-0.016059475
2020-02-21,0.015864857,-0.04099261,0.008358586,0.0031908206,0.024617972,-0.0031016748,-0.0016808197,0.00043190483,0.012411013,-0.0035498329,0.027649447,0.0072696484,-0.030581811,0.0075223516,-0.00021037579,0.00992282,0.0073163924,0.00605151,0.044560283,0.008071796
2020-02-24,-0.028509652,0.0027038318,0.020007692,-0.01497905,0.020151202,0.0007558912,0.0027247227,0.0027020948,-0.049072623,0.0088609615,0.016995745,0.034353785,0.028287366,0.0,0.017495424,-0.017775057,0.0062640817,0.017131047,0.00034366868,0.004232119
2020-02-25,0.008704175,0.00029841944,0.002270591,-0.030543169,-0.023478739,0.004485674,0.002409616,0.026134543,0.0047313706,-0.006727644,0.04006307,0.0037637562,0.0028688856,0.00332473,0.0068645095,0.013086875,0.0054761725,0.008917298,0.016956335,0.006519539
2020-02-26,0.009340806,-0.0064060236,-0.0019024828,0.038102586,0.0142003605,0.018013163,0.0018426176,-0.005641817,0.0018937468,-0.008260074,-0.019523887,0.011399826,0.04476858,-0.004729185,0.018251171,0.019302463,0.004028779,0.0057277167,0.0073358654,0.017268555
2020-02-27,-0.0020647957,0.015178282,0.012286637,0.006966023,0.0052803587,0.0,0.018857963,0.00043160148,0.01427298,0.056189552,-0.004261664,0.0026037006,0.036124777,0.0,0.009654395,-0.012874901,-0.0001412069,0.008532763,0.0068747206,-0.010384153
2020-02-28,0.028911559,-0.013352246,0.007643294,-0.0050690034,0.010477977,-0.02536566,-0.0038395221,0.011704529,-0.02513193,0.010570803,-0.0033805862,-0.021186834,0.010775142,-0.0054415613,-0.010686575,-0.00077302684,0.0027644793,0.022260718,0.012098908,0.03475458
2020-03-02,-0.05062937,0.02305659,0.001399995,0.0072240857,0.0,0.027761022,0.0028619196,0.049132198,0.021029279,0.014282675,-0.024486713,-0.0012662493,-0.0051129186,0.010937229,0.013025004,0.01949362,0.0052313395,0.011563028,-0.04409735,0.0016848673
2020-03-03,0.019173523,-0.048716936,-0.016284624,0.004221385,-0.0003405707,0.0029447014,-0.006116684,0.0067992606,-0.022908702,0.0024375387,-0.013844056,0.011027191,-0.020521762,0.009066209,0.0067291865,0.022137996,0.0008866675,-0.035851236,-0.0021313967,0.0043758405
2020-03-04,0.028568195,0.013136703,0.0042165285,0.0068406817,0.0096151475,0.0058161397,5.0665776e-06,0.0017066227,0.020739185,0.000120826495,0.07879942,0.015490697,0.0116775045,-0.0012526065,0.0,0.0037334568,0.0064175,-0.026421634,0.019096646,0.012356415
2020-03-05,0.004960009,0.0032317375,0.012846937,-0.029282492,-0.007160041,0.0033574726,0.004898622,0.045131218,0.003588513,0.025966307,-0.035126857,-0.009589869,-0.020379212,-0.004616357,-0.0026356624,0.0028411185,0.0049821725,0.0138551,0.0021344693,0.014007129
2020-03-06,-0.009042718,-0.014913606,0.008158087,-0.0016013099,0.0068683424,0.015355889,-0.012413235,-0.0013498756,0.0003474441,-0.046647403,0.04266355,0.019124275,0.0046173674,0.013821869,0.011761402,0.015230525,-0.0011231247,0.010446196,-0.018594427,-0.004809483
2020-03-09,-0.0037210586,0.00046711753,-0.023767173,0.012744246,0.0,0.012479963,0.056782115,0.059723362,-0.016551446,0.0009252118,0.032818843,0.012336063,0.00013471795,0.009587301,-0.021300951,0.0015523399,0.0014952546,0.014180526,0.005451853,-0.004526741
2020-03-10,0.022138132,-0.025266089,0.0146311065,0.021685736,0.04408527,-0.08472814,0.000104615036,0.0104028145,0.0123629,0.019820673,0.011618828,0.008025699,0.002982502,0.0042940355,0.008907402,0.005659446,0.014019048,-0.012585575,0.021248903,0.018584348
2020-03-11,0.018143913,0.00609747,0.0033300964,0.0024624993,0.03439229,0.0698251,0.0027610392,0.0037553955,-0.0026929036,-0.00393622,0.008866825,-0.0038904685,0.0030878002,0.013867013,-0.017459622,0.004911123,0.0099324705,0.003001729,0.005601105,0.0005211758
2020-03-12,0.013475341,0.036308903,0.0077608093,0.0073759966,-0.016531724,-0.00934569,0.023772363,0.029413095,0.0035746705,0.0008514102,-0.00015358787,0.022816716,0.01646987,0.003457942,0.007856437,0.026863184,0.00013709906,-0.0070123672,0.015081914,0.02048581
2020-03-13,-0.009204262,0.07311188,-0.0041539273,0.018296186,-0.0060265656,0.0020002462,-0.00065175234,-0.002220179,0.0068572983,0.008069375,-0.02158271,0.005000275,0.02321772,0.0053849695,0.022772435,-0.0026483294,-0.007752632,-0.010989321,0.018352097,-0.0025559687
2020-03-16,-0.0029536774,-0.011425394,0.008413619,-0.00828659,0.005826483,0.0005802642,0.021567034,-0.016770313,0.0,0.018663531,0.00737653,0.011803934,0.0,-0.0011515302,0.0011543997,0.023358982,0.006763348,0.0480777,-0.013549446,-0.00062713487
2020-03-17,0.015066482,-0.040488876,0.0032917073,-0.016747916,-0.0043576616,-0.019330932,-0.0031809334,-0.004588739,0.0036692163,0.006022785,0.011700916,-0.002360119,-0.016810352,-0.00015703049,0.010775164,0.005132122,-0.0063024415,-0.041498594,0.022286799,0.012926608
2020-03-18,-0.009200895,0.030872079,-0.008807494,0.0024285465,0.0,0.026591497,0.007837208,-0.027024955,0.02202457,0.0041098893,0.021320347,5.230885e-05,0.004621995,0.0053881225,-0.0075522363,0.008278765,0.0053896406,-0.0036580036,-0.019239767,0.009866343
2020-03-19,0.01589524,0.054483976,-0.0023309442,0.0071890685,-0.00720379,0.010912961,-0.013856873,-0.00483363,0.0,-0.0038672234,0.015480146,0.0065012607,0.001168603,-0.0025178175,-0.00448432,-0.0004538955,0.008606405,0.0032159719,0.021386554,-0.0014023023
2020-03-20,0.027025564,0.004728819,0.0152766155,0.012377226,0.010934711,-0.0028053133,0.0011457969,-0.004105982,0.0,-0.012627241,0.0072655194,-0.025525436,-0.00017648994,0.005673587,0.0032088715,-0.007735696,0.003179685,-0.027718589,0.017517438,0.0026292778
2020-03-23,0.0,-0.018423768,0.0023172295,-0.017654208,-0.0015333376,0.0010483603,0.013603383,0.026605558,0.003699461,0.019747296,0.0,0.009838572,0.00011553507,-0.0003168957,0.0103431055,0.021441387,0.0015247312,-0.006939016,0.0037256891,-0.0006387643
2020-03-24,-0.010085269,0.008142889,0.012368317,0.001821648,0.01507476,0.00041165637,-0.1411649,0.011171654,-0.002869618,-0.008559116,-0.011984156,0.0020535688,-6.7995505e-05,0.0,0.0030309022,-0.018896472,-0.010662654,0.029409474,-0.009049385,0.0055966196
2020-03-25,-7.108154e-05,0.035355058,0.00141962,0.01197386,0.007312189,-0.0007512168,0.05698086,-0.010235432,-0.00039122812,-0.0076129055,0.0025381434,0.0064369733,0.010899737,0.0,0.0137785,0.017564265,-0.002204189,0.011605114,0.008866669,0.0010484837
2020-03-26,0.011687925,0.001615889,-0.0003004206,0.023064787,0.009804335,0.004764781,0.0070867124,0.02089506,0.011417999,0.012922913,-0.0045841755,0.013724566,0.06657712,0.002322256,0.0034915754,-0.0022024768,0.015550308,0.010826167,0.008185758,0.0042503914
2020-03-27,-0.0028611838,0.003129156,0.0058796974,0.026820488,0.0064734034,0.0,0.030160295,0.033733707,0.002288783,-0.016545504,0.022123424,0.0036477344,0.0056898864,0.0054863514,-0.0049909335,-0.010023933,-0.0033063085,0.069739826,0.006314446,0.014092141
2020-03-30,0.02426408,0.09497637,0.0003736751,0.0031172852,0.01515758,0.025161875,0.023116194,0.03916449,-0.009141976,-0.007642932,0.008276101,-0.012193048,-0.030732037,0.0004338865,0.01591786,0.0441828,0.0065578283,0.0024020753,0.008429744,0.0015898355
2020-03-31,-0.015698085,0.011206564,0.0075398893,0.01208239,0.0020607475,0.010047276,0.026946846,-0.008453221,0.03446027,0.018859481,0.007508668,0.015094553,0.04373334,0.024016801,0.0122618005,0.003287837,-0.0035137178,0.021371342,0.013156245,-0.007792628
2020-04-01,-0.005969825,0.006090719,-0.015460367,-0.0029209852,0.0051767034,0.0121279145,0.03440716,0.019646807,-0.012531706,0.0027351526,0.014138218,0.014081492,0.0025369667,0.0034894545,0.008637628,0.021753436,0.013984664,0.020627838,-0.0086254915,0.003502084
2020-04-02,0.009581489,-0.029932441,0.0,0.0028751984,-0.0053942534,-0.032684922,-0.01283895,0.0043350174,0.009996847,0.00654916,0.015822005,-0.0017298325,0.013910075,-0.0007078882,0.0073621282,0.0024959103,0.012740394,0.005192158,0.001899492,0.014406898
2020-04-03,0.018242806,0.0100388555,0.0056708176,0.02798656,0.00458756,0.014303949,0.025894549,0.009657485,-0.012197008,0.014806171,-0.016416874,0.0034323705,0.01839346,0.0042817034,-0.011533796,0.0025896507,-0.012022487,0.0042223646,8.0792415e-05,0.005999807
2020-04-06,0.024581147,0.01240174,-0.0009576633,-0.036085457,0.006497161,0.044930078,0.014694847,0.015358881,0.007895931,0.0037442509,0.05320413,0.001989638,0.006348322,-0.0022510902,0.007321027,0.0010503542,0.0005200745,0.021140303,0.014293676,0.0042135
2020-04-07,-0.036942095,0.034260962,0.0027470274,0.004695516,0.033657324,-0.002259628,0.0034902496,0.023817612,0.006816664,0.021684729,-0.017615993,-0.003923394,9.484862e-06,0.007491605,-0.011310151,-0.000992839,0.006698095,-0.011874696,0.00044677418,-0.0055372473
2020-04-08,-0.03569601,0.002692773,0.0090256985,0.0017448057,-0.0011193835,0.014825824,-0.0030422278,-0.008758055,0.012035931,0.0080301035,-0.026251035,0.010737615,0.0015273427,0.0028869987,0.00940171,-0.028750604,0.0,0.0018668135,0.009931763,0.0023803068
2020-04-09,0.012006806,-0.02229096,0.023655953,-0.0032129243,0.0065796766,-0.00253156,0.009322394,0.09692354,0.0067105857,0.0042834887,-0.026334852,-0.0011996425,0.01322262,0.0038686292,0.0013533613,0.006743216,0.015613239,0.006701871,0.0031683012,-0.006792393
2020-04-10,0.00777984,0.0,0.019039722,0.013555012,0.011090199,0.004486739,0.0076977788,-0.0011615728,-0.01187112,-0.0054762345,0.0034693133,0.010017911,0.014765145,0.002407202,-0.0015328501,0.007360505,-0.003716591,0.006389439,-0.0005886928,0.0025563224
2020-04-13,0.013543421,0.008128626,-0.004728221,0.0005313361,0.0003068381,0.0013625942,0.006317612,-0.009899537,0.023545412,0.0073725544,0.0141865825,0.006592323,0.0105119655,0.0159563,-0.0010746992,0.013617297,0.014807374,0.0135252485,-0.004440495,0.00594643
2020-04-14,-0.0050891973,-0.0031304886,0.0072360723,7.499185e-05,0.0032225868,0.022374101,-0.005082758,0.0033747717,0.0054791444,0.028480396,0.0072465003,0.011444755,0.00077451795,0.0012993623,0.008107298,0.00023600075,0.009397049,0.004270067,0.015615302,-0.00885874
2020-04-15,0.012042002,-0.0056160144,0.0031938627,0.0091275,0.0,-0.002104321,0.013736249,-0.012583836,0.00432354,0.0011502119,0.03365411,0.012282092,0.008615621,0.0002985346,9.9432786e-05,0.020033218,0.011603891,-0.035125885,0.009671813,0.010760357
2020-04-16,0.012410291,-0.11818119,0.00042082852,0.0013541974,0.0006657566,-0.023191674,-0.00035853102,0.006578852,-0.048472174,-0.0027734677,-0.0003048135,0.0042245234,0.03304611,0.009916037,0.014303129,0.0049756323,0.00063749397,-0.0009867798,-0.0018752877,-0.007843805
2020-04-17,0.0377964,-0.032352377,0.014505178,-0.009705438,0.0128951855,-0.01600632,0.024798755,-0.08960663,0.0050209127,0.016937695,-0.004876336,-0.004888882,-0.0015659357,0.011076578,0.0007504788,0.002810799,0.010420107,0.006729293,0.011082055,0.0036745598
2020-04-20,-0.0075527397,-0.016513374,0.003998525,0.004043752,0.0011660492,-0.017402137,0.02063785,0.0,0.022328649,0.0057966993,0.023671582,0.011974406,0.0053435164,-0.0010307385,0.006789201,0.00046638958,0.0061627603,0.033824634,0.0,0.018247899
2020-04-21,-0.003678252,-0.022463864,0.0038251532,0.01901751,0.0064219655,-0.016843483,-0.007501088,-0.002725049,0.023002546,0.0,-0.009274189,-0.00313609,-0.012010907,0.009553107,-0.0035822263,0.0139896395,0.0002117154,0.0048078843,0.0064938255,-0.0052154
2020-04-22,0.0036373304,-0.0034716348,-0.002801726,-0.011747099,0.014913295,0.027819851,-0.007727149,0.006287566,0.0004256501,0.0,-0.025308063,0.0031565665,0.00080396264,0.012260308,0.008715698,0.004717887,0.0004077717,-0.014387554,0.0015389959,-0.030905116
2020-04-23,-4.8855323e-05,0.05878545,0.006552207,0.01103389,-0.0016048397,-0.048683137,0.0070413826,0.049319513,0.017479522,-0.008539847,-0.015011283,0.015549541,-0.000589833,-0.0042330837,0.0012143996,0.0074366056,0.0115778595,0.0018944732,0.015531535,-0.009926255
2020-04-24,0.04441789,1.0689072e-06,-0.00291417,0.016159568,0.009099177,0.007920986,-0.05953498,0.068110965,-0.0046621566,-0.0017934813,0.0050053652,0.0018250115,0.0072846073,0.0020300262,0.008884216,0.005355996,0.0037610515,0.004362461,0.004566266,0.01868042
2020-04-27,0.011637628,0.0381474,0.0026081766,0.0021519328,-0.014102158,0.0010003287,0.004953961,0.009567107,0.002638726,0.00095541665,0.032309275,-0.003821617,0.015075097,-0.010540454,-0.0007075374,-0.0070539303,0.005110275,0.023880221,0.0028207134,0.011778355
2020-04-28,0.0007281497,0.00666382,-0.024703236,0.00862402,0.036655504,0.029752187,0.0014205099,-0.009752841,0.013798737,0.003452182,0.0013458049,0.007380336,0.034645315,-0.0014957462,-0.0014230189,0.008917318,-0.0026263872,-0.0044107838,0.009625905,0.004954449
2020-04-29,-0.003665814,0.0018273151,0.0072608083,0.011769047,0.006019783,0.025485242,0.0046657375,0.019625636,0.011024744,0.0088626575,0.0074070324,0.007274616,0.0020610949,0.0070248526,0.016013611,0.007968178,0.006788515,0.0253783,-0.004422932,0.0005521331
2020-04-30,0.012985067,0.036435705,-0.0039131283,-0.0010788568,0.005712591,0.045295358,0.037455775,-0.015481266,0.0073878895,0.017137423,-0.00019809188,-0.0011090864,0.011295432,-0.0265823,-0.0004965893,0.0065506953,0.0035856059,0.002520847,0.013299747,0.02440846
2020-05-01,0.008064443,-0.026499832,0.050375182,-0.0040034303,0.0004659725,0.019317644,-0.0007414641,0.046725564,0.002781242,0.016591648,0.033897307,0.012244617,0.0007275299,-0.00455452,0.0011174665,-0.011040354,0.0030365207,0.004631987,0.007813195,-0.015072336
2020-05-04,0.0035363964,0.006759927,0.010924879,4.7161753e-05,-0.014357448,-0.0071407654,0.0024101872,0.019842196,0.0,-0.02908063,0.014509595,0.020145725,0.029528646,0.014917881,-0.0009982031,0.015203201,0.0040736035,0.013554818,-0.0029129968,-0.001774766
2020-05-05,-0.010135832,0.01042668,0.006271979,0.0075333407,0.015073612,0.0,0.011774811,0.012352086,0.019771723,0.0013139402,0.006615469,0.007149325,0.0074015097,0.010927333,0.011030613,0.0071035083,-0.009617347,0.0015511002,-0.0091314325,0.016019138
2020-05-06,-0.010244576,-0.0062359218,-0.0030403621,0.0123539595,0.0034793576,0.0073433346,0.0026872815,-0.0056075715,-0.0012402388,0.037784595,0.0036442024,0.011594117,0.0010988907,-0.0022468467,0.004930712,0.00063042867,-0.0050777677,-0.007057323,0.016900104,0.00012919097
2020-05-07,0.006701391,0.022006165,0.023346093,-0.0009211972,0.0012007387,0.0002997359,-0.08986776,0.01176672,0.016248435,-0.0117168445,-0.029138599,-0.022351844,0.013007026,0.009488442,-0.010247012,0.0014026858,0.006693562,-0.060544122,0.0025314584,0.01648809
2020-05-08,-0.0064818934,-0.0060108188,-0.020388044,-0.0016261325,-0.004416298,0.004445133,0.0,0.0018555012,-0.0021797894,0.014930461,0.0037054813,0.0060381126,-0.0014295415,0.0043814243,-0.0007246672,-0.008050783,0.002845278,0.013406439,0.0023632233,0.0051862183
2020-05-11,0.0061455504,0.0011211904,0.007027219,0.005720492,0.004417961,0.0005882308,-0.042369112,0.0012127943,0.0036299217,0.0006227613,-0.12895492,0.018751241,0.00789664,0.007936901,0.012290402,0.0,0.006564631,0.037862733,0.013814162,-0.00024933173
2020-05-12,0.061723616,0.064674586,0.0013340916,-0.008562635,0.00858492,0.0,0.0013354449,0.0099470895,-0.005479257,-0.00019801967,0.012294224,-0.00020882077,0.00045125032,0.007040913,-0.022892747,0.004865214,0.009155568,0.016244031,0.0,0.010433325
2020-05-13,0.012802817,0.04485697,0.00079245935,0.0059991884,0.015470489,0.039559886,0.026527422,0.012359658,-0.056679156,0.009807091,-0.10320152,0.038649604,0.003253777,0.045411516,0.022004534,0.011099738,0.0053848894,-0.009399525,-0.0055088657,0.10014255
2020-05-14,-0.010397078,0.022949297,0.0051705237,0.0037400536,0.0058303396,-0.011402067,0.042472474,0.005237877,0.019697174,0.005483504,0.098967016,0.016548323,-0.0011592455,0.029363362,0.017549638,-0.02432005,-0.010661982,-0.003929552,0.0056980373,0.02954823
2020-05-15,0.004353295,0.046492223,0.0066067427,-0.0054173945,0.012379812,0.0044181976,0.020803059,-0.007948935,0.01331362,-0.0023171206,0.021035481,0.01738191,0.0063069155,0.0024384863,0.00705668,0.030929431,0.07005336,-0.0031858066,-0.008770766,0.0
2020-05-18,-0.009352862,0.0051423577,0.0039475206,0.002465922,0.008606797,-0.004198914,0.01055971,0.007270573,0.008040836,0.0110924635,-0.0021300297,0.0015592816,-0.0055411207,0.05174136,0.025654659,-0.004566674,-0.016513955,0.0015003912,-0.003855551,0.014184564
2020-05-19,0.017821677,0.011875708,0.0177638,-0.0067346026,0.0026345628,-0.008683279,0.016547503,-0.001617725,0.0,0.020375574,0.0,-0.002443341,0.03163112,-0.14161809,0.008920539,-2.7777196e-05,0.0016308551,-0.0022453084,-0.0025389476,-0.0009071387
2020-05-20,0.06844215,-0.020543396,-0.032222092,0.0008003746,0.017306598,0.017327888,0.0012080248,-0.0053984607,0.006479512,0.0057409564,-0.0063449475,-0.019232322,0.018263508,0.014945818,0.0017069479,-0.017074244,-0.0072452296,-0.015007782,0.018736092,0.014963625
2020-05-21,-0.0060851285,0.004820393,-0.017994076,0.018006135,0.008952144,-0.022047365,0.0006839286,-0.013505814,-0.0015969926,0.005479434,0.0054087634,0.0011682304,-0.01760328,0.0,0.0005806633,0.02877857,-0.002075648,0.01857872,0.0065310826,0.0033378892
2020-05-22,0.01672347,0.011438841,0.02751443,0.0012507156,0.0012598812,-0.009494235,0.014126972,0.019220406,0.012531525,0.019700376,0.021322042,0.014842988,0.00602695,-0.029735021,0.0030467429,0.018589517,0.0042338884,0.005610481,0.01634794,0.026288811
2020-05-25,0.024183773,-0.01632288,0.024172844,0.0004166594,-0.000642396,0.026866611,0.008075762,0.019482717,-0.00050885254,-0.008656866,0.001390465,0.011443621,0.062374722,-0.007897666,0.011000144,-0.0017178397,-0.00239881,0.009543748,0.003201481,0.012396095
2020-05-26,0.0047999383,0.035020214,-0.0075752744,-7.1478935e-05,0.0008972944,-0.0032788017,0.010097695,-0.01215204,0.0054418524,0.0029016337,-0.004871597,0.0,-0.024166515,0.07441532,-0.00671612,0.0,0.00011977675,-0.016936986,-0.0261567,-0.0071313023
2020-05-27,-0.010504253,-0.018072236,0.0077754087,0.011228644,-0.0076460764,0.012931761,0.0063590556,0.0023516142,0.02188185,0.010762335,-0.0072324676,0.038863704,0.010474661,0.0069838623,0.022145556,-8.0322076e-05,0.015471479,-0.1416455,0.0040577236,0.03479908
2020-05-28,0.04348241,-0.02000613,0.008872291,0.009653477,0.0002726312,0.0,0.0,0.014772528,-0.027235473,-0.008525417,0.0073300567,0.007338083,0.012152072,-0.0020785606,0.006908011,0.0025944877,0.013146981,0.001817061,-0.009167557,-0.012881672
2020-05-29,0.025418125,0.039576862,0.022096597,-0.001375249,0.026148805,-0.0008821519,-0.03102093,0.010664841,-0.036130738,0.020558776,-0.007411973,0.014956288,0.013343457,0.025873413,0.008644836,0.02246185,-0.06203575,0.048621096,0.007428685,0.0017754014
2020-06-01,0.001150647,0.0019465782,-0.029025322,-0.004551763,0.008978126,-0.0003103737,0.0433492,0.006305865,0.009295917,0.014197646,0.023964316,0.0057664947,0.005552337,-0.008553929,0.018015273,-0.00036485543,-0.017553266,0.008380238,0.013736088,0.00038234468
2020-06-02,0.015013562,-0.026349567,-0.015435879,0.010979411,-0.0117095085,0.0318501,0.009638839,0.011079996,0.00357349,0.0080746235,0.07342705,0.0026928722,-0.0017821232,0.006133714,0.0063021714,-0.0005252907,0.05533747,-0.08155391,0.015014184,0.0035611915
2020-06-03,0.0022731381,0.015380931,0.035040516,0.0023835173,0.0,-0.015896302,0.0097085405,0.0018658264,0.0129084205,0.008994709,-0.018329052,-0.009141258,0.0042580604,0.09458501,-0.002888945,0.017319152,0.01274578,0.03398217,0.008908261,0.0
2020-06-04,-0.013686245,0.020513088,0.018422183,-0.011285551,0.0069000903,-0.0015077037,0.0004514764,-0.0122912405,0.0041396054,0.002099699,-0.0011780325,-0.0059615066,-0.00080100726,-0.031657584,0.01753489,0.005484928,0.010591679,0.030176561,-0.0010679959,-0.048094284
2020-06-05,0.0019818766,0.012173469,0.0125892935,-0.0022497228,-0.0107861925,-0.0012630206,0.015849901,0.016341986,0.0079799965,0.005914756,-0.020083904,-0.0001838748,0.0076220823,0.008158434,-0.009961814,-0.008832122,0.0077641797,0.0020771376,0.0040752883,0.0011519619
2020-06-08,-0.017163428,0.007282043,-0.016742479,0.0063571646,0.008169884,0.005141529,0.0071819206,0.0032875037,0.0123398015,-0.005343968,0.0059945993,0.010558781,0.035980564,0.027304113,0.027839782,0.021817684,0.006629058,0.0269087,0.010833457,0.00367878
2020-06-09,0.017673621,0.01693712,0.0033993486,0.0035942453,0.0016561776,0.0141929155,-0.014341091,0.0022061341,0.0037880524,0.004662206,-0.004338841,0.000102612845,-0.0033860044,0.011101414,0.0023862345,0.0,0.020230383,-0.010980928,-0.0016488612,0.049317185
2020-06-10,0.01556935,0.005747925,-0.011545187,0.01303973,0.007897251,0.0068332893,0.011470181,-0.010393561,0.0019709836,-0.0069026863,0.03804114,0.0031893635,-0.02226884,-0.0101125445,0.0030989714,-0.0058040596,0.005812407,0.016017837,0.0070627606,0.017423311
2020-06-11,-0.010540424,0.015517858,0.010982406,0.0011134831,0.0074911434,0.025593478,2.0305315e-06,0.013081479,0.007264876,-0.008936302,0.008127888,0.0023945791,-0.013345475,-0.07891102,0.009086338,-0.0015897419,-0.0032398477,-0.0067403954,0.002720187,-0.0009373104
2020-06-12,0.0046297754,0.0029903937,-0.030882947,0.0,-0.0077339457,-0.0028322523,0.0006605655,0.010708684,0.0045281723,0.0046536475,0.002887644,0.012611192,0.01741421,0.017479762,0.0,0.001044538,0.0,0.084901586,0.0035381622,-0.007949511
2020-06-15,0.00028338635,0.0047810506,0.012992788,0.003774019,0.011980285,-0.0039051732,-0.0016056118,0.0041400148,-0.029812323,0.00010274224,0.0040655863,0.013977615,-0.026860587,0.012681989,0.0028414335,0.013115066,0.0115001025,-0.01206753,0.0030829895,0.008044729
2020-06-16,0.0060998676,-0.002416822,0.004262072,-0.0030389354,0.0050343517,-0.007619917,0.004797413,0.009120743,0.0029270586,-0.001221846,-0.0008159066,0.00826936,0.082065046,-0.011861202,0.037970543,0.022927493,-0.034753826,0.025656177,0.0057479106,-0.002569507
2020-06-17,-0.024334818,-0.0002236491,0.0051401323,0.007070421,0.004006658,-0.0053758062,0.012937275,0.0033791782,0.04027047,0.004762233,0.0028337564,0.0009729944,-0.00040841682,0.0036641655,-0.022995269,0.0,0.003415952,-0.010833391,0.0015594413,0.02942259
2020-06-18,0.019889442,0.012401075,0.030002145,0.0058138473,0.008946103,0.005381463,0.0011010359,0.006310768,0.0042023817,0.0057263914,0.009273229,0.013793237,0.045572095,0.053585503,-0.0015087165,0.0,0.013219619,-0.00711951,-0.0022801163,-0.062486675
2020-06-19,0.0041182786,0.0042049014,0.010116175,0.001705766,0.0017200367,-0.0056209224,0.01287996,-0.002628336,-0.09174938,-0.004990589,0.005907915,-0.0019439905,-0.02703064,-0.039436836,0.008122866,0.0024958332,0.00010646649,-0.029612072,0.0072447034,0.01608972
2020-06-22,-0.041964266,0.005520274,-0.013560133,0.0011420317,0.00303532,0.020448724,0.009201,0.008889378,0.00860782,0.008790038,0.009631467,-0.010022959,-0.09675117,0.011772509,0.0027522687,0.013677795,0.0070212292,-0.13913181,0.003565461,0.0040521068
2020-06-23,0.0091201775,0.008917338,0.024533233,-0.021970715,0.008158415,0.0035037415,-0.02378536,0.0020726353,0.013762842,0.0026788549,-0.0044902894,0.0010618018,0.027381035,-0.006861057,-0.002527128,0.0,0.006342242,0.014736133,-0.0019763417,0.018892348
2020-06-24,0.0022759156,0.0042801956,0.010363637,0.0018857684,0.0009826268,0.012470345,0.016668247,-0.006183074,-0.012590513,-0.010891679,0.012865945,-0.002980564,0.002003919,-0.027546978,-0.0014050103,0.0073011694,0.009995035,-0.14082307,0.007332589,-0.010109345
2020-06-25,-0.0010567588,-0.021384817,-0.0026153978,-0.004755471,-0.0005060763,0.012123679,-0.0262218,-0.05717298,0.010471015,0.015114322,-0.015662935,0.013648489,-0.008440079,-0.110502295,0.059510984,-0.0052944636,0.01856861,0.06417049,-0.002246817,0.0
2020-06-26,0.007819636,0.0046281656,-0.0033184928,0.01828875,-0.00142439,-0.002260458,0.018521871,-0.007780697,-0.04881522,-0.013362119,0.01163117,0.026261715,0.022008851,-0.032168616,0.011015575,-0.06609673,-0.0056276163,0.0003468635,0.0036081097,-0.008552223
2020-06-29,0.0140604675,-0.0009737456,0.037046175,0.0007517705,0.010771652,0.007823075,0.0034875018,0.0076098978,-0.00078013644,0.0040776283,0.003401298,-0.0071360525,0.00044198032,0.042165913,0.012854688,-0.02586981,-4.314306e-05,0.106134556,0.004190476,-0.04071611
2020-06-30,0.026351925,0.006000833,0.010405241,0.015922997,0.008645872,-0.023326678,0.00688648,-0.025562387,0.08997624,0.0066085006,0.0032220562,0.0,-0.011387033,0.04249449,-0.008188804,0.030078761,-0.01863163,-0.00211588,0.008871263,0.019022632
2020-07-01,0.0004589309,0.0010687354,0.006962184,0.0035889677,-0.0007320176,0.018726742,0.018786073,0.017928433,0.0072241332,-0.0020799253,-0.002132189,0.022859918,0.03136387,0.016516259,0.016430354,0.013603579,0.0007868306,0.01886506,0.002532449,-0.019330094
2020-07-02,-0.0019042497,0.013544551,0.0,-0.0025516818,0.0023942494,0.010014289,-0.012091542,-0.0021523982,0.014507368,0.020620428,0.0,0.0037409798,-0.0026235133,0.0066546476,-0.003292868,-0.0076080156,0.0043938137,-0.028734345,0.0026070268,0.027559865
2020-07-03,0.025720533,-0.0036678521,0.004368635,0.014133956,0.005236112,0.02874588,-0.013352369,-0.008825458,0.0068812924,-0.0029936205,0.006360087,0.010078647,-0.06295334,0.012674387,0.010760781,0.019608792,-0.0016052529,-0.0023313358,0.004197606,0.006006226
2020-07-06,-0.003076997,0.00672555,-0.008015333,-0.0011006836,1.9132778e-05,-0.017074957,0.0062548607,0.022055846,0.047414683,0.008918832,0.005018982,0.0051446953,0.047054574,0.01047431,-0.0058296476,-0.0049121254,0.008614221,-0.006635635,0.011301641,0.0
2020-07-07,0.00053219247,-0.0008454592,0.012434393,0.007196515,0.005748722,0.010613826,0.022347204,0.0029307774,-0.003517905,0.0,0.019787142,-0.017756075,-0.015271982,0.010330448,-0.0011667069,0.01587506,-0.003411145,-0.0050741825,0.00290214,0.0045810207
2020-07-08,0.027293254,0.07022429,-0.0050612814,0.0017570648,0.0069617606,-0.009899043,0.011333808,0.005758466,-0.008591809,0.022452708,-0.011861058,-0.007845413,-0.0021011422,0.036180735,0.017214695,0.017901225,0.0015049652,0.09779961,0.0,0.001302327
2020-07-09,0.009445884,0.0020551072,0.007826155,-0.004099173,0.0052518453,-0.008316966,0.014853346,0.02049497,-0.005239628,0.013599482,-0.0005412315,0.007999413,-0.00067614473,0.0063790567,0.0007616897,-0.010727281,-0.00013098944,0.043283384,-0.007053615,0.015255668
2020-07-10,0.016701894,-0.03565911,-0.004252831,0.013226914,-5.2996194e-05,0.006012876,0.0011593923,0.00041986015,0.015375775,-0.01534928,0.0015490898,0.0002682148,0.08923867,-0.014922109,-0.011097067,-5.668135e-05,-0.016701613,-0.00086644787,0.0027170745,0.019695358
2020-07-13,0.016310422,0.018603504,0.0054003494,-0.010210284,0.014794257,0.0008799513,-0.01559713,-0.0031618609,-0.00072144147,0.002989845,0.0093223555,0.005575673,0.0071324203,0.0028118957,-0.0002458073,0.017166011,0.051195513,0.00059071695,-0.008028049,-0.0075067193
2020-07-14,0.012947357,0.00082916924,0.035830803,-0.0021207235,0.006349508,-0.0006776855,0.0073527964,0.00075641053,0.011478841,0.015209813,-0.010047386,0.010866647,0.00684531,0.007579499,-0.023702605,-0.0035683543,0.010713189,0.008641179,0.007219225,0.013938159
2020-07-15,0.0029034226,0.0068383864,0.015774116,-0.0055557,0.011335855,0.012346661,0.0,-0.01585277,-0.0032572276,0.012362545,0.012371471,0.009703664,-0.0124949245,0.0019633935,0.0049017402,0.0050650504,0.0042399354,0.027646614,0.008070034,0.0024879011
2020-07-16,-0.0048858286,0.005035433,0.024534969,0.01724792,-0.0028902928,0.014866927,0.02237067,0.012439568,0.014546408,0.011776321,0.01518882,0.006393663,0.02317657,0.008926835,0.0015472724,0.024731575,0.02562095,0.004365191,0.0041095633,-0.011822238
2020-07-17,0.0014641798,-0.0021411781,0.00016749119,-0.004155127,-0.0005360658,-0.0021676123,-0.00018342955,0.014806134,0.0055277767,-0.0025392922,0.004326389,0.015526554,0.009554478,-0.00989661,0.016469311,-0.005622919,-0.014843222,0.00056046183,0.0056510996,0.005190999
2020-07-20,0.028700426,0.0019672315,0.004962458,0.008774359,-0.020582717,-0.026117744,0.004289014,0.00109582,0.0068087545,0.0044655437,0.0096082315,-0.0029586903,0.0077207107,-0.0006263587,-0.010206004,0.0033379213,0.0021918966,-0.07084004,-0.016537657,0.011040011
2020-07-21,-0.010217853,0.003998202,0.011192744,0.009773408,-0.0017007921,-0.0070721703,-0.0016816357,0.0033909648,0.0040401802,-0.012149566,0.011555196,-0.013782741,0.01237541,0.03430754,0.00035013526,0.007733655,0.0023954478,-0.01354465,0.0004175416,-0.019346427
2020-07-22,0.013177017,0.0029251853,0.0016887799,0.0,0.0005793493,-0.009490372,0.019346945,-0.0005267233,-0.007957782,0.0018168592,0.010915575,0.005672941,0.012049646,0.0025155973,-0.0012798356,-0.0011638772,-0.008420471,0.007852006,0.008492295,0.03820489
2020-07-23,0.010895511,-0.13307437,-0.0021056419,0.0,-0.00033311508,0.004300175,-0.0013145205,0.00011290874,0.020098172,-0.0032382032,-0.008526489,-0.03743095,0.005775612,0.0,0.024742827,0.006291623,0.021074418,0.077259496,-0.0018760593,0.011385417
2020-07-24,0.02609188,0.022177266,0.0016730856,0.0029602991,-0.0021319734,0.013464825,0.013745224,0.013632031,-0.0028970842,0.010198265,0.011911471,0.008471625,0.0,-0.0022476008,-0.0030461878,0.014671174,0.014684697,0.055665184,-0.01510163,-0.022351947
2020-07-27,-0.0073882686,-0.0045058196,0.005121169,0.002565733,-0.024616366,-0.00041114964,0.00816097,0.012235747,-0.0005961013,0.00839018,-0.026483811,0.023983568,-0.0030386408,0.019223664,-0.0017263641,-0.008385748,0.0066923182,0.0011480781,0.015285987,-0.020853782
2020-07-28,0.0,0.0042334353,-0.0025192131,0.0072751646,-0.009945572,0.011367913,-0.00084130996,0.0019434958,0.017306883,0.0011372098,0.009232205,0.0012764859,-0.0574352,0.0037214444,0.009534751,-0.0030215825,0.015529772,0.023790956,0.004548414,-0.0033935532
2020-07-29,-0.0068858596,0.0138056455,-0.0069050128,0.008972113,-0.002336237,0.0069078635,-0.0006746625,0.009532216,0.011483204,-0.051254522,0.022692842,0.015081823,-0.00030773046,-0.00087794155,0.01830082,0.012263195,-0.011288982,-0.0026162053,0.0,0.03716881
2020-07-30,-0.017768584,0.004515765,-0.00784843,0.0012541895,0.0034049605,0.018023504,-0.0030462272,-0.003752458,0.008968068,0.02469924,0.0037974077,0.022730678,0.013740563,0.0019559546,0.013165507,0.0056527588,0.013987518,0.0016569739,0.000357654,0.021180686
2020-07-31,0.022747282,0.014711806,-0.011261865,0.00050447887,-0.00634039,0.003728033,0.0,0.00046859993,0.005469997,0.016206287,-0.031388085,0.0039586434,0.011076619,0.025841476,0.013812364,0.0,0.0059853406,0.055237193,0.007631961,0.0014326726
2020-08-03,0.053247046,-0.00988634,-0.010235946,-0.0015848238,0.0021515298,0.017333606,0.0028341133,0.007098692,-0.011814967,0.013081263,0.013659298,-0.016270507,0.03901723,0.0033602647,-0.0028276236,-0.0002495908,0.006081966,0.035273883,-0.004983654,0.0040979018
2020-08-04,0.012099163,0.024392288,-0.011308628,0.00022556822,0.010478609,0.0055950666,-0.0028885219,-0.001406984,0.001453107,0.0081478795,-0.0151091805,0.022720888,-0.010229891,-0.100200415,-0.025953926,0.00034400594,-0.0056148707,-0.013114791,0.018829683,-0.007833909
2020-08-05,0.0049631125,0.007871709,0.003560382,-0.0033517913,0.003633593,-0.00022152124,-0.015812512,0.009592834,0.0013800212,0.003752507,0.0028632265,-0.02408995,0.006492499,0.018125966,0.019811524,0.0068546077,0.0067217634,0.014088705,0.0014660044,0.010928754
2020-08-06,-0.0093229,0.006412544,0.037646238,0.013701559,0.0006709964,0.0070410194,-0.0077989353,0.001960659,0.004430756,0.005788501,0.020301966,0.0060342597,0.011018119,-0.024222475,0.012058125,0.010027755,-0.034391083,0.0035195972,0.006597801,0.006971958
2020-08-07,-0.020112365,0.022911433,0.015366732,0.0008191579,-0.011081021,0.004807166,0.03967813,0.0029494981,0.0021808457,-0.0014503715,0.0,0.030312005,0.004250448,-0.002453525,-0.005593055,0.0015295605,0.008604822,0.006456509,0.0065027745,-0.0019134816
2020-08-10,0.028898105,-0.019848218,-0.01866305,-0.0007726064,0.02457398,5.6573655e-05,0.001294775,-0.00023026924,0.0067409314,0.0009914084,-0.001406264,0.009580804,0.022023836,0.00901698,0.007145072,0.0047448967,0.01853041,0.00437105,0.0,0.017195864
2020-08-11,0.06238121,0.024827503,-0.00080035056,-0.000386376,0.021523299,-0.0051998887,-0.123477735,0.026095303,-0.027155371,-0.029085604,-0.02809971,0.016272945,0.0,0.043308064,0.015483924,0.0043903487,-0.03213069,-0.013562621,3.6381387e-06,-0.003506042
2020-08-12,0.0014370084,0.0023742116,0.0073626707,0.0,0.014354648,0.0716521,0.044113345,0.051628068,-0.00065960124,0.025865154,-0.085215084,0.012263308,-0.0012748449,0.0,0.007817777,0.017535247,0.02233948,0.10332034,0.035191137,0.013567622
2020-08-13,0.0053803865,0.008171016,-0.0041462467,0.011121661,0.0028105967,0.027000835,-0.0006435448,-0.032129362,-0.012181762,0.029702213,0.015208063,0.0018528695,0.0032895822,0.03267567,0.018217517,0.0030967712,-0.0073294938,-0.0005439159,0.0030758518,0.06511097
2020-08-14,0.00602285,0.009921442,0.0,-0.005988687,0.021650387,-0.0013966674,0.0028838196,0.0065550352,0.020712823,0.021555362,-0.0039062346,0.004797994,-0.008118823,0.00965907,0.0067524253,0.0038201152,0.016977783,0.034222115,-0.008094807,0.010640114
2020-08-17,-0.0024495965,-0.034961317,0.019731417,0.010492303,0.0014956166,0.013686511,-0.0014508782,-0.035417955,-0.0008643026,0.0,-0.012760727,-0.006809695,0.03867108,0.0064977356,0.020720499,0.008637934,0.021040164,0.005764587,-0.009885193,0.00127872
2020-08-18,0.02472314,-0.011116626,0.027204147,-0.0008767503,0.00918265,0.016596694,0.00048931653,0.032955743,-0.098078825,0.0009991232,0.0047144713,0.00325206,0.01906989,0.011560987,0.03717467,0.011908168,0.013922818,0.006942394,-0.008391221,-0.0054022227
2020-08-19,0.015456994,0.013977038,0.0031908206,0.016221104,0.003379695,0.0072475085,0.096865766,-0.018488728,0.014184133,-0.0007826667,-0.017924102,0.012988051,0.023984782,0.0033047276,-0.015543375,0.01719834,0.0042466177,0.009584309,0.009823452,0.0016927515
2020-08-20,-0.0036875503,0.00536698,-0.01497905,-0.0031449327,-0.009813741,0.021449186,0.009878197,-0.008123005,0.0034346632,0.030962793,0.006213771,-0.005822559,-0.0055584535,-0.0041700453,0.013574798,0.0006525206,0.007335643,0.0067240703,-0.009392253,-0.004990339
2020-08-21,0.0067928336,0.0260401,-0.030543169,0.0073149237,0.0028732168,0.0,0.016091948,0.0069563906,0.014692215,0.013591416,0.003293415,0.0056945668,0.0,0.011401233,-0.069716856,-0.00034000978,0.00070846424,0.0049267514,0.02521966,0.035067003
2020-08-24,-0.032528643,0.037140645,0.038102586,-0.008377135,0.014186067,-0.00035989346,0.011868647,0.0073843403,0.019670967,0.0054127886,0.002966601,0.00027609902,0.037645295,-0.018277524,0.0048301113,-0.017098635,-0.0067148316,-0.006642118,0.018382644,0.0034655528
2020-08-25,0.026746001,-0.0047480343,0.006966023,0.01493801,-0.0023393792,-0.00042470483,-0.0026228616,0.0050282925,0.009154811,-0.0034491075,-0.009780906,0.010898268,-0.0043055336,-0.014394108,0.0026181245,0.014440378,-0.0019016612,0.060414,-0.00012970851,-0.011682476
2020-08-26,0.015298148,0.008479845,-0.0050690034,0.0013834006,-0.004715981,0.06035048,0.00040250755,0.004219353,-0.022914076,0.002441113,0.004733847,0.009206847,-0.03142113,0.0016223037,0.0041827923,0.006968253,0.0011729796,-0.047780048,0.0047557973,0.012979102
2020-08-27,0.0052136523,0.005325521,0.0072240857,0.01145379,0.012100102,-0.0033449903,-0.005049022,0.0,-0.014478329,0.009358448,0.02727015,0.0037394569,0.0013798262,0.014879275,-0.08195851,0.0068418486,0.017294537,-0.0023118267,0.0031503118,-0.0016260569
2020-08-28,0.0007446075,0.0,0.004221385,0.0,0.016154384,0.017475456,0.00552632,0.00267331,0.015059429,-0.010856921,-0.011777366,0.0049908147,0.0101413075,-0.016839094,0.009122123,0.0050156377,0.011219734,-0.017562514,-0.0047261426,0.013035757
2020-08-31,0.0049083224,0.0,0.0068406817,-0.0028640083,-0.0072204834,-0.002213508,0.012272299,-0.007838521,-0.00038472112,-0.0061193053,0.0023190957,-0.01622495,0.036566835,0.007358221,0.017044902,0.016851403,0.0056117126,-0.02205514,0.0026872754,-0.014385664
2020-09-01,0.010649468,-0.0015824725,-0.029282492,-0.0021052805,-0.012482344,0.011616514,-0.00025082703,0.0075490973,0.0064281286,0.010133024,0.013633055,-0.002934856,-0.019065846,-0.1043588,0.012765857,-0.011076009,0.005058921,-0.002669778,0.0051515605,0.0056416406
2020-09-02,-0.013192057,0.02341095,-0.0016013099,-0.0030785894,0.0,-0.022679644,0.009476512,-0.021153897,0.0342047,0.013676724,0.015483201,-0.014202662,0.0013445314,0.012501484,-0.0099703,0.0097143985,-0.0028316793,0.0,-0.004299011,0.0
2020-09-03,0.013722302,-0.004953141,0.012744246,0.0013806712,0.019172885,7.26535e-05,0.018960351,-0.0056200395,0.01504916,-0.012856127,-0.018256111,-0.026815016,0.0018381873,0.019589487,0.030986859,0.006288858,-0.0031511772,0.007455139,0.00454913,-0.012071929
2020-09-04,0.02358288,0.02113842,0.021685736,0.004342973,-0.0052800113,-0.009715009,0.010582897,0.020331886,-0.0005504897,-0.031951655,0.03498943,0.04694857,0.010600921,-0.009431752,-0.08967728,0.003428442,0.0019767561,-0.014045771,0.009671558,0.00747073
2020-09-07,0.010085244,-0.025040662,0.0024624993,0.002181845,0.020523071,-0.022128984,0.00072388403,-0.011300922,0.06914864,-0.0074566444,0.018251104,0.03839797,-0.012112089,0.013843856,-0.024973521,0.01439062,0.011978655,0.035028953,-0.0016025456,0.010957701
2020-09-08,-0.0018331257,0.01086958,0.0073759966,0.012265488,0.012549431,0.0078098224,0.007386886,0.023471452,0.010785142,0.0045721265,0.0027001908,-0.0027375082,0.025435546,-0.002834386,0.08406889,0.0,0.019259907,-0.0264784,0.009203011,-0.0068980814
2020-09-09,-0.0038777348,0.005399107,0.018296186,0.012308782,-0.007845813,0.00061393616,0.009004011,-6.4804466e-05,-0.0026369295,0.011617422,0.008166348,0.01753829,0.0018707161,0.0024205858,-0.0016582564,-0.00016389607,0.0028603326,0.07143984,0.0064972527,0.0066171624
2020-09-10,-0.010197707,0.0,-0.00828659,0.016140271,-0.0065460578,0.0046924525,-0.005805099,0.019306527,-0.0042274604,0.0015570997,-0.005488163,0.0035356868,-0.005123139,-0.0030260258,0.012585037,-0.002218456,0.0057836715,-0.015093767,0.0021942023,-0.07049148
2020-09-11,-0.006679533,0.009259513,-0.016747916,-0.0064196894,-0.0060052574,0.022055121,0.003191995,0.023780717,-0.0017260193,-0.001852651,0.0048219278,0.0025126082,0.018804282,0.015168622,0.011139733,-0.0049183476,-0.0050643585,0.025474066,-0.0011587379,-0.033724952
2020-09-14,0.0071969437,0.02239959,0.0024285465,0.002613382,0.0062861047,-0.0030011123,0.005799151,0.006012441,-0.0020821902,0.019691788,0.0033232116,0.01895919,0.034854915,0.0076100505,0.0,0.01980126,0.010998624,-0.005392217,0.0004640519,-0.022184832
2020-09-15,0.0028108254,0.003729499,0.0071890685,0.004824415,0.0046315454,0.024685208,-0.016960911,0.02985087,-0.027844084,0.0017089958,0.0091477,0.0056836107,-0.003394956,-0.0144978,0.026968824,0.0067084287,0.0076258862,-0.020873358,0.0066082235,-0.041689105
2020-09-16,-0.003050641,0.005177151,0.012377226,-0.0014457096,0.011567315,0.024529537,0.0129296,0.011765367,0.0037060722,-0.0031573598,0.007334487,0.0049644234,-0.016653571,0.010633816,0.049685795,0.008353312,0.0009852571,-0.058006413,0.008912011,-0.0059525133
2020-09-17,0.010623819,-0.007845452,-0.017654208,0.0065576728,-0.0039440244,0.008924461,-0.004723897,0.0012738912,0.008701123,-0.01215932,-0.014790513,0.0035116135,0.0,0.0,-0.008494738,0.0015574908,-0.0077932975,0.033834044,0.0110191535,0.024047744
2020-09-18,0.005516155,0.025667153,0.001821648,0.0007692386,0.01900816,-0.010317638,0.0136160785,-0.010211129,0.016736772,-0.0055365614,0.015651248,-0.00672254,0.025993349,0.013787744,0.020402117,0.015757741,0.004431161,-0.005209508,0.005494782,0.02204394
2020-09-21,0.0068421923,-0.007375915,0.01197386,0.00045918493,-0.007258288,0.030130498,0.0060900394,0.0,-0.004251398,0.007874093,0.00096688705,-0.0024710095,0.030207794,0.02533323,0.0076037664,0.0034111724,-0.0011085279,-0.08660649,0.007265539,-0.0669283
2020-09-22,0.0051323497,0.019405935,0.023064787,0.008911548,-0.0002079401,-0.006048964,0.01985461,0.012971416,0.0052600657,0.016228413,0.016622966,0.01014403,0.0050644674,0.003519854,0.0021143781,0.0058041657,-0.011218789,-0.058357604,-0.0003698171,-0.02783911
2020-09-23,-0.0030130344,-0.009876528,0.026820488,0.003655392,-0.0039211083,-0.002275262,0.0014414566,0.005721312,0.029379373,-0.0040011746,-0.002934751,0.007448396,-0.1165281,0.020136483,0.019000597,-0.0067010527,0.008667314,0.062002663,0.009228798,0.004898484
2020-09-24,0.013975221,-0.025340114,0.0031172852,0.0033146066,0.016015442,0.033243045,0.009500069,0.0041359905,0.009112759,-0.00011875716,-0.048926514,0.027332176,-0.02918897,0.0029936084,-0.0049833367,0.010584319,-0.005347697,0.02921276,-0.0033716217,-0.005977755
2020-09-25,0.003491046,0.0052865255,0.01208239,-0.0013623356,0.0044772867,-0.024500214,0.030211302,0.009924221,0.00020184249,0.02043334,0.0021875629,0.0011370934,0.03507252,0.01565336,-0.013553905,0.011584119,-0.01269782,0.01069893,0.002894154,-0.10816434
2020-09-28,0.005123015,0.011993998,-0.0029209852,0.0,0.0132715115,0.0042404803,0.007349837,0.013765438,-0.015744444,0.0008973891,0.023361923,0.010811094,0.0062239976,-0.0011255834,0.0,-0.008180066,0.014421865,0.017353876,0.009417664,0.0040536616
2020-09-29,0.008732589,-0.002035316,0.0028751984,-0.003125998,-0.012569324,0.013541215,0.011780681,0.0034450104,0.014104319,-0.0198696,0.007910267,-0.024680234,0.00112036,-0.0042777145,-0.02059168,0.01572827,0.035442997,0.015506303,0.006556792,0.020942438
2020-09-30,0.0013539249,-0.0022647453,0.02798656,0.00792126,0.0,0.02657057,0.006286477,-0.006087624,-0.014506009,0.008510241,0.01747486,0.014002384,0.009070171,-0.001974764,-0.0045738053,-0.00041325745,0.0,0.027553331,-4.8562524e-05,0.0018159017
2020-10-01,-0.00025523524,-0.00057018176,-0.036085457,-0.011767659,0.009931445,0.009055505,-0.0028873265,-0.004903673,0.011929321,0.009792746,-0.016200922,0.00349763,0.03192018,-0.001838213,0.02466434,0.008749454,0.008624943,0.0032084503,0.0,0.009100592
2020-10-02,-0.0024200534,-0.010366244,0.004695516,0.01256364,0.016721759,0.01101925,-0.006020612,0.025363076,-0.0026614927,0.0034861548,0.03632581,0.013859177,0.008842774,-0.020051163,0.018496688,0.004100351,0.0070993598,-0.0048000943,0.0034712546,-0.04736119
2020-10-05,0.0005094391,-0.0067121047,0.0017448057,0.0083432095,0.0,0.011264756,0.01239746,-0.019156603,0.017037971,-0.0012630299,-0.013237925,0.0011801532,0.007875298,0.036976214,0.036672533,0.004311548,0.0136948135,-0.008059779,0.016290965,0.009411596
2020-10-06,0.009416344,0.0076848166,-0.0032129243,0.012500745,-0.00029443915,0.015854068,0.0166807,0.027532991,-0.0023752202,0.024561783,0.011635592,0.0017789386,-0.00084418,0.048513193,0.044409588,0.02116427,0.002925985,0.0009633948,-0.03843326,0.01403785
2020-10-07,0.011984409,0.014127642,0.013555012,-0.008001064,0.0042892843,0.014088585,0.001572172,-0.019461652,-0.07621925,-0.00977,0.0073531,0.015554687,0.026752038,0.002348905,-0.0071171443,0.009991845,0.0149511155,0.01090822,-0.0036499253,-0.011369447
2020-10-08,0.00079124013,0.0,0.0005313361,0.018437145,1.4710932e-05,-0.014927123,0.027245749,0.03428892,0.01283092,0.00814372,-0.0130398935,-0.012121447,0.0065850117,-0.008581975,0.009542453,0.008149161,-0.0002833766,-0.016777027,-0.011406917,-0.018454932
2020-10-09,0.0085971635,-0.003628137,7.499185e-05,-0.0052429433,0.008370634,0.009664555,0.00490214,-0.005557946,-0.00261733,0.007131848,0.0148735205,0.019825106,0.0064433264,-0.023537999,0.029606564,0.0037438164,-0.0027288022,0.023200642,0.02299126,0.00057929236
2020-10-12,0.007337459,0.009119761,0.0091275,0.013830393,0.014803489,-0.0011240304,0.00844834,0.01175744,-0.0024193383,0.016616281,-0.0008296168,0.004650037,0.011365501,0.03798703,0.019901419,0.0076580974,0.0019919083,-0.016444879,0.023209877,0.09780137
2020-10-13,-0.0017719939,0.011118163,0.0013541974,-0.014146808,-0.0018872931,0.007646558,0.009104778,0.002505725,0.0033729232,-0.0027311412,0.0,0.006599294,-0.0009263319,0.014197424,0.010749684,-0.005058158,0.0019224881,0.025604168,0.014122008,0.013951288
2020-10-14,0.009436426,0.006039304,-0.009705438,-0.0057485057,0.010971362,0.0066269776,0.00080646644,-0.05703935,0.010368868,0.015838878,0.016942998,0.0076841847,0.009981208,0.026240803,0.011043502,0.0041903234,0.010778195,-0.004777539,0.0013526314,0.0026470097
2020-10-15,0.0,-0.013258374,0.004043752,-0.0026916363,0.010443469,0.0072244895,0.016501604,0.0024249519,0.019636981,0.0,-0.010055072,-0.015448156,-0.00841116,0.0012812292,-0.0019610107,0.013091062,-0.011164007,0.021176733,0.00549544,0.011020299
2020-10-16,0.007351314,-0.010430527,0.01901751,0.0049339337,0.0047854427,0.008156551,0.0022998522,0.0035959026,-0.00546115,0.028726092,0.0048351213,-0.0030412343,-0.001318419,0.0206249,-0.016895346,0.004330355,-0.019204527,0.015304593,0.0,-0.0028250713
2020-10-19,0.005471695,-0.028071977,-0.011747099,0.0027271556,-0.006403546,0.009179365,0.013136076,0.011082159,0.008040841,-0.0024621445,0.01791588,-0.0016396435,-0.0026511312,-0.0013599702,0.0033274512,0.0014257419,-0.005189621,-0.0027943705,0.012810252,0.0068016034
2020-10-20,0.005870072,0.0065520317,0.01103389,0.010854012,0.001547048,0.009217969,0.016435005,0.025463399,-0.018918578,-0.002986256,0.0022029756,0.010026416,0.0051520406,0.017438464,0.029371204,-0.0036840918,0.0032416508,0.004197645,-0.027080163,0.019211559
2020-10-21,0.0058742315,0.012610567,0.016159568,-0.001477847,-0.0006306408,0.0,-0.011843218,0.016394014,0.0028561633,-0.0037601746,0.010132652,0.0017338017,-0.024842361,0.006264316,0.020384781,0.0,0.011613451,-0.015209362,0.0042730696,-0.02712807
2020-10-22,-0.002848655,0.04965945,0.0021519328,0.008269683,0.009108919,0.0,0.020517737,0.0015109958,0.0012203814,-0.0016827092,0.0043586935,0.0058733732,0.02141445,-0.011474501,-0.033735033,0.00012925797,-0.018988105,0.061429203,0.0007544602,0.04008627
2020-10-23,-0.0014353694,-0.0075826696,0.00862402,0.0,-0.010581458,0.03504768,0.0036051525,-0.0016781888,0.0025109767,0.009099918,-0.0056159487,0.013510346,0.014868927,0.00023491788,0.010632249,0.0,0.009203649,0.0013605154,0.0019228342,-0.0053242473
2020-10-26,0.008179542,0.009403853,0.011769047,0.0015289445,0.002681143,0.0,-0.011301158,-0.008221959,0.011726042,0.004070938,0.002995174,0.0009022164,0.021208482,0.0,0.010030673,-0.0032404875,0.006334806,0.032451373,0.008547381,0.004607025
2020-10-27,0.0051616584,-0.00041343702,-0.0010788568,0.00146292,-0.012456978,-0.007877675,0.0035580979,0.012502614,0.012816331,0.0028532795,0.00101541,0.012426048,0.0008482605,0.0011190071,0.00028916795,0.017543633,0.01060576,-0.0107601015,-0.00308435,0.002027093
2020-10-28,0.006504786,0.012530592,-0.0040034303,0.00033880287,0.011454037,-0.0025323608,-0.0009422614,0.0,-0.0049956525,0.006339795,0.0063114497,0.023133546,0.0110252,0.0039226413,0.024289712,-0.024176117,0.0057262094,0.0029066498,0.01361021,0.021958642
2020-10-29,0.0,-0.029580101,4.7161753e-05,0.011885778,0.013123637,0.003898433,0.009805276,-0.0011207936,0.008249641,5.5731784e-05,0.0054838043,0.005279022,0.0075420705,0.013904978,-0.0024611347,0.0018324727,-0.00047783245,0.017831262,0.021051198,0.0009382969
2020-10-30,-0.00019132339,0.031716898,0.0075333407,0.0101066865,0.01069398,-0.0005804679,-0.015552179,0.022387432,-0.0050210017,0.0034452968,-0.00018216364,-0.0025108093,0.0034428684,0.0003759903,0.005995373,0.018984165,0.026904391,-0.009939251,-0.0037633786,0.002219128
2020-11-02,-0.0037403505,0.0008675005,0.0123539595,0.01072368,0.011338515,-0.004180056,0.019112254,-0.00259707,0.0073993243,0.012365356,0.009563979,0.007025616,0.009987668,0.011690863,0.010613468,-0.0060345517,0.0,0.0066769025,0.0024165823,0.015753277
2020-11-03,0.0021812415,0.0,-0.0009211972,0.0012571317,-0.0062775365,0.0015561163,0.0013674479,0.02580593,-4.172455e-05,0.0,0.0046084886,0.006146825,0.015601874,0.015751258,-0.004572653,0.005349304,0.0069894157,-0.030246574,0.017493483,-0.018529471
2020-11-04,0.006556842,0.02951571,-0.0016261325,0.0,0.019004187,0.0060163224,0.0,0.0128160445,0.015822157,-0.00062184694,0.00935752,-0.018581359,0.00014739114,0.00486684,0.008657388,0.0028017042,-0.011056694,0.049774043,-0.0025079441,0.027815994
2020-11-05,0.0032765656,-0.008609147,0.005720492,0.002796528,-0.0047602076,0.0027545288,0.03536988,0.010641644,-0.011812874,-0.0039173374,0.012098885,0.017410113,0.0041870656,0.006822351,0.022435518,0.013821912,-0.0017253374,0.013195292,0.014294054,0.01028807
2020-11-06,0.009822398,0.008908452,-0.008562635,0.012663578,0.002871895,0.0019280353,-5.7834608e-05,0.0044590156,-0.0016657993,0.013972256,0.008971497,-0.0049838633,0.005802443,-0.0003313703,0.019743789,0.0141927665,0.015248744,-0.013449704,0.0,0.028609306
2020-11-09,0.002026307,0.023170082,0.0029858632,0.002977415,0.0061390135,0.0050290767,0.02345589,0.0,0.01820355,0.029388858,0.004898151,-0.0005431568,0.007495507,0.02662701,0.055948023,0.011144644,-0.0136937965,0.00515305,0.0033231275,0.004934209
2020-11-10,0.0149487695,-0.0054943017,-0.028034724,0.014126237,0.006287753,-0.0021362598,0.009683505,0.010497052,0.0,0.0031242203,-0.023277631,-0.0037774276,0.069775134,0.019871155,-0.048542757,-0.0006607727,-0.026829015,0.0058117346,-0.00976025,0.05667901
2020-11-11,0.003743527,-7.037693e-05,0.0054511367,0.024643222,-0.031950284,0.016945217,-0.00092278974,0.023750287,-0.029004639,0.0042325095,0.013830431,0.09302596,0.0016836465,0.015034232,-0.052879572,0.011784028,0.026986226,0.01159723,0.0052522575,0.04687696
2020-11-12,0.0036422913,-0.017784538,-0.0009701149,-0.002796093,0.006368198,0.0056517445,0.010806556,0.021121396,0.0057732747,0.0022716764,-0.00037776615,0.01757435,0.020835465,-0.03391569,0.0062306765,-0.029872663,0.08194362,0.0048290067,0.014063892,-0.014168627
2020-11-13,0.0,-0.0016189555,0.06760084,0.008972822,0.028006393,0.003642697,0.0053544287,-9.8292294e-05,-0.0050723692,-0.004497506,-0.02119624,0.008130857,0.009456375,0.011629907,0.046049,0.010605623,-0.0064799706,-0.0022455202,0.01401247,0.0043101404
2020-11-16,0.020423234,0.026104603,0.028652783,-0.0032262811,0.0010869473,0.011095809,0.019009557,0.002768995,0.008426067,-0.008122439,-0.0077438275,0.004415926,0.009720522,3.956859e-05,-0.030598199,-0.00094529905,0.03030936,0.01856416,0.049614545,0.011134736
2020-11-17,0.012407681,0.007045131,0.0013574314,-0.016951786,-0.0154545475,-0.004940135,0.005509071,0.006249503,0.10216244,0.0030081347,0.029382732,0.0076129003,0.022796724,0.0,0.020108005,0.004884786,0.005154745,-0.0193687,0.026161345,0.003845842
2020-11-18,-0.009535495,-0.010676165,0.026325108,0.009873948,-0.0071922895,-0.008203739,-0.02694255,0.015490167,0.023651911,0.0010993081,0.007097142,0.0024001454,-0.013438263,0.0042551886,0.007993107,-0.0009267077,0.0204409,0.0010340756,0.017236479,0.012911262
2020-11-19,0.008880699,0.012263876,0.0,0.00783465,0.006449847,0.002363673,0.026329812,0.01987612,-0.005413089,-0.0015504771,0.0006728942,0.009927244,0.027793592,0.012152157,0.009513208,0.005684214,-0.0032591654,0.031926308,0.00648107,0.011676576
2020-11-20,0.009799191,-0.00027294297,0.01128603,-0.008139674,0.037324682,0.0063767624,-0.013567551,-0.0047008763,0.041524168,0.0,0.00029937868,-0.02723313,0.01503778,0.015553253,0.017893923,-0.08364017,-0.00027699184,0.007619766,0.013425586,0.0077144764
2020-11-23,0.002033745,0.007329039,-0.0002876191,0.012581483,0.0027294876,0.027486483,0.011863265,0.022149803,0.030806053,0.07453472,-0.009931871,-0.0007221932,0.0019199552,-0.01374311,-0.009406076,-0.040222913,-0.0021107425,0.0066157207,0.0018791849,0.004371096
2020-11-24,0.0036190967,-4.5159515e-05,0.0026446043,0.013044428,-0.026376378,0.022533892,0.017663842,0.008389109,-0.027037524,-0.0020283274,0.0,0.019341977,-0.007107709,0.010478979,0.0049054883,0.027608758,-0.07196989,-0.031418808,0.014159734,-0.020783965
2020-11-25,-0.0158307,-0.0007485023,0.026965227,0.0042252988,0.006715923,0.004034224,0.016632376,0.0046300506,0.0051753423,-0.006066873,-0.0053843176,0.006598897,-0.028933784,0.002070396,0.014880917,0.0462872,0.009300187,0.0068953186,0.014344962,0.015241073
2020-11-26,0.0052820137,-0.028383756,-0.045866545,-0.0041089724,-0.008533219,0.0025379932,0.01875478,0.027622556,0.0074838037,-0.00039999952,0.023692714,-0.009585918,0.002007849,0.0064081675,-0.014370164,-0.007739158,0.056701966,-0.08329112,-0.0028208122,0.009953757
2020-11-27,0.0127297165,-0.004052446,-0.008569843,-0.004245646,0.00033628783,0.0023979917,-0.0046966868,-0.011061793,0.0062972885,-0.01015637,0.027571933,-0.011002806,0.01769647,0.011852196,0.011024423,-0.00061894255,0.0076487297,0.007222453,-0.03214959,-0.0034730434
2020-11-30,0.009078402,0.015184565,-0.010464193,0.036519974,0.02957665,0.006327848,-0.0024266592,0.0035664968,-0.006342287,0.0011241849,0.007899151,0.009140589,0.004932341,0.002963146,0.015303884,-0.0326413,-0.025863754,0.012665863,0.0032936302,-0.017372908
2020-12-01,0.008448594,0.004199494,0.022606725,0.017782373,0.0065674437,-0.0020625887,-0.007893375,0.012879101,-0.01676339,-0.0050603063,-0.002998932,0.0,0.025708413,0.013963083,0.0016854531,-0.0029327353,-0.0016856636,0.048271548,0.016254684,0.006545588
2020-12-02,0.00056371477,-0.0010941663,0.004246568,-0.0765514,0.00796969,0.005460395,-0.062061556,-0.025509149,0.011479366,-0.039484095,-0.00866297,-0.0018689887,0.03975735,-0.003964728,0.005665682,-0.016138632,0.0047618155,0.009286807,-0.011509813,-0.030498829
2020-12-03,0.0,0.006913015,0.022663862,0.024028752,0.0075371023,-0.00531383,-0.006447805,0.015128627,0.019359784,0.008875809,0.010031917,0.027203057,-0.0052895523,-0.000678323,0.013709196,0.005229338,0.005087057,0.0056797974,0.021559088,0.0044265515
2020-12-04,-0.0012545211,0.022004837,0.0065204217,0.018843345,-0.00024188732,-0.056957636,-0.0061836587,-0.011979767,-0.029962271,0.014242642,0.0129403025,-0.007125691,0.016940776,-0.0046746354,0.01788393,0.0,-0.004803807,0.018228019,0.021459315,-0.0012639519
2020-12-07,0.0015485924,0.00065428007,0.01684953,0.00328948,0.0042829593,-0.018380476,0.012371719,0.016161941,-0.012448045,0.006334311,0.016337674,0.0333236,0.013578262,0.013703677,0.0393184,0.046698455,-0.009816367,0.0072914404,0.0,0.01156027
2020-12-08,-0.0057412977,0.007321887,0.0031888392,-0.0058103334,-0.006529203,0.023193566,-0.12233105,-0.012814125,0.0012153222,-0.011302021,-0.030469548,-0.0022661216,0.025524428,0.00943723,0.010437175,-0.0297229,0.017090358,-0.0012465785,0.0019267944,0.0138115445
2020-12-09,-0.009443757,0.0031666548,0.010872419,-0.008388669,-0.013907549,-0.0018949207,0.010850795,0.010178086,0.008871048,0.021792132,0.024541195,-0.00063835335,-0.006903793,0.017131254,-0.014210056,0.002269199,0.0044004037,0.0020917952,0.010884524,0.00026477868
2020-12-10,0.02325281,0.0045404583,0.0019999752,0.011641684,0.040952872,-0.013851376,0.034365077,0.010392934,-0.0064756335,-0.01650479,0.009445717,-0.0030593663,-0.030603144,0.0037579932,0.017237682,0.018303871,0.013796446,-0.0028215568,0.00057361537,0.017473454
2020-12-11,0.0021889834,0.0017683574,0.008116755,-0.006713528,0.011480138,0.0072681154,-0.0070038233,-0.00036786735,0.014262021,-0.011012991,-0.009088993,0.004045645,0.016266096,0.012615134,0.019160762,0.012368507,0.010466286,-0.045135476,0.011180409,0.0042553134
2020-12-14,0.0011443011,-0.06177047,0.009250395,-0.0018588118,0.009089276,0.0011548606,0.022689039,0.0021517335,0.0008466909,0.008990703,0.009269323,0.013725449,0.004703574,-0.0012051074,0.004704912,0.015186093,0.00075018837,0.009298821,0.006073689,-0.004035455
2020-12-15,0.0055094734,-0.001851619,-0.0033973462,0.044094726,-0.011523044,0.0076341005,0.0014927395,-0.0089318175,-0.0073976982,-0.0058377287,-0.021750912,0.0032430927,0.039402805,-0.0014459407,0.0132347755,0.022175608,-0.013644655,0.007440207,0.0065645585,0.0014029721
2020-12-16,0.0,0.0011060627,0.0031961645,-0.018795913,0.0020356455,0.036769304,-0.001161366,0.0073553678,0.003044545,-0.005602664,-0.0001946445,-0.009447501,0.00623703,-0.008171143,-0.001699108,0.0014005232,-0.009019774,-4.907942e-05,0.020037353,-0.0007579407
2020-12-17,0.00048467377,0.015678076,0.006883717,-0.0023143578,0.009931322,0.003768561,0.0,-0.015734311,0.039475054,0.024387084,0.012358344,0.0144672645,-0.00096239836,0.0068797907,-0.009786784,0.008105735,-0.026906548,0.0015288637,-0.016565884,-0.008832207
2020-12-18,0.0038523546,0.0143134715,-0.07918592,0.0071675004,0.020986013,-0.0004747278,-0.0150756445,-0.035857446,0.07594039,0.0038339728,-0.0034283972,0.018419199,-0.0041694087,-0.007834693,0.0023848368,0.017331844,0.041479737,0.012582073,0.0056730825,-0.01289853
2020-12-21,-0.0066348296,0.00458287,0.0046297973,0.02352681,0.0073732324,0.02420615,0.0067768353,-0.002826171,0.023055695,-0.00053342717,-0.0029901748,0.014303198,0.0152646955,-0.008833947,0.010487947,-0.0019509137,0.013992278,-0.010011873,0.012639191,0.0054842625
2020-12-22,0.0052314564,-0.0016854448,0.0,-0.010101142,0.0013994825,-0.03937619,-0.012750559,-0.03575846,-0.00828772,0.045939617,0.0,0.014012637,-0.13813712,0.024136331,-0.057097755,0.012815611,0.015828121,-0.0058645415,-0.0019052388,0.0042302134
2020-12-23,0.0013553016,0.0006715693,0.016984709,0.026200373,0.0060175434,0.006363335,0.0035574695,0.018939551,0.0016976236,-0.0015268461,0.016394606,0.006287169,0.035319004,0.025992038,0.02364551,0.005593367,-0.0028198878,-0.0020124412,-0.041383736,0.04897365
2020-12-24,0.008961521,0.007629995,-0.016339598,0.0,0.037177358,0.007370507,0.006316956,0.016560948,0.0020340686,-0.022177242,0.018232722,0.001587045,0.004264479,0.015060772,0.026121376,-0.009626096,0.04684657,0.07150037,0.07894797,-0.0013870377
2020-12-25,0.012754651,-0.064033315,0.00029858298,-0.01008303,-0.016285365,-0.012228077,-0.034043297,-0.024979046,0.0,0.017059743,0.013713933,0.010326073,0.011086751,-0.010470144,-0.00626481,-0.030500751,0.004319086,0.011384304,-0.027036188,0.035396088
2020-12-28,0.006838583,-0.0056462246,0.0018194955,0.02631952,0.0031029508,-0.0101509355,0.03480962,0.00031210837,0.012377262,0.0016094319,0.0053415145,0.00069749536,0.0013990331,-0.0025299645,-0.017822685,-0.012537943,-0.006832286,-0.010266942,-0.0037472625,0.0
2020-12-29,-0.0024565246,-0.032188483,0.011488867,-0.016373,0.0011777321,0.011490888,-0.01167373,0.0152027905,0.004208473,-0.008728135,-0.028355757,-0.010230614,0.0034256284,0.016336156,0.00044428135,0.0351258,0.010382388,0.0119885,0.0069036093,0.024335304
2020-12-30,0.00662908,0.0113069285,0.026354674,0.0034975382,0.019755097,-0.0059064585,-0.0019488941,-0.009759797,0.0069224187,0.01931546,0.00022276503,0.006278951,0.0062948386,-0.0026033977,0.0,0.00088488334,0.0034382942,-0.058255758,-0.023203136,0.004195804
2020-12-31,0.00027036268,0.0064972118,0.004665219,0.013571191,0.0008744499,0.005627833,0.0016290835,-0.0014303568,-0.008836485,0.007085777,0.0005211004,0.0003280368,0.010486017,0.0030010317,0.03527234,0.0011935259,0.01400229,0.01734816,0.0389476,-0.022527508
2021-01-01,-0.0017200543,0.01906283,0.0057348353,-0.008072703,0.009920244,-0.011770489,-0.118638985,-0.0003995676,-0.00552415,0.0016123601,-0.0029634836,0.008421479,0.0066040526,0.0024930374,0.013623425,0.0123897,0.009355928,-0.0061912932,0.015181882,-0.026637994
2021-01-04,0.0031719988,0.0024017273,0.004867403,0.013902701,0.01274938,0.0027682327,0.009580171,0.017554678,-0.005763096,0.029642707,-0.0012594371,-0.0027397869,0.028532976,-0.015073916,-0.03297071,0.004729339,0.008471868,-0.0027560266,-0.0019470451,0.014807424
2021-01-05,0.012705341,0.004104033,-0.034323048,0.020271605,0.009642789,0.01497882,0.034492735,0.009489966,-0.004527923,0.01823677,0.010478959,0.0240797,-0.0012877814,0.019256875,0.002516732,0.025316924,0.016974563,0.0041056364,0.015020495,0.026451021
2021-01-06,-0.00023201076,0.0035023673,0.002816963,0.01093613,0.0012752205,-0.06042481,0.017194238,0.08593454,0.006823972,0.010467663,-0.0022515212,0.019137207,-0.007633591,0.017556675,0.02221236,0.009110511,0.00021408414,-0.0034990092,0.021454317,-0.010036326
2021-01-07,0.004686607,0.017785585,0.0017242214,0.008978959,-0.013916214,-0.00023557684,0.023000404,0.034303255,0.0022763682,-0.0059732376,-0.0013046259,0.0022939371,-0.006822705,0.00042523805,0.0007328967,0.011053166,-0.006035664,0.034238815,0.0054834425,0.018117936
2021-01-08,0.0049838824,0.0030914233,-0.02158405,-0.009795913,0.0018855139,0.034994908,3.3996756e-05,-0.003831028,-0.022749128,-0.0066061425,-0.011761858,-0.0067106336,0.015176916,-0.028945439,0.013900968,-0.021421611,0.0073736063,-0.0049168677,-0.009308655,-0.013415695
2021-01-11,0.0075364225,-0.024755854,-0.0006656037,0.014660539,0.0043526706,-0.0038251574,-0.0066929585,-0.004139817,-0.013618712,-0.006706949,-0.004526872,0.0070559247,-0.0009270706,0.008411076,0.000844391,-0.0055464045,-0.0060000964,0.0391492,-0.13256907,-0.008558502
2021-01-12,0.018641436,0.05599175,0.040924735,0.0056490754,-0.002260552,0.04407966,0.006351793,0.007490979,-0.017256403,0.021509552,0.000751618,0.00021439289,0.038594503,0.010372923,0.0040129544,-0.0030566752,0.0012131364,0.012375888,0.014951361,0.018938296
2021-01-13,0.000640641,-0.13098493,-0.0045369947,-0.0008620276,0.012416185,0.01859176,0.004252334,-0.008952252,0.037341133,0.0015439036,-0.0051171496,-0.00413532,-0.0004385895,0.012268589,0.014252365,0.0030189536,-0.005317667,0.024074635,0.026478289,-0.001583223
2021-01-14,-0.024823973,0.010327515,0.009492841,-0.00073825626,-0.017593041,0.0,0.00025190378,-0.0035354847,0.052413724,0.0030575688,-0.016543258,-0.00050649105,0.023030188,-0.010109015,-0.022639265,0.0021630698,0.0005018717,-0.0062001417,-0.015720822,0.0018864415
2021-01-15,-0.009210437,0.019063622,0.010244339,0.007365691,-0.008219462,0.014485386,0.00351619,0.021821227,-0.13990195,-0.030850735,-0.13903837,-0.013569754,-0.002812907,0.023417635,0.015225288,0.014414255,0.0023401857,0.022455411,0.023084313,0.02285471
2021-01-18,-0.003919064,-0.015062562,0.0041568396,0.0017180935,0.0056056897,0.014235718,0.015998935,0.005394776,-0.005581657,0.005117289,0.09995829,0.0031165604,0.00049539737,-0.008395157,0.013794549,0.011761788,0.0031816068,0.008860807,0.037820227,0.0035918239
2021-01-19,-0.0027414022,0.0015456848,0.0019331989,-0.024944026,0.021654323,-0.0028718016,0.00018153379,-0.0023725769,0.07528726,-0.0031221367,-0.12772168,-0.00050810166,-0.013410731,-0.09582054,0.009494309,0.0005498936,0.0013068956,7.883363e-05,0.0067797387,0.0076708393
2021-01-20,0.0199761,0.008894433,0.013919503,0.047371,0.0006486177,0.02066157,-7.457702e-05,0.060567953,0.013268674,0.016152121,0.016813805,0.0013135652,-0.022164052,0.02171247,0.015547446,0.006365208,0.010675199,0.011805951,0.00022683237,0.0016436825
2021-01-21,0.0070324293,0.03683303,-0.018241502,-0.0026280254,-0.008136515,-0.0053895754,-0.024984602,-0.006396074,0.0,-0.003367281,-0.0032716729,0.006000467,0.016808605,0.0115892915,-0.008811348,-0.036660556,0.014439959,-0.0025830546,0.017663855,0.008306661
2021-01-22,0.010114741,0.0029347588,0.01926597,-0.0146354195,0.020029908,0.0123532,-0.026425933,0.011669662,0.007984226,0.032162137,-0.000843244,0.02555693,0.012285798,-0.006016557,0.009043058,0.017455883,0.0033115798,0.0041127508,-0.099245936,-0.006119117
2021-01-25,-0.006131871,0.030471547,0.016924664,-0.040863648,0.0005057047,0.0037018768,0.0073899277,0.073552966,-0.011429181,0.006952905,-0.02802936,-0.0044965814,-0.015635332,0.008399712,-0.005809744,-0.0051298016,0.011957437,0.0076303785,0.004699677,0.0009603285
2021-01-26,0.0009676616,0.0062483842,-0.0038393717,0.004324325,0.0123788295,-0.007338536,0.019236624,-0.0069826897,0.0,0.020427844,0.00061361765,0.011125621,-0.06483973,-0.001472969,0.004170469,0.013719748,0.00857335,0.0075239567,-0.005097222,-0.02879477
2021-01-27,-0.009476077,-0.0027191716,0.0053410023,0.018605672,-0.0021719974,-0.0011030197,-0.0151207885,-0.000828714,0.025161602,-0.0024743685,0.012009816,0.0079762405,0.04763874,-0.0010248297,0.02645721,0.024142439,0.0018310086,-0.002507209,0.014596529,0.013931134
2021-01-28,0.0044814814,0.011127462,0.00641496,-0.040792894,0.008436318,0.011090588,0.025066525,-0.0004210749,0.0067229457,0.0006539205,0.037265293,0.0041497173,-0.01693626,0.018702304,-0.0010319257,-0.030947164,0.015191566,-0.014508927,0.009825925,0.042045403
2021-01-29,-0.0119720865,-0.0013176893,0.00051709585,0.013432151,-0.026492698,0.008799535,0.016274065,0.00641671,0.0017287529,0.00641878,0.014386963,-0.0134411035,0.03371881,0.012429242,-0.01506686,0.0110864965,0.007994242,0.0037396841,0.032455433,0.0078026964
2021-02-01,-0.008012095,0.0042396397,0.004194266,0.002308224,0.00010036255,-0.0024624323,-0.0028081152,0.020839056,0.015487435,0.0,0.014100005,0.015543186,0.032909412,0.0045459173,-0.0011022853,0.0132094305,0.0009055111,0.013727649,0.018979406,-0.0072823786
2021-02-02,0.001107354,-0.0025694615,-0.0065129544,0.05390425,-0.014953865,0.033368863,-0.020383554,-0.003045618,0.009319036,-0.004577146,0.009902822,0.0,-0.00071181933,0.003396729,0.009954026,0.013568986,0.004204087,0.0065670502,-0.0003467849,0.006098049
2021-02-03,0.01548445,0.0116480915,0.0048002554,0.02977672,0.017049111,0.013522057,0.041312423,0.012187957,0.01993178,0.00026254484,0.02428847,0.017819606,-0.10918735,0.0,0.002962691,-0.0022132355,0.008279274,0.010397495,0.009431815,0.013268661
2021-02-04,0.001041929,0.013007095,0.017344737,-0.0059942775,0.018333852,0.001229885,0.003390737,0.018921604,0.0010772757,0.002302484,-0.015618975,0.017598795,-0.0062749707,0.0117802955,0.00089470565,0.0004181912,0.004164272,0.0027327861,0.0,0.004194778
2021-02-05,0.035113018,0.026196415,-0.006549804,0.0024414023,-0.014539437,0.0121566495,-0.006785269,0.0035894094,0.0074090254,0.02614785,0.0028984663,0.010346865,0.0022747007,0.026003929,0.008980372,-0.00970168,0.028033618,0.031265583,0.0029488422,0.006091398
2021-02-08,-0.0010002009,-0.00599969,-0.048230544,0.011012471,-0.00064314436,-0.020584738,0.015995368,0.007131255,-0.0002723499,0.0039575296,-0.02954897,-0.016132416,0.05076546,0.023550473,0.0077096736,-0.014428323,-0.012221562,0.010803843,0.044571497,0.001824506
2021-02-09,0.034788173,-0.010651205,-0.0074356664,-0.024201054,0.015831474,0.018702967,0.0028794594,0.008992511,0.0030478267,0.05691065,0.0015730432,-0.030480292,0.011739065,0.012285688,0.032122314,0.0022712583,0.031412564,0.004891788,0.0,0.047504913
2021-02-10,0.0076512285,-0.017307801,0.039489295,0.008198189,-0.01797887,-0.019500554,0.015068068,0.010921767,0.0004201332,-0.024191825,0.03200786,0.008626747,0.0065892907,-0.0049116546,0.009118373,-0.08181833,0.0019726676,0.0,0.025315326,-0.0023871674
2021-02-11,-0.01107862,0.016600367,0.034348372,0.009902587,0.0018917524,0.022261506,0.014926004,0.010667593,0.003755256,0.002942227,-0.028641436,-0.016281048,-0.0085480735,0.00016847152,-0.0055324594,0.100128755,0.05631837,0.0032598795,0.001829847,0.021998566
2021-02-12,0.01018225,0.0088718375,-0.012569757,0.0017352444,0.013448515,0.0066723786,-0.012508619,-0.026415495,0.011863887,0.019149857,-0.0037631204,-0.00419125,0.02180902,0.0,0.016663203,0.0028255119,-0.008012614,0.008519953,-0.009458873,-0.0039906614
2021-02-15,-0.012468948,-0.000117551404,-0.0055107204,0.01121838,-0.006143042,-0.009761068,0.025504235,-0.013539252,-0.011734779,0.02073733,-0.0056637004,0.03760359,0.0009606813,0.011186826,-0.041804247,0.0110362535,-0.12734167,-0.012597555,-0.009911607,-0.0104319425
2021-02-16,0.012318938,0.002658868,0.018632585,0.0152257085,0.016065681,0.088415705,-0.0050746948,-0.005993386,-0.008013715,-0.0055560176,0.025380889,0.012295861,0.034385957,0.0008145103,-0.030323341,0.017235136,0.044761784,0.0,0.027131313,0.030939741
2021-02-17,0.014245843,0.0042280294,0.011318681,0.012353889,-0.014312675,-0.0058322777,0.010928964,0.01508195,0.0019882596,-0.002401796,0.00067030214,0.009663889,0.017310444,0.0024822804,0.020444755,0.02289165,-0.0010774303,0.0,-0.005727408,0.012734853
2021-02-18,0.019337904,0.0037690676,0.017302645,-0.003600547,0.024560863,0.017195709,-0.009852644,-0.00074543344,-0.013309071,0.015478419,0.010466009,0.004298927,0.02614663,0.013947831,-0.008427571,-0.027491633,0.009619683,0.03009365,0.03474277,0.03127799
2021-02-19,-0.004036744,0.0008379858,0.015958227,0.0045795897,0.000892908,-0.0018422551,0.0065941457,0.00650535,0.0036618984,-0.0042278357,0.009606669,0.0024052411,0.033203863,0.02156339,0.039782908,0.018559929,0.041111667,0.008299784,0.0057536364,-0.050421916
2021-02-22,0.009106663,-0.0118411165,0.03750988,0.0006689096,0.005324817,0.0063662557,0.0,-0.01280837,-0.0008674771,0.00795759,-0.01661711,0.016004723,-0.007265341,-0.0027962935,-0.0008998222,-0.022406919,0.0098252855,-0.012817985,0.011033425,0.01744589
2021-02-23,-0.0021125984,-0.0023620757,-0.004914136,-0.00019424203,0.010098488,0.026277676,0.004049865,-0.015400509,-0.0067373267,0.03880947,0.014276465,-0.01664435,0.0075774956,0.010809296,0.0859908,0.0008148588,0.03039223,-0.032704696,0.0028767723,0.01692765
2021-02-24,-0.009285996,-0.0200448,-0.004272021,0.0148326075,-0.013300073,-0.0030579078,-0.00073287357,0.0011442711,0.0026687228,-0.03505475,0.0013463118,-0.0024489227,0.0034499362,0.006788793,-0.00097150094,0.006557165,-0.019117445,-0.031154796,-0.0076605906,0.020468924
2021-02-25,0.042620488,0.007041203,-0.03379431,0.0042570173,0.034643963,0.018002938,0.0021793582,0.03260901,-0.001947941,0.0,0.013335343,-0.029395178,0.022715285,0.010325868,0.0009726135,0.008706957,0.00015145035,0.029737778,0.012344058,-0.034684587
2021-02-26,0.0031552096,0.00041281796,0.012202385,0.0026636033,0.025489856,0.011019614,0.022283247,0.027542379,0.011669199,0.01425624,-0.025218355,0.021022728,0.019003475,0.022955421,-0.0102556795,-0.012191134,0.015005215,0.0056714555,0.0,-0.02261301
2021-03-01,-0.014331201,0.0022407072,0.004335494,-0.0043499777,0.006782802,0.010479433,0.0070940023,0.0017101162,0.0004214425,0.037999798,-0.027658774,0.027593205,-0.003385559,0.0032389492,0.020368248,0.0036351245,0.016973486,0.014991706,0.0006302468,0.04557311
2021-03-02,0.011449929,0.024670139,0.009494242,0.020604508,0.0,0.009115832,0.036188122,-0.015606206,0.034212127,0.002888396,0.046739064,-0.011035533,0.008322498,0.015750995,-0.003476401,0.025214985,-0.0327069,0.02031095,0.0066654314,-0.025181578
2021-03-03,0.0053439904,0.017469503,0.001834144,0.0011163895,0.0075028846,0.0049682544,0.003353203,0.01831052,-0.013279693,0.048490036,-0.012295796,0.0047334097,-0.021498606,0.002485277,0.044847578,0.022488926,0.0073314374,0.0,0.013867259,0.0034155205
2021-03-04,0.015463255,-0.0038871786,0.0042807655,-0.001176892,-0.002314991,-0.01130139,0.021063404,0.004794905,0.009833886,0.014122467,0.037473936,0.019624423,-0.008119658,-0.0012990813,-0.0008104549,-0.01005282,-0.015868446,-0.005426926,0.00089681754,-0.00071554456
2021-03-05,0.018076211,0.00600327,-0.0044836993,0.01293707,-0.0041386955,0.010612492,0.02560892,-0.01589233,0.006169243,-0.016118666,0.0098458165,0.002343895,0.008275369,0.006657849,0.037991762,0.00999311,-0.0039055839,0.025667546,-0.0005416608,0.04407066
2021-03-08,-0.0022979134,-0.0019071633,0.0024303505,0.0023879753,0.008406134,0.015989719,-0.0047154,0.0,-0.018001607,0.012399389,-0.0016397606,0.00695112,0.004339298,0.00027082086,0.049104523,0.0009732532,0.04478041,0.014370538,-0.0071186367,0.00013172875
2021-03-09,0.01582019,0.015479193,-0.0049378304,-0.0022482974,0.0029586826,0.00958018,-0.017800925,0.0066889883,-0.015285502,0.013089944,-0.0018628649,-0.0045486814,0.021400003,-0.018099755,0.005103246,0.0011158682,0.015874062,0.003700906,0.009360395,-0.01167049
2021-03-10,-0.01658343,0.0033514716,0.026269272,0.0021804438,-0.035139307,0.00045973677,0.0049346485,0.010184568,0.015044336,0.00810458,0.0051629986,0.033057533,0.006124636,0.015201252,0.015578667,-0.010295531,0.004388093,0.008706037,-0.0070290766,0.004808654
2021-03-11,0.003852314,0.010004472,-0.014038659,-0.0054411343,0.026468541,-0.00041809527,0.016773654,-0.0005364618,0.014784478,-0.0034252987,0.01705688,0.011729908,0.034384154,-0.009404412,-0.11204313,0.0,0.009442516,0.0028537107,0.01213688,-0.010401554
2021-03-12,-0.0068705883,-0.00030728063,0.019012624,0.0012847892,0.017254451,0.001976621,0.0012169024,0.0,0.00050238037,0.026944993,0.0063018147,-0.010884374,0.01809344,0.00057111215,-0.013479851,0.010335075,-0.0017171907,0.009478798,0.0062278775,-0.00506369
2021-03-15,0.017756352,0.004350429,0.027018556,-0.014564028,0.011473476,0.0072557786,0.008224105,0.013096652,0.021199506,-0.014729757,0.0073005985,0.015362296,0.011813208,-0.005336273,-0.0057537346,0.009938058,0.008463136,-0.02732093,0.01096844,0.028413463
2021-03-16,0.001209524,-0.024045367,0.023170946,0.0110143395,-0.010228491,0.015042476,-0.009647184,-0.00838999,-0.003739295,0.006435572,-0.036065545,-0.005957497,0.010482153,0.001698943,-0.0037065998,0.0081416,-0.0011058188,0.023931442,-0.009957205,0.017947974
2021-03-17,0.022213675,0.0056348573,0.0033132276,0.004689672,-0.0028263004,0.0023915279,0.012812134,0.0,0.004913712,-0.01826198,0.017373398,0.008104891,-0.0029892914,-0.008099065,0.07155202,-0.001166061,0.020994278,0.007150941,0.004116228,-0.06472407
2021-03-18,-0.013750742,-0.0025716838,-0.015386448,-0.0050021843,-0.015591516,0.0002960095,-0.0009535945,0.014014172,0.0002064442,0.010219578,0.005455734,0.015464163,0.00065492984,0.0024221644,-0.007977605,0.0040169745,0.0003538489,0.001770814,-0.0012747245,-0.029768849
2021-03-19,0.0023151152,0.014038541,0.0063474434,0.0062415823,-0.008929586,0.012259475,0.015811581,0.015973173,0.010282452,0.03500377,0.042540785,-0.007653373,-0.048811067,0.030498102,0.03582204,0.0053179883,-0.0003185829,0.00861396,0.013293528,0.10320549
2021-03-22,-0.0005770965,0.009922623,0.014304376,0.009680865,0.019190433,-0.03581465,-0.005385449,0.018240236,0.020381544,-0.0113585135,0.018744035,-0.0023561863,0.036633655,0.0060737683,0.060022105,0.00852363,0.00514612,-0.003092503,0.02024548,0.0
2021-03-23,0.0056944806,-0.0027012404,0.011026356,0.0004207381,0.011352876,0.003157402,0.036337238,0.0076883156,0.0,-0.0035727227,0.005826463,0.00953458,0.0062779654,0.022553757,0.0062853135,0.027598167,-0.0025652656,0.025009045,-0.012535111,0.0174012
2021-03-24,0.020494321,0.0078874985,0.0166833,0.005558324,-0.044879608,0.012140468,-0.003402757,0.00077125384,0.014294125,-0.02909442,0.009513829,0.022282878,0.015816832,0.0,0.026015641,-0.009875074,-0.01040471,-0.009799783,-0.004592706,-0.14095826
2021-03-25,0.011426558,0.004231412,0.003347771,0.005217,0.0043335557,0.007307993,-0.0018154064,0.015287987,0.013793316,0.02434899,0.014940663,0.004365045,-0.0009602637,0.0021800518,-0.009857009,0.020894166,0.0020073047,0.005170474,0.024530524,-0.022312539
2021-03-26,-0.014808726,0.004293208,-0.004096345,0.0020759732,0.019854447,0.0035591903,0.0067463727,0.0021085942,-0.000962303,0.015504523,0.020362206,0.015742796,-0.00669049,0.0,-0.0060474,-0.007740247,0.012732526,0.015970951,-0.024154257,0.034987777
2021-03-29,0.018581377,0.007584022,-0.0072700623,0.0029319962,0.0,0.0036069502,-0.0049770637,0.004344133,-0.0047456264,-0.0016739198,-0.020617269,0.007398353,-0.031736724,0.010333575,0.008468742,0.08420222,-0.00014939619,0.03517389,0.019063624,-0.0016079546
2021-03-30,-3.642556e-05,0.012315586,0.0,0.0009842536,-0.0059574964,-0.014340576,0.0,0.0019272239,0.016119901,0.011309209,0.008976342,0.005130123,0.0064583034,-0.007953441,-0.0042479266,-0.0065794326,0.014847823,0.014356304,0.017442,-0.0024521784
2021-03-31,0.0077672238,0.0009207728,-0.004166845,0.0094349515,0.010477354,0.024517095,0.044481553,0.011007842,-0.00092731277,0.012270678,0.0044927117,0.0053401357,0.0037186139,-0.015398952,-0.03570597,0.010471247,-0.006135217,0.0,-0.00032573077,0.035377797
2021-04-01,0.0,0.0064532924,0.0014091226,-0.0006664883,0.0038441997,-0.0027313584,-0.008253128,0.0022025749,0.003841188,0.031345878,0.0034312194,-0.003466989,0.04932589,0.020901384,0.019265862,-0.014088433,0.022841556,0.020705264,0.01100449,0.019483695
2021-04-02,0.016945451,0.0028975587,0.007271059,0.017155806,-0.0042729364,0.0021530748,-0.012059947,0.0065805367,-0.011689229,-0.006825119,0.019412082,0.0024413778,-0.026534688,0.03951313,-0.012894204,0.022851761,0.023876434,0.0068400754,-0.005139082,0.027628727
2021-04-05,-0.013891292,-0.011294945,-0.009387877,0.004676599,-0.0016568849,0.011211923,0.0067793177,-0.016418068,0.0063784756,0.008844772,0.0021626404,0.024557242,0.029405946,0.00215975,0.01744213,0.029310672,-0.0025918377,-0.021190932,0.021154046,0.0048239995
2021-04-06,-0.002828568,0.0035589251,-0.0074273795,0.0,0.015748965,0.002379065,-0.0018356171,-0.007753747,0.017589899,0.0,0.030164452,0.0046848673,0.014798592,0.00035760834,0.001999609,0.020943746,0.004635483,0.008060129,0.011575239,0.019765306
2021-04-07,0.0021640374,0.011658514,-0.004538045,-0.00017777413,0.0011166364,-0.012636326,0.000941981,0.01794993,-0.007374136,-0.00048571758,-0.010491031,0.0024873547,0.00069658796,0.017571708,0.048479818,0.009972803,0.0,0.019502752,-0.030905005,-0.0034249602
2021-04-08,0.00012915532,0.007792188,0.002734815,-0.002171931,0.009784124,-0.023075782,0.015968783,-0.0029984983,-0.0073118615,0.012330411,-0.008684057,-0.013235904,-0.0009405152,0.011635189,-0.06976451,0.009945397,0.019564152,0.024480337,0.0011840828,0.021641333
2021-04-09,0.0072011068,-0.046578422,-0.048302952,0.008863699,0.035448276,0.0037364622,0.014201163,-0.008491247,0.018548436,-0.004350994,-0.0028129125,0.01004447,0.0111374855,-0.00024608496,-0.025125043,-0.031613372,-0.0058216564,-0.0029975725,0.024702765,-0.029786583
2021-04-12,0.018495126,0.011831677,0.0,0.0072377636,0.020586308,0.03018834,0.017220454,0.009786278,0.003245272,-0.020113371,0.012405225,0.0054516722,0.008126319,0.010467403,-0.08527212,-0.015897809,0.008432348,-0.00018433975,0.011075222,0.023916561
2021-04-13,-0.006042149,-0.022214169,-0.0010998419,0.008500042,-0.005104752,0.01624223,-0.03450665,0.014758171,-0.0016455294,0.0048174127,0.016170321,0.0074955653,0.009818586,0.00036766194,0.013842645,-0.02673047,0.014867433,0.005399138,0.0027326883,0.0059024054
2021-04-14,0.0036430662,0.014417536,0.083581805,0.0071031936,0.007793605,0.007249865,0.042121153,-0.00036189402,0.006823607,0.0053971824,0.007875701,0.014170205,0.012837967,0.011614318,0.019838147,0.00848241,0.006392758,0.0062459097,-0.009838612,0.0042852624
2021-04-15,0.0073160366,0.00606874,0.028778266,-0.0021184965,-0.024085982,0.014008966,-4.7447196e-05,0.008615424,0.0034881462,-0.016613001,-0.002044616,0.0051306975,0.0,-0.014299633,0.069705404,-0.008995804,0.002627468,0.015725693,-0.0049710795,-0.060648404
2021-04-16,0.00079359795,0.013674239,0.015786784,0.000294984,-0.0019114882,-0.0090845255,0.00997556,0.008875884,0.022353921,-0.009364925,0.015354136,-0.000757709,5.912253e-05,0.03082884,0.020515177,0.031024916,0.0,0.013517233,0.017724108,0.044754013
2021-04-19,0.012935987,0.00024948828,0.009001682,0.0009956298,0.009665367,0.008891231,-0.005113678,-0.00025465363,0.012015919,-0.0019085832,-0.0053583104,-0.009126987,-0.0028168578,0.0013055468,0.0022258216,0.0046675573,0.0116609,0.0011306294,-0.0021320472,0.0045897625
2021-04-20,0.0029338787,1.2264906e-05,0.0099891815,0.017486608,-0.019460408,0.0024781977,-0.006349079,0.014206975,0.0,0.009762786,0.022314647,0.011701204,0.01919777,0.00047442736,-0.030017467,0.0,0.006354832,0.010725664,0.024885736,-0.0011325108
2021-04-21,0.010581233,-0.0010896816,-0.041336685,0.008913131,0.03684853,-0.008674481,0.006735179,-0.018387062,0.009592177,-0.013554139,-0.0014358392,-0.0018973245,0.0007687885,0.007981297,0.07916321,0.015155948,0.0001470586,0.0032411513,-0.0027957065,0.010243993
2021-04-22,-0.016380986,0.013141269,0.0031944867,0.008480701,-0.017227326,0.0073431297,0.004334282,0.0013353957,0.0075761443,0.016683415,-0.031256054,-0.0045844535,0.0027392334,-0.0009873725,0.0028666086,-0.0059780143,0.0,0.008895872,0.0019935216,-0.0019537616
2021-04-23,-0.003281942,0.009094373,0.007938839,0.011620541,-0.008122453,-0.0025867333,0.00827566,0.021376062,0.0019777361,-0.03545756,0.010120435,-0.00060371263,0.0006634014,0.0051019103,0.01266778,-0.000991959,0.009066551,-0.021898326,0.017667092,0.012185319
2021-04-26,0.008113409,-0.0024505013,-0.041750092,-0.008538649,0.02768394,0.014322874,0.03900567,-0.001640381,0.0014080777,0.020109946,0.03787321,-0.040587988,-0.0065063024,0.00826096,0.07247351,-0.0020992202,0.0027054073,0.0056554303,-0.0048417817,0.038963787
2021-04-27,0.0032521377,0.004438038,0.025208712,-0.0016820071,0.001147206,0.0062680077,-0.0050839134,0.008404309,0.007817578,0.035115857,0.007804255,-0.004787468,0.025316985,-0.0013688806,0.039324127,-0.0048320913,-0.011399847,0.018038668,0.021259986,0.0034416732
2021-04-28,0.019285876,0.0,0.0061282697,0.0061300364,-0.009806264,-0.03345082,0.017298043,0.004325147,0.0014220633,0.011498845,-0.022448376,-0.0004947816,-0.0015002679,0.013893492,0.013950329,-0.009543355,0.017112477,0.009108466,-0.0058097425,0.0
2021-04-29,0.011593549,0.0043029385,0.008876051,0.009859482,0.03482992,-0.035619613,0.0050054304,0.0002709906,-0.0065788883,0.0275017,0.0,0.02087774,-0.00073123525,-0.0015684366,-0.021833058,0.012342711,-0.00091720175,0.0027026448,0.012636755,0.00040863903
2021-04-30,0.0024487288,-0.00016288813,0.0014274783,-0.004198873,0.013576082,0.033082515,-0.0039214506,-0.010261419,0.014802813,-0.004966214,0.018618884,0.03223676,0.01984351,5.089675e-05,0.055518184,-0.010427102,-0.00054361485,0.005200995,0.0060525867,0.004479956
2021-05-03,0.0,0.012808127,-0.01015018,-0.0028059164,0.009702479,0.020983268,0.003281601,0.0122898035,-0.010468773,0.01508556,-0.0050760712,0.0,-0.005135908,-0.015325729,0.04002543,0.035402033,-0.003466928,0.0131477695,-0.00012243062,-0.009196483
2021-05-04,0.001325399,0.016130295,0.006141691,0.0010623744,0.008372889,-0.00851403,0.013027394,0.019739471,0.0020788372,-0.00875937,0.03520418,0.010440118,0.0028321124,0.013755348,-0.007847005,0.019095317,0.0008633702,0.0011849094,0.019130297,0.0033761295
2021-05-05,-0.006219136,-0.000658933,0.009146898,-0.011549114,0.0066836015,0.002436149,0.0050880983,0.011791317,0.0010719977,0.028633963,0.0065568495,0.017338982,0.0028831158,0.0043773227,0.012071887,0.013586915,0.006881046,0.027853759,-0.01359264,0.0
2021-05-06,0.039162416,0.007326738,-0.017690726,0.020373669,0.012433335,0.013111095,0.004942723,0.03498484,0.027740335,0.011538571,-0.00044920214,-0.0040785614,0.005029805,0.013969299,0.0061787623,0.02865969,0.0070987735,0.0028624933,0.01612045,0.01796368
2021-05-07,0.006685314,0.006560235,0.027801353,0.0021240287,0.026218409,0.003327402,0.018322896,0.0007466789,0.011186222,0.01558541,0.022972414,0.01431789,0.0074798693,0.040938158,-0.010469138,0.013619697,0.004925615,0.0,0.005489574,-0.07659749
2021-05-10,0.0064683156,0.014302244,0.043872632,-0.0014458068,-0.0016969458,0.034874614,0.00454226,0.011386699,0.013666605,-0.0010570305,-0.002282267,-0.0026556924,0.01203667,0.0031257218,0.016489375,0.022128448,-0.009156311,-0.004133037,0.0059913415,0.0046874764
2021-05-11,-0.005113894,-0.004847482,-0.0056227436,0.013849964,-0.0011012952,-0.05504512,-0.015476035,-0.0022404008,0.00556478,0.021222442,0.0013195708,0.02934655,0.005374094,0.007859439,0.018590428,0.0011125567,0.029084377,0.014265886,0.0035973643,0.01654192
2021-05-12,0.003047528,-0.0034147343,0.020350594,0.0036186322,-0.015320396,0.025363859,0.018114883,-0.008267009,0.012973192,0.004831974,-0.0024131844,0.0022168346,-0.017660279,0.029236896,0.042490248,-0.0033998662,0.0018651548,0.0039469195,-0.0006222159,0.0070441654
2021-05-13,0.026189711,0.0004525873,0.004505449,0.015484518,0.012123355,0.0071671056,0.0036986168,0.005458878,0.0,0.0,-0.009109982,-0.00024890082,0.0043376083,0.013963225,0.011728518,0.009749571,0.020531781,-0.013920543,0.003614585,0.04961475
2021-05-14,-0.001152884,-0.021464288,0.016998919,-0.0030477159,-0.10761797,0.094124846,-0.0149621,0.009770241,0.0078357505,0.0142996935,0.020986384,-0.022436002,-0.0035789094,0.011067095,-0.0066272975,0.0067474274,0.0069159013,0.0010468751,0.069620185,0.014882566
2021-05-17,-0.0036536355,0.019306557,0.034357417,0.0069198874,0.022508454,-0.01667013,-0.0053785616,0.0012096064,0.006751929,0.0022707304,0.013556389,0.018863091,0.0150942365,0.007191057,0.0024321452,0.0024868085,0.0,-0.009861955,0.02050862,0.018788807
2021-05-18,0.012913119,0.011437026,0.0006416615,-0.007918058,0.0,0.09905189,0.008605739,0.012866595,0.0014634151,0.0009038383,-0.003484437,0.007354613,0.0034936413,0.017850501,-0.02115449,0.00045364504,0.01885046,-0.008149277,0.006036227,-0.0029327075
2021-05-19,-0.02122951,0.001591729,0.0063645756,0.005756077,-0.0042942143,-0.0028226068,0.005185201,-0.017255573,0.001509833,0.0051426566,0.011438304,0.0,-0.007737095,0.012981478,0.013890252,0.012618102,0.0066068163,0.010103186,-0.04668441,0.028015697
2021-05-20,0.007461733,0.02027492,-0.07871527,-0.014231996,0.021582957,0.08887562,0.00033238353,0.008080768,0.0032991474,-0.00088321784,0.012536357,0.035601366,-0.0044406066,-0.017892284,-0.0029241762,0.0040207733,0.007277445,0.008529207,0.027562004,-0.0025408901
2021-05-21,0.019114928,0.010800338,0.019877134,0.011065139,0.0024075867,0.01093082,0.005189355,-0.006337885,0.0062465216,0.01847054,-0.0017208848,0.013376173,0.0,0.011598496,0.00035774862,0.0,-0.003025327,0.016924784,-0.013871262,-0.017484015
2021-05-24,0.0035850678,0.0005057404,0.0038880503,0.009059384,0.0055912267,-0.026680015,0.005248916,-0.0011458014,0.0059942673,0.0014972227,0.024287654,-0.0030819683,0.05438721,0.007019718,0.003096621,0.004293424,0.006307551,0.00039302913,0.010441187,0.079390794
2021-05-25,0.0024845048,0.0,-0.0037688722,-0.0057209404,0.03877397,0.00037767005,8.145617e-05,-0.006446829,0.009387457,-0.008264822,0.005573689,-0.008758466,0.009779061,-0.029138545,0.016542254,-0.009837545,0.014359545,0.0,0.009446727,0.009148517
2021-05-26,-0.026663437,0.005492668,0.0570856,0.0041516307,-0.0039468757,-0.009410781,0.010365516,0.0107386615,0.004286508,-0.0016762167,-0.010724575,-0.016577221,-0.0024725327,0.0077816667,0.014683978,0.0027716868,0.013921745,0.014621644,0.005251576,0.008172373
2021-05-27,-0.019210024,-0.0039742948,-0.0051439055,-0.00024351716,0.008435089,-0.011935582,-0.002397226,0.014952233,0.0027353405,0.0252631,-0.008638867,-0.0015178602,0.013854564,0.003777371,-0.0001901158,0.010922045,0.0034812316,-0.0028244583,-0.013671123,0.008539662
2021-05-28,0.020517401,0.0069989585,-0.0018815158,0.023291076,-0.022008084,0.004098338,-0.005108373,0.01730714,0.012273626,0.00090589543,0.018737985,-0.0013311967,-0.001973906,-0.011024689,0.0052899257,0.0022560416,0.0,0.013065687,-0.004871351,-0.013567747
2021-05-31,0.015982965,0.017164681,-0.0051058223,0.022591077,-0.017191283,-6.122918e-05,0.009248205,-0.0119384155,0.0,0.005229127,-0.008004294,0.008645435,-0.0010867818,0.015053663,-0.005391563,0.008914277,0.008136958,-0.0012686764,0.0016204081,0.009932914
2021-06-01,0.01191651,0.011657848,-0.028993728,0.0076881587,-0.0035099543,0.04440666,0.0013581768,0.0040009897,-0.016059576,-0.016007831,-0.0005061945,0.0067522973,-0.0024007992,0.021541087,0.00740388,0.010644607,-0.010084813,0.014760512,0.0018202667,-0.019449126
2021-06-02,0.009299313,-0.004712563,0.10330078,0.0002975956,0.03261832,-0.047484305,0.035107687,0.0047135996,-0.00021832697,0.018489866,0.0026923292,0.06346886,-0.0029518616,-0.021752259,0.009227199,0.006451959,0.025087452,0.010599154,0.0012439276,-0.007963829
2021-06-03,-0.014908219,0.004439147,-0.025594048,-0.008250783,0.016499143,0.05658074,0.010842747,-0.010471879,-0.09194137,-0.030247504,0.007877013,0.027473802,0.0248831,0.0,-0.00047116008,-0.0009470106,0.0015332011,0.00887707,0.0027770542,-0.0036456352
2021-06-04,0.011012428,0.016087111,0.005218715,0.0011217906,0.009346,0.021754438,0.0,0.0022721034,0.00468973,0.006241285,-0.01338783,-0.03232274,-0.009025488,0.013866481,-0.0034715796,0.0023770798,-0.006562833,0.0013357607,0.013508249,-0.00177101
2021-06-07,0.008668729,0.0054173428,0.01002798,0.00886595,0.0073929653,0.011065728,0.0064846715,0.0015402489,0.008905839,0.008417399,0.024821397,0.00069550093,-0.0011758386,-0.0168644,-0.009413578,0.008522486,-0.0012754045,0.0033038633,-0.12788804,0.020372324
2021-06-08,0.019762907,0.011727448,-0.015001241,0.017844966,0.025966173,0.013932584,0.0033397388,-0.0047643958,0.0021283426,-0.013172302,-0.0009778588,0.015210961,0.0068895435,-0.02184441,0.012870013,-0.0051264386,0.020842414,-0.0056997817,0.024724519,-0.018799245
2021-06-09,0.004255206,-0.0019292925,-0.0011089658,0.0057801567,0.00566929,0.022507366,0.010474301,-0.011467133,-0.014166255,0.0154815195,0.00020336678,-0.064370565,0.013432536,0.03793234,-0.013435849,0.0021635853,-0.001946796,0.0040530544,0.022225969,-0.0037410038
2021-06-10,-0.008818996,0.022047976,0.0051348675,-0.028983971,0.002432133,0.00088713766,0.011432757,-0.001599358,-0.009139153,-0.0030407659,0.008824015,0.024591602,-4.144364e-05,0.006847367,0.024572073,0.010762531,-0.0004224722,0.011216753,-0.013261956,-0.0074210083
2021-06-11,-0.0010542255,-0.008209907,0.032070555,0.015551889,0.009356057,-0.004114636,0.0049473247,0.00032106598,0.014184908,0.018088192,-0.008881565,-0.0011848944,0.015106551,-0.0009088294,0.0,0.0032882332,0.0037650529,0.012269854,-0.00047153546,0.0054395497
2021-06-14,-0.0007887402,0.0090995515,-0.021639468,0.0010186268,0.017260972,-0.003951289,0.0,0.01062646,-0.030306645,0.0064405706,0.0036786734,0.037598062,0.0064751445,0.0006806494,0.018390909,0.0077880835,0.0058745723,0.0002942395,0.033046268,0.0312796
2021-06-15,0.002587763,0.0006911014,0.006553947,0.005324476,-0.013481109,-0.0036602602,0.005205198,0.012602707,0.036251374,0.020483257,0.00661359,-0.0010598362,-0.012284682,0.0088086715,-0.0012920699,0.0007932883,0.006773922,0.0,0.001544136,-0.0043959757
2021-06-16,-0.0031212703,0.0055973334,0.015931472,-0.0038198603,-0.02059856,-0.07215803,-0.0027380006,0.0056820754,-0.0005419277,-0.007664283,0.021242486,0.011059872,0.0073860083,0.010586562,0.0010726331,0.0005949506,0.0072750174,0.009063771,-0.02034251,0.0006908379
2021-06-17,0.0054734363,0.0006032847,0.0014049773,0.0067031933,-0.0010187592,0.024262512,-0.00021828379,0.013594042,-0.00066374644,-0.00020924183,-0.00080511905,-0.021321112,-0.005908865,0.0034232496,0.032588378,0.007218494,0.00042216442,-0.0026550225,0.0029491177,-0.0046257293
2021-06-18,-0.0014054239,-0.00042698943,0.033757605,-0.004867814,0.024620121,0.0016385315,0.023057755,0.0003044796,0.015106885,0.0052847737,0.0018729544,0.042534526,-0.010913995,0.003329235,0.0035773208,0.0037710022,-0.0073014884,0.0060943044,0.0,0.0024769285
2021-06-21,0.038733758,0.014258287,0.049828816,-0.010401383,-0.013896034,0.06350155,0.008563444,0.0017222834,0.0021139642,0.01942129,0.035794448,0.03753706,0.022163259,0.0064509837,-0.005600443,0.014967779,-0.025808917,0.013811959,-0.017741956,0.047547508
2021-06-22,-0.018008765,-0.0017216482,0.027260566,-0.0042375824,0.006555212,-0.00090450194,0.0012967936,0.007335592,0.010627911,-0.08149968,0.011654997,0.020267237,0.010027107,0.0068434165,0.0012875053,-0.0273739,0.0041787876,0.011693985,-0.0146489255,0.011850179
2021-06-23,0.015175666,0.010030985,-0.04211865,0.0045625176,0.011045525,-0.030044954,-0.012060733,-0.007741791,-0.01837378,0.0023421112,0.009074956,0.006599906,-0.017163128,0.006039512,-0.0006272256,-0.0025793342,0.01701017,0.0058272365,0.010865313,0.034989186
2021-06-24,-0.011686892,0.008371853,-0.0009837134,-0.002737761,-0.011106059,0.044150956,0.021973245,-0.007169231,-0.058485508,0.020275036,0.0043976507,-0.029857613,-0.00086527696,0.032877807,0.012568487,0.0031139671,-0.005665055,0.013264107,0.00886438,0.027770925
2021-06-25,0.021315958,-0.008277218,-0.011455146,0.015517086,0.0035814806,-0.012788151,-0.0026592982,-0.013650406,-0.13844979,-0.047373656,0.015113108,0.037768893,-0.0044827303,-0.0055819256,0.001614659,-0.0019100957,0.0045859925,0.0041340115,-0.030219128,-0.0004361849
2021-06-28,-0.0012893949,0.0076411846,-0.016825644,0.0044283564,0.0031904816,-0.005807375,0.017525531,0.013205288,-0.034451906,0.011686982,-0.0017823101,-0.0040327106,0.002857246,0.005419079,0.0010625906,0.0065523735,-0.013478083,0.0007536933,0.013736976,0.0037307644
2021-06-29,-0.002950439,-0.011671838,0.0042888913,0.006536879,0.010350458,0.008484718,-0.0029497014,-0.0022853327,0.02261224,0.023113754,0.0062138718,-0.023672026,-0.013580284,0.006447771,0.022871839,-0.0050186887,0.004730821,0.01861607,0.028681722,-0.014273429
2021-06-30,0.019236794,0.022017471,0.011969143,-0.0024554995,-0.002741648,0.0251758,0.00040538708,0.015498215,-0.018677289,0.011143197,0.0030422385,-0.01832308,0.011284581,0.014929201,-0.008903132,-0.010381715,-0.0018733622,-0.008530312,0.0053957873,0.0055134143
2021-07-01,0.026316589,0.009497567,0.0062649096,0.0041762283,0.025883486,-0.057946797,-0.0031413978,-0.03568732,0.022803066,0.047701206,0.004230226,0.102455825,0.016259396,-0.0013924537,0.019036597,0.013985385,0.0037596896,0.010493102,0.02767674,-0.0127072325
2021-07-02,-0.0081085395,-0.008008906,0.011526849,-0.008405861,-0.0015710136,0.0026400646,0.0024411704,-0.0057930737,-0.03241271,0.008477408,0.008613197,-0.013675941,0.022919979,0.007328999,0.0026019532,0.008610613,0.0041452814,0.019147297,0.0017795751,0.01093727
2021-07-05,-0.010667633,-0.00789198,0.013594249,0.012272386,0.017571831,0.020033883,-0.0038185078,0.023010358,0.0014877147,0.0035809097,0.022055576,0.0026892729,0.003205522,0.007900417,0.00015000993,0.003253651,-0.018350858,0.006543199,-0.01018039,0.01634349
2021-07-06,0.031802848,0.01926503,-0.0034381736,0.009419967,-0.039129455,0.026487025,-0.0015351183,0.0045822593,0.0049166903,0.03418576,0.020898383,0.016607106,-0.005700715,-0.0069669005,0.0052000396,0.005552556,0.017393375,0.002279182,0.02047403,-0.00041226708
2021-07-07,0.010392922,0.0050051194,-0.009004107,0.0045835976,0.033999395,0.011048453,0.015079981,0.005588976,0.024679726,-0.017682847,0.0113820415,0.02343042,-5.070042e-05,0.0,0.002395259,0.01595742,0.0030519965,-0.014398698,0.014456794,0.01016444
2021-07-08,5.824783e-05,0.00994332,0.035228774,0.0,0.007896368,-0.03736506,0.0034453773,0.011691374,-0.098727256,-0.0020500892,-0.0032462464,0.00011659182,0.005184723,0.014931841,0.030429175,-0.0069642947,0.012339351,-0.00011477667,0.020903261,-0.01631469
2021-07-09,0.036099494,-0.022554835,0.032065578,0.015305807,-0.026984999,0.00029023757,0.0,0.0063337125,-0.002574761,0.0,0.0057045165,-0.0054981923,0.009961308,0.00057128986,0.004341465,0.0053165024,0.009231127,0.014524863,-0.010412969,0.031588916
2021-07-12,-0.0006390789,0.013858783,-0.029079882,-0.011853002,0.078481205,0.0074869865,-0.0028901687,-0.0034787266,-0.0154722715,0.008860758,-0.005541212,-0.00064864056,-0.02810969,-0.006364839,-0.06719473,0.0041025225,-0.009053968,-0.012941916,2.5212934e-05,0.015027396
2021-07-13,0.008914362,0.0041342424,-0.01891803,-0.0025849827,-0.0115297325,0.053365435,0.01148583,-0.0016007352,-0.0037570086,0.023594981,-0.044432983,0.011057563,0.01819721,0.015516459,0.009812162,0.0046977224,0.016431412,0.0033325357,0.007454172,0.0036928388
2021-07-14,-0.0024763038,0.00045603645,-0.02776748,0.007471483,0.0099580465,0.0019299272,-0.0007301821,-0.00065922627,0.018647688,0.05827908,0.0034839858,-0.010107886,0.014344942,0.00017190196,-0.009527711,0.0036492776,0.01427329,0.0078054154,0.013425442,-0.012874023
2021-07-15,0.009093067,0.003203272,0.04496525,0.004644019,-0.026838921,-0.0073998934,0.0068074814,0.00068192283,-0.014868244,-0.018884972,0.02654777,0.006854298,0.013097232,0.023419468,-0.019368434,-0.012596924,-0.0020917824,0.0,0.0048501035,0.0020336118
2021-07-16,-0.0062195593,0.023040714,0.060308117,0.0043796888,0.0018198545,0.006058821,0.011289673,0.012313451,0.03815247,0.0027080846,-0.0024638735,0.006767145,-0.008562912,-0.010314273,0.019890819,0.0066097565,-0.0076084076,-0.027483322,0.010198184,0.019669458
2021-07-19,0.002840276,0.016228871,0.026570467,0.013631526,0.037826687,0.01980291,0.0011987957,-0.010441504,0.012227563,0.00043998437,-0.0050634085,0.0021801544,0.016053328,0.0014247318,-0.0047419067,0.004412008,0.011891491,0.023753889,0.015371818,0.0016977967
2021-07-20,0.0037043153,0.018996216,-0.016430315,0.007823164,0.0029283883,0.008969361,7.188348e-05,-0.010092229,0.018088887,-0.0041591963,0.0048171277,0.008240552,0.0,0.030604772,-0.0063367737,0.0027108227,0.0029352158,0.012121609,0.0,-0.0027389862
2021-07-21,1.5168554e-06,-0.034649342,0.03218622,0.0,0.034673654,0.1017044,0.0032764568,0.0031610986,0.02059339,0.019794287,-0.0016859802,-0.028128017,0.00464264,0.001236639,-0.040954556,-0.010378208,-0.0070550162,0.018354652,0.0060795103,0.022254163
2021-07-22,0.002630973,0.015224931,0.0180998,0.011677078,-0.0003812705,-0.0100561995,-0.009145043,-0.025927113,0.0026388254,0.025727725,0.003772273,0.0064559532,0.018760005,0.014209372,0.012347792,-0.010776852,0.004988348,0.0,0.0014915296,0.007855643
2021-07-23,0.0015429773,-0.0006418776,0.0061501036,-4.1606225e-05,0.01680021,0.015101616,0.0006617103,0.009524894,0.0013199667,-0.008549727,0.01599894,0.003821152,0.005177542,-0.0034839516,0.042648528,0.0,0.015810646,0.0011549812,0.011777541,-0.0036888323
2021-07-26,0.0042004944,0.009669434,-0.009907592,0.0055020167,-0.016809324,-0.030195188,0.007264688,0.009935034,0.006911765,0.0024085685,0.008965367,0.008457864,0.0068507628,0.013189314,0.0,0.014725043,-0.0070116394,0.0021316998,-0.011506041,0.010114021
2021-07-27,-0.0011146334,0.0010195167,0.011012003,0.007445741,2.9259331e-06,-0.08198087,0.0025907527,0.010691268,-0.015725413,-0.014897604,0.049258895,0.02578267,0.0073721195,-0.043761868,0.008418765,0.006778297,0.018014135,0.0,0.014579051,0.003742878
2021-07-28,-0.015015172,0.010976081,0.010370468,-0.0010283217,0.0027596408,0.05062639,0.010707151,0.0060864952,0.013815233,0.008425165,0.0007444157,0.011102069,-8.313586e-05,0.015556248,0.011475814,0.0018799612,0.004788448,0.009538954,-0.010203054,0.013868802
2021-07-29,0.018559277,-0.015420072,0.00096753764,0.005650085,-0.024094064,0.00193693,-0.0030177883,0.008812396,0.053057745,0.0028585622,0.0054298146,0.0029339357,0.010976371,0.0,0.03066067,-0.011991085,0.015054964,0.0009913315,0.045851942,0.0033374578
2021-07-30,-0.0019507401,0.011634966,0.005332282,-0.002991838,0.006799622,-0.07641584,0.010023317,-0.020594487,-0.012937918,0.011255533,-0.008478804,0.008704008,0.011026093,-0.000955745,0.010811,-0.008030597,0.0073353695,0.013248768,0.026272496,-0.006223078
2021-08-02,0.016446946,0.0027748717,0.009958764,-0.0023855453,-0.0334277,-0.04950321,0.007020648,0.0110186925,0.012098664,0.06874662,0.014306477,-0.0022505785,0.0052329255,-0.010405943,0.010498704,0.0021888365,0.0075009153,0.0040384443,0.014168891,-0.010234213
2021-08-03,0.0014906875,-0.004830256,0.08858164,0.004930846,0.010473199,0.011491881,0.0,-0.002825714,0.0014012831,0.002654747,0.0044580274,0.0008330679,0.0019299587,0.0073909936,-0.0019233035,0.004753531,-0.0056208433,0.0129305525,0.0043619834,0.006187412
2021-08-04,0.032783415,0.057064723,0.013178379,-0.0028828853,-0.0016094377,0.035329226,0.004795861,0.017734678,0.0015310722,-0.010944041,0.00758198,0.015030091,0.021226801,0.048472688,-0.0014009296,0.022626303,0.004285314,-0.010611838,0.0016149204,0.014351441
2021-08-05,0.0024388833,-0.035785154,0.00047296533,-0.010606015,-0.004742316,0.0009281885,0.007930447,0.007448201,-0.001788902,-0.008220494,0.008862393,0.014137331,-0.012614488,0.0115573155,-0.12108137,0.0006310544,0.016210262,0.0016310242,0.007687565,0.013899653
2021-08-06,-0.017227203,0.023182523,0.012302182,0.008762411,0.026277961,-0.00056836655,0.008878295,-0.01206759,0.027481215,-0.01292281,0.0031834948,0.0072047245,0.0627541,0.025227988,0.025145318,0.018317688,0.04639708,-0.0032315769,0.014804372,0.042280857
2021-08-09,0.0017945966,-0.019500725,-0.0010621034,0.044282068,0.0,0.024683887,-0.0015152956,0.015475833,0.00045654006,0.016462164,-0.027181868,0.001563323,-0.004564418,-0.021199808,0.023249676,0.01727759,0.0089125205,0.06082588,-0.0041916817,0.02834441
2021-08-10,0.005600886,0.019202089,0.016012697,-4.101012e-05,0.007122002,-0.002507943,0.00891597,-0.019150216,-0.005544846,-0.13354655,0.017862242,0.0007069531,0.00045957306,0.013728351,0.00057939574,0.017663443,0.0034472449,-0.016273694,-0.00023846237,0.018631214
2021-08-11,0.021023273,0.00094331376,0.0018392272,0.013889987,0.03667615,0.0049729375,-0.012307092,0.005288631,-0.019156052,0.0041633607,0.006200926,0.002942549,-0.009803517,0.005573521,0.019487513,0.005807352,0.0010472205,-0.0009940536,0.004505358,-0.0103961425
2021-08-12,-0.0045010955,0.016087174,0.03806388,0.016539128,0.030682147,-0.017716888,0.0209781,0.002076507,0.036012996,-0.028757751,0.0050340127,0.008503501,0.0056209182,0.017241059,0.002046487,-0.01630974,0.012989183,0.01267868,-0.048309628,0.00605151
2021-08-13,-0.0031896257,0.0256421,-0.0052983207,0.0056855236,0.040013097,0.03837295,-0.0010811386,0.0074251583,0.015343368,0.017424783,0.0022245627,-0.007133756,0.0065662796,0.008321318,0.011187867,0.020369066,0.026641764,0.010686484,-0.0012223184,0.017131047
2021-08-16,0.014853009,0.0007073457,-0.0045678373,0.017720148,0.0,0.015264085,0.009131484,0.018905712,0.0058588334,-0.0014816177,-0.010908312,-0.017095074,0.032610487,0.016522251,-0.0008799168,0.0030269749,-0.00885309,0.03317661,0.007402863,0.008917298
2021-08-17,-0.025030859,0.030399641,-0.010390798,0.0,0.0042023472,0.0152357435,0.007963605,0.016060987,0.009634517,0.053729676,-0.00056870596,0.00086454,0.013739378,-0.01387051,0.014387513,0.004435393,-0.011674837,-0.0038498377,-0.02982458,0.0057277167
2021-08-18,0.0,-0.011515098,0.027557753,0.004473027,0.019894332,0.0018322666,0.0018323002,-0.0005303448,0.008418233,-0.003993575,-0.0062995814,-0.0094500845,0.0006218915,-0.006488336,-0.0030477184,-0.002960274,0.007287656,0.003852004,-0.13279164,0.008532763
2021-08-19,-0.0022323278,-0.00087102817,0.013609556,-0.0015187883,-0.015132746,-0.010194115,0.0,-6.367055e-05,0.0060478705,0.0134311905,-0.005871604,0.006506575,-0.0005080444,0.010398026,0.010334057,-0.00016966391,0.003556541,-0.002315741,0.013579189,0.022260718
2021-08-20,0.026028238,0.0047692694,0.0012374348,0.0041540456,0.018229948,0.021835202,0.0062830965,0.0,-0.005866754,0.00692236,-0.00042481112,-0.0012615427,0.008522301,0.0,-0.001145578,0.0,-0.0072936127,-0.00017761256,0.0373695,0.011563028
2021-08-23,-0.01276986,0.0,0.010392295,-0.015138042,0.01304487,-0.005588995,0.0,0.0011058482,-0.0017833174,0.0038735382,-0.029495006,-0.009090417,-0.03307593,-0.0021778643,-0.014794193,0.01954675,-0.004163547,-0.108823866,-0.0046591386,-0.035851236
2021-08-24,0.0028687045,0.020920623,0.050229102,0.008873992,0.02648983,0.014918356,-0.0039784773,0.010683211,0.011918712,0.004534721,0.021005405,0.034194306,0.004931508,-0.024165766,0.0029504928,0.0,0.011201522,0.055427093,0.027325088,-0.026421634
2021-08-25,-0.028143002,-0.060699772,0.024503857,0.022492584,-0.0030181687,-0.008241887,-0.0028109157,0.007464356,-0.12216382,0.016718235,0.009561735,0.004697179,0.0060094153,0.033657707,0.013747118,0.010493685,0.017610243,0.002136593,-0.036068108,0.0138551
2021-08-26,-8.122596e-05,0.0030759901,0.009703824,0.013025026,0.0,0.014111684,0.017154796,-0.003052173,0.025425574,0.001553022,0.008760871,0.0,0.0097721,0.001892093,-0.0011336342,0.016869955,-0.011644393,0.065427676,0.06591044,0.010446196
2021-08-27,-0.02827,0.0,-0.0016479729,-0.0022875806,0.012261614,0.025501216,-0.0012295109,-0.0022236158,0.009926557,-0.019892227,-1.923235e-05,0.007782942,0.00356189,-0.008556016,0.028350724,0.00496017,2.1221673e-05,0.0030251269,-0.005053136,0.014180526
2021-08-30,0.009229811,0.0037457522,-0.049655177,0.0026428783,-2.6274897e-06,-0.0027704749,0.0,0.028699793,0.023043541,0.0054038703,0.0066030934,0.008400491,0.0070094066,0.01970755,0.004462286,-0.01292035,0.0033969188,0.0002877068,0.01760538,-0.012585575
2021-08-31,0.08887682,0.009632786,0.010288943,0.008600761,-0.0028617855,-0.0011732884,-0.0028493428,0.007466667,0.007200437,-0.00051198166,0.016007937,0.008194598,-0.07767301,-0.017328598,0.0008187593,-0.0024332388,0.011909514,0.0052353144,0.023471141,0.003001729
2021-09-01,-0.026832327,-0.0016709307,0.013378039,0.011291,-0.024830827,-0.0016244451,0.0,0.018777179,0.0038159373,0.0030533446,-0.013537759,0.0065797,-0.0032505223,0.0010815979,-0.002370485,-0.0034845602,-0.014749268,0.008159999,0.00065080635,-0.0070123672
2021-09-02,0.0068044756,0.013535188,-0.027832601,0.0,0.0031184612,0.0,0.010724032,0.010722875,-0.015750678,0.0015740982,0.007890769,0.0012644718,-0.024611715,0.012975634,0.004272739,-0.0037446462,0.020362228,0.012894505,0.007111895,-0.010989321
2021-09-03,-0.0016735696,0.021493008,0.0,-0.029590398,-0.017332427,-0.1415903,-0.0027269125,-0.026062587,0.0052820947,0.03825839,0.008042989,0.0043933517,-0.0016814728,-0.0067157475,0.0052110697,0.023112506,0.017393153,-0.00094220595,-0.0003034327,0.0480777
2021-09-06,0.019370036,0.020367043,0.004098046,0.00077986566,-0.045031354,-0.0044063614,0.0025201924,0.0022446625,0.004068976,0.004308251,-0.0023534067,0.011183862,0.07300132,0.028535126,-0.028364586,-0.0008365957,0.00020046376,0.027720172,0.01606401,-0.041498594
2021-09-07,0.029754588,0.023106413,-0.0014912994,0.001358844,0.0005012669,-0.025573792,-0.0016543518,-0.027987128,0.0,0.0026896219,-0.0028788326,-0.0017971497,0.032134652,0.006190777,0.027613955,0.0011038564,0.0072077354,-0.007907551,9.015773e-05,-0.0036580036
2021-09-08,-0.010105149,-0.0005245661,0.0038593297,0.004316042,0.008675671,0.0054535284,0.0023947943,0.005121238,0.002389454,0.032815523,0.0073412396,0.006326299,0.02779016,-0.027535142,0.014312215,2.0594828e-06,0.0148559045,0.009128842,-0.0013700573,0.0032159719
2021-09-09,0.0005600189,0.0075247553,0.006467924,0.0024719285,0.03389597,-0.02304662,0.0047612516,0.011214946,-0.01027892,0.004077405,0.004910856,0.0040592444,0.013624059,0.007196696,-0.007034697,0.019119848,-0.00022853233,0.037549827,-0.016658977,-0.027718589
2021-09-10,-0.01488097,-0.011162451,-0.039029445,0.0033822365,0.0061331303,0.013275889,0.008156933,0.0051873312,0.007191411,-0.005902027,0.0007583021,-0.0081487475,0.0019798416,0.0,-0.005907899,-0.010382644,-0.007330694,0.0150201535,0.020336246,-0.006939016
2021-09-13,0.010806674,-0.019962912,0.021644384,0.010479671,0.014917012,-0.00892176,0.00319017,0.003360493,-0.017347906,0.014340561,0.002388482,0.005008133,0.019745143,0.020001767,0.0002622328,0.01104236,0.025285678,-0.0013172522,0.008410123,0.029409474
2021-09-14,0.0071273386,0.011346267,-0.03120549,-0.0018681269,-0.006742738,0.07826792,-0.012484724,-0.041310098,0.0059690042,-0.0034278615,-0.00063846476,0.013865386,0.00243974,0.011630159,0.026133316,-0.013917013,-0.011467513,0.016856663,0.011681702,0.011605114
2021-09-15,0.011023128,-0.017189205,0.0061209565,-0.05276464,-0.029307688,0.024242254,0.013549631,0.012044448,0.00716129,-0.017018156,0.00948393,0.005408506,0.031553015,0.0019447587,-0.023784874,-0.0027627368,-0.00047436118,-0.0027627398,0.024939872,0.010826167
2021-09-16,-0.029315945,0.008664361,0.025842335,0.011406519,-0.0017049604,0.0045602075,-0.0019587732,0.018814784,0.0059926333,0.007391962,0.01646648,0.01020143,0.0135893375,0.02622087,0.0,0.022613559,-0.02122443,-0.0052306377,-0.0023502347,0.069739826
2021-09-17,-0.00023155089,0.00035596057,0.011866395,0.013126419,0.014253437,0.007940876,0.009840686,-0.009580759,-0.017667223,-0.00088569644,-0.0076369806,0.00735667,0.0682904,5.3893336e-06,0.011227171,-0.00279465,0.0027594818,0.002922543,0.005822553,0.0024020753
2021-09-20,0.013566757,0.013656448,0.011289186,0.026443629,0.006330261,-0.05524534,0.009042369,0.0,0.023657849,0.006348371,0.011685411,-0.0006471889,0.003033951,0.004775556,0.009319172,0.0178359,0.007535071,0.01373232,0.02824312,0.021371342
2021-09-21,-0.0066782357,-0.0013683488,0.0043636626,0.004111317,0.044846456,0.0056990967,0.0032878895,-0.013563661,0.022188028,-0.004539055,0.0028020935,0.022723794,0.0018339561,-0.008557923,0.00069496845,-0.006702067,-0.0016063774,0.033516347,-0.0027104258,0.020627838
2021-09-22,0.008447485,0.013281736,-0.028809583,0.011126905,0.03122951,-0.00444435,0.008995027,0.0166651,-0.007128718,0.0,-0.00076884363,0.0031198736,0.012310711,0.004599254,0.0023290217,0.012668729,0.009283563,-0.021169802,0.0100160325,0.005192158
2021-09-23,0.0041599018,-0.021648077,0.02609046,-0.0041517476,-0.00093635276,0.07589985,0.00968827,0.0012712239,0.0071282904,-0.030889314,-0.006550406,0.0011088667,0.01696006,-0.0077077863,0.03103301,-0.0017678983,0.025884487,0.012165939,0.030819288,0.0042223646
2021-09-24,0.09809331,0.04634445,-0.017165452,0.0066225105,-0.021194225,-0.016525647,0.012031098,0.02130404,-0.005306546,-0.0077550686,0.007652951,0.008313459,0.014446891,0.009120879,0.006303868,0.0025809566,0.00069859455,-0.002467848,-0.0008814338,0.021140303
2021-09-27,-0.0050834143,-0.0011106423,0.023108145,4.7930946e-05,0.060630556,-0.004751699,0.008965512,-0.0036826748,0.03405258,0.002692372,0.0006561295,0.0,0.0036293822,-7.564367e-05,0.0,0.0019586599,0.005257056,0.0041961386,0.010454323,-0.011874696
2021-09-28,-0.00481752,0.03028886,-0.061956197,0.0055879024,-0.004572416,0.04646059,0.003254306,-0.004171008,3.0338642e-05,0.017840194,0.0067597986,0.008564441,-0.070284024,0.023539511,0.0016446972,0.011904798,0.0051178187,0.008314424,0.007365937,0.0018668135
2021-09-29,0.021030715,-0.0034135666,0.015373082,0.009557618,0.00663486,0.026990931,0.006090554,0.0051134406,0.0056937896,0.034440678,0.0,0.0032177367,0.024248654,0.0071122735,0.00070035673,0.0,0.00986408,0.012255942,0.011240882,0.006701871
2021-09-30,-0.00068971195,0.011476138,0.0020033831,0.005573356,0.010366194,0.0042736377,-0.004753618,0.006278681,0.011126264,-0.008551149,0.00057770155,0.00950726,0.04900164,0.012918896,-0.004727076,0.009364698,0.0024474557,0.006493816,-0.012558034,0.006389439
2021-10-01,0.0,0.014711754,0.024930153,0.008876408,0.0024366176,-0.031814355,0.017740628,-0.0038435897,-0.019101704,-0.011113463,0.0028286122,-0.0028206436,0.014326296,0.0031061547,0.011747184,0.0053776684,0.0,0.032346174,-0.015855478,0.0135252485
2021-10-04,-0.009885066,0.006380244,-0.0044134157,0.015971486,-0.00080901646,-0.01419912,-0.007687612,0.008145477,0.020755319,0.006626802,0.0,0.024473643,0.006595503,0.019447478,-0.0078082825,0.008782447,0.004797538,0.0056126183,-0.00031516037,0.004270067
2021-10-05,0.0030094732,-0.036041636,0.037415944,0.01887683,0.020384988,0.013165064,0.03098148,-0.0048084194,-0.015086383,0.016962832,-0.003019409,0.01774741,-0.00038266738,0.0,0.010842679,-0.00050606224,-0.010309316,0.0058826082,-0.0028706326,-0.035125885
2021-10-06,-0.009037941,0.009130029,0.0015162361,-0.0018323001,-0.020287968,-0.007018484,-0.01415443,0.01259471,0.01979802,0.0063386513,0.0049679363,-0.013588011,-0.004851392,0.009728835,-0.0056293886,0.010643194,0.0033543187,-0.0027522892,0.019158002,-0.0009867798
2021-10-07,0.0016304575,0.008721456,-0.018387537,0.013825854,-0.030981904,-0.00798966,0.00863457,0.013594927,0.026427116,0.032541856,-0.0007123034,-0.007267955,0.01970072,0.004175074,0.010484146,-0.0005144832,-0.032124255,0.004486368,-0.025167322,0.006729293
2021-10-08,0.00964821,0.0026030424,0.016270146,0.00078430946,0.018762022,0.033662997,-0.0098932665,0.004745676,-0.00532655,0.0084045185,-0.00014225158,0.0076001077,0.0065581226,-0.01731304,-0.013442941,0.0069577177,0.01048449,0.010739498,-0.068725705,0.033824634
2021-10-11,0.017899632,-0.00024779025,0.0138093,-0.0016859653,-0.0037524009,0.003836842,-0.0014736825,0.004255088,0.0031895388,-0.011509955,-0.012077454,0.0048218668,0.023779463,0.0107070105,0.007893803,-0.0026975623,0.0012846974,0.003572047,0.09094547,0.0048078843
2021-10-12,0.0075207343,0.01893409,0.002265926,0.0042853775,0.01764461,0.0010985669,0.0009239134,0.0,0.0018988402,-0.005049057,-0.001115574,-0.026427444,-0.03897098,0.005983248,-0.0061344593,0.011774816,0.017090125,-0.0015956338,-0.0057417722,-0.014387554
2021-10-13,-0.022334559,0.0098003065,0.017475864,0.011480737,0.0005639943,0.029455196,0.002230744,0.0065740375,0.018254196,0.012195444,-0.0449508,0.01380379,0.00655163,-0.00084548007,0.018402634,-0.0059022503,0.020554049,0.030344795,0.0033593238,0.0018944732
2021-10-14,0.0034866405,-0.016300023,-0.0072723385,-0.00397292,0.010564945,0.04871461,0.015037043,0.009705703,-0.010344695,-0.015437873,-0.004191796,0.0008127727,0.0,0.009373247,0.013270424,0.012914286,0.012833107,0.0,0.0070498656,0.004362461
2021-10-15,0.016612297,0.027816443,0.031412534,0.0073765195,0.026415935,-0.0010623557,0.008027209,0.011832577,-0.0009760044,-0.011116137,0.0028057063,0.0003178113,-0.02254036,-0.01540839,0.015666163,0.0014005896,0.0045420523,-0.005511778,0.003567224,0.023880221
2021-10-18,0.00883405,0.014001571,-0.010707848,0.009071796,0.0054096268,0.009544645,0.0,-0.001530915,0.0014282657,0.0003012708,0.01381582,0.00069010496,0.00011282674,-0.0024222909,0.00803319,-0.005888751,0.0017596973,-0.00087881717,0.03232544,-0.0044107838
2021-10-19,0.05042331,0.011415037,-0.0007131045,0.0066296454,0.00681849,-0.02785757,-0.0024746985,-0.005421721,-0.001333605,0.027504815,0.0014768377,0.0037061363,0.027623054,-0.0024168335,0.012729908,0.0075590904,-0.0039223116,0.019463796,0.010366457,0.0253783
2021-10-20,0.016215565,0.011360522,0.008431916,0.00770995,0.012024684,0.0009337009,0.014344753,0.0053485134,0.005974597,0.033086352,0.017747542,0.011629579,0.017277028,-0.011649042,0.0049103964,-0.00018376079,0.0155027965,-0.0038378122,0.012574146,0.002520847
2021-10-21,0.004226821,-0.0022976017,0.0026226493,-0.011999557,0.009669829,0.026251853,0.0027674155,0.0,-0.01182946,0.023791855,0.017054243,-0.0008037196,0.00030362554,0.017809832,0.0006827672,-0.0001854837,0.0031062155,-0.009455831,-0.090916365,0.004631987
2021-10-22,0.008045652,0.0048300475,0.008103887,-0.0031335007,0.00097350683,-0.029342359,-0.012378006,-0.001962058,0.005451676,0.008948698,0.011802385,0.009673364,-0.023663733,0.004278185,-0.0072923875,0.00015138328,-0.030467536,-0.0033841874,-0.0791214,0.013554818
2021-10-25,0.02006591,0.006791074,-0.010459846,0.007329891,2.1852553e-05,-0.049178507,0.012330746,0.011853725,0.00014500448,-0.024161706,0.004393823,0.0071872356,0.014199617,0.011928952,0.006608778,0.0062909503,0.0009606088,0.010428235,-0.005890015,0.0015511002
2021-10-26,-0.024223981,-0.00021047593,-0.0012931164,-0.011955045,-0.0058002644,0.027811501,0.0062039606,-0.014797765,0.0099378405,0.00040612568,0.0051773414,-0.004236627,-0.015470064,0.003561799,0.0022401894,0.00966831,-0.0012638891,0.010362427,0.013865438,-0.007057323
2021-10-27,-0.002575671,0.009034262,0.008644701,0.017366324,-0.0082089845,-0.0055052005,-0.0056319446,0.009229096,0.0013025485,0.004089985,-0.004702312,0.011640533,0.04973076,0.020859394,-0.004439964,0.005147456,-0.019167552,0.008398503,0.008182235,-0.060544122
2021-10-28,0.047476087,0.002335473,-0.007842604,0.013564938,0.024302674,0.003440305,-0.0032172997,0.0,0.008586061,0.013802839,7.467541e-05,0.0045009106,0.01360097,0.0,0.002593374,0.0056657596,0.019674877,0.004825238,0.044745922,0.013406439
2021-10-29,0.0036376256,-0.029696144,-0.02717191,-0.0029717213,0.010516674,0.009895405,0.0098144775,0.0005281599,-0.00042944786,0.010443296,0.0029815373,0.009975261,-0.034017704,0.007910479,0.004963288,0.011559405,0.022071451,-0.007634564,0.0073355404,0.037862733
2021-11-01,-0.04133791,0.004833518,-0.0016832623,0.015050624,-0.0097342525,0.013936448,0.0,0.019513203,0.0260787,0.032972742,-0.0025647692,-0.015538108,0.013949423,0.015960265,0.0025652798,0.0054666763,-0.002905352,-0.11032132,0.020449374,0.016244031
2021-11-02,0.10009889,-0.008593223,0.0010099354,0.03249125,0.0,0.011030617,0.0017927121,0.0018167833,-0.029776536,-0.043721385,0.014828521,0.02345832,0.0027084888,0.017536435,0.017114472,0.0020207618,0.022429347,0.01211186,-0.008243891,0.03345011
2021-11-03,0.0,0.09272252,0.005946669,-0.13745576,-0.009435774,-0.0022057167,0.013198148,-0.0079142805,0.0068223435,0.080318026,0.00019654338,-0.00616883,0.00025071646,-0.010258849,0.012165741,0.005933181,0.016640967,0.01401193,0.02048208,0.050114702
2021-11-04,0.029595256,0.04216969,-0.0005096534,0.056171585,-0.0039125397,0.00013604328,0.017322212,0.0054695774,0.012753728,-0.00088189426,-0.0033612975,0.016796228,-0.001302223,0.027384518,-0.008079888,0.015020931,-0.007410649,0.010232531,-0.0148605285,0.006506431
2021-11-05,-0.0015269072,-0.03036057,0.021794792,-0.14083807,0.048777256,0.02628151,0.017256325,0.015332765,0.0,-0.0002300998,0.009632982,0.00782062,0.015866876,-0.022627011,0.0005007426,0.0055365944,0.011067075,0.011653693,-0.026198361,-0.021353526
2021-11-08,0.046700954,-0.01614927,0.012332275,-0.0101962,0.008312735,-0.067471385,0.0018405137,-0.008862362,-0.03470523,-0.004608929,0.00958749,-0.015214372,0.012616321,-0.0027718928,0.012324797,0.013809261,0.004069433,0.00732191,-0.016305964,0.007341152
2021-11-09,-0.008914906,0.0061114156,0.0065978267,0.06816205,0.012267069,-0.011689113,0.007167896,0.028280184,0.014917016,-0.0038166812,-0.006260041,0.0020258247,-0.019280983,0.04412192,0.017407857,0.018661968,-0.013363085,-0.0003760138,-0.021997191,0.02416196
2021-11-10,0.0024057217,0.035395447,-0.0028880145,-0.0011863168,0.012314647,-0.08427707,-0.0009842592,-0.013110035,-0.0077780825,-0.042033028,0.01193263,-0.008222922,0.0,0.0096498355,-3.775817e-05,0.021159805,-0.00084369094,-0.0005025816,0.008370305,0.00821096
2021-11-11,0.010659864,0.01024575,-0.0011006155,0.018682906,0.014260114,0.10089234,-0.13831066,-0.0060028913,0.005368743,0.024703288,-0.0012305802,0.032890342,0.025260445,0.0058587617,0.008054925,-0.0050618676,0.012660814,-0.01079515,0.011308967,0.016370805
2021-11-12,0.03980948,0.01871243,0.007331688,0.06210816,0.0055875373,0.00037253194,-0.00019817022,-0.014302805,0.031850837,0.09654206,-0.002208802,0.07367926,0.015620548,0.012705749,-0.0012872712,-0.0035414742,0.0016515733,0.012486069,0.022624228,-0.0048140874
2021-11-15,-0.0029444748,0.0027736407,0.013385837,0.0073749563,-0.0038185038,0.05373023,0.0051843394,-0.08282497,0.0114815505,0.0951831,0.0077567184,0.002387226,0.018378654,-0.0004850698,-0.00014797942,0.009971573,-0.008458156,-0.009715536,0.00088419806,0.007731007
2021-11-16,0.022286199,0.028854169,-0.005183502,0.004396615,0.0029002926,0.0017092505,0.03162791,0.0002969871,0.00013196442,-0.029677117,0.004739615,0.014933101,0.01782971,0.015253847,-0.020014038,0.0065108286,0.021505829,0.012410401,0.010969698,-0.0007247199
2021-11-17,-0.0023267015,0.04551025,0.009840034,-0.014149481,-0.005808537,-0.016534332,0.002403028,0.0008394723,0.023689996,0.015442696,0.003403393,-0.031104732,9.973252e-05,0.0208016,0.008225972,-0.011265798,0.008632511,0.004854478,0.0006804424,-0.004310301
2021-11-18,-0.009029293,0.0104083,0.009370715,0.0017125016,0.0046695434,-0.016337404,0.0011036039,0.04422582,0.024102129,0.06334582,0.027532721,0.020312414,-0.0019035689,-0.005621746,0.012798337,0.011429906,0.0048276475,0.012370241,0.018279703,0.015164306
2021-11-19,0.044606827,-0.0052822516,0.0033247771,-0.0036804029,0.0029298747,0.044839535,0.00010002089,4.4737826e-05,-0.0011398831,-0.002149273,0.012139902,-0.10975643,0.00035030482,-0.021967778,0.012808303,0.00269458,0.0047244914,-0.013741501,0.0036839508,-0.008607214
2021-11-22,-0.010077046,-0.027624717,-0.010495439,0.0059960396,0.011897586,-0.005857878,0.027270779,0.014790256,0.008807199,-0.065027654,-0.084977016,0.069111854,-0.011834343,-0.0015554891,0.0019908692,0.0,0.011080444,0.031987313,0.0071743117,0.0092194425
2021-11-23,-0.017564813,0.00047196567,0.004287978,0.003744931,0.008238617,0.020230556,-0.026805593,-0.00042917434,-0.00615751,0.015083733,0.00085794966,-0.029975297,0.008133589,0.00026926814,0.010736141,-0.012400971,0.022664238,0.004318852,-0.000980548,-0.014352594
2021-11-24,-0.0022263874,0.04451702,0.008971755,0.0052463408,0.005027705,0.017032655,0.0011580368,0.00042857233,0.010368365,0.0025844108,0.008935992,0.017315261,0.022714255,0.015971065,-0.0015002612,0.0068921875,-0.0019491207,-0.007561934,-0.0027225348,0.018118229
2021-11-25,0.0074671255,0.00044690663,0.006284336,-0.01691831,-0.007188897,-0.14130841,0.004267316,0.0030052855,-0.030830592,0.08158587,-0.0016646647,0.0,-0.0012689367,0.013774435,0.0078089167,-0.0119977575,0.0036551338,0.02050072,-0.008878009,0.0005211964
2021-11-26,0.013848537,-0.0018391344,0.0023301549,-0.0028115239,0.0037547676,-0.00999604,-0.00282276,-0.011458208,-0.010854568,0.0007436028,-0.13765244,0.0031941393,0.007670288,0.0063261096,-0.0054292353,0.007397658,0.01797253,-0.0066487617,0.00092577876,-0.0016142526
2021-11-29,0.0023437059,0.0103204,0.01372354,-0.010516128,0.0048276368,-0.000643655,0.017101295,0.017386254,-0.009551792,-0.011562734,0.045009326,-0.011476555,0.0034178584,-0.0013863805,0.013935801,-0.0018669709,-0.016554317,0.0036113902,0.003196702,0.0009017744
2021-11-30,-0.0068515544,-0.025796363,-0.005313104,0.0062141796,-0.015312676,0.04576117,0.011109725,0.01826296,0.00096866995,-0.027049275,-0.02771892,0.016548304,0.0063728513,0.0016921951,0.0024064523,0.019206109,0.01170116,0.034530714,0.0044451505,0.006696832
2021-12-01,0.009109637,0.013069522,-0.01623076,0.021644114,0.0043798895,0.030982332,0.012137988,0.013858087,-0.02144766,0.053390577,-0.13318056,0.02619487,-0.00069989974,-0.0005569203,-0.011897566,-0.0060924436,0.006908544,-0.0074119773,0.004630952,0.01710636
2021-12-02,0.042688146,0.0065702945,-0.0019003776,0.008774827,-0.0019502195,-0.009105807,0.00070211844,0.004439037,0.052083533,-0.0022514816,0.10533955,-0.0015666881,0.0015012408,0.004102621,-0.00029798056,0.0119815385,0.0035957368,-0.027682917,0.01047937,0.0020678265
2021-12-03,-0.006180214,0.005562401,-0.0012499725,-0.010919425,-0.014260986,0.00025968257,-0.001447959,0.015928673,0.005838975,0.024022337,0.044718824,0.0053388295,-0.0034095861,-0.018540816,0.021004364,0.00040604718,0.016510852,0.018760087,0.005707211,0.0059341867
2021-12-06,-0.013242894,0.013166948,0.0,0.027294986,-0.02871856,0.0141993975,0.0056567313,0.0032983744,-0.0064776447,0.019373124,0.018766154,-0.002787534,0.009983576,0.0067936396,0.0020970714,0.020359544,-3.8892616e-05,-0.032441836,0.007194569,0.0011609052
2021-12-07,-0.010220709,-0.0065410864,0.006560312,0.026249422,0.024569714,-0.0020825781,0.0049875523,0.0013884593,0.0037481098,-0.07201157,-0.0069407583,0.020943964,-0.003953774,-0.008744918,-9.857956e-06,-0.005540873,-0.0024437502,0.008638972,1.3752765e-06,-0.0019269268
2021-12-08,0.014034294,0.030077633,0.009892758,0.001422377,-0.0026869557,0.011455245,-0.002757943,0.0062951837,-0.038493767,-0.0011734894,0.0029887361,-0.01574502,0.0014323964,-0.010359504,0.0020801183,0.007495384,-0.0028200839,0.008656403,0.008945362,-0.010283195
2021-12-09,-0.05096709,0.018702054,0.010583824,-0.002959603,0.01927559,0.003420413,0.0011123786,-0.0006832429,0.040291116,0.0,0.011066661,-0.012601833,0.00085864647,0.003107863,0.0006327674,-0.0013810114,0.016375896,0.013113601,0.011605339,0.012244314
2021-12-10,0.014733453,-0.012440035,-0.0071286964,0.027316509,0.011207368,0.0,0.010741182,0.000103939514,0.011097823,0.010472727,0.006252197,0.012615608,0.0048342883,-0.055927873,-0.0035302276,0.011396729,0.00645191,0.0062276563,0.0067761536,0.0066762813
2021-12-13,0.023225944,0.012808118,2.9695673e-06,-0.0015156532,-0.0019723526,0.006795188,-0.0031946322,0.0016201086,0.015410305,0.0120443925,0.032636397,-0.011813103,-0.0019144681,0.00908815,0.004786702,-4.586772e-05,0.004100533,-0.014264035,0.001090846,0.006124585
2021-12-14,0.014820991,-0.019686159,-0.00079983013,-0.012377645,0.0022979616,0.10223603,0.0068433206,-0.016174413,-0.00037248916,0.00870813,0.008040303,0.0014289529,0.008322104,0.011247499,-0.0040896824,-0.004134061,-0.0066519747,-0.0010772933,0.0027273707,-0.013441039
2021-12-15,-0.041433576,0.0027074623,0.011703582,-0.0026815217,0.0041577904,-0.019906221,0.0037143843,0.0031253549,0.020130338,0.006060296,0.009576904,-0.002903232,0.014190499,0.006243402,-0.0047249687,0.024653351,0.011698007,0.008867301,0.00041404244,-0.0023197897
2021-12-16,0.030318784,0.036741886,0.0024881114,0.0074593136,0.020957813,0.07161825,-0.016706249,0.03252308,0.012043936,-0.0036453598,0.012375516,0.0024362348,0.004789751,0.0076639717,0.0,0.014271278,0.052149333,-0.009845647,0.0011365499,0.0019152974
2021-12-17,0.009095486,0.003874709,0.0024702752,0.011151427,-0.0013794783,-0.009722745,0.0076191584,0.022763643,-0.0018592401,-0.008777877,0.0328492,0.009258139,0.0061175125,0.001079675,0.00066064845,0.0,0.0066239485,0.0075392886,-0.0006053404,-0.00025004434
2021-12-20,-0.023109986,0.0029925043,0.023475926,0.008617462,-0.01627603,0.0014030542,-0.0066821086,0.019213175,0.0029868511,0.047595646,0.0,0.034656517,0.001087655,0.026277944,-0.006339765,0.0064246156,0.027711874,0.0113315815,-0.0032631524,0.0032673522
2021-12-21,0.010825973,0.013052467,-0.0022369649,0.007522671,-0.0014804542,0.0011027479,0.016447177,0.010955456,-0.011872536,-0.080723174,-0.008691933,-0.01751329,0.014828444,0.006858321,0.012467214,0.0013587873,0.0038304185,0.03759401,0.013767396,0.0031680306
2021-12-22,0.009649628,0.008035374,0.0034572284,0.0015502899,-0.005073994,-0.0011538499,0.008164884,0.0074454425,-0.027225662,0.09194404,0.049406864,0.0,0.0044455864,-0.039637994,-0.0024726877,-0.0024734573,-0.007053458,-0.010020331,0.0056990273,-0.00060753827
2021-12-23,0.0021995262,0.01409631,0.0059214975,-0.013865083,0.009112403,0.057204217,-0.0114850765,-0.011756629,-0.01585676,-0.0077395234,-0.0663939,0.055944372,0.0037420706,0.020938221,0.0066996925,0.008369687,0.0034095047,0.023052681,0.023946933,-0.017287485
2021-12-24,0.012308623,-0.006716214,-0.016399791,0.0,0.0,0.037769143,0.02445196,-0.02238394,0.04649916,0.0110503575,0.07151022,0.006503496,0.0,-0.022411026,0.04012992,-0.0126638645,-0.004974518,-0.032813676,-0.004240863,-0.0056126146
2021-12-27,0.012371528,0.014117993,-0.01346484,-0.010443001,0.0269008,-0.0029568442,0.0,0.012875226,-0.012798805,0.035481885,-0.0068515046,0.008534233,0.010497088,0.0040691844,-0.0015336534,0.007177377,0.0041690306,0.035127874,6.431362e-05,0.03492472
2021-12-28,0.0108513925,-0.01372004,-0.009142562,0.06349428,0.017273536,0.0051086037,0.036673117,-0.0004900526,0.0029174986,-0.0018740133,-0.00010436633,0.024616722,0.002400888,0.009841438,0.0057105874,0.00438861,0.02318175,0.0042515732,-0.0034044725,-0.0016081287
2021-12-29,0.010907926,0.023852319,0.0017969892,0.007065742,-0.009578182,-0.031988833,-0.0028229335,0.014957526,0.017733106,0.004877402,-0.009415609,-0.014479123,0.003558147,-0.021395516,0.0,-0.0030564652,0.004363181,0.01719241,0.0059809615,0.014359054
2021-12-30,-0.0048825215,-0.0022875727,0.011689944,0.018566832,-0.0068827164,0.007956791,0.010616454,-0.017433802,0.0014024312,0.00016376688,0.018839525,-0.008868982,0.0013520729,0.044182554,0.0037052238,0.011567826,-0.015999304,0.0042846124,-0.0004896196,0.0041811187
2021-12-31,0.000886499,0.0044062547,0.030340193,0.0011171212,0.020857628,-0.00072638906,-0.025680479,0.0088130655,0.027668422,0.027146015,-0.02383327,0.0010141798,-0.010329582,-0.00041592628,0.019139217,-0.0011396733,0.0032216702,-0.010437065,-0.005270844,0.0007664274
2022-01-03,0.005146709,-0.00419708,0.012496785,-0.011293324,0.006496948,-0.02949765,-0.0059132995,0.019829737,0.027568918,0.015110818,-0.012823822,0.027695697,-0.016629925,-0.015085889,0.002215195,0.008131264,0.0028663666,0.007837149,0.0150275305,0.02296168
2022-01-04,-0.015158453,0.009799519,0.011385462,-0.075083524,0.018473573,0.013223277,-0.0007487538,-0.0077369125,-0.01988067,0.014135938,-0.01846539,0.022467973,0.0103949355,-0.028686794,0.006336521,0.010222631,0.019564644,0.00238934,-0.029041918,-0.0063220435
2022-01-05,0.0035601626,-0.006011123,0.007665146,0.00667242,0.006810633,-0.017047122,-0.0016845316,-0.006499432,-0.03827789,0.018445948,-0.07249232,-0.00214126,0.014626624,-0.008467453,-0.00043661144,0.013694955,0.011553654,-0.02246715,-0.0063454853,0.008875026
2022-01-06,0.035273135,0.0,0.002399863,0.0006358189,0.0,0.009942111,0.013088268,0.0033399835,0.012366388,-0.012687472,0.015531447,-0.012625334,0.016001437,0.011388971,-0.0074574524,0.007983069,-0.0009666714,0.011856598,0.016953891,-0.0026656974
2022-01-07,-0.006760819,0.005340274,-0.0036764767,-0.0012654912,0.006653834,0.023436552,0.014314695,6.823214e-05,0.010023459,0.009150981,0.06801663,0.041550145,0.0033688599,0.05821398,0.0056485557,-0.012691508,0.019435985,0.019740367,0.007811465,-0.0024334046
2022-01-10,0.011324195,0.029903403,-0.015165469,0.03343047,0.0072403844,0.007008435,0.00802671,0.001266992,0.0013866792,-0.0016724983,0.018797962,0.03070941,0.0011588186,0.013085839,-0.019882165,0.009223193,0.007207254,-0.004317787,0.014305883,0.010453984
2022-01-11,-0.013942045,0.0034550691,0.0031125727,-0.049532086,0.0,0.0028927086,0.014197213,0.004946509,0.024004662,0.011279217,0.07342285,-0.013585989,0.0109295985,-0.012637419,-0.00882309,-0.008682666,0.0118796015,0.021025313,-0.0024286765,-0.0063314037
2022-01-12,-0.016084315,-0.08449911,0.0056661703,0.04987769,0.001313549,0.011856815,0.014562879,0.012017439,0.0048125754,0.037498094,0.005784469,0.032106765,0.007270137,0.025751147,0.02589576,-0.0016748708,0.0022956221,-0.0029670778,0.025882151,-0.010742128
2022-01-13,-0.010327883,0.002282598,0.0037383242,0.026781663,0.0024569663,-0.003413483,0.012082352,-0.009323422,0.0,0.065463044,0.0016178612,0.014040729,0.0,0.008714235,-0.0026806376,0.0077001886,0.009018413,-0.016372142,0.00068961096,0.013805018
2022-01-14,0.026632793,0.019607052,0.0094967205,-0.003908753,0.009967083,0.0056816717,0.0006342918,0.007337299,-0.00013262959,0.0077787023,0.004808109,-0.030732242,0.012365698,-0.0071150265,0.05151827,0.009375312,0.0036675886,-0.0006698994,0.0032055618,0.014090551
2022-01-17,-0.0010154201,0.0,0.0075144987,-0.0060303034,0.0089420695,0.008498186,0.0008201973,0.0018996216,0.006602161,-0.1400308,0.013588014,0.025300989,0.005587521,-0.0042463215,-0.026467072,-0.008340861,0.0017963016,0.0015572903,0.0042295554,0.0073334095
2022-01-18,0.026619188,-0.0122544095,0.02552188,-0.013709011,0.00599834,0.002069201,-3.8125302e-06,-0.008588043,0.022784596,-0.0013644407,-0.022664146,-0.0029866132,0.00032278016,0.012376935,0.013230686,-0.015341968,0.004277268,0.0,0.013776668,0.0070612063
2022-01-19,-0.007309693,0.0011933116,1.1659994e-05,-0.0040422655,0.0065713376,-0.008206105,0.014201792,0.01034346,0.0074747996,0.0027006718,0.012337242,-0.0015161686,-0.0028252047,0.0064863153,-0.009672855,0.013775817,-0.0013945125,0.0066416794,0.0,0.0064333007
2022-01-20,-0.03668849,-0.0025357804,-0.0005842473,0.00041220026,0.007656081,0.009769864,0.005426787,0.0008406221,-0.008524095,0.009801015,0.0026430632,-0.004211506,0.007890758,0.01624536,-0.0005417247,0.014631803,0.006286043,0.044528287,-0.0025335643,-0.0028020586
2022-01-21,0.001052492,0.017009072,0.002349929,0.00992422,-0.0016263891,0.0068945047,0.005690451,0.018545901,-0.0075221728,0.0035153134,0.020297328,0.0,-0.0027772503,0.0015243058,0.03496361,-0.013301141,-0.00091824314,0.0062851403,-0.0017037328,-0.00248799
2022-01-24,0.026804121,0.0039935163,-0.0019297057,0.03345851,0.0038952245,-0.019836867,0.004007854,0.006275562,0.016606553,0.020801855,0.011629475,0.0052081626,-0.0014804649,0.00071332447,0.00046569653,0.0037313248,0.0063261506,-0.011670321,0.013765678,-0.0020236305
2022-01-25,0.02626732,-0.031820636,-0.016707612,-0.00023852338,-0.007694205,0.00398578,0.010296534,-0.0038288,0.007286739,0.0039770603,0.018175842,0.0015707875,-0.0031225118,0.0074504334,0.044230193,-0.004204364,-0.0043687015,0.0072780903,0.0049022697,-0.0049804295
2022-01-26,-0.012830019,0.0066911723,0.014711666,0.0065573757,0.0061577265,0.0069474913,0.013170596,0.004367564,-0.018620644,-0.013244021,0.055020563,-0.017256062,-0.007245816,0.0043978225,0.0029456187,-0.0014478322,-0.013275997,0.0,-0.0005506478,0.00025703156
2022-01-27,0.0031242361,-0.017831653,0.0012688668,-0.002758298,0.004446106,0.007602078,-0.00010639951,0.005484393,0.0,0.007246587,-0.14147018,0.0,0.003093124,0.008282123,0.0016127144,0.0,0.009121405,-0.0022478746,-0.014051188,0.0059327413
2022-01-28,0.0050179027,-0.009074156,0.020575764,0.015910486,0.002428695,0.0010323969,-0.013744509,-0.008756978,0.01888544,0.011321704,0.0070693344,0.03395529,-0.0014440482,-0.0034037028,0.025543727,0.0065603843,0.006790086,-0.0018413878,0.00018471573,0.02500874
2022-01-31,0.10485881,-0.008157801,0.0068108183,0.014352666,-0.0016842636,0.029371083,-0.009511343,0.049288023,0.017487474,0.004609221,0.009881324,0.00521761,0.007346775,0.048240185,-0.005416331,0.006726715,0.004009658,0.020604273,0.03727019,0.04112299
2022-02-01,0.0103654545,0.030049153,-0.0018558512,0.0024109648,-0.015577596,0.05439791,0.0039973157,0.020787213,-0.004802496,-0.0024973592,0.0071680527,-0.008551219,0.04416134,0.025751011,0.012566316,0.020398227,-0.0034897889,0.0060597635,-0.007858193,-0.0026496612
2022-02-02,-0.015722701,0.00819186,0.0050066775,0.0224635,-0.00059450814,0.01735233,-0.00036487382,0.0046876627,0.0056675547,0.007161046,-0.0053829327,0.0009501999,0.10355302,0.031147003,0.0017691078,0.0045464924,-0.0012686775,0.009909872,0.003967082,-0.0020223968
2022-02-03,0.014164153,-0.030914934,0.0063438485,-0.047855508,0.0049205055,0.04452782,-0.003408998,-0.0009783871,-0.0024495036,0.02045677,0.0010489724,-0.006310934,-0.016861947,0.018328974,0.014478864,-0.0027891789,0.0072670667,0.008243454,0.036035664,-0.029046282
2022-02-04,-0.1215125,-0.010915203,0.0044768546,-0.014341268,-0.0077475235,0.044926774,-0.0053970274,-0.063504755,-0.102502994,0.008369764,-0.002755714,0.026366344,0.011631428,-0.013996281,0.009648864,-0.00061904883,-0.015328781,-0.028171375,0.0018462163,0.041552097
2022-02-07,0.020452166,0.0614969,0.0,-0.009072287,-0.0061365874,0.008550999,-0.007033899,-0.016728817,0.019618873,0.0030488728,-0.007682406,0.0040749605,0.018771175,-0.039692182,0.0,0.008916499,0.035195142,0.014192444,-0.0020991848,0.0010198505
2022-02-08,0.005419565,0.0998553,-0.0047530225,0.031857695,-0.025511289,0.021173835,0.015746107,0.01844353,0.0,0.015460315,0.026564931,0.022217605,0.0010421603,-0.0033730937,0.014520466,0.005492712,-0.009040448,0.005190799,0.02145401,-0.0028164962
2022-02-09,0.00025478523,0.020027926,0.011079235,0.015209076,0.019692821,-0.010834111,0.016202597,0.015523877,0.017861003,-0.0071859467,0.03160356,0.014800823,0.08214876,0.0062842136,0.0017654166,0.013231077,0.00574555,-0.0019001351,-0.025787175,0.0196469
2022-02-10,0.0033393544,-0.03371834,-0.0019104895,0.021812592,-0.06302193,0.002680399,0.01858903,0.004272075,0.008782433,-0.033833813,0.007868582,-0.016325349,-0.0050600637,0.00693552,0.0048388764,0.013529749,0.03318148,-0.009198538,0.008113361,-0.017203372
2022-02-11,0.0,-0.0071490626,0.0031012453,0.01392776,0.014853389,0.01231834,0.013061955,-0.015444052,-0.0013614952,0.013789206,0.01002623,0.007820215,0.01853185,-0.00040603976,0.0054075234,0.0025186734,0.0019372714,0.029203018,0.016527552,0.026132032
2022-02-14,0.004323781,0.01481529,0.010603,-0.0020534229,-0.0070141284,0.007355478,0.0010353648,0.014750762,-0.016513223,0.011060009,0.014990726,0.015134273,0.0028596907,-0.0061828955,0.0030350154,-0.012101319,-0.006384363,0.008294816,0.0011902975,-0.00040784458
2022-02-15,-0.0037915504,-0.051120117,0.008533361,-0.0068317857,0.02759804,-0.008527452,-0.007886386,0.0003956513,0.013785685,-0.01739485,0.0025983052,-0.0038659256,-0.02668353,0.0012986765,0.015484265,0.004675277,0.04688359,-0.010707824,-0.016935155,-0.006269014
2022-02-16,0.044735394,-0.04341806,0.0,0.02943868,0.029417174,0.013852763,0.007668665,4.129943e-05,0.01186994,0.027405448,-0.0043592243,0.006776367,0.010695214,0.013348277,-0.008018884,-0.0072276397,-0.054406393,0.00016287089,-0.0068372115,-0.027025465
2022-02-17,0.008827214,0.0,-0.0006219041,-0.014714713,-0.00071337086,-0.07955692,-0.009517491,0.027414896,-0.010841245,-0.0045025893,0.0032023585,0.012954169,0.027895914,-0.0008129398,0.008279637,0.024853004,0.0037915045,0.017574629,0.013040933,-0.0024213896
2022-02-18,-0.104413725,-0.003038397,0.0065439753,-0.00063190033,-0.00045404027,-0.008116213,0.013822192,0.0066333986,0.021866214,-7.936255e-05,0.012427563,0.010666435,0.03950214,0.00295942,0.007620974,-0.008465819,-0.0035394058,0.03745933,0.0045999205,-0.013219435
2022-02-21,0.027636794,0.0064550857,-0.00016645911,-0.0018206879,0.013123504,0.00645543,0.005293357,0.017301094,-0.0007178395,0.04423222,-0.015564453,-0.011979293,0.0012346556,0.010469401,-0.010022487,0.008916313,0.02729835,-0.003912525,0.009968249,-0.002252554
2022-02-22,-0.0031437287,0.005766433,0.0073995916,0.025293414,0.017442068,0.00727591,0.003137315,0.0050396337,0.006100219,0.001993811,-0.0022432941,0.004963443,-0.006549961,-0.012285127,0.010206458,0.0028611773,0.0012583691,0.017175224,0.016129121,0.10205117
2022-02-23,0.008740719,0.0,-0.00046528643,-7.804128e-05,0.0011194375,-0.043965016,0.011576799,-0.011894559,-0.015901593,0.03976716,-0.0027584706,-0.001401761,0.0017826897,-0.0042860922,-0.0007694384,0.012065136,0.037844505,-0.025852412,0.019825088,0.01085761
2022-02-24,-0.035616886,0.0076480024,0.011284944,0.014710024,-0.0019383973,0.044074226,-0.0020331128,0.0109167015,-0.0074286084,-0.009894006,0.0041344357,0.011457811,-0.022140345,-0.0016927642,-0.0013852958,-0.009141565,-0.002459803,-0.0030233923,0.0015359648,0.04821927
2022-02-25,0.10149398,0.00041668344,0.003283659,0.011186272,0.00728501,0.033035424,0.0016827611,0.0051880013,0.007037032,-0.008514919,0.021267882,0.0,0.005688408,-0.0028821416,-0.015405325,0.0008659095,0.016437043,0.0048435084,-0.0037966794,0.008117072
2022-02-28,-0.0020039123,0.016930321,-0.00050282147,0.033023108,-0.013877115,0.0061514443,-0.0014770128,0.0026559178,0.010924982,0.017587185,-0.11932819,0.0041383943,-0.0003668705,-0.018432938,-0.002476497,0.021880839,0.019109357,-0.027226076,0.00032865655,0.04395194
2022-03-01,0.020039795,0.021038707,0.0076666195,-0.03147911,0.019770244,-0.008162077,0.0046087783,0.007789234,-0.018738598,0.019190168,0.0028303645,0.0,0.019590216,0.0053328415,0.008944352,-0.0044718552,0.012680811,-0.028976299,-0.0088612195,0.0028598048
2022-03-02,-0.0058446177,0.06855445,-0.0016090669,0.0060250973,-0.0049384767,0.016803775,-0.006532911,-0.0012770408,-0.013567748,0.013014599,0.00066017115,-0.0020377727,-0.0017571936,0.0020780002,0.0040937243,0.00371673,0.015854059,0.06261666,0.000588061,-0.012760294
2022-03-03,0.027007138,-0.012603815,0.0019403977,0.0015499304,0.014086635,0.0023242168,0.008858302,0.005983058,0.031288493,0.009355776,-0.00018463637,0.0024432712,0.016929576,0.027491782,-0.0045704925,-0.007853349,-0.000961488,-0.057049144,-0.0035521358,0.013106347
2022-03-04,0.018623827,-0.033940803,0.0061826278,0.010525936,0.0017484002,0.0042080134,0.002744655,-0.008365102,-0.010312422,0.0055086864,0.040966906,-0.0022485692,-0.0058261356,0.014079212,-0.0027912464,0.017508155,-0.0030990187,0.0135639105,0.00027813093,0.013263808
2022-03-07,0.0054906737,0.053109024,0.009235755,0.0003880479,0.0031141806,0.01782779,-0.006727766,-0.0016036504,-0.0030077142,-0.021625591,0.017473215,0.011920021,-0.006226477,0.03236412,0.00336924,0.012241821,0.012861135,0.027444718,0.0029783943,0.017552678
2022-03-08,0.027275903,-0.0040550404,0.0075366274,-0.008034845,0.0025478224,0.005230211,0.012373363,0.0009016421,0.011682951,-0.0016610236,0.013280081,0.005002843,-0.0127594555,-0.013903083,0.011064808,0.0002616728,-0.0053845276,0.013854211,0.013841442,-0.006650216
2022-03-09,0.0096131945,0.02911314,-0.0006620549,0.013512013,-0.0014156129,-0.003413035,0.006841428,0.00989672,0.015263644,0.0048207575,0.007889646,0.0010310486,0.020043222,0.011284685,0.0055519803,0.008812793,0.0026993926,0.012053653,0.00074235,-0.035488743
2022-03-10,-0.0057029203,0.005351153,-0.0007770256,0.003140148,0.016891351,0.006807791,0.0029918891,0.0069907983,0.018759945,0.010164014,0.0024227775,0.01753949,0.0063368627,-0.014250357,-0.0005674836,0.0038883814,0.0036017108,3.22381e-05,0.00779179,0.0009844697
2022-03-11,0.0057833,0.013528569,0.0043107425,0.017105706,-0.0022641434,0.00032637402,0.0036609787,0.00980258,0.007206409,0.014200948,0.0068039102,0.010001384,0.039374247,0.0,0.002906957,-0.0038221953,0.01568217,0.025927065,0.006674446,0.08288842
2022-03-14,0.0,0.000426407,0.00935609,0.008378449,0.0038314583,-0.00021874753,0.003644272,0.017216263,-0.009604808,0.0051944605,2.3050316e-05,0.008975931,0.0116178375,0.008723371,-0.017021954,-0.01084019,-0.0639681,0.01697779,0.0075782724,-0.051070463
2022-03-15,0.005579141,-0.017754897,-0.0076305475,-0.00016722266,0.00045538825,0.009257191,-0.006448651,-0.0067784567,0.012179223,-0.0019163145,0.0048366906,0.0073968037,0.010953148,0.010468458,0.007686908,-0.0063359416,-0.002642771,-0.021145808,0.012266827,-0.00011400981
2022-03-16,-0.009833199,-0.0067909565,0.0009788519,0.013562285,0.0018687196,0.0046254876,9.8738274e-05,0.003765353,-0.016585806,0.010681333,-0.0038998974,-0.027892446,0.0037485072,-0.029362109,0.006671862,0.016980087,0.017004604,0.02471031,0.015288133,0.06582077
2022-03-17,0.102936916,0.03392088,0.005710715,0.007880292,0.015031026,0.020973237,-0.001629869,-0.0029761577,0.004042524,0.019680059,0.017405285,0.004898704,0.0025317885,0.02617347,-6.9853515e-05,-0.0018424462,-0.0056813336,0.0041993274,0.003881346,-0.007946636
2022-03-18,-0.010314533,0.046228267,0.0055525377,-0.011409417,0.03545078,0.0043419264,0.011847667,0.04474252,0.008337144,0.017066367,0.007986378,0.0,-0.012752913,-0.0067496626,0.012851299,0.004818563,0.0031320944,0.0,0.007859176,0.012337163
2022-03-21,0.035449576,-0.022184309,-0.008838483,-0.012235392,0.002944248,0.006493872,-0.002711681,-0.0033732792,-0.0013565259,0.033823963,-0.008538009,0.029814871,-0.036766224,0.009199794,0.005148369,-0.0021133232,-0.0040549375,0.017554384,-0.00058506563,0.014765264
2022-03-22,-0.036031716,-0.005556772,0.005407386,0.008355247,0.014481911,-0.0002285928,0.0068918406,-0.0026070944,0.013613781,0.0030487676,0.013468706,0.007855939,-0.14135353,0.007052064,7.860104e-05,0.019126922,0.008057803,0.012524216,0.023066586,0.027479718
2022-03-23,-0.026790729,0.01999347,-0.007471445,0.060376983,-0.008077812,-0.015103932,0.0067662043,-0.0055943434,0.025184223,-0.021143772,0.015255458,-0.021161513,0.015052796,0.013596719,0.008876493,0.009784996,0.06697059,0.010729645,0.003988387,0.0072363615
2022-03-24,0.0,0.025853539,0.014534372,-0.015446721,0.009762686,0.012265622,-0.004812577,0.027822593,0.011053622,0.009487084,-0.011698579,0.0,0.03145623,-0.0134146195,0.008437241,0.0023065552,0.0005371168,0.0049483115,0.00433339,0.004235084
2022-03-25,-0.07630062,0.04410229,0.013040197,0.05256396,0.006223725,0.0007826558,0.0145826,-0.018524509,0.008031825,0.0007764989,-0.0147186415,0.005681131,-0.009908194,-0.0010587147,0.0045542903,-0.011807289,0.03448382,0.0025026412,0.0077085537,-0.029882262
2022-03-28,0.0010110359,0.007054012,-0.0020743276,0.0017710093,0.002152286,0.050610792,0.014347239,0.013765756,0.011877331,0.0038319726,-0.0059589106,0.005462784,0.020849956,0.0065320614,-0.0018250496,0.012365212,0.0064999214,-0.00538295,0.00010088807,0.009686066
2022-03-29,0.035074838,0.0016260208,0.0015068224,0.029799072,-0.0030472057,0.0019439572,0.010488966,0.0029353972,-0.03198505,0.016041365,-0.0039598164,0.009116006,0.008380952,-0.003740917,0.008579038,0.006701026,-0.0029572353,-0.007830341,0.005164329,0.007804237
2022-03-30,0.0077745044,-0.0027830733,0.005681293,0.019377964,0.0050564003,0.02226253,-0.011304818,-0.007173018,0.012642755,0.0069483356,0.018833777,0.013587127,0.0115932375,0.015820656,0.0030392867,0.012119332,-0.015070986,0.010811468,-0.0050986335,-0.008007782
2022-03-31,0.020979676,0.01437878,0.009289421,0.004287902,0.0045786286,-0.022464313,-0.003766786,0.008636192,-0.0016451521,-0.025278123,0.021052035,-0.0073971036,-0.0010295671,-0.0334315,0.0,-0.012768256,0.0006685884,0.013240271,-0.0003835881,0.0033491193
2022-04-01,0.01945497,-0.008843789,0.007291121,-0.0028243973,-0.032627154,0.0046342593,-0.00043819653,-0.004733538,0.013111086,-0.025737511,0.01086061,0.016083214,0.025073122,0.017404191,0.00013227566,0.01756755,-0.0032129218,0.0009607859,-0.055643257,0.0031941636
2022-04-04,-0.0023410881,0.015492272,0.0036003082,0.006988629,-0.0050737625,0.0016782257,0.012733311,0.007822296,0.0049929805,0.01288856,0.011033179,-0.0016371611,0.010665169,-0.002574165,-0.0005968921,0.0039869305,-0.120352075,-0.00055020925,-0.004833175,0.011414331
2022-04-05,0.015391603,0.004574619,0.01045176,-0.004747917,0.008534185,0.04455613,0.003640407,0.012270366,-0.00037075503,0.015439126,-0.0063314787,0.009090083,0.0056960615,0.006582648,0.009274698,-0.00043339364,0.018902415,0.03178295,0.002703652,0.018481106
2022-04-06,0.0054955035,0.0,0.0010070063,0.0037464,-0.00999574,-0.036121316,0.0030322948,-0.004254065,0.011830425,-0.020649415,0.014543165,0.002412662,-0.010570715,0.004737052,0.0040389653,0.0,0.017491259,-0.0015463429,0.0005310504,-0.019448107
2022-04-07,-0.00022541996,-0.027317965,-0.019939028,0.0024093422,0.0018212555,0.041731153,0.0,0.011893514,-0.0053430493,0.008886124,0.004244212,-0.00974625,0.008673489,0.02076673,0.008435326,-0.0036713136,0.009324072,0.010325972,0.017893452,0.014194901
2022-04-08,0.005823328,0.00586873,0.004453975,-0.009254827,0.031811923,0.0065554236,0.004591671,0.0081336005,-0.0069406354,-0.0036920502,-0.012524252,0.004788107,0.013839015,-0.0055578016,0.0114534,0.00811559,0.00038217712,-0.0042880476,0.0044487705,0.0019130448
2022-04-11,-0.0025908796,-0.00058213546,0.0037895476,0.019365923,0.0077011054,0.0075392043,-0.0010827393,-0.009140867,-0.052960712,0.049999904,0.01748022,0.012301579,-0.0016974112,0.00509603,0.0028224115,0.0013102663,0.018609077,0.015525761,-0.0006140235,-0.002214205
2022-04-12,0.00831437,0.02488964,0.000970921,0.0008415942,0.013706008,-0.0047327336,0.022747062,0.007317824,0.017767373,-0.0025509736,0.022077458,0.01061148,0.00868918,-0.0017283111,-0.004177404,0.0,-0.017392522,0.01414707,0.0011943305,0.0013949497
2022-04-13,-0.019834353,-0.027266296,-0.0005422466,0.01520542,-0.008534286,0.035312444,0.0046507106,-0.015688272,0.0040618638,0.0047946256,0.0043248567,-0.00050436857,0.003587909,0.016686872,-0.0018355896,0.002271852,0.007975566,-0.0054534404,0.004865089,0.0024662348
2022-04-14,0.044233233,-0.00095974293,-0.0017238647,0.028046725,0.0042800168,-0.030983124,6.472501e-05,0.025712198,0.00321111,0.011027089,0.036808304,-0.0046785325,0.0021061331,0.009558736,0.0043613357,-0.016515544,0.044912495,-0.011013715,0.002841184,0.015003761
2022-04-15,0.008130106,-0.0055240444,0.012434699,-0.05658477,0.0151053835,0.011581651,0.0029693083,0.008860666,0.035336275,0.0012380489,0.0051563233,0.011519286,-0.032408725,0.008045422,0.006273953,0.019365478,-0.03455922,0.0018367656,0.0055438983,-0.052669115
2022-04-18,0.01662705,0.031920563,0.0033455775,0.04666297,-0.00068142207,-0.0017836301,0.012325813,-0.0010477348,0.004189021,0.016756691,0.009743809,0.012500566,0.031271566,0.0054317033,0.010502849,-0.002028504,-0.030140653,0.008547681,-0.001836989,0.01656888
2022-04-19,0.02932042,0.0,0.010672792,-0.019797372,0.005941017,0.0024847663,0.007034453,0.004798766,-0.0005707461,0.0015151128,-0.0018008783,-0.0067287306,-0.008723305,-0.0019427713,0.0021427837,0.01293841,-0.01816487,0.0055460515,-0.008615278,0.011580207
2022-04-20,0.010845614,0.020509053,-0.0018733741,-0.0428883,0.0,-0.015388146,0.0067857206,-0.016367052,0.013769308,-0.0013661027,-0.10933189,0.01624174,0.013044835,0.024863916,0.00719187,0.008445323,0.07342549,0.0,0.011057378,0.006677511
2022-04-21,0.020996576,-0.022340646,0.009237543,0.038003765,0.010347239,0.000662022,0.00079241,-0.00021527965,-0.0062041995,0.017603898,0.064618856,0.010853052,0.020373095,-0.008930182,-0.010071592,0.005096621,0.017231936,0.008343081,0.007188595,0.01164793
2022-04-22,0.011083096,0.0069899396,-0.0011793752,0.022620741,0.00812002,0.012995375,-0.012379989,0.03079747,-0.0049673305,0.0053796424,-0.008552629,-0.0030286813,0.007335633,0.006775453,0.008192223,0.0058513805,0.013731331,-0.024014875,0.00050170644,-0.024367383
2022-04-25,-0.007261886,0.030788194,0.013040854,0.011176034,0.012127178,0.015724683,-0.008921867,0.0025084307,-0.009149559,0.014148953,-0.0015382265,0.007354328,0.0006875072,0.0,-0.0077355597,-0.0038360015,0.0092707565,-0.0041498323,0.0045398907,0.0020265158
2022-04-26,-0.005229606,-0.0041436288,-0.007210108,-0.0005278988,0.006124583,0.008939724,0.0040780255,0.00319036,0.018825399,0.007170206,0.018501826,0.0011196114,-0.0005156762,-0.0004869798,0.0056306855,0.016418472,0.00084355014,-0.0005130483,0.0061469385,-0.021569312
2022-04-27,0.017224928,-0.006585884,-0.0033920389,-0.008893778,-0.002900962,0.016778175,0.005632825,0.017073603,-0.009934195,-0.0029575222,-0.0013610513,0.002701409,0.00976009,0.005619698,-0.0005003834,0.0010362163,0.018091707,0.015070598,0.0065919766,0.049323898
2022-04-28,-0.012710055,0.0086405,-0.00925319,0.02626962,-0.002092866,0.021310788,0.008197106,0.01649333,0.017808089,0.014458429,0.0014413355,0.008194289,0.00029105824,-0.0005216152,-0.00028279697,0.003338989,0.022282418,-0.0039248853,0.0054635275,0.0035494391
2022-04-29,0.034286667,0.027283065,0.00515305,0.02106157,0.0,0.04487636,-0.0027453562,0.00702986,0.021318818,-0.0048089544,0.023104409,0.009296236,0.0014648162,0.022368029,0.0017086645,-0.03025646,1.1988712e-06,-0.008120279,0.023104409,-0.011750331
2022-05-02,-0.073401965,-0.03301527,0.0058117346,0.009855921,0.016588967,-0.034864746,-0.018086765,0.0060925647,0.007817525,-0.0075950096,-0.040318165,0.0013939352,0.006737607,0.011585928,0.022000264,0.03488005,0.04421099,0.035173245,-0.040318165,0.004694212
2022-05-03,0.0021886532,0.02676199,0.01159723,-0.011982924,0.00084251683,0.009550622,0.052177913,0.0033028228,0.02326219,0.044895116,0.010893669,0.039638817,-0.0039604325,0.012363779,0.036654543,0.01740157,-0.0052520987,0.006507591,0.010893669,-0.00049331645
2022-05-04,0.013557882,0.017734332,0.0048290067,-0.0011101059,-0.0025001976,-0.0016105288,0.001805842,-0.004840169,-0.021964788,-0.07347618,0.013534979,-0.00034475868,-0.002809128,-0.0026814372,0.0033322903,0.017243994,0.0210189,0.009947656,0.013534979,0.0029023206
2022-05-05,0.012597946,0.0,-0.0022455202,0.0119194435,-0.00028537895,-0.07727018,0.012061115,0.0064289537,0.00027447613,-0.09755056,0.032352515,0.021895224,-0.0075531746,0.006164283,0.02039002,-0.00185037,-0.0006117766,0.015289662,0.032352515,0.015241047
2022-05-06,0.0021726252,-0.008871159,0.01856416,-0.0012915137,-0.024953732,-0.02921706,-0.00633826,-0.008177329,0.00020353796,0.010622599,0.011417621,0.012624398,0.004227263,0.016457358,-0.011446379,-0.012355835,-0.0070195096,-0.01600158,0.011417621,0.024156539
2022-05-09,0.0374957,0.007887862,-0.0193687,0.008454759,0.013790132,0.012385462,0.002902033,0.03511687,0.025339091,0.004450126,0.012875381,-0.0013788823,0.007845497,-0.0074389176,0.0073633934,-0.0050607226,0.05619764,0.0024880571,0.012875381,0.03527282
2022-05-10,0.0,0.0050301654,0.0010340756,0.0073078624,0.09768218,-0.013513034,0.024603471,0.0140837645,-0.000834878,-0.14093895,-0.0082422495,-0.01687231,-0.0008618678,0.004232027,0.014172718,-0.0057474845,0.010556042,0.027364792,-0.0082422495,0.0088882735
2022-05-11,0.05817562,0.009944999,0.031926308,0.016129555,0.001401109,0.0,0.019299783,-0.0013970628,0.009634286,0.1019409,0.00066522823,0.009655073,0.01256428,0.006598526,0.014999386,0.0048267157,-0.0025026796,0.00083323393,0.00066522823,-0.027666137
2022-05-12,-0.014470104,0.0031699555,0.007619766,0.0016831236,0.043648206,0.0021445681,0.01353993,-0.0019673388,0.009990963,0.025956947,0.002410592,-0.011959963,0.01699418,-0.06271307,-0.0014365598,-0.012730168,-0.0437164,-0.032072794,0.002410592,0.019435212
2022-05-13,0.009713712,0.008417858,0.0066157207,0.001999015,-0.0106918095,-0.0018714257,0.0107297525,0.030081933,0.015537153,0.07737667,0.006736302,0.0013873271,-0.0013480063,0.022944061,-0.0040368824,0.044624332,0.023057109,0.023658507,0.006736302,0.027719012
2022-05-16,0.005496816,0.018956233,-0.031418808,-0.0032054535,0.0032050698,0.022239476,-0.013547308,0.0038888552,-0.00048611587,0.022624725,0.0008569874,0.0011107282,0.0016891501,6.339148e-05,0.008980035,0.00046586755,-0.13650072,-0.016554752,0.0008569874,0.008807246
2022-05-17,0.02315104,0.009367227,0.0068953186,0.010812618,0.044241395,0.011164792,0.011757728,0.018582204,0.0032483973,0.028127523,-0.017891005,-0.003453696,0.009066646,0.015221089,-0.1409929,-0.015236815,0.012308506,0.0021336386,-0.017891005,0.0062937397
2022-05-18,0.012359108,0.015034973,-0.08329112,-0.0014574499,0.0076463735,0.015047758,0.012955152,0.0018319158,-0.006932442,0.0,-0.025156727,0.014117091,0.01747604,-0.010021603,-0.11886581,0.012849244,-0.0051821573,0.016316975,-0.025156727,0.011800887
2022-05-19,0.018242445,0.008380345,0.007222453,0.008310235,0.00539412,0.0021266565,-0.010937739,0.008865097,-0.004278683,-0.0004614435,-0.018364778,0.026657058,0.0005381917,-0.0026706208,0.014839157,0.022629386,-0.03059135,0.016035909,-0.018364778,0.0031642425
2022-05-20,0.0025308442,0.00043025118,0.012665863,0.00087653263,4.626207e-05,0.026859595,-0.021281151,-5.7897312e-05,0.012131726,-0.115498856,0.013525883,0.00056324893,0.007309913,-0.0026058631,0.0138658,0.009700375,-0.057910245,-0.018591931,0.013525883,0.004305598
2022-05-23,-0.020031722,0.0006312715,0.048271548,0.0007955988,0.0030908647,-0.005492862,-0.010184379,-0.0022395775,0.022189997,-0.0070921276,0.024549237,-0.0037614203,0.009219172,0.0033822984,0.076266125,-0.04890026,0.060819384,0.013566754,0.024549237,0.002839808
2022-05-24,0.0066994564,-0.011067937,0.009286807,-0.01719946,-0.017612018,-0.0006152847,0.002007944,-0.007934816,0.0040005813,0.03517652,0.004281361,-0.004272555,0.0,0.011463737,0.00013459899,0.012868706,0.02449071,0.0014450699,0.004281361,0.013747584
2022-05-25,-0.005366155,0.0123363,0.0056797974,0.02071627,-0.1315688,-0.0055342857,0.015444969,-0.0011147258,-0.009289995,0.03746808,0.012300859,0.011508648,0.004054935,-0.016583415,0.011825336,0.009701678,0.055722363,0.013925846,0.012300859,-0.0051658037
2022-05-26,0.0058929855,0.022634698,0.018228019,0.0012583921,0.0041149626,0.01547165,0.0131242685,-0.039256245,0.0015095425,0.0051598046,0.0,0.003991626,0.0037981675,0.0016839273,0.0031397704,-0.039178576,0.034215912,0.011757858,0.0,0.017293451
2022-05-27,-0.018425113,0.018145246,0.0072914404,0.007098848,-0.01767676,0.016969414,0.012800945,-0.009684547,0.01748885,0.010200809,-0.0047213845,0.0016041038,0.009172347,0.004824702,0.003986672,0.044765063,-0.0023747662,-0.0065911724,-0.0047213845,0.00010154888
2022-05-30,-0.0032064938,0.00077232195,-0.0012465785,-0.029981162,0.01830555,-0.0023631728,-0.005800346,0.0057926667,0.0023755997,0.008473199,-0.021341754,0.0053105396,0.010154272,0.007287047,-0.0055192565,-0.035834838,0.0015522832,0.0104809655,-0.021341754,-0.0018642427
2022-05-31,0.020521745,-0.007737261,0.0020917952,-0.048004176,-0.0038434525,0.0026773403,0.010912502,-0.029744508,0.008272219,-0.010542059,-0.00039835746,0.0027080586,-0.012963812,0.0014817446,0.0038414972,0.005667322,-0.0062199864,-0.0039149476,-0.00039835746,0.0027952925
2022-06-01,0.011074043,0.01717553,-0.0028215568,0.027322493,-0.012174886,-0.0060051247,0.00045733823,0.046895567,0.0047915443,-0.0128154205,0.03538591,-0.007403959,0.013771287,0.0042325095,0.004912787,0.0038958609,-0.1197016,0.0052120914,0.03538591,0.005145793
2022-06-02,-0.012906808,0.016015202,-0.045135476,0.007884325,0.04115285,0.011811411,0.008164251,0.03712064,-0.0052843485,0.04611625,-0.015634054,0.008253357,0.0,0.013971894,-0.0038822277,0.004543908,0.019668918,0.014125982,-0.015634054,0.008024852
2022-06-03,0.0149917165,-0.012260837,0.009298821,0.021479225,0.020240188,-0.00087224983,0.014818028,-0.015844343,-0.13293707,0.0061050807,0.052011542,0.00540637,0.0043249037,-0.011672315,0.022350414,0.023147088,-0.01073756,-0.011731759,0.052011542,0.0017523483
2022-06-06,0.007269175,0.014228927,0.007440207,0.0017240659,0.030210577,-0.002369668,-0.026939683,-0.0059320494,0.02798223,-0.0023830137,0.010126593,0.004192462,0.008907514,0.0022357411,0.0010658025,0.021332355,-0.005058934,0.008730625,0.010126593,0.019152995
2022-06-07,0.00733849,-0.012231609,-4.907942e-05,0.0045508496,0.03438007,-0.007208374,0.022653723,0.006682764,0.000565513,-0.004074811,-0.0002881588,0.012096724,-0.0007682565,0.0015177722,0.012575912,0.0043077623,0.0,0.0011241001,-0.0002881588,0.0072599133
2022-06-08,0.012900423,0.009099453,0.0015288637,0.0010849638,0.0155477645,0.03256076,0.0057363985,-0.047180086,0.022272408,-0.0030460458,-0.029991858,-0.0006688878,0.0,0.01734851,-0.020186147,0.006120116,-0.0015271448,0.0046135033,-0.029991858,-0.0005157623
2022-06-09,-0.0037873092,-0.004821743,0.012582073,0.009077928,0.012783641,0.0042210473,0.0039146952,0.005270662,0.014486697,0.030601332,0.011948561,-0.019516112,-0.021816654,0.006557761,7.9692254e-05,-0.0013582915,0.0152475815,-0.00021385109,0.011948561,0.0012374615
2022-06-10,0.0061115674,0.0106243435,-0.010011873,0.0030077158,0.004088049,0.014017562,0.0061266082,0.023548104,0.0023972348,0.0065628407,0.018264236,0.0063180346,0.0,0.010403654,0.0019533823,0.0010905355,0.001951197,0.01733971,0.018264236,0.010562757
2022-06-13,0.020683462,0.0033266135,-0.0058645415,-0.0065397173,-0.040983282,0.022732118,-0.0070258146,0.01047083,-0.010129732,0.011769747,-0.0008253642,0.003487941,-0.009689994,0.0033345507,0.009782454,0.015467518,0.008283215,-0.006113753,-0.0008253642,0.014085894
2022-06-14,0.006262913,0.05721491,-0.0020124412,0.01837021,-0.008637751,-0.022226151,0.00803789,0.0132334875,0.0067085405,0.014752375,-0.01902057,0.018556941,-0.00022404264,-0.006732034,-0.00060421374,0.009431604,0.001548318,-0.03167531,-0.01902057,-0.06609488
2022-06-15,-0.003019743,0.019715788,0.07150037,0.020519253,-0.0006675147,-0.0057811807,-0.0028212087,0.012807167,0.01175405,0.02356209,-0.025164865,0.015563897,0.022534875,-0.0026527562,0.0,0.023052733,0.0147737805,0.0033302065,-0.025164865,-0.0009376791
2022-06-16,0.008706993,0.00272667,0.011384304,0.008619359,0.021900821,0.007222491,0.0022850803,0.002419924,0.0015125276,0.0067832945,0.006836252,-0.010196527,0.015213392,-0.022393517,-0.010922604,-0.017225593,0.05337292,-0.007899493,0.006836252,0.0
2022-06-17,0.0013201534,5.479534e-07,-0.010266942,3.9633076e-05,-0.08317566,0.017557705,-0.017776353,0.013856843,-0.0018445334,0.014282992,0.04463846,0.002435529,-2.7250197e-05,0.004694326,0.029489232,0.000900031,0.02516519,0.015482331,0.04463846,0.011223747
2022-06-20,0.009505818,0.00562166,0.0119885,-0.00018605795,0.032382008,0.018568967,0.005386153,0.0027336664,-0.0008521041,-0.0115650045,0.05497009,-0.0048063253,0.009369088,-0.04176511,0.0165206,0.010091757,0.018384447,0.015985763,0.05497009,-0.03767693
2022-06-21,-0.12940343,0.013802459,-0.058255758,-0.0048684566,0.027975053,0.013184606,0.009981492,-0.023135055,0.011423175,-0.020415898,0.0203167,0.0014283161,0.0028435858,0.0018226873,0.023262411,0.0016004618,0.020924933,-0.018244984,0.0203167,0.011458311
2022-06-22,0.01054632,0.030167377,0.01734816,0.0020691445,0.027446283,0.0024107595,0.008191242,0.020018665,0.010029366,0.006832843,0.029328484,0.0019921476,0.013484823,0.002012929,-0.0014395604,-0.0012081008,0.016961062,0.0073807742,0.029328484,0.014348308
2022-06-23,0.026867086,0.0029777088,-0.0061912932,0.00897284,0.023098644,0.00700751,0.0032643322,-0.012695333,0.004675337,0.00024985409,0.018218314,-0.0006061311,0.015872212,0.0039946567,0.0070377677,0.0027366325,0.0044418075,0.021484217,0.018218314,-0.0040355874
2022-06-24,0.015705124,0.0084337955,-0.0027560266,0.012102057,0.0015699461,0.015448999,-0.006046071,0.0067322697,0.011449485,-0.05032938,0.0138262855,0.008227287,0.0,-0.0024633957,-0.03419871,0.011045636,0.0016505927,-0.0006349591,0.0138262855,0.00028592075
2022-06-27,0.010906127,0.009919738,0.0041056364,0.014308692,0.009368313,0.012262874,0.008032166,0.009157316,0.007303646,0.054228637,0.0073261796,0.0007928713,0.010719219,0.009639872,-0.009509329,-0.00031161233,0.0063160746,0.013757676,0.0073261796,-0.0018525993
2022-06-28,-0.003234034,-0.0026044277,-0.0034990092,-0.004764967,-0.00393017,-0.00086205394,0.0044092364,0.0026875103,-0.0023475818,0.019110074,-0.0011085601,0.0053994902,-0.0046156435,0.0035736389,-0.0066131237,-0.0015592512,0.014610989,0.015096909,-0.0011085601,0.037710916
2022-06-29,0.014180415,0.00038270466,0.034238815,-0.002095022,-0.00259062,0.0059671258,0.001111492,0.011800859,0.0073473477,-0.0005161565,0.032091606,0.0029634356,0.001289701,0.010644923,0.013357693,0.0033916696,-0.0021621718,0.0007853937,0.032091606,-0.03053369
2022-06-30,0.013862752,0.01514596,-0.0049168677,-0.006546937,0.009109713,0.006396167,0.0075364066,0.002181867,-0.031738974,-0.007930945,0.0067117363,0.0038176444,-0.003996196,0.016814053,-0.00049322785,0.0,0.010291185,0.018138634,0.0067117363,-0.0018709602
2022-07-01,0.00027892628,0.021190867,0.0391492,0.005120355,0.0073950076,0.00016033307,-0.0034300275,0.0018007542,0.0,-0.009093407,0.0037273525,-0.014725882,0.0031660292,0.0,-0.13751343,-0.016979657,0.0062912432,-0.009144072,0.0037273525,0.0056589697
2022-07-04,0.01431945,0.01710209,0.012375888,0.005353446,-0.02180919,0.0062896744,-0.022737222,-0.010599442,0.008127395,-0.031760722,0.014655532,0.027798837,0.0064400355,0.007030354,0.10267396,0.0033579064,0.0,0.0028398081,0.014655532,0.002072952
2022-07-05,-0.005288152,0.0020798265,0.024074635,0.005547108,-0.0019006385,-0.0065072165,0.00048784036,0.002331547,-0.009575316,-0.008525843,-0.01215801,-0.02754859,-0.0035352898,0.004264132,0.0019305695,0.017254436,0.007849283,-0.0071999547,-0.01215801,0.0051825275
2022-07-06,0.0,0.011723149,-0.0062001417,0.002849886,0.026153496,0.026389662,0.004550673,0.010662297,0.012130372,0.031593606,0.0047154324,-0.0119466735,-0.003866023,0.001808409,0.015235652,0.008504634,0.025759228,0.0076777125,0.0047154324,0.004390248
2022-07-07,-0.0028842757,0.002127288,0.022455411,0.007578602,0.012365069,-0.0021934665,-0.0026161554,-0.04936878,-0.011828508,0.0046328064,-0.014321378,0.011045675,0.0030739296,-0.0018639213,0.023395507,0.018059906,-0.00080269476,0.011231453,-0.014321378,0.0012325151
2022-07-08,0.021374656,-0.010542486,0.008860807,-0.000718563,-0.010282473,0.0027314571,-0.016076112,-0.0030606964,0.007266827,0.013823772,0.06833046,-0.013156931,0.0041659903,0.006758784,0.016012413,0.0028646123,0.0012215214,-0.0003267801,0.06833046,0.015247713
2022-07-11,0.01417289,-0.009187406,7.883363e-05,0.013782693,0.005452146,-0.00063499593,0.02225808,-0.032893788,-0.025389666,0.0010310069,0.0142749995,0.017602965,0.00040791606,0.0047035217,0.007967154,-0.011354459,0.027588375,0.008254475,0.0142749995,0.0034619288
2022-07-12,0.0,0.00096497894,0.011805951,0.008395119,0.02741382,0.011652142,0.012917928,0.07754137,0.003272793,0.027495973,0.0,0.0017083868,-0.01654316,0.006421034,0.0022958843,-0.00456828,0.002551051,0.013990992,0.0,0.00063563255
2022-07-13,-0.0038510128,-0.012526148,-0.0025830546,0.0,-0.030959392,0.011298471,-0.14163432,-0.0005157992,0.017493114,0.0043762177,-0.00191456,0.017547484,0.026230894,-0.0027549996,0.007616878,-0.0124655515,-0.0024365184,0.0,-0.00191456,-0.0016993331
2022-07-14,-0.001619941,0.029338464,0.0041127508,0.0011702317,0.0055975714,-0.029345917,0.0,0.0,0.036786962,-0.003947798,0.031913955,0.004006,0.00060107216,0.007091808,0.00034374252,0.020616233,0.002284633,0.003655573,0.031913955,-0.014777898
2022-07-15,0.014268692,-0.011505798,0.0076303785,0.0057614692,0.02410661,-0.010492056,-0.0045541567,-0.030464338,0.0033398212,0.0117342,-0.03596855,-0.010402729,-0.015281523,0.006455026,0.03550034,0.0035739841,-0.002179708,0.0029854246,-0.03596855,0.021102283
2022-07-18,0.0037733186,0.0065418603,0.0075239567,-0.0033615655,0.0027545914,0.005042586,0.056271125,0.022009764,0.0023568196,0.02073849,-0.009161288,0.01965116,0.000541859,-0.016725121,0.0013181246,-0.000767269,0.00917788,0.008112995,-0.009161288,0.02683597
2022-07-19,-0.0029355066,0.010420028,-0.002507209,-0.0007099226,0.004445867,0.017833015,0.010212965,0.011807915,0.020650048,-0.0008383705,0.0019694732,0.0076842047,0.008259603,0.022419523,-0.007666066,0.023091266,0.005072272,0.0,0.0019694732,0.0110172145
2022-07-20,-0.0034403948,0.0020143006,-0.014508927,0.004435152,0.006574496,0.006421447,0.03167898,0.018532787,0.0043923226,0.010463589,0.033241708,0.0015235584,0.0046344553,-0.025720257,-0.028958287,0.003651796,0.0033099172,0.0042702253,0.033241708,0.014176288
2022-07-21,0.03439113,0.015804738,0.0037396841,0.006578889,0.0027763422,-0.0062298784,0.00032998642,0.03082865,-0.0028205481,0.0,0.013823363,0.009601809,0.007342283,-0.0037918615,0.0056934576,0.008716125,-0.011977814,-0.0102249775,0.013823363,0.010849835
2022-07-22,-0.030382453,0.01439606,0.013727649,0.0028560704,-0.006010315,0.011770935,0.009896213,0.014827277,-0.002957382,-0.03792211,0.0,-0.0008118009,-0.016997611,0.01085127,0.014437043,0.0048168213,-0.013874316,0.011452489,0.0,0.0035954735
2022-07-25,0.005349196,-0.01069692,0.0065670502,0.0054666754,0.009389522,0.0048004584,0.004093007,-0.0068398435,-0.0011109432,-0.03763697,-0.0391911,0.0047690123,-0.0002376309,-0.00037302985,0.03270981,-0.0014473444,-0.015874138,0.005163823,-0.0391911,0.002034918
2022-07-26,0.023060488,0.0045869527,0.010397495,0.01045342,-0.0062690433,-0.010513152,-0.001143072,-0.001956491,-0.019955156,-6.229717e-05,0.03275035,0.015320279,0.0011645114,0.025074271,-0.024317281,0.022934543,0.008724247,0.0053423494,0.03275035,-0.01894527
2022-07-27,-0.028351221,0.0016185214,0.0027327861,0.0031855712,0.013822755,0.02036079,0.012961634,0.000310876,-0.0043225423,0.014078252,0.026093116,0.0039410773,0.01883806,0.00038379122,0.020326732,-0.0042056288,-0.084596604,0.00062157586,0.026093116,0.014786662
2022-07-28,0.0042275973,0.019326238,0.031265583,0.015929135,0.01037394,0.0155029725,0.027355175,-0.012095694,0.010481083,0.09345357,-0.03177043,0.020494182,0.002362453,0.0019240582,-0.012653828,0.0033564183,0.002517189,-3.1453967e-06,-0.03177043,-0.019344397
2022-07-29,-0.0029818513,-0.022176508,0.010803843,0.009826078,-0.002996005,0.006359804,0.0035570762,0.0013629289,0.029730817,0.03713543,-0.01479191,0.00567052,0.0041944734,0.0020763988,0.0021849899,-0.010877093,0.0048107975,0.0064966474,-0.01479191,0.0317244
2022-08-01,0.050546046,-0.012908306,0.004891788,0.008092606,0.009086056,0.004253754,-0.0039857696,0.026197646,-0.029458268,-0.0030650923,-0.011690438,-0.00077652844,-0.006365226,-0.004802401,0.03938081,0.018670527,0.008079908,0.0075065354,-0.011690438,-0.0102249645
2022-08-02,0.0028652493,-0.008154951,0.0,-0.005429047,0.0004903833,0.044845097,-0.004207063,-0.011046296,-0.010880247,0.007851665,0.0062406664,0.0273857,0.00965332,-0.010455698,0.002769164,-0.0029586689,0.023245504,0.0029413765,0.0062406664,0.002763994
2022-08-03,0.0051586046,0.021829896,0.0032598795,0.0033411705,0.0041024406,0.0025913832,0.0009464369,0.0052449643,-0.028575504,0.0007274615,0.014910691,0.004736404,0.007199619,0.016866269,0.013535698,0.0073946137,0.00040623863,-0.0025389534,0.014910691,-0.02285306
2022-08-04,0.0,0.011302775,0.008519953,0.0010003909,0.027392576,0.024638446,0.012676005,-0.005354678,0.0044598463,0.003196201,-0.003908856,0.010505783,0.0041957875,-0.0055205524,-0.005970541,0.017634733,0.008889181,0.008877108,-0.003908856,0.035619136
2022-08-05,0.0,0.018652223,-0.012597555,0.012358764,0.014253533,0.0031592462,-0.004213222,0.0011393097,0.01159734,-0.010746919,0.054137703,-0.0049676974,0.0063546225,0.044560283,0.011749486,-0.002181605,0.016790392,-0.0055767195,0.054137703,0.0005428188
2022-08-08,0.008847038,-0.0014393434,0.0,0.0010025229,-0.001068134,0.0026676017,0.01074529,0.0053520044,0.03638648,0.066537835,0.03547722,0.015497182,-0.0021046882,0.00034366868,-0.0028347783,0.008126833,0.007333029,0.008341893,0.03547722,0.040007837
2022-08-09,0.000415317,0.035174124,0.0,0.006384961,-0.0078358995,0.015476921,-0.001679947,-0.0027442616,0.0,-0.0075761313,-0.01749831,-0.002480941,0.0137109775,0.016956335,0.017435182,0.0004267462,0.0034045605,0.0043895906,-0.01749831,-0.0007816204
2022-08-10,-0.00058910216,-0.014113412,0.03009365,-0.004214036,-0.040821873,-0.010687444,-0.004168671,0.002708783,0.026275553,-0.00039226023,0.0042428393,0.009324271,0.0,0.0073358654,0.012983895,0.012881792,0.024713797,-0.0025451533,0.0042428393,0.025167163
2022-08-11,0.026883457,0.0010194002,0.008299784,-0.01886206,0.020489618,0.003531248,0.0064548515,0.006702977,0.024608301,-0.0007984272,0.00953282,0.003809107,0.010621823,0.0068747206,0.007185865,-0.011520726,-0.0022622547,0.006377083,0.00953282,0.0088799065
2022-08-12,-0.00034825943,-0.0005424201,-0.012817985,-0.002249784,-0.011836691,-0.012470254,0.0,0.01126307,-0.008970399,-0.010197561,0.0068365936,0.0002326066,0.0035612124,0.012098908,0.0018832223,0.007526239,0.0225116,0.007823472,0.0068365936,0.008003119
2022-08-15,2.2908925e-07,0.004219465,-0.032704696,0.016520293,0.0022176849,-0.04465418,0.0054743784,-0.0023913898,0.009073805,0.04610421,0.010789122,0.005353152,-0.010699109,-0.04409735,-0.00074686314,-0.0010175154,-0.024143595,0.0005574991,0.010789122,0.008500767
2022-08-16,-0.0007808093,-0.0028023832,-0.031154796,0.010639757,0.025437059,-0.0051327413,0.0019286773,0.002399218,-0.00021660585,-0.0055647637,-0.0071990765,0.0063595264,0.005595195,-0.0021313967,0.005029702,-0.033014327,-0.013819688,0.0125728985,-0.0071990765,0.0027759722
2022-08-17,-0.019241445,0.0067693186,0.029737778,0.0033441733,-0.0054465863,0.035124876,0.018632784,-0.07936074,-0.00071361643,0.0033540644,0.010481152,0.037300684,-0.0025762399,0.019096646,0.026051946,0.012574284,0.036315102,-0.014387406,0.010481152,0.011906717
2022-08-18,0.008937091,-0.0116787115,0.0056714555,-0.00888867,0.0,-0.016319742,0.0,0.0070376885,0.0062896353,0.028801274,9.052936e-05,-0.030113077,0.012376631,0.0021344693,-0.013255945,0.017806513,0.008995424,0.0006723236,9.052936e-05,0.00034403603
2022-08-19,0.031710062,0.0,0.014991706,0.0052455845,0.007642044,0.011668921,0.012293137,0.023899684,0.0029868402,0.015521434,-0.013533594,0.009158128,0.0100611,-0.018594427,0.0018934985,0.0020177502,-0.021893753,0.0097921435,-0.013533594,-0.011012686
2022-08-22,0.0046919785,0.020505713,0.02031095,-0.0038499765,0.018547043,0.0040891184,0.0037871508,0.002769907,0.0,0.01163638,0.021650063,0.013652567,0.002928404,0.005451853,-0.0071880645,0.0042904457,0.0105066635,0.014148987,0.021650063,0.0040933555
2022-08-23,0.0025381017,0.0343406,0.0,-0.0008579932,0.0038130379,0.04284061,0.002399628,-0.015790604,-0.003231819,-0.005418237,-0.008498056,0.0074206395,0.0032493235,0.021248903,-0.022671392,0.011121254,0.0106919175,0.011585198,-0.008498056,0.006783865
2022-08-24,0.013631138,0.007765435,-0.005426926,0.0111399945,0.00015747777,0.014647108,0.005354275,0.022261797,-0.0039058048,-0.017285794,0.008166539,0.0,0.0007544023,0.005601105,0.020960163,-0.0060382374,0.01963753,0.014846517,0.008166539,0.00077332824
2022-08-25,0.006291652,0.015017869,0.025667546,0.007233899,0.0041960296,0.022443255,-0.008935778,0.0046969205,0.022320943,-0.0034039395,0.002658312,-0.011399937,0.0,0.015081914,-0.0081234835,0.002822764,-0.021173555,0.003792952,0.002658312,0.007524366
2022-08-26,0.014894459,0.008652395,0.014370538,0.0025065162,-0.017860891,-0.008416924,-8.760808e-06,0.005507291,0.014786748,0.035214793,0.0067387787,-0.0101861805,0.0069459914,0.018352097,0.004272141,-0.0031248557,0.017569,-0.009013995,0.0067387787,0.0076485374
2022-08-29,0.0007953449,-0.0010231752,0.003700906,-0.00060553395,0.0076214643,-0.014174183,0.01990144,0.009111846,0.003611659,0.0037603506,0.009200657,0.010679437,-0.0021219586,-0.013549446,0.030508501,-0.001396447,0.014312483,0.014199682,0.009200657,0.005544352
2022-08-30,6.0817274e-06,0.007376435,0.008706037,0.0069764764,0.0035574322,0.005398033,0.0015392619,0.003422063,0.0027011095,-0.012866934,0.017576532,-0.011702952,0.003429009,0.022286799,0.00052079844,0.0073956773,0.0040084594,0.005674854,0.017576532,-0.0020948655
2022-08-31,-0.0110755935,0.014006923,0.0028537107,0.013618747,0.0010612528,0.0,0.020343816,0.008443315,0.0006566195,-0.02872582,0.002424153,-0.018778065,-0.00594605,-0.019239767,0.008271079,0.0014098719,0.017285485,-0.0011704048,0.002424153,-0.010735341
