date,Sequence_1,Sequence_2,Sequence_3,Sequence_4,Sequence_5,Sequence_6,Sequence_7,Sequence_8,Sequence_9,Sequence_10,Sequence_11,Sequence_12,Sequence_13,Sequence_14,Sequence_15,Sequence_16,Sequence_17,Sequence_18,Sequence_19,Sequence_20
2013-01-02,0.011771802,0.034256153,0.04477176,0.018236313,0.045654397,0.009471076,0.032179732,0.018627292,-0.00924762,0.0,0.073182106,0.009869424,0.0,0.02840213,0.014411699,0.022740068,0.017550202,0.022669923,0.023456547,0.011022524
2013-01-03,-0.009431554,0.0028061366,0.0028411576,-0.0015434804,0.009818959,0.016511757,0.033092868,0.017631685,0.0026191112,0.020336814,-0.0032652698,-0.035863403,0.015864823,0.0052419845,0.0053390036,0.004842017,-0.012382642,0.007830455,-0.0013056786,0.03365592
2013-01-04,0.030104466,0.007942315,-0.0032505007,-0.008121857,0.016636692,-0.02812035,0.010255803,-0.0023182756,0.07857862,0.011543328,0.010158654,0.08659104,0.015921677,0.0149467485,-0.0015725265,0.003709604,-0.017969199,0.01647655,-0.0036297906,0.03226956
2013-01-07,-0.002948466,0.0016822725,-0.0077149794,-0.0010058447,0.0087857945,0.047990873,-0.002042476,0.025544273,0.0043878737,0.034732323,0.008245079,-0.039337274,0.008654813,0.015886746,0.010873808,0.0037560822,-0.030464567,-0.0055331998,0.015954133,-0.0938837
2013-01-08,-0.089522064,0.0054077045,-0.014210193,9.9879944e-05,0.0032622153,-0.06277687,-0.07489836,0.010944048,-0.009276354,-0.0077829054,0.018424556,-0.007918985,-0.013551637,0.0,0.0075624017,0.012923082,0.029035298,0.0059316345,0.010356502,-0.018281592
2013-01-09,0.07719134,0.0185824,-0.02253021,-0.015124713,-0.002169538,0.013862835,0.010538675,-0.014993409,-0.0015904559,0.043721035,-0.063694395,-0.023507018,0.013356863,0.027056353,0.0020210969,0.0051591666,0.002608621,0.012913183,0.0069054924,0.010660176
2013-01-10,0.07600722,0.008442963,0.017359324,0.020406509,-3.4027976e-06,0.0035729124,0.016046148,0.0017819729,3.1806714e-05,-0.017861508,0.012436687,0.0015143984,0.014375994,0.009567823,-0.014782255,0.02149508,0.014973446,-0.013089443,-0.0033797948,0.00060096954
2013-01-11,0.013695365,-0.00544979,0.018136136,0.0164018,-0.00012147266,-0.0075061913,-0.012688144,0.010181636,-0.004577929,0.040009502,0.022207303,0.00650574,0.0017099497,-0.003369881,0.014620576,0.00013665654,0.03897811,-0.0076731197,-0.002405484,0.038047478
2013-01-14,0.015752897,-0.010106822,0.013302705,0.02093532,0.0007574224,0.022743445,0.021367777,-0.022629792,-0.0035769704,0.029257068,0.010007832,-0.004931736,0.0,-0.0007355549,-0.033370014,0.013945965,0.00043372155,0.005167991,-0.0059527787,0.023791017
2013-01-15,-0.04321692,-0.0042234124,0.013854355,0.010578472,-0.006904908,0.0052544335,-0.008733011,0.01334164,0.024480168,0.029056193,0.0030381866,0.009434172,0.008464905,0.0036558998,0.008423098,0.00014209402,0.004632825,0.0061133956,-0.008879274,0.020072818
2013-01-16,0.071788445,-0.015290358,0.0153541025,-0.012985936,0.005007183,0.03877721,-0.01394014,-0.0074431533,-0.0005022247,0.0035372998,0.0042321584,0.043647174,-0.052499235,-0.019865988,0.01381602,-0.0080188345,0.0047876355,-0.0014215163,-0.028179012,0.009910555
2013-01-17,0.061133284,0.00461328,-0.0055805948,0.01888466,-0.0044191624,0.0,0.0006078095,-0.001251062,0.021639287,0.007977078,-0.006315089,0.009311471,-0.0086291805,-0.005734534,0.022701694,-0.0021681197,0.004914576,0.0060146004,-0.010755193,0.0034808256
2013-01-18,0.014290344,0.008110572,-0.0134711685,0.03132248,0.039614677,0.0017137729,0.0026565385,-0.0015958635,0.02209226,-0.007871981,0.0176792,-0.06286261,-0.002496054,0.060385928,-0.0116420295,0.0078089656,-0.015344657,0.016283084,0.0,-0.040551763
2013-01-21,0.0033632051,0.0022355244,-0.019816848,-0.0016334851,0.0012955227,0.00041146125,-0.0018520287,0.023890331,-0.001970397,-0.015320729,-0.0027985068,-0.013568301,0.004261832,0.02332752,0.027348714,0.0053298706,-0.0200942,0.0,-0.0006187272,0.016617835
2013-01-22,0.015554317,0.032146532,-0.015121128,-0.0003148868,0.023432957,-0.002517226,0.012500022,0.01577573,0.020853333,0.0027835143,-0.062015936,0.085797526,0.008584479,-0.018471038,-0.0028650693,0.013865437,-0.019948019,0.00071790075,0.02448361,-0.01536899
2013-01-23,-0.025376894,-0.0015971018,0.023778493,-0.0016580137,0.017782021,0.043978546,-0.043781307,-0.06430846,-0.011313837,0.015480317,0.010365867,0.010793741,-0.0023494856,0.0014458026,-0.026936231,-0.0024957517,-0.008665053,0.015753739,0.006991426,0.0130512705
2013-01-24,-0.006978204,0.010712206,-0.010001794,0.005787245,-0.020456554,0.012740519,0.023714771,0.0032287417,0.00069600285,0.005356817,0.0031820778,0.006630751,-0.011934624,0.010106207,0.036462627,-0.010197847,0.043323763,0.017001033,0.011403535,-0.001617031
2013-01-25,0.07535699,0.010493303,0.003354239,-0.02249956,-0.016461689,-0.010486843,0.01568201,0.011425474,0.00064194587,0.048247784,-0.0130630825,0.009798828,0.003531811,-0.015251583,-0.005368456,0.0028575493,0.017625196,-0.011318393,0.00040895253,-0.016656501
2013-01-28,-0.14296056,0.01907056,0.02979158,-0.015351462,0.044744156,0.017009443,0.080932416,0.0,-0.019984074,-0.042100355,-0.0068070767,0.008260317,-0.0391228,0.013350914,-0.005830128,0.0037186556,0.005346212,-0.0195384,0.0028210082,0.00217709
2013-01-29,0.04016909,0.013682492,0.028775042,-0.00061474135,-0.008074304,-0.007821024,0.028904898,0.013360449,0.020715784,0.012264797,-0.005715385,0.026999934,0.0182834,0.001226899,0.0066615473,0.008964344,0.00042556602,-0.010080123,-0.015018305,0.014025599
2013-01-30,0.014329268,-0.0046477625,0.009603236,0.023958499,0.006824446,0.026922053,0.004488741,-0.0044436166,0.01996456,0.019678265,0.062303524,0.008920404,0.004297955,0.01498654,-0.00072872,-0.00092101796,0.0157293,-0.001608082,0.021395411,0.014173784
2013-01-31,-0.032523513,0.0009886748,0.0074709435,0.028109495,-0.0059789564,-0.0055791996,0.006232827,0.006048647,-0.0044303597,0.02599104,0.020503145,-0.013089825,-0.006776253,0.019387892,0.01577169,0.0130585255,-0.0013259086,-0.007922472,-0.008821478,-0.0018620911
2013-02-01,-0.002413275,0.012499822,0.0,-0.001737521,0.011519274,0.005998434,-0.001550747,-0.014567337,0.004216449,0.0058771167,-0.01864035,-0.0026542204,0.024150467,-0.012135298,0.024868576,0.012289502,0.017878452,-0.037245218,-0.0025064072,0.025516735
2013-02-04,-0.021136394,0.0061997385,-0.00481922,0.029770602,0.0038969098,0.01474049,-0.0057480973,0.00064421503,-0.010785707,-0.0014471582,0.030944107,0.018143788,0.018941307,0.018690778,0.0028178017,-0.006627425,0.015737498,-0.016493151,0.010481137,0.020308567
2013-02-05,0.007818531,-0.0020621931,0.025347319,0.0017043307,-0.01935191,-0.019957008,0.03252317,0.026216209,-0.13720793,0.006736171,-0.015002436,-0.15162162,-0.009662426,0.009315315,0.02408398,0.010218129,0.004850203,0.025077194,-0.0030118877,0.015549051
2013-02-06,-0.02482433,0.021178229,0.0,0.011381765,0.03012908,0.02394534,0.010341191,-0.004579248,0.008929645,-0.004103447,0.009140473,0.011228914,0.0015351718,0.005121456,-0.0068120086,0.002228631,0.012126539,-0.009615989,0.0168228,-0.014424051
2013-02-07,-0.05956969,0.014261879,0.01497531,0.013559372,-0.007531095,0.0010231029,-0.005619414,0.0029353094,0.027497375,0.009109078,0.025102286,0.0109919915,0.015964637,0.008546742,0.010684969,0.012348636,-0.0025585538,0.04318374,0.007454186,0.0
2013-02-08,0.037010383,-0.00814191,0.008812594,0.0025111064,0.009680642,-0.024179593,0.031542998,0.016703049,-0.017560776,0.022915246,0.0042823046,0.00036673376,-0.031163752,0.0051262593,0.0038010883,0.016455114,0.03135927,-0.015428504,-0.002658933,0.019339282
2013-02-11,0.044957664,0.00055379973,-0.010702646,0.009471119,0.020104341,-0.021524131,-0.0060821534,-0.01028444,-0.13295543,0.00920782,0.00328481,0.014381777,-0.015638815,0.0029307993,-0.0013568783,-0.00960725,0.016208662,0.032250833,-0.002320054,0.011249567
2013-02-12,-0.018661402,-0.015302031,0.0025985704,-0.002935443,-0.008167295,0.053674564,-0.0010721295,-0.008087735,0.022303388,-0.032120034,0.015011152,0.007059562,0.0,0.011692176,-0.01582013,0.0,0.00052808033,-0.014622509,0.0034711198,0.0053801383
2013-02-13,0.06962222,0.0008065027,0.0023723552,6.2874875e-05,0.004099652,-0.03524515,-0.0001561229,-0.009883943,0.009221838,-0.0010745267,-0.017427087,0.011163128,-0.020897746,0.002413018,-0.0032627827,-0.0048092627,0.0113758305,-0.02746994,-0.0018981022,-0.0048525673
2013-02-14,0.030265613,-0.0015906752,0.017833922,-0.040352233,0.014145759,0.019809783,-0.022362096,0.0,0.03822789,0.0075940927,0.0019110333,0.01281666,0.008015547,-0.009079053,0.013642796,-0.006107053,-0.0024211158,-0.0056747026,0.0031739692,0.012558961
2013-02-15,0.0051760734,0.029526902,0.012321648,0.0012942065,0.008067977,0.006874184,0.00543001,-0.019087855,0.06497569,-0.009524334,-0.042159677,-0.0021984673,0.00508593,-0.0040960535,-0.042254813,0.030051047,0.025306396,0.027839994,-0.0055697,0.02570244
2013-02-18,0.022362472,0.010787493,-0.02812499,0.0007829462,0.0146295,-0.002263537,0.0041100825,0.027917195,-0.001093052,0.067648955,-0.0027646397,-0.0027763583,0.006948346,0.018841568,0.0077298894,0.006983228,-0.004043303,0.021390768,0.011396455,-0.008042057
2013-02-19,0.013325607,-0.011760536,0.005944315,0.0247757,-0.0072022337,-0.0033701083,-0.0011502341,-0.0030516444,-0.028487071,0.015046442,-0.0016901295,-0.026544817,0.004559295,0.010970281,0.0348619,-0.0045672543,0.02047687,0.003316254,-0.013732735,0.006506007
2013-02-20,0.0036913485,0.0064673275,0.014049869,0.004780692,0.015125646,-0.00878529,-0.015547591,0.0056633577,-0.0027174053,0.019324088,0.021775918,-0.009212993,-0.0049996544,-0.0044388487,0.012519354,0.014491364,0.0020743015,0.011783039,-0.0013991941,0.010963233
2013-02-21,-0.0023539008,0.025098477,-0.0010926324,0.014852416,-0.030985802,-0.008248833,-0.021856317,0.016348753,0.0,-0.01704371,0.030688692,0.005154414,0.0095844725,0.0040746704,-0.019092098,-0.010947249,0.029072413,-0.009446949,-0.0042057834,-0.07199939
2013-02-22,0.026603827,0.009292166,0.03279905,0.0044967104,0.01550531,0.02274418,0.019826803,-0.01284163,-0.010043733,0.03357941,-0.016277349,-0.0003883005,0.0073002847,0.010087843,-0.0386758,-0.009497623,0.00798749,-0.0037999947,0.0027766207,0.013010529
2013-02-25,0.013573236,0.037282065,-0.00039414654,-0.0041211634,0.06587401,0.017628329,0.0237833,0.022623703,0.06445778,0.037046205,0.034226436,0.01270068,0.01442307,-0.000116922434,0.05001642,0.008899894,-0.020121876,-0.0036981306,0.015250105,0.013733077
2013-02-26,0.019620636,-0.005161673,0.0075799897,-0.001945517,-0.01688294,-0.0011368162,0.0091116,-0.021064697,-0.018553918,-0.017867215,0.000101149235,-0.00037940434,0.0,0.003755581,0.004805235,0.011817691,0.016936172,0.014511666,-0.015179973,0.003388713
2013-02-27,0.006814961,0.025644958,0.026233776,-0.008017069,-0.002932656,0.010294094,0.041987326,-0.006110088,0.021175703,-0.00925255,0.022332104,0.00034506185,0.01048164,0.0054323906,-0.00180702,-0.0018503722,-0.048303105,-0.0035651592,0.01748445,0.011398733
2013-02-28,-0.007191117,0.0028366195,-0.0033225021,0.021957211,-0.05753757,-0.011395065,-0.054956105,0.007205215,0.012093858,0.014979453,0.015227893,-0.0037436753,0.012401599,0.009244588,0.0033376787,-0.010095232,-0.005279264,0.0031076148,0.0009068204,0.022083515
2013-03-01,-0.016667865,-0.0017021765,0.0031907067,0.00027387415,0.020736864,0.014049156,-0.00451475,0.01659474,0.007142538,-0.02018599,-0.002503927,-0.024145206,-0.013588243,-0.015969962,0.018161822,0.0071618143,0.026623167,0.005943069,-0.0063338927,-0.016032973
2013-03-04,0.009964933,-0.0036704608,0.015478003,0.022709902,0.007860261,-0.010468583,0.011092306,0.021800937,-0.014269014,0.0069001485,-0.005058428,0.08407347,-0.0047750263,0.023514336,-0.0005180571,0.015913907,0.02046639,0.022057857,0.01417433,0.015815726
2013-03-05,-0.0038637004,0.011736097,0.0020601973,-0.0062888046,0.01288124,0.006582196,-0.048669152,0.009115512,-0.0153818475,-0.002966506,-0.019998193,0.02130463,-0.0039045769,0.009533477,0.015094607,-0.004890356,-0.004937331,0.02602331,0.016665742,0.008778831
2013-03-06,0.023736302,0.0060947635,0.024561835,-0.004013073,0.014603092,0.0018090727,0.00050389406,0.006994147,0.015913015,0.017886588,0.01244831,0.0,0.0106664635,0.016191313,0.0041331947,0.0051421025,0.000111704,0.0118886,0.009153512,-0.007924163
2013-03-07,0.003362099,0.0,-0.00053137157,0.0065323967,0.016569514,-0.0061143697,0.04470415,0.0026980222,0.011137309,-0.01793487,0.012270223,0.05656622,-0.0134302005,-0.0014753295,-0.011583785,0.0029732636,0.02708893,-0.0129902195,0.0042546787,0.009734709
2013-03-08,0.029377272,0.00095294754,0.008355213,-0.03351487,-0.0073124785,-0.05242947,-0.0056754937,0.017381584,0.015560188,-0.04267219,0.016594099,-0.02362411,0.0077765286,-0.0035422689,0.009105283,-0.0058287606,-0.0137099605,-0.004430592,-0.005282665,0.02124016
2013-03-11,0.0063096257,0.017975394,-0.0069065406,0.0045868293,0.018980471,-0.0041590137,0.018032465,0.018608436,0.009933939,0.00021654661,0.0019847946,-0.0009834424,0.0127673,-0.029196275,-0.0006287862,0.0075086993,-0.016478721,0.007415979,0.009956809,-0.0056917365
2013-03-12,-0.0153703075,0.00034139236,-0.07066582,0.011662912,-0.0010785682,0.018532692,-0.00793464,-0.0022886351,0.009665241,0.023867372,0.0187886,0.0086471345,-0.0036228655,-0.0016829874,-0.06741945,-0.00079029787,-0.00828212,0.020296454,-0.004409737,0.03747291
2013-03-13,0.064439066,0.010358647,0.06289428,-0.02254606,0.06621993,-0.0048313267,0.019144787,0.0055644508,0.022632597,0.0028140247,-0.010162453,-0.01830401,-0.022761976,0.0001239383,-0.014962263,-0.019799564,-0.0036633748,0.011240335,-0.007894644,0.005178546
2013-03-14,0.009094545,0.014025098,0.02375058,0.009969612,-0.003631817,0.018711826,-0.039062977,0.007472003,0.011899808,0.008273972,0.014365397,0.023653094,0.013876771,-0.004214854,-0.026994536,-0.01536688,0.0,-0.00039160965,0.009951603,-0.036212567
2013-03-15,0.023777857,-0.0048002545,-0.004104635,0.0019805755,0.011944269,0.016463298,0.020379199,-0.013169927,0.007863129,0.0019672806,0.017849851,0.019361721,0.019177606,0.0009863261,0.0032734307,0.0,-0.007221423,0.016453931,0.0,-0.018357221
2013-03-18,-0.0039171707,0.008721002,-0.0010762402,0.022779385,0.0009914261,0.015764901,0.0315356,0.0008700035,0.0059422166,0.0002800879,-0.008328927,0.00508725,-0.0109843435,-0.026260665,0.017200956,-0.00020988764,0.02816374,0.0014725353,-0.00743779,-0.0037604086
2013-03-19,-0.026166147,0.00981888,0.012446838,4.1908363e-05,0.001302934,-0.013557519,-0.0056069703,0.009030971,-0.021796903,-0.0030580792,0.0013610148,0.014251304,0.0109685995,-0.0101539595,0.026919506,0.027330589,0.026545998,-0.04203889,-0.011617169,-0.1373285
2013-03-20,-0.028310526,0.018920658,0.0031833684,0.013835504,0.0154448645,0.010378611,0.026866341,-0.0052176993,0.040611487,0.034675736,-0.0013482707,-0.01575049,0.017894363,-0.0068780663,1.6140737e-05,0.0217881,-5.483604e-05,0.009231325,0.004620539,0.02820289
2013-03-21,-0.08326335,0.020894943,0.00506392,-0.01718922,-0.032463446,0.008470905,0.040433932,0.0048695863,0.008073418,0.007336813,0.014116218,0.011566347,0.005602035,0.005255251,0.028805098,0.0048413845,0.027832298,0.025324218,0.01620312,-0.004485881
2013-03-22,-0.0036479987,0.0057904134,0.0042226156,0.008834995,0.02850043,0.030644722,0.0031516554,0.00056340784,0.026790412,0.018953089,-0.009022258,0.01620693,0.014966464,-0.0057023177,0.008818657,-0.0010102729,0.01594533,0.003203413,-0.0021054735,0.008778168
2013-03-25,0.08681636,0.028229136,0.01991608,0.023447854,0.016569775,0.016720956,0.012657218,-0.0030905546,0.017460093,-0.003088693,0.022709455,0.009105775,0.0,0.0,0.0181374,0.0073630842,0.010371892,0.007724619,0.0047930186,0.005602294
2013-03-26,0.027931772,0.0018153718,0.026660707,0.0054389485,-0.0059476504,0.014942555,-0.007010035,0.013824134,0.005589372,0.0057777856,-0.00404573,-0.01140287,-0.00360701,0.007854201,-0.0250203,0.0007702008,0.023534598,-0.011119267,0.0128261205,0.001397683
2013-03-27,-0.008419072,-0.008127068,0.012319469,-0.015570999,0.0053600585,-0.02007325,0.019404616,0.0043278565,0.0013441895,-0.01683906,0.0143275345,0.01025598,0.0014647662,8.802311e-05,0.015233302,0.002663004,-0.00894843,0.010043011,0.01235959,0.030765852
2013-03-28,0.009088206,-0.0012665597,-0.0013055973,0.0031440093,0.0014679893,0.02271405,0.004048282,-0.012682652,0.0,-0.019705394,0.00087167433,-0.030573579,-0.005239198,0.0019405412,0.009624904,0.0050448277,0.0046323547,-0.04373411,0.01644678,0.026201334
2013-03-29,0.0381422,-0.011114057,0.020450821,0.01714787,0.006548254,0.018324573,0.008919683,-0.030479327,0.009220143,-0.032108303,0.0046781492,0.007484152,0.00072990044,-0.019615274,0.036817677,-0.026607292,0.0,-0.0119045535,-0.0057960707,-0.001727232
2013-04-01,0.0035106328,0.0058938935,-0.019751213,0.0053073545,0.008056112,0.0007901436,-0.015272835,-0.023948867,0.0,0.00817924,0.010308887,0.026690176,0.02140178,0.03133251,0.0015478822,0.017667491,0.0192667,0.0004254591,0.01729377,0.014329077
2013-04-02,-0.0048795366,-0.0021782748,0.012253076,-0.01883864,0.0076007866,-0.014832103,0.0374975,0.03906361,0.005491126,-0.040080443,0.0074498737,-0.034066066,0.015113921,0.020739261,0.0,0.023134738,0.043253977,0.010946139,0.009253816,0.002642348
2013-04-03,0.0096952785,0.0019483438,0.017220587,0.015031818,0.0058753765,-0.014804985,-0.006873785,0.017021123,-0.008860162,0.010431349,0.0069780275,0.018723067,-0.006258238,0.02446871,0.016644616,0.0069953287,-2.891842e-06,-0.023393197,-0.004220787,0.010324815
2013-04-04,0.0019284377,-0.0029530688,-0.0049719317,-0.00036455388,0.0045895567,-0.016855989,-0.00690715,0.0710158,0.0075183487,0.036782973,0.023902306,-0.004703746,-0.005175188,0.0063152164,0.006030875,0.0054907254,0.02714537,0.030709943,0.004604922,0.020390613
2013-04-05,0.0078051006,-0.056398463,0.010414305,-0.008408423,-0.008132552,0.027143486,-0.005693283,0.008477088,0.012531037,0.020576378,-0.010156071,0.016915217,0.01381453,0.021126356,0.0,-0.0018040608,0.009358558,0.0062894183,-0.0022393924,0.025145935
2013-04-08,-0.014232027,0.027350908,-0.0045819688,0.050425574,0.006232816,0.0052774046,-0.0050629145,-0.0010309648,0.005101055,0.0016487369,0.010965338,0.029109892,0.00966243,-0.0015484634,0.014732387,-0.0019562112,0.017815718,0.010062399,0.023064336,0.0038330012
2013-04-09,0.0040126266,0.047475807,-0.023113567,0.004295643,0.0038843069,0.01801312,0.0,0.0008875208,0.0042764572,0.02386196,-0.019553235,0.020446677,0.027038537,0.011198148,0.0031860094,0.027588235,-0.011489446,0.021519106,-0.02637328,0.013941481
2013-04-10,0.022250945,-0.0014728247,0.01972936,-0.00060849276,0.0,-0.0026404946,-0.020067403,0.030606695,-0.012333496,-0.0037115836,0.007099353,0.0022803277,-0.14745638,-0.0011414936,0.010260569,-0.0010299664,0.004222737,0.010309032,0.022560459,-0.0054348637
2013-04-11,0.0008518198,0.0031038339,0.025277166,-8.127288e-07,0.0022988191,-0.017274847,-0.02329541,0.005720124,0.0074814633,-0.037990134,0.02193571,0.011113188,0.0059449873,-0.017590638,-0.0095935585,0.007837971,-0.005616734,0.009214109,0.0020820424,0.012714341
2013-04-12,0.013065522,-0.007831864,0.0,0.021208772,-0.02322001,0.006681682,0.020369507,0.013669095,-0.02587563,0.0078920275,0.008389599,0.000676114,0.011683625,0.004658973,0.012548103,0.01697595,0.006588966,-0.008788593,0.00032528478,0.013313606
2013-04-15,-0.0117630195,0.00967483,0.00044287584,-0.018948926,0.01564593,0.0046726535,0.022078473,-0.015531524,0.029985527,0.007509969,0.02149156,-0.0032819877,-0.119488366,0.013246395,0.0041468726,0.014152045,0.008234913,0.017703248,0.0072959303,-0.017645191
2013-04-16,0.017764576,-0.0010392085,-0.0075271158,0.03853004,-0.006220549,-0.006673752,-0.016684428,-0.011437005,0.013070475,0.010680109,0.004774738,-0.0042194035,0.04239682,-0.006881892,0.013641062,-0.006146529,0.032233104,-0.010823777,0.004492521,0.014218093
2013-04-17,0.00441612,-0.0060668727,-0.0057109003,-0.056088623,0.0,-0.0004479083,0.020763434,-0.0001602402,0.00321573,-0.074569024,-0.009936783,1.0068506e-05,0.02808151,-0.0048603057,0.008807152,0.010260866,0.023908375,0.028056735,-0.0018284961,-0.0250605
2013-04-18,-0.003375311,0.021461139,0.0046958593,0.021544592,0.019134521,0.046175197,0.019707728,0.01976179,0.045664977,0.02546893,0.0030411615,0.019500641,0.0019655495,0.008361793,0.0030680965,0.0068101417,0.0122559685,-0.011118185,0.0039062034,0.021999644
2013-04-19,-0.0027213546,-0.01656186,-0.00058757473,-0.021384133,-0.0015403373,-0.00922241,0.0045074043,0.0151439095,2.0762218e-05,0.0012931636,-0.016584462,0.0037071877,-0.0012794208,0.020177977,0.0007816457,0.0127201,-0.016457142,0.0026265448,-0.0153000215,0.023786958
2013-04-22,0.01257733,0.0027569588,0.0026042908,-0.0035750514,-0.045903545,-0.0040585124,0.010666685,-0.016158346,0.06998647,0.0069276313,0.023728233,0.008440225,-0.008275288,-0.009923095,0.00960506,0.013427174,0.00758643,-0.008032375,-0.0022370985,-0.0021248679
2013-04-23,-0.0042136842,0.014257544,-0.0028980915,-0.026842829,0.017573034,-0.018770957,-0.02861927,0.0144594405,-0.000382473,0.031227699,0.0039060218,0.00825782,0.06486257,-0.013193303,-0.004547615,-0.011469752,-0.019387111,-0.009151923,0.01231857,0.0073445337
2013-04-24,-0.057426058,0.0031924432,5.5636927e-05,-0.008869305,0.015009364,0.0,0.0032500227,0.00027347996,0.010252544,0.0,0.009428607,0.0019691691,0.01262168,0.0046742996,-0.00018561397,0.005342395,0.022585314,0.003407636,0.007151427,-5.3170894e-05
2013-04-25,0.01122383,-0.02247476,0.0047113607,0.027754005,-0.013353683,0.024516823,-0.010769115,0.016928304,0.004064107,-0.005245716,-0.004660825,0.00121709,0.005803456,0.01858825,0.01218807,0.0005630225,-0.119929135,0.021698099,0.017937412,0.007366581
2013-04-26,-0.014506026,0.027476043,0.010816799,0.08052106,0.030273825,-0.0242509,0.012433931,-0.041393504,-0.056756247,0.009958225,0.001476418,0.012255135,0.0050053657,-0.014515839,-0.011765232,-0.004236403,0.07415928,0.010431365,-0.007907984,0.006631531
2013-04-29,0.011160273,-0.025741579,0.020049438,0.03871761,-0.016280435,0.015011894,0.00013712402,0.01882645,0.0050604525,-0.013590308,0.021972671,0.015555446,-0.012071298,0.018782046,0.017888743,-0.0005489377,0.010662969,0.0018313167,-0.010781238,-0.0076938136
2013-04-30,0.037630524,0.0013682722,0.0075345687,0.016206767,0.0,0.028015299,0.0034123238,0.020723065,0.0003305158,0.0,0.0,0.01932783,-0.00250348,0.007440399,0.008235171,-0.008948145,-0.009440316,-0.002207337,0.027810063,0.002627611
2013-05-01,0.0171359,-0.0029947201,0.008338723,0.037544284,0.009161994,0.025685238,-0.011130171,-0.008981812,-0.01251225,0.01268698,-0.0012958666,0.009177315,0.0036692994,-0.010882023,-0.0050767544,0.021467093,0.06335424,0.024975,0.006546386,0.00959382
2013-05-02,-0.0065474547,-0.0071283574,-0.007690888,-0.00033877316,-0.037219048,0.0015701969,0.0181385,0.0,0.026606303,0.010260623,0.0092602,0.009158741,0.016097747,-0.00019820826,-0.01196972,0.017024562,0.009293818,0.017297069,0.014565927,0.01982121
2013-05-03,0.019284533,-0.008628704,-0.00033728653,0.010285864,-0.0148104755,0.0023519553,0.017716458,0.0225586,-0.06165337,0.019855248,-0.021456419,-0.005332146,0.0064339205,-0.016443687,0.015005873,0.008571378,-0.019418972,0.021403411,0.004614942,0.007247654
2013-05-06,-0.015301554,0.013265924,-0.0051181237,0.023676656,0.023371384,0.004803523,0.0,-0.00046797478,0.04463462,0.009667846,0.011556888,0.012470154,-0.00027777342,0.0102909235,-0.026376566,0.023743903,0.01150545,-0.022700101,-0.006367547,0.015659807
2013-05-07,-0.0048516286,0.011710818,0.0055001685,-0.0027974432,0.021431254,0.00820616,0.0037642273,0.012096533,-0.0033896526,0.000933905,0.010808321,0.011274092,0.0074823545,0.0051789465,0.004063194,-0.019429987,0.030865526,-0.0031020155,-0.05454492,-0.0047517926
2013-05-08,0.0017761753,0.023286993,0.01180648,0.037104975,0.04709917,-0.016345905,-0.004564466,0.027149094,-0.0078012394,-0.005486038,0.005349706,0.004758784,0.009799711,0.009723244,0.023612544,-0.01643185,0.018157534,-0.021128207,0.0072349953,0.014448859
2013-05-09,0.008012875,0.011734098,0.011216865,-0.018721804,-0.0013331994,0.00028869155,0.009605151,0.0014805482,-0.0017070854,0.0,-0.0019444511,-0.0034693058,0.010543634,-0.002790577,-0.0015660493,0.011817779,-0.012419126,0.02190542,0.03228575,-0.004318237
2013-05-10,-0.012430996,0.0070134834,-0.0021700384,-0.006115655,0.012836584,-0.017233226,-0.013928056,-0.007307829,0.010454556,0.0041011767,-0.024240537,0.0074354927,0.013406722,0.017640913,0.018254632,-0.0013854526,0.020282637,-0.0028314397,0.019929463,-0.0033064813
2013-05-13,0.008875078,0.0030415237,-0.001633106,-0.008124784,0.007074171,0.008111675,-0.0005425053,0.0026715861,-0.028125145,0.023126315,0.020857226,-0.003033768,-0.0005400041,-0.018690195,-0.0021501018,0.012662836,0.011883825,0.04129894,0.0023182863,0.01094864
2013-05-14,-0.0013000024,0.0087738205,-0.004087062,-0.00084944675,0.0,0.017579345,0.012257973,0.011220968,0.005568649,0.0008598048,-0.0089409165,-0.016649779,0.0006011378,-0.001314618,0.010669756,0.010588686,0.026966175,0.012844204,-0.0010144255,-0.008120194
2013-05-15,-0.015794743,0.0022360357,0.0135304,0.034703966,0.001791439,0.011376355,0.005005949,0.00619164,0.07710315,-0.016851518,0.010559498,0.0148122925,0.017669715,-0.0037146942,-0.023712046,-0.017449157,0.01560345,0.017180417,-0.0005264953,0.009664523
2013-05-16,0.008873988,0.011253702,-0.0061174496,0.0032504,-0.0078680925,0.012174292,0.005999384,0.0017271643,0.06562326,0.022528335,0.02959079,-0.0049100015,0.039705742,0.023023771,0.020072766,0.020849671,0.0014463061,0.006412035,0.0010867838,0.03379114
2013-05-17,0.011973193,0.017428704,-0.007526685,0.006225987,0.027784795,0.016135346,-0.012152534,-0.00086855504,0.032936536,-0.041209694,0.02206714,-0.016428253,0.0024101716,0.008248718,0.0074549005,0.010406114,0.003083761,-0.003435857,0.003342923,0.0036655825
2013-05-20,-0.015762098,0.011681032,-0.0018487583,0.0034790472,0.0036682752,0.0,-0.00781556,0.011034981,0.0075572296,0.018504623,-0.007081901,0.022717861,-0.001887178,0.021052271,0.0074660466,-0.0002912156,-0.008942089,0.024371274,0.020201234,0.0031228615
2013-05-21,0.017451106,0.0036203025,0.002757798,-0.0035180869,-0.027249465,0.010279075,-0.00060778286,0.0,-0.03136616,0.00013915682,0.005355804,0.070998155,-0.016501302,-0.008868555,-0.015179979,-0.011005132,0.0033268025,0.007090228,0.01564333,-0.001469372
2013-05-22,0.00069112674,-0.00020097647,-0.027516382,-0.014962751,-0.0041131186,-0.007417437,0.03772472,0.0,0.017492367,0.06579549,0.0043440918,0.0,-0.070467375,0.0,0.007862832,0.0,0.005486741,0.0034817788,0.0031722945,0.0375442
2013-05-23,0.01574622,0.012390324,0.017842878,0.021772591,0.025362542,0.017781561,0.0211787,0.010083919,-0.006486898,-0.015376464,-0.0010430417,0.006660576,-0.030712657,0.009190831,0.014340601,0.021487713,0.008125409,-0.015788497,0.010375971,-0.0056950473
2013-05-24,0.015955573,-0.016297404,0.0043234946,-0.0050400556,0.028289823,0.01354895,0.0018065101,0.003086752,0.02723707,0.0016385581,0.027142491,0.015757132,0.020867236,0.011687239,0.011613884,0.012510573,0.02957352,0.017710084,-0.0032977338,-0.014501256
2013-05-27,-0.008033742,0.0093494905,0.005030292,-0.0063138427,-0.0042688176,-0.003984076,-0.0006073981,0.0071251635,-0.098559916,0.02675069,0.007888293,0.016946707,0.035757333,0.0,-0.002587031,0.0,-0.021025853,-0.007871374,0.014054203,0.005758108
2013-05-28,-0.020207059,0.004010578,-0.01131,-0.004635418,0.03890179,-0.001368983,0.026053933,0.017396415,0.009966848,0.024198707,0.008093786,0.0,0.0055902544,0.0,0.014316531,0.012392123,0.01402865,0.045456875,-0.0068957037,-0.006639782
2013-05-29,0.012966159,0.017423302,0.046232313,0.007199195,0.007196554,-0.0035707564,-0.016954886,-0.0008890046,0.023991236,-0.0021389937,-0.00046562596,0.022644373,0.0032779314,0.0055830474,0.0,-0.016920874,0.007852927,0.029331561,-0.0009339247,0.047617897
2013-05-30,0.0025362496,0.006196446,0.010232757,0.055899084,0.028494887,0.022268703,-0.0063316934,0.013063197,-0.03901365,0.0046013426,0.0017075485,0.0052363104,0.001411388,0.005959476,-0.005544228,-0.0025225806,0.016644359,-0.023217209,0.014035823,0.010919821
2013-05-31,-0.0011990021,-0.010597533,0.0065335226,0.0038227963,-0.0014020941,0.0025000367,-0.0025415248,0.00016706127,0.010053108,-0.0148408525,-0.017006902,-0.0025578188,-0.0002971529,0.014774856,0.020155225,0.037708193,-0.021408712,0.014042445,0.012606199,-0.0054362444
2013-06-03,0.01991379,0.025171708,0.008004118,0.021885855,-0.00795783,0.0124592325,-0.0036183894,-0.0026501666,-0.00639992,0.022744173,-0.0065105134,0.0017855428,0.03887375,0.01483217,0.004224482,0.006275522,0.030689359,0.022568474,-0.005499755,0.03074988
2013-06-04,0.008987812,0.00990787,-0.01945138,0.0017881346,0.0032578728,0.0012983312,0.0048912345,-0.0051152455,0.026927155,0.020270633,0.013549677,0.0034240773,0.010630651,-0.0016110813,0.013256355,-0.001241681,-0.041844185,-0.004007278,-0.0077487626,-0.004140149
2013-06-05,0.007697182,0.008912846,0.006938174,0.016642893,0.021483645,0.0,0.00206484,0.0104018375,0.017119683,-0.0036000027,0.0007907421,0.022773383,-0.020211294,0.02240938,0.018972944,-0.005443369,0.005627586,-0.01818069,0.0060745487,0.009137926
2013-06-06,0.0003424551,0.00591913,-0.020981023,-0.0047662905,0.0012752371,0.007827385,-0.01447465,-0.007592347,0.019684115,0.014579167,-0.00066935946,-0.015185801,0.022810845,0.008810905,0.0032607901,-0.005809191,0.0007159333,0.029139144,-0.0078628855,-0.028423645
2013-06-07,0.0016900713,-0.016206147,0.038944118,-0.012326379,-0.008780241,-0.0010788443,0.010628586,0.0044872025,-0.021440616,0.023731064,0.0053363717,-0.026532998,0.006537837,0.007413839,0.007955766,0.012221824,0.0053157397,-0.025522703,0.032080315,0.007919638
2013-06-10,-0.0012216251,0.016443528,0.0019920475,0.0028400687,0.011241142,-0.003208485,0.0015445909,0.008036957,0.013044396,0.013292235,0.013276252,-0.012203337,0.0013040457,-0.015703864,-0.001335616,-0.0032849323,0.029842796,0.037070863,-0.025344811,-0.02759737
2013-06-11,0.0025904549,-0.00024225964,0.004143545,0.029418567,0.0048322026,0.006073102,-0.00493681,-0.003113838,-0.0056758123,-0.010921814,0.0,0.003416425,-0.0010062408,0.0028435218,-0.008395003,-0.0072542923,0.006161785,0.0025479991,-0.006987385,0.010247728
2013-06-12,0.006205353,0.011279127,0.012741424,-0.02386952,0.0068210424,-0.010045855,0.039601527,0.0,0.0014318551,-0.02041869,-0.028620278,0.010532683,0.0,-0.005699755,0.018231837,-0.009006621,0.01271958,0.018025525,0.035577446,0.012721072
2013-06-13,0.010908071,-0.028116954,-0.004763759,0.0022066368,0.005934592,0.007990152,0.00095739024,-0.0067129647,0.0012568642,-0.00066935114,0.040663958,-0.03228514,0.030328603,0.01618964,0.00021794537,0.025899572,0.0018169022,-0.008507452,0.015904827,0.0226289
2013-06-14,0.0050882916,0.002484356,-0.003992849,0.016006302,-0.015246725,0.0012194307,-0.016453693,-0.005277116,0.010946886,-0.002892797,0.022146994,0.030333553,0.006987248,-0.017278187,0.0052663917,0.021459088,-0.0058007766,-0.035010528,-0.0033501242,0.019317165
2013-06-17,0.0,0.002001992,0.018614843,0.01587535,0.0043201484,0.013312857,-0.015493902,0.017104954,-0.010228098,-0.002031108,0.007931441,0.011080619,-0.0052705444,-0.0009993159,-0.0030225103,0.0062362137,-0.0033671057,0.038768396,0.017059065,0.011177453
2013-06-18,-0.019147908,0.0042365873,-0.013198562,-0.023167113,0.01247677,0.009568199,0.027187418,0.003332857,0.0004153586,0.01039792,0.012273077,0.002321568,0.012443957,-0.01631973,0.01653231,0.0019698516,0.017864332,0.06785506,-0.006026408,-0.0005904637
2013-06-19,0.019067924,0.00907813,0.001407118,0.026246155,0.01769337,-0.0003752523,0.0031608145,4.8344446e-06,0.015757173,0.009719255,0.0029386927,0.0054918663,-0.005688649,0.012871126,0.00043169034,-0.0011874792,0.028560298,0.02368401,0.010926034,0.0060543916
2013-06-20,-0.00874257,0.014952861,0.0028092682,0.020493729,0.013732922,0.007940116,0.007335859,-0.024252439,-0.014908464,0.0013264957,0.016577723,-0.0016192071,0.0006046254,0.015167483,-0.0020019005,0.0019051343,-0.15314792,-0.0049407934,0.0,0.0077411863
2013-06-21,0.010471189,0.0017194555,0.010945625,0.017958367,0.0131752975,-0.009177774,0.018013466,0.0047103297,0.013457533,0.017715104,-0.07117117,0.036288917,0.008219267,0.016675174,0.010107114,0.008179747,0.06457691,-0.019434482,0.016181586,-0.004556378
2013-06-24,0.013337407,0.0027747944,0.007435475,0.0,-0.0032828113,0.013610918,0.023633374,0.0139255645,0.01328579,0.00033549112,0.00912356,0.0,-0.002503756,0.015841352,-0.007360791,0.018527213,0.08049405,-0.00084934407,-0.007252245,0.0062405886
2013-06-25,0.004318656,0.0073817824,0.005046242,0.006794801,0.020648157,0.0019687647,0.009972059,0.018991172,-0.021397017,-0.0035578122,0.018095529,0.0024354355,0.008698542,-0.010566872,-0.0042303386,-0.00693804,0.02230153,-0.019237416,0.01796416,0.010347663
2013-06-26,0.0040138382,0.00809969,-0.006884683,-0.004301263,0.002666254,0.006188031,0.013590998,-0.0019648273,0.0,0.03230528,0.010402194,-0.004864653,-0.0087438775,0.039295968,0.016617926,-0.0023387608,-0.015029697,0.025292985,0.009301693,0.004138453
2013-06-27,0.009941027,0.01563114,0.023595467,0.018359615,0.0,0.02139276,-0.0052273395,-0.014399697,0.001982633,0.0056065465,0.018776245,0.0,0.0,-0.004311517,0.0014571181,0.00035571813,-0.022933803,0.035143737,0.0018654498,0.011384204
2013-06-28,-0.018777989,0.010660327,0.01579283,-0.0062703677,-0.0048652817,-0.009730425,0.017859427,0.014386279,-0.009256534,-0.048530996,0.010485438,0.0069340006,0.007944709,0.009203631,-0.011699563,0.012742837,0.08456624,-0.013569515,-0.010223487,0.018782152
2013-07-01,-0.02421179,2.640086e-05,0.0071810805,0.016219223,0.0137006845,-0.012189258,0.015500402,0.041992754,0.0047001545,0.01323959,0.020887844,0.015532107,-0.004536053,0.0075818524,-0.005977437,-0.00026737855,0.023946634,0.0116962325,0.02412327,0.04609004
2013-07-02,-0.14049572,-0.0055369907,-0.036363773,0.002819125,-0.016446939,0.0067290724,-0.009961998,0.029530965,0.0029707062,0.016643643,0.007346448,0.038361702,0.021404715,-0.020739628,0.03655563,0.011045667,0.020711174,0.0,0.011813855,0.005308222
2013-07-03,0.011654366,0.023881843,0.03069666,0.028089326,0.026243163,0.0031289437,-0.0021736121,-0.005410825,-0.015031907,0.014350088,-0.0052543534,-0.019456508,-0.01709391,0.014667838,0.010498732,-0.014023085,0.0047873547,-0.00056013896,0.0045605935,0.012152761
2013-07-04,0.010235557,0.026343392,0.029801648,0.08972415,-0.020103188,-0.019921673,0.0009763619,0.018091932,0.011497712,0.0077148858,0.010129775,-0.0024664172,0.0006898788,0.020166505,0.006372532,0.006061377,0.014912452,0.012415772,0.024499217,0.0068988577
2013-07-05,0.0,0.0,0.025655441,-0.0007463528,-0.0022431526,-0.009221905,-0.006861228,0.005193216,-0.0011967629,0.0067101675,0.005888989,0.007197028,0.012593723,0.00048051125,-0.054703224,-0.054002404,0.012563595,0.0032471619,0.016450023,-0.04311339
2013-07-08,0.014491243,-0.00019981957,0.0076342174,0.0090578925,0.03368653,-0.028451184,0.023328248,0.048373252,0.016303172,-0.009135254,0.0,0.02758862,-0.012889388,-0.011298858,-0.0012431843,0.0015715519,-0.00013734795,0.010353557,0.016360734,-0.014536485
2013-07-09,-0.014554407,0.039623953,-0.0041292547,-0.0026566817,0.0016428204,0.07040839,-0.010339706,-0.023655249,0.019842964,0.0016321011,-0.011767713,0.018588353,-0.019895732,-0.010161456,0.028468342,-0.009292971,-0.017343856,-0.005468527,-0.00043317504,-0.0043324823
2013-07-10,0.01718436,0.0055121887,-0.015755614,0.0047865664,-0.00086060545,0.04333755,0.0061402027,0.04724337,0.011543498,-0.011407081,0.027611647,-0.00062084553,0.02069408,-0.027839603,-0.0017202662,0.027105728,0.0037761237,0.026196046,0.0071090856,-0.024316562
2013-07-11,0.034125403,0.012738296,0.03034487,0.0091588,0.016752733,0.02341232,-0.031605072,0.00995573,-0.013673894,0.021417003,0.0075513977,-0.023114543,-0.013545211,0.039097298,0.0033400191,-0.01109744,0.0077345697,0.00030410333,-0.042828776,0.024740838
2013-07-12,-0.037143085,0.003280368,-0.00077210565,-0.016493095,-0.007370982,-0.008289885,-0.0007734308,0.010204215,0.023813104,-0.007945414,0.0019855734,0.01737272,-0.00959771,0.041920427,0.012588253,0.02372331,0.007997059,0.012795143,0.0021034072,0.021509638
2013-07-15,0.0016535638,-0.03739838,0.0015442641,0.06845312,0.018900108,0.0020588373,0.016369738,0.00420258,0.006227544,0.010944804,0.020097641,0.021576762,0.022488868,-0.01999425,0.024119634,0.006782043,0.039638914,0.0125932805,-0.005262958,0.03065649
2013-07-16,0.04850208,0.026446568,0.012366335,0.009617231,0.017901493,0.004694227,0.023466572,-0.00069187314,0.0002711036,0.0017823216,0.023701437,0.0,-0.012951411,0.010507198,-0.012722281,0.018533122,0.0018338341,0.002039425,0.00024275908,-0.0042502354
2013-07-17,0.015144105,-0.014699984,0.0033092413,-0.01646835,-0.0071566533,-0.012825249,-0.0012643386,-0.037053086,0.0,0.011381656,-0.0061094263,0.03312302,0.064551674,0.0057261814,0.0,0.005414733,0.022987017,0.0029770897,-0.00034259987,0.004855642
2013-07-18,-0.00566221,-0.016955307,0.0009590579,0.038768496,-0.014829102,0.00069015083,0.023534633,0.0014977851,-0.014964913,-0.010452409,0.0045540687,0.021912377,-0.021074414,0.0,0.0,-0.0020390127,0.0042453767,-0.011297392,-0.004453816,0.017759677
2013-07-19,0.056127384,0.009225577,0.020026945,0.057704754,0.00033899926,0.028725185,0.01710349,0.0070212553,0.023209995,0.023706943,0.023893386,-0.012906798,0.0,0.0,0.013188707,0.018939253,0.013217494,0.0046441704,0.047694657,0.014886426
2013-07-22,0.03691765,-0.020175887,0.009228176,0.00794506,-0.002262614,-0.0044477587,-0.0026296666,-0.0068174275,0.005119444,0.010396844,-0.010347538,-0.0068760957,0.005841037,0.0003820577,0.006620105,-0.0039200876,0.016478421,0.01652179,-0.005786175,0.0035706859
2013-07-23,0.0011035869,0.023465058,-0.0012066929,0.02946833,0.014004807,-0.0012406419,0.0036720019,0.0034784286,0.0080097485,-0.005079095,-0.0032197349,0.03205536,0.0,-0.0314572,0.0031987345,0.015749542,-0.0054029366,-0.00088454806,0.02268493,0.0008318596
2013-07-24,0.02100269,-0.02858379,-0.021917153,-0.061641045,0.012454112,-0.010794033,-0.01669334,0.0086562885,0.009514525,0.016167155,-0.025077768,0.009207343,-0.0066752844,0.025199743,-0.008727724,-0.0059813885,0.008774355,-0.00057896005,0.009105953,0.00034151314
2013-07-25,0.07374094,-0.023234459,0.013364595,0.0017992004,0.0031190496,0.021920327,0.015526197,-0.028679721,-0.008783658,-0.010672505,0.003249007,0.021401143,-0.042469375,-2.3660381e-05,0.012850351,-0.013283876,-0.011993079,0.0056560203,0.0001255459,0.008114129
2013-07-26,-0.0067008412,0.015941616,0.0139339,0.010323643,0.00015788611,-0.005563618,0.008411405,0.02695293,-0.011378069,0.0013564444,0.008747881,0.017795447,-0.0018894747,0.0005383784,-0.020123728,0.014787151,0.021533074,-0.009561227,-0.0122863855,-0.0096120015
2013-07-29,0.06258773,0.045193862,0.020184427,0.022066522,0.00304775,0.046279006,-0.006113298,0.000649678,0.009204936,0.032093216,-0.008712963,-0.017131101,0.004684129,0.011361226,0.017506871,0.013895689,0.0083200745,-0.00040767412,0.013398762,-0.0054060575
2013-07-30,-0.0015434639,-0.009727814,-0.015319089,-0.017878843,0.0051392238,-0.004380724,0.012832603,0.0031458535,-0.005053924,-0.008688417,-0.019089988,-0.030036429,-0.006832751,-0.01853091,-0.015010227,0.0029838758,-0.003755527,0.0044483263,-0.050417498,0.019038964
2013-07-31,-0.053985313,0.0027799907,0.014369385,0.0031044057,0.0051681064,0.01736269,0.0057076695,-0.013563305,0.0,-0.025206216,0.017602345,0.0046099736,0.011125398,0.014793155,0.018827574,-0.00038295667,0.005242506,0.0003578288,-0.016291738,0.022793118
2013-08-01,0.0026575655,-0.01567292,0.010746346,0.0068416353,-0.006561172,0.005521956,0.007625712,-0.021409787,0.0012794336,0.014955596,-0.0013482589,-0.018524628,-0.02375229,0.0,0.022576738,0.0036532436,0.0014191433,0.01882516,0.019085351,-0.01041889
2013-08-02,-0.0016524639,-0.0004173426,0.011949405,-0.0044602277,0.0022947702,0.00031182612,0.009166927,0.074067295,0.01569462,-0.020042848,0.020369703,0.03824634,0.02344538,-0.03487924,0.008522632,-0.010591395,0.007341886,-0.006457586,0.012773914,0.009187255
2013-08-05,0.03749983,0.015157461,0.0060519716,0.0459365,-0.01231138,0.0034410066,0.00610834,-0.025853125,-0.016171291,0.01128765,0.00827893,0.0,0.015447572,-0.012496196,-6.310368e-05,0.010973507,-0.008089479,-0.01939251,0.0040971483,0.0064631556
2013-08-06,0.01759982,-0.0028557382,0.0051486543,0.0031641005,-0.013912191,-0.0041123196,0.00945059,0.086048774,0.020358076,0.014788662,0.010137165,0.02297358,-0.019772325,0.02435452,0.0077133067,0.018922828,-0.0071624913,0.023383599,0.0,0.0136187505
2013-08-07,-0.119857825,0.029848013,-0.0050172308,0.0030835406,0.0065660127,0.03653913,0.0029211314,0.022880191,0.004153573,0.008475866,-0.0084386105,-0.004950048,0.026331605,-0.030234728,-0.025076175,-0.0043187267,-0.0038343414,0.0013468926,0.01794761,-0.0042433687
2013-08-08,-0.015278556,0.0034625153,0.006543574,-0.01645076,-0.057039894,-0.032653525,-0.0041781957,-0.027180152,0.019832125,0.0022261455,0.0031223507,0.013990551,0.026311401,-0.023814235,0.009591187,-0.014904265,0.012666502,-0.0022644827,0.005924015,0.02166885
2013-08-09,0.021402417,0.005940799,-0.0022713805,-0.02354867,0.010461106,0.038359724,0.0,0.047334965,-0.016710589,-0.010084071,-0.007774578,-0.0113838855,-0.013540508,0.043666173,-0.00092283974,0.006025892,0.030569797,0.0027891528,0.0051336377,0.0
2013-08-12,-0.021376265,-0.01004275,0.008588928,-0.024985418,0.0047801533,-0.0021205675,0.0,-0.024803301,0.012255275,-0.0044292104,0.0110943075,0.03367273,-0.0010061011,-0.045376115,0.0,0.0060784076,-0.0037802497,0.0068900734,0.011585771,-0.00401722
2013-08-13,0.019206244,0.0024601733,0.003479037,-0.12821724,0.002085683,0.005946463,-0.001615833,0.018187616,-0.009707531,0.0016045726,-0.004223813,-0.0033702538,-0.055586338,0.008628656,0.0075761727,-0.0014551752,0.009565872,0.0,0.015008635,0.0
2013-08-14,0.014115321,0.004695767,-0.0016828082,0.08555834,0.011060322,0.0050988304,0.038952965,-0.016916813,-0.0063028154,-0.015193606,-0.0014844778,-0.06950973,0.013476627,0.018943088,0.02396483,0.0062903636,-0.0039288206,0.019399589,0.0419834,0.021846963
2013-08-15,-0.048388932,-0.0012782915,0.0032338463,-0.0033910845,-0.0015361382,-0.015315224,0.02023248,0.003553171,0.0,0.0049239807,-0.018987674,0.07093867,-0.13429122,0.0037348806,0.024649147,0.008889885,0.0019253808,0.011467192,-0.01262384,0.0046171956
2013-08-16,-0.0016401528,0.0028027524,0.0050021866,0.06321493,0.031936463,0.025322504,0.0027987482,0.050239906,0.0067097475,0.005550035,0.024675328,-0.0031020513,0.067859225,-0.013581954,-0.00936401,0.02209755,0.027633239,0.0042237975,0.0059219943,-0.011914916
2013-08-19,-0.008411517,-0.015941415,-0.0045106863,-0.0842097,0.008527107,0.048239984,0.008683115,0.010470265,-0.0011690821,0.024528202,0.0051951273,-0.022382727,0.0085428655,0.04499619,0.022701183,0.005294035,-0.013115906,0.021801554,0.0023759191,-0.058313627
2013-08-20,0.023989096,-0.005777934,0.006966999,-0.0018313605,-0.045741484,0.014566108,0.00996933,0.00051701424,-0.010721958,0.0007671498,0.030136876,0.024497025,0.009730792,0.0057010357,0.005774342,-0.0040427167,0.01704553,0.018895186,-0.03470596,0.013495913
2013-08-21,-0.14767233,-0.01465124,-0.015351561,-0.014698237,0.032313302,-0.01628193,-0.020741897,-0.038847674,0.0,0.015559003,-0.033654917,0.0065837223,0.06434574,-0.033883724,0.0043207593,0.005050251,0.0014160656,-0.00987482,0.01911549,0.013593234
2013-08-22,0.08114536,0.037748974,-0.05457483,0.02194276,-0.013636221,0.0035647976,0.00076884474,0.014457235,0.008930976,-0.01903304,0.024470942,0.04212493,0.013496644,0.031265654,0.024627402,0.0023033645,0.0012466077,0.037231438,-0.0076273666,0.0
2013-08-23,0.0025449444,-0.004217564,0.010822349,0.066268645,0.007390751,0.017873397,0.0051424843,0.0036852688,0.003633737,0.022389749,0.0031020625,0.0008471163,0.0059333146,0.006575576,-0.0040057297,0.0119518,0.012958098,0.010585512,0.0053461874,-0.00072810677
2013-08-26,-0.039160457,0.019220939,0.04179781,0.012600769,0.013156743,0.008628409,0.008655946,0.015993522,-0.028733738,0.004090885,0.013038488,0.016639471,0.012346777,0.0033494337,0.027090674,0.017363466,-0.00037055512,-0.0020558285,0.0080142915,0.010741479
2013-08-27,0.007772983,-0.017745206,0.001722812,0.04355892,-0.02317676,-0.03231248,-0.015425561,0.014983846,-0.003671177,0.010234785,0.0099285925,-0.0028896723,0.016186342,-0.00063821627,-0.0069436845,-0.0036309776,0.008755477,0.016167805,-0.012441618,0.016378153
2013-08-28,-0.014820608,-0.023221055,0.047195204,-0.030959098,0.051803723,0.0863193,0.003086711,0.014327939,0.0053281193,0.00068567187,0.0028360453,0.020695662,-0.02600363,0.023182828,0.0133017,0.0015951372,0.009225815,-0.000644271,0.0071834987,-0.004534045
2013-08-29,0.08836564,0.0074950224,0.002655368,-0.025547944,-0.0012127141,0.0026576514,-0.0017045571,-0.0049408767,0.023271626,-0.0040687597,0.014968115,0.0050402503,0.009780696,-0.001075233,0.017921481,0.015027126,-0.002817429,0.0046423553,0.0020669557,0.007836586
2013-08-30,-0.013223622,-0.014836595,0.027414959,0.00062584266,-0.02427553,-0.0022523846,0.011081288,0.023271706,0.0056719445,0.0069351117,-0.003466716,0.018799253,0.00703508,0.0027484174,0.013602977,0.0013609674,0.0023917707,-0.033118974,0.014996633,0.008177045
2013-09-02,0.011481826,0.014794503,-0.0015906303,-0.055869367,-0.052869994,-0.014930503,0.0065970737,-0.0024109464,0.0014467251,0.006952094,-0.027626444,0.0033501901,0.00030944258,-0.016960958,-0.015737081,0.009292755,-0.013705336,-0.018506782,0.0048826966,-0.006878758
2013-09-03,-0.0041413736,-0.00048220888,0.0029727707,0.04525121,-0.011797063,0.0024538126,0.007471549,0.006207365,0.020649018,-0.024646353,0.016606806,0.0019789962,0.006132654,0.019475203,0.024607945,0.0048456416,0.013338309,0.009693649,-0.005155063,0.024398647
2013-09-04,-0.13285853,0.018686164,0.018475331,-0.030614082,0.020356566,-0.006248513,-0.00037461394,-0.010446019,0.016069563,0.008639148,0.0015065224,0.016648766,-0.00046565206,0.0031589007,0.013321625,-0.0011028204,-0.0025164487,-0.010436194,0.02442908,-0.0031200883
2013-09-05,0.036751732,0.0065623913,-0.017714476,0.015004838,0.04859789,0.031209996,-0.018937018,0.032899696,-0.010379188,0.02326082,0.021484876,0.032490876,-0.001331394,0.0,-0.012688383,0.014673089,0.012844824,-0.002157582,-0.014260627,-0.011849646
2013-09-06,-0.08322866,-0.014781343,0.0016792137,-0.007815898,0.010034022,-0.0013836451,-0.0014078562,-0.013890749,0.0025713572,-0.0074116406,-0.07392954,-0.013537265,-0.014549116,-0.019171549,0.008467454,0.008933078,0.0148062315,0.017888602,0.008461969,0.0055873576
2013-09-09,-0.02841944,0.022222241,0.0072952355,0.004418278,-0.020236604,0.045161538,0.027509242,0.0006550776,-0.013502212,0.013997272,-0.0074133053,0.015560983,0.004502745,0.0,0.017533034,0.013471653,0.015582861,-0.01956992,-1.5896449e-06,0.011173273
2013-09-10,0.0029714662,-0.051635183,0.0065334537,0.089636594,0.018790267,-0.005998123,-0.016667815,0.017289653,2.2183058e-05,-0.005438996,0.029019676,0.0034496298,0.01596515,0.02723392,-0.0057966984,0.0045547374,0.014061942,0.027351206,0.056297835,0.0030634098
2013-09-11,-0.0014016436,0.0044822013,-0.0037506255,0.007843009,0.010226507,0.066441484,0.0018292136,0.01051224,0.0118043,-0.0046712714,0.01077035,-0.0006067682,0.03784081,-0.0022695526,0.0048900894,-0.025406724,0.011753996,-0.035026368,-0.028470041,0.0073046726
2013-09-12,0.030054664,0.007955438,0.01094305,0.07234985,-3.979257e-06,-0.009927881,0.0070451642,-0.007929062,-0.009438755,1.3425511e-05,0.00084499124,0.0,0.008190062,-0.010533083,-0.005093782,0.0047494406,-0.013955708,-0.0105930595,0.013201039,0.0128363
2013-09-13,0.04811981,0.017249884,0.004229952,0.0044021313,-0.0048425575,0.020257715,0.0045935744,0.0109501695,0.0138188405,0.0013060595,0.0255401,0.004212949,-0.020113364,0.026979826,-0.008381596,0.008646142,0.013321967,0.02463218,-0.032280955,0.00885605
2013-09-16,-0.021173073,0.010353647,0.008255332,0.0038481313,0.018428013,0.0,0.0031499434,0.02356798,0.0050897235,-0.00578794,-0.004683652,-0.009061876,0.00050151924,0.04038928,-0.030913705,-0.00065856037,0.0071796104,0.027993947,0.023815548,0.006544127
2013-09-17,0.046443097,0.008256331,0.01305476,0.0013773756,0.007934628,0.008106724,0.009098463,-0.035402678,0.021446073,0.014590167,0.008407994,-0.013345557,0.004474822,0.017407434,0.017859941,-0.01522795,0.004620956,0.0080360845,-0.004407972,0.0036570416
2013-09-18,0.010664652,0.034440815,0.008643312,0.024502723,0.010795203,-0.007660163,0.015195944,0.033402,0.009658352,0.02893775,0.0032107672,0.017204769,0.029622125,-0.0032001953,0.019318365,0.0110506555,-0.009300587,0.0033982531,0.030963568,-0.015583734
2013-09-19,0.0040170485,0.0039801155,-0.0067494204,-0.008340448,0.0016650558,-0.010940724,0.018201228,-0.00279543,0.007945814,0.01030064,0.0076209377,-0.00051426794,-0.038992602,-0.0008500102,-0.005994429,0.007926574,-0.0049848813,0.024434526,0.00873909,0.003018146
2013-09-20,0.015281824,0.008637318,0.0065593375,0.062617265,0.00040454377,0.0017939938,-0.004541618,0.024505924,0.009892649,-0.006999015,0.0,-0.018746946,-0.009697238,-0.014219423,0.004683285,-0.0004502024,-0.0042169173,0.005014871,-0.005214705,0.0055733225
2013-09-23,-0.030521993,0.0,0.014370881,-0.004766671,0.012896967,0.049056664,-0.00022675018,0.049781233,0.009304065,0.010477945,-0.00045623095,0.015058725,-0.016191894,-0.009123383,0.016657814,0.011589407,0.011014853,0.021070108,0.014771547,0.01870218
2013-09-24,0.007990317,-0.0043909666,0.0015447172,0.004805945,0.002624705,-0.00323218,0.0008145936,-0.024662267,-0.0018878891,0.003477384,0.0035562108,-0.012850712,0.01709881,0.0036236418,-0.0027441382,0.00019493117,0.007825156,-0.025938561,-0.0061901123,-0.047009088
2013-09-25,0.024487622,0.010843429,-0.0035077245,-0.007347559,0.004684026,0.0013230916,0.015004117,0.06596551,-0.00079875387,-0.0068259793,-0.0047057793,0.0056711435,0.0372048,0.012341162,0.01875937,-0.0032984829,0.012440251,0.016454851,0.01737261,0.009948145
2013-09-26,-0.020342266,0.016436895,-0.017845243,-0.0028596155,-0.0064448994,0.01083569,0.0,-0.0028645203,-0.0026641618,-0.0031343861,0.01681151,0.0,-0.03738875,0.047334045,-0.031449657,0.020365547,0.012567323,0.0011381693,0.007656774,-0.021892952
2013-09-27,0.004598566,-0.000918843,0.021779764,-0.015998235,0.08050525,0.03148194,0.0030481978,0.015962262,0.04643156,0.0076959683,-0.0024866047,0.028549675,-0.0011811281,0.052320745,0.025492918,-0.022823127,0.01928185,0.058484007,-0.0016847851,0.0221385
2013-09-30,0.007844825,-0.0009305155,0.029621242,0.068065226,0.024488786,-0.0057022744,0.008760191,0.011252829,0.0033615623,0.0038361154,0.011916723,0.0252524,-0.016400432,-0.015016289,0.008467345,0.0031249258,0.0026809664,0.008384741,0.06948423,-0.0033475521
2013-10-01,0.08862211,0.023745948,0.012531716,0.0035160512,0.018025927,0.029807406,-0.0155020105,0.009875728,0.041317962,0.01924594,0.016924804,-0.0035956914,0.023142053,0.016458487,0.009521549,-0.01929889,0.027250186,0.0,-0.031796854,0.017966498
2013-10-02,0.006544585,-0.04103713,0.0028566276,-0.00019495678,0.01768593,0.023801852,0.006664764,0.0028463649,-0.00090703776,0.010837577,0.0074933004,0.011786654,-0.037874337,0.0045319414,0.006530916,-0.0023308166,0.0040519256,0.038062304,-0.0016159238,0.021384712
2013-10-03,0.027417388,0.0130163245,-0.0013100901,0.031081753,-0.019616168,0.01324792,-0.0021233726,0.0011618243,0.044251103,-0.021951763,-0.018663319,-0.015709156,0.08721947,-0.017943276,-0.0032736128,0.0010425738,0.0053750733,0.008570167,0.024040047,-0.002412789
2013-10-04,-0.012395092,0.010785799,0.027043467,-0.007388406,-0.040021986,-0.021992965,0.006581219,0.007449427,-0.0026282852,0.015481796,-0.019210692,-0.026689429,0.039132692,-0.000862679,0.0031923754,-0.0071614897,0.026506282,0.015105592,-0.005070857,0.004247712
2013-10-07,0.007487246,-0.034817982,0.02352467,0.0,0.0037560484,0.034976244,-0.07274607,-0.0006149401,0.009201165,0.013950541,0.0,0.005044709,-0.012950684,-0.021673331,0.0015745964,0.047779735,-0.008346015,0.006433193,-0.022396866,0.005051094
2013-10-08,0.005139875,0.021429582,0.0035599044,0.026009131,0.0045787734,-0.0114644375,0.0006261856,0.011202935,-0.0057765245,-0.0013593098,0.010144679,0.004352949,0.009506504,0.007099824,-0.010915077,0.0027201718,0.0023598417,0.012702377,0.018776054,-0.020435292
2013-10-09,-0.0014885457,0.0087512275,-0.0024515532,0.0,0.0070603164,0.008349154,0.006581035,-0.0014181808,-0.009528412,-0.0077306437,0.022070631,0.02872508,0.0068274834,-0.027550293,0.003043758,0.0096018985,0.020731574,0.014462705,0.018818796,-0.001218008
2013-10-10,-0.009278038,0.0022485536,0.0005466312,-0.033959676,-0.0019361936,0.013026443,0.02057061,-0.011404289,0.02525268,0.017715529,0.016779175,-0.05805339,0.043083396,0.048190482,-0.015320833,0.026525045,-0.017906317,0.012858671,-0.02642418,0.020278642
2013-10-11,0.01790923,0.006766177,0.009183968,-0.009428595,-0.010829132,0.011076261,0.0,0.008044482,-0.009162307,0.007468793,-0.012414612,0.027118927,0.0017790648,0.015125771,-0.0036653955,0.0,0.021089282,-0.017265556,-0.016883222,0.023695555
2013-10-14,0.02137427,0.00805613,-0.00041430193,0.02839669,0.0036981944,0.002807726,0.017803434,0.0,0.004388144,-0.006158301,-0.004530667,0.0034045407,-0.021596137,0.011042312,0.0014119708,0.010038374,-0.0027951882,0.01746712,0.014371726,-0.009067318
2013-10-15,0.0067291576,-0.008670091,-0.009880866,-0.0107730655,0.02492463,0.019436315,-0.008180551,-0.00018202045,0.017757647,0.0028588017,0.0042227823,0.021424368,0.03857966,0.04830294,-0.031941034,0.0,0.030400114,0.011918643,-0.0076030474,0.0069270795
2013-10-16,0.017033823,-0.03708956,0.0070537073,0.01656394,-0.0024295687,0.021151217,0.025201574,0.004989554,-0.028540872,0.010211586,0.0076153544,-0.00069681904,0.004907199,-0.005387367,0.036752917,0.01736224,0.0004271827,-0.0067568533,0.017505553,0.004335769
2013-10-17,-0.004027767,0.022704413,-0.010236311,0.018844293,0.01025934,-0.009086764,-0.090082824,0.005576006,-0.06053736,0.030515742,0.00841635,0.009131327,0.027680023,0.00082590565,0.0018307543,-0.0043298453,0.01273017,-0.021523412,0.008518441,0.0076747118
2013-10-18,0.010042553,0.016568143,0.021140669,-0.0075633,0.001299546,-0.14441168,-0.008802893,0.008792677,0.06968646,-0.0015260618,0.00068267185,0.017858531,0.0062564854,0.009695264,0.003888978,0.009456628,0.0017500229,0.037121568,0.023443937,0.027392253
2013-10-21,-0.020103602,0.015569488,-0.006313318,0.011342248,-0.020132193,-0.0035149103,-0.001959646,0.0055491496,0.015984591,0.023021517,-0.023551386,0.002956318,-0.05969481,-0.080683276,0.010187088,-0.0028517933,0.011006966,-0.00065936416,-0.005482714,-0.027491998
2013-10-22,-0.022364039,0.018414438,0.01778302,-0.0043856916,-0.00961061,-0.112856545,-0.07012184,0.0,-0.008457218,-0.011957234,0.022199443,0.011683878,0.027095959,0.047533475,-0.011221534,0.01627393,-0.025991067,-0.01169038,0.003246021,0.018354537
2013-10-23,0.021349698,-0.012356689,0.012883973,0.044037316,-0.010163502,0.004680761,0.0018483194,0.010118361,-0.023467505,-0.008485931,0.008348855,0.0,0.013529098,0.031477388,0.010422825,0.014997198,0.00037976066,0.006240553,0.01152736,0.014994652
2013-10-24,0.008362176,-0.009249812,0.0,-0.015388939,-0.0062973686,0.021796113,0.018792117,-0.0043592933,0.07230807,-0.00077097485,0.005074074,-0.0040103425,0.002045205,-0.0028403392,-0.001217453,0.0062665404,-0.02058388,0.024133466,0.008611361,0.025955424
2013-10-25,0.02326977,0.0033592496,0.04338892,0.026696023,-0.032591343,-0.0027885414,0.006661605,0.015470471,-0.03436,-0.013667035,0.0054855132,0.020518508,-0.013680688,0.011874512,-0.0028315464,0.00015936574,0.018644208,0.016182778,0.03628504,0.010129242
2013-10-28,0.015528916,0.0,0.016255798,-0.015807323,0.006192795,0.029687732,0.00915774,0.001741383,0.005474648,-0.012061858,0.0022974776,-0.019305572,-0.016280549,0.023716575,0.0075984676,0.003432907,-0.016206732,-0.009333989,0.0037989118,0.0032827903
2013-10-29,0.012406394,0.018856257,-0.00063095626,0.011027952,-0.0026422595,0.008091928,0.0105140265,0.0029192993,0.009320072,0.033976503,0.0150026,0.01143492,-0.0007453382,0.008341371,-0.0016841182,0.008450006,0.01772625,0.0017480509,0.02047076,0.0010764565
2013-10-30,-0.009833761,-0.006247626,0.005988025,-0.004766537,0.027490366,-0.020711562,0.0048283343,0.011921939,0.029698072,-0.04109853,0.0,0.0065059243,0.0,-0.004536803,0.010811827,0.007938518,0.0345192,0.016993888,-0.01210246,0.0019281603
2013-10-31,0.014455363,-0.008456096,-0.012942464,-0.0058460897,0.007488147,0.034459244,0.03385028,0.009861062,-0.0054454757,0.0033132923,0.014946048,0.013208976,0.015195737,0.010802853,-0.0036060838,0.007011328,-0.014043141,0.00014716275,0.010844636,-0.0027067517
2013-11-01,0.02882786,0.029759785,-0.023795065,0.014736672,0.025052868,0.010685943,0.008326302,-0.011352544,0.0001025769,0.016980926,0.00465626,-0.006487074,0.016015058,-0.03043955,-0.018820124,-0.021681376,0.0073499028,0.005611799,-0.021881584,-0.010151102
2013-11-04,0.010950085,0.0014685804,0.02761941,0.00072800106,-0.0065898793,0.020530835,-0.018738398,0.008884541,0.018147934,0.011765033,0.0029751076,0.008549237,0.0061163343,-0.020271767,0.0017633196,0.021729795,-0.026385626,0.015942285,0.018627333,0.004999446
2013-11-05,0.00060120254,0.0154830795,0.004011466,0.056337826,0.022314548,0.014052508,0.017444793,0.022467786,0.024470914,0.011793229,0.025335921,0.010256459,0.006164739,0.0071362797,0.0077810064,-0.0027745198,0.02019042,0.01502474,0.004765808,1.7582783e-05
2013-11-06,-0.00025102595,0.005080973,0.018611442,0.0047857147,-0.011940642,0.0018318712,0.0020612204,-0.008040728,-0.012403159,0.0013165654,-0.029324459,-0.0064079063,0.008200815,0.0060455655,0.013739641,0.005750341,0.027740035,0.007837864,-0.0026811159,0.007173023
2013-11-07,0.011960503,-0.004835398,0.00014110052,0.023294264,-0.0031577593,0.0067217075,0.0,-0.006905671,-0.0046394705,0.017773777,0.008433349,0.020968886,0.0,0.0138505045,-0.009896222,0.0077141295,-0.001873135,-0.0029669579,0.0055410913,-0.017975586
2013-11-08,0.013090878,0.013846951,0.012269349,0.015746463,0.0136285825,-0.0008580584,0.0059411502,-0.0006919618,0.017390491,0.012971204,0.016987463,-0.009369106,-0.0036944891,0.012569716,0.008060344,0.02051151,0.0005470408,0.016188184,0.0011859123,0.004316649
2013-11-11,-0.04129447,-0.011295315,-0.016228324,-0.03547341,0.01295077,-0.019862475,0.0059761885,-0.02396796,0.007852814,-0.022306526,0.0046525938,0.025841834,0.0059414245,0.017351432,0.014459474,-0.016457086,0.018907884,0.0,0.013228992,0.003154984
2013-11-12,-0.019464841,-0.005112115,-0.009537512,-0.0019380517,-0.06245782,0.0019484238,0.010790075,0.00025165168,0.0,0.029411674,0.010150502,-0.00546647,0.012341184,0.020027775,-0.016896427,0.0015260939,3.9979595e-06,0.009714534,-0.02306988,-0.0035033736
2013-11-13,0.0036656454,0.014798549,0.0688965,0.011709842,0.047221508,0.010446478,0.010201884,0.011604234,0.006601679,0.0040977662,-0.008629129,0.017207934,-0.024755653,0.00096260273,0.0103069935,-0.012669818,-0.0069879447,0.0019738846,-0.0184626,-0.0020024949
2013-11-14,0.020519653,-0.0162385,-0.0033528958,-0.037481125,-0.030351058,0.020583509,0.007853204,0.019390164,-0.026235696,-0.00051559426,0.0009203699,0.0042306096,-0.00218869,0.007003609,0.018117776,-0.0026670445,0.005323334,-0.0025813333,0.016560797,-0.0011234358
2013-11-15,0.009361804,-0.0010599339,0.009229141,0.08146382,0.01914377,-0.0037132828,0.009897629,0.014489501,0.015879508,0.017648818,0.005474358,-0.014502475,-0.012799288,-0.0044778395,0.003576447,-0.0049436353,0.01868984,0.010782803,0.026714431,0.031763572
2013-11-18,0.005739611,-0.0107975425,-0.0011844268,-0.019328186,0.026969653,-0.022390334,0.014501404,-0.0017091348,0.009489208,0.02232725,-0.028887918,0.0,-0.0036323706,-0.014077311,0.0012748886,-0.008109502,0.01630191,0.005708504,0.008674857,-0.010094852
2013-11-19,-0.0008420355,0.0021935992,0.013933574,0.06030811,0.037372276,0.009272231,0.000893086,-0.0011865167,-0.08184371,0.011303748,-0.006702179,0.03893531,-0.004571321,0.017689463,0.0032664752,-0.0010264107,-0.030504636,-0.014266203,0.018011075,0.0033357816
2013-11-20,-0.0073084286,0.01502548,0.0019743447,0.024057908,-0.042412866,0.06933987,-0.0011313845,-0.0100298785,0.026806172,0.0025868998,0.00017337273,-0.06611645,0.023010995,-0.14125608,0.0074515957,0.004020777,0.0053665326,0.0003588728,-0.007881604,0.0003978251
2013-11-21,0.0015984003,-0.0077244253,0.023946263,-0.07377205,0.0043766177,-0.11585812,0.0017409064,-0.008090855,0.029944038,-0.0009807848,0.015508395,0.04734052,-0.031887844,-0.004338196,0.013367896,0.0,0.011635951,0.023751322,0.039287005,-0.011338789
2013-11-22,0.0074351234,0.023368614,-0.06140556,0.017796574,0.019147743,-0.023916043,-0.0010455967,0.022096151,0.002000783,0.003903332,0.0048133633,-0.023632517,0.072765015,-0.034846365,-0.017575186,0.018764012,-0.009869349,0.017147308,-0.0063247997,0.009167896
2013-11-25,-0.021401567,-0.006303759,0.038978204,0.009487416,-0.009219904,0.006177867,0.0017243237,0.0016587266,-0.0046772235,-0.012078726,0.021983242,0.046570364,0.009440091,0.019199077,-0.005455117,0.005062722,0.013567056,-0.005204863,-0.017281625,0.0111758355
2013-11-26,-0.0018266826,-0.0009798141,0.008841638,-0.020096079,0.06980671,-0.034981184,0.012341133,0.0036826043,0.020145098,0.0056763752,0.008445767,-0.0012563363,-0.00349743,0.0,0.01441625,0.023967706,0.005241754,0.017129462,-0.002678309,0.011949011
2013-11-27,0.0060771243,-0.015073627,-0.006125889,-0.0048874067,-0.08804434,0.08830991,-0.0005919275,0.022571346,0.0090417415,0.008726009,0.017480034,0.017016433,0.013625686,0.0,-0.0055440376,-0.027576672,0.0,-0.014673468,-0.0062280884,-0.0057482505
2013-11-28,0.020780854,-0.011808687,0.019434128,0.03370289,0.06551484,0.004340843,0.01884271,0.016397288,0.021035042,0.007598488,0.018290168,-0.021032464,-0.017060611,0.013763124,0.031851128,0.0016389573,0.0041052024,0.024542613,0.014336425,0.022725495
2013-11-29,-0.012017095,0.011300628,0.015697628,-0.0015472826,-0.010725752,0.0067926366,-0.01852964,-0.016847195,-0.009422373,0.0043227696,-0.003913438,-0.014527218,-0.018515112,0.018796055,0.0111979125,-0.01982885,0.023665765,-0.0042175283,-0.008896222,0.0022243755
2013-12-02,0.011973224,-0.03178855,0.0008873898,0.038594555,0.0063524214,0.023605816,-0.01782078,0.01088611,0.008214547,0.020576565,0.020104727,-0.0027297535,0.049430296,0.04757102,0.012264677,0.035196092,-0.0036301129,0.01784169,0.032093346,0.008472444
2013-12-03,0.0035830154,0.027045228,0.033725914,0.011172778,0.008853418,0.011475467,0.02188724,0.0067314343,0.011061337,0.00243832,-0.00090673496,-0.026746951,0.00014230497,0.023165617,0.008200067,0.0007954787,0.014191489,-0.0026206719,0.0059948666,-0.0037175287
2013-12-04,0.015930716,0.013295695,0.0092095565,0.009119931,0.023452513,0.0041248663,-0.0078064594,0.010475341,0.00012117546,0.0053202044,0.002758554,-0.0033361195,0.013866396,0.0036734848,-0.0013777192,0.00063025276,0.0014569574,0.011081637,-0.01150677,6.0077964e-05
2013-12-05,-0.00063572574,0.010041655,0.0066025006,-0.010011737,-0.022604136,-0.0054746605,0.0045439196,0.0006973227,-0.003996184,0.0,-0.022719176,0.07243723,0.0390131,0.0041851983,-0.0098315,0.0016478167,0.0049646697,-0.014767807,0.0053680283,0.02661864
2013-12-06,-0.01874031,0.011047035,0.006427417,-0.047543682,0.00538196,0.028038424,0.0009496546,-0.0098335175,0.012630512,0.013499912,0.016355878,0.020311894,0.0015559995,0.006403767,-0.016957104,-0.013961071,0.0022933597,-0.039788716,0.035968937,0.0113348905
2013-12-09,-0.004270137,0.031650115,0.007576733,0.008648809,-0.0041567944,-0.005070619,-0.010100089,0.008389316,-0.0057880655,0.008086387,0.010542355,0.037830357,0.008602788,-0.00086050964,-0.00021936439,0.034803543,-0.0026133843,0.023992565,0.01566132,0.0035254038
2013-12-10,-0.012040242,0.002753201,0.0007890522,0.03849342,0.014379629,0.0,0.02561542,0.015441207,0.006383373,-0.01607163,0.004541021,-0.0087926965,0.00034828502,-0.0017584445,-0.015826698,0.011144669,0.02047831,0.020709783,0.020776397,-0.008192174
2013-12-11,0.003654282,-0.08511974,0.011322314,0.0018302758,0.023059333,-0.0015737957,0.007017879,9.0534864e-05,0.0025202027,-0.017935896,-0.0063140886,0.0042682043,0.0007571581,0.01806203,0.0067708245,0.013172737,0.012149402,0.010947916,-0.008986845,-0.008147589
2013-12-12,-0.0016082546,0.0017515939,-0.026637325,0.017980767,0.01882505,-0.0063241804,0.010219436,0.007826564,-0.0032677297,-0.0019863818,0.017958218,0.0006734638,-0.03289485,0.014385314,0.0067724306,-0.011398352,-0.0077478117,-0.005603208,0.0,0.01594579
2013-12-13,0.02703041,0.00559658,0.0032259473,0.01945802,0.0017029538,0.01922897,0.00372541,0.0036575636,0.007476021,0.008759291,0.0011169456,0.007557483,0.009345966,0.01624643,0.0133086275,0.011587061,-0.0028204417,0.0,0.03066391,0.009243194
2013-12-16,-0.003620975,-0.012364009,0.007044124,-0.013330004,-1.6353508e-06,0.0025592737,0.0015158469,-0.0036419216,0.015204114,0.0066011404,0.0044417884,0.004350762,-0.009900628,-0.009087838,-0.0059622764,0.005782818,0.00698879,0.027097635,-0.005818961,0.0015827303
2013-12-17,0.013353764,0.0,-0.00752582,0.0039173793,0.044125255,0.022895282,0.0079293195,0.01063012,-0.0052929693,-0.012710146,0.011404087,0.008939988,0.007558458,0.048172954,-0.000630333,-0.0019889614,-5.5606547e-06,-0.023818588,0.044494588,0.0032848087
2013-12-18,0.022102058,0.019236604,0.017928319,-0.009285656,-0.01924249,0.026279535,0.009219216,-0.0040883417,0.0,0.0046672113,0.009213051,0.0,0.025615703,0.003233277,0.0050556012,0.015481594,0.0006205127,0.0049030655,-0.006195598,-0.0010301959
2013-12-19,0.00051883707,-0.0029253282,0.008279108,0.014997673,0.021666344,0.009147953,-0.019966643,0.0047156876,0.009218825,-0.013921221,0.008474741,-0.020062054,0.0075079952,0.024530686,0.015712963,0.0030702774,0.017848229,0.0066634268,0.013397904,-0.0143623585
2013-12-20,-0.007695682,0.021653658,0.00209031,0.0159386,0.00431584,0.005865003,0.008531473,-0.0062964126,0.018936744,-0.0046256944,-0.0012761418,0.04050739,0.018350998,-0.0021694172,0.005085762,0.008778436,0.0017796039,-0.004353395,-0.028086426,0.007995408
2013-12-23,0.015223504,-0.017151684,-0.003368936,0.0020537563,-0.0015926043,0.01119425,0.015966468,0.00841753,0.0013934402,0.0015507708,-0.0068441336,0.02201997,-0.004802405,-0.008640917,0.007602303,0.0036681865,-0.00044080766,-0.013537975,0.03450159,0.007044074
2013-12-24,-0.013038151,0.0036922628,2.2496873e-05,0.0012808953,0.016909815,0.009269514,0.0019237594,0.005496064,0.008368686,0.01834234,0.009917536,0.009564724,-0.016973464,0.018532703,0.017109312,0.008701011,0.0075104013,-0.010971607,0.0031410079,-0.013834381
2013-12-25,0.008228017,0.03575954,0.027154066,0.020679595,-0.0011842992,-0.005241062,0.0046668043,0.007352892,-0.001049573,-0.007727734,0.014675058,-0.0068152025,0.018515905,0.0,0.0,0.0,-0.000512462,0.03074135,0.009636689,0.04243566
2013-12-26,0.0066675106,0.0060864254,-0.018534169,0.007657555,0.025057672,0.028178144,0.0,0.010074589,-0.039546516,0.02620284,-0.0018057004,-0.026463807,0.0032691038,-0.033901468,0.008646973,0.012604174,-0.009891911,0.00674805,-0.011374885,-0.027778827
2013-12-27,-0.00871479,0.027434466,0.004126229,0.028182348,-0.016083082,0.0074734753,0.011096497,-0.007511711,-0.016582781,-0.0029535422,0.0045216368,0.008092085,0.013175775,-0.041915625,-0.00055985566,0.014109959,0.018221611,0.02061651,0.012310646,0.004456087
2013-12-30,0.017614396,0.027561495,0.021862626,-0.011928175,0.02258916,0.0085392995,0.0013767413,0.021277314,0.0043648356,0.025300954,0.020338334,0.0060688653,-0.00994505,0.0,0.004738931,0.007438681,0.009258793,0.020522414,0.0,0.017952353
2013-12-31,-0.005039141,0.022066426,-0.0039934707,0.0029373246,0.0032685346,0.0,0.018910414,0.0,0.025767663,0.024542902,0.03320613,0.0070625357,-0.0008933576,0.0,0.0341575,-0.0017501601,0.0032691476,0.014704082,0.0042994944,0.03169398
2014-01-01,0.010582752,-0.014919662,0.02039626,0.03078215,-0.003689529,-0.0035813625,0.011306482,0.013522002,0.007928363,0.015460111,0.001527397,0.0051407563,0.0,0.016872615,0.003027764,-0.023970671,0.0032736037,-0.023075676,0.022036731,0.0048944214
2014-01-02,-0.0026646336,0.009189698,0.0031610865,-0.012752171,-0.021883657,0.0011990988,0.028171752,0.0016053641,0.0,0.015959203,-0.02170289,0.0082183555,0.0,-0.044561204,0.011630562,-0.0027232114,-0.0037728082,0.015354146,0.022008361,0.026448729
2014-01-03,-0.0014441198,0.009915816,0.015758451,0.017147962,0.009556917,0.0031619896,0.021011002,0.0073496215,0.0025296689,0.0098331645,0.039973285,0.0003612342,0.00515628,0.04823115,0.0024081862,0.02718888,0.0052874614,-0.010314515,0.012322296,0.0067839706
2014-01-06,0.015216688,-0.0031473753,0.0126691125,0.0034821816,-0.008735873,-0.005365216,0.03652643,-0.018546289,0.035750367,-0.019792732,0.0,0.0091737285,0.000552192,-0.0025344053,0.006201266,0.005769604,-0.0015651905,0.002944079,0.013263603,-0.0023148856
2014-01-07,0.0022467547,-0.008821649,-0.018024547,0.0017113112,0.033913553,0.014993719,-0.0019989118,-0.009738696,0.033944443,0.012704822,0.019395111,0.00148662,-0.00812401,0.06817284,-0.008757352,0.021707289,-0.003945653,-0.010188311,0.0062061893,0.004135757
2014-01-08,0.018659951,0.021343468,0.010265347,0.004706233,-0.022969425,-0.0009954341,-0.0036159665,-0.022133285,0.017396517,0.00535195,0.01802283,0.0022212714,0.0024583456,-0.0043895883,0.0,0.008318123,0.00016290648,-0.005719352,0.024525499,0.013249248
2014-01-09,0.012965496,-0.0012795372,0.015870277,-0.028161788,0.011101501,0.007352501,0.013577729,0.0040756944,0.01594723,0.008293674,0.051133793,0.011313143,0.012765467,0.009923471,0.021455353,0.0016059232,-0.0066957823,0.01609669,0.001348017,0.020013245
2014-01-10,-0.0066843606,-0.007995886,0.021971269,0.021225294,0.014250484,-0.0015120425,-0.010838641,0.003872505,-0.0045137834,0.015696647,-0.00578248,-0.008791392,0.026162313,-0.037368726,0.0064587872,-0.0013577795,0.02092394,0.0013733548,0.015137073,-0.013959488
2014-01-13,0.0049530575,0.022267671,0.011119101,-0.010047178,0.0054874397,0.00718416,0.019454839,-0.040708255,0.02523631,0.010866662,-0.06700346,-0.01552262,0.00442195,-0.023609528,-0.020955505,0.0,-0.025398605,0.0044511515,0.0012210595,-0.0032975255
2014-01-14,0.002094137,-0.015219739,-0.019950392,0.04977322,0.0055158413,0.017784206,-0.008668111,0.024916146,0.002391457,0.015395349,-0.0043198653,0.00863216,0.009401935,0.004636353,0.006114254,0.0037412974,0.015152015,0.014671295,-0.019924093,0.0
2014-01-15,-0.061305564,0.023533707,-0.017769184,-0.0014489803,0.02794272,0.019725436,-0.0021970558,0.009295474,-0.000784152,0.0017445101,-0.002894678,0.0,0.006371256,-0.016262673,0.0,0.02178331,0.01133293,0.021850862,0.02678695,0.0028525367
2014-01-16,-0.002792419,-0.012957802,0.001799437,0.02140276,-0.009874174,0.0030733307,0.0036733437,0.0,0.0055016316,0.013258762,0.024404012,0.0060439482,-0.01443615,0.0719542,-0.014350375,0.009932356,0.017435992,-0.0016963804,0.011384328,0.014266147
2014-01-17,-0.016488943,0.0071738525,0.019771043,-0.010939048,-0.023435915,-0.004805287,0.02985297,0.01466381,0.0046705552,-0.011811891,0.023649551,0.0032958153,0.0046640136,0.039595515,0.0028126575,-0.010737806,0.009147659,0.00083630165,-0.018538784,-0.019506
2014-01-20,0.014006414,0.030679634,-0.03223307,0.0023290226,-0.02469834,0.0047074812,0.0042123166,0.012450531,-0.012726637,0.0032611233,-0.0001242479,0.0056417887,-0.0039820014,-0.024717305,-0.02461633,-0.004857263,0.0,-0.013504949,-0.010183372,-0.015555387
2014-01-21,0.010481639,0.017014835,-0.044684116,-0.0026213294,0.0104961,0.028117074,0.009955868,0.00225336,0.0017915593,0.01310046,-0.0011895617,0.008421123,0.017982246,-0.0015625145,0.0067477063,-0.019920936,0.010623409,0.018827518,0.008347254,0.016739944
2014-01-22,-0.01876332,-0.00885547,0.013587299,0.014954188,-0.024334995,-0.0006665662,0.020158704,0.0038498964,0.018249875,0.0100407945,-0.008391344,0.005143325,-0.005322695,0.02804584,-0.021076139,0.0025041047,0.0022009828,0.0162285,-0.0108143,0.005098565
2014-01-23,-0.008884597,-0.042135883,-0.0075562466,0.045701675,0.0054868,0.010093025,0.016719993,0.013105439,0.0044206907,0.0033821021,-0.009944842,0.005304555,-0.00021743984,-0.00071239023,-0.0054323953,-0.015255262,-0.0075541893,0.0038412418,0.015141826,0.002588856
2014-01-24,-0.015366577,0.016215958,-0.0086945295,-0.011965984,0.007748006,0.0033231878,0.0048650377,-0.0006007094,-0.001548556,-0.006383543,0.01562761,0.0037442667,0.0013249081,0.014845083,-0.019445876,0.020396966,-0.02682774,0.0019242236,0.007164682,-0.00041261426
2014-01-27,0.008127465,-0.013195273,0.018749816,-0.018574268,0.028158873,0.018695757,0.007881666,0.016499404,0.002637421,0.0071970765,0.017392948,-0.0002618361,0.0024653173,-0.01946019,0.033047263,-0.011150384,-0.003098875,0.0032789,-0.0058175023,0.005439586
2014-01-28,0.014964971,0.023666559,0.0010156484,-0.11019193,-0.00410981,-0.0033773824,0.0084262965,0.006768318,0.007686454,0.0022378897,-0.005997786,-0.008160152,0.010267708,0.009186014,-0.010943973,-0.08930681,0.0003528326,0.00991079,0.018932708,-0.0066863988
2014-01-29,-0.0017496712,0.010800821,0.013019522,0.045013107,-0.0047404147,-0.054430846,0.009963532,-0.0010641771,-0.006143589,-0.033449013,0.010002908,0.0007684658,0.0012035834,-0.009438978,0.007292878,0.024125721,0.019426284,-0.0013311381,-0.02462929,0.000514512
2014-01-30,0.009535408,-0.0014608195,-0.0024323885,0.009202846,-0.007158871,0.003542863,-0.11338856,-0.008888938,-0.01479387,-0.0031196806,-0.020970209,0.017992651,0.011571019,-0.035141483,0.029277012,0.021104865,-0.002539302,0.004483657,0.017894905,0.017766824
2014-01-31,0.0073434054,-0.0063154968,0.025501553,0.06813071,-0.037873365,0.02626076,-0.020432174,0.011212344,0.0039256853,0.032938845,0.009146538,0.0020281323,0.0,0.026671791,-0.0062628686,0.008536501,0.0092940135,0.009942433,-0.048159562,0.008603754
2014-02-03,0.0043276963,-0.04478898,0.028476663,-0.03990602,-0.0073330724,0.022778979,0.021073632,-0.009646195,0.0005283106,0.0011779697,0.014364792,-0.024394395,0.0048913904,0.003319218,0.0021833207,-0.021324832,-0.0022491668,0.0,0.019939708,-0.019686665
2014-02-04,0.030906556,0.011800327,-0.00421445,-0.0013986373,0.007610109,-0.019941118,0.005044327,0.005635794,0.024068525,0.0023782724,0.011174613,0.007415449,-0.0005355743,-0.01784887,-0.0100903,0.0205558,0.016107611,-0.0030482125,-0.034156334,-0.013356638
2014-02-05,0.0018154191,0.024038803,-0.0011434945,0.007041139,-0.024578046,0.037880003,0.0029837561,0.012541159,0.004651019,-0.0008366316,0.0,0.005753841,-0.008839085,-0.004901437,0.015005571,0.018767653,-0.002718954,0.0034840072,0.012130587,0.0006727812
2014-02-06,-0.02321976,-0.046652317,-0.017246524,0.0017800735,0.015928224,0.00812155,-0.026576778,-0.0018330016,0.0021717022,-0.0044179284,0.0051615634,-0.00457931,0.0050658323,0.013672975,0.011189414,-0.00041703248,0.013393141,-0.0040428997,0.013251443,0.007928437
2014-02-07,-0.0341831,0.014693925,-0.040760398,0.0,0.04049614,0.0048800656,0.010722697,0.005335856,0.013240754,-0.004307167,0.0039821817,0.010422554,0.008519252,-0.008664164,0.0054918034,0.0,0.0069222273,0.009315451,-0.026590325,0.01092061
2014-02-10,-0.025598269,0.004009623,-0.004570585,-0.004863069,0.023808414,-0.0056082886,0.011147851,0.027806431,0.0238238,0.0041940287,-0.057566483,-0.021361541,0.011159231,0.027210617,0.008658803,0.022236437,0.018805755,-0.0068671033,-0.021255074,0.0
2014-02-11,0.0,0.013565865,0.009177576,0.008031374,-0.0008873812,0.00970461,0.015770933,0.004200845,-0.019600926,0.030668836,0.030658282,0.0032604677,0.025476754,-0.0034026771,0.00463231,0.032908842,-0.0123648215,0.006291058,-0.014789887,0.0075614667
2014-02-12,-0.005967658,-0.0043478142,-0.020056853,0.001243968,0.015331307,0.0012924226,-0.0020023752,0.02290124,0.005634747,0.010299817,0.0025966093,0.029358026,-0.002968486,0.0373656,0.020244831,-0.012854761,-0.01810214,-0.003608957,0.07041615,0.0
2014-02-13,-0.0046149697,0.0,-0.0017516454,-0.0010761953,-0.025040505,-0.00059023726,-0.043327294,0.00402924,-0.0064937016,-0.0020900783,0.0026980343,0.0004183281,0.004978836,-0.012318056,-0.016011257,-0.0023438535,-0.010169908,0.000291439,-0.0030321977,-0.028815797
2014-02-14,0.023420986,0.00047180936,-0.005257861,0.007567219,0.016883027,0.018850066,0.002509822,0.010141036,-0.0061240457,-0.0015863405,0.0,0.011263926,-0.026624553,0.045352634,-0.007320471,0.014071975,-0.0102068875,0.018248852,0.011915927,0.011147264
2014-02-17,0.019160165,0.0028377152,-0.004548875,0.003482291,-0.02092875,-0.006898729,-0.03250569,0.0076615307,-0.00035750412,0.0037481105,-0.005406903,0.009547195,0.020506758,0.0039109406,0.010033121,-0.019408537,-0.003854026,0.023422169,0.022819515,0.0146383
2014-02-18,0.02983944,0.009679876,-0.053250823,-0.036595233,-0.012241477,0.006998617,0.0,0.007977122,-0.06949156,-0.036190886,0.012025491,0.020030227,0.019254973,0.0022362305,0.0015890289,0.010925547,0.0028431583,0.0029686692,0.019371428,0.0007536136
2014-02-19,0.007204768,-0.005786719,0.0007198496,0.016026622,0.007543649,0.040933497,-0.0009643625,-0.02608421,0.022144916,0.015670886,0.0031339643,-0.0005848465,0.02002045,-0.043084428,0.0050322856,0.0036947143,0.005112805,-0.0043269345,-0.009799898,0.031002283
2014-02-20,0.015478743,0.015899593,-0.0009044172,0.0022164432,-0.01949567,0.012006918,-0.005766549,0.005526213,0.00057057606,0.017081251,0.025253283,-0.00799258,-0.008540295,0.0015772285,0.00576618,-0.014512976,-0.00027378032,0.0058690286,0.0058450834,-0.005356763
2014-02-21,0.022125388,0.013613875,0.07343783,0.015229709,-0.0068525826,0.0052402117,0.025358317,0.0060322373,0.039738964,0.001743519,-0.03182618,0.00081737037,-0.0022536782,0.006702656,0.0118218055,0.023724584,-0.00012261685,0.019167447,0.004048971,0.029801851
2014-02-24,-0.016429635,-0.006742591,0.007831508,-0.018583419,-0.0047855307,-0.024101412,0.006946415,0.0056651514,0.041389,0.008513678,-0.02335878,0.007404504,-0.0015135035,-0.0037534924,0.0014043663,0.011323622,0.0010969681,0.0,0.021927329,0.0044297576
2014-02-25,0.0,0.00048721166,0.020217909,0.033461396,0.012135497,0.0032231833,0.06106449,-0.013168349,-0.017950954,0.024610339,0.027386518,-0.005163434,0.014798575,0.003344386,0.003345966,-0.010818675,0.0,-0.017596904,-0.01919338,0.023739582
2014-02-26,0.025608914,0.018558647,0.011704864,0.0062151975,0.011361373,-0.0068876133,0.0006033816,-0.0030039954,0.0042074793,0.007367153,0.036889397,0.012764344,-0.0021432748,0.023472495,0.018954666,0.005652144,0.008128627,0.008031693,0.012667393,0.01256756
2014-02-27,-0.0031890466,0.0,0.008622173,-0.001051331,0.023593295,-0.07526793,0.03140822,-0.0065764305,0.031776946,0.003685801,0.0024634576,-0.0065729227,0.008040588,-0.014979058,-0.015368488,0.021837307,-0.010293436,-0.018974626,0.00030093675,-0.0068899267
2014-02-28,-0.01845869,-0.003064141,0.0034791634,0.010941372,0.015761873,0.016603498,-0.00032052866,0.0081114285,0.0073655364,-0.008137196,-0.016023405,0.015451687,0.0070598954,-0.016982589,-0.0023855472,0.0035367669,-0.005614578,0.020410232,0.008486374,-0.004142421
2014-03-03,-0.0042412495,0.00072687987,-0.016875366,0.025744028,0.009740545,0.02105573,0.008570969,0.0047058742,0.0026826356,0.0128415115,0.014670962,0.0021335282,-0.0029824176,0.010942435,0.00016947876,0.0020021645,0.017021932,-0.0053221984,0.009428404,-0.0046096514
2014-03-04,-0.0512117,0.017856607,-0.00030894185,0.00018668956,0.0,0.020386355,-0.016929967,0.017601777,0.0078072264,0.0142089985,-0.023339605,0.0035655994,0.011600549,0.046826854,-0.0014736674,0.015220606,-0.0026947071,-0.007489296,0.0050680405,-0.0013481309
2014-03-05,-0.002547502,0.0099307895,0.008240061,0.01436328,-0.0077426936,0.0023266317,0.0005399573,-0.01998426,0.010887707,-0.007759289,0.038141523,0.00081058685,0.0060774954,0.010368444,0.0058385315,0.013132318,0.017647259,-0.023256315,-0.017753385,-0.016009392
2014-03-06,-0.0077073933,-0.0053449813,0.009651074,0.009218001,0.002350281,-0.009171007,-0.043312296,0.025025375,-0.0012487812,0.006594826,0.005270054,-0.0018645755,0.0054047117,0.009508945,0.008646814,0.01029405,-0.0084461,-0.034034867,0.0024356435,0.037788063
2014-03-07,0.020422623,0.011053548,-0.0119013395,0.02486832,0.0036876015,0.012809787,-0.00043343587,-0.0033819014,-0.016825916,-0.0010461749,0.0046398747,0.0149997985,0.00441561,0.011646934,-0.0029079767,-0.015024711,0.0050704745,0.009690654,0.0005882451,-0.06724153
2014-03-10,0.032521676,0.013238496,0.023337472,0.006672502,0.011062085,0.00772815,0.011245855,0.0007943676,0.026709558,-0.0017048961,0.0475678,-0.00085463567,0.0003398255,0.01703353,-0.0040971814,0.008385302,-0.009673534,0.015616437,0.017717592,0.0035196927
2014-03-11,0.0002856787,-0.0002673832,-0.011942713,0.0077479524,0.0040902593,0.022621779,0.026666446,0.0029238004,-0.022745717,0.008777294,-0.06980105,-0.006590157,-0.0045887167,-0.022371609,-0.00036148287,0.026516387,0.014004447,0.015690913,0.007535173,-0.03924385
2014-03-12,0.044446874,0.0010819144,0.017983772,-0.007476899,0.008564864,-0.00409417,0.00046164784,0.02203803,0.012255137,0.011911706,-0.0044148066,0.014631753,0.007972978,-0.0059894565,-0.004986506,0.005714616,0.013593854,0.014724881,-0.00392266,0.02041736
2014-03-13,0.006447017,0.008206707,-0.01787497,0.006795317,-0.0022492947,0.027599066,0.017749077,-0.004436734,0.010944205,0.005483458,0.030362211,0.011800046,0.008599222,-0.0066913576,0.0036410473,0.0032894926,0.0069258595,-0.0010264571,-0.012507341,0.01783162
2014-03-14,0.0035001854,0.009138212,0.013258996,-0.0036349483,-0.0034076753,0.0045073675,0.0035563596,0.0085630035,0.0053380905,0.0028272215,0.0104431035,0.00931877,0.0020550343,-0.0021747279,-0.008646644,0.009804689,-0.009180054,0.006551623,-0.0077614104,0.024468364
2014-03-17,0.005149637,0.0053098123,-0.009597086,0.023237959,0.0034314631,0.007216649,-0.007730813,-0.00314828,-0.0008405138,0.007522509,0.023728887,0.0043932647,0.0021947725,0.024317082,0.013046305,-0.0289758,0.0042417794,0.006404099,0.019806553,0.009469634
2014-03-18,-0.0043053,0.013190594,-0.012454273,0.0,0.014658576,0.00023280556,0.042064536,0.008827909,-0.015391394,0.004054836,-0.014223123,-0.0049577286,0.0019732947,0.0091615915,0.0039443634,0.030640854,0.00041525342,-0.0029414135,0.03702528,0.01724161
2014-03-19,-0.017040823,0.0024237712,-0.0028078277,-0.0057842014,-0.00092571107,0.0073374873,0.0094994875,0.004204691,-0.008857506,-0.018963346,-0.013670902,0.00034871904,-0.0133679835,0.008020701,0.0016888744,0.018245574,0.01442587,0.0105439015,0.0072853775,0.0042253793
2014-03-20,0.007993826,0.008565107,0.020535551,-0.0055444636,-0.00020271302,-0.0030573641,0.022598187,-0.015956894,-0.008734598,-0.0005013595,-0.008883741,0.002380959,0.012849124,0.013637873,0.008030987,-0.0052533117,-0.030921957,0.0034208524,-0.020762727,-0.00079373975
2014-03-21,0.018852545,0.0069436654,0.01223604,0.017433668,0.0,-9.8116005e-05,-0.000985402,0.011444443,-0.018581575,0.0057881135,0.009087875,0.004097194,-0.008662431,0.0024018297,0.0025520555,0.020685887,0.022722587,0.006172604,-0.012349816,0.0382658
2014-03-24,-0.023942696,0.009328277,0.0076665683,0.02146948,0.008040535,-0.0027997603,0.0079320455,0.00042325674,0.0,0.001482911,0.0,0.007347289,0.014091138,-0.013491535,0.021921443,0.0032267128,-0.0054950304,0.0108853495,-0.012056691,-0.0037645209
2014-03-25,0.0027887942,8.994765e-05,0.06608256,0.028824028,0.009708104,-0.0028268003,0.013274177,-0.005122657,0.033141613,0.0043688887,0.01897798,0.005095423,0.0033908177,0.02790301,0.010819347,-0.01612106,-0.00872947,-0.0008085772,0.03434609,0.0037350662
2014-03-26,0.008270053,-0.038669884,0.0015519992,-0.06202449,0.018792648,-0.0015880006,0.026584338,-0.006290222,-0.006559477,0.0026737181,-0.0034072767,-0.017338283,-0.0124686165,-0.00045441373,-0.0017572014,0.002448554,0.009540546,0.018935591,-0.012869564,0.023631841
2014-03-27,-0.029232716,0.0,0.013329778,0.023125373,-0.033139102,0.024577638,-0.007981682,0.015617743,0.007452556,0.0008883863,-0.0021879794,-0.0012563359,0.015912795,0.05486518,0.01779414,0.020622114,-0.0057690386,-0.14323941,-0.024376757,0.014469301
2014-03-28,0.017311912,0.005076014,0.023940016,0.04651314,0.0,-0.02728214,0.0050431183,0.0012823036,0.006575165,0.0048736366,0.025366388,-0.0049475012,4.159169e-05,-0.041607346,-0.026677892,0.0036325203,0.07532209,-0.025401408,-0.0021681734,0.0
2014-03-31,0.010196192,-0.010869661,-0.1443583,-0.026385086,-0.025722718,-0.062324986,0.021077981,-0.0018137567,0.01457698,0.010108083,0.003806938,0.022952223,-0.006211335,0.006116936,0.011177534,-0.0093392655,0.026465524,0.027223961,-0.004048778,0.00036465735
2014-04-01,0.0062505654,-0.01521129,-0.017032027,-0.018964726,0.0102584595,-0.027561784,-0.030749764,0.0019748975,0.0032132342,0.011011131,0.01014576,0.0015587808,0.011316163,-0.0026372327,0.0043023257,0.0036741737,-0.0073221372,0.01620536,0.016659962,-0.0028898742
2014-04-02,-0.0136936465,0.01427228,-0.0059613986,0.0372533,0.07226129,-0.0025387604,0.016850198,0.0033737838,-0.0022285,-0.009615003,0.014372096,-0.040786788,0.00081230263,0.0019747636,0.019827787,-0.00977677,0.0,-0.005755051,0.012353469,0.00345451
2014-04-03,0.020497661,-0.0045816777,-0.0022200572,-0.005024601,0.037431136,0.007588179,-0.019505402,0.012497856,0.010244965,-0.023386091,0.013272265,0.016556056,0.0072679394,0.00028252142,-0.014376652,0.007549437,0.013881931,-0.0023030795,-0.004094455,-0.005790104
2014-04-04,-1.5302663e-05,0.015687624,-0.15239923,-0.015681375,0.0053742393,-0.0713124,0.01738653,0.019323342,0.0032728326,-0.016199403,0.004045547,0.007969073,0.0025185314,-0.0825854,0.020580867,0.0,-0.0067142686,0.03701558,0.011628245,0.0027496475
2014-04-07,-0.02642559,-0.002961412,0.07609687,0.05664933,-0.0070615876,-0.021325458,-0.0030504772,-0.016710728,0.0010991754,0.0029690892,-0.010700383,0.004159251,0.00871511,0.032109898,0.020506758,0.0030464602,-0.008689548,0.00043398558,-0.0017963371,0.011213157
2014-04-08,-0.0022754648,0.022807835,0.06454183,0.017666668,-0.025124187,0.060420606,0.00774418,0.014961879,0.011625339,-0.011330847,-0.015036637,0.010774843,-0.0026754725,0.0016920038,0.034725875,0.03125174,0.026843179,-0.005305289,0.023558438,-0.019138524
2014-04-09,-0.0055341017,-0.00030160113,0.011044388,0.012662646,0.027582385,-0.058185015,0.0023599814,0.0266636,-0.007914254,0.0,0.013875872,0.0037939292,0.010663308,0.05717413,0.000539925,-0.0013965376,-0.0005085236,-0.010702899,-0.016495617,0.013348031
2014-04-10,0.049342338,-0.015734825,0.0365182,-0.006184627,0.0066051837,-0.014407477,-0.01083188,-0.012286346,0.0,-0.0023861,0.020002853,-0.022523845,-0.009322984,-0.001406699,-0.0032632644,0.00179322,0.026571557,0.0027754954,-0.015691152,-0.0103352135
2014-04-11,-0.01920754,0.0049258685,-0.0068852156,-0.0030299465,0.023770988,0.07290906,0.02657857,0.0021369539,0.0,0.046453986,0.009955932,-0.01693981,0.001681563,0.046537977,-0.0037678557,0.010715657,-0.0067548854,0.008031977,0.003300284,0.017415123
2014-04-14,-0.0034957896,-0.01916933,0.019351315,-0.009469945,-0.015913691,0.011556931,0.00069261156,0.004889268,0.00089327147,-0.030855285,-0.013538165,0.017910732,0.008420785,0.02343394,0.0243624,0.012730394,0.015280543,0.0050948597,-0.036054123,-0.01528559
2014-04-15,-0.14513476,0.0152005935,0.06903418,-0.006114162,0.017537797,-0.01680392,0.016077396,-0.017612785,0.0006156593,0.03762423,-0.002394027,0.0004400719,-0.0012987693,0.023373976,0.012995946,0.001973791,0.014375028,0.01668497,0.011693205,-0.0062094866
2014-04-16,0.088384986,0.017624093,0.0023432705,0.01932275,-0.0031154044,-0.030622939,0.011492963,-0.06118909,-0.0018704804,0.0113786915,0.008046624,0.003558863,0.010770972,0.009964557,-0.0032667841,0.011711031,-0.02597562,0.02523499,-0.000162938,-0.0041113943
2014-04-17,0.037813865,0.018661715,-0.020597115,-0.054051474,-0.0015077066,0.026174456,0.024286473,0.003162361,0.009169879,-0.007578768,0.0052388827,0.026208334,-0.0056057307,-0.007626887,-0.0065386714,0.0074398806,0.0073557664,0.020854022,-0.0060409917,-0.004377572
2014-04-18,0.024868466,0.003429229,0.02029719,0.021411764,0.00039893194,0.011318953,-0.009030636,0.011806226,-0.0064390567,0.018666985,0.00866692,0.013225504,-0.0025545603,-0.008861915,0.00052914897,0.018840946,-0.007105118,0.010755651,-0.025767619,0.008257824
2014-04-21,0.029664695,-0.0023562443,-0.0022900156,-0.003611722,-0.013162882,-0.01982532,0.008539044,0.00055858836,0.01521999,-0.0032133155,0.01692643,0.0,0.014368012,-0.08281977,-0.004214334,0.031444978,0.010925769,0.008539203,-0.01723562,0.000958552
2014-04-22,-0.014354262,-0.009272422,0.0011464978,0.010190675,0.03327667,0.009396891,0.012004228,-0.0069937194,-0.001608997,-0.008851423,0.0,0.032659125,-0.0015533824,0.012597588,0.016034182,-0.009105224,-0.017857086,-0.008707677,0.01126096,0.0072606006
2014-04-23,0.05625582,0.014242763,0.0078051575,0.0447664,0.03945537,-0.015181053,0.019040285,-0.028644899,0.02099341,0.0,0.007382667,0.0116872825,0.007460097,-0.013424233,0.055009253,0.0044776215,0.002075209,0.007643601,0.04491187,0.016831947
2014-04-24,0.008528736,0.0041748597,0.002773811,0.01760278,0.003127319,-0.0008767876,-0.014050422,0.011847183,0.014693033,0.022059355,-0.0067314273,0.0034073044,-0.0086715985,0.0036807603,0.00534711,0.024625733,0.023494478,0.0032559896,0.02262718,-0.013352898
2014-04-25,-0.00090692344,-0.0150356125,0.0153694125,-0.004468647,-0.019455396,0.022498617,0.011424478,-0.03075175,-0.018841816,-0.026788851,0.0062057693,-0.004126397,-0.01807812,0.0037322163,-0.015157635,-0.0050928583,-0.006327021,-0.0081073465,0.0039524273,-0.001054436
2014-04-28,0.012050179,0.019976376,0.016822595,0.00060194597,0.017265871,0.0028846052,0.0,0.020684388,0.007457518,-0.01244666,0.010661965,-0.0030754032,0.021833407,-0.1348991,-0.018446926,0.00073568145,0.012430875,0.0073420415,-0.011878797,0.008124038
2014-04-29,0.010278745,0.004804647,0.023653466,0.0056140907,0.016095566,0.0007062704,-0.0016796542,-0.019021984,0.0013225563,0.030572036,-0.020392556,0.0014991729,-0.000201388,0.06169959,0.013142213,-0.008140926,0.0032687495,-0.08476808,0.011276399,0.0084696775
2014-04-30,-0.008136649,0.008825226,-0.001823198,0.0090105245,-0.009667953,0.01965586,0.007058975,0.004283264,-0.0032889056,0.0072489004,0.0046445946,-0.025627792,0.014980324,0.018668547,0.020216322,0.010290139,0.0007733023,0.00030083713,0.0045866505,-0.009463139
2014-05-01,0.027129728,0.0012298916,-0.019675804,0.025664123,0.021686934,-0.00615763,0.0041546393,-0.013787255,0.024613472,0.008532466,0.0084291315,0.004080869,0.021251325,0.038266048,0.010171057,-0.06081326,-0.0002284647,0.030652208,0.0070574735,0.015199605
2014-05-02,0.0103700105,-0.0010515001,0.013470964,0.010200338,0.017947258,0.026813526,0.011209184,0.007858895,-0.0018786081,0.009208815,-0.00065256737,0.008923846,0.0058180992,0.0080342265,-0.019839073,0.025284506,0.018805394,-0.031602807,0.003320356,-0.0018134473
2014-05-05,-0.0039432417,0.012732447,0.0044399165,-0.009185636,-0.0027935961,-0.01826523,0.0052948073,0.014366096,0.0,0.0024080535,-0.0030834116,0.016598132,-0.0010502749,0.049620856,0.027394954,-0.0007140332,0.0071916813,-0.0155460965,0.013264626,0.017039219
2014-05-06,-0.013386311,0.016584812,0.0026776828,-0.0016963196,-0.02282376,0.016589599,-0.0005289073,0.0052735065,-0.015998082,0.006006416,0.016531236,-0.0053168274,0.013890446,0.026728848,-0.00072487403,0.016694956,-0.00905702,0.023607476,-0.0008302242,0.008273284
2014-05-07,-0.0005238393,-0.0013289106,0.015014752,0.0036183398,0.0054611485,-0.00047846965,0.0,0.029884232,0.011399561,0.016757656,0.0,0.009304476,0.0106596425,-0.029801274,-0.010008481,0.019317498,0.018666295,0.07045451,0.0044255224,0.019156942
2014-05-08,0.01094488,0.00034922088,-0.009418196,0.02097346,0.063214496,0.022432368,0.0,0.013321415,0.008335933,0.002982017,0.004709737,0.022118753,-0.021186225,-0.015087958,0.0060265814,-0.028811794,-0.026030188,0.038840376,0.01542611,-0.011604939
2014-05-09,-0.011116012,-0.0015144697,0.00024829415,0.03257004,0.025051884,0.0,0.0008255344,0.018993065,-0.0043337676,0.023660919,-0.02428135,0.0115844235,0.009729488,-0.008423188,-0.0027771234,0.0036840537,-0.0022025302,0.010263049,0.00058531977,-0.0048490553
2014-05-12,0.021420605,0.00017348705,0.010026435,0.007737887,0.0280633,0.022852097,-0.0010365385,0.0027073717,-0.0030974832,0.0,0.0069650146,0.0045011644,0.0072997697,-0.057675123,0.0074844956,0.0041253367,0.00017077755,0.0038619677,-0.018806068,0.01039746
2014-05-13,-0.002922726,0.017549602,0.013835961,0.0059394375,0.012532234,-0.0077278856,0.0065874686,0.01868821,0.013244499,-0.0072544403,-0.020764323,-0.024882847,0.009409576,0.08507968,-0.0053130756,0.013058116,0.0051463395,0.009382698,-0.0046992633,0.0025326393
2014-05-14,-0.0047034654,0.0035280003,0.03063202,0.0018530895,-0.014651271,-0.005584126,-0.018198486,0.04745973,-0.005808745,0.004656163,0.014360586,0.016069574,0.006386133,0.004971026,0.027688812,-0.0008851109,0.006616735,0.042878687,-0.019404866,-0.008667346
2014-05-15,-0.0013007241,0.00035063404,-0.0018208519,-0.009403259,0.005008663,-0.015472403,0.024337187,-0.03667877,0.0,0.0053434833,0.0027785047,-0.012692009,0.012172963,-0.04806702,-0.028556442,0.026948351,0.005026277,0.058209654,-0.016906934,-0.004570985
2014-05-16,0.023750683,0.018136956,-0.009727185,0.010104249,0.013063799,0.025188273,0.0031957878,-0.006332991,-0.0018180326,0.012340398,-0.00023077261,0.015932603,-0.021280471,0.009161482,-0.02814936,0.005402675,0.031239705,0.003727274,-0.00092483405,-0.0029409672
2014-05-19,0.020462658,0.0058259955,0.0012638866,0.041458793,0.015120461,-0.0014533863,0.01063693,0.014597477,0.006468188,-0.004492924,0.007173709,-0.00038570314,0.0007769213,0.029071081,0.015784174,0.0,0.028146006,0.0025719355,-0.006847232,-0.0027866922
2014-05-20,0.01960505,0.008900047,0.057620186,-0.004227012,0.023028364,0.011238491,0.0111339595,-0.0034001137,0.017527154,0.0038928653,0.017966244,0.015839994,-0.0051396736,0.01673744,0.034072258,0.0029658978,-0.012459395,0.0,0.06752632,-0.0020498217
2014-05-21,0.010650748,0.013860858,-0.0029627252,-0.023923185,0.004098241,-0.023378482,0.0007921183,0.0,0.0050819293,0.01832061,0.0,-0.0028019312,0.0031590671,0.011282218,-0.021368952,-0.010099745,0.029688848,0.0024608173,0.010962979,0.010364354
2014-05-22,-0.008138783,0.0047092494,0.0005730486,0.0018166814,-0.044171855,0.015744735,0.006109793,0.0,0.012366164,-0.01532331,0.027565869,-0.028409733,-0.002524156,0.07047638,1.2072518e-06,0.0047623347,-0.010102766,0.027765347,0.009819831,0.0013679614
2014-05-23,0.017844988,0.0040786574,-0.0015915624,-0.005356838,0.0064344252,0.005626694,0.0059346403,0.0073404177,0.0032068684,0.0,-0.0024384146,0.01581187,0.0154075865,-0.01391098,0.022280684,0.010331894,0.004509723,-0.0056053665,0.015191574,0.004603436
2014-05-26,0.005350102,0.009302656,0.037771184,-0.012963204,0.0029500227,-0.0031024986,0.012763523,-0.014990469,-0.00811282,0.004702821,0.010052983,-0.00084454136,-0.0032376626,0.007217472,0.012745415,-0.002228263,0.030614791,0.021965949,-0.004524699,0.006502548
2014-05-27,0.020045474,0.01177254,-0.03265915,-0.0059177885,-0.0007322823,-0.0057881987,0.011634929,0.010559344,-0.008195166,-0.0058859447,0.0032513451,0.001406882,0.014808169,0.00892003,0.039420594,0.014217784,-0.005298793,-0.0034181897,0.015599805,0.006598173
2014-05-28,0.0012035855,0.009694145,0.008652134,0.005489275,0.013601503,-0.0013869853,0.0046846685,0.0067875423,-0.02898336,0.03307332,0.0,0.006573262,0.0003740574,-0.13090226,-0.017578704,-0.01424142,0.016287103,-0.04786286,-0.01168919,-0.0057337093
2014-05-29,0.024955291,-0.0010116281,0.0073541724,-0.033242285,0.001892304,-0.0042190794,0.0,0.029193537,0.017924296,-0.0023777,0.01585418,0.011629353,-0.0019736344,0.04580596,-0.00054840965,0.012552234,0.00677336,-0.015528298,0.00080801646,-0.0074944105
2014-05-30,-0.005244063,-0.019494435,0.0028510494,0.008264741,-0.0063890675,-0.0018164656,0.017816756,-0.00048805508,0.0006677467,0.008058589,-0.0024744396,0.01785204,0.015591714,0.0038410008,0.02452555,0.0010618719,-0.017007608,0.027479311,0.008733203,0.0109626
2014-06-02,0.009835247,-0.0037268652,0.037343886,0.039389957,0.0046943007,0.005652238,-0.0074959924,-0.012200741,0.022335988,0.01588397,0.01330104,-0.004573777,-0.005280375,-0.021006411,0.013204875,-0.0012551374,0.03034952,0.05130292,-0.013208441,0.006392877
2014-06-03,-0.015553679,0.009215098,-0.019594522,-0.014639186,0.01326089,0.027415007,0.008573334,-0.031162677,-0.00088330975,-0.013867574,-0.015717186,0.00964133,0.011700543,-0.013431487,0.0042438754,0.0075151254,0.00062655006,0.015505616,-0.014460788,0.010780018
2014-06-04,0.004222881,0.018021101,0.06957749,-0.0029517545,0.0008002303,0.008266846,6.3587446e-05,0.014409164,-0.0010394556,0.010364924,0.014510896,-0.019194607,-0.0075258818,-0.002010095,0.02041451,0.018837977,-0.0010438893,-0.028199133,0.013548149,0.007897421
2014-06-05,0.002235128,-0.00880611,-0.048407216,-0.0254943,0.006784956,-0.012559458,0.011612453,0.007335203,0.01970436,0.036593683,0.0066667576,0.0033341295,0.0075979833,0.013723289,0.023447141,0.023811469,-0.005233747,0.016970772,0.022440106,0.0
2014-06-06,-0.014724366,0.008429319,0.048022524,0.010452761,0.006110119,-0.0031454768,-0.00067856285,0.030737445,0.007212691,0.008288267,0.0100481305,-0.0006295506,0.0032067283,0.03436286,0.007965246,0.0050681387,-0.0042039524,-0.029908946,0.0014940399,-0.003337199
2014-06-09,-0.011627384,0.022207236,-0.0071992176,-0.038969837,0.020259311,0.026911171,0.011532899,-0.007925672,-0.0152940005,0.008677389,0.00891555,-0.00041573087,0.00735614,-0.041698135,-0.008373482,-0.014196516,-0.01697509,0.009700788,0.034783836,-0.01692385
2014-06-10,0.009900842,-0.009430333,0.0037519494,0.024536358,0.0077110482,0.016215973,0.0016192127,0.007751215,0.015167171,0.0,-0.009413581,0.012369496,0.0,-0.011700063,0.00030674192,0.009016959,0.029921103,0.03771172,-0.004812789,0.0
2014-06-11,-0.016370796,0.026575033,0.034633845,0.018165885,0.009297443,0.00014488537,0.0033510188,0.028837213,0.017162127,-0.0010841653,-0.011143382,0.01285581,0.007569147,0.0051376596,0.039569035,-0.016154725,0.020811263,0.014164951,0.008334654,-0.00053646247
2014-06-12,-0.019370854,0.008675111,-0.02781515,-0.03104086,0.0,0.007526577,-0.008426457,0.023664514,-0.00062939856,0.011858621,-0.0015888149,-0.0042960607,0.0031909999,0.02142112,-0.013202159,0.011880195,-0.0036344926,0.0118780285,0.0047729216,0.0017673739
2014-06-13,0.0,0.014379761,0.048135832,0.013618217,-0.0023877718,0.0,0.010068594,0.015567955,0.0,-0.01106297,0.008617962,0.005491906,0.005558519,0.018243663,0.0019620066,0.017828662,-0.013847649,-0.034140743,0.0038977237,0.0046356576
2014-06-16,0.007326267,-0.01599433,0.0025295892,-0.02711567,0.015087082,0.009548903,0.01583241,-0.0027042048,0.0071595795,0.019850468,0.0016193386,-0.013752569,0.015503383,0.01412309,0.0048634536,-0.0051102666,-0.016227325,0.028591609,0.005195627,-0.013044611
2014-06-17,0.04788965,0.0006937124,-0.014564818,0.014112315,0.006320797,-0.0011266842,0.004198936,-0.003772402,0.016604131,0.010190221,0.0036635709,0.009414846,-0.0019638953,-0.023220696,0.0020347277,0.0043778364,0.01265449,0.013040882,0.0014357074,0.014469804
2014-06-18,-0.0027006285,0.027580718,-0.006581231,0.024456602,-0.0030072494,0.0035054574,0.0041079214,0.0015177557,-0.00213715,-0.00023895084,0.013184955,-0.0039726812,0.006017424,0.0130297635,0.022141859,0.009144815,0.014682379,0.0007385554,-0.0024317384,0.005358969
2014-06-19,0.024651542,0.0049501252,0.037144925,0.011800125,-0.019817762,0.008829525,0.028445562,0.0034230826,0.016241638,0.008191298,-0.00988277,0.013241642,0.01600336,0.0,0.015532885,0.019162936,0.016209805,-0.007932879,0.0,0.023772174
2014-06-20,0.028226659,-0.025850082,0.01152476,-0.009788387,0.019344974,0.008647134,-0.01848136,0.0,-0.013508508,0.01825804,0.009872048,-0.013340904,-0.010846891,0.014265368,-0.0044333236,0.00649338,0.0074082543,0.024797404,0.020363916,-0.005157999
2014-06-23,0.007597873,-0.0053052395,-0.037231855,0.022887109,-0.0023258994,0.0,-0.001100581,-0.00082746695,-0.0007616549,-0.010559864,0.0,-0.0002630488,0.015137518,-0.0011954439,0.0288744,0.0049402397,0.0046681142,0.01774214,-0.0074746413,0.0
2014-06-24,0.01806986,0.008433787,0.014582055,0.014197755,-0.006726931,-0.0039889673,0.0073269573,0.020277735,0.03031368,-0.07004248,-0.06515382,0.026341395,0.0054699173,-0.010929124,-0.010397323,0.009320852,0.023182586,-0.003109197,-0.0041407463,0.017147008
2014-06-25,-0.013962496,0.013446064,-0.0025294719,0.008283784,-0.024233887,-0.00043785115,-0.022792123,-0.008960945,0.0017211697,0.020485912,0.039098497,0.017947005,0.0020917386,0.039528716,0.0026431025,0.00016784284,-0.0026232002,0.015870908,-0.008599617,0.003253119
2014-06-26,0.01817745,0.008552931,-0.017880961,-0.0047005005,0.04915518,-0.024568718,0.0023792891,0.008683774,0.014407905,0.023206107,0.0003153411,0.022715209,0.0003823745,0.014223333,0.013648258,0.0006999196,0.02430024,0.016184404,0.011145991,-0.004936648
2014-06-27,0.008580265,-0.004221456,0.00058775995,-0.011629489,0.0053831753,0.00276937,-0.006250637,-0.005944826,0.011672633,-0.0030835727,0.040580165,-0.0019463177,0.010572006,-0.0030245653,0.0039922134,-0.006486152,0.009369572,0.01615371,-0.018628364,-0.017699756
2014-06-30,-0.008634136,0.029563421,0.04325862,-0.0044585215,0.01157216,0.006252582,0.06673233,-0.0063242316,-0.0036180012,0.009731079,0.0,0.021908822,-0.0057564816,0.0019381645,0.025091091,0.010293643,-0.0064954357,0.014904038,0.019003391,-0.010016616
2014-07-01,0.013671077,-0.035503265,-0.014561785,0.028701331,-0.003995417,0.025794566,0.02557667,0.012102063,-0.002210593,-0.020880058,0.0703555,-0.012430139,-0.011787152,-0.0047881575,0.010680274,-0.0040960577,0.0036414587,0.0064445194,0.021264585,-0.04448177
2014-07-02,-0.013557828,-0.0023877777,-0.003636629,-0.005640874,0.0054918695,0.008725645,0.004763111,-0.024672791,0.026299788,0.014587947,0.0,0.0037066962,0.015995903,0.014338638,0.016999228,-0.0016063459,-0.009248744,0.014016574,0.003256272,0.0039019308
2014-07-03,0.0147973485,-0.034213223,0.037310958,-0.02615559,0.029813673,0.031469878,0.021984896,-0.0027950453,0.022433305,-0.002404903,0.023824262,0.011253082,-0.009693825,0.0044253278,0.012445461,0.0032843938,0.018743632,0.011424742,0.0,-0.017884107
2014-07-04,0.007017173,-0.0031598737,0.011252938,0.005025448,0.014975256,0.015516921,0.005943788,0.02214075,-0.013294756,0.021102726,-0.062219772,-0.019390393,0.014875476,0.008677653,0.031013593,0.008787951,0.007017033,0.0023617458,-0.0017872815,0.024493514
2014-07-07,0.01739447,0.017900841,0.00053281937,0.0,0.015753092,0.0,0.017740099,-0.0022987004,0.010950246,0.006879367,-0.01909876,0.028586123,0.0017481148,0.0062809377,0.00846171,0.0,0.01025967,-0.019602977,-0.02623836,0.00863985
2014-07-08,0.0023026373,-0.011083655,0.033380322,-0.009461851,0.007432127,-0.0069327233,-0.0030116327,0.012572796,0.014805055,-0.009963395,0.059107415,-0.01433544,0.0027978616,-0.014697121,0.003474746,0.008874948,0.0067487,0.022354122,0.009664889,-0.019882385
2014-07-09,-0.014263877,0.033167306,-0.0021733048,-0.0045282305,-0.022050332,-0.0064057247,0.00052583916,0.0017760249,0.006322213,0.0019983274,-0.009369495,-0.011708932,0.0006557075,0.0349662,-0.0018355751,-0.0046967445,-0.0048453812,0.018154453,0.012788155,0.031269975
2014-07-10,0.0050757662,0.027748952,-0.030625235,0.010667679,0.006127207,0.036958493,0.025720678,0.004056499,0.0070656235,0.010801462,0.086215004,0.03130904,-0.0076735504,-0.07007625,-0.0250346,0.012385735,0.0,0.0068167523,-0.0011930304,0.03339209
2014-07-11,-0.0012576847,0.0057680644,0.028069925,-0.00033619074,0.006155553,0.013192338,-0.035476487,-0.0039133807,-0.03845113,0.008798339,0.01596719,0.005494562,-0.01566234,0.002555613,-0.0096400995,0.0104200225,-0.0050889836,0.023121148,0.007930864,0.028587826
2014-07-14,0.013067479,0.004935737,0.003790663,0.018373096,-0.018676024,0.010373896,-0.009635821,0.027419109,0.021404034,-0.02744909,0.037183557,-0.017305901,-0.006972328,0.007146705,0.002799637,0.00065249426,0.0071931486,0.006552769,-0.0059418418,-0.01281909
2014-07-15,0.010649484,0.0064829974,0.0012561198,-0.00071809615,-0.015272041,0.0056056525,-0.008801963,-0.016828762,-0.010403192,0.015905535,-0.019122818,0.011947123,0.012446927,-0.019128934,0.016193865,-0.000985196,0.007187973,0.0016327035,-0.0026020275,0.010835141
2014-07-16,-0.025866034,-0.007945309,-0.020756017,-0.013530912,-0.017302942,0.03350062,0.014217359,0.0,-0.0013128353,0.006342598,-0.005455012,0.0125097,0.009228016,0.04360568,0.0055993292,0.003704912,-0.0005277494,0.016601404,0.019094583,0.03169903
2014-07-17,0.0057497825,0.022800686,0.033670563,0.08509667,0.0023238827,0.0050188904,0.0069143483,-0.0014637026,-0.03470659,0.010767809,0.011742416,0.0102169085,0.0151541205,-0.041790448,-0.0041367444,0.0020531134,0.0075218105,-0.0025749945,0.007671573,-0.028916812
2014-07-18,-0.00031815676,-0.024745284,0.039013136,-0.019022835,0.015639104,0.014900719,0.01356793,0.010430195,0.0096021965,-0.015826343,0.0014635049,0.005337209,-0.0020355145,-0.0036812325,0.023739763,0.001970432,0.0019380858,-0.0030452665,0.0069926865,0.029459268
2014-07-21,0.008574851,0.0032719001,-0.006464204,0.027517147,0.01576877,-0.110144,0.007916213,0.01328393,-0.0013364877,0.0020835593,0.0014251763,0.013166134,0.011047676,-0.00026674362,-0.010627582,0.008908367,-0.018766861,-0.014530871,0.006975842,-0.014454028
2014-07-22,0.0036382952,-0.0058563156,-0.00069157674,-0.03888537,0.011677913,0.08188133,0.023725538,0.010969308,-0.006138865,0.01805734,0.006367329,0.0065836073,0.014800531,0.021348685,0.005485321,-0.0071082674,-0.016450519,0.028007707,0.017732907,-0.0041318825
2014-07-23,0.020931004,0.007700073,0.01404058,-0.007939133,-0.008868832,-0.007838076,0.0,0.020032883,0.0,-0.002251024,-0.0062191086,0.011373879,0.01809756,0.0461262,0.013318361,0.011635713,0.005577896,-0.022612117,-0.030664664,0.077982865
2014-07-24,0.009403025,0.00011144272,0.012367641,0.010258674,0.016715035,0.012304706,0.013054092,-0.004386942,0.022718802,0.0091249095,0.036659457,0.0035388106,-0.018904855,-0.026861634,0.012170978,0.006397265,0.017917234,-0.00238544,0.0028802012,-0.004982019
2014-07-25,-0.008854277,-0.006548409,-0.025952954,-0.0043039494,0.0057776603,-0.010219405,0.00023619128,-0.0023497671,0.0035527574,0.0005509058,0.002712936,0.0060009807,0.0056200493,0.003384113,0.013073939,0.0065938127,-0.0008114468,-0.0025553908,0.018865755,0.024531914
2014-07-28,0.018677285,0.022833131,-0.005167925,0.011355421,0.0025323725,0.016299788,0.00958159,-0.014103072,0.01786376,0.012612209,0.007474989,-0.0037965616,0.007849393,0.030497028,0.001504237,0.0116292015,4.82969e-05,0.018219866,0.015814612,0.023603722
2014-07-29,0.007606751,0.0012798808,0.00992264,0.009868184,0.011805135,-0.10412791,0.007011706,-0.0054144827,0.007846614,0.011125542,-0.0010175379,-0.00016216032,-0.007501807,-0.038052488,0.015594949,0.0032987758,0.021669049,-0.0022173668,0.0009126245,-0.0016869872
2014-07-30,0.005804568,0.020358829,0.006691333,0.038589135,-0.023331024,0.004934709,-0.011502129,0.0067122737,-0.009219009,0.00320316,0.0022435496,0.011968387,-0.0015691983,0.048661955,-0.0067273937,0.0039868243,-0.004919806,0.019588323,-0.0063169035,0.0
2014-07-31,-0.003292825,-0.00050705357,0.024650054,0.0023764595,0.016857667,-0.0009952285,-0.0013693712,-0.004867459,-0.033247408,-0.0019948708,0.009155995,0.004706661,0.0055047874,0.0,0.016365241,-0.0104624545,-0.004593634,-0.01293212,-0.00074000424,0.014797746
2014-08-01,-0.020074125,-0.048914235,0.007862034,0.0,0.01264873,0.0070163542,0.0070621506,0.012801233,0.027118197,0.010213367,-0.009075152,0.0046830233,-0.010067496,-0.015973413,0.013243602,-0.00062443654,0.0071186773,-0.01573758,-0.010381814,0.01704832
2014-08-04,-0.018609123,-0.0026705049,0.0,-0.016851291,0.0026308266,-0.001958365,-0.03443246,0.0012612193,0.0031692937,0.019257272,-9.831117e-05,0.0026427894,-0.006602674,-0.03276279,-0.0042160093,-0.010197965,0.017450124,-0.0060279504,0.007824174,0.015747432
2014-08-05,0.0077500693,-0.0029572744,-0.0066888267,0.01741532,0.0102740135,0.057801932,0.0069506434,0.010648738,0.0092974,0.0154752685,0.0042214645,0.012804482,-0.005533602,-0.025113778,-0.030560179,-0.008122983,0.015021462,0.034113213,0.009580274,-0.004556985
2014-08-06,0.006623535,0.025692852,2.2735145e-05,0.067502975,-0.0068834336,-0.007580795,0.003415508,0.010572439,0.019810932,0.008338878,0.0065537854,-0.01946575,0.007141458,-0.0034240305,-0.0087799765,0.0022105032,-0.016469214,0.003113135,0.025385153,0.023742696
2014-08-07,0.011519356,-0.0031744041,0.013878468,0.019589093,0.0064482875,0.08254497,0.027019674,0.0,0.03170087,0.025170397,0.0060345526,0.0044491724,0.017660761,0.01779065,-0.021364668,-0.0027254105,-0.00025556635,0.005371204,0.0034192565,0.010486403
2014-08-08,-0.012285384,0.019647678,0.0125096105,-0.01049818,-0.0007281469,0.070168056,-0.041607715,0.008592836,0.009850075,0.010360323,-0.0027923852,-0.0075261057,0.0015662537,0.003011958,0.02161244,0.020431444,0.0036397823,0.015748892,0.006515034,-0.010540621
2014-08-11,-0.0035314981,0.024401322,0.036970407,0.005802453,0.0002540303,0.026971662,0.005851233,-0.020730993,-0.010084032,0.0069961324,0.004685519,0.0058236932,0.021214195,-0.08114598,-0.0076691746,0.00939084,-0.022175152,0.012837902,0.021188678,-0.15313424
2014-08-12,0.004690528,0.014188882,-0.030487122,0.022808725,-0.019433869,-0.0081396075,0.004384282,0.02033363,0.00040876595,-0.0010455435,-0.027535148,0.0,0.0029959497,-0.06247938,0.02958585,0.002963638,0.020751543,-0.009830156,-0.027160171,0.023252372
2014-08-13,0.018919231,0.013223043,0.00013086994,0.042322755,0.0060236594,-0.014384031,0.008598539,0.0025601143,-0.0011952792,0.00551931,-0.01267653,0.010043474,-0.004706657,0.083111204,-0.014682264,0.00028880988,-0.019475037,-0.0021891543,0.006329392,0.03947644
2014-08-14,0.020310216,-0.017135788,-0.0004094505,-0.026021844,0.0144634675,0.0013147352,0.039489403,0.01573087,-0.0017909046,0.016197778,0.000739252,-0.009624358,0.0025717048,-0.0015504492,0.021870896,-0.01197236,0.026317926,-0.009669805,0.0027762935,0.01279869
2014-08-15,-0.012214471,0.004781236,0.016647317,0.014866452,0.011049342,0.013860923,0.0009768639,-0.018625475,0.015254057,-0.0040315804,-0.032576513,0.017581416,0.0061670826,0.05811103,0.0012441397,-0.0070040277,-0.020429136,0.01120177,0.0068105506,0.013587775
2014-08-18,0.003266961,-0.06642132,0.02346763,-0.0018197236,0.0042182426,0.0096886195,0.008386219,0.010677569,0.006584039,0.011796677,0.0048765605,-0.002888041,-0.0020203951,-0.017537527,0.0082260035,0.0022223904,0.008445848,0.01783302,0.015163899,-0.02044752
2014-08-19,0.0077983993,0.026765872,0.003140461,-0.09214573,-0.005260585,-0.0007119264,0.0049604485,-0.004553285,0.00052120606,0.003021736,-0.003180917,0.037105367,0.0,0.016706476,0.008217667,0.0022832302,-0.030619644,0.011487231,-0.002284189,0.030504232
2014-08-20,-0.012574608,0.024287513,-0.01757511,0.00076792156,0.013840932,0.01191143,-0.09375967,-0.0031677776,0.005291585,-0.008615517,0.036947116,0.0020985499,0.00054662186,0.03783101,0.008010226,0.015537284,-0.01295143,0.006831903,0.01119711,0.0
2014-08-21,0.008337526,0.0017748264,0.017612465,0.020936001,-0.0010463231,-0.01852502,0.0015335704,0.008376066,0.0,-0.015821764,-0.016092036,-0.03361414,0.0045085256,0.02717561,0.0018008531,0.007326052,0.0013709455,0.011407832,-0.01613496,0.020612862
2014-08-22,0.0014827409,-0.013727698,0.03527627,0.023539227,0.004923206,-0.0012051689,0.002945285,0.0043191705,0.0038953696,0.004122889,0.01472503,0.021216678,0.0070418306,-0.02870763,0.0017389805,-0.0025158133,-0.041698705,0.0040047346,0.019130912,-0.0048817443
2014-08-25,-0.027659848,0.00839663,0.019832034,-0.004351981,0.0033228323,0.039130922,-0.039985552,0.0021098289,0.045685135,-0.008393494,8.513771e-06,-0.0025299639,-0.0048825326,0.0022621548,0.0068043824,0.0004952943,0.039857637,-0.025122136,0.01169195,-0.026846975
2014-08-26,0.017599879,0.0,0.004111447,-0.00037802255,0.0,-0.13190334,-0.011340443,0.00715949,-0.009804701,0.0,-0.07328118,0.0051847794,0.00173049,0.029217718,-0.0024489416,0.0039910716,0.021517258,0.017406171,-0.01273802,0.02716102
2014-08-27,0.015475754,0.04480107,-0.008686477,0.017861193,-0.010306125,0.013434406,0.06491302,0.007919458,-0.012520552,-0.009874499,-0.0059891613,0.014229501,0.018861217,0.002426494,0.0032037324,-0.0014335512,0.034291815,0.017916998,0.00492799,0.015874228
2014-08-28,-0.026440844,0.00839693,0.010190953,0.017354077,0.0029841396,0.028304432,-0.013385179,-0.0016032823,0.0037647136,0.017688187,-0.0015502985,-0.009864822,-0.0077253794,-0.0028540227,0.0014277628,-0.0021653716,0.0,-0.0027927856,-0.021415807,-0.12349106
2014-08-29,-0.007418327,0.00053908,0.0033516318,-0.0071305763,0.0046667145,0.022809274,0.010759223,-0.023242757,0.0,0.018819595,-0.060447026,0.00081107003,0.009130077,0.016235774,0.00037544538,-0.00091834663,-0.007941454,0.008814054,0.018054167,0.0029783566
2014-09-01,0.004262888,-0.0010697374,0.0046593845,-0.026864162,-0.0028912148,0.023366276,0.023237228,-0.006400191,0.009949113,-0.0022351902,-0.093946725,6.1817623e-06,-0.012227198,-0.0067787897,-0.023789948,0.0,-0.01221314,0.008965731,-0.002926613,0.027421692
2014-09-02,0.0041745123,0.012042209,0.010402248,0.0031213253,-0.0072011026,0.007978183,0.0037393386,-0.006197295,-0.021559436,-0.0073226723,0.027321408,0.0076418202,-0.003537166,-0.019103283,0.0,-0.012750145,0.026880095,-0.0030353672,0.019392103,0.01419538
2014-09-03,-0.006928888,0.004816411,-0.00041690166,-0.018471677,0.015561619,0.0057684355,0.009233836,0.00720055,0.0139167495,-0.00619398,0.06421849,-0.0540265,0.011976505,-0.01481238,0.0024551712,-0.0006381765,0.011122858,0.0155487815,0.0027555542,-0.00409376
2014-09-04,0.013992888,0.0051617585,-0.0024332285,0.0023530172,0.015752707,0.0050622975,0.021746125,0.014899182,1.1632855e-05,0.007566955,-0.0034012191,0.022343371,0.0041656303,-0.022726383,0.020255547,0.004725367,0.016327333,-0.016118996,0.00014798583,-0.0047845454
2014-09-05,-0.006105869,0.0026314717,-0.008283125,0.007237372,-0.1531953,-0.017880978,-0.019216051,-0.0015960401,0.001914599,-0.015333639,0.0133259725,-0.008196867,0.010090826,0.022738254,-0.00024616194,0.023827955,-0.023445776,0.012473561,-0.017439134,0.06923179
2014-09-08,0.003328401,0.024971893,-0.0035753269,0.007021491,-0.0020231828,0.0006546349,0.024795799,0.011019333,-0.020015512,0.007522066,0.0,0.0006803607,0.0052227024,0.034443416,0.0063240947,0.018134834,-0.0028833335,0.014152458,0.012007492,-0.013831801
2014-09-09,0.02049246,0.0033096743,0.0005037248,-0.0104572605,-0.0122690555,0.011139174,0.046357356,0.003332115,0.023645347,0.031520344,0.030807916,0.015190729,0.0076238406,0.019286266,0.018467646,-0.0057991417,0.0030910014,0.0139959045,0.0,0.0025651127
2014-09-10,0.009388195,-0.00611045,0.007822888,-0.012523253,0.029527023,0.02667071,-0.006118518,0.02296532,-0.011331461,0.013284549,0.017762113,0.0065046544,0.015922137,0.0108117005,-0.004555094,0.0026375544,0.0029814052,0.0029762825,0.017712416,-0.05647517
2014-09-11,0.01574505,0.0045510773,0.022515584,-0.086496346,0.009917517,0.006429493,0.0075616254,-0.0034090064,-0.0013501891,0.036445286,-0.014512212,0.011285291,0.0031545162,-0.011296234,-0.0141703235,0.0,0.015479288,-0.029296083,0.009382419,-0.000100739235
2014-09-12,-0.0033450183,-0.010493127,0.007550953,0.0021743248,0.020671,0.02999129,0.010150368,0.011333587,0.010434291,-0.04048312,0.011401652,-0.008384969,0.006925286,-0.0014574021,0.00033658862,0.004120877,0.008265097,-0.0015884441,-0.008348842,0.042775534
2014-09-15,-0.001250766,0.011378522,-0.016524253,-0.05324308,0.002823313,-0.0057845255,-0.00083178375,0.0133141,0.0006389703,-0.0063330266,0.015858352,0.0121331,0.0019284342,0.009415171,-0.013746211,0.00044674354,0.007819551,-0.009566907,0.0,0.00732895
2014-09-16,-0.0012214446,-0.0032307091,0.0151173035,0.0015008408,0.010632478,-0.012419457,0.008361038,-0.0068911375,-0.012622683,0.03863045,-0.0044555604,0.012136146,0.0066290214,0.0469246,0.011880056,0.004339322,0.01040567,0.014764123,-0.017819593,0.016632939
2014-09-17,0.001603982,-0.0148413405,0.011541792,-0.01643452,0.001777221,-0.011561261,-0.005284126,0.0056121773,-0.009328297,-0.0043333774,-0.015222608,0.004638121,-0.0041324836,0.0024230736,0.006938564,0.0071976525,0.0019241585,0.0022508122,0.0036740978,-0.0025159302
2014-09-18,0.011292353,-0.00158792,-0.011259414,-0.0058141327,0.00030927773,-0.029891802,0.012028296,0.0056979894,0.0017982665,-0.003989903,0.018979535,0.016495176,0.0036181668,-0.010454872,0.01859882,0.00040959744,0.024501456,-0.0032845014,0.011487839,0.0012412757
2014-09-19,0.0023760826,0.01710605,0.008201068,0.009341291,0.015601388,0.0033031101,0.02512775,-0.0028396505,0.027169555,0.009530735,-0.0006788349,-0.005850063,-0.02494695,-0.0063694045,0.017744167,-0.019870471,-0.0105824275,0.013902123,0.011121841,0.026823161
2014-09-22,0.022183264,0.008619604,-0.003280031,0.0,0.025885992,0.019104522,-0.011167584,-0.006810803,0.0007543027,0.038828447,0.023629215,0.044992477,-0.101829186,0.027936317,-0.002552025,0.060559902,0.024100965,0.006919473,0.0053186296,0.017901855
2014-09-23,-0.017411966,-0.0079559665,0.0019693791,-0.028519502,0.0051814453,0.030189764,-0.043908138,0.03565241,0.0040890044,-0.019736683,0.009734457,0.00064032513,0.08974944,0.0,-0.10955467,-0.0048305485,0.0066933595,-0.000109515604,-0.06402537,0.046727654
2014-09-24,0.0,-0.010118238,0.0,0.002948138,-0.0036031513,0.024813786,-0.00862071,0.023184307,-0.011486493,0.0114004705,0.0055170767,0.009973483,-0.0062532397,0.019879013,0.008325042,0.001827813,0.0046806955,0.0013616566,0.028476281,-0.0028676756
2014-09-25,-0.04140876,-0.004748086,-0.0012928154,-0.0016284608,-0.004059163,0.015176176,0.022981854,-0.0051021385,0.0,0.020210842,0.020370236,0.012400641,0.0042908103,0.011497335,-0.043128286,-0.014286696,0.014329494,0.008360609,0.07221653,0.010920886
2014-09-26,0.021177981,0.015739186,0.008270987,0.024161441,0.0028381695,-0.00898806,0.023624316,0.010714807,-0.030739855,0.010641441,0.025138916,-0.02855575,0.04367785,0.021308757,0.0156135345,0.008926326,-0.0044580954,0.0067377267,-0.026878271,-0.013503601
2014-09-29,-0.0041343253,0.056548793,0.022495078,0.084668174,0.010518079,-0.013145122,-0.008533383,0.00808048,0.025430726,0.008324415,-0.002910565,-0.010808922,-0.004869959,0.008367747,0.028014405,0.0006876437,-0.0020023938,-0.0019587926,0.044873986,0.014482046
2014-09-30,0.043032307,-0.053158987,-0.029469442,0.015802648,-0.004583193,0.015790334,-0.000884088,0.0042371,-0.018470807,0.014956471,-0.013452452,0.0051727346,0.004325039,-0.022593912,0.024961425,0.01110318,-0.022910802,0.0042261146,0.008935465,0.04059456
2014-10-01,0.030381331,0.014309288,0.0064174784,0.012302028,0.016369822,-0.0132455,0.020071391,0.024880486,-0.015823785,0.0067270524,0.009068066,0.006306045,0.019369666,0.02013062,0.016743656,0.020514423,0.011040166,0.014311649,0.037365723,0.005492585
2014-10-02,0.00033120334,0.06124717,-0.00072450313,0.04568508,-0.005169089,-0.025258623,0.0076029142,-0.001947606,0.0019419778,0.017829936,0.0038960953,0.021192791,-0.045308974,0.00034418824,0.019678932,0.0002984013,0.005488382,0.0066144625,0.01777126,0.009434797
2014-10-03,0.007951935,0.023715988,0.034640882,-0.012241341,-0.009290686,-0.030177759,0.024821918,0.0006117596,-0.052364588,0.0053010783,0.0067306734,0.030977586,-0.011342776,0.0047127544,0.038529817,0.015894685,-0.0041274964,0.00044249286,-0.014307835,-0.03221797
2014-10-06,0.013757804,0.00581393,0.015023574,0.036244113,0.014323923,-0.0033619523,0.020582164,0.002792539,0.029033357,0.004297064,0.031059071,-0.0032346162,0.008616453,-0.009501384,0.006184482,0.008032271,-0.014443875,0.0130957225,-0.015689056,-0.013545815
2014-10-07,-0.0042270357,-0.004555343,0.009829642,-0.0190085,-0.0006189667,0.020473775,0.030316748,0.037797567,0.0069618076,-0.001460521,-0.0086985165,0.010330858,0.0021032018,0.013925439,0.00096568547,0.009463963,0.022585714,-0.00068813004,0.015015702,0.026822448
2014-10-08,0.009816024,0.033357438,0.006406383,0.07572698,0.01051651,0.027679082,-0.006417721,-0.0057826233,0.021119308,0.0016944108,0.016481115,0.005910084,0.043823022,0.018160922,-0.010462698,0.008439743,0.013709827,0.0028232539,0.0170608,0.023077916
2014-10-09,-0.01631261,-0.0016310338,0.013965918,-0.15200645,-0.0023401233,-0.0016088802,-0.006088796,0.023059292,0.0051702596,0.010630562,-0.002302049,-0.0027434633,0.009693013,-0.09911464,0.0021655743,-0.0013640159,-0.01640047,0.013244248,-0.009155071,0.011442181
2014-10-10,0.02370107,0.0105046425,0.0062860707,0.057210337,0.02136351,0.0055617616,-0.021447316,-0.0007937182,0.0,-0.0063390657,0.0037314324,-0.0023003444,0.0019816887,0.0,0.0046428433,0.0022364384,0.009265426,0.009290869,0.03911313,0.030705597
2014-10-13,0.029662829,-0.037243575,0.00024159517,0.014981484,-0.0031836,-0.001389542,0.022641981,0.011161895,0.007931284,0.016562516,0.013477554,-0.009441768,0.0018274875,0.0017907661,0.022399113,-0.029158976,0.038340393,0.007232544,-0.01599149,0.018816356
2014-10-14,0.030319449,-0.015285244,0.026466168,0.015006423,0.015786828,-0.003138846,0.004231563,-0.020168124,0.026272032,0.007064044,0.024103083,0.034089036,0.058348447,-0.0015650484,0.015747523,0.023763698,-0.0013777666,0.0032322197,0.0045288787,-0.005665302
2014-10-15,0.0019654385,0.035650738,-0.0020612576,-0.030156167,0.0055050547,-0.022701131,0.010150201,-0.0012471298,-0.009048118,0.015811523,0.006984768,-0.013347609,-0.0033751968,0.011300405,0.007355492,0.016673848,0.017318131,0.008418264,0.02807093,-0.009596011
2014-10-16,-0.0011954639,-0.004993886,0.017753959,-0.00080225937,0.0,-0.015300772,-0.00222975,-0.016471194,-0.016904486,-0.0031878978,0.01856392,0.017826594,0.033742912,0.0027633095,0.010251035,0.007483963,-0.0001321277,0.0022007935,0.028962627,0.010966338
2014-10-17,0.024482388,-0.009849178,-0.00042062902,0.01620491,0.0041302633,0.008602477,0.0032989369,-0.010851666,0.0040562055,-0.00012943153,0.029326456,-0.024995243,0.015660115,0.028721327,-0.017636945,0.012345285,-0.015340995,0.017932273,0.02120304,0.0022116057
2014-10-20,-0.0022009185,-0.0013166553,0.0016102053,0.025575612,-0.008284018,0.000455785,-0.00047550543,0.01116901,0.0057956707,0.004761223,0.0021200976,0.021341695,0.027997002,-0.008122624,-0.0045831865,-0.007944778,0.0028627303,0.005577052,0.011576517,0.005053171
2014-10-21,-0.00089749304,-0.0044320556,0.010580556,0.014030505,-0.0041039996,-0.057858795,-0.0021090661,0.0031903607,0.00069641985,0.022809954,0.01066395,0.004434571,0.027065454,-0.015569778,0.022611406,0.018625746,0.0,0.0056385086,0.0,0.016912116
2014-10-22,0.010790602,0.021624729,0.0025385607,-0.017505651,0.025018973,0.0037818165,-0.017275566,0.005797743,-0.019199735,-0.050125394,-0.0014749558,-0.0071502784,-0.015940573,0.014526566,-0.0056768963,0.01350835,-0.0155452,0.0051197177,0.015478523,-0.010089285
2014-10-23,0.008394549,0.023363315,0.021337312,-0.014817646,-0.0032797938,0.062473517,0.022724377,0.013475316,0.010191504,0.005664713,0.018571272,0.0062682154,-0.011986049,-0.0778918,0.022636719,0.01315729,-0.014590693,-0.022926839,-0.04937119,0.05118328
2014-10-24,0.018810915,0.025661882,-0.015570007,-0.0027403403,0.022113688,0.0021946272,-0.01475425,-0.005976403,0.0031585093,0.030785989,-0.016761374,0.025393864,0.01263668,-0.01688945,0.0015283618,0.017399803,-0.0013644674,0.0048621963,-0.005147177,-0.0268876
2014-10-27,0.010048292,0.005946063,0.009663097,-0.016426133,-0.0032833896,0.015972592,0.0434092,0.019771088,0.01137189,-0.006111409,0.0017194835,0.0059068087,0.0,0.01633203,-0.0032754864,-0.0048418534,-0.040489648,0.009606359,0.028242845,0.022124724
2014-10-28,0.0042405343,0.0010222477,0.008646071,0.07870476,0.0055231033,0.030635282,0.04605124,0.019504242,0.023720764,-0.0020862448,-0.01365248,0.007195385,-0.004451743,0.014276515,0.010410267,0.006716368,-0.0055392594,-0.0048440685,-0.0020972386,0.016942622
2014-10-29,-0.008269546,-0.027692746,0.009200417,0.014809261,0.003538499,-0.013761671,0.03624369,0.0080472585,-0.00081066677,0.010355028,0.0026061246,-0.016928965,0.004041485,0.04202969,0.0033212134,0.0073464285,0.019866977,0.00829891,-0.004921944,0.012587759
2014-10-30,-0.006309508,0.009138508,-0.0049344967,0.01883178,0.018875832,0.02377301,0.0,-0.0097175315,0.008033386,-0.015274626,0.026906021,0.018552251,-0.003264436,0.02368606,0.007539315,-0.0012201753,0.0020759364,0.0032005333,0.010256914,0.00077515823
2014-10-31,-0.024721244,-0.0055669984,-0.030488508,0.004792488,-0.007179226,-0.008164737,-0.006605168,0.022987535,-0.0012621648,-0.039156456,0.0159282,-0.008882796,0.013319046,0.01584701,0.0038667303,-0.014528007,-0.038073298,-0.010513139,0.0005068846,0.0010456771
2014-11-03,-0.028962236,0.008821356,0.010828114,-0.05474858,0.016501388,0.006353589,0.009348455,-0.010938722,-0.015838522,0.030746879,-0.008900031,0.02001935,-0.02017573,0.0061282814,-0.0018262652,0.01488623,0.062459048,-0.025121158,0.07385209,0.0
2014-11-04,0.0035462864,0.00068598345,-0.002922345,0.00043915416,0.014495623,0.006871245,0.01584375,-0.0055495272,-0.00067825214,-0.008017503,-0.017766269,-0.0057836813,0.029096954,0.016160734,-0.0060440823,0.015436007,-0.0027865546,0.017404273,-0.0009038247,0.023655344
2014-11-05,0.032350212,0.009197993,0.033930015,0.009164,0.0032728692,0.0008315031,0.0085394755,0.019286254,0.0091773635,0.0005446477,-0.037836898,-0.016114572,-0.012185331,0.020529138,0.016740404,0.011945653,0.005172348,0.0,-0.021893397,0.027043732
2014-11-06,-0.0030405428,0.0047178157,0.018361205,0.04782959,-0.01767667,0.00041202456,0.018211575,-0.016875478,0.0054991147,0.018657189,0.055930305,0.012512958,0.0044777673,0.0066758892,-0.004919826,0.0082489,0.014560237,0.017312324,-0.0063340464,0.0019985999
2014-11-07,0.008279736,-0.0036454638,0.004960189,0.0034243842,0.004867325,0.021427702,-0.0010730225,0.013924057,0.0016609067,0.022106133,-0.018944975,0.017943876,0.03750516,-0.0047630705,0.0006834998,0.0,0.0062066102,0.0030677568,0.01249082,-0.0026177622
2014-11-10,0.0056373635,0.01699524,0.0049646082,0.0040792287,-0.019058917,-0.015308087,-0.004418084,0.013337592,0.017731909,-0.007094071,0.019541254,-0.0066791116,-0.009397396,0.0025717788,0.049421854,0.0007679921,-0.0041373633,0.0,-0.0005971418,-0.0011401093
2014-11-11,0.0019183679,0.022788031,-0.026384091,0.0,0.014526145,-0.015941316,-0.008129149,0.019254321,0.0023199471,-0.0068711992,0.0059242425,-0.009040018,0.008956224,-0.0021377138,0.0070689344,0.02777488,-0.034989152,-0.0023828656,-0.00046098672,0.016910627
2014-11-12,0.00037369612,-0.024705943,0.044285785,0.004712908,0.0021781863,-0.004592692,0.0007891105,0.008028002,0.018683298,-0.05422407,0.02694981,0.00070522516,0.01768094,0.0049665226,0.033379477,-0.0015526473,0.0043174555,0.004709311,0.0369918,0.022814952
2014-11-13,-0.012264998,0.011418391,0.016557079,0.03994605,0.00998459,0.014935038,-0.0051042284,0.010355844,0.009936122,0.065222934,0.036979374,-0.011189755,-0.007966221,-0.016270176,0.047199752,0.0241946,0.02274019,-0.0024488862,0.017362725,0.019140996
2014-11-14,0.047751006,0.018411385,-0.0011353171,0.009519746,0.0076386486,0.037542783,-0.004193122,0.007181924,0.0020837132,0.034717463,-0.009716857,-0.014817267,0.02087633,0.03466213,-0.0040881666,0.0052646794,0.007752753,0.009233618,0.0,-0.03334496
2014-11-17,-0.009682046,-0.0040229023,0.027858349,0.025686461,0.01550737,0.0,0.008812443,0.011964153,-0.007802627,0.0039014956,0.045973107,0.009138149,-0.021127993,0.024183562,0.058388993,0.010008467,-0.0038105068,0.006264679,0.018236734,0.0096771475
2014-11-18,0.011424666,-0.0066072205,-0.014525871,-0.009912759,0.010688973,-0.0035383967,-0.0036287527,0.014630429,0.0023870948,0.0061485367,0.0143734,0.019994196,0.00046584086,0.001808394,0.026512524,0.0012568685,-0.00081009325,0.0036651338,-0.0043066964,0.009563977
2014-11-19,0.019870302,-0.0035119248,0.0023802312,-0.021341812,-0.0013958937,0.008786004,-0.0061659417,-0.014268175,0.00083469035,0.0012757328,-0.008648819,0.0030377035,0.0063664913,-0.0029219466,0.02930218,0.0021699579,0.017570732,-0.0023869032,-0.014672607,-0.016311046
2014-11-20,0.017685147,-0.0014695321,0.010337687,0.001104685,0.013158447,0.019919787,-0.00963615,0.005636924,0.0039808685,0.01865867,0.010493033,-0.0045876014,-0.011454508,0.028049994,-0.020336572,-0.0014012995,-0.002108002,0.0024335894,0.0057831327,0.019510252
2014-11-21,0.025684083,-0.0013998761,0.01953906,-0.008603692,0.0,-0.14296037,0.0,-0.0066673215,-0.004763895,-0.024334665,-0.007869702,0.014034127,0.025660641,0.022795662,0.00068436266,-0.0033755242,0.019385165,-0.0025653846,0.01276546,-0.017620916
2014-11-24,-0.045535572,0.0046556513,-0.0012042001,-0.0016117134,0.0056568873,0.02342726,-0.028567184,0.010125917,0.0029245676,0.0020003128,0.005451592,0.008830238,0.017858002,0.023727883,-0.054150034,-0.011083208,-0.00024524351,0.005340259,0.007034139,0.00785048
2014-11-25,0.0034014785,-0.006081768,-0.0018419393,-0.007975251,-0.0012001536,0.0051581603,0.005638514,0.013234666,-0.020360176,-0.017405596,-0.030630989,0.010720832,-0.011462961,0.0049507534,0.021678573,0.0012608287,0.027275775,-0.007631787,0.006163802,0.010204766
2014-11-26,0.017411554,0.021647666,0.013194569,0.04849923,-0.0024883547,-0.03751469,-0.006516773,0.008481883,0.005178875,-0.0034096406,-0.012812328,-0.015373549,0.00033980064,-0.0025775726,0.03816693,0.0,0.02133047,0.007474467,0.02229927,-0.012713946
2014-11-27,-0.0033190649,0.0035368123,0.01944305,-0.012485721,0.011579161,0.0,0.055972453,0.0068546147,0.018936055,-0.020517152,-0.0042836796,-0.002235366,0.027393116,0.0004805136,0.014830538,0.020405076,0.004625992,0.009978512,0.016384419,0.024383849
2014-11-28,0.025387688,0.04299286,0.024393333,0.046851605,0.008112597,0.001040766,0.022140114,0.0051382775,0.012702279,0.0009347866,-0.011516272,-0.019049682,0.006566961,0.0001694268,-0.00975982,-0.0056920173,-0.007915546,0.005681048,0.00050657586,0.019594757
2014-12-01,-0.00871521,-0.0018265279,-0.0040667383,0.010725767,0.00141799,-0.0044045877,0.02120689,0.011039167,0.010297673,0.035597216,0.034921978,0.010483449,-0.019132933,0.007419922,0.017507633,0.0005873072,-0.0062298332,0.008056287,0.012468948,0.013748291
2014-12-02,-0.0069073774,-0.0023568056,-0.017743163,0.027488794,0.0074738497,-0.018541109,0.017634066,0.0033593199,-0.0008677429,0.0021064724,0.006666182,0.004569459,0.01228485,0.0,-0.003388901,-0.016484639,0.009751351,0.0014836078,0.004706799,0.010382467
2014-12-03,0.0052557597,0.0582217,0.029441208,0.004042762,0.012908431,-0.00483609,0.011589078,-0.0013964811,-0.014581791,0.0062958784,0.0068083094,0.033969775,0.0005551497,-0.0015881695,-0.0027982036,0.025146216,0.008002324,0.010792256,-0.02704638,0.015844585
2014-12-04,0.010527591,0.009026437,-0.009087543,-0.0033353318,0.013240056,0.01809919,-0.032464832,0.019413633,0.0024855058,0.009943181,0.0037600293,-0.0093760975,-0.03495821,-0.0068604317,0.003283977,-0.013029883,-0.013417403,0.013459786,0.0132949995,-0.003183922
2014-12-05,0.02360282,0.011592534,0.0,-0.010175374,0.022214519,0.024094597,0.00743373,0.002458126,0.0064319437,-0.014092522,0.011265117,0.008929815,0.014785519,0.0044867345,-0.035046093,-0.003966049,-0.00087976526,0.0077264314,0.017551467,0.010501442
2014-12-08,0.014027999,-0.00023616885,0.0,0.047549434,-0.004211393,-0.018707272,0.0083055645,-0.0030291576,0.020574482,-0.016765848,0.024954649,-0.0051044906,0.005148824,0.002160099,0.031478845,0.020478671,-0.011755664,-0.022699086,0.020085558,0.00805217
2014-12-09,0.017840683,-0.014451613,0.005342232,0.008716686,0.0032631159,0.008861836,-0.034760717,0.0,-0.020137763,0.019564448,-0.12513675,0.011601774,-0.012947941,0.0007080525,-0.017842343,0.0,-0.012448249,0.017271372,-0.0025028687,-0.0049465788
2014-12-10,0.019945415,0.0042341077,0.01682852,0.0012501683,-0.009718562,-0.016202956,0.02278124,0.0044639017,0.006023651,-0.043780968,0.0046053887,-0.03047588,0.005590314,0.01486674,0.0116049545,-0.00016063509,0.028239572,0.0067699566,0.0010209136,0.003769307
2014-12-11,0.0,-0.0032724014,0.008039758,0.02494601,-0.00045601386,0.048049722,0.008332322,0.0006638958,-0.031987958,0.0053425645,0.018481417,0.022452958,0.0022673227,0.0053356546,0.0093354,-0.0041034296,-0.0038481578,-0.0057766787,0.0,0.014056285
2014-12-12,0.005147126,0.009826933,-0.0035948588,-0.009171754,-0.009913932,-0.012199784,0.01940791,0.0,0.009732105,0.00283213,0.037300132,0.0032192373,0.020105101,0.011529237,-0.0054436717,0.01741019,0.0030745254,0.009549276,0.008967129,0.0023852107
2014-12-15,0.0044856984,0.012827707,0.0034479916,0.015100749,0.01455402,0.0025665825,0.0,-0.0005485593,0.013361192,0.011109683,0.0083175395,0.0013654167,0.0039000646,0.0016741841,0.019776436,0.022498889,0.015705138,-0.004855366,-0.022881977,-0.016625611
2014-12-16,0.0027433,-0.0065315776,0.024279162,0.022009904,-0.0040233117,0.013386455,-0.012319948,0.0052538766,0.0061030127,-0.043503754,0.06902997,0.014427369,0.0630921,0.0049349945,0.005351491,0.018162873,0.009674004,0.0037253406,0.008082526,0.004645561
2014-12-17,0.010934311,0.0045985053,0.023690447,0.0069511514,0.011715639,0.027881032,0.006543306,1.4459811e-05,-0.008125712,0.0085308235,0.00026858956,-0.007759581,-0.027990608,0.00046137773,0.0135531025,-0.0045760563,0.043696843,0.0,-0.004046052,-0.0043966197
2014-12-18,-0.009436627,0.018429978,-0.008743632,0.004282356,0.004176625,0.013525728,0.018851753,0.0019934096,0.018047106,-0.036847193,0.013054573,0.009970254,-0.019305363,0.0,-0.012302071,0.002526794,0.00043922637,0.0012442598,-0.033742376,0.0069267876
2014-12-19,0.015884567,0.024681399,0.014735134,0.052305255,-0.032330897,0.00916705,-0.0010497881,0.046872426,-0.008293399,0.01103497,-0.010098065,0.0025148585,0.01325458,-0.0028735881,0.007006093,0.0047045904,0.019897362,0.005048492,0.027928261,-0.007825194
2014-12-22,-0.0059511294,-0.0068852864,-0.00080560165,0.028113417,0.00197335,0.0,-0.010214422,0.008853633,0.01912246,0.05836583,0.022900714,0.010896294,0.004769978,0.0033484222,0.0027495862,0.0038870885,0.01419813,-0.043516412,0.0028198287,0.012461271
2014-12-23,0.0070402664,0.011253294,4.0539715e-05,-0.0046338644,0.0457138,0.007507581,0.020127082,0.011983272,0.026122069,0.0003315208,-0.0030553755,0.039088495,0.002539727,0.009613825,0.023317931,0.0,0.013824867,-0.00038531458,0.0034363566,-0.06146339
2014-12-24,-0.00072895427,0.007363548,0.0,0.020147396,-0.0035414635,-0.023210192,-0.0037638156,0.007155295,0.011192054,0.020225428,-0.021832319,-0.010115967,0.0074486295,0.021464173,0.0028029606,0.0015127327,0.01737572,0.009660426,0.0122721465,-0.009222063
2014-12-25,0.0099684065,-0.007456763,0.02392194,-0.007711135,0.04810141,0.010077876,-0.0010555325,0.011274229,0.003852871,0.0029290582,0.017355377,0.014336629,-0.015176968,0.010600564,0.007812432,0.004584008,0.0034974248,0.03901167,-0.0005248053,0.020007342
2014-12-26,-0.014743821,0.018913181,0.020112298,0.08362899,-0.016399197,0.01067202,-0.14854543,0.0,-0.0113492375,0.014501603,0.0007001133,-0.009417852,0.016922252,0.002058173,-0.03932749,0.0032946728,0.0063906396,0.0055232677,0.0020843896,0.014451611
2014-12-29,-0.013907323,0.018994275,0.007939838,0.014029226,0.0030087426,0.009211926,0.01500185,0.04788473,-0.0015144419,0.0032983017,-0.01724941,-0.0032799751,0.018485963,0.008691867,0.018393757,-0.0043526855,0.047804024,0.010345628,-0.00493812,0.046365213
2014-12-30,0.008829193,0.003954024,0.012393687,0.0041104304,0.035777528,0.024067922,0.0019560333,-0.012738581,0.013505326,-0.024239188,-0.0029330563,0.012472829,0.009362051,0.018836288,-0.010004578,0.0032486871,-0.00081018993,0.008918107,-0.009317315,-0.0077783996
2014-12-31,0.012744754,-0.011352952,-0.056849837,0.037872158,0.0013531831,0.0098716505,0.01613055,-0.00011481644,-0.0028780652,0.006822534,-0.007823383,-0.032552302,0.0032610092,0.010359821,0.0072131744,-0.007190684,0.008318751,-0.008173691,0.0041342997,0.02519705
2015-01-01,0.009259601,0.009651489,-0.011381283,-0.052485816,0.031247932,-3.131823e-05,0.0018008973,0.009601148,0.005145866,0.011646508,0.017881311,0.022321502,0.0026981966,0.013978661,0.003158199,0.012814977,0.026816137,0.0013217975,-0.0021797037,0.013231091
2015-01-02,0.015874444,0.0011785888,0.021572622,0.013638416,-0.013337476,0.0028343045,0.038118698,-0.013865284,0.011801499,0.0014162323,-0.0051111667,0.0004238945,0.009187619,-0.018269325,-0.0071793543,2.4255565e-05,-0.008793376,-0.0044955113,2.7024375e-05,-0.015383267
2015-01-05,0.0010450279,0.013348053,0.018355642,0.008084972,0.033635903,-0.008965576,-0.0016018071,-0.03983017,0.0227512,-0.010334303,0.028933467,0.0070386874,-0.0022597315,0.003970908,-0.0045046983,0.009970034,-0.028391128,0.06986924,0.0001205175,-0.01174228
2015-01-06,-0.007703385,0.02380801,-0.04300199,0.022954725,-0.0039834203,0.018837018,-0.009141199,0.018946894,-0.03924657,-0.033394467,0.018381339,0.018921902,0.0021173265,0.005854063,0.0028208103,0.016294064,-0.014775657,0.008450324,0.013352381,0.012868196
2015-01-07,0.0024480058,0.005899013,0.017878275,0.020669147,0.029475097,-0.04463314,-0.061193366,0.02455347,-0.030558154,0.002387099,0.0061006537,-0.061650306,0.0047938838,0.009049049,0.017540272,-0.0077110506,-0.015315602,0.020672984,0.006605918,0.038020063
2015-01-08,0.017877184,0.0030473946,0.020442512,0.016635863,0.029010631,-0.015146163,0.0059515755,0.052095663,0.008437533,0.0058114086,0.017025666,0.04101692,-0.009480178,-0.0027852664,0.024495035,0.008529878,-0.01192027,-0.008364726,0.013171427,0.04132522
2015-01-09,0.01114566,0.01032332,0.012256785,-0.007813651,-0.002483768,0.029678721,0.0050696735,0.008029635,-0.0024188256,-0.0025286695,-0.15311956,-0.00092063204,0.0029068252,0.009182922,-0.005005738,0.0,0.068237625,-0.026097298,-0.004301001,-0.01045907
2015-01-12,-0.0036480087,0.020491509,0.0,-0.0015121999,0.001959265,0.008042029,0.0099377455,-0.007155572,0.024144828,0.010941401,0.0056412644,0.012458492,0.0074203736,0.011130599,0.0004175369,0.010686404,0.041822713,0.030745612,-0.0067038443,0.031604912
2015-01-13,-0.0022708434,0.010544357,0.014426897,-0.03636855,-0.0719566,0.0053629647,0.0037532025,-0.005197044,0.0007730413,0.02344129,-0.0070352424,0.008279865,0.0017375718,-0.0009334833,0.009027322,0.0039790906,-0.024015058,0.0016738124,0.006047428,0.004820113
2015-01-14,-0.012526553,-0.00078339904,0.005949259,0.05033669,0.08481278,0.0124440305,0.026773976,0.017706,-0.012259797,0.004933679,0.030671986,0.007857956,0.010885838,0.019458374,0.005282129,0.0,0.08171899,-0.023435032,0.010921829,0.011413465
2015-01-15,-0.006947806,0.00906699,-0.005777131,0.016892256,-0.0021548134,-0.017441837,-0.026349222,0.015220211,0.0020458454,0.017426625,0.010227257,-0.0021914244,0.006549608,-0.003380134,0.0005494568,0.0,-0.024658227,0.011901672,-0.0053162673,-0.013486639
2015-01-16,0.01796746,0.014455667,0.002796428,-0.013513322,0.08333469,0.008570949,-0.06774335,-0.09304538,0.012507984,0.016967919,0.0054869615,-0.003592054,-0.017207498,0.01028031,0.009849205,-0.0005052941,0.007540038,-0.00042310308,0.01023035,-0.0014643505
2015-01-19,0.0,-0.0013322629,0.0025704345,0.011341182,-0.07035215,0.004802527,0.033990815,0.06648393,0.0487632,0.024618387,0.0061115636,0.0076553468,0.0071612773,0.004229377,0.0037137389,0.0031307493,-0.011377987,1.409748e-05,-0.004133967,0.011380088
2015-01-20,0.017952774,-0.020534365,-0.017446727,-0.019815484,0.021937728,0.040184997,0.010409905,0.0065870997,-0.0023439243,-0.0006177905,0.013527288,-0.0055803694,-0.0078007756,-0.00022788107,0.004173169,0.0044950433,-0.049623735,-0.0029508076,-0.002622843,-0.027023502
2015-01-21,-0.012270082,0.0066892765,0.0055922787,0.03489607,-0.03323654,0.0007262175,0.010291296,-0.017776564,0.036523618,-0.02113734,0.009719566,0.00027463894,-0.0022553117,0.00047085385,-0.008600004,0.0035666225,0.0003484992,0.0073661585,-0.00059313484,0.018893858
2015-01-22,-0.0005026852,0.008102532,-0.0052646953,0.0061049857,0.004921467,0.006128605,-0.011766753,-0.021880407,-0.009360519,0.017931907,0.0,0.005162094,0.015850848,-0.023774339,-0.0041076485,-0.0057150507,-0.13877675,-0.00017548118,-0.013350896,-0.014677088
2015-01-23,0.0031607798,-0.0055277734,0.014551088,0.0034044741,-0.03631047,0.008121673,0.01650786,0.0050089317,-0.03698922,0.0,-0.007691047,-0.012121316,-0.0017573293,0.016944077,0.03403482,-0.006030014,0.023403293,0.008568169,0.0043395576,-0.006689824
2015-01-26,0.0019829264,0.009855328,0.038628,0.0061031547,0.0347706,-0.010786582,-0.016206281,0.008201195,0.073909104,0.028219976,0.02401711,0.02526444,0.012739614,-0.0032497807,0.002831228,-0.0014094333,0.020760115,0.013617702,0.011078573,0.015410335
2015-01-27,0.008397887,-0.0044194045,-0.000448158,0.0038089845,0.011988363,0.019278513,0.014363259,-0.0057824864,0.0025993946,0.0017315528,0.008103127,0.011397252,0.004845807,-0.006671163,-0.008070104,0.0010026976,0.028133648,0.0015311796,0.0041565932,0.023738416
2015-01-28,0.0051964787,-0.009303627,0.013411804,-0.002483432,0.019701282,-0.0011055815,0.020724716,0.031329125,0.010070857,0.0018336088,0.0016040776,0.0053953435,0.010053183,0.014989647,0.0014507817,0.012265956,-0.014558659,0.014865353,0.0034855837,-0.027781267
2015-01-29,0.012354897,0.0008856926,0.01041518,0.008673971,0.0017193236,0.0051349383,0.021584744,0.025581475,0.019941783,-0.009124601,-0.011685857,0.0,0.0,0.0038062788,0.0014843692,0.011013254,-0.0084984815,-0.0143198725,0.0,0.004187241
2015-01-30,0.0012473492,0.0033038924,-0.0018506604,0.014040124,0.023250856,-0.008131038,0.0020743122,-0.033381723,-0.021932619,0.008542485,0.012355399,0.014401232,0.0,0.007885102,0.0026059581,0.011467784,0.011041938,0.033773635,-0.007554911,0.010917198
2015-02-02,0.010727218,-0.0008476392,0.007838179,-0.009084412,-0.017471917,-0.0009202048,-0.01574356,0.07079344,0.0094311,-0.110382356,-0.0026242095,0.009900411,-0.000612071,-0.0019534316,0.02999409,0.002008991,-0.014925924,0.015244821,0.010162055,0.002093029
2015-02-03,0.0046686404,-0.0011743752,0.009975766,0.022257846,0.028761446,0.011813833,0.016251026,-0.020890733,-0.15227365,0.03539138,0.0110630905,0.011327869,0.020002538,0.020301798,0.011556393,0.016063187,0.023820613,-0.044533443,-0.0005264633,-0.0049662283
2015-02-04,0.0,-0.03874634,0.015464298,-0.0019582103,0.019641332,0.020073783,0.015505252,0.07954171,0.008232882,-0.0020643629,-0.018160235,0.017502697,-0.00963052,-0.014837072,-0.0059827976,0.0025826332,-0.1488537,0.061740812,0.016151479,0.00020021386
2015-02-05,0.009411412,0.006057228,1.7735349e-05,0.0,-0.042286567,0.006136324,-0.02228535,-0.03309576,0.059458707,0.004201952,0.005635309,0.015965518,0.005020208,0.0035453746,0.009316544,-0.0010621587,0.00042691032,-0.021854863,0.0042679263,0.036389954
2015-02-06,0.010010078,0.048055828,0.0019159042,-0.015764905,0.006857607,-0.0056101163,-0.0010020863,0.01698156,-0.022972727,-0.00081504387,0.010580651,-0.008110396,0.018226473,-0.0040962766,-0.0008259123,0.01003944,-0.04849985,0.0052364096,-0.01185874,-0.04233084
2015-02-09,0.012645526,-0.0034550964,-0.0037831087,0.028037045,0.012479343,0.022031583,0.004047708,0.0,-0.015606916,0.0026095626,0.040947,0.019289559,0.010519501,-0.0044813715,0.011316089,0.0037993796,-0.01693011,0.02459777,-0.0012788447,-4.514305e-06
2015-02-10,-0.0020133678,-0.0004914716,0.018319411,0.010983049,0.021088997,-0.012318637,-0.006923586,0.0,-0.020407308,0.00054940156,0.028977023,-0.0037652405,0.0061455704,-0.0047593,0.0035614762,0.014968985,-0.013882882,0.0047479477,0.017818049,0.01788986
2015-02-11,-0.0077432822,0.0015205138,-0.04272958,0.0023193578,0.002173025,0.017476832,0.026279198,0.020552712,0.014259142,0.025010053,-0.0051046424,0.028351452,0.020014668,0.017792737,0.0075174985,0.011534873,0.08795951,0.0046433997,0.0022340934,0.026014198
2015-02-12,0.0028278388,-0.016488845,0.03079073,0.012126577,0.060007617,-0.005205232,0.013926078,0.0019263338,-0.022803238,0.009692473,0.012435027,0.016862337,-0.007729861,0.0046732128,-0.0041083014,0.006289125,0.08162222,-0.032676727,-0.0071695372,0.009297262
2015-02-13,-0.0077784327,0.015374583,-0.0031595225,0.025506405,-0.0045820004,-0.0041550235,0.015068289,0.009703712,0.05499263,0.01391635,-0.013102529,-0.0026786712,0.004021484,0.00974184,0.005862284,0.007449051,0.04772654,0.011231339,-0.003413032,-0.0033883033
2015-02-16,0.0017342151,0.0014461395,-0.015377823,-0.00016260316,-0.038698874,0.0023513944,0.0056423317,0.0,0.008046881,0.009916247,0.013257,0.012836843,0.011472364,0.0,0.0050124545,0.0034587793,0.0013441995,0.015721621,0.0071914666,0.008241283
2015-02-17,-0.008981242,0.021478368,0.04950763,-0.00058132294,0.015727142,-0.0024151232,0.026763132,-0.003366384,-0.011863077,-0.015238712,-0.008088849,0.002779075,-0.010778835,-0.007728501,0.008472699,0.003670787,-0.0018388372,-0.005971199,0.0017091177,0.019587925
2015-02-18,0.013069704,0.0056943926,0.00922152,-0.011285607,0.008256106,0.011312415,0.007752875,-0.009260573,0.011373397,-0.0008901128,-0.001943231,-0.005383227,-0.00030309928,0.0045232065,-0.006705679,-0.0012104848,0.012114202,-0.018837847,0.004679998,-0.010749725
2015-02-19,0.013281759,0.013433369,0.025003878,-0.008405569,-0.035435814,0.0017901859,0.0147289885,0.013518589,0.0030968452,0.017451687,0.0035165856,-0.0048327814,0.0021609415,0.0047854506,0.0026350527,0.016600074,-0.014454081,0.051527347,0.0091755055,0.016963055
2015-02-20,0.0,-0.0026310603,0.0106678875,0.024046358,0.03331805,0.005644625,-0.020411324,0.025211407,0.0070374096,-0.005409758,0.014785709,0.0039127083,0.00063828897,0.006873651,-0.010374318,-0.012521467,-0.016046362,-0.010185948,0.010907678,-0.0016673246
2015-02-23,0.0024150095,0.008546838,0.003686344,0.017924173,0.0014681075,0.0082095675,-0.0042277332,-0.051466044,-0.009459388,0.028102936,0.0007756864,-0.007551954,-0.011878786,0.009632769,0.0027710209,0.0078442525,0.04058939,0.029190222,0.0046939366,-0.010597489
2015-02-24,-0.006878663,-0.027610468,0.003016989,0.0015696033,-0.026301559,0.010955359,0.011150992,-0.027699303,-0.009007174,-0.0047853338,0.022707699,0.018531593,0.014619129,-0.020419506,-0.0015914851,0.00514264,0.03544566,-0.0045262994,-0.0016285129,-0.0041524554
2015-02-25,0.020500671,0.037515033,0.013953028,-0.004281087,0.024965668,0.0030429163,0.029141052,-0.004321433,0.04405801,0.015200213,0.0023742835,-0.002392792,-0.005843141,0.00016473586,-0.0009918999,-0.0021938172,0.0020995203,-0.03547277,-0.006076137,0.012184765
2015-02-26,-0.014921792,-0.023479931,-0.015374775,-0.0067487997,0.012613138,-0.0023888522,-0.0195551,0.025523726,-0.08832792,-0.003935836,0.016559012,0.018303078,7.8860925e-05,0.008019743,0.0033203957,0.0,0.0434538,0.017038627,-0.0007356805,-0.014211126
2015-02-27,0.003539938,0.0012814502,0.0049653957,0.008153927,0.011454085,-0.0141605865,-0.025425902,0.047133822,-0.005178161,-0.001452145,0.014808427,-0.028514717,0.0186161,0.008873569,0.010276378,0.014987888,-0.006122041,-0.005907519,-0.0148362,0.00743835
2015-03-02,-0.0071905004,0.018701471,0.013904282,0.0020558548,0.0,0.00077389186,0.019997524,-0.012256368,0.015893992,-0.009765814,0.0016115169,0.013887967,0.016736962,0.00883532,-0.0010047018,-0.0044217724,0.013477552,0.061119355,0.001294729,-0.0056042215
2015-03-03,0.0,0.0002676946,-0.016833995,0.0132426545,-0.014783651,0.010788987,0.017501289,0.037800502,0.0029390852,-0.0266613,-0.0065664775,0.014740134,0.0033188816,0.023672745,0.00061737665,0.017665021,0.0002670064,0.015985271,0.0073034787,0.015028409
2015-03-04,-0.0016516169,-0.025965896,-0.004308197,0.0104466425,0.0,0.017916365,0.0030802232,0.026276842,-0.03082414,0.009217808,-0.005102732,-0.003998254,-0.0075173783,-0.010660781,-9.0311754e-05,-0.014450341,0.029486222,-0.0005901153,0.002143635,-0.0030390413
2015-03-05,0.009341436,0.01171191,0.0021319569,0.011324624,0.0048799887,0.0086560715,0.032249443,0.0010346381,-0.0173979,0.0102330325,0.0018245763,-0.0056844535,0.0007635969,0.0030831094,0.012910589,-0.019998375,0.017905299,0.004604141,0.013972705,-0.021220522
2015-03-06,0.00757823,0.008901556,0.0043430473,0.006633237,-0.014647431,0.0023162705,-0.024281245,0.0047134333,0.061574798,-0.01859965,0.001000824,-0.0055275327,0.014425598,0.0060169073,-0.0002641438,0.0027838307,0.027141431,0.011540069,-0.0006390528,0.0003755067
2015-03-09,0.010279036,-0.014687703,0.016995678,0.0033116469,0.021556804,0.0033427642,0.01944165,0.0032500103,0.0,-0.04226253,-0.0029423444,0.028418286,-0.009372034,0.004827432,0.0058514583,-0.01168508,0.024988264,0.013981335,0.01627849,0.0032695045
2015-03-10,-0.011268864,0.006043322,0.0025501736,0.008671541,0.012697888,0.00197761,0.023469795,0.018070864,0.02426487,0.037268136,0.030656679,0.0062307916,-0.011955319,0.0011231356,0.008431997,0.02658202,-0.017898642,0.0024564087,-0.0033737028,-0.009261683
2015-03-11,0.008484565,0.02594387,0.010832067,0.009680598,0.0017615991,0.0,0.013621286,-0.09245186,0.04162397,-0.009539835,-0.0048998254,-0.001053116,0.014498355,-0.0071658413,0.010676131,-0.0049119624,0.002347202,0.01337305,0.009396637,0.0075345687
2015-03-12,-0.016681865,-0.0036983828,0.0035669974,0.01939175,0.0032221603,-0.014541629,0.0,0.017897023,0.006431446,0.02712673,-0.010490338,-0.00254044,-0.023930706,-0.0034081268,-0.0042152745,0.013028132,0.0102623515,-0.021590542,0.0052730693,0.015629817
2015-03-13,0.0,0.020869793,0.004274762,0.0048484476,0.002952156,0.015738156,-0.00090382947,0.022145683,0.0070743174,0.015168022,0.025072591,0.007009075,-0.0014628666,0.023682375,0.006188943,0.0054497775,0.006291136,0.0012740914,0.00419743,0.020429846
2015-03-16,0.0,-0.038813144,-0.0024187076,0.0050347424,0.0055896696,0.016735181,0.010657876,0.0100783715,0.03782728,-0.00042104046,-0.007498155,-0.002438841,0.0061372053,-0.000317048,-0.0011981357,0.0051401625,-0.0021969345,0.023574423,0.0,0.014551369
2015-03-17,0.009796819,0.009245086,0.009505306,0.0037896445,-0.021191865,-0.027874582,-0.0084237205,0.0092793135,0.011809135,-0.030927472,0.054411594,0.009740387,0.011331329,-0.0025620777,-0.0048586465,0.008444636,0.013047708,0.003617207,0.002600892,0.012696884
2015-03-18,0.006119598,-0.003986708,0.0041275844,0.0055248803,-0.0077583087,0.006638034,0.00032910093,0.01926887,0.057497356,-0.0067010853,0.0155452,-0.0071352273,0.016386205,0.010138191,0.0027613062,0.00011833024,-0.012836731,0.026714021,-0.019036772,0.0046644947
2015-03-19,0.0074226153,0.008198853,0.0166142,0.007077599,0.020489193,0.0,0.022611167,0.005880493,0.0,0.0032847193,0.02055717,0.022450367,-0.0009459295,-0.0018274502,-0.032718014,-0.017751167,0.04316329,-0.0036380175,0.006300374,0.03935369
2015-03-20,0.01756042,1.1921428e-05,0.010467969,0.011536101,0.0013432404,0.007603278,0.010199555,0.02241531,0.04613328,0.022450583,0.01899792,0.015783064,0.017804774,-0.02469977,0.0092074545,0.030578602,0.0,-0.00600222,0.060009416,-0.005854598
2015-03-23,-4.0861287e-06,0.019955207,-0.0075239222,0.013591112,0.00843928,-0.0014638935,0.012815654,-0.00059336226,0.0061027133,0.0045648087,0.004735919,0.011386527,0.0150326975,-0.03208858,-0.0012593969,-0.009490475,0.0059718555,-0.028105287,-0.002610559,-0.0224511
2015-03-24,-0.016740732,0.013415046,0.004093244,0.010186867,0.0034587174,0.0021450932,0.044223852,-0.014538616,0.004291534,0.0026023353,0.0054906416,-0.02486383,0.0027582573,0.017946035,0.02073508,0.01652006,0.017998895,0.012444044,0.038204588,0.020330831
2015-03-25,0.028362155,0.0,0.017077606,-0.0040413593,0.0032557305,0.013442545,0.022864494,-0.00023797856,-0.019041114,-0.001284808,0.010665121,0.0051720785,0.0031511395,-0.0019623842,0.005956023,0.0037719486,-0.014243143,0.015489767,-0.011779852,0.0
2015-03-26,0.0030825753,0.016477408,0.0057790815,0.011176979,-0.007544728,-0.005521898,0.03634044,-0.0037050091,0.016210038,0.007835339,0.0049334215,0.013260058,-0.009693239,0.04378442,0.017191613,0.016663713,0.02196152,-0.008220861,-0.04908827,0.0018202022
2015-03-27,0.0,-0.024266072,-0.026808375,-0.0046035,0.018534176,-0.008701855,0.001748876,-0.01568095,0.019739049,0.0019310033,-0.028029619,0.015700527,0.015871508,0.013390762,0.0,0.0043269065,0.013203661,0.021063844,-0.037708048,0.0131302215
2015-03-30,0.015552942,0.027386682,0.006938332,0.013929348,0.009210233,-0.025108015,-0.018641382,0.0014797832,-0.019919103,0.014544992,0.062040795,-0.0049315477,-0.002401218,-0.041139413,0.018171996,0.012095917,-0.015398736,0.0036825347,0.0018872201,0.00015680153
2015-03-31,0.0071602883,0.015917549,0.023824567,-0.015324964,0.028853143,0.011903673,0.023599382,0.022674337,0.016748326,0.00815204,0.0016397294,0.01639569,0.017732227,-0.040844273,0.00042133284,-0.0071142106,0.018135116,-0.011263131,-0.017912157,0.029409712
2015-04-01,-0.0035249444,0.00718,-0.0020592082,0.0006220193,-0.0018301075,0.003235175,1.341457e-05,0.0020840557,-0.005471685,0.015542572,0.007696139,0.019139903,0.015613946,0.008919126,0.0035636309,0.016371924,-0.0076816827,-0.0012148136,0.033197816,0.0029881233
2015-04-02,-0.0033644056,0.028118813,0.0072295954,0.0014583926,0.015115782,0.017745346,0.009606638,0.0,0.019964788,0.015473352,-0.00043855183,-0.00053113804,-1.5781411e-06,0.0010376507,0.0051544886,-0.00087596074,0.0061866567,0.0053791045,-0.023709904,0.01926847
2015-04-03,0.011147976,0.009357744,0.0133188,0.018481234,-0.034474645,0.019574683,-0.020451853,-0.007989374,0.0070407125,-0.012309214,0.056619287,-0.12590927,0.0014756492,0.022714987,-8.12546e-05,0.010302559,0.0041714963,0.0136038195,-0.006975419,-0.0021786091
2015-04-06,0.01619873,0.004125487,-0.004234894,-0.008201805,-0.0071947537,0.013272463,0.014950091,0.014207518,-0.008446522,0.005446129,-0.0016592036,0.0040947325,0.021776099,0.013238757,0.014339366,0.016508438,-0.0049318513,0.0026099875,0.002279971,0.010056815
2015-04-07,-0.017323833,-0.0023870196,0.022295676,0.0018314857,0.0060439887,0.0061293365,0.021582056,0.016647777,0.019418294,0.0027797064,-0.009064807,0.0033186194,-0.008619096,0.011441866,-0.009445638,-0.008475786,-0.06419822,-0.013375436,0.03837628,-0.018925585
2015-04-08,-0.009035523,-0.0005899579,0.016529487,0.011272476,0.0019913844,0.00275235,0.0015808314,0.0063744294,-0.026686523,0.0077487878,0.021179639,-0.0006586512,-0.012003108,0.01811599,0.0028634279,0.009129128,0.007419844,0.021224665,0.002107856,0.0031134011
2015-04-09,-0.002154681,0.006169809,0.002540944,-0.0050977007,0.026850428,-0.0049393885,0.012399688,0.0016030667,0.022006826,0.008441422,0.01747197,0.022554265,-0.001577659,0.0,0.023590926,0.0020322066,0.009829832,0.015718002,0.008049914,-0.009701048
2015-04-10,0.01510361,0.021925628,-0.00976546,0.0,-0.011947457,0.0,-0.026360571,0.0035688179,-0.0030690972,-0.0025017667,-0.002638673,0.003100641,0.02073362,0.027279379,-0.011900995,0.004345266,0.046651214,0.008912001,0.023919355,0.027245147
2015-04-13,-0.0048051584,-0.017239934,0.016023912,-0.010194207,0.005407086,0.010181441,0.03689227,0.022843808,0.0021274642,0.00650261,0.020138018,0.003435634,0.0037411007,0.026961645,0.008652302,0.0,-0.00014522977,0.016014075,-0.0061170068,-0.036882635
2015-04-14,-0.018356532,0.006884851,0.002322059,0.0031770852,0.014993866,-0.01874323,-0.086540006,-0.007772558,0.016518347,-0.014776257,0.0037655542,0.011770633,-0.0027717217,-0.15316987,0.013453706,-0.007526999,0.017593857,0.013302802,-0.012661066,0.034050338
2015-04-15,0.043708812,-0.0065502333,-0.014677004,0.0088834725,-0.023855332,-0.0055020927,-0.027791217,0.009410305,0.009104327,-0.00020202006,0.02086748,0.012796426,0.007297583,0.024693105,-0.0051652747,0.010040291,0.014955341,-0.014623907,0.044267926,0.02712823
2015-04-16,-0.01342769,-0.04407425,0.017031314,0.020389758,0.023341348,0.02446964,0.039314378,0.011277736,-0.00091971835,0.009695975,-0.024179615,0.00996651,0.009432653,-0.09351624,0.015191844,0.024440717,0.029114073,0.018375486,0.012883801,-0.018295351
2015-04-17,0.008580068,0.041300967,0.0,-0.0059277127,0.034142643,-0.0030250414,-0.058909837,0.016399713,0.013157828,0.00071592507,0.00034407811,-0.00017603052,-0.00555168,0.03694713,-0.0069650575,-0.007530392,-0.017020606,0.0029777577,0.0017461514,0.011921761
2015-04-20,-0.020231435,-0.018670663,0.0057908064,0.011954753,0.015008455,-0.0025243298,0.003248711,-0.025844458,0.0030563646,0.0050005005,0.029788826,-0.00634599,0.0017939947,0.012052699,0.0,0.0045446334,0.02249136,0.010238813,0.003529675,0.035478417
2015-04-21,0.00993595,-0.00095102575,0.008507429,-0.004851471,0.006883649,0.004143114,0.025649216,0.011309897,0.008900421,0.0024218776,-0.01257283,0.008475468,0.002117328,0.010545246,0.00033821442,6.987501e-05,0.004012778,0.0048346785,0.003645725,0.0014355868
2015-04-22,0.0011708835,0.018104775,-0.014711016,0.0,0.0072016367,-0.0045462055,-0.0031394567,0.00023973118,0.018999893,0.015222874,0.04784454,-0.012424199,0.008265415,0.022312678,0.014140452,0.0050378283,-0.008423038,-0.010714048,0.01337131,0.002844905
2015-04-23,0.015289507,0.0014347264,0.004103644,0.0045733317,-0.0011766558,0.0053635626,0.00664974,-0.0029141877,-0.013918694,0.013138894,0.04172681,0.017920833,-0.0032009156,-0.006033772,-0.015165432,0.023665564,-0.027416687,0.007192219,0.06394574,0.002008678
2015-04-24,0.00976101,0.003223917,0.023533953,0.0088107865,0.00028213699,0.020054942,0.0010419935,0.013388339,-0.008418849,0.002103715,-0.0020681827,0.017463032,0.00029238567,0.0070018168,0.014339768,0.007418653,-0.009949999,0.01621757,-0.0077272886,0.010179293
2015-04-27,0.0038019663,0.028241606,0.01880179,0.02277481,0.0014973673,0.0049218894,0.055497736,-0.018717991,-0.0061836857,0.005742953,-0.04297757,-0.017795715,0.00021674551,0.029682046,0.00087114726,-0.004815833,0.0028522757,0.002077111,0.0039294465,0.001694852
2015-04-28,0.010112606,0.012742284,-0.0010575707,-0.0037352003,-0.010533518,-0.018257126,0.010222269,0.004179987,-0.0108946515,-0.0031229102,0.007935089,-0.015084201,0.006155232,0.013753624,-0.0005840318,-0.004355596,0.024100369,0.0025626032,0.034945406,-0.010178664
2015-04-29,0.0014752423,0.013971814,-0.0030789329,0.014608361,0.006331887,0.004148635,-0.0032464627,-0.01963233,0.014068146,-0.00047443277,0.010229621,0.017573515,-0.002820372,0.02182099,-0.0012579904,-0.0023247215,0.0054714815,-0.00035821038,-0.0342103,0.014339318
2015-04-30,0.016680434,-0.007858573,0.015125382,0.0044924207,0.010080821,0.013505046,0.0061823092,0.01577102,-0.0021119595,-0.02876341,0.032606915,0.0035461516,0.0019568466,-0.035340182,0.0063872244,-0.0045958385,-0.0136758145,0.003351322,0.009135224,-0.017244594
2015-05-01,0.00054120313,0.011665037,-0.00013455511,0.0048706373,0.007527118,0.004404745,0.007179722,-0.024966907,0.011753956,0.021505432,-0.01772693,0.007488978,0.0025976417,0.010612596,0.0069387285,-0.0005656098,0.004923207,-0.009764693,-0.0013812691,0.024468234
2015-05-04,-0.0005411976,-0.009846296,0.018800756,0.01235652,0.014997046,0.02072003,0.00061157806,0.019980589,0.005007466,0.0038891274,0.0154542,-0.016208746,-0.0062706126,0.036633573,0.00057778164,0.05120286,0.016512664,0.01558004,-0.010268507,-0.016867157
2015-05-05,0.005571598,0.03659104,-0.012325587,0.024120979,0.0011055537,-0.031947818,0.04708459,0.012959896,-0.0042017363,0.014374387,-0.028018659,0.036545306,-0.070523255,-0.010721384,0.01690733,0.02704386,0.041737497,0.0065232664,0.02538284,-0.002223176
2015-05-06,-0.0065514413,-0.06584938,0.018800506,0.0,0.010541011,0.017772716,-0.006316256,0.003900535,0.066591136,-0.0028042928,0.054696932,-0.0072665354,0.0300629,-0.010204309,0.014977025,-0.006331711,-0.0071125836,0.03741208,-0.03557013,-0.023460729
2015-05-07,-0.019316189,0.03640038,0.017753199,0.0012216192,0.004507536,-0.019960472,-0.02831555,0.004033584,0.020481504,-0.0017512973,0.020681784,0.016717192,0.007335932,0.0152078355,0.003829114,0.0017402945,0.002104771,-0.009389192,-0.006836089,0.007354391
2015-05-08,-0.016926376,-0.031861495,0.013685908,0.0074146166,-0.024939254,0.0023886554,0.011794171,0.0034296564,0.007219826,-0.02079429,0.0074478746,-0.098329745,-0.020229729,0.039729174,0.00033542115,0.015960539,0.019181445,0.0,-0.019812461,-0.018173374
2015-05-11,0.0019397035,0.0,0.01692255,0.0012243543,-0.026945272,0.022466768,0.085882835,0.0,-0.0192527,0.008220637,0.0033902589,0.016104734,0.0070484905,-0.0007903908,0.005731059,0.0035876452,0.010404922,0.015763149,-0.05126524,0.028967919
2015-05-12,0.054958638,0.004122938,0.0038915235,0.0031477925,0.0059631974,-0.012365779,0.0012619428,0.008353579,0.023659253,0.009211399,-0.0020025824,-0.003990289,0.011006413,0.023652498,0.0028581244,-0.0008957384,-0.011536406,-0.037880052,0.019224,0.0
2015-05-13,0.029765327,-0.0013875463,0.0041658813,0.009386673,0.020445518,0.01915009,-0.022732375,0.0005130524,0.0019021359,0.027926313,0.0015410497,0.021826977,-0.015255612,0.0,0.010238908,0.0048594475,0.058603637,0.027679818,0.036892887,0.010558074
2015-05-14,0.009167397,-0.0010111736,-0.0051626074,0.011081737,0.020055708,0.002542276,0.0013483709,0.011579135,-0.0016937715,-0.019324232,0.0036644745,0.0035664313,-0.02666555,-0.025098646,0.0052787717,0.005524405,0.0057348264,0.023974039,0.07253695,0.002979744
2015-05-15,0.0,-0.003318957,0.0046987007,-0.004518161,0.0053804494,0.024400456,-0.110320106,0.005943661,0.008517151,0.015290486,0.017705712,0.009293149,0.0,0.018005036,0.00967821,-0.010197745,0.0011861272,0.012664283,-0.007547554,-0.0033958354
2015-05-18,-0.01963204,0.015842592,0.014530917,-0.013591506,0.0028180983,-0.0071758423,0.055592667,-6.640593e-05,0.01584319,0.016447248,0.008804603,0.01693108,0.028106797,0.0034152914,0.0015344587,0.010446867,0.01979944,0.008374902,0.06818217,0.017499914
2015-05-19,-0.019424705,-0.02439864,-0.004626761,0.012512814,0.0013384208,0.0085980985,0.0048073297,0.007825853,0.045585275,0.0021329112,0.013947574,-0.0042484347,0.028491046,-0.015577537,0.002282237,0.009241763,-0.0044262507,-0.0015189598,-0.00853581,0.007502404
2015-05-20,0.008436916,0.015005974,0.026870858,0.016208095,0.0012559138,0.008585719,0.0008551301,-0.0014064362,0.0060164956,0.0008899496,0.034617454,0.016801886,0.03488879,0.027665423,0.0087974705,0.006982845,-0.016265659,-0.011992052,0.0042558163,0.009122953
2015-05-21,0.042693987,0.017151259,-0.019725654,0.006646136,0.010120966,-0.0025493498,0.0,0.0002640528,-0.020548545,0.0119633805,-0.03431199,0.0035577544,-0.0032591715,-0.043356907,-0.0026292573,0.0072387615,0.010443985,0.004762268,0.014026794,0.010288774
2015-05-22,-0.0018188112,0.008023103,-0.0005940269,-0.0016599962,0.0154105835,-0.020531585,-0.0013173319,0.009722699,0.0,0.0008999258,0.007539911,-0.0010068042,0.0168964,0.0019935064,-0.0014479771,0.0023500281,0.015749402,0.01342409,-0.0005328357,0.005411538
2015-05-25,0.047412157,0.010665993,0.026956879,-0.004290927,-0.15024006,0.014775583,0.027941694,-0.0032227852,-0.0061113043,0.0083045885,0.0027814945,0.002495691,0.018639963,0.0105259335,0.0017448008,0.009892248,0.016223805,0.010531463,0.0047509437,0.01127031
2015-05-26,0.018803293,0.021864,-0.0039264206,-0.0008659467,0.015151944,0.009902073,0.00775461,0.0085792,-0.0050973934,0.011305644,-0.008133685,0.008005392,0.02200124,0.0026044599,0.0109469555,0.0052998113,0.017913738,0.023631133,0.0014171775,-0.0094238045
2015-05-27,0.004189053,-0.0003813113,0.015539304,0.007878178,-0.04236904,-0.023521299,-0.020746391,0.008876003,-0.014779437,2.4955514e-05,0.012261404,0.0005985689,-0.028909989,-0.011541468,0.006570138,0.014355227,0.007786446,-0.00085922756,0.0075725983,0.009227438
2015-05-28,-0.013510277,6.1046725e-05,0.014386078,-5.8822665e-05,0.031202985,0.029764736,0.082295164,0.00080826686,0.039658073,0.002216977,-0.006595209,0.009418231,0.015538148,0.03932938,0.0021552434,0.0036349564,0.007964846,0.0058628554,0.026223196,-0.00039434072
2015-05-29,-0.0045629553,-0.00020343969,0.010288944,0.008433986,-0.0013234834,0.0047986046,0.026213303,-0.02090962,0.059612073,-0.011170401,-0.0058753127,-0.0012165352,0.01022894,0.00333624,-0.009266952,-0.005174411,0.01067122,-0.008895543,0.0031596348,-0.0013580417
2015-06-01,0.015941229,0.010671575,0.0056938375,-0.010927824,0.020422993,-0.0040098815,-0.015791781,0.008683657,0.036715947,0.0086228475,0.001474705,0.008258398,0.01577536,0.014032093,-0.00029509456,0.0016593068,0.006187792,0.008128296,-0.050241843,0.012704454
2015-06-02,-0.00047632007,0.018763961,-0.0061845076,0.012784886,0.02095599,0.003992219,0.0007953753,0.012177322,0.030198554,-0.00080324063,-0.015872635,0.02636107,0.016339341,0.006604936,0.0121356025,0.017906876,0.0,-0.0011710516,-0.024435973,-0.0051420163
2015-06-03,-0.028818434,-0.0057353848,-0.026524195,-0.002553036,0.011584627,0.008286761,-0.12066313,0.02339433,0.007184246,0.0020605917,0.046263527,-0.02191126,0.010360504,0.024899181,-0.007158407,0.007301635,0.0082505,-0.028113827,-0.0032491928,0.011508613
2015-06-04,0.02476705,-0.015262376,0.025888858,0.023819692,-0.008449936,0.0,-0.15244903,0.0071461806,-0.00021430838,0.005065982,-0.006201607,0.010687454,8.385993e-05,-0.03215286,0.008375906,0.015468685,-0.0036008155,0.0,-0.00242373,0.0024839237
2015-06-05,0.03378716,-0.0063283644,0.011150069,0.014684022,-0.038755998,-0.0015489557,-0.0067505906,-0.0221484,0.009670647,-0.0077661807,0.00429129,0.009324729,0.001303201,0.01633849,0.0002903473,2.3980012e-05,0.003123072,0.021728678,0.046272323,-0.0005410208
2015-06-08,0.008604455,0.019195719,-0.005403002,-0.0034720711,-0.00371657,0.023577169,0.003590529,-0.0034833634,-0.0006086171,0.023696475,0.0063202092,0.02293237,0.0076995054,-0.004895076,0.005805469,-0.0068672467,-0.0010052683,-0.008788811,-0.022718672,-0.003404403
2015-06-09,-0.008317408,0.008951136,0.0009891309,0.013112465,-0.017827004,-0.0014657577,-0.056289423,0.015315232,0.010675251,-0.0050367014,0.00323833,0.029602347,-0.030916438,0.014663055,0.009649686,0.009986941,0.0014470819,0.02471078,-0.02980831,0.011209907
2015-06-10,-0.009730601,0.02300852,0.0033747782,0.005490276,0.010448926,0.004645458,0.0,0.014188258,0.01878156,0.0030083826,-0.010929634,-0.0068548885,0.035248585,0.06156193,-0.0019370049,-0.0053533087,0.010122119,0.0042919125,0.022770053,-0.0029416461
2015-06-11,-0.0014708565,0.013592996,-0.0028338465,0.0061402256,0.017435705,0.007830858,0.08942877,-0.0014887876,-0.00440968,0.014984633,0.017311051,0.009127522,0.0068516578,0.0047168164,-0.006681586,0.018721323,0.01097042,0.016983436,0.006686486,0.0008757949
2015-06-12,-0.005152614,0.006557753,0.011062589,0.0041512246,0.03336237,-0.0031068348,0.03696094,-0.002931239,-0.0006136713,-0.009082885,0.020485738,-0.001394148,0.0025303669,0.018240096,0.0080043245,-0.018749401,-0.03415532,0.0024852273,0.06618679,0.0041703256
2015-06-15,-0.0006410823,-0.0059623295,0.0033246484,0.021527352,0.023254363,0.00759941,0.015584369,0.0070133465,0.014654054,0.008599459,0.006110321,0.008097221,0.015218592,0.004129807,-0.0026550335,-0.0045839143,0.015575745,0.004155431,0.021353232,0.0017562583
2015-06-16,0.025083609,-0.005625,0.005897126,-0.0059700026,0.010707817,-0.024304556,0.011081301,-0.008726157,-0.00681308,0.0007698131,-0.03774547,-0.024181267,0.0050385,0.028259212,0.00303484,-0.0064360797,0.010665135,-0.012205198,0.004414348,-0.0068036844
2015-06-17,0.022193197,0.020122599,0.0073516923,-0.005969298,0.012479757,0.029617133,0.0,0.029784236,0.02061389,0.0046893754,-0.018904138,0.005373836,-0.021459438,0.021891356,-0.039546516,0.018078905,-0.0011314664,0.0,0.01480451,-0.008184857
2015-06-18,0.016815733,0.010319976,0.003650326,-0.008063698,-0.006161337,-0.006027711,0.008318891,0.027831536,0.029267456,0.015491676,0.008638246,0.0033785272,-0.049214456,0.07666905,-0.016582781,0.037407022,-0.0035195102,-0.015503541,0.0033969758,0.0063173175
2015-06-19,0.042315338,0.022240177,0.0001359903,0.012802039,0.008543335,0.028125044,0.00810969,0.010931345,-0.011892201,0.017926553,0.0013640885,0.010143227,-0.0034031582,0.014555812,0.0043648356,0.00043427155,-0.0054347757,-0.017333647,-0.017842151,0.044672094
2015-06-22,-0.0073803957,0.014442336,0.026315983,0.004302698,-0.019860419,7.10377e-05,0.005321026,0.010473159,0.055044636,-0.02522485,-0.0045839567,0.006585094,-0.04689944,0.039693408,0.025767663,-0.0089053335,0.0013114134,0.037620157,0.024185639,0.0113656465
2015-06-23,0.018444188,0.0047937413,0.02192331,0.003080255,0.010962507,0.0037903655,-0.02313781,-0.015651619,0.016437503,0.0014884945,-0.02392971,0.01942684,0.038510058,0.0,0.007928363,-0.013571507,-0.019443652,-0.011551944,-0.002269691,0.0029485375
2015-06-24,0.0,-0.007826965,0.015818078,0.010956781,-0.016426852,0.0044029662,-0.006693746,0.00083370757,0.01587389,0.033302724,0.014821109,0.010750948,0.071477994,0.001286087,0.0,-0.01873138,0.0,0.0075431,0.009394413,0.008589983
2015-06-25,-0.011652931,0.0043048915,-0.009580703,-0.0074203797,0.011248884,-0.14308599,-0.007063304,0.019689396,0.010557258,0.018821586,0.00013947245,0.0,-0.038933195,0.0,0.0025296689,0.0096911015,-0.016060546,0.023641357,0.0053721536,0.0056744767
2015-06-26,-0.01811689,0.023635076,-0.005371006,-0.01402469,0.019155214,0.021013986,0.02234314,0.0062323664,0.0,0.016612228,0.07001572,0.0,0.03292292,-0.0319536,0.035750367,-0.0029331034,0.010777083,0.01164332,-0.00087788684,-0.005824474
2015-06-29,-0.0020557302,0.0104941875,-0.0029185854,0.0050305687,0.0336515,0.028921116,-0.004425307,0.00035076094,0.0068059866,0.0,0.01773956,0.03777837,0.010933195,-0.046732243,0.033944443,0.009106413,0.0012646472,0.0011357284,-0.019579334,0.025243456
2015-06-30,0.011988068,0.0,0.021074392,0.0022074336,0.0062620696,-0.012320544,0.0050087553,0.0013591719,-0.0026204886,0.0031557367,-0.0069676745,-0.030426972,0.02033114,0.027958324,0.017396517,0.0044903196,0.025376568,-0.0032793134,0.0042932443,0.007541269
2015-07-01,0.00429558,0.023349347,-0.013575037,0.021638673,0.0014685839,-0.0040803715,0.01402822,0.020324526,-0.0029102773,0.0023308517,0.0033094161,0.03305685,0.00052559265,0.017399183,0.01594723,0.0069944295,0.012391528,0.022025073,0.0,-0.011763075
2015-07-02,0.029896958,-0.002442325,0.021312796,0.029712757,-0.009001047,0.026250998,0.0052661328,-0.019079112,-0.0057072695,-0.009820971,0.01904802,-0.019892294,0.02394212,-0.0010040714,-0.0045137834,0.019972824,0.012302969,0.009107827,-0.008117877,0.008304565
2015-07-03,-0.004525856,0.019135002,0.0068902094,0.010809519,-0.06668604,0.00860567,0.020993514,0.011819553,0.01022438,0.0013820402,0.0066458452,0.011319246,-0.00777754,-0.011677259,0.02523631,0.024815347,0.017003452,-0.0027336343,0.00619745,-0.009514851
2015-07-06,0.017944628,-0.0057150475,0.010413493,0.0,0.04214155,0.02623517,-0.011262271,0.014730182,0.008232027,0.0014429339,-0.025569862,-0.0030479238,-0.091814265,0.014996261,0.002391457,0.0,0.019333685,0.028772572,-0.042214878,0.022815838
2015-07-07,0.009286939,0.014662118,-0.023219544,0.005953836,0.0006400934,0.0066435304,0.0019042095,0.01018552,-0.003489929,0.021464193,0.05862967,0.0013821401,0.016625032,0.02531032,-0.000784152,0.0006392864,-0.0061887344,0.00062068226,0.008029808,-0.005611343
2015-07-08,0.011193581,-0.016292289,0.015365195,0.0053098984,0.012255899,0.0,0.009932109,-0.004585766,-0.0005032033,-0.06782254,0.03127814,-0.007033978,-0.02282366,-0.014807892,0.0055016316,-0.0005186438,7.064175e-05,-0.097301595,-0.0012622867,0.013316044
2015-07-09,-0.0110991765,0.0023598094,0.021286126,-0.002331563,-0.010309563,0.0074699586,-0.008540891,-0.0013518096,0.030671982,-0.0014703124,0.007377366,0.007782025,-0.024287065,-0.0048219017,0.0046705552,0.006215013,0.009796087,0.024965113,-0.002798469,0.02097429
2015-07-10,-0.0041060266,0.00977848,0.0033242244,0.010130342,0.030802509,0.01772736,-0.13976178,-0.004169587,0.0,-0.005527475,-0.04473673,0.0,0.004806422,-0.017197521,-0.012726637,0.02360832,-0.010326926,0.013352435,-0.030779883,-0.0006180742
2015-07-13,0.015411956,0.010505218,0.013699978,-0.0028755504,0.020959105,0.0054923533,0.060960643,0.006968565,0.015420605,0.045375377,0.018384406,0.024659438,0.06446104,0.009145536,0.0017915593,0.0,0.015695894,0.020782068,0.0078117293,0.021402013
2015-07-14,0.0017747588,0.0046099345,0.019072147,-0.049660847,0.0049885996,-0.0015484887,0.0247115,-0.008504927,0.00015202488,-0.019928642,0.0065449,0.00766856,-0.017646575,-0.06745871,0.018249875,0.016956195,0.008972551,0.014374595,0.032240424,-0.00787167
2015-07-15,0.006434394,0.008043,-0.020206487,-0.02387831,0.019074328,-0.0071931235,0.0017329187,0.053535488,-0.010500365,-0.004064602,-0.027040398,0.0035708277,-0.008705514,-0.0019024935,0.0044206907,0.004154513,0.004818684,-0.037438646,0.011800801,-0.007750573
2015-07-16,0.013294868,-0.01951249,-0.015284494,0.03247269,0.024381874,-0.003552723,-0.016676338,0.0061700516,-0.007060655,0.007632875,-0.00032435716,0.0,0.017496731,0.021905262,-0.001548556,-0.0034017775,0.005612462,0.016675966,0.015926152,0.0139517225
2015-07-17,0.01041122,-0.009463786,0.0014035644,-0.00084052485,-0.0013941689,0.0014377303,0.0143171,0.0,0.0074813776,-0.0054121725,0.08910378,0.011567563,0.011934219,0.014895963,0.002637421,0.0010151482,0.010976394,-0.020953966,-0.02073366,0.0054793605
2015-07-20,0.0029401022,-0.035016328,3.3976612e-05,-0.01461447,0.015638586,-0.013723208,0.023002898,-0.09630026,0.0032322323,0.015518744,-0.018520636,-0.014745611,0.01398953,-0.011773934,0.007686454,0.0,-0.01095518,0.0,0.0077015786,0.019959768
2015-07-21,0.009589121,0.0015358431,0.0017264239,0.0104752155,0.005619866,0.0154631585,0.0046513793,0.02844313,0.0073757246,0.0022851243,-0.0047297487,0.00018744911,0.0078019337,-0.009292922,-0.006143589,0.001632525,0.007846863,0.03194555,0.0097351745,0.008338359
2015-07-22,0.0033099274,0.010639424,0.007453032,0.007466682,0.011659186,0.013963292,0.0070746066,-0.01015337,-0.00055780716,0.022599118,-0.0065986095,-0.0045656627,0.053024113,0.010740023,-0.01479387,0.0016843681,-0.001587739,-0.015195956,-0.001591502,-0.020359749
2015-07-23,0.0004438285,0.007416108,0.01505209,0.005237524,0.024243506,0.014377968,-0.01340338,0.011414903,-0.019624287,0.0032925608,0.021387191,0.01742311,0.037050173,0.003308928,0.0039256853,0.021040956,-0.0021796206,0.006179774,0.0036347648,0.02299706
2015-07-24,-0.03925837,0.028007183,0.015508928,0.04732583,-0.0027834503,-0.012732373,0.00043113317,-0.011709327,0.0063965055,-0.006795513,0.022978427,0.00622027,0.003910659,0.010129971,0.0005283106,0.002097172,0.0032699718,0.025209704,0.01945679,0.01684554
2015-07-27,0.021442303,0.011953345,-0.015843766,0.00041921795,-0.06619672,0.01192512,-0.0034616427,0.013201209,-0.14596106,0.010690317,-0.014453767,0.016096665,-0.0021792445,0.029417131,0.024068525,0.002118059,0.004930537,0.013446404,-0.016928159,0.004771407
2015-07-28,-0.022571513,-0.00045398177,-0.0046970015,7.7166515e-05,0.025903897,0.0016970288,-0.0017892384,-0.08034978,0.007989211,7.6631404e-05,0.06626604,0.0018293698,-0.012032805,-0.011804869,0.004651019,0.01427112,-0.0036177747,0.010778691,0.014030806,-0.031977043
2015-07-29,0.030648222,0.01563804,-0.0020418915,0.021738516,0.00880545,-0.0081224935,0.03076491,0.020758253,-0.00072839356,0.024267858,-0.031868782,0.0050114277,0.012695495,0.00928212,0.0021717022,-0.01909599,0.022736136,-0.010982274,0.009347391,-0.0011608864
2015-07-30,0.046009757,-0.013971715,0.011938488,-0.044739705,0.0075379875,0.037353065,0.0033231573,0.006641093,-0.014146827,0.0046276855,-0.09877051,-0.01991887,-0.005569717,0.0014302087,0.013240754,-0.0023151638,0.009245771,0.009575952,0.0142667275,-0.0172982
2015-07-31,-0.013745352,-0.004637685,0.003482742,0.008562874,0.022965122,0.016207743,0.027211616,0.03753349,0.017802477,-0.002629671,0.045800887,0.010678776,0.019684702,0.023973348,0.0238238,0.03425269,0.0011508093,0.009193621,-0.0017021438,0.004513364
2015-08-03,0.00080639514,0.014336925,0.0028273254,0.005358929,0.014893125,-0.035376504,-0.009612718,0.0015245202,0.03762922,0.026505563,0.006972074,0.0076480424,-0.0039528646,-0.0065394645,-0.019600926,-0.0037296896,0.012385925,0.008649349,0.02746651,-0.009271774
2015-08-04,-0.024760032,0.0050142505,0.022358857,-0.011852148,0.009174487,0.009828691,-0.009278511,0.027102856,-0.009714709,-0.01031372,0.03749849,0.0018158689,0.014533367,0.00040372167,0.005634747,0.005792783,-0.00060844125,-0.022510674,-0.012713913,0.010828921
2015-08-05,-0.020649815,-0.007185876,-0.014891406,-0.012639241,-0.002012132,0.011235048,-0.08547675,0.02466525,0.01866886,0.03680388,0.0034011663,0.008911895,0.011797761,-0.0015458403,-0.0064937016,0.016225936,-0.0047605606,-0.0059977453,0.0071891826,-0.004668804
2015-08-06,-0.008193698,0.017522067,-0.0010812188,0.017839696,0.003746855,0.019697187,0.01007574,-0.00018160226,0.011414461,-0.0063244468,-0.01622416,-0.0055065067,-0.0034028918,-0.011460474,-0.0061240457,0.0029259534,-0.010967787,-0.029785555,0.003652301,-0.0048155896
2015-08-07,-0.006862936,-0.008546182,0.0071985666,-0.009543719,0.005888372,-0.018696817,0.02519582,-0.0017568985,0.0,-0.013341271,0.0007517384,0.018610656,0.031938367,0.036681235,-0.00035750412,0.017357392,0.0049225213,0.018621113,-0.012881528,0.020372696
2015-08-10,-0.002956879,0.006021443,-0.017989947,0.014386032,-0.03064532,-0.023409344,0.0034859553,0.0080463,-0.0009873499,0.044058632,-0.0009133457,0.0090472745,-0.012064123,0.0038030208,-0.06949156,-0.015330155,0.005522841,0.0052224426,0.01484101,-0.009739743
2015-08-11,-0.003965965,0.008618943,-0.025118578,-0.00714231,0.01695504,0.0124508375,0.027298437,0.023457421,0.0028121371,-0.014714908,0.015519193,0.008481541,0.003934624,-0.00072257884,0.022144916,0.023508567,-0.00064859097,0.012918977,0.01333651,0.04741066
2015-08-12,0.012264415,3.0667514e-05,-0.02305088,0.000639522,-0.003553023,0.02485332,0.01796057,-0.037403196,0.016633512,-0.023556828,-0.007963171,0.0075040585,0.003228491,-0.0045243087,0.00057057606,0.016416324,0.012662639,-0.001385943,0.014835948,-0.07710127
2015-08-13,-0.007184098,-0.0021625068,0.004302909,0.014402583,0.026304971,0.011496489,0.011286294,-0.017253002,0.019708343,0.023970148,0.024399463,0.008552829,0.0012626294,0.008939226,0.039738964,0.0028875673,-0.00343927,-0.021614123,0.0034829385,0.020498121
2015-08-14,0.0086942045,-0.00218569,0.02397315,-0.13300587,0.014198699,0.01605643,0.008047943,0.0,1.7668151e-05,0.023194019,0.01541472,-4.162609e-05,0.047949664,-0.0013488822,0.041389,0.0056492933,0.010338865,0.029079845,0.014259503,0.0030831478
2015-08-17,0.008607424,0.0007718269,0.053130608,-0.0027705966,-0.0038958977,0.015036791,0.006314991,-0.0010699042,0.0066996524,-0.01388031,0.025605882,0.0020304117,-0.00223113,-0.00024463495,-0.017950954,0.00040617274,0.0070065623,-0.009536543,0.0012885244,0.00890795
2015-08-18,-0.0059886663,0.0024612609,0.0086575365,0.06387806,0.04466742,0.0027868587,-0.01600536,0.02673695,0.022729075,0.011964447,-0.002962722,-0.010780666,0.0025806548,0.014555164,0.0042074793,-0.016922127,-0.012156393,0.013345364,-0.0058328738,0.018927278
2015-08-19,0.020515565,-0.001597234,0.018765401,-0.0052251555,0.0,-0.0034883162,0.0057122163,0.004294955,-0.0054920716,0.0022333693,0.014894839,0.017397214,0.0021588681,-0.0027465855,0.031776946,0.0038797907,0.010239454,0.0,0.0131777795,0.005735719
2015-08-20,0.04673398,-0.012666974,0.013742306,0.047440354,0.010366391,-0.0076785004,0.0,-0.006229843,-0.022368742,0.005446927,0.020974,-0.06306665,-0.008764739,-0.016737793,0.0073655364,0.021459272,0.0,0.00054003904,0.0063304137,0.011137365
2015-08-21,0.0024816613,0.00077845715,-0.005329993,0.030793527,0.017152203,0.012735777,0.013464696,0.012443074,0.018499091,0.0075057438,0.01776818,0.006531957,0.009179465,-0.0058155963,0.0026826356,0.012511112,0.0013857078,0.010781451,0.008899281,-0.001002164
2015-08-24,-0.00967043,-0.016313987,0.0014121968,0.002732154,0.0041100346,0.000795834,0.009348111,-0.015329374,0.0020838133,0.023484046,-0.019708198,0.014971366,0.001538249,0.02583415,0.0078072264,-0.017900754,-0.017203147,4.7096004e-05,-0.0035838063,0.010173015
2015-08-25,0.011394348,0.020536719,-0.023158442,0.020513654,-0.014524532,0.011168276,-0.0027757965,0.010312287,0.018710231,-0.05815877,0.0345501,0.015563267,0.034781314,0.0032636558,0.010887707,-0.02019968,0.0051495354,0.0053952453,-0.014851761,0.00075464515
2015-08-26,0.024021797,0.0049612117,0.0080207335,0.018695867,0.0013757515,-0.012277872,-0.025040273,-0.012857943,0.0021223573,0.016172897,-0.032051295,-0.0018108069,-0.02653073,-0.017889865,-0.0012487812,0.028043894,0.010203751,-0.0057346937,0.023119662,-0.0014771139
2015-08-27,0.0016441193,0.011194956,0.0058841165,-0.005171351,-0.0036297105,0.010759582,0.002206395,-0.0055689495,0.0017469428,0.024832552,-0.01667514,-0.012270356,-0.006898846,0.0,-0.016825916,-0.017087912,0.01001004,-0.011420231,0.0046746028,0.00033940948
2015-08-28,0.0007375767,0.0029707404,0.0037323246,0.016632704,0.0013294152,-0.0008691807,-0.020326547,-0.014656207,0.017554827,0.017410656,0.019923141,0.013919473,0.016264629,-0.013545519,0.026709558,-0.02820756,-0.0008098919,0.006293624,-0.0008576677,-0.023271581
2015-08-31,0.00933744,-0.009932446,0.014966691,-0.0064528976,-0.002811976,0.00045577163,0.015640905,0.0231172,-0.030530846,0.0154590495,0.015395952,-0.003526714,-0.009387143,-0.0043974663,-0.022745717,-0.0038686898,0.0013529963,0.0014566111,-0.00026161247,0.010048852
2015-09-01,0.013367659,0.00928134,0.010950862,0.013219676,-0.01616188,-0.008204511,-0.0014018943,0.010958927,0.023023658,0.008956152,-0.01731159,0.0050487644,-0.035764907,-0.053383213,0.012255137,0.044827074,-0.0005935894,0.020780357,0.019273704,0.0034328545
2015-09-02,-0.005344342,-0.013889747,0.030013919,0.0,0.0048526707,0.007744817,0.016382752,0.0,0.009278845,0.011507484,0.016573703,0.0037681202,0.004053743,0.0042943046,0.010944205,0.012505419,-0.005237182,0.013591546,-0.0010465978,0.0038069342
2015-09-03,0.01200257,-0.003939308,-0.003651895,0.0022746373,-0.019327931,-0.0057809316,-0.026041867,0.021756088,-0.008617852,-0.012193012,0.013971247,0.00034285494,0.009323297,0.01919212,0.0053380905,0.0013202814,0.0049172235,0.014490928,0.010959955,-0.0035191744
2015-09-04,0.02397755,-0.012075879,-0.0009779094,-0.0019838398,0.010474505,-0.0060534063,0.01069317,0.01614629,0.0,-0.01912369,-0.006022663,-0.0021812066,0.012464776,-0.0043507745,-0.0008405138,0.0,0.00222803,4.586285e-05,0.0038729676,0.017711632
2015-09-07,0.007358752,0.005520564,0.0036583706,0.014525384,-0.009930542,-0.0011767473,0.02992626,-0.0134160835,-0.013510444,0.016884921,-0.02013155,0.014338057,0.013046015,0.022890454,-0.015391394,-0.007790285,0.007237504,0.012815947,-0.012685433,0.010788775
2015-09-08,0.0065981657,0.016014913,-0.005579768,0.0013848222,0.011668297,-0.040041912,-0.006270509,0.01659833,0.03064681,0.021451382,0.047778096,-0.017705165,-0.0011351327,0.010065364,-0.008857506,0.01063788,-0.001587439,0.0050544236,0.005778576,0.019827724
2015-09-09,-0.0005048842,0.015600874,-0.032523748,-1.6463579e-06,0.023616582,0.0036750177,0.016850667,0.0049150093,-0.0042737247,0.0065302523,-0.040822327,0.003745044,0.009263167,0.028694168,-0.008734598,-0.0030399505,0.0042939247,0.009685386,-0.0055529634,0.014166956
2015-09-10,-0.0045745163,-0.005919496,0.019707607,0.023826087,-0.0010591075,0.017504415,0.025944173,0.0033504034,0.022531198,-0.052383944,0.023265567,0.0048313267,0.034698553,-0.005680835,-0.018581575,0.0040324274,0.004952384,0.0064878324,0.005644829,0.0048871753
2015-09-11,-0.009038022,0.016275521,-0.00049820193,0.014884888,0.026594087,0.0050426484,0.0,0.008090575,-0.013351242,0.030797241,-0.015311799,0.0018241245,0.01873603,0.022241894,0.0,0.0033127056,-0.008175252,-0.0037238356,0.009161721,-0.015722122
2015-09-14,0.00056223175,0.0025788534,0.022181679,-0.006748111,-0.004821949,0.0059644673,-0.02604991,-0.0035881063,-0.014560506,0.0053671673,0.027933646,0.0,0.0042298823,0.008645711,0.033141613,0.022962794,-0.0065627415,0.007284875,-0.0014754211,0.0066692806
2015-09-15,0.022395272,0.011810162,0.010910174,0.011329076,0.0013131169,-0.017219901,0.020870643,0.00047796936,0.0074875867,0.006473198,-0.010060371,0.0015530627,0.015450056,0.010268073,-0.006559477,0.017394217,-0.0081608575,0.032393992,0.014316353,-0.02001078
2015-09-16,0.006150418,0.016564397,-0.0052870284,-0.01829286,-0.0055413386,0.016207183,0.0017752614,-0.0013957215,0.027483257,-0.009998073,0.00096512336,-0.0042181844,-0.052318793,0.003582699,0.007452556,0.017855704,-0.012641543,0.016208092,0.02339341,0.0011897233
2015-09-17,0.034480166,0.008013398,0.0065576877,0.005941727,0.025544567,-0.00045753655,-0.026586566,0.036103737,0.0040927697,0.014611971,0.00055634213,0.037076354,0.009468551,-0.012311511,0.006575165,0.017327784,0.016415672,0.0029979025,-0.0045319,0.011388159
2015-09-18,0.0055348333,0.0104549285,0.012658016,-0.017491613,-0.004462622,0.02930438,0.0463698,0.005033287,0.030761428,0.001982993,0.001978785,0.0008820658,-0.04274564,0.013331833,0.01457698,0.020968048,0.01817822,0.0018250452,0.016502911,0.012762251
2015-09-21,-0.009188087,-0.024661884,0.005567083,0.019759536,0.021473529,0.01023494,0.006269267,0.01571088,-1.7056345e-06,-0.0008529862,0.0042430093,0.007173806,0.0039324067,0.011559675,0.0032132342,-1.6066339e-05,0.007481431,-0.0036361122,-0.002418113,0.01895025
2015-09-22,-0.003186927,-0.0018436639,-0.0006310279,0.0063132048,-0.016902748,0.018104859,0.000473408,0.004645424,-0.002032709,0.013965995,0.012341685,0.0105573,0.0005578294,0.0007617448,-0.0022285,0.007994488,0.015673894,0.0,-0.01295889,0.009098702
2015-09-23,0.028481755,0.007110988,-0.008944015,-0.016688103,0.01126235,0.012752308,-0.0011852673,0.0142799765,0.014029045,0.01801929,0.016463656,0.0048001325,-0.0067460136,-0.09251234,0.010244965,0.0012708841,0.016465649,0.015981188,-0.017234547,-0.030743027
2015-09-24,0.011215614,-0.03670123,0.01169551,0.035031397,-0.0116507765,0.00028162453,0.0011776828,0.010906503,-0.030452399,0.017969279,0.015541541,-0.0068235705,-0.0023308245,0.008656477,0.0032728326,0.02149859,0.0,0.0052507883,0.025606295,-0.00428773
2015-09-25,0.005668051,-0.0015886346,-0.0053289677,-0.0009514196,0.027308881,0.0,0.0,0.012471255,0.04232911,0.0,0.012084677,0.0011741961,-0.026470704,0.022845572,0.0010991754,0.00919142,0.011887442,-0.005292465,0.007467565,0.008553783
2015-09-28,-0.03561891,0.027466193,0.0032575196,0.009148745,-0.024269829,0.008123255,0.005363051,0.012349751,0.0019817096,0.0052204956,0.014937263,0.040437605,0.024542024,0.012494535,0.011625339,-0.0006564506,0.025596648,0.0015573332,0.022975318,0.018097572
2015-09-29,0.0,-0.00039939446,0.008441567,-0.0011842736,0.008537247,0.0047102394,0.010664326,-0.010080329,0.009190443,0.011955465,-0.00087687286,-0.030489117,0.015736684,0.07266806,-0.007914254,0.01184124,-0.0038277064,-0.0120413285,-0.03726292,0.013377868
2015-09-30,0.021874528,0.008740412,0.012957405,0.008302152,0.015893046,-0.0060345046,0.007857178,0.009773792,0.01864736,0.0015265886,-0.0038429701,0.009456679,0.016901627,-0.020619905,0.0,-0.0043870634,-3.9458787e-06,0.018837411,0.007462255,-0.003759582
2015-10-01,-0.0148025425,0.010436078,0.0,0.015090379,0.018030994,0.0206462,-0.0026439778,-0.00042823132,0.013581996,-0.025057143,-0.013530829,0.008794671,0.0091568995,-0.016713457,0.0,0.012409822,-0.012515961,0.0029610277,-0.018471498,-0.0090761045
2015-10-02,0.013628389,0.005308217,0.0010463352,-0.0016577711,-0.0006859176,-0.008543289,0.0023612801,0.015975783,-0.022417502,-0.005222276,0.0018275157,0.0041300515,0.0116600925,-0.00023762985,0.00089327147,0.004812533,0.001984461,0.013011295,0.024177302,0.0146987755
2015-10-05,0.005609939,-0.1329227,0.012413235,0.020388553,0.021434827,0.014277376,-2.5664076e-06,0.008780456,-0.0015738526,-0.022285167,0.023073832,-0.14482227,0.0028549624,0.048075147,0.0006156593,0.0,0.01784778,0.0083086165,-0.014688521,-0.018174415
2015-10-06,0.0015870814,-0.08587774,0.00087553187,0.008852702,0.0010312798,0.008119276,0.010251632,0.0059140837,0.012708077,-0.00073451485,0.0051936707,0.030534027,0.008875933,-0.0042319335,-0.0018704804,0.0014795008,-0.0025990566,-0.0018556591,0.0001804397,0.008516619
2015-10-07,0.011454392,0.0014315931,0.012924798,0.01990192,0.0010581126,-0.0022626086,0.015234502,-0.004446189,-0.009405856,-0.005841443,0.015823826,-0.08718583,0.0025070813,0.028278826,0.009169879,0.012836861,0.0027736768,0.009644191,0.023118265,0.008220977
2015-10-08,-0.0041318177,0.015156528,0.003124678,0.005658653,0.010325211,0.017966643,-0.009899446,-0.004390542,0.00030355834,0.02110366,-0.029411936,-0.0036960319,0.006539717,0.0045583546,-0.0064390567,0.012425005,-0.02077098,0.022025045,-0.021804927,-0.012977578
2015-10-09,-0.0046099927,0.02794762,0.017914409,0.0060176644,0.00593816,-0.006550387,-0.0053883474,-0.011093701,-0.009795392,-0.0056592044,0.0088202795,0.0010151109,-0.009821079,-0.026293585,0.01521999,0.00052958773,0.032632485,-0.0034039996,0.013252297,0.0033443007
2015-10-12,0.025549397,0.03216405,0.0018644923,-0.012667711,-0.0101715075,0.0018205764,-0.009324282,0.006872425,0.024590695,-0.056511857,-0.0057155676,0.042277638,-0.007144142,-0.0063043735,-0.001608997,0.010845047,-0.0077421335,0.005882523,-0.006094688,0.016447606
2015-10-13,-0.02260938,0.013123974,-0.004575083,0.012935505,0.0039640805,0.007510684,-0.0071323947,0.019869305,-0.0053033414,0.02232005,-0.019643247,0.01588995,0.010431891,0.010267151,0.02099341,-0.005429436,0.007962523,0.0,0.020299077,0.009047489
2015-10-14,0.0023537264,-0.03000375,0.010185052,0.017484784,-0.033477496,-1.3305475e-06,0.010950066,-0.0024546052,0.011389025,-0.018450193,0.007357494,-0.05885752,-0.021208432,0.07913131,0.014693033,-0.006979438,0.005668665,0.02172234,0.0130414665,0.009167224
2015-10-15,0.02690442,-0.000874218,-0.003893683,0.0056283777,-0.049704403,-0.013512761,0.005167053,0.007104348,0.025322797,0.024362542,0.0044043907,0.08880493,-0.0019181613,0.027654596,-0.018841816,-0.008364607,0.0059407894,0.007824838,0.0032968395,0.008344647
2015-10-16,-0.026610522,0.013876958,0.0030603576,0.0045029763,0.008294635,0.0032250956,-0.021678371,0.009269812,0.019998068,0.011341807,0.02700136,-0.0008830922,-0.014890608,-0.03829224,0.007457518,0.0042732316,0.0070828395,0.015733542,-0.000622678,0.00017901996
2015-10-19,0.022640372,-0.037641548,0.004687166,0.0,0.044203904,0.0036853673,0.015502685,0.0032017229,0.028362129,0.020785475,-0.0002345531,0.015143759,0.015802406,-0.0004449126,0.0013225563,-0.01653578,0.007281627,-0.011939769,0.00076596695,-0.005244547
2015-10-20,-0.031233912,0.08822989,0.015938504,0.0038177765,0.0063031865,0.020040806,0.010300165,0.006139879,0.009831408,0.013175502,0.0015079856,0.010566438,0.006594989,0.014038321,-0.0032889056,0.015628168,-0.0004306499,0.0036710752,0.0026569942,0.022136286
2015-10-21,0.016425496,0.011696791,0.009580985,0.0040410003,0.005770886,-0.0051733055,-0.00057964947,0.009291921,-0.00055143575,0.020126766,0.0029908356,0.02381423,0.012705067,-0.007937807,0.024613472,-0.0015487286,0.008739025,0.021289794,0.006948337,-0.009378099
2015-10-22,0.017581688,0.022115922,0.0,0.012553612,0.0065413173,-0.0003231674,-0.0007988462,0.00014106289,0.015586407,-0.12251384,-0.007238261,0.0061811535,0.004622805,-0.040734626,-0.0018786081,-0.016610552,-0.0046794727,0.0070223464,0.0008312823,-0.0006088436
2015-10-23,-0.0010656262,0.0086484095,-0.0042795637,0.0,0.008091096,0.021796072,-0.080300875,0.012614878,0.017301673,0.016691772,0.015316309,-0.007949122,-0.0077144075,0.02832132,0.0,0.008605828,0.010300444,-0.017094783,-0.019975686,-0.005316555
2015-10-26,0.016860915,0.016047573,0.0038349656,0.00012006313,0.0013682784,-0.004420292,-0.008775503,0.00043327638,-0.0025166504,-0.00655675,-0.0021788918,-0.0004580295,0.0010216581,-0.0206733,-0.015998082,0.0026113002,0.0037063197,-0.002468267,0.0,-0.017245833
2015-10-27,-0.0146776745,0.007222634,0.01698309,0.014831358,0.02993725,0.0053160503,0.010891433,-0.004069702,-0.016305817,0.0026182602,0.022513825,0.004826337,-0.015357437,-0.021040315,0.011399561,0.027126532,-0.0049271937,0.008698615,0.015003928,0.0025188627
2015-10-28,0.0,-0.008175452,-0.010515475,-0.02926123,0.0,0.013229493,0.018287685,0.011331478,0.0017257687,0.004455674,-0.0010480969,0.003119562,0.013242407,-0.0051038084,0.008335933,-0.006021088,0.004563405,0.0021059073,0.009653392,-0.004719503
2015-10-29,0.0015675479,0.021987893,6.4805055e-05,-2.9380944e-06,0.005142882,0.010015421,0.008081579,0.008062395,-0.012042031,0.023699807,0.012816036,-0.0024698228,-0.0054801237,0.03042817,-0.0043337676,0.009835113,0.01809123,0.01617074,0.013452388,-0.003379692
2015-10-30,0.037279997,-0.03065413,0.012706438,0.016880011,-0.0052077477,0.00068531756,0.017400425,0.015179688,0.005721628,0.0,-0.007549873,0.007991566,-0.010086234,0.011638028,-0.0030974832,-0.012366935,0.011583834,-0.0016517149,-0.0028223328,0.015537476
2015-11-02,-0.0023262273,0.030746099,0.011343871,0.002659618,0.0,0.0031923049,7.569577e-05,-0.0057449597,0.027218875,0.0096971225,-0.0024067175,0.030441534,0.027515907,-0.012829139,0.013244499,-0.0068476913,-0.015783923,0.011000953,0.0067905136,-0.011114245
2015-11-03,0.019689588,-0.026372163,-0.018969923,0.0011963089,0.027704764,0.007178614,0.015928516,0.012101975,-0.0022407293,0.0028957382,-0.0027873965,0.016827917,0.017265104,0.065332495,-0.005808745,-0.010546946,0.0018451734,0.012815641,0.041749984,0.024801888
2015-11-04,-0.00194927,0.017419107,0.0070664925,0.0056174747,-0.017428571,0.0052898196,-0.0037684238,0.020466426,0.024727797,-0.012231376,0.014256671,0.004639058,0.004080354,-0.018347718,0.0,0.004606506,-0.009819911,0.0013218422,-0.024682803,0.0012715157
2015-11-05,0.01890851,-0.06762016,-0.0043935194,-0.018479481,0.028311515,0.0056920224,-0.0010481026,0.021439614,0.022912074,0.01778015,0.0067800335,0.014587212,-0.006476214,0.019525887,-0.0018180326,0.030782262,0.0,0.01319897,0.010258622,-0.005316668
2015-11-06,-0.005466496,0.006643922,0.033215184,0.016454697,-0.0073994217,0.0021785754,0.009324955,0.011521923,-0.0120909745,0.0029194404,0.0,-0.00931377,0.023669144,0.0092042135,0.006468188,-0.024439586,0.011586454,0.011814311,0.008544087,0.0210566
2015-11-09,0.0104917325,0.0004837109,0.016598558,-0.00871769,0.017778017,0.0058927783,0.0148594435,-0.008962367,0.0032421993,0.0010228634,-0.01588542,0.011972915,0.017268,0.0039985487,0.017527154,0.015733007,-0.012093387,0.0,-0.021917813,0.014939411
2015-11-10,0.020235805,-0.008822307,-0.0045521082,1.1722368e-05,-0.0009757033,0.0050636367,0.0048883883,0.010526046,0.0068696504,0.013563611,-0.009262367,0.005804923,-0.0019295665,0.0,0.0050819293,0.006961787,0.011530929,0.01293028,0.0048057996,0.0043959236
2015-11-11,-0.022535652,0.032397952,0.00035402182,0.020208644,0.014500737,0.0010505136,0.014736024,-0.0026340752,-0.004808854,-0.0068172817,0.025250286,0.012189453,-0.003777737,-0.034338392,0.012366164,0.0069994903,-0.03876035,-0.01659895,-0.01597751,0.00495233
2015-11-12,0.007175253,-0.018145029,0.005811903,0.0019681896,0.04619684,0.007995816,-0.007641534,0.012486775,-0.02399097,0.018792098,0.009819793,0.031353425,0.0155327,0.018014025,0.0032068684,0.0043497,0.045878183,0.022202421,0.022695048,0.0042689187
2015-11-13,0.012487425,0.023841811,0.009515255,-0.02151363,-0.016147625,0.0062236087,-0.0018172857,0.015767844,0.0058067264,0.0018083074,0.002249826,-0.012277811,-0.014504544,0.016534075,-0.00811282,0.010999016,-0.0020291694,0.0017565049,0.007072866,-0.004355304
2015-11-16,0.0015538513,-0.007004016,0.011111025,-0.019031629,0.017497148,0.001148259,0.0022423053,-0.0012856644,0.0078837145,0.014280742,0.00866267,-0.003631368,-0.007758889,0.060411,-0.008195166,0.012525891,0.012309924,0.008371691,-0.0037034424,0.0049424306
2015-11-17,0.014034378,0.030780518,0.0023227776,0.00985224,0.00041169763,0.005776559,-0.0026072152,-0.0012831411,-0.0045092497,-0.014168053,0.00867196,-0.0034093044,-0.008426044,-0.016937476,-0.02898336,0.0068998486,0.00511932,0.009340499,-0.013489153,0.0087913545
2015-11-18,0.013810784,0.01890007,0.023075232,0.033172544,0.023718826,0.009935569,0.021356402,0.017796228,-0.06768236,0.012947691,0.011003184,0.031339813,0.009750229,0.08747897,0.017924296,-0.011704977,-0.0045309816,-0.0027610906,-0.010087136,0.0023190852
2015-11-19,0.0021741546,-0.009029981,0.00444877,0.020506749,0.008164022,-0.00092085736,-0.0001694167,-0.0050761206,0.01025426,-0.0009788715,4.0483552e-05,-0.004772888,0.016489524,0.001377227,0.0006677467,0.011826479,-0.0139205465,-0.0068902327,0.010409239,0.012184361
2015-11-20,-0.014959728,0.015445384,-0.031833794,0.010714472,0.0,0.009004788,0.0080497665,0.008723464,0.015361486,0.0106993,0.00384852,-0.0620093,0.007931256,0.0068585314,0.022335988,-0.014599767,-0.00022225236,-0.0068945335,0.013735681,0.008303434
2015-11-23,-0.0041058436,-0.049904283,0.00376554,0.024102354,0.0034577376,-0.0006924012,0.0029115719,-0.006403226,0.04132381,0.009969579,0.007348061,0.009093469,0.0,0.010723995,-0.00088330975,0.0012806107,0.015066842,0.017362244,-0.006305961,-0.021802997
2015-11-24,0.013209182,0.027920887,0.005923842,-0.009870666,0.005749046,0.0,-0.014561591,0.015938077,0.012217384,-0.0012560932,-0.0152820805,0.037350178,0.0065941787,0.006555977,-0.0010394556,-0.01716008,0.01622055,0.008658108,-0.027047396,0.014009865
2015-11-25,-0.0096576,0.02538811,0.0,0.012313878,0.02814598,0.020434327,0.005834311,0.0006272267,-0.0021760454,0.0043103695,-0.016403394,0.015793743,0.010251037,0.0095933415,0.01970436,0.01457177,0.0059965476,0.013047715,0.024631519,0.0019999132
2015-11-26,0.0039008937,0.023394935,-0.0006140016,0.005371811,-0.0003045754,0.011271367,0.00014691865,0.0050202888,0.019801494,-0.027517565,0.011401656,0.01667915,0.013577427,0.012761287,0.007212691,-0.0034870817,-0.007897378,0.00054387737,-0.0028698226,0.009486498
2015-11-27,0.014921573,0.011684835,-7.5642936e-05,-0.011712676,0.02033548,0.004861179,0.017682528,-0.008628849,-0.041314553,0.0,0.021053217,-0.0037202982,-0.0010007916,0.006929526,-0.0152940005,0.009040615,0.010614158,0.008785333,-0.0040205116,0.015550991
2015-11-30,-0.024274474,0.008773298,0.016418139,0.015416371,0.005163337,0.018963246,0.0,0.0104086045,0.07449579,-0.0009646457,0.00623911,0.00095084915,0.0,0.022640858,0.015167171,0.025159746,0.0033465384,-0.014676921,0.0003605648,0.0
2015-12-01,0.0021731425,-0.0029518276,0.0025789454,-0.008341608,-0.0153704835,-0.006003063,0.016105335,0.0054751816,-0.0066504646,-0.005886143,0.023694241,-0.003436613,-0.0071637365,0.0010309985,0.017162127,0.006570712,0.02017363,0.021956053,0.009506261,0.0007651984
2015-12-02,-0.002556921,0.027390365,0.020803908,0.01985586,0.014441957,0.011275677,-0.0014109861,-0.016699003,-0.012401106,0.013467539,-0.019287175,-0.024935693,0.0003579762,0.009922591,-0.00062939856,0.016618034,0.012733662,0.0,6.823784e-05,0.01462334
2015-12-03,0.008886546,0.0076899445,-0.00038743782,0.011218247,-0.0036976791,0.0014812174,-0.006302948,0.0087564625,-0.019680941,0.010767683,-0.0006208861,0.030643445,0.0040073767,0.010524345,0.0,0.0105531225,0.009211126,-0.0016065128,0.0042988067,0.008618495
2015-12-04,0.043792654,0.0026291162,0.017695174,-0.03581738,0.011506464,-0.0014511585,-0.006487693,0.008554005,0.014266604,0.0013461215,0.027830616,-0.0501375,0.0020859498,0.014326144,0.0071595795,0.0069010924,-0.0014481999,0.009120244,0.019582884,0.011459744
2015-12-07,-0.0056122006,0.0051872204,-0.0074770744,-0.034995485,0.0102687925,0.0031916068,0.019695492,0.0,0.015285195,-0.011634655,0.0053547653,0.031028919,0.0036683942,-0.004675549,0.016604131,0.009132321,0.0050241393,-0.019581681,-0.003884398,0.008116368
2015-12-08,0.00913884,0.008578593,0.016703589,0.03667349,0.008672818,0.019829948,-0.013599016,0.0038409086,-0.020970594,0.016196169,0.009741705,0.007943106,-0.015801786,-0.009297778,-0.00213715,-0.022771513,0.0,-0.0016093904,-0.0047482452,-0.0014749155
2015-12-09,0.008689942,0.0,-0.016438663,0.02354137,-0.002465182,-0.0039983615,0.011025639,0.01473477,0.017932568,0.01259276,-0.010716507,0.0067216,0.011059566,-0.000980232,0.016241638,-0.002458494,0.018813496,0.009773382,0.02268408,0.0037174753
2015-12-10,0.0052758227,0.021199545,-0.005105894,-0.015827117,0.015295125,0.0056671165,0.016653793,0.0041141924,0.029871397,0.0071458765,0.016504262,0.015196691,0.0036270716,-0.0172529,-0.013508508,0.0307797,0.0068242294,0.0073606586,0.008535839,0.0
2015-12-11,0.005514249,0.008509808,-0.017652526,0.0021910397,0.016641753,0.017280228,0.014622575,-0.0057554236,0.019315014,0.020232795,-0.003200875,0.03769962,0.022745822,0.003669878,-0.0007616549,-0.0013748171,0.0073472243,0.0,0.015142363,-0.0026901478
2015-12-14,-0.01929218,-0.005977437,0.023114184,0.003038486,0.0135869775,0.014360138,0.0,0.00089599437,0.0028616358,0.01399168,0.01833813,-0.0073193405,0.01689285,0.015664617,-0.019819451,-0.008063661,-0.00500682,0.07545554,0.01833813,0.014360138
2015-12-15,0.00699125,0.03655563,0.0082904715,0.021432841,-0.02613232,0.0,0.020336814,0.03532702,-0.013674079,-0.0011108151,0.010423774,-0.012481746,0.05463139,0.026236052,0.047397636,0.0032988554,0.0051896437,0.012435853,0.010423774,0.0
2015-12-16,-0.010436729,0.010498732,-0.013059,-0.002103952,0.005862733,0.013811913,0.011543328,0.009158805,0.021094397,0.011537536,0.004359082,-0.00032906735,0.025600217,-0.013478798,0.014813007,0.00059700554,0.009221694,0.021256885,0.004359082,0.013811913
2015-12-17,-0.0036239063,0.006372532,0.015778782,0.013612987,-0.027826417,-0.01308208,0.034732323,0.0027631624,-0.011042611,-0.009059506,0.009976459,-0.12563968,0.017984258,0.01861887,-0.0048752674,0.030569507,0.04267083,-0.0036282819,0.009976459,-0.01308208
2015-12-18,-0.0045588952,-0.054703224,0.0036869938,-0.051647753,0.02060818,0.014954415,-0.0077829054,0.019225905,-0.04022903,-0.0015884193,0.011916518,0.007967166,-0.008888142,-0.0017841738,-0.011080935,0.003619097,-0.03187408,0.016634617,0.011916518,0.014954415
2015-12-21,0.026443772,-0.0012431843,0.005579881,-0.002967854,-0.011290122,-0.00013783704,0.043721035,-0.0128756175,0.023730567,-0.011640908,-0.007942878,-0.010176562,-0.085740894,0.023811456,-0.020012712,0.0,0.02960675,0.04154955,-0.007942878,-0.00013783704
2015-12-22,0.010121176,0.028468342,0.011423492,0.021301536,-0.0005197798,0.0,-0.017861508,-0.0038654038,-0.021798614,0.0034071174,-0.024533747,0.01500739,0.08260138,0.002761647,0.07877395,0.02233147,0.003720094,-0.01257521,-0.024533747,0.0
2015-12-23,0.020956585,-0.0017202662,0.004611278,0.005338421,0.01593602,-0.009041721,0.040009502,0.04742721,0.041467257,0.007740503,0.004573556,-0.010185859,0.015595136,0.011541061,-0.09881633,0.017918473,-0.009339674,0.006435569,0.004573556,-0.009041721
2015-12-24,0.004629252,0.0033400191,-0.0022586053,0.009955481,-0.0027914806,0.017835818,0.029257068,0.014362511,0.027144514,0.009651318,0.004707357,0.041589335,0.0058579138,-0.003370577,0.0076951864,0.0046000658,0.0074082944,0.008589952,0.004707357,0.017835818
2015-12-25,-0.039160606,0.012588253,0.010778789,0.013609507,-0.00651976,0.00025251112,0.029056193,0.015006062,0.02442948,0.0016866244,0.010629517,-0.010713517,0.016782548,-0.012215034,0.08857584,0.043851357,0.008007033,-0.0803623,0.010629517,0.00025251112
2015-12-28,0.0028900085,0.024119634,-0.0036226898,0.031831007,0.007943955,0.011853736,0.0035372998,-0.008817964,0.0026711721,-0.008913108,0.002773088,0.016810257,0.019621339,0.0037222903,0.017705433,-0.018447993,-0.0088347085,0.045302536,0.002773088,0.011853736
2015-12-29,-0.01491268,-0.012722281,0.018345708,0.0055147544,-0.007702972,0.0036270842,0.007977078,0.0,0.004236675,0.017700218,-0.04038901,0.024274074,0.00369225,0.0050567486,0.007423152,0.031115605,0.007282646,0.0019384781,-0.04038901,0.0036270842
2015-12-30,0.018125424,0.0,0.011817727,0.0037816642,0.011155991,0.015029906,-0.007871981,-0.071814045,0.007967574,0.011936906,-0.0004838893,0.037712567,-0.028085105,0.007396785,0.0032298933,-0.013339148,0.0,0.018881762,-0.0004838893,0.015029906
2015-12-31,0.023620417,0.0,-0.023620157,0.014738019,-0.0021139553,-0.006040485,-0.015320729,0.0124305375,0.01677992,0.01580882,0.029302044,0.021405922,0.02280928,0.0,0.0071597346,-0.006560906,0.028209774,-0.015270441,0.029302044,-0.006040485
2016-01-01,0.0144940205,0.013188707,0.0085615795,0.0006121899,0.044340536,-0.0022077828,0.0027835143,-0.012297784,-0.01287379,-0.009576562,0.043698512,0.01641464,0.027440375,-0.00087316014,0.0147079285,-0.016423669,-0.02501232,0.00022063998,0.043698512,-0.0022077828
2016-01-04,0.009745951,0.006620105,0.0014180786,-0.028949987,-3.2232303e-05,-0.0159036,0.015480317,0.052242924,0.0050013955,0.006631313,-0.018906705,0.008651087,-0.019867051,0.003669368,0.0072117103,-0.0027320979,0.010040113,-0.012057534,-0.018906705,-0.0159036
2016-01-05,-0.00056022493,0.0031987345,0.0017360154,0.0070011322,0.007356312,0.012566824,0.005356817,-0.010625524,0.01992249,-0.006020796,0.009204994,-0.0011827303,-0.02145524,-0.007953295,-0.0016517296,0.0438017,0.030381331,0.014809211,0.009204994,0.012566824
2016-01-06,0.012475521,-0.008727724,0.00088997546,-0.019903561,-0.026210986,0.0064655663,0.048247784,0.018397612,-0.027447164,-0.0043524723,0.042657673,0.016288796,0.06088209,0.012063466,0.027897576,0.020117847,0.0007827908,0.021471893,0.042657673,0.0064655663
2016-01-07,0.01924669,0.012850351,0.009330681,0.018245438,0.0030423994,0.003311042,-0.042100355,-0.013073986,0.013772429,0.030685868,-0.027761346,-0.019586885,0.08427211,0.0026860042,0.030044464,-0.047734287,0.0039875368,-0.057478968,-0.027761346,0.003311042
2016-01-08,-0.0052804393,-0.020123728,-0.006223421,0.015157727,0.0042445264,0.005472883,0.012264797,-0.04502083,0.0053687883,0.001161927,-0.009289608,0.01611806,0.0009521226,-0.0033945837,-0.0730385,0.023134436,0.011290328,0.0,-0.009289608,0.005472883
2016-01-11,0.0065600406,0.017506871,0.0,-0.009686688,0.016838737,0.0018700256,0.019678265,0.038663905,0.019182133,-0.001958039,0.018784031,-0.006732746,-0.00048277184,-0.020113682,0.0012114833,-0.008769512,0.025288071,0.00593984,0.018784031,0.0018700256
2016-01-12,0.008475523,-0.015010227,-0.0013865214,0.017817574,0.016866453,0.0034658485,0.02599104,0.022016736,-0.007851914,0.0022101519,0.02953308,-0.013496844,-0.0005809815,0.015885765,0.02246371,0.021203538,0.015433572,0.017434258,0.02953308,0.0034658485
2016-01-13,0.004151154,0.018827574,0.0019242993,-0.014141171,0.0030980671,0.0027730789,0.0058771167,-0.0138420835,-0.0058299536,0.00918044,-0.006325808,0.015995417,-0.0045743613,-0.00046449047,0.0290858,-0.014866753,0.022068886,-0.0005189256,-0.006325808,0.0027730789
2016-01-14,0.0035688605,0.022576738,0.013604462,0.016953452,0.007135085,0.017211467,-0.0014471582,0.038499154,-0.0047047087,-0.0013026766,0.022431929,-0.00093301234,0.0,0.0046489066,-0.0139047485,-0.13275187,0.0059037786,0.007397869,0.022431929,0.017211467
2016-01-15,0.012857621,0.008522632,0.003870113,0.01898834,0.0,-0.0057437955,0.006736171,0.0053764614,-0.015385143,0.0037396003,0.03025929,-0.016913142,0.012225024,-0.017497437,0.068036735,-0.004563768,0.0099647045,0.013265201,0.03025929,-0.0057437955
2016-01-18,-0.00021296817,-6.310368e-05,0.005490128,-0.0069082584,0.0040142094,0.0016096145,-0.004103447,-0.004000086,0.027184708,0.010630945,-0.0045756977,-0.019433158,0.027064826,0.011603986,0.0033778409,-0.022272054,-0.014178987,-0.037075628,-0.0045756977,0.0016096145
2016-01-19,-0.0030177042,0.0077133067,0.004045029,0.017042045,0.019870473,0.004548163,0.009109078,0.0026720236,0.014470233,0.009847057,0.012037699,0.01736088,-0.0010411338,0.0019531425,0.0018578273,-0.017936349,-0.0031071168,0.0041218,0.012037699,0.004548163
2016-01-20,0.009125582,-0.025076175,0.004169715,0.0020979973,0.004668266,0.015360204,0.022915246,0.016643338,-0.04913727,0.0034559246,-0.006868521,0.02821332,0.01840072,-0.016711172,-0.00022991399,0.06339763,0.014831851,-0.0019689375,-0.006868521,0.015360204
2016-01-21,0.0061157546,0.009591187,0.0070785023,0.008188796,-0.010880166,0.009030001,0.00920782,0.007744354,0.013431833,-0.009903101,-0.0046481406,-0.0067054196,0.0033512204,0.014751035,0.04747035,0.014721028,-0.002021142,0.026619153,-0.0046481406,0.009030001
2016-01-22,-0.0011400006,-0.00092283974,-0.0016984366,-0.0008267959,0.015348596,0.0,-0.032120034,-0.04639783,0.01094372,0.006679507,0.0036948519,0.0044846204,0.005806664,0.007196579,0.0011692215,0.008466417,0.027939439,0.0068024346,0.0036948519,0.0
2016-01-25,0.009145448,0.0,-0.00537934,-0.0050097387,0.019342173,-0.01175529,-0.0010745267,0.030150922,-0.006843284,0.005143902,0.003713942,-0.019375322,-0.010163284,0.013080435,-0.020533519,0.006546258,-0.0064564543,0.015878642,0.003713942,-0.01175529
2016-01-26,-0.0057511334,0.0075761727,-0.0048203324,-0.0029352591,-0.0036284046,0.0,0.0075940927,-0.011116146,-0.0045622066,0.011886162,0.043667354,0.01693952,0.016281955,-0.0077704457,-0.0007758536,0.025496006,-0.028585838,0.015943019,0.043667354,0.0
2016-01-27,0.0019265745,0.02396483,0.002094551,0.0030195946,0.009426926,0.0002902336,-0.009524334,-0.02481808,0.031530526,0.017911589,0.00130047,0.00455417,-0.026543692,-0.010015759,-0.042437427,0.013669891,0.042166486,-0.014159128,0.00130047,0.0002902336
2016-01-28,0.0,0.024649147,0.0041443342,0.0038903072,-0.02070747,-0.00053619785,0.067648955,-0.0063316687,0.022571944,0.0151143735,0.06398765,-0.006715555,-0.03361258,0.015913427,0.047989555,0.012919952,0.010487763,-0.0012887679,0.06398765,-0.00053619785
2016-01-29,0.019330349,-0.00936401,-0.006259582,-0.014506184,0.0119568,0.0006624836,0.015046442,0.013690613,-0.0030935588,0.01337818,0.012929852,0.000553977,0.027904905,0.028569652,-0.0053202086,-0.00051131204,0.008634713,-0.036880903,0.012929852,0.0006624836
2016-02-01,0.004799172,0.022701183,0.0056299665,-0.010043633,-0.006819175,0.0023313502,0.019324088,-0.019017305,0.011149945,-0.010871236,0.03230215,0.006103688,0.0638887,0.012937161,-0.011478579,-0.049241766,-0.00060346106,0.003435955,0.03230215,0.0023313502
2016-02-02,0.008579632,0.005774342,0.00037878106,0.0126153305,-0.018096343,0.0012122677,-0.01704371,-0.003107593,-0.004209423,0.002603166,-0.032658584,0.0,0.017902454,-0.0001615808,0.016416287,-0.015741853,0.014780842,-0.110239096,-0.032658584,0.0012122677
2016-02-03,0.005936878,0.0043207593,0.009492831,0.0002682527,-0.006442001,0.009860284,0.03357941,0.0019800419,-0.00834957,0.006904414,-0.00088244554,0.010733289,0.0068145636,-0.024620451,0.010635421,0.006786093,0.01593378,0.0,-0.00088244554,0.009860284
2016-02-04,0.017365644,0.024627402,0.020029664,0.02417353,0.005274374,0.008647394,0.037046205,-0.002571364,0.021828951,-0.0050149406,-0.0014592586,0.01638555,0.023662135,0.0036773176,0.0039611585,0.010643309,0.007846654,-0.0076104198,-0.0014592586,0.008647394
2016-02-05,0.0054858266,-0.0040057297,0.005260103,0.0011526366,0.022014327,-0.0079164775,-0.017867215,-0.007144321,0.007664812,-0.002638716,-0.010625116,0.024829574,0.047047988,-0.0031131366,0.004812778,-0.0049426137,0.02348271,-0.0033236167,-0.010625116,-0.0079164775
2016-02-08,-0.005073491,0.027090674,0.0011167444,0.010951852,-0.00091037,0.0032202553,-0.00925255,0.013071368,0.009141696,-0.012591815,-0.009626353,-0.00944897,-0.014553736,0.022872059,0.023367051,0.00057697244,-0.002232115,-0.0019067077,-0.009626353,0.0032202553
2016-02-09,-0.018548291,-0.0069436845,0.0060950187,-0.0005678424,0.01156723,-0.01069596,0.014979453,-0.006899081,0.026268585,0.020467935,0.009156532,-0.002173051,0.00973601,-0.0077940617,0.01755527,-0.012495401,-0.007662685,0.020126985,0.009156532,-0.01069596
2016-02-10,0.0070234668,0.0133017,0.010263457,-0.0055443896,0.013307188,0.0,-0.02018599,-0.0014029574,0.011937724,0.015290965,0.0051334566,-0.00060700794,0.0022325595,0.018703226,-0.0032740214,0.010141116,0.0104726,0.0010841109,0.0051334566,0.0
2016-02-11,-0.012005346,0.017921481,0.009080631,-0.010443817,0.0052090385,0.0022734755,0.0069001485,0.023669124,0.014510841,-0.028962508,0.0036878153,0.0037117137,-0.004064843,0.004894319,-0.0008092438,0.0,0.0019185405,0.0065035503,0.0036878153,0.0022734755
2016-02-12,0.019308938,0.013602977,-0.006095302,0.018015092,0.013665222,0.0075322343,-0.002966506,0.016047906,-0.036355354,-0.001271728,-0.016325343,-0.030362561,-0.010024442,-0.00804103,-0.026110362,-0.011278969,0.0057387734,0.05110435,-0.016325343,0.0075322343
2016-02-15,0.010149201,-0.015737081,0.0016907149,-0.006806845,0.0,0.009215086,0.017886588,0.014626819,0.027106993,-9.985736e-05,-0.016742153,0.024651844,0.0025637145,0.018631931,0.0300938,0.0020060232,0.017757358,-0.0036148797,-0.016742153,0.009215086
2016-02-16,0.0051401267,0.024607945,0.0,-0.005244586,0.019998686,0.0061572925,-0.01793487,-0.02364457,-0.018939223,0.0,-0.013329129,-0.007938542,0.015956393,0.037941173,0.010100882,0.014693225,-0.013968033,0.020228013,-0.013329129,0.0061572925
2016-02-17,0.013155484,0.013321625,-0.0045148474,0.0155233685,0.0059058922,-0.0015909901,-0.04267219,0.022469042,0.0034003432,-0.024147425,0.022362705,-0.013530741,0.0021196557,-0.038145892,0.03654154,0.0009482744,-0.01527715,0.0075465296,0.022362705,-0.0015909901
2016-02-18,-0.03554858,-0.012688383,0.003253416,0.01824733,-0.0055262623,-0.010724011,0.00021654661,0.010667844,0.013674749,0.030922297,0.0070670475,0.023244152,-0.021322588,0.013505813,0.008316784,0.00035900745,0.0016440105,0.0047038086,0.0070670475,-0.010724011
2016-02-19,0.0016376342,0.008467454,0.013093445,-0.010159438,0.008582093,0.002329662,0.023867372,-0.019098531,0.0076867025,0.001832924,-0.006694403,-0.0021452385,0.0012427022,0.007964407,0.011905739,0.027430808,-0.006286966,-0.0062743085,-0.006694403,0.002329662
2016-02-22,0.022773378,0.017533034,0.0053812927,0.010688888,0.0,-0.0136766,0.0028140247,-0.009796849,0.028054256,0.021290213,-0.002194471,0.043707803,-0.016666768,-0.014641592,0.0041521997,-0.007120661,0.020781372,0.018483292,-0.002194471,-0.0136766
2016-02-23,-0.005735313,-0.0057966984,-0.0023979717,0.007069559,9.285462e-05,0.0048906864,0.008273972,0.0147990845,-0.0052727414,-0.0053963466,-0.022038562,0.035203286,0.029768417,0.011579514,-0.0076749967,0.014295722,-0.032214902,0.0031889062,-0.022038562,0.0048906864
2016-02-24,-0.019399593,0.0048900894,0.008275439,0.0058850865,0.005059072,0.007820459,0.0019672806,0.015637854,0.01920298,0.002116753,0.07583286,0.011146592,0.020367887,0.0065491516,0.0113724945,0.026687566,-0.009646819,0.02513425,0.07583286,0.007820459
2016-02-25,0.03094313,-0.005093782,-0.0012756994,-0.004455533,-0.001384997,-0.03326471,0.0002800879,0.0073354784,0.02748491,0.012537805,-0.026078658,0.015501618,-0.009718919,0.03494984,0.003972224,-0.05394266,-0.0016512314,-0.0013577847,-0.026078658,-0.03326471
2016-02-26,0.00031221934,-0.008381596,0.0034446947,0.004070044,0.00071825954,-0.009895925,-0.0030580792,-0.015685966,0.0036049096,-0.0022534025,0.001835501,-0.0008140164,0.01031369,0.00926573,0.019599445,-0.011623771,0.010777584,0.004819892,0.001835501,-0.009895925
2016-02-29,0.0030361826,-0.030913705,0.0024380842,0.018724646,-0.014074136,-0.008143378,0.034675736,0.021425799,0.020975515,-0.00021274379,0.01590462,-0.01289744,-0.014533013,-0.003085675,-0.0029459177,0.00031743775,0.0055965143,0.007829114,0.01590462,-0.008143378
2016-03-01,0.0033482183,0.017859941,-0.004514225,-0.018992344,-0.005694292,0.008611762,0.007336813,-0.0011074063,0.010703556,-0.0033308042,0.04712372,0.010900994,0.007528629,0.0071964255,-0.0032021322,-0.0011038688,0.011521599,-0.022141805,0.04712372,0.008611762
2016-03-02,0.019723391,0.019318365,0.01658441,0.0023442898,0.013046386,0.008939369,0.018953089,-0.004325721,0.0005767893,0.007720175,-0.009638873,0.022238705,0.020543644,-0.005646893,-0.010245597,0.011004422,0.0,0.04782759,-0.009638873,0.008939369
2016-03-03,-0.0158262,-0.005994429,0.009656775,0.016551903,-0.0145181,-0.0011998371,-0.003088693,-0.04299066,0.015428989,0.013330599,-0.005633704,0.005872079,-0.0038048099,0.008900084,-0.055578217,0.0035958,-0.022274204,-0.05368997,-0.005633704,-0.0011998371
2016-03-04,0.035230808,0.004683285,0.0096789105,0.0076369666,0.007317775,0.007972337,0.0057777856,-0.019129086,-0.021476243,0.015055772,0.022913855,0.016414858,-0.0035856857,-0.0044385446,0.007812529,-0.02365413,0.022840912,-0.0045786146,0.022913855,0.007972337
2016-03-07,-0.005158099,0.016657814,0.004025019,0.0014113137,-0.010100816,-0.0104804635,-0.01683906,0.014711029,0.0072914194,0.006194137,-0.011763956,-0.0042641596,0.0039921147,-0.015225642,-0.037376493,0.009792797,0.011927196,0.034421124,-0.011763956,-0.0104804635
2016-03-08,0.013769701,-0.0027441382,-0.0101300655,0.021179985,0.0053623593,-0.021300979,-0.019705394,0.00220394,-0.07188171,0.010271087,0.0005471946,0.0009435451,0.002764415,0.04761238,0.079385206,0.0,-0.010630637,0.0018924276,0.0005471946,-0.021300979
2016-03-09,0.015739923,0.01875937,0.013927643,0.0029670142,-0.03421519,0.006942855,-0.032108303,0.04511255,0.0056929854,0.014465478,0.0051058894,0.000774387,0.003073921,-0.12242193,0.035085805,0.0048653786,0.00359348,0.035767432,0.0051058894,0.006942855
2016-03-10,0.0,-0.031449657,-0.011769392,0.018316304,0.015960582,0.022034056,0.00817924,-0.08535438,-0.0026480716,0.006386473,0.021338604,-0.053228676,0.008500463,0.0025603634,-0.012542957,-0.006338685,0.018690802,-0.00093200424,0.021338604,0.022034056
2016-03-11,-0.0042677694,0.025492918,-0.005171353,0.011375319,-0.017748993,0.01542041,-0.040080443,0.03082082,0.005708769,-0.016750954,0.0,0.021334825,0.022760678,0.013875609,0.017080402,-0.0009979889,0.028330103,0.004730764,0.0,0.01542041
2016-03-14,0.06337545,0.008467345,0.0,-0.005331285,-0.019487506,0.047481596,0.010431349,0.0047073043,0.0060054013,0.022427708,-0.0016219462,-0.010931968,0.016703777,0.08772889,0.024553368,0.0074694846,-0.021205457,0.0019550994,-0.0016219462,0.047481596
2016-03-15,-0.004755685,0.009521549,0.0056924135,-0.0013250004,0.08277624,0.00017424031,0.036782973,-0.014431821,0.0004610112,-0.049237605,-0.008667387,-0.014265372,-0.01538713,-0.0005792644,-0.015498883,0.012451737,0.022221575,-0.0027984588,-0.008667387,0.00017424031
2016-03-16,-0.011840994,0.006530916,-0.0101758735,0.0011834552,-0.020443933,0.007449285,0.020576378,0.008603324,0.017234065,0.02271665,0.017590255,0.018710773,0.08004221,0.03908616,0.0079461085,0.015175408,-0.00026656143,-0.006009411,0.017590255,0.007449285
2016-03-17,-0.024520727,-0.0032736128,0.02051796,0.0070719705,-0.0030041672,0.022670785,0.0016487369,0.022618512,-0.083816394,-0.0009495667,0.023572443,0.0032503277,0.0105541535,0.006532995,0.00801329,0.06651286,0.012778308,0.01759437,0.023572443,0.022670785
2016-03-18,-0.018991485,0.0031923754,0.0,0.01265464,0.047600344,-0.003611553,0.02386196,0.009521119,0.015222776,0.039380673,0.010351032,-0.008602391,0.008066911,0.003548174,0.0017578508,0.0018029424,0.0096423,-0.004585306,0.010351032,-0.003611553
2016-03-21,0.0076288804,0.0015745964,-0.0049765017,0.005478183,-0.1273457,-0.01734105,-0.0037115836,0.029875966,0.01258294,-0.0027384888,-0.006852529,0.0058240844,-0.0058090226,-0.0069985124,-0.0013642006,0.016098052,0.013174804,0.025345238,-0.006852529,-0.01734105
2016-03-22,-0.011334754,-0.010915077,0.011789546,0.0,0.03944896,-0.0117513435,-0.037990134,-0.010196217,0.0038265153,-0.0019214931,-0.0009377799,0.007843144,0.014633925,0.001296328,-0.016405853,0.007492435,0.010059731,-0.0033878875,-0.0009377799,-0.0117513435
2016-03-23,0.034721825,0.003043758,-0.00973792,-0.0029815307,-0.02768271,0.003452243,0.0078920275,-0.010973643,-0.012207587,0.022357129,0.043595564,0.007168287,0.0063667153,-0.005662315,-0.004451362,0.032271378,0.0052601155,0.012821487,0.043595564,0.003452243
2016-03-24,0.019680403,-0.015320833,0.011130373,-0.008363775,-0.014621434,0.035795186,0.007509969,0.037595488,0.008326538,-0.08006826,0.0014842167,0.0041243164,0.0,0.045003127,0.012334977,0.039252426,-0.002188682,0.0032616763,0.0014842167,0.035795186
2016-03-25,-0.01357018,-0.0036653955,0.0021269228,-0.0075590275,0.0,0.003895626,0.010680109,0.015518638,0.0154515235,0.06700708,0.010189425,-0.0010748563,0.0049885837,0.012456991,0.020989012,-0.06481324,-0.0018356108,-0.0016245475,0.010189425,0.003895626
2016-03-28,0.011270268,0.0014119708,0.0,0.0155699495,-0.008591384,0.0236234,-0.074569024,-0.006563783,-0.03339402,-0.00046464082,0.01837137,-0.00051423575,-0.0081674,0.008560004,-0.010072501,0.0045523704,0.0180215,0.015188006,0.01837137,0.0236234
2016-03-29,0.009213691,-0.031941034,0.0025448976,0.0073491926,0.08314274,0.023441872,0.02546893,0.015493345,0.015045978,0.0055900267,0.008463971,0.028899917,0.029957911,0.024392962,-0.0019847937,-0.021895038,-0.012895013,-0.01599177,0.008463971,0.023441872
2016-03-30,-0.0062724403,0.036752917,-0.010920667,-0.023495782,0.010618534,0.010211201,0.0012931636,-0.015608641,-0.009205002,0.0205757,0.010650277,-0.016574023,-0.022803921,0.005477139,-0.032615185,0.010548905,0.008670444,-0.0025278782,0.010650277,0.010211201
2016-03-31,-0.00253344,0.0018307543,-0.00052746624,0.016386524,0.006786244,-0.019123513,0.0069276313,-0.0426427,0.017273638,-0.0049931025,0.0029646452,0.0038047752,0.06212283,0.0076766815,-0.0057371827,0.01660632,0.0065216566,0.013933376,0.0029646452,-0.019123513
2016-04-01,0.008874186,0.003888978,0.008586345,0.008661486,-0.008903805,0.028828036,0.031227699,0.019828102,-0.02496879,0.0600496,-0.0155864535,0.025288472,-0.03276103,0.008029356,-0.0032886288,0.017016258,-0.0035448624,-0.0018591878,-0.0155864535,0.028828036
2016-04-04,-0.00551475,0.010187088,0.0,0.013035634,-0.0032682295,-0.016525803,0.0,0.0034761112,0.032713823,0.009571973,-0.01326316,-0.006121142,0.014010917,-0.00068392744,0.009662165,0.030502705,0.02273112,-0.014523131,-0.01326316,-0.016525803
2016-04-05,0.008597955,-0.011221534,0.020992873,1.9252708e-05,0.027970508,0.0054068444,-0.005245716,-0.017118169,0.02027014,0.008593568,-0.003721546,0.019290157,-0.012672483,-0.039198555,0.028469082,-0.021685144,0.0028324842,0.003560114,-0.003721546,0.0054068444
2016-04-06,0.008266898,0.010422825,0.0114231305,0.007034089,0.020260023,0.016387299,0.009958225,0.01666498,0.0015932184,0.0011532562,0.025188798,0.013363856,0.04539548,0.002783003,0.020635314,-0.00823375,0.0074044173,0.010189227,0.025188798,0.016387299
2016-04-07,0.0,-0.001217453,-0.0041104057,0.0021698524,0.017671866,-0.0074408385,-0.013590308,-0.014202318,0.018391453,0.016499387,-0.0059477887,0.00018219893,0.023195183,0.005410569,0.016662778,-0.031816024,0.008401658,0.0027295838,-0.0059477887,-0.0074408385
2016-04-08,0.009600061,-0.0028315464,0.0154968705,0.012895888,0.007354486,-0.0011485382,0.0,0.0016876897,-0.0002794854,0.023650145,-0.03909652,0.008249384,-0.0065155295,-0.013358449,0.00094136916,0.015749168,0.0019691072,0.014022141,-0.03909652,-0.0011485382
2016-04-11,0.0069919014,0.0075984676,-0.0032818532,0.0,0.004485327,-0.0044537815,0.01268698,0.009544761,0.0,0.047276475,0.083463386,0.0074174795,0.010804768,0.0018456905,0.0010322224,0.030912075,0.011335756,0.014709477,0.083463386,-0.0044537815
2016-04-12,-0.0007038106,-0.0016841182,0.007529097,0.0027301111,0.0071905823,-0.01710515,0.010260623,-0.001353637,0.0106473975,0.001774482,-0.06217845,-0.022981586,-0.0011747426,0.003947461,0.017055564,-0.0061870962,0.0031431774,-0.014190055,-0.06217845,-0.01710515
2016-04-13,-0.0063051153,0.010811827,-0.046440363,0.0018655632,0.013111834,0.031862676,0.019855248,0.046138488,-0.034596846,0.0033905155,0.0099726925,-0.0013730705,0.0070092063,0.0076908087,-0.0011521418,0.0036710869,0.0060809758,0.04243167,0.0099726925,0.031862676
2016-04-14,0.008785954,-0.0036060838,0.020400794,0.008594505,0.0,0.009145833,0.009667846,-0.00097040477,-0.010285366,-0.00015010712,-0.017891165,0.026185608,0.04649124,-0.0046806075,0.0033286263,0.0035432023,0.0100524,-0.0174183,-0.017891165,0.009145833
2016-04-15,0.008589719,-0.018820124,0.010923164,0.0069667767,0.019083839,0.008663945,0.000933905,0.0026499433,0.03524604,0.023631915,-0.005714256,0.008461077,-0.051775556,0.015677778,0.0063204765,0.037240833,-0.008666597,0.015941806,-0.005714256,0.008663945
2016-04-18,0.0096023735,0.0017633196,-0.016361356,0.0022218649,-0.0048036235,0.0121193845,-0.005486038,0.0057421527,-0.013477461,-0.021450082,0.008548372,-0.0061092796,0.025950067,0.017707268,0.0026697232,0.003265699,-0.0054768296,0.00962024,0.008548372,0.0121193845
2016-04-19,0.008851254,0.0077810064,0.009300151,0.0041551297,-0.014593162,0.0,0.0,0.008865989,0.013811883,0.010942295,-0.04130102,0.008051387,-0.020055268,0.0058705164,-0.00063740095,0.00840087,0.004685496,0.0010259135,-0.04130102,0.0
2016-04-20,0.008680996,0.013739641,0.009772829,0.0015566743,0.026763191,-0.04525779,0.0041011767,-0.008532896,-0.030729229,-0.021497423,0.03759117,-0.013342693,-0.0108415065,0.020939382,0.0021907403,0.02908063,0.0023765,-0.0027607325,0.03759117,-0.04525779
2016-04-21,0.0086302385,-0.009896222,0.0075760535,-0.006726603,-0.007897823,-0.016423674,0.023126315,0.0028873459,-0.002135778,0.022720223,-0.029252846,0.0017440871,0.030197851,-0.012243722,0.010131606,0.0037829487,-0.028207848,0.010464614,-0.029252846,-0.016423674
2016-04-22,-0.005598559,0.008060344,0.00900476,0.0074471147,0.012939934,0.017807221,0.0008598048,0.010509921,0.012504368,0.0118618915,0.05311135,0.009133972,0.0024625428,0.00958277,-0.008150398,0.0042940523,-0.0012581464,0.008588452,0.05311135,0.017807221
2016-04-25,0.009685703,0.014459474,-0.04139373,0.015800739,0.021240776,0.0032151279,-0.016851518,-0.0008643853,-0.015242478,-0.13230754,0.011285351,-0.020998294,-0.014503773,-0.028319238,0.009219637,0.001595554,0.0048458544,0.011600278,0.011285351,0.0032151279
2016-04-26,-0.004038974,-0.016896427,0.03261611,0.008953993,0.010320575,-0.012094745,0.022528335,0.02894901,0.022274923,0.026839413,0.00969161,0.018895239,0.009153648,0.0055109696,-0.009828767,-0.008290049,0.0015133942,0.0084051825,0.00969161,-0.012094745
2016-04-27,0.0,0.0103069935,0.010261445,0.0060119755,0.017920472,0.021474166,-0.041209694,-0.0027174104,0.01069644,0.012974357,0.00611373,0.0056390944,0.048637997,0.0027213274,-0.013248846,0.015743459,-0.009773287,0.017711025,0.00611373,0.021474166
2016-04-28,0.0075298673,0.018117776,0.003881281,0.01825348,0.015965544,0.027087025,0.018504623,-0.013944514,-0.0033350978,0.004196583,-0.0132600535,-0.008140823,0.0050780843,0.02357211,0.020776242,0.0070580794,0.009201442,-0.012307505,-0.0132600535,0.027087025
2016-04-29,0.010966405,0.003576447,-0.0012148581,0.0003579613,-0.011533404,-0.009080045,0.00013915682,0.018247332,-0.015383407,0.011606416,0.013900757,0.01495894,-0.020380687,0.00051815016,-0.01019904,-0.046254747,0.013418745,0.0043542567,0.013900757,-0.009080045
2016-05-02,-0.00046885834,0.0012748886,0.012885596,0.0015752158,0.011605557,0.010975489,0.06579549,-0.0212981,0.027420398,-0.052441955,-5.8783426e-05,0.014038768,-0.0012583612,0.011205719,0.021999944,0.022485225,-0.0038870254,0.0031742544,-5.8783426e-05,0.010975489
2016-05-03,-0.0035907093,0.0032664752,0.00042583613,0.007224114,0.0028951894,0.0016222373,-0.015376464,0.011542674,0.01779887,0.012274186,0.0096841995,0.0011776183,0.004307172,-0.020605953,0.002880875,0.00093694247,-0.014981184,0.018854044,0.0096841995,0.0016222373
2016-05-04,0.0034389307,0.0074515957,-0.02374651,0.006650734,-0.14220282,0.004781675,0.0016385581,0.011182515,0.0029722347,0.039384954,0.0064452766,-0.0117072705,0.00029679734,0.06985276,0.0033366093,-0.15084119,0.0103109,-0.0020345687,0.0064452766,0.004781675
2016-05-05,0.022293996,0.013367896,0.01886987,-0.003367258,0.057685614,0.0032275303,0.02675069,0.012053797,-0.016666029,-0.0050377892,0.005164688,0.01846428,-0.015726881,-0.042225745,0.0027827409,0.0041431836,0.019154826,0.017498981,0.005164688,0.0032275303
2016-05-06,-0.053221833,-0.017575186,0.0052023316,0.003351895,-0.0037830288,-0.009047693,0.024198707,0.014594591,0.03615556,0.031865273,0.0039204173,0.018942824,0.037846144,0.013840395,0.015959172,-0.0057828943,-0.012794452,0.012570019,0.0039204173,-0.009047693
2016-05-09,-0.010993902,-0.005455117,0.00019492062,0.0061683105,-0.012039005,0.013826415,-0.0021389937,0.0074597797,-0.006867038,0.000991669,0.0031323375,0.010400465,0.011054304,-0.008498193,0.010962562,-0.0002361553,-0.0065041995,-0.004456443,0.0031323375,0.013826415
2016-05-10,-0.017379597,0.01441625,-0.00029736848,1.0662736e-05,0.038345348,0.0020378672,0.0046013426,-0.0056922883,-0.0042135147,8.024935e-05,0.008282018,-0.009649597,-0.005698353,-0.021582132,-0.00046164173,0.016325364,0.0,-0.0084077725,0.008282018,0.0020378672
2016-05-11,0.035618942,-0.0055440376,0.01595361,0.0011266083,0.0034450989,-0.0030546328,-0.0148408525,0.024440283,0.01598427,-0.028131783,-0.006329344,0.0041431435,0.005988157,0.027220773,-0.002162903,-0.00070578855,0.027800208,0.029570302,-0.006329344,-0.0030546328
2016-05-12,0.031049917,0.031851128,0.0056587164,0.0006640638,-0.024527352,0.012817576,0.022744173,-0.0063905325,0.010249986,0.014792757,-0.014138522,0.023038495,-0.0027607677,-0.05325006,0.0052783974,0.0,0.0178563,0.009290634,-0.014138522,0.012817576
2016-05-13,0.0098503735,0.0111979125,0.011140717,0.00850379,0.08386761,0.013470265,0.020270633,-0.0007846143,-0.023976378,0.00070733234,-0.022092141,0.012820076,0.026151268,0.01881744,0.008124354,-0.018481568,-0.004043171,-0.005964942,-0.022092141,0.013470265
2016-05-16,-0.0027606331,0.012264677,0.0014053928,0.0023267805,-0.004884395,0.010732795,-0.0036000027,0.010222038,-0.022888985,0.07505188,-0.011473351,-0.0061098267,-0.016519515,0.03326223,0.010762388,0.018157264,0.017445588,0.01100033,-0.011473351,0.010732795
2016-05-17,0.0075234417,0.008200067,0.012949236,-0.019865088,-0.02070275,0.013124184,0.014579167,0.028348055,0.012113812,0.0021831482,-0.04496147,0.007905714,0.016935654,0.0052407323,-0.025874559,0.0,-0.007720391,0.0009438086,-0.04496147,0.013124184
2016-05-18,-0.0035116847,-0.0013777192,0.011133316,0.0029848022,0.023335885,-0.0027814808,0.023731064,-0.012784459,-0.013095503,-0.00074726174,0.028401809,-0.004895998,0.0030420946,-0.018370925,0.011791139,-0.021154715,0.012968933,0.013883836,0.028401809,-0.0027814808
2016-05-19,0.017533353,-0.0098315,-0.007629233,0.0037369418,0.0072119487,0.010559498,0.013292235,0.020017449,0.019685403,0.019742401,0.011911269,0.022130527,-0.020868046,0.02168159,-0.0055671674,0.068548374,-0.012288567,0.0047554583,0.011911269,0.010559498
2016-05-20,-0.02267964,-0.016957104,0.00665322,0.010361201,0.026181495,0.018581402,-0.010921814,0.017453589,0.009410352,-0.00030072345,0.008050148,0.00455001,-0.008426299,-0.019164028,0.014649814,0.017066628,0.01163597,0.023989987,0.008050148,0.018581402
2016-05-23,0.011126834,-0.00021936439,0.008671063,0.0020260622,0.019825848,0.003358498,-0.02041869,0.0013554713,0.012837846,-0.0028373585,0.022590186,0.0063735805,-0.010554849,0.021076482,0.00032620959,0.00718435,0.023610264,0.0061648823,0.022590186,0.003358498
2016-05-24,0.0,-0.015826698,0.003339802,0.005146829,-0.04386127,0.010192212,-0.00066935114,0.0075166873,0.012888609,0.009735312,0.0017576246,0.011428544,0.037668306,0.0046356576,0.015229537,0.001788384,0.0073660333,0.003222888,0.0017576246,0.010192212
2016-05-25,0.004550736,0.0067708245,0.003906262,0.015927253,0.00025084204,0.006790508,-0.002892797,-0.013840926,0.014003244,0.0027177003,0.011291139,0.0015004779,-0.0010547604,0.024262413,0.004320102,0.011905332,-0.010127235,0.010986135,0.011291139,0.006790508
2016-05-26,0.013230868,0.0067724306,0.0034580352,0.007182656,0.020347806,-0.018970048,-0.002031108,0.011634022,-0.0020767685,0.0142768575,0.02788975,0.0102826245,-0.039380092,-0.00826951,0.0021158624,-0.008143449,0.003737981,-0.003850494,0.02788975,-0.018970048
2016-05-27,-0.0014242963,0.0133086275,0.0057858108,-0.0046751634,-0.0013355342,0.01746593,0.01039792,0.0056412085,0.0,-0.0019786481,0.010758278,0.00039311196,0.002259157,0.027945198,0.006610063,0.0076106447,-0.01670062,0.01496102,0.010758278,0.01746593
2016-05-30,0.013648288,-0.0059622764,-0.0117626,0.0,0.012843086,-0.00259605,0.009719255,0.0005369899,-0.0070793484,0.019185701,0.0006356213,-0.008084727,0.021459188,0.014151959,0.0036932074,0.020519594,-0.00089140877,0.0061834482,0.0006356213,-0.00259605
2016-05-31,0.037700072,-0.000630333,0.008313979,0.008608866,0.020877577,0.006117983,0.0013264957,0.0070564933,0.0086079575,0.0037850358,-0.017379526,0.011713279,0.0155400885,0.0046474333,0.006924737,-0.026597517,0.013044147,-0.0015449285,-0.017379526,0.006117983
2016-06-01,-0.007739706,0.0050556012,-0.016561396,0.01244205,0.008565563,-0.0012211238,0.017715104,-0.0045727603,0.017912032,0.005030587,0.013916688,0.010555892,0.020665586,0.011399325,0.007253434,0.02018365,0.013355194,-0.009873595,0.013916688,-0.0012211238
2016-06-02,0.008476282,0.015712963,0.0008735154,0.00040911435,0.004652303,0.021088548,0.00033549112,-0.008139565,0.001779139,-0.0046399394,0.01026417,0.016964339,0.012591888,0.004837074,-0.0062005185,0.0043694344,0.0119948415,0.022079758,0.01026417,0.021088548
2016-06-03,0.027522808,0.005085762,-0.005742837,0.0023554033,-0.012353364,0.003919335,-0.0035578122,0.015565143,0.0019714565,-0.0031195364,0.023629082,0.0029354643,0.015587836,0.0055732075,-0.011831295,0.009924991,0.0025957678,-0.00025525512,0.023629082,0.003919335
2016-06-06,-0.003097606,0.007602303,0.005673946,0.010502216,-0.003564143,0.011147434,0.03230528,-0.0047705583,0.029795593,0.022877814,-0.009388826,-0.005514696,-0.0013973722,0.00507373,-0.014136954,-0.017905163,0.012580836,0.0052932207,-0.009388826,0.011147434
2016-06-07,0.014362472,0.017109312,0.009223754,0.0036894556,-8.5020976e-05,0.003690409,0.0056065465,-0.006686331,0.0064056567,-0.004842323,0.009222265,0.007499506,0.012067517,0.007312751,-0.010693238,0.0066379854,0.02392893,0.020428501,0.009222265,0.003690409
2016-06-08,-0.006077067,0.0,-0.0065333694,0.003558441,-0.0008965557,0.0010580434,-0.048530996,-0.0045728986,-0.020621808,0.011928715,0.00767958,-0.0044854023,0.0036652111,-0.012738851,0.008940709,0.021158738,-0.019892095,-0.00579427,0.00767958,0.0010580434
2016-06-09,-0.0027042201,0.0,-0.00083611836,0.07062211,0.019049756,0.025665857,0.01022425,0.0075818524,0.01022425,0.003891864,0.0067534572,0.01212944,0.009320852,-0.0031301042,-0.007791209,0.047207523,-0.00082253304,-0.0042898334,0.07027253,-0.0009835797
2016-06-10,-0.015260913,0.011096497,0.016127367,0.020015134,0.012379088,-0.15325612,-0.011430548,-0.020739628,-0.011430548,0.0,0.015915025,-0.0010061164,0.00016784284,-0.0026667896,0.0066387933,0.04045606,0.011279596,0.02243301,-8.967994e-06,-0.018825727
2016-06-13,0.009333055,0.0013767413,0.007862343,0.015251097,-0.0042619198,0.004725553,0.030596163,0.014667838,0.030596163,0.016696075,0.0035340693,0.027234932,0.0006999196,0.024948731,0.009045943,-0.008226593,0.0077232695,-0.0035793167,-0.0071441242,-0.06824838
2016-06-14,-0.015447934,0.018910414,0.0,0.026606848,0.013494698,-0.0045498773,-0.0028220774,0.020166505,-0.0028220774,-0.03412597,0.0024602748,-0.05900253,-0.006486152,0.029789176,-0.05301242,0.0,0.0,0.011178504,-0.018761456,-0.028294085
2016-06-15,0.0074107978,0.011306482,0.0047929073,0.007854024,0.008536555,-0.014802208,0.08359789,0.00048051125,0.08359789,0.0015844458,0.0,0.0043835742,0.010293643,-0.0026285339,0.017800976,-0.06927004,0.0070638447,0.0116961,0.0013605489,0.035237964
2016-06-16,0.02361162,0.028171752,0.0062357034,-0.014003723,0.026474979,0.00597884,0.062346496,-0.011298858,0.062346496,0.005934442,0.020322278,-0.0068847495,-0.0040960577,0.009394768,-0.15015198,0.005866226,0.0033078222,0.012821268,0.015810402,0.005161988
2016-06-17,-0.018950878,0.021011002,-0.0012171523,-0.007986307,0.011448236,-0.030862505,-0.0019709757,-0.010161456,-0.0019709757,-0.0016581032,-0.013518299,0.008105967,-0.0016063459,0.021911617,0.06354927,-0.0011115826,0.004579784,-0.008585347,0.014540056,0.029293519
2016-06-20,0.008643604,0.03652643,0.0016351496,0.010728521,-0.027130295,0.012062814,0.0739186,-0.027839603,0.0739186,0.022579554,-0.02254614,-0.01899364,0.0032843938,-0.0014181767,0.046252888,-0.015251776,0.009562188,0.017979063,0.03185964,0.013163839
2016-06-21,0.0032196469,-0.0019989118,-0.022739202,0.019775216,0.030026603,0.048209064,0.00018499355,0.039097298,0.00018499355,-0.009289732,0.009297289,0.008311721,0.008787951,0.00043959208,0.008632503,0.0472815,0.018850297,-0.011509129,0.038355153,0.006524423
2016-06-22,0.012942834,-0.0036159665,0.0056365053,0.023652367,-0.007891246,0.025241498,0.038152065,0.041920427,0.038152065,0.014923593,0.010294782,-0.08775372,0.0,0.017965373,0.015897466,0.0020472426,-0.0024067308,0.017938169,0.008262958,0.02159607
2016-06-23,0.015623787,0.013577729,-0.001320481,0.0069993255,0.012705363,-0.00079928245,-0.03623214,-0.01999425,-0.03623214,-0.019596383,0.01874366,-0.08783157,0.008874948,0.014635988,-0.0018375455,-0.016853267,0.0,0.017396139,0.029472966,0.020721612
2016-06-24,0.006908579,-0.010838641,-0.043046426,-0.0092829345,0.021767816,0.014238416,-0.008829471,0.010507198,-0.008829471,-0.0065722624,-0.0059515624,0.049095277,-0.0046967445,0.0035716898,-0.0033647197,0.086751506,0.0027099538,-0.0068426533,-0.00040533193,-0.01767852
2016-06-27,-0.016484233,0.019454839,0.0315673,0.015843712,0.010273517,0.047086768,-0.005375206,0.0057261814,-0.005375206,-0.0052760476,-0.030876843,0.060521554,0.012385735,0.0034400402,-0.012672732,0.015740277,0.008175953,-0.00169189,0.0104061095,0.014971446
2016-06-28,0.008818638,-0.008668111,0.025015565,0.008934724,0.0126020815,-0.010802437,0.015813623,0.0,0.015813623,-0.0007969605,-0.00081783836,-0.019461114,0.0104200225,0.017881338,0.023784488,0.023589967,0.0021946293,0.013014131,-0.09324402,-0.01233177
2016-06-29,0.020480933,-0.0021970558,-0.008808065,-0.007906962,-0.0018293872,0.004490502,-0.008230609,0.0,-0.008230609,0.012252006,0.014193462,-0.0029217314,0.00065249426,-0.012956672,0.012703985,0.01252536,0.012452212,-0.0058449497,0.01715768,-0.0015858373
2016-06-30,-0.012212442,0.0036733437,0.01610762,0.02599447,-0.012030583,-0.027103947,0.009337333,0.0003820577,0.009337333,0.0011669854,-0.0025431914,-0.033197854,-0.000985196,0.0002891889,-0.005783665,-0.0022777312,0.003921926,0.003056243,-0.027290568,0.0046152472
2016-07-01,0.0026000245,0.02985297,0.0069352784,0.017499158,-0.00040286448,-0.025991106,0.055090044,-0.0314572,0.055090044,0.0065334826,-0.015841732,-0.012762003,0.003704912,-0.0040579457,-0.0075086476,0.0024064197,0.0,-3.568325e-06,-0.032271147,-0.0012991267
2016-07-04,-0.007765689,0.0042123166,0.005576951,-0.009231235,-0.058336712,0.020598805,-0.0036053455,0.025199743,-0.0036053455,0.015918009,0.012365876,-0.03223079,0.0020531134,0.009303475,0.0019250237,0.01542827,0.006783835,-0.0053855963,-0.010789212,0.0033467002
2016-07-05,0.011285778,0.009955868,-0.038220007,0.028295392,-0.0057656183,0.018701108,0.001133235,-2.3660381e-05,0.001133235,-0.0038270024,-0.031101817,0.0067387423,0.001970432,0.010948158,0.030441998,0.009743854,0.0040092585,-0.0045230403,-0.0058820583,-0.016414795
2016-07-06,0.010666751,0.020158704,0.02867456,-0.031743318,-0.010697679,-0.059802227,-0.15075415,0.0005383784,-0.15075415,-0.0028603326,0.027320627,-0.009775251,0.008908367,0.008812246,-0.037870668,-0.0008869324,0.0008361996,-0.009961324,0.01218573,-0.01721528
2016-07-07,0.006628481,0.016719993,0.021516353,0.028439436,0.015498531,0.00037041568,0.080874644,0.011361226,0.080874644,0.013403467,0.010645413,0.07114437,-0.0071082674,-0.019880261,0.038324006,-0.005848917,0.013406421,0.01791226,-0.01635633,0.018035514
2016-07-08,0.014698804,0.0048650377,0.013685406,-0.00067123986,-0.09319348,0.06861683,0.0697384,-0.01853091,0.0697384,-0.07427166,0.0,-0.042142488,0.011635713,-0.0025832383,-0.015390585,-0.006525989,-0.0097092725,-0.0011940455,0.0073122047,-0.055598937
2016-07-11,-0.00504358,0.007881666,0.0017020816,0.018892922,0.019222762,0.063885026,0.0,0.014793155,0.0,0.041790057,0.0,0.009751973,0.006397265,-0.002196881,0.020202508,0.008789436,-0.008673711,0.014332018,-0.0027171331,-0.051629018
2016-07-12,0.0066519757,0.0084262965,0.024694057,0.010580862,0.039247353,0.020559004,0.017824272,0.0,0.017824272,0.0069737113,0.0053814575,0.01742209,0.0065938127,-0.0056466465,0.023164904,-0.014969029,-0.009071015,0.0059901294,0.013644951,0.053561375
2016-07-13,-0.03007446,0.009963532,0.0020184384,-0.005101293,-0.0169389,0.049504314,-0.009776402,-0.03487924,-0.009776402,0.04374161,-0.009918261,0.01852333,0.0116292015,-0.014443723,-0.010084612,0.003130535,0.004363781,-0.0074985926,0.011558783,0.029004179
2016-07-14,0.022914473,-0.11338856,-0.010249571,0.015075265,0.015890742,-0.037248556,-0.0036790199,-0.012496196,-0.0036790199,0.016713774,0.0075414134,0.021488333,0.0032987758,0.010070783,0.030497657,0.0154866185,-0.015343714,0.0038891493,0.009852119,0.02280173
2016-07-15,0.012087914,-0.020432174,0.03075394,0.009957998,-0.0046714847,0.04173965,0.029991724,0.02435452,0.029991724,0.003952823,0.026549747,0.025227893,0.0039868243,0.039713528,-0.015769243,-0.009604137,-0.007934617,0.031000264,-0.037208848,-0.010211473
2016-07-18,-0.013540251,0.021073632,0.006042475,-0.022573713,-0.0020285728,-0.019816523,-0.009397416,-0.030234728,-0.009397416,-0.002356975,0.0044416627,0.003785007,-0.0104624545,-0.006946684,0.018982375,-0.007870009,0.0029356831,-0.003981988,0.009130886,0.006625469
2016-07-19,-0.0013965442,0.005044327,0.0033490316,0.064098164,-0.0052448167,-0.033640213,0.020432547,-0.023814235,0.020432547,0.015730225,0.0024498338,0.017076135,-0.00062443654,0.017597515,0.019093117,0.016658496,0.0147919785,0.0056226985,0.039629016,-0.0041170726
2016-07-20,-0.0056888503,0.0029837561,-0.0071076583,-0.005517903,-0.018734481,-0.017101847,-0.032068036,0.043666173,-0.032068036,-0.004103876,-0.014336573,0.019965509,-0.010197965,4.3850105e-05,0.0015002722,0.0053485064,0.0055793794,0.0013839741,0.006557564,-0.003963062
2016-07-21,0.023863597,-0.026576778,0.050279293,-0.014769246,-0.00028369788,0.0024116114,0.016435646,-0.045376115,0.016435646,0.020324435,0.011723799,0.0028163954,-0.008122983,0.003458006,-0.018618243,-0.016119597,0.0050462033,-0.013548785,0.001687791,0.003254011
2016-07-22,0.009282163,0.010722697,-0.0060217287,0.010516638,-0.016013227,0.036709636,-0.0039317748,0.008628656,-0.0039317748,0.01911934,-0.0012755753,0.0104980925,0.0022105032,0.023783997,-0.0013819727,0.022437109,0.011102983,0.021350568,0.006812865,0.0073156254
2016-07-25,-0.017897118,0.011147851,0.016227728,-0.00023445378,-0.00010829136,0.030720027,0.07883044,0.018943088,0.07883044,0.0032041706,-0.018092912,0.004717267,-0.0027254105,0.045534417,0.043689355,0.005816962,-0.020079236,-0.005498405,0.012996126,-0.018788548
2016-07-26,0.010742819,0.015770933,0.017447626,0.011496879,0.0063111857,0.0153274825,0.016603619,0.0037348806,0.016603619,-0.044495158,0.011949336,-0.009037127,0.020431444,-0.0005925422,0.008803467,-0.0062657944,0.019017763,0.00029302167,0.009202261,0.029732117
2016-07-27,0.02138295,-0.0020023752,0.006678812,-0.012042089,-0.030104395,0.07266303,0.0022218286,-0.013581954,0.0022218286,-0.0025857582,0.010255861,-0.071589254,0.00939084,0.0019313345,0.00374808,0.008017344,0.014163449,0.0034744164,-0.003044322,0.037706908
2016-07-28,-0.021806968,-0.043327294,-0.01848195,-0.013507681,0.03284192,0.014960724,0.009917738,0.04499619,0.009917738,-0.008280551,-0.0096364105,-0.023714876,0.002963638,-0.002124622,0.00022925052,0.005379557,-0.011863846,0.005945538,0.015584499,-0.024319695
2016-07-29,-0.0054218755,0.002509822,-0.028206013,0.021357138,-0.019179393,-0.0054930514,-0.015522698,0.0057010357,-0.015522698,0.014513018,0.0029501105,0.028154321,0.00028880988,-0.1530825,0.0075828223,0.0070050485,-0.0073772008,-0.002782478,-0.032450933,0.008005576
2016-08-01,0.022842262,-0.03250569,-0.0018098089,0.0150145115,-0.0051778527,0.06370436,0.009315286,-0.033883724,0.009315286,0.005289268,-0.0028199381,0.0023917293,-0.01197236,0.030728279,-0.013263469,-0.013346378,-0.0136512425,0.0007029113,-0.012907577,0.001748085
2016-08-02,0.006352215,0.0,0.033854824,0.0005299237,0.0,-0.036857083,-0.010055417,0.031265654,-0.010055417,0.0015011856,0.017075287,-0.0009966495,-0.0070040277,-0.017484544,0.022879591,0.024590809,-0.0015976987,0.012012592,-0.011009969,0.0021234313
2016-08-03,-0.001952976,-0.0009643625,-0.012633302,-0.007996776,-0.15193821,0.024650263,0.021400956,0.006575576,0.021400956,0.026420232,-0.0036467002,0.019298302,0.0022223904,0.0037821196,0.011780757,-0.03882614,0.035370186,0.011426534,0.0048592356,0.012695901
2016-08-04,0.019799458,-0.005766549,0.005150422,0.011334748,0.013073523,-0.031332906,0.0032571412,0.0033494337,0.0032571412,0.011247874,0.01553466,0.0017828849,0.0022832302,0.031013338,0.02362983,0.013656096,-0.00091569254,0.011309163,-0.023282038,0.01368354
2016-08-05,7.26777e-05,0.025358317,0.033656504,-0.0053481963,0.047058016,0.008093933,-0.008168331,-0.00063821627,-0.008168331,0.013401279,-0.0020333086,0.027409982,0.015537284,0.01271904,-0.004572797,-0.002249276,0.009751097,-0.011585117,0.011399204,0.0088209715
2016-08-08,0.006721903,0.006946415,-0.03041712,0.0233038,0.03925746,-0.015239675,0.011559527,0.023182828,0.011559527,0.019524666,0.008796101,0.016261354,0.007326052,0.010198474,-0.0045979377,0.027373115,0.006588542,-0.0076866457,0.071835525,-0.02325986
2016-08-09,0.0019913723,0.06106449,-0.002472916,-0.016780501,0.024342306,0.031880427,0.0028115967,-0.001075233,0.0028115967,0.013237446,0.0002696925,0.010558216,-0.0025158133,0.0064481776,-0.02017598,-0.0007403971,0.016576177,0.0,0.013598924,0.012378311
2016-08-10,-0.009069027,0.0006033816,0.0026738464,0.020519221,0.011132745,-0.0018280591,0.0025045439,0.0027484174,0.0025045439,0.009502833,0.00854561,-0.023529446,0.0004952943,-0.028482256,0.0072356565,-0.030653806,0.007960452,0.01922909,-0.008445844,0.009989196
2016-08-11,-0.00033503267,0.03140822,-0.0070802993,0.017923368,-0.0056083915,-0.0053809467,-0.014449344,-0.016960958,-0.014449344,0.0035858531,0.0018026673,-0.005194805,0.0039910716,-0.02509314,-0.024101691,-0.0031361815,0.007203097,0.0040260945,-0.0049262936,0.033629633
2016-08-12,0.013736582,-0.00032052866,-0.007854246,-0.008317462,0.020023791,0.0046995925,-0.0024062365,0.019475203,-0.0024062365,0.0017761216,-0.00095418515,-0.009618237,-0.0014335512,0.011673069,-0.0030014105,-0.019213438,-0.018923415,0.01645679,0.008550204,0.029867833
2016-08-15,-0.0028203465,0.008570969,0.057739817,-0.0033067265,-6.527031e-05,0.003965554,0.0030952909,0.0031589007,0.0030952909,0.0015939464,0.011812876,0.0023612375,-0.0021653716,-0.015345023,0.010049767,-0.012691034,0.01584235,-0.005174489,-0.0014104013,-0.03898704
2016-08-16,0.013934497,-0.016929967,0.009980881,0.0,-0.005747276,-0.0033032524,-0.032043625,0.0,-0.032043625,-0.008871099,-0.0062909746,0.0034166735,-0.00091834663,0.00334065,0.023725752,0.0072892383,0.0008241326,-0.0033997004,-0.018049508,0.028091453
2016-08-17,0.007858034,0.0005399573,0.009439753,0.0,0.0054552527,0.022648705,0.007484645,-0.019171549,0.007484645,0.011151189,-0.025027646,0.006777869,0.0,0.03272814,0.022304758,0.012904975,0.009937725,0.00060099515,-0.013925384,0.00798307
2016-08-18,0.010131337,-0.043312296,0.018017123,-0.015685948,0.017342426,0.008709605,0.0017410439,0.0,0.0017410439,0.0010387108,0.021348514,0.015876833,-0.012750145,0.0029527335,0.008198038,0.0061409245,0.009742309,0.013196072,0.04587252,-0.023253966
2016-08-19,-0.0100379335,-0.00043343587,0.0059146886,0.02735483,0.0050950884,0.017788278,0.012687448,0.02723392,0.012687448,0.017033096,-0.0019680783,0.006131049,-0.0006381765,0.024621744,-0.0020485772,0.03395632,-0.005756029,0.023272717,0.027998775,-0.0036428783
2016-08-22,0.00995407,0.011245855,0.017860776,0.06012636,-0.0011661721,-0.028252998,-0.031843435,-0.0022695526,-0.031843435,-0.0092579685,0.017638395,0.008540988,0.004725367,-0.015367738,0.01716674,-0.013634288,0.0011423992,-0.0012747119,0.0,0.015821135
2016-08-23,-0.005269901,0.026666446,-0.008664828,-0.0046644844,-0.013544141,0.08320963,0.0008838444,-0.010533083,0.0008838444,0.025821557,-0.00654911,-0.040019646,0.023827955,0.0,0.010395454,-0.00478394,0.009452457,0.013627914,0.00492724,-0.021119807
2016-08-24,-0.08041131,0.00046164784,-0.007896497,-0.10650344,-0.021703059,-0.030488057,-0.007423414,0.026979826,-0.007423414,-0.0024867484,0.0057795392,0.017974535,0.018134834,0.043893415,-0.0016291158,-0.016795816,-0.00027807587,-0.0032915224,0.02082557,0.017445933
2016-08-25,0.02008629,0.017749077,0.004425726,-0.002374819,0.008030984,0.014597654,0.018064244,0.04038928,0.018064244,0.01279258,0.009762812,-0.0064879907,-0.0057991417,0.0030918508,0.01561148,0.0080792485,0.016437808,0.008448941,0.019084549,0.018549576
2016-08-26,-0.009634459,0.0035563596,-0.0022214472,0.0105308,0.023690877,-0.1528449,-0.15295611,0.017407434,-0.15295611,0.017464546,0.008781196,0.009947315,0.0026375544,-0.039752416,0.014894692,-0.013885017,-0.010106042,0.005948911,0.011159312,0.023207238
2016-08-29,0.015049755,-0.007730813,0.015423642,0.0017989782,-0.015346541,-0.010196131,0.016503446,-0.0032001953,0.016503446,0.0006332607,0.0017462856,0.030928604,0.0,0.014973532,-0.014087553,0.005979268,0.0012915974,0.000883994,-0.012932773,0.0049740877
2016-08-30,0.015907208,0.042064536,0.015824601,0.038050678,0.021617483,0.022811947,0.08229008,-0.0008500102,0.08229008,-0.02525459,0.0046258057,-0.06556663,0.004120877,0.0047839326,0.008810086,0.010969955,-0.0153423175,0.00040206584,0.009720845,0.0005726434
2016-08-31,0.012483926,0.0094994875,-0.019140301,-0.0121028945,0.012834178,0.04095215,0.0048527075,-0.014219423,0.0048527075,0.012465929,-0.0008553293,0.010657734,0.00044674354,-0.0045808065,-0.009198552,0.027362483,0.001832639,0.0021112051,0.017471926,-0.031906977
2016-09-01,0.0071952967,0.022598187,0.014997819,0.0126539115,-0.0044269026,0.0016640825,0.0045846817,-0.009123383,0.0045846817,0.021387994,-0.0045248833,0.015089206,0.004339322,0.008735761,0.007277363,0.008471116,-0.01285733,-0.0010570127,-0.004224434,0.010138895
2016-09-02,0.020016631,-0.000985402,0.017862493,-0.014195661,-0.03307112,0.021888733,0.012558485,0.0036236418,0.012558485,-0.01870387,0.0,0.010611259,0.0071976525,-0.01629625,0.012361687,0.00973235,0.017978035,0.008644331,-0.011282192,0.0021714964
2016-09-05,0.0108255865,0.0079320455,-0.007974113,-0.00218772,0.028484747,0.024154875,0.020724438,0.012341162,0.020724438,0.027053341,-0.00023659544,-0.002876486,0.00040959744,0.02481347,-0.0032816236,2.961376e-05,-0.0071220873,-0.0062891566,0.022616055,-0.008475198
2016-09-06,0.004760405,0.013274177,0.0061908783,0.0,0.0058970493,0.036118507,0.0050456137,0.047334045,0.0050456137,0.006323169,0.010067362,0.0,-0.019870471,-0.04417136,0.0,-0.1458387,0.014371943,0.0027685747,-0.02355519,0.033715438
2016-09-07,0.004712904,0.026584338,0.03680142,-0.007796406,-0.00093447266,-0.0030293204,0.0038897353,0.052320745,0.0038897353,0.013671006,0.017753746,-0.0083633885,0.060559902,0.034337603,-0.043485906,0.0022281667,0.007258466,0.015222408,-0.050882097,0.017850434
2016-09-08,0.0025970896,-0.007981682,0.009756578,0.000877266,0.013676639,-0.013879833,0.0055985935,-0.015016289,0.0055985935,0.013409047,0.0029518756,-0.009246433,-0.0048305485,0.000108124426,-0.01579809,0.022156969,-0.007695583,0.027175784,0.06976706,-0.0016376934
2016-09-09,-0.003748208,0.0050431183,0.056657255,0.0046476633,0.0010367956,0.038529582,0.01398175,0.016458487,0.01398175,0.0045599467,0.0017399251,0.0039611277,0.001827813,0.02763236,0.030046012,0.00075226516,0.00030875514,0.014583627,0.00014974053,-0.0046850787
2016-09-12,0.02197542,0.021077981,0.01733333,0.012229236,0.0042427117,0.017010503,0.009315685,0.0045319414,0.009315685,0.009264108,0.023419622,-0.13182771,-0.014286696,0.0077101104,0.018806405,-0.006434368,-0.03262256,0.01677314,-0.03212013,-0.0068986043
2016-09-13,0.009923678,-0.030749764,0.00667232,0.0121323075,0.0075923144,-0.024587678,-0.028391128,-0.017943276,-0.028391128,0.0,-0.018938664,0.06935181,0.008926326,0.009212893,0.01659605,-0.019172532,0.016729984,-0.0024194592,0.037150048,0.044599146
2016-09-14,-0.112814106,0.016850198,-6.230678e-05,0.037794717,-0.010722526,-0.019862374,0.0017733661,-0.000862679,0.0017733661,-0.024671696,-0.004612642,0.0051747467,0.0006876437,0.017845292,-0.032125033,0.0,-0.020139612,0.008786266,0.00078067894,0.02530482
2016-09-15,0.018663457,-0.019505402,0.009855374,-0.01460901,0.017523782,0.028305676,0.008120767,-0.021673331,0.008120767,0.027312342,0.0074096257,0.010223448,0.01110318,-0.010166648,-0.019811297,0.0013004838,0.030206323,-0.009415159,-0.0021689695,0.0024591903
2016-09-16,-0.008731466,0.01738653,0.026162773,0.022279862,-0.002980311,0.005021476,0.062029444,0.007099824,0.062029444,0.006297518,0.015931666,0.0144659905,0.020514423,-0.007982079,0.04828571,-0.053580783,8.010224e-05,0.015406788,0.020234814,0.016448086
2016-09-19,-0.00019685936,-0.0030504772,-0.014965662,-0.04242368,0.009810904,0.007476099,-0.0079308655,-0.027550293,-0.0079308655,0.035699464,-0.035571788,0.014153744,0.0002984013,0.019052548,0.031173205,0.026392851,-0.00086392416,0.014982829,-0.013451945,0.003159614
2016-09-20,4.7334524e-05,0.00774418,-0.041449938,0.022767065,-0.0046016225,-0.00016937958,-0.014472224,0.048190482,-0.014472224,-0.012368893,0.0056271036,-0.013360311,0.015894685,0.037681177,0.0023163492,0.009168282,0.021347342,0.026605098,0.0030767387,-0.011326192
2016-09-21,0.002589411,0.0023599814,-0.01668181,0.04674009,0.009693581,0.005117295,0.0867669,0.015125771,0.0867669,0.00017760039,-0.0240178,0.017195908,0.008032271,0.014712854,0.029479502,0.00044883075,0.0012089703,-0.0003373271,0.037816685,0.011816096
2016-09-22,0.013884124,-0.01083188,0.030346356,-0.012115497,0.0018253376,0.015558667,0.0055714664,0.011042312,0.0055714664,0.012739912,-0.004500538,-0.026824038,0.009463963,-0.018350417,0.0060529565,-0.028126694,-4.5108827e-06,0.0032735933,0.016334334,0.03198295
2016-09-23,0.0015196273,0.02657857,-0.021191495,0.004863054,0.007231426,-0.012700692,-0.15218565,0.04830294,-0.15218565,0.016280014,-0.11525831,0.0009602156,0.008439743,-0.024498135,-0.0031549106,-0.0081761535,0.012169597,-0.010177117,5.874167e-06,0.015586431
2016-09-26,-0.010285667,0.00069261156,0.002779808,0.005883206,0.0,0.0034214274,0.060004145,-0.005387367,0.060004145,-0.022297004,0.028397132,0.0023552119,-0.0013640159,0.0014444365,0.009964262,0.0001916791,-0.009157545,0.032205366,0.03401345,-0.0045715007
2016-09-27,-0.0105138505,0.016077396,0.022699842,-0.001259283,0.0021080605,-0.0020799194,0.003573164,0.00082590565,0.003573164,0.00015913106,0.059620734,0.004765828,0.0022364384,-0.009837264,0.004061985,-0.15276779,0.0012349571,-0.011919796,0.01783452,-0.024598366
2016-09-28,0.011202472,0.011492963,-0.044643197,0.02538676,0.010890217,0.015542335,-0.015655618,0.009695264,-0.015655618,0.04758997,-0.0045190784,-0.019429673,-0.029158976,0.0050903377,0.015919497,0.06940268,0.013320188,-0.029175559,0.023314616,0.004175583
2016-09-29,-0.004134829,0.024286473,-0.0008087777,-0.056830134,0.0042511495,0.008846407,0.067881696,-0.080683276,0.067881696,-0.0005456859,-0.00315023,0.00037838478,0.023763698,-0.013856297,0.009118061,0.03791202,-0.006968636,0.02537194,-0.0052304664,0.031035097
2016-09-30,-0.0044008414,-0.009030636,0.018840231,0.06416339,0.017590431,0.014818591,0.0,0.047533475,0.0,-0.027567128,0.013059001,0.01607184,0.016673848,0.002136731,0.0008437708,-0.03008684,0.008450502,0.007268912,0.014443142,-0.030529803
2016-10-03,-0.0055235834,0.008539044,0.0070031434,0.027022755,0.006593495,-0.004674085,0.019103417,0.031477388,0.019103417,0.023705998,0.0,0.018567061,0.007483963,0.004660272,-0.00864728,0.024610093,0.008062232,0.03469826,0.019469462,-0.0021697388
2016-10-04,0.005704793,0.012004228,-0.009475532,-0.00097189285,0.013622977,-0.0010247706,-0.0010648958,-0.0028403392,-0.0010648958,0.021238986,0.011753247,-0.0059075514,0.012345285,0.012077076,0.001696189,-0.010040131,0.0029196863,0.010499238,-0.014439114,0.0046134423
2016-10-05,0.0036663343,0.019040285,0.037412073,0.0027933973,0.015012939,-0.0052784574,-0.051380385,0.011874512,-0.051380385,0.024636853,0.03765766,0.011344334,-0.007944778,0.008795269,0.018560793,0.023910226,0.010522102,0.0035599514,-0.009707284,-0.01948084
2016-10-06,-0.007283688,-0.014050422,0.0043055443,-0.0054831225,-0.0009070318,0.011331378,0.071947895,0.023716575,0.071947895,-0.02520685,0.010517347,0.0,0.018625746,0.039567165,-0.0015916378,-0.0103895245,0.007497276,-0.0016338904,0.014905258,0.01994766
2016-10-07,-0.015298109,0.011424478,0.00088715827,-0.005097406,-0.010206433,-0.013136093,-0.0033332247,0.008341371,-0.0033332247,0.0079156095,-0.02555065,0.00089058746,0.01350835,-0.021491706,0.02149542,0.026265161,0.010301678,-0.0014677634,0.028125392,0.009489535
2016-10-10,0.004776694,0.0,0.0020663373,0.029122144,0.0024569153,-0.08207047,0.0072798664,-0.004536803,0.0072798664,0.042559873,0.027833534,-0.012490322,0.01315729,-0.0067880494,0.0,-0.06467798,0.017544534,-0.007700368,0.008225754,0.002674274
2016-10-11,0.006143632,-0.0016796542,-0.019934509,0.009148882,0.0106645245,-0.0075456123,-0.0056937356,0.010802853,-0.0056937356,-0.014637337,-0.010983782,9.151442e-06,0.017399803,-0.012961476,0.0,0.026175637,0.004207646,0.0051704952,-0.004353864,0.0032815896
2016-10-12,-0.008793039,0.007058975,0.0029680112,0.012756227,0.0,0.0368169,0.038847193,-0.03043955,0.038847193,0.008656327,0.027163144,0.010449764,-0.0048418534,0.03786917,0.0040133228,0.003866186,0.01168041,0.011138278,-0.006663864,-0.005114893
2016-10-13,0.014847773,0.0041546393,0.008885517,0.010095493,0.007293705,0.0480577,0.0023527292,-0.020271767,0.0023527292,0.0016572563,-0.033187307,0.007038505,0.006716368,0.0021455577,0.006177792,-0.015522095,-0.0006090094,0.010382929,0.0054885177,0.010259731
2016-10-14,-0.15206234,0.011209184,0.0131969545,-0.03742727,-0.008197604,0.023256212,0.0,0.0071362797,0.0,0.030056803,-0.030811142,0.009004291,0.0073464285,0.027809316,-0.0031344618,0.004107039,0.005100478,0.0,0.010121052,-0.005705292
2016-10-17,0.06367056,0.0052948073,0.011047059,0.004183058,0.011224923,-0.0029413397,0.02983224,0.0060455655,0.02983224,-0.049061153,0.017020842,-0.003036293,-0.0012201753,-0.014716337,0.010492252,0.0121386405,-0.0045668,0.0027599814,0.0019481039,0.038237553
2016-10-18,0.02228825,-0.0005289073,0.008541005,0.015921947,-0.005562451,0.0051235696,0.033114493,0.0138505045,0.033114493,0.00922068,-0.0010528238,0.0062415404,-0.014528007,0.005045305,0.0,0.00783125,-0.002536958,0.010635387,0.0013274195,-0.025519472
2016-10-19,0.023360956,0.0,0.02714131,-0.0048466837,0.008368133,-0.008965843,-0.014704367,0.012569716,-0.014704367,0.008835348,0.03354698,0.0074786684,0.01488623,0.0005249992,0.0035119196,0.00065599894,0.010626117,0.006666039,0.021443415,-0.1530685
2016-10-20,0.0017348359,0.0,-0.0062630256,0.023288392,-0.0020898676,0.02378831,-0.0061950353,0.017351432,-0.0061950353,0.013335155,0.016244225,0.006670971,0.015436007,-0.003216532,0.0018414925,0.004110595,-0.0006170424,0.0027778123,-0.0058124354,0.05518606
2016-10-21,0.009572716,0.0008255344,0.010627214,0.0053998474,0.015943533,0.020985216,-0.0013919732,0.020027775,-0.0013919732,0.009596358,-0.012914925,0.07353724,0.011945653,0.009204397,0.0009212823,0.040768515,0.010077617,-0.02439369,0.015712755,0.027105903
2016-10-24,-0.013968295,-0.0010365385,-0.021808883,-0.00026840778,-0.0077821864,0.01522331,-0.0043300684,0.00096260273,-0.0043300684,-0.01746619,0.0031744088,-0.017984377,0.0082489,-0.0028902073,0.0062187295,0.028659388,0.0,-0.00091423566,0.008190643,0.024669591
2016-10-25,0.008539455,0.0065874686,0.009274849,0.019631485,-4.8725455e-05,0.00031535298,-0.028727576,0.007003609,-0.028727576,-0.0032050763,-0.06959215,0.025375707,0.0,0.061285354,0.017007615,-0.029775629,-0.0038463422,0.003521696,-0.0028765532,0.014232939
2016-10-26,0.0019923605,-0.018198486,0.009307743,-0.0043799635,0.003551167,-0.012019649,0.00918989,-0.0044778395,0.00918989,0.030144693,-0.022552634,-0.012395121,0.0007679921,-0.044522632,0.010394206,0.0017157393,-0.0062471847,0.0075193816,0.012859151,-0.01956306
2016-10-27,0.013483209,0.024337187,0.03130508,0.0065669143,-0.0033681658,-0.0041249148,0.005300512,-0.014077311,0.005300512,-0.083967716,0.015828485,0.064105995,0.02777488,0.05402936,0.011049908,0.0,0.001672046,0.0,-0.009321782,0.0073490534
2016-10-28,-0.002286426,0.0031957878,0.007642846,-0.0039036078,-0.0010953569,-0.0012355056,-0.013790421,0.017689463,-0.013790421,0.0,-0.02749162,-0.014773142,-0.0015526473,0.0057854773,0.009658716,0.011872837,0.022658536,-0.0144629255,0.010287583,-0.0060008536
2016-10-31,0.029266145,0.01063693,-0.03356914,0.023754284,0.015001983,0.013420713,0.016514996,-0.14125608,0.016514996,-0.037068695,0.06908208,0.0095441695,0.0241946,-0.0030120201,-0.001075182,0.023041934,0.008814553,-0.15207118,0.022965353,0.024383249
2016-11-01,0.0011601341,0.0111339595,0.012837239,-0.032210987,-0.0098741,0.04104585,-0.014297082,-0.004338196,-0.014297082,0.018819382,0.020450674,-0.030352317,0.0052646794,0.08194993,0.00013724163,-0.021069737,0.021267222,0.012776556,0.010082947,0.0102183055
2016-11-02,0.012599219,0.0007921183,-0.0043249275,0.015988713,-0.0010551156,-0.0033667483,0.07445265,-0.034846365,0.07445265,0.0020383897,-0.00086378545,0.016886426,0.010008467,-0.009640262,0.00036204635,-0.012287184,-0.007864417,0.034066245,0.018390907,-0.003951734
2016-11-03,0.0,0.006109793,0.04674545,-0.019819207,0.0064976965,0.013589992,-0.01439196,0.019199077,-0.01439196,0.006167793,0.04765624,0.037410397,0.0012568685,0.021440718,0.011136217,0.01697033,-0.02040773,0.0045666667,0.013069462,0.032327946
2016-11-04,-0.016734755,0.0059346403,0.017556801,-0.0012524221,9.717728e-06,0.00840913,0.049692724,0.0,0.049692724,0.00021640395,0.016059874,0.026294993,0.0021699579,-0.03307811,-0.0028126044,0.026092984,0.017599488,0.04777662,-0.0032221875,0.011472629
2016-11-07,0.03946449,0.012763523,0.01704634,0.023411997,-3.9369697e-05,0.009989012,0.05940098,0.0,0.05940098,-0.004224285,-0.01577501,0.007910426,-0.0014012995,-0.0039784666,0.0013821634,0.0036124839,0.013301777,0.016854065,0.0,0.022856226
2016-11-08,-0.0010105891,0.011634929,0.0075890077,0.020170681,0.008930831,0.06502132,-0.10473178,0.013763124,-0.10473178,0.026945088,0.0052839196,0.017875908,-0.0033755242,0.004672761,0.01624891,0.008009837,-0.0042444537,0.007421655,0.008173997,0.022679655
2016-11-09,0.01978559,0.0046846685,0.003353624,0.011729074,0.005635048,-0.14410028,0.0029757528,0.018796055,0.0029757528,-0.043247778,0.010320493,-0.022406397,-0.011083208,0.009113553,0.0,0.000274373,-0.0024086519,0.038651723,0.03858865,0.006243881
2016-11-10,0.036879107,0.0,-0.05504432,0.014579419,0.009317008,0.044165626,0.014446117,0.04757102,0.014446117,0.046761557,-0.0046202242,-0.008359887,0.0012608287,-0.005542479,0.007075703,-0.019128948,0.0037852637,-0.0012175018,0.0014297409,-0.004514729
2016-11-11,0.010477139,0.017816756,0.011368458,-0.018669993,-0.012479376,-0.05018551,0.07287114,0.023165617,0.07287114,-0.01189002,0.08713558,-0.01985086,0.0,0.025337255,-0.01635674,0.010365368,0.0,0.014518426,0.013316989,0.0017721278
2016-11-14,0.018140078,-0.0074959924,-0.021784684,0.010708857,0.018765168,0.014801249,0.030918712,0.0036734848,0.030918712,0.029425336,-0.0152975945,0.008139879,0.020405076,0.0034599083,0.00076929975,0.023710642,0.007249632,-0.010176528,-0.008385009,0.02667538
2016-11-15,0.0057588145,0.008573334,-0.020561837,-0.013450826,6.213561e-05,0.014759463,0.07134471,0.0041851983,0.07134471,0.0143400235,0.0041107037,-0.01733156,-0.0056920173,0.015403884,0.010489448,0.0019331974,0.014757062,0.016754005,0.028171778,0.008137292
2016-11-16,0.004086763,6.3587446e-05,0.0,0.007506237,0.0066912672,-0.010665344,-0.009629655,0.006403767,-0.009629655,-0.0013623143,0.050713606,0.038081866,0.0005873072,0.030264769,0.01778809,0.008099538,0.009988753,-0.002904213,0.0006120241,-0.0039034658
2016-11-17,0.013289176,0.011612453,0.0,-0.006813829,-0.0026475019,-0.018300107,0.014239741,-0.00086050964,0.014239741,-0.014720177,0.009310894,-0.0011649164,-0.016484639,0.008463625,-0.00021423864,0.0006833954,-0.0033657432,0.021397224,-0.00308791,0.021372698
2016-11-18,-0.03766098,-0.00067856285,0.0045687626,0.018654251,-0.0006199935,0.012239468,-0.022455432,-0.0017584445,-0.022455432,-0.014501467,0.0020813209,0.0032031932,0.025146216,0.008042198,0.0051409295,-0.0043973667,0.0071632233,-0.017908674,-0.02283759,0.016718293
2016-11-21,0.0064755,0.011532899,-0.010656461,-0.014194203,0.010534797,0.025601557,0.017014047,0.01806203,0.017014047,0.008298875,0.0033986485,0.02270187,-0.013029883,-0.009854169,-0.0010594537,0.0072418354,-0.0071646324,-1.7227892e-06,0.016954517,-0.032428674
2016-11-22,-0.011077811,0.0016192127,-0.0016476251,0.00046392757,0.004852729,0.03308306,0.0066707297,0.014385314,0.0066707297,-0.005200879,0.0,-0.006339137,-0.003966049,-0.0024974816,0.0126326615,0.017296765,-0.0056938166,0.0070226607,-0.01694114,0.0
2016-11-23,0.045122694,0.0033510188,0.041209135,0.0020261537,0.002695409,1.0488273e-05,-0.0056403303,0.01624643,-0.0056403303,0.0018851953,0.008642598,-0.002796943,0.020478671,-0.027521292,0.01370263,-0.0072042616,0.0034896713,-0.03669152,0.0074332026,0.004996911
2016-11-24,0.001973211,-0.008426457,-0.015448472,0.008440576,0.014559928,0.018824454,0.0036865775,-0.009087838,0.0036865775,-0.011682535,0.0066025243,-0.01491067,0.0,0.03445814,0.0042269756,-0.0055697733,-0.0059836004,0.0,-0.019157663,-0.00028083168
2016-11-25,-0.015296331,0.010068594,-0.00045982478,0.0119382385,-0.00022753575,-0.0027777115,-0.017246664,0.048172954,-0.017246664,-0.0326838,-0.0007426691,-0.021343881,-0.00016063509,0.0057896334,-0.00092025497,0.0,-0.0015994005,-0.0051673776,0.0046176123,-0.009770813
2016-11-28,0.021063812,0.01583241,-0.0032119867,0.0012771391,0.008321449,-0.017592842,0.0042964197,0.003233277,0.0042964197,0.012808726,0.017293118,-0.009084063,-0.0041034296,-0.005580243,-0.0019894773,0.010788523,0.0108046485,-0.0017655045,0.0063839997,0.018007811
2016-11-29,-0.012351186,0.004198936,-0.0020162603,-0.005428217,0.0072254445,-0.006629002,0.018575802,0.024530686,0.018575802,0.016672373,-0.002047445,0.026013441,0.01741019,0.0071729375,0.013783885,0.0178336,0.0115726255,0.015838549,-0.023653014,0.017203674
2016-11-30,0.016645933,0.0041079214,-0.008409571,0.01554067,0.0,0.008448755,-0.015189173,-0.0021694172,-0.015189173,0.0075325975,-0.004792255,-0.004979147,0.022498889,0.012786533,-0.011887975,0.009095881,0.0,0.012679628,0.023884267,0.007804449
2016-12-01,0.0173424,0.028445562,0.015447632,0.017469034,0.0031566152,0.0,-0.01071132,-0.008640917,-0.01071132,-0.0006353883,0.018101722,0.0457956,0.018162873,0.018385984,0.010096549,0.009302789,0.011113503,0.014533972,-0.031772126,0.012589055
2016-12-02,0.0031419508,-0.01848136,0.01819843,0.009168439,0.008648033,0.007600633,-0.11138865,0.018532703,-0.11138865,0.029844705,0.0040280167,0.015771527,-0.0045760563,-0.07006356,0.010716031,-0.006273732,-0.00094377075,-0.022082483,0.021488018,0.02188073
2016-12-05,0.02216267,-0.001100581,0.0265608,0.0143598365,0.0030359998,-0.010865078,-0.05128362,0.0,-0.05128362,0.0030510933,0.00486864,0.009843235,0.002526794,0.017416153,0.0014303356,0.008126395,0.0089007,0.008153546,0.014027009,0.024553861
2016-12-06,0.0061961105,-0.051573273,0.005623105,-0.002414043,0.008834404,-0.0152986385,0.028235115,0.03633899,0.012604174,0.008955272,-0.011535537,-0.009223859,-0.0023976283,0.04327493,-0.0039889673,0.0071980967,0.008373016,-0.0030488765,0.023647908,0.027698578
2016-12-07,-0.020396382,-0.00473618,0.021671658,0.047717288,0.008517586,0.014718404,0.0013261193,0.005614246,0.014109959,-0.003948961,0.009696081,0.0106238425,0.024592431,-0.0030287292,-0.00043785115,-0.00015679767,-0.0032390542,-0.003099385,0.04629492,-0.0019562708
2016-12-08,0.012056319,0.00054688036,-0.005361828,-0.019054499,-0.024310114,-0.020429607,-0.00535159,0.0068257973,0.007438681,-0.010051364,0.07444194,0.038040526,0.01395123,0.010073436,-0.024568718,-0.0045253406,0.01574156,0.0003399681,0.019056289,0.010899681
2016-12-09,0.0,0.045635737,0.00027115268,-0.008934751,-0.012213599,0.013080282,-0.006228974,0.014052927,-0.0017501601,0.0026356543,-0.012161982,0.018655935,-0.0035503306,0.010956891,0.00276937,0.025478452,0.018284865,0.0013848939,0.0019816626,0.0033416774
2016-12-12,0.0017327006,0.023730012,-0.003907279,-0.01640868,0.000850458,0.0012842837,-0.014646109,-0.030922353,-0.023970671,-0.029776415,0.024556912,0.0057172016,-0.011552487,-0.024448354,0.006252582,-0.013553783,0.010738777,0.0,0.016665585,0.017014237
2016-12-13,0.0032903433,0.02263188,-0.0063202158,0.020481048,-0.062111963,0.012818281,-0.036580823,-0.011472979,-0.0027232114,0.004674097,-0.008669428,-0.0030442912,-0.0067747915,0.009357866,0.025794566,-0.15325856,-0.0008184457,0.0075405985,-0.0027270592,0.0
2016-12-14,-0.012252356,0.022221657,0.04682552,0.024671433,0.057478156,0.0070109433,0.013320804,0.0060917255,0.02718888,-0.020107893,0.012283122,0.0038612324,0.013674315,0.021977616,0.008725645,0.046272732,-0.017266238,0.01635915,-0.016735474,-0.002082853
2016-12-15,0.0074791485,0.014554294,0.014058571,-0.0043248367,-0.021033853,0.008772188,-0.020092534,0.017576946,0.005769604,0.0040653246,0.0,0.021694945,0.0072649396,0.013336354,0.031469878,0.031571683,0.0042943475,-0.004711582,0.0045856917,0.011935637
2016-12-16,0.0051141214,-0.018540848,-0.019466097,0.037478536,0.011265485,0.014386219,-0.040236842,0.015771203,0.021707289,-0.07621195,0.00017319401,0.017046189,0.011240377,-1.3817579e-06,0.015516921,0.06383233,0.0,-0.002583967,-0.006172449,-0.0037812274
2016-12-19,0.04779875,0.010196275,-0.03718295,0.005222178,0.01971302,-0.0055371514,-0.04056298,0.0017262655,0.008318123,0.019971402,0.01215583,0.024648182,-0.010994972,0.014368161,0.0,0.018144513,-0.0028085492,-0.0030163706,0.015984358,0.0
2016-12-20,0.0,0.0013569373,0.021552125,0.011089981,-0.06520928,0.023240086,0.019372096,0.0020254485,0.0016059232,0.029688116,0.017930405,0.010566618,0.039172705,0.016383518,-0.0069327233,0.0066217436,-0.019846478,0.014477944,0.0014137914,0.011336502
2016-12-21,-0.012239509,0.017097967,-0.08778408,-0.0061878553,0.016180543,0.0027534186,-0.08601324,-0.021585256,-0.0013577795,-0.0064487243,0.006671031,0.013953305,0.00038889103,-0.071831726,-0.0064057247,0.00221944,0.043436788,0.0055858176,0.047842626,0.013502756
2016-12-22,0.016782196,0.011124687,0.0017411886,0.026745822,-0.008569181,0.0074018803,0.0042825895,-0.058536366,0.0,-0.026858395,-0.0013954085,-0.0030727775,0.0031912138,-0.0025521233,0.036958493,0.019956589,0.021842223,0.0032726713,0.008113532,-0.07676271
2016-12-23,-0.013671946,-0.017759582,-0.011783267,0.00031303632,0.009199737,-0.000637713,0.00279894,-0.0045068697,0.0037412974,-0.017021103,0.04127051,0.010784175,-0.0033859306,-0.010652639,0.013192338,-0.0036051965,0.00035059752,0.0038507525,-0.050204333,0.020346692
2016-12-26,0.012618903,0.011603998,-0.02570304,0.001151838,0.020846043,0.0034777473,-0.009310508,0.08896288,0.02178331,-0.011520701,-6.225111e-05,0.0075973105,0.019399652,0.006527786,0.010373896,0.0041382005,0.009714437,-0.003978843,0.020581385,0.013529897
2016-12-27,-0.034153476,0.008389187,-0.03670696,0.0070621367,0.0114278,0.009724488,-0.01635031,0.009424128,0.009932356,-0.017785251,-0.0068675377,-0.017250549,-0.0009975043,0.019412613,0.0056056525,0.019934157,0.0046349997,-0.00060615106,0.0099870935,0.009784184
2016-12-28,0.025279969,0.0115510095,0.039215226,-0.022543274,-0.010821463,0.00088819675,0.026450727,0.008060253,-0.010737806,-0.04246895,0.0031374432,0.014016468,-0.004012207,0.011957592,0.03350062,0.004734171,0.008560878,0.034095168,0.0038833492,-0.004220701
2016-12-29,-0.01264649,0.007489416,0.013137154,0.012312032,0.0104821855,-0.019892354,-0.0046479353,-0.019825557,-0.004857263,0.023324559,0.018932652,0.0075382455,-0.008237114,-0.013524852,0.0050188904,0.0074161757,0.008279224,0.011274752,0.013326257,0.0028618004
2016-12-30,0.0001245236,-0.0017015076,0.047477897,-0.024042157,-0.004002299,0.011935399,0.061919037,0.006383922,-0.019920936,-0.030973531,0.009568767,-0.012227661,-0.0021930505,0.021193456,0.014900719,-0.009493127,0.0047093537,0.015775003,-0.00629779,-0.008674056
2017-01-02,0.0013724176,0.0013817296,0.014211841,-0.001079529,0.008034091,0.0047777197,-0.009433793,0.00489914,0.0025041047,-0.01058664,0.0,0.004895284,0.01020326,-0.07516457,-0.110144,0.0067212135,0.022650745,0.005632349,0.0053455825,-0.07575574
2017-01-03,0.008657076,-0.017087227,-0.0037478027,0.05063977,0.015262927,-0.102116406,0.035097778,-0.027654445,-0.015255262,0.03775934,0.016094903,0.0037111472,-0.010104093,0.0,0.08188133,0.027346622,0.016917096,0.0007063049,0.016406205,-0.01827624
2017-01-04,0.004963866,-0.020093374,-0.0002232794,-0.020117583,0.012875438,0.025737744,-0.09485954,0.026298534,0.020396966,0.007011741,-0.009538473,-0.027025508,0.0014577267,0.008399202,-0.007838076,-0.04482888,-0.0059643555,-0.00132497,-0.006264217,0.017893799
2017-01-05,0.027789367,-0.0042252555,-0.0040048393,0.003267326,0.01401275,0.010282652,0.009835533,-0.071059726,-0.011150384,0.024217864,0.0031741874,-0.0053472207,-0.006305365,0.043396045,0.012304706,-0.012649847,-0.014687905,0.004076266,-0.0074220826,0.01529309
2017-01-06,0.00066701625,0.027984846,-0.039167266,0.00072327093,0.027092295,-0.0014086983,-0.022706218,-0.01936374,-0.08930681,0.010801914,0.023885284,-0.004607444,0.015932903,0.0218591,-0.010219405,0.059486862,0.011807167,0.0032537468,-0.01523808,0.021423114
2017-01-09,0.012640191,0.0050902474,0.0096063595,0.015420844,0.03448809,0.023651049,0.009140613,-0.08241941,0.024125721,0.0032686403,-0.025520364,-0.0046955463,0.013074473,0.010183299,0.016299788,0.0104372045,-0.008700311,0.020440672,0.014371697,-0.00080425903
2017-01-10,0.0038791702,0.010557299,-0.006464965,-0.00788356,0.0034953144,-0.017043829,-0.0068471697,0.008041439,0.021104865,0.015911464,-0.016954334,-0.0045893826,-0.013511124,0.0017878199,-0.10412791,0.03722365,-0.007890785,-0.02976031,-0.0039926376,0.00090640393
2017-01-11,0.002870257,0.0047951723,-0.019047434,0.003407392,-0.0010538134,-0.021980971,-0.0045652036,0.050686557,0.008536501,-0.007202923,-0.027100869,0.015006283,0.02111909,-0.009102225,0.004934709,0.022804532,-0.001235509,0.0015671883,-0.10348339,0.0048773563
2017-01-12,-0.04214607,0.0009628305,0.0,0.008136551,0.017157117,-0.0068811225,0.0033487738,-0.008722151,-0.021324832,-0.0031877602,0.008046435,-0.007924995,-0.03135902,-0.026327003,-0.0009952285,-0.024140323,0.0,-0.0010537943,-0.0028379555,0.010500887
2017-01-13,0.01545832,0.0013665266,-0.0057835774,0.0013259525,-0.12654397,-0.007732958,0.017887542,0.045765843,0.0205558,-0.021590844,0.027339753,0.032122795,0.01736897,0.028153388,0.0070163542,0.027607858,-0.011066792,0.005752039,-0.012638005,0.0108628
2017-01-16,0.0014177779,0.0017927116,0.01684199,0.005262998,0.017493565,0.008207588,0.006618679,-0.014801215,0.018767653,0.004476593,0.007596245,-0.0052937167,-4.149234e-06,-0.0026469394,-0.001958365,0.015568694,0.0025435125,-0.005777164,-0.013852891,0.0057708463
2017-01-17,0.014025552,-0.0022167093,0.0001815093,0.00043100648,0.047978494,-0.008496378,0.015222675,0.01696308,-0.00041703248,0.044179063,0.013324727,0.0002766436,-0.0011764404,0.0216753,0.057801932,-0.020632187,-0.00041999575,0.013948283,0.0058629937,-0.0030471985
2017-01-18,0.010539751,-0.012405314,0.006781151,0.0032579266,-0.0021935354,4.5954016e-06,0.013930944,0.0074790134,0.0,-0.003852879,-0.0028208336,0.0089180805,0.02424885,0.0007796079,-0.007580795,0.0051493132,0.013462038,0.018451,-0.008836126,-0.009642254
2017-01-19,-0.039603308,0.031456638,-0.00081939856,0.027946658,-0.012019717,0.019787963,0.016723873,-0.0835452,0.022236437,-0.0017710065,0.02737011,0.0048784814,0.012513471,-0.03313388,0.08254497,-0.01900575,0.004302498,0.0014518652,0.021612387,0.0374557
2017-01-20,0.004346343,-0.0013648898,0.018807115,0.02369584,0.02407498,0.009361751,-0.016556004,0.027346354,0.032908842,0.011425274,0.011860018,0.006709903,-0.01302199,-0.00046622384,0.070168056,0.022667784,0.0035584285,-0.07767235,-0.00951707,0.007989109
2017-01-23,0.01939553,-0.0056407633,0.024078213,0.008951204,0.025530891,-0.016263751,0.0014702176,-0.009629262,-0.012854761,-0.015802594,-0.028092926,0.0044643297,0.010662457,-0.0032780594,0.026971662,0.0027580576,-0.009708689,0.002231778,0.010971352,0.036684874
2017-01-24,0.0044228313,0.027134646,0.022535749,-0.010021477,-0.011314955,0.01059715,-0.037509836,-0.009712777,-0.0023438535,0.062188253,0.01824219,0.00032874927,-0.0045154113,0.009192245,-0.0081396075,0.00046080636,0.03002599,-0.004468098,0.03712411,0.009320518
2017-01-25,-0.0061391965,-0.012444776,0.01913355,0.0062958677,-0.007813845,0.0011975057,0.009897247,-0.14604488,0.014071975,-0.015918843,0.024100846,0.01797913,0.0071387007,0.033591963,-0.014384031,-0.006193737,-0.07202805,0.027133841,0.044072796,0.009227649
2017-01-26,0.023595357,0.015117338,0.015435999,0.009340174,0.01554907,0.015573201,0.020145811,0.008037144,-0.019408537,0.014679825,-0.004649546,-0.018188676,0.00074911554,-0.0049301535,0.0013147352,-0.016251529,0.008400236,0.010932897,0.0020350483,-0.004882578
2017-01-27,-0.011378452,0.019927708,0.009214985,0.004652235,-0.013990969,-0.001995095,-0.017492495,0.057698585,0.010925547,0.018779963,0.0028621643,0.0017003263,-0.00052358,0.015346941,0.013860923,0.029231077,0.0,0.021498669,-0.03653932,0.019158535
2017-01-30,0.01875457,0.028538235,0.0012675409,0.0025010863,0.02867072,0.027331058,0.018951738,0.0033052536,0.0036947143,-0.0036288153,0.016555497,-0.012117547,-0.0002632035,0.0017245786,0.0096886195,0.00014117348,0.011184608,0.00038004003,0.01791571,0.0
2017-01-31,-0.013763144,0.018410115,0.006780897,0.00043896117,0.017205112,0.017934645,-0.09323022,-0.12768519,-0.014512976,-0.080498666,0.023535779,-0.041300155,-0.012930379,-0.0030065286,-0.0007119264,0.013588226,-0.0058444627,0.023782464,-0.0047243023,0.011569331
2017-02-01,-0.011734501,-0.009709244,0.0073948614,0.022700347,0.0055247797,-0.0062843547,0.045206245,0.053151384,0.023724584,0.06465286,-0.004990769,0.04204772,0.023411885,0.0037160325,0.01191143,-0.020001786,0.030036576,-0.02145083,0.018977145,0.0051365388
2017-02-02,0.043801308,-0.013114536,0.016899524,-0.0058171228,0.0033327425,0.006151321,0.014386566,0.0019220569,0.011323622,-0.0054384023,0.011996807,0.024731604,0.0064899037,-0.0010845214,-0.01852502,0.008915943,-0.010930963,0.008079266,0.024486138,0.009226393
2017-02-03,0.0043265703,0.0076515647,-0.004553452,0.021627061,0.00064278,0.027048381,-0.0032844134,-0.06844186,-0.010818675,-0.0048081484,0.054823514,-0.0042570955,0.0,-0.021373399,-0.0012051689,0.004860874,0.0031638711,-0.0008773876,-0.033074882,0.00801923
2017-02-06,-0.0039756815,0.013059669,0.0026833813,0.004390792,0.004620183,0.0013073876,-0.004520472,-0.00030391704,0.005652144,0.0065888236,0.015075797,0.013310174,0.00094715285,0.003871014,0.039130922,0.025909584,-0.008197535,0.016918562,0.028418142,0.012270497
2017-02-07,0.015344099,0.013328321,0.004009698,0.0023115582,0.0106289,0.0046608085,0.024575941,0.028680304,0.021837307,-0.0020143546,-0.009054573,0.02294781,0.015120478,0.0,-0.13190334,-0.004023844,0.018272404,-0.024599228,0.013079923,0.0016853826
2017-02-08,5.265935e-05,-0.009223636,-0.0016832167,0.009913261,0.0058137747,0.010357036,0.013187065,-0.008160278,0.0035367669,-0.034737647,0.028287375,0.01775871,0.021686409,0.01498484,0.013434406,0.047420584,0.006314032,0.02691764,0.006708851,-0.0056723286
2017-02-09,-0.0011935357,0.016821384,0.013272253,0.0020883442,0.010508491,-0.0014666987,-0.04198992,-0.010296465,0.0020021645,0.020594131,-0.028479699,-0.0066225985,-0.0077936803,-0.014241631,0.028304432,-0.0021799346,0.0021016905,-0.026264653,-0.01293917,-0.008659447
2017-02-10,0.0039408645,-0.0032926912,0.022778368,-0.0052073607,0.014771958,-0.002530822,0.08294937,0.03947352,0.015220606,0.042250898,-0.0053306115,-0.0011507114,-0.0010499449,-0.049104344,0.022809274,0.025120465,0.020824313,0.038102392,0.022821384,0.008268336
2017-02-13,-0.012202567,-0.03209252,-0.007775112,0.014566482,-0.00287794,0.0,0.01829712,0.01770912,0.013132318,0.022768874,0.014007269,0.0029508732,0.010938622,0.027144616,0.023366276,0.027973196,0.0041416567,0.015954943,0.0020030907,0.0020835754
2017-02-14,-0.011007452,0.02721541,0.0007823939,0.007529917,-0.009589994,0.016786315,0.0024342376,-0.027582569,0.01029405,0.0255589,0.010153118,-0.005881596,0.004426481,0.008365433,0.007978183,-0.009434945,0.0032666996,0.0042765066,-0.0064994493,0.0061111567
2017-02-15,0.045707434,0.0035010176,0.022323538,-0.019843994,0.008902754,0.009906062,0.0074119163,-0.0070055015,-0.015024711,-0.00038939124,-0.008179072,-0.008448813,0.00967923,0.0046214275,0.0057684355,-0.010098945,0.0,0.012373325,-0.009630457,0.005026685
2017-02-16,-0.016916305,0.0023318625,0.00043491175,0.0031157176,-0.009440772,0.0011850691,0.0045435107,0.04744921,0.008385302,0.00171405,0.010090958,0.022137756,0.0064851395,-0.018076483,0.0050622975,0.0071144765,0.0017054236,-0.020073261,0.022050668,-0.006207004
2017-02-17,-0.018552478,-0.008725284,-0.006120264,0.0025153274,-0.013713876,0.0038955535,0.002928184,0.004816141,0.026516387,0.014005932,-0.016863579,0.008307948,0.017572679,-0.004461187,-0.017880978,0.026577488,0.0053429594,0.00827465,0.007386668,-0.008500421
2017-02-20,-0.0105281565,0.016736217,0.002594149,-0.0023617595,0.030820133,0.0075312583,0.027284566,0.029642746,0.005714616,0.003865899,0.012263848,0.0049304506,-0.0063453456,-0.0104372315,0.0006546349,0.010433893,0.004132515,0.011805886,-0.010938202,0.004199036
2017-02-21,0.015756637,-0.0094967475,-0.0007991068,-0.0007073317,0.0029059278,0.0021815803,-0.0059508537,-0.0040946673,0.0032894926,0.0021697485,-0.012214527,0.002752097,-0.017412305,0.0052172034,0.011139174,-0.012067755,0.004002611,0.014555428,-0.020052351,-0.0060997414
2017-02-22,0.02198627,0.0033275033,0.0062044533,0.018061552,0.01123994,0.001870173,0.029345196,-0.016450495,0.009804689,0.003241226,0.025465934,0.01535035,0.0148274945,-0.012376569,0.02667071,-0.0059349085,0.00032879252,0.011183279,0.011709748,0.0013433481
2017-02-23,-2.5091387e-07,0.005048508,0.00260444,-0.0032981304,0.0,0.002097485,0.0025867373,0.0,-0.0289758,0.0,0.00091888115,-0.0028427076,0.015971864,0.06601124,0.006429493,0.0042230953,0.0027007598,-0.008798017,0.00044661883,0.032860532
2017-02-24,0.008110119,0.008732861,0.005374494,-0.009402909,0.02579171,-0.009609553,0.00737197,0.088626616,0.030640854,0.04570342,0.005800811,0.012285281,0.00053203036,-0.043728422,0.02999129,0.01578778,0.0046581132,0.005427291,-0.008141753,-0.016453445
2017-02-27,0.011220142,0.01881687,-0.021184366,0.011299083,-0.003460492,0.0142341945,0.002243815,-0.03901353,0.018245574,0.007409558,-0.0077130175,-0.0018151288,0.017002193,0.026433408,-0.0057845255,0.015937923,0.0050281556,-0.011482281,-0.0041565425,0.008016995
2017-02-28,-0.0045765247,0.017371604,-0.012223515,-0.009419317,0.0,-0.014936746,0.0097794905,-0.016659793,-0.0052533117,-0.0032839742,-0.0048404736,0.000539341,-0.0018584768,-0.013211102,-0.012419457,-0.038703367,0.0046706144,0.005764997,0.016515935,-0.0009499464
2017-03-01,0.020374218,0.002257188,-0.008085522,-0.017836304,0.01233934,-0.014613283,-0.032545745,0.005996014,0.020685887,5.900289e-06,0.012338382,-0.0023522233,0.009084245,-0.0023050532,-0.011561261,0.01596582,-0.0121849,0.008917549,-0.018830178,0.02522128
2017-03-02,0.01118525,0.007171218,0.01581915,0.0,0.0026691677,0.024715532,0.011923499,0.086540446,0.0032267128,-0.0045732874,0.0052606687,0.0001393543,0.009405716,0.037068382,-0.029891802,0.009632142,-0.009561923,-0.0065116193,-0.008228129,0.0
2017-03-03,-0.0047511067,-0.0077314326,-0.0911462,-0.008668428,-0.010549779,0.008364468,-0.02884752,0.012618348,-0.01612106,-0.009370774,0.00885072,-0.010253343,-0.00015533746,-0.04272072,0.0033031101,-0.045767862,0.019517353,0.02570326,0.0014593146,-0.012476987
2017-03-06,-0.14097488,0.0008880172,0.0008085493,-0.0029189326,0.014065293,0.017750312,0.06550693,0.015412639,0.002448554,-0.0034332927,0.002345899,0.015169669,0.06809855,0.004428662,0.019104522,0.0021695767,-0.00849136,0.0100362105,0.028464207,0.007847599
2017-03-07,0.0659755,0.0041101347,0.003321823,0.0135338,-0.0077946857,-0.006267199,0.0120700905,-0.025355982,0.020622114,-0.0010855158,0.0052858735,0.05587201,0.013167289,0.03366535,0.030189764,0.005662773,0.056476075,0.057131432,7.698368e-05,0.0073091835
2017-03-08,0.025310546,0.0105729075,0.013267347,0.010724133,0.0012426566,0.0,0.07986757,-0.023306498,0.0036325203,0.043734062,0.0007857146,-0.0026226703,-0.016041568,-0.014576524,0.024813786,-0.001600843,0.025285104,0.069225915,0.018501919,0.0071880724
2017-03-09,0.047950037,-0.009196957,0.015234201,0.01065302,0.069054194,0.00023219224,0.0014158984,-0.04087354,-0.0093392655,-0.022826131,0.013081898,0.057724554,0.0048311413,-0.026411545,0.015176176,0.012314568,0.0015707396,-0.021207158,0.008548711,-0.0033627965
2017-03-10,0.0037951174,0.0,-0.004574444,0.046153963,-0.016733285,-0.00032437404,0.0019077775,0.0017209766,0.0036741737,0.03354168,-0.00084500253,-0.122149706,0.001739024,0.014979044,-0.00898806,0.0035384141,-0.0013346171,2.5927468e-06,0.009194269,0.010389197
2017-03-13,0.00032187745,0.0133720925,0.008135245,-0.003136182,0.020455182,-0.0053995047,0.012246596,-0.0895211,-0.00977677,-0.015700383,0.0,0.01357888,0.02165502,-0.0006688153,-0.013145122,0.072193995,0.024813784,0.023860995,0.014722506,0.063919604
2017-03-14,0.03547239,0.0029265636,0.008633115,0.0313959,-7.783758e-05,0.008132492,-0.012113789,0.08763417,0.007549437,0.015779814,-0.0011023936,-0.047462676,0.012066879,0.011777592,0.015790334,0.029733475,-0.024032429,-0.029234398,0.015123136,-0.032236252
2017-03-15,-0.012784268,-0.014301652,0.00425992,0.0016966104,0.019753924,0.007908625,0.016693946,-0.028830959,0.0,0.010273999,-0.0025092426,0.010929258,0.013814603,0.00050073024,-0.0132455,-0.13597114,0.00066531426,0.0050530066,-0.01218837,-0.019198671
2017-03-16,0.0033982787,-0.004522498,0.0016270373,-0.023252677,-0.0066244216,0.01812043,0.014633578,0.03164464,0.0030464602,0.015102161,0.0009894859,0.009688787,-0.0055978037,0.0052864025,-0.025258623,-0.075118005,0.017719757,-0.008648757,0.0077127847,0.052068844
2017-03-17,0.03582799,0.015172869,0.025852252,-0.15221027,-0.011821897,-0.0011291635,0.025775371,0.0073725795,0.03125174,0.015962549,-0.008971074,0.026609292,0.032603458,0.012368243,-0.030177759,0.0013583242,-0.008258344,-0.00942609,0.00968047,-0.01966697
2017-03-20,-0.01594308,-0.005247175,-0.006854814,0.026301706,-0.012722585,0.0040021813,0.024712449,0.02890799,-0.0013965376,-0.017975533,0.011401129,0.08742053,0.0006071069,0.011599618,-0.0033619523,-0.014647309,0.020374004,0.017194562,-0.0045149317,0.024564236
2017-03-21,0.0102064805,0.011279904,0.015259447,0.010200088,0.026240073,-0.080285,0.012821949,-0.013736898,0.00179322,0.030248158,-0.003104636,0.0029063104,0.0113325985,-0.04315539,0.020473775,-0.011905222,0.0015293667,-0.00015763301,0.021824075,0.034136787
2017-03-22,-3.601174e-05,0.017229125,-0.012195678,0.047080275,0.009970615,0.014239151,-0.00624936,0.047700945,0.010715657,-0.0008145732,-0.0062991204,0.002081006,0.0003825424,0.022247277,0.027679082,0.0070413975,0.014421883,0.014472634,-0.03300093,-0.04319262
2017-03-23,0.0025019487,0.014166919,-0.004514031,0.0251539,-0.010716742,0.011535931,-0.01014839,-0.15322256,0.012730394,-0.0034849986,-0.015533612,-0.008865004,0.0056455657,0.03755646,-0.0016088802,-0.009036243,0.011831674,-0.01135329,0.012856862,0.0030609835
2017-03-24,0.012362881,-0.006279268,0.02951369,-0.0045773378,-0.026885586,0.008988074,-0.026289698,-0.017054476,0.001973791,0.012477588,-0.011918812,-0.0076659275,0.009224269,-0.0105061205,0.0055617616,0.0020952732,-0.00086358684,0.048064306,0.021798778,-0.030506123
2017-03-27,0.010944715,0.0,0.009618227,-0.022720946,0.014996184,0.016003517,0.016532177,0.015831329,0.011711031,0.014416226,0.009292708,-0.017400725,0.024724182,0.0052716057,-0.001389542,-0.0070077716,0.0,2.5677347e-05,0.0041157207,0.06845048
2017-03-28,0.00013751577,-0.0052973796,-0.019530034,-0.012641788,0.027326845,0.012564106,-0.013539955,-0.0327293,0.0074398806,-0.0030908547,-0.02875092,0.0035654502,-0.02322891,-0.008211379,-0.003138846,-0.006326574,0.00860263,-0.007643045,-0.0034764945,0.014238876
2017-03-29,0.023593267,0.0022293609,0.012539144,-0.013618982,-0.0066723684,0.0031246603,0.026631705,0.066470064,0.018840946,-0.0032548988,0.0046156077,0.015816867,0.027370473,0.011561053,-0.022701131,-0.058814563,-0.0043144324,0.057253454,-0.004336603,-0.014635318
2017-03-30,0.00670124,0.0,0.009256511,0.063150056,0.017446032,0.0031361917,0.0032090566,-0.0010769401,0.031444978,0.017467888,0.0074708452,0.025075665,0.014265717,0.0043829186,-0.015300772,-0.008165231,0.0017808459,0.027744051,0.011617816,0.07362161
2017-03-31,-0.00012948632,0.010559187,0.014466925,0.009428752,-0.00095381716,0.00017922543,0.027156148,0.0027265765,-0.009105224,0.0026263786,-0.012404365,0.01922761,-0.09397213,0.010189152,0.008602477,0.07594765,-0.028482128,0.005388588,0.015767043,0.039314423
2017-04-03,0.0019153393,0.00413852,-0.01949599,0.0080154715,-0.057528567,0.011985478,0.0025280565,0.040792745,0.0044776215,0.023658186,0.022582302,0.0012676367,0.059505872,-0.04042864,0.000455785,0.010761293,0.009964596,0.023111103,0.014911374,-0.005422976
2017-04-04,0.0051545603,0.001870471,0.012088568,0.028219692,0.015931234,-0.020823147,0.02972319,0.01026684,0.024625733,-0.008564876,0.009687293,0.0014048062,0.027325355,0.01095475,-0.057858795,0.04353874,0.014844207,0.010292549,-0.0055450094,0.023799377
2017-04-05,-0.010492089,0.0,0.013136695,0.01081843,-0.012721072,0.004702215,-0.0030007062,0.06776227,-0.0050928583,-0.001071091,0.02399834,0.009872162,-0.008393845,0.002180091,0.0037818165,0.0050379457,0.015502077,0.016227216,-0.0020352441,0.018536327
2017-04-06,-0.00067978253,0.010524918,0.0042226706,0.0014548358,-0.014463511,-0.0030900126,-0.0024324043,-0.013457179,0.00073568145,0.008374428,-0.007693394,-0.012827688,0.0088527575,0.0029244714,0.062473517,0.063951045,0.004658513,-0.014434033,0.01651276,-0.03123348
2017-04-07,-0.015742319,0.019431775,0.013918552,0.0015826216,0.066263355,-0.00047321862,-0.010501035,0.03463702,-0.008140926,0.008541195,-0.02058557,-0.061914336,-0.018364226,0.01584458,0.0021946272,0.01614209,0.0053761886,-0.018165294,-0.008343987,0.023065897
2017-04-10,0.044612102,-0.011182133,-0.0010129082,-0.0022630615,0.0018860848,0.0014712769,0.011021361,-0.016559683,0.010290139,0.0,5.8821643e-05,0.05318373,0.06472098,0.00717415,0.015972592,0.0026426932,0.019448012,-0.007464625,0.014480927,0.017951393
2017-04-11,-0.0048125926,-0.009244379,-0.0036843861,0.010813415,-0.0007713105,0.021546746,0.012372851,0.0015921133,-0.06081326,0.0035829877,-0.0045605777,-0.0042923493,0.071475044,-0.025099842,0.030635282,0.026321346,-0.0043607582,0.012187446,0.016189836,0.006182311
2017-04-12,0.02237335,0.0027713485,0.008099783,0.022226274,-0.1491201,0.012433014,-0.009705072,0.0035440773,0.025284506,0.00021461048,0.0049076276,-0.011964989,-0.016108334,0.029595707,-0.013761671,0.007325703,-0.028842097,0.017403776,-0.0021287885,-0.03525719
2017-04-13,0.0025152834,-0.006886004,0.010493327,0.0058862045,0.044310484,0.005807367,-0.026891539,-0.0032421274,-0.0007140332,0.008563974,0.009721961,0.017954387,0.010067645,0.016801637,0.02377301,-0.0046838806,-0.007689593,-0.009714725,-0.004517283,0.01925203
2017-04-14,0.014680635,0.008479115,0.0002893492,-0.0014420872,-0.008501549,-0.00840318,0.0082020555,0.040472735,0.016694956,0.0,0.00826215,0.014995284,0.0032049979,0.00835248,-0.008164737,0.005598919,0.0049015298,0.08475087,0.0,-0.001856284
2017-04-17,0.008938783,0.014142171,0.008522404,0.027265266,-0.025187423,0.0013449007,-0.016007083,-0.024211867,0.019317498,0.0025312533,0.019719914,0.011422792,-0.0054701385,0.0048650983,0.006353589,-0.0011900922,-0.004418593,-0.0017774868,0.0034931356,0.0048715994
2017-04-18,0.017922714,-0.0077854814,-0.004115054,0.006652391,0.009659351,0.0018284307,-0.037470933,0.009298307,-0.028811794,0.010923789,0.005770947,0.019078586,0.002003166,-0.020989493,0.006871245,0.02534614,-0.001154738,0.04653483,-0.0037448534,-0.0042953594
2017-04-19,-0.008155364,0.014702069,-0.0005451083,0.013396379,0.012067964,0.01931054,0.04128913,0.015238067,0.0036840537,0.00055595726,-0.014713966,-0.032609925,0.004314138,0.022588769,0.0008315031,0.050839793,0.018678736,-0.0045617446,0.016561547,0.012892736
2017-04-20,-0.054620616,0.0037508325,0.01783294,-0.0054295734,0.021104915,-0.0035632655,0.008250669,0.0031826044,0.0041253367,-0.011081416,0.029969137,0.08146565,0.0036595473,0.022854827,0.00041202456,0.01194245,-0.014454406,0.018091358,-0.01585413,0.02079757
2017-04-21,0.010850252,-0.015278528,-0.0044933683,0.022629498,0.0044019218,0.004128728,0.009705516,0.024503538,0.013058116,0.0030414322,-0.018034192,0.010320455,-0.015404116,0.0348413,0.021427702,-0.015699966,0.0123137245,0.03410064,-0.0002972126,-0.0050056893
2017-04-24,0.00879679,0.009180317,0.0007678889,0.0039651957,0.018483423,0.0108055025,0.014694399,-0.019450203,-0.0008851109,0.013950365,-0.007832902,-0.005540933,0.0013747656,-0.036493916,-0.015308087,0.0076467386,0.020386105,-0.02092371,0.007897047,-0.018970538
2017-04-25,-0.015926158,0.0040362882,0.012755657,0.037454356,0.055781282,-0.0011891103,0.0025295434,0.011071242,0.026948351,0.0021414773,0.0078314785,0.029677888,-0.014487874,0.0038855532,-0.015941316,-0.046752736,0.0034185986,0.030654354,0.007338474,0.030675428
2017-04-26,0.033719122,0.00792757,-0.019502986,0.005505656,-0.005409798,0.0018503611,0.005277915,0.009388231,0.005402675,0.0039733057,0.02351656,-0.03317456,0.0,0.019706557,-0.004592692,0.009156765,0.0,0.012461429,0.014748368,-0.011557733
2017-04-27,0.0012009463,-0.019930601,0.0,0.00901521,0.0212136,0.0023340664,0.00864948,0.0031273002,0.0,-0.0043240567,-0.0058043846,0.0051380736,-0.026379138,0.003319396,0.014935038,0.0104716625,0.0,-0.017734842,-0.007247094,-0.009886545
2017-04-28,0.0028218287,0.023103025,0.016455648,0.0069207805,0.08525893,0.0012277922,0.0035500145,0.022946622,0.0029658978,0.0006336516,0.006230784,0.010630778,0.019962214,-0.012978457,0.037542783,0.0031586597,0.004366514,-0.010066324,-0.021804858,0.018291598
2017-05-01,0.037967313,-0.013492893,0.011531563,0.014508843,0.024076894,0.01088433,0.02081501,-0.0023503948,-0.010099745,-0.014667602,-0.002794619,-0.1532693,0.020216074,0.023772435,0.0,0.007507784,-0.14083292,-0.009417589,0.009031004,0.008077816
2017-05-02,-0.02037323,0.01776415,0.0037410255,-0.018510377,-0.018531969,0.0034938897,-0.025032524,-0.0038436528,0.0047623347,0.0056052175,-0.0024390866,-0.049439974,0.001359807,0.017690727,-0.0035383967,0.0037911811,-0.0010097297,-0.033024304,0.009286966,0.02316634
2017-05-03,0.010347152,0.0014927615,0.016770475,0.0091787595,0.032542843,0.00488263,0.025946911,0.027885156,0.010331894,0.006126088,0.0023580545,-0.06295099,0.014959557,0.003621394,0.008786004,0.011206607,0.010135532,-0.018914329,0.0034284014,0.0033062608
2017-05-04,0.0102628935,0.0,0.0053100754,-0.020008363,-0.023962628,0.016697602,0.023815496,0.015591675,-0.002228263,-0.004824431,0.011491153,-0.026231037,0.0047961716,0.00097283535,0.019919787,0.037944343,-0.007083837,0.04093312,-0.0058618537,0.012466635
2017-05-05,0.003250268,0.005604592,0.01014676,-0.028916555,-0.009080681,0.00698731,-0.010801906,-0.012689958,0.014217784,0.013994694,0.024428882,0.08979443,0.0084590595,0.01594729,-0.14296037,0.014617253,0.018615618,0.029146813,0.0086048655,-0.0036213482
2017-05-08,0.013200627,1.1063473e-06,0.0047786706,0.022984862,0.026221553,-0.0063322466,0.0356195,0.007347658,-0.01424142,-0.01129682,0.0021863154,-0.0019074926,-0.014764277,0.017050946,0.02342726,-0.025022637,-0.015365114,0.0026527736,0.010005238,0.0016954525
2017-05-09,0.025494052,0.017641958,-0.0029083102,-0.025058795,0.0021938812,0.0130500775,0.024579251,0.02022588,0.012552234,0.0053664623,0.015083769,0.083642304,0.05685475,0.021756807,0.0051581603,0.022562614,-0.0061267223,0.008167619,0.013901387,-0.014972962
2017-05-10,-0.0044602444,-0.0043439283,0.0009488975,0.02842978,0.011888128,-0.021270815,0.006443926,-0.042821184,0.0010618719,0.017769065,-0.025163531,0.0033527976,-0.02952131,-0.008731985,-0.03751469,0.0023146044,0.07898637,-0.012814688,0.00084500323,0.012673662
2017-05-11,0.022297163,-0.00091526494,0.012603208,-0.0015946147,0.006546442,-0.009892124,0.01959317,0.04349889,-0.0012551374,-0.009689082,0.005051918,0.023634985,0.027203357,-0.0047874297,0.0,-0.002356969,0.019612586,-0.017357793,-0.0020155075,0.013664721
2017-05-12,0.0052728746,0.015864575,-0.016557675,0.0039178836,0.014447922,0.016000642,-0.025081277,0.018503765,0.0075151254,-0.023550376,0.012768145,-0.012783242,-0.07881833,0.0072579873,0.001040766,-0.018224252,0.027737873,0.027730014,0.0026015518,0.010838754
2017-05-15,-0.0020194375,0.006684267,0.018741213,-0.025387023,-0.03611546,0.015745874,0.01428364,0.0080363285,0.018837977,-0.010734952,0.021837262,0.062789954,0.0040155686,-0.018556088,-0.0044045877,-0.044885967,0.0,0.0065614297,-0.0033320242,0.015847603
2017-05-16,0.0,-0.0017047451,0.018853787,0.02735482,0.0012998716,-0.012740615,-0.0431138,0.0017945644,0.023811469,0.016864557,0.0033902824,-0.025975605,0.008546778,0.021920277,-0.018541109,0.02387889,-0.037099745,0.018941475,0.015517261,-0.0022025553
2017-05-17,0.017937724,0.009227789,0.0028129122,-0.009158239,0.027138477,-0.0028686572,-0.0020423017,0.008440468,0.0050681387,0.01206131,-0.0021819216,0.089752555,-0.0015795697,-0.00915274,-0.00483609,0.01046142,0.015628563,-0.045600757,0.0038044837,-0.03134733
2017-05-18,0.008500878,0.012444218,0.011695698,0.009679944,-0.0020926858,0.013309353,0.0433922,0.013109773,-0.014196516,0.0048117214,0.012546356,0.058950625,0.046895295,-0.019020231,0.01809919,0.012302158,0.004544981,0.027213437,0.0047717057,0.021413168
2017-05-19,-0.0004700511,-0.003143088,0.010625988,0.020374946,-0.026523791,-0.0049960203,-0.015839852,0.008813627,0.009016959,-0.0008301618,-0.009780796,0.022511857,-0.0051790224,0.018613689,0.024094597,-0.012203401,0.0012081839,-0.013560426,-0.0009139448,-0.04134011
2017-05-22,0.01784678,-0.003355162,-0.0020776466,0.01437642,0.028285803,-0.002912856,0.0009794683,-0.004777467,-0.016154725,0.013218163,0.002511109,-0.0023499448,0.016426394,-0.003628857,-0.018707272,0.0061759064,0.027692035,0.00495339,0.0053516547,0.005348624
2017-05-23,-0.0030368476,0.0036025061,0.0096311215,-0.002376963,-0.0050377594,0.010716701,-0.016815577,0.008439324,0.011880195,-0.00930834,-0.0032721367,-0.018697627,0.001970311,0.021458829,0.008861836,0.007103818,-0.0016951612,0.004833459,0.0043861046,-0.0324684
2017-05-24,-0.0031609638,0.0017902667,-0.0026626585,0.01976601,-0.021760855,-0.0018246578,0.0035515826,-0.0129584735,0.017828662,-0.0030876256,-0.0057828617,0.03344655,0.01780157,0.0039784918,-0.016202956,0.03517337,0.0048692035,-0.0049294615,-0.0019171642,0.04759461
2017-05-25,0.0019065217,0.0026217983,0.0012466685,0.0029585063,0.003232848,0.02053186,0.007328068,0.007976626,-0.0051102666,0.014672428,0.011230917,-0.004886118,0.009803507,0.0049568876,0.048049722,0.0017392604,0.0007130338,0.06501757,0.0,0.010423476
2017-05-26,0.007039218,0.0067166644,0.010652796,0.024503466,0.0166591,-0.03518493,-0.017107638,0.024569117,0.0043778364,0.0014650043,-0.0022878905,0.039568845,0.016506739,0.025262509,-0.012199784,-1.7689074e-05,0.008125328,-0.00092593854,-0.004750743,0.010480739
2017-05-29,-0.004290791,-0.0061295936,-0.0060087196,0.006664547,0.048232585,0.014324765,-0.022661258,0.012835104,0.009144815,0.021324232,0.014017778,-0.0039233565,0.015452538,-0.009000966,0.0025665825,0.021382833,0.018428255,0.062925145,-0.00012211288,4.859256e-05
2017-05-30,-0.0019508313,0.018110124,-0.004135172,0.017641945,0.022823567,-0.010101562,0.046077058,0.0117974775,0.019162936,0.00839343,0.012596037,0.0028652034,-0.00740484,0.013025431,0.013386455,0.015940387,0.013488915,-0.023020303,-0.0069175987,0.0039024968
2017-05-31,0.015567066,0.013277659,-0.0082514435,-0.0046842042,0.00060026074,0.0045856982,0.009968358,-0.023524415,0.00649338,0.0018286834,0.0,-0.007976637,-0.012867314,0.017067434,0.027881032,-0.0012945594,-0.0032842108,-0.010039063,0.012479475,0.016508581
2017-06-01,-0.0023882543,-0.00046722847,0.0076746256,0.006815364,0.016962076,0.0025190404,0.004800055,0.021859596,0.0049402397,0.010102903,0.0,0.013682214,0.01593257,0.019813892,0.013525728,0.023050219,0.046027116,-0.020329759,0.018452609,-0.016815623
2017-06-02,-0.021459438,-0.005957054,0.0033530677,-0.005584447,0.046510946,-0.01459877,-0.017776346,0.018981785,-0.00083611836,0.028980257,0.0008807098,-0.0046312846,-0.006726931,-0.007951581,0.0107728625,0.005373836,0.015884567,0.0073531116,0.03905498,0.02432303
2017-06-05,-0.049214456,-0.11252611,0.018778369,-0.008940022,-0.015275531,0.017809343,0.085200906,-0.0017522476,0.016127367,-0.14502473,0.01188909,0.031039838,-0.024233887,-0.007185687,0.017918104,0.0033785272,-0.0059511294,-0.04864051,0.0012790771,0.009294925
2017-06-06,-0.0034031582,-0.009260679,0.010731338,0.031273205,-0.021048704,0.06835672,0.02310656,0.0036663592,0.007862343,0.0008149383,0.026746377,0.028524216,0.04915518,0.027570257,0.014499273,0.010143227,0.0070402664,0.025536515,0.00857179,-0.14275235
2017-06-07,-0.04689944,0.0037712494,-0.027815577,0.020657888,0.022710683,-0.00628857,-0.0014429038,0.0352766,0.0,-0.0057647643,0.04647777,0.007208311,0.0053831753,-0.004425287,0.00965331,0.006585094,-0.00072895427,0.006118923,-0.014451057,0.014622578
2017-06-08,0.038510058,0.034568746,-0.0013665288,0.010939892,0.008729422,0.04804348,0.02367336,-0.0034079945,0.0047929073,-0.02769117,-0.00822871,0.016264074,0.01157216,0.026273847,0.011040313,0.01942684,0.0099684065,0.010449321,0.003558638,-0.016946552
2017-06-09,0.071477994,0.023040762,-0.0020440985,0.0059479857,0.006347544,-0.00055434485,0.025643958,0.023914421,0.0062357034,0.00015461657,0.00657606,-0.012458159,-0.003995417,0.006817214,0.006590202,0.010750948,-0.014743821,-0.025163611,0.011391853,0.017968163
2017-06-12,-0.038933195,-0.0052828803,0.016648598,0.0014298641,0.019783033,0.008782964,-0.013139164,0.010651132,-0.0012171523,-0.03203594,-0.016913699,0.018291846,0.0054918695,0.0071570743,0.00016835997,0.0,-0.013907323,0.035117675,-0.0036061537,-0.037142254
2017-06-13,0.03292292,0.002439895,-0.0048574256,0.022444105,0.018920718,-1.7925142e-05,0.017472552,-0.0077055176,0.0016351496,0.03944873,-0.0097741615,-0.002199958,0.029813673,-0.013967859,-0.018995889,0.0,0.008829193,0.0028226934,0.04361685,0.0076850583
2017-06-14,0.010933195,0.016914472,-0.0037417898,-0.004126109,-0.0025556053,-0.09915167,0.003670938,0.004683719,-0.022739202,0.0069618844,0.027165638,0.012878436,0.014975256,0.012476218,0.027956238,0.03777837,0.012744754,0.01816854,0.009163755,-0.0010689249
2017-06-15,0.02033114,-0.0025039744,0.024992622,0.011522972,-0.00066646474,0.015427863,0.010364894,0.0,0.0056365053,0.06427515,0.0,-0.005853365,0.015753092,-0.026086051,0.0017077109,-0.030426972,0.009259601,-0.007473616,0.00042069695,0.0
2017-06-16,0.00052559265,0.022583682,0.0038659638,-0.0005706421,-0.006309968,0.008783589,0.0028185702,0.016896445,-0.001320481,0.016963065,-0.005255336,-0.0019849858,0.007432127,0.026371324,-0.010891236,0.03305685,0.015874444,0.025820533,0.03254216,0.02318237
2017-06-19,0.02394212,0.0028766824,0.0031894254,0.012644196,0.016572693,0.014751033,0.009975284,0.00854147,-0.043046426,0.028554784,-0.015750827,-0.009568816,-0.022050332,0.0021092328,-0.0010694222,-0.019892294,0.0010450279,0.004652659,-0.026633741,-0.016816849
2017-06-20,-0.00777754,-0.014463529,0.0005859659,0.019764885,0.028470455,0.046186365,-0.0048488,0.0022353726,0.0315673,-0.024683166,0.017566703,6.473816e-06,0.006127207,0.0,0.0077455696,0.011319246,-0.007703385,-0.0039813146,0.012667411,0.0043473365
2017-06-21,-0.091814265,-0.025343562,-0.006423783,-0.007928466,-0.008645036,0.02432325,0.0074488386,0.011584534,0.025015565,-0.09476818,0.02492295,0.018231746,0.006155553,-0.15196155,0.0076687187,-0.0030479238,0.0024480058,-0.016755229,0.011847147,-0.022827188
2017-06-22,0.016625032,0.0050779046,0.0052653044,-0.016945465,-0.00084987615,-0.009222365,-0.0047007967,0.02319843,-0.008808065,0.0014295423,0.0068226247,0.00679412,-0.018676024,0.010646762,0.015890608,0.0013821401,0.017877184,-0.00073992286,-0.041499197,0.007155846
2017-06-23,-0.02282366,0.011417276,0.016638767,0.017744215,0.019128475,0.0032674274,0.008574297,-0.009426775,0.01610762,-0.013360303,-0.00729977,-0.0045592072,-0.015272041,0.012021565,-0.0043441444,-0.007033978,0.01114566,0.017885903,0.0032291787,0.00983091
2017-06-26,-0.024287065,-0.035336893,0.014539128,-0.06005656,-0.0203115,0.02268319,-0.0016901708,0.003424924,0.0069352784,0.0032924567,0.008782886,-0.003753313,-0.017302942,0.020670088,0.013009813,0.007782025,-0.0036480087,-0.010337188,0.0050110854,0.053371824
2017-06-27,0.004806422,0.08396327,0.0057051475,0.024323866,-0.00018745362,-0.017419508,-0.014702472,-0.0014485528,0.005576951,0.00070237304,0.008378103,0.01348588,0.0023238827,0.016767124,0.012635042,0.0,-0.0022708434,0.016644662,0.0034036012,-0.00038488887
2017-06-28,0.06446104,0.01050998,0.0,0.013075891,-0.000869684,0.018882612,0.016382819,0.015816053,-0.038220007,0.052549165,0.012636705,0.0031934006,0.015639104,0.014964769,0.00076320994,0.024659438,-0.012526553,0.035513557,-0.0033617683,-0.02427997
2017-06-29,-0.017646575,0.015456902,0.0,-0.004846072,0.016843198,0.024555126,0.047599815,0.015912194,0.02867456,-0.015198562,0.012935088,0.019199012,0.01576877,0.0,0.0012936239,0.00766856,-0.006947806,0.0066205855,0.00708161,0.0034345817
2017-06-30,-0.008705514,0.001749778,-0.009675966,0.030932033,0.021590766,-0.00056252116,0.005616128,0.029040106,0.021516353,0.011566038,0.010874645,0.0065643433,0.011677913,0.015821798,0.01996631,0.0035708277,0.01796746,-0.010187221,-0.018012028,0.026738262
2017-07-03,0.017496731,0.0124080125,-0.00049714686,-0.025081089,0.0011518726,-0.0067239604,-0.023878034,-0.0021536988,0.013685406,0.008892031,0.0039240867,0.0072768703,-0.008868832,-0.0029526572,0.00061636645,0.0,0.0,0.013261573,0.0050316397,0.0051354514
2017-07-04,0.011934219,0.00026260279,-0.005614583,0.016445937,-0.0025335492,-0.00654107,0.0109479325,-0.03057419,0.0017020816,0.017198823,0.0104079945,0.010267209,0.016715035,-0.008152397,-0.004106518,0.011567563,0.017952774,-0.009353108,0.008915367,0.010077911
2017-07-05,0.01398953,0.01835826,0.022858575,0.013461012,-0.010057497,0.014964522,0.017365418,0.013363326,0.024694057,-0.027570453,-0.01132315,-0.009538958,0.0057776603,0.0097011,0.0017502499,-0.014745611,-0.012270082,0.025574282,-0.015913317,0.0042138244
2017-07-06,0.0078019337,-0.039038043,0.015814826,0.00016714964,0.012344699,-0.006851998,-0.037438735,-0.032320585,0.0020184384,-0.00093209214,0.008264952,-0.027108759,0.0025323725,-0.0044984235,0.011076287,0.00018744911,-0.0005026852,-0.015336394,-0.02418203,-0.00016278516
2017-07-07,0.053024113,0.023688577,0.010266334,-0.0051747006,0.0,0.0019857103,-0.0010498643,0.010799053,-0.010249571,-0.012703748,0.009201235,0.029613838,0.011805135,0.011208321,0.0,-0.0045656627,0.0031607798,-0.005247921,-0.007965974,0.012747721
2017-07-10,0.037050173,0.011052496,0.010157441,0.0003056897,-0.0107898535,0.007494027,0.057664763,0.005519583,0.03075394,0.015896842,0.010847781,-0.011093602,-0.023331024,0.003150517,0.0017227072,0.01742311,0.0019829264,0.01347238,0.0013781781,0.002600598
2017-07-11,0.003910659,0.0,-0.013958037,-0.015385913,-0.0035193875,0.019985575,-0.052409504,-0.041902564,0.006042475,-0.14830926,-0.036789812,0.0067828023,0.016857667,-0.0039025366,0.0071953638,0.00622027,0.008397887,0.018803967,0.03783656,0.017243523
2017-07-12,-0.0021792445,0.012701133,0.006550635,0.003693767,0.03348727,0.0014779333,0.0006245546,-0.031008692,0.0033490316,0.004373077,0.0031815334,-0.005619573,0.01264873,0.014027413,-0.008606586,0.016096665,0.0051964787,-0.05301441,0.00030302862,0.0012533825
2017-07-13,-0.012032805,0.0010807464,0.0,0.0060358243,0.017939992,0.012821006,0.01824755,0.024724465,-0.0071076583,-0.15219803,-0.0024853342,0.0070332033,0.0026308266,0.0,0.0050282,0.0018293698,0.012354897,0.0014513365,0.019361835,0.0037704105
2017-07-14,0.012695495,-0.0041354587,0.0070300484,0.025220158,0.0008724601,0.007735801,0.023806375,-0.02867759,0.050279293,0.03221833,0.00031671024,0.009344948,0.0102740135,0.016969332,0.0008609566,0.0050114277,0.0012473492,-0.021232085,0.009037772,-0.0116471965
2017-07-17,-0.005569717,-0.005531015,-0.019593049,0.009415867,-0.0038951086,0.023603536,-0.01949138,-0.049702715,-0.0060217287,0.056434933,0.02000171,0.011048973,-0.0068834336,0.0,0.006532683,-0.01991887,0.010727218,0.023433717,0.0020937426,-0.012428927
2017-07-18,0.019684702,0.004253844,-0.0013121493,-0.05755742,0.014140344,0.01514719,0.034753434,-0.003665608,0.016227728,0.00016512196,0.01697659,0.010228614,0.0064482875,-0.010345041,0.019971108,0.010678776,0.0046686404,0.028171675,-0.009592086,0.030308763
2017-07-19,-0.0039528646,0.010266461,-0.008127387,0.015026388,0.00020244435,0.007157993,0.0016384961,0.011561092,0.017447626,0.0020641973,-0.0019923642,-0.013349359,-0.0007281469,-0.020125045,0.0099038975,0.0076480424,0.0,-0.039047226,0.014968022,-0.011305799
2017-07-20,0.014533367,-0.0030266403,-0.00029745625,-0.01645624,0.019103749,0.0016483773,0.015202925,-0.060793858,0.006678812,0.06576093,-0.0127322655,-0.0104804505,0.0002540303,0.008015972,0.009865497,0.0018158689,0.009411412,0.008149112,0.002059772,0.009616178
2017-07-21,0.011797761,0.006203853,0.001925107,0.013696555,0.022018394,-0.013727459,0.009675543,0.016615687,-0.01848195,0.014449564,0.015815077,0.0009462564,-0.019433869,-0.021930663,-0.005976331,0.008911895,0.010010078,0.022061622,0.0,0.0017780376
2017-07-24,-0.0034028918,0.03782952,0.014994358,-0.0070351,0.0019286736,-0.0011432851,0.000496241,0.018225068,-0.028206013,0.002385767,0.021487912,0.02365387,0.0060236594,-0.008409335,0.014271379,-0.0055065067,0.012645526,-0.012643536,0.0012644761,0.021633178
2017-07-25,0.031938367,-0.023619788,0.014640887,0.01423613,-0.0016168118,-0.028201863,0.0029808478,0.018921591,-0.0018098089,0.0023023924,-0.0038186212,-0.012213932,0.0144634675,0.024707023,-0.00769524,0.018610656,-0.0020133678,0.001784036,0.001315058,-0.0014999027
2017-07-26,-0.012064123,0.019041652,-0.0092493165,0.007074494,-0.009266031,0.085484065,0.036632378,0.0019912058,0.033854824,0.06141426,0.003542041,0.016550006,0.011049342,0.023334138,0.0,0.0090472745,-0.0077432822,0.02233656,-0.012553909,-0.01132615
2017-07-27,0.003934624,0.004335151,0.014374174,-0.012108934,0.004042849,0.0051429207,-0.004530701,-0.005867535,-0.012633302,0.037413392,0.0013669165,-0.012295035,0.0042182426,0.0018170957,0.011647337,0.008481541,0.0028278388,0.007110633,0.030436553,0.012921283
2017-07-28,0.003228491,0.015509814,0.0085374545,-0.019374458,-0.017815612,-0.007972072,0.0061054956,-0.013815415,0.005150422,-0.034972675,0.008252345,0.0065396307,-0.005260585,0.030911008,-0.007756151,0.0075040585,-0.0077784327,0.03311921,0.0014545032,-0.021730434
2017-07-31,0.0012626294,0.004313175,0.004643257,-0.010096653,-0.0034175126,0.022330545,0.012269731,0.005651946,0.033656504,0.02370162,9.032742e-05,0.016143672,0.013840932,0.06472749,0.0044595255,0.008552829,0.0017342151,-0.022412132,0.017709397,0.0011290807
2017-08-01,0.047949664,-0.013062209,0.011922784,0.023264911,0.037238915,-0.0010721806,0.017962744,-0.007965144,-0.03041712,0.017522339,0.009599667,0.018882327,-0.0010463231,0.0022575133,0.012705291,-4.162609e-05,-0.008981242,0.005586469,0.019337373,-0.0007940253
2017-08-02,-0.00223113,-0.011373031,0.0034150707,0.0144296745,0.014850215,-0.012965557,-0.0046704193,0.0034138153,-0.002472916,0.015517486,0.0063920305,0.003199536,0.004923206,0.0022736418,-0.018992871,0.0020304117,0.013069704,-0.010245523,-0.009414153,0.03031075
2017-08-03,0.0025806548,0.01873552,0.0109971035,0.0031610047,0.004627889,0.004549228,0.003989487,-0.019892154,0.0026738464,0.016465994,-0.001401389,0.0046612364,0.0033228323,0.0060505974,0.0,-0.010780666,0.013281759,0.011869565,0.0014803794,-0.0064500486
2017-08-04,0.0021588681,0.0035448947,-0.012107951,0.010543368,-0.0037195566,-0.0007271866,-0.010101762,0.06506532,-0.0070802993,0.0009422807,-0.034522627,0.005118371,0.0,0.009180816,0.0012796227,0.017397214,0.0,0.0045193667,0.02099359,-0.009713486
2017-08-07,-0.008764739,0.0,0.0038304967,0.009693545,-0.0046495786,0.019099522,-0.002762589,0.00035798465,-0.007854246,0.055505037,0.020753186,0.0,-0.010306125,-0.0456191,0.008035597,-0.06306665,0.0024150095,0.017485755,0.0078698825,-0.0011402623
2017-08-08,0.009179465,0.011042743,-0.0059402687,0.00604259,-0.00075455586,0.02021946,-0.003695031,0.015818726,0.057739817,0.009290642,0.020543113,0.0028803095,0.0029841396,-0.013843091,-0.0017130012,0.006531957,-0.006878663,-0.0021775204,-0.0054058204,0.0020845323
2017-08-09,0.001538249,0.033624984,0.015047044,-0.0054117967,-0.0159179,-0.01998873,0.028656706,0.014456666,0.009980881,0.013118955,0.013906758,-0.013524261,0.0046667145,0.03476717,0.027171835,0.014971366,0.020500671,-0.0014623196,-0.006851726,0.0050969296
2017-08-10,0.034781314,0.0074102446,-0.019886626,0.025373036,0.036704026,0.023721507,0.0111475205,0.019000273,0.009439753,0.0,0.0013548059,0.0,-0.0028912148,-0.00090070884,0.006261286,0.015563267,-0.014921792,-0.039223924,-0.0055003567,0.0009646889
2017-08-11,-0.02653073,-0.011268043,0.008199857,-0.00092645816,0.012278596,-0.0067641847,-0.0055166446,-0.01947011,0.018017123,0.00965888,-0.005417264,0.018633097,-0.0072011026,0.004677691,0.0013639764,-0.0018108069,0.003539938,0.029971795,-0.009930732,-0.002634684
2017-08-14,-0.006898846,0.0074024335,-0.009266934,0.025625391,0.020461386,-0.00036944373,0.015281773,0.029042818,0.0059146886,0.027243009,-0.00040094816,-0.023243928,0.015561619,0.0017967544,0.0025846492,-0.012270356,-0.0071905004,0.011087194,-0.028113598,-0.021598326
2017-08-15,0.016264629,0.0134632,0.0,0.01048215,0.004923794,0.0,0.0065174545,0.027270978,0.017860776,0.005141904,0.02883813,-0.028866028,0.015752707,0.037520595,0.02130935,0.013919473,0.0,-0.016120594,-0.011063635,0.017444087
2017-08-16,-0.009387143,0.0037611874,0.008321759,0.005628618,-0.0072729914,0.022872122,0.0,-0.030731652,-0.008664828,0.00078961434,0.0039679375,0.014440354,-0.1531953,0.0074723624,0.0028172848,-0.003526714,-0.0016516169,0.024191665,0.02957433,0.031367518
2017-08-17,-0.035764907,-0.003255399,0.016294336,-0.004862318,-0.00829131,-0.015555283,0.024146413,-0.005991587,-0.007896497,-0.01650012,0.023700353,-0.020119516,-0.0020231828,0.010660734,0.015500224,0.0050487644,0.009341436,-0.0020341626,0.013164275,0.0047039865
2017-08-18,0.004053743,0.035586398,-0.012741163,0.005937276,0.011194097,0.013223087,-0.0046600983,0.0,0.004425726,0.0026697621,0.019572517,0.023845386,-0.0122690555,0.017062986,-0.012365414,0.0037681202,0.00757823,0.045102857,0.0041709556,0.0065359473
2017-08-21,0.009323297,-0.040520944,0.02185772,0.018507654,-0.007626601,-0.01791727,0.03162178,0.004652484,-0.0022214472,-0.02666402,-0.00959195,0.017809778,0.029527023,0.01188063,0.01694723,0.00034285494,0.010279036,0.0011421356,0.016495751,0.012552919
2017-08-22,0.012464776,0.014983365,0.0046872627,0.008604344,0.0042089587,0.013322058,0.005994894,0.020545525,0.015423642,0.005176903,0.0035274355,0.01991081,0.009917517,0.005342471,0.01010573,-0.0021812066,-0.011268864,0.0032038537,-0.007457318,0.005515861
2017-08-23,0.013046015,0.03282084,0.011298791,0.0,-0.011932915,0.015004155,0.0011485786,0.023030013,0.015824601,0.0041434667,-0.019490521,0.025484899,0.020671,0.0025622789,0.0039105588,0.014338057,0.008484565,0.009764413,-0.003632805,-0.005994401
2017-08-24,-0.0011351327,0.0021211219,-0.00020869538,-0.008137517,0.02552844,0.039090224,0.011436823,0.0117146475,-0.019140301,0.028155996,-0.00096674403,0.020619951,0.002823313,0.015903432,0.0036982473,-0.017705165,-0.016681865,0.0099472245,0.009223209,0.021601375
2017-08-25,0.009263167,0.011468225,0.006541365,0.023193626,0.012232412,0.002341064,0.001273385,-0.0054982044,0.014997819,0.010667052,0.0145872375,-0.0063154465,0.010632478,-0.0018246953,0.0038956509,0.003745044,0.0,-0.0046183974,0.01787835,0.0
2017-08-28,0.034698553,-0.0032421364,0.0,-0.018225672,-0.014656319,0.0062251855,-0.007989298,-0.0024090202,0.017862493,-0.004441284,-0.009376647,-0.0063516563,0.001777221,-0.06953569,-0.015936978,0.0048313267,0.0,0.0003263552,-0.02574563,-0.0026242856
2017-08-29,0.01873603,-0.009288146,-0.0011312385,-0.00080932875,-0.0007543014,-0.018353207,0.022238458,-0.0114629585,-0.007974113,0.0,-0.0017427942,0.008343418,0.00030927773,0.0012858972,0.004991976,0.0018241245,0.009796819,0.0048801196,0.023522137,0.00056566874
2017-08-30,0.0042298823,0.0020585607,0.014392286,0.028920906,0.022335915,0.0,0.0056321113,0.047866885,0.0061908783,-0.0022045202,0.01731643,-0.012303692,0.015601388,0.009470209,-0.01616009,0.0,0.006119598,0.010879367,-0.0034494514,0.025568517
2017-08-31,0.015450056,-0.008967592,0.007862028,0.0027998718,-0.003971999,-0.15170689,-0.032005124,0.010464226,0.03680142,0.010214087,0.01817462,0.0,0.025885992,0.029125987,0.052178886,0.0015530627,0.0074226153,0.02688287,-0.042361643,0.010980501
2017-09-01,-0.052318793,-0.014678864,-0.013013068,-0.048214372,0.01645469,0.022044843,-0.023456387,0.015801478,0.009756578,0.01881799,0.0086575365,0.009217682,0.0051814453,-0.00023892739,0.013399246,-0.0042181844,0.01756042,-0.006332082,-0.004429577,-0.0753011
2017-09-04,0.009468551,0.027970124,0.012054272,0.021502744,-0.022871371,0.07028091,0.03944921,0.007728347,0.056657255,0.005077834,0.0049594324,0.005382963,-0.0036031513,0.019241512,0.0012267752,0.037076354,-4.0861287e-06,-0.0023696236,0.021003133,0.010300895
2017-09-05,-0.04274564,0.0057080975,0.021489019,-0.025138067,-0.15011999,-0.016913828,0.0,0.009240177,0.01733333,-0.011353888,0.009718187,0.004464,-0.004059163,-0.0045736074,-0.016030502,0.0008820658,-0.016740732,0.010666123,0.019731883,-0.08109526
2017-09-06,0.0039324067,0.017891293,0.0029929965,0.023927324,0.06402819,0.004978289,0.02927377,-0.0008962289,0.00667232,0.04020797,0.0042984737,-0.030676933,0.0028381695,0.018990466,-0.0029838178,0.007173806,0.028362155,-0.05384818,-0.017478917,0.000274413
2017-09-07,0.0005578294,0.029897176,-0.010645756,-0.0031214354,0.025755953,-0.0010044265,-0.0446653,0.020042218,-6.230678e-05,0.013877773,0.010951521,-0.0018338537,0.010518079,-0.0057871034,-0.00493429,0.0105573,0.0030825753,0.016424201,0.003504025,0.007561904
2017-09-08,-0.0067460136,-0.00932992,0.004043555,0.0,0.028449131,0.0,0.07801954,-0.023219388,0.009855374,0.008073262,-0.015306797,0.07113886,-0.004583193,0.013634813,0.03662323,0.0048001325,0.0,-0.017632168,-0.007109153,0.017774004
2017-09-11,-0.0023308245,0.0027776018,-0.037137333,-0.008683277,0.008063681,0.03281481,-0.001193536,-0.00539318,0.026162773,0.013697773,-0.013631013,0.004891205,0.016369822,0.022745576,0.022423297,-0.0068235705,0.015552942,0.03947225,0.027340261,0.02192188
2017-09-12,-0.026470704,0.023725068,0.00793846,-0.018983528,0.009712407,0.017811392,0.015106572,0.0061252173,-0.014965662,0.013380435,0.0078497445,0.0010388085,-0.005169089,0.001834671,-0.0014009791,0.0011741961,0.0071602883,0.03606303,0.001846939,0.013689851
2017-09-13,0.024542024,-0.0073003247,-0.0034118223,0.03295682,-0.031826325,-0.009574871,0.0033463761,0.005157426,-0.041449938,0.006064596,0.021570195,0.008673623,-0.009290686,-0.017739335,0.022571724,0.040437605,-0.0035249444,-0.010027105,0.020851448,0.014972188
2017-09-14,0.015736684,0.059638493,-0.005918466,0.028356764,0.02942426,0.021402283,0.030548325,0.017799668,-0.01668181,0.02464481,0.015763491,0.0063563683,0.014323923,0.021335522,-0.00811471,-0.030489117,-0.0033644056,0.0037238363,0.034387395,-0.008665977
2017-09-15,0.016901627,-0.016246881,0.03017452,0.023282329,-0.020324843,0.021278381,-0.043842927,0.012935995,0.030346356,0.007381383,0.004176077,0.002078913,-0.0006189667,-0.020099768,-0.00021445207,0.009456679,0.011147976,0.0067467303,0.021952689,-0.004581256
2017-09-18,0.0091568995,0.015518114,-0.013743184,0.0040540625,0.031860437,-0.007253398,-0.0021989003,-0.012966723,-0.021191495,0.01359946,-0.012022319,-0.01903147,0.01051651,0.010189251,0.0,0.008794671,0.01619873,0.009062466,0.0066090208,-0.04142037
2017-09-19,0.0116600925,0.017377622,0.017834306,0.011301309,0.010713553,0.010318363,0.008136219,-0.012734165,0.002779808,0.00083338947,0.01415646,-0.004009357,-0.0023401233,0.0035593165,-0.008097087,0.0041300515,-0.017323833,-0.008960995,0.002829946,-0.01958113
2017-09-20,0.0028549624,-0.002324544,0.009154396,0.008593224,0.025634846,0.0007057612,0.012549686,-0.0070301723,0.022699842,0.018577019,0.015754616,0.022761773,0.02136351,-0.06220672,0.004529395,-0.14482227,-0.009035523,0.021500506,0.066597365,0.020885436
2017-09-21,0.008875933,-0.012461934,0.0063175117,0.010801459,-0.0060039307,-0.00793141,-0.0005998232,0.010215757,-0.044643197,0.014335745,0.00021465603,0.027277764,-0.0031836,0.015051901,0.037876923,0.030534027,-0.002154681,0.008159147,-0.017642932,-0.005035725
2017-09-22,0.0025070813,0.00796695,0.0024870932,0.0065488,0.0040840204,0.024196427,-0.010640129,0.047394298,-0.0008087777,-0.01068859,0.008939022,0.008391936,0.015786828,0.024701176,0.0055590426,-0.08718583,0.01510361,0.0048637837,0.011557129,-0.009695343
2017-09-25,0.006539717,0.0020559581,-0.021572119,0.001629329,0.015272104,-0.036203314,-0.0077261715,-0.0018017823,0.018840231,-0.015250789,-0.00165842,-0.031959146,0.0055050547,0.009919906,0.0020607936,-0.0036960319,-0.0048051584,-0.06651493,0.009928581,-0.012943436
2017-09-26,-0.009821079,0.037769966,-0.0051310523,-0.0012935058,0.0113242185,0.0014846231,0.0073479814,0.015203915,0.0070031434,0.0,-0.03156555,0.028848205,0.0,-0.008172224,0.021253781,0.0010151109,-0.018356532,-0.0013225599,-0.023062265,0.012031338
2017-09-27,-0.007144142,0.0048857937,-0.0012737177,0.017390959,-0.004941042,-0.018719992,0.027171595,0.010688316,-0.009475532,-0.0342274,0.00085910334,0.019113224,0.0041302633,0.008784877,-0.010116595,0.042277638,0.043708812,0.0026646361,0.029921304,0.02837265
2017-09-28,0.010431891,0.020049425,0.014379573,0.007719201,-0.014592275,0.01899996,0.019710144,0.014532741,0.037412073,0.0005342654,0.01304945,-0.020938594,-0.008284018,0.022856094,-0.0064721247,0.01588995,-0.01342769,0.06676681,-0.026241593,0.0037379528
2017-09-29,-0.021208432,0.005346012,0.022724072,-0.034199465,0.0043463134,0.012619276,-0.0014772834,0.012180628,0.0043055443,0.034891713,-0.017779205,0.0014371893,-0.0041039996,0.0061005442,0.022688663,-0.05885752,0.008580068,0.0056264536,0.008148856,0.08292582
2017-10-02,-0.0019181613,-0.067997076,-0.005152369,0.027840171,0.027722016,0.00990712,0.0031616967,-0.024682175,0.00088715827,-0.0018149704,-0.005740225,0.008732076,0.025018973,-0.0052104946,0.00812442,0.08880493,-0.020231435,0.028983604,0.0036962556,0.007368885
2017-10-03,-0.014890608,0.026768332,0.013692093,-0.057230532,0.003253848,-0.012006513,0.008629601,-0.032947388,0.0020663373,0.015232011,0.005127083,0.0067968247,-0.0032797938,0.0051224795,0.0023971307,-0.0008830922,0.00993595,0.018739255,-0.02424851,-0.018047953
2017-10-04,0.015802406,0.0,0.009498768,0.037269484,0.007951317,0.009973162,-0.010209899,0.014671842,-0.019934509,0.019436669,0.0,0.0,0.022113688,0.0072173066,0.01452977,0.015143759,0.0011708835,-0.0027918774,-0.02323078,-0.010108229
2017-10-05,0.006594989,0.0021072158,0.0074017257,-0.00045680598,-0.013846002,-0.014570137,0.020334877,-0.0077153556,0.0029680112,0.004111139,0.028335651,0.0,-0.0032833896,0.0304194,0.023154855,0.010566438,0.015289507,0.009173723,0.0,0.07858606
2017-10-06,0.012705067,0.02361126,0.011755666,0.0139677515,0.022779405,0.0005461248,0.022128943,-0.0208023,0.008885517,0.0,0.014014029,0.015740355,0.0055231033,0.0,0.011706543,0.02381423,0.00976101,0.020948675,0.0100587765,-0.0050303712
2017-10-09,0.004622805,-0.041980814,-0.0079349885,0.021223469,-0.008485227,-0.020401385,-0.0035025084,0.011212679,0.0131969545,0.009330806,0.0034421345,0.016568182,0.003538499,0.0005781875,0.0073184776,0.0061811535,0.0038019663,-0.005619489,0.019175714,-0.013246044
2017-10-10,-0.0077144075,-0.059531294,0.008363582,0.0061031035,0.0016942403,0.0092450725,-0.042224243,-0.002395346,0.011047059,-0.027684089,-0.009165048,0.0175125,0.018875832,0.010841939,0.019831702,-0.007949122,0.010112606,-0.008549195,-0.002004298,0.013559982
2017-10-11,0.0010216581,-0.004598799,0.015878936,0.010058427,-0.003269663,0.004294591,0.03638685,0.023737365,0.008541005,0.010954189,0.0,0.001384242,-0.007179226,0.0050784354,0.0055426667,-0.0004580295,0.0014752423,0.00025401433,0.011305104,0.016168466
2017-10-12,-0.015357437,0.071399115,-0.0074799745,0.0037722925,0.0061789583,-0.0015041546,0.018920636,7.701801e-05,0.02714131,0.011030275,0.0053830687,-0.0015913628,0.016501388,-0.008159673,-0.016403006,0.004826337,0.016680434,0.009702823,0.0033663698,-0.012776492
2017-10-13,0.013242407,0.019904878,0.005167066,-0.0052049393,0.025540868,0.018854465,-0.0031042497,0.012616994,-0.0062630256,-0.010460628,-0.023359299,-0.035035547,0.014495623,-0.0044797175,0.002332509,0.003119562,0.00054120313,0.0030376127,-0.0100215925,0.026242498
2017-10-16,-0.0054801237,-0.13093816,0.024535857,-0.003666989,0.0075794524,0.025807077,0.004779824,0.015822511,0.010627214,0.08502264,0.002523695,0.03418913,0.0032728692,0.016543988,0.017750531,-0.0024698228,-0.0005411976,0.0055058706,-0.012474043,0.030743573
2017-10-17,-0.010086234,-0.003630122,0.00486994,0.0058044284,0.011187826,-0.002043612,0.02266692,-0.016846068,-0.021808883,-0.017623862,0.013645198,0.0035163783,-0.01767667,-0.012142332,0.03769623,0.007991566,0.005571598,0.022277081,-0.0030431855,0.02378004
2017-10-18,0.027515907,0.047695506,0.011282113,-0.022550799,0.0014464447,-0.005193495,0.0068732873,0.00030416375,0.009274849,-0.007846589,0.013070477,0.045897476,0.004867325,-0.012206372,0.02268609,0.030441534,-0.0065514413,-0.012568486,0.0039510583,0.010905381
2017-10-19,0.017265104,0.0066839023,0.0042370115,-0.0010303032,0.014760148,0.014868902,-0.009635575,-0.009623376,0.009307743,-0.03789062,-0.0023144588,0.01406952,-0.019058917,0.00994684,-0.00040225137,0.016827917,-0.019316189,0.061566606,0.012573349,-0.04649049
2017-10-20,0.004080354,-0.028714286,-0.0026548805,-0.002780097,0.011527912,-0.0021745772,0.027923504,0.006015447,0.03130508,0.006573293,0.00037237004,0.0016034221,0.014526145,0.010646714,0.013029669,0.004639058,-0.016926376,-0.00032251648,0.0076528667,0.0044265757
2017-10-23,-0.006476214,-0.044303212,0.0038344879,0.00015432767,-0.008148997,0.0010140138,0.018021531,0.01641226,0.007642846,0.012377969,0.0,0.017009754,0.0021781863,0.007691795,-0.003978352,0.014587212,0.0019397035,0.018826246,0.010289894,-0.009313316
2017-10-24,0.023669144,0.025015432,0.008647183,0.06606282,0.01144744,-0.009255311,0.0075447587,0.0021612658,-0.03356914,0.011155228,-0.0027956176,0.003198788,0.00998459,0.0218005,0.0017542111,-0.00931377,0.054958638,-0.0018709084,0.0,0.009868572
2017-10-25,0.017268,-0.074610986,0.0003726305,0.010644737,0.039463792,0.004501645,0.0039678463,0.0078002494,0.012837239,0.009242034,0.00068725535,-0.004866234,0.0076386486,0.013811387,0.0024488831,0.011972915,0.029765327,0.017445862,0.0,0.026173616
2017-10-26,-0.0019295665,0.0312601,0.004161536,0.01387775,-0.0021922232,0.0057782475,-0.004756099,0.018849349,-0.0043249275,0.019983819,0.0017277675,0.0,0.01550737,-0.013866392,-0.0043601277,0.005804923,0.009167397,-0.043324627,0.031323064,0.01233077
2017-10-27,-0.003777737,0.08356497,0.005142752,0.004189711,0.008272497,0.0069893417,-0.02137851,-0.030614112,0.04674545,0.018840317,0.009061158,0.009381285,0.010688973,-0.07520081,-0.0008900391,0.012189453,0.0,0.002385701,-0.078299925,0.020212712
2017-10-30,0.0155327,0.0026131351,-0.0036126385,0.021993775,0.011456655,0.007967939,-0.0008060268,0.0059304433,0.017556801,0.0038730127,-0.010183052,0.0092569655,-0.0013958937,0.02657848,0.0,0.031353425,-0.01963204,0.0010157189,0.023566986,-0.0077225203
2017-10-31,-0.014504544,0.0063286424,0.014517903,0.0115759475,0.0046133166,0.016041037,-0.007442446,0.012239801,0.01704634,0.023530828,0.0033055025,0.0012282911,0.013158447,0.019961884,0.01916332,-0.012277811,-0.019424705,0.020501543,0.001917537,0.008252186
2017-11-01,-0.007758889,-0.006136256,-0.017450022,-0.01635862,0.016866991,0.019670693,0.011622467,-0.00022146617,0.0075890077,0.0032756708,0.0149535425,0.008593756,0.0,-0.00023993972,0.010914126,-0.003631368,0.008436916,0.00018696257,0.001998869,0.010860636
2017-11-02,-0.008426044,0.014410422,0.006744662,0.018768858,0.0012932086,0.0104821855,-0.01891558,0.016621118,0.003353624,0.0,-0.015676612,-0.003652149,0.0056568873,0.00092159904,0.015674938,-0.0034093044,0.042693987,0.005523762,0.010315239,0.01486169
2017-11-03,0.009750229,0.014576294,-0.0014172198,0.0005558307,0.0012652817,-0.010327819,0.047716215,0.00095845945,-0.05504432,0.0051477617,0.02133172,0.008773006,-0.0012001536,0.029323813,0.016908262,0.031339813,-0.0018188112,0.023892088,0.002886473,0.051330324
2017-11-06,0.016489524,-0.03685886,0.007734569,-0.0042430647,0.0119366925,0.0035039645,0.017361257,6.1936815e-05,0.011368458,0.003952025,0.0027659622,0.0,-0.0024883547,-0.017830815,0.014755559,-0.004772888,0.047412157,0.0015481983,0.003755684,0.01735473
2017-11-07,0.007931256,0.006249443,-0.01990812,0.02230796,0.0077700303,0.013222707,0.019526148,0.0,-0.021784684,0.061379258,-0.0083188005,-0.07045959,0.011579161,-0.007679162,0.0004717219,-0.0620093,0.018803293,0.006311172,0.003847301,-0.0014546416
2017-11-08,0.0,-0.03885007,-0.0046598543,0.00090357254,-0.0012003776,0.004477825,-0.016884487,0.013006484,-0.020561837,0.0012890681,-0.01981554,0.0140414415,0.008112597,0.01775129,-0.0037564123,0.009093469,0.004189053,0.017212577,0.010609959,0.010266698
2017-11-09,0.0065941787,0.04358406,-0.0033972305,0.028141936,0.0036472536,0.021954134,-0.013397973,-0.0040473947,0.0,-0.004414151,0.0236948,0.057779018,0.00141799,0.010254471,0.0014382984,0.037350178,-0.013510277,-0.014323647,0.014359305,0.024509761
2017-11-10,0.010251037,-0.0024870597,0.01942613,0.020685336,0.023924792,0.004090875,-0.028441869,-0.006869711,0.0,0.053933065,-0.02148526,-0.0021464138,0.0074738497,0.003979104,-0.015954047,0.015793743,-0.0045629553,0.0070238477,-0.018220827,0.011346619
2017-11-13,0.013577427,0.01462164,0.005018115,-0.016941989,0.002779415,-0.0003528306,0.011028842,0.0034633537,0.0045687626,0.017508589,0.016120646,-0.015799304,0.012908431,0.005945943,0.02160267,0.01667915,0.015941229,-0.00028962412,0.005042992,0.018163562
2017-11-14,-0.0010007916,0.04407356,-0.00079764315,0.0073574292,0.008655264,0.0,0.021660669,0.012566695,-0.010656461,0.015496832,0.0021233042,0.015005285,0.013240056,-0.0026467375,-0.017664785,-0.0037202982,-0.00047632007,0.02019854,0.01643339,0.003252365
2017-11-15,0.0,0.002766175,0.019981487,0.010933429,0.027612582,0.0029259385,0.025352133,0.0082275625,-0.0016476251,-0.0037347914,0.0,1.9685005e-05,0.022214519,0.021828484,-0.0136550125,0.00095084915,-0.028818434,0.0013141198,-0.019942658,-0.0010340747
2017-11-16,-0.0071637365,0.00920441,0.011213107,-0.008419806,-0.007901502,0.015023492,0.0032978817,0.013308039,0.041209135,0.015776344,-0.010847371,-0.03365626,-0.004211393,-0.00573072,0.020164264,-0.003436613,0.02476705,0.007912599,-0.037197463,0.003801613
2017-11-17,0.0003579762,0.0018043584,0.0011769745,0.00069807534,0.03080553,-0.006674835,0.039529838,0.0040952526,-0.015448472,-0.008340528,0.013304122,-0.046500873,0.0032631159,0.0033231697,0.004309299,-0.024935693,0.03378716,0.014773196,-0.035483755,-0.01142181
2017-11-20,0.0040073767,0.01679548,0.0007959079,-0.00037115382,0.0055920267,-0.0065578255,-0.0006716118,0.0051360275,-0.00045982478,-0.0144449575,-0.006543857,0.004918033,-0.009718562,0.015818948,0.014435612,0.030643445,0.008604455,0.008318496,0.04808477,0.015903207
2017-11-21,0.0020859498,0.0150115,0.0006926229,0.009520056,-0.008599592,0.0076580127,0.0052387165,-0.005578792,-0.0032119867,0.017969169,0.013194115,0.030331062,-0.00045601386,0.011920748,0.0,-0.0501375,-0.008317408,-0.0038711186,-0.0012004697,0.021775778
2017-11-22,0.0036683942,-0.007134235,-0.003241413,0.015527377,0.0032082212,0.0005560441,-0.00091265293,0.004233323,-0.0020162603,0.0033431458,-0.006489378,0.04305698,-0.009913932,0.0034188873,0.023237662,0.031028919,-0.009730601,-0.005727456,0.025986323,-0.0026945882
2017-11-23,-0.015801786,0.018811982,0.01273611,0.020319352,0.0043213023,0.0005070713,0.027101416,0.00083698996,-0.008409571,0.0035811204,0.010535789,-0.017575512,0.01455402,-0.0012327605,-0.02741989,0.007943106,-0.0014708565,0.008688674,0.0018513348,-0.0065661725
2017-11-24,0.011059566,-0.0017153242,-0.0026162125,0.006960216,-0.015489435,0.020534335,0.01442898,0.01542079,0.015447632,-0.00067789445,0.028367031,0.028773304,-0.0040233117,0.020436006,0.017437486,0.0067216,-0.005152614,-0.004583443,0.017747074,-0.021633428
2017-11-27,0.0036270716,0.010074676,-0.00032455107,0.003554677,-0.041604564,0.011371426,0.0052489126,0.0070957313,0.01819843,-0.0018211713,0.011766278,0.004844015,0.011715639,0.013381094,0.0028794897,0.015196691,-0.0006410823,0.021262305,-0.05528102,0.0012412189
2017-11-28,0.022745822,0.047506675,0.0034202996,-0.009831307,0.06469946,0.0007824002,0.047998715,-0.0005391109,0.0265608,0.008023677,0.0035509174,0.024444934,0.004176625,0.018887358,0.01384568,0.03769962,0.025083609,-0.0010014971,0.0665973,0.0002539976
2017-11-29,0.025611155,0.010042057,0.061932974,-0.0033624324,-0.0027684174,-0.0056937607,-0.020149061,-0.0005414279,0.014192622,0.0027813958,0.0015519813,0.021017782,0.0027813958,0.023685616,-0.011061365,-0.009398104,0.013024369,0.00032052398,0.01423447,0.008883594
2017-11-30,0.0007018947,0.007871661,-0.007917017,-0.033519536,0.0032126333,0.08979094,0.019631842,0.005077923,-0.0037866745,0.012839045,-0.0031035084,0.0011581791,0.012839045,0.015543092,-0.0009289246,0.045556583,-0.021962503,0.022131482,0.02051727,0.0035275288
2017-12-01,0.02065372,0.010068637,-0.013582628,-0.002789434,0.0,-0.032092713,0.008289255,-0.016177284,-0.008592381,0.016127246,0.01770662,0.0,0.016127246,0.0028476873,0.024929723,0.022210473,0.035916314,0.02355423,0.0045665544,0.037083544
2017-12-04,0.010301905,-0.0179015,-0.024923334,0.034706857,0.004964913,-0.012680355,-0.011764991,-0.11920945,0.021859616,0.022358289,-0.02549416,-0.017207038,0.022358289,0.01785835,0.00045514136,-0.021393979,0.02473711,0.0005871792,0.012365824,0.0
2017-12-05,0.010971287,0.036578316,0.00949226,-0.021501863,0.0056337677,0.014548142,-0.014041157,0.009912435,-0.057877764,0.008793119,0.01617257,0.016326487,0.008793119,-0.009068859,-0.012653317,-0.007518481,-0.007960657,0.0047709406,-0.0020964055,-0.0035652851
2017-12-06,-0.0036499097,0.007719488,-0.011623534,-0.0031597547,-0.0051318076,0.017920509,0.030372614,0.01906603,-0.008175487,-0.0047784965,-0.1508869,0.0055748597,-0.0047784965,-0.013524536,-0.0045163683,0.0037774392,0.07781759,0.01506591,0.014422848,0.0039659427
2017-12-07,0.013610368,-0.0034367489,-0.007268996,0.021290908,0.0,0.06671641,-0.010014117,-0.0022465475,0.015436712,-0.01433433,0.0068099266,-0.01647318,-0.01433433,0.026219495,0.004945377,0.02554512,-0.02495398,0.0015009635,0.007277856,-0.02001977
2017-12-08,0.00028380996,0.0054835817,-0.0013606041,0.028098727,-0.026773913,-0.14021805,-0.042393234,-0.0025871939,0.0014096291,0.013099582,-0.0015764779,0.0065262853,0.013099582,0.017517742,0.009203128,0.016521033,-0.0045883693,0.011575634,-0.016266853,-0.01021013
2017-12-11,0.009272108,0.0015662529,0.0014800323,0.015589526,-0.005153586,0.056040876,0.02858309,0.030772923,0.0015995157,-0.0025311275,0.007435564,0.0031614932,-0.0025311275,-0.002140152,-0.010746477,0.019357098,-0.008097044,0.018488573,0.00923308,-0.007861093
2017-12-12,0.009172291,0.015174,0.006328703,0.0064216955,0.0032018935,0.014239768,-0.0016104692,-0.01176413,-0.00037323462,0.005334654,0.023999305,-0.0036259873,0.005334654,-0.008172368,0.019687813,0.0030094497,-0.15267773,0.0049244347,0.008141936,0.014013961
2017-12-13,-0.017814526,-0.015328696,0.02957806,-0.0044415626,0.021562915,0.00077886996,0.0019321757,0.027923018,0.012303124,0.0031898338,-0.020104107,0.017824704,0.0031898338,-0.014744484,0.0027760537,0.042688966,-0.005180097,0.02557788,-0.0025485577,0.0037069004
2017-12-14,0.016590273,-0.010165994,0.027714228,0.025764735,-0.0031161718,0.0064390413,0.026380429,-0.01469162,0.020995472,-0.00025137662,0.010544235,0.0007693727,-0.00025137662,0.0,-0.008998896,0.02937314,0.0053128516,0.00023810478,0.017955534,-0.0066575985
2017-12-15,0.00018465478,0.00040606305,0.014284877,-0.012886174,-0.0019729992,0.012209422,0.0022988012,0.0006256291,0.008406008,-0.01590073,0.02618116,-0.006918911,-0.01590073,0.0032439951,0.019056667,0.017548392,0.08439654,-0.009226815,0.022742506,0.019274332
2017-12-18,0.006649969,-0.022782579,0.024224235,0.017691223,0.047019195,0.05256965,-0.01387132,-0.00011971463,0.005167569,0.012654584,0.008550091,0.0054945615,0.012654584,0.004016223,0.0033345267,-0.012758914,0.001251974,0.013963027,-0.0046075513,0.0033401037
2017-12-19,-0.009796504,0.0017125475,-0.021139363,0.008571547,0.009584718,-0.033173434,0.007825614,0.002474651,0.001543969,0.0015653552,-0.007514985,-0.02031731,0.0015653552,0.042436443,-0.00043807935,-0.03935868,0.038518876,0.026073739,0.015672956,0.001138531
2017-12-20,-0.009880471,0.018954445,-0.09286253,-0.019676432,-0.0012390518,-0.0129250875,0.0040765,-0.004554832,0.015384739,0.0056049414,-0.0078026485,-0.1079715,0.0056049414,0.002003311,0.0028361026,0.0033036645,-0.009322324,0.0074709216,0.006768598,-0.009713244
2017-12-21,0.0043711136,0.0111398995,-0.0046841884,0.02871658,0.019506894,0.019350009,0.008223573,-0.011757865,-0.0011394101,-0.00452426,0.035764437,0.013617487,-0.00452426,-0.003082606,0.008612158,0.07021094,0.0017442766,-7.6274104e-05,0.00091994874,0.018968508
2017-12-22,-0.0029181787,0.01168869,0.0,0.0019941942,0.01810994,-0.08947816,-0.0036567664,0.012487568,-0.011951338,0.008471006,-0.03288459,-0.0041737813,0.008471006,0.009145815,0.0014176915,-0.009270446,0.00017366302,0.007855684,0.0096500525,0.0035706777
2017-12-25,-0.00021473877,0.010279312,-0.030886576,-0.017854633,0.003686509,-0.031943258,-0.0036977916,0.017767766,0.010555364,0.004046745,0.0023207676,0.04344497,0.004046745,-0.0030948236,0.020801516,-0.0069155903,-0.02548606,0.002029331,-0.0023731943,0.009500937
2017-12-26,0.018070435,0.008589188,0.02764488,0.0055216914,0.0052891136,0.026580963,-0.018242367,-0.018765306,-0.0003188216,-0.001505334,0.02964141,0.0014109111,-0.001505334,0.01733148,-0.0049619353,0.009449464,0.03967603,-0.013885698,-0.005948254,0.014968067
2017-12-27,0.0087725,0.0010015821,-0.0026366739,-0.017846752,0.009549585,0.066719286,1.6205428e-05,-0.006528367,0.008803778,0.01237249,0.0055761742,0.010671442,0.01237249,0.009164053,0.009148466,-0.039960414,0.03142737,0.009124629,0.005325785,0.005280776
2017-12-28,-0.0009161528,0.00029854066,0.0075740875,-2.792465e-06,-0.0008072672,-0.0008974884,0.0011219443,0.016023649,0.004618188,-0.001467366,-0.011828381,-0.038167782,-0.001467366,-0.007367168,-0.012871838,0.024644842,0.0109365,0.00969882,-0.005342378,0.026951686
2017-12-29,0.0,0.013335208,0.05899177,0.00065867597,0.0020008553,0.03890177,0.027272312,0.003249494,0.011357348,0.0056342157,0.018316384,0.020057732,0.0056342157,0.018663475,0.010034767,0.0056288615,0.004911978,-0.0070688347,0.02237206,0.0040656733
2018-01-01,0.012841451,0.0051387595,0.034758497,-0.083372734,-0.020192288,0.008459176,0.00725656,-0.006913321,0.003921053,0.008474974,0.004555396,0.015888514,0.008474974,-0.015326818,-0.0033840619,0.010171052,0.027534258,0.02175845,0.0006090298,-0.018571882
2018-01-02,0.0050432254,-0.0036444275,-0.0020039876,0.009223945,0.0053344085,0.004304163,0.013446032,0.002039316,-0.0006017557,-0.020047944,0.0061078044,0.009973584,-0.020047944,0.0041552614,0.013202586,0.012659445,-0.0013989953,-0.007618121,0.024114033,0.018041525
2018-01-03,-0.015818762,0.014888783,-0.010037156,-0.0042145606,0.01600331,0.0040198397,0.0017035023,0.0025666514,0.008846831,0.01663914,-0.0034051563,-0.0002651852,0.01663914,0.011505222,0.008364691,-0.0055122343,0.0011902825,0.0206365,-0.022030436,0.022486288
2018-01-04,0.0049829646,2.804304e-05,0.04630121,0.017130492,2.3475846e-05,0.015483792,0.006071464,0.010059149,0.0035662248,-0.011764171,0.020461546,-0.00432615,-0.011764171,0.008846709,0.0040826653,0.02925606,0.019428948,0.010044519,-0.0004625734,0.021819256
2018-01-05,-0.008658598,0.005357077,0.014409989,0.02691162,0.0076312944,0.046294663,-0.013695603,0.021155505,0.0010276816,-0.0035126025,-0.016545037,0.042199925,-0.0035126025,-0.003157336,0.0034865332,0.029980602,-0.0072986525,-0.011276812,0.024037039,-0.0063192374
2018-01-08,0.004865601,0.007846657,0.014786445,-0.004412247,0.000682016,0.0032331557,-0.004798659,0.000373576,0.011440886,-0.0016631364,0.037663095,0.0068136016,-0.0016631364,-0.03205037,-0.00091959286,-0.020102724,-0.0022391372,0.017933175,0.003923509,0.010944535
2018-01-09,0.013288333,0.0043361317,-0.031754542,0.01845718,0.012946897,-0.009041015,-0.0052294345,0.009270499,-0.0021860013,0.008871554,-0.007072217,-0.018783215,0.008871554,-0.054978408,0.0321309,0.027061917,0.0,0.002097527,0.012782024,0.005571401
2018-01-10,0.026741326,0.017742658,0.009440628,-0.006152711,0.005481821,0.060642928,-0.010755312,-0.011391717,-0.0005845945,0.024046853,0.011010975,0.019516371,0.024046853,-0.012485475,0.004631318,-0.032687116,-0.01572763,-0.023395112,-0.00074531295,0.011600252
2018-01-11,-0.03181762,0.0065483777,0.0006259811,0.0019459038,-0.007888622,0.0121806385,0.013923922,-0.0032802313,0.0020567311,0.013841312,0.004864308,-0.0062628617,0.013841312,0.015599091,-0.007380684,-0.0015954525,0.005939067,0.020454308,0.010306317,-0.0065787104
2018-01-12,-0.008248583,-0.004442954,0.005894484,0.00077972235,0.011333029,0.013979372,-0.014314129,0.009110928,0.004231811,0.004610178,-0.0029547769,0.009869813,0.004610178,-0.0046656,-0.00531293,0.031460892,0.06830285,0.0065016956,-0.0047562835,-0.0083879875
2018-01-15,0.002097506,-0.009578847,0.0053429836,0.054497063,0.015962353,-0.14847906,0.011399502,0.0017682088,0.012361063,-0.0151002025,0.0050318395,0.02347237,-0.0151002025,0.010528144,0.0003132354,0.0091995,0.02587196,0.0019469938,-0.0013026189,0.015991937
2018-01-16,0.021675866,-0.010855077,0.009511052,0.0042290487,-0.0025172743,0.022012357,0.0038527425,-0.00023536017,0.0036466266,-0.030620012,0.012809285,-0.003906383,-0.030620012,-0.115014225,0.011288959,0.002593309,0.03794718,0.0,0.0128300795,0.015286241
2018-01-17,0.01360396,-0.022660015,-0.010703287,0.020846706,-0.00838995,-0.01996861,0.01240222,0.010766527,0.013221248,0.027112644,0.0048045395,-0.0024176007,0.027112644,-0.0077730357,-0.00065826427,0.014435795,0.020490123,0.011278984,0.003352266,-0.0021742594
2018-01-18,-0.00410773,0.0,-0.0063248766,0.04640072,0.015785074,-0.018675422,0.008894553,-0.008110591,-0.0034576894,0.0,0.011942479,0.017993247,0.0,0.016501827,0.0011516921,0.0059038824,0.0158658,0.0060351505,0.0069213696,-0.009106048
2018-01-19,0.023023382,0.002076789,0.032834414,-0.015783539,-0.019193185,0.043137033,0.02195383,-0.004082167,-0.003053208,-0.010505647,-0.0009467127,0.0069634584,-0.010505647,0.013684654,-0.00072512584,0.02026509,-0.020335676,-0.0016579538,0.00074812415,-0.009426926
2018-01-22,-0.03959568,-0.05871004,-0.00648632,0.03318484,-0.0004420778,0.024524277,-0.014882528,0.00031543645,0.003986414,0.03660512,0.008214109,0.0,0.03660512,0.05211107,-0.0056607956,0.0,-0.03190734,-0.0042965314,0.0018160224,0.01811237
2018-01-23,0.010632246,-0.00044144635,0.021352304,0.011918383,0.021681292,-0.0006216108,-0.00516393,0.023162935,0.011066272,0.0037383223,0.010650201,0.019445276,0.0037383223,0.029676853,0.012236115,0.018069848,0.037629217,0.0024139374,0.017231243,0.0100678895
2018-01-24,-0.0004678859,0.00956537,0.023262277,0.03315148,-6.9052796e-05,-0.01351059,0.023862474,-0.012759374,0.00027565903,0.015574773,0.00036838837,0.00645418,0.015574773,-0.010716488,-0.0039987406,-0.018200899,-0.020101197,0.0073479176,-0.0003208066,-0.004712086
2018-01-25,-0.022055762,0.025407994,-0.005992324,0.009220739,0.017930495,-0.14248706,0.00040280726,-0.0028057403,0.0062767924,0.013704061,-0.0007696453,-0.01931411,0.013704061,-0.0024687424,0.0069607096,0.031529326,0.026604839,-0.004688529,-0.0001958571,-0.0001961133
2018-01-26,0.027205862,0.010219021,0.027569395,-0.00052210444,0.0012747883,0.004240126,0.006763594,0.011593297,0.00982394,-0.0001943213,-0.00487345,0.0067792144,-0.0001943213,-0.006418952,0.010737328,-0.0035873533,-0.033165716,0.016543066,0.0069865277,0.0038205988
2018-01-29,0.006203062,0.0047537237,0.009117578,0.010805569,0.003255225,0.00771778,0.015753768,0.005137542,0.0020099594,0.0,0.011416472,0.016832117,0.0,0.0052425168,0.004759645,0.007669073,0.013913943,-0.03914307,0.0020049887,0.017916825
2018-01-30,-0.012126741,0.008395269,-0.032383695,0.006365974,0.0045725387,-0.01351859,0.01081847,0.02340579,0.012453981,-0.016686577,0.0017543695,0.0005155775,-0.016686577,-0.011933197,0.0148166325,-0.010090979,0.023769956,0.011974492,0.000610779,-0.022327663
2018-01-31,-0.00760834,-0.025003843,0.0017388539,-0.020381704,0.0017570606,-0.06645302,-0.0032973748,-0.014353063,0.008456247,0.009754462,0.0,0.018726217,0.009754462,0.042121857,0.015997024,0.011918722,-0.01495548,-0.005291042,0.0073239338,0.013251947
2018-02-01,0.0014862937,0.026333736,0.009211854,0.01883894,-0.005788143,0.024436204,0.0067760083,-0.015287078,0.0067111077,0.005766148,0.017762242,-0.0031399857,0.005766148,-0.024233054,-0.004184511,-0.012748733,-0.005035753,-0.010479907,-0.010725043,1.0010861e-05
2018-02-02,-0.0036657783,-0.025953036,0.009650219,-0.0079914965,0.0058074687,0.011858672,-0.0078833215,0.00013813951,0.0077130687,0.010408932,-0.033184752,-0.0031751713,0.010408932,0.047229186,0.00922021,0.004250704,0.013679432,-0.00034768856,-0.0038675,-0.019328587
2018-02-05,0.018696299,0.03070415,0.02106736,0.027572501,0.0018113509,0.011011229,-0.0022482434,0.01534317,-0.01273102,0.006571055,0.022795573,0.0112303505,0.006571055,-0.005783156,-0.001065904,0.0036307957,-0.0049344148,0.0042960146,-0.0037818502,0.0073983436
2018-02-06,-0.020654473,0.01763441,-0.018576872,-0.018338839,-0.0057990723,-0.012261018,0.0073774694,0.010543065,0.0014098954,-0.008790363,-0.004466382,0.0017534525,-0.008790363,0.0030664834,0.0,0.01682876,-0.0013189344,0.024497727,0.0,0.007662888
2018-02-07,0.03634991,0.0040194113,0.004111583,0.046806663,0.0014072872,-0.008159902,0.011064633,-0.01211944,0.0,-0.001140679,-0.018948002,0.0017771875,-0.001140679,-0.012936337,0.0,0.01024307,0.0072067375,-0.0011415698,-0.0144268265,0.01112691
2018-02-08,0.02059134,0.0,0.014308436,-0.02049542,0.002454983,0.07201656,0.014422712,-0.0065492466,0.0010393013,-0.006247242,0.0127789425,-0.010450457,-0.006247242,-0.0096622845,0.007188823,-0.05535019,0.016582813,0.0011586141,-0.00060194207,0.0
2018-02-09,0.011175615,0.0045580077,-0.00982924,0.00025629514,0.015025854,-0.010184662,0.014372157,0.008587436,-0.004506757,0.013673286,0.009318497,-0.036028244,0.013673286,-0.030705854,0.010942701,0.0065420466,-0.01537703,0.00077361177,0.0063455226,0.009157652
2018-02-12,-0.033608746,0.0,0.018507062,0.003202623,0.0054826783,-0.023064205,-0.0056136493,0.008413373,-0.010095032,0.015037573,0.01875121,0.026402207,0.015037573,0.024528774,-0.005095814,0.007821257,0.0074639143,-0.01055813,0.012040902,0.029247409
2018-02-13,-0.0041156476,-0.0037831876,0.0071792356,0.008310063,0.0,0.04327557,0.006400938,-0.008067412,0.0030467492,0.010282219,0.010198133,0.007641302,0.010282219,0.0064629978,0.0010065475,0.007424713,0.0104624815,-0.0048046242,0.0016008056,0.008574959
2018-02-14,0.008338193,0.023527563,0.023731714,0.010289416,-0.019099472,0.02644883,-0.009274667,0.012788729,0.0022529857,0.0119427135,-0.016427746,-0.024884822,0.0119427135,0.00085511274,0.004668066,-0.02640011,-0.0067564175,-0.035386156,-0.0036278663,-0.0052412753
2018-02-15,0.0036852814,0.009447397,0.0,-0.0230068,0.0057334746,-0.042574596,0.00473823,-0.008111525,-0.0178344,0.00014782467,0.013939544,0.023332767,0.00014782467,0.00854832,0.0015904706,0.007265956,0.0204077,0.020559875,0.013514013,-0.0017486444
2018-02-16,-0.0483653,0.025333988,0.003682472,0.005382082,-0.011969478,0.046109572,0.02257543,0.0033251715,0.011018347,-0.00248795,0.007789019,0.034071676,-0.00248795,0.019318776,0.0061752065,-0.013255331,-0.005220114,0.021097494,-0.0073059653,-0.012660658
2018-02-19,-0.036186676,0.0028571223,0.042707898,0.014201782,0.015606128,0.028596027,0.017059729,0.014644345,-0.001860021,0.0042050653,0.0055392194,0.020669887,0.0042050653,0.0031540736,0.0025716869,0.009509862,0.044914156,0.0052548735,0.0022839503,0.0060610683
2018-02-20,0.043491825,-0.01498952,-0.0057204063,0.022121828,0.008643121,0.07158316,-0.012002764,0.010312608,0.0014467622,0.010208106,0.006132029,0.0049743867,0.010208106,0.027379515,-0.015044851,0.0,0.0052568377,0.015741646,0.0073487386,0.018912261
2018-02-21,0.019958846,0.0045170113,0.0011841162,0.02716161,0.0054824324,0.009041201,0.0116994735,0.016968679,0.008217892,0.0013265607,0.004329686,0.0017496545,0.0013265607,0.0063747354,-0.0030549043,-0.025357751,-0.004849398,0.015622465,-0.0073637892,-0.006750281
2018-02-22,-0.018595947,-0.002161091,0.0012443427,-0.022163311,-0.012761459,0.009252021,0.00025467933,0.019449865,0.0057056425,-0.007034285,-0.022980424,0.012583671,-0.007034285,0.015543373,0.014437216,0.0032677941,0.012817123,-0.006315856,-0.006571634,-0.011690097
2018-02-23,0.023729086,-0.0059682075,0.00923158,0.016153203,0.013250517,-0.013152842,0.008439025,-0.0033196083,0.020200236,-0.003339155,-0.005622211,0.020581666,-0.003339155,-0.0015954534,0.009506514,-0.013329809,0.008957257,0.015785042,0.0053644143,-0.016205551
2018-02-26,0.0028843477,-0.010822204,0.011590425,-0.0078122644,-0.009371165,-0.010730584,0.0067725624,0.01829155,-0.00504921,-0.011566114,0.0025464066,-0.0077623087,-0.011566114,-0.014728829,-0.0053931824,-0.019356033,-0.031209953,-0.0032120394,0.003103448,0.003898963
2018-02-27,0.07244412,-0.012439914,0.0041298666,0.0015981034,0.00625953,0.0034593153,0.020573974,-0.0037822279,0.030318102,0.00434423,0.031104378,0.013695119,0.00434423,0.006603219,-0.024850704,-0.0062812385,0.07916414,0.015740436,0.016203173,-0.0063964687
2018-02-28,-0.014445212,0.0056027756,0.025915863,0.0026154052,0.014948663,0.06357273,-0.008104203,-0.0034458614,-0.020136818,0.008512701,-0.0077971444,0.0062277596,0.008512701,0.021149214,0.04625507,0.02393107,0.020221254,-0.0037616908,0.008449009,0.06417435
2018-03-01,0.005683262,0.0036645248,0.0,-0.12579484,0.028431471,0.016215617,0.012319602,-0.0015745695,0.027187293,0.02007087,0.018839646,-0.03713447,0.02007087,-0.013900702,0.015877288,0.0072096423,0.004287441,0.0,0.0011274258,-0.014680487
2018-03-02,0.011640774,0.018883191,0.0027266326,0.03557363,0.011436185,0.0047137146,-0.007092338,-0.038254336,0.0016443192,0.014270468,0.025054237,0.00475542,0.014270468,-0.0022176292,0.015589525,-0.023867842,-0.0023185152,-0.0010976186,-0.033118263,0.019268595
2018-03-05,0.012278102,0.005509825,0.002121864,0.04781403,0.017344337,-0.012316964,0.0,0.047931243,-0.005672209,0.022320475,0.00565626,-0.026579905,0.022320475,0.0020830631,0.007363087,-0.011983314,-0.123501465,0.010173087,0.0,-0.002217507
2018-03-06,-0.015666017,0.02224664,0.008210594,0.006993018,-0.0026273713,0.001790329,0.003899261,-0.0044646235,-0.0050735925,-0.012050937,0.021522926,0.0,-0.012050937,0.037781805,-0.0021760268,0.03580005,-0.03213113,-0.005044858,0.029862676,0.012467854
2018-03-07,-0.015049543,-0.018940372,-0.011222592,0.02735636,-0.017135412,0.061241176,0.0032888048,0.012135628,0.019068861,-0.015412692,0.016390007,0.012601273,-0.015412692,-0.03256717,0.018628545,0.03587851,0.022597075,0.01432492,0.02367575,0.037510354
2018-03-08,0.036056966,-0.0025246742,-0.0046302085,0.00011231065,0.00035198696,0.0039969897,-0.0009907921,0.014996295,0.028634658,-0.0004360786,-0.022280563,0.009437071,-0.0004360786,-0.015060133,-0.03363857,0.008537091,0.037450798,0.009315975,0.01243262,0.0005281102
2018-03-09,0.011577405,0.015947718,0.014246774,0.022918733,0.012071157,-0.005843898,0.0,0.02455954,-0.013805055,0.008075156,-0.008705533,0.015117912,0.008075156,0.020935109,0.023744814,-0.019418396,0.0018251443,0.00024114751,0.004675714,-0.006019437
2018-03-12,-0.0015525583,0.019395815,-0.011089806,-0.15121669,-0.008724028,0.005548969,-0.014647455,-0.044374462,-0.026800971,0.01160894,-0.00039630377,0.016020622,0.01160894,0.01739702,-0.0024018912,-0.0053192796,-0.026788414,0.017737798,0.010175728,0.010671864
2018-03-13,-0.016431395,-0.011366574,0.0,-0.007318864,0.008487389,0.0034144763,0.009105052,0.008937416,0.013681198,-0.006716026,-0.0026413826,-0.012054183,-0.006716026,0.024569282,0.008696745,0.016611436,0.026939485,-0.00058045035,0.008384534,0.036246303
2018-03-14,0.0047087874,-0.0113415895,0.008555811,-0.0068069263,0.0109869,0.013483213,0.0064839707,0.028438527,0.028929362,-0.015844198,0.0657447,-0.023391489,-0.015844198,-0.00861095,0.0023715687,-0.02497924,0.0008474855,0.008880033,-0.026683003,0.005834838
2018-03-15,0.036970034,0.04284733,0.013516688,0.022001268,-0.034821436,0.005489872,0.0030677477,0.011220445,0.015223632,0.03715875,-0.007284924,0.024081647,0.03715875,0.015883766,0.02598863,-0.021464793,0.005551364,0.014693529,-0.009440184,-0.0021600353
2018-03-16,0.0,-0.0011557468,0.0032818634,-0.000814849,-0.03341701,0.0022005364,0.007363301,-0.011335095,-0.00092433544,0.0061996384,0.022315616,0.0042317314,0.0061996384,-0.071159296,-0.010128095,0.0058084265,0.023797268,-0.018729052,0.010718595,-0.008700733
2018-03-19,0.007927066,0.008956143,-0.003224109,-0.0014635768,-0.016845845,0.027244564,0.0,0.007838207,0.04823861,0.0,0.01689862,0.010917058,0.0,0.0061130645,0.010674816,-0.0010482961,0.007754024,0.011574106,0.014248068,0.018941915
2018-03-20,0.0155474115,-0.00019133116,0.003283724,-0.023652267,0.030424193,0.008357533,0.006548813,0.038390167,-0.004151861,-0.0053856727,-0.039292455,0.0031533183,-0.0053856727,-0.010561391,0.020905612,0.0014295205,0.037269954,0.0038393466,0.0045621535,-0.012155396
2018-03-21,0.00037056662,0.0018187707,-0.009894498,0.010777163,0.011197346,0.036430355,-0.0055928575,-0.0021386289,0.0072916546,-0.0071924124,0.019197999,-0.0052192565,-0.0071924124,0.009301927,0.01438064,0.0058859144,0.006896546,0.00627934,0.021934653,0.03759834
2018-03-22,-0.0052654813,-0.0034876212,0.0044530956,0.002378984,0.0030652103,-0.019250747,-0.0014478512,-0.005843505,0.006650413,-0.030565573,-0.0021888604,0.017117634,-0.030565573,0.008979334,0.007898378,-0.002739067,-0.0037111924,0.008585371,-0.009441527,-0.0012564556
2018-03-23,0.014999787,0.024472281,0.0016753421,0.009839567,0.030407965,0.023637543,0.002918334,-0.005418713,0.010771338,0.0075392476,0.013204139,0.008546361,0.0075392476,0.00014701254,0.0057817413,0.007008701,0.011555625,0.004888849,-0.009401712,0.013106698
2018-03-26,0.010971641,-0.0053659272,-0.0022932729,0.009074212,0.009813404,-0.028956018,-0.0058041643,0.00663574,0.009398197,-0.034389287,-0.021915577,-0.015214916,-0.034389287,0.06296902,0.0007607875,-0.0007856087,0.006241031,0.011105855,0.0020035848,0.0073465537
2018-03-27,0.027459612,-0.0057834154,-0.00086914725,0.009915606,0.0,-0.0017037964,0.008791572,-0.019574203,0.0055040144,0.02821708,0.046755135,0.0019787329,0.02821708,0.0017649549,0.0152784465,0.0058559165,-0.0016238781,0.018023701,0.022395883,0.0038296345
2018-03-28,-0.024745747,0.02939011,0.014967679,-0.017302468,0.059249334,-0.01914408,-0.006881932,0.008326434,0.015960043,0.001681242,-0.004181085,0.0033842376,0.001681242,0.031484287,0.018711356,0.014738638,0.007186672,-0.04152996,0.0049194903,0.0051839086
2018-03-29,0.017886657,0.0006135518,0.010711294,0.008843719,-0.007138867,0.0036050759,0.017075554,0.08254078,-0.020885205,0.020840188,-0.02218128,-0.028885888,0.020840188,0.010589342,0.0099271005,0.039012853,0.00047732165,-0.006414412,-0.005732338,-0.00506753
2018-03-30,0.012173366,-0.018789481,0.0,0.022553211,0.027163919,-0.0110233305,-0.0020101506,-0.014183951,-0.00082889246,0.005182532,-0.0047320044,-0.004802365,0.005182532,-0.028933508,-0.019140622,-0.007441692,0.008779663,0.00939053,0.018127117,-0.0012475352
2018-04-02,0.0073587894,0.034436863,0.0,0.0012508521,-0.009084511,-0.02808003,0.018206479,0.005843673,0.026341293,0.004713297,-0.006850784,0.0,0.004713297,-0.02986865,0.019835569,-0.015538876,-0.014504542,7.369132e-05,0.016757717,0.01494173
2018-04-03,-0.0075687915,-0.001605026,0.014819971,0.045555435,0.021914938,0.06958656,-0.009733354,0.0009122387,-0.0064980513,0.03435005,-0.031866517,0.014289506,0.03435005,0.030495886,0.0063059665,0.025918035,-0.0010561992,0.009252852,0.0042980625,0.020943254
2018-04-04,0.009593432,-0.000152518,0.0049838037,-0.009361724,-0.010045588,0.007194598,0.0008098196,0.014852213,0.021765292,0.0015245966,0.027004275,0.0,0.0015245966,-0.017202597,0.011152572,-0.0075468565,-0.0021326512,0.011584303,0.008542012,0.01749091
2018-04-05,-0.020285973,0.008310879,-0.0052443566,0.017398564,-0.03298948,0.0056654788,0.0045115645,-0.04440146,0.0094240755,0.006828924,0.005699827,0.02172483,0.006828924,0.015667267,0.017557934,0.02016426,0.011271678,0.012977999,-0.007261584,0.019792078
2018-04-06,0.026698621,-0.0024374349,0.005768991,-0.0034120616,0.004479324,0.02379972,0.017316883,0.01200201,0.015278624,0.006858518,0.00060020457,0.025416821,0.006858518,0.014016515,-0.002558657,0.0050638597,0.013080579,0.010459591,0.0,-0.0035880455
2018-04-09,-0.034445558,-0.015379758,0.001244768,0.024296224,0.011875494,-0.010214282,0.00056276016,0.017353557,-0.03781739,0.026255598,-0.14571227,-0.012823894,0.026255598,-0.050963026,0.0051019425,0.013353924,0.029315487,-0.052494206,0.017518342,0.021149594
2018-04-10,-0.006480831,0.035254862,0.01496812,0.015839932,-0.003087475,0.012836553,0.007532139,0.016942024,-0.01087066,0.0,0.007624101,0.028967248,0.0,-0.010379895,-0.009841107,0.0043246294,0.03762154,0.013173468,-0.010460451,0.0029769642
2018-04-11,-0.016822953,0.010388873,0.015879596,0.0,-0.009516108,-0.010102757,0.0,0.0029147593,0.005630205,0.0,0.00040901292,0.016454853,0.0,0.0031917493,0.010244094,-0.010535517,-0.014667926,-0.0026944438,0.00822784,-0.015389937
2018-04-12,-0.02866348,-0.0019285221,0.0016371448,-0.0120210415,0.07127849,0.004324039,-0.0021735528,0.041648038,0.0016623854,0.018320384,0.013130917,-0.0024065077,0.018320384,0.023944398,0.046946723,-0.004911644,0.008937122,0.013174777,0.0015446981,0.0119604245
2018-04-13,-0.00463574,0.062147796,-0.004085989,0.0242575,0.047700737,0.037205532,0.017681073,-0.012788305,0.01902947,0.005298546,0.026466275,0.004334971,0.005298546,0.05765412,0.011196499,0.012383755,-0.012487954,-0.019329976,0.009994556,-0.041156452
2018-04-16,-0.011159203,0.0013640096,-0.015345036,0.015947053,-0.017780297,-0.0038533313,-0.002352183,0.010548382,0.0,0.007559307,-0.0023561928,0.0005901336,0.007559307,-0.02970851,-0.00022891811,0.02630964,0.07878576,0.0018001236,0.0061184624,0.05984956
2018-04-17,0.020530166,0.024170948,0.015181987,0.010895521,0.02596253,0.01727452,-0.012430075,0.0,-0.011940258,0.00134478,-0.025767649,0.012113931,0.00134478,0.02343038,0.002768776,-0.022261633,-0.021832407,0.014984136,-0.039907854,-0.0018192547
2018-04-18,0.0024898662,-0.007690564,-0.012332411,-0.004625794,-0.0037541592,0.011701957,0.017471608,0.007738025,-0.00988914,0.017035266,0.012771448,-0.006296101,0.017035266,-0.018504508,-0.0075479415,-0.001980858,-0.005999992,0.023765549,0.027294159,-0.033333782
2018-04-19,0.0078116525,0.012892016,0.017174266,-0.0068136905,0.0,0.02272947,-0.023597537,0.008078846,0.014280071,0.016994907,0.017939895,0.01775213,0.016994907,0.018766522,0.019655902,0.011049219,-0.004577266,0.010364509,-0.014841247,-0.006918134
2018-04-20,-0.019283947,0.013626376,0.0065965606,0.0,0.008477312,-0.0012114788,0.03242446,0.0118325595,-0.026423536,0.007828017,-0.11208739,0.013047575,0.007828017,0.017493991,0.017493473,0.015016488,0.03852037,-0.00024310205,-0.011591755,0.027382804
2018-04-23,0.0365736,0.011396173,0.0,-0.00037150746,-0.009398055,0.003889653,-0.021779459,-0.014221484,0.061232615,0.0050541614,0.008547441,-0.013508212,0.0050541614,0.014375373,0.028313287,0.016197085,-0.06775692,0.010279907,0.010827487,0.0112543795
2018-04-24,0.011142195,0.01744302,0.0021655238,0.0031797825,0.026029626,-0.010791724,0.038461525,0.004326358,0.017098567,0.0037679381,0.00973225,0.01930748,0.0037679381,0.0051428727,-0.022222191,0.0069587757,0.029238293,-0.0021416184,0.0037949868,-0.00082616345
2018-04-25,0.021327833,-0.0031017964,0.0,0.004527141,-0.0030057433,0.0147022465,0.0017277899,-0.016748529,0.006083123,0.017360983,-0.0059216022,0.020688213,0.017360983,-0.002967373,-0.0057736244,0.0,0.0011391906,0.0018636131,-0.014507483,-0.030165298
2018-04-26,0.0012749092,0.026286548,0.0016534255,-0.0019640909,0.013283459,0.0007766108,0.027161725,0.020113016,0.0036782958,-0.012830162,0.003453677,0.00017899647,-0.012830162,0.019794904,-0.028156852,0.0015173631,-0.014531208,0.004679225,-0.016248882,0.038889825
2018-04-27,-0.00770189,-0.015316392,0.013606545,-0.007528194,-0.007825447,-0.02485745,0.004663673,0.00444733,0.0111660035,0.008502015,0.012678889,-0.00456734,0.008502015,0.009072112,0.0110690305,0.0039047096,0.019421684,0.0,0.015930727,0.0061795455
2018-04-30,0.00043818986,0.0,-0.008401418,0.002966109,0.008658595,-0.012266928,0.004168009,0.015182389,-0.0022028352,0.0123715075,-0.021233749,-0.011327879,0.0123715075,0.019354241,-0.026783755,-0.0076015526,-0.0145030925,0.014416604,0.0034436928,0.025279628
2018-05-01,0.015938058,-0.006070585,0.0077238595,0.00039645704,-0.007195308,-0.025060125,-0.038871545,0.008578268,-0.035475034,-0.004343622,-0.030625062,0.022163175,-0.004343622,-0.0030276321,0.009672841,0.00802308,0.008435991,0.00810112,0.008210146,0.039222296
2018-05-02,0.002724835,0.0034063417,-0.00032539625,0.01817582,0.0015113592,-0.014532738,0.01235405,-0.037831843,0.060961463,0.02361173,0.043083467,0.015570525,0.02361173,0.003301285,0.04662111,0.004800572,0.027250435,0.010279035,0.018891023,0.0028653834
2018-05-03,-0.0089618005,0.0015765583,0.019020805,0.01242751,0.019497138,-0.014627675,-0.005691295,0.017112678,-0.011771936,-0.010025369,-0.015023741,-0.019481845,-0.010025369,0.011234325,-0.15200725,-0.0012613641,-0.006303605,0.010092494,0.014727923,0.0032254371
2018-05-04,0.05253068,0.017328804,0.0018544084,0.005989493,0.021350553,0.047577523,-0.0018125464,-0.0140074,-0.0115327025,-0.0034972792,0.010320517,0.019692771,-0.0034972792,0.0033950622,0.06617327,-0.012739082,0.018891048,0.0013182164,0.003256509,0.014064381
2018-05-07,-0.048353184,0.029448431,0.019314827,-0.011668131,0.02582208,0.0077663446,-0.027169483,0.02257476,0.025621582,-0.005624639,0.02886321,0.010522723,-0.005624639,0.020664511,0.025723053,0.0061423476,0.0054925582,0.013504273,0.016678568,0.008996578
2018-05-08,-0.016968526,0.0,0.0031944606,-0.036877424,-0.019331153,0.022276433,0.023701254,0.0025512436,0.013707629,0.021384872,-0.054023564,0.022792242,0.021384872,0.0037133342,0.009127062,-0.0036498352,-0.02685205,-0.004746216,-0.0032759174,-0.015837582
2018-05-09,0.027949136,0.008158061,0.007291819,0.027162658,-0.013978188,0.021536537,0.0013812245,0.01657174,0.0021098906,0.008063678,-0.02048796,-1.6182363e-06,0.008063678,-0.011878366,0.005499342,0.010257668,0.018076036,0.020737398,0.00076078053,0.016053455
2018-05-10,0.019393701,-0.006201973,0.006992691,0.0002467435,0.015788414,0.014521323,0.008514319,0.016698422,-0.0005132394,0.00890465,-0.046668515,0.005695867,0.00890465,-0.0017968524,0.014198505,-0.009057199,-0.023293199,-0.01429415,0.013184446,0.022408536
2018-05-11,0.06066444,0.024370594,-0.010180089,0.0013011724,0.017973734,-0.0032941543,0.0,0.013587165,-0.023497289,-0.01976614,0.021373374,0.016613128,-0.01976614,0.0048834584,0.021334046,0.0034631565,0.047159467,-0.0028426144,0.010958069,-0.021580521
2018-05-14,-0.006569682,-0.007168669,8.8547255e-05,-0.019142251,-0.0042757303,-0.000839524,0.0021396058,0.009623213,0.050889906,0.009381128,-0.012588654,0.008174828,0.009381128,0.011692198,-0.009483516,-0.0047590565,0.02228329,0.01264631,-0.0044576926,0.0063975705
2018-05-15,0.008380296,0.0041146767,-0.0016297468,0.037601482,0.010515332,0.010280551,0.0,-0.0024992218,0.017761651,0.0,-0.006295114,0.015876018,0.0,-0.005500408,0.0072809537,0.01278225,-0.016673783,0.012840278,-0.0052542356,0.0144014945
2018-05-16,0.009684111,-0.0036546588,0.0,-0.009501679,0.008287168,0.0,0.017321782,-0.0035230322,0.009228539,-0.003119614,0.0152217755,-0.0053117084,-0.003119614,-0.029383777,-0.005045642,-0.00044015137,0.008283692,0.010663323,0.0020666746,0.015509845
2018-05-17,0.007517528,0.01370638,0.005378729,0.013004112,0.027121343,-0.0046070963,-0.0037588482,0.023729552,0.003001398,0.012287956,-0.010282234,0.011348341,0.012287956,0.013628455,0.009058365,0.016676854,-0.019806935,0.009902145,-0.0018407097,0.01567993
2018-05-18,0.004851872,0.000439855,-0.0056892913,-0.0021753053,-0.00285258,0.007230735,-0.0035554955,0.0,0.01713278,0.0036298616,-0.020628808,-0.00168797,0.0036298616,0.02749868,-0.00012359413,-0.012061629,-0.0054698614,0.014975256,0.011438486,0.0026655537
2018-05-21,0.0028343755,-0.0068806186,-0.019629683,0.023965372,0.02374116,0.011052744,0.009854926,0.006997577,0.009761324,-0.026970781,0.042745907,0.007539582,-0.026970781,0.01039724,0.002037946,0.003743762,0.06375816,0.010370681,-0.008111866,-0.013279078
2018-05-22,-0.0058242166,0.05538453,0.0,-0.03329349,0.022355862,0.01658654,0.0017416149,0.014392844,-0.00011582897,0.02498165,0.020030098,0.009392373,0.02498165,0.010399726,0.021806875,0.018141137,-0.0040473924,-0.019062089,0.008587271,-0.020811748
2018-05-23,0.0,-0.006962596,-0.006650092,0.008047253,-0.0008091085,0.0,0.020479646,0.015195562,0.001744202,0.01133372,-0.018012432,-0.01901514,0.01133372,0.02977285,0.006921091,0.0013082245,0.009089815,0.008536126,0.0146468785,0.004881784
2018-05-24,0.00021313524,-0.0039956425,-0.031905264,-0.0028976416,0.013521289,0.0,-0.008758118,-0.0070847976,-0.0125458725,0.014506961,0.05548485,0.00027914936,0.014506961,-0.0010727281,-0.012225007,-0.0063335,0.023127735,0.005553577,0.003166392,0.04259901
2018-05-25,-0.0011439904,0.016187109,-0.030678792,0.029938685,-0.0101769455,0.039210677,0.011075112,-0.0050060325,0.027352657,-0.009892021,-0.03286085,0.0038517972,-0.009892021,0.026942734,0.0031996267,0.003544884,0.028352367,-0.00314078,0.019076329,-0.013346712
2018-05-28,0.0015395769,0.021497764,-0.021167252,0.010980062,-0.0015871353,0.009157559,0.03070117,0.00867949,-0.005977437,-0.004536053,0.02213674,-0.0030488765,-0.051573273,0.012611943,-0.024703305,0.005792606,0.030837698,0.0,0.00028729823,0.025128266
2018-05-29,0.022478757,0.005261695,0.021716395,0.004814455,0.0126639735,-0.0040791743,0.011949811,0.025581712,0.03655563,0.021404715,0.0035237884,-0.003099385,-0.00473618,0.008301983,0.011440986,0.0182834,0.010229116,-0.010158064,0.04074945,0.0
2018-05-30,0.024487348,0.029817332,0.021891963,-0.0073155086,0.010263078,0.04252002,0.0025935369,-0.0072115576,0.010498732,-0.01709391,0.0034484197,0.0003399681,0.00054688036,0.011866444,0.0027203255,0.0030677945,0.011327114,0.0075887265,-0.0032573927,-0.053801745
2018-05-31,0.02298942,-0.024890937,-0.08725211,0.007986201,0.03044612,-0.038983565,0.00396672,-0.013122763,0.006372532,0.0006898788,-0.014272935,0.0013848939,0.045635737,-0.028003367,0.03636426,-0.027356256,0.008693954,0.0017488318,0.0040377015,0.010663474
2018-06-01,0.016643783,0.0036082133,-0.004344471,-0.0019780956,0.0013983769,0.029672172,-0.00719127,0.0010307938,-0.054703224,0.012593723,0.01100893,0.0,0.023730012,0.0,-0.039277583,0.031063087,0.024146214,0.0050400808,-0.0043886234,0.001746788
2018-06-04,0.012201143,-0.00432908,-0.018981775,-0.007556084,0.026120938,0.0060218405,-0.0043243724,0.033247694,-0.0012431843,-0.012889388,0.022879887,0.0075405985,0.02263188,-0.012333565,0.06403677,-0.03028298,0.0035113017,0.0015439679,-0.0041226796,0.020699035
2018-06-05,-0.016613195,-0.0015939067,-0.15205306,-0.014326267,-7.683853e-05,0.012001419,0.0047810758,-0.00093941344,0.028468342,-0.019895732,0.0032628614,0.01635915,0.022221657,-0.014764275,0.020245416,-0.006480951,0.01061675,-0.00015390496,0.059972517,0.00026259103
2018-06-06,-0.008115883,-0.009072504,0.033448014,0.020448523,-0.002349121,-0.025683807,0.0032678677,0.0025113968,-0.0017202662,0.02069408,0.010638096,-0.004711582,0.014554294,0.020970905,-0.037069995,-0.0010700764,-0.0049384786,0.001709373,0.01413391,0.009501838
2018-06-07,-0.021172093,0.00017072864,-0.01355386,0.024750022,-0.0046746517,0.0012304424,0.0012080088,0.033272,0.0033400191,-0.013545211,-0.0053288387,-0.002583967,-0.018540848,-0.0074032214,-0.013242766,-0.012472477,0.015685814,0.0067854463,-0.01533073,0.0034604156
2018-06-08,0.01761223,-0.001782212,0.027023483,-0.0065629715,-0.011687693,0.04569382,-0.0023228284,0.0061774864,0.012588253,-0.00959771,-0.023263872,-0.0030163706,0.010196275,0.022725053,0.0062474087,0.005041757,-0.0050806343,-0.0046185968,0.013271855,0.023554983
2018-06-11,0.0020774745,0.017926121,-0.015793135,0.004310326,0.015838224,0.02914803,0.048213247,0.019819863,0.024119634,0.022488868,-0.007952423,0.014477944,0.0013569373,0.006532961,0.016398052,-0.0012098,0.0020614064,0.0018786306,0.015725134,-0.013988326
2018-06-12,0.0176613,0.0007689601,0.007046849,0.017966656,0.008064665,0.0,-0.016814299,-0.0006843343,-0.012722281,-0.012951411,0.0032596355,0.0055858176,0.017097967,0.01079572,-0.01990739,0.006933341,0.0053495374,0.0019989903,-0.018692577,0.016159598
2018-06-13,-0.0052346387,-0.0040708245,0.0032438065,0.008236444,0.011004179,0.01555706,0.003052105,0.002729125,0.0,0.064551674,0.01789331,0.0032726713,0.011124687,0.017500803,0.01778225,0.009252052,-0.015270131,0.0063335383,0.03496023,0.010729167
2018-06-14,0.032885186,-0.0048567257,-0.0013351826,0.010090369,-0.0013568016,-0.0021394137,-0.00042492477,0.008629065,0.0,-0.021074414,-0.0023948553,0.0038507525,-0.017759582,-0.0042105047,-0.000184031,0.012265763,0.014081587,-0.022161646,0.01647295,0.004864228
2018-06-15,0.0018284321,0.009711299,0.053910103,0.015152335,-0.0036564795,-0.041617393,-0.017191917,0.015426597,0.013188707,0.0,0.0072877747,-0.003978843,0.011603998,0.0038962485,0.0034796384,0.011855239,0.0017689008,0.009930825,-0.025440995,0.0
2018-06-18,0.021919705,0.0014491238,0.011053096,0.0012249261,-0.0041059796,-0.005139469,0.0013647457,-0.015450818,0.006620105,0.005841037,0.008372059,-0.00060615106,0.008389187,-0.024008874,0.011192952,0.0095716175,0.0079177,0.0131708095,-0.005060802,0.015449156
2018-06-19,0.00139789,-0.015388041,0.033182885,-0.013331008,0.0075765876,0.028918125,-0.010810836,0.017499384,0.0031987345,0.0,0.0052555087,0.034095168,0.0115510095,0.017931769,-0.016534183,0.00036044477,-0.00079993985,0.0051901904,0.035438724,0.0055885594
2018-06-20,0.005455502,-0.0013363367,0.0,0.015350568,0.0011557946,0.022332277,-0.041405886,0.0006766481,-0.008727724,-0.0066752844,0.008026964,0.011274752,0.007489416,-0.026607286,0.009139203,0.0022324384,0.010743512,0.0003136131,-0.0128468685,-0.020197734
2018-06-21,0.0050233332,-0.0027136304,0.045788568,0.0005337138,-0.015703589,0.008320222,0.018487258,0.0001032334,0.012850351,-0.042469375,0.0011927518,0.015775003,-0.0017015076,0.0300047,0.057541877,0.012359234,0.0042936467,-0.001553858,-0.015364861,-0.01782386
2018-06-22,0.017451247,0.018718014,-0.005166204,0.005426995,0.0047862697,-0.0051290407,0.013479187,0.011635995,-0.020123728,-0.0018894747,0.008033203,0.005632349,0.0013817296,0.022100119,-0.012837499,0.019039216,-0.033045582,0.003900549,-0.012955638,0.020051004
2018-06-25,0.023865268,-0.02802053,0.026127558,-0.013799817,-0.0023369158,-0.022537082,0.0066088843,-0.02638004,0.017506871,0.004684129,0.004137861,0.0007063049,-0.017087227,0.012342188,-0.0029328188,0.022411335,0.033632424,-0.016046228,0.013044271,-0.0023807955
2018-06-26,0.0019615605,0.029514432,0.019810805,0.014340714,-0.0019944394,0.027357567,-0.025291154,0.004525014,-0.015010227,-0.006832751,0.015461085,-0.00132497,-0.020093374,0.0,-0.009849305,-0.009259998,0.010055934,-0.0023170437,-0.026683765,0.0041177208
2018-06-27,-0.0019689344,0.0029109723,0.017863786,0.0067706443,-0.038475644,0.012436109,0.025121318,-0.016679231,0.018827574,0.011125398,0.0082933055,0.004076266,-0.0042252555,-0.0009312433,-0.007434706,-0.017086599,-0.0057200445,0.0023115012,0.072933845,0.025585407
2018-06-28,-0.0654152,-0.012213615,0.0040738974,0.007960484,0.015979854,-0.0055001862,-0.007995223,0.0021640745,0.022576738,-0.02375229,-0.0006713663,0.0032537468,0.027984846,0.004843161,-0.0049329186,-0.0024137099,0.014246938,0.008786904,-0.009209561,0.0017419579
2018-06-29,-0.021529358,0.017981527,0.015410478,0.005054982,-0.002979594,0.011151133,-0.017094536,-0.012142706,0.008522632,0.02344538,-0.006965371,0.020440672,0.0050902474,0.0056723547,-0.01933622,0.023553122,0.007834511,0.0012749657,0.0020654453,0.026147848
2018-07-02,0.012662688,0.017307227,0.0020715236,0.004854407,-0.0032902653,0.020024184,0.009698106,-0.0016611933,-6.310368e-05,0.015447572,-0.014454998,-0.02976031,0.010557299,-0.013882232,0.029653111,0.009529374,0.005754805,0.007569552,0.010397575,-0.016388444
2018-07-03,0.009894273,0.00032553446,-0.005683972,0.012285039,0.008242735,0.0043700607,-0.012553927,-0.0034110546,0.0077133067,-0.019772325,0.016243545,0.0015671883,0.0047951723,-0.033297207,0.017787473,0.015449397,0.005835127,0.00261148,-0.017138695,-0.040220827
2018-07-04,-0.01655389,0.01078586,-0.12273604,-0.015232031,-0.03171739,0.0020667033,-0.007944972,-0.019144723,-0.025076175,0.026331605,-0.021887904,-0.0010537943,0.0009628305,0.03461373,0.032020412,-0.000657955,0.0083353985,-0.00262107,0.014154688,0.0095441155
2018-07-05,-0.004050781,0.010690256,0.035056956,0.009683119,0.013098918,-0.0382443,0.04079131,0.028228754,0.009591187,0.026311401,-0.0073222998,0.005752039,0.0013665266,-0.016064258,-0.0019757156,-0.014039473,0.001989103,0.0074392357,0.012911976,-0.0034862212
2018-07-06,0.0137698855,-0.009389508,-0.009101998,0.004365789,0.01645145,0.008242889,-0.00042341638,0.0077343527,-0.00092283974,-0.013540508,0.023385763,-0.005777164,0.0017927116,0.022556653,-0.00607657,0.018160455,0.011566264,0.0017065012,0.016411785,0.016765017
2018-07-09,-0.016459119,-0.00086845073,0.0032915438,-0.009236657,0.005207482,0.0019723005,-0.0022129864,-0.015256562,0.0,-0.0010061011,-0.019628583,0.013948283,-0.0022167093,0.01178871,0.053651698,0.020898646,-0.017727843,-0.010825112,-0.00034973014,0.023726294
2018-07-10,0.015136796,0.0009866462,-0.031047627,-0.05650293,-0.00399467,0.0021211018,0.06294503,0.007718017,0.0075761727,-0.055586338,0.018975882,0.018451,-0.012405314,-0.0112998625,0.0029119842,0.011145536,-0.010440182,-0.0020023927,0.0049851923,-0.0035504166
2018-07-11,0.0073503354,0.013439035,0.0044018845,-0.013221594,0.014355916,-0.017321518,0.00092616805,0.025587248,0.02396483,0.013476627,0.009360977,0.0014518652,0.031456638,-4.593692e-05,-0.0053449385,0.0052731135,0.023741666,0.0033219438,0.03562911,0.0
2018-07-12,-0.07045996,0.0077486765,0.021922491,0.007434268,0.01163289,0.010755933,-0.072136454,0.022490464,0.024649147,-0.13429122,-0.019017575,-0.07767235,-0.0013648898,0.026092319,0.021921957,0.0026023984,-0.057307206,0.0054461802,0.009024523,0.0
2018-07-13,-0.019775886,-0.02989101,0.000625032,-0.020131325,0.0047569266,0.009809506,0.021295153,-0.0030658382,-0.00936401,0.067859225,0.010901259,0.002231778,-0.0056407633,-0.00890251,0.018977292,-0.019847324,0.019910421,-0.002289111,0.011587654,-0.0017542476
2018-07-16,-0.15297252,0.005381522,-0.020129776,0.021788904,-0.0001192227,-0.0014739715,0.0051821717,0.0020807516,0.022701183,0.0085428655,0.020336902,-0.004468098,0.027134646,0.023637312,-0.033461224,-0.006879499,-0.020491445,-0.01536821,0.015158248,0.029439444
2018-07-17,0.014508166,0.019492429,0.020826844,-0.0013857748,-0.030490555,-0.0014072953,-0.013340854,0.0018194548,0.005774342,0.009730792,-0.020972583,0.027133841,-0.012444776,0.0036072284,0.022299191,0.008657408,0.0075744167,0.009122827,0.012533854,0.014494307
2018-07-18,0.029109957,0.0,-0.00025973262,-0.007860434,0.029489387,0.029731244,0.039420627,0.0027797746,0.0043207593,0.06434574,0.004732859,0.010932897,0.015117338,0.015931163,-0.0052756486,0.0042685103,0.016377088,0.0032240765,0.0016809026,-0.005063696
2018-07-19,-0.009293153,0.017660974,-0.0036382847,0.01936353,0.0040185777,-0.005186245,0.017677855,0.037520986,0.024627402,0.013496644,0.0075973826,0.021498669,0.019927708,-0.0013688968,0.00013967018,0.011370645,-0.0048029264,0.009107324,0.0,0.0092842365
2018-07-20,0.03329755,-0.027018318,0.005669289,0.004195881,0.027269853,0.012592896,0.004066737,-0.01702485,-0.0040057297,0.0059333146,-0.0073068,0.00038004003,0.028538235,-0.02226808,0.018016243,0.0046750708,0.013346915,0.0012965088,0.004810175,-0.01937167
2018-07-23,-0.0052420804,0.025275458,0.0074895145,0.007942588,0.0003040771,0.036475405,0.073123395,0.019999865,0.027090674,0.012346777,0.0006458084,0.023782464,0.018410115,0.038907424,-0.019190462,0.013669386,0.0012257262,0.0028182438,0.0029573822,0.028982513
2018-07-24,0.008540552,0.0069666584,-0.010588088,0.015015231,0.011047881,0.015690207,0.019265216,0.011219812,-0.0069436845,0.016186342,0.04093273,-0.02145083,-0.009709244,0.007470979,0.039726734,0.0027483567,0.010451804,0.008893155,0.0055259927,0.018878309
2018-07-25,0.008013719,0.017868616,0.0032813102,0.00077951135,0.0062985257,0.0023487809,0.00977372,-0.0045566815,0.0133017,-0.02600363,0.02366343,0.008079266,-0.013114536,0.0028455935,0.021440005,0.018951856,-0.012188296,-0.0015327266,0.028267618,0.017570557
2018-07-26,0.029804325,-0.0117592,-0.004708419,-0.002221981,0.0031546967,-0.019722402,-0.019451702,0.021482756,0.017921481,0.009780696,-0.0038808042,-0.0008773876,0.0076515647,0.02256024,0.012966569,0.011812898,0.0061723744,0.0031401212,0.022642018,0.010621025
2018-07-27,6.5348954e-06,0.0012174529,0.010977194,0.00081873883,-0.023137284,0.03566898,-0.02061559,-0.0050301263,0.013602977,0.00703508,0.019970596,0.016918562,0.013059669,0.012472352,0.0,0.0004258135,0.014272157,0.00096077425,0.01550241,-0.010604761
2018-07-30,-0.0049456167,-0.014608969,0.016383411,-0.0023098795,0.017108524,0.0012013351,-0.00434107,0.01153765,-0.015737081,0.00030944258,0.012922543,-0.024599228,0.013328321,0.012572785,0.011942123,0.00680107,-0.018967383,0.009298474,-0.0004989924,0.002199182
2018-07-31,0.0089104595,0.014382948,-0.0100805145,0.008808794,0.014119899,-0.0075474787,0.047515944,0.0078041283,0.024607945,0.006132654,-0.004926437,0.02691764,-0.009223636,-0.0041180137,0.010103175,-0.0047375355,0.010056401,-0.0025337897,0.011837498,0.04565924
2018-08-01,0.009103525,0.016115751,0.0050285775,0.0113100335,-0.01820499,0.01796346,0.0,0.0031291733,0.013321625,-0.00046565206,0.014179578,-0.026264653,0.016821384,0.009411814,0.017940043,-0.0035371003,0.0046244008,-0.008220341,-0.011239678,-0.018046856
2018-08-02,0.015429003,-0.0014032522,0.012100902,0.0006271834,0.0038622092,0.018819306,0.011069037,-0.009250473,-0.012688383,-0.001331394,0.0036632002,0.038102392,-0.0032926912,0.009171092,0.0061056158,0.014300742,0.010428993,0.0122558605,-0.057650276,0.00014739772
2018-08-03,-0.0061116205,0.0099113425,0.0,0.0018752139,0.0029193596,0.021714134,-0.12016733,0.0056755757,0.008467454,-0.014549116,-0.020180032,0.015954943,-0.03209252,-0.0032498632,0.013226461,-0.009370273,0.019672114,0.0004718765,0.0036092817,0.015648155
2018-08-06,-0.004135269,0.004876892,-0.0020715483,0.0001559328,0.013247589,0.007570191,0.006643198,0.00854395,0.017533034,0.004502745,0.015701175,0.0042765066,0.02721541,0.0016610705,0.013619996,-0.00658355,-0.007521345,0.0069267345,0.03842453,-0.03600848
2018-08-07,0.017501282,-0.0044181445,0.0108467685,0.00022333069,0.022151656,-0.019978998,-0.005675787,-0.0041279574,-0.0057966984,0.01596515,0.0010941352,0.012373325,0.0035010176,-0.0056063347,-0.002546806,0.010852049,0.0079898825,0.006187034,-0.013969566,0.025704455
2018-08-08,0.041206185,0.010283562,0.00075184595,0.011947975,0.003352706,-0.0009999688,0.03455082,0.015062631,0.0048900894,0.03784081,0.031695694,-0.020073261,0.0023318625,0.0025364575,-0.0049290936,-0.003719952,-0.00016079299,0.0028167565,-0.008976517,0.025731532
2018-08-09,-0.011602261,0.003691602,0.014547478,0.013657775,0.036248416,0.0034168782,-0.01270985,0.0002643982,-0.005093782,0.008190062,-0.04022429,0.00827465,-0.008725284,-0.0018250277,0.0031805767,0.0022188858,-0.0012838739,0.00766906,0.0080186725,-0.012647483
2018-08-10,0.008651258,-0.007449336,0.005146515,-0.00085712195,0.0018492033,0.0055270437,0.07156588,0.0008864673,-0.008381596,-0.020113364,-0.087682895,0.011805886,0.016736217,0.00322305,0.015079378,-0.017509015,0.0038525423,0.002365529,-0.005274652,0.00062797044
2018-08-13,0.019820195,-0.013178986,-0.005711356,0.009954779,0.0005901563,0.009083233,0.014594006,0.043966465,-0.030913705,0.00050151924,-0.019285075,0.014555428,-0.0094967475,0.011323888,0.0016491023,0.018247982,-0.0063293483,-0.0009976852,0.0018840077,-0.0048951027
2018-08-14,0.015995929,0.022769965,0.0055451626,-0.0028087117,0.0055124564,-0.016954808,0.02377208,-0.015102054,0.017859941,0.004474822,0.022194175,0.011183279,0.0033275033,-0.0061650025,0.0013943096,0.012789241,-0.012816809,0.0,0.018732669,0.011808543
2018-08-15,-0.026437627,-0.009126842,0.0027842994,-0.0014565535,0.036774836,0.005742469,-0.0091438275,-0.0142465355,0.019318365,0.029622125,0.0011435322,-0.008798017,0.005048508,-0.005487579,0.0059862663,0.022305524,0.018104114,-0.0032873845,0.0039463895,0.017608318
2018-08-16,-0.04106961,0.017715802,0.023863083,0.010757446,0.016839232,0.024681913,0.0057370234,0.014836031,-0.005994429,-0.038992602,0.025911942,0.005427291,0.008732861,0.015911605,0.015906582,0.00667602,0.0124430545,-0.00303616,0.04809582,0.0023089442
2018-08-17,-0.0030556023,0.023738468,0.015554585,-0.0055324533,-0.007916696,0.032626398,0.006023383,-4.728046e-05,0.004683285,-0.009697238,0.013299528,-0.011482281,0.01881687,-0.0019609535,0.0063981405,-0.008036557,0.005019816,-0.004941805,-0.0050437017,0.020940779
2018-08-20,0.0062431167,-0.0007281036,0.0011492396,0.011758742,0.006563706,0.005178477,-0.00555447,-0.01018402,0.016657814,-0.016191894,0.012534812,0.005764997,0.017371604,0.018649638,0.00626801,0.0034163666,0.014750804,0.009968394,0.0054184655,0.0040260204
2018-08-21,0.02364126,0.0033874647,0.005113937,0.0005777754,0.020551873,0.018887796,-0.007769675,0.0051764958,-0.0027441382,0.01709881,0.022518788,0.008917549,0.002257188,0.0,0.011383261,0.003230957,0.021890128,0.004649805,-0.0103330985,-0.019388596
2018-08-22,-0.008600866,-0.04106088,0.009166305,0.0072130733,-0.005830423,0.013173536,0.0,0.019875845,0.01875937,0.0372048,0.0034831953,-0.0065116193,0.007171218,-0.00943569,-0.0061975173,0.017893502,-0.011267547,0.0,0.021484707,-0.0021689674
2018-08-23,-0.027864419,0.014278043,0.007468931,0.0048208777,0.020648522,-0.0066592717,-0.001291268,-0.0064102896,-0.031449657,-0.03738875,-0.009412582,0.02570326,-0.0077314326,-0.0022575732,-0.0026303746,0.0034087026,-0.0153188165,0.007681769,0.003691922,0.02539267
2018-08-24,0.0394961,0.020244526,-0.009221142,0.015223571,0.002881267,-0.0014444555,0.009396765,-0.005734077,0.025492918,-0.0011811281,0.042474724,0.0100362105,0.0008880172,0.013849135,-0.015973791,0.012868647,0.051539596,0.027139444,0.0065039895,0.009693916
2018-08-27,0.0028205935,-0.0012972866,-0.015801309,0.039685138,-0.025132397,-0.007749906,-0.0027930457,0.0063514602,0.008467345,-0.016400432,0.009849962,0.057131432,0.0041101347,0.023906434,-0.07207498,0.010961271,0.026492957,-0.030810125,0.014406544,0.009987262
2018-08-28,-0.0010434826,0.0011708323,0.0,-0.019809444,0.01685356,0.085155256,0.026088865,-0.011924648,0.009521549,0.023142053,0.0,0.069225915,0.0105729075,-0.004268634,0.034411132,0.009930746,0.022400662,0.007754728,0.001774388,0.009590221
2018-08-29,-0.025344491,0.02093912,0.024086833,0.0057904148,0.016102767,0.017505592,-0.0056761135,0.005043164,0.006530916,-0.037874337,-0.010145202,-0.021207158,-0.009196957,0.015704857,0.020960076,-0.00049672305,0.007359974,0.021432512,-0.049000163,0.0018740509
2018-08-30,0.0067281537,0.023502579,-0.008811873,-0.0301696,-0.0012499411,-0.0016616548,0.009203592,-0.0062665236,-0.0032736128,0.08721947,-0.0023362974,2.5927468e-06,0.0,0.015020521,0.009764144,0.0034289947,0.018698258,0.0060892226,0.038383324,0.023200925
2018-08-31,-0.025666956,-0.00835296,0.020491062,0.023691537,-0.033317924,0.0,0.01874051,-0.00035131662,0.0031923754,0.039132692,0.0010691881,0.023860995,0.0133720925,-0.005613831,0.006104012,0.020813463,0.0028467907,0.0,0.0044854917,0.0
2018-09-03,0.0021719474,0.036955815,0.006995359,-0.014230203,0.010253212,0.052173242,0.007934345,0.0076781004,0.0015745964,-0.012950684,0.025606383,-0.029234398,0.0029265636,0.0043695034,-0.012674852,-0.0022197764,-0.013823252,0.0100298,0.008041781,-0.0037083854
2018-09-04,-0.019459495,-0.016232824,-0.008017304,-0.0139571065,0.015519397,0.036534354,-0.012349126,0.0050864257,-0.010915077,0.009506504,0.008094427,0.0050530066,-0.014301652,0.008009811,0.03740248,0.012388075,0.027319541,-0.00027608252,0.0034039002,-0.0072299624
2018-09-05,0.044923373,0.020825393,-0.00928579,0.0,-0.026379779,-0.038222477,-0.0052954974,-0.019751474,0.003043758,0.0068274834,-0.00011683144,-0.008648757,-0.004522498,0.0,0.01054026,-0.0039431034,0.0032995741,0.02374767,-0.015227805,0.017909488
2018-09-06,0.015872328,0.015455159,0.012881805,0.0024486626,-0.0003216585,-0.024229392,0.010402797,0.02146227,-0.015320833,0.043083396,0.001412634,-0.00942609,0.015172869,0.0086219115,-0.0028140824,0.0014014646,0.0004641603,-0.0068583325,-0.002144145,-0.007913123
2018-09-07,0.005386701,0.006380469,-0.029238734,0.005666384,-0.0252599,0.020220486,0.0,-0.017874435,-0.0036653955,0.0017790648,-0.004578286,0.017194562,-0.005247175,-0.001072309,0.015175502,0.0030736206,0.006678804,-0.007862149,-0.013306649,0.00861459
2018-09-10,0.015495602,0.008123819,-0.15319398,0.0027456747,-0.0052127903,-0.007219165,0.003089042,0.016566144,0.0014119708,-0.021596137,-0.019501759,-0.00015763301,0.011279904,0.00045781978,0.0021009315,0.016897202,0.004605557,-0.017596899,-0.009287067,-0.002036054
2018-09-11,-0.010087108,-0.0039932095,0.08075734,0.0046107816,-0.002899242,0.0011817921,0.01969238,0.017823579,-0.031941034,0.03857966,-0.045596164,0.014472634,0.017229125,0.019408904,0.0013780076,-0.028226277,0.018887807,0.009128402,-0.0013218188,0.0036706638
2018-09-12,0.015186961,-0.0030721684,-0.010087744,0.00053786515,-0.01024136,0.00470033,-0.021935036,0.009582575,0.036752917,0.004907199,-0.010967262,-0.01135329,0.014166919,0.014371837,0.0016369999,0.020491274,0.0056717987,-0.01000388,-0.056893013,-0.0058369455
2018-09-13,0.0031349524,0.01592306,0.005450829,-0.0065722563,0.06512916,0.025957698,-0.0013987668,0.0,0.0018307543,0.027680023,0.0,0.048064306,-0.006279268,-0.0045193373,-0.010744458,0.022950593,0.0023431582,0.023667196,0.045562055,-0.012057075
2018-09-14,-0.03741465,-0.017440151,0.077754274,0.006816299,0.021477884,-0.0068872883,0.014556105,0.0068173637,0.003888978,0.0062564854,0.036306314,2.5677347e-05,0.0,0.010511392,0.020041073,0.0082508195,-0.0011944949,-0.0105058,0.014701965,0.003194936
2018-09-17,0.0122142,0.011252671,0.016074084,-0.015219676,0.013355684,-0.006201523,0.020319054,-0.012604253,0.010187088,-0.05969481,0.009396739,-0.007643045,-0.0052973796,0.005371284,-0.00080609013,0.0061219926,-0.01778064,0.019632103,0.011571507,0.008591362
2018-09-18,0.004610912,-0.010088625,0.010796006,-0.0051720864,0.025640847,-0.00535409,0.008361022,0.014544044,-0.011221534,0.027095959,0.008615753,0.057253454,0.0022293609,0.0014003695,-0.016868109,0.0024453911,-0.034550842,0.0013698611,-0.0031611489,-0.006389811
2018-09-19,-0.005025697,0.015015974,0.0079075005,0.018499529,0.0013473855,0.01576813,0.021381345,0.0015391806,0.010422825,0.013529098,0.00071603013,0.027744051,0.0,-0.0075526554,0.009499292,0.0013966421,0.02115761,0.022991026,0.00739467,0.013251976
2018-09-20,0.012844125,-0.0044382205,-0.023270966,-0.014607079,0.0027621752,0.0003531739,0.001959488,0.024622988,-0.001217453,0.002045205,0.026824582,0.005388588,0.010559187,-0.0019605174,0.023892527,-0.009832121,-0.0081361085,-0.008718878,0.030708548,0.007973336
2018-09-21,0.014566219,0.008537166,-0.0705994,0.015150311,0.024183355,0.0009904302,-0.007831776,-0.027795333,-0.0028315464,-0.013680688,0.0045425943,0.023111103,0.00413852,0.00715633,-0.00048686293,0.0010647133,0.000631356,-0.007575754,-0.010910304,0.018874977
2018-09-24,0.0018929642,0.0025350784,0.015855446,0.0029238572,-0.0041277735,0.014665466,0.011548847,-0.0024332884,0.0075984676,-0.016280549,0.0017227684,0.010292549,0.001870471,0.010047545,0.012621308,0.0059063192,0.0469175,0.0005232945,0.01777578,-0.0071340413
2018-09-25,-0.0028411068,0.021321792,0.01114763,0.010528484,0.023464795,0.01982316,0.015120854,0.013987863,-0.0016841182,-0.0007453382,0.024638774,0.016227216,0.0,-0.025906872,0.0022720576,0.017903497,0.021854179,0.014624609,0.0068330294,-0.00041513934
2018-09-26,0.00042242304,0.013211679,0.013357973,0.01564511,0.03388527,0.00071063853,0.0032935834,0.016716711,0.010811827,0.0,0.01258756,-0.014434033,0.010524918,0.01094645,0.0,-0.031892214,0.0037288382,0.00013399654,-0.006817214,0.001317733
2018-09-27,-0.0027577206,0.0046805926,0.012392658,0.002778851,-0.006226195,0.0077680047,-0.00081260846,0.01620014,-0.0036060838,0.015195737,0.007353116,-0.018165294,0.019431775,0.034891542,0.0,-0.0024567505,0.014161395,0.011267892,0.0,-0.006003259
2018-09-28,-0.010516876,0.007816921,0.028095191,0.015544041,0.00067709875,0.004663146,0.018133733,-0.0010079289,-0.018820124,0.016015058,-0.004273661,-0.007464625,-0.011182133,-0.007973562,0.0059420383,0.005196833,0.00089407933,0.011120175,0.005812356,-0.0039064027
2018-10-01,0.0071789767,0.016709814,0.039379485,0.008460188,0.0038075943,0.0043420787,-0.011715641,0.0023251576,0.0017633196,0.0061163343,0.012434129,0.012187446,-0.009244379,0.015909756,3.0162306e-05,0.009058679,0.029644571,-0.0022210763,0.011992837,0.014248297
2018-10-02,0.0042104656,0.0021685779,0.020263905,0.0041334764,0.015757674,-0.0056915455,0.0070452723,0.0052295593,0.0077810064,0.006164739,0.0017562247,0.017403776,0.0027713485,0.0038386674,-0.0066329604,0.0051768553,-0.05688997,0.012304061,-0.0006847999,-0.00095846184
2018-10-03,0.00016237372,0.0,0.0061112563,-0.005938423,-0.0035254387,-0.0037605958,-0.0202216,0.015402431,0.013739641,0.008200815,0.016022235,-0.009714725,-0.006886004,-0.029070118,-0.0010528436,0.003916374,0.0009989514,0.020969903,0.004694483,0.014388481
2018-10-04,0.008434195,0.0040127714,0.029211525,3.7283116e-05,0.016863544,0.018665677,0.013264672,-0.0061266343,-0.009896222,0.0,0.0043469053,0.08475087,0.008479115,0.00356725,0.01856585,0.013615413,0.0025727376,-0.00253472,0.0015927657,0.00035586333
2018-10-05,0.020881811,0.018661065,-0.029990377,0.012922637,0.04218529,0.0049310965,0.023528786,0.0040100818,0.008060344,-0.0036944891,0.020172948,-0.0017774868,0.014142171,0.025150055,0.0007757773,0.0025648114,0.025994202,-0.000784837,0.021316908,-0.0107003115
2018-10-08,0.0060327537,-0.00031539012,0.0,0.00823055,-0.00085144315,-0.011825205,-0.016944459,0.0010141985,0.014459474,0.0059414245,-0.031513724,0.04653483,-0.0077854814,-0.034551814,-0.0014057199,0.0017727767,0.0007262119,-0.010091048,0.01647144,0.0
2018-10-09,-0.0071053742,0.00824909,0.05499279,0.0046463343,-0.00023097578,0.013950523,0.004589981,0.0014075121,-0.016896427,0.012341184,0.0019721538,-0.0045617446,0.014702069,0.027731411,0.026828965,0.029836912,0.0195436,0.027075429,-0.007986524,-0.0011652743
2018-10-10,0.010252495,-0.001496062,0.01547377,0.009222957,-0.007922053,0.015471651,-0.025638865,0.043169394,0.0103069935,-0.024755653,-0.0018728506,0.018091358,0.0037508325,0.0,-0.024610024,0.0048721875,0.019575743,0.0059457216,0.024797007,0.0016186625
2018-10-11,-0.018975679,0.029581718,0.027227167,0.007918843,0.019062953,0.004716944,0.014689327,0.004646543,0.018117776,-0.00218869,0.023443606,0.03410064,-0.015278528,0.0048642894,0.0074930857,0.02133949,-0.0043509,-0.013424119,0.0072227204,0.0053110006
2018-10-12,-0.0038437487,-0.0062317764,0.04382246,0.0031436626,0.006137856,0.007864143,0.011636145,-0.020188276,0.003576447,-0.012799288,0.0065556094,-0.02092371,0.009180317,-0.00072567235,0.0014114827,-0.035177313,0.017459678,-0.0047238525,-0.0022022235,0.020119088
2018-10-15,0.01737806,0.010780085,0.008302328,-0.00031129876,0.00053447334,0.009515958,-0.0026663274,0.0061682863,0.0012748886,-0.0036323706,0.009295376,0.030654354,0.0040362882,0.0,0.0271559,0.009601106,0.01727827,0.014320126,-0.009704849,0.003527052
2018-10-16,0.014184543,-0.0046909414,-0.013834795,-0.0077709444,-0.0040656305,-0.011661584,0.011053096,-0.030666988,0.0032664752,-0.004571321,0.016727319,0.012461429,0.00792757,0.020112881,-0.024283681,0.017195586,-0.015309415,0.004844379,0.008754226,0.006038262
2018-10-17,0.0034360548,-0.013116421,0.0038958993,0.01304661,0.01636984,0.013361613,0.012508274,0.009226839,0.0074515957,0.023010995,-0.010006812,-0.017734842,-0.019930601,-0.0004580505,0.0053512687,0.0104245115,0.0032314914,-0.0046805316,0.0014110254,-0.0059585893
2018-10-18,0.008631927,-0.011827925,0.020102203,-0.012193302,-0.019507835,0.010402782,0.029167946,-0.027925478,0.013367896,-0.031887844,0.02371078,-0.010066324,0.023103025,-0.017821439,0.017038282,0.0021210639,0.018149378,0.016356757,0.010216274,0.014012391
2018-10-19,0.010498897,0.0005195666,-0.01754587,0.016395347,0.017635642,0.00026173913,-0.008015603,0.012540556,-0.017575186,0.072765015,-0.019861614,-0.009417589,-0.013492893,-0.00861032,0.016750367,0.0076490617,-0.0006233608,0.016200969,0.002974676,-0.0036912395
2018-10-22,0.008568815,0.01575358,0.0075370865,-0.01633093,-0.013335642,-0.009194436,0.013450623,0.048172098,-0.005455117,0.009440091,-0.0058947233,-0.033024304,0.01776415,0.009409986,-0.008339434,-0.0017140546,0.037127387,-0.0117455125,0.0013804631,0.0091167865
2018-10-23,-0.0006198599,-0.023403266,0.019252207,0.02415382,-0.011893138,0.012018441,0.002516267,-0.0795662,0.01441625,-0.00349743,0.0135252755,-0.018914329,0.0014927615,-0.014565729,-0.00467823,0.017554108,0.010208118,-0.00019523871,-0.000997581,0.0058032083
2018-10-24,0.010261807,0.008256274,-0.02072501,-0.002376182,0.0068536447,-0.020199582,-9.492869e-05,0.017025733,-0.0055440376,0.013625686,-0.007850145,0.04093312,0.0,0.007903216,0.012161789,0.010299852,0.0,-0.005319293,0.0,0.0044083735
2018-10-25,0.006822476,0.002361155,-0.0070947953,0.011281088,0.001273415,-0.012202927,0.012067447,0.005006984,0.031851128,-0.017060611,-0.02079467,0.029146813,0.005604592,0.0,0.012877799,0.005287067,0.012309704,0.013875053,-0.01971296,0.00871619
2018-10-26,0.000430554,0.02444961,0.0024118891,0.00030572587,-0.017426165,0.045180336,-0.005262624,-0.0006635877,0.0111979125,-0.018515112,0.014098044,0.0026527736,1.1063473e-06,0.011885134,0.000784338,0.009259873,0.024941405,0.0071828053,0.0061312346,-0.008783628
2018-10-29,0.0,0.01089609,0.036669713,-0.017029895,-0.00526917,0.015546531,-0.021315215,-0.0200754,0.012264677,0.049430296,0.012055594,0.008167619,0.017641958,0.011643174,0.0021144722,-0.0010627877,-0.004850332,0.0,0.00044306123,0.0073560383
2018-10-30,-0.0020422544,0.0140256295,0.0018282731,0.00030918373,0.068645,0.014320594,0.00013021406,0.025402635,0.008200067,0.00014230497,0.005457081,-0.012814688,-0.0043439283,0.0008279986,0.008769428,-0.009783279,0.03672046,0.0032713048,-0.0024762852,-0.0063279388
2018-10-31,-0.0012188364,-0.0051378254,0.0014331178,0.004398057,-0.014031668,-0.0029179973,0.0022607078,-0.0022083663,-0.0013777192,0.013866396,-0.00818924,-0.017357793,-0.00091526494,-0.049722817,-0.04460715,0.00054428313,-0.0065645836,0.008551577,-0.023170631,0.010480703
2018-11-01,-0.0006172924,0.0032038367,0.0060189674,0.012466876,-0.003223501,0.003563499,-0.011344392,0.0021094778,-0.0098315,0.0390131,0.015053234,0.027730014,0.015864575,0.053441837,0.018787973,-0.0031091329,0.013145849,0.004851084,-0.0054581393,0.005788799
2018-11-02,-0.026959311,-0.017174391,-0.05144404,0.013682405,0.007188348,0.021517206,-0.008617015,0.021665249,-0.016957104,0.0015559995,0.0021742242,0.0065614297,0.006684267,-0.00042856418,0.012204551,-0.0008726105,-0.013512806,0.0068508345,-0.09911486,-0.0051211533
2018-11-05,0.018379264,0.012565348,0.030729553,0.00946625,0.027661318,-0.0023505741,0.003983385,-0.01353198,-0.00021936439,0.008602788,0.008366345,0.018941475,-0.0017047451,0.0023091745,-0.0123141855,0.026036005,0.0053864224,0.034865513,-0.0009776673,-0.017259398
2018-11-06,0.0068787336,-0.019884845,0.022788206,0.004198301,0.010462487,0.008482713,0.01124285,0.013333261,-0.015826698,0.00034828502,-0.0014068695,-0.045600757,0.009227789,0.021527845,-0.0068289987,0.014389284,0.0,0.002236676,0.0035370651,-0.004125144
2018-11-07,0.007212901,0.024469191,0.0031995333,-0.0026990366,0.002753197,0.018039348,-0.01782191,0.015223118,0.0067708245,0.0007571581,0.012683256,0.027213437,0.012444218,0.002183786,-0.0058755637,-0.006427579,-0.012833834,-0.002852449,0.032032553,0.01787696
2018-11-08,-0.00022929451,0.003142274,-0.0056748497,-0.004578204,0.008926675,-0.004452579,0.015658626,0.0067089885,0.0067724306,-0.03289485,0.0062440215,-0.013560426,-0.003143088,0.017992843,0.0,0.008462359,-0.06283198,0.017743543,0.003744154,0.012494705
2018-11-09,-0.00032745156,0.003214674,0.00050505943,0.012043818,0.008054322,0.012585196,-0.03743704,-0.00075908063,0.0133086275,0.009345966,0.0040863906,0.00495339,-0.003355162,0.020114316,0.019816333,0.0,0.012306264,-0.00079604436,0.038226757,0.008144931
2018-11-12,0.026406601,0.0016827249,0.0034264266,-0.006820954,-0.008147427,-0.008979557,0.02330062,0.025764246,-0.0059622764,-0.009900628,0.003341201,0.004833459,0.0036025061,-0.01815613,-0.006560429,0.0035733487,0.0029709921,0.0057317936,0.024133377,-0.00032000677
2018-11-13,-0.005960845,0.011289586,0.015096394,0.0031563223,0.009344038,0.0,0.029252192,0.01951081,-0.000630333,0.007558458,0.004785338,-0.0049294615,0.0017902667,0.011928064,0.019470198,-0.012302698,0.00064976106,0.008374717,0.02097984,-0.0037596643
2018-11-14,0.0060035638,0.00828957,0.055625856,0.010539134,-0.014860867,-0.0017139758,0.010954574,-0.00690475,0.0050556012,0.025615703,0.008539761,0.06501757,0.0026217983,0.0016128458,-0.01688613,0.023649933,0.010582458,-0.002426744,0.0005864233,0.0069789584
2018-11-15,0.0058784112,0.0053406623,0.00730161,-0.0025070468,0.015577244,-0.020161267,0.023002813,0.013692743,0.015712963,0.0075079952,0.025067372,-0.00092593854,0.0067166644,0.010188716,0.02164439,0.016350625,0.009572448,0.0012035002,0.0033542211,0.0043655103
2018-11-16,0.0035475253,-0.0031857728,0.0006898783,0.016550854,0.0027545851,0.019903112,-0.0086940015,-0.027869496,0.005085762,0.018350998,0.0,0.062925145,-0.0061295936,-0.0027096395,0.012317694,0.0077264057,0.018878315,-0.0016690992,-0.009595501,0.0059322305
2018-11-19,0.0055118897,-0.0014441683,0.027944358,0.0046947193,0.008649126,-0.0240525,0.017570931,-0.028201582,0.007602303,-0.004802405,0.0058626514,-0.023020303,0.018110124,0.016270163,0.016956992,0.0012892848,0.0010748588,-0.016322423,-1.296801e-06,0.003435774
2018-11-20,0.020745931,0.017082319,0.0029000172,0.008795279,-0.011385844,0.015559637,-0.0081027225,-0.016466733,0.017109312,-0.016973464,-0.01140346,-0.010039063,0.013277659,0.0,0.030720621,0.01638411,-0.006835116,0.0116123,0.0014878607,0.0067680306
2018-11-21,0.006542951,-0.035038106,0.033036433,0.0062444257,0.020676741,0.029099952,0.01750388,0.031665977,0.0,0.018515905,0.009333068,-0.020329759,-0.00046722847,0.0,-0.0045372527,0.0034387964,-0.09011554,0.014407125,-0.008742569,0.0029037034
2018-11-22,0.016824884,0.015532107,0.034256153,0.035392996,0.005046811,-0.030438643,-0.007791209,0.043797165,0.01307694,-0.0026513617,-0.01105048,0.002422628,-0.025425106,-0.0049418164,-0.0012338994,-0.011061365,0.017737878,-0.00860915,0.0,0.0067534572
2018-11-23,0.0,0.038361702,0.0028061366,-0.021973731,0.011596076,-0.012747806,0.0066387933,-0.061022628,-0.0037259443,-0.012850003,-0.027165486,-0.0005858369,0.029677946,0.0015732782,0.013362766,-0.0009289246,0.01329523,0.0074483943,-0.009950025,0.015915025
2018-11-26,-0.0043858904,-0.019456508,0.007942315,0.01040156,0.013179278,0.03579064,0.009045943,0.0,-0.00962144,0.0010919659,0.06046132,0.018884987,0.007098665,-0.017707517,-0.024766805,0.024929723,0.02802883,-0.01972104,-0.0051979893,0.0035340693
2018-11-27,0.0039033769,-0.0024664172,0.0016822725,-0.0008118901,0.0050569614,0.0050419774,-0.05301242,0.032272115,0.013690456,0.0016000158,0.0069737993,-0.021449232,0.009557313,0.0,0.02508245,0.00045514136,-0.0023954015,0.006199123,0.01804532,0.0024602748
2018-11-28,-0.02851639,0.007197028,0.0054077045,-0.05443134,-0.034970034,0.007159107,0.017800976,0.010964135,-0.014283784,-0.01224925,0.003471143,0.02189427,-0.0013021576,-0.0011693977,0.0054057254,-0.012653317,0.0,0.010470525,0.0058094817,0.0
2018-11-29,0.042009205,0.02758862,0.0185824,-0.028070815,0.012546648,0.046400335,-0.15015198,0.008539365,0.021850983,0.0019070153,0.026378991,0.004174055,0.0016429989,-0.13110077,0.001239219,-0.0045163683,-2.8882749e-05,-0.0371826,0.019938502,0.020322278
2018-11-30,0.029650701,0.018588353,0.008442963,0.008201297,-0.0071758498,0.008579793,0.06354927,0.042170923,0.03385192,0.032550275,-0.007878778,0.011543784,0.0038988544,-0.0014476554,0.0053325715,0.004945377,-0.0043690684,0.0063070063,-0.0042693643,-0.013518299
2018-12-03,0.018871222,-0.00062084553,-0.00544979,-0.010988153,0.024790408,0.010831796,0.046252888,0.0011202685,-0.0043933713,0.010266175,0.018379949,0.0032021538,-0.0061887326,-0.0148350205,-0.004618889,0.009203128,0.010441955,0.03927904,0.02225251,-0.02254614
2018-12-04,0.017381497,-0.023114543,-0.010106822,-0.0004430604,0.013813354,0.01720498,0.008632503,0.036083747,0.0037241585,0.0046216743,0.015594286,0.017015385,0.006762479,-0.000953773,0.005028088,-0.010746477,0.0074795596,0.024482585,0.006549785,0.009297289
2018-12-05,-0.011753924,0.01737272,-0.0042234124,0.004479662,-0.01988194,-0.0052594566,0.015897466,-0.0053570806,0.028101826,0.0013590059,0.021914475,0.004884179,-0.016260078,0.05335638,-0.012574008,0.019687813,-0.02316601,0.009175528,0.010440874,0.010294782
2018-12-06,0.015274873,0.021576762,-0.015290358,0.0011787176,-0.006875511,0.064971305,-0.0018375455,0.004296526,0.020938825,0.0038816864,-0.005849214,0.016010068,0.028207585,-0.0013428355,0.0018152503,0.0027760537,-0.0059136357,0.0024883149,-0.017422816,0.01874366
2018-12-07,0.0,0.0,0.00461328,0.028391697,-0.0013460126,-0.027578555,-0.0033647197,0.004098235,-0.008777883,-0.0048227366,-0.024632232,0.0015841138,0.0013043825,0.006205373,-0.039526273,-0.008998896,0.012646426,0.013528152,-0.0024123152,-0.0059515624
2018-12-10,-0.019308021,0.03312302,0.008110572,0.013144042,0.07083575,0.013344273,-0.012672732,0.04403862,0.0073125605,0.015535663,0.010091005,-0.01477699,1.5987996e-05,0.013203235,0.027166419,0.019056667,0.011396843,-0.0033081577,-0.009018312,-0.030876843
2018-12-11,-0.031641103,0.021912377,0.0022355244,0.013276266,0.02867082,9.1909984e-05,0.023784488,0.016354779,-0.024032265,-0.006268483,0.012546064,0.003956948,-0.0008301897,-0.003412676,-0.010746307,0.0033345267,0.01541922,-0.003595235,0.011302926,-0.00081783836
2018-12-12,0.02970408,-0.012906798,0.032146532,-0.0016660593,-0.006066556,-0.007929341,0.012703985,0.010548987,-0.016841173,0.0,0.023655048,-0.009285608,0.007198598,0.005736749,0.020860137,-0.00043807935,0.005583825,-0.004397862,0.02582663,0.014193462
2018-12-13,-0.0055832197,-0.0068760957,-0.0015971018,0.026971515,0.011572097,-0.0045827357,-0.005783665,0.0047174334,0.024434635,0.002054113,0.008232115,0.0077789775,0.0006796146,0.004012034,0.008957685,0.0028361026,-0.017216055,-0.016468434,-0.022286253,-0.0025431914
2018-12-14,-0.01177461,0.03205536,0.010712206,-0.0052774074,0.0,0.014468968,-0.0075086476,-0.014182401,0.0025170064,-0.0020370465,0.010670129,0.0019262737,0.0013732505,0.0031954376,0.02171806,0.008612158,0.015075777,0.0016295883,0.027799195,-0.015841732
2018-12-17,0.005754509,0.009207343,0.010493303,-0.005686383,0.0,0.0128342,0.0019250237,0.0046718027,0.0066188057,-0.02673499,0.024451742,0.019542158,0.014405162,0.011146052,-0.0042851074,0.0014176915,0.0022081751,0.008913335,-0.008756967,0.012365876
2018-12-18,-0.03193368,0.021401143,0.01907056,-0.016492253,0.0011908188,-0.008107417,0.030441998,-0.006108865,0.0006484783,0.01392385,-0.0075977817,0.017959258,0.0034772395,-0.005988748,0.010527494,0.020801516,0.005431485,0.023407098,0.026309747,-0.031101817
2018-12-19,0.011405804,0.017795447,0.013682492,0.010200511,-0.0045526824,0.004105764,-0.037870668,0.0073127705,-0.05340422,0.00279352,0.044099186,0.0,0.0035330208,0.015195117,0.0036410845,-0.0049619353,0.0018914103,0.0007801089,-0.0026802297,0.027320627
2018-12-20,0.0008988123,-0.017131101,-0.0046477625,0.017466782,0.05321116,-0.013561501,0.038324006,-0.01900801,0.005076616,0.011038483,-0.012472641,-0.0039419876,-0.009879798,-0.015267648,-0.011788357,0.009148466,-0.004599798,0.008245659,0.027769813,0.010645413
2018-12-21,0.0093862675,-0.030036429,0.0009886748,0.0,-0.018852606,0.027189095,-0.015390585,-0.008766169,0.012002561,0.02621189,0.01164601,0.008872915,0.020318734,0.020364342,0.0006985499,-0.012871838,-0.004213422,0.017671868,0.0027688404,0.0
2018-12-24,-0.039766148,0.0046099736,0.012499822,-0.0015648857,-0.0011491777,-0.0030695924,0.020202508,0.044711165,0.002567882,0.008476652,0.011405734,-0.006960992,0.02035268,-0.0045768446,-0.0030532933,0.010034767,-0.0053086127,-0.00046090363,0.010542366,0.0
2018-12-25,0.018753614,-0.018524628,0.0061997385,-0.015149251,0.0069001988,0.026656803,0.023164904,0.010991045,0.0067159305,-0.00032552207,-0.03252507,-0.016600914,-0.0055379868,-0.021359023,0.028667642,-0.0033840619,0.016508102,0.002723945,0.006963771,0.0053814575
2018-12-26,0.00022345125,0.03824634,-0.0020621931,0.016464677,0.012960669,0.0057803844,-0.010084612,-0.0092484215,0.03549144,0.01584178,-0.0041402485,0.0073798383,0.006407818,-0.002222103,0.0006392032,0.013202586,0.015370658,0.021682195,0.0007681994,-0.009918261
2018-12-27,0.015484859,0.0,0.021178229,-0.003526926,-0.00084346073,0.0138564175,0.030497657,0.024550276,-0.023157476,-0.01917881,0.007238789,0.012813229,0.00027079828,-0.036671154,-0.019789705,0.008364691,-0.017571121,-0.0010806139,0.0033413891,0.0075414134
2018-12-28,0.015468396,0.02297358,0.014261879,-0.0036667034,0.0236015,-0.046584286,-0.015769243,0.0055978177,0.011219129,0.00022092488,0.048257522,0.003108856,0.01087171,-0.0010022736,0.006778539,0.0040826653,0.0027720176,0.0070340033,-0.005785646,0.026549747
2018-12-31,-0.0036350389,-0.004950048,-0.00814191,-0.013816675,0.0102971345,0.029622808,0.018982375,0.021853074,0.011052456,-0.0010455998,-0.011579063,-0.0071882135,0.00057285884,0.006799809,-0.028938428,0.0034865332,-0.028194705,0.0014334767,0.04739113,0.0044416627
2019-01-01,0.01972911,0.013990551,0.00055379973,0.03090766,-0.01430689,-0.0026367258,0.019093117,0.016779318,0.008695094,0.00805471,0.0,0.018966323,-0.00024808472,0.03756134,0.01745305,-0.00091959286,-0.0069568628,0.0048804353,0.0,0.0024498338
2019-01-02,0.004124428,-0.0113838855,-0.015302031,0.00018826131,0.022790411,-0.0020710784,0.0015002722,0.0,-0.019008156,0.010290612,-0.020311335,0.0025084242,0.00845156,0.024379034,0.0053514824,0.0321309,-0.016225634,-0.04387986,-0.04208211,-0.014336573
2019-01-03,0.0063396874,0.03367273,0.0008065027,0.01791855,-0.0015968012,0.029971015,-0.018618243,0.001967637,0.007419653,0.006433042,-0.004877944,-0.004048834,0.0022046186,0.013766638,0.016326739,0.004631318,-0.014022432,-0.011747793,0.015371173,0.011723799
2019-01-04,-0.010935158,-0.0033702538,-0.0015906752,0.021076953,-0.030452203,-0.003847706,-0.0013819727,0.023402194,0.010571349,-0.012572828,0.00936965,0.008425766,0.008684922,0.001807704,-0.012654942,-0.007380684,0.04203356,-0.009109173,0.03170963,-0.0012755753
2019-01-07,0.07699151,-0.06950973,0.029526902,-0.03046661,0.021980288,0.00044913637,0.043689355,0.003927351,0.03825542,0.0,0.010000545,-0.0035284704,0.013352319,-0.037612222,0.0071828496,-0.00531293,-0.06977729,0.0051435824,-0.0054639266,-0.018092912
2019-01-08,-0.002186223,0.07093867,0.010787493,-0.00016703147,0.011865453,0.013966285,0.008803467,-0.008723646,0.013229039,0.0026239813,0.0115699675,0.00065723184,0.019464467,0.014995352,0.007027805,0.0003132354,0.010586652,0.021889392,-0.0009873476,0.011949336
2019-01-09,0.0033518865,-0.0031020513,-0.011760536,0.011476861,-0.026043305,0.0003255581,0.00374808,0.0073904786,0.006931893,-0.002961871,0.015884561,0.004676699,-0.01976955,0.0,-0.0033664189,0.011288959,0.0018201175,0.004506263,-0.02077683,0.010255861
2019-01-10,-0.0005197099,-0.022382727,0.0064673275,0.019987635,-0.00017028135,0.016642716,0.00022925052,0.0,0.0388511,0.00390233,-0.00078756484,0.0031808342,0.020165814,0.008309544,-0.004613019,-0.00065826427,0.020738924,0.009130983,0.00825311,-0.0096364105
2019-01-11,0.012333521,0.024497025,0.025098477,0.017887658,-0.009398552,0.0006538448,0.0075828223,0.012821635,0.014531862,0.0100053605,0.022857875,-0.015310747,-0.012350198,0.006394445,0.0012619302,0.0011516921,0.008613005,0.0,-0.012188494,0.0029501105
2019-01-14,0.0017105163,0.0065837223,0.009292166,0.0139364675,0.0033017807,-0.004648896,-0.013263469,-0.037762962,0.012683256,0.0081320545,0.020477906,0.021670498,0.012340084,0.005556141,-0.01680312,-0.00072512584,-0.0046373717,0.01557895,0.017434003,-0.0028199381
2019-01-15,-0.010165408,0.04212493,0.037282065,0.0034729685,-0.016693737,0.01318639,0.022879591,0.011603989,-0.012306631,0.01026885,-0.014680266,0.030862981,0.005144244,-0.008235662,-0.03504216,-0.0056607956,0.0099802865,-0.014357402,-0.0043176156,0.017075287
2019-01-16,-0.04336638,0.0008471163,-0.005161673,0.010279547,0.010966636,-0.01372499,0.011780757,0.027658006,-0.024654282,-0.0048196656,0.023673857,0.0052961563,-0.00035525786,-0.0019957963,0.029297303,0.012236115,0.024445508,0.001791601,0.012690268,-0.0036467002
2019-01-17,0.013136197,0.016639471,0.025644958,0.014468271,0.017481342,0.002998238,0.02362983,0.013213132,-0.0063569653,0.014323879,0.0052277176,0.027717797,-0.008733376,0.03368986,0.009195317,-0.0039987406,-0.0047936076,0.013255403,4.4611872e-05,0.01553466
2019-01-18,0.0019365456,-0.0028896723,0.0028366195,0.012543147,0.023414373,0.0095350705,-0.004572797,0.005467097,-0.017873477,-0.0015440921,-0.030495793,0.011385624,0.0066573895,0.0051261936,0.02116845,0.0069607096,0.010561575,-0.011320926,-0.057207365,-0.0020333086
2019-01-21,0.01855172,0.020695662,-0.0017021765,0.0,0.009169395,0.015928091,-0.0045979377,0.0,0.016778523,0.002942318,0.0,-0.0032556246,0.010220249,0.017622767,0.021390373,0.010737328,0.009279998,0.01667871,0.027229752,0.008796101
2019-01-22,-0.014056379,0.0050402503,-0.0036704608,0.008552154,-0.008687357,-0.043135155,-0.02017598,0.013840169,0.0016086024,0.0,-0.002235205,-0.04139388,-0.0026396979,-0.034234982,-0.0016656155,0.004759645,0.007189402,0.0030149706,-0.0067010364,0.0002696925
2019-01-23,0.043593332,0.018799253,0.011736097,0.0027414525,0.00024491208,0.0057041235,0.0072356565,0.015465641,-0.01302587,-0.009881338,0.0035680798,0.012594957,0.0034007337,-0.000112168185,0.007187012,0.0148166325,0.010293313,0.0050206487,0.0069314856,0.00854561
2019-01-24,-0.0054864557,0.0033501901,0.0060947635,-0.00035336657,0.00488018,0.001636061,-0.024101691,0.0,-0.015796555,0.0096625155,0.018474901,-0.0070350734,0.00521826,0.0,0.0035629414,0.015997024,-0.005384986,0.0031852736,0.0063753133,0.0018026673
2019-01-25,0.048092987,0.0019789962,0.0,0.015039289,0.008799459,-0.04506444,-0.0030014105,0.010966678,-0.006805238,0.0038610809,0.04758585,0.014813458,0.017538069,-0.0037555322,-0.0032995886,-0.004184511,-0.0027926206,0.0021201144,-0.012196335,-0.00095418515
2019-01-28,-0.0013716437,0.016648766,0.00095294754,-0.006709445,-0.026060274,0.021029096,0.010049767,-0.0014151154,0.00061075314,-0.0035438596,0.004782784,0.0017421512,0.009950757,0.024930628,0.0027697324,0.00922021,0.007699636,0.0,-0.0032588206,0.011812876
2019-01-29,-0.012304035,0.032490876,0.017975394,0.03775364,0.01928912,-0.0099153025,0.023725752,0.0033368,0.036811214,-0.0033756695,-0.015913216,0.00017526618,0.020969188,0.0070700943,-0.009712718,-0.001065904,-0.033245232,0.0041441224,0.014038571,-0.0062909746
2019-01-30,-0.00607722,-0.013537265,0.00034139236,-0.004930282,0.017832957,-0.009479187,0.022304758,-0.0064967643,0.017723203,-0.0068328376,0.018041812,-0.0006172209,0.0034259341,0.012252251,0.017495975,0.0,-0.00017093122,0.008426106,-0.025586458,-0.025027646
2019-01-31,-0.009520947,0.015560983,0.010358647,0.0098521495,0.013876981,0.0040016593,0.008198038,0.020155637,-0.0076948707,0.009756494,0.010493494,-0.0059155575,0.020076249,-0.0066927257,0.005045124,0.0,-0.05499854,-0.006953416,-0.028778417,0.021348514
2019-02-01,0.011708336,0.0034496298,0.014025098,0.0,-0.009353351,0.013286877,-0.0020485772,0.015158915,0.0017830597,-0.008007988,0.012022495,0.012362573,-0.006018714,0.0,0.009318419,0.007188823,0.01104285,0.00056200125,0.017967118,-0.0019680783
2019-02-04,-0.0056247897,-0.0006067682,-0.0048002545,0.0131510245,0.018862892,0.012410094,0.01716674,-0.0007476175,-0.0017207621,-0.014521814,0.018896647,0.0020022541,0.0037376578,0.025378004,0.009351315,0.010942701,0.0091253435,-0.015542093,0.031419,0.017638395
2019-02-05,0.009700052,0.0,0.008721002,0.012370956,-0.0021342612,0.0042245076,0.010395454,-0.007708412,0.007959841,0.0073690596,0.00617622,0.028035427,-0.016736701,0.005018694,-0.001465472,-0.005095814,0.03954116,0.0083408505,-0.009472594,-0.00654911
2019-02-06,-0.0053210612,0.004212949,0.00981888,-0.030433943,0.008744103,-0.035275023,-0.0016291158,-0.002303662,-0.010030645,-0.018965077,0.008109114,-0.00074394216,-0.0025295021,0.011697105,-0.011748109,0.0010065475,0.006658883,0.014882971,0.01798476,0.0057795392
2019-02-07,0.010333684,-0.009061876,0.018920658,-0.004298972,0.025619334,0.002883198,0.01561148,0.01262527,-0.025805188,0.0022401302,0.01212294,-0.0007394105,-0.0023960192,-0.0008876123,0.01498756,0.004668066,-0.013503828,0.0,0.022677435,0.009762812
2019-02-08,-0.014516851,-0.013345557,0.020894943,0.0037553492,0.006176568,-0.004691533,0.014894692,0.008136466,0.0,-0.0010435977,0.010662348,0.00090723945,0.0120757,0.018271161,-0.0016718974,0.0015904706,0.03752426,0.0070994156,0.024108151,0.008781196
2019-02-11,-0.014022099,0.017204769,0.0057904134,0.023141123,0.009166663,0.021319155,-0.014087553,-0.00805953,0.0042271474,-0.024288919,0.0019310217,-0.0018605647,-0.011347269,0.01920872,0.008423372,0.0061752065,-0.0053834263,0.0,0.0012976814,0.0017462856
2019-02-12,0.0013725084,-0.00051426794,0.028229136,0.0062812245,0.005596384,0.04054176,0.008810086,-0.0010966895,0.02811667,0.016900344,0.0027836722,0.012657707,0.004353725,0.013881898,0.005776279,0.0025716869,0.0011959939,0.011440926,-0.0045156837,0.0046258057
2019-02-13,0.023528216,-0.018746946,0.0018153718,-0.0115782805,-0.0022053286,0.0069017652,-0.009198552,0.030487087,-0.009849343,0.003733383,-0.010512644,0.008670896,0.004182075,0.010000839,0.004336555,-0.015044851,0.019317297,0.00070033036,-0.0014475641,-0.0008553293
2019-02-14,0.00030546225,0.015058725,-0.008127068,0.016463665,0.012414039,0.026896633,0.007277363,-0.025902553,0.015627922,0.019264633,0.008223661,-0.027102873,0.010449825,-0.0047043413,0.0043023634,-0.0030549043,0.00035007577,0.012363799,0.014596637,-0.0045248833
2019-02-15,0.00909787,-0.012850712,-0.0012665597,0.013050656,0.012829959,-0.0062607517,0.012361687,-0.004348093,0.001893589,0.0039162794,0.0057785003,-0.012009031,-0.03843378,0.0017385223,0.0034895798,0.014437216,-0.00024203677,0.010520085,0.0028195244,0.0
2019-02-18,0.019089881,0.0056711435,-0.011114057,-0.019342406,0.016688595,0.0,-0.0032816236,0.020050252,-0.003250244,-0.008803257,0.005492378,0.029675644,0.053164862,0.0024382472,0.0,0.009506514,0.020156326,0.011954319,-0.019435221,-0.00023659544
2019-02-19,0.023064146,0.0,0.0058938935,0.04551833,0.004115992,-0.013971344,0.0,-0.012536704,0.001265889,0.008135162,0.0085824365,0.008650024,-0.0065031517,-0.012202127,0.007331588,-0.0053931824,0.015613501,-0.002643731,0.015964884,0.010067362
2019-02-20,0.010806065,0.028549675,-0.0021782748,0.013360986,0.011144528,0.025332578,-0.043485906,0.010383925,0.02275773,0.007212658,-0.0011342014,-0.0046314658,0.02758982,0.009832875,0.004011222,-0.024850704,0.0023617365,-0.025033038,0.0089035,0.017753746
2019-02-21,-0.015994845,0.0252524,0.0019483438,0.0028206469,-0.009565588,-0.0025085423,-0.01579809,-0.005177212,-0.022611693,-0.0055078976,-0.0004807112,0.0125414105,0.0024682018,0.016623495,0.0014894323,0.04625507,-0.012653457,-0.014113416,0.017803274,0.0029518756
2019-02-22,0.007933894,-0.0035956914,-0.0029530688,0.0018604009,0.02385051,0.009487776,0.030046012,0.058550335,0.011821548,0.004890837,0.01472368,0.0014304105,0.007740387,0.0014960747,-0.0016582723,0.015877288,0.01892366,0.01170202,0.0012280326,0.0017399251
2019-02-25,0.0007233528,0.011786654,-0.056398463,0.024812214,-0.00061844167,0.020032506,0.018806405,0.006117038,0.031114131,0.0029451721,0.0,-0.011918234,0.048134718,0.0071251867,0.00082148926,0.015589525,-0.037814185,-0.032095224,0.0077627557,0.023419622
2019-02-26,-0.027700406,-0.015709156,0.027350908,0.0040004593,0.0045541786,0.016441138,0.01659605,0.0050348984,0.026173841,0.0076129683,-0.0025372668,-0.0008107373,-0.024235519,0.012620442,-0.014628304,0.007363087,0.0014118454,-0.14356607,-0.009380104,-0.018938664
2019-02-27,0.0014862602,-0.026689429,0.047475807,0.016651085,-0.009015116,0.0034340972,-0.032125033,-0.0025729123,-0.010718281,0.0060633537,-0.0044776024,0.027795505,0.009961142,0.015632419,0.027231738,-0.0021760268,0.007579251,0.03770542,0.0013548223,-0.004612642
2019-02-28,-0.034568697,0.005044709,-0.0014728247,0.002827587,0.0010862082,0.0034163503,-0.019811297,-0.001392312,0.011944461,-0.007434159,0.00033078957,0.011391998,-0.029271053,-0.007545886,0.01287629,0.018628545,0.0150810825,0.05034946,0.0060408316,0.0074096257
2019-03-01,0.015800482,0.004352949,0.0031038339,-0.0003018546,0.008559321,-0.0016780904,0.04828571,0.018236369,-0.006874184,0.0053492594,-0.008597107,-0.0015893594,-0.037121482,-0.0042174486,0.0041470286,-0.03363857,-0.0057864645,0.0,-0.0023916059,0.015931666
2019-03-04,0.027827008,0.02872508,-0.007831864,0.007612692,0.0074584023,0.023721725,0.031173205,-0.0007197382,0.022672899,0.001547694,0.0093179885,0.014617382,0.004625744,0.0027782677,4.7928683e-05,0.023744814,0.0041060997,0.02851678,0.027253123,-0.035571788
2019-03-05,0.020892499,-0.05805339,0.00967483,-0.009150024,0.004486164,0.010874665,0.0023163492,0.0004760916,0.0020726388,0.0046328916,-0.0049342955,-0.004660948,0.02985122,0.010543469,0.01942732,-0.0024018912,-0.023266228,-0.00712357,-0.007991181,0.0056271036
2019-03-06,0.0,0.027118927,-0.0010392085,8.548674e-06,0.0,-0.042563513,0.029479502,0.02481639,-0.0025586302,0.012839886,-0.009012842,0.010189005,0.0511185,-0.0128980875,0.027883869,0.008696745,0.022092842,0.004647577,-0.0043454245,-0.0240178
2019-03-07,0.0,0.0034045407,-0.0060668727,-0.007903418,0.0010153212,0.00011391612,0.0060529565,-0.0065503474,0.009869868,-0.029241972,0.021442324,0.007426826,0.020057749,0.010682593,-0.057668086,0.0023715687,0.005100637,0.015911056,0.019367753,-0.004500538
2019-03-08,-0.0052557997,0.021424368,0.021461139,-0.02263091,0.008157524,0.0075791203,-0.0031549106,-0.006065333,0.017787587,0.013901412,0.008800691,0.0050678463,0.027801545,0.012733308,0.023015903,0.02598863,0.0033426264,0.018283619,-0.003029433,-0.11525831
2019-03-11,0.0023172607,-0.00069681904,-0.01656186,-0.0035696782,-0.013017143,0.007781488,0.009964262,-0.0019220585,-0.0029943862,0.012429078,-0.001263712,0.019422462,-0.005633567,0.0027586624,-0.011750183,-0.010128095,0.0057210447,0.012935202,0.021209849,0.028397132
2019-03-12,-0.0050592474,0.009131327,0.0027569588,0.020935327,0.0048715807,0.028313596,0.004061985,-0.018758971,0.023271957,0.006885889,0.016373286,-0.02686305,0.009229407,0.011168277,0.013267854,0.010674816,0.0063575553,-0.00078745827,0.0042901374,0.059620734
2019-03-13,0.002906445,0.017858531,0.014257544,-0.0015457838,-0.0021987085,-0.027674284,0.015919497,0.001832005,-0.028079536,-0.00923331,0.017509732,0.015382693,0.0037587094,0.015654145,0.008546919,0.020905612,-0.0009298714,-0.003035124,0.0,-0.0045190784
2019-03-14,0.014952349,0.002956318,0.0031924432,0.005016179,0.0031550932,0.008438609,0.009118061,0.031371545,0.0,0.012845327,0.014737358,0.012648087,-0.034807883,-0.0010636405,-0.000978269,0.01438064,0.010732628,0.022025581,0.008475974,-0.00315023
2019-03-15,0.008019251,0.011683878,-0.02247476,0.004163607,0.0021080642,0.0035330052,0.0008437708,0.009962008,0.0,-0.011757732,-0.007429658,0.00554174,0.0,-0.011164038,0.013537058,0.007898378,0.0,0.004710806,-0.0039855074,0.013059001
2019-03-18,-0.005714143,0.0,0.027476043,0.021199632,0.009228947,0.0069155735,-0.00864728,-0.0020116512,0.021849383,-0.0010102786,0.009903319,0.0006803172,-0.017942332,0.0028800464,0.0111747505,0.0057817413,0.003068728,-0.013838638,0.011956119,0.0
2019-03-19,0.0047009103,-0.0040103425,-0.025741579,0.012362745,-0.02080054,0.0042420723,0.001696189,0.010860517,0.005313622,-0.016683841,-0.010938973,0.0057805553,-0.019904435,0.00025153242,-0.0012694297,0.0007607875,0.010201393,0.003939545,-0.017047904,0.011753247
2019-03-20,0.009618488,0.020518508,0.0013682722,0.020340206,-0.0013296955,0.015118095,0.018560793,0.008325468,0.022182232,-0.009619785,0.01139617,-0.004323709,0.08008479,-0.06369653,0.017388219,0.0152784465,0.0037395207,-0.0101849735,-0.13280854,0.03765766
2019-03-21,-0.009288424,-0.019305572,-0.0029947201,-0.004747936,-0.00879038,-0.0031504284,-0.0015916378,0.018924925,0.0,-0.0055002966,-0.0049812277,0.0,0.014850356,0.012309466,-0.010815691,0.018711356,0.00701515,-0.008176219,-0.015383697,0.010517347
2019-03-22,0.0029311136,0.01143492,-0.0071283574,-0.0031956984,0.003273714,-0.010205882,0.02149542,0.005503471,-0.0019819636,0.015935495,0.0028482524,0.0034108716,0.005154563,0.010030753,-0.02357536,0.0099271005,0.0019436548,0.023366405,0.023247862,-0.02555065
2019-03-25,0.013902328,0.0065059243,-0.008628704,0.0018286966,0.020246174,-0.047067776,0.0,-0.000528495,0.0035981352,0.00285651,0.02120738,0.015145857,0.020287568,0.00062351127,-0.0036158753,-0.019140622,0.008167504,-0.00013976924,0.015720012,0.027833534
2019-03-26,0.014266224,0.013208976,0.013265924,0.0034757978,0.020779124,0.004137944,0.0,-0.017442271,0.014327767,0.020979363,-3.8897077e-05,-0.0047947904,0.011672169,0.008456514,0.029810892,0.019835569,-0.0044544213,0.01307702,0.040653136,-0.010983782
2019-03-27,0.019644987,-0.006487074,0.011710818,0.008367167,0.015576575,0.025189934,0.0040133228,-0.0008488409,0.02688215,0.0036724648,-0.009431076,-0.0004587373,0.005998215,0.0061844857,0.0035790575,0.0063059665,-0.0031483348,0.0020023948,0.064733654,0.027163144
2019-03-28,-0.0031012306,0.008549237,0.023286993,0.007510527,0.007103666,0.00768637,0.006177792,0.016932724,-0.0051711705,0.008306694,0.0049434397,0.014415611,0.024133211,0.008222515,0.0035351217,0.011152572,0.013928441,0.028052803,-0.001551622,-0.033187307
2019-03-29,0.00676446,0.010256459,0.011734098,0.02071058,-0.00021485474,-0.0108993985,-0.0031344618,-0.0002110678,0.027305018,0.0055905813,0.003481375,-0.024245769,0.008726549,0.007176858,0.0042210543,0.017557934,0.020645991,-0.011173129,-0.07614795,-0.030811142
2019-04-01,0.011928399,-0.0064079063,0.0070134834,-0.00773854,0.01122027,-0.0058653196,0.010492252,0.024962999,0.0054552276,-0.028782187,0.0019247241,0.021014258,0.00679951,-0.0065458952,0.019497331,-0.002558657,-0.009466974,0.016594913,0.03696852,0.017020842
2019-04-02,-0.017927455,0.020968886,0.0030415237,0.0,0.0017375393,0.023850556,0.0,-0.00023928985,-0.016684098,0.010413031,-0.006114576,0.018152263,0.0,0.014080041,-0.009063835,0.0051019425,-0.0035423487,0.0092612645,0.017797546,-0.0010528238
2019-04-03,0.01261205,-0.009369106,0.0087738205,0.0038915852,0.018450892,0.012078895,0.0035119196,-0.0025265096,0.027881388,-0.0035122964,-0.005384132,-0.0011029398,0.007220345,0.005421446,0.0029759307,-0.009841107,0.023927543,0.012254167,0.016621653,0.03354698
2019-04-04,-2.665351e-05,0.025841834,0.0022360357,-0.00899151,0.008633748,0.016521795,0.0018414925,-0.016673235,0.0,0.012113987,0.011713391,0.0059045567,0.010051493,0.010269103,0.006750175,0.010244094,0.013237889,-0.04037471,0.0015252475,0.016244225
2019-04-05,0.001826025,-0.00546647,0.011253702,0.0065986696,0.0148392385,0.013312187,0.0009212823,0.03759313,0.0066807834,0.009301377,-0.0055513866,0.024671663,0.017972544,-0.005431591,0.010671784,0.046946723,0.0,0.015473709,0.015838139,-0.012914925
2019-04-08,0.002771321,0.017207934,0.017428704,0.011087275,-0.00030562788,0.0017631474,0.0062187295,0.0089154,-0.007996541,0.0019593814,0.009822991,0.00032385465,0.020804232,0.011100131,0.0,0.011196499,0.0032697667,-0.0057761804,0.021784898,0.0031744088
2019-04-09,-0.0045019197,0.0042306096,0.011681032,0.018872807,0.0034774174,0.0008857186,0.017007615,-0.0030989882,0.0019827506,-0.010017713,-0.015398551,0.009634429,0.046054892,5.817996e-06,-0.0012034747,-0.00022891811,0.0019586633,0.03593501,-0.004260965,-0.06959215
2019-04-10,0.0,-0.014502475,0.0036203025,0.0015336778,0.0074756327,0.0029161538,0.010394206,0.031642772,0.0209745,0.004140305,-0.00796912,0.0022481408,0.013949289,0.005930764,-0.012644109,0.002768776,0.0,-0.017658118,0.015001432,-0.022552634
2019-04-11,-0.0034117317,0.0,-0.00020097647,0.0017646722,0.009397347,0.011075437,0.011049908,-0.018307185,0.006199797,0.0143246595,-0.0027961787,0.0129347155,-0.09831676,0.011006977,0.0066222297,-0.0075479415,0.0019454951,-0.010133227,0.0022021884,0.015828485
2019-04-12,0.0067880224,0.03893531,0.012390324,-0.004078556,0.0077982913,-0.020494677,0.009658716,0.004173722,0.0033076184,0.003824122,0.002798013,0.02599138,0.010647356,0.008878236,0.008097463,0.019655902,0.01649672,0.029407429,-0.016014041,-0.02749162
2019-04-15,-0.0005400188,-0.06611645,-0.016297404,0.011454357,0.0025109435,0.0043134047,-0.001075182,0.007533762,0.020314785,-0.00549675,0.026125707,0.002386337,0.010016696,-0.013548064,-0.005840509,0.017493473,0.0020601756,0.019166702,-0.0015828937,0.06908208
2019-04-16,0.012499304,0.04734052,0.0093494905,-0.009511916,-0.01577946,-0.07067789,0.00013724163,-0.024325838,0.0105562,0.0013309261,0.004094801,0.009642137,-0.001071399,0.010926114,0.0023706623,0.028313287,0.012686126,0.021388002,0.019877492,0.020450674
2019-04-17,0.0,-0.023632517,0.004010578,0.024080217,0.009230704,-0.00059590384,0.00036204635,0.016136095,0.029714232,0.010158312,0.018498315,-0.004677194,0.007187683,0.0069327047,0.0042477,-0.022222191,-0.008862737,0.00641444,-0.0026180893,-0.00086378545
2019-04-18,0.008683618,0.046570364,0.017423302,-0.012954459,0.018904548,0.021108491,0.011136217,-0.033186026,-0.0005939906,0.013054224,0.007536451,0.006797161,0.0045947316,-0.00019812147,0.014076994,-0.0057736244,-0.002541491,0.016547615,0.012897163,0.04765624
2019-04-19,-0.0040967627,-0.0012563363,0.006196446,0.0061834585,0.002797705,-0.0068824356,-0.0028126044,0.006442312,0.009565617,0.0033467063,0.0055654543,-0.016164958,0.024319578,-0.0011693866,0.017481113,-0.028156852,0.01319471,0.005379291,0.010980238,0.016059874
2019-04-22,-0.0042575505,0.017016433,-0.010597533,0.013872633,0.003733498,-0.015728395,0.0013821634,-0.008373818,-0.021130918,0.0,-0.0022207347,0.01781044,0.011519603,0.006814167,-0.0058571408,0.0110690305,0.011645816,0.002663346,-0.0019457084,-0.01577501
2019-04-23,0.019295184,-0.021032464,0.025171708,0.0069544497,-0.0014516586,0.00467534,0.01624891,0.03723165,0.0061506517,0.015654823,0.018060999,-0.0022009155,0.025292713,-0.004240316,0.0,-0.026783755,0.004367529,-0.022642072,0.011022321,0.0052839196
2019-04-24,0.0144265145,-0.014527218,0.00990787,0.00031925217,-0.002480245,0.06877802,0.0,0.0017369089,-0.016365001,-0.004642999,0.00078073563,0.0,-0.14182927,0.0025805156,0.0034850242,0.009672841,-0.0044495487,0.00993626,0.003348472,0.010320493
2019-04-25,-0.00864126,-0.0027297535,0.008912846,0.01093046,0.0100754425,-0.014644171,0.007075703,-0.020103043,0.0065384945,0.016119357,-0.0057448368,0.007003463,0.022594348,0.008199035,0.011770303,0.04662111,-0.010509735,0.019258173,0.008405029,-0.0046202242
2019-04-26,0.001350587,-0.026746951,0.00591913,0.014276403,0.0032474084,0.028779464,-0.01635674,0.016805893,0.0072798557,-0.02014129,-0.00039686175,-0.014031571,0.007962761,0.0075977757,0.012364396,-0.15200725,0.008336161,-0.003599408,0.0025274854,0.08713558
2019-04-29,0.01158086,-0.0033361195,-0.016206147,0.009302299,0.0065021263,0.012193113,0.00076929975,0.019412532,0.024194922,-0.011106724,-0.0062679686,0.017257854,-0.010158892,-0.0019135051,-0.00969988,0.06617327,0.019636115,0.024567273,-0.00087179,-0.0152975945
2019-04-30,0.013998096,0.07243723,0.016443528,-0.006867783,-0.015871849,-0.0018757989,0.010489448,0.022417212,0.01260139,-0.014830972,-0.005329335,0.00013272214,0.01012729,0.014386952,0.005654322,0.025723053,-0.0070380135,-0.016823912,-0.008178542,0.0041107037
2019-05-01,0.005836419,0.020311894,-0.00024225964,0.027172763,0.009763977,-0.0045799157,0.01778809,-0.0074457037,0.0,0.009194882,-0.013889693,0.024578743,0.037760798,-0.002077128,0.002981315,0.009127062,0.006807523,-0.03202219,-0.04370645,0.050713606
2019-05-02,0.015767956,0.037830357,0.011279127,-0.0072466824,-0.002226463,0.04583149,-0.00021423864,0.015644083,0.0017321887,0.008368159,0.018830946,-0.012920834,0.0020745134,-0.002129085,-0.01313647,0.005499342,0.0,-0.034415737,-0.003577171,0.009310894
2019-05-03,0.011170315,-0.0087926965,-0.028116954,-0.028176548,-0.013496507,0.021469845,0.0051409295,-0.02175272,0.010186819,0.00043280923,0.017834896,0.01281286,-0.06218233,0.0024732011,-0.00018411604,0.014198505,0.0,0.07483586,0.015683666,0.0020813209
2019-05-06,0.0047128187,0.0042682043,0.002484356,0.008118454,0.0044009043,0.021576716,-0.0010594537,0.017751284,0.016932957,0.0028512464,-0.0144479005,-0.009449237,-0.012019144,0.010652011,-0.00253945,0.021334046,-0.007469392,0.02907437,0.013884576,0.0033986485
2019-05-07,-0.008019973,0.0006734638,0.002001992,0.019340543,0.012516753,0.019462308,0.0126326615,0.003336776,-0.009384833,0.0030510984,0.018919647,-0.0033730199,0.0,0.0024362656,-0.046992276,-0.009483516,-0.0042105853,0.000657015,0.020817664,0.0
2019-05-08,-0.005343965,0.007557483,0.0042365873,-0.0043938914,0.004790376,0.006618647,0.01370263,0.026490869,0.018806325,0.0017915248,-0.015219562,0.027336935,0.06539794,-0.0033909874,0.01513912,0.0072809537,-0.006852515,6.166711e-06,-0.014103389,0.008642598
2019-05-09,0.009045684,0.004350762,0.00907813,0.003357452,0.0054823104,0.005329897,0.0042269756,0.015499807,0.0008315524,-0.0063146255,0.0,0.0065541035,0.015421194,0.015854761,0.008257049,-0.005045642,0.017273767,0.006047723,0.024063343,0.0066025243
2019-05-10,0.0032197621,0.008939988,0.014952861,0.02954172,-0.010560036,-0.0005287978,-0.00092025497,-0.0026300768,-0.043535873,0.0041150427,-0.0051588626,0.00055163226,0.025274074,-0.0018853033,0.023679774,0.009058365,0.0033438655,0.014787484,0.01891379,-0.0007426691
2019-05-13,0.012669385,0.0,0.0017194555,0.002768271,0.011845304,0.0,-0.0019894773,0.011684084,0.0075081037,-0.0024586092,0.011372348,-0.031118823,-0.05707115,0.014389815,-0.012462101,-0.00012359413,-0.005654632,-0.0027967158,0.014591235,0.017293118
2019-05-14,0.00044693286,-0.020062054,0.0027747944,0.015443873,-0.006026508,0.0062713916,0.013783885,0.034556583,0.009592101,-0.0021061634,0.005348642,0.014950879,0.024367228,-0.0066222246,0.016962957,0.002037946,0.0,0.027188014,0.010760707,-0.002047445
2019-05-15,0.0046252455,0.04050739,0.0073817824,0.00589134,0.020486832,0.00359591,-0.011887975,-0.005236832,0.027040021,0.0003500868,-0.0074259224,-0.024748331,-0.016186872,0.0073647876,0.012126341,0.021806875,0.0035545297,0.017061984,0.004528742,-0.004792255
2019-05-16,-0.010299336,0.02201997,0.00809969,-0.0014116289,0.008360407,0.00094947213,0.010096549,0.0040146587,0.00067523407,0.005322382,0.0043351417,-0.00045004708,0.021984657,0.003145003,0.0025692333,0.006921091,0.010946879,0.006465424,-0.0012098732,0.018101722
2019-05-17,0.0069262944,0.009564724,0.01563114,0.026554106,-0.009870425,0.0280271,0.010716031,0.009834606,0.029168976,0.011025672,0.019228285,0.040090546,0.0014330252,-0.01125895,0.012164598,-0.012225007,0.002202264,-0.007644092,0.010814268,0.0040280167
2019-05-20,-0.0017138546,-0.0068152025,0.010660327,0.002773483,0.0074312175,0.02528043,0.0014303356,0.0022160306,-0.010982348,0.0048778006,0.019310815,0.0019431305,0.004618528,0.0046709003,-0.015202645,0.0031996267,0.0005413784,-0.015389469,0.027891016,0.00486864
2019-05-21,-0.017776346,0.044327706,-0.0042936783,0.0025148585,0.021449195,-0.0011574758,0.022740068,-4.1908614e-05,-0.15160976,0.017737878,0.07062211,0.031015433,0.0073516923,0.033923935,-0.05897418,0.0,0.048305146,0.0015741753,0.038240097,-0.017776346
2019-05-22,0.085200906,-0.023344474,0.008041579,0.010896294,0.028637951,-0.0025385271,0.004842017,-0.012092658,-0.0092883315,0.01329523,0.020015134,0.011378131,0.003650326,-0.004373238,-0.04665998,-0.004445322,-0.0041169156,0.028987361,-0.1519912,0.085200906
2019-05-23,0.02310656,0.01330957,0.022846747,0.039088495,-0.0021982002,0.07267619,0.003709604,-0.0013268521,0.07368788,0.02802883,0.015251097,0.010735166,0.0001359903,-0.004786055,-0.00048157744,-0.008965037,0.0034588347,0.032979768,0.029469553,0.02310656
2019-05-24,-0.0014429038,-0.0072891237,-0.016522404,-0.010115967,0.064696044,-0.0026898747,0.0037560822,0.002575296,-0.009304974,-0.0023954015,0.026606848,0.006705181,0.026315983,-0.01738174,-0.03760107,0.020443367,0.02179511,-0.008658199,0.013783347,-0.0014429038
2019-05-27,0.02367336,-0.02313983,-0.0128810825,0.014336629,0.009270326,-0.003521081,0.012923082,0.019573534,0.019344652,0.0,0.007854024,0.018799342,0.02192331,0.023745028,0.059951555,0.001965197,0.006816404,0.0020964895,-0.0027880524,0.02367336
2019-05-28,0.025643958,-0.014651078,0.021346716,-0.009417852,3.5731205e-06,-0.012474784,0.0051591666,0.0014732594,-0.01348542,-2.8882749e-05,-0.014003723,0.046211764,0.015818078,-0.0010748174,0.018982785,0.01231096,-0.006763067,0.011859952,0.005567309,0.025643958
2019-05-29,-0.013139164,0.0073294207,0.0073612616,-0.0032799751,0.014136155,-0.0036325357,0.02149508,0.012382988,0.018210392,-0.0043690684,-0.007986307,0.024159981,-0.009580703,0.013153975,0.004227499,0.018788826,0.011511632,0.0020318776,0.014541104,-0.013139164
2019-05-30,0.017472552,0.010464688,-0.05979644,0.012472829,0.04653098,-0.017126163,0.00013665654,0.0052085295,-0.051341455,0.010441955,0.010728521,-0.037317865,-0.005371006,-0.0021715118,0.004160263,0.0022814241,0.020502366,0.009923448,0.023809835,0.017472552
2019-05-31,0.003670938,0.0014837385,-0.01564497,-0.032552302,-0.0077552595,-0.01693911,0.013945965,0.018081577,0.004102272,0.0074795596,0.019775216,-0.0015958826,-0.0029185854,0.0095810285,0.05909843,0.006599816,0.0039693397,0.0060904217,-0.0043010083,0.003670938
2019-06-03,0.010364894,0.016181909,0.0143933995,0.022321502,-0.037645258,0.005915915,0.00014209402,-0.0030215275,0.008021685,-0.02316601,0.023652367,0.002036304,0.021074392,0.004916197,0.019010758,-0.01177184,0.008567054,0.0075649037,0.021325229,0.010364894
2019-06-04,0.0028185702,0.0022512004,-0.0234218,0.0004238945,-0.023203544,0.022173164,-0.0080188345,0.008775717,0.010749436,-0.0059136357,0.0069993255,0.008685882,-0.013575037,0.003159228,0.016264947,0.0048726583,0.016220646,0.0091082165,-0.00046604805,0.0028185702
2019-06-05,0.009975284,-0.010028948,0.061709672,0.0070386874,0.04275511,0.011711271,-0.0021681197,-0.012949791,0.04463734,0.012646426,-0.0092829345,0.0076635857,0.021312796,-0.017867623,-0.02114804,0.016494628,-0.010471987,-0.018749645,-0.007185085,0.009975284
2019-06-06,-0.0048488,-0.01682311,0.0038121936,0.018921902,-0.010718506,-1.3551796e-06,0.0078089656,0.003433345,0.048803642,0.011396843,0.015843712,-0.0085590165,0.0068902094,0.037532926,0.019142613,0.0059927814,0.0066571883,0.010967346,0.024508659,-0.0048488
2019-06-07,0.0074488386,-0.1508747,0.014580938,-0.061650306,0.03619642,0.024673322,0.0053298706,0.03336857,-0.0014061267,0.01541922,0.008934724,-0.06179104,0.010413493,0.009387155,0.0094160605,-0.0023972322,0.001972252,0.0040374435,-0.052725058,0.0074488386
2019-06-10,-0.0047007967,0.0054914374,-0.0063531166,0.04101692,0.0059074205,0.01709195,0.013865437,-0.0011588119,-0.0063955258,0.005583825,-0.007906962,-0.0042837164,-0.023219544,-0.010550142,-0.016177116,0.02368665,0.0,-0.008271264,0.04001055,-0.0047007967
2019-06-11,0.008574297,-0.020205641,0.006845662,-0.00092063204,0.019191174,0.0015724766,-0.0024957517,-0.0015998046,-0.0012876558,-0.017216055,0.02599447,0.023765732,0.015365195,-0.0034632045,0.023115844,0.0,0.009747388,-0.012210179,0.02236218,0.008574297
2019-06-12,-0.0016901708,0.07645264,-0.010288713,0.012458492,0.063765794,0.019607965,-0.010197847,0.001666306,-0.002236676,0.015075777,0.017499158,0.026955396,0.021286126,-0.016328933,0.0014043216,-0.027695695,0.020366706,0.007379318,0.005639141,-0.0016901708
2019-06-13,-0.014702472,0.05617413,-0.027443757,0.008279865,-0.008282532,0.016417913,0.0028575493,-0.015329299,0.04374021,0.0022081751,-0.009231235,0.018902982,0.0033242244,0.015864076,0.012196958,0.010745062,-0.007761033,-0.016699275,0.026234696,-0.014702472
2019-06-14,0.016382819,0.0041191075,0.0,0.007857956,-0.01872049,-0.022945438,0.0037186556,0.021632295,0.008796586,0.005431485,0.028295392,-0.00061981677,0.013699978,-0.018276019,0.014718542,0.015767565,0.0,-0.00045764272,0.011037745,0.016382819
2019-06-17,0.047599815,0.038641654,0.03718681,-0.0021914244,-0.017990753,0.007972904,0.008964344,-0.046512276,-0.002257178,0.0018914103,-0.031743318,0.00028685003,0.019072147,-0.006826563,-0.012367183,0.0039885286,-0.0051697716,-0.0009446685,0.0011134556,0.047599815
2019-06-18,0.005616128,0.025369996,0.022372218,-0.003592054,0.005612755,-0.034690265,-0.00092101796,0.012212288,-0.0038786633,-0.004599798,0.028439436,0.0057852245,-0.020206487,0.0059460164,0.0059724557,0.0,0.015584852,0.011796316,0.0021365264,0.005616128
2019-06-19,-0.023878034,-0.012038232,-0.0044371183,0.0076553468,-0.037461318,0.032093324,0.0130585255,-0.008515782,0.0040103416,-0.004213422,-0.00067123986,-0.0069185183,-0.015284494,-0.030152263,0.0034993566,-0.00909935,0.005824706,0.015940217,0.049819145,-0.023878034
2019-06-20,0.0109479325,0.030371869,0.023693709,-0.0055803694,-0.015672548,0.004488299,0.012289502,0.011811533,0.00356444,-0.0053086127,0.018892922,0.022663357,0.0014035644,-0.0044654077,0.019348716,0.018712396,0.0032511675,0.0,0.016670188,0.0109479325
2019-06-21,0.017365418,-0.00512874,0.0082694655,0.00027463894,0.017543199,0.0126016345,-0.006627425,0.022419637,0.019846383,0.016508102,0.010580862,0.013277163,3.3976612e-05,0.037585225,0.0,-0.0035166352,0.006293204,0.015665527,0.030976044,0.017365418
2019-06-24,-0.037438735,0.03692224,0.0036591475,0.005162094,0.008356028,0.010950068,0.010218129,-0.0016606129,-0.004426753,0.015370658,-0.005101293,-0.030016135,0.0017264239,0.007474728,0.0116729,-0.009062845,0.015693808,0.0010837668,-0.021223135,-0.037438735
2019-06-25,-0.0010498643,0.0017903815,0.016097672,-0.012121316,-0.06477774,-0.041714765,0.002228631,0.022730974,-0.031859554,-0.017571121,0.015075265,-0.0018060273,0.007453032,0.022076778,0.0025642987,-0.0032819961,-0.005787957,-0.010265883,-0.016462669,-0.0010498643
2019-06-26,0.057664763,0.0,-0.0035071494,0.02526444,0.024883172,0.02386945,0.012348636,0.0059254714,-0.0017577962,0.0027720176,0.009957998,0.04359297,0.01505209,0.018472608,0.0069418387,0.005546033,0.0020350653,0.00034376353,-0.0562985,0.057664763
2019-06-27,-0.052409504,0.014011872,0.0034130963,0.011397252,-0.0023239483,0.016168639,0.016455114,-0.00567356,0.0018836826,-0.028194705,-0.022573713,0.0017787745,0.015508928,-0.021159384,0.0007960582,0.008718998,-0.006194929,-0.0038531912,0.0031158428,-0.052409504
2019-06-28,0.0006245546,-0.0010611522,-0.0060129375,0.0053953435,0.02492916,-0.0021785914,-0.00960725,0.015251512,0.00956488,-0.0069568628,0.064098164,-0.020765051,-0.015843766,-0.0094872285,-0.0021076445,0.0071870405,0.015030152,-0.005685931,0.002544694,0.0006245546
2019-07-01,0.01824755,-0.0068768123,0.0012680549,0.0,0.0147765605,0.017949244,0.0,-0.002146846,0.009206222,-0.016225634,-0.005517903,0.01692814,-0.0046970015,0.01541575,0.014719185,-0.0005480147,0.0013501806,-0.013415775,0.005456698,0.01824755
2019-07-02,0.023806375,0.0149011,-0.009073849,0.014401232,0.019820902,0.017461201,-0.0048092627,0.011180253,0.024560066,-0.014022432,-0.014769246,-0.0025514825,-0.0020418915,0.009926,0.0057670856,-0.019506944,-0.031115817,0.0035906166,0.0710356,0.023806375
2019-07-03,-0.01949138,0.008366836,0.0049804975,0.009900411,-0.0034118325,0.010264252,-0.006107053,-0.0015504803,0.0013224152,0.04203356,0.010516638,-0.021235064,0.011938488,0.0077092703,0.012293017,-0.0044114143,0.004050728,0.0018975879,-0.0031688616,-0.01949138
2019-07-04,0.034753434,0.04769231,0.016657282,0.011327869,0.0018333943,0.009371382,0.030051047,-0.016296243,-0.0002866635,-0.06977729,-0.00023445378,0.0026577292,0.003482742,0.00085360743,-0.007958567,0.0056589614,0.0042849677,0.01885607,0.012828913,0.034753434
2019-07-05,0.0016384961,-0.0068871393,0.0072052954,0.017502697,0.039246652,0.0032643946,0.006983228,0.0075256824,0.007478522,0.010586652,0.011496879,0.027707001,0.0028273254,0.011253797,0.016733795,0.0005820679,-0.0012461762,-0.0026727847,0.018778915,0.0016384961
2019-07-08,0.015202925,0.021864679,0.023653416,0.015965518,0.0118648475,0.03852146,-0.0045672543,0.018750066,0.0050172172,0.0018201175,-0.012042089,-0.039281044,0.022358857,-0.036930796,-0.0032655764,0.002641893,-0.011833426,0.01795353,-0.0068747136,0.015202925
2019-07-09,0.009675543,0.007649685,-0.0032717958,-0.008110396,0.002830134,0.018909173,0.014491364,0.0056068534,-0.013937971,0.020738924,-0.013507681,-0.13778916,-0.014891406,0.00057546236,0.023820922,-0.005838914,-0.00056305557,0.00025274215,0.027287284,0.009675543
2019-07-10,0.000496241,-0.023288375,-0.004838531,0.019289559,0.046102706,-0.0030595732,-0.010947249,0.0,0.021380002,0.008613005,0.021357138,0.029668188,-0.0010812188,0.021408439,0.0041088066,0.0036452594,0.023632552,0.010822095,0.012239127,0.000496241
2019-07-11,0.0029808478,0.0003876384,0.020573199,-0.0037652405,0.0052874144,0.004879225,-0.009497623,0.012422773,0.010164561,-0.0046373717,0.0150145115,-0.035160933,0.0071985666,0.0075583076,-0.0038493276,0.00047577056,0.0,0.0019729687,0.009703324,0.0029808478
2019-07-12,0.036632378,0.012843841,-0.014568689,0.028351452,-0.0009093826,0.01054888,0.008899894,0.022581827,0.030504521,0.0099802865,0.0005299237,0.019034244,-0.017989947,0.019479005,0.0,1.518006e-05,-0.009777726,-0.018350413,0.004468006,0.036632378
2019-07-15,-0.004530701,0.03902675,-0.021646302,0.016862337,0.010667526,-0.0094402,0.011817691,-0.01005325,0.037592117,0.024445508,-0.007996776,0.04759175,-0.025118578,0.012459308,0.006019712,0.0017444382,0.023578357,-0.023130344,0.009502611,-0.004530701
2019-07-16,0.0061054956,-0.020659974,0.025285004,-0.0026786712,0.022122698,0.0031061121,-0.0018503722,0.0031602092,-0.0046982,-0.0047936076,0.011334748,0.005286748,-0.02305088,0.0006114605,-0.009341838,0.0016911261,2.7150378e-05,0.00929097,-0.013075477,0.0061054956
2019-07-17,0.012269731,0.021294393,-0.0031699492,0.012836843,0.0031272436,0.027861394,-0.010095232,-0.0031028525,0.008709897,0.010561575,-0.0053481963,0.0027709808,0.004302909,0.01893663,0.016207887,0.0035871905,0.0037119903,0.01658332,0.0056250696,0.012269731
2019-07-18,0.017962744,-0.013773915,0.014695041,0.002779075,0.0070587723,-0.006618089,0.0071618143,-0.014167744,0.020049462,0.009279998,0.0233038,0.025144503,0.02397315,-0.027550535,-0.001606623,0.025373077,0.011039247,-0.008953709,-0.0046578175,0.017962744
2019-07-19,-0.0046704193,0.006279773,0.010380049,-0.005383227,0.036616333,0.011312311,0.015913907,-0.005593559,-0.0071462197,0.007189402,-0.016780501,0.00029654326,0.053130608,0.0027504817,-0.001107956,0.0077470415,-0.0021755018,0.00867816,0.008017003,-0.0046704193
2019-07-22,0.003989487,0.040835194,0.014358668,-0.0048327814,4.854025e-05,0.028248213,-0.004890356,-0.022803541,-0.023466634,0.010293313,0.020519221,0.0013821272,0.0086575365,-0.026268918,0.002920889,-0.012510435,0.009003259,-0.0036263098,0.026587611,0.003989487
2019-07-23,-0.010101762,-0.0001819221,-0.03473378,0.0039127083,-0.029921286,-0.015369986,0.0051421025,0.0047127283,-0.007905679,-0.005384986,0.017923368,0.010957543,0.018765401,0.02450251,0.007849169,0.016914109,-0.02172903,-0.0077929134,-0.010611112,-0.010101762
2019-07-24,-0.002762589,-0.014814609,0.028474914,-0.007551954,0.08068517,-0.0061938935,0.0029732636,0.007902227,-0.015352146,-0.0027926206,-0.008317462,-0.0061095534,0.013742306,-0.0014257892,0.0048567783,0.003059318,0.013158145,0.016415447,0.029827382,-0.002762589
2019-07-25,-0.003695031,0.0014707724,0.003359264,0.018531593,-0.0030133964,0.013252012,-0.0058287606,-0.024233935,-0.007556865,0.007699636,-0.0033067265,0.020913167,-0.005329993,0.005082371,0.004554046,-0.018418867,0.0053045424,-0.0003882606,0.015854405,-0.003695031
2019-07-26,0.028656706,0.03703154,-0.015757632,-0.002392792,-0.0045312075,0.019528234,0.0075086993,0.004585703,0.018306276,-0.033245232,0.0,-0.0023716372,0.0014121968,0.00047577563,0.0032628344,-0.019878408,0.0061773374,0.002519348,-0.012258219,0.028656706
2019-07-29,0.0111475205,-0.014750347,0.0006361525,0.018303078,-0.0069638263,0.012130872,-0.00079029787,-0.0020367857,0.023688933,-0.00017093122,0.0,-0.0041966187,-0.023158442,0.011734953,-0.024422502,0.018469417,-0.00068610866,0.007906244,-0.0012499194,0.0111475205
2019-07-30,-0.0055166446,0.0045705694,-0.010834884,-0.028514717,-0.060244594,-0.003756362,-0.019799564,0.008478212,0.012869591,-0.05499854,-0.015685948,0.025290137,0.0080207335,0.0077247885,0.023713453,0.0046416023,0.03364245,0.0012411203,0.018816398,-0.0055166446
2019-07-31,0.015281773,0.027572073,0.02529758,0.013887967,0.015493808,0.002750174,-0.01536688,0.023483858,-0.00770443,0.01104285,0.02735483,-0.03339076,0.0058841165,-0.009677432,-0.010012354,-0.00061599235,0.010817549,0.00557812,-0.1519046,0.015281773
2019-08-01,0.0065174545,0.0024462747,0.008266541,0.014740134,0.0039893193,-0.0016852706,0.0,0.009668641,0.00856403,0.0091253435,0.06012636,-0.013881563,0.0037323246,0.022959746,0.0,-0.0021839533,-0.0097621335,0.0007013671,0.015228888,0.0065174545
2019-08-02,0.0,0.0,0.02202107,-0.003998254,0.038784076,-0.017469462,-0.00020988764,-0.006299252,0.00079639856,0.03954116,-0.0046644844,0.01324418,0.014966691,0.0058057536,0.01037952,0.010126136,0.010322274,0.0036413078,0.042556033,0.0
2019-08-05,0.024146413,0.002168137,-0.014004108,-0.0056844535,0.0,-0.017209893,0.027330589,-0.00061074295,0.010564038,0.006658883,-0.10650344,-0.0018858697,0.010950862,0.0045161895,-0.019914132,0.0076270495,0.010803631,-0.006276821,-0.005037483,0.024146413
2019-08-06,-0.0046600983,0.027798338,0.0,-0.0055275327,-4.9255417e-05,-0.01941322,0.0217881,-0.011813629,-0.013430002,-0.013503828,-0.002374819,-0.022953255,0.030013919,0.022323174,-0.009403689,0.014189471,0.015820703,0.0013373717,0.017029705,-0.0046600983
2019-08-07,0.03162178,0.016950577,-0.0074250433,0.028418286,0.019572927,0.010786833,0.0048413845,0.010289235,-0.0068836,0.03752426,0.0105308,0.0072246892,-0.003651895,0.017188571,-0.019393023,0.02005976,-0.0051128874,-0.015585262,-0.012129835,0.03162178
2019-08-08,0.005994894,0.0106619075,0.005664536,0.0062307916,-0.00942504,0.017741,-0.0010102729,0.013439308,0.0,-0.0053834263,0.0017989782,0.034490056,-0.0009779094,0.026540803,0.008111109,-0.0067179217,-0.015534588,0.0076368176,0.028589875,0.005994894
2019-08-09,0.0011485786,0.005601854,-0.0068111336,-0.001053116,-0.004875987,0.009958432,0.0073630842,-0.014759619,0.0,0.0011959939,0.038050678,0.0073791766,0.0036583706,0.0056452444,-0.0017185032,0.0051394063,0.011960257,0.020540148,0.05331925,0.0011485786
2019-08-12,0.011436823,-0.012350155,0.015985636,-0.00254044,-0.0028082253,-0.01568015,0.0007702008,-0.0010787777,-0.006466622,0.019317297,-0.0121028945,0.019594707,-0.005579768,0.007090043,-0.068222865,0.015338705,-0.007345892,0.004172305,-0.01704082,0.011436823
2019-08-13,0.001273385,0.029893402,0.018725151,0.007009075,-0.027568476,0.011819402,0.002663004,-0.01714007,0.0020094644,0.00035007577,0.0126539115,0.024845392,-0.032523748,-0.0063160486,0.012180105,-0.007242504,0.0,-0.007793641,-0.028156385,0.001273385
2019-08-14,-0.007989298,-0.006849476,-0.0012570536,-0.002438841,-0.007317641,0.020924255,0.0050448277,0.027538212,-0.005194231,-0.00024203677,-0.014195661,0.0026073002,0.019707607,0.008654198,-0.020060789,0.012466091,0.0,0.0071468716,-0.0040111756,-0.007989298
2019-08-15,0.022238458,0.004127747,0.008441678,0.009740387,-0.006878211,0.008809529,-0.026607292,0.004766945,-0.0055501685,0.020156326,-0.00218772,0.017992103,-0.00049820193,-0.00068989623,0.020061886,-0.009840952,-0.002007505,0.0050554485,0.016605703,0.022238458
2019-08-16,0.0056321113,-0.040913086,0.0047033844,-0.0071352273,0.058737494,0.012392387,0.017667491,0.004465587,0.014078476,0.015613501,0.0,-0.00052688346,0.022181679,0.025517803,-0.015397126,-2.313338e-05,0.006927598,0.0026246568,0.015321281,0.0056321113
2019-08-19,-0.032005124,0.0033196076,0.05132217,0.022450367,0.018289205,-0.03643794,0.023134738,-0.0003823965,0.020657634,0.0023617365,-0.007796406,0.0112548,0.010910174,0.020550862,0.014623317,0.036767658,0.0018175688,0.006805191,0.029161887,-0.032005124
2019-08-20,-0.023456387,0.04764249,0.003446512,0.015783064,0.017899636,0.014643458,0.0069953287,0.0056732898,-0.013986314,-0.012653457,0.000877266,-0.0013936037,-0.0052870284,0.015726153,-0.01578759,0.017660428,0.061748516,0.0072557377,0.025498608,-0.023456387
2019-08-21,0.03944921,0.023435451,-0.003410044,0.011386527,0.010683009,0.0015255585,0.0054907254,-0.02414104,-0.0023024066,0.01892366,0.0046476633,0.030679861,0.0065576877,0.02626561,-0.0014050594,0.0016006585,-0.004932955,0.02197519,0.0020946397,0.03944921
2019-08-22,0.0,0.011363511,0.031169409,-0.02486383,0.014080086,0.02021587,-0.0018040608,0.033428688,-0.0012671177,-0.037814185,0.012229236,-0.00076008914,0.012658016,0.01610724,0.009908099,-0.0052851965,0.008102044,-0.0029422436,0.014633652,0.0
2019-08-23,0.02927377,0.028333483,0.006708456,0.0051720785,0.023041828,0.00016359257,-0.0019562112,0.0046895943,0.01749566,0.0014118454,0.0121323075,0.07562337,0.005567083,0.025413658,-0.010069112,-0.016676685,0.02038542,0.019512543,-0.009195821,0.02927377
2019-08-26,-0.0446653,0.021579297,0.023404127,0.013260058,0.0050559454,-0.010919066,0.027588235,0.015940452,-0.015135339,0.007579251,0.037794717,-0.13980845,-0.0006310279,-0.017846996,0.0055833193,-0.005724724,-0.00079213246,-0.0010491917,0.003962974,-0.0446653
2019-08-27,0.07801954,-0.009833714,0.010273525,0.015700527,0.0009990956,0.01009959,-0.0010299664,-0.021491034,-0.014758771,0.0150810825,-0.01460901,0.043901805,-0.008944015,0.013294096,0.022772446,0.012186837,-0.0073942463,-0.012166514,0.011923287,0.07801954
2019-08-28,-0.001193536,-0.003975329,-0.0036411593,-0.0049315477,-0.0011907069,0.017053755,0.007837971,-0.011484687,0.027324144,-0.0057864645,0.022279862,0.045619678,0.01169551,-0.0037310598,-0.010381845,0.0057748803,-0.06220758,0.026224395,-0.023993976,-0.001193536
2019-08-29,0.015106572,0.011553405,-0.004834817,0.01639569,-0.012032445,0.011878981,0.01697595,-0.0008409528,0.0030678478,0.0041060997,-0.04242368,0.012142623,-0.0053289677,0.0039120964,0.008356389,0.0015107455,0.029732203,0.008390499,0.003772507,0.015106572
2019-08-30,0.0033463761,-0.028177978,0.0032368388,0.019139903,-0.002229674,-0.01690536,0.014152045,-0.008104807,0.01602561,-0.023266228,0.022767065,0.014545364,0.0032575196,-0.009685888,-0.0033042717,0.03646672,-0.016798584,0.013931741,0.022679286,0.0033463761
2019-09-02,0.030548325,0.040415425,0.009018122,-0.00053113804,0.030938677,0.011296964,-0.006146529,-0.011443722,0.0030667814,0.022092842,0.04674009,-0.0034764358,0.008441567,0.007244105,0.008389374,-0.0036750298,0.030178849,-0.025121525,0.020575427,0.030548325
2019-09-03,-0.043842927,0.0060058176,-0.037417572,-0.12590927,0.0048194476,-0.032957803,0.010260866,-0.005251125,0.009750077,0.005100637,-0.012115497,0.025849413,0.012957405,-0.006575801,-0.011327704,0.028409723,0.013674868,0.011805229,-0.019535312,-0.043842927
2019-09-04,-0.0021989003,-0.017828349,0.021166645,0.0040947325,-0.0076063047,0.0,0.0068101417,0.030917972,0.0102678565,0.0033426264,0.004863054,-0.0045651975,0.0,0.0019891718,0.018488135,0.0063343397,0.023697454,0.009587583,0.03760477,-0.0021989003
2019-09-05,0.008136219,0.016679985,0.011765513,0.0033186194,0.026557792,0.027224435,0.0127201,-0.015224841,-0.0023463208,0.0057210447,0.005883206,0.0391876,0.0010463352,0.00057945226,-0.017905088,-0.0024016036,-0.023249697,0.03001658,-0.015298013,0.008136219
2019-09-06,0.012549686,-0.00012179239,0.013672502,-0.0006586512,0.021438308,0.0046709096,0.013427174,0.021947157,-0.010809819,0.0063575553,-0.001259283,0.012912629,0.012413235,-0.023545953,0.0111959,-0.009408734,-0.05126045,-0.018578041,0.04087141,0.012549686
2019-09-09,-0.0005998232,0.0073479083,0.006609928,0.022554265,0.001790669,0.02734215,-0.011469752,0.014745748,0.02219533,-0.0009298714,0.02538676,-0.024692455,0.00087553187,0.0037397314,-0.0014032066,-0.006553385,0.07598397,-0.01739284,-0.009018924,-0.0005998232
2019-09-10,-0.010640129,0.015011322,0.0,0.003100641,6.193094e-05,-0.003681843,0.005342395,0.016318442,0.032941274,0.010732628,-0.056830134,-0.009985061,0.012924798,-0.005942116,0.0016328047,0.0,0.020563759,0.0384114,0.019471236,-0.010640129
2019-09-11,-0.0077261715,0.0050368505,-0.002244427,0.003435634,0.006219764,-0.009231357,0.0005630225,-0.002532991,0.001664635,0.0,0.06416339,-0.0021947152,0.003124678,-0.059750125,0.008252393,-0.003596317,-0.02082906,-0.028528292,0.010599968,-0.0077261715
2019-09-12,0.0073479814,-0.014165506,-0.0025498816,0.011770633,0.00490588,0.008217464,-0.004236403,0.043890744,-0.06401652,0.003068728,0.027022755,0.019647272,0.017914409,0.0056967605,0.014007164,0.047841605,0.0004690011,0.0018353728,0.002536076,0.0073479814
2019-09-13,0.027171595,-0.0042141736,-0.00217673,0.012796426,-0.0060488894,-0.016081762,-0.0005489377,0.004095935,-0.004574836,0.010201393,-0.00097189285,0.01387382,0.0018644923,0.03823183,0.019182766,-0.02639103,0.0020685466,-0.00010234819,0.007866782,0.027171595
2019-09-16,0.019710144,-0.007091865,0.009245583,0.00996651,0.0019506441,-0.0023385661,-0.008948145,0.024891887,0.0,0.0037395207,0.0027933973,0.032217816,-0.004575083,0.06466256,0.003421771,0.027853817,0.015472911,0.021994326,-3.5782166e-06,0.019710144
2019-09-17,-0.0014772834,0.010194483,0.009716204,-0.00017603052,-0.019444156,-0.0027482805,0.021467093,-0.0152659705,-0.0024971066,0.00701515,-0.0054831225,0.016684847,0.010185052,0.0069905673,0.0019784637,0.013355028,0.0048024696,-0.0031379003,0.007288458,-0.0014772834
2019-09-18,0.0031616967,-0.03137518,-0.016672881,-0.00634599,0.005039421,0.05245541,0.017024562,-0.00831132,0.0046095075,0.0019436548,-0.005097406,0.0077004763,-0.003893683,0.03386277,-0.002539404,0.012251805,0.013038854,-0.015714148,0.022333965,0.0031616967
2019-09-19,0.008629601,0.0010941315,0.010439394,0.008475468,0.0045903707,-0.009029659,0.008571378,0.00031927772,-0.012690061,0.008167504,0.029122144,0.057421286,0.0030603576,-0.010735485,0.003088297,-0.0053537944,-0.0028738107,0.0048554004,-0.0062799715,0.008629601
2019-09-20,-0.010209899,0.023554264,0.009453321,-0.012424199,0.0014810492,0.018651089,0.023743903,0.022017557,0.047586314,-0.0044544213,0.009148882,-0.0017618898,0.004687166,-0.02819112,0.0021591277,0.025379216,0.025254102,-0.011809362,-0.0029745214,-0.010209899
2019-09-23,0.020334877,0.010808198,0.012570933,0.017920833,0.004620593,0.0018004302,-0.019429987,0.010199241,-0.0025215053,-0.0031483348,0.012756227,-0.02025155,0.015938504,0.042772803,-0.00282368,9.6639915e-06,0.023078231,-0.005625335,0.012227926,0.020334877
2019-09-24,0.022128943,0.06651198,0.010878723,0.017463032,-0.0108579695,-0.021326154,-0.01643185,0.022679262,0.016962176,0.013928441,0.010095493,0.06401115,0.009580985,0.04298889,0.015012977,0.008520421,0.009221455,0.023002936,0.0071852636,0.022128943
2019-09-25,-0.0035025084,-0.013848353,-0.0057503516,-0.017795715,0.010944261,0.0014576043,0.011817779,-0.013494824,-0.0020498883,0.020645991,-0.03742727,0.0031770573,0.0,-0.0053800363,-0.01417335,-0.0037591157,-0.0007843146,0.01944904,0.00016845157,-0.0035025084
2019-09-26,-0.042224243,0.038307957,0.0,-0.015084201,0.0008810225,-0.018811345,-0.0013854526,-0.00816025,0.016857803,-0.009466974,0.004183058,-0.004076078,-0.0042795637,0.010206605,0.0054387837,-0.009293968,0.024587192,-0.05235371,0.012526163,-0.042224243
2019-09-27,0.03638685,0.00783572,0.01143352,0.017573515,-0.012873597,0.0085873725,0.012662836,0.015849091,0.00995044,-0.0035423487,0.015921947,-0.022719422,0.0038349656,0.0060260217,0.0154110035,-0.0031542566,0.011128384,-0.01873973,0.0,0.03638685
2019-09-30,0.018920636,0.0143741425,0.0,0.0035461516,-0.010209293,-0.01804673,0.010588686,0.012458862,-9.618753e-05,0.023927543,-0.0048466837,0.0017441623,0.01698309,-0.008724061,0.009786066,0.012491066,0.0,0.08267586,-0.0022579066,0.018920636
2019-10-01,-0.0031042497,0.004987056,-0.0074663237,0.007488978,-0.01668556,0.026988538,-0.017449157,-0.008789397,0.0083446745,0.013237889,0.023288392,0.04507193,-0.010515475,-0.07961468,-0.0067121,0.007205617,0.014911258,-0.0033087293,0.008655212,-0.0031042497
2019-10-02,0.004779824,0.04685252,0.017703362,-0.016208746,-0.0029025767,0.030590344,0.020849671,0.029946601,0.0083617745,0.0,0.0053998474,0.015538029,6.4805055e-05,0.017496638,-0.009289655,0.001536576,0.050760433,0.038919374,-0.005778452,0.004779824
2019-10-03,0.02266692,-0.0055169365,0.012514866,0.036545306,0.005021902,-0.0007716577,0.010406114,-0.020545289,0.004471559,0.0032697667,-0.00026840778,0.018767161,0.012706438,0.0014422796,0.017106311,0.017981373,0.0047076354,-0.15252975,0.0036792434,0.02266692
2019-10-04,0.0068732873,0.010246394,0.0007292147,-0.0072665354,-0.0072395755,0.05315092,-0.0002912156,-0.00039754462,0.027125912,0.0019586633,0.019631485,0.013587216,0.011343871,0.0064311977,0.013578471,-0.01536804,0.010409953,-0.01614539,0.00920012,0.0068732873
2019-10-07,-0.009635575,0.034881122,0.009756963,0.016717192,0.010079515,0.016861698,-0.011005132,0.0,-0.016171655,0.0,-0.0043799635,-0.012109187,-0.018969923,-0.001012248,0.00088963594,-0.019083912,0.015536889,0.037322924,0.0034169478,-0.009635575
2019-10-08,0.027923504,0.0009073891,-0.015373068,-0.098329745,0.0023256997,-0.00248661,0.0,-0.007393093,-0.01679141,0.0019454951,0.0065669143,0.007037203,0.0070664925,-0.007706903,-1.4728892e-06,0.037185375,0.00788502,-0.0054290574,0.015941963,0.027923504
2019-10-09,0.018021531,-0.016287547,0.015576757,0.016104734,0.011104959,-0.0032736876,0.021487713,0.009900754,0.0013122201,0.01649672,-0.0039036078,0.052666157,-0.0043935194,-0.004138954,2.2010385e-05,-0.0033622587,-0.019946473,0.007873655,0.01704815,0.018021531
2019-10-10,0.0075447587,0.010270793,0.009847559,-0.003990289,0.010549729,0.0077944444,0.012510573,-0.01600709,0.0065776887,0.0020601756,0.023754284,0.008582303,0.033215184,-0.0028933228,-0.004618942,0.0045977747,-0.0007963223,0.026912328,0.006165093,0.0075447587
2019-10-11,0.0039678463,0.025312463,0.00015408888,0.021826977,0.018852003,-0.0017894354,0.0,0.03475362,0.0070315883,0.012686126,-0.032210987,0.008577569,0.016598558,-0.0032600735,0.007816626,0.0,-0.0035394805,0.021439537,-0.020230426,0.0039678463
2019-10-14,-0.004756099,0.027208107,0.0026596533,0.0035664313,0.001922808,0.024188602,0.012392123,0.027481481,0.0034041088,-0.008862737,0.015988713,0.02170234,-0.0045521082,-0.0029466394,0.0039965995,-0.024176156,0.046470873,0.048043747,0.005815933,-0.004756099
2019-10-15,-0.02137851,0.049987048,0.020995477,0.009293149,-0.0074959286,0.013989371,-0.016920874,0.002977557,0.0022028086,-0.002541491,-0.019819207,-0.0037241671,0.00035402182,0.015538821,-0.061586455,-0.0031285551,-0.011282595,0.0050550937,0.0074442294,-0.02137851
2019-10-16,-0.0008060268,-0.014945378,-0.051446438,0.01693108,-0.0026724366,0.021437773,-0.0025225806,-0.0025947448,0.010764267,0.01319471,-0.0012524221,-0.022526944,0.005811903,0.016452692,0.023572903,-0.023286033,-0.019552754,0.008620431,-0.018870769,-0.0008060268
2019-10-17,-0.007442446,0.0148937255,0.0035775353,-0.0042484347,-0.010047401,-0.042884037,0.037708193,-0.0004006564,0.018785043,0.011645816,0.023411997,0.008414017,0.009515255,0.0092816,-0.017361186,0.014710951,-0.023766493,-0.00028628195,0.004892459,-0.007442446
2019-10-18,0.011622467,0.0038777492,0.000857684,0.016801886,0.0011489302,0.014127942,0.006275522,-0.00844943,-0.0048768497,0.004367529,0.020170681,0.0026267024,0.011111025,0.009923258,-0.006196464,0.013377074,0.034691233,0.023618232,0.009382067,0.011622467
2019-10-21,-0.01891558,0.006266054,0.0065969722,0.0035577544,0.018633548,0.0068925465,-0.001241681,-0.0065602455,-0.026586747,-0.0044495487,0.011729074,0.0074998904,0.0023227776,0.0047141025,0.00240687,0.017902251,0.046837714,-0.029774023,-0.0076309927,-0.01891558
2019-10-22,0.047716215,0.0326634,7.567131e-05,-0.0010068042,0.017457603,0.0073254285,-0.005443369,0.015950406,0.011929554,-0.010509735,0.014579419,0.042947344,0.023075232,0.023245234,0.008656682,0.01890873,0.022586446,0.031433545,0.019799436,0.047716215
2019-10-23,0.017361257,-0.004140601,0.0012824228,0.002495691,0.011785242,-0.0039611086,-0.005809191,0.011724181,0.016749568,0.008336161,-0.018669993,-0.0005803674,0.00444877,0.013369968,0.010277192,0.00266004,0.020964552,0.00039054124,-0.017346041,0.017361257
2019-10-24,0.019526148,-0.14848852,0.004683645,0.008005392,0.015588869,0.009975952,0.012221824,0.02884137,-0.016660571,0.019636115,0.010708857,0.011012867,-0.031833794,0.015845958,-0.0129615795,-0.0033701833,0.001356159,0.014964954,0.022757411,0.019526148
2019-10-25,-0.016884487,-0.005315221,0.0,0.0005985689,0.0026173678,-0.027030729,-0.0032849323,0.0055752033,0.003934741,-0.0070380135,-0.013450826,-0.064575434,0.00376554,-0.019352153,-0.012445501,0.015691519,1.6227219e-05,-0.04499437,0.019319136,-0.016884487
2019-10-28,-0.013397973,0.012708618,0.004137872,0.009418231,0.0008543988,-0.002981993,-0.0072542923,-0.0019335621,0.014383706,0.006807523,0.007506237,0.065117374,0.005923842,0.0017441919,0.0075747515,0.0048312778,-0.022032429,0.029878845,-0.14128375,-0.013397973
2019-10-29,-0.028441869,0.013568719,-0.01833344,-0.0012165352,0.0023866245,0.018109428,-0.009006621,0.0082449615,0.005374027,0.0,-0.006813829,-0.014338672,0.0,0.045303043,0.022186337,-0.0032018318,0.021499772,0.007669044,0.034416653,-0.028441869
2019-10-30,0.011028842,-0.030795466,0.02434918,0.008258398,0.010862652,0.0067849224,0.025899572,-0.0015607603,-0.007684922,0.0,0.018654251,0.0073235817,-0.0006140016,-0.014681963,0.005046807,0.009883048,0.018259738,-0.0018402154,0.02314038,0.011028842
2019-10-31,0.021660669,-0.012054028,-0.0036692927,0.02636107,-0.0047553508,-0.008037394,0.021459088,0.0,0.0036177433,-0.007469392,-0.014194203,0.0057902476,-7.5642936e-05,-0.001976723,0.011755784,0.013481832,0.01722955,0.02020358,-0.034525417,0.021660669
2019-11-01,0.025352133,0.010486345,0.009809791,-0.02191126,-0.004864368,0.007379856,0.0062362137,0.004153194,0.026328249,-0.0042105853,0.00046392757,0.0020919675,0.016418139,-0.002660827,0.014108634,0.014065512,0.005305179,-0.006302453,0.04650465,0.025352133
2019-11-04,0.0032978817,0.02277418,0.009466882,0.010687454,0.00864906,0.004859922,0.0019698516,-0.0118618,0.012821307,-0.006852515,0.0020261537,0.023032993,0.0025789454,-0.11397408,0.0067819715,-0.00570756,-0.03205098,0.029243711,-0.005395424,0.0032978817
2019-11-05,0.039529838,-0.0046652635,0.030131372,0.009324729,0.012272268,-0.020829372,-0.0011874792,0.01759843,0.0059306906,0.017273767,0.008440576,-0.008171193,0.020803908,-0.010702129,0.004490516,0.0,0.018178146,0.04434288,0.010797194,0.039529838
2019-11-06,-0.0006716118,0.0016059587,-0.005918774,0.02293237,0.01049907,-0.012438337,0.0019051343,0.0051877494,0.004702156,0.0033438655,0.0119382385,0.022140285,-0.00038743782,0.02840917,0.017334685,-0.0029134345,0.027104072,0.0020665824,-0.0042167082,-0.0006716118
2019-11-07,0.0052387165,-0.008231595,-0.0025297813,0.029602347,0.008654577,0.07576765,0.008179747,0.023215417,-0.013241684,-0.005654632,0.0012771391,0.0,0.017695174,0.0,-0.006910276,0.021216104,0.0042876066,0.005007432,0.01434328,0.0052387165
2019-11-08,-0.00091265293,-0.012969948,-0.012691122,-0.0068548885,0.0,0.025377532,0.018527213,0.0032623599,0.011330204,0.0,-0.005428217,0.012867222,-0.0074770744,-0.01704152,0.013412434,0.029914262,-0.0058771623,-0.0024061932,-0.0020826138,-0.00091265293
2019-11-11,0.027101416,-0.012163312,-0.015546938,0.009127522,0.010811918,0.010506002,-0.00693804,0.015491819,-0.003001797,0.0035545297,0.01554067,0.007583788,0.016703589,0.011711248,-0.017392715,-0.0075641004,0.0016455009,0.014242529,-0.0020776845,0.027101416
2019-11-12,0.01442898,0.0011505404,0.02261543,-0.001394148,0.006422016,0.0053590187,-0.0023387608,-1.7643471e-06,0.02414182,0.010946879,0.017469034,0.0007303172,-0.016438663,0.026349565,0.0010059583,0.0016041067,-0.032177776,-0.019383859,0.007825494,0.01442898
2019-11-13,0.0052489126,-0.0081105875,0.013454146,0.008097221,4.5639536e-06,0.001973362,0.00035571813,0.015967846,0.022321256,0.002202264,0.009168439,0.028139371,-0.005105894,-0.0069786864,0.0051434375,0.004069277,-0.015378547,0.0,-0.03263506,0.0052489126
2019-11-14,0.047998715,0.020710457,0.0056013893,-0.024181267,0.007339144,0.0066116513,0.012742837,-0.01229902,0.014038856,0.0005413784,0.0143598365,-0.005248793,-0.017652526,0.011175743,0.007400036,-0.0085851895,0.0025064196,0.004235805,-0.0032852176,0.047998715
2019-11-15,0.023647908,0.046703525,0.039411284,0.0034758782,-0.0023968446,0.0008321001,-0.014944488,0.06949026,0.001959123,0.0031793097,0.00056913204,-0.00018696082,0.013529433,-0.0020216245,-0.014488891,0.007013824,0.03912273,0.026781894,0.07545554,0.008955272
2019-11-18,0.04629492,0.009143237,0.03768015,0.004693244,0.020093529,0.0007229329,-0.010523984,0.03715411,-0.0080097485,0.042823657,0.005675856,0.0,0.012369802,0.00718244,0.016870305,-0.0043980023,0.0008610255,-0.07416141,0.012435853,-0.003948961
2019-11-19,0.019056289,-0.0012662678,-0.029001176,-0.003182163,0.011636871,0.047231685,0.030417416,-0.00044884405,0.009073029,0.016976003,0.022986183,0.04735912,-0.0049185385,-0.020810816,0.06191104,0.03051618,-0.004271108,0.0065449467,0.021256885,-0.010051364
2019-11-20,0.0019816626,-0.007725563,-0.002017876,0.0015826417,0.023957932,-0.05833862,0.011284451,0.014322828,-0.0073144305,0.010462837,0.01736012,-0.015544926,-0.004320675,0.011391856,0.017465148,0.010519543,0.01191915,0.019723656,-0.0036282819,0.0026356543
2019-11-21,0.016665585,0.012410092,0.009107352,0.016285736,-0.0013987687,0.0031404458,0.016476559,-0.035071895,0.037610944,-0.029693903,0.003485181,-0.0023514365,0.010713406,-0.05497685,-0.0024732528,-0.0064722057,0.0,0.008088582,0.016634617,-0.029776415
2019-11-22,-0.0027270592,0.008549654,0.015858073,-0.036539935,-0.023599036,-0.030230353,-0.00012723675,0.0035325708,0.0015483546,0.02082517,0.023920238,0.0022325837,0.014521446,0.009214823,0.06831965,-0.0052530835,0.009692966,0.044963233,0.04154955,0.004674097
2019-11-25,-0.016735474,0.004325907,-0.026511194,-0.01282991,0.0059531927,0.04814893,-0.018256351,-0.0075693806,-0.0077732615,0.0033509408,-0.07248061,0.044989567,0.012954814,0.002234829,-0.014767591,0.00042421866,0.014954649,0.02814373,-0.01257521,-0.020107893
2019-11-26,0.0045856917,0.002725518,-0.011519558,0.041735116,-0.0020673464,0.0011808197,-0.01770045,0.010774541,0.005733107,0.0441988,0.02370972,0.023991028,0.0010294617,0.026725344,0.0065843435,0.009746993,0.020436509,0.00834184,0.006435569,0.0040653246
2019-11-27,-0.006172449,-0.017931473,-0.0031993056,0.02459396,-0.117136925,0.033130415,0.010480965,0.0102635175,0.0043064505,-0.016131643,0.005033589,-0.0023615903,0.0037438415,0.0063079065,0.02486562,-0.0019548803,-0.0015651576,-0.022121616,0.008589952,-0.07621195
2019-11-28,0.015984358,0.018187841,0.00997426,-0.0028516774,-0.038156703,-0.00081915886,-0.0010668379,-0.0067207995,0.0,0.0075043943,0.011551878,0.0,0.0050443453,0.01006088,-0.006322361,0.023328137,-0.0014740113,0.041571476,-0.0803623,0.019971402
2019-11-29,0.0014137914,0.0,0.012373938,0.010086145,0.07050495,0.030312384,0.004645488,0.03888214,0.013533695,0.015602401,0.011425005,-0.028030882,0.014974507,0.019258788,0.063937455,0.007823009,0.008468411,-0.007902386,0.045302536,0.029688116
2019-12-02,0.047842626,-0.015577359,0.023542369,-0.00041550718,-0.012273467,-0.050276224,0.014732593,-0.024950955,0.0027963943,0.01100868,-0.030588632,0.013614468,-0.012555143,0.00033510625,0.055748064,-0.011262531,0.0037297576,-0.004582089,0.0019384781,-0.0064487243
2019-12-03,0.008113532,0.0045944727,0.03864302,0.03233259,0.010942558,0.014300358,0.008538722,0.0065595587,0.029034568,0.02795766,0.0075186915,0.024815716,0.0021781628,0.0,0.010445343,-0.0070894803,0.01522153,0.07585734,0.018881762,-0.026858395
2019-12-04,-0.050204333,0.015533397,0.019255498,-0.018280217,0.0024401296,-0.010064951,0.0028951429,0.015567736,-0.003132772,-0.006891315,0.0,-0.014197338,-0.008556069,-0.017026773,0.026045436,0.003605698,-0.0010657648,0.016691037,-0.015270441,-0.017021103
2019-12-05,0.020581385,-0.03710931,0.00785733,-0.035922218,0.020028906,-0.06869225,0.008526909,0.0045031034,-0.009052006,0.011406278,0.0077795414,0.02525801,-0.0035442745,0.016253797,0.013484241,0.005360814,0.014702802,0.00094780524,0.00022063998,-0.011520701
2019-12-06,0.0099870935,0.06009147,-0.014609954,0.036615092,-0.0052140453,0.03745011,-0.014561442,0.0130760325,0.001444772,0.009103238,0.020088699,-0.0045281523,0.0008516886,-0.0008951575,-0.010245566,0.014386081,-0.008567734,0.021429054,-0.012057534,-0.017785251
2019-12-09,0.0038833492,-0.0016438642,-0.020898923,0.01182339,0.028014444,0.0052818563,0.010313356,-0.010540354,0.0012427316,0.010902764,-0.008976352,0.036814444,0.01353825,0.002194719,-0.026595024,-0.0037408527,0.013352393,-0.015677623,0.014809211,-0.04246895
2019-12-10,0.013326257,-0.0013771075,0.0038616115,0.017884571,-0.00040977166,-0.042951465,-0.0066672526,-0.009262102,0.027134592,-0.0005348579,-0.011666277,0.019746644,-0.031946756,0.007950734,-0.08765036,-0.007437831,0.019203525,0.008060775,0.021471893,0.023324559
2019-12-11,-0.00629779,-0.0020321535,0.0013596739,-0.025543295,0.012567839,0.046494443,0.011222364,-0.0059389602,-0.010010378,0.0029312528,-0.0029018677,-0.0025412638,0.0,-0.011252783,0.024593055,0.0056811753,0.0008372851,-0.020440284,-0.057478968,-0.030973531
2019-12-12,0.0053455825,0.0,-0.024684966,0.008249089,0.0013774317,-0.008441728,-0.017358545,0.018730411,0.018777285,-0.004286683,-0.0021316386,-0.01088671,0.012433389,0.019499185,0.08530429,-0.010059376,0.021552205,-0.010883969,0.0,-0.01058664
2019-12-13,0.016406205,0.01891629,0.02759627,-0.010127992,0.013651167,0.028509915,0.01006742,0.024826482,0.017133446,-0.008792214,0.039109286,0.046092954,-0.015572749,0.0,0.008241707,0.018655572,0.0,-0.008272988,0.00593984,0.03775934
2019-12-16,-0.006264217,0.0018094244,0.0072960462,0.019162295,0.021864144,-0.0020411306,-0.0019542908,0.021007333,0.003621304,0.0018099854,-0.009591243,-0.0027872792,-0.0030852426,-0.000607903,-0.0020446994,-0.014013777,-0.01357605,-0.003014527,0.017434258,0.007011741
2019-12-17,-0.0074220826,-0.0024119026,0.027179074,-0.01651178,0.0037781,0.001802539,0.0076569496,-0.01738198,0.0017434629,0.005550686,0.028273195,-0.007905065,0.01659648,-0.00063603406,0.059232302,0.011302067,-0.012633192,0.018855477,-0.0005189256,0.024217864
2019-12-18,-0.01523808,0.025435539,-0.0045791417,0.014778821,2.2900034e-05,0.08089669,0.017998977,-0.0017104147,0.011317176,0.014695899,-0.0021623368,0.020463144,0.014018943,-0.01498405,-0.029171726,-0.010506038,-0.00037145682,-0.015680226,0.007397869,0.010801914
2019-12-19,0.014371697,0.022031136,0.011403081,0.0008896787,0.0110540725,0.0035355894,-0.013052083,-0.010118314,-0.0036105271,-0.004829562,0.010500138,0.0,0.009677532,0.019049963,0.007305117,0.011602375,0.015825562,-0.006306938,0.013265201,0.0032686403
2019-12-20,-0.0039926376,-0.029476168,0.010491316,0.009591384,-0.0011912667,-0.005130401,0.0026294757,0.021974653,0.01620007,-0.017754965,0.015841495,-0.012430025,0.00046274983,-0.0066038175,0.037228126,0.021045573,-0.005013405,-0.02275021,-0.037075628,0.015911464
2019-12-23,-0.10348339,0.008459333,0.026345521,0.04510704,0.0015486248,0.018357964,0.006598227,0.004292998,-1.0453743e-08,0.013499569,-0.0025769097,-0.027481277,0.0050051278,0.0061499383,0.022767019,0.0047852993,0.021455627,0.008623695,0.0041218,-0.007202923
2019-12-24,-0.0028379555,0.0076537114,0.010949004,0.01762966,0.032138728,0.006598405,-0.009721,-0.021551147,-0.004521,-0.031902786,-0.002208151,0.04695019,-0.008460767,0.011931504,0.010763059,0.0040344163,0.0040458045,0.023453984,-0.0019689375,-0.0031877602
2019-12-25,-0.012638005,-0.038927115,-0.020832604,-0.010085747,0.003286683,-0.032577723,0.0072162547,0.023646353,-0.011342166,0.023930065,0.019413492,-0.14746083,0.00033717693,0.0021246194,-0.05393549,-0.003588901,0.0016612863,-0.0031745103,0.026619153,-0.021590844
2019-12-26,-0.013852891,0.023337685,0.008583553,0.028119566,0.0018621461,0.025982067,0.00086312124,-0.001140545,-0.028779764,-0.0039866692,-0.0074465605,0.0061050556,0.002365328,0.0013490585,0.0017863511,-0.0003738451,0.0020083836,0.0034729624,0.0068024346,0.004476593
2019-12-27,0.0058629937,-0.012779079,0.009141793,0.008363986,0.001812279,0.01653742,-0.0026168907,0.0061256955,0.038575675,0.007474183,0.004859238,0.029609593,-0.0033557469,-0.009617209,-0.007452654,0.010768424,0.014962404,-0.010077224,0.015878642,0.044179063
2019-12-30,-0.008836126,0.019477518,-0.021383284,0.0016087446,0.0,-0.0044371835,0.015010605,0.012234187,0.014715183,0.016768498,0.04308276,0.017012533,0.0,-0.00574829,-0.0072019906,0.010229082,0.009294722,0.010120153,0.015943019,-0.003852879
2019-12-31,0.021612387,0.012486064,0.0042784675,-0.007261067,-0.041467737,0.01717407,-0.0023933724,-0.007761295,0.0078052874,0.0050099175,0.010553096,0.004384852,0.008070646,-0.00741826,0.021865388,0.0049570897,0.015717387,0.06836163,-0.014159128,-0.0017710065
2020-01-01,-0.00951707,-0.00080677116,0.0206943,0.084705494,0.02625862,0.028837085,0.0032447285,0.027902855,-0.035120003,-0.0032240879,0.021749789,0.02589925,0.0108235525,0.015769599,0.009944454,-0.0010701808,-0.0062274565,0.021838902,-0.0012887679,0.011425274
2020-01-02,0.010971352,-0.0153468475,0.025951907,0.011982956,-0.0015954699,0.023320124,0.012823355,0.000776364,0.012981747,-0.0016915231,0.0066131144,-0.00411893,0.0,0.019257247,-0.021616975,-0.0005533069,-0.004865077,0.027260616,-0.036880903,-0.015802594
2020-01-03,0.03712411,0.0113075785,0.018789912,0.005117008,0.015036358,0.03150774,-0.015372585,-0.009394794,0.015608781,0.018836603,0.0061606816,-0.0048881783,-0.00019954755,0.012546151,0.018651392,-0.0038186163,0.010079694,0.03520007,0.003435955,0.062188253
2020-01-06,0.044072796,-0.011641087,-0.034963116,-0.0068956334,0.028158426,-0.022423666,0.02086094,-0.0013793767,0.02706356,-0.0024235186,0.020430125,-0.0032964216,0.0046861023,0.007922072,0.002880659,-0.01668948,-0.009623197,0.0,-0.110239096,-0.015918843
2020-01-07,0.0020350483,0.023732312,-0.0050992738,0.0034676997,-0.0034638934,-0.02643326,0.008438298,0.012358762,-0.050379142,0.0068253404,0.0072079482,0.0143605,0.00046172418,-0.001150607,0.025521854,0.0073594493,0.005585128,0.00322562,0.0,0.014679825
2020-01-08,-0.03653932,-0.0007796789,0.016932838,-0.011671142,0.016356967,0.011422278,-0.0016450895,0.016972903,0.02560905,-0.02416356,-0.008671179,0.012762543,0.0070247673,-0.001063739,-0.010349045,0.0139047755,0.00045378378,-0.019950317,-0.0076104198,0.018779963
2020-01-09,0.01791571,0.0102521535,0.025322286,0.010311029,-0.010393892,-0.011340919,-0.0025190886,0.017958734,0.03696728,0.043933455,-0.0046373466,0.0044418224,-0.0036479898,0.016402984,0.036539614,-0.013653629,0.019164473,0.00430104,-0.0033236167,-0.0036288153
2020-01-10,-0.0047243023,0.0072908187,-0.019628188,-0.0035618087,-0.010155193,0.022495039,-0.0020144444,0.0029356673,-0.0018440487,-0.00080583786,0.016510742,0.01772291,0.011301287,0.022296391,0.005251798,0.010974594,0.011772255,-0.0068939226,-0.0019067077,-0.080498666
2020-01-13,0.018977145,0.009969613,0.012638185,0.015356659,0.0027594722,-0.003252603,0.0026004934,0.012142939,0.023679178,0.012821185,-0.0011915409,-0.03425413,0.009937132,0.009213967,-0.019215321,0.0070245485,0.013937504,0.018612247,0.020126985,0.06465286
2020-01-14,0.024486138,0.0025380335,0.0012629466,-0.0093835965,0.0025058333,0.0066571464,0.0030616426,-0.015761072,-0.004109584,0.009587583,-0.008195325,0.015556272,0.0,0.0,0.0037029553,0.015904231,-0.018751135,0.02067417,0.0010841109,-0.0054384023
2020-01-15,-0.033074882,-0.0013966421,0.011607476,0.006060019,0.0029392478,0.008122873,0.01457575,-0.0052438164,-0.012368183,0.023764491,0.044744037,7.9057085e-05,0.01278256,-0.012005806,0.015517933,0.004163125,0.017412836,-0.0011295157,0.0065035503,-0.0048081484
2020-01-16,0.028418142,-0.0010318975,0.005373283,0.06567746,-0.013783915,-0.013781393,-0.008277274,0.02544063,0.0035544059,-0.017685575,-0.00062311493,-0.0071936385,0.007752579,0.019000137,0.0047120224,0.01690484,0.020684615,0.017956708,0.05110435,0.0065888236
2020-01-17,0.013079923,0.012089286,-0.0009872097,0.012341918,-0.0054537207,0.009837405,0.012888088,0.009126405,-9.480126e-05,0.023598688,-0.0027182647,0.0128297815,0.0,0.007315606,-0.0019624818,0.0071798805,0.014381594,-0.01101927,-0.0036148797,-0.0020143546
2020-01-20,0.006708851,0.0057500433,0.0,0.038493413,0.025617732,-0.0038003728,-0.003425663,0.0034550012,-0.012007954,-0.022078324,-0.034278817,0.013255618,0.0027503155,-0.009239368,-0.1525873,0.006381945,0.010021265,0.039252877,0.020228013,-0.034737647
2020-01-21,-0.01293917,-0.015199613,0.016219996,-0.005136867,-0.0069266963,0.0065235263,-0.014994841,0.0138738165,0.0026614624,0.021128641,0.03129089,0.0016275686,0.0092466,0.0011840592,0.021924583,-0.003997209,0.0074775056,0.046616185,0.0075465296,0.020594131
2020-01-22,0.022821384,0.010798669,0.0059118825,0.011081782,0.016590307,0.019333784,0.005653873,0.0050094724,0.010643357,0.0034088641,0.01718681,0.017438063,0.00654099,-0.0037244253,-0.0048187603,0.004002177,-0.01658074,0.007608987,0.0047038086,0.042250898
2020-01-23,0.0020030907,-0.055592604,-0.0086936625,0.010971711,0.0005263472,-0.024919668,-0.033408307,-0.0045990297,0.033009253,0.026511628,-0.003532317,0.018251678,-0.00020057902,-0.012663172,-0.024040382,0.0031757369,-0.06413799,-0.02309122,-0.0062743085,0.022768874
2020-01-24,-0.0064994493,-0.0044388776,0.0019902287,0.0059048445,0.0,0.026009008,0.0021930384,0.0010671817,0.0014293226,0.015795413,0.017619982,-0.0034079247,0.007042117,0.011076197,0.061274562,0.010456987,-0.0306699,0.0034836663,0.018483292,0.0255589
2020-01-27,-0.009630457,0.0239471,0.030788897,-0.014558374,0.004020274,-0.0087153,0.0,0.019873643,0.0038646865,-0.037418537,0.013713957,-0.007638327,0.0046142717,-0.003870661,0.029492816,3.9136612e-05,0.0,0.027207384,0.0031889062,-0.00038939124
2020-01-28,0.022050668,0.025490906,-0.0022847143,0.009654884,0.017772732,0.0,0.017303284,-0.017200004,0.017852439,-0.017755756,-0.0025329127,-0.00017916568,0.0013031184,-0.014233184,0.0062933927,-0.0103410855,0.013376751,-0.0011686368,0.02513425,0.00171405
2020-01-29,0.007386668,0.011885536,0.0156809,0.0,-0.00035415383,-0.0077450974,0.014122221,0.022252847,0.0025088275,0.009612391,-0.00031009503,-0.0060859974,0.004116459,0.0036632048,-0.03888915,0.0,0.0032034537,-0.0011464296,-0.0013577847,0.014005932
2020-01-30,-0.010938202,0.015934732,0.0,-0.0042157993,0.0154888565,0.007889004,0.011205609,0.006113307,0.014992499,0.018057803,-0.008617947,0.043384694,-0.0013242178,0.010958577,-0.030883078,-0.0005853082,0.043042056,0.039708246,0.004819892,0.003865899
2020-01-31,-0.020052351,0.012218213,0.0,-0.010964396,0.015201763,0.010998527,0.0023160486,-0.0020445902,0.0012589882,0.007461681,-0.0068775862,-0.02875972,0.0033972282,0.0032408854,-0.025092417,0.0014920923,0.008274691,0.019695684,0.007829114,0.0021697485
2020-02-03,0.011709748,0.01365025,0.01049189,-0.016648995,0.0034628867,-0.00579494,-3.6822923e-05,0.0041640843,0.0034529828,-0.0063744904,-0.0032119206,0.004603513,0.0023752302,-0.01572842,0.058120713,0.009478172,0.0031458978,-0.0055747656,-0.022141805,0.003241226
2020-02-04,0.00044661883,0.014383625,0.0018274949,-0.011056515,0.016794568,0.04068178,0.0075637507,0.0019370688,0.008678996,0.0,-0.0059319115,0.016607469,-0.0002897145,0.003899257,0.048280306,-0.00016121245,0.026773171,0.018492606,0.04782759,0.0
2020-02-05,-0.008141753,-0.0021443756,0.002390299,-0.023289649,0.010279772,-0.07057588,0.015626054,0.013928772,-0.008850378,-0.0014200603,0.014352041,0.012538055,-3.139348e-05,0.016770037,-0.13935338,0.0062661152,0.0023837301,0.0017657122,-0.05368997,0.04570342
2020-02-06,-0.0041565425,0.008472434,0.0109369,-0.026651746,0.0018740192,0.0018109726,-0.0025558223,0.0071074013,0.00053882983,0.012195229,-0.02894931,0.0,0.001517331,0.019294243,0.0068343948,0.00025944904,-0.020337448,0.021248458,-0.0045786146,0.007409558
2020-02-07,0.016515935,0.0011210234,-0.016565721,0.0069718016,0.013166516,0.037559327,0.015922459,0.0136782415,0.017979912,-0.008817126,0.019166641,-0.0046583447,-0.0022128774,-0.0009934702,0.0062864157,0.006743343,-0.0149189085,0.005845592,0.034421124,-0.0032839742
2020-02-10,-0.018830178,-0.0052153803,0.0045116674,0.068554126,-0.016298017,0.030763296,-0.01675204,0.0039012625,-0.0394384,0.008567612,0.012459906,-0.008729502,0.006555059,0.013367734,0.02544495,-0.002088454,0.0039727846,-0.008361774,0.0018924276,5.900289e-06
2020-02-11,-0.008228129,0.020744765,-0.01203742,0.019988507,-0.0033315362,-0.006608088,0.0072987545,0.02191594,0.0070333583,-0.022499844,-0.012444073,0.019582367,0.0036890223,-0.006257438,-0.026029754,0.0048627714,0.0,-0.006980885,0.035767432,-0.0045732874
2020-02-12,0.0014593146,0.00050296437,0.037299015,-0.02303501,-0.00044010134,0.0025626388,0.0005377664,-0.03655399,0.014526545,0.0041081146,0.022075,-0.0037141156,-0.002193249,0.008650503,-0.008965597,-0.0026373682,0.021714324,0.006918816,-0.00093200424,-0.009370774
2020-02-13,0.028464207,0.004325993,0.0,-0.0013935025,-0.023674114,0.07449318,0.0010429182,0.041679956,0.0,0.011286513,0.006949518,-0.009788814,-0.00049430487,0.033286605,0.0050279135,0.004664753,0.009249534,0.00703373,0.004730764,-0.0034332927
2020-02-14,7.698368e-05,0.01801359,0.009213091,0.010664473,0.009285673,0.015489342,0.014365231,0.024541771,0.020512616,-0.003823289,-0.010530064,-0.0068702777,0.015146385,0.029852998,-0.0013971736,-0.016247902,0.009152221,0.007541765,0.0019550994,-0.0010855158
2020-02-17,0.018501919,0.0116690695,0.013032157,-0.0016942726,0.00037896592,0.010216077,-0.001333833,-0.02192697,0.07896099,0.0036573547,0.006751701,0.0150127215,0.013213781,0.021469614,0.00538112,0.010649756,0.02620842,0.025562558,-0.0027984588,0.043734062
2020-02-18,0.008548711,-0.018615985,0.03653054,-0.005793357,-0.01794409,0.0055554532,0.038707376,0.028905403,-0.09784034,-0.0062639713,0.0008932026,0.05869531,0.0014528941,0.046551578,0.015659833,0.012057984,-0.02116831,0.02635254,-0.006009411,-0.022826131
2020-02-19,0.009194269,-0.008235436,-0.011888621,0.031168757,0.011523943,0.001263248,-0.0047279764,0.026099011,-0.04601097,0.007829058,-0.015295989,0.003401562,-0.01226002,-0.00025043864,0.02087212,0.012841861,-0.033098023,0.014910089,0.01759437,0.03354168
2020-02-20,0.014722506,0.02716362,-0.012667667,0.027233439,0.024366433,0.021801742,0.010695485,-0.05078403,-0.039175708,0.015515024,-0.008041194,0.0033393856,0.0028651983,0.0030295232,0.014981759,-0.008118681,-0.00020115548,-0.008874031,-0.004585306,-0.015700383
2020-02-21,0.015123136,-0.025147486,0.009678158,0.0053774887,0.017986223,-0.0021451768,0.00014294192,0.0029332493,0.020644028,-0.007996837,0.0073519573,0.014608545,-0.004233386,0.029100975,0.008930183,0.0076944027,0.046973463,0.0025583422,0.025345238,0.015779814
2020-02-24,-0.01218837,0.0014095173,0.056146782,-0.017037297,0.019676026,-0.00023447482,0.009974281,0.0020719906,-0.1532693,0.007341735,0.01749582,0.08638223,0.009993531,0.0048773447,0.023824304,-0.020037305,0.015460457,0.015555725,-0.0033878875,0.010273999
2020-02-25,0.0077127847,-0.0005352146,-0.0004543087,-0.030487815,-0.02273146,0.0052839573,0.0067881383,0.0093196,-0.004420833,-0.0023990825,0.018734105,0.007354715,0.002430682,0.0075740605,0.007870962,0.009088012,0.0068375063,0.005145372,0.012821487,0.015102161
2020-02-26,0.00968047,-0.0063713505,-0.004470946,0.018028691,0.018421141,0.016864613,0.004157355,-0.011312055,0.003697919,-0.009777923,-0.0044287904,0.018777536,0.012679237,-0.016741289,0.030935802,0.004134933,0.007847675,0.0091782315,0.0032616763,0.015962549
2020-02-27,-0.0045149317,0.015133497,0.03515547,0.004056214,0.0029794667,-0.004108328,0.018804643,-0.0018672714,0.08368417,0.05548627,-0.0013019327,0.0067823315,0.012538881,-0.001927693,0.016453058,-0.008593018,-0.00023801436,0.01441244,-0.0016245475,-0.017975533
2020-02-28,0.021824075,-0.0241615,0.012750921,-0.010054641,0.0034740772,-0.03256577,-0.0062509268,0.006892145,-0.14070182,0.009522306,-0.0008589718,-0.044504765,0.007923676,-0.004286221,-0.0102504445,0.0021269033,0.007332241,0.017419538,0.015188006,0.030248158
2020-03-02,-0.03300093,0.011833199,0.0014797652,0.005729344,-0.0038521462,0.029456884,-0.0014335173,0.03217083,0.089237556,0.017528746,-0.014505206,0.007921084,-0.00080814754,0.027230827,0.016130196,0.0102306,0.0021355234,0.008459048,-0.01599177,-0.0008145732
2020-03-03,0.012856862,-0.037158765,-0.02187428,0.0067730127,0.0,-0.00812618,-0.005940265,0.0052185515,-0.072619736,-0.0013995863,-0.00065480813,0.033389017,-0.004407885,0.014666428,0.011113327,0.0148187075,0.00052533473,-0.015719356,-0.0025278782,-0.0034849986
2020-03-04,0.021798778,0.018304229,0.003410993,0.0027785941,0.009415198,0.009658473,0.0,0.0014271517,0.046339285,-0.00456258,0.02171291,0.017941829,0.0059458152,-0.0079751415,-0.002240443,0.009376651,0.025618626,-0.010698192,0.013933376,0.012477588
2020-03-05,0.0041157207,0.0039867624,0.021356737,-0.026844442,-0.011134791,0.00076789357,0.018272337,0.019336555,0.0036512134,0.017269881,-0.008257287,-0.058418643,-0.004856204,-0.0221296,-0.0069800834,0.00010388065,0.01817294,0.006538827,-0.0018591878,0.014416226
2020-03-06,-0.0034764945,-0.029584799,0.01170347,-0.0031535537,0.0011805323,0.010058795,-0.022560686,-0.0059495224,0.006055463,-0.0235488,0.016024143,0.089017056,0.0018248705,0.05342847,0.025034266,0.009407176,-0.0015013617,0.0056316266,-0.014523131,-0.0030908547
2020-03-09,-0.004336603,0.0037377775,-0.049645126,0.016553367,-0.004788313,0.009749831,0.04599557,0.023764025,-0.086478956,0.0,0.011313339,0.024613686,0.0,0.039761264,-0.049962502,0.0018179306,0.011004013,0.011644957,0.003560114,-0.0032548988
2020-03-10,0.011617816,-0.013087681,0.020431837,0.023556778,0.03964384,-0.06272986,-0.00053951074,0.009189852,0.02561524,0.019019043,0.0061189425,0.007534545,0.0005708344,0.008671653,0.017944185,0.004491112,0.0435155,-0.016391767,0.010189227,0.017467888
2020-03-11,0.015767043,-0.00040208892,0.007941615,0.00488643,0.015852056,0.07246176,0.0029793219,0.0014744211,-0.0057089604,-0.003637152,0.0033527254,-0.010996779,0.0014995451,0.027280243,-0.023491263,0.004983211,0.029755967,0.0069957273,0.0027295838,0.0026263786
2020-03-12,0.014911374,0.015946306,0.012246712,0.005511254,-0.019198112,-0.007998948,0.030033106,0.018996308,-0.008599374,0.0072965305,-0.00019509376,0.076365896,0.008604214,0.0028166024,0.010076637,0.025593529,-0.009776499,-0.0049792808,0.014022141,0.023658186
2020-03-13,-0.0055450094,0.06960352,-0.0060108453,0.019073451,-0.001276673,0.0,0.0,-0.007420796,0.005315179,0.011057066,-0.0053419466,0.0023211925,0.012574431,0.014711538,0.04271316,-0.0024405809,-0.030924397,-0.0134924995,0.014709477,-0.008564876
2020-03-16,-0.0020352441,-0.00932225,0.020547066,-0.008137583,0.0098563805,0.0014778255,0.013919942,-0.0096352585,0.00037775774,0.017285902,0.0038036434,0.040268227,-0.0029163696,-0.01563104,0.0042966884,0.020276079,0.01804561,0.02545586,-0.014190055,-0.001071091
2020-03-17,0.01651276,-0.031933077,0.010400527,-0.031075241,-0.0026588317,-0.029216524,-0.0033675625,0.0,0.0022348058,0.0038752728,0.007484887,0.0006828789,-0.003609144,-0.0012881722,0.012596506,0.0,-0.020337926,-0.025394028,0.04243167,0.008374428
2020-03-18,-0.008343987,0.010779534,-0.022642532,0.0034125012,0.0023233963,0.02775187,0.0075539234,-0.0153806815,0.0730847,0.0012015002,0.016598355,-0.0006203879,0.0,0.010190439,-0.01918753,0.015891768,0.019526001,-0.0075660353,-0.0174183,0.008541195
2020-03-19,0.014480927,0.035344385,-0.0010491682,0.011055544,-0.0091226185,0.0077912495,-0.028165013,0.0044782674,0.0,-0.0049379035,0.008617373,0.016562358,0.0043148105,-0.010106382,-0.0032412764,-0.0031583935,0.015634058,0.0077912076,0.015941806,0.0
2020-03-20,0.016189836,0.0046777707,0.019786188,0.009332437,0.022380581,0.0,-0.001595336,-0.0016026626,0.010966652,-0.0053449045,0.007949789,-0.12857099,0.0005888396,0.017310971,0.006646219,0.0011875737,-0.003241793,-0.02203704,0.00962024,0.0035829877
2020-03-23,-0.0021287885,-0.019116722,0.0051698047,-0.020110616,0.0011762492,0.0010184041,0.012409852,0.013602743,0.007931607,0.00815411,-0.005213015,0.018829996,0.0,-0.008776211,0.015809745,0.026061019,0.0040996675,0.0011954552,0.0010259135,0.00021461048
2020-03-24,-0.004517283,0.010488659,0.018863987,0.0011738527,0.01128646,0.0049023805,-0.1531173,0.010047036,-0.012144382,-0.011983444,-0.004531229,-0.0031475339,0.0015669154,0.002058868,0.008611068,-0.02001218,-0.02039817,0.017435672,-0.0027607325,0.008563974
2020-03-25,0.0,0.02745186,0.0051341522,0.012648993,0.00862222,-0.005279402,0.04455538,-0.016405698,0.009308889,-0.008194615,-0.0011254966,0.009682089,0.007135656,0.00836419,0.021778448,0.011142698,-0.005519853,0.0050744405,0.010464614,0.0
2020-03-26,0.0034931356,-0.0022644058,-0.007969041,0.0398965,0.011543533,0.015869811,0.004505495,0.016455583,0.02974354,0.00984622,-0.01071758,0.013628512,0.013493577,-0.0004304935,0.007982412,-0.0050853523,0.08536006,0.00501046,0.008588452,0.0025312533
2020-03-27,-0.0037448534,0.0,0.0030468,0.014353181,0.0034912683,0.0036603136,0.046787627,0.019998379,0.00083394116,-0.016559398,0.013686862,-0.0009621346,0.0025312826,0.006308173,-0.015995428,-0.0108830035,-0.023859695,0.021798447,0.011600278,0.010923789
2020-03-30,0.016561547,0.05542688,-0.00087639026,0.003969176,0.022247681,0.05561994,0.022898452,0.014327745,-0.03017255,-0.012086049,0.0,-0.03531547,-0.01209339,0.0005289699,0.027204743,0.016160823,0.021717152,0.0017326913,0.0084051825,0.00055595726
2020-03-31,-0.01585413,0.025089927,0.009678863,0.024509147,0.0,0.006162225,0.029752394,-0.00022632518,0.06351157,0.018650008,0.0,0.019134821,0.015695006,0.061297726,0.01976466,0.0,-0.012191824,0.02057231,0.017711025,-0.011081416
2020-04-01,-0.0002972126,0.005846204,-0.023945987,-0.0062680617,0.0069848085,0.023639536,0.019696632,0.014384197,-0.012260003,0.0056222016,0.011450269,0.045886572,0.0053964728,0.0119448835,0.023731463,0.012754948,0.06513287,0.023613142,-0.012307505,0.0030414322
2020-04-02,0.007897047,-0.021217281,0.0,0.0066315057,-0.004821497,-0.07886853,-0.024420232,0.0041507324,0.02363295,0.007091498,0.013325574,-0.004072368,0.01001627,-0.009276465,0.004162713,0.0,0.031045835,0.0112052,0.0043542567,0.013950365
2020-04-03,0.007338474,0.006479765,0.010446304,0.020349633,0.0051246705,0.01780078,0.013596476,-0.0028034227,-0.04104481,0.012384652,-0.008456879,0.003274945,0.0056295344,0.012108803,-0.030438507,0.00010138048,-0.043682296,0.0028464904,0.0031742544,0.0021414773
2020-04-06,0.014748368,0.0073836297,-0.00088957726,-0.039053556,0.009841153,0.07277378,0.010671182,0.0067848605,0.032172658,0.0050357217,0.016979348,0.0003842131,0.002497274,-0.004670117,0.021020407,0.0017592983,-0.0020766798,0.022784412,0.018854044,0.0039733057
2020-04-07,-0.007247094,0.017059201,0.004049057,0.00023225723,0.046145264,0.0019812663,0.002222151,0.010066772,0.014878653,0.027284918,-0.014221307,-0.0144276405,0.0020867113,0.021897243,-0.018259685,-0.00031614007,0.0068170936,-0.010440064,-0.0020345687,-0.0043240567
2020-04-08,-0.021804858,0.004150566,0.011333603,-0.0030763848,-0.004808434,0.007684665,-0.0057153483,-0.0035933175,0.045081217,0.011783298,-0.0030617113,0.015494088,0.0010244984,0.0028474764,0.015011098,-0.011532149,0.0034056369,0.008561836,0.017498981,0.0006336516
2020-04-09,0.009031004,-0.02600456,0.022745235,0.00027216817,0.016668241,-0.0116853155,-0.0017413503,0.029910794,0.00878581,0.004944484,-0.0061190845,-0.0037318082,0.008178611,0.002654606,0.0002997094,0.0061564264,0.071079485,0.01283396,0.012570019,-0.014667602
2020-04-10,0.009286966,-0.0009692873,0.021721331,0.017049871,0.010944276,0.0015474332,0.012157901,-0.0019513885,-0.004212465,0.0,0.0100535005,0.016329458,0.013084774,-0.0054654954,-0.0012108141,0.0037417766,-0.019561568,-0.003973435,-0.004456443,0.0056052175
2020-04-13,0.0034284014,0.008512738,-0.015795482,-0.0053633437,0.002521232,-0.0058382642,0.003016712,-0.010804242,0.025309343,0.004146965,0.012618573,0.017809546,0.0053597204,0.046693023,-0.0015004314,0.010561705,0.053071264,0.015551463,-0.0084077725,0.006126088
2020-04-14,-0.0058618537,-0.0032857186,0.009934055,-0.0024131034,0.0021905845,0.031430047,-0.002841505,0.008505226,0.009359405,0.035118416,0.008669684,0.027860751,-0.0023007921,0.00015890924,0.010042439,0.0026177266,0.029943496,0.0033171324,0.029570302,-0.004824431
2020-04-15,0.0086048655,-0.0073224525,0.0017857966,0.03228948,-0.0061459825,-0.002632514,0.0053762747,-0.006287344,0.0117985895,-0.0023833942,0.01311926,0.022751067,0.006157585,0.003019086,-0.0054209004,0.014964505,0.02842658,-0.03334813,0.009290634,0.013994694
2020-04-16,0.010005238,-0.03698784,0.0018928095,0.0027863479,-0.00043935236,-0.024867736,0.0041702027,0.017280258,-0.12725712,0.0,0.0024153374,-0.00018476023,0.008312126,0.03475658,0.028644854,0.004488028,0.004218165,-0.00011951982,-0.005964942,-0.01129682
2020-04-17,0.013901387,-0.051563088,0.011522197,-0.005055806,0.013621225,-0.023998795,0.01802057,-0.049057033,0.0066094347,0.008773421,-0.0025449726,-0.0046306555,-0.0003718099,0.06398365,0.002076171,0.0016205384,0.03151462,0.005678122,0.01100033,0.0053664623
2020-04-20,0.00084500323,-0.013974878,0.008963897,0.0030627218,0.00063226814,-0.041646585,0.0067631844,-4.5169796e-05,0.06803365,0.008323018,0.02075001,0.028124662,0.0009400262,-0.0013692204,0.011096239,0.0045561553,0.001633256,0.02002533,0.0009438086,0.017769065
2020-04-21,-0.0020155075,-0.014940818,0.00045102724,0.034787588,0.009937281,-0.031912263,-0.015060697,-0.011090867,0.07161307,-0.00158618,-0.0038328895,-0.012906809,-0.007976967,0.03168542,-0.011170964,0.007453622,-0.0029634747,0.0028178336,0.013883836,-0.009689082
2020-04-22,0.0026015518,-0.006295003,-0.00717151,-0.01769347,0.01294393,0.025560565,-0.00467284,0.00410083,0.012605035,0.0022014293,-0.010702311,0.0053787553,0.00016004576,0.019784566,0.029798169,0.0056723678,-0.0057675717,-0.018995289,0.0047554583,-0.023550376
2020-04-23,-0.0033320242,0.05867957,0.009228747,0.016562618,-0.00422152,-0.061444663,0.007446242,0.017987665,0.049315345,-0.017932517,-0.007879738,0.020522792,-0.0023727668,-0.008980432,0.0,0.010269346,0.02387065,0.0,0.023989987,-0.010734952
2020-04-24,0.015517261,-0.007082123,3.1599711e-06,0.021412442,0.009222139,0.015085287,-0.034142513,0.022962522,-0.01297329,-6.153672e-05,0.0037497282,-0.0016655767,0.0029872726,0.011935765,0.015193772,0.005138466,0.0033795447,-0.0024142123,0.0061648823,0.016864557
2020-04-27,0.0038044837,0.021268537,-0.0026404061,-0.009703402,-0.02243015,-0.0022180583,0.0021534357,0.008471801,0.009314824,0.004067683,0.015412554,-0.0056949514,0.008419685,-0.010119736,-0.0014936146,-0.001546616,0.0082376,0.025342053,0.003222888,0.01206131
2020-04-28,0.0047717057,0.0019893723,-0.025667783,0.021443292,0.047830347,0.016624749,0.00026877318,-0.010539872,0.015566804,0.0017641957,0.0027454696,0.028358692,0.011932188,-0.0019877404,-0.0010317322,0.0074010105,-0.0010011941,-0.0014629295,0.010986135,0.0048117214
2020-04-29,-0.0009139448,0.0036535005,0.013126633,0.01363663,0.010783061,0.026891418,0.008098195,0.012335332,0.014413199,0.002763653,0.0018251645,0.0048285243,0.0016196944,0.015866179,0.02205537,0.007663804,0.007840454,0.019943984,-0.003850494,-0.0008301618
2020-04-30,0.0053516547,0.030782143,-0.012073689,-0.001207041,0.009248741,0.03945055,0.033957567,0.00020590794,0.014755912,0.01591516,-0.0029012887,-0.003399729,0.009717388,-0.100104526,-0.01084688,0.007808821,0.010740404,0.005932399,0.01496102,0.013218163
2020-05-01,0.0043861046,-0.023935704,0.0636069,-0.009284447,-0.0027774337,0.037489716,-0.0025230213,0.016271576,0.0005511654,0.017741695,0.012035292,0.023306936,-0.0014297453,0.0,0.0,-0.013277445,0.0,0.009253141,0.0061834482,-0.00930834
2020-05-04,-0.0019171642,0.01576804,0.017053923,0.008807772,-0.027142933,-0.012882484,0.006848811,0.020982502,0.008665171,-0.030077,0.0031002683,0.045802686,0.015047465,0.06230995,-0.0044340394,0.015209866,0.017279422,0.0061302367,-0.0015449285,-0.0030876256
2020-05-05,0.0,0.0050875903,0.0102127995,0.0072096293,0.017975954,0.0020559614,0.007945195,0.009105252,0.04362878,0.0013833538,0.004990573,0.016694555,0.0018254683,0.014169344,0.021614352,0.0051019895,-0.016890509,0.0015475588,-0.009873595,0.014672428
2020-05-06,-0.004750743,-0.00863619,-0.009413482,0.014644657,0.0046292893,0.0045859623,-1.944555e-05,-0.0006364073,-0.0031609833,0.026880436,0.0041388543,0.024868838,-0.001464523,-0.0097725205,0.009971698,0.0024728018,-0.032973718,-0.0054803845,0.022079758,0.0014650043
2020-05-07,-0.00012211288,0.020463927,0.025350276,-0.004716216,0.0025285704,0.0010671804,-0.05073601,0.0031332984,0.04726714,-0.012801323,-0.017021423,-0.06271996,0.007008277,0.024206718,-0.02037982,0.00032731768,0.015001858,-0.042382244,-0.00025525512,0.021324232
2020-05-08,-0.0069175987,-0.009596725,-0.026345784,-0.00436608,-0.015905425,0.013039725,0.0050154855,-0.00087645155,0.005794018,0.010070165,0.0,0.0051443586,-0.0012479811,0.014898248,-0.0021170373,-0.0016990064,0.0061037545,0.011809401,0.0052932207,0.00839343
2020-05-11,0.012479475,0.009794002,0.007952324,0.01640031,0.0051205037,0.00858454,-0.044260267,0.0047148527,0.024311993,-0.00019554366,-0.023353798,0.04649019,0.007665968,0.027215809,0.020667257,0.0045302305,0.013868406,0.025204632,0.020428501,0.0018286834
2020-05-12,0.018452609,0.0477717,0.0035203337,-0.02659451,0.009415554,-0.0023490433,0.009242135,0.0050056777,-0.043767963,-0.0007098734,0.009013107,-0.0031071475,0.00333159,0.01926655,-0.055222787,0.0043529016,0.019004552,0.016638963,-0.00579427,0.010102903
2020-05-13,0.010653695,0.026341395,0.0034758782,0.015831586,0.02840213,0.020277735,0.03717614,0.010980062,-0.026463807,0.0069016987,-0.14262858,0.023903077,0.0020995855,0.029135436,0.016923938,0.008540608,0.009869424,-0.014190963,-0.01929218,0.08854655
2020-05-14,0.0025076012,0.017947005,0.004693244,0.009685983,0.0052419845,-0.008960945,0.03118016,0.004814455,0.008092085,0.0035385236,0.089369416,0.018861676,0.0027235944,0.02745949,0.008031204,-0.02260218,-0.035863403,-0.024728678,0.00699125,0.02494745
2020-05-15,0.009254837,0.022715209,-0.003182163,-0.011628834,0.0149467485,0.008683774,0.020073323,-0.0073155086,0.0060688653,-0.0014664786,0.028085796,0.015087206,0.003869912,0.0004884773,0.005333065,0.019266142,0.08659104,-0.0076176575,-0.010436729,-0.0011882421
2020-05-18,-0.0073955483,-0.0019463177,0.0015826417,6.728235e-05,0.015886746,-0.005944826,0.0155479815,0.007986201,0.0070625357,0.015769245,-0.0009323446,0.0056340396,0.00026932952,0.037830558,0.01778474,-0.0024129609,-0.039337274,0.006026058,-0.0036239063,0.018217651
2020-05-19,0.009371833,0.021908822,0.016285736,-0.01667296,0.0,-0.0063242316,0.03774589,-0.0019780956,0.0051407563,0.020425795,-0.0019069633,-0.008374936,0.02721274,-0.1286396,0.010968199,0.0031507832,-0.007918985,0.0006629995,-0.0045588952,-0.0027927738
2020-05-20,0.035339735,-0.012430139,-0.036539935,0.0032629804,0.027056353,0.012102063,0.0012704461,-0.007556084,0.0082183555,0.0033747102,-0.013616057,-0.02431413,0.016561303,0.021481166,0.0,-0.01947268,-0.023507018,-0.0065986183,0.026443772,0.02125543
2020-05-21,-0.008441579,0.0037066962,-0.01282991,0.044484183,0.009567823,-0.024672791,-0.005801502,-0.014326267,0.0003612342,0.00025567663,0.006408025,-0.00021672319,-0.014265162,0.0007132397,0.0,0.021423519,0.0015143984,0.020846091,0.010121176,0.0050154296
2020-05-22,0.006906686,0.011253082,0.041735116,0.00070002506,-0.003369881,-0.0027950453,0.02338636,0.020448523,0.0091737285,0.031439863,0.027630504,0.02253678,0.013582287,-0.01910886,-0.0003703722,0.021451423,0.00650574,0.019681118,0.020956585,0.02055837
2020-05-25,0.012430778,-0.019390393,0.02459396,-0.0055280384,-0.0007355549,0.02214075,0.028383652,0.024750022,0.00148662,-0.011835401,0.0005276494,0.011677355,0.018645106,-0.006851665,0.012208067,-0.0068479264,-0.004931736,0.011808969,0.004629252,0.007477492
2020-05-26,0.010007558,0.028586123,-0.0028516774,-0.0061214846,0.0036558998,-0.0022987004,0.0,-0.0065629715,0.0022212714,6.820828e-05,-0.009643603,-0.003080635,-0.019183522,0.024402058,-0.01867305,-0.006553116,0.009434172,-0.021049932,-0.039160606,-0.009557464
2020-05-27,-0.012746553,-0.01433544,0.010086145,0.022996511,-0.019865988,0.012572796,-0.0020666216,0.004310326,0.011313143,0.0076190494,-0.016896116,0.028790882,0.026424408,0.01683768,0.017603898,-0.008697462,0.043647174,-0.1532693,0.0028900085,0.025484629
2020-05-28,0.024945688,-0.011708932,-0.00041550718,0.02498928,-0.005734534,0.0017760249,0.013926458,0.017966656,-0.008791392,-0.006722714,0.0078906575,0.0068201763,0.008278963,-0.003245728,0.0041125356,-0.0059913667,0.009311471,0.0017416902,-0.01491268,-0.021433765
2020-05-29,0.017301235,0.03130904,0.03233259,-0.006288671,0.060385928,0.004056499,-0.059381466,0.008236444,-0.01552262,0.02219379,-0.023678293,0.01284248,0.011938631,0.019166479,0.0051054545,0.024586977,-0.06286261,0.04041088,0.018125424,0.015966136
2020-06-01,-0.004125203,0.005494562,-0.018280217,-0.013350772,0.02332752,-0.0039133807,0.08068745,0.010090369,0.00863216,0.016879296,0.026304483,0.014877411,0.0076495796,-0.009128053,0.00903056,-0.0075213877,-0.013568301,0.0,0.023620417,-0.0010783623
2020-06-02,0.018817177,-0.017305901,-0.035922218,0.018543826,-0.018471038,0.027419109,0.012926452,0.015152335,0.0,0.010535762,0.07781239,0.003880521,-0.0050402717,0.0035486114,0.010639302,-0.0035561277,0.085797526,-0.09261132,0.0144940205,0.0
2020-06-03,-0.004345658,0.011947123,0.036615092,0.008466724,0.0014458026,-0.016828762,0.022810208,0.0012249261,0.0060439482,0.00410288,-0.020114541,-0.0136812,0.0026920305,0.07608717,-0.0062671783,0.015503518,0.010793741,0.031167088,0.009745951,-0.0025332866
2020-06-04,-0.015479446,0.0125097,0.01182339,-0.041619517,0.010106207,0.0,0.007819692,-0.013331008,0.0032958153,-0.0016205928,-0.0048242453,-0.010034011,0.006003795,-0.032267448,0.016002856,0.00476803,0.006630751,0.01750892,-0.00056022493,-0.04055173
2020-06-05,0.005495167,0.0102169085,0.017884571,-0.005254387,-0.015251583,-0.0014637026,0.022334391,0.015350568,0.0056417887,0.0042184084,-0.040440213,-0.003157165,0.0135117695,0.014822439,-0.012402704,-0.008355557,0.009798828,-0.0012736749,0.012475521,0.0022697444
2020-06-08,-0.010511911,0.005337209,-0.025543295,0.016890652,0.013350914,0.010430195,0.011567198,0.0005337138,0.008421123,-0.0019476264,0.0054954127,0.008477866,0.034049362,0.0333977,0.01584866,0.019279512,0.008260317,0.036177788,0.01924669,0.0008141116
2020-06-09,0.010102659,0.013166134,0.008249089,0.006606492,0.001226899,0.01328393,-0.030693257,0.005426995,0.005143325,-0.0008662128,-0.0032997981,-0.0041466244,-0.0052946145,0.0137616275,-0.002386672,-0.0038998986,0.026999934,-0.00070537475,-0.0052804393,0.078792796
2020-06-10,0.015603279,0.0065836073,-0.010127992,0.027130362,0.01498654,0.010969308,0.01500525,-0.013799817,0.005304555,-0.0028150668,0.047636736,0.007437169,-0.021822713,-0.036700144,0.0017719355,-0.010799932,0.008920404,0.039723653,0.0065600406,0.02440778
2020-06-11,-0.01764916,0.011373879,0.019162295,0.0042762454,0.019387892,0.020032883,0.0,0.014340714,0.0037442667,-0.008474242,0.004938877,0.0034401056,-0.015346924,-0.042276565,0.018572886,-0.005544113,-0.013089825,-0.002989668,0.008475523,-0.0047248737
2020-06-12,0.0045861457,0.0035388106,-0.01651178,0.0,-0.012135298,-0.004386942,0.00049369596,0.0067706443,-0.0002618361,0.010893235,-0.0045248508,0.010495406,0.022477964,0.018581033,-0.00021359255,-0.0037137398,-0.0026542204,0.078707844,0.004151154,-0.008609601
2020-06-15,0.0009717731,0.0060009807,0.014778821,0.0018458298,0.018690778,-0.0023497671,-0.009406729,0.007960484,-0.008160152,-0.0046843584,0.01548279,0.0073901885,-0.010224453,0.017705914,0.0053517483,0.015504297,0.018143788,-0.0108848065,0.0035688605,0.008611803
2020-06-16,0.0018310684,-0.0037965616,0.0008896787,-0.013389324,0.009315315,-0.014103072,0.013257281,0.005054982,0.0007684658,-0.006051912,0.0014475118,0.005089892,0.05942634,-0.018605698,0.017856836,0.016543034,-0.15162162,0.013611707,0.012857621,-0.015895681
2020-06-17,-0.012719538,-0.00016216032,0.009591384,0.013046615,0.005121456,-0.0054144827,0.053149685,0.004854407,0.017992651,0.009577111,-0.00031059014,0.0,-0.002717351,0.00486025,-0.02431323,0.001879177,0.011228914,-0.010198212,-0.00021296817,0.016608726
2020-06-18,0.022562923,0.011968387,0.04510704,0.006118555,0.008546742,0.0067122737,-0.000681623,0.012285039,0.0020281323,0.006572788,0.0152228335,0.012314229,0.041510966,0.036692224,-0.0044675134,-0.001711618,0.0109919915,-0.0049255826,-0.0030177042,-0.06259308
2020-06-19,0.00470881,0.004706661,0.01762966,0.0076788496,0.0051262593,-0.004867459,0.0113945,-0.015232031,-0.024394395,-0.007158242,0.021296578,0.0,-0.037957255,-0.055151936,0.007928228,0.004877133,0.00036673376,-0.01668453,0.009125582,0.014531291
2020-06-22,-0.016844384,0.0046830233,-0.010085747,0.0,0.0029307993,0.012801233,0.01905572,0.009683119,0.007415449,0.010489089,0.013174118,-0.006380055,-0.05935727,0.01210876,0.0042921687,0.007896264,0.014381777,-0.15189007,0.0061157546,0.0
2020-06-23,0.011635597,0.0026427894,0.028119566,-0.051658142,0.011692176,0.0012612193,-0.0154166315,0.004365789,0.005753841,0.0074499617,-0.004555954,0.000514711,0.023747316,-0.01284561,-0.00091668183,0.0,0.007059562,0.009097445,-0.0011400006,0.028167058
2020-06-24,0.005940622,0.012804482,0.008363986,0.0,0.002413018,0.010648738,0.027750889,-0.009236657,-0.00457931,-0.0136490315,0.020981403,-0.00067229196,0.0042956034,-0.026462479,-0.0045192186,0.010831336,0.011163128,-0.13910027,0.009145448,-0.019488394
2020-06-25,-0.0009853753,-0.01946575,0.0016087446,-0.01791751,-0.009079053,0.010572439,-0.054502632,-0.05650293,0.010422554,0.018700168,-0.03152144,0.013557321,-0.016668027,-0.093453646,0.03637001,-0.010188669,0.01281666,0.08365821,-0.0057511334,-0.006719853
2020-06-26,0.008703571,0.0044491724,-0.007261067,0.025258794,-0.0040960535,0.0,0.029123362,-0.013221594,-0.021361541,-0.015286447,0.030324187,0.029259644,0.02300006,-0.023962984,0.012868424,-0.031829704,-0.0021984673,-0.003629429,0.0019265745,-0.007809116
2020-06-29,0.0050476985,-0.0075261057,0.084705494,5.63102e-05,0.018841568,0.008592836,0.0049000555,0.007434268,0.0032604677,0.0012559802,0.0,-0.005010549,0.0029610624,0.06457819,0.009770814,-0.013527629,-0.0027763583,0.08390046,0.0,-0.025654785
2020-06-30,0.018478489,0.0058236932,0.011982956,0.03781637,0.010970281,-0.020730993,0.0,-0.020131325,0.029358026,0.008769399,0.000599497,-0.0027751955,-0.019636443,0.02601775,-0.0033151405,0.019690458,-0.026544817,-0.002601524,0.019330349,0.017214216
2020-07-01,0.00034295965,0.0,0.005117008,0.0061450326,-0.0044388487,0.02033363,0.011939303,0.021788904,0.0004183281,-0.002642894,-0.0061415615,0.025361437,0.06590668,0.02585424,0.015518898,0.0073173866,-0.009212993,0.023868766,0.004799172,-0.01787675
2020-07-02,-0.0078006536,0.010043474,-0.0068956334,-0.005798216,0.0040746704,0.0025601143,-0.016358832,-0.0013857748,0.011263926,0.02593083,-0.0014057672,0.0012498744,0.0012669379,-0.0024083478,0.0,-0.008277827,0.005154414,-0.042810395,0.008579632,0.04306007
2020-07-03,0.010632379,-0.009624358,0.0034676997,0.031107837,0.010087843,0.01573087,-0.030466272,-0.007860434,0.009547195,-0.0010566541,0.010967058,0.00863559,-0.02906337,0.0228971,0.010645042,0.013588065,-0.0003883005,-0.0057802796,0.005936878,0.010017385
2020-07-06,-0.0107483445,0.017581416,-0.011671142,-0.012185343,-0.000116922434,-0.018625475,0.0022586454,0.01936353,0.020030227,0.005832354,0.002053955,0.0053583845,0.04813744,0.010824433,-0.015235286,-0.0047036447,0.01270068,-0.0070339907,0.017365644,-0.002625999
2020-07-07,-0.002357072,-0.002888041,0.010311029,0.007473393,0.003755581,0.010677569,0.04648476,0.004195881,-0.0005848465,-0.00599308,0.034177125,-0.016285641,-0.015730413,0.0046249973,-0.004560118,0.011709561,-0.00037940434,-0.014826566,0.0054858266,0.0073718657
2020-07-08,0.015625462,0.037105367,-0.0035618087,0.010601016,0.0054323906,-0.004553285,0.01524971,0.007942588,-0.00799258,0.027045008,-0.026641991,-0.009455886,-0.004280808,0.02002756,0.012430121,0.01307544,0.00034506185,0.03971291,-0.005073491,0.0
2020-07-09,0.0051378077,0.0020985499,0.015356659,-0.0036078037,0.009244588,-0.0031677776,0.01587053,0.015015231,0.00081737037,0.016635774,-0.0012658379,0.013525069,-0.011221125,0.0147127155,0.0013414021,-0.0042650956,-0.0037436753,0.015910164,-0.018548291,0.016341908
2020-07-10,0.011652816,-0.03361414,-0.0093835965,0.032960914,-0.015969962,0.008376066,0.0022991304,0.00077951135,0.007404504,-0.014556317,-0.0056659677,0.002217449,0.087152585,-0.031287372,-0.019068245,0.00099536,-0.024145206,0.0015826253,0.0070234668,0.010585287
2020-07-13,0.00892394,0.021216678,0.006060019,-0.016186018,0.023514336,0.0043191705,-0.015827965,-0.002221981,-0.005163434,0.007869366,0.016356528,0.0033339378,0.009241413,0.004542642,0.0,0.010525803,0.08407347,-0.0028137267,-0.012005346,-0.008076862
2020-07-14,0.007478476,-0.0025299639,0.06567746,-0.0004714366,0.009533477,0.0021098289,0.028223254,0.00081873883,0.012764344,0.020440096,-0.0038879872,0.013666944,0.008689816,0.005929273,-0.02096186,-0.008190833,0.02130463,0.0073573985,0.019308938,0.013039532
2020-07-15,0.0031929635,0.0051847794,0.012341918,-0.015326544,0.016191313,0.00715949,0.0004275765,-0.0023098795,-0.0065729227,0.012979354,0.017428804,0.012715753,-0.0153734,0.0107476,0.0018861237,0.007786503,0.0,0.027126156,0.010149201,-0.007931245
2020-07-16,-0.0061966525,0.014229501,0.038493413,0.023359045,-0.0014753295,0.007919458,0.019263694,0.008808794,0.015451687,0.016939988,0.021778043,0.010563762,0.02804415,0.006886362,0.0010851214,0.01252872,0.05656622,0.013997863,0.0051401267,-0.009265036
2020-07-17,0.0012584233,-0.009864822,-0.005136867,-0.027520766,-0.0035422689,-0.0016032823,0.0102537265,0.0113100335,0.0021335282,-0.0002443445,0.009438895,0.013243613,0.014818631,-0.007992959,0.022190748,-0.0063828193,-0.02362411,-0.0011493618,0.013155484,0.010535894
2020-07-20,0.013542471,0.00081107003,0.011081782,0.017830528,-0.029196275,-0.023242757,-0.0036079246,0.0006271834,0.0035655994,0.0065364037,0.021272918,-0.015967863,0.01234029,-0.0031800496,-0.0153766675,0.0029360713,-0.0009834424,-0.05968881,-0.03554858,0.01815258
2020-07-21,-0.009515141,6.1817623e-06,0.010971711,0.021854226,-0.0016829874,-0.006400191,-0.010184285,0.0018752139,0.00081058685,-0.009885297,0.015298138,-0.019559182,0.02404477,0.032485235,0.001726305,0.008994201,0.0086471345,-0.006322216,0.0016376342,-0.022984417
2020-07-22,0.0057483325,0.0076418202,0.0059048445,0.0019737368,0.0001239383,-0.006197295,0.029906482,0.0001559328,-0.0018645755,0.0024297144,0.019700436,0.0065397434,0.022978567,0.005014825,0.0017414162,-0.0042057377,-0.01830401,0.004341997,0.022773378,0.054472554
2020-07-23,0.005590042,-0.0540265,-0.014558374,-0.0061082393,-0.004214854,0.00720055,-0.0029848856,0.00022333069,0.0149997985,0.005090313,-0.0064612823,-0.034577154,-0.002116613,-0.003042552,0.015759131,0.0072186543,0.023653094,0.033489984,-0.005735313,0.009491008
2020-07-24,0.011574268,0.022343371,0.009654884,0.01328882,0.0009863261,0.014899182,0.027321413,0.011947975,-0.00085463567,0.012433626,0.018942827,0.00961989,-0.009100751,0.001058196,-0.0006196491,0.006615021,0.019361721,0.044510935,-0.019399593,-0.017085794
2020-07-27,-0.003101761,-0.008196867,0.0,0.002784832,-0.026260665,-0.0015960401,0.017739525,0.013657775,-0.006590157,0.003406219,-0.02568264,0.023648115,-0.0014770803,0.018827323,0.00069933437,-0.007922291,0.00508725,-0.008204889,0.03094313,-0.020150034
2020-07-28,3.3592147e-05,0.0006803607,-0.0042157993,0.017455926,-0.0101539595,0.011019333,0.0018326066,-0.00085712195,0.014631753,0.003248085,0.017195912,-0.0030319355,-0.11586808,0.014900445,0.0077551506,0.0,0.014251304,0.011536522,0.00031221934,-0.0115149105
2020-07-29,-0.004745173,0.015190729,-0.010964396,0.012695093,-0.0068780663,0.003332115,0.005284413,0.009954779,0.011800046,-0.06783401,0.02757197,0.023114366,-0.005611679,-0.00475419,0.015542957,0.0071886387,-0.01575049,-0.01605123,0.0030361826,0.04783936
2020-07-30,-0.013561061,0.0065046544,-0.016648995,0.0025444329,0.005255251,0.02296532,-0.014414417,-0.0028087117,0.00931877,0.02708566,0.0,0.022605129,0.01735328,0.003519206,0.013924414,0.002855339,0.011566347,-0.00047672904,0.0033482183,0.022935022
2020-07-31,0.016725564,0.011285291,-0.011056515,-0.0008397622,-0.0057023177,-0.0034090064,-0.001302649,-0.0014565535,0.0043932647,0.015644128,-0.040704533,-0.0024013552,0.010788484,0.009801664,0.009271436,-0.0035562327,0.01620693,0.034124624,0.019723391,0.011569851
2020-08-03,0.019782066,-0.008384969,-0.023289649,-0.001461751,0.0,0.011333587,0.01206635,0.010757446,-0.0049577286,0.0111499615,0.018755201,-0.014594611,0.029796336,0.0,-0.0045503485,0.00080146233,0.009105775,0.023087993,-0.0158262,0.0072376668
2020-08-04,0.006021748,0.0121331,-0.026651746,0.0011678245,0.007854201,0.0133141,-0.00771577,-0.0055324533,0.00034871904,0.0068352954,-0.028178869,0.030980445,-0.010897914,-0.08492569,-0.031881224,-0.0033698727,-0.01140287,-0.0075411447,0.035230808,-0.010037513
2020-08-05,0.0044277357,0.012136146,0.0069718016,-0.00695522,8.802311e-05,-0.0068911375,-0.014641027,0.011758742,0.002380959,0.0051760385,0.004990683,-0.027496563,0.010838031,0.019326514,0.017621428,0.0053080074,0.01025598,0.021705076,-0.005158099,0.017998146
2020-08-06,-0.008073433,0.004638121,0.068554126,0.023829026,0.0019405412,0.0056121773,-0.010322237,0.0005777754,0.004097194,0.0041275774,0.029849086,0.0086188065,0.009945936,-0.028111458,0.010668354,0.007588718,-0.030573579,-0.000607345,0.013769701,0.007893518
2020-08-07,-0.010684274,0.016495176,0.019988507,0.002297214,-0.019615274,0.0056979894,0.0671034,0.0072130733,0.007347289,-0.0035178957,8.2132465e-05,0.023865614,0.0030310194,-0.008784721,-0.01076675,6.226027e-06,0.007484152,0.0019202733,0.015739923,0.00016793625
2020-08-10,0.010409489,-0.005850063,-0.02303501,-0.0045217834,0.03133251,-0.0028396505,0.0048427675,0.0048208777,0.005095423,-0.0007630846,0.0009964074,0.00065348536,0.024529792,0.011029262,0.008388511,0.003546901,0.026690176,0.0110694915,0.0,0.021381933
2020-08-11,0.037353594,0.044992477,-0.0013935025,0.00034946087,0.020739261,-0.006810803,-0.13637845,0.015223571,-0.017338283,-0.041578468,-0.0353822,0.008439825,-0.005146288,0.078372866,0.008377849,-0.0001907532,-0.034066066,-0.008523204,-0.0042677694,0.0029163559
2020-08-12,0.004790887,0.00064032513,0.010664473,-0.0014327137,0.02446871,0.03565241,0.044579983,0.039685138,-0.0012563359,0.033332676,-0.13069642,0.012538132,0.0023543786,-0.010383309,0.010450104,0.020148655,0.018723067,0.044366956,0.06337545,0.015588218
2020-08-13,0.008798194,0.009973483,-0.0016942726,0.032780103,0.0063152164,0.023184307,-0.0053604287,-0.019809444,-0.0049475012,0.034316663,0.023736646,0.006569696,0.0006516417,0.026843417,0.02780917,-0.0005343318,-0.004703746,-0.008663671,-0.004755685,0.0493948
2020-08-14,0.0037454271,0.012400641,-0.005793357,-0.013923028,0.021126356,-0.0051021385,0.0019013188,0.0057904148,0.022952223,0.017860161,-0.0016599508,0.013932907,-0.006281469,0.02301782,0.0056600496,0.013621965,0.016915217,0.013663,-0.011840994,0.007957073
2020-08-17,-0.007162923,-0.02855575,0.031168757,0.020804105,-0.0015484634,0.010714807,0.0010224275,-0.0301696,0.0015587808,0.0010508669,-0.015382588,-0.004892414,0.040900685,0.010420817,0.021574628,0.016661508,0.029109892,-0.00013281083,-0.024520727,-0.0011634311
2020-08-18,0.019937275,-0.010808922,0.027233439,0.0008824747,0.011198148,0.00808048,0.0005398666,0.023691537,-0.040786788,-0.0010754067,0.005790407,0.005168695,0.014181062,0.010219197,0.047299046,0.004789826,0.020446677,0.007115224,-0.018991485,-0.00108846
2020-08-19,0.010474056,0.0051727346,0.0053774887,0.027433291,-0.0011414936,0.0042371,0.07040888,-0.014230203,0.016556056,0.0015015061,-0.019410882,0.008461788,0.01556864,0.009705976,-0.03937493,0.013551935,0.0022803277,0.009152141,0.0076288804,-0.00031848942
2020-08-20,-0.007341579,0.006306045,-0.017037297,0.0025416217,-0.017590638,0.024880486,0.010792756,-0.0139571065,0.007969073,0.027397348,0.001173841,-0.01333671,-0.021678343,-0.0030953854,0.023392009,0.0010327107,0.011113188,0.01116552,-0.011334754,0.0010526346
2020-08-21,0.007180262,0.021192791,-0.030487815,0.01708678,0.004658973,-0.001947606,0.013125547,0.0,0.004159251,0.01608927,0.0031629412,0.0036214525,-0.00064572354,0.011877339,-0.058670763,0.0,0.000676114,0.0012645228,0.034721825,0.030091073
2020-08-24,-0.018514944,0.030977586,0.018028691,-0.018146712,0.013246395,0.0006117596,0.0073466683,0.0024486626,0.010774843,0.0057996805,0.0060809962,-0.0072279507,0.0594408,-0.022936547,0.007100723,-0.00941739,-0.0032819877,-0.00939953,0.019680403,0.007406393
2020-08-25,0.01871653,-0.0032346162,0.004056214,0.03012222,-0.006881892,0.002792539,-0.0005732504,0.005666384,0.0037939292,-0.009050283,-0.010524107,0.0051379106,-0.0028627445,-0.006971118,0.0017235898,0.0198911,-0.0042194035,0.022112856,-0.01357018,-0.0022526553
2020-08-26,0.011856464,0.010330858,-0.010054641,0.0044300198,-0.0048603057,0.037797567,0.0018059004,0.0027456747,-0.022523845,0.0041398094,0.014415899,0.014421726,-0.028576313,9.9114935e-05,0.002574984,0.007038283,1.0068506e-05,-0.037342083,0.011270268,0.017834079
2020-08-27,0.010543011,0.005910084,0.005729344,0.021617103,0.008361793,-0.0057826233,-0.00083269173,0.0046107816,-0.01693981,0.01105932,0.029773874,0.008523935,-0.004645186,0.012900696,-0.061162446,0.0075249085,0.019500641,0.00026095088,0.009213691,-0.019182941
2020-08-28,8.4984866e-05,-0.0027434633,0.0067730127,9.697365e-05,0.020177977,0.023059292,0.007815307,0.00053786515,0.017910732,-0.016376292,-0.017855758,0.0016751325,0.0075107315,-0.027453246,0.018828733,0.002056272,0.0037071877,-0.017108254,-0.0062724403,0.02015938
2020-08-31,0.008014807,-0.0023003444,0.0027785941,-0.0097013805,-0.009923095,-0.0007937182,0.007923988,-0.0065722563,0.0004400719,-0.0055648834,0.0011421363,-0.022727672,0.027194913,0.030460011,0.028248087,0.019920386,0.008440225,-0.017346753,-0.00253344,-0.014946154
2020-09-01,0.008273903,-0.009441768,-0.026844442,-0.0050404705,-0.013193303,0.011161895,0.0015196445,0.006816299,0.003558863,0.009326881,0.018860502,-0.00303345,-0.029834094,-0.15033503,0.0131791625,-0.018270861,0.00825782,-0.0038771408,0.008874186,0.011390426
2020-09-02,-0.012338842,0.034089036,-0.0031535537,-0.004577252,0.0046742996,-0.020168124,0.0047930875,-0.015219676,0.026208334,0.014391317,0.028430307,-0.013488389,-0.0061122277,0.022043958,-0.01682137,0.011578869,0.0019691691,0.004554215,-0.00551475,-0.00012179641
2020-09-03,0.015946481,-0.013347609,0.016553367,-0.0074056126,0.01858825,-0.0012471298,0.028397163,-0.0051720864,0.013225504,-0.0072370153,-0.045077268,-0.032751475,-0.0011817346,0.02613924,0.023639772,0.0079055745,0.00121709,-0.0010616889,0.008597955,-0.026371067
2020-09-04,0.023978876,0.017826594,0.023556778,0.009678859,-0.014515839,-0.016471194,0.011612117,0.018499529,0.0,-0.02766054,0.043911487,0.0537877,0.025615491,-0.014689576,-0.14467195,0.004575387,0.012255135,-0.008432173,0.008266898,0.007813961
2020-09-07,0.0057124966,-0.024995243,0.00488643,0.0019566936,0.018782046,-0.010851666,0.0012993305,-0.014607079,0.032659125,-0.02303789,0.018073061,0.03136594,-0.0042310995,0.009081802,-0.011573935,0.013877455,0.015555446,0.015066579,0.0,0.0051264707
2020-09-08,-0.003174674,0.021341695,0.005511254,0.01628338,0.007440399,0.01116901,0.007364664,0.015150311,0.0116872825,0.007588541,0.0,-0.008816997,0.023843437,-0.0015815548,0.05736799,-0.0014434581,0.01932783,-0.015914245,0.009600061,-0.012775918
2020-09-09,-0.00013791696,0.004434571,0.019073451,0.023287047,-0.010882023,0.0031903607,0.02053247,0.0029238572,0.0034073044,0.021646561,0.010231355,0.016949276,0.0031594548,0.00015983277,-0.00052485825,0.0001827624,0.009177315,0.033205584,0.0069919014,0.009430553
2020-09-10,-0.0058085034,-0.0071502784,-0.008137583,0.027106497,-0.00019820826,0.005797743,-0.019933477,0.010528484,-0.004126397,-0.0023609588,-0.014579937,0.0036755896,-0.0035181476,0.0,0.014363284,-0.007155024,0.009158741,-0.019371452,-0.0007038106,-0.04178448
2020-09-11,-0.0041314447,0.0062682154,-0.031075241,-0.015338485,-0.016443687,0.013475316,0.0019505961,0.01564511,-0.0030754032,0.0023601283,0.0077295043,0.006751882,0.03612832,0.00962392,0.0128493,-0.008039589,-0.005332146,0.021143148,-0.0063051153,-0.031116355
2020-09-14,0.015830558,0.025393864,0.0034125012,0.0038749867,0.0102909235,-0.005976403,-0.005612144,0.002778851,0.0014991729,0.02507681,-0.0008022964,0.01976568,0.027343227,0.016175428,-0.0026309008,0.016754303,0.012470154,-0.0031011861,0.008785954,-0.008043658
2020-09-15,0.0,0.0059068087,0.011055544,0.009170364,0.0051789465,0.019771088,-0.008853888,0.015544041,-0.025627792,0.008020298,0.0068080104,0.008574387,-0.0035109487,-0.019043984,0.024854021,0.0072317664,0.011274092,-0.0024001398,0.008589719,-0.025278738
2020-09-16,-0.0007857324,0.007195385,0.009332437,-0.01188693,0.009723244,0.019504242,0.013265106,0.008460188,0.004080869,0.0,0.007848213,0.011315757,-0.019000724,0.015934095,0.03802225,0.0066724536,0.004758784,-0.030826326,0.0096023735,-0.016557543
2020-09-17,0.007862635,-0.016928965,-0.020110616,0.018839287,-0.002790577,0.0080472585,-0.0056837467,0.0041334764,0.008923846,-0.016908687,-0.019439772,0.0017981889,-0.0024177406,0.0029368782,-0.0033743866,0.004301748,-0.0034693058,0.015951106,0.008851254,0.029633384
2020-09-18,0.0,0.018552251,0.0011738527,0.0010790162,0.017640913,-0.0097175315,0.020637292,-0.005938423,0.016598132,0.00034387188,0.021465015,-0.0045443466,0.022945553,0.020696266,0.022500131,0.019996487,0.0074354927,-0.00484427,0.008680996,0.027498044
2020-09-21,0.0075595756,-0.008882796,0.012648993,0.0077066957,-0.018690195,0.022987535,0.0015965143,3.7283116e-05,-0.0053168274,0.0012652883,0.0024371985,-0.0026500062,0.027242139,0.018113745,0.015653502,-0.0009205692,-0.003033768,-0.023920236,0.0086302385,-0.040342227
2020-09-22,0.0029652324,0.02001935,0.0398965,0.014797972,-0.001314618,-0.010938722,0.01621094,0.012922637,0.009304476,0.017769769,0.015418672,0.010231668,0.0032657273,0.0,0.0011540145,0.0040456867,-0.016649779,-0.020116381,-0.005598559,-0.040932827
2020-09-23,-0.0016557022,-0.0057836813,0.014353181,0.011183725,-0.0037146942,-0.0055495272,0.002925154,0.00823055,0.022118753,-0.0061060693,-0.0019251343,0.0056500942,-0.051977515,0.021890512,0.011155843,0.0013291738,0.0148122925,0.024353946,0.009685703,0.0031982295
2020-09-24,0.018949063,-0.016114572,0.003969176,0.0019029662,0.023023771,0.019286254,0.020859815,0.0046463343,0.0115844235,0.0065972717,-0.044125564,0.03752355,-0.024882754,0.0,-0.012225564,0.008275637,-0.0049100015,0.010488645,-0.004038974,-0.0068717846
2020-09-25,0.0062546087,0.012512958,0.024509147,-0.0056553534,0.008248718,-0.016875478,0.033595998,0.009222957,0.0045011644,0.020396002,0.0042980486,-0.0029288214,0.025034994,0.009905973,-0.015926188,0.010693046,-0.016428253,0.008397982,0.0,-0.07979913
2020-09-28,0.009635504,0.017943876,-0.0062680617,0.0007859202,0.021052271,0.013924057,0.009078931,0.007918843,-0.024882847,-0.0069236755,0.028837418,0.017605437,0.0065169944,-0.0035871614,0.0127268415,-0.00020590409,0.022717861,0.014365849,0.0075298673,0.0014132919
2020-09-29,0.005348754,-0.0066791116,0.0066315057,-0.005311378,-0.008868555,0.013337592,0.02494564,0.0031436626,0.016069574,-0.042733934,0.006094205,-0.030703316,-0.011312398,-0.0032158599,-0.034334347,0.019457392,0.070998155,0.008598896,0.010966405,0.027792899
2020-09-30,0.0016763187,-0.009040018,0.020349633,0.015502749,0.0,0.019254321,0.0036819854,-0.00031129876,-0.012692009,0.016586654,0.025914045,0.0118887,0.0053974763,-0.0016189567,-0.00643257,-0.0053224773,0.0,0.02281449,-0.00046885834,0.0061405874
2020-10-01,0.003240911,0.00070522516,-0.039053556,-0.019852145,0.009190831,0.008028002,-0.001032719,-0.0077709444,0.015932603,0.0054850923,-0.018234069,7.1019094e-05,0.017814605,-0.003806165,0.038464278,0.011409656,0.006660576,-0.0033541764,-0.0035907093,0.0008509471
2020-10-02,0.0,-0.011189755,0.00023225723,0.020519549,0.011687239,0.010355844,-0.0014244538,0.01304661,-0.00038570314,0.008154543,0.028506964,0.016973304,0.0064655407,-0.015751295,0.0156081505,-0.0016509392,0.015757132,0.005082197,0.0034389307,-0.019088732
2020-10-05,-0.00048229593,-0.014817267,-0.0030763848,0.024816053,0.0,0.007181924,0.008673509,-0.012193302,0.015839994,0.0024592865,-0.00656671,0.0026115812,0.010337057,0.030708723,0.053647026,0.0012837448,0.016946707,-0.0019295419,0.022293996,0.0074317157
2020-10-06,0.008102687,0.009138149,0.00027216817,0.016773462,0.0,0.011964153,0.012604645,0.016395347,-0.0028019312,0.026789574,0.009959722,0.006164572,0.0013718503,0.05375777,0.023617359,0.0268235,0.0,-0.009499667,-0.053221833,0.022122983
2020-10-07,0.014012005,0.019994196,0.017049871,-0.00459758,0.0055830474,0.014630429,0.0012603969,-0.01633093,-0.028409733,-0.019257814,0.002355498,0.012611819,0.03602895,0.009120221,-0.0051735025,0.014115179,0.022644373,0.0055026906,-0.010993902,-0.007633274
2020-10-08,0.0,0.0030377035,-0.0053633437,0.028334957,0.005959476,-0.014268175,0.038546022,0.02415382,0.01581187,0.013321172,-0.011958346,-0.03842225,0.0078024077,-0.005467544,0.007148432,0.012575651,0.0052363104,-0.021177951,-0.017379597,-0.018348247
2020-10-09,0.007841732,-0.0045876014,-0.0024131034,-0.01196741,0.014774856,0.005636924,0.0022955232,-0.002376182,-0.00084454136,0.0039352267,0.020630179,0.03869651,0.017888423,-0.018146899,0.0373227,0.00527762,-0.0025578188,0.019779626,0.035618942,0.01637771
2020-10-12,0.010802038,0.014034127,0.03228948,0.021332186,0.01483217,-0.0066673215,0.019834252,0.011281088,0.001406882,0.02604469,0.0,-0.0022231252,0.008389681,0.03313632,0.022222849,0.010297432,0.0017855428,-0.016267372,0.031049917,0.08259958
2020-10-13,-0.0055997274,0.008830238,0.0027863479,-0.031900845,-0.0016110813,0.010125917,0.014449853,0.00030572587,0.006573262,-0.0006123975,0.0006012229,0.010243188,-0.0060388814,0.016973509,0.009469583,-0.014650384,0.0034240773,0.01846296,0.0098503735,0.011343332
2020-10-14,0.008648346,0.010720832,-0.005055806,-0.005778641,0.02240938,0.013234666,-0.0036596325,-0.017029895,0.011629353,0.022456605,0.0144022675,0.0067234384,0.01330861,0.02149632,0.0074184625,0.0057898615,0.022773383,-0.009377165,-0.0027606331,0.011367078
2020-10-15,-0.0097441375,-0.015373549,0.0030627218,-0.004641602,0.008810905,0.008481883,0.015865967,0.00030918373,0.01785204,0.001350653,-0.01462326,-0.021381844,-0.009883993,-0.0012870156,-0.012948091,0.019711282,-0.015185801,0.0273154,0.0075234417,0.009525652
2020-10-16,0.013830274,-0.002235366,0.034787588,0.011152286,0.007413839,0.0068546147,-0.0028030984,0.004398057,-0.004573777,0.030920392,0.006554061,0.002807477,0.0005875328,0.027127882,-0.0070926356,0.0036133535,-0.026532998,0.0046070134,-0.0035116847,-0.0036783346
2020-10-19,0.0038976439,-0.019049682,-0.01769347,0.005187634,-0.015703864,0.0051382775,0.015413703,0.012466876,0.00964133,0.0013799721,0.016188402,-0.0018788568,-0.009412489,-0.002548769,0.0061165593,0.0027539823,-0.012203337,-0.009719319,0.017533353,0.008035129
2020-10-20,0.005500229,0.010483449,0.016562618,0.023803905,0.0028435218,0.011039167,0.018767133,0.013682405,-0.019194607,-0.011763254,0.0032006432,0.01555793,0.002985179,0.019252285,0.033107266,-0.012975034,0.003416425,0.007938684,-0.02267964,0.032717217
2020-10-21,0.013085013,0.004569459,0.021412442,-0.0028572707,-0.005699755,0.0033593199,-0.0077785156,0.00946625,0.0033341295,0.0074130227,0.010636088,0.0018270661,-0.018994426,0.011791235,0.035280466,0.0031151564,0.010532683,-0.014109915,0.011126834,-0.025726007
2020-10-22,-0.0046377257,0.033969775,-0.009703402,0.015512537,0.01618964,-0.0013964811,0.016622541,0.004198301,-0.0006295506,0.0018286228,0.0032576825,0.012784727,0.02705,-0.014917391,-0.09194064,-0.0008478585,-0.03228514,0.048210748,0.0,0.047038242
2020-10-23,0.006655321,-0.0093760975,0.021443292,0.0018406737,-0.017278187,0.019413633,0.0,-0.0026990366,-0.00041573087,0.0068868594,-0.0013318305,0.021937883,0.013220168,0.0032012716,0.007627981,-0.0015450421,0.030333553,-0.0047310437,0.004550736,-0.008368497
2020-10-26,0.014043932,0.008929815,0.01363663,0.006187677,-0.0009993159,0.002458126,-0.009175322,-0.004578204,0.012369496,0.006318692,0.004952606,0.002169759,0.015950508,0.004652684,0.006594422,-0.0027443022,0.011080619,0.017769335,0.013230868,0.006546294
2020-10-27,0.008736664,-0.0051044906,-0.001207041,0.0038189073,-0.01631973,-0.0030291576,0.006271554,0.012043818,0.01285581,0.00015028713,0.002473234,0.028041223,-0.00023221581,0.008920618,-0.00065531617,0.014444311,0.002321568,-0.010070468,-0.0014242963,0.0036978738
2020-10-28,0.010491228,0.011601774,-0.009284447,0.0018365486,0.012871126,0.0,0.00257328,-0.006820954,-0.0042960607,0.0008037783,0.014607699,0.03226999,0.013696691,-2.9265562e-05,0.01381186,-0.03357378,0.0054918663,0.004701767,0.013648288,0.017439838
2020-10-29,0.0036620232,-0.03047588,0.008807772,0.023577346,0.015167483,0.0044639017,0.009284323,0.0031563223,0.005491906,0.0026365067,0.0114367455,0.0033581431,0.011332344,0.010985185,0.0022331607,-0.0038676532,-0.0016192071,0.014161271,0.037700072,-0.00061977294
2020-10-30,0.0,0.022452958,0.0072096293,0.0020887563,0.016675174,0.0006638958,-0.018745422,0.010539134,-0.013752569,0.005504634,0.005236982,-0.0014373593,-0.00045017304,0.0021453546,0.002355804,0.02079654,0.036288917,-0.005991603,-0.007739706,0.002966518
2020-11-02,-0.004048535,0.0032192373,0.014644657,0.0149756,0.015841352,0.0,0.016844776,-0.0025070468,0.009414846,0.017713925,0.013542502,0.010270397,0.01583806,0.015959071,0.0029787351,-0.00745027,0.0,0.00021965729,0.008476282,0.012498697
2020-11-03,-0.0024693424,0.0013654167,-0.004716216,0.004610813,-0.010566872,-0.0005485593,0.0055577666,0.016550854,-0.0039726812,0.0015530016,0.004896478,0.007858238,0.012079924,0.011471807,-0.0028857742,0.0023500903,0.0024354355,-0.015449701,0.027522808,-0.019521205
2020-11-04,0.009497934,0.014427369,-0.00436608,-0.0038611412,0.039295968,0.0052538766,-0.0010920806,0.0046947193,0.013241642,-0.0060579255,0.004015736,-0.02856535,0.0011576873,0.0028605722,0.017934108,0.003688668,-0.004864653,0.030950902,-0.003097606,0.034050178
2020-11-05,0.006561463,-0.007759581,0.01640031,0.0051864577,-0.004311517,1.4459811e-05,0.044081192,0.008795279,-0.013340904,-0.0048397155,0.010681362,0.01925723,0.0055004153,0.008568467,0.018193865,0.010817063,0.0,0.01543285,0.014362472,0.01181074
2020-11-06,0.015501114,0.009970254,-0.02659451,0.02304364,0.009203631,0.0019934096,-0.0004293857,0.0062444257,-0.0002630488,0.05798575,0.0061561903,-0.0045770886,0.0047729677,-1.3141844e-06,0.0075228014,0.007968364,0.0069340006,-0.011295458,-0.006077067,0.035836555
2020-11-09,0.0045519937,0.060585916,0.0073269573,-0.0021820515,0.007367165,-0.005969298,0.019049756,0.0033591848,0.008773243,0.03070117,-0.0013921624,-0.0051022773,0.01103497,0.028150586,0.072846994,0.01212944,-0.01678922,0.010963551,0.005252503,0.0015741753
2020-11-10,0.022313597,-0.012752392,-0.022792123,0.019689418,-0.00120241,-0.008063698,0.012379088,0.0018940292,0.0,0.011949811,-0.027171113,-0.008265471,0.05836583,0.015787052,-0.031973727,-0.0010061164,-0.032525454,0.009999504,-0.01341193,0.028987361
2020-11-11,-0.001127018,0.0,0.0023792891,0.02113417,-0.030100267,0.012802039,-0.0042619198,0.01179066,-0.007315195,0.0025935369,0.013956957,0.08375458,0.0003315208,0.010027872,-0.0050913864,0.027234932,0.022713495,0.024382312,0.0036694256,0.032979768
2020-11-12,0.037272286,-0.041967016,-0.006250637,-0.004928149,0.007779464,0.004302698,0.013494698,0.01350282,0.0034111843,0.00396672,-0.004110069,0.013357137,0.020225428,-0.032373182,0.0013691958,-0.05900253,0.0588581,0.007133672,0.011405363,-0.008658199
2020-11-13,0.0007804387,-0.013965962,0.06673233,0.012470276,0.022336442,0.003080255,0.008536555,0.0017085759,-0.002456232,-0.00719127,-0.004334878,0.01595139,0.0029290582,0.016499726,0.03344919,0.0043835742,-0.0075901886,-0.00062602496,0.013008639,0.0020964895
2020-11-16,0.026364746,0.05583651,0.02557667,-0.0066008177,0.0014425545,0.010956781,0.026474979,0.0014246783,0.005322983,-0.0043243724,-0.006126984,0.011312748,0.014501603,0.00057799474,-0.03129133,-0.0068847495,0.031857416,0.031539213,0.06886496,0.011859952
2020-11-17,0.046706934,0.0032036568,0.004763111,-0.042230397,-0.00825898,-0.0074203797,0.011448236,0.010992175,0.018961474,0.0047810758,0.02916569,0.010930187,0.0032983017,-0.003628889,0.029818892,0.008105967,0.008916314,-0.028181814,0.044927374,0.0020318776
2020-11-18,-0.031388108,-0.0020112323,0.021984896,0.022795817,-0.008908429,-0.01402469,-0.027130295,0.019336546,0.009967385,0.0032678677,0.00585544,-0.0006134503,-0.024239188,0.00036901733,0.0087209325,-0.01899364,0.019904971,0.0042441003,0.010635804,0.009923448
2020-11-19,0.023716653,0.011419759,0.005943788,0.009091993,0.008324364,0.0050305687,0.030026603,0.012894142,-0.0034769739,0.0012080088,0.0,0.014556109,0.006822534,0.019245975,0.00788376,0.008311721,-0.0068556103,0.03619922,0.0018338981,0.0060904217
2020-11-20,0.035671655,-0.0048127086,0.017740099,0.0022930042,0.045421682,0.0022074336,-0.007891246,0.0,0.009227372,-0.0023228284,0.007083025,-0.014581268,0.011646508,0.011797438,0.0230401,-0.08775372,0.0034780486,0.016945226,0.015878333,0.0075649037
2020-11-23,0.0,0.0053025414,-0.0030116327,0.0052619283,-0.0030930028,0.021638673,0.012705363,0.017867154,0.009200714,0.048213247,-0.008640793,0.0015099824,0.0014162323,-0.026864398,-0.0078232195,-0.08783157,-0.007407119,0.0052234945,-0.005332213,0.0091082165
2020-11-24,-0.0012650471,-0.0012653386,0.00052583916,0.021574767,-0.019962499,0.029712757,0.021767816,2.3930263e-06,-0.010696005,-0.016814299,-0.00019767637,0.02427294,-0.010334303,0.021700567,0.021164076,0.049095277,-0.02907582,-0.03182768,0.007499646,-0.018749645
2020-11-25,-0.13968162,-0.0056507154,0.025720678,0.010080431,0.011318366,0.010809519,0.010273517,0.0069800178,0.0,0.003052105,-0.0087921675,0.0072205057,-0.033394467,-0.0013244629,0.016265728,0.060521554,0.011163435,0.001556548,0.02017455,0.010967346
2020-11-26,0.0077196206,-0.035483774,-0.035476487,-0.00095071277,-0.010719939,0.0,0.0126020815,0.017781056,0.005956096,-0.00042492477,0.021266917,-0.013461536,0.002387099,0.00853524,-0.0063263522,-0.019461114,0.038814772,-0.13457333,-0.008473313,0.0040374435
2020-11-27,0.030915609,0.0,-0.009635821,-0.007244781,0.0016598371,0.005953836,-0.0018293872,-0.003910953,0.00033594534,-0.017191917,0.024530686,-0.007306777,0.0058114086,0.018173203,0.017954366,-0.0029217314,0.0105835525,0.007345723,-0.017422866,-0.008271264
2020-11-30,0.023553392,0.019043716,-0.008801963,0.06433059,0.0377828,0.0053098984,-0.012030583,0.009199098,-0.0032125162,0.0013647457,0.008648354,0.009666511,-0.0025286695,0.0070654736,0.016568819,-0.033197854,-0.021304507,0.012491639,0.009698698,-0.012210179
2020-12-01,0.018783959,0.013141533,0.014217359,0.018558571,0.0066360086,-0.002331563,-0.00040286448,0.0047153933,-0.00972371,-0.010810836,0.0,-0.004024487,0.010941401,0.024683053,-0.01790816,-0.012762003,-0.009067881,0.08114954,0.01648316,0.007379318
2020-12-02,-0.012684378,-0.003039962,0.0069143483,-0.10944444,0.006017835,0.010130342,-0.058336712,-0.015199552,0.004941327,-0.041405886,-0.0076177274,-0.0003512255,0.02344129,-0.0056109335,-0.0052799108,-0.03223079,0.0083780475,0.015911601,-0.012938512,-0.016699275
2020-12-03,0.008667948,0.017777473,0.01356793,0.027964192,0.00405172,-0.0028755504,-0.0057656183,0.014141871,0.009080228,0.018487258,0.017663531,0.02733941,0.004933679,0.00034721315,0.028823808,0.0067387423,0.0073210667,0.0075862817,0.028649172,-0.00045764272
2020-12-04,-0.008250815,0.029277852,0.007916213,0.012409983,-0.008120509,-0.049660847,-0.010697679,-0.003948019,-0.010814635,0.013479187,0.009188335,-0.017836275,0.017426625,-0.0046508308,0.015197851,-0.009775251,-0.002411866,0.01905985,0.017171646,-0.0009446685
2020-12-07,0.00695236,-0.0041043838,0.023725538,-0.0023544698,0.0041317986,-0.02387831,0.015498531,0.011298096,-0.004576099,0.0066088843,0.010642593,0.02804454,0.016967919,0.01210015,0.07820093,0.07114437,-0.015690587,0.0047697215,0.0,0.011796316
2020-12-08,-0.020133395,0.0055636517,0.0,0.0043093017,-0.007988457,0.03247269,-0.09319348,-0.015385154,0.00016832507,-0.025291154,-0.01534859,-0.012102882,0.024618387,0.008737671,0.012387168,-0.042142488,0.020371744,-0.0012475603,0.0,0.015940217
2020-12-09,-0.037315685,0.011555405,0.013054092,-0.005530739,-0.0310387,-0.00084052485,0.019222762,0.003981507,0.008311031,0.025121318,0.025486534,0.0,-0.0006177905,0.013467119,-0.015397458,0.009751973,0.0024248657,0.010941832,0.01682703,0.0
2020-12-10,0.08084787,0.0078083565,0.00023619128,0.013391933,0.030645143,-0.01461447,0.039247353,0.0073295473,-0.0014211873,-0.007995223,0.011076499,-0.011179095,-0.02113734,0.0027428581,0.013656634,0.01742209,0.020616546,-0.002791518,0.0,0.015665527
2020-12-11,-0.008069311,0.008715748,0.00958159,-0.00793707,0.0046249204,0.0104752155,-0.0169389,0.0,0.0117282765,-0.017094536,-0.006720529,0.009142223,0.017931907,0.01477644,0.015654147,0.01852333,0.0065932856,-0.08843149,0.00997986,0.0010837668
2020-12-14,-0.0070750946,-0.052332815,0.007011706,0.0,0.007188112,0.007466682,0.015890742,0.003476987,0.0021205868,0.009698106,0.015747977,0.00782719,0.0,-0.0032026002,0.0077715637,0.021488333,0.002086292,0.017872788,0.002075196,-0.010265883
2020-12-15,0.0033848481,0.0,-0.011502129,0.030808425,-0.01148602,0.005237524,-0.0046714847,-0.011103199,-0.004055531,-0.012553927,-0.023289384,0.0009858061,0.028219976,0.0029054643,0.021990601,0.025227893,-0.022392055,0.010153437,0.012311546,0.00034376353
2020-12-16,0.023054702,-0.0010979582,-0.0013693712,-0.016657498,0.0,0.04732583,-0.0020285728,0.0025928202,-0.001842323,-0.007944972,0.0,-0.004142417,0.0017315528,-0.008128462,-0.0046251537,0.003785007,-0.0013959431,-0.00532276,0.015421439,-0.0038531912
2020-12-17,0.01055832,0.017894065,0.0070621506,-0.005312603,0.011159431,0.00041921795,-0.0052448167,-0.014775819,0.014285505,0.04079131,0.0076522212,0.017475048,0.0018336088,0.011606344,-0.009030442,0.017076135,-0.028822545,0.0029256162,-0.0054016053,-0.005685931
2020-12-18,0.011041283,0.032496773,-0.03443246,0.002250115,0.026946144,7.7166515e-05,-0.018734481,-0.016803518,0.016367488,-0.00042341638,-0.014395643,0.016475463,-0.009124601,-0.010077209,-0.006195958,0.019965509,0.041249394,0.014770346,0.0036893496,-0.013415775
2020-12-21,-0.033640478,0.006258662,0.0069506434,0.01878729,0.010768905,0.021738516,-0.00028369788,-0.0040997653,0.006019981,-0.0022129864,-0.0023615602,0.015924707,0.008542485,-0.014232664,0.0127046835,0.0028163954,0.018069055,-0.017530577,0.012425416,0.0035906166
2020-12-22,0.0033861531,-0.0055882162,0.003415508,-0.02162748,0.0024360751,-0.044739705,-0.016013227,-0.024137117,-0.0052394806,0.06294503,-0.0022441577,0.017447079,-0.110382356,0.020698719,-0.069959395,0.0104980925,0.011624526,-0.014818844,0.0,0.0018975879
2020-12-23,0.008610072,0.00016183892,0.027019674,0.019513324,0.004127794,0.008562874,-0.00010829136,0.014461171,-0.0011689402,0.00092616805,0.014590471,0.0,0.03539138,0.028193085,0.023614937,0.004717267,-0.008274783,0.0030713452,-0.062837385,0.01885607
2020-12-24,0.017408073,0.0075358,-0.041607715,0.0,0.026482679,0.005358929,0.0063111857,0.015467313,-0.006689179,-0.072136454,0.015481411,-0.0016445335,-0.0020643629,0.012807725,0.024487263,-0.009037127,0.044221528,0.07123362,0.035980012,-0.0026727847
2020-12-25,0.043655667,-0.031226262,0.005851233,-0.008402926,-0.010220847,-0.011852148,-0.030104395,-0.01521208,0.002484877,0.021295153,0.016457867,0.009275593,0.004201952,-0.008808941,-0.012949334,-0.071589254,0.004381772,0.0045737703,-0.016868167,0.01795353
2020-12-28,0.009840104,-0.0065748207,0.004384282,0.03126796,0.011068327,-0.012639241,0.03284192,0.0014121534,0.007950859,0.0051821717,0.010759508,0.00028348193,-0.00081504387,-0.015179512,-0.017732862,-0.023714876,-0.008031288,-0.005780243,0.0019631796,0.00025274215
2020-12-29,0.0014422487,-0.03877651,0.008598539,-0.01525482,0.0034606056,0.017839696,-0.019179393,0.008263098,0.0027602173,-0.013340854,-0.017826509,-0.009490427,0.0026095626,0.045127966,0.0012990865,0.028154321,0.0069355555,0.015976818,-0.0016910154,0.010822095
2020-12-30,0.02676608,0.014994205,0.039489403,0.001603366,0.01887873,-0.009543719,-0.0051778527,-0.0057997447,0.009291706,0.039420627,0.0018241545,0.008634253,0.00054940156,-0.0057942807,-0.00805278,0.0023917293,0.0046554115,-0.041910537,-0.021698747,0.0019729687
2020-12-31,-0.0061231875,0.002029607,0.0009768639,0.016567267,-0.0019731545,0.014386032,0.0,-0.0017429213,-0.014678433,0.017677855,0.0021438347,0.0020776107,0.025010053,-0.00020393782,0.034386203,-0.0009966495,0.024549466,0.028305339,0.023371907,-0.018350413
2021-01-01,-0.004830174,0.021722073,0.008386219,-0.0124808755,0.014440298,-0.00714231,-0.15193821,0.00035958693,-0.0024689077,0.004066737,-0.0037524207,0.011247486,0.009692473,0.0054934337,0.01779788,0.019298302,0.008115365,-0.009059027,0.025001107,-0.023130344
2021-01-04,0.0046743676,-0.00014944148,0.0049604485,0.006635155,0.024509335,0.000639522,0.013073523,0.016140621,-0.0074361404,0.073123395,-0.0018943277,-0.0111525105,0.01391635,-0.020123145,-0.03907901,0.0017828849,0.017450599,-0.009795543,-0.00042681326,0.00929097
2021-01-05,0.028333856,0.0022321113,-0.09375967,0.030306006,0.015950972,0.014402583,0.047058016,0.0048752017,-0.004089249,0.019265216,0.011289868,0.015928654,0.009916247,0.025173238,0.0038368725,0.027409982,0.016562708,0.005143194,0.015759679,0.01658332
2021-01-06,-0.0011735539,0.001826577,0.0015335704,0.015228599,-0.0012880567,-0.13300587,0.03925746,0.021279847,0.0050297854,0.00977372,-0.011254149,0.025284017,-0.015238712,0.030134995,0.015953697,0.016261354,-0.001636364,-0.018750671,0.019884743,-0.008953709
2021-01-07,0.015317856,0.010667404,0.002945285,0.004304538,-0.012518377,-0.0027705966,0.024342306,0.017579718,0.0031547647,-0.019451702,-0.008850615,0.0042145457,-0.0008901128,0.005626075,0.003690475,0.010558216,-0.012416046,0.0430572,0.0076988046,0.00867816
2021-01-08,0.005328139,0.0038987715,-0.039985552,-0.0014357816,0.0048186462,0.06387806,0.011132745,-0.0014105728,-0.015831092,-0.02061559,-0.009681537,-0.0048058084,0.017451687,-0.046635404,0.017293362,-0.023529446,0.004713701,-0.006248098,-0.008540604,-0.0036263098
2021-01-11,0.03351202,-0.017772675,-0.011340443,0.0079706265,0.0086577665,-0.0052251555,-0.0056083915,-0.008668647,-0.0054702046,-0.00434107,-0.00081213156,0.008514227,-0.005409758,0.01159187,-0.0035246285,-0.005194805,-0.0017767732,0.024776401,-0.12575327,-0.0077929134
2021-01-12,0.03724296,0.03768442,0.06491302,0.009313451,-0.0077884137,0.047440354,0.020023791,0.0044894726,-0.012165271,0.047515944,-0.002416568,0.005555748,0.028102936,0.015477216,0.000468223,-0.009618237,0.013853544,0.010575082,0.024152938,0.016415447
2021-01-13,-0.0003968423,-0.10967124,-0.013385179,-0.0060071344,0.015901659,0.030793527,-6.527031e-05,-0.0043274,0.020446349,0.0,-0.011713083,-0.0053346017,-0.0047853338,0.012312773,0.016982524,0.0023612375,-0.01383516,0.022785481,0.03913249,-0.0003882606
2021-01-14,-0.08073343,0.015849544,0.010759223,-0.0055119433,-0.025660703,0.002732154,-0.005747276,0.0023507648,0.016555138,0.011069037,-0.015787082,-0.006936387,0.015200213,-0.016473988,-0.019677045,0.0034166735,0.0,-0.004817204,-0.009275679,0.002519348
2021-01-15,-0.03646732,0.023981126,0.023237228,0.014796274,-0.0056934943,0.020513654,0.0054552527,0.0103987595,-0.03266189,-0.12016733,-0.1353286,-0.010826266,-0.003935836,0.03269895,0.019515518,0.006777869,0.00018660804,0.015738541,0.026041478,0.007906244
2021-01-18,-0.011123756,-0.018487612,0.0037393386,0.00017402813,0.007607014,0.018695867,0.017342426,0.0031081438,-0.0014731132,0.006643198,0.06524057,3.646504e-05,-0.001452145,-0.0076923002,0.009388453,0.015876833,0.003598027,0.011971862,0.024494838,0.0012411203
2021-01-19,-0.009409047,0.009455944,0.009233836,-0.05890747,0.027143352,-0.005171351,0.0050950884,0.003493445,0.018050915,-0.005675787,-0.051940773,-0.00047526945,-0.009765814,-0.086969234,0.015475184,0.006131049,-0.002154044,0.001427153,0.007242447,0.00557812
2021-01-20,0.046466965,0.008455532,0.021746125,0.04981149,0.000457583,0.016632704,-0.0011661721,0.011644941,0.008506527,0.03455082,0.030691728,-0.00634708,-0.0266613,0.031942908,0.023310669,0.008540988,0.02287053,0.013360239,0.015891857,0.0007013671
2021-01-21,0.02362294,0.028745506,-0.019216051,-0.008524784,-0.018876689,-0.0064528976,-0.013544141,-0.0065506077,-0.0007360388,-0.01270985,-0.015539196,0.0045917155,0.009217808,0.016011326,-0.009527296,-0.040019646,0.020459244,-0.0062884185,0.0043062996,0.0036413078
2021-01-22,0.022622334,0.0021874274,0.024795799,-0.017876716,0.025375564,0.013219676,-0.021703059,0.0038078702,0.0067769573,0.07156588,-0.007670563,0.021929082,0.0102330325,-0.005325848,0.01800666,0.017974535,0.0009127441,0.008649919,-0.04504443,-0.006276821
2021-01-25,-0.027728925,0.047006607,0.046357356,-0.031339105,0.0,0.0,0.008030984,0.018556938,-0.009287782,0.014594006,-0.04573697,-0.0010004464,-0.01859965,0.014617052,-0.011763156,-0.0064879907,0.010684779,0.006798934,0.0024096435,0.0013373717
2021-01-26,-0.005460532,0.0038174486,-0.006118518,0.0007498456,0.0027449653,0.0022746373,0.023690877,-0.0013798575,-0.002172382,0.02377208,0.00025674418,0.021264875,-0.04226253,-0.0046377988,0.012023523,0.009947315,0.006009712,0.013925149,-0.001026901,-0.015585262
2021-01-27,-0.022793232,-0.0024929747,0.0075616254,0.034612305,-0.0070084278,-0.0019838398,-0.015346541,-0.0010802026,0.010629274,-0.0091438275,0.013514574,0.009841551,0.037268136,-0.00739782,0.02177137,0.030928604,0.0037227469,-0.0051518106,0.013552708,0.0076368176
2021-01-28,0.005018058,0.013241597,0.010150368,-0.025703955,0.013953151,0.014525384,0.021617483,-0.003837367,0.005802372,0.0057370234,0.030815741,0.0019662203,-0.009539835,0.018630417,-0.0013393477,-0.06556663,0.014860639,-0.012808748,0.0070410166,0.020540148
2021-01-29,-0.058843754,0.0,-0.00083178375,0.015631974,-0.032576036,0.0013848222,0.012834178,0.0027589023,0.0019186555,0.006023383,0.019120308,-0.018080018,0.02712673,0.010404981,-0.021100773,0.010657734,0.014933616,0.002595746,0.023918994,0.004172305
2021-02-01,-0.030487293,0.010804929,0.008361038,0.0039130053,0.0029991406,-1.6463579e-06,-0.0044269026,0.013672874,0.0061037242,-0.00555447,0.013858543,0.017567743,0.015168022,-0.0008141789,6.716977e-05,0.015089206,0.0051249084,0.01544051,0.02219181,-0.007793641
2021-02-02,-0.0034765354,-0.0061268103,-0.005284126,0.027246892,-0.01632885,0.023826087,-0.03307112,0.00088599214,-0.004182128,-0.007769675,0.012970466,-0.0045833974,-0.00042104046,0.0028744196,0.0076665585,0.010611259,0.00042552524,0.0021746242,0.0,0.0071468716
2021-02-03,0.033702582,0.014330107,0.012028296,0.03240067,0.022290878,0.014884888,0.028484747,0.0125651,0.016298672,0.0,0.013946848,0.020010248,-0.030927472,0.0002281176,0.014680117,-0.002876486,0.007826573,0.012707341,0.0020699797,0.0050554485
2021-02-04,0.0021950288,0.014390943,0.02512775,-0.004925477,0.020733977,-0.006748111,0.0058970493,0.010059726,-0.0016157761,-0.001291268,-0.016593572,0.016791504,-0.0067010853,0.005399736,-0.0015452775,0.0,0.0069986633,0.006524968,0.0033237662,0.0026246568
2021-02-05,0.024544554,0.022756405,-0.011167584,-0.0015582306,-0.015770677,0.011329076,-0.00093447266,0.00922486,0.005271254,0.009396765,0.0038683147,0.014359582,0.0032847193,0.03742697,0.0044838497,-0.0083633885,0.021387655,0.023743898,0.005481796,0.006805191
2021-02-08,-0.023276664,-0.010005043,-0.043908138,0.037512355,0.004751537,-0.01829286,0.013676639,0.0029396575,-0.0030277271,-0.0027930457,-0.027737055,-0.017242942,0.022450583,0.025156088,0.01298418,-0.009246433,-0.018412206,0.0039570862,0.036567457,0.0072557377
2021-02-09,0.033983506,-0.012956696,-0.00862071,-0.06730642,0.019490846,0.005941727,0.0010367956,0.010438529,0.007127901,0.026088865,0.0031950907,-0.019881163,0.0045648087,0.026908875,0.02371453,0.0039611277,0.048705142,0.01878384,0.0031094153,0.02197519
2021-02-10,0.0071630026,-0.025790405,0.022981854,0.020192735,-0.06166447,-0.017491613,0.0042427117,0.01579416,-0.0045680045,-0.0056761135,0.023339916,0.017774282,0.0026023353,-0.019967755,0.0076476843,-0.13182771,0.0,-0.004410388,0.015871178,-0.0029422436
2021-02-11,-0.023238102,0.02200048,0.023624316,0.01434547,0.00969965,0.019759536,0.0075923144,0.019535955,0.0064590084,0.009203592,-0.02230853,-0.020613603,-0.001284808,0.0013973854,-0.012054926,0.06935181,0.039803967,0.0061263717,-0.0028814636,0.019512543
2021-02-12,0.041289285,0.010922758,-0.008533383,-0.00031791624,0.057141323,0.0063132048,-0.010722526,-0.03156601,0.009907141,0.01874051,-0.0026248614,-0.008520201,0.007835339,0.0,0.02228132,0.0051747467,-0.01582005,0.013549377,-0.006120008,-0.0010491917
2021-02-15,-0.008448479,-0.007040061,-0.000884088,0.013879632,-0.009272697,-0.016688103,0.017523782,-0.026411982,-0.015175822,0.007934345,-0.003466361,0.03769622,0.0019310033,0.013968734,-0.02006724,0.010223448,-0.11543406,-0.0036475244,-0.006856055,-0.012166514
2021-02-16,0.017303407,0.0025931932,0.020071391,0.04743221,0.014419807,0.035031397,-0.002980311,-0.008008494,-0.0058532916,-0.012349126,0.016862128,0.009249698,0.014544992,-0.004849991,-0.02036196,0.0144659905,0.058810268,-0.0033651432,0.028086243,0.026224395
2021-02-17,0.016889215,0.0076453914,0.0076029142,0.013908102,-0.028842498,-0.0009514196,0.009810904,0.024805376,0.0020515593,-0.0052954974,0.0032280753,0.010576268,0.00815204,0.0032799717,0.019772967,0.014153744,-0.0044244314,-0.010530972,-0.015381063,0.008390499
2021-02-18,0.009613521,0.008361475,0.024821918,-0.001901953,0.03582092,0.009148745,-0.0046016225,-0.0011730873,-0.017321937,0.010402797,0.0046725883,0.0052375845,0.015542572,0.024354542,-0.014339117,-0.013360311,0.015734704,0.026741,0.030678391,0.013931741
2021-02-19,-0.0122081125,-0.00020073068,0.020582164,0.0010804939,-0.0023675426,-0.0011842736,0.009693581,0.0035274557,0.004049458,0.0,0.012413571,-0.0008598052,0.015473352,0.0236705,0.056058597,0.017195908,0.019355237,0.003156139,0.0072091315,-0.025121525
2021-02-22,0.018234458,-0.0119053135,0.030316748,0.002966429,0.0,0.008302152,0.0018253376,-0.019392218,-0.004220779,0.003089042,-0.016157351,0.03137745,-0.012309214,-0.0068025603,-0.0059867864,-0.026824038,0.018582808,-0.01654445,0.007748824,0.011805229
2021-02-23,-0.0010720772,-0.004734586,-0.006417721,0.0027604334,0.0019746937,0.015090379,0.007231426,-0.016636563,-0.008720571,0.01969238,0.013097181,-0.020381672,0.005446129,0.012408731,0.071104646,0.0009602156,0.02090965,-0.019886028,0.00036433846,0.009587583
2021-02-24,-0.008120209,-0.024533758,-0.006088796,0.023684526,-0.004210784,-0.0016577711,0.0,0.003767613,-0.0010076531,-0.021935036,0.0027007135,2.5126667e-05,0.0027797064,0.0016044348,0.0,0.0023552119,-0.019523973,-0.03485516,-0.006872237,0.03001658
2021-02-25,0.028465092,0.0049331957,-0.021447316,0.0039283033,0.024569016,0.020388553,0.0021080605,0.02876963,-0.0045269984,-0.0013987668,0.020785479,-0.022829294,0.0077487878,0.008411276,-0.00037572326,0.004765828,0.0054453854,0.0562306,0.01994966,-0.018578041
2021-02-26,0.004296884,0.0001609414,0.022641981,0.0020517667,0.044433303,0.008852702,0.010890217,0.02727324,0.0099246185,0.014556105,-0.016950445,0.020905945,0.008441422,0.026119152,-0.014778402,-0.019429673,0.023714207,0.023855295,-0.0052638263,-0.01739284
2021-03-01,-0.011172796,0.0025042736,0.004231563,-0.0037932121,0.005032082,0.01990192,0.0042511495,0.0024563787,-0.004595142,0.020319054,-0.032277513,0.020384422,-0.0025017667,0.0036675283,0.022780547,0.00037838478,0.009199667,0.009905062,-0.00061346457,0.0384114
2021-03-02,0.023887396,0.028122447,0.010150201,0.025415344,0.0006023861,0.005658653,0.017590431,-0.023211695,0.023968562,0.008361022,0.046492554,-0.011277828,0.00650261,0.018518705,-0.0090402765,0.01607184,-0.03341962,0.02300727,0.008459259,-0.028528292
2021-03-03,0.0075155534,0.024583835,-0.00222975,-0.0005966533,0.0062341057,0.0060176644,0.006593495,0.018046489,-0.011920268,0.021381345,-0.015000396,0.004659969,-0.014776257,0.0066910484,0.028023198,0.018567061,0.0042459215,-0.002541348,0.019209618,0.0018353728
2021-03-04,0.02197163,-0.0036367537,0.0032989369,-0.007788018,-0.00547331,-0.012667711,0.013622977,0.008231106,0.005094086,0.001959488,0.037496258,0.021729428,-0.00020202006,-0.011489096,0.0,-0.0059075514,-0.015347585,0.0005127914,-0.0022664673,-0.00010234819
2021-03-05,0.026516637,0.009563004,-0.00047550543,0.019991755,0.0,0.012935505,0.015012939,-0.024738949,0.00033028002,-0.007831776,0.0055926335,0.004465845,0.009695975,0.008924496,0.034112666,0.011344334,-0.013621263,0.039624766,-0.0030486856,0.021994326
2021-03-08,-0.0043156943,-0.005545662,-0.0021090661,0.0074912393,0.0,0.017484784,-0.0009070318,0.0,-0.02021226,0.011548847,0.001867109,0.008658303,0.00071592507,-0.003371887,0.030591283,0.0,0.047044504,0.017845625,-0.0029712487,-0.0031379003
2021-03-09,0.020584134,0.017736034,-0.017275566,-0.009449529,0.0059343604,0.0056283777,-0.010206433,0.010321928,-0.018557752,0.015120854,0.00025628554,-0.00380661,0.0050005005,-0.028823549,0.0056105414,0.00089058746,0.011649185,0.0010493563,0.010228189,-0.015714148
2021-03-10,-0.013051286,0.003038818,0.022724377,0.0034771352,-0.041005973,0.0045029763,0.0024569153,0.011044584,0.022908367,0.0032935834,0.007793541,0.036083266,0.0024218776,0.015213675,0.015072791,-0.012490322,0.0012417356,0.016804136,-0.0018511885,0.0048554004
2021-03-11,0.003763267,0.014941752,-0.01475425,-0.008161343,0.01594445,0.0,0.0106645245,-0.0072799204,0.00846762,-0.00081260846,0.0111913495,0.013493951,0.015222874,-0.009072432,-0.041876942,9.151442e-06,0.011425937,0.0026591544,0.008537379,-0.011809362
2021-03-12,-0.0021971073,-0.00021429885,0.0434092,0.0023433415,0.029969838,0.0038177765,0.0,-0.0063629826,0.0,0.018133733,0.010089386,-0.014431896,0.013138894,0.0,-0.019392204,0.010449764,0.002783928,0.01114496,0.006163513,-0.005625335
2021-03-15,0.018957514,0.0019850947,0.04605124,-0.019605108,0.006560279,0.0040410003,0.007293705,0.015383345,0.022039207,-0.011715641,0.0017346063,0.015783286,0.002103715,-0.009715714,-0.0011582505,0.007038505,0.011107533,-0.037082516,0.012504113,0.023002936
2021-03-16,-0.0046710283,-0.015184033,0.03624369,0.02261701,-0.0135194035,0.012553612,-0.008197604,-0.011857043,-0.0024562175,0.0070452723,-0.03468886,-0.010203968,0.005742953,0.0033269417,-0.0012097294,0.009004291,-3.4868701e-06,0.018665828,-0.008744246,0.01944904
2021-03-17,0.015370057,0.010903527,0.0,0.014079675,-0.0072282813,0.0,0.011224923,0.0026764371,0.0018416606,-0.0202216,0.016032005,0.011111217,-0.0031229102,-0.010328711,0.0642003,-0.003036293,0.015008556,0.0024240015,0.003567413,-0.05235371
2021-03-18,-0.008633986,-0.002809088,-0.006605168,-0.0061519663,-0.01956349,0.00012006313,-0.005562451,0.020682009,-0.0035874338,0.013264672,0.0037585397,0.020122122,-0.00047443277,0.005559777,-0.014629015,0.0062415404,-0.002830115,0.010188504,-0.0031106647,-0.01873973
2021-03-19,0.0018424124,0.014597931,0.009348455,0.0061891265,-0.014424853,0.014831358,0.008368133,0.012665924,0.009880856,0.023528786,0.03773738,-0.0075413617,-0.02876341,0.06300593,0.030162867,0.0074786684,-0.0031859537,0.0028144715,0.018685775,0.08267586
2021-03-22,0.0,0.022327667,0.01584375,0.020127883,0.020475952,-0.02926123,-0.0020898676,0.028778967,0.023772897,-0.016944459,0.017899327,-0.0065413183,0.021505432,0.0035697205,0.027119117,0.006670971,0.009831726,-0.0014362026,0.015743554,-0.0033087293
2021-03-23,0.011185127,-0.0061073545,0.0085394755,0.00094609853,0.015951188,-2.9380944e-06,0.015943533,0.00864814,0.0018237216,0.004589981,0.012675864,0.008604802,0.0038891274,0.028646128,0.0015490192,0.07353724,-0.0055593257,0.024688076,-0.014717587,0.038919374
2021-03-24,0.030796517,0.0070686913,0.018211575,0.007897741,-0.04095835,0.016880011,-0.0077821864,-0.0027899866,0.009524787,-0.025638865,0.005026614,0.01808481,0.014374387,-0.0119588,0.004959631,-0.017984377,-0.012539341,-0.012905626,-0.0146716535,-0.15252975
2021-03-25,0.01619471,0.006429847,-0.0010730225,0.0018065324,0.0031063005,0.002659618,-4.8725455e-05,0.009736407,0.014433088,0.014689327,0.009546372,0.0034050425,-0.0028042928,0.0015208487,-0.010405771,0.025375707,0.002898911,0.0005285084,0.020601628,-0.01614539
2021-03-26,-0.0068422356,-0.0033915392,-0.004418084,0.01025696,0.024725322,0.0011963089,0.003551167,0.00027424964,0.0048780465,0.011636145,0.013712345,0.012115699,-0.0017512973,-0.0030180793,-0.014313733,-0.012395121,0.009740378,0.011135585,-0.027880479,0.037322924
2021-03-29,0.022672098,0.010420459,-0.008129149,-0.0006678564,0.0048440457,0.0056174747,-0.0033681658,0.005743541,-0.0066508013,-0.0026663274,-0.019938352,0.005787531,-0.02079429,0.0140107125,0.01720226,0.064105995,-0.0043087667,0.024147987,0.019139085,-0.0054290574
2021-03-30,-0.0017147321,0.008257955,0.0007891105,-0.0016213977,-0.0020637568,-0.018479481,-0.0010953569,-0.0010944116,0.0143367,0.011053096,0.01522271,0.004671448,0.008220637,-0.018037792,-0.004763785,-0.014773142,0.02364413,0.017893793,0.010574192,0.007873655
2021-03-31,0.014099898,0.0024100998,-0.0051042284,0.011144266,0.010665432,0.016454697,0.015001983,0.012315106,-0.00040485073,0.012508274,0.0018266215,0.0066119903,0.009211399,-0.019200856,-0.027843358,0.0095441695,-0.0063081114,0.00056208845,-0.00088776636,0.026912328
2021-04-01,0.0021476042,0.010167663,-0.004193122,0.0015025503,0.002085684,-0.00871769,-0.0098741,-0.0018447478,-0.0010036689,0.029167946,0.0051561915,-0.0038157904,0.027926313,0.04609555,0.02373549,-0.030352317,0.04296009,0.012602635,0.015580634,0.021439537
2021-04-02,0.017040322,0.0033061183,0.008812443,0.025374955,-0.009461161,1.1722368e-05,-0.0010551156,0.0034356185,-0.009971231,-0.008015603,0.014327081,-0.0004508921,-0.019324232,0.028474152,-0.004583477,0.016886426,0.036357332,0.005431308,-0.0074927863,0.048043747
2021-04-05,-0.007471274,-0.018764311,-0.0036287527,0.0047099916,-0.004553036,0.020208644,0.0064976965,-0.019742064,0.009143159,0.013450623,0.0031018418,0.022212029,0.015290486,0.0011583937,0.015756816,0.037410397,-0.0034107964,-0.018267347,0.019348525,0.0050550937
2021-04-06,-0.004573651,0.0034094313,-0.0061659417,-0.002956422,0.021990573,0.0019681896,9.717728e-06,-0.0025267403,0.013868633,0.002516267,0.034422908,0.0102415085,0.016447248,0.0,0.009181916,0.026294993,0.0113639375,0.0077818073,0.020834915,0.008620431
2021-04-07,-0.0009546113,0.0107249785,-0.00963615,-0.007861744,-0.0063553387,-0.02151363,-3.9369697e-05,0.01434159,0.0,-9.492869e-05,-0.010794338,0.0007523334,0.0021329112,0.019348435,0.024493348,0.007910426,0.0019967752,0.0063126846,-0.022995979,-0.00028628195
2021-04-08,-0.0069607245,0.011739182,0.0,-0.020071372,0.02079086,-0.019031629,0.008930831,-0.0041403887,-0.009911389,0.012067447,-0.0030884626,-0.009404004,0.0008899496,0.025410311,-0.055070594,0.017875908,0.017954187,0.0136655355,0.0014409547,0.023618232
2021-04-09,0.0016406375,-0.021591777,-0.028567184,0.017301539,0.022660954,0.00985224,0.005635048,-0.010653317,0.013997779,-0.005262624,-0.006727231,0.014360638,0.0119633805,-0.002399661,-0.006288273,-0.022406397,-0.012483592,0.00062830496,0.04299432,-0.029774023
2021-04-12,0.01967881,0.0102273915,0.005638514,0.015828025,0.030749023,0.033172544,0.009317008,0.004580348,0.0048438744,-0.021315215,0.0104830405,0.0028090584,0.0008999258,0.01787169,-0.0162465,-0.008359887,0.01589581,-0.004928505,0.0055736583,0.031433545
2021-04-13,-0.008106298,-0.015967028,-0.006516773,0.008908034,-0.018187575,0.020506749,-0.012479376,0.0076593356,0.001120714,0.00013021406,0.008367432,0.00783108,0.0083045885,0.0,0.012618333,-0.01985086,0.016938336,0.006217428,0.0,0.00039054124
2021-04-14,0.01348902,0.013201664,0.055972453,0.013769147,0.013339303,0.010714472,0.018765168,-0.0010147315,0.0023909563,0.0022607078,0.0073731504,0.017909896,0.011305644,0.027135676,0.023967292,0.008139879,0.010979308,0.021800809,-0.01853943,0.014964954
2021-04-15,0.004366089,0.0027821152,0.022140114,-0.0064620897,-0.032738768,0.024102354,6.213561e-05,0.010314386,0.002378411,-0.011344392,-0.005537779,0.008477114,2.4955514e-05,-0.023050824,0.027397607,-0.01733156,0.0025333564,0.020522112,-0.006035667,-0.04499437
2021-04-16,0.0012003689,0.010810153,0.02120689,0.0058921156,0.0003802308,-0.009870666,0.0066912672,0.011146653,0.016997626,-0.008617015,0.01819916,0.00080909085,0.002216977,0.04389414,0.014163066,0.038081866,0.0030618776,0.021516489,0.020426521,0.029878845
2021-04-19,0.021034867,-0.00015464846,0.017634066,0.0,0.011582202,0.012313878,-0.0026475019,0.000608585,0.007914344,0.003983385,-0.0017753979,-0.0065169395,-0.011170401,2.1348096e-06,0.007911802,-0.0011649164,0.014702084,0.005315671,-0.011386659,0.007669044
2021-04-20,0.0031617107,0.0,0.011589078,0.034370992,-0.03362943,0.005371811,-0.0006199935,0.007680196,-0.0009320056,0.01124285,0.022935193,0.015764391,0.0086228475,0.0042915703,-0.014384763,0.0032031932,0.0030438853,0.009290827,0.02391222,-0.0018402154
2021-04-21,0.011791859,-0.0007941071,-0.032464832,0.008795247,0.063750595,-0.011712676,0.010534797,-0.014630283,0.0029593154,-0.01782191,-0.0052592554,0.0,-0.00080324063,0.008107322,0.02746963,0.02270187,-0.0042211963,0.00151178,-0.0034521245,0.02020358
2021-04-22,-0.021834467,0.017426603,0.00743373,0.016365757,-0.019922903,0.015416371,0.004852729,0.002751442,0.009183158,0.015658626,-0.028098676,-0.007872156,0.0020605917,-0.0013704875,0.015296887,-0.006339137,-0.0027458048,0.009926394,-0.003145247,-0.006302453
2021-04-23,0.0,0.00695718,0.0083055645,0.015543764,-0.01644003,-0.008341608,0.002695409,0.022736127,0.0034265923,-0.03743704,0.010920621,-0.006125496,0.005065982,0.009372057,0.028334936,-0.002796943,0.014897339,-0.011516385,0.017378816,0.029243711
2021-04-26,0.011618877,-0.00034193168,-0.034760717,-0.023316683,0.07812588,0.01985586,0.014559928,-0.0019323371,0.009034205,0.02330062,0.02265354,-0.027117616,-0.0077661807,0.0136043215,0.037365112,-0.01491067,0.0014950568,0.0037952787,-0.0017420804,0.04434288
2021-04-27,0.00054402335,0.012999501,0.02278124,-0.0070686387,0.0028027906,0.011218247,-0.00022753575,0.010066072,0.0064469525,0.029252192,0.014995403,-0.005227197,0.023696475,-0.008638738,0.018651826,-0.021343881,-0.0014554932,0.011664531,0.02279683,0.0020665824
2021-04-28,0.030455386,-0.0011795028,0.008332322,0.009136252,-0.008685972,-0.03581738,0.008321449,0.008430036,0.001410914,0.010954574,-0.019143445,-0.0014349903,-0.0050367014,0.026712514,0.013485844,-0.009084063,0.016227515,0.0027426856,-0.0075284992,0.005007432
2021-04-29,0.012593867,0.006843098,0.01940791,0.022515971,0.07189451,-0.034995485,0.0072254445,0.0038095813,-0.00119417,0.023002813,0.0047603035,0.027221287,0.0030083826,-0.015186887,-0.010515551,0.026013441,-0.00060736405,0.0,0.01158787,-0.0024061932
2021-04-30,0.0017399301,0.0013833538,0.0,-0.012924265,0.017027488,0.03667349,0.0,-0.006598086,0.009279536,-0.0086940015,0.020394221,0.028475823,0.014984633,0.0028150785,0.024022415,-0.004979147,-0.007330827,0.008637962,0.005823125,0.014242529
2021-05-03,2.2097202e-05,0.019018656,-0.012319948,-0.009705941,0.003998346,0.02354137,0.0031566152,0.010316643,-0.005517439,0.017570931,-0.005264982,-0.00018842818,-0.009082885,-0.0391237,0.009442168,0.0457956,-0.0012745056,0.01803913,-0.0038172156,-0.019383859
2021-05-04,0.00015085076,0.021103388,0.006543306,0.006527524,0.022508498,-0.015827117,0.008648033,0.014629771,0.0,-0.0081027225,0.022324042,0.011001749,0.008599459,0.010589889,-0.007467381,0.015771527,0.00046157523,0.0039938022,0.025045965,0.0
2021-05-05,-0.0074421884,0.0,0.018851753,-0.022803731,0.009282238,0.0021910397,0.0030359998,0.012550347,-0.0010088686,0.01750388,0.010055589,0.02278478,0.0007698131,0.0013619493,0.005109897,0.009843235,0.003162111,0.016614944,-0.018121243,0.004235805
2021-05-06,0.027202254,0.013200116,-0.009705505,0.034967173,0.012499026,0.007004455,0.01155513,0.07315491,0.026162218,0.021857938,0.00028729823,-0.0010316455,0.005046811,0.007106338,0.012750165,0.06909227,0.01614855,0.010960841,0.022325225,0.026781894
2021-05-07,0.0034707824,0.004876151,0.018478325,0.0033023031,0.019716742,-0.0016547163,0.025678443,-0.0016743536,0.013535149,0.011790831,0.04074945,0.019389113,0.011596076,0.022627758,-0.0013150531,0.02397951,0.0008233042,0.00017529706,0.014962355,-0.07416141
2021-05-10,0.00480144,0.016235547,0.02330586,-0.0066182693,0.0,0.010997014,0.011296979,0.024878044,0.013060125,-0.0067165745,-0.0032573927,-0.0070198704,0.013179278,-0.002671235,0.019875199,0.044773925,-0.011626781,-0.0031108027,0.012392681,0.0065449467
2021-05-11,-0.005501432,-0.018998925,-0.0045293216,0.022689695,0.0,-0.01573689,-0.022702683,-0.0038072418,0.004352176,0.010487148,0.0040377015,0.012925504,0.0050569614,0.0,0.01748431,0.0043744594,0.08715021,0.03679247,-0.0012872589,0.019723656
2021-05-12,0.0048341253,-0.0058903205,0.006066514,0.012314221,-0.0057260725,0.007351416,0.02471522,-0.020233776,0.019983776,0.007698403,-0.0043886234,0.005222392,-0.034970034,0.01978937,0.04194018,-0.009364337,0.0077743987,0.0028396212,-0.010810044,0.008088582
2021-05-13,0.026754048,0.006604508,0.0030308648,0.04669292,0.013167936,6.087576e-05,0.0028354363,0.009799116,-0.0005284789,0.0051657953,-0.0041226796,-0.004210592,0.012546648,0.0059473687,0.006726915,0.011877377,0.047176167,-0.027514953,-0.0025488616,0.044963233
2021-05-14,-0.0054436675,-0.027490929,0.008249393,-0.007473949,-0.04419005,0.028088266,-0.014855651,0.014192551,0.017344862,0.01520233,0.059972517,-0.022634579,-0.0071758498,0.0065219137,-0.009638655,0.023089563,0.014971632,-0.00080933917,0.048283238,0.02814373
2021-05-17,0.0,0.023272693,0.016605524,0.017871756,0.029541492,-0.02085215,-0.011996078,0.0029453905,0.010631677,0.0,0.01413391,0.021689557,0.024790408,0.001440802,0.0016592558,-0.0024351766,-0.0019615046,-0.020043546,0.023975538,0.00834184
2021-05-18,0.012581772,0.021383205,0.010408895,-0.018999984,-0.0048527536,0.030400308,0.012425075,0.004652689,0.0,0.0070298673,-0.01533073,0.0026192178,0.013813354,0.012819217,-0.019511215,-0.010022407,0.07267329,-0.02471272,0.004102666,-0.022121616
2021-05-19,-0.041656435,0.0,0.013019519,0.022718297,-0.019090103,-0.0050903177,0.01081165,-0.029849533,-0.003365261,0.0025183249,0.013271855,0.0023350732,-0.01988194,0.0117708165,0.01307425,0.026279606,0.016572554,0.01318821,-0.030829241,0.041571476
2021-05-20,0.005703958,0.012068382,-0.030859573,-0.00399593,0.01897083,0.026168674,0.0023558498,0.005618755,0.004568546,-0.00087575254,0.015725134,0.028580945,-0.006875511,-0.025921622,-0.010514769,0.003964336,0.021433685,0.021708863,0.06255064,-0.007902386
2021-05-21,0.01932703,0.007240132,0.013622182,0.02971289,-0.009575104,0.007424956,0.009208423,-0.022522433,0.009549349,0.022305682,-0.018692577,0.0034967512,-0.0013460126,0.010553475,0.0,0.001930251,0.0061369436,0.028067619,-0.016593331,-0.004582089
2021-05-24,0.0010311216,0.0,0.004207266,0.010257839,0.0093892915,-0.0053295693,0.011797842,0.0013707381,0.007113109,0.0032743416,0.03496023,-0.01026902,0.07083575,0.0051804953,0.0,0.0072477264,0.0062310384,-0.0052482933,0.010701744,0.07585734
2021-05-25,0.003175465,-0.0028317377,0.0,-0.010434205,0.049902983,0.0010744457,-0.0062497044,-0.015181935,0.016707089,-0.006439696,0.01647295,-0.0048601623,0.02867082,-0.019348526,0.022866266,-0.020097744,0.015832953,0.0041187564,0.008268014,0.016691037
2021-05-26,-0.020478442,0.007980217,0.024139045,0.0041547106,-0.007791048,-0.013537388,0.012793517,0.0073114582,0.0070261993,-0.008000705,-0.025440995,-0.024916308,-0.006066556,0.00920274,0.006528612,-0.009000382,0.021111863,0.028284391,0.0061861356,0.00094780524
2021-05-27,-0.01378288,-0.0077604386,0.0,-0.0055508814,0.01601701,0.0019544207,-0.0015873326,0.028091183,-0.0003392287,0.027737018,-0.005060802,0.004756801,0.011572097,0.007442974,-0.012047176,0.024367865,0.00024538225,-0.014620674,-0.032600217,0.021429054
2021-05-28,0.01778335,0.0053651147,-0.0010135964,0.072412066,-0.015383856,0.0,-0.015884612,0.032979142,0.009445122,0.0067103263,0.035438724,-0.0008067814,0.0,-0.009703369,0.00029666704,-0.0015539061,-0.0037976352,0.022619475,-0.0066591217,-0.015677623
2021-05-31,0.017822871,0.015684407,-0.0063774395,0.08706367,-0.026129795,1.3857277e-05,0.0123996725,-0.026655437,-0.0056865425,0.007405697,-0.0128468685,0.00028291566,0.0,0.009412477,-0.002192637,0.03306463,0.017862665,-0.0065209507,0.0067674466,0.008060775
2021-06-01,0.011639797,0.018606592,-0.005835241,0.017437305,-0.006716046,0.020768054,-0.0011293723,0.0072413646,-0.0071924347,-0.0371797,-0.015364861,0.00043328747,0.0011908188,0.018794248,0.0074677905,0.025346585,-0.032276586,0.027196962,0.0045152097,-0.020440284
2021-06-02,0.010985074,-0.006439439,0.04503735,0.0015284929,0.043020576,-0.019241357,0.072376914,0.012673313,0.0010293871,0.017428188,-0.012955638,0.031338435,-0.0045526824,-0.017650584,-0.00084997964,0.0059038615,0.085587785,0.028840847,0.005585053,-0.010883969
2021-06-03,-0.019849323,0.009425963,-0.019023074,-0.016655335,0.012641016,0.024783244,0.01514216,-0.024798406,-0.058708224,-0.05317296,0.013044271,0.026118377,0.05321116,0.0,-0.0048165144,0.0032468205,0.00471071,0.020579897,0.0032383332,-0.008272988
2021-06-04,0.008313928,0.015904138,0.0,-0.010893307,0.00431793,0.0050769467,0.0012225718,0.005968431,0.0032889561,0.012740065,-0.026683765,-0.030158283,-0.018852606,0.005362157,-0.0063323663,0.0057304073,-0.020425545,-2.5807024e-06,0.01984635,-0.003014527
2021-06-07,0.00700554,0.0038807802,0.0015772347,0.022805778,0.00856056,0.008042846,0.006718297,0.01377403,0.003924331,0.00027244008,0.072933845,0.0024864238,-0.0011491777,-0.016689599,-0.016353609,0.012097745,-0.019825878,0.0019465436,-0.14379711,0.018855477
2021-06-08,0.0344249,0.014974081,-0.009613955,0.027226571,0.07301451,0.013274942,0.003333152,0.00046503518,-0.002734618,-0.02232977,-0.009209561,0.015873648,0.0069001988,-0.017822606,0.017463244,-0.0017167395,0.069489144,-0.019662986,0.0271898,-0.015680226
2021-06-09,0.0041322163,-0.011737727,-0.0048944675,0.01050687,0.0059654675,0.005966678,0.009968754,-0.012219147,-0.018369427,0.030932903,0.0020654453,-0.027755456,0.012960669,0.026349632,-0.00965256,0.009468368,-0.020703305,0.003707706,0.022179877,-0.006306938
2021-06-10,-0.010717033,0.017966969,0.0050909203,-0.1532191,0.008811297,-0.0013593058,0.013219017,0.00063077506,-0.009470619,-0.005323067,0.010397575,0.029514061,-0.00084346073,0.0047128387,0.014163736,0.020907952,0.00046934988,0.011055009,-0.0066056284,-0.02275021
2021-06-11,-0.0010041888,-0.013577959,0.010272792,0.07151569,0.006639498,0.00029035629,0.0034196666,-0.0007704634,0.020565493,0.018233865,-0.017138695,-0.0042769797,0.0236015,-0.0014753516,0.007926602,0.0038651873,0.017069401,0.023347417,0.0015672669,0.008623695
2021-06-14,-0.0036548735,0.01637579,-0.016964607,-0.0016288658,0.029283611,0.0,0.0015826023,0.020531299,-0.023003781,0.012488414,0.014154688,0.029292664,0.0102971345,0.0017411897,0.02180526,0.017922124,0.009223936,-0.0076166014,0.020471778,0.023453984
2021-06-15,0.002333026,0.0,0.005019402,0.007731278,-0.03093378,-0.0058649727,0.010796706,0.021426143,0.023619246,0.02047834,0.012911976,-0.0047929725,-0.01430689,0.007937495,-0.002045351,-0.0025959772,0.0118782185,-0.0020059764,-0.00061727746,-0.0031745103
2021-06-16,0.0007942568,0.012311991,0.004997937,-0.0067248726,-0.029152049,-0.02425269,-0.0051237945,0.008461871,0.0026321795,-0.020972554,0.016411785,0.017503873,0.022790411,0.010265491,0.0011067555,-0.005370193,0.022210386,0.006574665,-0.0138999885,0.0034729624
2021-06-17,0.006718491,0.0075442996,0.0,0.020588648,0.00058932416,0.02098023,0.0026030848,0.022414984,-0.002553074,-0.002931114,-0.00034973014,-0.02081848,-0.0015968012,0.0048758946,0.023157181,0.021810021,-0.01002429,-0.009771633,0.0033311828,-0.010077224
2021-06-18,-0.0036470944,0.0,0.017450629,-0.004167265,0.029336002,0.0062539442,0.025554612,-0.0052229306,0.016827723,0.0005954171,0.0049851923,0.033189666,-0.030452203,0.0017780502,0.0076194545,0.005634081,-0.032245528,0.013973613,-0.003885676,0.010120153
2021-06-21,0.0353673,0.017561859,0.019862559,-0.020325232,-0.015564786,0.031063812,0.022338923,-0.0058492,0.004731275,0.008964184,0.03562911,0.011465427,0.021980288,0.006700879,-0.01205827,0.027429787,-0.04028786,0.017700624,-0.01933196,0.06836163
2021-06-22,-0.02520945,-0.0075753955,0.024568876,-0.018305954,0.019161323,-0.0025277818,0.0036500464,0.00919149,0.016122928,-0.043335486,0.009024523,0.019748788,0.011865453,0.0066173784,-0.0011331157,-0.055217396,0.004128282,0.021415688,-0.022987884,0.021838902
2021-06-23,0.020163646,0.017838122,-0.019565416,0.010197703,0.014002385,-0.011759711,-0.021959223,-0.015595309,-0.01909861,0.00083610194,0.011587654,0.0064097513,-0.026043305,0.0065633287,-0.0013251065,-0.0056096152,0.06343765,0.015868679,0.025337359,0.027260616
2021-06-24,-0.010960826,0.012924552,-0.0013377686,-0.0030518007,-0.008171207,0.011048319,0.037026916,-0.0127237765,-0.022454085,0.020095704,0.015158248,-0.018951964,-0.00017028135,0.014400507,0.011249764,0.0047087516,-0.009263382,0.014966229,0.009096024,0.03520007
2021-06-25,0.016928885,-0.003745462,-0.011783598,0.030939579,0.00794166,-0.0058855023,0.0,-0.030304804,-0.056601986,-0.029475706,0.012533854,0.025682697,-0.009398552,-0.0061189397,-0.0031019233,-0.0014738343,0.005640611,0.0056572487,-0.03623734,0.0
2021-06-28,0.0,0.0037222984,-0.016319957,0.024298193,-0.0007128962,-0.0078150425,0.032800023,0.019411862,-0.021542829,0.0066821123,0.0016809026,-0.012665913,0.0033017807,0.0007355455,-0.0037334068,0.009947333,-0.028182287,0.0016366101,0.021774428,0.00322562
2021-06-29,-0.0094203325,-0.014981243,0.009079278,0.010972906,0.013467983,0.0031545737,-0.01079014,-0.009543226,0.020880187,0.027472107,0.0,-0.017629443,-0.016693737,0.010763831,0.028115064,-0.015833944,0.0080590835,0.034811098,0.059259977,-0.019950317
2021-06-30,0.015783457,0.019397376,0.010962509,-0.0023908336,-0.0006095647,0.006236964,0.0015852143,0.046227843,-0.011681563,0.009100368,0.004810175,-0.012476784,0.010966636,0.013821268,-0.019605404,-0.0102672875,-2.8501129e-06,-0.013909546,0.0068154205,0.00430104
2021-07-01,0.009746179,0.01041225,0.006570613,0.014469144,0.039518192,-0.023898121,-0.0045386115,-0.052092213,0.017777355,0.022170704,0.0029573822,0.07031997,0.017481342,-0.00068731554,0.029019292,0.020721583,0.0,0.0020892317,0.019121952,-0.0068939226
2021-07-02,-0.0016412957,-0.005554948,0.0035063063,-0.029446434,5.3004214e-07,0.0009572085,-0.0013954809,-0.007938812,-0.017340943,0.0018013652,0.0055259927,-0.015371768,0.023414373,0.0066628903,-0.003460759,0.0051092114,0.005122211,0.059252,-0.0066916584,0.018612247
2021-07-05,-0.016382892,-0.0069247102,0.012968626,0.035437237,0.01803976,0.016733179,-0.0016550594,0.04709197,0.011419257,0.0050034937,0.028267618,0.010062073,0.009169395,0.009697793,-0.006259972,0.0008244744,-0.016204078,0.010460781,-0.015044455,0.02067417
2021-07-06,0.01595749,0.016118845,0.0050515276,0.008708953,-0.12721117,0.017937794,-0.008337567,0.007492785,0.01583241,0.015628608,0.022642018,0.010171573,-0.008687357,-0.0034590268,0.016393399,0.008494035,0.038896453,-0.0016109939,0.025255965,-0.0011295157
2021-07-07,0.0127856955,0.011396991,-0.0008666742,0.00935586,0.054834325,0.0063322526,0.027971787,0.002559624,0.024632614,-0.013168423,0.01550241,0.022844259,0.00024491208,0.002435949,-0.0012697834,0.039409634,0.008248092,-0.030732969,0.015762605,0.017956708
2021-07-08,0.004713768,0.013918304,0.020433364,-0.0032949739,0.010399971,-0.017041735,0.0076165944,0.01614229,-0.037336033,-0.0071304045,-0.0004989924,0.00067823956,0.00488018,0.012381829,0.038836632,-0.028192442,0.030747414,-0.011745992,0.02459107,-0.01101927
2021-07-09,0.023118993,-0.019247038,0.010812965,0.04470055,-0.04026349,0.0014852143,-0.0016703248,0.0128909545,0.0,0.0,0.011837498,-0.009642463,0.008799459,0.0,0.0034495827,0.01025401,0.012673731,0.020974072,-0.025055628,0.039252877
2021-07-12,-0.0048145503,0.021051282,-0.008004321,-0.020148491,0.08667936,0.0052608843,-0.010435678,-0.005724594,-0.01728446,0.0045676213,-0.011239678,-2.7600092e-05,-0.026060274,-0.011914745,-0.062243443,0.002052838,-0.03326372,-0.03195986,0.0003282086,0.046616185
2021-07-13,0.011987386,-0.006314142,-0.005718997,0.0024844187,-0.023369702,0.023770671,0.017763548,-0.0146321235,-0.012325257,0.026644314,-0.057650276,0.007796419,0.01928912,0.015049948,0.015018235,0.0070110243,0.02583827,0.004301108,0.0056349933,0.007608987
2021-07-14,-0.007962681,-0.0032761302,-0.012429353,0.016949894,0.0231958,0.0,0.0,0.012322573,0.024055481,0.020974072,0.0036092817,-0.0029544767,0.017832957,0.00036344433,-0.0059592607,0.009358027,0.025984894,0.009758526,0.0025212755,-0.02309122
2021-07-15,0.010061227,0.0018171739,0.02050365,0.004711028,-0.02618967,-0.0055486923,0.019762758,-0.0019638399,-0.0134888245,-0.012700272,0.03842453,0.0023046464,0.013876981,0.019922743,-0.01997157,-0.010192309,0.00069182646,-0.006036996,0.010468179,0.0034836663
2021-07-16,-0.013265894,0.025634503,0.019042023,0.019183788,0.0017232714,0.0040312214,0.015830146,0.015836192,0.023912624,-0.0007785939,-0.013969566,0.0077803,-0.009353351,-0.00842922,0.022343885,0.008712331,-0.0121637555,-0.055871412,0.013990667,0.027207384
2021-07-19,0.0081077395,0.019761516,0.01971759,0.029791493,0.04422206,0.0122889755,0.0025978226,-0.025077987,0.014971606,0.0018695773,-0.008976517,0.0,0.018862892,0.0034795273,-0.0012249894,-0.004851445,0.03362038,0.068454385,0.01157075,-0.0011686368
2021-07-20,-0.0004261464,0.014958528,-0.004762381,0.014468046,-0.0016552958,0.006912402,-0.0016152016,-0.020358505,0.0074229795,-0.006330904,0.0080186725,0.007292222,-0.0021342612,0.02390784,-0.011823435,0.0008201716,0.0017431226,0.02666742,-0.0047188094,-0.0011464296
2021-07-21,-0.0010365744,-0.042608887,0.012243767,0.006711057,0.030835155,0.04512138,0.0072871502,0.0012713439,0.016604088,0.011898943,-0.005274652,-0.01568704,0.008744103,-0.002661991,-0.030185986,-0.016917454,-0.017559826,0.022710241,0.0074726907,0.039708246
2021-07-22,0.0038138519,0.019911386,0.0061149746,0.043582704,-0.010227397,-0.003723792,-0.015793867,-0.06181851,-5.91407e-07,0.019733502,0.0018840077,0.0038920494,0.025619334,0.004737656,0.0053589204,-0.009870464,0.0045054443,-0.0010104604,0.0014678248,0.019695684
2021-07-23,0.0067507173,0.0019412274,-0.001165491,-0.011779116,0.01812825,0.010829216,0.0013575503,0.010603405,0.004001075,-0.0038155213,0.018732669,0.0025776178,0.006176568,-0.0014064594,0.039211817,0.0021031243,0.030713912,0.0017839384,0.018101085,-0.0055747656
2021-07-26,0.0026671353,0.007614444,-0.0023794507,0.011817734,-0.016338218,-0.018990465,0.0065269354,0.022191986,0.004566329,0.0,0.0039463895,0.015809173,0.009166663,0.0149208745,-0.0049203318,0.0035120598,-0.022773456,0.003411119,-0.017858144,0.018492606
2021-07-27,0.0,0.0,0.0018334939,0.027055997,0.0003420959,-0.023578886,0.0,0.010668821,-0.022724867,-0.01254346,0.04809582,0.014356735,0.005596384,-0.019864855,0.0066966163,0.013014092,0.044066127,-0.0009459492,0.019748967,0.0017657122
2021-07-28,-0.012720666,0.014356978,0.0049108346,-0.0040843696,-0.0029200586,0.022015095,0.02275565,0.0069362503,0.016738094,0.005492097,-0.0050437017,0.012281702,-0.0022053286,0.010306511,0.018747598,0.008783538,0.0,0.018461786,-0.020146199,0.021248458
2021-07-29,0.021465313,-0.020913849,-0.0016565778,0.01373528,-0.038718957,0.0051415674,-0.015398906,0.014021832,0.038789835,-0.00175695,0.0054184655,0.002833647,0.012414039,0.0,0.029668892,-0.017635653,0.0616568,-0.0008956679,0.057871733,0.005845592
2021-07-30,-0.006507592,0.008454753,-0.000580157,-0.017203351,0.00985883,-0.030613525,0.02477563,-0.03735431,-0.01617694,0.0065932176,-0.0103330985,0.007477432,0.012829959,-0.005713107,0.009778965,-0.020013474,0.0198692,0.017913336,0.022722239,-0.008361774
2021-08-02,0.014436433,0.0012947357,0.008668835,-0.015010283,-0.06924003,-0.023064874,0.014616161,0.028500937,0.007770826,0.02631324,0.021484707,0.0,0.016688595,-0.008226114,0.0068351245,-0.003114691,0.016670914,0.0,0.014936182,-0.006980885
2021-08-03,0.0028482035,0.0014953841,0.023682315,0.0,0.011647282,0.0042575663,-0.0028884092,-0.009445423,-0.0016857886,0.0,0.003691922,0.0049416884,0.004115992,0.0044906847,0.0033458807,-0.00072370586,-0.019345155,0.014217912,0.020480119,0.006918816
2021-08-04,0.02863556,0.021266667,0.011008935,-0.011889561,-0.0046420377,0.018888328,0.009751559,0.025228951,0.0026701542,-0.012958804,0.0065039895,0.020547275,0.011144528,0.063740775,-0.005819545,0.025975216,0.0027129173,-0.008992975,0.008459105,0.00703373
2021-08-05,0.0017423924,-0.034234367,0.0006247511,-0.019224329,-0.003994385,-0.0031454074,0.021139931,0.011161095,-0.0061778785,-0.012459397,0.014406544,0.012234673,-0.009565588,0.013314597,-0.05138752,0.008213304,0.011139454,0.0058601857,0.0029711043,0.007541765
2021-08-06,-0.018075533,0.026028484,0.013509353,0.011040306,0.028662153,-0.0026238386,0.020692235,-0.0227849,0.021900399,-0.029789213,0.001774388,0.017821306,0.02385051,0.021065034,0.022810495,0.02671467,0.02072796,-0.008167455,0.018742362,0.025562558
2021-08-09,0.007007217,-0.01767949,-0.0007941539,0.045720857,0.008964098,0.010642708,-0.0042722807,0.018172331,0.0,0.017491145,-0.049000163,0.003300641,-0.00061844167,-0.023379894,0.022963936,0.02408503,0.0047696247,0.027146863,-0.013089348,0.02635254
2021-08-10,0.0039728745,0.005791741,0.0100775305,-0.00041178468,0.0037248381,-0.0041225334,0.024549091,-0.025613703,-0.010505046,-0.15193048,0.038383324,-0.0036997695,0.0045541786,0.021875162,0.0,0.026245147,0.0031020173,-0.015503073,-0.009138984,0.014910089
2021-08-11,0.015967133,-0.0039269016,-0.0013018127,0.013548059,0.02373916,0.010983016,-0.033985153,0.011916388,-0.015273859,0.00044984865,0.0044854917,0.0036780515,-0.009015116,0.003174158,0.016557328,0.008662854,0.004707908,0.0021346011,0.006226456,-0.008874031
2021-08-12,-0.013943183,0.010497579,0.02660207,0.018849669,0.029077869,-0.0034081365,0.069794655,0.00054662424,0.03933366,-0.03885204,0.008041781,0.019273933,0.0010862082,0.011631837,0.0042977626,-0.017327055,0.008949658,0.0048445105,-0.029006284,0.0025583422
2021-08-13,-0.004367287,0.025613768,-0.013988739,0.0033121046,0.025541162,0.018878894,-0.0005217428,0.0041415677,0.018227113,0.008452421,0.0034039002,-0.025142692,0.008559321,0.004529393,0.003782087,0.03933428,0.023588983,0.004319048,0.000107803084,0.015555725
2021-08-16,0.017517189,-0.0006232909,-0.005091368,0.02194486,-0.0041211396,0.010921576,0.0158945,0.068457425,0.008113036,-0.008685848,-0.015227805,-0.019630527,0.0074584023,0.015667232,-0.0029353576,-0.0015407868,-0.0058081723,0.015583918,0.009676632,0.005145372
2021-08-17,-0.025007576,0.019888684,-0.005802584,0.004795672,0.0047798543,0.002199101,0.011734172,0.012824224,0.01038352,0.07151909,-0.002144145,-0.005070718,0.004486164,-0.015883492,0.011003896,0.000435354,-0.0049264547,-0.0094683,-0.017733725,0.0091782315
2021-08-18,-2.2207472e-05,-0.012466968,0.014987575,0.0,0.010718429,0.0057669403,-0.00351265,-0.0047211796,0.009112874,-0.012938232,-0.013306649,-0.028896658,0.0,-0.0012864586,-0.0009073695,-0.0062612016,0.0082737515,0.0,-0.11800429,0.01441244
2021-08-19,-0.0012208305,0.00083183387,0.010926484,-0.0074961935,-0.018883027,0.0011662325,-0.00046176146,-0.0021884367,0.0,0.01107284,-0.009287067,0.017610721,0.0010153212,0.024163954,0.010552756,-0.006300597,-0.0009280693,-0.004423747,0.017521746,0.017419538
2021-08-20,0.04267729,0.0027507872,0.0025045127,0.01736806,0.020545414,0.015561401,0.02466505,0.0005900508,-0.005873674,0.009531111,-0.0013218188,-0.0008929716,0.008157524,-0.0012704681,-0.0021944547,-0.004795605,-0.0059807734,-0.004698797,0.035219513,0.008459048
2021-08-23,-0.009608518,0.0031048267,0.012819481,-0.012078427,0.0072736237,-0.004715117,-0.008416995,-0.0025295538,-0.0046709613,0.00055545935,-0.056893013,-0.02814961,-0.013017143,-0.0031150328,-0.0194255,0.03170992,-0.005166438,-0.03229094,-0.00791515,-0.015719356
2021-08-24,4.843986e-05,0.031009687,0.03062891,0.010305921,0.027174754,0.0050256853,-0.009970993,0.034659702,0.008645959,0.0050601405,0.045562055,0.046079714,0.0048715807,-0.021853715,0.0048250556,-0.0015827845,0.009920781,0.028083349,0.038467478,-0.010698192
2021-08-25,-0.011726321,-0.048655916,0.013990863,0.03730553,-0.0147859715,0.0,-0.010811889,0.0065031378,-0.08436479,0.0105418395,0.014701965,0.005131516,-0.0021987085,0.022554195,0.009745268,0.014953149,0.008487462,0.0,-0.040410377,0.006538827
2021-08-26,0.0,0.0065481435,0.0028092165,0.013171273,0.00043732912,0.0117647275,0.0460077,-0.017374292,0.016262282,-0.00068775663,0.011571507,-0.008389056,0.0031550932,-0.0063193496,-0.0018578845,0.026148083,-0.013995704,0.02834656,0.026476156,0.0056316266
2021-08-27,-0.030740954,0.0014965589,-0.0080706505,0.002453537,0.018852612,0.012750207,-0.0007317297,0.0,0.013873603,-0.011414948,-0.0031611489,0.011076166,0.0021080642,-0.01012495,0.024135716,0.0041277455,-0.0036440126,0.0026343937,-0.0056890813,0.011644957
2021-08-30,0.008279648,0.008248437,-0.023396961,0.0007671257,0.0,-0.0016327889,0.0015919978,0.0828103,0.018993832,0.0070547652,0.00739467,0.009098102,0.009228947,0.025173858,0.0022062578,-0.024063127,0.0019826535,-0.0019110108,0.027110292,-0.016391767
2021-08-31,0.05033434,0.0,0.0188815,0.0124332765,-0.0059651947,0.0014505653,-0.0083373105,0.012638102,0.0056908377,-0.0019707102,0.030708548,0.010110458,-0.02080054,-0.017602311,-1.6527926e-07,-0.008955929,0.010264525,4.9878097e-05,0.013416517,0.0069957273
2021-09-01,-0.024928061,-0.007832426,0.010995635,0.017534658,-0.029082295,-0.0032537393,0.0,0.050498553,0.003279469,-0.0066718827,-0.010910304,0.016686885,-0.0013296955,0.0012539563,0.001336753,0.0006598022,-0.009376408,0.0042598667,0.0,-0.0049792808
2021-09-02,0.004943854,0.01367173,-0.01901861,-0.0012448374,0.004500799,-0.0015750194,0.023039687,0.013564479,-0.0105257295,0.0030977419,0.01777578,-0.0030022662,-0.00879038,0.005289313,-0.0007079257,-0.007544031,0.020451209,0.0071379566,0.0051385146,-0.0134924995
2021-09-03,-0.0038562259,0.018809369,0.0,-0.03282427,-0.011613937,-0.032991715,-0.0065690717,-0.048571426,0.012179065,0.022269286,0.0068330294,0.0058164,0.003273714,-0.004184929,0.003405072,0.05613193,0.009905846,0.0049882997,0.0069186003,0.02545586
2021-09-06,0.02651089,0.014955751,0.0014826093,0.009992829,-0.029796032,0.0020155685,0.0020423832,0.0057201684,0.0045463154,0.009707447,-0.006817214,0.012922272,0.020246174,0.02124039,-0.02811254,-0.0002865158,-0.003494007,0.022015927,0.013724414,-0.025394028
2021-09-07,0.028066697,0.022541473,0.002570726,0.0,0.0035252087,-0.012036228,-0.004272866,-0.03915175,-0.0036220872,0.002503675,0.0,-0.009736325,0.020779124,0.00084416376,0.022701997,-0.0016143839,0.007937193,-0.003704717,-0.004406766,-0.0075660353
2021-09-08,-0.008815819,-0.0023543825,0.00904496,0.004475327,0.015805224,0.00027491545,0.0055243615,0.00012664584,0.0036966351,0.023587266,0.005812356,0.024817308,0.015576575,-0.0246277,0.010901448,-0.0024036053,0.010987853,0.0074949698,0.0024633787,0.0077912076
2021-09-09,-0.004520785,0.010258543,0.0072527896,-0.004263439,0.023063166,-0.007101138,0.0030884636,0.0141301295,-0.0076110447,0.0017759473,0.011992837,0.008064053,0.007103666,0.014856608,-0.0041399384,0.039494902,0.0013549946,0.026397979,-0.004369322,-0.02203704
2021-09-10,-0.015739573,-0.008557227,-0.027852207,0.0053431103,0.003246982,0.0102553405,0.015555056,0.005769376,0.0012809739,-0.01667279,-0.0006847999,-0.016022602,-0.00021485474,-0.0009175412,-0.002224103,-0.019669788,-0.0046463907,0.0064821336,0.009122106,0.0011954552
2021-09-13,0.01031399,-0.017253814,0.01647265,0.011880923,0.014117969,-0.0032674766,0.0014619144,0.0033370238,-0.013052516,0.0097039025,0.004694483,0.010307875,0.01122027,0.013839224,0.0032984142,0.029262975,0.018230185,7.861063e-05,0.009384121,0.017435672
2021-09-14,0.0,0.015402806,-0.018222636,-0.0044161193,-0.015182075,0.024749242,-0.042127747,-0.043484226,0.0066546896,-0.006849906,0.0015927657,0.029513655,0.0017375393,0.020145759,0.021033114,-0.016065426,-0.0056212996,0.010340204,0.01623657,0.0050744405
2021-09-15,0.013353889,-0.015595727,0.0,-0.06885982,-0.03041292,0.004671557,0.022000888,0.020163307,0.009128868,-0.032211263,0.021316908,0.0028277824,0.018450892,0.0028788587,-0.019588796,-0.004079557,0.012149989,-0.004867876,0.010998559,0.00501046
2021-09-16,-0.057965375,0.00026207633,0.011958337,0.022922117,-0.0037278025,0.0057651196,-0.007927035,0.029870987,0.008380669,0.010669029,0.01647144,0.021384476,0.008633748,0.013065644,0.0,0.06345992,-0.019827597,-0.01472436,-0.0067108534,0.021798447
2021-09-17,0.0035388232,-0.0021217878,0.014961811,0.01151817,0.005415696,0.015009173,0.028593974,-0.026423968,-0.015373509,0.0029142194,-0.007986524,0.009206082,0.0148392385,-0.0041770265,0.007029217,-0.0044476795,0.007527707,0.010312092,0.008918526,0.0017326913
2021-09-20,0.02147672,0.011415669,0.010893832,0.027275369,0.0082779275,-0.03916059,0.009994399,0.01157923,0.024461081,0.0033134522,0.024797007,-0.0052490407,-0.00030562788,0.0052800984,0.009199567,0.028090674,0.004663957,0.005641614,0.020252623,0.02057231
2021-09-21,-0.0060129333,-0.00037879587,0.0032728824,0.0040436722,0.033823654,0.0092612235,0.009271196,-0.023656921,0.02064203,-0.006699787,0.0072227204,0.037439942,0.0034774174,-0.00028744485,-0.0042654,-0.015298162,0.00015515719,0.025376381,-0.0023416856,0.023613142
2021-09-22,0.004624358,0.016370019,-0.01984114,0.013226385,0.02287006,-0.0067107417,0.015205761,0.050914902,0.0001348722,0.0049069333,-0.0022022235,0.0,0.0074756327,0.0035536555,0.0093584815,0.017488586,0.0064060334,-0.013073381,0.006271271,0.0112052
2021-09-23,0.003829663,-0.019776365,0.022104526,-0.00850149,-0.0027905821,0.023714738,0.007626439,-0.0016856494,0.013347791,-0.016845329,-0.009704849,0.0048772767,0.009397347,-0.0098575065,0.020999175,0.0,0.018977733,0.019585766,0.018013038,0.0028464904
2021-09-24,0.047339063,0.035489995,-0.017657382,0.0039320234,-0.0027338269,-0.004750678,0.008201645,0.047162868,-0.006543835,-0.0045698984,0.008754226,0.009702171,0.0077982913,0.005339083,0.010065561,7.4024854e-07,-0.0008387622,-0.010290951,-0.0032644297,0.022784412
2021-09-27,-0.016345102,-0.0022688473,0.023438307,0.0031523672,0.025524324,-0.005356084,0.015665788,-0.019039404,0.04358935,0.003341526,0.0014110254,-0.003341408,0.0025109435,2.1354164e-05,0.0022002119,0.0055270265,0.008537687,0.003986419,0.0040511196,-0.010440064
2021-09-28,-0.006235471,0.022886313,-0.064479075,0.0065473537,0.0015687814,0.025480215,0.01250948,-0.0093320515,-0.006572049,0.01748299,0.010216274,0.013942327,-0.01577946,0.025269138,-0.0016067277,0.016668381,0.0046727755,0.014337481,0.0032712189,0.008561836
2021-09-29,0.021926071,0.0014384247,0.017803784,0.009747011,0.0034176316,0.012972412,0.0073488276,0.003467989,0.007181605,0.039161168,0.002974676,0.0032783812,0.009230704,0.003503242,0.0002418413,0.0036882567,0.010886536,0.0020217723,0.010629063,0.01283396
2021-09-30,-0.0010093225,0.01525976,0.0,0.0063440707,0.009357998,0.0017363306,-0.01876514,0.0143050905,0.010319059,-0.0067218714,0.0013804631,0.013458919,0.018904548,0.020835858,-0.0006396538,0.015009726,0.001962047,0.005484706,-0.0077779577,-0.003973435
2021-10-01,-0.0025660123,0.014755928,0.014376014,0.016203841,0.0017327459,-0.015563986,0.055179946,-0.006572598,-0.02025376,-0.005234052,-0.000997581,-0.010030137,0.002797705,0.001985406,0.00537563,0.006255019,-0.0003772909,0.024349006,0.00041642453,0.015551463
2021-10-04,-0.009051427,0.0109831225,-0.010742768,0.017160708,-0.0014183678,-0.017351335,-0.020233005,0.04641281,0.015828315,0.010261698,0.0,0.026826901,0.003733498,0.03273507,-0.00970433,0.013961358,0.006187367,0.008085587,-0.0041406844,0.0033171324
2021-10-05,0.0013781162,-0.039382603,0.03851378,0.020452905,0.023614155,0.017434854,0.065249756,-0.009517414,-0.015571104,0.019678453,-0.01971296,0.027964696,-0.0014516586,-0.002786304,0.010902803,-0.00041622441,-0.012110958,0.011897238,-0.0014370782,-0.03334813
2021-10-06,-0.0029412655,0.019255232,-0.00053843326,-0.009256159,-0.015799573,-0.0024718419,-0.028208029,0.026747858,0.019007321,0.005970352,0.0061312346,-0.01621931,-0.002480245,0.0071024154,-0.0052447296,0.019678945,0.009046855,-0.0014633241,0.017303234,-0.00011951982
2021-10-07,0.0,0.01340484,-0.020760449,0.010579391,-0.013183493,-0.004966678,0.016373545,0.031213645,0.020084321,0.028418109,0.00044306123,-0.013290455,0.0100754425,0.013505916,0.013257054,-0.0047018053,-0.021026783,0.0031288385,-0.009077217,0.005678122
2021-10-08,0.013124911,0.0,0.017151516,0.0028555177,0.0090722,0.016939398,-0.03843218,0.012857026,-0.008653462,0.009382445,-0.0024762852,0.022143284,0.0032474084,-0.0197458,-0.018974742,0.00737511,0.0123548405,0.0063612782,-0.03082833,0.02002533
2021-10-11,0.02280082,0.002313587,0.015902676,-0.016263328,-0.020988077,-0.0029120545,-0.0017286199,0.008793658,0.0055096396,-0.014761544,-0.023170631,0.008466071,0.0065021263,0.025080845,0.011216936,-0.004347781,0.0028598034,0.002862952,0.033022236,0.0028178336
2021-10-12,0.007864061,0.014679072,-0.0012344177,0.001215514,0.02563654,0.0025713814,0.009158005,-0.0004055914,-0.0012380526,-0.013660821,-0.0054581393,-0.032380894,-0.015871849,0.0026353144,-0.0079162195,0.02190987,0.019794451,-0.0026184807,-0.006301936,-0.018995289
2021-10-13,-0.025134543,0.009263511,0.022413917,0.014386599,0.0069607473,0.010262716,0.00019528423,0.0061146687,0.019334383,0.020644564,-0.09911486,0.018785167,0.009763977,-0.011420322,0.017885383,-0.016697695,0.015196485,0.022548301,0.0,0.0
2021-10-14,0.0031506203,-0.0084389085,-0.01195343,-0.003846655,0.015849896,0.018804625,0.01934661,0.015849972,-0.00957881,-0.00745747,-0.0009776673,0.007405226,-0.002226463,0.0076530147,0.009877918,0.015863879,0.008551248,0.0,0.008272078,-0.0024142123
2021-10-15,0.018189406,0.024482561,0.023905078,0.015486637,0.01383431,0.0,0.011381157,0.028057884,-0.0009259539,-0.0034721082,0.0035370651,0.0,-0.013496507,-0.018003454,0.01615692,0.0012807505,0.007303945,0.0,0.0047068843,0.025342053
2021-10-18,0.005912702,0.007289099,-0.010498965,0.009303794,0.006024985,0.008230752,-0.004068616,-0.011151552,0.004699395,-0.005492538,0.032032553,0.0037512712,0.0044009043,9.1067246e-05,0.012501282,-0.0060312096,0.002176061,0.0,0.021889409,-0.0014629295
2021-10-19,0.047893718,0.0072691124,0.0018707736,0.008024745,0.008392532,-0.005313795,-0.0046906406,-0.01601205,-0.001881503,0.022300208,0.003744154,0.008754937,0.012516753,0.0011306116,0.013318649,0.01420239,-0.009876188,0.019129705,0.007985613,0.019943984
2021-10-20,0.016692985,0.004647565,0.009216504,0.011779798,0.010213192,0.0,0.03066409,0.012410304,0.0062498474,0.029036293,0.038226757,0.007988341,0.004790376,-0.007854542,0.002183806,-0.006125324,0.015432352,-0.0056593474,0.008272771,0.005932399
2021-10-21,0.0046654087,-0.0048366096,0.0,-0.015855838,0.008538317,0.0048759123,0.009703282,-0.0009047969,-0.0098332865,0.017367281,0.024133377,0.003871252,0.0054823104,0.022570003,0.0029006817,-6.164672e-05,0.0028885263,-0.00625778,-0.031653486,0.009253141
2021-10-22,0.007820623,0.008434179,0.007000193,-0.016064798,0.00096151634,-0.01604641,-0.06388123,-0.00044979653,0.006343194,0.004295332,0.02097984,0.01889628,-0.010560036,0.004258016,-0.005962285,0.0027103245,-0.01787732,-0.0055379877,-0.040298507,0.0061302367
2021-10-25,0.021593772,0.0052556666,-0.0014653362,0.016803006,-0.0040720897,-0.028205981,0.025281185,0.02275976,-0.0045831064,-0.026806733,0.0005864233,-0.00042210397,0.011845304,0.019573506,0.0033053556,0.011147662,0.0011747284,0.008901248,-0.00505466,0.0015475588
2021-10-26,-0.019027662,-0.0050646816,-0.0076940497,-0.009785551,-0.0068605198,0.01823116,0.0077107474,-0.010608802,0.007884441,0.0013487508,0.0033542211,-0.0076193963,-0.006026508,0.001981918,-0.0027940534,0.015528339,-0.0005148566,0.012083086,0.0080291405,-0.0054803845
2021-10-27,-0.00091583905,0.01279001,0.0077945273,0.015876142,-0.009531317,-0.005687352,-0.008450683,0.012061909,0.0,-0.0020279149,-0.009595501,0.02723525,0.020486832,0.021735124,-0.003419999,0.0022691633,-0.015290406,0.008954005,0.010200816,-0.042382244
2021-10-28,0.029186219,-2.1001586e-05,-0.00684442,0.02487167,0.018978104,0.006913893,-0.013597371,-0.0031046201,0.01331933,0.011308373,-1.296801e-06,0.008557542,0.008360407,-0.0024398533,0.0033143745,0.009060199,0.016520971,0.0028617396,0.020994889,0.011809401
2021-10-29,0.0065645585,-0.026430666,-0.030183448,-0.00012104434,0.0077890386,0.007541545,0.017441265,0.0028864322,-0.008059059,0.010397625,0.0014878607,0.03012893,-0.009870425,0.016619643,0.0,0.014709184,0.015596171,-0.0055314275,0.0015967931,0.025204632
2021-11-01,-0.036174715,0.009676275,-0.0041389707,0.01431638,-0.006024628,0.012900073,-0.009426606,0.0463832,0.01574028,0.024774222,-0.008742569,-0.024166629,0.0074312175,0.008050844,0.006689837,-0.00532214,-0.006341968,-0.12609147,0.010062803,0.016638963
2021-11-02,0.08555846,-0.009398104,0.0073516923,0.017405504,-0.0036058999,0.016366517,0.0005653466,0.013024369,-0.0373376,-0.013028985,0.01422009,0.012458273,0.0033432806,0.0137006845,0.026326556,0.00029276012,0.027147604,0.01323959,-0.02648836,0.036706652
2021-11-03,0.0028330914,0.045556583,0.003650326,-0.09605981,-0.013910612,0.0034843874,0.025979744,-0.021962503,0.0,0.022814466,0.0,-0.019065838,-0.0020155252,-0.016446939,0.01704087,0.007582009,0.01977863,0.016643643,0.064877465,0.06012361
2021-11-04,0.07186405,0.022210473,0.0001359903,0.06573871,-0.008915058,0.00053908397,0.027173348,0.035916314,0.01946711,0.0,-0.005283035,0.011280107,-0.00633162,0.026243163,-0.017046576,0.015807968,-0.020285763,0.014350088,-0.047175076,0.0052657197
2021-11-05,-0.018661503,-0.021393979,0.026315983,-0.09417734,0.03174912,0.015742473,0.021163777,0.02473711,0.014487126,-0.0019410489,0.0103398645,0.0021261876,0.030423347,-0.020103188,-0.0015016773,0.0085080275,0.011296174,0.0077148858,-0.044521462,-0.027980627
2021-11-08,0.064108066,-0.007518481,0.02192331,-0.01648493,0.0085962145,-0.12386533,-0.0035726859,-0.007960657,-0.037799172,-0.0047253426,0.0118889585,-0.012564402,0.01789553,-0.0022431526,0.017534243,0.012518929,0.0016205232,0.0067101675,-0.026896225,0.008813594
2021-11-09,-0.006855243,0.0037774392,0.015818078,0.040906217,0.008629075,-0.0045778123,0.0021502334,0.07781759,0.013639627,-0.008509015,-0.009520135,0.00025596138,-0.042327013,0.03368653,0.02766442,0.020801554,-0.019052703,-0.009135254,-0.051876236,0.016477397
2021-11-10,-0.004097263,0.02554512,-0.009580703,-0.0034273174,0.014001764,-0.043772183,-0.00047354837,-0.02495398,-0.023455845,-0.033841193,0.010488947,-0.0021826099,0.0018803669,0.0016428204,0.0,0.03207811,-0.005314723,0.0016321011,0.003324461,0.010981845
2021-11-11,0.0052447133,0.016521033,-0.005371006,0.01992797,0.015383381,0.07877486,-0.15256402,-0.0045883693,0.010913978,0.006868132,1.061338e-05,0.01814272,0.028438454,-0.00086060545,0.012283987,0.0007775448,0.018099498,-0.011407081,0.023193622,0.021398006
2021-11-12,0.06501799,0.019357098,-0.0029185854,0.040605385,0.0033266924,-0.001973909,-0.0071621793,-0.008097044,0.02097977,0.023815991,-0.0068961736,0.04400154,0.027153492,0.016752733,-0.002461035,-0.005541711,0.0016115506,0.021417003,0.08445533,0.0004141371
2021-11-15,-0.0014708084,0.0030094497,0.021074392,0.01469549,-0.002999639,0.037833367,0.004486954,-0.15267773,0.0009778765,0.026868228,0.014322765,0.0004731789,0.037708346,-0.007370982,0.0038460814,0.014956117,-0.0062675606,-0.007945414,0.0019426876,0.0068351044
2021-11-16,0.03681318,0.042688966,-0.013575037,0.0027890198,-0.0031756586,-0.002186789,0.01500101,-0.005180097,0.00039863918,-0.019884499,0.0,0.00994689,0.044832055,0.018900108,-0.03634407,0.009146662,0.026274698,0.010944804,0.017207058,0.0
2021-11-17,-0.0076934346,0.02937314,0.021312796,-0.025640737,-0.01632878,-0.007404504,-0.0016501381,0.0053128516,0.028261013,0.009546016,0.0032588865,-0.01898263,0.0026598834,0.017901493,0.014509954,-0.0136818085,0.0033395097,0.0017823216,-0.002190602,-0.0060804933
2021-11-18,-0.008165883,0.017548392,0.0068902094,-0.00012858122,0.0019320899,-0.014658067,-0.0042959577,0.08439654,0.0321295,0.01793368,0.013047147,0.015467925,-0.009440734,-0.0071566533,0.018916473,0.015233727,0.007204822,0.011381656,0.023373326,0.0147118345
2021-11-19,0.02332696,-0.012758914,0.010413493,-0.0028864054,0.009914586,0.028278558,-0.00056003436,0.001251974,-0.0049009672,0.0031283116,0.0,-0.060137056,-0.0018274082,-0.014829102,0.0179181,-0.0018924725,0.005460001,-0.010452409,0.019899987,-0.0067649465
2021-11-22,-0.022763671,-0.03935868,-0.023219544,0.00950466,0.016980963,-0.013113163,0.047383033,0.038518876,0.009780273,-0.013482891,-0.026570639,0.030667352,-0.015333314,0.00033899926,0.002438238,-0.00470755,0.013783385,0.023706943,0.029763244,0.017416872
2021-11-23,-0.014596314,0.0033036645,0.015365195,0.0021057168,0.01739557,0.022996278,-0.03220159,-0.009322324,0.0,0.013342489,0.0037104913,-0.022783749,0.008509575,-0.002262614,0.017569965,-0.0059488867,0.020370504,0.010396844,-0.0043822364,-0.00071466865
2021-11-24,0.0015395706,0.07021094,0.021286126,0.0,0.0052522235,0.009653767,0.009628443,0.0017442766,0.012319248,-5.659626e-05,0.005648359,0.01453237,0.08008234,0.014004807,-0.0062444815,0.010104417,-0.0058761016,-0.005079095,-0.018191038,0.022643214
2021-11-25,0.0061081876,-0.009270446,0.0033242244,-0.02608958,-0.0032975972,-0.15285428,0.0056514917,0.00017366302,-0.029518083,0.027262399,-0.0018968157,-0.0002037836,-0.008402313,0.012454112,0.007213461,-0.011891105,0.0021924654,0.016167155,-0.024604876,-0.002305401
2021-11-26,0.012263428,-0.0069155903,0.013699978,0.0,0.002346868,-0.013331604,-0.0016194392,-0.02548606,-0.01941353,0.0009513105,-0.11609914,0.0028250532,0.026237164,0.0031190496,-0.013625331,0.010301016,0.02236449,-0.010672505,-0.0057043913,-0.000178391
2021-11-29,0.008438141,0.009449464,0.019072147,-0.012304693,0.007515571,-0.0006109097,0.02215366,0.03967603,-0.0031344339,-0.0038717943,0.012925041,-0.009813177,0.0,0.00015788611,0.020545632,-0.0012971382,-0.020418027,0.0013564444,0.020499108,-0.0024509616
2021-11-30,-0.008074294,-0.039960414,-0.020206487,0.003675156,-0.00963664,0.037771378,0.015068857,0.03142737,0.016333302,-0.013711233,-0.014983399,0.015755437,0.008169189,0.00304775,0.001833208,0.036995705,0.020442253,0.032093216,0.012749563,0.018838296
2021-12-01,0.010829389,0.024644842,-0.015284494,0.015501049,0.004912994,0.013387985,0.011191571,0.0109365,-0.020197831,0.02169484,-0.022614278,0.016195687,0.0,0.0051392238,-0.03489639,-0.011824817,0.012030729,-0.008688417,0.013987331,0.018433554
2021-12-02,0.04269859,0.0056288615,0.0014035644,0.00726536,-0.0017167676,-0.012181853,-0.00060944055,0.004911978,0.0861989,-0.0026313565,0.023704143,-0.0005347872,-0.0077932114,0.0051681064,-0.007964775,0.017892765,0.0,-0.025206216,0.021486813,0.0031061305
2021-12-03,-0.00711923,0.010171052,3.3976612e-05,-0.0135440575,-0.01780484,0.0072831106,0.0024440628,0.027534258,0.021310428,0.010773377,0.018898182,0.0033889748,-0.012875621,-0.006561172,0.026594972,-0.004238073,0.018884197,0.014955596,0.014306948,0.007830551
2021-12-06,-0.0130571835,0.012659445,0.0017264239,0.02051579,-0.016489593,0.005758501,0.00820493,-0.0013989953,-0.0053423974,0.013269057,0.010290171,-0.0041420707,0.011123569,0.0022947702,9.442624e-05,0.02842827,0.0028525318,-0.020042848,0.01782898,-0.0006474279
2021-12-07,-0.029961994,-0.0055122343,0.007453032,0.017456232,0.027245712,0.0,-0.0004900162,0.0011902825,0.0018437109,-0.026815446,0.0,0.010744631,-0.009038395,-0.01231138,-0.0030159876,-0.016127205,-0.0063357535,0.01128765,-0.0067729554,-0.0002472925
2021-12-08,0.027566444,0.02925606,0.01505209,0.0091081085,-0.0018347873,0.011528339,0.0,0.019428948,-0.01766081,0.00921179,0.0031713904,-0.0129238395,0.002769426,-0.013912191,0.0031572597,0.015179057,-0.00377128,0.014788662,0.0070351493,-0.011409039
2021-12-09,-0.09362594,0.029980602,0.015508928,-0.0035620555,0.019266624,0.007353896,0.0039648325,-0.0072986525,0.027118403,-0.0005227451,0.007251498,-0.011377894,0.011609237,0.0065660127,-0.006322506,-0.009706385,0.01945524,0.008475866,0.019028256,0.01743054
2021-12-10,0.03375724,-0.020102724,-0.015843766,0.023087941,0.0033981253,0.0019909092,0.010647259,-0.0022391372,0.004703704,0.0005658875,0.013070104,0.01705997,0.018843144,-0.057039894,-0.013550197,0.013364899,0.009645961,0.0022261455,0.020776117,0.011002313
2021-12-13,0.03945587,0.027061917,-0.0046970015,-0.00035979153,-0.004705904,0.01029373,-0.015531671,0.0,0.015108618,0.010979601,0.019488316,-0.014575401,-0.010735141,0.010461106,0.015437504,-0.011712062,0.005376942,-0.010084071,-0.0019811408,0.0065864036
2021-12-14,0.005726023,-0.032687116,-0.0020418915,-0.01570572,0.013715356,0.060029015,0.009133912,-0.01572763,-0.0019146372,0.0072667543,0.0023930771,0.00027081565,0.030556267,0.0047801533,-0.021331353,-0.006998899,-0.008000129,-0.0044292104,0.005112646,-0.0159808
2021-12-15,-0.072285675,-0.0015954525,0.011938488,-0.0054428256,0.0005729022,-0.020795232,0.010534963,0.005939067,0.031071857,0.0098141255,0.002825768,-0.008089607,0.031477712,0.002085683,-0.0025617003,0.037084855,0.011507502,0.0016045726,0.0035368407,-0.0012944277
2021-12-16,0.054150358,0.031460892,0.003482742,0.008110437,0.030933565,0.069085985,-0.017205281,0.06830285,0.025362736,-0.0047941883,0.0066130883,0.0059369057,0.005526907,0.011060322,-0.0039951135,0.02103505,0.02817051,-0.015193606,-0.0027953475,0.011134671
2021-12-17,0.010704574,0.0091995,0.0028273254,0.014983585,-0.0032850278,-0.017248254,0.0061538336,0.02587196,-0.009787332,-0.009079629,0.011624665,0.010700154,0.008698257,-0.0015361382,-0.00058538246,0.0004389039,0.0028338053,0.0049239807,0.006137586,0.0013116645
2021-12-20,-0.018507034,0.002593309,0.022358857,0.010259209,-0.030726323,0.008043969,-0.009833008,0.03794718,0.010654197,0.021972515,0.0016280062,0.025439208,0.0,0.031936463,-0.0096388785,0.0075184195,0.018083528,0.005550035,-0.006099571,0.0039559305
2021-12-21,0.015884854,0.014435795,-0.014891406,0.0078024603,-0.0032782762,-0.0019929714,0.018669533,0.020490123,-0.021449568,-0.02406458,-0.008116317,-0.012893178,0.04314388,0.008527107,0.020965604,-0.0046829795,0.0006353701,0.024528202,0.022773888,0.005188923
2021-12-22,0.010537149,0.0059038824,-0.0010812188,0.0041514267,-0.004518186,0.0,0.020620693,0.0158658,-0.06697472,0.03854064,0.015662199,0.0032125001,0.0078070466,-0.045741484,-0.013124405,-0.012277652,-0.01135268,0.0007671498,0.019054547,-0.0028129795
2021-12-23,0.0,0.02026509,0.0071985666,-0.020425173,0.012723539,0.078612275,-0.00469552,-0.020335676,-0.044390123,-0.009411335,-0.014377117,0.038813088,0.004034907,0.032313302,0.00094998465,0.0074835042,-0.0001040514,0.015559003,0.039089423,-0.015000389
2021-12-24,0.011050818,0.0,-0.017989947,0.0023153336,0.001049015,0.044267565,0.024127297,-0.03190734,0.089497074,0.009486359,0.021109246,0.002750603,-0.0012270838,-0.013636221,0.046446,-0.0062744855,-0.0018927696,-0.01903304,-0.0029750336,-0.0055620773
2021-12-27,0.015177794,0.018069848,-0.025118578,-0.0044287965,0.037739366,-0.0049397433,-0.0026427263,0.037629217,-0.02140391,0.00987625,-0.0074171177,0.0017748111,0.022714052,0.007390751,-0.0079525495,0.003412727,0.0043433267,0.022389749,-0.002562068,0.026603898
2021-12-28,0.020352762,-0.018200899,-0.02305088,0.03659061,0.0206511,0.0040146564,0.02723597,-0.020101197,0.0057508415,0.0019291418,0.0071201622,0.026068771,-0.00302395,0.013156743,0.008649711,0.0036218564,0.021832634,0.004090885,-0.023126276,-0.010383474
2021-12-29,0.0068158284,0.031529326,0.004302909,0.018099874,-0.019938951,-0.04003725,-0.00089620735,0.026604839,0.046765186,0.003223127,-0.008075015,-0.004653623,0.0,-0.02317676,-0.010080207,0.00082289294,0.0022134339,0.010234785,0.0047816397,0.01594157
2021-12-30,-0.0057027014,-0.0035873533,0.02397315,0.009412994,-0.016697671,0.009541308,0.009639376,-0.033165716,0.008211396,-0.0014735577,0.009127272,-0.00865684,0.018763667,0.051803723,0.0053434623,0.015807651,-0.016365755,0.00068567187,-0.0026790646,0.005154092
2021-12-31,0.0035918555,0.007669073,0.053130608,-0.0021301156,0.025819968,-0.0014057722,-0.022765728,0.013913943,0.06317648,0.0070869485,-0.010435886,-0.0002582843,-0.02132393,-0.0012127141,0.039081138,-0.0019242945,0.0020697278,-0.0040687597,-0.018048493,-0.003254181
2022-01-03,0.007899936,-0.010090979,0.0086575365,-0.014918422,0.009100937,-0.061456658,-0.0035422165,0.023769956,0.031154878,0.008282293,-0.0023643952,0.015869081,-0.043392096,-0.02427553,0.008248373,0.012561369,0.00086025853,0.0069351117,0.029542988,0.020169595
2022-01-04,-0.028388772,0.011918722,0.018765401,-0.04830861,0.028453888,0.013333317,-0.0029811598,-0.01495548,-0.04377983,0.011563166,-0.0062614526,0.01761815,0.013462004,-0.052869994,0.002443514,0.012404258,0.014115571,0.006952094,-0.040071536,-0.0024416319
2022-01-05,0.0011375947,-0.012748733,0.013742306,-0.0019371879,0.009195526,-0.021637546,-0.0022455582,-0.005035753,-0.054206327,0.011044476,-0.026751539,-0.0035265319,0.037994303,-0.011797063,-0.009690986,0.010170645,0.009232519,-0.024646353,-0.011737858,0.015498199
2022-01-06,0.05243032,0.004250704,-0.005329993,0.0019731682,0.003058666,0.014791774,0.007958204,0.013679432,0.019311892,-0.0053335633,0.01339274,-0.011392339,0.032670718,0.020356566,-0.007408068,0.010297794,-0.0013656062,0.008639148,0.0109446375,0.0
2022-01-07,-0.008268005,0.0036307957,0.0014121968,-0.004431982,0.014671702,0.021510543,0.015907867,-0.0049344148,0.02306908,0.0047973287,0.02470619,0.018030401,0.0021185237,0.04859789,0.013456571,-0.01851268,0.014629785,0.02326082,0.018319344,-0.0046803234
2022-01-10,0.008887158,0.01682876,-0.023158442,0.028148372,0.011781921,0.007179852,0.0072814217,-0.0013189344,0.006110296,-0.0045120027,0.010071199,0.015431117,-0.005734668,0.010034022,-0.037241656,0.006824835,0.0029217703,-0.0074116406,0.03968578,0.014812411
2022-01-11,-0.016471818,0.01024307,0.0080207335,-0.040588137,-0.0010812953,-0.0050834995,0.01833783,0.0072067375,0.06783656,0.010883065,0.019420385,-0.023417372,0.021915823,-0.020236604,-0.017102318,-0.012831224,0.012477601,0.013997272,-0.01584769,-0.004317821
2022-01-12,-0.016331863,-0.05535019,0.0058841165,0.04579088,0.00036727835,0.017409474,0.017830875,0.016582813,0.0,0.018805686,0.0038359337,0.02271097,0.009313621,0.018790267,0.039061364,-0.0017025836,-0.00073575496,-0.005438996,0.071941055,-0.008624902
2022-01-13,-0.004675328,0.0065420466,0.0037323246,0.025192712,0.0025128294,-0.016810598,0.011025565,-0.01537703,-0.0017006592,0.020797294,0.0,0.013101577,0.0,0.010226507,-0.004692572,0.009800959,0.0043023378,-0.0046712714,0.004237302,0.008443412
2022-01-14,0.028777849,0.007821257,0.014966691,-0.0035140482,0.013023969,0.010713572,0.0006622426,0.0074639143,-0.0009883441,0.0037067141,0.0,-0.024272576,0.014194165,-3.979257e-06,0.070983164,0.008053914,0.005383378,1.3425511e-05,0.01050894,0.017942837
2022-01-17,-0.0053474363,0.007424713,0.010950862,0.0026040913,0.010319245,0.0047549712,0.0050838203,0.0104624815,0.009615293,-0.030560818,0.012595862,0.027534699,0.001983307,-0.0048425575,-0.106911674,-0.007199566,0.0038636401,0.0013060595,0.0041551907,0.011293998
2022-01-18,0.024777967,-0.02640011,0.030013919,-0.02079589,0.006484723,0.004866769,-0.00032698957,-0.0067564175,0.06481435,0.001803028,-0.005518433,0.00018473108,0.0006688171,0.018428013,0.006965867,-0.009395925,0.00035735327,-0.00578794,0.028229093,0.005360024
2022-01-19,-0.0060487143,0.007265956,-0.003651895,-0.0006096495,0.0073494646,-0.019069923,0.021261664,0.0204077,0.010050744,0.0019304843,0.0070186835,-0.0045772786,0.0018094836,0.007934628,-0.022951037,0.01260212,-0.0044701737,0.014590167,-0.002810013,0.01145431
2022-01-20,-0.038730364,-0.013255331,-0.0009779094,0.00085388863,0.010478077,0.018579707,0.008121984,-0.005220114,-0.03249747,0.005248627,0.0022672615,-0.0075839623,0.02897272,0.010795203,0.0035929244,0.02282116,0.009224138,0.02893775,-0.02185827,0.0014383218
2022-01-21,0.0,0.009509862,0.0036583706,0.010812324,-0.00031985235,0.013884634,0.013460822,0.044914156,-0.0199367,0.004996165,0.011426211,-0.003709551,-0.013251893,0.0016650558,0.056396484,-0.015448205,-0.0001131737,0.01030064,-0.015933014,-0.004335484
2022-01-24,0.024416437,0.0,-0.005579768,0.038981516,0.008012169,-0.025956629,0.0069260583,0.0052568377,0.05790592,0.010315712,0.009305676,0.015688462,-0.009242298,0.00040454377,-0.002019442,0.0047154897,0.004345036,-0.006999015,0.014534917,0.004508872
2022-01-25,0.048151378,-0.025357751,-0.032523748,-0.005752368,-0.004582329,0.008865423,0.007605645,-0.004849398,0.012550027,0.0055815475,0.0069011245,0.0028746566,-0.023035116,0.012896967,0.036734734,-0.0081568435,-0.00021339787,0.010477945,0.002396981,0.0
2022-01-26,-0.021533746,0.0032677941,0.019707607,0.00501022,0.010241856,0.015951786,0.011047151,0.012817123,-0.032022133,-0.0027967931,0.011814508,-0.010923786,-0.020114556,0.002624705,0.004479788,-0.0010039889,-0.008721625,0.003477384,0.0,-0.00618681
2022-01-27,0.0032309752,-0.013329809,-0.00049820193,-0.0045091715,0.0025833624,0.00557847,0.0036936325,0.008957257,-0.0011064585,0.0,-0.030056784,0.0,0.009304642,0.004684026,0.0049196417,0.0067476947,0.0070158313,-0.0068259793,-0.027644228,0.010764101
2022-01-28,0.007404538,-0.019356033,0.022181679,0.02651852,-0.0010098035,-0.0044294307,-0.013825164,-0.031209953,0.040607885,0.0071774716,0.0078110876,0.027309606,-0.0015991261,-0.0064448994,0.030021241,0.004304739,0.0069356537,-0.0031343861,-0.0030759624,0.019209323
2022-01-31,0.033509467,-0.0062812385,0.010910174,0.00911559,-0.0011070456,0.017413877,-0.013847323,0.07916414,0.012674429,0.00012500501,0.0072625563,0.018965388,0.0041396404,0.08050525,-0.0073991907,0.009033307,0.003125123,0.0076959683,0.056438643,0.023445608
2022-02-01,0.003466024,0.02393107,-0.0052870284,0.0023035705,-0.019545523,0.020491302,0.0070866966,0.020221254,-0.0036370514,-0.00053799007,0.009500419,-0.012434102,0.02559342,0.024488786,0.018827524,0.020027792,-0.0005655702,0.0038361154,-0.009977564,-0.010038078
2022-02-02,-0.0036309268,0.0072096423,0.0065576877,0.024856621,-0.011250838,0.013425553,-0.0008670524,0.004287441,0.0051567806,0.0,-0.0014655106,0.007490412,0.035675272,0.018025927,0.0034829027,0.0068379357,-0.00035675964,0.01924594,0.0053102765,-0.00523867
2022-02-03,0.00930252,-0.023867842,0.012658016,-0.046939004,0.00058843225,0.01374211,-0.0052710236,-0.0023185152,-0.0035143401,0.02282189,-0.0015874205,-0.017934281,-0.02134209,0.01768593,0.011549671,-0.00945178,0.008688895,0.010837577,0.06523824,-0.012656275
2022-02-04,-0.0310007,-0.011983314,0.005567083,-0.016316801,-0.01183007,0.01784033,-0.0028109162,-0.123501465,-0.038640663,0.011547402,-0.0016950103,0.0815639,0.0014390434,-0.019616168,0.012991962,0.0007764986,-0.016652813,-0.021951763,-0.00482267,0.02025772
2022-02-07,0.014439945,0.03580005,-0.0006310279,-0.0152568715,-0.0061431415,0.0105665075,-0.010108069,-0.03213113,0.013600911,0.005209612,-0.009758699,0.0020792186,0.023715826,-0.040021986,-0.0065771393,0.011749558,0.030865682,0.015481796,-0.0063077863,-0.002976497
2022-02-08,0.0045971493,0.03587851,-0.008944015,0.0347099,-0.036972504,0.015603868,0.011747583,0.022597075,-0.003631034,0.012019484,0.023570755,0.04249129,-0.00506096,0.0037560484,0.023691399,0.004457576,-0.015132318,0.013950541,0.029852055,-0.0029624663
2022-02-09,0.0,0.008537091,0.01169551,0.021391975,0.02368203,-0.00898214,0.013468162,0.037450798,0.010908954,-0.013213648,0.022266649,0.01066982,0.020228475,0.0045787734,0.002095956,0.011062493,0.003325441,-0.0013593098,-0.049737763,0.017818578
2022-02-10,0.0012761464,-0.019418396,-0.0053289677,0.02557658,-0.05755986,0.0070594824,0.02259817,0.0018251443,0.0034947346,-0.032170303,1.9644247e-05,-0.033043567,-0.015330445,0.0070603164,0.008250465,0.015819155,0.036267042,-0.0077306437,0.011795021,-0.010805759
2022-02-11,-0.0007043893,-0.0053192796,0.0032575196,0.017829476,0.023320353,0.0046919165,0.020010397,-0.026788414,-0.0025137414,0.010927471,0.0062547913,0.019600682,0.015755866,-0.0019361936,0.0043084794,0.00510931,0.00300152,0.017715529,0.014490512,0.023158312
2022-02-14,0.004042411,0.016611436,0.008441567,-0.0040477794,-0.009369546,0.007931059,-0.00079716765,0.026939485,-0.008584984,0.009663815,0.010682769,0.015515827,0.004648533,-0.010829132,0.0047113206,-0.008102476,-0.014666199,0.007468793,-0.00038211324,-0.00090758613
2022-02-15,-0.0077579212,-0.02497924,0.012957405,-0.003986158,0.019017313,-0.010658766,-0.0068526124,0.0008474855,0.001733111,-0.015384119,0.000882955,-0.004412366,-0.021626499,0.0036981944,0.023670051,0.006301647,0.038064253,-0.006158301,-0.02896844,-0.0051953997
2022-02-16,0.01793071,-0.021464793,0.0,0.023581872,0.029676754,0.0090397755,0.018254397,0.005551364,0.010669534,0.026398383,-0.008480606,0.008273742,0.011149655,0.02492463,-0.008399138,-0.005570013,-0.0377405,0.0028588017,-0.0061209206,-0.029064983
2022-02-17,0.007965199,0.0058084265,0.0010463352,-0.011347976,-0.0013517918,-0.038977865,-0.013510207,0.023797268,-0.016060786,-0.0036039436,0.0070048156,0.006587946,0.01889509,-0.0024295687,0.0069504716,0.018039897,0.0020575773,0.010211586,0.02572738,-0.005920685
2022-02-18,-0.0144408615,-0.0010482961,0.012413235,0.004334756,0.0,-0.0019467835,0.023733914,0.007754024,0.020861518,-0.0028777197,0.02244572,0.021609876,0.022151,0.01025934,0.009788521,-0.005979411,0.0,0.030515742,0.0062233936,-0.0020454836
2022-02-21,0.017752333,0.0014295205,0.00087553187,-0.0009173387,0.023543263,0.0047290307,0.007659416,0.037269954,-0.0038470896,0.031679366,-0.014447505,-0.026051119,-0.00088040554,0.001299546,-0.012587475,0.004151529,0.025831982,-0.0015260618,0.007095009,0.0031531611
2022-02-22,-0.002559865,0.0058859144,0.012924798,0.029638166,0.013253389,0.009147918,0.0060072555,0.006896546,6.966991e-05,-0.0046499134,0.00033261656,0.009282142,-0.005605675,-0.020132193,0.015516205,0.009068253,-0.0016880904,0.023021517,0.025188318,0.030966392
2022-02-23,0.0048055165,-0.002739067,0.003124678,-0.003370036,0.0,-0.012666322,0.016917191,-0.0037111924,-0.017908104,0.023548169,-0.0026384601,-0.016867535,-0.0045738956,-0.00961061,-0.0033706836,0.018948976,0.022852901,-0.011957234,0.058473352,0.005489992
2022-02-24,-0.018601725,0.007008701,0.017914409,0.015903275,-0.0063361446,0.016615253,-0.004881036,0.011555625,-0.006677064,-0.011996099,0.0037226016,0.019464787,-0.01781226,-0.010163502,-0.00050042913,-0.00854159,-0.0038598778,-0.008485931,0.0011048939,0.027653657
2022-02-25,0.02030389,-0.0007856087,0.0018644923,0.007622271,0.010905496,0.017989248,0.003719856,0.006241031,0.010463059,-0.0051174522,0.013235429,0.0013575434,0.009299315,-0.0062973686,-0.023218991,0.00027604948,0.010190474,-0.00077097485,-0.008447268,0.0073916307
2022-02-28,-0.0010853225,0.0058559165,-0.004575083,0.046179436,-0.013141522,0.0026409754,-0.0004152026,-0.0016238781,0.009158428,0.0148897525,-0.06104863,0.01032263,-0.0012752457,-0.032591343,-0.0061202324,0.024555173,0.012903711,-0.013667035,0.0012095172,0.046229217
2022-03-01,0.006779998,0.014738638,0.010185052,-0.05596947,0.025027733,0.0025421272,0.010620779,0.007186672,-0.008974941,0.011109402,0.0039116554,-0.0068407487,0.014915494,0.006192795,0.0067152604,-0.014862833,0.010664373,-0.012061858,-0.016024392,0.0
2022-03-02,-0.0052272044,0.039012853,-0.003893683,0.00045072607,-0.008420723,0.016292248,-0.015181538,0.00047732165,-0.014642424,0.0131745385,0.0028884844,-0.0032244113,-0.0041474085,-0.0026422595,0.002986955,0.0095734,0.008495925,0.033976503,-0.008356349,-0.008140857
2022-03-03,0.020069048,-0.007441692,0.0030603576,-0.0027976858,0.01613978,0.0,0.010980028,0.008779663,0.02729639,0.010598013,0.0,0.007210954,0.014641295,0.027490366,-0.0064728432,-0.00367632,-0.0016675631,-0.04109853,-0.003641906,0.015447517
2022-03-04,0.009449058,-0.015538876,0.004687166,0.0029673246,-0.00061309384,0.004920107,0.00083983445,-0.014504542,-0.01137422,0.0035070581,0.01960867,-0.0029614994,-0.0016798942,0.007488147,-0.0064958483,0.02349966,-0.0013191093,0.0033132923,0.0012233945,0.023386696
2022-03-07,0.0050000255,0.025918035,0.015938504,-0.001597445,0.0110395495,0.00928647,-0.0055318135,-0.0010561992,-0.0032842983,-0.009624383,0.014083557,0.010276388,-0.0019894359,0.025052868,0.004032828,0.014065459,0.016645793,0.016980926,0.009318614,0.041537084
2022-03-08,0.011707576,-0.0075468565,0.009580985,-0.0029223368,0.002059925,0.005449146,0.013072268,-0.0021326512,0.013689806,0.0,0.00976003,0.009199819,-0.007745119,-0.0065898793,0.012464733,-0.0015244111,-0.002182179,0.011765033,0.027973533,-0.024416808
2022-03-09,0.0036420585,0.02016426,0.0,0.02069258,-0.003745513,0.0022422303,0.008132432,0.011271678,0.015921656,0.0018269428,0.011571859,-0.0011708748,0.020504901,0.022314548,0.00505086,0.0072111287,0.0018509171,0.011793229,-0.0004071228,-0.016017472
2022-03-10,-0.0068965023,0.0050638597,-0.0042795637,0.0,0.019858252,0.01159632,0.0016389263,0.013080579,0.0145470295,0.0071602454,0.004696647,0.027952986,0.0046759644,-0.011940642,-0.0021776059,0.0043988163,0.0031928043,0.0013165654,0.018944986,0.0040284
2022-03-11,0.0017148327,0.013353924,0.0038349656,0.015948182,-0.014440876,-0.003729589,-0.00094697153,0.029315487,0.002616078,0.0059353565,0.0025667988,0.012501509,0.02284822,-0.0031577593,0.0046308185,-0.0046396344,0.012368495,0.017773777,0.013642597,0.044842005
2022-03-14,-0.0011621997,0.0043246294,0.01698309,0.00508027,0.008072424,0.0017457322,0.007855531,0.03762154,-0.0039867833,0.010263906,0.004860411,0.0023179767,0.011275249,0.0136285825,-0.013628484,-0.016343229,-0.035604987,0.012971204,0.0112288175,-0.029454928
2022-03-15,0.0027805523,-0.010535517,-0.010515475,-0.00089864567,0.00030479365,0.008116831,-0.010853505,-0.014667926,0.0065678065,-0.0066255657,0.005307297,0.015663438,0.008244992,0.01295077,0.014895576,-0.0055230437,-7.936751e-05,-0.022306526,0.018670637,-0.0055103
2022-03-16,-0.001475449,-0.004911644,6.4805055e-05,0.011728012,0.00032667772,0.00026713748,-0.0003769648,0.008937122,-0.0033842023,0.005904491,-0.0028657073,-0.036859002,0.0065487023,-0.06245782,0.010798948,0.022828417,0.013035744,0.029411674,0.013524657,0.071391076
2022-03-17,0.022010172,0.012383755,0.012706438,-0.0011449195,0.013318681,0.012829492,-0.005717297,-0.012487954,0.0015441623,0.012607194,0.02024347,0.011086993,0.013866295,0.047221508,-0.0017359997,-0.009242006,-0.005462083,0.0040977662,0.009028738,-0.008182221
2022-03-18,-0.0066936044,0.02630964,0.011343871,-0.0073003843,0.04463066,0.0036189544,0.018671997,0.07878576,0.007426567,0.009268358,0.0077417716,0.004338361,-0.018033076,-0.030351058,0.021617558,0.0070944116,0.002322404,-0.00051559426,0.010409078,0.012489282
2022-03-21,0.01803247,-0.022261633,-0.018969923,-0.0135628795,-0.0020100656,0.0017480664,-0.0019359929,-0.021832407,-0.003543262,0.024174947,-0.00065958675,0.04557236,-0.029832022,0.01914377,0.007980119,0.0,-0.011456658,0.017648818,0.0007675297,0.011868235
2022-03-22,-0.016321305,-0.001980858,0.0070664925,0.015802076,0.02181686,0.0,0.009195768,-0.005999992,0.011457267,0.004438498,0.010468906,0.010267093,-0.1376201,0.026969653,0.0012379021,0.017795581,0.007277551,0.02232725,0.03341045,0.025276102
2022-03-23,-0.021077728,0.011049219,-0.0043935194,0.024771241,-0.010849399,-0.014526913,0.007835865,-0.004577266,0.017120004,-0.021338634,0.011535955,-0.025506962,0.015689844,0.037372276,0.013501453,0.0104171615,0.03082964,0.011303748,0.010307799,0.0024093988
2022-03-24,0.0034574391,0.015016488,0.033215184,-0.017906768,0.0066669947,0.008939607,-0.0027970092,0.03852037,0.0031870503,0.016249295,-0.003402401,0.0,0.04414566,-0.042412866,0.006733199,0.0042998586,0.0014347736,0.0025868998,0.005897653,0.0008857014
2022-03-25,-0.02253586,0.016197085,0.016598558,0.024315348,0.009156286,-0.0013118088,0.010238757,-0.06775692,0.008303146,0.0036942007,-0.014978899,0.011478965,-0.0128298765,0.0043766177,0.008805242,-0.013236319,0.021260459,-0.0009807848,0.013166697,-0.03423692
2022-03-28,0.0,0.0069587757,-0.0045521082,-5.721837e-07,0.0048642154,0.013912328,0.020880308,0.029238293,0.01300689,0.0028161283,-0.001819907,0.0059931013,0.023697453,0.019147743,-0.0032925857,0.01442175,0.0048790565,0.003903332,-0.0009811311,0.010772859
2022-03-29,0.014061504,0.0,0.00035402182,0.0222034,0.0,0.007864267,0.013505694,0.0011391906,-0.028925177,0.0098066125,-0.0073539894,0.007222574,0.0003833352,-0.009219904,0.017191002,0.0067590955,-0.0059115756,-0.012078726,0.010649213,0.007750488
2022-03-30,0.003436685,0.0015173631,0.005811903,0.010657823,0.0060051144,0.0097546335,-0.014975296,-0.014531208,0.008672572,0.0039773914,0.010075848,0.015407685,0.010064523,0.06980671,0.0122992145,0.018855134,-0.015535995,0.0056763752,-0.016064588,-0.025449306
2022-03-31,0.011022912,0.0039047096,0.009515255,0.0066008214,0.0047056368,-0.011206632,-0.0019536214,0.019421684,0.0022931302,-0.030033033,0.011075451,-0.014354056,-0.0010735877,-0.08804434,0.00061704125,-0.02228375,0.003264515,0.008726009,0.0,0.010658949
2022-04-01,0.014413423,-0.0076015526,0.011111025,-0.0069356,-0.028934594,0.0011615105,-0.00982707,-0.0145030925,0.016021052,-0.020814888,0.0072700144,0.03122506,0.023006981,0.06551484,0.0019910368,0.01882279,-0.004481625,0.007598488,-0.058707833,0.011947194
2022-04-04,0.0,0.00802308,0.0023227776,0.006765252,-0.0022459354,0.0017889453,0.0099134045,0.008435991,0.001460646,0.008892705,0.008010721,-0.0062732366,0.009815193,-0.010725752,-0.00159585,0.013041986,-0.0438386,0.0043227696,-0.0080419835,0.011316426
2022-04-05,0.009320294,0.004800572,0.023075232,-0.0046662344,0.007042699,0.01718792,0.004957717,0.027250435,-0.003840985,0.015630255,-0.00017413883,0.019720528,0.0027689764,0.0063524214,0.0146438945,-0.004069046,0.017854933,0.020576565,-0.002510225,0.023882005
2022-04-06,0.0047010104,-0.0012613641,0.00444877,0.0059434515,-0.01137277,-0.0135208545,0.0033520563,-0.006303605,0.008924227,-0.02147804,0.010864006,0.0025438217,-0.008972905,0.008853418,0.00816749,0.0,0.018141339,0.00243832,-0.004331123,-0.026716849
2022-04-07,0.0,-0.012739082,-0.031833794,0.012583611,0.0012026763,0.012820618,-0.0013418256,0.018891048,-0.014789069,0.006199524,-0.0021567636,-0.012718748,0.00016254517,0.023452513,0.022437055,-0.00452208,0.009675463,0.0053202044,0.029627813,0.027639426
2022-04-08,0.008897634,0.0061423476,0.00376554,-0.005332977,0.02485373,0.0019692765,-0.00021263075,0.0054925582,-0.0054764543,0.00059789454,-0.013122146,0.006705527,0.02619503,-0.022604136,0.015884832,0.011160337,0.0032473265,0.0,0.003143075,0.005067821
2022-04-11,0.0025427283,-0.0036498352,0.005923842,0.019298064,0.013046255,0.0051115337,0.0,-0.02685205,-0.021401051,0.044293243,0.00800096,0.021854661,0.0008309048,0.00538196,0.0034800707,0.0036900574,0.014600847,0.013499912,0.0019447317,-0.00024356987
2022-04-12,0.009965444,0.010257668,0.0,0.0,0.0098041585,-0.0019979628,0.02093814,0.018076036,0.019053683,-0.007022715,0.013250932,0.011675284,0.006263976,-0.0041567944,-0.009511102,0.0032826022,-0.01667398,0.008086387,0.0046219938,0.01130635
2022-04-13,-0.016949683,-0.009057199,-0.0006140016,0.0145577965,-0.009859491,0.017061708,0.0065083546,-0.023293199,0.0036720724,0.0077171046,-0.0014227823,-0.0017654125,0.008043077,0.014379629,-0.00073118124,0.0,0.0037640596,-0.01607163,0.004268116,0.0
2022-04-14,0.02114705,0.0034631565,-7.5642936e-05,0.022012161,0.012683141,-0.017244799,-0.00042645514,0.047159467,0.0023303148,0.01525567,0.022322379,-0.01007627,0.004833651,0.023059333,0.010868691,-0.015832359,0.017562874,-0.017935896,0.0052940627,0.019157082
2022-04-15,0.0022176383,-0.0047590565,0.016418139,-0.050890107,0.014198381,0.0028840953,0.008210884,0.02228329,0.018090043,0.00022192462,0.0028789085,0.014707963,-0.03297927,0.01882505,0.0006167636,0.023873651,-0.016564261,-0.0019863818,0.0076883873,-0.053145714
2022-04-18,0.013114759,0.01278225,0.0025789454,0.030633675,-0.0022317732,-0.0041436125,0.013543201,-0.016673783,0.0060826936,0.01983028,0.008201875,0.01667768,0.019788157,0.0017029538,0.019982608,-0.0045683417,-0.008466538,0.008759291,-0.0056994283,0.022327444
2022-04-19,0.016446644,-0.00044015137,0.020803908,-0.021918442,0.011997216,0.002838393,0.009740911,0.008283692,-8.00758e-05,-0.0024779546,0.0019149797,-0.008233629,-0.014740466,-1.6353508e-06,0.0,0.024426399,-0.010802893,0.0066011404,-0.012973555,0.010258746
2022-04-20,0.007218193,0.016676854,-0.00038743782,-0.018493785,0.0013983914,-0.0060824365,0.0049036676,-0.019806935,0.02384738,0.0,-0.029410847,0.027990013,0.019723786,0.044125255,0.007939039,0.009778259,0.038201433,-0.012710146,0.022638643,0.011177128
2022-04-21,0.011077097,-0.012061629,0.017695174,0.023815973,0.013158574,0.0046725576,0.0007156747,-0.0054698614,-0.0054021687,0.018415235,0.03202482,0.018970255,0.018929007,-0.01924249,-0.015762191,0.0015994349,0.008221864,0.0046672113,0.0054875133,0.0151089495
2022-04-22,0.008607131,0.003743762,-0.0074770744,0.020366903,0.01488735,0.012357425,-0.015533345,0.06375816,-0.0036765784,0.0013015952,0.0,-0.003374406,0.011031938,0.021666344,0.011017507,0.010074914,0.008543223,-0.013921221,0.0032915988,-0.042111196
2022-04-25,-0.005180288,0.018141137,0.016703589,0.003917314,0.007309449,0.006759304,-0.010043487,-0.0040473924,-0.0073210546,0.014783551,0.00048417435,0.01878626,0.0027386597,0.00431584,-0.007636935,-0.0032719166,0.0046919016,-0.0046256944,0.011578721,0.0026583609
2022-04-26,-0.003757961,0.0013082245,-0.016438663,0.0033538293,0.010028194,0.008089841,0.0047955625,0.009089815,0.015566447,0.0052434043,0.015782552,0.0032634994,0.00018137897,-0.0015926043,0.009227403,0.015369814,0.00046005764,0.0015507708,0.0075483993,-0.01907824
2022-04-27,0.008285393,-0.0063335,-0.005105894,-0.015385728,-0.004220815,0.015378438,0.008128346,0.023127735,-0.015006418,-0.0042831977,-0.0037012317,0.008128599,0.0072012143,0.016909815,0.00695751,0.0048698415,0.018245425,0.01834234,0.010073816,0.06180245
2022-04-28,-0.0054059564,0.003544884,-0.017652526,0.017997833,0.0,0.010808916,0.009802163,0.028352367,0.019699879,0.010475979,0.0021521363,0.012840416,0.0016775865,-0.0011842992,-0.0028187528,0.0,0.01590812,-0.007727734,0.0132026,0.009721101
2022-04-29,0.043797165,0.04419008,0.010963551,0.021367557,0.0024116396,0.035392996,-0.006726931,0.0019465142,0.030230071,-0.0030228319,0.021574428,0.011401727,-0.0013729973,0.07545554,0.0,-0.028062338,0.005623105,-0.00076436676,0.021574428,-0.014658969
2022-05-02,-0.061022628,-0.028690191,0.009999504,0.013308254,0.016526517,-0.021973731,-0.024233887,0.0050916364,0.0031730249,-4.088486e-05,-0.12815945,0.00023580088,0.010980102,0.012435853,0.025353499,0.023162175,0.021671658,0.017274233,-0.12815945,0.009238709
2022-05-03,0.0,0.040673606,0.024382312,-0.015824279,0.00017400239,0.01040156,0.04915518,0.007959616,0.020520743,0.045649394,0.013148613,0.03445822,-0.029008115,0.021256885,0.01230022,0.02786202,-0.005361828,0.0087954,0.013148613,-0.0058125677
2022-05-04,0.032272115,0.02665049,0.007133672,-0.002910138,-0.009807898,-0.0008118901,0.0053831753,-0.0010067691,-0.018942192,-0.026761686,0.02175284,0.0,-0.008416043,-0.0036282819,-0.00039472175,0.010059236,0.00027115268,0.01643238,0.02175284,0.0033500078
2022-05-05,0.010964135,-0.0023520275,-0.00062602496,0.026172385,-0.003988748,-0.05443134,0.01157216,0.0096510155,0.00061903865,-0.03288874,0.025366873,0.02598634,-0.038344987,0.016634617,0.0147547405,-0.00071782543,-0.003907279,0.011193242,0.025366873,0.022584915
2022-05-06,0.008539365,-0.017972363,0.031539213,0.0,-0.018553529,-0.028070815,-0.003995417,-0.008860482,-0.00076420157,0.0122393,0.005520227,0.014998013,0.0048327297,0.04154955,-0.0136216,-0.01685937,-0.0063202158,-0.016794255,0.005520227,0.02460469
2022-05-09,0.042170923,0.002728698,-0.028181814,0.014146322,0.005644301,0.008201297,0.0054918695,0.023568448,0.02259845,0.0,0.007349352,-0.00018601088,1.3412462e-05,-0.01257521,0.001282033,-0.0029398964,0.04682552,0.0007725621,0.007349352,0.055538252
2022-05-10,0.0011202685,0.007952061,0.0042441003,0.010038465,0.02665304,-0.010988153,0.029813673,0.008881468,0.0,-0.11768239,-0.015433285,-0.02890066,0.006733154,0.006435569,0.008823932,0.0034100106,0.014058571,0.023286175,-0.015433285,0.010493521
2022-05-11,0.036083747,0.018570004,0.03619922,0.029918272,-0.0023849884,-0.0004430604,0.014975256,0.0,0.010123199,0.03657984,0.0,0.010951932,0.025196573,0.008589952,0.007380653,0.0034526945,-0.019466097,0.008219577,0.0,-0.030754453
2022-05-12,-0.0053570806,-0.0032565387,0.016945226,0.00018375668,0.013361406,0.004479662,0.015753092,-0.0060898867,0.01576801,0.01735332,0.0058016763,-0.010012107,0.047406305,-0.0803623,0.0005679667,-0.012107407,-0.03718295,-0.032005705,0.0058016763,0.025202649
2022-05-13,0.004296526,0.011053599,0.0052234945,-0.007790204,-0.01810457,0.0011787176,0.007432127,0.020375974,0.012189865,0.027702903,0.008945885,0.0009172383,-0.011117074,0.045302536,-0.005669623,0.02501536,0.021552125,0.019234307,0.008945885,0.045237314
2022-05-16,0.004098235,0.020660512,-0.03182768,-0.004234128,0.0072659655,0.028391697,-0.022050332,0.0066801202,-2.2149795e-06,0.016445061,0.0075273933,0.0048643295,0.008322623,0.0019384781,0.0004394502,-0.0054102745,-0.08778408,-0.015864281,0.0075273933,0.009997106
2022-05-17,0.04403862,0.0143164825,0.001556548,0.020229159,0.020658005,0.013144042,0.006127207,0.0040251305,2.8749407e-06,0.019789316,-0.008253154,-0.005951611,0.023645975,0.018881762,-0.059130244,-0.009269121,0.0017411886,0.0107822735,-0.008253154,0.012657651
2022-05-18,0.016354779,0.045518726,-0.13457333,-0.0009673559,0.0039815395,0.013276266,0.006155553,0.0,-0.008274047,0.0038959796,-0.03547607,0.018143557,0.06320619,-0.015270441,-0.020178866,0.012590221,-0.011783267,0.018479453,-0.03547607,0.015481058
2022-05-19,0.010548987,0.0059715924,0.007345723,0.015928537,0.0032582046,-0.0016660593,-0.018676024,0.008750065,-0.0046301303,-0.00061469025,0.0,0.037841696,-0.010306474,0.00022063998,0.0093339,0.022613022,-0.02570304,0.015950786,0.0,0.003353565
2022-05-20,0.0047174334,0.0018524582,0.012491639,0.00068751076,0.001166326,0.026971515,-0.015272041,-0.0036177395,0.01394992,-0.052240416,0.022656659,-0.0006256969,0.018581921,-0.012057534,0.0072301202,0.010800539,-0.03670696,-0.015256726,0.022656659,0.007061672
2022-05-23,-0.014182401,-0.003632553,0.08114954,0.004244247,-0.0070559666,-0.0052774074,-0.017302942,-0.004993907,0.021195158,-0.007903057,0.017450845,-0.011018684,0.029359719,0.014809211,0.023530647,-0.029442718,0.039215226,0.011551778,0.017450845,0.0076468615
2022-05-24,0.0046718027,-0.008154496,0.015911601,-0.024118338,-0.0158214,-0.005686383,0.0023238827,-0.0056130467,0.011609428,0.012570603,0.0089071635,-0.011724138,-0.0047921445,0.021471893,0.0013332297,0.01174407,0.013137154,0.0029835263,0.0089071635,0.014390211
2022-05-25,-0.006108865,0.015568767,0.0075862817,0.022735571,-0.06771861,-0.016492253,0.015639104,-0.0008105771,-0.0025944917,0.02258927,0.017970566,0.010062711,0.0019455983,-0.057478968,0.010644411,0.010403059,0.047477897,0.014215543,0.017970566,-0.007961348
2022-05-26,0.0073127705,0.015829138,0.01905985,-0.0053591323,0.005806283,0.010200511,0.01576877,-0.037879467,0.00038143268,-0.0028019545,-0.005323629,0.004957567,0.0049893106,0.0,0.0045189895,-0.028105244,0.014211841,0.009979883,-0.005323629,0.02645262
2022-05-27,-0.01900801,0.011311315,0.0047697215,0.0049855052,-0.0056529753,0.017466782,0.011677913,-0.0060254466,0.007828077,0.007348487,-0.016684728,-0.00042515388,0.037502192,0.00593984,0.007123467,0.030962698,-0.0037478027,-0.013925934,-0.016684728,0.0
2022-05-30,-0.008766169,0.013371784,-0.0012475603,-0.034107607,0.011408196,0.0,-0.008868832,0.006406523,0.00059909734,0.007368441,-0.017478082,0.007955992,0.01676939,0.017434258,-0.0028067757,-0.026769085,-0.0002232794,0.0074535846,-0.017478082,-0.004942946
2022-05-31,0.044711165,-0.011654547,0.010941832,-0.049027406,-0.0044073374,-0.0015648857,0.016715035,-0.015310909,0.005105079,-0.004622857,-0.002504196,0.0,-0.026074253,-0.0005189256,0.0014483646,0.0,-0.0040048393,-0.0050803586,-0.002504196,0.008430399
2022-06-01,0.010991045,0.021263618,-0.002791518,0.04678453,-0.02501536,-0.015149251,0.0057776603,0.02288416,0.0074629933,-0.005236023,0.026292115,-0.013947926,0.05494956,0.007397869,0.009241853,0.00070339965,-0.039167266,0.00060730096,0.026292115,0.0021986698
2022-06-02,-0.0092484215,0.016300026,-0.08843149,0.004143535,0.023907933,0.016464677,0.0025323725,0.025773399,-0.0051613413,0.019808453,-0.020008724,0.010089542,-0.0037178325,0.013265201,-0.0035105203,0.0038688714,0.0096063595,0.015309862,-0.020008724,0.009694892
2022-06-03,0.024550276,-0.023872301,0.017872788,0.042906545,0.014628079,-0.003526926,0.011805135,-0.015771056,-0.05558787,0.011524027,0.06441072,0.003987053,0.020865021,-0.037075628,0.006893379,0.02075194,-0.006464965,-0.02341822,0.06441072,-0.0025423414
2022-06-06,0.0055978177,0.019222777,0.010153437,0.0029115637,0.013001682,-0.0036667034,-0.023331024,-0.006605033,0.02358651,-0.0018152674,0.010552731,0.006951305,0.022725645,0.0041218,0.0005317638,0.024654608,-0.019047434,0.010808009,0.010552731,0.016836142
2022-06-07,0.021853074,-0.015883526,-0.00532276,0.005296077,0.017401356,-0.013816675,0.016857667,0.0027023812,7.5697035e-06,-0.00020926219,-0.00059718016,0.014675272,0.0026555448,-0.0019689375,0.012570159,-0.004768563,0.0,0.0028507248,-0.00059718016,0.012256077
2022-06-08,0.016779318,0.004497978,0.0029256162,0.0015678505,0.0075523597,0.03090766,0.01264873,-0.029170094,0.02228288,0.0035563696,-0.023255145,-0.0015055457,0.0025921194,0.026619153,-0.012441048,0.008990981,-0.0057835774,0.003825807,-0.023255145,-0.0022192637
2022-06-09,0.0,-0.0045375368,0.014770346,0.013344442,0.0049333586,0.00018826131,0.0026308266,0.0049408977,0.018107938,0.008695004,0.017652996,-0.019604983,-0.0348162,0.0068024346,-0.00015046104,-0.0023992902,0.01684199,-0.0032867787,0.017652996,0.0077217366
2022-06-10,0.001967637,0.012788337,-0.017530577,0.0051679066,0.010981818,0.01791855,0.0102740135,0.017810334,0.001896319,0.0,0.013060693,0.007126155,0.009855584,0.015878642,0.002364902,0.0010946977,0.0001815093,0.011300195,0.013060693,0.016920904
2022-06-13,0.023402194,0.00567229,-0.014818844,-0.00074199785,-0.044352416,0.021076953,-0.0068834336,-0.0029758369,-0.0042493693,0.014180875,-0.0062935725,0.0038705154,-0.029957497,0.015943019,0.005020918,0.014813175,0.006781151,-0.009148825,-0.0062935725,0.011981343
2022-06-14,0.003927351,0.035485033,0.0030713452,0.07155062,-0.012595171,-0.03046661,0.0064482875,0.015449772,0.014147098,0.009226624,-0.0010644372,0.015823826,-0.0027405745,-0.014159128,0.0015556043,0.011041935,-0.00081939856,-0.037371572,-0.0010644372,-0.078303166
2022-06-15,-0.008723646,0.015626218,0.07123362,0.030573357,-0.0025498148,-0.00016703147,-0.0007281469,0.014334811,0.014289217,0.016886069,-0.012002872,0.01425847,0.059046086,-0.0012887679,0.001136932,0.023729257,0.018807115,0.0047493493,-0.012002872,0.00087625044
2022-06-16,0.0073904786,0.0021895366,0.0045737703,0.010822972,0.013598193,0.011476861,0.0002540303,0.007588804,0.00083391665,0.0069240592,0.004577424,-0.022756856,0.025817782,-0.036880903,-0.003371672,-0.016870815,0.024078213,-0.0107874675,0.004577424,-0.004231746
2022-06-17,0.0,0.0023632802,-0.005780243,0.00094742596,-0.029244715,0.019987635,-0.019433869,0.015542534,-0.0039604246,0.016493386,0.036267858,0.0031207127,-0.0042110584,0.003435955,0.01894484,0.0073202,0.022535749,0.021322897,0.036267858,0.012757186
2022-06-20,0.012821635,-0.00067647087,0.015976818,9.600384e-06,0.027250055,0.017887658,0.0060236594,0.0019233641,0.0,-0.012592809,0.042123556,-0.013407997,0.011184776,-0.110239096,0.0074991086,0.018677259,0.01913355,0.020906871,0.042123556,-0.051660605
2022-06-21,-0.037762962,0.010302166,-0.041910537,-0.018606083,0.013756146,0.0139364675,0.0144634675,-0.036406655,0.010613801,-0.01277102,0.01636933,0.0020840343,0.008967909,0.0,0.015956094,0.0033307124,0.015435999,-0.021340495,0.01636933,0.039085552
2022-06-22,0.011603989,0.025357692,0.028305339,-0.0043227086,0.013741944,0.0034729685,0.011049342,0.03269444,0.004018804,0.0031755334,0.018137367,0.004010121,0.023189548,-0.0076104198,-0.0013077016,-0.00056371896,0.009214985,0.008334836,0.018137367,0.019086542
2022-06-23,0.027658006,0.00093934685,-0.009059027,0.0060238065,0.015749449,0.010279547,0.0042182426,-0.01529985,0.0067993584,0.0,0.018927995,0.0,0.06203608,-0.0033236167,0.0074310657,0.0025446813,0.0012675409,0.048042268,0.018927995,-0.012089795
2022-06-24,0.013213132,0.0030466882,-0.009795543,0.0294721,0.0013547641,0.014468271,-0.005260585,0.002920595,0.018904265,-0.038888294,0.024749253,0.005347886,-0.0014548041,-0.0019067077,-0.017351056,0.0126714595,0.006780897,-0.001767983,0.024749253,-0.0030610152
2022-06-27,0.005467097,0.0028019173,0.005143194,0.03312418,0.0037843287,0.012543147,0.013840932,0.024740659,0.0062756725,0.032446165,0.008792088,0.0,0.038150266,0.020126985,-0.0054901424,-0.004314903,0.0073948614,0.011732217,0.008792088,-0.0051773028
2022-06-28,0.0,-0.00874278,-0.018750671,-0.014385978,-0.00043993362,0.0,-0.0010463231,-0.0004269451,-0.0007252037,0.014962311,0.0,0.0033450096,-0.005687594,0.0010841109,-0.0018434606,-0.0062031876,0.016899524,0.023695918,0.0,0.04311783
2022-06-29,0.013840169,-0.00074312877,0.0430572,0.0025994598,-0.0015948431,0.008552154,0.004923206,0.01359335,0.00816062,0.0007762795,0.014803805,0.0018240323,0.0014781846,0.0065035503,0.006734595,0.00037945513,-0.004553452,0.0017080607,0.014803805,-0.030663576
2022-06-30,0.015465641,0.02361327,-0.006248098,-0.015625969,0.0064777355,0.0027414525,0.0033228323,0.0046031484,-0.0484072,-0.011712681,0.010391521,0.016328594,-0.024987007,0.05110435,0.0,-0.006526454,0.0026833813,0.022507364,0.010391521,-4.169647e-06
2022-07-01,0.0,0.013163956,0.024776401,0.021653732,0.0053127566,-0.00035336657,0.0,0.0032222955,-0.005439654,-0.00462595,0.0,-0.013794241,0.008650179,-0.0036148797,-0.02626242,-0.027422912,0.004009698,-0.016422741,0.0,0.004952696
2022-07-04,0.010966678,0.021975182,0.010575082,0.0075813197,-0.010706918,0.015039289,-0.010306125,-0.0045233313,0.0072338297,-0.029099006,0.003420594,0.030556636,0.028108945,0.020228013,0.023291653,0.009205159,-0.0016832167,0.0063533615,0.003420594,0.0046695205
2022-07-05,-0.0014151154,-0.00051097514,0.022785481,0.004505825,-0.005569936,-0.006709445,0.0029841396,0.0017407545,-0.009790808,-0.0070402175,0.000396769,-0.025265658,-0.004205015,0.0075465296,-0.0013979344,0.017488671,0.013272253,-0.009871658,0.000396769,0.0124992
2022-07-06,0.0033368,0.017142428,-0.004817204,0.004478988,0.01659066,0.03775364,0.0046667145,0.0075403634,0.008471872,0.027660578,0.00651571,-0.009607728,-0.013764031,0.0047038086,0.0064320397,0.0023867015,0.022778368,0.017978722,0.00651571,-0.00032761664
2022-07-07,-0.0064967643,-0.0011993119,0.015738541,0.011626316,0.010488415,-0.004930282,-0.0028912148,-0.030421123,-0.0032540774,0.0069429995,-0.014434414,0.01232374,-0.0035499935,-0.0062743085,0.015181749,0.014344803,-0.007775112,0.018025665,-0.014434414,-0.0015700859
2022-07-08,0.020155637,-0.007545298,0.011971862,-0.002825375,-0.0059361397,0.0098521495,-0.0072011026,0.0,0.005597633,0.015326984,0.055579517,-0.012482344,0.025413234,0.018483292,0.007896681,0.009022003,0.0007823939,0.0025415225,0.055579517,0.023986414
2022-07-11,0.015158915,-0.008127168,0.001427153,0.045260414,0.011941088,0.0,0.015561619,-0.040964067,-0.028465103,0.0045630187,0.029253833,0.021766445,0.017405754,0.0031889062,0.0042840713,-0.018961465,0.022323538,0.007867018,0.029253833,0.002987459
2022-07-12,-0.0007476175,0.0,0.013360239,0.01866975,0.01848661,0.0131510245,0.015752707,0.045001656,0.0032652712,0.02725309,-0.0008193447,0.0028201758,-0.042058915,0.02513425,0.0007426705,-0.0072545037,0.00043491175,0.025015187,-0.0008193447,0.00072088226
2022-07-13,-0.007708412,-0.014132214,-0.0062884185,0.0,-0.0152079305,0.012370956,-0.1531953,0.0040817424,0.024947722,0.0027761054,0.006916116,0.023311678,0.078959815,-0.0013577847,0.007728009,-0.010797055,-0.006120264,-0.0010143082,0.006916116,0.0042405888
2022-07-14,-0.002303662,0.023409937,0.008649919,0.002310639,0.0011798405,-0.030433943,-0.0020231828,0.0,0.02930208,-0.012987012,0.015816947,0.00491986,0.0031163336,0.004819892,0.00015896028,0.026012514,0.002594149,0.012252051,0.015816947,-0.030852413
2022-07-15,0.01262527,-0.007989948,0.006798934,0.013661729,0.0121806925,-0.004298972,-0.0122690555,-0.027871571,0.002844608,0.014042628,-0.029168995,-0.015806666,-0.07248342,0.007829114,0.014136758,0.008645533,-0.0007991068,0.0070126974,-0.029168995,0.038040806
2022-07-18,0.008136466,0.010409151,0.013925149,-0.017916292,0.0015028715,0.0037553492,0.029527023,0.0177209,0.0,0.019496605,-0.0050547854,0.015774053,0.0045768786,-0.022141805,0.005092611,-0.0064246245,0.0062044533,0.011376943,-0.0050547854,0.047501944
2022-07-19,-0.00805953,0.010365612,-0.0051518106,-0.0034464467,0.007655485,0.023141123,0.009917517,0.0067977216,0.025871323,-0.0023833434,-3.965742e-06,0.004751164,0.020805111,0.04782759,-0.0013778501,0.021192385,0.00260444,-0.0050134733,-3.965742e-06,0.018506983
2022-07-20,-0.0010966895,-0.00093262346,-0.012808748,0.008408247,0.0104035055,0.0062812245,0.020671,0.015010428,0.0024576979,0.010643051,0.022182241,0.003739164,0.023379242,-0.05368997,-0.0097102905,0.0016379375,0.005374494,0.0072118836,0.022182241,0.016723758
2022-07-21,0.030487087,0.020367736,0.002595746,0.0127736535,-0.001601364,-0.0115782805,0.002823313,0.019347971,-0.0141794635,-0.0029213347,0.011518111,0.0061272904,0.024778394,-0.0045786146,0.0012395647,0.0077346396,-0.021184366,-0.011497034,0.011518111,0.0063088136
2022-07-22,-0.025902553,0.017474107,0.01544051,-0.0006069927,-0.0034556396,0.016463665,0.010632478,0.014543862,-0.004626304,-0.0363017,-0.0039432007,-0.0012172395,-0.08447148,0.034421124,0.007398749,0.006395801,-0.012223515,0.02349859,-0.0039432007,0.0056041027
2022-07-25,-0.004348093,-0.009335427,0.0021746242,0.012371127,0.005843245,0.013050656,0.001777221,-0.0024145653,-0.0016780334,-0.03213767,-0.040852197,0.009324921,-0.013527133,0.0018924276,0.012136491,-0.0028486322,-0.008085522,0.011270165,-0.040852197,0.0
2022-07-26,0.020050252,0.0069438666,0.012707341,0.013255062,-0.00074779865,-0.019342406,0.00030927773,0.0025526434,-0.029633163,-0.0016169285,0.022523222,0.01883392,-0.0018234221,0.035767432,-0.00576966,0.01942061,0.01581915,0.008258873,0.022523222,-0.03029992
2022-07-27,-0.012536704,0.0044801426,0.006524968,0.011623594,0.009553682,0.04551833,0.015601388,0.0025125938,0.0006198432,0.016904654,0.008611986,-0.0007401532,0.023031468,-0.00093200424,0.011757318,-0.011456974,-0.0911462,0.0014600449,0.008611986,0.023659958
2022-07-28,0.010383925,0.022208802,0.023743898,0.02653153,0.009386881,0.013360986,0.025885992,-0.013249675,0.01095158,0.027273322,-0.022594435,0.01658167,0.0052864724,0.004730764,-0.021037709,0.00034804942,0.0008085493,-0.0015947516,-0.022594435,-0.0112815695
2022-07-29,-0.005177212,-0.024785353,0.0039570862,0.011237675,-0.002818631,0.0028206469,0.0051814453,0.0016688239,0.03850249,0.023747152,-0.014624115,-0.0006089025,0.009358575,0.0019550994,0.0,-0.010021301,0.003321823,0.0028314872,-0.014624115,0.025533242
2022-08-01,0.058550335,-0.027498262,0.01878384,0.014914923,0.013352706,0.0018604009,-0.0036031513,0.022987552,-0.031506404,-0.0016489521,-0.009607537,0.005142158,-0.014363801,-0.0027984588,0.029272974,0.01469715,0.013267347,0.010453307,-0.009607537,-0.007859831
2022-08-02,0.006117038,-0.00094301184,-0.004410388,-0.005772188,0.002804002,0.024812214,-0.004059163,-0.0037186872,-0.0060475064,0.00016848836,0.003261743,0.016536865,0.027222851,-0.006009411,0.008645073,-0.005226013,0.015234201,0.002101946,0.003261743,0.0052537424
2022-08-03,0.0050348984,0.024855193,0.0061263717,0.008810879,0.0028578935,0.0040004593,0.0028381695,0.003971877,-0.024646362,0.007547594,0.013624858,0.0,0.012106612,0.01759437,0.023046583,0.01724172,-0.004574444,-0.0040916647,0.013624858,-0.020574419
2022-08-04,-0.0025729123,0.01207228,0.013549377,0.0019758258,0.025644638,0.016651085,0.010518079,-0.001003865,0.0066605085,-0.0038396781,-0.0059820977,0.004840329,0.010910845,-0.004585306,-0.017241562,0.013224623,0.008135245,0.014595343,-0.0059820977,0.025496112
2022-08-05,-0.001392312,0.025330056,-0.0036475244,0.017500246,0.02370882,0.002827587,-0.004583193,0.001964047,0.00773586,-0.008819454,0.030275445,-0.00988644,0.009703243,0.025345238,0.01619562,-0.00978617,0.008633115,-0.0016075386,0.030275445,0.0034293872
2022-08-08,0.018236369,0.0049984492,-0.0033651432,0.0011632516,0.004823926,-0.0003018546,0.016369822,-0.00040162457,0.03190611,0.03074781,0.021316668,0.013050224,-0.006118919,-0.0033878875,-0.007374144,0.008375785,0.00425992,0.0065425816,0.021316668,0.0356177
2022-08-09,-0.0007197382,0.030559532,-0.010530972,0.008486722,-0.016726732,0.007612692,-0.005169089,-0.004530554,-0.0037600335,-0.00814338,-0.019077962,-0.0058196415,0.042798735,0.012821487,0.023215692,-0.0027088423,0.0016270373,0.004273668,-0.019077962,0.00084699766
2022-08-10,0.0004760916,-0.028987866,0.026741,-0.012231312,-0.043647718,-0.009150024,-0.009290686,0.0,0.018794028,0.0040265433,0.0054962616,0.010442295,-0.022010038,0.0032616763,0.013057551,0.010656178,0.025852252,-0.0032850795,0.0054962616,0.015794791
2022-08-11,0.02481639,0.0011197417,0.003156139,-0.025301706,0.01675492,8.548674e-06,0.014323923,0.007178524,0.023471814,0.0,0.010535168,-0.0015901879,0.020420134,-0.0016245475,0.013464231,-0.006049717,-0.006854814,0.001206841,0.010535168,0.006317238
2022-08-12,-0.0065503474,0.00096122135,-0.01654445,-0.005481906,-0.015661437,-0.007903418,-0.0006189667,0.0056071035,-0.0146349985,-0.0034018054,0.0071551446,-0.00021504214,0.013934495,0.015188006,0.0058317194,0.008913512,0.015259447,0.009119784,0.0071551446,0.010051198
2022-08-15,-0.006065333,0.010480945,-0.019886028,0.023988444,0.0018428745,-0.02263091,0.01051651,-0.0032281585,0.019528532,0.020148668,0.0074692145,0.0067970725,-0.030307973,-0.01599177,0.0053724824,-0.0016764088,-0.012195678,6.5109474e-05,0.0074692145,0.009340321
2022-08-16,-0.0019220585,-0.009422345,-0.03485516,0.017898157,0.03208615,-0.0035696782,-0.0023401233,0.0,-0.001916474,-0.0071919197,-0.009664405,0.0084817875,0.020192936,-0.0025278782,0.001136403,-0.028917918,-0.004514031,0.011928696,-0.009664405,0.0055954615
2022-08-17,-0.018758971,0.011721512,0.0562306,0.0020519402,-0.009149435,0.020935327,0.02136351,-0.07184259,0.0055791023,0.0,0.013330173,0.023811864,-0.014159373,0.013933376,0.033950895,0.009109725,0.02951369,-0.015369353,0.013330173,0.016435482
2022-08-18,0.001832005,-0.01479549,0.023855295,-0.020931395,-0.0014406716,-0.0015457838,-0.0031836,0.0057563814,0.013045805,0.01867577,-0.0019115752,-0.019533418,0.026211474,-0.0018591878,-0.015404,0.015724007,0.009618227,0.0008942253,-0.0019115752,0.0
2022-08-19,0.031371545,0.011102955,0.009905062,0.0041472074,0.010311652,0.005016179,0.015786828,0.01789336,0.0031250513,0.015800416,-0.019791074,0.005371874,0.023000581,-0.014523131,0.002678756,0.0017256422,-0.019530034,0.004858143,-0.019791074,-0.017732851
2022-08-22,0.009962008,0.018466793,0.02300727,-0.0060517755,0.01593075,0.004163607,0.0055050547,0.0030244444,0.0,0.012161308,0.023924159,0.006994315,0.006115439,0.003560114,-0.0038391945,0.0045025274,0.012539144,0.010030566,0.023924159,-0.0009087303
2022-08-23,-0.0020116512,0.03038038,-0.002541348,-0.0037630026,0.0046637994,0.021199632,0.0,-0.0053713997,-0.0052956585,-0.0022098164,-0.010102414,0.012417144,0.02481838,0.010189227,-0.02158312,0.0107849045,0.009256511,0.011148715,-0.010102414,0.0015370399
2022-08-24,0.010860517,0.011296717,0.0005127914,0.009196845,-0.0011763751,0.012362745,0.0041302633,0.013249315,0.0014163556,-0.005429911,0.0101586385,0.002932784,-0.0030067714,0.0027295838,0.026358187,0.0005435339,0.014466925,0.010190631,0.0101586385,0.0059326137
2022-08-25,0.008325468,0.022214882,0.039624766,0.011236377,0.003633861,0.020340206,-0.008284018,0.005915027,0.0152528845,-0.00781962,-0.00038150168,-0.009417332,-0.002815743,0.014022141,-0.007342531,0.0021657215,-0.01949599,0.001330009,-0.00038150168,0.0033042114
2022-08-26,0.018924925,0.010160562,0.017845625,0.0018129861,-0.01539524,-0.004747936,-0.0041039996,0.0018302898,0.018822888,0.013962101,0.00065544,-0.004512713,0.017135613,0.014709477,-0.00079405116,-0.0056299777,0.012088568,-0.006293073,0.00065544,0.0039222706
2022-08-29,0.005503471,-0.008719944,0.0010493563,-0.0051824525,0.008564034,-0.0031956984,0.025018973,0.0071838293,0.0062406133,-0.000486351,0.0063086073,0.007439693,-0.0075080465,-0.014190055,0.038544957,0.003589837,0.013136695,0.014465003,0.0063086073,0.004488072
2022-08-30,-0.000528495,0.017740142,0.016804136,0.003414312,0.008437323,0.0018286966,-0.0032797938,0.005250556,0.0,-0.00904537,0.02138979,-0.012878429,0.0071980925,0.04243167,-0.0054842755,0.008850858,0.0042226706,0.0012670531,0.02138979,-0.0055681327
2022-08-31,-0.017442271,0.013976132,0.0026591544,0.01641585,0.0025780378,0.0034757978,0.022113688,0.008588568,0.008003606,-0.026944144,-0.002623007,-0.021221345,-0.013533142,-0.0174183,0.0063304873,0.0011723979,0.013918552,-0.0015908587,-0.002623007,-0.012472045
