date,Sequence_1,Sequence_2,Sequence_3,Sequence_4,Sequence_5,Sequence_6,Sequence_7,Sequence_8,Sequence_9,Sequence_10,Sequence_11,Sequence_12,Sequence_13,Sequence_14,Sequence_15,Sequence_16,Sequence_17,Sequence_18,Sequence_19,Sequence_20
2013-01-02,0.00854384,0.015628489,0.024572276,0.008691657,0.017166145,0.014188622,0.014198869,0.003095013,-0.0035662742,0.0016051398,0.03658582,0.007480713,-0.0016928358,0.018839208,0.007012792,0.028093562,0.0040939283,0.007970276,0.043380328,0.007178407
2013-01-03,-0.0071045784,0.0035485576,0.0062571154,-0.0020399143,0.004188673,0.022269137,0.06452942,0.0070586824,0.005913905,0.017202124,-0.0055422103,0.009050604,0.006089102,0.012095791,-0.0012902445,0.007736386,-0.0111746555,0.010385701,-0.020196568,0.07916052
2013-01-04,0.008144648,0.010522338,-0.008598634,-0.0052672834,0.0018613808,-0.014171348,0.011446909,0.011726733,0.03510918,0.006267017,0.0034754944,0.024325391,0.006856401,0.0077913115,0.0026358913,0.0043597594,-0.03411375,0.0051011825,-0.0026148162,0.025159204
2013-01-07,-0.0032369522,0.0037045185,-0.00605123,-0.0018143132,0.0,0.025107201,-0.0012505566,0.0069709863,0.0061716135,0.016234739,0.0007722995,-0.02622743,0.010406271,0.014807036,0.00701069,0.008466639,-0.019922225,0.0072392747,0.01299867,-0.0805566
2013-01-08,-0.08624422,0.0057612145,-0.0057586394,-0.00023672296,0.0014438115,-0.026744882,-0.08202818,0.002439782,-0.001366839,-0.0018479424,0.006688374,-0.005516943,-0.008174756,0.00045955004,-0.0056877653,0.0022447116,0.024512174,-0.0066316114,0.009351039,-0.023135904
2013-01-09,0.0476435,0.0069248853,-0.014717487,-0.0033772697,-0.0026205843,0.025385583,0.010669025,-0.01226464,-0.0019999582,0.019713458,-0.033563353,-0.0020559805,0.00030367888,0.018045759,-0.0076946905,0.0027103734,0.00210521,0.0017776324,0.0,0.00530743
2013-01-10,0.013505589,0.005973517,0.017858114,0.019577697,-0.0014470036,0.0077365558,0.009030676,0.005783263,0.0006758899,-0.010873498,0.005654104,-0.0058251014,0.008462678,0.010925291,-0.030475767,0.025318604,0.02647125,-0.0056338124,0.00014785159,-0.00866431
2013-01-11,0.010288707,-0.0018623131,0.023468535,0.0065530054,0.0021466769,0.0,0.0050706756,-0.0020399576,-0.0073978133,0.011911543,0.008935296,0.012560273,0.0069432403,-0.0018578996,0.0,-0.008952469,0.015724996,-0.011952717,-0.009273695,0.025283707
2013-01-14,0.0030059707,-0.007641457,0.010302872,0.029226527,-0.0011423778,0.013124825,0.009205656,0.0059019104,0.0034239972,0.0052883844,0.008986346,0.0016912927,-0.0014028725,0.008923039,-0.002516422,0.0075131264,-0.017815772,0.0008545002,-0.008879078,0.031712394
2013-01-15,-0.0022717433,0.0012670272,0.02051069,0.005418075,-0.0031182372,0.0017817873,-0.007865885,0.0,0.009864218,0.019420676,0.00016793319,0.0047379243,0.009264265,0.0025362957,0.019648502,-5.696339e-05,0.0069537177,0.015045476,-0.008364797,0.04470938
2013-01-16,0.017567089,-0.007064671,0.008882464,-0.0049755573,-0.0029396624,0.026375815,-0.0037411822,-0.0030398576,-0.006993938,0.008145837,0.007502293,0.002276493,-0.0300154,-0.044943,0.007005567,-0.0068712686,-0.0030414863,0.0024862885,-0.013717674,0.009352965
2013-01-17,0.035137042,0.0022296857,0.0,0.029261107,0.0025079697,0.0020562774,-0.016477628,-0.00048241587,0.02786735,0.0013148867,-0.0020092824,0.0056559965,-0.0028659846,0.0013839069,0.01884458,-0.008051689,0.0024684265,0.009872881,-0.009595274,0.0040469067
2013-01-18,-0.004521307,0.0048599797,-0.005778014,0.01332469,0.019526886,0.0,0.0052447096,0.0019319983,0.013172385,0.0,0.005546902,-0.010471636,0.0,0.046437684,-0.0062117823,0.0,-0.0016796541,0.0066651907,0.004886583,-0.024364306
2013-01-21,0.0009559324,0.0027695077,-0.012839431,0.0031022246,0.010817648,-0.010878575,-0.0033618794,0.013196043,-0.0022992934,-0.0052350503,-0.005194608,-0.004170753,0.009214844,0.013394237,0.0128296595,-0.0039880727,-0.0026389346,-0.0070284423,-0.009456593,0.013616484
2013-01-22,-0.001854696,0.012078659,-0.010134885,0.007026574,0.007495463,0.0009044129,0.0016138523,-0.00027322458,0.005145154,0.010050826,-0.011950937,0.08632535,0.010020259,-0.017851036,-0.004583069,0.009768631,-0.0030933758,-0.0042363936,0.019517416,-0.010863334
2013-01-23,-0.0138069885,0.0045633465,0.014780792,0.0055612433,0.009446356,0.018065458,0.0,0.0016605859,-0.011595084,0.0016221126,0.010204978,0.0099468,0.001200332,0.012489092,-0.05118988,-0.0013443523,-0.008242009,0.008617067,0.008659414,0.015869608
2013-01-24,-0.0059323655,0.006305466,-0.015156181,0.004035539,0.0010750999,-0.001326932,0.036358807,-0.0014038591,0.0,0.0,0.0068424484,0.01173523,-0.0042083887,0.0069103395,0.024939245,-0.010681642,0.023887206,0.002517661,0.008997416,-0.004203676
2013-01-25,0.021189839,0.0069310674,0.013381644,-0.0045474647,0.0004917755,0.0030406155,0.009122732,0.00019094902,-0.0010278029,0.0034483462,-0.010562456,0.0022521652,0.0046156803,-0.0033409772,-0.0049127233,0.011496714,0.0059194434,-0.006012289,0.0058055376,-0.029382277
2013-01-28,-0.024353143,0.015005649,0.054915544,-0.009426897,0.014883754,0.025055418,0.012980906,0.0024300443,-0.032277495,-0.02903208,-0.00696595,0.010970651,-0.0059894463,0.011827701,0.0018363534,0.02618025,-0.0019487058,-0.009723136,-0.002037752,-0.0034988148
2013-01-29,0.080322556,0.0009287187,0.01652859,-0.002444806,-0.00044426398,0.0012230839,0.018673277,-0.0033307772,0.019779062,0.009664031,-0.0022072482,0.025508536,0.009384184,-0.0064207437,0.0084931515,0.011855488,-0.010883541,-0.011659375,-0.008146565,0.013077155
2013-01-30,0.0073385863,-0.0037591388,0.010132389,0.01910078,0.0014603469,-0.00031303073,-0.0001315623,-0.0034605956,0.021809597,-0.0016046901,0.011502082,0.00065677206,0.0010503498,0.005560733,-0.0066308356,-0.012782064,0.0055169924,0.0,0.007012416,0.012929607
2013-01-31,0.0,0.0060002953,-0.0031806047,0.013927482,-0.004873002,-0.010753757,0.010549487,0.006325515,-0.007127599,0.00162036,0.017043356,-0.013164977,-0.0023309935,0.010743929,1.6957627e-05,0.03805994,-0.003935812,0.0020530939,0.0014498461,0.009389615
2013-02-01,-0.0041329446,0.005515325,0.0,-0.0031005745,0.008660563,-0.003472194,0.000582652,0.0016196516,0.0076097753,0.0015905495,-0.009322667,-0.0059843627,0.006733563,-0.0047094477,0.013115857,0.01286959,0.008549889,-0.010322183,8.7102555e-05,0.046685256
2013-02-04,-0.0014297834,0.0040581636,-0.019633217,0.0125417,0.0,0.0036624845,-0.0132664405,-0.003406602,0.0010462044,-0.00809771,0.007342924,0.013270843,0.004040138,0.007896764,-3.540587e-05,1.6064738e-05,0.020148007,0.001475782,-0.0009311996,0.02682041
2013-02-05,0.0039536096,-0.005669321,0.015698077,0.006996212,-0.0021670172,-0.0023728865,0.015839042,0.0065076677,-0.19459684,0.0029777032,0.0,-0.05767452,-0.000940963,0.006420102,0.018082896,0.0032113541,-0.011026846,0.0074551846,0.0034711629,0.019346293
2013-02-06,-0.0073773316,0.016630523,0.0011369028,0.0026988646,0.009544097,0.020337336,0.004250368,0.0030540978,0.0053613605,0.0014991575,0.008937411,0.0015877343,0.0051963273,0.010922155,0.0,3.2666943e-05,0.020637278,-0.0024693918,0.025758704,-0.038059045
2013-02-07,-0.011955611,0.0018618567,0.015850557,0.009172439,-0.0033934552,-0.007795216,-0.007926725,0.0,0.028954262,0.00014332379,0.0080945175,0.0036206646,0.005139017,0.011737238,-0.0009339187,0.01266859,0.0039182357,0.011500533,0.009256401,-0.0020256103
2013-02-08,0.015826372,-0.00070256484,0.020865737,-0.011840568,-0.005841705,-0.0076751686,0.0127536915,0.009204671,-0.04092982,0.013620086,-0.0125171,-0.0076430216,-0.014969884,0.0035954325,-0.0019761412,0.023552375,0.03241235,-0.0010416622,-0.0024343017,0.015117796
2013-02-11,0.006024046,0.008164813,-0.0046113557,0.004363023,0.005148024,-0.024882419,-0.0032038793,0.0063383747,-0.11437966,-0.0003580232,0.0136044165,0.009692594,-0.0008130934,0.011311939,0.0,-0.06514019,0.013055726,1.1429864e-05,-0.0016354143,0.0029644638
2013-02-12,-0.011566777,-0.00823571,0.0053529213,-0.0063156513,0.004834505,0.02602414,0.0063001523,-0.006144392,0.0210574,-0.038381115,0.006054771,-0.0030985551,-0.0011150079,0.016696125,-0.009605104,0.0,0.00018575617,-0.0058236155,0.0048675244,0.0001439504
2013-02-13,0.020090735,-0.005677442,0.004357016,0.0076484904,0.0038677556,-0.020367019,-0.0021994375,-0.004461606,0.0055323374,-0.0019577742,-0.007826542,0.02646268,-0.005677382,-0.0013102383,-0.007944716,-0.005374124,-0.003180996,-0.009917366,0.002116763,-0.0018204502
2013-02-14,0.0017906156,-0.004732408,0.01074941,-0.016918808,0.005201419,0.012046437,-0.010592674,0.0046738205,0.02454136,0.0012667133,-0.0032307103,0.013426237,0.005305466,0.00017716178,0.05004163,-0.010265248,0.0062728543,0.0016051972,0.008196108,0.0017005805
2013-02-15,0.0024621603,0.013390031,0.007985304,0.0,0.005605562,0.011727839,-0.003963763,-0.0034379477,0.0136739155,-0.005004032,-0.020681715,-0.0024763173,0.005047659,-0.017612614,-0.054658607,0.018998343,0.060924623,0.015726117,-0.0041163266,0.0038349445
2013-02-18,0.01672329,-0.0089064725,-0.12084217,0.0068714097,0.006866664,-0.0007120726,0.0061817896,0.02879954,0.0054242886,0.0041902238,0.0007589519,-0.0046986802,0.0,0.00350963,0.011663058,0.0116005065,-0.015473813,0.0046626125,0.040591482,-0.013529513
2013-02-19,0.0030795392,-0.0013279839,0.0,0.001376812,-0.00031984498,-0.003413884,0.004455132,0.0014592406,-0.018693512,0.0020619836,-0.024849031,-0.0049310084,0.0012676405,-0.0023186507,0.039985564,0.0060774796,0.009340383,0.0019930077,-0.0053631966,0.008674789
2013-02-20,-0.00033466646,0.0063426765,0.012713019,0.0,0.008856774,0.011528092,-0.0024035797,-0.00097130955,0.0061219614,0.0025485314,0.003988632,0.007686639,0.0,-0.0039864513,0.0073830443,0.013836265,-0.00658232,0.0072548157,-0.0016016625,0.0077967723
2013-02-21,-0.012842885,0.015853656,-0.0022888554,0.0045726732,-0.00781334,-0.015817499,-0.010094953,0.009872517,-0.007921468,-0.006860076,0.0059619793,-0.001860779,0.004156656,0.01191572,0.0027765525,-0.0020425795,0.020098224,-0.0031337724,-0.011783056,-0.07150561
2013-02-22,0.020594552,-0.0018477786,0.019627193,0.001508798,0.014974058,0.019358756,0.0037269122,-0.010139978,-0.004436713,0.0020264462,-0.0024749923,-0.0038268247,0.0013683524,0.0028835936,-0.0048498246,-0.00034607286,0.012786346,-0.0003897764,0.010911162,0.008117101
2013-02-25,-0.003852199,0.010179713,-0.008041056,-0.016179722,0.013153602,0.005409454,0.090944976,0.023015672,0.0114769135,0.0064098355,0.011379618,0.004107624,0.0049225464,-0.017333481,0.04183997,-0.0014985172,-0.04610035,-0.006552331,0.008938696,0.0068754293
2013-02-26,0.017331801,-0.007810678,0.004701592,0.0012370847,-0.0069117327,-0.0023488074,-0.00028225305,-0.023027781,0.0020732433,-0.0016780955,0.0078054913,-0.0011588093,0.0016498624,0.0,0.00539694,0.0007881118,0.015822519,0.006181089,-0.008539059,0.010137595
2013-02-27,-0.011210026,0.020348731,0.057641108,-0.0027812256,-0.009728968,0.01861148,0.08518415,-0.002608176,0.025310123,-0.013807951,0.0036318563,8.657234e-05,0.008166204,0.009199904,0.004013621,0.0031448153,-0.017617015,0.0019543716,0.0080216555,0.00417124
2013-02-28,-0.0067597567,0.009907283,-0.00581507,0.023916,-0.013504199,-0.009908903,-0.054432247,0.008509784,0.006921216,0.0053053508,0.006072033,0.004629427,0.0060824403,0.032042585,0.0030737468,-0.01756392,0.00028700646,0.009901951,0.0009299054,0.008615007
2013-03-01,-0.0034853325,0.011261115,0.0024180983,0.006786052,0.00545384,0.009091709,-0.00473064,0.031434435,-0.0004642879,-0.0049439752,-0.009029053,-0.011543227,-0.005500924,-0.002328365,-0.0027162372,0.013295117,0.018651921,0.0019996697,0.0043037473,-0.010732378
2013-03-04,0.0043276655,0.008156557,0.019162206,0.013603323,0.005887195,-0.001917937,0.005003554,0.016226374,-0.019834507,0.006553991,-0.004313683,0.047124073,-0.004188092,0.010161281,0.0041262787,0.009272119,0.018277267,0.0057790093,0.020558208,-0.0010033693
2013-03-05,-0.00877641,0.0012893543,0.0,0.0026484695,0.006163662,0.0038304753,-0.051737696,0.016526021,-0.01955,-0.0015941584,-0.0036596311,0.0052573914,0.0056673386,0.0018729826,0.01507193,0.0037863334,-0.0008945275,0.013343596,0.03760189,0.0067083966
2013-03-06,0.010606363,-0.0017232891,0.02556486,-0.0044722566,0.0130379405,-0.0071708327,0.0037312724,0.0042645726,0.0087641,0.023370437,0.0038347628,0.0061117704,-0.0020123108,0.005499695,0.00028740277,0.0091855945,-0.0098053105,0.004656729,0.0095611615,-0.0026976282
2013-03-07,0.0068860287,0.0064496533,-0.006719331,0.00043651197,0.009007063,0.00096916495,0.02103355,0.003383911,0.014564562,-0.00981919,0.00042614454,0.024743484,-0.0034252417,-0.009562715,0.0,0.0049703424,0.007246543,-0.0058160713,0.006906348,0.009768855
2013-03-08,0.013107853,-0.0014290008,0.0069158184,-0.02270708,-0.00043827278,-0.09143041,0.004085235,0.0144793065,0.0005023605,-0.00774556,0.00021752628,-0.008790855,0.006807945,-0.00095255964,0.0041602617,0.008046049,-0.0035835553,0.004367322,-0.010668002,0.008440046
2013-03-11,0.017606487,0.016711429,0.008438624,0.015664726,0.015621598,-0.0005779652,0.010101007,0.008572387,0.0,0.004640237,-0.008634308,-0.008471006,0.0074925967,-0.0021963865,-0.0017195559,0.009072549,-0.013929545,-0.0017369981,0.01636008,-0.01735855
2013-03-12,-0.006581479,-0.014570376,-0.05553807,0.004375851,0.005301898,0.00919163,-0.0007347708,0.0,0.0020444095,0.0058783223,0.006239872,-0.0014145612,-0.00018807611,0.0030899728,-0.043050934,0.003861283,-0.003213621,0.008448269,0.0,0.065115415
2013-03-13,0.0069229268,0.0018813605,0.014917195,-0.010106261,0.022204144,0.00909368,0.022003356,-0.0064080604,0.012017939,0.005785848,0.0056067184,-0.0044766963,-0.011548581,-0.0074285734,-0.0035446156,-0.009502655,0.002683114,0.011147448,-0.00063679164,0.0
2013-03-14,0.0067444467,0.004859395,0.015148791,0.002074309,0.0,0.0028375534,-0.019207373,0.014285111,0.0025251794,-0.0009249793,0.0082755145,0.012852552,0.0108160125,-0.002280981,9.6449825e-05,-0.0062674466,-0.0021042796,-0.00038085438,0.0015800925,-0.01129788
2013-03-15,0.007845702,-0.008913717,0.005385851,-0.0066675125,0.0035585514,0.010915598,0.0028640584,-0.019109236,0.0067551066,-0.002389935,0.0,0.00913425,0.008985157,-0.007762792,0.009166112,0.016234558,-0.01403362,0.0069602076,0.011300809,0.0012837214
2013-03-18,0.0026722495,0.009279995,0.0067886612,0.0024080062,-0.0027449732,0.017943708,0.01098377,-0.0022811007,0.00040623365,-0.0026007034,-0.008631098,0.00084920594,-0.00365945,-0.010334706,-0.0010633185,0.0,0.035285342,-0.0043224916,-0.00812303,0.0015627757
2013-03-19,-0.08382363,0.0012690517,0.0018099796,-0.0013150017,0.0,-0.0077844784,-0.0042427653,0.0007576615,-0.00068301766,-0.008040395,0.004370571,0.004391042,0.007565591,-0.010092041,0.056408115,0.062577344,0.030559842,-0.006493581,-0.0070716124,-0.015985461
2013-03-20,-0.019681541,0.024028536,0.014791716,0.00808942,0.012538271,0.003565573,0.007446932,-0.0036179447,0.010055627,0.008880211,0.00091350556,-0.0047879317,0.0022475587,0.0024513472,0.0051845396,0.014612873,0.0019388922,0.0056024147,-0.0047087595,-0.006404721
2013-03-21,-0.045333218,0.0015044101,0.0024322937,-0.03129838,-0.009853176,0.013960659,0.017580692,0.0009111231,-0.0006158442,0.006080109,0.0068120915,0.02338632,0.0051052803,0.008269103,0.0025555557,0.010574276,0.032648765,0.010853768,0.02190492,-0.03656656
2013-03-22,0.0073082196,0.005660238,0.010018707,0.011697628,0.01988565,0.009540257,0.006601317,0.008434691,0.01070271,0.013932409,-0.008060559,-0.0002725309,0.003932984,0.004438185,0.0018922733,0.0045253024,0.0053881314,-0.00046324966,-0.009409115,0.010095852
2013-03-25,0.07251958,0.0063588135,0.010843485,0.0009738516,0.0044176253,0.016799841,0.0070774937,-0.0021478494,0.01717016,-0.0018227476,0.019632306,0.011005532,0.00068605156,0.00482762,0.01253866,0.005056214,0.0043431125,0.0022468842,-0.00015388342,0.0030288578
2013-03-26,0.03014032,-0.00072802615,0.0057781627,0.008170797,-0.0029195088,0.006264918,-0.007928154,0.011730235,0.0035698062,0.01093671,0.0031791038,-0.0118678715,-0.0013091483,0.002333871,-0.03081367,0.003623385,0.024321225,-0.008146998,0.03273625,0.001781095
2013-03-27,0.0024293317,0.0060522975,0.002888813,-0.013886131,0.008064583,0.0,0.01175424,0.00071401335,0.008465181,-0.005520401,0.009088646,-0.0007987764,-0.003997781,0.0069974507,0.012472345,-0.0033552295,-0.0037749151,0.001045111,0.014396229,0.0033764625
2013-03-28,0.00019096996,0.004758469,0.008048695,-0.0014172947,-0.0039105145,0.0142814955,0.0018374498,-0.0032391956,-0.007829029,-0.020659221,0.005676301,-0.002976295,-0.008670011,0.0014296065,0.008890149,-0.0014932448,-0.005858777,-0.010874331,0.022083763,0.0071348017
2013-03-29,0.041534763,8.34888e-05,0.028892612,0.014230789,0.0025434124,0.012577063,0.0049880533,-0.017853254,0.005451449,-0.0051883636,0.006160524,-0.00034960234,0.0,-0.013267813,0.02567672,-0.03636174,0.00224253,0.00011076676,-0.0133694615,-0.01065446
2013-04-01,0.0011244484,-0.004887301,-0.0097951265,0.0024969932,0.0040253745,-0.00903088,-0.0091098575,-0.033322796,0.0015992586,0.0006058288,0.009928289,0.008776759,0.009634362,0.01893879,-0.001027451,0.018756477,0.004037209,0.005352227,0.01636399,0.019802997
2013-04-02,-0.005623758,0.00026030355,0.010550269,-0.010622911,0.0018218217,-0.007965961,0.011624374,0.02004403,-0.0041699056,-0.031283326,0.019392064,-0.010560634,0.0031801253,0.015529793,0.008053751,0.012629783,0.020764163,0.015469142,0.012227925,0.010897607
2013-04-03,0.014770112,0.0014835593,0.010898461,0.023707125,0.006924635,-0.0053094653,-0.00023492573,0.019172544,-0.00589346,0.0049649393,0.011321623,0.034342427,-0.0010805685,0.003328135,0.012357205,0.0047029313,-0.003425268,-0.0038788198,-0.006491642,0.0023424816
2013-04-04,-0.014048093,0.016327538,-0.0003100841,0.0020439532,0.0013187305,-0.012257395,0.00043614788,0.038360883,0.0015967931,0.021996764,0.03146994,-0.00933577,-0.016961923,0.0022491943,0.0011530881,0.0053683626,0.04283383,0.017210854,0.00079321995,0.019559465
2013-04-05,-0.0018627297,-0.19225171,0.003470972,-0.01080105,0.008013662,0.01318028,0.0,-0.0015408574,0.015861377,0.009640832,-0.018481903,0.016251804,-0.009015166,0.013228872,0.006115525,-0.001440041,0.009539438,0.0062799393,0.005747486,0.012017694
2013-04-08,-0.009461331,0.023351772,-0.0020713331,0.02049279,0.0050931107,-0.0007813026,-0.00024801216,-0.00015304387,0.0062626954,0.0026021737,0.018014884,0.012687232,0.00049797,0.009729224,0.011581967,0.0021814802,0.037109364,-0.0017259892,0.0026503725,0.008113862
2013-04-09,0.006697074,0.031289853,-0.009606262,-0.0011179354,0.007525004,0.00039526145,0.009204824,0.0048935874,-0.011254213,0.020246558,-0.015472578,0.019788818,0.03880133,0.0037295835,0.0005488562,0.016455274,-0.004110067,0.012240722,-0.031470954,0.0050678207
2013-04-10,0.01261833,-0.00480782,0.011172474,0.0,0.0044099535,-0.0031580483,-0.03805344,0.019870982,-0.009876216,-0.0039361324,-0.0062771905,0.0035296476,-0.07107002,0.0038681773,0.008540051,-0.0002761676,-0.01258409,0.003447875,0.0085149165,-0.010979479
2013-04-11,0.005438073,0.010231464,0.010034247,0.009882196,0.010458237,-0.0020262394,-0.0370502,0.0,0.0054831165,-0.034407783,0.010886471,0.010112479,0.0028805546,-0.0016603403,0.0024990877,0.0,0.0067786826,0.0033796774,-0.00017801138,0.007538681
2013-04-12,0.0022458266,-0.0043684975,0.008464743,0.0041757883,-0.01760096,0.0055162166,0.02512151,0.004611727,-0.0092801275,-0.0030670424,0.0099626975,-0.005204627,0.008480089,0.008053806,0.0058360416,0.009874778,0.060549706,-0.003388381,-0.0069759907,0.007949671
2013-04-15,-0.013380357,-0.0008096461,-0.006167359,-0.009890406,0.007460865,0.00116975,0.051778756,-0.013549881,0.05563796,0.0073260115,0.047822867,0.005968047,-0.11421124,0.008652629,0.004021242,2.8450322e-05,0.005363392,0.006857026,0.019216018,-0.013896581
2013-04-16,0.02054789,-0.0045746067,-0.002642689,0.0031134905,0.0,-0.0028255992,-0.011112329,-0.0020178547,0.009214215,0.011163974,0.0003387527,0.009200444,0.010031762,0.0,0.011965171,0.0003707141,0.0074507133,-0.0062592253,0.0040588044,-0.00045425686
2013-04-17,0.0059191813,0.005028741,-0.00297575,-0.054428697,0.0009997536,-0.0014873402,0.01282676,-0.0034113454,0.01100526,-0.066242374,-0.024722269,-0.007633859,0.028292453,0.00045886633,0.00890333,-0.0007523406,0.015350787,0.02220794,-0.0015036301,-0.025456484
2013-04-18,0.0,0.017572055,0.0030560517,0.06991731,0.012824077,0.025495743,0.0018571867,0.038928974,0.11687827,0.034314547,0.013111154,0.01632054,0.0,0.00092704786,-0.0029731554,0.007031003,-0.002059994,-0.014244807,-0.0057226378,0.011721164
2013-04-19,-0.0016252341,0.0007864546,-0.0058361134,-0.021154383,0.0049037766,-0.005235567,0.0,0.009224559,-0.0029493102,0.00023402422,-0.012114011,0.0015427348,0.0003993443,0.009094727,0.0053595696,0.0060427533,-0.0026464937,0.00043248342,-0.010081849,0.019166488
2013-04-22,-0.00033040016,0.010142009,0.0011877142,-0.0018131505,-0.024683686,-0.008036679,0.0057702367,-0.013057706,0.021013565,0.0047706473,0.012237806,0.0032407537,-0.005509562,-0.0062712827,0.010918296,0.009000136,0.0100484975,-0.0030818298,-0.0100641735,0.0033899536
2013-04-23,-0.0083662905,0.0061874115,0.0027270566,-0.008015355,0.012495613,-0.0015472056,-0.01183702,0.015442977,0.006077384,0.03831243,-0.000832635,-0.0020288883,0.015583426,-0.0049200775,-0.0060398225,-0.003247786,-0.029743647,0.0018690848,0.011247464,0.0054795183
2013-04-24,-0.20972359,-0.0093410965,0.002390897,-0.010790566,0.008076632,0.006313521,-0.0019830992,0.0,0.0034267148,0.005204766,0.0,0.000855094,0.013153796,-0.0039395085,-0.0021576674,0.003909053,0.013994975,0.0027002527,0.011412113,-0.0033914868
2013-04-25,0.012303936,-0.04187442,0.0025682612,0.04040711,-0.007842221,0.017161425,-0.010306738,0.0072961245,0.014198522,-0.01842493,2.1635102e-05,-0.008823392,0.0025155884,0.017125577,0.011694444,0.010402208,-0.03521112,0.011467329,0.03304766,0.0077904165
2013-04-26,-0.009832188,0.09186967,0.0,0.03940717,0.018447878,-0.011209943,0.0152176805,-0.016684247,-0.07342073,0.0348315,0.004367169,0.007467177,0.009362132,-0.0119271865,-0.004958562,0.0020568483,0.13279974,0.0051682573,-0.004640266,0.013969375
2013-04-29,0.0151703935,-0.114370964,0.005266284,0.051411893,-0.0013672983,0.004190952,0.0011541978,0.00903296,2.43639e-06,-0.0097190095,0.054597553,0.010214785,-0.0006421437,0.005125151,0.010528147,0.0004572536,0.003440898,0.006607765,-0.0020653596,-0.0007220758
2013-04-30,0.03478259,0.0016222759,0.008701945,0.020200683,0.00015143708,0.0070426464,0.004294435,0.009973446,0.0068113934,-0.0316618,0.0019944892,0.014396096,0.0008763705,0.0027017866,0.003946992,-0.00017915931,0.01628077,0.00093801174,0.054455895,0.00045148953
2013-05-01,0.028967476,-0.0046581016,0.0042710365,0.016769225,0.010353473,0.008178341,-0.013146551,-0.0066064424,-0.0040509915,0.004555664,-0.00082571286,-0.002653768,0.0,-0.0028342018,0.0018356284,0.0037272233,0.01719575,0.0060624825,0.025903746,0.0194242
2013-05-02,-0.0080966,-0.007234171,-0.009762708,0.0016802532,-0.0043231244,0.00681399,0.009311271,-0.017582241,0.012715094,0.019480864,-0.0042196573,0.0008339446,0.009934459,-0.0016736521,-0.0048320564,0.007959353,0.004420834,0.0022566435,0.0064896056,0.009166768
2013-05-03,0.016233878,0.00040927104,-0.0021276958,0.004123839,-0.013519933,0.0,0.00969966,0.012058082,-0.015675962,0.011688864,-0.0195827,0.003883584,-5.9450114e-05,-0.0019979735,0.006600174,-0.004637406,-0.022885008,0.0077522835,0.00013943137,0.0056001386
2013-05-06,-0.015212811,0.06200393,-0.0009906744,0.024312863,0.00750512,-0.0011721186,-0.0010531083,0.0037996324,0.020412702,0.00048288872,0.009040375,0.0028698219,0.004854862,0.007865823,-0.037947956,0.01054546,0.015981365,-0.013418023,-0.037026286,0.019793231
2013-05-07,-0.007222496,0.03897845,-0.0036292912,-0.011507779,0.017579101,0.009050941,0.001010662,0.004058441,-0.0077069188,-0.0059726117,0.0076319934,0.0067362865,0.008161573,0.00019597168,0.0028506517,-0.002360216,0.009941127,-0.0059091756,-0.13840932,0.0060344297
2013-05-08,0.010961367,0.027429989,0.003666169,0.024847876,0.015304354,0.0032833456,-0.007395172,0.020040615,-0.0076512606,0.0032037518,-0.0009114706,0.00812759,0.009075669,0.00686904,0.018214883,-0.0042892997,0.008610905,-0.0062734564,0.0028132314,0.0039285235
2013-05-09,0.005413212,0.0,0.0088375565,-0.010516976,0.008664603,0.003937592,0.005205486,-0.00079073163,-0.0061833113,-0.022700688,-0.0074199894,-0.0016475416,0.0059904666,-0.0015956832,-0.005741598,0.0061040083,-0.00047525464,0.012537748,0.04059232,0.0006140548
2013-05-10,-0.051567614,0.002255018,-0.0013437994,0.0038651037,0.0053699436,-0.005980835,-0.012950436,-0.0034307435,0.0006948805,0.0081694145,-0.012598776,-0.0009860431,0.008167635,0.0136888875,0.02148728,-0.0031047657,0.025496088,0.0,0.005901126,0.0
2013-05-13,0.010814191,0.0023343246,0.0,-0.016712062,0.01619083,0.0046300287,-0.010394856,0.0012785489,-0.05252687,0.015867487,0.05904139,0.0015362676,0.0061225165,-0.0073769847,0.0022747144,0.0015745608,0.0017257002,0.014754766,-0.000468952,0.0015051719
2013-05-14,0.005674884,-0.00878895,-0.0017453599,0.005586618,-0.0016090451,0.009057192,0.0070787063,0.010159276,0.00269476,-0.00079080113,-0.0020449478,-0.006154486,-0.0021350298,-0.0039712116,0.009131881,0.008907745,0.0,0.005271931,0.008145765,-0.01319897
2013-05-15,-0.017789295,0.008110549,0.009362087,0.008789293,-0.0042552473,0.0052073975,0.0037180874,0.0054679974,0.099758066,-0.0002921363,0.0025918647,0.009612817,0.010227732,-0.009410757,-0.0052975756,-0.007536835,0.006591913,0.010128635,0.0036018929,0.0071010054
2013-05-16,0.026043275,0.0042553823,-0.014089572,0.006101786,-0.0038186228,0.0063839685,0.014160105,-0.0006544779,0.035400428,0.033386253,0.02313877,-0.0036413958,0.009650923,0.015688801,0.0102243405,0.029147614,-0.02079288,0.0012813286,0.0022631674,0.029829623
2013-05-17,0.0053841295,0.008077363,-0.007041172,0.00096891477,0.0038177862,0.007102449,-0.012763268,-0.0031836247,0.0133535415,-0.028472632,0.015396344,-0.010458807,-0.0078083477,0.011171403,0.0059268945,0.026082119,-0.0013635531,0.00085722475,-0.01248539,0.0021746121
2013-05-20,-0.017184494,0.15225694,0.00087208545,0.005404006,0.0045210193,-0.0032288204,-0.009563985,0.0062678815,-0.002905786,0.013894772,-0.024904404,0.0033506993,-0.006747255,0.022120098,0.011966447,0.005363052,-0.005112945,0.0061799274,0.019777166,0.00061705575
2013-05-21,0.0117225805,0.014282919,0.0004643992,0.0038136921,-0.026228914,0.001502133,0.0073948777,-0.008038432,-0.025008054,-0.008587562,0.011336504,0.01086679,0.0009266617,-0.018599408,-0.008815582,0.0044814437,0.0048270207,0.0036290982,0.010710728,-0.0124398405
2013-05-22,-0.0031500065,-0.0037689593,-0.0071283453,-0.012528982,0.004242995,-0.0024507756,0.02737606,-0.002977217,0.009640698,0.016457824,0.012954235,0.009078746,-0.024750756,0.0012799223,0.008006682,0.0029069665,0.0033225403,-0.005988193,0.006895267,0.014041976
2013-05-23,0.011952411,0.032115832,0.0026686452,0.015945714,0.02060208,0.0032918893,0.01656294,0.010910925,-0.007033485,-0.0067257653,0.0,0.007846017,-0.033362065,0.012283883,0.005768389,0.014338352,-0.0033199915,-0.007839781,0.0030717878,-0.014915691
2013-05-24,0.0066373833,-0.01627982,0.008216184,-0.007721836,0.011284964,0.0034371784,-0.0019066433,0.0028867712,0.09658217,-0.00496997,0.037448276,0.005380609,0.012374038,0.00891674,0.0037445815,0.0038328113,0.029901072,0.0018008605,0.005384987,-0.010494963
2013-05-27,-0.0011829368,-0.0031145513,0.007342403,-0.0041679638,0.0008545176,-0.00073450257,-0.007974869,0.0043741344,-0.043073412,0.032131214,0.009961415,0.010844123,0.015982263,-0.005619463,0.0032229875,-0.005103213,-0.008203308,-0.0026285846,0.0012601305,0.024860295
2013-05-28,-0.015446054,0.008855238,0.0030707745,0.007949443,0.036744714,0.00034219102,0.025230756,0.039865084,0.0052671614,0.0084862355,0.007440743,0.0101631135,0.011844199,-0.0016221108,0.0074300184,0.002789361,0.010200194,0.01197649,1.695782e-05,-0.015824627
2013-05-29,0.0079652425,0.0155420415,0.014729473,-0.00805182,0.006701843,-0.00029364397,0.0021354738,-0.006545863,0.040658917,-0.018027542,-0.007477205,0.01279701,0.0043542786,0.0052789347,0.0070564174,-0.0097676,0.010227207,0.0030945244,0.0010913366,0.034015726
2013-05-30,0.0048368433,-0.013203233,0.0019842628,0.032930676,0.038535673,0.0053013787,-0.004060759,0.0048698424,-0.049597688,0.008526011,0.0038151946,-0.0032900434,0.0001287967,0.0023750316,-0.009787931,0.00017418935,0.14651842,-0.008995848,0.010260814,0.013240993
2013-05-31,0.0017812554,0.0038846908,0.0022588864,0.008652511,-0.0068290643,0.0010248281,-0.0035799202,0.00604249,0.00951391,-0.014610692,-0.0050447937,-0.0012019074,0.010669573,0.009984088,0.01721782,0.013390755,-0.008210049,0.006571134,0.0074749254,-0.010741001
2013-06-03,0.012779868,0.038855128,0.008045911,0.006423101,-0.036413237,0.008326402,-0.008788592,-0.005307307,-0.09896423,0.0025045092,0.002318963,0.0016093625,0.0057665072,0.009542253,0.00094142056,0.00039653043,0.010634662,0.006889883,-0.0021941317,0.13435666
2013-06-04,0.0,-0.0018801362,-0.003512112,-0.005606144,-0.0007249783,0.0044227233,0.00834224,0.008862167,0.02141848,0.020029513,0.005392663,0.00090869406,0.005511253,-0.0029810122,0.0057311514,5.415957e-05,-0.009305999,-0.0020298064,0.002942685,0.0026284629
2013-06-05,0.011719481,0.014844558,0.005110782,0.02364572,0.015031233,-0.0007381749,0.0064887265,0.0059160166,-0.0049681654,-0.001988382,0.0028814622,0.01380944,-0.014912707,0.0,0.0057738847,0.005638775,-0.005254087,-0.0025135009,0.015124565,0.013302878
2013-06-06,-0.00026248148,0.008031223,-0.010013709,0.0010438774,-0.0026911823,0.0033610766,-0.015869476,-0.0025791652,0.016692089,0.014120585,-0.002282936,-0.009314693,0.015491837,-0.0018180319,0.009317413,-0.011992716,-0.029364021,0.014866472,-0.005514105,-0.030824298
2013-06-07,0.0026817848,0.00022951412,0.019793784,0.0046869954,-0.0050437506,0.0,0.00608865,0.0,-0.0017114657,0.009999748,-0.00074373925,-0.011214348,-0.0065630185,0.0080419015,0.0082310345,0.010858967,-0.0019180673,-0.00079073006,0.023381589,0.011957583
2013-06-10,-0.0027318273,0.010953435,0.0,0.004059927,4.6885293e-06,0.0022554225,0.0,-0.00047208433,0.007761947,0.009304592,0.0056735897,-0.0073608896,-0.0026474425,0.0,-0.0030476977,0.006782546,0.008312629,-0.00041567648,-0.033767562,-0.020169068
2013-06-11,0.00069546833,0.015961364,0.0065300176,0.01910116,0.0076997792,0.008054392,-0.00274778,-0.0013960553,-0.023160562,-0.006604152,-0.0020356912,0.007270216,0.001476945,0.0,-0.006583986,0.025476484,0.017144864,-0.0014631252,0.0024872457,0.010160046
2013-06-12,0.005439892,-0.0018305376,-0.0027093918,8.140514e-05,0.018190654,-0.00036382905,0.083439335,-0.00043351285,0.0039020886,-0.0017238089,-0.043762725,0.017642543,-0.0056420085,-0.0045678825,0.015849644,0.0033880954,0.0069528962,0.0056238365,0.069402866,0.0098719
2013-06-13,0.0025376924,-0.03686285,-0.00013673556,-0.0030047006,0.02772576,0.0,0.0069146976,-0.0016558624,-0.037123878,0.0020782205,0.031937577,-0.0025581655,0.03684697,0.008461207,-0.0060693426,0.013083257,-0.003673754,-0.0075974264,-0.0010368839,0.012620152
2013-06-14,0.012417269,-0.012709492,-0.00039575028,0.029429698,-0.029888561,9.815782e-05,-0.008565711,-0.039720975,0.013554816,-0.0007937996,0.0057056956,0.0017956384,0.0010463122,-0.0090697305,0.003060523,0.002594274,-0.001308611,-0.008584929,-0.002556015,0.010250315
2013-06-17,0.0055613113,0.0014763051,0.0067920946,0.0017281448,0.013661339,0.013044425,-0.017575407,0.017151248,0.0020006706,0.013489671,0.018197197,0.0056790183,0.0016202072,0.0011118675,0.003868079,0.0029256297,-0.0016096848,0.009271454,0.00902475,0.0028660146
2013-06-18,-0.005534103,-0.0071751405,-0.005478235,-0.011654791,0.010890603,0.0013925732,0.0153714195,0.005965421,0.0068074265,0.0014059145,0.012773746,0.0046022525,0.014197859,-0.0037321015,0.009360782,-8.818621e-05,0.005494096,0.06419995,-0.0053670295,-0.012695644
2013-06-19,0.014932486,0.0,0.006680724,0.023894684,0.017193964,0.0029255399,0.0012568904,-0.0021774888,0.004753051,0.010576147,-0.0005297216,0.0021035096,0.0018167386,0.009486679,0.00040593254,0.0016462776,0.006092517,0.009942835,0.0,0.0022963488
2013-06-20,-0.0026135915,0.015252218,-0.0014294095,0.011435871,0.009545126,0.00037973427,0.005805099,-0.021648977,-0.08865039,-0.0077464464,0.0097011095,0.006296669,0.006360498,0.0066238143,0.0,0.0016618278,-0.14221632,-0.013260084,0.003307573,0.0038476319
2013-06-21,0.0035518224,0.023748355,0.0074417517,0.007431964,0.00747452,0.0,0.008855016,0.0,0.018883094,0.007458292,-0.103269264,0.0138668595,0.011585925,0.008798921,0.005102783,0.007899682,0.048127268,0.0,0.0005377952,-0.007914846
2013-06-24,0.008802093,-0.0030259446,0.0075324955,0.001978816,0.00012899151,0.004322548,0.010881989,0.018335782,0.0069899727,-0.0044780443,0.006873572,-0.0021680165,-0.053223304,0.014482328,-0.00025774955,0.00520069,0.053260043,-0.01042756,-0.02510925,0.023520786
2013-06-25,0.0,0.009606944,0.0076049916,0.009739983,0.011741046,0.0010238974,0.0038917756,0.011851365,-0.0027464791,0.004763328,0.023070842,0.007073048,0.011938328,-0.0042353305,-0.0079730395,0.0042847483,0.034394342,-0.0073562814,0.012702679,0.007457741
2013-06-26,0.0037584035,0.01253602,-0.002819256,-0.0063075377,0.007969164,0.0026950631,0.009224525,-0.0054388246,0.0042967326,0.014680489,0.041254655,5.274674e-06,0.0024667715,0.011846417,0.015667243,-0.0013252866,-0.003749948,0.0,-0.00057116774,0.01054103
2013-06-27,0.010488375,0.009684656,0.0070501855,0.010971417,-0.006920629,0.0059599425,-0.008655655,-0.002876731,-0.0007057791,-0.0008357345,0.0059649246,0.0036483253,0.0007955448,-0.002672021,0.0026212905,0.003847325,-0.074993275,0.017162196,-0.0028227782,0.016392345
2013-06-28,-0.014260233,0.035921883,0.0061148927,-0.010232554,-0.000117780066,-0.0037998664,0.019588942,0.013060887,-0.0086261025,-0.12022633,-0.0035520191,0.005241126,0.006587456,0.0004494066,-0.0019960313,6.859444e-06,0.012438387,-0.0024377524,-0.00090320205,0.024049303
2013-07-01,0.0032540602,-0.0015238463,0.0016557943,0.0036344358,0.01588246,0.0022572775,0.02424446,0.004278988,-0.0011219814,0.0013784941,0.01822108,0.010059638,0.019817015,0.004701331,0.0018560928,0.005554727,0.027346518,0.008706047,0.010207285,0.011735353
2013-07-02,-0.02569564,0.0018980938,-0.008083047,0.0010289919,-0.004891097,-0.0014444713,0.0022395388,0.007744392,-0.0148441065,0.012893076,0.007428143,0.014313854,0.018240945,-0.012724517,0.0,0.0046558455,0.011256041,-0.013905317,0.0074867364,0.007594691
2013-07-03,0.0008204423,5.064387e-05,0.0129718,0.025504235,0.011286084,0.0,-0.014927562,-0.008332573,-0.0049545728,0.002058835,-0.002115674,-0.013165024,-0.04788467,0.004188848,0.008473265,-0.0011335996,0.008047261,-0.021343585,0.0066233086,0.0084482785
2013-07-04,0.009369469,0.015985023,0.009219916,0.0139035415,-0.019761734,-0.012759612,0.0,0.0033695758,0.0060209837,0.007251232,0.011151084,-0.0025720582,0.0,0.015726814,-0.0020282217,0.0027113713,0.014629695,0.0027720344,0.010252624,-8.08635e-05
2013-07-05,0.013159985,-0.0035074193,0.0097912075,-0.010362232,0.005602128,0.00071698683,-0.0027120633,0.0024762158,0.001610801,0.0023100101,0.005748206,6.485698e-05,0.04023513,0.0022496826,-0.0037546468,-0.011962386,0.009251139,0.005504115,0.010089809,-0.02033318
2013-07-08,0.0027462214,-0.008696697,0.00643863,-0.0034537981,0.025134796,-0.0037163522,0.00531711,0.0094500175,0.042157266,0.0026328086,0.0067186216,0.014888085,-0.015334953,-0.014064422,0.0017529124,-0.007400362,0.007931732,0.014713707,0.010212312,0.0013711697
2013-07-09,-0.00053141825,0.008280286,0.0006926596,-0.0043838336,0.004374453,0.020281687,0.0030386606,-0.0002032112,0.011240022,0.0007757576,-0.001324555,0.009902876,-0.004894615,-0.0025250183,0.009820718,-0.01089754,-0.02201863,-0.0035041806,-0.0049753264,0.009540122
2013-07-10,0.012561214,0.008102228,-0.006163049,-0.0023010825,-0.0026970655,0.01597586,0.004038806,0.006932249,0.00034310902,-0.005207838,0.009505611,-0.0021441684,0.00810847,-0.010294054,0.0022548449,0.012816029,0.0070368405,0.013422831,-0.0030226465,-0.0068364567
2013-07-11,0.04090952,0.016241916,0.017507367,0.005196978,0.007995885,0.0006657304,-0.009709027,-0.0024893316,-0.0025987057,0.010756269,0.005099215,-0.0057492666,-0.0045919945,0.013067772,0.011115903,-0.00946592,0.0053283074,0.006727284,-0.0074500446,0.018836912
2013-07-12,-0.014499437,0.0,-0.006596704,0.0027706043,0.0024612038,-0.0073754364,-0.0037789198,0.0024416193,0.009826065,0.0,-0.0018195757,0.011177393,-0.014187434,0.014402746,0.0042773755,0.008893853,0.005296436,0.024735983,0.007497965,0.023014193
2013-07-15,-0.00027222175,-0.012343582,0.0068866084,0.010588491,-0.0014855545,0.0033204625,0.0060440516,0.0029423814,0.010445779,0.004500726,0.009908179,0.013817352,0.0060461913,-0.0050397483,0.007013858,-0.00055433833,0.02768746,0.0096534705,-0.0005880882,0.01010604
2013-07-16,0.009342506,0.012437069,0.008571903,0.0011552395,0.0050108074,-0.0065258355,0.010183684,-0.005378591,0.00023898916,0.0,0.015452148,-0.0030159648,-0.0023204365,-0.0030138036,-0.0023234643,0.009883857,0.0019883353,-0.008599239,0.001552322,-0.006946082
2013-07-17,0.0104256,-0.016366908,0.015628519,-0.008479155,0.0026351013,0.0056728143,-0.02691724,-0.016454335,-0.001703526,0.010856112,-0.000183376,0.010598962,0.025146393,0.0044564195,-0.0032565258,0.006326414,0.001262591,0.0,-0.018390194,-0.005040189
2013-07-18,0.0054134424,-0.009707591,0.008018081,0.011298829,-0.0057483236,-0.0030619653,0.06549338,-0.0027190028,-0.0023439059,-0.004240328,0.0142096905,0.020588132,-0.004039232,-0.013638059,0.0,-0.0006373282,0.00015473347,-0.0034823292,-8.20802e-05,0.00847953
2013-07-19,0.020911286,0.0013759458,0.0,0.0081312945,-0.011476701,0.011052146,0.02660671,0.005502086,0.034624975,0.012467696,0.031637665,-0.009736812,-0.0008897964,0.0069085755,0.006334908,0.010123026,0.0059212334,0.0011808826,0.026506096,0.004453611
2013-07-22,0.015563649,-0.0024957778,0.0049639475,0.011247281,0.0020376318,0.0046425727,-0.002135163,0.0022721337,0.008490052,0.006473863,-0.0037721859,-0.0068847938,-0.0025508166,0.00077600987,0.006657809,0.008864898,0.0037745854,0.00773087,-0.013627993,-0.0003133214
2013-07-23,-0.0006034178,0.019066349,-0.0064860997,-0.00066766166,0.0062732976,0.0,0.008596705,-0.0006680313,0.0022442292,-0.0023956709,-0.0020833653,0.012255969,-0.0062622726,-0.009781519,0.011249386,-0.0015779245,0.002936324,0.0028860013,0.00937256,0.00097305205
2013-07-24,0.0,-0.020803442,-0.009112255,-0.0077724205,0.0087683005,0.00577658,-0.006890862,0.0014416929,0.010918733,0.00825732,-0.12051693,0.0073769605,-0.018927453,0.0054035443,-0.00384753,-0.001282857,0.010159541,0.00037900283,0.009987537,-0.0018362037
2013-07-25,0.006158894,-0.009773774,0.0039197234,-0.0017087944,-0.004516355,0.004103926,0.020603435,0.002417461,-0.0048615234,-0.0004831641,-0.020550895,0.013720879,-0.056594163,0.0020068074,0.006858056,-0.010913574,-0.005462784,-0.0061034136,-0.0013440092,0.009683521
2013-07-26,0.0020916823,0.009365877,-0.010836982,0.002767938,0.0048744525,-0.005351719,0.0,0.0032420682,-0.0132202795,-0.0024821926,-0.008069019,0.0016656207,0.0072948616,-0.0001658597,-0.007827422,0.0,0.011681658,-0.016898185,0.008001985,-0.010507077
2013-07-29,0.01403935,0.020177836,0.0042296294,0.011169268,0.0063917353,0.014239106,-0.0013072937,-0.0044270726,0.010267318,0.01500812,-0.020855473,0.0006856542,0.023238378,0.015745696,0.003866201,0.011967884,0.0065236352,0.0043780953,0.005807056,-0.000740411
2013-07-30,0.0017958407,-0.005518764,-0.011138889,-0.008637312,0.00013061092,-0.007966214,0.0075196186,0.0044808444,0.00040182532,0.0024480636,-0.021368777,-0.0030282328,0.0034022413,-0.0076812482,0.0,-0.00027542232,-0.003174772,-0.0016146018,-0.021158539,-0.006312488
2013-07-31,-0.019051097,0.0066010337,0.003876053,-0.0016089847,0.0033538183,0.0037020366,-0.0019900664,-0.0021474578,0.0,-0.013392204,0.0135861635,0.0071778623,0.012267589,0.00924652,0.013192524,-0.0019141665,0.006073739,-0.0066205044,-0.0058971406,0.018993562
2013-08-01,-0.011452861,-0.010586237,-0.0030301423,-0.009075684,-0.010100192,0.005990883,-0.006908619,0.00087063626,-0.002303118,0.008207602,0.00093014946,-0.009256129,-0.012717519,0.00079911936,0.009209067,-0.0032800701,-0.008069446,0.025152294,0.014305072,-0.019611882
2013-08-02,-0.007025339,0.00073985534,-0.0026702331,-0.005770141,0.010639887,-0.007027151,0.0086648585,0.008482878,0.006816655,-0.01556133,0.014969384,0.008874045,0.020355001,-0.00894522,0.0061832992,0.0016860653,0.0,0.0023869532,0.0021916456,0.0018568506
2013-08-05,0.018875094,0.0058202674,0.009227686,0.013410005,-0.00034033097,0.0035559388,-0.0016729854,-0.019760558,-0.012260357,0.0056531867,0.00646071,0.0031341026,0.015170493,-0.010866957,0.0007779552,0.007312572,-0.005513759,-0.040388536,0.00080312596,-0.004521579
2013-08-06,0.015798032,-0.023087502,0.012675113,5.7616133e-05,-0.008618862,0.009081215,0.0038814407,0.017435096,0.007301176,0.007964922,0.00944848,0.017891478,-0.00016776517,0.018220514,0.004421362,0.004834197,-0.008022047,0.03548546,4.7010155e-05,-0.0003620363
2013-08-07,-0.038652733,0.008930318,-0.013013257,-0.007925039,0.00091791246,0.011747325,-0.0023369896,0.0022031362,-0.014933186,0.0054278392,-0.024403762,-0.012490127,0.039624173,-0.0066362927,-0.015619894,-0.0019767203,-0.007825162,-0.0066288677,0.008172017,-0.013175196
2013-08-08,0.0016893259,0.00980223,-0.055657264,-0.0116225025,-0.015859304,-0.021281183,0.0044188118,-0.0066243713,0.00870956,0.0009398301,0.0070258887,0.010389946,0.01978576,-0.000265564,0.010135417,-0.00079860754,0.010074601,-0.010357865,0.0060782596,0.016138501
2013-08-09,-0.0025080212,0.0073372056,-0.018760528,-0.002016284,0.006811669,0.016988765,0.00096507015,0.0028954896,-0.0054732426,-0.010269961,-0.0048826695,-0.026298258,-0.012439077,0.023749875,-0.0057102917,0.0019135886,0.015626246,0.017236799,-0.0034057542,-0.0017294589
2013-08-12,-0.021774737,-0.00763071,0.0017639856,-0.0044594025,0.006019079,0.0076995157,0.0009414406,-0.020709217,0.017209413,-0.005140746,0.011576975,0.0022453496,-0.01153102,-0.010474014,-0.0053874636,0.0073162382,-0.0008721198,0.014090519,0.0066551683,0.0016008042
2013-08-13,0.01341338,0.00057428336,0.0028772275,-0.016258365,0.0016082464,0.00045802112,0.0060880193,0.008537874,-0.008573305,0.0049754335,-0.0037645516,-0.0020359438,-0.11942735,0.008003333,0.0034858058,0.0025130298,0.02054772,0.008357933,0.011959195,-0.005923911
2013-08-14,0.018953381,-0.00023338865,-0.010559652,0.03188182,-0.00037575804,0.008641277,0.035825122,-0.003563374,-0.009451308,-0.009709157,-0.009246647,-0.019069849,0.00253009,0.009260061,0.004952299,0.0,0.014886515,0.0076344893,0.018221632,0.013273054
2013-08-15,-0.01633743,-0.008707773,0.020219335,-0.0038881956,0.0,-0.014527679,0.01391533,0.0,0.0053172014,0.0015032294,-0.007870002,0.021743663,-0.01631106,0.0,0.009052536,0.006057719,0.0019306046,0.006725191,0.0068942513,0.0009794617
2013-08-16,0.0010938103,-0.0020241183,0.0063150614,0.019945819,0.00923215,0.0062885517,0.008160781,0.011487005,0.013653149,0.0076996516,0.05822832,-0.002121091,0.041953333,-0.0022050228,-0.0020059114,0.035049602,0.01397113,-0.011907151,0.0055166627,-0.013514707
2013-08-19,0.0,-0.026313726,-0.031445913,-0.017094266,-0.005137267,0.00970917,0.017218977,0.005788216,0.0058078887,0.011448388,0.0004012324,-0.006421049,0.030700983,0.017170774,0.019745097,0.0034493986,-0.038002823,0.010949496,-0.0003589849,-0.043076146
2013-08-20,0.017178673,-0.00072385033,0.013831592,-0.009771672,-0.00425076,0.013108961,0.0077847433,0.0016671014,0.007464843,-0.010584662,0.032903794,0.019639282,-0.0042368495,0.008531163,0.00049835315,0.0018677865,0.010459466,0.010983799,-0.019124871,-0.0009099558
2013-08-21,-0.038653113,0.0037258656,-0.0035067836,0.008924566,0.027665282,-0.006179949,-0.008686568,-0.014565058,0.0016958863,0.0043630614,-0.11148986,-0.0008157898,0.03984862,-0.01784572,0.0076274755,0.005265234,-0.002177908,-0.008666846,0.017463235,0.009786757
2013-08-22,0.014882261,0.03824124,-0.089937046,0.011407677,-0.017141653,-0.0018582827,-0.0011502325,0.0053359377,0.0026292382,-0.005888015,0.014113085,0.01980872,0.013192742,0.013323756,0.009191702,0.0065882024,-0.00092172355,0.018290017,0.0011777862,-0.007873157
2013-08-23,0.0035254993,-0.00064839603,0.010258214,0.007860644,0.010939263,0.002304309,-0.0059385244,-0.0042057214,0.006515537,0.0097771585,-0.0016413291,0.004152746,-0.000106189415,0.0038200244,-0.0032565491,0.01422127,0.01089336,0.01254816,-0.003884073,-0.0059082215
2013-08-26,-0.011658398,0.007193139,0.042991202,0.011626416,0.0174812,0.002466834,0.010581275,0.0057690428,-0.005923886,0.00747548,0.00921151,0.014141354,0.008444471,0.00031632368,0.009513269,0.015583889,-0.0011760001,-0.0076365382,0.0115466975,0.012480334
2013-08-27,-0.0023315817,-0.008648057,0.0088250665,0.013893578,-0.010766773,-0.0026851364,-0.006852118,0.005767997,0.0018678834,0.011533872,0.0010717227,-0.014495769,0.048081666,-0.0041840402,-0.00097372336,-0.0057922015,0.0019488317,0.012231426,-0.0026127337,0.01681657
2013-08-28,-0.018345313,-0.030232647,0.04054517,-0.007652613,0.020059215,0.016828166,-0.01195017,0.01088082,-0.007898165,-0.0058281515,0.0015246203,0.001457209,-0.007849893,0.010387354,0.0030204016,0.0014851588,0.0102264825,0.0033472027,0.010771295,0.0031932814
2013-08-29,0.02346169,0.028334536,-0.0064535867,-0.0019594182,0.00039223497,-0.00013179208,0.002570948,0.0006439471,0.017060077,-0.006334628,0.006219222,-0.00048110343,-0.0019965412,0.0,0.0060344352,0.00953028,-0.08472169,0.0077462583,0.0026989274,0.0060561807
2013-08-30,-0.0023215723,-0.013794049,0.042120792,-0.007259633,-0.0047832113,0.0018727788,0.016359704,0.0045632906,0.0013084617,0.019616328,-0.008061779,0.0017912629,0.0059388173,0.0032739341,0.0038891765,0.0005866722,0.0002720187,-0.08850589,0.009550909,0.0053538447
2013-09-02,0.00644128,0.01593892,-0.013883909,-0.0075762635,-0.013298611,0.0,0.0020429078,-0.0047055064,0.0054349257,-0.00068411685,-0.022411907,-0.003118337,0.0038639691,-0.01012592,-0.010336076,0.0069742915,-0.018210035,-0.014511401,-0.00021236246,-0.016303863
2013-09-03,0.0,-0.00091307395,0.012662993,0.011456269,0.00026934608,0.0,0.015186797,0.010816064,0.009172499,-0.0048564286,0.008508051,0.0028372905,0.001282837,0.005908648,0.009467453,-0.009179975,0.010195645,0.012928068,-0.017062914,0.017199883
2013-09-04,-0.011056292,0.0032097755,0.021553574,-0.023622414,0.0075253313,-0.011920024,0.0033459188,0.0011481057,0.0097884135,0.009881063,0.0023311863,0.0030768134,0.00019622104,0.00052493473,0.0022465016,-0.0037756674,0.0,0.0060024364,0.023266392,0.0004122263
2013-09-05,0.024862202,-0.00021084366,-0.030696254,0.004379422,0.021873306,0.008756978,-0.0047144447,0.01490322,-0.009150586,0.013200074,0.01854883,0.0019519653,0.007436577,-0.00048655964,-0.006688814,0.010939048,0.008104819,-0.0037466472,-0.008021205,-0.011277318
2013-09-06,-0.03638807,-0.011631676,-0.005251522,0.006524737,0.0011818435,0.001978885,-0.002930441,-0.0017266073,0.0023295747,-0.0036158448,-0.1850384,-0.013296048,-0.015407406,-0.0032048633,0.00517322,0.00839181,0.005685382,0.013622552,-0.01847529,0.011688516
2013-09-09,-0.017998029,0.009811196,-0.0038078772,0.0015576034,-0.010194231,0.015977038,0.04801914,0.0,-0.009111634,0.008822274,-0.0014772882,0.011984554,0.0034519006,-0.0044157426,0.0069749006,0.011092102,0.0025088592,-0.009794304,0.0068479516,0.005916256
2013-09-10,0.0054457746,-0.048464306,0.0106525915,0.017318234,0.01087642,-0.0047089844,-0.013844949,0.0021676712,0.003995185,-0.004708924,0.042159192,0.00548809,0.0143129295,0.020091996,-0.00093058456,0.0029730108,0.018785832,0.017703954,0.01982412,0.0051183007
2013-09-11,0.007859335,0.008536071,0.0010409213,0.0,0.003529812,0.010830648,-0.002143602,0.011802728,0.0015948585,-0.009574576,0.0066805356,-0.00044942502,0.025004497,0.0,0.00061886053,-0.03857407,0.0067775617,-0.017834747,-0.015256173,0.008331386
2013-09-12,0.0101360595,-0.0074636135,0.038336366,0.017299892,-0.006439695,0.0023068003,-0.0006391387,-0.0013684508,-0.001753241,1.379766e-06,0.0,-0.0033480464,0.0019150785,-0.0028040304,0.005498962,0.0068095396,-0.029620182,-0.013768179,0.01095126,0.020304903
2013-09-13,0.021830315,0.007092605,0.013217638,0.0031733022,-0.01255199,0.0027755161,0.00998827,0.0026904177,0.008871625,0.0018813962,0.016227327,0.0027395857,-0.020282982,0.009447164,0.0044600223,0.0088948775,0.0,0.04741577,0.00097313616,0.0062343073
2013-09-16,-0.013449193,0.003819935,0.0032546679,-0.0054101073,0.011735108,0.0039466303,0.0,0.00850042,-0.0015391671,0.0016206781,-0.007928027,-0.003951667,-0.0033927087,0.013093251,-0.00043198955,0.0041738926,0.009205221,0.07235727,0.1045855,0.0019596417
2013-09-17,0.0027245479,0.0048812823,0.007869445,0.0,0.00019674456,0.0032416133,0.0019204105,-0.011384162,0.033702843,0.011855239,0.010554955,-0.0019835783,0.008892818,0.0061564604,0.008768883,-0.013966121,0.0,0.003398476,0.0,0.0050056456
2013-09-18,0.0007126,0.004320364,0.0075909067,0.008015547,0.007687077,0.0022155785,0.0062779775,0.002769606,0.0041423934,0.013596945,0.005244297,0.010959688,0.022222603,0.0034017684,0.009173178,0.00030672824,0.005317297,-0.008927963,0.03892576,-0.008874925
2013-09-19,0.0071103605,0.006051557,-0.0019289962,-0.0017442184,0.002295261,0.001409249,0.021938596,0.00029399619,0.009559145,0.0075173476,0.0024768347,0.009423786,-0.0046349997,0.003907052,-0.010495869,0.011434269,0.005571005,0.012415147,0.0108544985,-0.001489569
2013-09-20,0.00626427,0.0039167437,0.004979255,0.0077277995,-0.0059997863,0.008558352,-0.014067272,0.003442586,-0.009021419,-0.008027984,-2.2296155e-05,-0.003919471,-0.0048732962,-0.010625232,0.0035670705,0.0017055805,-0.0021483572,0.006262312,-0.0062136846,0.010915557
2013-09-23,-0.014548219,-0.0018104244,0.020833204,0.008067455,0.011138537,0.010116979,-0.0018684613,0.009228602,0.0049881274,0.0045387335,-0.00044626917,0.0075006685,0.0,-0.008815682,0.006607998,-0.0038327368,0.037698686,0.0051555885,0.010200864,0.011981564
2013-09-24,0.0010019443,-0.003833974,0.0044073425,-0.004964328,0.007713912,-0.0019179139,0.006733979,-0.019778777,0.0048750723,-0.004070902,0.0069069588,-0.01124171,0.015539401,0.012789724,0.0018477931,-0.0024989676,0.0003300212,-0.017583502,-0.006452151,-0.038417805
2013-09-25,0.013594868,0.009208938,-0.012734664,-0.0049483483,0.0072039114,0.0041192463,0.023480637,0.020099966,-0.01245121,0.0,-0.012624884,0.010203993,0.0048312456,0.011418611,0.013182174,-0.00031642613,0.00926657,0.021997632,0.010708024,0.011458152
2013-09-26,-0.006014982,0.007895908,-0.04379455,0.0017763604,0.0074362075,0.0057195616,0.0023057866,-0.0043715215,0.0,-0.0017432633,0.016829085,0.0006172589,-0.025618354,0.010396642,-0.0066125235,0.016400242,0.007460922,-0.007654139,0.010181605,-0.023694878
2013-09-27,0.0005545686,0.0048237243,0.00504447,-0.0015356779,0.02121061,0.008974965,-0.0020221765,0.012777999,0.010327336,0.009697798,-0.0033992166,0.01270504,0.0,0.08293346,0.008515315,-0.013865267,0.020483771,0.019605888,0.0051569934,0.042590734
2013-09-30,-0.00011005475,-0.0013427733,0.036170565,0.016507683,0.0029867017,-0.0049650758,-0.0025700675,0.004826152,0.0038176028,-0.013600021,-0.0015758007,0.023007339,-0.009268561,-0.000492089,0.019945884,0.011614119,0.0,0.007238789,0.009132171,-0.014859495
2013-10-01,0.10437705,0.04856427,0.0051655374,0.002303128,0.01809065,0.006355517,-0.019856783,0.010237499,0.02505492,0.005535723,0.005456304,-0.005531258,0.05057182,0.014141877,0.0032594628,-0.019086633,0.019599468,-0.0007957463,-0.0030751524,0.0197022
2013-10-02,0.0049090954,-0.049662314,0.0023611002,0.00035649815,0.014765412,0.019068327,-0.001209108,-0.0045673964,-0.007595784,-0.0034289248,0.011839117,0.014205372,-0.017801106,-0.0040535037,0.0037501897,-0.007980177,0.008425155,0.020579983,-0.014026821,0.041812293
2013-10-03,0.030522728,0.0063226894,-0.0028994856,0.00962898,-0.014059516,0.00043942727,0.0015021305,0.0016067132,0.02173849,-0.009783163,-0.017586965,-0.010524957,0.12898211,-0.014342314,0.00046669907,0.0043516243,-0.0008998454,0.0062737805,0.009255172,-0.004651793
2013-10-04,-0.027162373,0.0028804985,0.047867462,6.1196144e-05,-0.0110658,-0.0008134309,0.002762787,0.00023349743,0.010066497,0.016571542,-0.020872628,-0.017744282,0.04605691,0.0054039797,-0.002173342,-0.00031916433,0.039136235,0.00775882,-0.0017560427,0.007879652
2013-10-07,0.004796521,-0.012314006,0.021992847,-0.0013296874,0.0003457877,0.0122694215,-0.050856248,0.0,0.0,0.004092332,-0.0010781151,0.0,-0.0046180836,-0.021595431,0.0039902017,0.015097772,-0.010139031,-0.0002908898,-0.007705263,0.04849905
2013-10-08,0.0041177017,0.022601316,0.0038420393,0.010170344,0.0025550048,-0.022962319,-0.0037259203,0.006085095,0.0,0.005645221,0.013181638,0.0023304033,0.025174735,0.0009689195,-0.00846877,0.014921188,-0.0053859907,0.03807623,0.0042658406,-0.09598783
2013-10-09,-0.0064410395,0.004377032,-0.0044249822,-0.0018845055,0.009315939,0.004316007,0.0053061014,0.007514174,-0.015863417,-0.015540439,0.023463644,0.046798483,0.008626404,-0.0072980192,0.0043742373,0.006284461,0.02488563,0.015858425,0.008284484,0.0032329937
2013-10-10,-0.020307265,-0.009526881,0.007976047,-0.0076500354,0.008860374,0.004185647,0.046777874,-0.010018387,0.0146155935,0.0038178577,0.013977335,-0.0022453393,0.038375296,0.13363257,-0.010314525,0.020122806,-0.013495003,0.0028280346,-0.0054568998,0.012703567
2013-10-11,0.01814753,0.000354961,0.0019843676,0.0025824774,-0.00387818,0.0064094155,0.00012960954,-0.004652184,0.0,0.012262645,-0.024077548,0.025804799,0.0,0.001955544,-0.0044586053,-0.003872921,0.00010466233,-0.024199544,-0.010152242,0.015895978
2013-10-14,0.016251907,0.04306124,-0.0062163346,0.012631568,0.00447222,-0.006887196,0.022359652,-0.0013641872,0.006348334,0.0050481046,-0.016736109,-0.0017599167,-0.0270654,-0.0016272108,0.005543976,0.006865377,-0.004809032,0.017432,0.004803167,-0.04097869
2013-10-15,0.0061861114,0.0,-0.00250604,-0.00025172927,0.007716403,0.009169402,-0.012000958,0.008181133,0.002533362,3.4475238e-07,0.012654858,0.038213663,0.01515799,0.02504711,-0.013350604,-0.0019279266,0.038708128,0.010729041,-0.004750418,0.005924746
2013-10-16,0.002458135,-0.061073877,0.0,0.0040830974,-0.006719504,0.007959709,0.038307533,-0.0032419267,-0.0098196175,0.006549857,-0.003304917,-0.0024631526,0.018568939,-0.015275001,0.048256133,0.02257599,0.004155172,-0.010641928,0.006764588,-0.00066113425
2013-10-17,-0.005392519,0.018166937,-0.009672587,0.011333268,0.0050587947,-0.004217834,-0.116296865,0.007623761,-0.014255075,0.01031699,0.0020932953,-0.002288499,0.01611287,0.032932203,-0.00016999657,0.0019472394,0.015879394,-0.0025048258,-0.00074884493,-0.032797348
2013-10-18,0.008185901,0.010010051,0.022140468,-0.0024154386,0.010926111,-0.2051456,-0.008052348,0.0056729075,0.026864989,0.008965004,0.0004808549,0.017346293,0.0012049705,0.0007740035,0.007248731,0.0050226077,-0.0018955698,0.018211316,0.0069203367,0.012858807
2013-10-21,-0.014152122,0.011198503,-0.023714565,0.007990968,-0.029218147,-0.001181086,0.0021492867,-0.002347558,0.010010567,0.007949688,-0.0020988944,-0.00060014497,-0.013548173,-0.020121172,0.0045385263,-0.019288603,-0.003064659,-0.007421884,-0.0060807234,-0.11711647
2013-10-22,-0.067899935,0.010613253,0.017514639,-0.0038527164,-0.01790865,-0.026880391,-0.085224874,0.002413758,-7.152608e-05,-0.00010075052,0.015682103,0.014782585,0.0014971631,0.039871715,-0.004528016,0.03795384,-0.015380858,-0.019253787,0.0011508825,0.06207718
2013-10-23,0.0347342,-0.020338546,0.04103456,0.024089623,-0.018667568,0.015321806,0.0034871416,0.005022806,-0.017388856,-0.0052615358,0.0076401946,-0.008361378,0.019976938,0.03327725,0.00070660014,0.008620646,-0.00084355194,-0.0016859225,0.005189527,0.008317236
2013-10-24,0.012929683,-0.015066966,0.0041166283,-0.0027651608,-0.0007162528,0.010241763,0.0035238971,-0.008874983,0.01581734,0.0056551932,0.0028330812,-0.007444857,0.0021429476,-0.019205779,0.0027687834,0.0026506458,-0.005420066,0.017162202,0.0011121365,0.16280161
2013-10-25,0.013069302,0.012612693,0.039015424,0.008175316,-0.040524222,-0.009470174,0.015346096,0.0058457125,-0.024447719,-0.0023990846,0.004394833,0.009781047,-0.0036874728,0.022543931,-0.004490075,-0.0024934146,0.0035316276,0.025086902,0.008293748,0.011931581
2013-10-28,0.02952657,-0.013576774,0.004057418,0.00028370015,0.0021330246,0.0023008857,0.015218194,-0.0055213715,0.004132465,-0.016995227,0.005209155,-0.006759087,-0.011947353,0.010697368,0.008463434,0.007556133,-0.010715677,-0.0040851864,0.00791224,0.050075654
2013-10-29,0.002097886,0.009906739,-0.00019427399,0.0062637916,0.0,0.007547603,0.0074261017,-0.0042627905,0.00942629,0.016162775,0.009633416,0.0140130725,-0.0010490079,0.0044083586,0.0025718075,0.00068948447,0.082079425,-0.005836862,0.0045018434,0.006675098
2013-10-30,-0.02547483,-0.0037796658,0.00082980207,-0.004998466,0.0062934486,-0.013196387,-0.002086455,0.0055524283,0.023586415,-0.0013574439,-0.0019397496,0.011827121,0.0,0.007590269,0.003511643,0.0057916893,0.07307357,0.015286328,-0.0027893404,0.011898707
2013-10-31,0.021435125,-0.008312271,-0.094739296,-0.0074062687,0.0020019463,0.02894115,0.022846948,-0.001481236,-0.019661661,0.007729331,0.0044857305,0.00530384,0.018796032,0.011710073,-0.0009146336,0.010273518,-0.03370295,0.0001307756,0.0049839774,-0.00924475
2013-11-01,0.020905051,0.06509642,-0.018092673,-0.0022972042,0.024057563,0.012449936,0.0049880655,-0.0039362526,-0.0004205378,0.0114304945,-0.0061626416,0.0008572058,0.0056504817,-0.051173616,-0.011952957,-0.0099206185,0.00935127,0.0075087287,-0.0043705185,-0.0026543057
2013-11-04,0.007350943,-0.029592026,0.027595807,-0.004902713,-0.018009437,0.014488915,-0.008946438,0.006922837,0.0005682241,0.015314705,0.010303267,0.006883378,0.0087360805,0.00048003742,0.0017361856,0.015792234,-0.007804938,0.015359655,0.0009187602,0.008952372
2013-11-05,0.00343726,0.013368201,0.003343914,0.010827962,0.005915151,0.019892527,0.007217081,0.02519098,0.003396449,0.012370192,0.009517991,0.010857478,-0.0014390444,-0.0049328753,0.0014955786,-0.0068137934,0.02641247,0.010945312,0.0033974154,0.018326087
2013-11-06,-0.0052343938,0.0022386683,0.008988841,-0.0014340935,-0.010569285,-0.005939096,-0.0013715228,-0.0054671946,-0.0039300295,0.0019925702,-0.022115743,0.0,0.008840903,0.008049396,0.0056244894,0.0,0.025704784,0.0053501357,0.0,0.00920657
2013-11-07,0.014142832,-0.013119141,0.0046968088,0.0026768458,-0.005414254,-0.004578941,-0.0023548738,-0.004498024,-0.0055739437,0.0088559445,-0.0007338433,0.010878367,-0.009415085,0.0057608513,-0.006372658,0.010119183,0.0058331583,-0.0026912563,0.002159971,-0.0052984
2013-11-08,0.055968538,0.0053535006,0.009166238,0.007678252,0.0041411025,0.008279101,-0.0009186486,-0.0039091683,0.015051019,-0.002301432,0.009855998,-0.007661115,-0.011029731,-0.0016836888,0.010921922,0.008943073,0.0038865444,0.014599542,-0.002314706,0.0016706533
2013-11-11,-0.058907185,-0.020238081,-0.0042372416,-0.007626801,0.008276861,-0.010697573,-0.004022712,-0.0078532845,0.016952451,-0.0017513261,-0.0016108296,0.00934288,0.0029404736,0.02332434,0.010448685,-0.015066346,0.01627052,0.00305102,0.0018912831,0.009721057
2013-11-12,-0.005877544,0.0045392793,-0.002379214,0.0,-0.0059850705,0.004390106,0.010272551,0.012437366,0.016933685,0.024604162,0.0022217159,-0.006270788,0.01013139,0.011894008,-0.009431882,0.0,-0.008505857,0.0011487774,-0.0070578093,0.0020438675
2013-11-13,0.0030548158,0.008018579,0.14187291,0.0073088575,0.021913948,0.008253185,0.010197892,0.0113516245,0.005113675,0.002989769,0.0,0.018148972,-0.0074011283,0.010757077,0.009772148,-0.01166501,-0.0049046148,0.0,-0.008209082,0.005149124
2013-11-14,0.0019897143,-0.018546635,-0.0042451983,-0.0042797243,-0.03702838,0.007866379,0.010380351,0.007103192,-0.010487033,0.0,0.0039846567,0.0009978887,-0.03741412,0.045955263,0.0053069396,-0.0006184432,-0.0014357249,0.0027090737,0.011831984,0.005755215
2013-11-15,0.0012602903,-0.0028808604,0.017637236,0.016448699,0.0086721005,-0.0069305673,0.016469616,0.015002465,0.010337053,0.011195803,0.0015305212,-0.006528349,0.0018209975,-0.011204427,-0.0011328632,0.0034411345,0.02601675,0.010509074,0.0076725557,0.06443364
2013-11-18,0.016385121,-0.006275528,-0.0007299609,-0.005784033,0.0087589435,-0.011682589,0.009454521,0.006225749,0.019765045,0.006374386,-0.0089916345,-0.0014571002,-0.024914317,0.009774081,-0.00081282156,0.0018463845,0.011505294,0.009099346,0.004808681,-0.02890548
2013-11-19,0.005361017,-0.003441988,-0.006146824,0.021015817,0.011698852,0.016812542,0.0060657063,9.4688613e-07,-0.0702836,0.0153493835,-0.010732492,0.037232675,-0.00042303422,0.010481788,-0.0036579352,-0.010419569,-0.024338633,0.008291951,0.0010033263,0.0045355153
2013-11-20,-0.0140759675,0.029901713,0.00387667,0.015703155,-0.0030736548,0.083790764,-0.010769559,-0.012066572,0.016834224,0.011359685,0.0022561909,-0.016617175,0.045515623,-0.06104816,-0.0033822022,-0.00094521145,0.023215275,0.0045663873,0.0009211047,0.012864238
2013-11-21,0.005148712,-0.0067536607,0.02233461,-0.015301651,-0.0059877685,-0.015478625,0.0,-0.008036249,0.022441845,-0.010002464,0.008750789,0.027769085,-0.08019191,-0.08600067,0.0048524593,-0.00070682174,0.003385367,0.0053682188,0.02004905,-0.002371654
2013-11-22,0.03867159,0.1270901,-0.05183967,0.0026862633,0.007036117,-0.0150469,0.0054812143,0.020785926,0.0054022036,-0.001201512,-0.0036595454,-0.008322898,0.16702543,-0.01620336,-0.013197755,0.014503199,-0.040413596,0.009042086,-0.0020938143,0.026675886
2013-11-25,-0.020959737,-0.002720665,0.028862616,0.0042835847,-0.0026737393,0.011190193,-0.0035122796,0.006953149,-0.00030700432,-0.015084178,0.007265966,0.027971163,0.0,0.008467686,0.0043656277,0.005294088,0.005370224,-0.0010687463,0.00062382565,0.006398722
2013-11-26,-0.017097764,-0.005271911,0.005692327,-0.002351961,0.012719968,-0.022692319,0.013544199,-0.0019982704,-0.009471683,0.010232821,-0.00043152407,0.0,-0.00095493114,-0.0033327702,0.0,0.022686306,-0.008922601,0.010360673,-0.0013096174,0.016344266
2013-11-27,0.013081005,-0.005697489,-0.06110798,-0.008504283,-0.02245191,0.08114458,0.0051091383,0.0126108,-0.00085437484,0.010621735,0.005319431,0.01474559,0.0109231165,0.015251718,-0.0018521192,-0.012040722,0.0025032233,-0.02647389,-0.0010247363,-0.0138753075
2013-11-28,0.07145097,-0.06910492,0.007312587,0.010512672,0.009936134,0.0031846126,0.03838224,0.004916563,0.01057901,-0.0028127336,0.007763634,-0.0069283117,-0.010637519,0.026154492,0.0154977,-0.0055070957,-0.00088841934,0.015647236,0.0093689095,0.0124631785
2013-11-29,-0.0029757773,0.0034912562,0.007999358,0.0033559124,-0.006810868,0.0048689204,-0.031701274,-0.012118213,-0.013340432,-0.010499092,-0.00018663805,-0.008162848,-0.017186956,0.01039127,0.001879237,-0.02652309,0.008084724,0.0,0.0029006368,0.010647359
2013-12-02,0.018997937,-0.03223083,-0.0077799084,0.025562122,0.015024986,0.011355267,-0.04312109,0.011346194,0.021279335,0.018538464,0.014447022,-0.00651553,0.08560652,0.026047919,0.011550902,0.030009618,-0.0016388556,0.011741347,0.0070171785,0.015343708
2013-12-03,0.008838968,0.08551444,0.016886964,0.004898238,0.00832169,0.0017786125,0.015356888,-0.006359517,0.021273231,0.001622615,-0.0042036367,-0.02292089,-0.001188756,0.02889292,0.0056081004,-0.0012562417,0.023351256,-0.0037386771,0.0,-0.031427044
2013-12-04,0.02118676,0.0042717266,0.007508706,-0.0026466215,0.011349866,-0.0014257686,0.0014751867,0.012466153,-0.0044036335,0.0036516576,0.008873665,-0.02093477,0.012717624,0.00742005,0.0008555871,-0.00087402517,-0.0007634242,0.0057411003,-0.009581799,-0.0133143645
2013-12-05,0.0012675576,0.0085862065,-0.00765568,-0.0021161933,-0.0025041834,-0.00028729855,0.010115876,0.002505291,-0.003236634,0.0030362299,-0.017058192,0.027735896,0.020035636,0.00588708,-0.002430368,0.013197801,0.004470852,-0.005844878,0.002563272,0.15574309
2013-12-06,-0.023750115,0.008167672,0.0016063097,-0.0053752568,0.0018932491,0.019722922,-0.00011517831,-0.0074989283,0.021935252,0.007430876,0.018673684,0.0102999015,-0.0042365193,0.0019322857,-0.0106753865,-0.020705495,0.008578435,-0.02564035,0.00969228,0.00899537
2013-12-09,0.0018768372,0.03261081,0.0037475764,0.0101264315,0.0,-0.0066782534,-0.03140016,0.010685172,-0.0049738595,0.001091455,0.00052572344,0.012656383,0.002598385,0.01246098,0.0,0.037491415,0.0,0.018506683,0.008939986,0.006921542
2013-12-10,-0.009104557,-0.002331926,0.009466856,0.009911023,0.014795462,-0.0015011281,0.040198043,0.0069246762,0.0069262753,-0.0005407508,0.0039803204,0.0018971595,0.008504041,0.0,-0.009699174,0.010494425,0.010997707,0.014915987,0.007948744,-0.023075562
2013-12-11,0.009912738,-0.11808859,0.010220819,-0.00064785953,0.006064562,0.0018958645,0.0022903192,-0.0026757866,-0.0042415136,-0.016883567,-0.0063685584,0.0003578868,-0.009779593,0.0018981694,0.009034356,0.010628677,0.020128554,-0.0017498694,-0.004579382,-0.0020410707
2013-12-12,-0.0016115083,0.007240772,-0.02237488,0.015162523,0.0057645827,-0.0044711134,0.009253822,0.009652101,-0.0018374609,0.007740576,0.0045737573,0.005857524,-0.03292082,0.032401532,0.0027785785,-0.0033904365,0.00046326776,-0.011682971,0.004377871,0.05267079
2013-12-13,0.012419298,0.008806594,0.004741987,0.0,-0.0065121967,0.014489196,0.016968641,-0.007412348,0.014460863,0.012833647,0.012628147,0.014396285,0.019918751,0.0028292434,0.008680872,0.0048732636,-0.0002842701,0.0024100223,0.008112657,0.0151017895
2013-12-16,0.0011828821,-0.008481829,0.017414937,0.0021688463,0.0,0.006577552,0.0020627438,0.0069364086,0.018587796,0.007240591,0.0031364,0.004832596,-0.012658556,-0.0040314994,-0.010873837,0.0,0.004842175,0.023156798,-0.00059218385,0.004074198
2013-12-17,0.001921876,0.014757614,0.0016047654,0.0,0.008791144,0.024391353,0.009411231,-0.0012843026,-0.0008464032,0.000600845,0.004560283,0.009548034,-0.00014933494,0.117593765,-0.0006066352,0.0071622245,0.007982646,-0.02287141,0.004462331,0.0105590755
2013-12-18,0.06180812,0.009941785,0.025886435,0.0036170904,-0.013163417,0.015209662,0.005465863,0.00065057457,0.0028945005,0.005740029,0.0055757584,-8.914498e-06,0.010849419,-0.00017440977,0.007501991,0.013424753,-0.0066358685,0.0102308905,-0.008207259,-0.0009098925
2013-12-19,-0.015398278,-0.0059100236,0.014785816,0.0,0.009757227,0.0071865716,-0.057678256,0.0062392135,0.005958724,-0.027124431,0.0011752115,-0.00500409,0.018176373,0.09103179,0.012205559,0.0008505434,0.04702859,0.0043912157,0.0003969273,-0.02670974
2013-12-20,-0.03136096,0.06153432,0.010309021,0.0056688134,0.004214989,0.0045932047,0.011479438,-0.02467539,-1.6291435e-05,0.0057864417,0.004647233,0.023260664,0.008646906,0.0038129382,0.00814608,0.018971179,-0.0034301323,0.001193198,-0.007015986,6.425666e-06
2013-12-23,0.0,-0.009253484,-0.010793366,0.0,0.0,0.002170683,0.026023945,0.0031782393,0.0010262082,0.006886273,0.0,0.013177908,-0.009946012,-0.01471409,0.007754786,0.0043540797,0.0,-0.0033840807,0.0069171796,0.013056037
2013-12-24,-0.017618848,-0.0034564538,0.010452805,-0.0018789411,0.009522904,-0.000259937,0.0113482755,0.00719156,0.018887524,0.015700046,0.010503066,0.024682514,-0.024656685,0.0025717074,0.0011191252,0.00552263,0.022840744,0.00019201239,0.009001755,-0.00076005695
2013-12-25,-0.015041555,0.06851331,0.044268552,0.0081686415,-0.0033954338,-0.0037818865,-0.0029589406,0.009006917,0.0037049116,-0.011927386,0.016176345,-0.005527346,0.012833544,-0.0067230444,-0.0038940937,-0.0022853557,0.037712187,0.012077501,0.0009843778,0.029427927
2013-12-26,0.0005560834,4.5776247e-05,-0.010435856,0.0040190425,0.015332202,0.010934676,0.0006115803,0.00589659,-0.11121186,0.0061859605,0.002166058,-0.013232209,-0.0035467963,-0.008665385,0.009516225,0.021947637,-0.009364781,-0.002192847,0.0016977368,-0.011095232
2013-12-27,-0.0017542564,0.015550464,0.0067504407,0.007202054,-0.04979865,0.0045702807,0.0,-0.0033870758,-0.0061601945,-0.003311735,0.008471237,0.013325721,0.01822971,-0.008444106,-0.0055343746,0.031203916,0.061819445,0.031612456,0.009207786,0.0040978803
2013-12-30,0.010870792,0.008800479,0.0052156723,-0.0023568182,0.015001391,0.005098821,0.00032265636,0.019887267,0.007982092,0.024057677,0.019815454,0.016243666,-0.007981995,0.00407486,0.00026914096,0.015178952,-0.0019889895,0.016550252,0.0022448387,0.010453368
2013-12-31,-0.00027376373,0.00899981,-0.010667251,0.0,-0.022141777,-0.0037784902,0.003001474,-0.0070334715,0.12600158,0.013201091,0.02437601,0.005999537,-0.036792338,0.0136422785,0.009889592,-0.0010734788,0.00069158105,0.0025220048,0.0,0.023492336
2014-01-01,0.0,-0.0019862708,0.011712491,0.003764853,-0.024312263,0.002365584,0.0072463145,0.019518148,0.0124684535,0.005261657,0.0028011878,0.001288518,0.00064098916,0.015859904,0.0043880995,-0.088581994,0.0092134895,-0.0098933205,0.0097173555,-0.0030132025
2014-01-02,0.0033798218,0.00892963,0.0,-0.006793846,-0.022526419,-0.002204461,0.009571673,0.037528843,-0.0032836497,0.012764613,-0.021603424,0.00916423,0.0,-0.0073317443,0.0019460518,-0.0017632758,0.0065585813,0.00847244,0.007399841,0.0069969147
2014-01-03,-0.009913625,0.0059684566,0.0022808074,0.0016690324,0.00884555,0.0,0.008515712,0.019288205,0.0007219687,0.0028873303,0.01431745,-0.005979674,0.002270466,0.016361987,0.0062546423,0.08110303,0.0041430765,-0.006607965,-0.0014627563,0.010709018
2014-01-06,0.008851117,0.0019838123,-0.001877491,-0.0025150212,-0.029330142,0.0017040912,0.0057779164,-0.021012302,0.06251529,-0.010726412,-0.0054819244,0.009640213,0.0039083655,0.008259372,0.008375902,-0.009812075,-0.0005111905,-0.0076240045,0.007640707,0.0021249228
2014-01-07,-0.00073453353,0.0003619892,-0.015864758,0.006074925,0.03990383,0.002782633,0.00418856,-0.0002908055,0.08516199,0.016621131,0.0132242935,0.0077537405,-0.0020017424,0.010108896,0.0,0.009220137,0.0018356569,0.0007114895,0.00674163,0.004986241
2014-01-08,0.0075389137,-0.0009642384,0.013061672,0.0054682433,-0.010814305,0.00048972154,0.004517694,-0.015034933,0.012703688,0.004074774,0.01112867,0.008886202,0.005503704,-0.0007286749,0.0040889033,-0.0023920243,0.004526774,-0.004873751,0.0072620786,0.01569787
2014-01-09,0.007195338,8.0701604e-05,0.011731902,-0.0055056144,-0.0003364565,0.0072416803,0.0019953202,-0.00510232,0.020888902,0.006625283,0.033856973,0.004376397,0.012617786,0.009647508,0.010586407,0.016853657,0.0043458245,0.021337898,0.0029398508,0.065036595
2014-01-10,-0.0003378941,-0.01121682,0.006522624,0.012452104,0.0055089393,-0.00062993495,-0.009511133,0.011053465,-0.05173263,0.005256108,-2.6108655e-05,-0.012271588,0.014803186,-0.0005689389,0.0053577027,0.00048281188,0.032608543,-0.009465824,0.0059372173,0.0041744774
2014-01-13,-0.0014330272,0.009049435,0.005359858,-0.006288959,0.0,0.0017740823,0.0030481566,-0.106863976,0.048947215,0.008567814,-0.018083073,-0.0021138757,0.0072374432,-0.00354311,-0.011852037,-0.003485077,-0.015121611,0.0021628593,0.005614657,-0.025891468
2014-01-14,0.0068310504,0.0009842401,-0.01491995,0.006843412,0.0009979844,0.0030445992,-0.021238374,0.12668668,-0.005931089,0.010098669,-0.00014315736,0.011744439,0.005524519,0.008432928,-0.008100824,-0.002431706,0.020294381,0.012030423,-0.028392758,0.0076477253
2014-01-15,-0.016245876,0.00819708,-0.023143314,-0.002719263,0.03866854,0.00964383,-0.0006751442,0.020749496,-0.0021914449,0.000844541,-0.004145477,0.004855654,0.006919809,-0.005512688,-0.004965795,0.05930676,0.02508618,0.009691563,0.010527463,0.0053086192
2014-01-16,0.00028073273,-0.0006377687,-0.0063249185,0.0015635854,-0.007380676,0.009297476,0.00516071,-0.0013818984,0.0032734915,0.0076633464,0.008700015,0.0035238022,-0.0018274202,0.0061260266,-0.018714132,0.01533205,0.009823495,0.0024931019,-0.001208686,0.00932788
2014-01-17,-0.0015511796,0.00610707,0.008888423,-0.037183512,-0.055599745,0.0044298656,0.010141922,0.015803205,0.0,-0.010940874,0.0053567667,-0.0024122836,0.00803979,0.008477787,0.0070270253,0.007817665,-0.0039640595,0.010190833,-0.0012252067,-0.05078048
2014-01-20,0.026125634,0.012310319,-0.017212346,0.005736295,-0.051705994,0.008235193,0.004023391,0.0033324019,-0.027823163,0.0060834223,0.00092635,0.0042677447,-0.022035938,-0.007605693,-0.008075651,0.0,0.0009867274,-0.016397329,-0.023101423,0.012231472
2014-01-21,0.0047720294,0.004377911,-0.0065122694,-0.0023399952,0.0014716005,0.007188223,-0.0016159586,0.0009271589,0.010561846,0.0013635884,-0.0024798699,0.031806625,0.021746613,0.0018808999,-4.3592605e-05,-0.016471876,0.014437671,0.023138253,0.018396996,0.047541656
2014-01-22,-0.008144905,0.0,0.017311295,0.004887379,-0.17330293,-0.016752047,-0.000941344,-0.0023346562,0.042734306,0.005516599,-0.013158004,-0.005779897,-0.012422409,0.006953349,-0.0014897331,0.0055215466,0.0038712265,0.0074718525,-0.0004177788,-0.0009889425
2014-01-23,0.0,-0.009725864,-0.0030303253,0.016268123,0.0,0.0066933073,0.014630252,0.0,0.004909013,0.003389667,-0.023714073,-0.008435256,0.0,0.0011897221,0.0013715181,-0.02375914,-0.011694294,0.0033738788,0.004895722,0.00033745536
2014-01-24,-0.009358218,0.012456435,-0.009256535,-0.005326838,0.012058118,0.0024944223,0.001689208,0.008285257,0.0031783355,0.0065586516,0.0045118094,-0.0074142613,-0.007623358,0.007445185,-0.005260965,-0.001117959,-0.08128051,0.0045765247,0.019367,0.006279283
2014-01-27,0.008874698,-0.01599287,0.012140043,-0.0061999755,0.034632985,0.008117571,-0.0052799936,0.006943522,0.012625712,0.0075377715,-0.007691517,-0.0038415077,-0.010548224,-0.009788505,0.009186069,0.0077301534,-0.022039795,0.0009772488,-0.00511296,-0.002915014
2014-01-28,0.009727978,0.0061156596,0.0028325918,-0.10135844,0.0020127078,-0.00592525,0.004282933,0.0056692795,0.021782197,0.0024753627,-0.009999112,-0.010495613,0.016070697,0.008134775,-0.004203514,-0.03405116,-0.012536736,0.008664708,0.0064950744,0.0045070997
2014-01-29,-0.004205509,0.011057047,0.0074790893,0.009075004,-0.004587249,-0.011230813,0.007911987,-0.00515891,0.0,-0.0194214,0.0075639863,0.014450183,-0.011377887,-0.0049768644,0.0061865975,0.034591634,0.02328732,0.0016796114,-0.03371378,0.0004839592
2014-01-30,0.009969252,-0.00080208067,0.0025132876,0.010645385,-0.002935913,0.006085357,-0.016971573,-0.0024639964,-0.022580791,-0.0031997436,-0.0077262376,0.044144128,0.032829363,-0.0061784177,0.00800715,0.008453139,-0.007968273,-0.0024117092,0.009665107,0.012409664
2014-01-31,0.008161661,-0.0011366569,0.016874596,0.0340701,-0.106672086,0.016350463,-0.007924947,0.0068292245,0.0021689257,0.011885944,0.008676942,-0.015785906,-0.009281764,0.008351443,-0.0030767685,0.011978175,0.019144917,0.0003799528,-0.032958396,0.0048466967
2014-02-03,0.0051036435,-0.0055114846,0.014760468,-0.09254076,-0.0033870835,0.012384016,0.0,-0.0018603071,0.0003132048,0.0055305306,0.0019609598,-0.032340452,0.009790406,0.005367808,0.0010199605,-0.002970437,-0.012482129,-0.0055173542,0.019329919,-0.059390232
2014-02-04,0.022012034,0.0070793945,0.0037590584,-0.0006527648,0.0,-0.013094107,0.0040804297,-0.004526476,0.040228564,0.0040231543,-0.0010258798,0.011535391,-0.012251989,-0.009590384,-0.0052080695,0.0075979778,0.009892579,-0.0057342807,-0.005289131,0.0035322343
2014-02-05,0.00017475555,0.018884435,0.003657422,0.0055231787,-0.06263557,0.014208125,-0.0020173246,0.005553469,0.00013491506,-0.004638628,0.0010099467,0.006353988,0.0,-0.001439085,0.0077090394,0.008525251,0.0024665727,0.0012893194,0.01255385,0.0
2014-02-06,-0.006547161,-0.011606024,-0.019021928,-0.0014020292,0.009088747,-0.0053039202,-0.0020420214,0.0,-0.007714402,0.0056628673,0.0053851306,0.0,0.010432029,0.0013883668,0.015040719,0.007879415,0.008803505,-0.0042292946,0.005921489,0.02431114
2014-02-07,-0.017891945,0.010952284,-0.023839539,0.010580929,0.025582701,-0.004759823,0.0005632829,-0.0017533904,0.014905768,0.0033764597,0.0,0.01520932,0.010933645,0.0,0.0074031856,-0.001499859,0.014486149,0.012933983,-0.013421665,0.007740445
2014-02-10,-0.0075241714,0.0022476546,-0.0018914561,-0.0007367244,0.019470368,0.0,0.012389452,0.025185,0.06122416,0.010781058,-0.020266918,-0.01564278,0.009814391,0.0147759,0.005446847,0.0066332472,0.030985422,-0.015833072,-0.004585535,-0.0055045066
2014-02-11,-0.0023168384,0.009203038,0.0015325123,-0.007459417,0.023145018,0.005840061,0.010106185,0.0026615546,-0.019963305,0.079255514,0.020325972,-0.004163764,0.0181136,0.0048214644,-0.0038074146,0.050510403,0.0,0.013662789,0.0,0.020486929
2014-02-12,-0.0043249885,-0.0024604443,-0.00015565487,0.019717291,0.011217999,-0.0019280345,-0.0004262503,0.012891774,0.005172089,0.005666793,-0.0033961057,0.13801785,-0.0074675633,0.008250923,0.009678748,-0.008255623,-0.0033183822,-0.011646808,0.017092096,0.00356245
2014-02-13,-0.017053265,0.01006571,0.0063414956,0.0008542118,-0.0025764753,-0.004461605,-0.015276007,0.0,-0.0014233218,0.0,0.00291175,-0.005642467,0.020054791,-0.0022842798,-0.010427697,-0.005726899,0.0,0.00015376169,-0.0030652233,-0.055405427
2014-02-14,0.012654202,0.0,0.0,0.010115267,0.009439882,0.009805725,-0.0020957547,0.017207874,-0.013117986,-0.0136314295,0.00021327646,0.0041461447,-0.017058799,0.01048933,-0.0050681545,0.0064809793,-0.007110077,0.049957138,-0.0015639485,-0.008920678
2014-02-17,-0.0034639826,-0.002704456,0.0067298952,0.009830182,-0.0038962497,-0.0008341033,-0.009291785,0.0075258077,-0.0043380335,-0.0055229985,0.0005633904,0.0060776058,0.017044097,0.0026021327,0.00097301736,-0.013089026,-0.0074215154,0.04470395,0.084956445,0.013110292
2014-02-18,0.01719203,0.0018810455,0.0,-0.008632856,-0.01016444,5.759302e-05,0.0060045235,0.036910683,-0.20759627,-0.16646627,0.015268643,0.0548805,0.010272946,0.0018637467,0.008198979,0.00495617,0.0067436323,0.0011639402,0.00034370058,-0.008430491
2014-02-19,0.005336697,-0.0038802575,0.008232131,0.0037362503,0.0,0.010471048,0.0065487707,-0.0979162,0.011728514,0.017715612,0.0026051495,-0.0044453554,0.016233979,-0.0037388394,0.003211602,0.0026993952,0.010964311,-0.00013437938,-0.0147179905,0.05284124
2014-02-20,0.0041040615,0.0002471592,0.00877115,0.008482479,-0.0059273583,0.009511646,-0.0011163444,0.019653244,0.00064611976,0.05115889,0.012702251,-0.013795151,-0.031088673,0.0019422381,-0.0005699496,0.0015025293,0.005574056,0.022005215,0.011182642,-0.008726108
2014-02-21,0.011385221,0.0061765504,0.016721308,0.0,0.0027629484,-0.0023649603,0.008708386,0.006239058,0.036540598,0.0,-0.01549236,-0.0053026923,0.006251453,0.0001320109,0.011309483,0.020915473,-0.0004098702,0.0082669305,0.0,0.05512285
2014-02-24,-0.0009142762,-0.0004811255,0.0,-0.0033205065,0.0020870336,-0.02006397,0.0069371895,0.010000771,0.017139938,0.0013197004,-0.0045901937,0.010970002,-0.0004415178,0.0060966406,0.004693714,0.017527798,0.0062853443,0.0051229433,0.010686089,0.008539845
2014-02-25,0.0053708805,-0.0072191632,0.0062858597,0.022351146,0.010112589,0.0069369827,0.01676662,-0.0076111727,-0.005472424,0.02521115,0.0070264577,-0.0039432896,0.009543872,0.0003592444,0.0056470563,-0.00046735833,0.0019299368,-0.040409733,-0.008268578,0.056888405
2014-02-26,0.0050167213,0.011723164,0.004200186,-0.0026748825,0.007600904,-0.0059916624,0.0,-0.03196392,0.0038342096,0.006938567,0.013061086,0.007977477,-0.0092712315,0.008805209,0.008053653,0.001463379,0.006226054,-0.003047783,0.039314523,0.00696761
2014-02-27,-0.0073867217,0.0,0.005807507,0.0031655803,0.009667371,-0.09597272,0.006884237,-0.0044114534,0.046306822,0.007225026,-0.0017864524,0.00015476198,0.0020723434,-0.0059855524,-0.0022906843,0.025888814,0.0036656687,-0.012267573,0.0003428854,0.0
2014-02-28,-0.006472518,-0.006479608,0.0042603198,0.011268677,0.016049266,0.010132893,0.004452068,-0.007414262,-0.0054979054,-0.009027153,-0.0088965595,0.023799542,0.008041274,-0.0028656276,0.009443079,-0.010801268,-0.0016827098,0.019607037,-0.0030167247,-0.008206353
2014-03-03,0.0,0.011237989,-0.021218026,0.010655982,0.019592054,-0.002340405,0.0029592437,0.009534685,0.0058509624,0.090471245,0.0070362254,0.004377929,0.00021450585,0.008045675,-0.00033558597,0.008123479,0.00803411,-0.0039047159,0.010550236,0.0044385274
2014-03-04,-0.014563764,0.008574745,0.015119455,0.0006642974,0.007546374,0.005545319,-0.009881697,0.029202247,0.0053254017,0.0073889596,-0.0073177363,0.0028643291,0.009334944,0.014235702,0.0022953544,0.029155804,-0.027044522,-0.02024964,0.00036388304,-0.0068498687
2014-03-05,-0.0068680756,0.0016178295,0.015801676,0.0047213538,0.00028497595,0.0069995187,0.0065726587,-0.03796681,0.009548442,-0.0008053932,0.023913402,-0.0010065266,0.0035486848,0.00032454645,-0.0006790913,0.021079477,0.019914636,-0.029299721,-0.0023393943,-0.004590361
2014-03-06,0.00049893383,0.0006544425,0.00972924,0.006852541,0.00038405368,-0.00039815868,-0.0030528735,0.12736523,0.00532381,0.010613365,0.0,-0.0041175717,0.006930154,0.0016054942,0.0045823446,0.009597133,-0.007674857,-0.022115098,0.006717087,0.053533416
2014-03-07,0.008780284,0.017300779,0.0041542714,0.013855643,0.0013340395,0.0039957683,0.004365676,-0.0068850946,-0.0018192905,0.008817114,0.0022521713,0.017085014,0.00504,0.0056375237,-0.0014895224,-0.017757589,0.020038938,-0.0014864615,-0.0019803531,-0.21198776
2014-03-10,0.009815082,0.009576621,0.0044707484,0.008791998,0.0057123606,0.012554089,0.0019011114,-0.0029696403,0.03171842,-0.004767919,0.009982168,0.003556951,-0.003545191,0.0043750135,0.0,0.007235161,-0.00792449,0.0127171725,-0.005802962,0.014055895
2014-03-11,0.005510939,0.004453614,-0.007178283,0.010965857,0.0090006115,0.009460996,0.010321714,0.0056560403,-0.08310497,0.035822004,-0.023829497,-0.006189554,-0.007171347,-0.0008243774,1.32198e-05,0.06342568,0.005779125,0.02340273,0.010831152,-0.15371113
2014-03-12,0.007649024,0.008863077,0.0032039045,-0.014484314,0.011313128,-0.0014378155,-0.0076577654,0.01658175,0.0155716,0.00731822,-0.0037559576,0.01643281,0.0,-2.3173594e-05,0.0011691791,0.0,0.018210469,0.013105236,-0.00024164851,0.034336846
2014-03-13,-0.0007377231,0.0,0.0,0.00095265673,-0.0032988456,0.01158404,0.004069976,-0.010579366,0.0016061028,0.0056413603,0.009088055,0.0053815045,0.0034450705,-0.0018935348,0.0,0.0060984637,0.005020244,0.0026401326,-0.006144697,0.021190308
2014-03-14,0.0021210765,0.0010210994,0.017208228,0.001524174,-0.0074109347,0.00055805466,0.007357094,0.007690984,0.00095468306,-0.0019354881,0.016201755,0.005198563,0.007117347,-0.011036848,-0.001010286,0.0485678,0.0035341294,0.0015129239,0.00787885,0.08388701
2014-03-17,0.0080112545,-0.003560666,0.0004907664,0.012268078,0.0021325399,-0.004276153,-0.006244279,0.0,0.047308773,0.011222379,0.00947678,0.007242641,0.005381133,0.012507455,0.0019624734,-0.011372228,0.017580697,-0.00089886476,0.040080357,0.0037044964
2014-03-18,0.0006457456,0.009117631,-0.007952569,0.0037320685,0.009244332,0.0021474753,0.008047609,0.013116189,0.0,0.0075242873,-0.016835093,-0.0012916023,0.009322804,0.0031840645,0.0,0.030637544,0.00021472896,0.002253975,0.014971679,0.0013941139
2014-03-19,0.00012645645,-0.0020853071,0.0077778506,0.0040720385,0.0013875184,0.003618601,0.0075013833,0.0027835516,-0.0069396477,-0.008886379,-0.0030625935,0.0016220899,-0.012793351,0.0062784473,0.0043745046,0.01060852,0.0029323255,0.008966749,0.03779645,0.008879805
2014-03-20,0.0075130523,0.010275245,0.005700222,0.00065077096,0.0028236497,-0.01353846,0.0063619856,-0.037031982,0.004903196,-0.00401475,-0.0036545238,-0.0007367106,0.015241905,0.00879841,0.00345639,-0.01106948,-0.005610701,0.0015949915,-0.0052654333,0.009692207
2014-03-21,0.0033943355,0.010816944,0.019517662,0.017226448,-0.0042206417,-0.00039633818,0.00064811436,0.013359158,-0.014505842,0.0032826485,-0.001646053,0.00793891,-0.0045006042,0.00066793873,-0.000518012,0.01261263,0.020078983,0.012495412,-0.017685125,0.08816126
2014-03-24,-0.006504448,0.014099999,0.01022005,0.01379358,0.0075553237,0.0018994915,0.004600894,0.008361215,0.004907547,0.008763868,0.0019621314,-0.0024106374,0.009220269,0.0,0.0028524064,0.012556484,-0.0020330178,0.029539479,0.0070131146,-0.020393437
2014-03-25,0.0,0.0016273544,0.013598995,0.010986694,0.0095472485,0.0,0.0060724933,0.00051833206,0.01663989,0.006578852,0.016702669,0.0015330998,0.010039007,0.011790882,0.0051903143,-0.0211487,-0.0013077181,0.0,0.015820846,-0.0046404963
2014-03-26,0.007073887,-0.002414722,0.00070138415,-0.038096596,0.005269694,0.008074243,0.018159725,-0.00237409,-0.003722755,0.0010189848,-0.0036779305,-0.03302081,-0.07375305,0.00028426407,0.0022823268,-0.00582415,0.0009886161,0.015332822,-0.0060259425,0.011131165
2014-03-27,-0.008755938,-0.007825437,0.010488649,0.017253129,-0.059853915,0.0069660195,-0.001745669,0.0034401927,0.00465212,0.01423518,0.007449742,-0.007117046,0.04890238,0.03512492,0.009537167,0.01190265,-0.010276802,-0.032199472,-0.01673464,0.010758619
2014-03-28,0.018439878,0.013614933,0.039660417,0.022882478,0.0058184597,-0.01106123,7.3329844e-05,0.004460383,0.008298243,0.002274219,0.025242021,-0.029708449,0.013725431,-0.013907129,-0.0070105605,-0.0013666347,0.1629516,-0.0033811156,-0.010684285,-0.0016959247
2014-03-31,0.010907827,-0.0016252537,-0.033877805,-0.0052566705,-0.044460945,-0.0022039216,0.00064530247,0.0,0.020071449,0.012277737,0.009165912,0.0400032,-0.0006541868,0.0087448675,0.0,-0.01062097,0.02405578,0.020040652,0.007880465,-0.004497371
2014-04-01,-0.0014887742,-0.012609708,-0.012716455,-0.0021037476,0.004993831,-0.00264145,-0.0114928605,5.231243e-05,-0.002083327,0.011201541,0.0052782977,-0.0077493005,0.030101955,0.0072543025,0.0031395927,-0.005836748,-0.0074041123,0.011790369,0.0018855266,-0.0052016177
2014-04-02,-0.007637954,0.009055674,-0.006745529,0.009408557,0.031529766,0.008707311,-8.784493e-05,0.0060936245,-0.006015546,-0.006145061,0.010435499,-0.10042012,0.01333198,-0.0045788335,0.011815964,0.0019844337,-0.00097074127,0.003357193,0.003742939,0.0022809564
2014-04-03,0.013789685,0.0040413146,-4.1500083e-05,1.5480427e-05,0.03480715,-0.008970474,-0.012213947,0.016174924,0.010081934,-0.009289057,0.024961738,0.04098338,0.010401833,0.002056784,0.00080485287,0.026548741,0.013684149,0.0,0.0023366478,-0.0023888173
2014-04-04,-0.0046528783,0.007787551,-0.14862125,-0.0051900884,0.004837613,-0.025551608,-3.8350096e-05,0.009425053,0.0,-0.011249078,0.0010355435,-0.006204234,0.0,-0.009301928,0.013506473,0.036904566,-0.0076569086,0.0014598675,0.017205805,0.005765861
2014-04-07,-0.050892536,0.008713131,0.025679287,0.03998473,-0.01286216,-0.052407973,4.664105e-05,-0.009030346,0.006906223,0.00942842,-0.014911714,0.014927858,0.015362456,0.013916485,0.0060852924,0.010589759,-0.005814413,-0.0005501632,-0.0013565675,0.009491671
2014-04-08,0.0,0.0028286357,0.02719039,0.009974372,-0.031191029,0.04789455,0.0007990116,0.011539597,0.010519567,-0.015894046,-0.053152423,0.024678892,0.0009274603,0.0027796384,0.0035368572,0.16839404,0.038944144,-0.0034835248,0.015694402,-0.011559321
2014-04-09,-0.014029919,-0.00083205855,0.0045333896,0.01048744,0.032395277,-0.024184478,-0.001320543,0.013034159,-0.0020312339,0.0034955647,0.02593164,0.0074626505,-0.0017148787,0.01032133,0.0043791384,-0.0038975603,0.003052632,0.0020116034,-0.027189447,0.000409212
2014-04-10,0.03375221,0.00039239082,0.021393156,0.0055495556,0.0032002893,-0.012257177,-0.0025538106,-0.0015317447,-0.001340643,0.0022308503,0.008854203,-0.052563135,-0.037465185,-0.0009853506,0.003505152,0.007426653,0.08388213,0.0054503023,-0.0073867734,-0.010433603
2014-04-11,-0.010557003,0.0019938736,-0.00069943134,-0.0014304096,0.010080374,0.009640712,0.010113903,-0.0006754919,-0.0058260155,0.03652064,0.010834319,-0.032113947,0.0010875848,0.007278362,-0.0049631004,0.015767157,-0.011520277,0.004400995,0.020450015,0.008113672
2014-04-14,0.0050768787,-0.0017622865,0.002272904,-0.00017981368,-0.00273825,0.013635518,-0.008572039,0.0060741454,0.0063480414,-0.037608985,-0.010065536,0.03962035,0.08186489,0.0,0.011892927,0.022882428,0.020935845,0.0074987262,-0.018741516,-0.007582441
2014-04-15,-0.0484116,0.0015806033,0.019700548,-0.0032068428,0.0035297964,0.0028934306,0.007343004,-0.007872718,0.0024980833,0.020550791,0.00059066666,-0.010591102,-0.001302587,0.016293474,0.008706225,0.0073243314,0.05413589,0.007771865,0.0053987657,0.005108964
2014-04-16,0.039314013,-0.0010694944,0.012004456,0.003858309,-0.004589379,-0.051960956,0.0043071792,-0.025735784,-0.008324979,0.02305854,0.010252637,0.0063855248,0.016230207,0.0049978294,-0.0014951922,0.008979458,-0.051021643,0.004512089,0.020039601,-0.00094537635
2014-04-17,0.038826097,0.0045071146,-0.0074441484,-0.022148754,-0.0011248786,0.016655326,0.013802808,0.006777543,0.0069043366,-0.031205252,0.013346515,0.011102853,-0.022381825,-0.00845843,-0.0033526344,-0.0027902871,0.015201053,0.0068097087,-0.006157883,-0.012281525
2014-04-18,0.0049448605,0.004210481,0.009427113,0.014136818,0.0020259575,0.03244084,-0.0056980806,0.013815153,-0.020330831,0.039730012,0.0,0.0138408225,0.0,0.01095447,0.0009276761,0.013129644,-0.007606078,0.008453628,-0.033237495,0.0048654424
2014-04-21,0.0030522475,2.9178833e-05,0.006338386,0.0008092522,-0.0015813212,0.0,0.005257897,0.0,0.0069211414,-0.000884317,0.010826528,0.01566396,0.038315706,-0.007906698,-0.0052707195,0.03391928,0.00942826,-0.0028131069,-0.04244533,0.0008252173
2014-04-22,-0.0020392258,0.0,-0.009272679,-0.0005238387,0.02524045,0.00745599,0.0033307553,0.0025362163,0.000139366,-0.005344271,-0.00024742287,0.108346745,0.007311821,0.0041958475,0.008452106,-0.018133746,-0.0004006431,0.0,0.007462799,0.009726349
2014-04-23,0.018505616,-0.001726619,0.006263441,0.0108476905,0.01550964,-0.029424874,0.015842594,-0.038680583,0.020019287,-0.011524496,0.007466605,0.010123988,0.010473311,-0.006384615,0.022245554,0.010060148,-0.013887079,0.020042375,0.025884163,0.006628517
2014-04-24,-0.00069033576,-0.0024597086,0.00922643,0.008166609,-0.003974023,-0.003947455,-0.0128239365,-0.0014152852,0.013960881,0.038600884,-0.006213944,0.0017728684,-0.04044712,-0.010840431,0.00059888454,0.013254784,0.01933608,-0.006920914,0.03823809,-0.009834695
2014-04-25,0.0,-0.0007726905,0.0021620076,0.007018287,-0.0024820853,0.017171241,0.0041210335,-0.022926452,-0.010975444,-0.071074076,0.009592518,-0.013176782,-0.008963705,0.00019135344,-0.00026027826,-0.016515117,-0.024733035,0.004169068,0.0037538987,0.007646501
2014-04-28,0.008532048,0.0032171959,0.008889635,-0.0028249316,0.011722334,-0.0009899455,0.0030886007,0.011549755,0.011064364,-0.0006365057,0.010924179,0.010916058,0.07151585,-0.011667089,-0.0014608267,0.0014992254,0.021950712,0.00019464553,-0.006975531,0.0028827142
2014-04-29,0.0072554806,0.0038089573,0.0060301027,-0.0009837542,0.007345719,-0.0011507566,0.0041830977,-0.008164999,0.0030956583,0.027646475,-0.04819791,-0.009115965,-0.004734119,0.010096736,0.0061656525,-0.0135019,0.0059735584,-0.05487421,0.008626479,0.007860756
2014-04-30,-0.00831685,0.0011971921,0.003727925,0.0078379065,0.003700184,0.009218912,0.00438009,0.0011175418,-0.0032375876,0.0017718783,-0.003280375,-0.039726686,0.0024127602,0.0022995493,0.0074405787,0.005823379,0.008266709,-0.007957361,0.0016305738,-0.009297389
2014-05-01,0.016227884,0.0037485885,-0.028230038,0.00039199527,0.004899084,-0.008713315,0.009586451,-0.0049005747,0.018378934,0.009351251,0.0048528463,0.00280835,0.0141460085,0.013486218,0.009520047,-0.024040187,0.0015997661,0.04776927,-0.005472946,0.0022164448
2014-05-02,0.00831519,0.00097138603,0.004308295,0.008315573,0.007008128,0.0065561454,0.0133351255,0.017616127,0.002032636,0.008138121,0.010631791,0.0056075845,0.018165702,0.0047577894,-0.0036844977,0.08085431,0.027284347,-0.008677293,0.00260629,-0.0064468873
2014-05-05,0.00033716933,0.007627353,0.019588986,0.0066220597,0.005291097,-0.015091216,0.0033379751,0.01052991,-0.008747785,0.005909037,0.0021758848,0.041182466,-0.006292908,0.01025312,0.006344131,0.0077361795,0.0015124384,-0.018849945,0.00096818194,0.005402945
2014-05-06,0.0049391505,0.0004368788,0.00096317736,-0.0014428083,-0.017854916,0.011600058,-0.002784695,0.008845896,-0.0064472943,0.0022457598,-0.00042672732,-0.0041711647,0.008347458,0.011340407,-0.0043694656,0.008798372,-0.02056967,0.0034937258,-0.00023563259,0.0038776945
2014-05-07,0.0045186323,0.0022401507,0.023195986,-0.0028277047,0.006561411,0.0,-0.007921546,0.007498722,0.015575592,0.021849874,0.0019095879,0.003352612,0.038471263,-0.0038708884,-0.00041389719,0.04523096,0.020017156,0.006689243,0.004362184,0.0100191515
2014-05-08,0.008849822,0.003259955,0.026086202,0.014809148,0.03610377,0.12226815,0.004451462,0.0042007444,0.02629924,0.012365266,0.0024906264,0.015329684,-0.03711022,-0.0062059155,0.005172528,-0.0055305795,-0.07647188,0.049988024,0.053982764,-0.0058063604
2014-05-09,-0.0063311877,0.0037125729,0.0008620747,0.012554332,0.012649869,-0.003024469,0.0022738085,0.003774054,0.0014130855,0.0102032125,-0.016531117,0.008116687,0.046451584,-0.00020057605,0.005977625,0.0070347097,-0.00031400227,0.009954958,-0.019401738,0.0009717076
2014-05-12,0.02127255,0.007168573,0.015777217,0.0006592013,0.015699737,0.007188589,-0.00065151916,0.015695814,-0.0016509978,-0.007364379,-0.0029347946,0.0084966235,0.008511616,-0.01148747,0.0014822994,0.0013648773,-0.005347907,-0.0030099398,-0.010753338,0.015453821
2014-05-13,-0.005205414,0.0051683583,0.012940754,0.007298106,0.0049196263,-0.036927335,0.008830415,0.009534948,0.009682503,-0.009122213,-0.01645039,-0.0023518773,0.010470971,0.027947586,0.0036532467,0.034845438,-0.0027914932,0.0,0.0038480107,0.00083523174
2014-05-14,-0.01658637,0.0,0.01890043,0.008275978,0.0034183178,-0.0042921347,-0.007280712,0.01495957,0.00612455,0.0028868185,0.00898671,0.010383915,-0.0023979787,0.0037459205,0.0043818946,0.01096307,0.007001146,0.010755567,0.0,-0.0017277488
2014-05-15,0.003793434,0.009362842,-0.0056712446,0.0029764134,0.0046761436,0.0011521988,0.012768667,-0.01723464,0.000112808084,0.005408901,0.001765901,-0.012060498,0.009027077,-0.010317921,-0.005548434,0.07006686,0.017471448,0.011776243,-0.023717264,-0.0036846248
2014-05-16,0.016737022,0.006721722,0.005504024,0.0004956932,0.004580012,0.024125898,0.003416915,-0.017080791,0.0033473577,0.009052104,-0.009793827,0.0,-0.005182948,0.0032748722,-0.0038039752,0.012289689,0.02498351,-0.0019315139,-0.010906089,0.0015392806
2014-05-19,0.00080017315,0.0055517335,0.0052268235,0.010610517,0.0,-0.005506492,0.008417788,0.0,0.00689294,-0.00413553,0.0090208305,0.00913915,-0.0058398764,0.005440455,0.009305107,0.011450765,0.051571418,-0.0027445422,0.0023029787,0.002261923
2014-05-20,0.009209499,0.0049462565,0.048587166,-0.0037544162,0.012789251,0.0106943175,0.0073704785,-0.0083653005,0.014795826,0.00062171597,0.009086608,0.009564494,-0.009319903,0.006708779,0.01534604,-0.0032886686,-0.0010577331,-0.00204872,0.04128349,-7.925158e-05
2014-05-21,0.022028804,0.006765896,0.011485185,-0.0072143944,0.006962501,0.007966513,0.0014543831,0.0028651012,0.009362491,0.0022694534,-0.0027325456,-0.011541782,0.025343915,0.0037083293,-0.008032062,-0.004089446,0.04635449,0.0020508699,0.010570554,0.008438626
2014-05-22,-7.934769e-06,0.0,-0.0024707098,0.0059898025,-0.07203791,0.056414507,0.0,-0.0016689543,0.015222688,-0.0024694256,0.018350778,-0.008233454,0.0035321785,0.012742321,0.00094297563,0.045145355,-0.02197528,0.010791601,0.0,-0.0046480675
2014-05-23,0.005902265,0.0,-0.0007598793,0.0047130683,0.0061199823,0.0092424955,0.008845375,0.020390479,0.0034811485,0.0,0.001797304,0.0068503167,0.021867802,0.0011826543,0.009794051,0.0042561423,0.004441469,-0.001952878,0.016324617,0.0062453123
2014-05-26,0.006509439,0.0,0.012606351,-0.0038643207,0.006039654,0.0007965066,0.007737831,-0.029519845,-0.0019939998,0.005582214,0.0062944526,0.005320692,0.0015410462,-0.0021909669,0.009049397,0.010140325,0.01688592,0.007251682,0.011460143,-0.004218979
2014-05-27,0.024171436,0.004251922,-0.077268995,-0.012481505,0.0030657076,-0.0057809786,0.0045650774,0.015167719,-0.0031258252,-0.01001124,0.004602362,0.0,0.03174893,0.006327324,0.009197443,0.0061478447,0.004296981,-0.001675475,0.0059743864,0.008315022
2014-05-28,0.009217727,0.001531836,0.012930816,0.008593878,0.021260805,0.031658053,0.009426987,0.013065637,-0.021598917,0.012726834,-0.001937375,0.0015100089,0.0030027872,-0.01699934,0.00091715547,-0.07053062,0.008492998,-0.026846776,0.0062941853,0.0023658357
2014-05-29,0.02251844,0.0,0.007853551,0.0,0.0,-0.010794733,0.001537481,0.03192029,0.005869045,-0.001996022,0.010967418,0.002748779,-0.0092480015,0.00800007,0.0006891721,0.005419373,0.0016190746,-0.008204295,-0.0026911716,-0.0017747409
2014-05-30,-0.005214657,0.0008904882,0.00224128,0.0016217243,-0.0005104196,-0.012821592,0.0070215575,-0.0010288476,-0.0007402563,0.0033540188,0.0027189176,0.011958067,0.025753459,-0.0004437053,0.012460153,0.005424284,-0.00583034,0.0056901663,0.0019636743,0.008140946
2014-06-02,-0.00040756355,-0.0010248031,0.009670494,0.011925053,0.0011722401,0.0085974755,-0.008935774,-0.037177585,0.03536107,0.011326166,0.019794552,-0.006457834,-0.043379452,-0.008368971,0.00438687,-0.0038357377,0.0070914943,0.02477595,-0.026708998,0.0010920017
2014-06-03,-0.00044699083,-0.0040505016,-0.06693531,-0.01228596,0.007965287,0.009019659,0.003408975,-0.074571796,0.0110055115,-0.00515514,-0.017216556,0.006179325,0.015537858,1.9220304e-05,0.0022442935,0.012157683,0.0119127855,0.0041541606,-0.006125462,0.007957063
2014-06-04,-0.0054941676,0.0042259656,0.025252186,0.0018208524,-0.008625507,0.0037274102,0.000984788,0.02100756,-0.0016915166,0.022398839,0.0009421622,-0.037080456,-0.007624946,0.00053528795,0.007942689,0.02481724,-0.008077359,-0.0060230326,0.0068139182,0.004268825
2014-06-05,-0.0021614342,-0.009975548,-0.067396075,-0.020039413,-0.0022439912,-0.0075205183,0.0030600592,0.0059046494,0.014427112,0.015562761,0.009919816,0.010152722,0.009739193,0.0043305606,0.013863428,0.0775202,0.000850698,0.0030451736,0.017342681,0.00038335068
2014-06-06,-0.002686671,-0.0007318206,0.06864044,0.01143963,0.0063918065,-0.007970647,-0.004744041,0.037509594,0.0047400054,0.00417817,0.025916781,-0.0006590664,0.0573702,0.0128446035,0.0028036663,-0.025597943,-0.011595779,-0.0009625326,0.0068948106,-0.003307103
2014-06-09,-0.0046306658,0.009215064,-0.014117829,-0.014036951,0.013070266,0.02196806,0.0140649555,-0.011551253,-0.0033299578,0.0055518234,0.011989309,0.02622939,0.00094359636,-0.0027111515,0.0,-0.03170557,-0.0086363545,0.01313076,0.025268812,-0.0055693835
2014-06-10,0.00407946,-0.0023872661,0.0024044574,0.037870746,0.0034853204,0.0061542084,0.00601816,-0.00022923693,0.010768415,0.0028622914,0.00045899343,0.0086555565,0.00068856817,-0.0002130838,0.006008428,0.01306386,0.024738085,0.007213529,0.010558076,0.00013248956
2014-06-11,-0.017930487,0.011774102,0.065152,0.011104466,0.008693941,-5.886388e-05,0.0023007588,0.03413173,0.013129538,-0.0047580893,-0.0028143558,0.009817426,0.008960456,0.004411721,0.012466966,0.0003529691,0.008497249,0.0067632017,0.0020148961,0.0
2014-06-12,-0.002253218,0.013651818,-0.006184547,-0.012629269,0.004268865,0.028143212,-0.00041656935,0.01859373,-0.00036786418,0.010332002,-0.005414704,-0.003469266,-0.012504357,0.0075369156,-0.0029849715,0.0022385493,0.0018849581,0.020526404,0.007097019,0.0037816148
2014-06-13,-0.0032658598,0.008872884,0.025646096,0.0,0.007014894,-0.0037828158,0.007439524,0.0161469,0.0,0.0021363192,0.007024604,-0.00080561545,0.01623261,0.01822434,-0.0017139469,0.020745967,-0.03524477,-0.014234956,0.0017689946,0.002804417
2014-06-16,0.0004075245,-0.0054601557,0.0028012455,-0.007918058,0.006236316,0.01905511,0.015207444,-0.008962288,0.0045449934,0.00967818,0.001603624,-0.0137687605,0.014537525,0.0063698436,0.004002098,0.0074947285,-0.01350032,0.0043514003,0.017217642,-0.0024893945
2014-06-17,0.018423628,-0.0013708648,-0.0125453435,0.007936026,0.009558628,-0.0037535727,0.0044116,0.016245598,0.019029014,0.014530201,0.00088323146,0.004848107,-0.012484351,-0.0004811081,-0.008291713,-0.017633438,0.0005033799,0.003071031,-0.01031326,0.009320279
2014-06-18,-0.007501556,0.007507119,-0.016912837,0.013189769,0.0014391604,-0.001434035,0.0066665397,-0.013253439,-0.0046073194,0.0042413357,0.006396171,0.009718661,0.007583175,0.001409908,0.01362067,0.0006230534,0.0044309227,0.002230956,-0.0048924456,-0.0023021766
2014-06-19,0.08335602,0.0026586968,0.009593182,0.0037326396,-0.0027001365,0.015476219,0.008052357,-0.0049492456,0.0031048486,0.003612681,-0.028085422,0.016569192,0.0241647,0.0039032525,0.012269752,0.012530886,0.009089519,-0.008105632,0.00014099192,0.008118995
2014-06-20,0.0009233246,-0.0034910247,0.007724287,0.0011960376,0.012160938,-0.0016018768,-0.020143166,-0.002040333,-0.012272711,0.0036760422,0.012310272,-0.0114702135,-0.013746109,0.005515059,0.0014853808,0.0,0.009223789,0.009452591,0.0080012195,0.0020216212
2014-06-23,0.008159176,0.001704696,-0.029337775,0.009208993,-0.0072155287,-0.0042314725,-0.003098119,-0.00089720497,0.0014302189,-0.01649218,0.0018414899,-0.031472705,0.14843395,-0.004332382,0.012614019,0.013608216,0.0148029355,0.016243497,-0.009397966,-0.002664251
2014-06-24,0.009188233,0.020380488,0.010071288,0.004971133,0.0011729399,0.002251061,0.0041618193,0.023512837,0.013046449,-0.02525877,-0.053287316,0.016143322,0.009164837,-0.0196867,0.00065500085,0.02613128,0.0051093325,-0.0040600565,-0.001616872,0.0035923517
2014-06-25,-0.010458432,0.015128507,-0.014424445,0.001272763,-0.020880625,-0.007986076,-0.0073989597,-0.006801455,0.0048238863,0.0046710945,0.019357914,0.020691622,-0.00015028757,0.011034788,-0.002146262,-0.0060157394,-0.0097606415,0.015961714,-0.0009786334,0.012075512
2014-06-26,0.020192657,0.00701709,-0.05132958,0.0,0.029650245,-0.030867388,-0.0012026229,0.0062089213,0.0062389867,9.436578e-05,0.0016016007,0.01530261,-0.0028075497,0.014364363,0.0046796026,0.008456731,0.016789958,0.009214437,0.0040240507,-0.0020392705
2014-06-27,0.022454228,-0.010867456,-0.009479093,-0.015620192,-0.0053026145,0.018215423,-0.009703166,-0.0034901064,0.00821705,-0.0015884828,0.017416911,-0.0012932403,0.007672621,-0.0043353494,0.0025008766,-0.016207114,0.0040423367,0.011200202,-0.06914476,-0.0040171654
2014-06-30,-0.032119915,0.045238316,0.04325534,-0.019558588,0.00091572996,0.009918535,0.025064772,-0.0010220424,-0.00065663387,0.0028954833,0.0064333794,0.015817143,-0.0037060366,0.012430655,0.04458898,0.030114127,0.0,0.009228048,0.003080759,-0.012660776
2014-07-01,0.00993699,-0.05948634,-0.00020894235,0.0057679233,-0.018206391,0.01534058,0.009210313,0.026493702,-0.008087998,-0.005362582,0.10128752,-0.009780751,-0.00656307,-0.009033066,0.00092066993,0.0029941641,0.008162335,0.009296972,0.022272337,-0.009358586
2014-07-02,-0.004671854,0.0069151074,0.009886351,-0.00076731964,0.0008469265,0.0042386027,0.0038592864,-0.021280335,0.014381436,0.025513174,-0.0054957406,0.005771591,0.008883706,0.0015096662,0.013965471,-0.0098091895,-0.003950282,-0.0014310923,0.021127151,0.0008258186
2014-07-03,0.015880214,-0.061126743,0.034409426,-0.028918356,0.026779966,0.012328008,0.008794298,-0.022227548,0.005348494,-0.002984404,0.0018460412,0.0021601748,-0.014516611,0.018904189,0.0030833827,0.027705219,0.022822486,0.0009892203,-0.0014651536,-0.006714718
2014-07-04,0.0060011367,0.00118646,-0.0067373496,0.0017811769,0.017359205,0.0038841467,0.0,0.0332823,0.0,0.00822579,-0.10060156,-0.030185772,0.011649937,0.024486808,0.011824024,0.0056857667,0.004251264,0.007226924,0.004549124,0.0048404494
2014-07-07,0.006087749,0.018581996,0.00050973723,1.8126182e-06,-0.004030193,0.009036518,0.008111532,-0.004000294,-0.0080566,0.011854655,-0.0032895086,0.024198014,0.009199814,-0.0034721135,-0.012856929,-0.025449416,0.011108007,-0.008079043,-0.0033897134,0.0042503336
2014-07-08,0.0038981242,-0.014637733,0.04436703,0.00437995,0.0026591746,-0.0046825125,0.0045357905,0.009405305,0.004912414,-0.003882318,0.015634963,0.0070287986,0.0,0.0056837224,-0.0018671895,0.0037085786,0.0,0.016988881,0.014849621,-0.0050585093
2014-07-09,-0.0080877235,0.12645145,0.00664136,0.0024937014,-0.008341016,-0.0017355089,0.002465881,-0.003198762,0.0026200183,0.005379409,-0.010213878,0.0032874043,-0.0009635748,0.024569342,-0.02198566,-0.0011151345,-0.0042276857,0.009308314,0.0039627254,0.012060099
2014-07-10,-0.012656977,0.01857868,-0.046383273,-0.0046325126,0.004000639,0.03198265,0.008477619,-0.0065138494,0.0020686607,-0.004665189,0.15838063,0.023074945,0.0008497084,-0.11038327,-0.03528461,0.05841184,0.00063981017,-0.0022641239,-0.001723642,0.00407061
2014-07-11,-0.00740998,0.006863625,0.04860458,0.010848856,0.012312108,0.0013351988,-0.013049877,-0.00065784063,-0.015992703,0.011428789,0.0035795814,0.0038827236,-0.016854301,-0.005364315,-0.0053944355,0.025107475,-0.007819024,0.010611888,0.0065527186,0.0022607197
2014-07-14,0.004113346,0.0038811131,-0.0047060037,0.013763219,-0.0075102607,0.013803572,0.0044070818,0.02093395,0.018018799,-0.010091875,0.012855425,-0.013075907,0.0039160755,-0.005134431,0.003064322,0.015980685,0.012848464,0.006741758,-0.01013573,-0.015985731
2014-07-15,-0.009828948,-0.005624346,0.013321723,-0.026882762,-0.00972733,0.0,-0.0055047544,-0.034623325,-0.01244432,0.0050747343,-0.007279595,0.004054036,0.015770113,-0.00551255,0.010498288,-0.01867718,0.0073753446,0.004560073,-0.0036554735,0.009307422
2014-07-16,-0.015641196,-0.0005077421,-0.02200851,-0.003732613,-0.010378793,0.023054292,0.025024027,0.002765329,0.0026686229,0.031932026,0.008101005,0.023049861,0.006091561,0.10079212,0.005068392,-0.00047127344,0.0066113127,0.018518936,0.011731646,0.009910419
2014-07-17,0.009041637,0.013950259,0.015026207,0.02505791,0.0036034868,-0.0009058864,-0.0027170158,-0.008665756,-0.0076328265,0.0054565384,0.02697349,0.015220176,0.0022568477,-0.15750231,-0.0061172415,-0.0038714127,0.012010134,-0.008568952,0.0086626625,-0.011605584
2014-07-18,-0.0022419817,-0.021803766,0.07549372,-0.02587389,0.008881861,0.018934948,0.0108995605,0.0042561474,0.008138492,-0.017804528,0.01594789,0.0,0.0052043125,0.064724915,0.018697355,-0.009995906,0.0046218955,-0.009594674,-0.0046823137,0.0070229084
2014-07-21,0.00061162096,0.0021637187,-0.025579216,0.013868761,0.009776278,-0.012451404,0.0014831322,0.026690781,-0.004173308,-0.004332479,5.5347795e-05,0.0159602,0.0057938905,0.0,0.00084243674,0.009351378,-0.015163368,-0.011474373,0.017613767,0.0
2014-07-22,0.013613425,-0.016173603,-0.0116187595,-0.004690536,0.008799076,0.05477864,0.008697795,0.009530705,0.0017712876,-0.00028935532,-0.00488458,0.0063142367,0.010209173,0.008502998,0.013260539,-0.053839825,-0.014721936,0.009057627,0.01710875,-0.00012481089
2014-07-23,0.013006296,0.0026970145,0.004934608,-0.00041645573,-0.00025451565,0.0,-2.32329e-05,0.020358104,-0.002003409,-0.009987136,-0.00403535,0.0055350764,0.0139161805,-0.008021324,-0.00047462175,0.006750621,-0.011046048,-0.0042080455,-0.021838715,0.0182304
2014-07-24,5.694903e-05,-0.0058252336,0.007025121,0.004483286,0.0053700083,-0.003190827,0.0003330001,-0.0019798623,0.014222274,0.013362881,0.015338747,0.008928573,-0.0024064996,-0.08215596,0.0028410743,0.02227431,0.042746745,-0.0020254818,0.0063904948,0.0015550437
2014-07-25,-0.0010081151,-0.004250129,-0.0027095322,-0.0046318257,0.0,-0.020234244,0.005501821,0.004175252,0.006077793,0.0034311595,0.002253193,0.0009123302,0.008026014,0.006093657,0.009667767,0.015441463,-0.005968572,-0.007937688,0.007152728,0.0053838356
2014-07-28,0.005484347,0.021517932,-0.070791975,4.136019e-06,-0.0006400037,0.004837439,0.0,-0.020380264,0.010256365,0.010002851,0.013924451,0.0,0.000499119,0.0038265742,0.0038327195,0.010558014,0.0028984076,0.011121209,0.00424721,0.016684094
2014-07-29,0.023422344,-0.0014856656,-0.00083084905,0.006741303,0.015269001,-0.06745417,0.0035835283,-0.0033417833,0.003637583,0.0,0.004113585,-0.0031666157,0.0023659184,-0.032079108,0.008819845,0.048799284,0.006501374,-0.004201089,0.0009608155,0.0032598148
2014-07-30,0.0069761947,0.006564477,0.015801813,0.0097585935,-0.010582869,-0.0039327983,-0.00095273176,0.005231415,-0.0043056896,0.015911477,0.00095504615,0.023346968,-0.0016607617,0.059469815,0.0016052782,0.013178714,-0.009477158,0.024527173,-0.0019774903,0.0010249192
2014-07-31,-0.0045661596,-0.0026068368,0.012675484,-0.0012096851,0.025554901,-0.004049629,0.0011295304,-0.0016702849,-0.039937027,-0.004004146,-0.00026056814,0.008936734,0.0068495595,-0.0115841115,0.007507647,-0.013114261,-0.00038757472,-0.0013545383,0.002067805,0.0007086169
2014-08-01,-0.012282095,-0.02219423,0.007727489,0.007184058,0.021763466,0.011218817,0.002005072,0.010574699,0.013824532,0.0088174185,-0.011819139,0.008821745,-0.003336287,-0.0048858165,0.01341126,0.0,0.019699119,0.0,-0.022888443,0.0064161303
2014-08-04,-0.0039167744,-0.009937875,0.0,-0.003479038,0.008836227,-0.0039802073,-0.02031328,0.007773026,-0.0028437036,0.002041332,0.004778921,0.010791638,-0.0064233127,-0.07385664,0.0009996332,-0.0067917537,0.0048960773,-0.010774876,0.0126861,0.00607761
2014-08-05,0.0010558116,0.0087862,-0.006237972,0.013904623,0.00029520935,0.013211563,0.002929422,0.018131014,0.01308206,0.018187227,0.012177326,0.0024406537,-0.0008289957,0.0021497582,-0.029115772,-0.048994817,0.0567938,0.012820795,0.013336886,0.0073492224
2014-08-06,0.003813567,0.043267198,0.0060758395,0.018055849,-0.009913561,0.0038883672,0.0007608486,0.013672654,0.004745588,-0.00034645863,0.01583049,-0.04979992,0.0117988,0.032281652,-0.014234589,0.009182644,-0.057064857,0.009263652,0.020146292,0.00969208
2014-08-07,0.009205647,0.0032077525,0.005862117,0.005619746,-0.0033487303,0.03801704,0.025318282,0.0011702483,0.012453809,0.013270073,0.004098721,0.023902543,0.015904946,0.051299565,-0.0009879103,0.01275002,-0.004753187,0.0,0.0042654015,-0.002328729
2014-08-08,-0.0023178142,0.026145482,0.004221689,0.00849488,-0.0071766404,0.04718462,-0.008952778,0.0026617867,0.011692684,0.007251347,0.0044484045,0.009984253,-0.013078661,0.031201469,0.0109286215,0.020980557,0.004193261,0.0043772105,0.007236409,-0.0013286023
2014-08-11,0.0015793311,0.025857596,0.015559905,0.0060698395,0.009192464,0.0,0.0076464745,-0.029426454,-0.010535897,0.0037128974,0.0027604636,-0.0014398322,0.018704593,-0.19700179,-0.0097983675,0.027217912,-0.012460844,0.0011821524,0.05905646,-0.020293163
2014-08-12,0.0059986394,0.007963821,-0.19005035,0.010231422,-0.01512727,-0.00363954,0.0047899676,0.010591318,-0.0139002,0.0018770869,-0.01260971,-0.0017520936,0.0,-0.054011133,0.026753357,0.006356415,0.0062366785,0.0053372327,-0.0054839426,0.009698642
2014-08-13,0.0022750976,0.0040836097,0.0014811296,0.008495474,0.0,-0.014687522,0.0,-0.0011988756,0.0,0.0,-0.019012805,0.013320255,-0.0025353355,0.10209654,-0.007785409,0.006242205,-0.015675012,0.009908448,-0.0026738213,0.0009851415
2014-08-14,0.008520704,-0.06423578,-0.0025757935,-0.007854973,0.0049378257,0.0034921088,0.007591574,0.015694192,-0.0068117436,0.0022982596,0.0012662726,-0.01287809,-0.00203739,0.012812734,0.0148043055,-0.15651256,0.012090251,-0.0029164234,0.010879537,0.008882343
2014-08-15,-0.001979185,0.034925804,0.0043508597,0.0010819006,0.0058699306,0.01252532,0.0004974258,-0.04603857,0.014648443,-0.0092795435,-0.010738231,0.006143254,0.0038164337,0.009947234,-0.0013070753,-0.012327857,-0.016067145,0.005679046,0.00470568,0.012463517
2014-08-18,0.0069787307,-0.10865485,0.0022355346,0.0070031676,0.0024602897,0.008650609,0.003125042,0.015178229,0.0041800123,0.006354826,0.00049586117,-0.005257548,-0.001960264,-0.014926098,0.0122552775,-0.0040039695,0.013433968,0.010275239,0.021232637,-0.0058012
2014-08-19,0.0073206946,0.015308919,0.006719825,-0.0048939674,0.0,0.007472527,0.0040334035,-0.004690829,0.0021921105,-0.0031211553,0.0035325044,0.047196336,0.007499132,0.008911322,0.010852332,0.012626737,-0.03713793,0.006328673,0.010919451,0.0038370385
2014-08-20,-0.0057510254,0.022205424,-0.032855794,0.008050453,0.0008621849,0.019189317,-0.019169593,-0.0059778346,0.0,-0.0041805413,0.014405775,0.006002147,-0.00505542,0.012845032,0.007939682,0.011420539,-0.01911951,0.008671093,0.015557042,-0.0017627389
2014-08-21,0.004366788,0.0011882018,0.015774665,0.0010406403,0.001922412,0.008466531,-0.006815262,0.009032635,-0.00022259148,0.003213764,0.009227474,-0.008955554,0.017966257,0.0,0.00034725468,0.016185638,0.003645642,0.014982394,-0.008566596,0.010899122
2014-08-22,0.0017716606,-0.002017264,0.08248205,-0.00611084,-0.0066038053,-0.009402451,0.009978394,0.010139774,0.0024310555,0.0006259175,0.0079833735,0.018886253,0.0,-0.0025493526,-0.0060405596,-0.0013668077,-0.0047222944,0.008880147,0.032477662,-0.00193517
2014-08-25,-0.0072775986,0.015747715,0.028525202,-0.0039443388,-0.000726844,0.008793765,-0.013952327,-0.0074078087,0.004553718,-0.027278805,-0.00626051,0.0,-0.007000795,0.0,-0.0016921761,0.016190663,0.120172404,-0.008505182,0.011776615,-0.0009877369
2014-08-26,0.006882847,0.0017284434,-6.8963556e-05,0.0057918653,-0.00944014,-0.09057183,0.0066424618,0.011236319,-0.0054936395,0.0055068946,-0.019857258,0.009425732,0.0021341753,0.021766284,-0.0010326919,0.008433646,0.011209893,-0.0038535842,-0.0037114343,0.0034530645
2014-08-27,0.0005444215,0.058923602,-0.0025418566,0.009787587,-0.003401226,0.008810534,0.016634842,0.0074564554,-0.0011283124,-0.003405749,0.004712722,0.009623797,0.018297138,-0.025497938,-0.0042492743,-0.0031882427,0.015947796,0.00966329,0.0017002453,0.0043875384
2014-08-28,-0.0003216541,0.0070705893,0.023715883,0.007188508,0.0060340636,0.010433504,-0.009348459,-0.002062011,0.0021623273,0.0068991706,-0.0020802827,-0.002325806,0.0,0.0029191424,-0.005799028,-0.022051143,0.0060684714,0.0,-0.010122663,-0.015345328
2014-08-29,0.0,-0.0017056866,0.00094289036,-0.0074223196,0.010016693,0.017537737,0.008007491,-0.015977953,0.0040327483,0.0062896167,-0.008718423,-0.0051971013,0.0061097825,0.006925595,0.006914961,-0.009272311,-0.0025325068,-0.0009759461,-0.0007214664,0.00066428987
2014-09-01,0.0065417094,-0.004753769,-0.0030661058,0.0016067857,0.0,0.010556494,0.014031589,-0.004745138,0.0044130203,0.0,-0.0035545,-0.00029999705,-0.015620458,-0.008261965,-0.011310634,-0.00035254008,-0.022839975,0.0061246357,-0.007065594,0.0027896608
2014-09-02,0.00034291038,0.005527354,0.006508818,0.0022653327,-0.025098111,0.014480651,0.0053530885,0.0,-0.00348004,-0.0067623374,0.005555536,0.015215653,-0.004552665,-0.060822383,0.0,-0.010503718,0.021947332,0.004837495,0.009828033,0.0062368023
2014-09-03,-0.0069826604,0.009687728,0.011425999,-0.009941219,0.024717322,0.0057964004,-0.0033290149,0.01229889,0.015565962,-0.0017568566,0.010309346,-0.018693538,0.018864268,-0.003748152,0.004113453,0.00083425717,0.009038737,0.00034022023,-0.008086512,-0.0015272219
2014-09-04,0.0014913982,-0.00716986,-0.0011478994,0.002542005,0.013964927,0.013136303,0.00965488,0.014766421,-0.0034367535,0.0051661637,0.014393252,0.02234123,0.0036434305,0.0009371876,0.0045721964,0.011324259,0.020687886,-0.0033146555,0.00085663254,-0.008816614
2014-09-05,-0.00355843,0.0049539893,-0.00512138,0.007104119,-0.20524395,-0.04507294,-0.012290556,-0.0009756953,-0.0031619517,-0.007338359,-0.0077805487,-0.0053192982,0.005995329,0.018118678,-0.0025689395,0.01629983,-0.0109083755,0.009752403,-0.019772263,0.010911171
2014-09-08,0.0042869765,0.009293269,0.0034940338,0.007882276,-0.009790539,-0.008795118,0.008872346,0.0097658085,-0.008008345,0.008259313,0.0027107475,-0.0025062102,0.008103135,0.015930604,0.00064601906,0.028602492,0.0025977504,0.008541052,0.011292198,-0.0026635663
2014-09-09,0.0068418547,0.00941692,-0.003975107,-0.004247323,-0.008088774,0.0063418187,0.0,0.00175602,0.005430581,0.018903345,0.0011779953,0.0022722527,0.010107384,0.009008518,0.04867487,-0.039959967,0.0,0.0072156116,0.008101306,0.0022563029
2014-09-10,0.0011725574,0.0035444042,0.011948241,0.0004887388,0.029138338,0.0,-0.0035217793,0.015901374,-0.010351469,0.010342667,0.01116334,0.0,0.008888552,0.01056672,-0.0087626185,0.0016109876,0.010276046,0.0011087818,0.010553258,-0.015007222
2014-09-11,0.007827442,0.0109430505,0.019375896,-0.0074351137,0.008225831,-0.0033969183,0.006184242,-0.0022108841,0.00015678535,0.007939875,-0.06969384,0.011432616,0.0011253838,-0.06105386,-0.008526815,0.00071216084,0.026654078,-0.0055181757,0.0050845807,-0.0018479122
2014-09-12,0.0,0.00117685,0.0062682927,0.015629346,0.010639825,0.017525276,0.004644386,0.0028544927,0.0055376133,-0.06918358,0.014984024,-0.0046044597,0.00780417,0.006903394,-0.004675275,-0.0029833377,-0.0020815574,0.00028695152,-0.001769306,0.0035391236
2014-09-15,0.0005516366,0.008552471,-0.016850462,-0.0069810175,0.0018806634,-0.016418613,-0.007007221,0.006352239,0.008064508,0.0037253944,-0.010985251,0.013809918,0.007328136,0.038269773,-0.01436773,0.0009222117,-0.0063098255,-0.0008954339,0.0033303408,-0.0050080004
2014-09-16,0.00015661262,-0.0066963197,0.024942731,-0.002346318,0.010144171,-0.016703667,-0.0025345406,-0.0044951485,-0.004203279,0.038396675,-0.08661722,0.00595084,0.014677951,0.08444511,0.017899925,0.011820542,0.0037755116,0.008462772,-0.0026494472,0.0023924191
2014-09-17,0.0007271539,-0.021527424,0.008001975,0.0058525396,0.008306107,0.002352468,-0.0019820002,0.0,-0.0022052098,0.0004904658,-0.0059577553,0.013826838,0.0026764523,0.0012838263,0.0018155077,0.010091796,-0.016765531,0.0020948837,0.009258352,-0.0008241277
2014-09-18,0.010281791,-0.004495919,-0.014271863,-0.0004772585,-0.00026073898,-0.023754058,0.004652839,0.0005851556,0.0010860327,-0.011167033,-0.011664477,0.009656542,0.0040366366,-0.022523545,0.027608175,-0.0023574557,0.01235756,-0.0019386958,0.0024224129,-0.004563041
2014-09-19,0.0039796755,0.004250022,-0.0018119974,0.007523196,0.01146406,-0.009069351,0.010934598,0.006324139,0.009837985,0.010289851,0.018230844,-0.0071645644,-0.015104132,-0.009631474,0.016915178,-0.0045723994,-0.05559658,0.0003511961,0.036290918,0.0066815284
2014-09-22,0.018153895,-0.0016544089,-0.0027405517,0.0021659182,0.044797305,0.0037207056,-0.0016657471,-0.0037707114,0.0046253963,0.01587252,0.0086648865,0.04450057,-0.026822109,0.012808709,-0.0006426783,0.012765292,0.015739596,0.0063218493,0.008064224,0.006259885
2014-09-23,0.0028880266,-0.01563245,0.006893218,-0.0093587795,-0.0028513542,0.009406378,-0.02605021,0.099183194,0.005441704,-0.010352545,0.0006714039,0.010831245,0.16251075,0.014440714,-0.1202423,0.0,0.009563604,-0.0028159674,-0.032652706,0.010525379
2014-09-24,0.00092699897,-9.2514696e-05,0.003993664,0.00498747,-0.008134676,0.006388691,-0.004730579,0.04924547,-0.0009289521,0.0045651603,0.00021673646,0.0072339424,-0.0026757144,0.008553485,0.0018974139,0.0,0.010927439,-0.0057442407,0.012543096,-0.0028193707
2014-09-25,-0.010899964,0.017254284,0.0,-0.007726846,-0.0029605958,0.0021494755,0.012392243,-0.0032771474,0.006326447,0.040829863,0.0090420935,0.01031582,0.0032009762,0.0019862175,-0.08943762,-0.004035137,0.008193444,0.012633647,0.043866336,0.0132704135
2014-09-26,0.009400894,0.01536619,0.0026510267,0.02446471,0.003188736,-0.01801766,0.008613047,0.0072737033,-0.021064939,0.0032452852,0.010202972,-0.115440786,0.017517386,0.0042150156,0.012737723,0.0057853297,-0.007275667,0.0,0.0042256135,-0.0037981698
2014-09-29,0.001957075,0.106763825,0.010026265,0.046631422,0.006097503,0.0,0.0053146747,-0.004066067,0.013314432,0.007496467,0.0022920172,-0.0058145695,-0.0007938496,0.0014806169,0.010151859,-0.001657636,0.03742112,0.007861025,0.0016184449,-0.0014207021
2014-09-30,0.01196059,-0.11965723,-0.012896524,0.015462348,-0.0052089714,0.01835056,0.0035821844,0.013176617,-0.0062537133,0.006617664,0.0,0.0,0.009262874,0.0009726592,0.04541332,0.013321473,-0.02197384,-0.0031344907,0.012757125,0.007090476
2014-10-01,0.018625943,0.07116014,0.010398517,0.020461442,0.028394708,0.0052125244,0.0096737435,0.0045962203,-0.0003134822,0.0033340515,0.010352884,0.006048654,0.016931185,0.0044197906,0.0072675264,0.00801042,0.009830924,0.0079780035,0.012449273,-0.002628029
2014-10-02,0.0,0.1284648,0.0,0.016272753,-0.0055385833,-0.011848705,0.0023298457,0.004944377,0.0007007406,0.003319805,0.0055348845,0.034630533,-0.10777726,0.0014643439,0.036653902,0.0069201076,0.02199856,0.0032288653,0.0092084585,0.0028989576
2014-10-03,0.003851746,0.025160309,0.012272114,-0.0068314816,-0.0057835616,0.0015511353,0.022821229,0.0022603713,-0.019484082,0.004735894,0.003026893,0.09007524,-0.016652407,0.0019759426,0.022282254,0.007739278,-0.0374165,0.0007058411,-0.0016279761,-0.008345107
2014-10-06,0.017682709,0.0054480233,0.008028048,0.00962445,0.005309051,0.006818178,0.0072497227,-0.0010191768,0.0136217605,0.0019815678,0.014907052,-0.0050267675,0.009210501,-0.006487412,0.0007858392,0.032239486,-0.002675992,0.0027570305,0.010028467,-0.011517321
2014-10-07,-0.028413728,-0.0049622674,0.00056619337,-0.0022943334,0.0067400415,0.021974059,0.0124438545,0.0043449183,0.013116832,0.0014963533,-0.006956778,0.008323879,0.0133576,-0.00021214518,0.0017601813,0.011328304,0.011296004,0.0022447144,-0.02024385,0.010166061
2014-10-08,0.0019895094,0.018751195,0.004389389,0.025858082,0.0049720686,0.008193677,-0.0010123017,4.2073858e-05,0.008772909,-0.014875197,0.012070821,0.011907042,0.023183757,0.0050642034,-0.006347385,0.0045549306,0.0036296675,0.0040107896,0.005440237,0.0033917346
2014-10-09,-0.0117386775,-0.013959643,0.000101501115,-0.053519536,-0.00215718,2.9454523e-06,0.0014984667,0.006375135,0.0,0.022170193,0.00010859129,-0.010580691,-0.0077123004,-0.012310559,-0.0071239406,-0.0026938424,-0.046047017,0.009168267,-0.04278741,-0.0011053209
2014-10-10,0.0070074657,0.0053699575,0.007639703,0.0204894,0.012815642,0.008684528,-0.0044274786,-0.004249102,0.004375953,0.0004905107,0.0021588465,-0.008970373,0.0,-0.00028629028,0.00528746,0.007990646,0.014351639,0.00096679834,0.034151517,0.012855877
2014-10-13,0.020024871,-0.017525196,0.0008995521,0.00011680798,-0.0039128065,0.0,0.008173618,0.018197529,0.004611293,0.017177716,0.0036525917,0.001876616,0.006754814,0.0024877684,0.05448583,-0.0073493132,0.026820801,0.003874355,-0.0017084806,0.01748087
2014-10-14,0.013519628,-0.019939624,0.002619411,0.0014023399,0.01936562,0.0,0.0026250689,-0.0058030905,0.0023826493,0.002987895,0.006744501,0.06182889,0.0124487765,0.0037774583,0.012962896,0.0032225298,-0.16668439,0.009669404,0.0031179024,-0.01567821
2014-10-15,0.0019576682,0.07641534,-0.0025917443,-0.009527583,0.00160132,0.00074682053,1.676369e-05,-0.041200496,-0.00033737218,0.004148245,0.0074984264,-0.0063122367,-0.006626721,0.004297817,0.017546104,0.01064035,0.015538224,0.0085729705,0.0128997695,-7.2406524e-06
2014-10-16,-0.003412828,0.0036789628,-0.004226833,-0.0032188296,0.0070000407,-0.01242213,-0.0071458556,-0.0039658714,-0.011956794,-0.007423421,0.007585585,0.009520916,0.0072623827,-0.00097277516,0.014631967,0.004270047,0.004602077,0.0012200213,0.023442065,0.010971405
2014-10-17,0.042645697,-0.007502848,-0.0005391253,0.0057761953,0.00794848,0.005129162,0.007541381,-0.02385986,-0.002495722,-0.0066233557,0.010799423,-0.019131547,-0.00031713402,0.0034936615,-0.06553454,0.011179131,-0.011671588,0.001047082,0.018490868,0.0006724888
2014-10-20,0.0027509257,-0.000104005216,0.0012045235,0.016348327,-0.024044713,0.009236527,-0.008328141,0.0011297952,0.008549548,0.0028040668,-0.0011296954,-0.0071654287,0.0060680173,0.00011823009,0.010742818,-0.0083667375,-0.0077724466,0.0026056077,5.991482e-05,0.0010383038
2014-10-21,-0.014549303,0.005780313,0.010959129,-0.0052114083,-0.022325186,-0.01047535,-0.008582652,0.0036103267,0.006842878,0.0036811256,-0.0069379024,-0.004586415,0.024077388,0.00065212115,-0.0031520799,0.007933766,0.006096394,0.007764336,-0.0048209378,0.004969252
2014-10-22,0.0067219664,0.039923612,0.007176955,-0.017516682,0.015987996,-0.0071758525,-0.022220615,0.0070833284,-0.014494347,-0.019233964,-0.0016066958,-0.02153747,-0.008161777,-9.061496e-05,-0.004154272,-0.0065272516,-0.0546335,0.01487629,0.0022512774,0.0
2014-10-23,0.004759564,0.01112915,0.017223245,-0.0034299328,-0.004855548,0.016850816,0.008067111,0.01455617,0.007633827,0.012720901,0.00059505145,0.039243698,-0.011218081,-0.0055385167,0.035653103,0.008790662,-0.010834892,-0.019882893,-0.007544708,0.011245155
2014-10-24,-0.0038406928,0.018088646,-0.0028149935,-0.0011740103,0.009285025,-0.003357022,-0.010196981,0.0035088742,0.01837825,0.0031321908,-0.012301077,0.05096913,0.006253348,0.0009865293,-0.010339534,0.007949878,0.031743765,0.0010418642,-0.002114777,-0.007618125
2014-10-27,0.002501451,0.018442696,0.0022647996,-0.00041549793,-0.0014088071,0.015675675,0.008824621,0.013254363,0.007575571,0.0016225452,-0.0002824353,0.0011046221,0.0010874165,0.004956846,-0.0056102984,-0.0022589134,-0.061002035,0.00466754,-0.00047350588,0.019548709
2014-10-28,0.012700515,0.0058835456,0.0,0.03424731,0.00024601445,0.011078183,0.015981792,0.009312521,0.015342882,-2.4031842e-05,-0.007738562,0.02427278,-0.0016736663,0.0045404765,-0.009932762,0.0051703537,0.0024022318,0.0,0.0035576716,0.0062362677
2014-10-29,-0.0064123846,-0.02948303,0.009193639,0.014801173,-0.0010261926,-0.004051832,0.015706921,0.00022907014,0.0,0.017069377,0.005862199,-0.022033678,-0.00026809346,0.009178213,0.0049823215,0.005159527,0.052522186,0.015481572,-0.015061085,0.00916684
2014-10-30,-0.0034465953,0.0,0.00023672952,0.0065560015,0.01568883,0.010279351,0.0022954924,-0.008532304,-0.0011038927,0.00011108463,0.002190562,0.03823667,0.006711424,0.0010725018,0.015127054,-0.0030892116,0.009625006,0.005938074,0.017896418,0.00075907685
2014-10-31,-0.0017172318,-0.009477026,-0.009491836,-0.0011575712,-0.0030652666,0.00012627257,-0.002024746,0.050015807,0.0009271701,-0.018921167,0.009085424,-0.017974678,0.010804556,0.002440528,-0.0018958341,-0.014365064,-0.031916637,8.4531726e-05,0.0006523824,0.002769291
2014-11-03,-0.11778111,0.0039018576,0.008979454,0.0,0.015309419,-0.00041310609,0.0144333625,-0.03766964,-0.003344408,0.028875012,-0.0004863671,0.020444714,0.0012654656,0.00039730858,-0.0023487816,0.018567147,0.08763812,-0.012076953,0.035659406,0.003201338
2014-11-04,0.002590683,9.296529e-05,0.004859058,-0.00020952377,0.04271424,0.01326342,0.0029039558,-0.0013359924,-0.0009655235,-0.013185065,-0.012487084,-0.008554244,0.0019638368,0.010295974,0.0037654731,0.012438084,0.0040565263,0.003616364,0.0136071,0.008186848
2014-11-05,0.012518412,-0.0040014423,0.013986746,0.0,-0.002872482,-0.004716804,0.011986199,0.011155159,0.0071913,-0.010952624,-0.003032249,-0.0176601,-0.006118148,0.010098724,0.015930165,0.0033207317,0.022636257,-6.493847e-05,-0.017744588,0.010880876
2014-11-06,0.0015333495,-0.016861368,0.001800067,0.03200429,-0.022358876,0.009732456,0.018989882,-0.008956935,0.00823028,0.010525162,0.015729249,0.00801053,-0.002010027,0.0027142386,-0.0074169342,0.0012671307,0.048514735,0.04504845,-0.009928702,-0.002250053
2014-11-07,-0.0030677565,-0.012737778,0.0016228368,0.00901656,0.00906871,-5.722893e-05,0.0045753606,0.016283413,-0.009520379,0.011549081,-0.0017621615,0.045133375,0.019668695,0.0018778637,0.007780109,0.0,-0.013352639,0.0016080614,0.0056069624,-0.0074274936
2014-11-10,-0.0032141972,0.013075011,0.0037473603,0.009850681,-0.02563837,-0.005440874,0.0008584688,0.0091480855,0.013329569,0.0011637079,0.010482486,-0.014130074,-0.008251208,0.0007088709,0.048400495,-0.006715781,0.0,-0.0015268064,-0.005777408,0.0064071845
2014-11-11,0.010092313,0.019109273,-0.002309015,0.0,0.008128487,-0.00069255434,-0.00027558638,0.010845164,0.011727338,-0.01217691,0.007760442,0.0044827387,0.002900754,-0.005024058,0.010946442,0.011570301,-0.06034775,0.0034111096,0.002884835,0.007731607
2014-11-12,0.0027370818,-0.08342794,0.010560545,0.009209501,-0.0026974126,-0.005867544,0.0021736813,0.010576055,0.021982014,-0.004019839,0.006236799,4.8397407e-05,0.021266298,-0.009778497,0.015497735,-0.0012258888,0.01745349,0.005066554,0.015133507,0.0054250048
2014-11-13,-0.009080118,0.0059076324,0.0036658468,0.009043454,0.008028333,0.0071181087,-0.005319377,0.015268583,0.015268483,0.021558868,0.008846638,-0.020487055,0.010620991,-0.0046223747,0.010107422,0.034046896,0.044114955,-0.0013435681,0.0052568396,0.005619885
2014-11-14,0.0060518356,0.01141638,-0.0045964033,0.001588879,0.011251598,0.016534237,-0.0038217064,0.0057275062,0.0062670493,0.014246281,-0.015016765,-0.017073845,0.006181332,0.01248703,0.001594382,0.008838185,0.03451181,0.0,0.010062315,-0.0058126072
2014-11-17,0.0009984336,-0.0035501942,0.0124811595,0.0111634,0.018940967,-9.038419e-05,0.006182314,0.015212529,0.00017027513,-0.010792683,0.015675737,0.0024329484,-0.013903622,0.0021108864,0.052795954,0.010125655,0.004748425,-0.009818393,0.0048486427,0.005488844
2014-11-18,0.006185859,-0.0042291954,-0.00030405878,-0.0071784854,0.027545724,-0.005242625,0.0060945856,0.0074766073,-0.0047785793,-0.00876947,0.0018723023,0.01934373,0.007286934,0.0059988345,0.006003128,0.0038668232,-0.0038596967,-0.03215751,-0.0038531348,0.003493569
2014-11-19,0.0102717,-0.0071646385,0.001964934,-0.011665573,0.0027575705,0.00036314828,-0.008104003,-0.0057556704,-0.007303438,-0.0019784062,0.0018645811,0.008301073,0.025155885,-0.0001610524,0.016377509,0.0,0.009171602,-0.0032930577,0.003306759,-0.0070141526
2014-11-20,0.0007964103,-0.002190003,0.005647438,-0.007907596,0.0117079,0.0043903906,0.0,-0.0029138029,0.0031397976,0.015668796,0.003529727,-0.010107493,-0.013440871,0.0072632823,-0.0102592865,0.001619081,-0.007402314,0.006501912,0.0060951277,-0.0009219788
2014-11-21,0.030550634,-0.008234319,0.008454724,-0.007544033,0.0048973216,-0.03410712,0.0,-0.007359106,-0.0133991875,-0.0030494768,-0.006364238,0.009251387,0.01233705,0.001205996,-0.0052896733,-0.0038431275,0.01412637,-0.015035859,0.009979903,0.00048609034
2014-11-24,-0.020137051,0.006264838,0.0014014588,0.00064302416,0.005614421,0.00864283,-0.015821017,0.010125513,0.00012923274,0.006183529,0.005485694,0.023002159,0.019470649,0.0120477,-0.072940744,-0.017778413,-0.015175433,-0.0026094082,0.00624277,-0.00016692012
2014-11-25,0.0065082377,-0.023833547,0.00029514267,0.004718574,-0.006445176,0.0064144353,0.010269604,0.0022752634,-0.022963444,0.009300259,-0.0020503767,-0.003417515,-0.0071665365,-0.005860944,0.040007126,0.0028705325,0.01347412,-0.004839543,0.009211695,0.0
2014-11-26,-0.009751391,0.055128966,0.0021081816,0.005247908,0.004634215,-0.008121357,-0.004140244,-0.0013415882,0.0050256243,-0.0009077008,-0.007381799,-0.012744562,0.009313735,0.009684232,0.020803086,-0.00024817343,0.013591298,0.014214657,0.011997294,-0.0024256797
2014-11-27,-0.007706213,-0.009248169,0.010808944,-0.0020328874,0.0024767863,-0.0020415524,0.021214832,0.0043985485,0.020508625,-0.019215902,0.0005830464,-0.056773704,-0.0052428027,0.001582456,0.0015208527,0.013926752,0.005257131,0.024618663,0.0029273885,0.008914291
2014-11-28,0.015320053,0.0857475,0.009972471,0.03282346,0.006130474,-0.0033884123,0.018501746,0.0067121126,-0.0007276371,0.011534803,-0.020170098,-0.026045851,0.02816653,-0.012654907,-0.007341716,-0.0013770687,-0.010675655,0.007465458,0.010417022,0.0120201465
2014-12-01,0.0006996962,0.0030075335,-0.003631575,0.0030909686,-0.009861819,-0.01264975,0.006688268,0.00049064273,0.015700905,0.026426818,0.010942213,0.025076682,0.0005529423,0.0050176713,0.007051098,0.0022499228,0.011644828,0.0053226734,0.0018023921,0.0
2014-12-02,-0.009243046,0.005774527,-0.0013564525,0.009810823,0.0066084154,-0.009234354,-0.00079017394,-0.0009874965,0.00051566673,0.012896943,0.0027957018,0.014304429,0.005204558,-0.005875508,0.006977203,-0.0016227384,0.013430873,0.0011868381,0.0009436554,0.0
2014-12-03,-0.0025937967,0.019694163,0.010354982,-0.0050025596,0.010528126,-0.002116202,0.0104851825,-0.003348695,-0.019585483,-0.0003717732,0.0037535615,0.099138156,0.024399316,0.0044602645,0.0,0.0114064235,0.003844428,0.0094694,-0.017165862,0.004837113
2014-12-04,0.0096901115,0.0031035568,-0.014281208,-0.0034006727,0.0067970897,0.010638988,-0.04267225,0.0120181125,0.010637946,0.0035299642,0.004342556,0.006116946,-0.078489825,-0.0087117525,0.009208563,-0.008848277,-0.0064802314,0.015827034,0.016945262,0.0011289769
2014-12-05,0.020094167,0.012407636,0.0054172813,-0.0033554917,0.0121705895,0.018885687,0.0027443017,0.00014634024,0.0028145486,-0.005899966,0.009042202,0.0105671575,0.025215013,0.007967863,-0.020476718,-0.017179968,-0.0015863223,0.017338488,0.011704741,0.00990217
2014-12-08,0.0013554915,0.011950047,0.004782413,0.016726248,0.0017382398,-0.0015410518,0.009853146,-0.0035244802,0.030898044,-0.013548141,0.0113220215,0.00029747412,0.0057385066,0.0022850018,0.011921491,0.0014772982,0.01168715,-0.012372833,0.00045751463,0.003775235
2014-12-09,0.009286468,-0.015090986,-0.0035402263,0.0003987497,-0.0031364607,0.0070269485,-0.015266361,-0.0025102273,-0.024314638,0.006529265,-0.059169028,0.032164436,-0.023706725,0.0073129404,-0.021099215,0.006515648,0.011683086,0.025163205,-0.0040132673,-0.0052074995
2014-12-10,0.016530216,-0.007393189,0.00458338,-0.00032897544,-0.0073533463,0.0,0.011546145,0.0010523917,-0.0033945064,-0.0074128783,0.00658271,-0.07333618,0.00780739,0.009890919,0.004573618,0.0014958094,0.009187432,0.00564561,-0.0013218593,0.0009343783
2014-12-11,0.00017805601,-0.017238097,0.009943213,0.010024988,-0.0007558234,0.010141112,0.0053671068,0.0012416723,-0.07235552,0.0053556524,0.0025249838,0.02758021,-0.0030327907,0.0013827791,0.008480857,0.005389282,0.0061367545,0.006244753,0.00858124,-0.0012916612
2014-12-12,0.0021330256,0.0041932454,-0.0010917505,0.0025279392,-0.0037445256,-0.01836817,0.006097122,0.0015081448,0.022972282,-0.000805041,0.011566768,-0.008239779,0.010328163,0.004365155,-0.0008654542,0.0013765523,0.0073252786,0.0049364055,0.009194895,0.0023011577
2014-12-15,0.013066397,0.013146493,0.0014928201,0.0054072575,0.008671184,0.003695244,-0.0019276446,-0.003264295,0.0047416934,0.0130687095,0.007971992,-0.0035049058,0.015426049,0.0041485997,0.00927779,0.0038834508,0.0,-0.0030118183,-0.0070337285,-0.0020156018
2014-12-16,-0.0041772383,0.002655815,0.015732324,0.002374705,0.00033644884,0.0035217314,-0.014927289,-0.0017646556,0.013167477,0.0062137195,0.018524295,0.14180641,0.04520325,0.0055210283,-0.0061362404,0.015745904,0.005658071,0.005647775,0.0043685823,0.0
2014-12-17,0.004743262,0.00479238,0.010125116,0.011122312,0.008983035,0.0060794367,0.010449686,0.0018501375,-0.0115418425,0.0069944398,0.008463903,-0.029073741,-0.015417301,0.003153068,4.4156363e-06,-0.006780817,0.03187698,0.006844679,-0.0036588938,-0.005019196
2014-12-18,0.008810308,0.009380626,-0.0066225803,5.2458286e-06,0.005476974,0.013285255,0.017165039,-0.0022511226,0.015170299,-0.006253182,0.0042783404,0.013760217,-0.008763717,-0.0035613282,6.594719e-05,0.0071166907,0.0063314964,0.0015967422,-0.019113911,0.004794243
2014-12-19,0.0037164972,0.024596903,0.005258613,0.009636298,-0.018652486,0.013621542,-0.003693524,0.03827487,-0.006841954,0.0024268113,0.0079987,0.008033741,0.010106502,-0.0012841525,0.008048039,0.005662403,0.017567135,0.01474706,0.01025568,-0.005095804
2014-12-22,-0.002157979,-0.002920866,-0.0009127417,0.017152775,0.0051976326,-0.0069895573,-0.0063116974,0.009513821,0.017246507,0.008459991,0.039771587,0.019047959,0.010230753,-0.0006104713,0.001995015,0.0046160137,0.0062782816,-0.007974829,0.0037738832,0.021053609
2014-12-23,0.020257402,0.0024899126,-0.0008299889,0.010942393,0.028958948,0.006813992,0.004368558,0.008800261,0.008247418,-0.0028514806,0.0006097222,0.028408831,-0.0030469857,0.0042381254,0.010046527,0.012226568,0.004390262,0.003614425,0.0044022333,-0.019217327
2014-12-24,-0.0072711166,0.0035181025,0.0017598659,0.019316923,0.0071019055,-0.041509867,0.0012877377,-0.0024214718,0.009346299,0.0054428773,-0.028790498,-0.0037020755,0.007618767,0.03267921,-0.0045996555,-0.0011239807,0.011772369,0.0046507074,0.00849154,0.0038325535
2014-12-25,-0.0024784338,-0.004266103,0.0078748055,-0.0032758084,0.022185244,0.017247228,0.0032882567,0.0021660633,0.009713784,0.00031474582,0.009071244,0.0027663694,-0.010844898,0.0021987876,-0.00071218685,-0.00019939536,0.00035557227,0.011456282,0.0056558833,0.010831825
2014-12-26,-0.008858538,0.0062833102,0.011407284,0.010274232,-0.107083894,0.003983606,-0.07299708,-0.0050446526,-0.002430112,0.0067504602,-0.007524898,-0.011810765,0.019871356,0.0047566304,-0.012926224,0.010489881,0.011108774,0.0033953025,-0.0074154832,0.010010662
2014-12-29,-0.028455025,0.014264708,0.008836831,0.017385274,-0.0059140255,0.018303894,0.006064863,0.0109518515,-0.003531854,0.0032032826,-0.005235378,-0.0050116386,0.0096285,-0.0030751487,0.0051696636,0.0022348436,0.009805666,0.0011140702,-0.0054979245,0.040516708
2014-12-30,0.008475998,0.0020599768,-0.002015301,0.0050730677,0.061852068,0.005729057,0.004866383,-0.024230704,0.0024481511,-0.0040665106,-0.0022098995,0.005991195,0.00092674897,0.0053065545,-0.00061468926,-0.0053031314,0.0005115431,0.0101227,-0.023137039,-0.0036829372
2014-12-31,0.004741152,-0.0077259243,-0.012659137,0.01560484,0.009794298,0.010856647,0.009627932,-0.0069830627,0.0,0.006442563,0.0,-0.0066356473,0.0051015746,0.007030912,-0.0018185206,0.0014312714,0.003937208,-0.0039094975,0.0034126265,0.028827215
2015-01-01,0.013191402,0.0066151256,-0.0025630833,-0.03553469,0.029865997,0.011296212,0.009224619,0.005115288,0.005925547,0.0086665675,0.023921458,0.019756049,0.0003356492,0.013752323,0.0065623955,0.006129625,0.005046097,0.011989154,0.0027519448,0.004260465
2015-01-02,0.04165552,0.0014793776,0.010957553,0.0105388565,-0.017216364,0.00094481255,0.009600049,0.0010201511,0.0076022483,0.008487117,-0.012014543,0.001804087,0.008203017,0.0028622604,-0.0027883567,0.0035888231,-0.0010197341,0.007329607,0.0066455076,-0.013339348
2015-01-05,-0.0017606127,0.009684468,0.00067445356,0.01136174,0.016244505,-0.0049726507,0.010388912,-0.014096784,0.012919795,-0.001720422,0.02440367,-0.0043869517,-0.0026881734,0.0007837273,0.0007418243,0.013993255,-0.013017468,0.024359608,0.002039212,0.0016469599
2015-01-06,-0.008239738,0.0056770663,-0.0039624046,0.010608032,-0.02405969,0.0120473625,-0.014078087,0.016197313,-0.0051435987,-0.010114506,0.009408944,0.0074593113,-0.0044487435,0.0024488606,0.0008749936,0.032767516,0.00020664641,0.0,0.013420867,6.6766785e-05
2015-01-07,0.006120799,0.00212287,0.002722977,0.015102344,0.037218805,-0.07938617,-0.10601779,0.010464609,-0.001307808,0.0,-9.683011e-05,-0.028826801,0.0024832059,0.008980877,0.009479032,-0.010831999,-0.0005251306,0.013362937,-0.0050316607,0.0093703475
2015-01-08,0.008797776,-0.0009700619,0.0045866272,0.010199028,0.0469322,-0.008189622,0.013597407,0.017322673,-0.001425856,0.004876215,0.012507392,0.022021309,-0.004226471,0.0,0.012862858,0.00979533,0.0022695235,-0.012178944,0.016663857,0.035351485
2015-01-09,0.011749572,0.009098646,0.006362542,-0.0058556665,-0.0029707751,0.03774908,0.014861203,-0.0009036213,0.00041732707,0.0,-0.21736877,0.0012890474,0.0049036955,0.008586408,-0.0036949923,0.0001866585,0.022256246,-0.004184918,0.0045521907,-0.008365934
2015-01-12,0.0012328982,0.0099103525,-0.005443446,0.0029107656,-0.008096548,0.010545135,0.00900451,-0.0039104526,0.005598369,0.009513876,0.007141989,0.0,0.00076791475,0.0032449653,0.0026299187,0.005985595,0.0143387,0.012570067,0.0,0.01295252
2015-01-13,0.002341818,0.0047301706,0.0049721524,-0.009846877,-0.061872844,0.0025765453,0.005353113,-0.0025155102,-0.009263303,0.0065661375,-0.007896325,0.005798781,-0.0029408154,-0.0014291361,0.0052085253,-0.004729521,-0.011003938,0.0060122237,0.0006836651,-0.0025612984
2015-01-14,-0.008153536,-0.00011396429,0.0068342034,0.013339691,0.07795244,0.006306294,0.019587796,0.019347202,-0.004853572,-0.0034395305,0.0032728256,0.0007816791,0.002310988,0.0061992225,0.004464716,-0.0035491267,0.032607015,-0.011667849,0.013404261,0.008458504
2015-01-15,-0.012564363,0.0028824667,-0.0045591397,0.0067798733,-0.0005267117,-0.009747088,-0.037044726,0.0025757586,-0.0025387767,0.0073038447,0.015385664,-0.004878856,0.00906781,-0.0048062378,0.009740854,-0.0045939367,0.0009489355,-0.0016947526,0.003625659,-0.007064591
2015-01-16,0.010653688,0.008821981,0.005040899,-0.013880368,0.010255558,0.006172497,-0.02211999,-0.01935775,0.014490221,0.004311597,0.0075302054,-0.0066163978,-0.010733763,0.0053668227,0.006714681,-0.0063398927,0.0,0.011865922,0.009076881,-0.0032317883
2015-01-19,-0.0035000488,0.006236365,-0.005740562,-0.009099245,-0.07086308,0.0025823098,0.052520975,0.025696112,0.019448157,0.005563656,0.008611658,0.0010031417,0.0047971597,0.003464505,0.0062529477,0.0059296316,-0.009283812,0.0,-0.0029733123,0.0031235456
2015-01-20,0.016381158,-0.005985885,-0.017552909,0.018835085,0.060965043,0.085753836,0.004538343,-0.0027389147,0.0039333734,0.0048732776,0.04746252,-0.003687399,-0.009536828,0.0049724146,0.0032463227,0.00093197846,-0.0055149966,-0.0042028287,-0.0082724225,0.0022499186
2015-01-21,-0.014611756,0.0016222065,0.018596664,0.024218367,-0.063894816,0.011998688,-0.00027797848,-0.013457406,0.04620436,-0.008690398,0.0055313883,-0.0020268143,-0.011198319,0.00397811,-0.005892117,0.003151808,-0.005506351,0.002942246,-0.0012404522,0.010533148
2015-01-22,0.010130077,0.00045174043,0.001183101,0.0022049358,-0.0020928225,-0.0020910273,-0.0040408946,-0.037933107,-0.017969051,0.0063222144,0.0013388238,0.007196867,0.01358075,-0.031420868,-0.0017412208,-0.0025217508,-0.01572744,-0.007957831,-0.0058516283,-0.007881934
2015-01-23,0.008591883,-0.0048426515,0.0088048605,0.0031833977,-0.04582105,0.0009880763,0.011792965,-0.0004994852,-0.11732716,0.0029718943,-0.0042427797,-0.0088910125,0.002514819,0.001198542,0.018244334,-0.00014567273,0.0074565625,0.00805286,-0.004902046,0.007030716
2015-01-26,-0.0010880337,-0.0019995335,0.0093522575,0.00512949,0.04979061,-0.02119867,-0.021124415,0.009529375,0.021388615,0.005719303,0.01958644,0.011898433,0.010791007,-0.0121811675,-0.003825843,-0.0074265925,0.0116952825,0.015746402,0.012503624,0.0018808466
2015-01-27,0.009366183,-0.004771228,3.046937e-05,0.0043617724,0.008169502,0.012014029,0.026081327,0.0,-0.007596785,0.0015463022,0.0020447073,0.0075534317,0.009327706,-0.011574904,-0.0020149576,-0.00047751167,0.008148552,0.0073876474,0.012462527,0.016365517
2015-01-28,0.0,0.0029667437,0.0063707926,-0.009944363,0.075695954,-0.0043233247,0.022079749,0.058019437,-0.0024952362,0.0029284956,0.0023086956,0.005248854,0.008896365,0.009354554,0.006817336,0.0124134235,-0.0100441985,-0.005831517,-8.2420825e-05,-0.003826459
2015-01-29,0.0145711275,0.0017984833,-0.0032320123,0.0038108903,-0.003009521,0.0017687316,0.009777858,0.00525521,0.03281671,-0.00048295615,-0.071812086,0.005918814,0.0029152478,-0.0025377735,-0.0019811746,0.002534162,-0.006578035,-0.009315082,0.009002267,0.0067411344
2015-01-30,-0.00075828296,0.0,-0.0017107368,0.008758926,0.08262177,-0.013258357,0.011140365,-0.00956989,-0.016457222,0.0033976538,0.009058835,0.0014863914,-0.0010126543,0.0032744878,0.0,0.006083776,-0.000817566,0.012039611,-0.002033747,0.021996282
2015-02-02,0.009682241,0.0014365936,0.005779625,0.015355685,-0.008107804,0.0016197622,-0.0044308277,0.009003526,0.0137537895,-0.0057770964,-0.004187598,0.009012771,0.0023431876,-0.0054572653,0.011245827,0.0021607955,-0.0009751078,0.0039249198,0.0060737724,0.010080149
2015-02-03,-0.0028692652,0.00012450163,0.0054421066,0.012920703,0.01021128,0.007369529,0.013020557,-0.056232322,-0.15217862,0.0054861293,0.0033029849,0.0033960892,0.013864612,0.03788025,0.0018072489,0.013280159,0.008664694,-0.07242053,-0.0024135564,-0.009549599
2015-02-04,0.00036496314,-0.0071476116,0.0143126445,0.0052651954,0.09544403,0.013613837,0.06157364,0.036140546,-0.0048344857,0.00211062,-0.02419377,0.003063263,-0.007093161,-0.0030753491,-0.004197328,-0.0038992565,-0.10211017,0.0546103,0.0072175204,0.0032097187
2015-02-05,0.0240147,-0.005687902,-0.005376698,0.0013234875,-0.15939842,0.006256726,-0.013255231,-0.015481888,0.03790916,0.0037201154,0.0056964033,0.0048214425,0.00030018223,-0.002504225,0.004928985,-0.009733943,-0.009035565,-0.017172012,-0.00017911357,0.00946939
2015-02-06,0.018784488,0.02342183,-0.0070214397,-0.0038606732,0.020124525,-0.0032070433,-0.0025686792,0.007570474,-0.018469494,0.00013211626,0.0084637245,0.0061580148,0.011958525,0.004232985,-0.0023468505,0.010831636,-0.01100389,0.012828598,-0.01807714,-0.008211609
2015-02-09,0.020058285,-0.0017270966,0.004774001,0.02309407,0.00873811,0.010195731,0.0046070325,0.009408102,-0.010355286,0.0060619097,0.009050457,0.005082137,0.0025274977,-0.007761137,0.0049307686,0.0031827989,-0.01582837,0.017442832,0.007869322,-0.001515976
2015-02-10,-0.0019007962,0.003405219,0.013662695,0.007089639,0.027342709,-0.0067742104,-0.008239727,0.009900018,-0.06871381,-0.0033686631,0.0139705,-0.0056290813,0.008763653,-0.035488386,0.003543485,0.036950346,-0.028064648,-0.00032843754,0.014024449,0.008781996
2015-02-11,-0.004594359,0.0050513917,-0.023858603,-0.004099947,-0.0066504055,0.015795652,0.0071186665,0.01076064,0.0046415217,0.0037067481,-0.0014178208,0.0035693746,0.02351023,0.019735793,0.006920534,0.011431477,0.06324967,-0.0018930627,-0.004467871,0.015894052
2015-02-12,0.006338317,-0.00091997266,0.006696482,0.023721917,0.016049273,2.6726846e-05,0.01635395,0.020071099,-0.00013568198,0.000489255,0.0021695588,0.0061827376,-0.0037991502,0.010115761,-0.0021376468,0.0037931162,0.01309802,-0.023831066,-0.008155069,0.0021273266
2015-02-13,0.009682244,0.0074935174,-0.0039489297,0.007914041,0.011823484,0.0,0.017141365,0.006702781,0.020013075,0.010580323,0.0,-0.0020991853,0.0055987146,0.0072429874,0.004328068,-0.0045828708,0.028092002,0.005248351,-0.01406663,0.0
2015-02-16,0.022888502,0.0,-0.0068819514,0.0,-0.02371824,0.00030730802,0.0067342743,0.0005475753,0.01304533,0.0015137065,0.004139395,0.004687332,0.004309586,-0.005081235,0.001417991,0.0068147844,0.006587284,0.02998862,0.014649418,0.008865551
2015-02-17,-0.0123645095,0.004290776,0.011860756,0.012459381,0.016815983,0.0049376395,0.023484606,0.00092809764,-0.00033606688,0.0,-0.001745754,0.008462691,0.00040322024,0.002908355,0.005262226,0.009180411,0.0017756168,0.0,0.008578425,0.03744304
2015-02-18,0.015666418,0.0,0.010869403,0.0033839173,0.015222616,0.0056071705,0.0,-0.0134433955,0.00047738044,-0.004578068,0.007508854,-0.0055218847,0.00064318837,0.0027126293,-0.0035428603,0.0,0.012337262,-0.0046810093,0.008199376,-0.0052749617
2015-02-19,0.009215789,0.008442643,0.01944034,0.007311498,-0.022956451,-0.010482048,-0.0019485393,0.003294366,0.0062955236,0.002510321,0.0072662123,0.0018839082,-0.0033653495,-0.0016375727,0.0059014065,0.0077075916,-0.031290043,0.010850808,0.01589069,0.02586642
2015-02-20,0.0024583337,-0.0026013195,0.005569562,0.01106865,0.03163314,-0.0017659797,-0.026863474,0.019698797,0.0,-0.005644736,0.001276315,0.00499568,0.011728758,0.015358727,-0.014925111,-0.0009221338,-0.0049058795,0.0035662954,0.009015426,-0.0037721144
2015-02-23,-0.012810173,0.0012828961,0.00074895826,0.014562447,4.844184e-05,0.009509397,0.00494117,-0.032770842,-0.0062462585,0.010759365,0.0016126381,0.0,0.0005960205,0.0037074517,0.0,0.01905476,0.01940641,0.0051036333,0.0044072024,-0.0051967604
2015-02-24,-0.026577096,-0.024108341,0.0104156835,-0.0013479134,-0.012234654,0.017247047,0.0019323005,-0.008816856,-0.0072561675,0.0024521453,0.011559395,0.0027784884,0.007335138,-0.011526274,-0.00883818,0.014316485,0.019013997,-0.01585924,-0.0022972554,0.00068032515
2015-02-25,0.010759594,0.008889531,0.00050596293,-0.00027796958,0.058532704,-0.0029587974,0.008898719,-0.0019187413,0.03706203,0.006407569,-0.006209705,-0.0040154555,-0.0023547965,0.0067682383,0.0037418474,0.010383077,-0.010417398,-0.006149642,0.00052206125,0.0099226
2015-02-26,-0.010022007,-0.025947956,-0.007928087,-0.009044994,0.0003569011,-0.014080546,-0.014659242,0.011745481,-0.05074762,-0.0014392596,0.00471445,0.0072443276,-0.0033536002,0.01478176,-0.0048740297,-0.0004948178,0.008048097,0.0026994708,-0.0062183524,-0.014724512
2015-02-27,0.0022564984,0.009061953,0.0045523616,-0.0014405234,0.009253174,0.010660482,-0.009761653,0.01172898,0.0032057853,0.0033499827,0.0021502702,-0.008547283,0.005250223,0.018983526,0.0024264082,0.008898627,-0.0016345362,-0.0031790368,-0.02215097,0.004578044
2015-03-02,0.00088221964,0.012675252,0.0029885066,-0.00061209546,0.008531615,-0.00024623852,0.017855277,-0.00096159324,0.0034255013,-0.0014304683,-0.0045894464,0.0068015317,0.005879382,-4.2118696e-05,-0.0042021307,-0.0017711428,0.010398684,0.0085605765,0.0043671317,0.003990308
2015-03-03,-0.00042492506,0.0028573174,-0.0017808469,0.011432446,-0.023537712,0.0033974978,0.010485838,0.026469221,0.026055537,-0.0073557626,0.000863097,0.006047635,-0.00042672368,0.038575646,-0.011540145,0.013637845,0.009555364,0.00045281305,0.0152687,0.0023401112
2015-03-04,0.005354683,-0.018934721,-0.020089194,-0.002222384,0.007433929,0.008923731,-0.003965738,0.0062972223,-0.003348583,0.007868952,-0.0054074815,-0.004117563,-0.001994974,-0.025110397,0.0071448856,-0.009201227,0.019275097,0.0005053531,-0.0006544729,0.001913585
2015-03-05,-0.0030913833,0.009166612,0.0032868467,0.0020419701,0.021422701,0.005186872,0.008419247,-0.0002271245,-0.0104653975,0.0031422728,0.003813577,0.00095626945,-0.0025289578,0.008838907,0.002873609,-0.029567355,0.0037982615,-0.005469943,0.00717957,-0.009607622
2015-03-06,-0.0017096533,0.0045243897,-0.0024622206,-0.005434979,-0.038523182,0.015696265,-0.03702792,0.012378552,0.012886195,0.0,0.0,-0.0033963886,0.005127684,0.0013905506,-0.002068239,0.0037706427,0.006048519,0.0050703413,-0.008472065,-0.001154403
2015-03-09,0.009499761,-0.010672838,0.014067579,-0.0019854181,0.014042081,0.0127814235,0.006257541,0.0110241985,-0.0051008845,-0.002584917,0.013840649,0.011901768,0.0030403312,0.0019493236,0.010463584,-0.0021313976,0.00070132886,0.006094297,0.035809204,0.010572295
2015-03-10,-0.0058365203,0.009263516,0.0023180482,0.01866165,0.007187995,0.0033922167,0.0018371049,0.017387958,0.06103601,0.013094645,0.011349961,-0.00062409084,-0.009283166,0.0042590774,0.009504612,0.021118525,-0.012165904,0.0072092144,-0.0067472914,-0.03144947
2015-03-11,0.0033344517,0.028492246,0.009965221,0.0063128034,-0.0038569032,0.0049025123,0.008099503,-0.012499693,0.009629671,-0.0037173012,-0.009790953,-0.0038813897,0.008053083,-0.008002098,0.007834813,0.012278725,-0.00080535916,0.0066795107,0.0038061624,0.00014717523
2015-03-12,-0.00713766,-0.0034431366,0.0032529382,0.012626368,0.0112266475,-0.0033876118,0.00849222,0.022026785,0.013847705,0.008046119,-0.0026179685,0.0011806348,-0.0046107927,0.001084361,-0.0041062958,0.013792135,0.0008361893,-0.0069127553,0.01852213,0.01401694
2015-03-13,0.0012241333,0.015993875,0.0029046014,0.012941974,-0.012917645,0.00486115,-0.00242301,0.024867216,0.02412058,0.010918776,0.014745878,-0.0017051648,-0.004495546,0.015819354,0.0031398481,0.003381399,0.012098162,0.0019195782,0.0,0.013908056
2015-03-16,0.0012446599,-0.01471239,-0.0037881448,0.0096782185,0.0067689386,0.019887868,0.007704332,0.0042598955,0.015353163,0.00097131723,0.0,0.0038542522,0.0009910015,0.002158415,-0.0075908643,0.005610424,-0.005467956,0.015273996,0.0017250048,0.015938465
2015-03-17,0.008609829,0.0069407555,0.0037112779,0.0020632355,-0.022153456,-0.029726764,-0.0075826715,-0.0004346299,0.0024070397,-0.005989562,0.051431403,0.011178859,0.0042699804,-0.012317931,-0.0019957223,0.0055278307,0.0,-0.00030221284,0.010500313,0.019410219
2015-03-18,0.010958182,-0.00027936633,0.0064522857,0.008963475,-0.0071920278,0.0029069423,0.00055902125,0.03201158,0.016182078,-0.0042175082,0.0017967126,-0.006641942,0.010250107,0.0068943696,-0.0006893811,-0.004629304,-0.0054826066,0.004186966,-0.010570014,0.009666965
2015-03-19,0.012755731,0.0071920576,0.014628513,-0.004861601,0.012532027,0.0037995693,-9.615304e-05,-0.0026635143,0.009892157,0.0032405956,0.005421445,0.011725933,0.00015941754,-0.0037925201,-0.010624258,-0.010055402,0.0068856943,0.0,0.008494734,0.037754618
2015-03-20,0.022648577,-0.0021843289,-0.0008184082,-0.016217427,-0.0097338315,0.0034755652,0.009092998,0.009746743,0.13580833,0.008599393,0.0070669837,0.008019752,0.01092373,0.0015358101,0.009523855,0.025385624,0.0054291966,-0.0020623275,0.019571172,0.00070078985
2015-03-23,-0.010298003,0.008181451,0.0054016076,0.029387053,0.00613833,0.0027667214,-0.001927753,-0.002837133,-0.001752239,0.008044012,0.007840287,0.0014010345,0.018745573,-6.622206e-07,-0.0017114037,-0.009319303,-0.004319769,-0.05739118,-0.009780915,-0.010193398
2015-03-24,-0.00542284,0.014411515,0.0035631561,0.003396114,0.0142325945,-0.0026602119,0.008972493,-0.021216465,0.008804575,0.0022932298,0.0021438147,-0.0073959194,0.00019886943,0.0060788114,0.008467181,0.015348903,0.0031678693,0.034872137,0.017109277,0.003958463
2015-03-25,0.013802353,0.008491311,0.0020145148,-0.014737173,0.0025610828,0.012445896,0.011000969,-0.00581363,-0.014265586,0.0,0.0019570468,0.0018033684,0.0010367243,0.0011270077,0.0006152989,-0.0017605664,-0.0015044017,0.023873508,-0.0030380965,0.008304551
2015-03-26,-0.00714442,0.0,-0.0035225372,0.013054727,-0.001025581,-0.009844633,0.018947775,-0.009375453,0.040353864,0.013025195,0.0034437338,0.012243504,-0.014150254,0.0061780275,0.005961568,0.012809633,-0.0051333522,-0.06565111,-0.0013749062,-0.0020932553
2015-03-27,-0.010266981,-0.01927695,-0.0014146314,-0.0010337278,0.038405545,0.001618226,0.009159387,-0.0054125055,0.0075094323,-0.0015993575,-0.009385731,0.007732035,0.026514847,0.0010313985,-0.00262816,0.00559303,0.005468189,0.08291476,0.0025640987,-0.003813132
2015-03-30,0.02206965,-0.0015543388,0.00954997,0.0112498775,0.01319316,-0.019325942,-0.0020361592,-0.0062165414,-0.034049507,0.001372649,0.009310115,-0.002746765,0.0033878905,-0.006697981,0.008858969,0.01230678,-0.006885512,-0.0063385074,0.0033973348,0.0061914055
2015-03-31,0.0074260286,0.0041946457,0.018533355,-0.012571726,0.030762475,-0.013480965,0.004733859,0.01117354,0.01973837,0.01027179,0.0123091405,0.0076053175,0.009442244,-0.0060348893,-0.0006550451,-0.0070391786,0.0,-0.04240898,-0.007726967,0.016980024
2015-04-01,-0.0045969984,0.01197359,-0.003000804,0.0027156232,-0.00023866243,-0.003908651,0.000379468,0.0068818373,-0.005100459,0.008996226,-0.0027665235,0.0037544195,0.016890928,0.0027476156,0.0030680767,0.008783623,0.0007065729,-0.015410818,0.007258095,0.0040312773
2015-04-02,0.005982782,0.0029327348,0.010047127,0.011385958,0.008638438,0.0058565177,0.011692626,-0.00030238548,0.0201015,0.015865944,-0.005275638,0.002895062,-0.00096574536,0.000998898,0.004919226,0.0008480798,-0.004149313,-0.0017164107,0.0028031652,0.004505611
2015-04-03,0.010587869,0.007339096,0.011221571,0.015347199,-0.010041692,0.012754474,-0.008360104,0.007456247,0.0,-0.0004248507,0.01212464,-0.023105888,0.0038959852,0.004456197,0.0021756126,0.008053797,-0.0004612282,0.02878195,0.00036424096,-0.00078405795
2015-04-06,0.008831504,0.009259081,-0.0019750064,-0.015673224,0.00021952706,0.010405199,0.00047777407,0.009547309,-0.009730742,0.0057656826,0.0068579228,-0.0012625225,0.016757661,0.0010702593,0.010351777,0.016576894,0.0005073928,-0.010580177,0.001067668,0.01264266
2015-04-07,-0.0013447352,0.0022523836,0.013606444,0.012861099,-0.0063061933,0.009899113,0.0040485905,-0.0105127655,0.02017397,0.0030533832,-0.0061600064,0.008358192,-0.0013701408,-0.0010268099,0.0,-0.012942312,-0.014721735,-0.08642325,0.0148126185,-0.0010354794
2015-04-08,-0.022848055,0.0021580944,0.0059157237,0.017443696,-0.009437986,0.006159172,-0.005761762,0.00849344,-0.022712436,-7.1549235e-05,0.008005998,-0.001981301,-0.0012457998,0.005946974,-0.000252326,0.018225795,0.007669607,0.011113369,0.008892129,0.0022884228
2015-04-09,0.012942031,-0.0013741377,0.010903992,-0.0067679547,0.010035697,0.0016542941,0.003668596,0.0076935473,0.0049986797,0.025017815,0.00035884287,0.011719943,0.0008608968,-0.010442765,0.017135074,0.0065589193,0.0054050838,0.12651365,0.0030104523,-0.002272963
2015-04-10,0.009315075,0.015725018,0.002923108,0.008292068,-0.011145466,-0.00091947743,-0.01684772,0.009891932,0.0021250434,-0.016348395,0.0,0.003139173,0.009280782,0.0060805185,-0.0020961275,0.008120211,0.032268208,0.01829856,0.0074441168,0.00788483
2015-04-13,-0.018842103,-0.0014914598,0.010598174,-0.013767966,0.011629066,0.00454031,0.038402673,0.009519258,0.0109426435,0.0075319125,0.006521219,0.014104691,0.00042637181,0.011722396,0.004982016,0.0019792856,0.009640387,-0.0034687526,-0.0024245603,-0.011650827
2015-04-14,0.005232356,0.009886291,0.006408787,0.0011184934,-0.0019102053,-0.016605936,-0.012758442,-0.00048404347,0.04865648,-0.008497968,0.007309686,0.012129364,-0.006346774,-0.033353217,0.0042162524,-0.009147213,0.009269239,0.012177458,-0.005187831,0.014164174
2015-04-15,0.041225143,-0.0015115684,-0.0052570696,0.0038338762,-0.029291827,-0.00038578233,-0.030280747,0.0047144205,0.0046831286,-0.009167685,0.010869661,0.013163315,0.009772976,0.0120365815,-0.0023886175,0.007598612,0.0063387984,-0.06495026,0.010946485,0.0012458921
2015-04-16,-0.01015478,-0.014544286,0.007682712,0.0856153,0.013498366,0.02119043,0.006973019,0.016453214,-0.0033911585,0.0038834843,0.0025166494,0.0066431216,0.007774965,-0.027102323,0.009680641,0.010841723,-0.004129382,0.03973238,0.010920543,-0.0066803503
2015-04-17,0.0033463528,0.033845507,0.0060099205,-0.040246256,0.1049275,0.00071635743,-0.039966144,0.010639698,0.0048337555,0.002754931,-0.0011533162,0.0,-0.008586604,0.006287293,-0.0073665245,-0.0019952147,-0.0068750493,-0.004548742,0.0,-5.570772e-05
2015-04-20,-0.0019594678,-0.008213714,0.000101842204,0.008081706,0.027729297,-0.00064226286,0.0028103949,-0.007500879,0.0051785214,0.00277262,0.009098906,0.0022577883,0.0060478603,0.010380743,0.002873052,-0.004045381,0.01591495,0.022201875,-0.0020171786,0.021531982
2015-04-21,0.007776152,-0.00055749883,0.00026637912,-0.027020946,-0.000416909,0.0024211018,0.015328858,0.017616848,0.01123309,0.009732026,-0.008704727,-0.0011956089,0.009642662,0.009300982,0.003561752,0.009047002,0.0042420295,0.015155479,-0.0037009732,0.010046326
2015-04-22,0.0054732068,0.0055695726,-0.005728633,-0.0160821,0.020376455,0.0018846375,0.0,0.003377352,0.024907783,0.0024724796,0.0139655825,-0.00612594,0.011346647,0.012420088,0.0034654047,-0.004032298,-0.02060356,-0.015880547,0.006912612,0.00414303
2015-04-23,0.0022450506,-0.00072723714,0.00012091247,0.0009659252,-0.0149114495,0.011815438,-0.006505109,-0.006206432,-0.010505893,-0.0030529818,0.011216087,0.0034379456,0.009171035,-0.0059207617,0.0009773463,0.0020375026,-0.025532011,0.016628908,0.010321104,-0.0039244187
2015-04-24,0.0,-0.00014473034,0.005882562,0.009697976,-0.0065900674,0.006015965,-0.012298965,0.0039312593,-0.0076580187,0.0023931088,0.0048966054,0.008647136,0.00013509499,0.0068144305,0.008565528,0.0061580623,-0.0062942365,0.032607637,-0.00929824,0.024624592
2015-04-27,0.0037432236,0.008868362,0.0071514933,0.006358351,-0.008644023,0.009027296,0.010495353,-0.015643552,-0.003978689,0.0065492904,-0.0066134143,0.0021273838,0.0,0.006249261,-0.0010733157,-0.0056622,-0.00991992,0.008052885,0.011497281,-0.0008469608
2015-04-28,0.001021603,0.0051095523,-0.007461833,0.004028491,0.0030481075,-0.0328799,0.0,0.002426033,-0.015057152,-0.0004092733,0.0,-0.010550113,0.008775606,0.015058539,-0.0051589175,-0.009868737,0.017429125,0.008928927,0.013392753,0.00085966033
2015-04-29,-0.0054581384,0.0193966,0.00052464555,0.0,0.0041848486,0.0,-0.009570674,-0.013955192,0.009858537,0.004317136,0.008112528,0.010981488,-0.004720082,0.0043017836,0.004833371,0.0043731146,-0.006728724,-0.0036457723,-0.0020378884,0.021313902
2015-04-30,0.015679056,-0.009022947,0.006064399,0.0008692212,0.0075911963,0.008095019,0.0017783941,0.0043750196,-0.0033308642,-0.013997927,0.01307542,-0.0011831018,-0.0027727734,-0.0014898725,0.0044335686,0.0055322982,-0.00062749075,-0.0072908327,-0.010159403,0.00068738865
2015-05-01,0.004717337,0.006713505,-0.002402369,0.004441215,0.0009812724,0.006711834,-0.0019738975,-0.023889901,0.0077437446,0.0124570085,-0.011403756,0.00202325,0.002390389,0.010131799,0.0015688943,0.0006873119,0.010851675,-0.009592619,0.010049296,0.01411984
2015-05-04,-0.0071432977,0.0005878963,0.026434947,0.010001197,0.013351925,0.012936918,0.000967864,0.008110137,0.005960865,0.002673507,0.0027228617,-0.0071398597,0.0,0.010937497,-0.006681076,0.019631967,0.01859063,0.0076732445,0.00306699,-0.010226784
2015-05-05,0.016102843,0.01507917,-0.011612977,0.012627558,6.724595e-05,-0.032861117,0.0,0.014795527,-0.0019848822,0.008023877,-0.011874236,0.013068221,-0.0055175065,-0.012537194,0.01363613,0.01150674,0.02620115,0.015982611,0.0137837585,-0.00020526281
2015-05-06,-0.0015678108,-0.0033463151,0.012625279,0.006451459,0.019138541,0.01717212,-0.007924397,-0.0027731922,0.030808616,-0.0009980081,0.012938428,-0.007049731,0.011990183,0.0,0.008155089,-0.0007836859,0.0,0.09496472,-0.006732489,-0.031408094
2015-05-07,-0.018043427,0.0028455278,0.009988435,0.0050848536,0.0044352924,-0.021126227,0.00042251832,-0.0039826725,0.017862618,0.0034914583,0.00677299,0.013698825,0.0034042166,0.004986204,0.0032844252,-0.003046024,-0.0034095785,0.0019531543,-0.004162552,-0.0026911355
2015-05-08,-0.037915204,0.0007802455,0.004057617,0.009573261,-0.010240442,0.0011408792,-0.0023103731,0.0,0.009001515,-0.007809027,0.00020508189,-0.04046604,-0.0021387707,0.0035639007,0.00036416543,0.0127489185,0.004016899,0.0038770107,-0.007583804,-0.0032165446
2015-05-11,-0.0054682703,-0.003103344,0.009742783,-0.0015976961,-0.002650922,0.033487774,0.016452445,-0.040353972,-0.008339735,0.004340045,0.0017699027,0.012576231,0.0006060022,-0.011178042,0.0029019816,0.0035346476,0.010583478,0.01314786,-0.0054674824,0.01625076
2015-05-12,0.05175161,0.0035663259,-0.0004084232,-0.005958717,0.011963179,-0.009759387,0.00563056,0.010224378,0.010655215,0.006910857,0.0,-0.002041832,0.006625894,0.03928894,0.009726505,-0.0016170093,-0.0039964216,-0.06594634,0.004899533,0.0
2015-05-13,0.0980278,0.0026088431,0.0047484394,0.0068203364,0.012157598,0.0075329067,-0.004195445,0.0,0.0005775672,0.009263993,0.0059161945,0.017882772,0.006519321,0.0010213226,0.0066421917,0.0027260925,0.023415277,0.047325347,0.027347853,0.026119616
2015-05-14,0.0025139272,0.010489167,0.0016750253,0.014246982,0.012777519,0.007146533,-0.00033962502,0.0029114173,-0.004575452,-0.0067384597,0.007252396,0.0,-0.0047122412,-0.028581532,0.00014826364,0.0029303995,0.009663995,0.023320986,0.021929301,0.004259486
2015-05-15,0.00082824426,0.002863995,0.001040839,0.00011420139,-0.005119841,0.012425624,-0.08561047,0.0072434107,-0.0021310463,0.0037575336,0.00822563,0.0,-0.006235422,0.0029655558,0.013991836,-0.000993506,0.00047395428,0.005302807,-0.00055489736,-0.0018357299
2015-05-18,-0.025848981,0.0043408405,0.012000894,-0.003165969,0.0022429784,0.00013000381,0.012664576,0.013374881,0.015696632,0.0051820036,0.0044251364,0.013519885,0.007819464,-0.0020389888,0.002813881,0.002910318,0.0052623516,0.015305803,0.031342033,0.020704187
2015-05-19,0.0019311889,-0.0073119015,-0.0023927835,0.01571897,0.008158827,0.010092987,-0.0019433752,0.018155897,0.013940009,0.0033715353,0.00700533,0.0010659772,0.0034358085,-0.015747236,-0.0016396821,0.005856686,-0.012670759,-0.006291726,-0.00976536,0.0033050473
2015-05-20,0.013762017,0.008159755,0.010120827,0.008886697,0.0022612577,0.011051646,-0.0054411194,-0.0021433255,0.008849895,0.009312993,0.0061820024,0.009871366,0.0091888,0.011205559,0.00013988021,0.009700747,-0.007843633,-0.05560601,-0.00990136,0.008807411
2015-05-21,0.021974273,0.014777375,-0.01105523,0.00042089092,-0.0023158367,0.0028618071,0.009025978,0.0008185668,-0.009258081,0.0015113846,-0.008117802,0.00313951,0.0,-0.03984984,-0.0042310045,0.0012601635,0.006653944,0.024058804,0.021803116,0.011401203
2015-05-22,0.0011387832,-0.0008192087,0.0037767917,0.0043517095,0.009844584,-0.0029317332,0.011561347,0.00085623754,0.005796532,0.0009663536,0.0026256174,0.005003976,0.006150716,-0.0019118689,0.0014566984,-0.0023336771,0.008871222,0.0033994364,-0.0020233437,-0.00068506383
2015-05-25,0.019590642,0.0063202614,0.015090735,0.00017291174,-0.0062043527,0.013159265,0.003825117,0.00589353,-0.0033061465,0.0052237627,0.0,0.004681582,0.0075042387,0.015202144,0.0,0.005828201,0.0080528855,-0.0028611699,-0.005954388,0.015162068
2015-05-26,0.011097141,0.0068780645,-0.005809392,-0.0020384002,0.011987144,0.0030677011,-0.0035292814,-0.010753107,0.0,0.0071061268,-0.0001393079,0.0075148917,0.013253488,-0.0071212263,0.0021495125,0.007464451,0.0002928344,0.024662312,-0.009564568,-0.022257583
2015-05-27,0.011937682,-0.008946661,0.002899969,0.0030099063,-0.047583617,-0.02973031,-0.012890949,0.013940828,-0.0035497344,0.00071198505,0.010013845,0.00010838156,-0.0052972343,-0.008985446,0.0002972075,0.008154457,-0.008059161,-0.016491316,0.009166936,0.012860529
2015-05-28,-0.0063392366,-0.013078856,0.0049739787,0.00095391826,0.01570134,0.010881315,0.014350857,0.0182849,0.040280692,0.004258022,-0.00044021875,0.004892632,0.010049448,0.011360568,0.0004007171,0.0026966166,-0.00589038,0.0066175414,0.010204095,0.0
2015-05-29,0.010685275,0.00046004797,0.0019599735,0.0021187444,-0.0023027214,0.0048759673,0.11544477,-0.03230436,0.021989254,-0.0016995971,0.0013956494,-0.0058010244,0.0075717974,-0.0024650556,0.0012841563,-0.0018565508,0.006120496,-0.008188222,0.00035415194,0.0017638191
2015-06-01,0.011225157,0.0062755733,0.002837781,-0.014732657,0.008235887,0.0118754115,-0.0085367635,0.010415217,0.016265068,0.0039209025,0.005360592,-0.0043500834,0.00840763,0.0090186,0.0,0.0035453585,0.0048342436,0.0031033512,-0.02428808,0.003965817
2015-06-02,-0.0002722456,0.01086134,-0.0055362806,0.009098472,-0.00092179084,0.0065412996,-0.0111104315,0.00092762214,0.013737041,-0.0019875092,-0.0020454614,0.0052610952,-0.0010502335,0.0006748557,0.0050260965,0.0089683095,-0.008061923,-0.003981417,-0.012005701,-0.0003648481
2015-06-03,-0.0072772,0.00045543254,-0.013156789,0.004817784,0.0067604915,0.0,-0.051571023,0.026455866,0.010836691,0.0014871443,0.010001406,0.00028927712,0.01049273,0.0054877335,-0.003216403,0.008511661,0.008883136,-0.09258152,-0.00045169776,0.008122207
2015-06-04,0.024879865,0.0049000178,0.008749877,0.034698334,0.007432936,0.0,-0.056200676,0.0,0.0053446786,-0.0033968037,-0.0041343453,0.0037792148,-0.0039938134,-0.015444462,0.0072734696,0.009058816,-0.012657155,-0.035290815,0.005393047,0.0064374693
2015-06-05,0.020587597,0.0041961987,0.0065872357,0.0,-0.019869354,-0.0013833613,0.0068414537,-0.015556451,0.0090601975,-0.0015953509,0.00887984,0.011855544,-0.0023189604,0.005192339,-0.0037676226,0.00016006823,0.011055421,0.03609606,0.014525196,-0.0031533784
2015-06-08,-0.0020301647,0.0002527903,-0.0076467544,-0.002406138,-0.009474669,0.0150762815,0.00015244621,-0.0045718905,0.004223862,0.004226189,0.001960839,0.009618718,0.0054935575,0.00119979,-0.0007976393,-0.0037288882,-0.0012307097,-0.0021386228,-0.0057778563,0.0022286763
2015-06-09,0.0025197174,0.0009389784,0.002936254,0.009020062,-0.004977714,-0.0003700433,-0.00676925,0.024020957,0.011251473,-0.0045442735,0.002092779,0.010474432,-0.0110188,0.0048707253,0.008735093,0.007389012,0.002556615,0.056251537,-0.012261541,0.010922965
2015-06-10,-0.0058323704,0.011970758,0.000779621,0.0048992396,0.002546355,0.0031495201,0.010230487,0.010417386,0.012883393,0.010237893,-0.002331397,0.0021577151,0.008856424,0.017186755,0.0027861595,-0.0018254082,0.0011548481,-0.016786657,0.0034431354,-0.00049218995
2015-06-11,0.0012695946,0.008110811,5.5413097e-06,0.017254125,0.023259522,0.0074488455,0.07453672,-0.0226459,-0.0074092885,0.0073256325,0.0051116017,0.010179298,0.0016134257,-0.00055052486,-0.00784443,0.010656908,0.0010240461,0.0019434788,0.0,-0.00027032715
2015-06-12,0.00018334575,0.009182863,0.0020058646,0.0044213473,0.005352295,0.0019535953,0.0181688,-0.010238524,0.002290582,-0.0049322946,0.007850916,-0.0039094724,0.006090356,0.006920607,0.009931584,-0.0017262698,-0.015843837,0.0088958815,0.04003443,-0.00040877605
2015-06-15,-0.0026797955,-0.0038344874,0.0,0.0128712375,0.019625967,0.0063309073,0.005116289,0.021638518,0.012142166,0.003503399,0.009141988,0.008658583,0.010571015,0.0021983013,0.0023312913,0.005126884,0.0065829223,0.0052188504,0.013559068,-0.0028437
2015-06-16,0.02574528,-0.0015334509,0.0,0.0043811505,0.012088233,-0.017539687,0.006927883,-0.0020724875,-0.014738984,0.004662479,-0.017630283,-0.01318123,0.0004526156,0.010580361,0.0037720478,-0.0033021902,0.0075308424,-0.024323467,0.007370905,-0.0032135178
2015-06-17,0.018480768,0.02338193,0.0033440166,0.0049235364,-0.0063186795,0.012729794,0.0056023044,0.00064415514,0.06501161,0.00028229516,-0.0032618477,0.0043953154,-0.006215644,0.008286842,-0.11121186,0.01528656,-0.0018494299,-0.0063235257,0.010022834,-0.0057979906
2015-06-18,0.010856573,0.017267305,0.0019574675,-0.0034695554,0.0038394486,-0.008712115,0.0090045575,0.012947702,0.06478254,0.010005215,0.0029050056,0.00083724037,-0.052157253,0.020142687,-0.0061601945,0.020780433,0.0053524906,0.003317079,0.00027741134,0.007088664
2015-06-19,0.02076739,0.016268779,-0.0034414148,0.012524653,0.009838711,0.024885332,0.008443227,0.011132018,-0.0034987708,-0.0013358211,-0.0017641021,0.0026609267,-0.015406634,0.0042140726,0.007982092,0.0034221383,-0.005982964,-0.0003045955,-0.006604549,0.009218069
2015-06-22,-0.017850222,0.018367331,0.004714926,-0.010866029,0.0024275915,-0.022440651,0.0,0.008865186,0.00812572,-0.006324235,-0.012327125,0.0012738016,-0.040360045,0.0008296909,0.12600158,-0.0032359068,0.005018786,0.015991583,0.009388533,0.001523679
2015-06-23,0.0052025244,0.0,-0.0025565277,0.00025615195,-0.0011741329,0.022103617,-0.0025745966,-0.0026303325,-0.0026961504,-0.00857658,-0.01936949,0.013073928,0.006561377,-0.0035271568,0.0124684535,-0.002649526,-0.022906497,0.0013198048,-0.0057825255,0.004396048
2015-06-24,-0.012645722,-0.0022341942,-0.0012099845,0.003305549,-0.016206736,-0.0009688725,-0.0078275325,-0.008222418,-0.005048377,0.023767397,0.0034107778,0.015082151,0.008803137,-0.009536922,-0.0032836497,-0.0054615336,0.005924572,0.0038914585,0.0,4.808737e-05
2015-06-25,0.0009095169,9.3299706e-05,-0.003417547,-0.0003225949,0.005653199,-0.2071244,0.0033429465,-0.0016543361,0.020574989,0.0025186476,-0.0039753807,0.0034263355,-0.021933272,-0.014110961,0.0007219687,0.010935167,-0.0115265865,0.009357468,0.010800818,0.009529091
2015-06-26,-0.040412325,0.01010276,0.0012291544,-0.02899369,0.024896463,0.011455058,0.005619444,0.0028869319,-0.014536741,0.0027731557,0.017766334,-0.00093119993,0.009686911,-0.0013120725,0.06251529,-0.0023594927,0.0018023395,0.013572173,0.0,0.00043559383
2015-06-29,-0.0074061225,0.0,0.0032447502,0.001097994,0.028664362,0.01580663,5.5638862e-05,0.0022357013,0.0077402736,0.0038563665,-0.004316725,0.020470565,0.005176206,-0.010862193,0.08516199,0.00040855378,0.0,0.012791393,-0.005434541,0.01861731
2015-06-30,0.015339757,-0.007392592,0.006099564,-0.0033871469,0.009853831,-0.0023028844,0.0018905525,0.0041553597,0.0051048845,0.0029764152,-0.0016058178,-0.010054808,0.008516682,0.0,0.012703688,0.016595177,0.028259749,-0.04938644,0.00081753003,-0.002362019
2015-07-01,0.001590008,0.009001551,0.0035154927,0.012496253,0.005994188,-0.009333613,0.0124891,0.0016473903,-0.015306529,0.009824502,0.003498278,0.039405715,0.0056133345,0.012429125,0.020888902,0.003255822,0.0025856255,0.020118793,-0.00037727837,-0.015682345
2015-07-02,0.05447727,0.0040233443,-0.0017339038,0.04400073,-8.047147e-07,0.05361836,0.0041677444,-0.0017072157,0.0022554814,0.0024903864,0.012863977,-0.03920911,0.013650338,0.0,-0.05173263,0.007363999,0.009634756,0.0016454384,-0.011592951,0.0063387197
2015-07-03,-0.031631354,0.017335607,0.0053567784,-0.012527678,-0.038764726,0.007557267,0.007135234,-0.0028193612,0.013820028,-0.00019058026,-0.00019389098,0.0003304119,-0.0055975933,-0.0058739665,0.048947215,0.012193576,0.0054043774,0.005325966,0.019997332,-0.0111959
2015-07-06,0.016500225,-0.0054580453,0.0007777091,-0.0025358065,0.0419912,0.008827633,0.003216941,0.0089484155,0.014807039,0.012514318,-0.0076265344,0.0047217994,-0.012815234,0.010806687,-0.005931089,0.00050227204,0.0030955328,0.023810647,-0.014183322,0.005601577
2015-07-07,0.0007140704,0.017259615,-0.0021257573,0.017716534,0.002003363,-0.0015642485,0.0,-0.0021593207,-0.014467978,0.003868983,0.012663698,-0.007430605,0.0058669383,0.010002446,-0.0021914449,-0.0020917358,-0.0014826535,-0.002134381,0.005555893,0.0071713673
2015-07-08,0.0009766854,-0.012780843,0.009089183,0.004582988,0.0038792477,0.0,0.0036336393,0.00024055675,-0.004188167,-0.023868427,0.0023084094,-0.013869499,-0.0057870224,-0.0014361576,0.0032734915,0.0007703005,-0.0043256585,-0.030138187,-0.0010486967,0.0068826606
2015-07-09,-0.037154548,0.00055249344,0.009496188,0.009225493,-0.017630465,-0.00025534758,-0.021954881,0.0022909164,0.03175633,-0.004050486,-0.0013722961,0.0048689055,-0.010566584,0.0034883365,0.0,-0.0025573196,0.008570703,0.024402417,-0.005880225,0.0404214
2015-07-10,-0.021241581,0.009673697,0.007326051,0.0069147996,0.013150359,0.0032726326,-0.084732346,-0.005255606,0.0150933685,-0.018960131,-0.01352239,0.0040478576,0.0057856906,-0.0048674657,-0.027823163,0.00893884,-0.008196386,0.0062372596,-0.19571838,-0.00026978357
2015-07-13,0.0031066032,0.002717011,0.006730761,-0.0014073798,0.00016114986,-0.019034501,0.022172634,0.001604553,0.00405089,0.011327635,0.0049234806,0.008950434,0.0443284,0.0072845984,0.010561846,-0.012307271,0.0058674044,0.007866493,0.0031897053,0.0084340265
2015-07-14,-0.003310449,0.0067188246,0.002846319,-0.010549212,0.010849745,-0.018939583,0.014843253,-0.024202282,0.023278892,-0.019867966,0.0060768933,0.011438167,0.005494255,-0.028606826,0.042734306,0.003882749,0.006268621,0.015478286,0.01919373,-0.011100952
2015-07-15,0.0041753403,-1.3704759e-05,-0.003043851,-0.011370964,0.034942124,-0.0071733026,4.638968e-05,0.07116403,-0.018065017,0.008676195,-0.00090130063,0.0029379353,0.0014295363,0.0033170634,0.004909013,0.0028860206,-0.004590369,-0.01109356,0.004404923,0.0011690411
2015-07-16,0.007982099,-0.005979704,0.0,0.014367339,0.00435574,0.0028780187,-0.006730943,0.0065434785,-0.015757853,-0.008028285,0.0,0.0033887904,0.01022922,0.01969371,0.0031783355,-0.0036407716,-0.0019446322,0.0108584445,0.004027376,0.010108963
2015-07-17,0.019583568,-0.012584852,-0.0002899217,0.0015154964,-0.010192634,0.00150827,0.005694034,0.005406669,0.0,0.00030261205,0.020000681,0.021025129,0.005673081,0.0032153444,0.012625712,0.010564631,0.011372982,-0.029102663,-0.09006504,0.006919723
2015-07-20,-0.0013200368,-0.03707157,0.0,-0.0034052902,0.006124334,-0.025823748,0.01375268,-0.028916493,0.0043827784,0.00089415157,-0.0041827597,-0.00044110126,0.008117543,-0.00079439394,0.021782197,-0.0030066909,-0.010174918,-0.010385794,0.01926556,0.019534675
2015-07-21,0.015422836,-0.0066752164,0.0016210933,0.009755245,-0.0007761552,0.0071369857,0.008622197,0.03430062,0.0061374474,-0.0034855753,0.008894061,0.004221523,0.0052241744,-0.008828954,0.0,0.0053926157,0.001728365,0.018997405,0.010857088,0.00187524
2015-07-22,0.0033479135,0.0036319683,0.009435453,-0.0063614044,0.004275319,-0.004516403,0.0059000077,-0.007657734,0.0,0.0346091,-0.0020876378,0.0,0.0,0.011244298,-0.022580791,0.004822261,-0.008201886,-0.0031959047,-0.013598405,-0.009756595
2015-07-23,0.014841995,0.0055205775,0.0,0.0022573383,0.011024431,0.013606602,0.0038125531,0.010575872,-0.015439604,0.0,0.009703489,0.0053442433,0.013465689,0.0075931223,0.0021689257,0.012521183,-0.008017431,0.003850407,0.008869819,0.024797145
2015-07-24,-0.020105459,0.03948136,0.0033513533,0.014015427,-0.0015901045,-0.01138443,0.0044058743,-0.0073548774,0.0015006557,0.0065652747,0.008883179,0.0010262018,0.007248608,0.0025231028,0.0003132048,0.0077306284,-0.0070628696,0.0019169246,0.000998081,0.0052982434
2015-07-27,0.00883776,0.006067717,-0.00046562022,0.012930181,-0.19232704,0.024194108,0.008529112,0.0103951255,-0.08598322,0.007833587,0.0,0.014589387,0.003155013,0.0015063302,0.040228564,0.0024632278,0.004059019,0.009354776,-0.012623833,-0.00025805182
2015-07-28,-0.005576978,0.007784099,0.0021955362,0.0024149823,0.030377842,0.0023768824,-0.010696591,-0.04670911,0.010012619,0.011029429,0.016628038,0.0047311,-0.0014293237,-0.00065843516,0.00013491506,0.013964354,0.00053967733,0.0068932036,0.010095764,-0.019144557
2015-07-29,0.03736238,0.018811047,-0.00266714,0.017119285,0.0053130654,-0.0054590674,0.009793024,0.007886704,-0.00075967703,0.0037987237,-0.0026904761,-0.0067196805,0.0060793203,0.0023495555,-0.007714402,-0.008771106,0.010506943,0.004722426,0.0003970015,-0.0036538036
2015-07-30,0.033285946,-0.006057157,0.0010646548,-0.027281325,-0.0040285042,0.07210267,0.0017219682,0.009738281,0.0019388833,0.009296519,-0.04797329,-0.007091074,-0.002340083,0.00097150647,0.014905768,0.0069516003,0.009232422,0.011705144,0.009627903,-0.0018575843
2015-07-31,-0.0055003986,-0.007390646,0.0072040698,-0.0020195623,0.02388513,0.015370741,0.006176818,0.010762829,0.03148303,-0.00047656373,0.0132472245,0.037188172,0.01480116,0.0073980177,0.06122416,0.011070834,0.0037651167,0.006617304,-0.015177622,0.00036074646
2015-08-03,0.0077192737,0.003332826,-0.0024022022,-0.015455253,0.010432198,-0.030291623,0.0028477386,-0.0054873372,0.07202944,0.037598178,0.001802246,0.015555157,-0.0017942755,0.0041940333,-0.019963305,0.0,0.0058160718,0.0055248397,0.12781598,-0.010847309
2015-08-04,-0.008856792,0.0012598649,0.0089899115,-0.015059336,0.0048459987,0.0033211662,-0.0054991674,0.013644703,0.0,-0.0045863325,0.008878867,0.02538295,-0.0037504204,0.007188847,0.005172089,-0.0019603819,-0.001449621,-0.006134949,-0.007300965,-0.0007377746
2015-08-05,-0.0072396984,-0.0034691456,0.0013990452,-0.004560072,-0.009054667,0.016900152,-0.01563347,0.035829995,0.014801411,0.030324798,-0.009772661,0.009902356,0.0022733496,0.0058684163,-0.0014233218,0.0075077713,-0.0041014613,-0.008515865,-0.0011346522,-0.01794874
2015-08-06,0.0026254775,0.014486296,0.0023402167,0.023308327,0.008736792,0.011434098,0.0120827565,-0.00016887147,0.055400003,0.004102664,-0.010650732,-0.0018720765,-0.0024733602,-0.0020637633,-0.013117986,-0.00074905914,-0.0062816357,-0.015105344,0.0071399133,-0.01039586
2015-08-07,-0.003269945,-0.004962986,0.0039030998,-0.00056429335,-0.002084626,-0.008072478,0.006755864,-0.008352803,0.0060992707,-0.01143764,0.007024209,0.02652945,0.013538512,0.019998323,-0.0043380335,0.0067448807,0.005761944,0.011983403,-0.011678558,0.000428692
2015-08-10,0.0039580944,-0.006264628,-0.0050916616,0.0022511596,0.0,-0.03782024,-0.0019689156,0.008440913,-0.0084051555,0.020221267,-0.00047912647,-0.0067256354,-0.0045871385,0.00093583605,-0.20759627,-0.000983232,0.009685749,-0.0020315207,0.0027846405,-0.0018089637
2015-08-11,0.006075632,0.008163697,-0.007433623,-0.0055746417,0.0073568514,0.00074363744,0.015987217,0.012198569,-0.022870986,-0.003737433,0.006239971,0.02792292,-0.0008272914,4.2749816e-05,0.011728514,0.01940379,0.0,0.005961453,0.01961086,0.0069096107
2015-08-12,-0.06304028,0.0014469308,-0.0015365558,0.0017322795,0.00084025,0.013882579,0.008571207,-0.029530514,0.029453188,-0.010644716,-0.024092562,-0.0007327913,0.00023421453,7.9567326e-05,0.00064611976,0.008074626,0.0062386906,0.010997166,0.025134066,-0.052897718
2015-08-13,0.013110347,0.0032428135,0.0024745413,0.0029101288,0.011139878,0.0103978645,0.010264692,-0.0026586186,0.036655724,0.011054,0.0014543649,0.010110401,-0.005674615,0.016563337,0.036540598,-0.0005337326,-0.00258158,-0.016998228,0.010838561,0.025121002
2015-08-14,0.006227253,-0.0014920685,0.011471288,-0.10231178,0.019808937,0.0,0.002423004,-0.00019882902,-0.00044502152,0.016232809,0.007778626,0.0036520152,0.015097499,-0.0027840547,0.017139938,0.011769502,0.0061775167,0.01817631,0.01077864,0.004056878
2015-08-17,0.049415655,-0.00028817344,0.009735319,-0.004001336,-0.004236908,0.012850847,0.010397875,0.0,-0.0029718857,-0.002294165,0.00861973,0.0040471843,-0.013369225,-0.001723604,-0.005472424,-0.009522688,-0.0035462442,-0.0055090305,0.005125221,-0.0020781849
2015-08-18,-0.022907492,0.007211978,0.004982703,0.025678957,0.08491777,0.0070297383,-0.0054091355,0.012830569,0.005839205,0.0047594695,0.00097369996,-0.001539128,-0.0006490602,0.020106537,0.0038342096,-0.012625648,-0.007992811,0.0023233828,-0.020848393,0.0
2015-08-19,0.031059114,0.0031170011,0.009692426,-0.009250883,-0.0054826513,-0.022445777,0.0,0.0061986353,0.00047593517,0.0020531148,0.009977464,0.08084349,0.00035803902,-0.0011294107,0.046306822,0.008207941,0.016051013,-0.0011237304,0.038406238,0.007638784
2015-08-20,0.018378062,-0.006671174,0.010148266,0.041262213,0.0015996756,-0.00032953336,0.0,0.0,-0.030799983,0.009162009,0.009405737,-0.01583578,-0.003711188,-0.014519842,-0.0054979054,0.0141373575,0.0003030762,0.004885977,0.00015661695,0.017864335
2015-08-21,-0.0117696915,-0.001186088,-0.0029477696,0.0069842357,0.01092532,0.0054491027,0.0039269263,0.020012613,0.04032518,0.006955891,0.0069013718,0.01917589,0.016891042,-0.0016850957,0.0058509624,0.0040572253,-0.0007513674,0.008351484,0.00649701,-0.0010085518
2015-08-24,-0.0018345311,-0.01248859,1.0710969e-05,-0.0053000343,0.010024901,-0.00013317735,0.009687735,-0.00944797,0.009578837,0.010454137,-0.019878376,0.015459497,-0.0009786875,0.007416402,0.0053254017,-0.0036197174,-0.002580324,0.0,-0.0077439765,0.001652251
2015-08-25,-0.0032171018,0.009964689,-0.014622476,0.07443736,-0.053760212,0.024736483,-0.00013420633,0.012263365,0.016272731,-0.010556474,0.0060401787,0.007330704,0.0071057314,-0.002614631,0.009548442,-0.05140069,-0.00010266859,0.00856534,-0.041281793,0.0053912885
2015-08-26,0.012523084,0.0012358989,-0.004395626,0.019862168,-0.0046411674,-0.015913796,-0.008360928,-0.00999866,0.0021773598,0.012102362,-0.013347471,0.0053364504,-0.0045051593,-0.010336964,0.00532381,0.017496658,-0.0005935879,-0.012295045,0.05532351,0.0
2015-08-27,-0.014009531,0.010641018,0.0034617863,0.0051406766,-0.0028436454,0.0053873966,-0.0026970326,0.004367955,-0.019383624,0.013299941,-0.009392202,-0.017697707,-0.0005097232,-0.0030192977,-0.0018192905,-0.0215256,0.009711211,-0.01086853,0.00833317,0.0
2015-08-28,0.0059431763,0.0049833613,0.0065683136,0.05486262,0.010560551,-0.0028190669,-0.006735034,-0.011653924,0.009993881,0.016389826,0.011022392,0.005338941,0.0044829044,-0.0036022332,0.03171842,-0.11296728,-0.00075248437,0.0067298072,-7.997173e-06,-0.0056891493
2015-08-31,0.0092083085,-0.0040594586,0.0011491018,-0.0315074,0.0065443097,0.012051156,0.010499977,0.020248095,-0.020771997,0.00428151,0.0045862948,-0.011171812,-0.004107037,0.0059105353,-0.08310497,-0.011131287,-0.0006487738,0.0040300917,-0.004975097,0.008860844
2015-09-01,0.008451725,0.002559974,0.005290228,0.010601681,-0.019616803,-0.00862992,-0.0011341409,0.006479509,0.060184415,0.0027307107,-0.005262737,-0.00348982,-0.0349162,-0.011270116,0.0155716,0.009270977,-0.0032736731,0.00067202974,0.01908198,0.00085371255
2015-09-02,0.004174608,-0.0018131054,0.014809888,-0.0073721223,-0.0011747455,0.015459669,0.010609342,0.01305932,0.016250847,0.008151802,0.00468557,0.017334558,-0.00045040812,0.0038803744,0.0016061028,-0.0054936535,-0.009284105,0.012506576,0.00084157643,0.008470484
2015-09-03,-0.0020730025,-0.0059732716,-0.007717862,-0.0054463954,0.006894158,-0.004912653,-0.013379824,0.011237108,-0.025616992,-0.0062850257,0.011547824,0.009566112,0.0066247885,0.014605788,0.00095468306,0.011922135,0.0041958517,0.00328005,0.018096276,0.0045667845
2015-09-04,0.0038120903,0.0,0.0041413205,0.00855187,0.01687741,-0.0073668133,0.0047963248,0.010058284,0.010643559,0.0057650893,-0.0005347318,-0.0033339427,0.0074558095,0.0,0.047308773,0.009054687,0.0,0.0031966912,0.018984774,0.0065051117
2015-09-07,0.0,0.0,0.007331224,0.0125417,-0.011585759,0.0020913405,0.010080734,-0.005429825,-0.010729485,0.01833746,-0.0062559783,0.0071841995,0.008841701,0.008362579,0.0,0.002804637,0.006080006,0.01901868,-0.091390274,0.0062290896
2015-09-08,0.014800144,0.0055972063,0.0025068428,0.0073626502,0.010409693,-0.025465695,-0.0069336426,0.009792798,0.07816898,0.018704677,0.008382636,-0.022138331,0.004470696,0.0008553311,-0.0069396477,0.010608557,0.0029689257,0.0017804113,0.008645694,0.021992875
2015-09-09,0.004545098,0.0104048895,-0.002657124,0.0013487613,0.039227925,0.0070607224,0.008163998,0.0025208797,-0.0020057517,0.008250171,-0.035003383,-0.0055140713,0.0067441436,0.0,0.004903196,0.00750013,0.0038898436,0.013383135,-0.010065725,0.010798854
2015-09-10,0.0013084474,0.0,0.008799547,0.047457613,0.0003742163,0.015676493,0.008502385,1.652376e-06,0.0163571,-0.017714608,0.005093598,0.036007404,0.0014150533,0.0008215922,-0.014505842,0.0039408514,-0.0014395645,0.02467236,0.011233919,0.011237203
2015-09-11,-0.010526048,0.0039278744,0.0014921658,0.001172823,0.008800937,0.001978992,0.0064663966,0.008986718,-0.014552863,0.007499074,0.005894658,-0.019366115,0.011754743,0.009560558,0.004907547,0.00011255049,-0.0057415697,-0.010980283,0.007042403,-0.0023479997
2015-09-14,0.0088390475,0.00087174255,0.009383984,0.0081442045,-0.027637744,0.009753016,-0.0013997357,-0.00024453437,-0.021409694,0.0065422375,0.0020183104,0.012670267,-0.002897253,0.0053946767,0.01663989,0.016910495,-0.014987377,0.0041698036,-0.0050986838,0.009688655
2015-09-15,0.01342962,-0.00013406726,0.017356,-0.0020690581,0.0020295,-0.004976813,0.015622666,0.0026900198,-0.002902833,0.006601201,-0.009503841,0.008479767,0.027367275,0.021864438,-0.003722755,0.0052826093,-0.009237631,0.019652283,0.021863844,-0.003011605
2015-09-16,0.0018408766,0.015459564,0.004470471,-0.0036703695,-0.004940677,0.014988053,-0.0006751444,-0.003701859,0.0059910095,0.0055393493,-0.00947239,-0.0049470267,-0.12691043,0.005286766,0.00465212,0.0062333853,-0.004139631,0.023700498,0.01140239,0.003536982
2015-09-17,0.0018750636,-0.0029253194,0.012378715,0.00922373,0.03881414,-0.0029620978,-0.011271504,0.024456857,0.004401566,0.005492546,0.009957176,0.085291594,0.010108271,-0.043526858,0.008298243,0.0150525225,0.004969598,0.004064335,-0.0077124657,0.009519259
2015-09-18,0.004376395,0.0027757038,0.0,-0.018616702,-0.0061956113,0.011110591,0.0062042098,0.01209544,0.013884702,-0.0130828405,0.006238048,-0.0019749058,-0.020315673,0.010107039,0.020071449,0.010101691,0.0150685515,-0.0007264938,0.0069800452,0.008496159
2015-09-21,0.00018615946,-0.0066315415,-0.0047826227,0.008142223,0.00896223,0.0,0.0010310751,0.008509381,-0.0034316592,2.8431023e-06,0.004124397,0.013688936,0.00030184488,0.018142771,-0.002083327,0.0032302137,0.011436073,0.009509758,0.0002374066,0.003565482
2015-09-22,-0.000981269,0.005608822,-0.0006652192,0.010646875,-0.04580327,0.023222186,-0.0020942297,0.008208691,0.0025110457,-0.004975038,0.023433514,-0.0033515214,0.034385182,0.024698416,-0.006015546,0.00910855,0.024944775,-0.011242398,-0.0073648207,0.0068093194
2015-09-23,0.010246681,-0.008392517,-0.024254993,-0.009427632,0.012977292,0.011587802,-0.0013551004,0.008883202,0.008113386,0.0044218195,0.02529902,-0.004293432,0.002440067,-0.21947913,0.010081934,-0.0108170165,0.012014347,0.019186044,-0.011674954,-0.016780188
2015-09-24,0.0054956623,-0.038638506,0.002253979,0.025993126,-0.0007310222,0.0,-0.0021883287,0.002370131,-0.011676448,0.010555486,0.0024638374,-0.014413737,-0.0009116317,0.027949372,0.0,0.008996379,0.009375379,0.005632055,0.024891788,0.008579505
2015-09-25,0.0059478194,0.0,0.00023257923,-0.022276718,0.036305632,0.0,-0.002255741,0.008265022,0.0042184885,0.001890843,0.039071534,-0.0005158734,-0.030034011,0.088744,0.006906223,0.0,0.012866274,-0.0014909239,0.000379614,0.008877549
2015-09-28,-0.024414277,0.05077391,0.01021382,0.010222204,-0.048217904,0.014784476,0.003546862,0.0021489651,-0.0065662456,0.0067649544,0.013163192,0.012808749,0.067757994,0.006168099,0.010519567,-0.0056108916,0.007268421,-0.0027480337,0.026358884,0.004027842
2015-09-29,0.011415269,-0.0022777345,0.015718084,-0.00085367577,0.01174328,0.005048389,0.0042574396,-0.0213527,0.008119096,0.013720418,-0.01549881,-0.0050474247,0.006741576,0.041271243,-0.0020312339,0.0131020695,-0.0056310007,-0.009275436,-0.060668316,0.010283935
2015-09-30,0.008954306,0.0,0.007608824,0.0044682594,-0.007933257,-0.026655952,0.007758411,0.0017929749,0.0074597667,-0.003934448,0.0,0.0059982254,0.02631208,-0.061197035,-0.001340643,0.0039379355,-0.0028123863,0.022001307,-0.0015088514,-0.0038635815
2015-10-01,-0.013753088,0.012682506,-0.0026235725,0.0089976685,0.010140726,0.008705057,0.005643841,0.0017983009,0.009377458,-0.023810055,-0.039907526,0.0028341333,-0.0028191656,-0.051810298,-0.0058260155,0.024726907,-0.019133056,0.0026817468,-0.026280787,-0.0005320802
2015-10-02,0.012434583,-0.00027557378,0.0015974593,-0.0028074312,-0.018844891,-0.021941807,0.0039369687,0.011144747,-0.015612759,-0.006358423,0.009297097,0.0021868164,0.002534827,-0.0061794384,0.0063480414,0.00999896,0.0032234832,0.011735117,0.013378866,0.0050835023
2015-10-05,0.0039378796,-0.014928176,0.010664419,0.008300029,0.015738796,0.024322648,0.0,0.015768807,0.0069983364,-0.01791042,0.009304482,-0.048401576,0.017301355,0.17028682,0.0024980833,0.005828751,0.014939872,-0.0010169545,-0.006405808,-0.005856707
2015-10-06,-0.0011236893,-0.02785202,0.00804593,0.0,0.0019274302,0.008487375,0.0008714183,0.0051954286,0.016580835,0.008674578,-0.010479242,0.00918072,0.047766257,0.007135789,-0.008324979,-0.0051607066,-0.010299263,-0.009701186,0.013556345,0.0074574114
2015-10-07,0.004860448,-0.003995427,0.013762146,0.009327339,0.0023729512,-0.0058015976,0.0012791324,-0.005631864,-0.0078026266,-0.0040559806,0.04541947,-0.09144014,0.0,0.021180635,0.0069043366,0.01471364,0.0022884822,0.0,0.01729299,0.005011936
2015-10-08,0.00091879786,-0.0034224326,0.0006969298,0.0064187893,0.016377129,0.013106704,-0.0044370694,-0.0042348676,0.0032656945,0.014425647,-0.05512524,0.003716659,0.0020573314,0.015781939,-0.020330831,0.0063456157,-0.0126868915,0.010277154,-0.010012941,-0.0018326489
2015-10-09,-0.0005013153,0.0032829733,0.016625794,0.0030260235,0.008894745,-0.0108465655,-0.00090867665,-0.0025101174,-0.0023327935,-0.00020160072,0.013192491,0.0061255465,-0.027647585,-0.10036327,0.0069211414,0.0016067555,0.039084032,0.00033951548,0.014291539,-0.0021458694
2015-10-12,0.023851315,0.025444811,-0.0073896707,-0.005502046,-0.02042675,-0.0038656488,0.0043852665,0.008046242,0.007933694,-0.042978585,-0.002697154,0.026163207,-0.04549171,-0.013665125,0.000139366,0.01461703,-0.019209798,-0.0017288275,-0.00034264175,0.0020474216
2015-10-13,-0.0059586717,0.0,-0.004206134,0.006042778,0.0027519842,0.0072950213,-0.00262998,0.012406905,-0.0024025596,0.010225176,-0.10777324,0.0,0.01257251,0.006512226,0.020019287,0.0019871036,0.010045254,-0.0030202977,0.018311141,0.004000387
2015-10-14,0.00076159707,-0.0029763542,0.002019894,0.008850866,-0.036236417,0.0033528286,0.0047410023,-0.0054741106,0.0056202365,-0.02075667,0.016260952,-0.03889204,-0.032519292,0.15571177,0.013960881,-0.006947619,0.013828818,0.011415446,0.013204435,0.009644813
2015-10-15,0.017088696,0.01707082,-0.009478497,0.0,-0.044288978,0.0002906943,0.0016188988,0.0022462388,0.004896501,0.04024569,0.0004748274,0.010852771,-0.0040152404,0.088717006,-0.010975444,-0.0036050417,-0.00054354797,0.0028903207,-0.013911182,0.0065147243
2015-10-16,-0.011580072,0.024579821,0.008557883,0.0024150542,0.011779883,0.00639257,-0.02953355,-0.005130995,0.013519211,0.0045671756,0.08873865,-0.0032889568,-0.02446617,-0.025209295,0.011064364,-0.0017056994,0.01377992,0.009530955,0.0014304122,-0.0009511873
2015-10-19,0.0022884759,-0.014154113,0.011155339,0.0,0.020407334,0.002211324,0.018987825,0.0031128079,0.009194685,0.084018,-0.026960522,0.010954482,0.023198605,0.05188077,0.0030956583,-0.019383935,0.025391487,0.003399943,0.008746786,0.002405431
2015-10-20,-0.009945963,0.05263174,0.0455899,0.0021051057,0.022953954,0.019211207,0.005710367,0.014262837,0.002902731,0.0,0.002935479,0.0048435545,-0.0007112032,0.020809714,-0.0032375876,0.011354991,-0.004151649,0.00743132,0.0024435192,0.003201753
2015-10-21,0.0004904119,0.006737325,0.006233071,0.00566716,0.00035450514,-0.0009815512,0.006128094,0.0010008637,0.0033159445,0.0,0.006452779,0.013829537,0.011573556,-0.018011909,0.018378934,-0.00071919087,0.0027433163,0.00748233,0.0067017744,-0.005331387
2015-10-22,0.019565465,0.02480893,0.000176559,0.00693582,0.0033454439,0.002282602,0.0,0.00041511672,0.0073428475,-0.122369334,-0.0004749786,0.00487561,0.0050558904,-0.033111785,0.002032636,-0.010451172,-0.0039434214,0.002767076,-0.005818526,-0.0019487335
2015-10-23,-0.003487364,0.009718669,-0.0042221216,0.005793557,0.023477092,0.0140705705,-0.022033403,0.0059787366,0.007507464,0.007690685,0.011990295,-0.0024155388,-0.0010930054,0.02648456,-0.008747785,0.008171815,0.0024413178,-0.026729124,-0.009500984,-0.0052037323
2015-10-26,0.0046327473,-0.000948154,0.0033651262,0.0042416262,-0.017091636,-0.008473023,-0.0151264025,0.004292926,-0.009819064,0.0043771067,-0.0013032776,-0.0066713714,-0.0028479006,-0.05366721,-0.0064472943,-0.0018117228,0.004026988,-0.000622602,-0.005250329,0.0018407316
2015-10-27,-0.013141781,0.0018574374,0.020701101,0.008051305,0.0036358228,0.0,0.004810032,0.0,-0.00887338,-0.0046189744,0.104463756,0.015115361,-0.009657654,-0.023089997,0.015575592,0.023328414,-0.0019458208,0.0064765774,0.01988264,0.0015130403
2015-10-28,-0.00014618396,-0.044589438,-0.0028866702,-0.071406215,0.00573726,0.016857233,0.03688873,0.008910506,0.0040558386,0.0049966844,-0.001541709,0.01047293,0.013816579,-0.0261511,0.02629924,-0.00026219612,0.0048412904,-0.0025553142,0.0,0.004180825
2015-10-29,0.0,-0.009822737,0.0003713201,-0.0027499127,0.013085186,0.007158697,0.009084536,0.0021962915,0.0,0.032961797,0.010922513,-0.011497118,0.008095401,0.036702365,0.0014130855,0.0005993365,0.018874219,0.027386649,0.004985887,-0.002513876
2015-10-30,0.01928648,-0.1467768,0.008563963,0.0009291598,-0.00049884326,0.00024597222,0.010299889,0.0027671664,0.0046728295,0.010212783,-0.00014092794,-0.005445123,-0.004678527,0.032376777,-0.0016509978,-0.0015955734,0.012653376,0.0065400214,-0.010955473,0.0077454075
2015-11-02,0.0005353943,0.02672547,-0.002849898,0.0,-0.008090441,-0.00342004,-0.0011231105,-0.0019391816,0.01170174,0.00792374,0.0076632495,0.016869718,0.049194165,-0.00050593266,0.009682503,0.00035319116,-0.008171419,0.013069879,0.012241815,-0.006293964
2015-11-03,0.008802555,-0.027059266,-0.013546364,0.016734092,0.021244843,0.0010231262,0.0043921876,0.0021122084,-0.0011347333,0.0042945333,0.0010985689,0.0,0.03434436,0.1514789,0.00612455,-0.0034910266,-0.0010244044,0.005767163,0.019730547,0.0093467105
2015-11-04,-0.00081584067,0.03210276,0.008116189,0.0036588795,-0.01562059,0.0059139486,0.00085023855,0.0018918316,0.008802437,0.0022833496,0.01322352,0.0,0.010527188,-0.0042427797,0.000112808084,0.01087199,-0.0017568314,0.0008349782,-0.01895679,0.0
2015-11-05,0.008359679,-0.026019193,-0.007956123,-0.0012723907,0.010694575,0.0010899937,-0.0035458163,0.013069352,0.00019135722,0.017091563,0.0009524629,0.00816614,-0.02096472,0.054846548,0.0033473577,0.024974199,-0.0023584506,-0.00044813528,0.0058842883,-0.0035815877
2015-11-06,-0.0021568881,0.02183732,0.049891613,0.0085355835,-0.0048323083,0.0086274855,0.00313195,0.00097221887,-0.007120966,0.00587988,-0.004864242,-0.0023935228,0.053110063,0.0033871776,0.00689294,-0.015328064,-0.00027518749,0.010508571,-0.006578942,0.014936287
2015-11-09,0.009761819,0.03346109,0.013303872,0.0091690775,0.009812461,0.008554644,0.008318289,-0.0026042536,0.0051069097,0.0021685457,-0.013558492,0.0033491915,0.039387863,-0.0024705369,0.014795826,0.0065103867,-0.01250153,0.004921141,-0.015485252,0.009761824
2015-11-10,0.012198727,-0.01717832,0.005355644,-0.0052950084,-0.0030150109,0.0074968585,0.006093815,0.010494706,0.0031649738,0.010858013,-0.013320206,0.008157604,-0.012753754,0.005635059,0.009362491,0.0008572898,0.009430349,0.026874935,0.011064304,0.0020199304
2015-11-11,-0.0084598055,0.118628666,0.004383167,0.007963588,0.0068570026,-0.0031397105,0.0049530906,-0.003749889,-0.000977261,-0.029501813,0.025514763,0.006444239,-0.0075683505,-0.073484786,0.015222688,0.006377999,-0.016694523,-0.009479841,-0.01780591,0.001795907
2015-11-12,0.0052122865,0.008366229,0.01012959,0.0,0.024645025,0.008237412,-0.0016106716,0.0027997342,-0.009700554,0.0022669074,0.014239046,0.012329223,0.01087662,0.04331988,0.0034811485,0.0039473143,0.02044139,0.016765937,0.031206416,0.0043024956
2015-11-13,0.0068103247,0.010247241,0.019040883,-0.0005091185,0.0,0.006507672,-0.00923995,0.0070531466,0.0016506957,0.00055033236,0.019199245,-0.017958274,-0.009493212,-0.009374936,-0.0019939998,0.0038023228,-0.005180611,-0.0003889687,0.0051599927,-0.0003546418
2015-11-16,0.0035842105,-0.0029558195,0.0030948517,-0.002994462,0.0047254493,0.0059191603,0.0011734682,0.007077367,0.00014166452,0.010602128,0.014276192,-0.0034188293,-0.016746776,0.047950353,-0.0031258252,0.017500572,0.008608019,0.012574422,0.0053001414,0.0021175514
2015-11-17,0.005474624,0.0009687887,0.0026014058,0.0038747352,0.0026151864,0.008756195,0.0028914586,-0.008761222,0.0012096583,-0.011666117,0.0037610368,-0.0051877345,-0.0051641027,-0.013683039,-0.021598917,0.001195783,0.0034031342,0.0071887076,-0.006932041,0.0018840721
2015-11-18,0.014396835,0.0069589615,0.037562646,0.016237801,0.021713141,0.010007374,0.007985097,0.011564244,-0.009768644,0.01072842,0.005185965,0.0045452,0.0025965823,0.14792186,0.005869045,-0.014126074,-1.6473727e-05,0.0042044963,-0.0020338695,0.0012889242
2015-11-19,0.001087735,-0.02465698,0.00039243588,0.0034478162,-0.00038535637,-0.012927405,0.008097692,-0.011672026,-0.0023913782,0.002285828,0.0065334053,-0.020473192,0.005770942,-0.0025802783,-0.0007402563,0.0067419107,-0.016713247,-0.0071988106,0.0075266752,0.002227408
2015-11-20,-0.0051966035,0.08291594,-0.031454597,0.011711176,-0.0032298388,0.00455527,0.0,0.009680598,0.009711818,0.016804399,0.00085961027,-0.016661998,0.025758324,-0.009900169,0.03536107,-0.009265046,0.009315479,-3.8209287e-06,0.008877096,0.0074107233
2015-11-23,0.0,-0.0223828,0.013277138,0.00940206,-0.0009539425,-0.0022925436,0.0043936404,-0.003584827,0.01958062,0.0,0.0031948742,0.0075759073,0.006768909,-0.00126516,0.0110055115,0.006625948,0.015261761,0.012238632,-0.009113004,-0.0059462525
2015-11-24,0.012807331,0.019559674,-0.01002726,-0.0027217458,0.0065106847,-0.0051576304,0.000620393,0.006599684,0.004849262,-0.0008836687,-0.03722836,0.01400362,0.0027395522,0.01506669,-0.0016915166,-0.011739049,0.010509815,0.003360391,-0.01455605,0.009353476
2015-11-25,-0.0030250484,0.016319672,-0.00189611,0.0053147213,0.01596339,0.021543534,0.0062835785,0.0022829634,-0.0069820653,0.014934241,-0.044382107,0.006654542,0.024932494,0.014191037,0.014427112,0.0062351376,-0.001349436,0.0073337075,0.017523572,0.000607231
2015-11-26,0.0061506936,0.0019459977,0.005722353,0.006008316,-0.0015740942,0.0054342547,0.002195513,0.0,0.0139951315,-0.00021206768,0.00065889023,0.007769591,0.03391754,0.012570205,0.0047400054,6.0070165e-06,0.0069948216,0.0,0.008604373,0.008446532
2015-11-27,0.0060174456,0.0053577805,-0.0153047135,-0.007657511,0.015678208,0.0035975974,0.010590526,0.002570949,-0.026045661,-0.010664226,0.007354885,-0.0016548344,0.0009715208,0.009538196,-0.0033299578,0.006233989,0.0025267124,0.004383015,-0.008094367,0.005277597
2015-11-30,-0.0072522066,0.020488506,0.0027753443,-0.00083503546,0.011158512,0.014238637,0.00025827257,0.0032628018,0.015253418,0.0,0.01110246,0.0010640784,9.530061e-05,0.049318273,0.010768415,0.013817675,0.0040351255,-0.015846856,-0.005913816,0.0022340212
2015-12-01,0.0,-0.110333666,0.0,0.0019722101,-0.037052654,-0.0043385495,0.010339565,0.0028920653,-0.0064547057,-0.008441553,0.02683783,0.0,-0.079703145,-0.016029682,0.013129538,0.008007583,0.010302479,0.019711236,0.009195488,0.0048444974
2015-12-02,0.0011910308,0.0,0.00566213,0.006109479,0.0046568587,0.004102182,-0.00059478503,-0.008050053,-0.001934234,0.010304222,-0.030680474,-0.014128934,0.00071389216,0.009203141,-0.00036786418,0.019739062,0.010760376,0.00045821653,-0.008367503,0.0064844377
2015-12-03,0.0018903094,0.0,0.0,-0.0016935236,0.0120471185,0.004083276,-0.002977916,0.007353842,0.0011540237,0.022915466,-0.025805857,0.012658276,-0.0042771827,0.0024999236,0.0,0.004326756,-0.0008833828,-0.00031761196,0.0057732547,0.0030071177
2015-12-04,0.025317103,0.0,0.0038240647,-0.006829508,0.064770125,0.0043207044,0.0,0.00038203123,0.015671313,0.005778685,0.025150603,-0.014994519,-0.0013390509,0.020936774,0.0045449934,-0.0018127051,-0.0021452294,0.0067431857,0.00998636,0.005492083
2015-12-07,-0.008716075,0.0063770087,-0.01505914,-0.019318053,0.018191017,-0.00584117,0.009169611,0.002706058,0.00844418,0.0022901439,0.018114462,0.00903711,0.009724936,0.0033270954,0.019029014,0.0022773305,-0.001619385,-0.027164068,-0.00470288,0.008184613
2015-12-08,0.005380164,-0.0033965867,0.018078644,0.0138748,0.0040003615,0.01634792,-0.015571673,0.008802325,-0.00639788,0.0131782545,0.0021744359,0.005409252,-0.019892585,-0.009725194,-0.0046073194,-0.005978908,0.0011312647,-0.0012910527,-0.0013807503,0.0
2015-12-09,-0.0008145803,-0.018108381,-0.0014891014,0.007550807,-0.013500949,0.0010979162,0.012181991,0.009224482,-0.0036076726,0.0016015868,-0.014424589,-0.002173358,0.009087658,-0.025063215,0.0031048486,-0.00084618106,0.0080444915,0.011895199,0.02467418,0.0001502268
2015-12-10,0.0054093306,0.06783915,-0.0066255885,-0.0066238684,0.009178413,0.009354535,0.012772774,0.0,0.0045062355,0.0,0.011376253,0.0052576303,0.0029551964,-0.029778173,-0.012272711,0.01966583,0.0002726564,0.0036414394,0.009308773,0.00019854108
2015-12-11,0.008455988,0.022299334,-0.0077071236,0.010700719,0.012455006,0.0169737,0.00046642113,-0.008448916,0.017111575,0.0046614734,0.0035555006,0.006557984,0.09947631,-0.0054577957,0.0014302189,-0.0024416668,0.00773757,-0.0025152129,0.014425639,-0.008194848
2015-12-14,-0.007785389,0.0018560928,0.025665654,0.008760873,0.0080689145,0.010204121,0.0016051398,-0.010363212,-0.0020099771,0.0071758353,0.034442414,-0.033432215,0.0,0.00895652,-0.005332862,0.007811352,-0.0074104643,0.022603348,0.034442414,0.010204121
2015-12-15,0.008456549,0.0,0.011049997,0.008240088,-0.005657807,0.0037188125,0.017202124,0.004204335,-0.0028995436,0.0,0.011439219,-0.005318068,0.01302994,0.03377215,0.022221135,-0.011986208,-0.0034009474,0.0,0.011439219,0.0037188125
2015-12-16,-0.016814161,0.008473265,0.005369022,0.0,0.0,0.017655166,0.006267017,0.0048579955,0.0077818395,0.009924503,0.0070037493,0.010924897,0.0009874096,-0.020267215,0.01835436,0.0032445218,-0.0017051987,0.009639471,0.0070037493,0.017655166
2015-12-17,-0.017126542,-0.0020282217,0.010128983,0.01029615,-0.016634263,-0.008866399,0.016234739,-0.0015055019,-0.015603059,0.00051282556,0.011238518,-0.1071102,0.009739728,0.0029361923,-0.003424032,0.013225755,0.021057012,-0.011927644,0.011238518,-0.008866399
2015-12-18,-0.00333009,-0.0037546468,0.0022678922,-0.057137717,0.0060396367,0.017696744,-0.0018479424,0.0060203057,-0.026488781,0.0,0.016596891,0.013396868,0.0060573714,-0.00103015,-0.01330601,0.013191729,0.0,0.020481713,0.016596891,0.017696744
2015-12-21,0.082570255,0.0017529124,0.0111628985,-0.010534412,0.0022304545,-0.00020140913,0.019713458,-0.007967242,0.010550008,-0.020123875,-0.0060962997,-0.03506602,-0.105127044,0.007173221,0.0018136984,-0.0071436665,0.0,0.012342356,-0.0060962997,-0.00020140913
2015-12-22,0.004468154,0.009820718,0.0070362315,0.022007031,-0.000961126,0.006180671,-0.010873498,0.0052450066,-0.011959819,0.00128556,-0.010601748,0.011894539,0.033022717,0.00825794,0.09383233,0.029802999,-0.00083845033,-0.0037885043,-0.010601748,0.006180671
2015-12-23,0.012954666,0.0022548449,0.0017931334,-0.0005368315,0.009225926,-0.031399373,0.011911543,0.011273607,0.01695294,-0.0013381806,7.9360274e-05,-0.023136169,0.004469063,-0.0069680978,-0.060895402,0.011263823,0.002116958,-0.0026682606,7.9360274e-05,-0.031399373
2015-12-24,0.0076764594,0.011115903,-0.009688081,0.005936561,0.0010671158,0.016063511,0.0052883844,0.010065882,0.010390304,0.0065453285,-0.0025043455,0.024620432,-0.0025478005,0.0,0.009162708,0.0,0.011438954,0.048752904,-0.0025043455,0.016063511
2015-12-25,-0.041006546,0.0042773755,-0.007456073,0.00071025715,-0.0022319593,0.0009297167,0.019420676,0.00850768,0.008674558,0.010090931,0.012187762,-0.02118272,0.017386906,-0.0018611162,0.06414861,0.026971666,0.0010406094,-0.14861114,0.012187762,0.0009297167
2015-12-28,0.01056586,0.007013858,0.01685607,0.024347136,0.003344172,0.01594273,0.008145837,-0.00025177194,0.0047213496,0.002116492,0.005786293,0.022854168,0.028378304,-0.0021374193,0.013685224,-0.0033157063,0.0023870326,0.049589973,0.005786293,0.01594273
2015-12-29,-0.010577143,-0.0023234643,0.011709834,0.008464965,0.0034724087,0.0022646077,0.0013148867,0.004470792,0.001667531,0.0150795765,-0.009525616,0.017924147,0.0,0.0022032645,0.012938449,0.024657182,0.0051681884,-0.0021565282,-0.009525616,0.0022646077
2015-12-30,0.010660863,-0.0032565258,0.03798298,0.0006451105,0.0,0.011738346,0.0,-0.010659244,0.009175047,0.01000681,0.0046271193,0.018078845,0.0,-0.009268755,0.004005002,-0.025609428,0.0019395063,0.0254541,0.0046271193,0.011738346
2015-12-31,0.009213576,0.0,-0.058172714,0.0027198715,0.004398883,-0.0063202414,-0.0052350503,0.0076096565,0.01485,3.3750275e-05,0.006099697,0.015693767,0.0007981426,-0.033482358,0.0040882337,-0.0019687763,0.008961913,-0.012350079,0.006099697,-0.0063202414
2016-01-01,0.023119988,0.006334908,0.026499053,0.002015299,0.015317789,-0.0005670999,0.010050826,0.002610862,-0.0030845995,-0.016981745,0.06428613,0.006467454,0.00832696,0.0096379705,0.0019844968,-0.06905484,-0.010615315,-0.011621364,0.06428613,-0.0005670999
2016-01-04,0.01075758,0.006657809,-0.010824272,-0.02136727,0.0,-0.008031105,0.0016221126,0.0038565542,0.0014789955,-0.0046143346,-0.0038696318,0.0045789075,-0.00088002585,0.0030427556,7.884975e-05,-0.005488846,0.010103286,-0.009334683,-0.0038696318,-0.008031105
2016-01-05,-0.0013451701,0.011249386,0.0034749531,0.009740371,0.00097538653,0.003790254,0.0,-0.0023923023,0.0034579681,-0.011568699,-0.00043425648,-0.01815709,-0.008802308,0.0051380596,-0.004898134,0.026305059,-0.0018909203,0.009635159,-0.00043425648,0.003790254
2016-01-06,0.013322695,-0.00384753,0.0053581474,-0.008834662,-0.012348378,-0.0066525973,0.0034483462,0.006451005,-0.01255246,0.0032739604,0.014981644,0.0027332257,0.014757519,0.005662537,0.025430817,0.03686915,0.00010770412,0.044297084,0.014981644,-0.0066525973
2016-01-07,0.020267205,0.006858056,0.018950667,0.004199018,0.004530906,-0.0009720907,-0.02903208,-0.004040331,0.0055337227,0.009876557,-0.03110458,-0.01089669,0.05023003,0.0067792484,0.0038728707,-0.024482952,0.0,-0.038078222,-0.03110458,-0.0009720907
2016-01-08,-0.013332872,-0.007827422,-0.0017466575,0.011773737,-0.00010766786,0.00368825,0.009664031,-0.018497275,0.0039932337,0.00958979,-0.0054272097,0.016618239,0.001106217,-0.024705367,-0.01410947,0.025491673,-0.0010750875,-0.0005417043,-0.0054272097,0.00368825
2016-01-11,0.00562216,0.003866201,0.0041988045,-0.017341347,0.013349641,0.0055227582,-0.0016046901,0.010392684,0.0050186855,0.0022438967,0.01678774,-0.00063201535,0.00082308456,-0.0055616107,-0.0013530687,-0.0006432011,0.009045751,0.009787078,0.01678774,0.0055227582
2016-01-12,0.003112702,0.0,0.00067914114,0.0056942403,0.0060853944,0.004512297,0.00162036,0.004236753,-0.0026068673,0.00043065235,0.03441386,-0.0026939996,-0.0032766676,0.0068588313,0.007683737,0.006919472,0.0022738427,0.015605971,0.03441386,0.004512297
2016-01-13,0.0047905636,0.013192524,0.003911192,-0.0055227582,0.001986859,0.009147671,0.0015905495,-0.0020593684,-0.0012625225,-6.152835e-05,-0.006211133,0.012892145,0.008874792,0.0068763513,0.011072136,-0.0061589614,0.012646058,0.0021582365,-0.006211133,0.009147671
2016-01-14,0.0060827984,0.009209067,0.016589426,0.012815224,0.0025656917,0.011372232,-0.00809771,0.0084971115,0.0021677394,0.003405248,0.0070154974,-0.0068864836,0.009019304,0.017558038,-0.017424336,-0.007653477,0.00026939798,0.001615714,0.0070154974,0.011372232
2016-01-15,0.0075304373,0.0061832992,0.017196594,0.00266857,-0.00083037623,0.0010582302,0.0029777032,0.0027176847,-0.01757439,0.0037928298,0.015160048,-0.00039286626,0.03896889,-0.0001534203,0.06465088,0.010617092,0.003467501,0.010139449,0.015160048,0.0010582302
2016-01-18,-0.009468495,0.0007779552,0.018197889,-0.0064712353,0.0035475427,0.0,0.0014991575,0.0,0.010808525,-0.0006607356,-0.007323707,-0.020700539,0.015609778,0.019376198,0.0071182153,-0.0020255295,-0.0008061518,-0.037758447,-0.007323707,0.0
2016-01-19,0.0038667812,0.004421362,-0.0025615916,0.008425408,0.0021753274,0.0037203669,0.00014332379,0.0026862582,0.008608975,0.0057909694,0.0007148549,0.011736349,0.004817648,-8.379969e-05,-0.002475857,-0.0108770095,0.0014281438,0.011251644,0.0007148549,0.0037203669
2016-01-20,0.008862395,-0.015619894,0.005214646,0.0039076423,-0.0008656217,0.0185361,0.013620086,0.0080014635,-0.010428646,0.005100318,0.0028023522,0.014404075,0.08002221,-0.013841159,0.0039378433,0.037012875,-0.0017341904,0.0,0.0028023522,0.0185361
2016-01-21,0.0,0.010135417,0.024633948,0.0025418918,-0.0037873066,0.025509153,-0.0003580232,0.0022152672,0.0060173767,0.0018087411,-0.009453541,0.007105811,0.010008389,0.019932916,0.014224271,0.0009177066,-0.0025281631,0.04562919,-0.009453541,0.025509153
2016-01-22,-0.0012699985,-0.0057102917,-0.18600449,-0.00084042345,0.0011905227,0.0024454242,-0.038381115,-0.007002718,0.0033533121,0.008166134,-0.0034018846,0.014768092,0.009054914,0.0028231582,-0.0018453997,0.010168121,0.007737911,0.00807598,-0.0034018846,0.0024454242
2016-01-25,0.018885054,-0.0053874636,-0.011334111,0.0028418684,0.0025435449,-0.0041859183,-0.0019577742,0.0018556403,-0.0003270294,-0.0036842737,0.009731011,-0.00013675255,0.009430803,0.013060106,0.0025715942,0.008090179,0.0,0.008230546,0.009731011,-0.0041859183
2016-01-26,-0.037181433,0.0034858058,-0.01790831,0.0074727475,-0.011000926,-0.00025863023,0.0012667133,-0.009493312,-0.0033662785,0.005680232,0.020151941,0.01649184,0.0054892246,-0.0059205135,0.00065138476,0.025758045,0.0035774568,0.0051754657,0.020151941,-0.00025863023
2016-01-27,0.0021359727,0.004952299,0.010564827,0.008913138,-0.0031469683,0.0036973325,-0.005004032,0.0015293634,0.007838212,0.031237524,-0.0051282384,0.0068488116,-0.0067216526,0.0011493618,-0.02105182,0.012763502,0.0009430617,-0.012866597,-0.0051282384,0.0036973325
2016-01-28,0.006759281,0.009052536,0.016624525,-0.0050468957,-0.004437902,0.0,0.0041902238,-0.0027218973,0.0024236087,0.0050369003,0.037403,-0.006489323,-0.10350519,0.016103562,0.0040340885,0.004463874,0.012955748,-0.031322632,0.037403,0.0
2016-01-29,0.013157659,-0.0020059114,0.0062646265,-0.008556989,0.008450057,0.004455092,0.0020619836,0.023119587,-0.0070526227,0.002770949,0.0225421,-0.010585353,0.014897518,0.01661112,0.0010969521,-0.0014523991,0.003658009,-0.008602041,0.0225421,0.004455092
2016-02-01,0.0,0.019745097,0.0061436836,0.00437461,-0.002992936,0.003737903,0.0025485314,-0.0025534993,0.0019363469,-0.014009441,0.017209793,-0.00068859884,0.040605377,0.012280178,-0.005214279,-0.05982997,-0.009440933,0.012201733,0.017209793,0.003737903
2016-02-02,0.0072377906,0.00049835315,-0.0013503195,0.0023642175,0.0,0.0064984662,-0.006860076,0.0023728353,0.007540874,0.0022732243,-0.01463709,0.0025432582,0.020893833,0.005239269,0.0030755498,-0.084885,0.006086682,-0.21398672,-0.01463709,0.0064984662
2016-02-03,0.0030446479,0.0076274755,0.004044851,-0.0037532875,-0.0033787994,0.0028825544,0.0020264462,0.0060761957,-0.002840589,0.0021156047,-0.0027218752,0.007843966,0.015957288,-0.025789533,0.009763927,0.004379892,0.0064060627,-0.01044206,-0.0027218752,0.0028825544
2016-02-04,0.004306033,0.009191702,0.031008095,0.0048216125,0.0065814136,0.0043284227,0.0064098355,0.000675682,0.0037391195,-0.005971948,-0.0024820582,0.010627048,0.06463481,0.0037025088,-0.030780446,0.0033477661,0.0054055555,-0.014697921,-0.0024820582,0.0043284227
2016-02-05,0.007405288,-0.0032565491,0.0044322466,-0.008655978,0.004824457,0.0019988024,-0.0016780955,-0.0027387098,0.00945356,-0.0033055113,-0.011623795,0.012244323,0.010810582,-0.003035829,-0.0013702087,-0.008011759,0.013282145,-0.0031311475,-0.011623795,0.0019988024
2016-02-08,-0.0014219298,0.009513269,-0.006636769,0.008407142,-0.0019208541,0.004378815,-0.013807951,0.006097264,0.0044571464,-0.010459829,-0.0027206356,0.0021283878,0.0057720486,0.016609281,-0.0024389715,0.01207275,0.008468754,0.003466035,-0.0027206356,0.004378815
2016-02-09,-0.007722848,-0.00097372336,0.016285494,-0.003801844,0.008826314,0.0020938276,0.0053053508,-0.00878559,0.012270843,0.012227745,0.0073101874,-0.00034698972,0.025945002,0.0044554537,0.0071014417,0.002685803,0.0,0.0784962,0.0073101874,0.0020938276
2016-02-10,0.007730903,0.0030204016,0.014517473,-0.001488004,0.007524788,0.005105704,-0.0049439752,0.009151236,0.007442571,0.0037418623,-0.010516712,0.0012703226,0.008923114,0.012511145,-0.0030477117,-0.0011299399,0.0010178793,0.0011446165,-0.010516712,0.005105704
2016-02-11,-0.032722685,0.0060344352,0.026089353,-0.013553144,0.0022444336,-0.0019172528,0.006553991,0.0083877705,0.00066734833,-0.0119399885,0.0042695794,0.001555645,-0.0045125247,-0.00013977758,0.0038395275,-0.0039305678,0.004878958,0.061312024,0.0042695794,-0.0019172528
2016-02-12,0.0090580145,0.0038891765,-0.008039751,0.0073498134,0.0027744572,0.012718382,-0.0015941584,0.0076315855,-0.014600442,0.0,-0.008862727,-0.0145715745,0.009279064,-0.00532245,-0.03144007,-0.0058599077,0.0016078451,0.039064962,-0.008862727,0.012718382
2016-02-15,0.022030897,-0.010336076,0.0040169028,0.00051683624,-0.0041909935,0.0071818535,0.023370437,0.0009969183,0.008457277,0.0,-0.0016878551,0.0039054472,0.0010075299,0.004613408,0.015040688,-0.004881462,0.0033979826,-0.070718005,-0.0016878551,0.0071818535
2016-02-16,-0.003154327,0.009467453,-0.0016694072,-0.0020212333,0.005069334,0.008806749,-0.00981919,-0.0020382977,-0.0049400814,0.0063030105,-0.0048480798,-0.0019113324,0.076958254,0.034760825,0.02446439,0.013911195,-0.0098433625,0.037170887,-0.0048480798,0.008806749
2016-02-17,0.008596963,0.0022465016,0.0023096146,0.013165615,0.004804914,-0.0077164895,-0.00774556,0.011603173,0.0049818945,-0.012460107,0.004416763,-0.0046430053,0.012404829,-0.07163975,0.009587355,-0.0031931533,-0.0003416868,0.004579251,0.004416763,-0.0077164895
2016-02-18,-0.01336998,-0.006688814,0.009113371,0.009512102,0.0018749546,-0.015607331,0.004640237,-3.716401e-05,0.008921219,0.061454277,-0.00020323881,0.01096547,-0.014973745,0.013083145,0.0017927835,0.0,0.007850521,0.0093552545,-0.00020323881,-0.015607331
2016-02-19,0.011972789,0.00517322,0.055166617,0.0007224958,0.0072180238,0.0073312367,0.0058783223,-0.008730741,0.007762084,-0.0012836402,-0.0069532953,-0.01057338,0.016935946,0.0002234706,0.014153893,0.00632634,-0.0012043467,-0.003430305,-0.0069532953,0.0073312367
2016-02-22,0.008911316,0.0069749006,0.0040962705,0.004925641,-0.0040372685,-0.033124033,0.005785848,-0.002113377,0.00154823,0.004894495,0.008481209,0.013065686,-0.00934679,-0.005026127,-0.005106818,0.0062468876,0.008592893,0.026301822,0.008481209,-0.033124033
2016-02-23,-0.0115398085,-0.00093058456,0.005757403,-0.0015948792,0.0026011257,0.007825011,-0.0009249793,0.012399261,-0.0067032464,-0.0070924824,-0.011337223,0.0048454707,0.0159522,0.0,-0.002545765,0.0049905493,-0.006390047,0.010559625,-0.011337223,0.007825011
2016-02-24,-0.015483579,0.00061886053,0.0068073063,0.009698478,0.006096395,0.0038529157,-0.002389935,0.01934331,0.0060859965,0.0024837472,0.028372286,0.0020708854,0.0095481165,0.001560186,-0.005416009,0.0062952046,0.00062283856,0.0029230306,0.028372286,0.0038529157
2016-02-25,0.061577044,0.005498962,-0.00197839,0.0025042396,-0.001916198,-0.04001174,-0.0026007034,0.00033640946,0.012827846,0.00969652,-0.010348962,0.0014097645,-0.0010046584,0.0127647845,0.0018523914,-0.027243236,0.00038714384,-0.008101727,-0.010348962,-0.04001174
2016-02-26,0.005484635,0.0044600223,0.0035364053,0.009265821,0.0023044203,0.0018856279,-0.008040395,0.0,-0.0011164111,-0.0109899435,0.016248396,-0.009556551,0.001030459,0.017899003,0.0011945645,-0.0010384433,0.0067690117,0.009788334,0.016248396,0.0018856279
2016-02-29,0.0018650695,-0.00043198955,-0.00040267062,0.005664451,-0.0012526308,-0.005616383,0.008880211,0.005083955,0.00628522,-0.002146454,0.009061984,0.0009792646,-0.009781551,-0.014652249,-0.0076932567,0.01873891,0.008478154,0.0025945627,0.009061984,-0.005616383
2016-03-01,0.0043778378,0.008768883,0.0041211927,-0.007976452,-0.0038233886,0.0052272854,0.006080109,0.006217731,0.0065566255,0.0076231947,0.04424655,0.003712105,0.007961939,-0.002766527,-0.010256072,-0.004652014,0.006933289,-0.0135384025,0.04424655,0.0052272854
2016-03-02,0.0012803143,0.009173178,0.02929345,0.0012498328,0.0081054075,0.008801388,0.013932409,-0.0044284537,-0.00080888113,0.009409984,0.0024100172,0.006384702,0.049763177,-0.011445014,-0.00080422446,0.01653566,0.009686582,0.11085513,0.0024100172,0.008801388
2016-03-03,-0.012937002,-0.010495869,0.016014531,0.009037542,0.0,-0.004513432,-0.0018227476,-0.010841419,0.007348079,0.013670519,-0.018140689,0.012289446,-9.8076795e-05,0.00877847,-0.0105130505,0.0029222493,-0.004610683,-0.05428067,-0.018140689,-0.004513432
2016-03-04,0.041752905,0.0035670705,0.0053293365,0.004755178,0.0006358548,0.012947782,0.01093671,-0.005656724,-0.015561679,0.011829964,0.052602857,0.009050828,-0.0013152572,-0.013293294,0.0036608656,-0.011110526,0.010787457,-0.0094611095,0.052602857,0.012947782
2016-03-07,0.0028093718,0.006607998,0.0076022483,-0.016142538,-0.001963724,-0.019471476,-0.005520401,0.0062814075,0.008485648,0.0050295186,0.000850501,-0.013150772,0.0071933647,-0.04079767,-0.01736981,0.00855885,0.010452568,0.0156109305,0.000850501,-0.019471476
2016-03-08,0.012652196,0.0018477931,-0.020448675,0.013082351,0.0053517586,-0.031424187,-0.020659221,-0.006442339,-0.05001211,0.010574912,-0.0059849345,-0.00041397254,0.0010103249,0.053094253,0.019949272,-0.0020145744,-0.008813613,0.009896887,-0.0059849345,-0.031424187
2016-03-09,0.02059002,0.013182174,0.04700293,0.0017172518,-0.00078753993,0.011315146,-0.0051883636,0.0075065685,0.007187287,0.0056813294,0.00080030557,2.3516657e-06,0.00129577,-0.0373366,0.025812728,0.009393239,0.0033912368,0.039725717,0.00080030557,0.011315146
2016-03-10,0.0024423762,-0.0066125235,-0.027055794,0.008657038,0.0050324453,0.03211253,0.0006058288,-0.009720389,-0.0023284855,0.010281914,-0.0017438887,-0.016330317,0.00019834223,0.0132829575,-0.009739732,-0.0019023605,0.010108331,-0.0002056283,-0.0017438887,0.03211253
2016-03-11,0.0036365418,0.008515315,-0.003693328,0.0077060554,0.0,0.023009012,-0.031283326,0.026740976,-0.005535842,-0.014231629,0.0013389086,0.011614007,0.013183282,0.0055769393,0.020108027,-0.003175584,0.01598142,-0.00821937,0.0013389086,0.023009012
2016-03-14,0.046395004,0.019945884,0.0020367634,-0.015302057,0.003590886,0.06131064,0.0049649393,0.0007128198,-0.0016249252,0.048890024,-0.000835897,-0.015506059,0.0182601,0.051208958,0.07362316,0.00080848247,-0.006380886,-0.011679679,-0.000835897,0.06131064
2016-03-15,0.0095286835,0.0032594628,0.0038169154,4.316892e-05,0.017366631,-0.00014752564,0.021996764,-0.0045768768,0.0062486143,-0.015477769,0.0,-0.002287307,-0.007822626,0.0049800323,-0.024975983,0.0041652224,0.0052535594,-0.006324369,0.0,-0.00014752564
2016-03-16,-0.008879755,0.0037501897,0.0,0.0042928965,-0.0009257465,0.0047261077,0.009640832,0.0088436585,0.012317156,0.014776794,0.009545714,0.019257259,0.01877735,0.011777931,0.015190818,0.008767251,0.0016049092,-0.0067947013,0.009545714,0.0047261077
2016-03-17,0.001959473,0.00046669907,0.0076690135,0.020431012,0.0025409346,0.010521125,0.0026021737,0.01510589,-0.048032198,0.0008333341,0.010605947,0.012747361,0.0,0.001048111,0.008621261,0.074948214,0.004433331,0.042070918,0.010605947,0.010521125
2016-03-18,0.0023661312,-0.002173342,0.006472649,0.0060066106,0.040906638,-0.012895366,0.020246558,0.0065530385,0.028649785,0.017178271,0.0022286149,0.0013057152,0.0030687663,0.0009785492,0.0088674715,0.004657118,0.009631526,-0.042126678,0.0022286149,-0.012895366
2016-03-21,0.013399799,0.0039902017,-0.0032963627,0.009765177,-0.037332695,-0.016382337,-0.0039361324,0.010855457,0.0010662592,-0.0107104685,-0.006209898,0.02399832,0.0017975712,-0.0050756703,0.0059229555,0.014833217,0.0055210725,0.018165987,-0.006209898,-0.016382337
2016-03-22,0.0,-0.00846877,0.004880783,0.0022494865,0.015113168,-0.0032115262,-0.034407783,-0.00013530064,0.0051250192,0.0011847055,-0.0013004633,0.010064965,0.010204129,0.001153446,-0.019971507,0.0048266486,0.0011829695,0.0016219702,-0.0013004633,-0.0032115262
2016-03-23,0.02143107,0.0043742373,0.00043774006,0.00091459043,-0.012064049,0.00051400956,-0.0030670424,-0.011904832,-0.006509009,0.00092229835,0.012489301,0.010082612,0.0024549086,-0.0051953667,-0.008521713,0.038040828,-0.0027711971,0.022235513,0.012489301,0.00051400956
2016-03-24,0.017321276,-0.010314525,0.0020505537,-0.01083191,0.004095938,0.020065943,0.0073260115,0.0034489217,0.008023158,0.015638957,-0.0011244995,0.0025230667,-0.0062940223,0.01802854,0.024722625,0.0228643,0.0,0.005260619,-0.0011244995,0.020065943
2016-03-25,-0.010578907,-0.0044586053,0.005391456,-0.0034021738,-0.010114828,-0.007267359,0.011163974,0.012579818,0.0014163092,0.0040228516,-0.0031741324,-0.0013325498,0.004614105,0.0012772267,0.013241668,-0.004558014,0.0,0.010913262,-0.0031741324,-0.007267359
2016-03-28,0.0070728217,0.005543976,0.002898169,0.0034416793,-0.0026933893,0.02770901,-0.066242374,-0.006805096,-0.029372368,-0.0038153157,0.0023249574,-0.0028733115,0.005020347,-0.0023033202,-0.03748395,0.008824088,0.0151694175,0.02965111,0.0023249574,0.02770901
2016-03-29,0.009569304,-0.013350604,0.0032383164,0.0,0.07979665,0.006094612,0.034314547,0.028111275,0.008952381,0.0035894068,-0.0047496795,0.02253877,0.024282433,0.015347596,-0.02208616,-0.01543815,0.0017589071,-0.061096128,-0.0047496795,0.006094612
2016-03-30,-0.00018121138,0.048256133,-0.0061098943,-0.007923089,0.0027119718,0.00064696063,0.00023402422,0.0,-0.00946991,0.023138737,0.0048906384,-0.026497168,-0.018660652,0.0076002437,-0.0152493715,-0.00961635,0.00904469,0.00045423268,0.0048906384,0.00064696063
2016-03-31,-0.0048945704,-0.00016999657,0.00031434256,0.011991303,0.0030399263,-0.0010894357,0.0047706473,-0.037650812,0.012082483,-0.0017132236,0.0042609964,-0.002790063,0.009999513,-0.0025791493,0.01873147,0.00801933,0.0068843854,0.010213886,0.0042609964,-0.0010894357
2016-04-01,0.008867973,0.007248731,0.0,0.005076232,-0.0020334227,0.025043985,0.03831243,0.005122584,-0.0071912874,0.012974193,-0.0047248215,0.011761343,-0.023727294,0.015458317,-0.020205751,-0.009299167,0.001990794,0.0027197818,-0.0047248215,0.025043985
2016-04-04,-0.0075918934,0.0045385263,-0.0007265695,0.007442563,-0.0036299585,-0.0037766336,0.005204766,0.009801857,0.028060425,-0.010858734,-0.009754366,0.00754407,0.008121204,-0.007033848,0.0058895955,-0.00253893,0.016849056,-0.01062985,-0.009754366,-0.0037766336
2016-04-05,-0.00027434033,-0.004528016,0.011426067,0.0,0.026281824,0.011255032,-0.01842493,-0.024206541,0.012380987,0.0056082536,-0.0029030682,0.0,-0.02871461,-0.004931742,0.02457044,-0.041225746,-0.008015303,0.005128545,-0.0029030682,0.011255032
2016-04-06,0.004809358,0.00070660014,0.009618103,0.01204691,0.021734126,0.022883616,0.0348315,0.025943372,-0.0102306,0.002611958,0.012751187,0.0,0.007557512,0.0006556767,0.034280006,-0.0043596597,0.005923466,0.008664927,0.012751187,0.022883616
2016-04-07,-0.00703096,0.0027687834,-0.0008144524,0.004421248,0.013116435,-0.009907766,-0.0097190095,-0.002041517,0.017085677,0.0038955791,-0.0056405854,-0.010080869,0.044389524,-0.0014935189,0.017190693,-0.13735764,-0.0010347957,0.012552197,-0.0056405854,-0.009907766
2016-04-08,-0.0015509669,-0.004490075,0.0040222877,0.021244215,0.00083587295,0.009986411,-0.0316618,-0.0035616204,0.006768701,0.005624209,-0.0100226095,0.008865084,-0.0029471156,-0.007377148,-0.0021183984,0.0075021535,0.001187432,0.005729969,-0.0100226095,0.009986411
2016-04-11,0.0040417323,0.008463434,0.00019161598,-0.0006227819,-0.006699172,-0.0052108206,0.004555664,0.009089714,-0.005537015,0.006183243,0.023128152,0.0066223904,0.01029093,-0.002709373,-0.003185216,0.028140362,-0.0012956467,0.03317131,0.023128152,-0.0052108206
2016-04-12,0.0058956905,0.0025718075,0.0040881922,0.0014900198,-0.0026849266,-0.013193566,0.019480864,0.0,0.012670893,0.008627774,-0.048737887,-0.010885682,0.001985224,0.0055860695,0.00921211,0.00859671,-0.00063553255,-0.005801923,-0.048737887,-0.013193566
2016-04-13,-0.003535942,0.003511643,-0.013149567,0.011240327,0.007880919,0.016316421,0.011688864,0.019172661,-0.010356886,0.0029750888,0.0069238963,-0.00074998423,0.011572005,0.003175635,-0.0033136758,0.0097996555,0.0012332193,0.024428245,0.0069238963,0.016316421
2016-04-14,2.3271123e-05,-0.0009146336,0.012736763,0.003906667,0.0034173483,0.008493899,0.00048288872,-0.0028313776,0.0009735881,-0.0002686168,-0.008341758,0.014394562,0.014791025,-0.003480704,0.0088018095,0.0036917797,0.0036571254,-0.020865045,-0.008341758,0.008493899
2016-04-15,0.0,-0.011952957,0.009628506,0.0,0.0139083555,0.029599734,-0.0059726117,0.0022279182,0.05079932,0.012506674,-0.0031513046,0.0017977994,-0.035344068,0.011221671,0.0054834657,0.014324138,-0.010245438,0.017162701,-0.0031513046,0.029599734
2016-04-18,0.010632336,0.0017361856,-0.006027558,0.0021181284,-0.00040165128,0.0028704475,0.0032037518,-0.000679422,-0.00036111823,0.0033084503,0.0060318713,-0.0014876743,0.010871997,0.014529861,0.029276168,0.005647866,0.00015804011,0.039398376,0.0060318713,0.0028704475
2016-04-19,0.0037711768,0.0014955786,0.0062337215,0.012098672,-0.005718262,-0.013563716,-0.022700688,0.0,0.011130388,0.006059062,-0.03532316,0.009818243,-0.00215645,0.0024734705,0.0,0.011367207,0.006245695,0.005222631,-0.03532316,-0.013563716
2016-04-20,0.0024683499,0.0056244894,0.010003115,-0.0007114347,0.013220163,-0.00638757,0.0081694145,-0.0038314292,-3.4539367e-05,0.0,0.019588735,-0.0072428514,-0.037755463,0.02346742,0.012452774,0.042817645,-0.003015589,-0.0014579596,0.019588735,-0.00638757
2016-04-21,0.008054096,-0.006372658,0.0134572,-0.0033698871,-0.0076145288,-0.010864352,0.015867487,-0.0021375865,-0.012200926,0.005195859,-0.024279414,-0.009041471,0.00883834,-0.011364062,0.0073564798,0.015662437,-0.0005493738,0.015929738,-0.024279414,-0.010864352
2016-04-22,-0.00379015,0.010921922,0.00436338,-0.011359949,0.007525024,0.010891463,-0.00079080113,0.0064957766,-0.009200768,0.0049918666,0.008824402,0.004103796,0.004682793,-0.00077474583,-0.009279961,0.007699198,0.0043741753,-0.008199984,0.008824402,0.010891463
2016-04-25,0.012074413,0.010448685,-0.012443058,0.010994195,0.010658637,0.007847724,-0.0002921363,0.005666547,-0.011610099,-0.01167571,0.010798191,-0.010177602,-0.011383795,-0.027961204,0.0022450439,0.024304597,0.0016116988,-0.0022922885,0.010798191,0.007847724
2016-04-26,-0.0041230493,-0.009431882,0.00846216,0.006622051,0.010415327,0.0018806587,0.033386253,0.012881845,0.005872329,0.012444257,0.010941583,0.006180425,-5.922345e-05,0.007431448,0.011127576,0.008217745,0.0038792363,0.0019648045,0.010941583,0.0018806587
2016-04-27,-0.002477151,0.009772148,0.005328655,0.0059327777,0.008967713,0.004573077,-0.028472632,0.00036585424,0.005376364,0.0048469813,0.0027426598,0.0026927819,0.05716166,0.0,-0.009322749,-0.00040926997,0.004050585,0.015969258,0.0027426598,0.004573077
2016-04-28,0.002776231,0.0053069396,0.0,0.020283919,0.010003034,0.009583171,0.013894772,-0.013071636,-0.0019631498,0.005449511,-0.020358607,-0.0026355903,0.004275008,0.009196342,0.0049343067,-0.0023350853,0.005993737,-0.020573968,-0.020358607,0.009583171
2016-04-29,0.0042329873,-0.0011328632,-0.004039978,0.010880226,0.00062463584,-0.01910366,-0.008587562,0.019781625,-0.0013218084,0.0024388107,0.008126539,0.008096221,0.0,-0.0023197532,-0.010536351,-0.0052378927,0.007286182,0.009405231,0.008126539,-0.01910366
2016-05-02,-0.0004999682,-0.00081282156,0.006742909,0.0045092236,0.006113419,0.008835555,0.016457824,-0.020467782,0.01095575,-0.017752033,0.003993883,0.007889112,-0.010466553,0.0013270386,0.015546056,0.003888296,-0.00093813136,-0.0013082506,0.003993883,0.008835555
2016-05-03,-0.0059411577,-0.0036579352,-0.0013761922,0.006732407,-0.009421042,-0.0028790378,-0.0067257653,0.010980843,-0.00035869103,0.0022472944,0.007869387,0.0036075772,0.00943649,-0.01351742,0.0036460217,-0.016609756,-0.009117571,0.013565073,0.007869387,-0.0028790378
2016-05-04,-0.00023626814,-0.0033822022,-0.006159242,-0.0023921672,-0.08496554,0.008461743,-0.00496997,0.020454802,0.0077762967,0.07061304,0.0070593623,-0.012288587,0.0016043496,0.041425884,0.0027577756,-0.05344811,5.924502e-07,-0.039049596,0.0070593623,0.008461743
2016-05-05,0.0060532424,0.0048524593,0.003171257,-0.0045934045,0.012592717,0.004193208,0.032131214,0.00327444,-0.002145832,0.01709998,-0.001098125,0.010614522,-0.005935585,-0.02286552,-0.010913649,-0.0133666145,0.016628414,0.008237657,-0.001098125,0.004193208
2016-05-06,-0.014398073,-0.013197755,-0.001239585,0.0038181825,-0.0048837536,-0.011866308,0.0084862355,0.015361767,0.013039614,0.045317493,0.0064798445,0.01430639,0.023950107,0.023227725,0.03874829,0.002429847,0.0,-0.004236907,0.0064798445,-0.011866308
2016-05-09,-0.0076216087,0.0043656277,0.0022724187,0.0035309694,0.009592722,0.004759046,-0.018027542,0.008296254,-0.00034681693,-0.022686983,0.009055222,0.0030732253,0.010568513,-0.007129052,0.017551266,0.00015315604,-0.00011440136,0.0024575077,0.009055222,0.004759046
2016-05-10,-0.017750746,0.0,-0.004580109,0.0027687233,0.008973277,-0.018368091,0.008526011,-0.0036118268,0.011092881,0.0036311147,0.003581978,-0.0016077526,-0.0023564815,-0.029688159,-0.015677823,0.03565224,0.0,0.0107408445,0.003581978,-0.018368091
2016-05-11,0.02480601,-0.0018521192,0.0059475047,0.018807165,-0.005156539,0.004762422,-0.014610692,0.011293872,0.009182314,-0.020596268,-0.0060471357,-0.008292345,-0.0035632036,0.010834109,0.0040592016,-0.0024218438,0.023284348,0.033478137,-0.0060471357,0.004762422
2016-05-12,0.010394004,0.0154977,0.0,0.0042158104,-0.009559489,0.0034225096,0.0025045092,0.00029706737,0.0088017285,0.009307206,-0.008273023,0.02473568,0.0010669754,-0.039819416,-0.008999836,0.0,0.010396186,0.03464422,-0.008273023,0.0034225096
2016-05-13,0.0036087588,0.001879237,0.0069514364,0.009661565,0.0135997925,0.0043210383,0.020029513,-0.0034026268,-0.017575568,-0.0011345919,-0.010237097,0.011685378,0.014952814,0.02366179,-0.0050760955,-0.008082209,-0.0057912315,0.0067518395,-0.010237097,0.0043210383
2016-05-16,0.007225956,0.011550902,0.0074820695,-0.0030906745,-0.00032192358,0.017202146,-0.001988382,0.006342683,-0.00041461134,0.118289545,-0.019969959,0.0,-0.04605376,0.011896104,0.004359945,0.012131958,0.00559502,0.011393828,-0.019969959,0.017202146
2016-05-17,0.010910619,0.0056081004,0.009929154,-0.029246388,-0.011522268,0.010594803,0.014120585,0.018504893,0.0033553853,0.009047129,-0.020060005,0.0071781715,0.038411558,0.0035565153,0.0064455387,-0.013465222,0.000887242,0.007427767,-0.020060005,0.010594803
2016-05-18,-0.0029809275,0.0008555871,0.00962565,0.001852985,0.015072106,0.0037221785,0.009999748,-0.0023092625,-0.0009653249,-0.00806616,0.01576373,0.00015581171,0.012251709,-0.0080935955,0.03938581,-0.122139566,0.0027304958,-0.003747369,0.01576373,0.0037221785
2016-05-19,0.01504518,-0.002430368,-0.0010345159,0.004538739,0.0007834186,0.0026436597,0.009304592,0.015214715,0.005669504,0.010259342,0.0027682788,0.0053602294,-0.011872631,0.009508858,-0.006316747,0.084739715,-0.0016046279,-0.0024383795,0.0027682788,0.0026436597
2016-05-20,-0.008670959,-0.0106753865,0.0105580455,0.004602198,0.004498795,0.0063212714,-0.006604152,0.011272773,0.0017868422,0.0002692166,0.0009404689,0.008558924,0.015590796,-0.0014983399,0.0102982875,0.023435395,0.0,0.015971435,0.0009404689,0.0063212714
2016-05-23,0.009256387,0.0,0.0033309294,0.006484531,0.031912938,0.004476136,-0.0017238089,0.0015210304,0.0,0.0,0.009794935,0.000110293535,-0.005062748,0.02004945,-0.0066072093,0.010855697,0.008045997,0.0066325567,0.009794935,0.004476136
2016-05-24,0.000439799,-0.009699174,-0.001634964,0.0022715547,-0.02396505,0.010218455,0.0020782205,0.0032197959,0.00176298,0.0,-0.007206436,0.0012086347,0.04657768,0.007959744,0.023434795,0.0022130078,0.0004895378,0.019141993,-0.007206436,0.010218455
2016-05-25,0.005513537,0.009034356,0.0036288293,0.01591081,0.0006318428,0.00724586,-0.0007937996,-0.014433834,0.0067246887,0.0043009287,0.01148562,0.0016048226,-0.0021188485,0.010304875,0.018180724,0.026746498,-0.00081824715,0.01943688,0.01148562,0.00724586
2016-05-26,0.0071241185,0.0027785785,-0.00048654684,0.011100248,0.016383538,-0.00062464003,0.013489671,0.00031565866,-0.00076281634,0.007529647,0.0029798625,0.008444711,-0.015846899,-0.0044401647,-0.0005473579,-0.06108655,0.003911215,-0.005994173,0.0029798625,-0.00062464003
2016-05-27,0.0,0.008680872,-0.004055619,0.0050777737,-0.009038138,0.014688089,0.0014059145,0.010108388,0.0031342257,-0.0038925877,-0.00017882984,-0.005837286,0.0018124229,0.015762934,0.0064963177,0.010640484,-0.009544281,-0.0017280739,-0.00017882984,0.014688089
2016-05-30,0.015625,-0.010873837,-0.010768224,0.0017796581,0.009729703,0.0006730167,0.010576147,0.009002583,0.00703946,0.013347724,-0.00979058,-0.0060120956,0.035270236,0.008924783,0.015970666,0.08527813,0.0015965562,0.0064292667,-0.00979058,0.0006730167
2016-05-31,0.022983067,-0.0006066352,0.0014705288,0.012333879,0.011421967,0.0006476647,-0.0077464464,0.003937088,-0.0029029157,0.008939642,0.0013961252,0.008319281,0.008115852,0.00967369,0.0043062437,-0.09950966,0.0077677565,0.005461474,0.0013961252,0.0006476647
2016-06-01,-0.020081805,0.007501991,-0.003443976,0.007044466,0.014692399,-0.0013699274,0.007458292,-0.0059456,0.007309182,0.0053267414,0.0077525955,0.0038991016,0.026494605,0.0120797865,0.0070842393,0.015345118,0.00981368,-0.020606987,0.0077525955,-0.0013699274
2016-06-02,0.00038318647,0.012205559,-0.001148146,0.0024517288,0.007405355,0.007443215,-0.0044780443,-0.0077824267,-0.0007376768,0.0027603963,0.0048655723,0.013164665,0.02256736,-0.00033005598,-0.0052855737,0.00401845,-0.0008755516,0.023641331,0.0048655723,0.007443215
2016-06-03,0.008751691,0.00814608,-0.020340191,0.00858046,-0.0017520275,0.0016653809,0.004763328,0.008469994,0.0031868992,-0.0027673051,0.004463467,0.0027719578,0.012948335,0.00037393539,-0.021215132,0.0014917417,0.0,-0.035997838,0.004463467,0.0016653809
2016-06-06,-0.0016957923,0.007754786,-0.0026243413,0.013092593,-0.0006489507,0.009682974,0.014680489,0.0040889657,0.0060048066,0.007841532,-0.000985191,-0.0024501088,-0.0050180727,0.0037543264,-0.0062235473,-0.0075901486,0.008160284,-0.002673963,-0.000985191,0.009682974
2016-06-07,0.0121081835,0.0011191252,0.00466475,0.0004675599,-0.0036773367,0.0042797113,-0.0008357345,-0.0071761063,0.006923687,0.00019520304,0.0075758495,-0.0005473329,0.016423305,-0.0023281025,-0.005396153,0.0063402564,0.009730422,0.014774246,0.0075758495,0.0042797113
2016-06-08,0.0008112787,-0.0038940937,0.003937621,-0.0013677104,0.0129471645,0.0024894222,-0.12022633,-0.0009699253,-0.012033203,0.0012467244,0.0096699465,-0.0062784865,0.008802229,0.0017148878,0.012094384,0.07821828,-0.013822639,-0.00076693133,0.0096699465,0.0024894222
2016-06-09,0.0027150302,0.0006115803,-3.3117449e-06,0.007428486,0.017811226,0.01888929,0.006238591,0.004701331,0.006238591,0.0,0.013024809,0.020888899,0.02613128,-0.00023604248,0.0043095993,0.025217175,0.00029435317,-0.0056367684,0.019242335,-0.010199575
2016-06-10,-0.013499409,0.0,0.009213513,0.00621722,0.00521651,-0.2100993,-0.01687553,-0.012724517,-0.01687553,0.0056309393,0.021764997,-0.0073797465,-0.0060157394,-0.0025691246,0.0024382032,0.006721913,0.008507499,0.01836417,-0.011013643,-0.011600377
2016-06-13,0.0065987576,0.00032265636,0.0005006135,0.0064782016,-0.004975087,-0.00192521,0.008201155,0.004188848,0.008201155,0.002433419,0.0043834914,0.01714295,0.008456731,0.026104713,0.011923036,0.00090039894,-0.0077770804,-0.003253031,-0.0055858307,-0.114564836
2016-06-14,-0.021985509,0.003001474,-0.0033919797,0.0014024568,-0.00146768,0.0,-0.009258582,0.015726814,-0.009258582,-0.0013925716,0.0080528455,-0.052533463,-0.016207114,0.003922963,-0.10766085,0.011662011,-0.0012395881,0.00880765,-0.010585366,-0.032913998
2016-06-15,0.00958356,0.0072463145,0.003439362,0.0013737882,-0.0013815523,-0.0118680755,0.026072755,0.0022496826,0.026072755,-0.002083425,-0.005522432,0.008188867,0.030114127,0.0039995965,0.0138369575,-0.024132075,0.004258906,0.008322487,-0.010433743,0.044934336
2016-06-16,0.030301806,0.009571673,-0.006271764,0.0058960244,0.0086815925,-0.013631994,0.018306788,-0.014064422,0.018306788,0.004991741,0.010186648,0.002712149,0.0029941641,0.017519178,-0.099918015,-0.0021233344,-0.0009833717,0.004154211,0.00472914,0.0030154574
2016-06-17,-0.011943291,0.008515712,0.0031321964,-0.0037255,0.0019958792,-0.17756902,-0.0056953183,-0.0025250183,-0.0056953183,0.000119048025,-0.0051719635,0.0039136265,-0.0098091895,0.015028164,0.008837349,0.008887345,0.00078401965,-0.008127108,0.0021990212,0.018964062
2016-06-20,0.0054671317,0.0057779164,0.0023857006,0.0025618444,-0.021269137,0.019553985,0.037727494,-0.010294054,0.037727494,0.0,-0.028984688,-0.009404924,0.027705219,0.0073812613,0.011136282,-0.0044637197,0.004042704,0.005991567,0.00864497,0.025457425
2016-06-21,-0.005332299,0.00418856,-0.033088073,-0.0049417373,0.004645617,0.04738471,0.0070265345,0.013067772,0.0070265345,-0.002138467,0.016584598,0.019347096,0.0056857667,0.002775343,0.004566067,0.014177102,0.0304576,-0.0042412793,0.015175163,-0.0011458945
2016-06-22,0.0057610758,0.004517694,0.0068902667,0.010675984,-0.0034368215,0.008165084,0.007992555,0.014402746,0.007992555,0.0072863903,0.014746705,-0.21803093,-0.025449416,0.014791392,0.00563584,-0.0030350278,0.00013060104,0.008932649,0.0037408518,0.06388747
2016-06-23,0.0058653946,0.0019953202,0.0031670954,0.010264769,0.009523785,-0.0062934225,-0.01693493,-0.0050397483,-0.01693493,-0.007969458,0.02106031,-0.013802838,0.0037085786,0.013724218,0.009451127,-0.006282294,-0.00253147,0.008780712,0.010736007,-0.009702291
2016-06-24,0.007310625,-0.009511133,-0.039561573,0.0015092632,0.014725347,0.013372428,0.0035313426,-0.0030138036,0.0035313426,-0.004540618,-0.009372786,0.021991368,-0.0011151345,-0.0010331627,-0.0027629253,0.046524234,0.0033838456,-0.0029727952,0.00080501,-0.012891509
2016-06-27,-0.013242008,0.0030481566,0.00343927,0.0031915978,0.013069851,0.10253667,0.0,0.0044564195,0.0,0.00094917853,-0.037502054,0.038769618,0.05841184,-0.0006501809,-0.00025592672,0.019214401,-0.00313391,-0.0004524311,0.007260364,0.009213017
2016-06-28,0.010978405,-0.021238374,0.014807202,0.007808951,0.009151855,0.00037980994,0.01941079,-0.013638059,0.01941079,-0.005033714,-0.010553829,-0.013487277,0.025107475,-0.0021818688,0.021945113,0.0042738877,0.008805055,0.015742626,-0.009717367,-0.038845394
2016-06-29,0.027292173,-0.0006751442,-0.016950184,0.010083544,0.0065718126,0.013083481,-0.0052012177,0.0069085755,-0.0052012177,0.0,0.0012159203,-0.00808078,0.015980685,0.0009669831,0.004418149,0.0018583307,0.008441704,-0.004937172,0.0,0.0067436453
2016-06-30,-0.011471448,0.00516071,0.023442464,0.0014111766,-0.004283813,-0.029460039,0.01002274,0.00077600987,0.01002274,0.0013911506,-0.010396936,-0.20987436,-0.01867718,0.010782367,-0.0180876,-0.0017467234,-0.013516221,0.0066726482,-0.004889037,-0.008542161
2016-07-01,0.0062184515,0.010141922,0.005090895,0.0040363087,-0.0037780711,-0.017539425,0.0073063206,-0.009781519,0.0073063206,0.00010711228,-0.017570933,0.009977195,-0.00047127344,0.005712901,-0.0017035321,-0.0026152113,0.0046694395,-0.0078009,-0.009195303,0.0059095
2016-07-04,0.0028360924,0.004023391,0.0079540955,-0.007936646,-0.040046025,0.013457121,0.0,0.0054035443,0.0,0.01884096,0.010564868,-0.11266693,-0.0038714127,-0.0008168707,-0.002443166,0.0042760586,0.006714769,-0.005894711,-0.0100404,0.0038534647
2016-07-05,0.007894971,-0.0016159586,-0.0017340799,0.0060790903,-0.0098162815,0.009766083,0.01406595,0.0020068074,0.01406595,-0.008054006,-0.010399471,0.008283751,-0.009995906,0.0069983783,0.04261181,0.002749016,0.0039723157,-0.0061599286,-0.0023156903,-0.0064943056
2016-07-06,0.0131255835,-0.000941344,0.015200971,-0.0039321524,-0.0002370569,-0.054189432,-0.037703604,-0.0001658597,-0.037703604,-0.008113601,0.049227763,0.004693015,0.009351378,0.015428722,-0.031048443,0.0022873785,0.0055115097,-0.008705535,0.010713149,-7.1859045e-05
2016-07-07,0.03621576,0.014630252,0.0072589987,0.03444419,0.005367381,0.00990104,0.0797041,0.015745696,0.0797041,0.0028499512,0.014420053,0.022147272,-0.053839825,-0.005353658,0.020780433,-0.015847584,0.0074360417,0.011182372,-0.008704735,0.009364251
2016-07-08,0.0060987505,0.001689208,0.01299639,-0.0026781883,-0.040852055,0.03837335,0.017747102,-0.0076812482,0.017747102,-0.016746463,-0.010554709,-0.056902844,0.006750621,0.005817401,-0.009242506,-0.004434692,-0.008009082,-0.0021997378,0.010024504,-0.10500722
2016-07-11,0.0012772623,-0.0052799936,0.0058633974,0.022333464,0.017866489,0.13360868,-0.0068348576,0.00924652,-0.0068348576,0.009763008,0.00046174927,0.007910386,0.02227431,-0.0041743,0.02077777,0.00492799,-0.0044967304,0.011239139,-0.015034502,-0.06493898
2016-07-12,0.003443076,0.004282933,0.010025206,-0.0013758799,0.019850444,0.013441026,0.009209517,0.00079911936,0.009209517,0.0060058,-0.0040168497,0.012616801,0.015441463,-0.01664407,0.0033402424,-0.004355424,-0.004232974,0.002832895,0.007026063,0.11763204
2016-07-13,-0.026956148,0.007911987,0.006236864,0.0066545894,-0.0026975565,0.0123473145,-0.010944468,-0.00894522,-0.010944468,0.045270685,-0.010561179,0.05037708,0.010558014,-0.013363725,-0.00027868175,-0.0033949313,0.00090269436,-0.0046283463,0.0151095595,0.002452581
2016-07-14,0.013736383,-0.016971573,-0.0012861759,0.006872361,0.011118041,-0.0033888957,-0.0019617705,-0.010866957,-0.0019617705,0.010556578,0.014797318,0.01308809,0.048799284,-0.008195143,0.010404381,0.01168565,0.007907884,0.0029215023,0.003637538,0.019243954
2016-07-15,0.008430462,-0.007924947,0.009514114,0.0013736313,0.0028644751,0.00065093715,0.0057403957,0.018220514,0.0057403957,-0.004569621,0.015671536,0.06483294,0.013178714,0.064845555,-0.0073686987,-0.008356929,0.006728908,0.020422855,-0.020089617,-0.015757505
2016-07-18,-0.0074727726,0.0,0.0050876215,-0.0024289961,-0.0018545805,-0.009463491,-0.009453184,-0.0066362927,-0.009453184,-0.014826874,0.0,0.016384982,-0.013114261,-0.0022122788,0.0007739791,-0.0026161827,0.00027910917,0.0019731282,0.0059027486,0.026558762
2016-07-19,0.0017555295,0.0040804297,0.0025293117,0.010149566,0.0033026699,-0.05490833,0.009642373,-0.000265564,0.009642373,0.011978599,-0.009480847,0.0119602885,0.0,0.007300362,0.0128810145,0.009350368,0.0046029086,0.007951535,0.037180435,0.011235926
2016-07-20,-0.00027056574,-0.0020173246,0.0017275336,-0.0033928107,-0.010427832,-0.034774024,-0.058372617,0.023749875,-0.058372617,0.0016187802,-0.0012180123,0.0068627843,-0.0067917537,0.016791172,0.010557279,0.0047327816,0.00070485,0.00028013255,-0.0017468607,0.0097026555
2016-07-21,-0.0017981994,-0.0020420214,0.013920019,-0.0011578648,0.006764536,0.0027941174,0.014131891,-0.010474014,0.014131891,0.012500879,0.009140491,-0.00022538239,-0.048994817,0.0024236962,-0.0020019114,-0.010386091,0.0026013504,-0.004055136,0.0,-0.0170614
2016-07-22,0.0056077405,0.0005632829,0.00082372304,0.0065416773,-0.0024646136,0.025153823,-0.0069335476,0.008003333,-0.0069335476,0.008447413,0.0029252553,0.021395855,0.009182644,0.047599353,0.0031518901,0.011164309,0.0074595157,0.020978583,0.0,-0.020293312
2016-07-25,-0.006853714,0.012389452,0.024520757,-0.010587013,-0.0008211915,0.0151597485,0.038535263,0.009260061,0.038535263,-0.0013328918,-0.052475464,0.01286308,0.01275002,0.013937436,0.009475575,0.019821694,-0.023112956,-0.010725324,0.010548957,-0.018291662
2016-07-26,0.009273498,0.010106185,0.0041936752,0.0084123155,0.0059537767,0.0120973885,0.0037321511,0.0,0.0037321511,-0.009429414,0.016719535,-0.0825424,0.020980557,0.008218294,0.008701533,0.0048024035,0.016404837,0.001597575,0.009697513,0.04935301
2016-07-27,0.02010276,-0.0004262503,0.0030566154,-0.02025427,-0.015759692,0.06376146,0.00021196037,-0.0022050228,0.00021196037,7.345415e-05,0.011177613,-0.021287158,0.027217912,0.009759137,0.016960599,0.00027145367,0.019308317,0.0,0.00022541494,0.05510928
2016-07-28,-0.04405333,-0.015276007,-0.010867823,0.003159523,0.010525317,0.006282721,0.0058055376,0.017170774,0.0058055376,-0.0026156611,-0.0048401617,-0.005279497,0.006356415,-0.0022538803,-0.00027860748,0.0069233645,-0.018132273,-0.0040537897,0.008712722,-0.029607484
2016-07-29,-0.0023979302,-0.0020957547,-0.016977062,0.012938489,-0.010357803,-0.010463329,-0.012220522,0.008531163,-0.012220522,0.010946571,0.0017928784,0.018633539,0.006242205,-0.21717389,8.367112e-05,0.002002421,-0.0048518316,-0.0054606698,-0.010539816,0.020467611
2016-08-01,0.0044782655,-0.009291785,0.0041803797,0.0088569345,0.008123302,0.010403769,0.004658374,-0.01784572,0.004658374,0.005569639,0.0017965264,0.0069191256,-0.15651256,0.025703806,-0.0053967955,-0.0054397825,-0.0114837205,0.0050864154,-0.003877762,0.0012869798
2016-08-02,0.008521739,0.0060045235,0.033771917,-0.0018307623,0.00061075645,-0.040240448,0.010223484,0.013323756,0.010223484,0.0,0.011725571,0.007063353,-0.012327857,-0.00770904,0.019433018,0.014322334,0.003055548,0.022533178,-0.005411763,0.005474556
2016-08-03,0.01614765,0.0065487707,0.0017685611,-0.0056772144,-0.016786613,0.00086380343,0.035144538,0.0038200244,0.035144538,0.007831759,0.0009125908,0.011500835,-0.0040039695,0.00054897385,0.004760807,-0.031703893,0.018769225,0.011867576,0.0003925834,0.0023815176
2016-08-04,0.008608199,-0.0011163444,0.009010911,0.010484533,0.004438211,-0.016711228,0.0021659152,0.00031632368,0.0021659152,0.014216516,0.022081772,0.010947539,0.012626737,0.08386222,0.0057358136,0.024917653,0.0019845269,0.0074424814,-0.0065039434,0.002039724
2016-08-05,-0.0008915419,0.008708386,0.020706702,-0.0041069486,0.008288504,-0.00035022883,-0.017612083,-0.0041840402,-0.017612083,0.0065405057,-0.0024956577,0.0667517,0.011420539,0.005768151,-0.002321994,-0.0056425217,0.016553778,-0.00682532,0.009353886,-0.015093339
2016-08-08,0.011306017,0.0069371895,-0.008683552,0.020351531,0.010414338,-0.002024126,0.0028245626,0.010387354,0.0028245626,0.0140043795,0.011867918,0.004499161,0.016185638,0.0011808265,-0.0026136625,0.018052919,-8.562576e-05,-0.023085777,0.008166503,-0.0019869006
2016-08-09,0.012144286,0.01676662,-0.00071003253,-0.02275917,0.009504871,0.020432405,0.0075494256,0.0,0.0075494256,0.013840349,0.0,0.002575613,-0.0013668077,0.007917562,0.0031570473,-0.00928579,-0.003154841,-0.012863916,0.005559696,0.006572844
2016-08-10,-0.0123203015,0.0,0.007587099,0.0015734943,-0.0077164257,0.0036896744,0.004842659,0.0032739341,0.004842659,-0.0016519431,0.013755791,-0.019442597,0.016190663,-0.011605281,0.0019503289,-0.01951513,0.00097244146,0.012674702,-0.0068082935,0.0061002313
2016-08-11,0.0038184368,0.006884237,-0.0031765455,0.010220594,-0.005487027,-0.0017179087,-0.013285702,-0.01012592,-0.013285702,0.006232797,0.009524996,0.0040603667,0.008433646,-0.008756792,-0.022555575,0.0077700596,0.007177941,0.0037404106,-0.006017313,0.11533893
2016-08-12,0.010182862,0.004452068,-0.0013551294,-0.01728844,0.006870845,0.0024599673,0.0022740385,0.005908648,0.0022740385,-0.006464937,-0.0091876155,-0.013935255,-0.0031882427,0.00890419,-0.010767597,-0.0017534696,-0.007316427,0.011030129,0.0027019773,0.009332597
2016-08-15,-0.0056745955,0.0029592437,0.010255983,-0.01183604,-0.0002682354,-0.007633982,-0.008095319,0.00052493473,-0.008095319,0.0018757549,0.013674664,0.0060326266,-0.022051143,-0.01731497,0.010126418,-0.015031468,0.0037164493,-0.0049074087,0.006918936,-0.008162765
2016-08-16,0.020173093,-0.009881697,0.0026504346,-0.007922753,0.001861868,-0.0037780702,-0.024418501,-0.00048655964,-0.024418501,0.0,-0.0064286683,0.0119141545,-0.009272311,0.0055932477,0.0056499625,4.0567105e-05,-0.0010880281,-0.010864078,-0.0010521357,0.08955854
2016-08-17,0.0046265954,0.0065726587,0.0048518237,0.0034449897,-0.0010256817,0.08603069,-0.0003517106,-0.0032048633,-0.0003517106,0.006910499,-0.017634425,0.015348464,-0.00035254008,0.04694795,0.02148325,0.01120177,0.00089565606,0.0,-0.006293303,0.0068919966
2016-08-18,0.023451677,-0.0030528735,0.012792501,-0.004574762,0.01116321,-0.004696165,-0.004763892,-0.0044157426,-0.004763892,-0.00012962606,0.023597468,0.0010032444,-0.010503718,-0.003942821,-0.00015030029,0.003046256,0.007737634,0.01571997,0.0084211035,-0.018180868
2016-08-19,-0.012685393,0.004365676,0.006923806,0.042416174,-0.005130232,0.0072421352,0.01344505,0.020091996,0.01344505,0.0017732752,-0.01675578,-0.0005892237,0.00083425717,0.016668564,0.00205213,0.020925079,0.005286091,0.012946772,0.00916918,-0.010873276
2016-08-22,0.006512981,0.0019011114,0.005434388,0.022099681,-0.0031755914,-0.047245685,-0.027466757,0.0,-0.027466757,-0.0126659265,0.011438421,0.0,0.011324259,0.006889979,0.008818425,-0.0053759185,0.0035532475,0.00031453624,0.0,0.014399724
2016-08-23,-0.010819594,0.010321714,-0.010738074,-0.0010415659,-0.004945119,0.030619744,0.007250529,-0.0028040304,0.007250529,0.015875015,-0.0017358612,-0.049888123,0.01629983,-0.010575832,-0.00072181487,-0.005484542,0.0067339283,0.0034553749,0.005518363,-0.025698954
2016-08-24,-0.016842477,-0.0076577654,-0.0020213076,-0.0023604778,-0.01509191,-0.003788187,-0.0025937923,0.009447164,-0.0025937923,-0.0033553147,0.008008811,0.092966296,0.028602492,0.019920846,-0.006520686,-0.001821969,-0.0059801084,-0.0015403745,0.0062058186,0.024721531
2016-08-25,0.014646759,0.004069976,0.008569064,-0.0021820662,0.0025533333,-0.00091629947,0.014753788,0.013093251,0.014753788,0.0063749705,0.013697284,-0.0023432996,-0.039959967,0.008467798,0.0022492323,0.01727025,0.0011463357,0.0017531281,0.008136531,0.019870017
2016-08-26,0.0022359118,0.007357094,-0.0018126926,0.008337139,0.011360092,-0.043925695,-0.11954696,0.0061564604,-0.11954696,0.010169516,0.0055260425,0.01398457,0.0016109876,-0.0072970814,0.008738024,-0.0035639098,-0.005472086,0.01722666,0.001611723,0.009655453
2016-08-29,0.03821397,-0.006244279,0.010345116,0.007049876,-0.013343252,5.8248537e-05,0.0057263556,0.0034017684,0.0057263556,-0.0007382951,-0.0020692714,0.11878503,0.00071216084,0.01972273,-0.0033799452,0.006006596,0.0019499267,-0.0047621406,-0.010146862,0.018320555
2016-08-30,0.017760418,0.008047609,0.002826078,0.017934758,0.008065085,0.053367563,0.04009876,0.003907052,0.04009876,-0.0020585936,0.0068811565,-0.023603205,-0.0029833377,0.016890017,0.0036537575,0.008444685,-0.012408279,0.007919544,0.0041040992,-0.00029254676
2016-08-31,0.011945789,0.0075013833,-0.002532789,-0.002063375,0.0068391357,-0.006640522,0.0048135645,-0.010625232,0.0048135645,0.0,0.0040370263,0.009807723,0.0009222117,-0.016050905,-0.0035578096,0.015087721,0.001851813,0.004374443,0.011805694,-0.01648878
2016-09-01,0.0,0.0063619856,0.0044746534,0.011768656,-0.0019252811,-0.014391362,0.009528839,-0.008815682,0.009528839,0.013058576,-0.0018068231,0.02312068,0.011820542,0.00015545382,-0.007484647,0.00026960904,-0.003919312,0.00044589335,0.0,0.11990234
2016-09-02,0.033928096,0.00064811436,0.010389605,-0.003571415,-0.010309528,0.00620166,0.021823736,0.012789724,0.021823736,-0.00016271323,-0.005597322,0.007813022,0.010091796,-0.022203866,0.0008553568,0.007952991,0.010087712,0.01091988,-0.0004616043,-0.010654889
2016-09-05,0.00095019443,0.004600894,0.0,0.0033728934,0.017421389,0.012990153,0.020424996,0.011418611,0.020424996,0.0033921886,-0.0078533245,-0.0013639891,-0.0023574557,0.010919551,0.0,0.0006589287,-0.00087344256,-0.0017166723,0.009786441,-0.0116877435
2016-09-06,0.0010421752,0.0060724933,0.007886827,-0.008229903,0.009416902,0.0074423295,0.011539398,0.010396642,0.011539398,0.0,0.01148719,0.00097527035,-0.0045723994,-0.017548898,0.0074586966,-0.08265795,0.00686235,-0.0016958677,-0.00040055142,0.17092833
2016-09-07,0.00014595264,0.018159725,0.011421135,-0.0074288263,0.0005679909,-0.00024625432,-0.00197741,0.08293346,-0.00197741,0.0069473446,0.018124916,-0.00042540586,0.012765292,0.0088576265,-0.023073392,-0.0013735951,0.012710446,0.009420208,-0.019007053,0.008988046
2016-09-08,-0.012408791,-0.001745669,0.008861932,0.00441697,0.016274618,-0.031282242,-0.0064607826,-0.000492089,-0.0064607826,0.008535961,0.0023884994,-0.00039504404,0.0,0.0019799287,-0.00484136,0.019799989,-0.0006539011,0.0005761191,0.033452053,-0.004964695
2016-09-09,-0.005425753,7.3329844e-05,0.011693917,0.0113072945,0.008173374,0.034024376,0.0,0.014141877,0.0,0.00813671,0.003637645,0.00719912,0.0,0.006733702,0.010212143,-0.009812223,0.008289873,0.0105795935,-0.0014802498,-0.004785007
2016-09-12,0.008472841,0.00064530247,0.004869919,0.0019547865,0.023390487,0.010611345,0.012353034,-0.0040535037,0.012353034,-0.004013541,0.021726146,-0.1203585,-0.004035137,0.002269652,0.011728744,0.0029600202,-0.018203104,0.012000508,-0.020391868,0.002311931
2016-09-13,0.0,-0.0114928605,0.0046129385,0.0037341674,0.08077552,-0.00273955,-0.012924317,-0.014342314,-0.012924317,0.00081945787,-0.0019837506,0.16912258,0.0057853297,0.0022614615,0.0039307256,-0.017262258,0.0037724152,-0.0019332002,0.020021487,0.0067125787
2016-09-14,-0.039353833,-8.784493e-05,0.0003266338,0.011825324,-0.004921844,-0.00387564,0.009227194,0.0054039797,0.009227194,-0.015636556,0.0,0.010229717,-0.001657636,0.0058279573,-0.01079329,0.003443639,-0.066701576,0.00876588,-0.00045293386,0.006271691
2016-09-15,0.010927466,-0.012213947,-0.00014700255,-0.00454434,0.0020088165,0.032256655,0.0027766225,-0.021595431,0.0027766225,0.002249141,-0.00134352,0.014887922,0.013321473,-0.0010388028,-0.012818555,-0.001040256,0.03924275,-0.0071619237,-0.0043739663,0.00036353926
2016-09-16,-0.0048492285,-3.8350096e-05,0.008648511,0.0050748754,0.0020044583,8.752218e-05,0.06382232,0.0009689195,0.06382232,0.006973401,0.008991474,0.0030666953,0.00801042,-0.012366978,0.022548102,-0.031474147,-0.00017678786,0.0212819,0.018639795,5.2980336e-06
2016-09-19,-0.00597615,4.664105e-05,0.0,-0.021081163,0.03249894,0.007258191,-0.0069697676,-0.0072980192,-0.0069697676,0.0060836556,-0.0025065967,0.01709144,0.0069201076,0.0014230625,0.019007644,0.0036408235,-0.0026489678,0.0033339297,-0.0043375506,0.01116486
2016-09-20,0.0,0.0007990116,-0.022712875,0.017219065,-0.01784318,-0.0024671843,-0.0077549815,0.13363257,-0.0077549815,-0.0023014413,-0.0019297024,-0.0017531655,0.007739278,0.008214113,-0.0057853535,0.014267961,0.01172136,0.020011615,0.010154147,-0.00908456
2016-09-21,0.014677867,-0.001320543,0.0010782002,0.016246136,0.017364547,0.0043706796,0.04803009,0.001955544,0.04803009,0.0,-0.0018592541,0.02722431,0.032239486,0.00019315969,0.0084393015,0.006306801,0.008737622,-0.009818176,0.016390326,0.0071008177
2016-09-22,0.00413393,-0.0025538106,0.009569178,-0.011233026,-0.000293323,0.009215016,0.0058567394,-0.0016272108,0.0058567394,0.0031204785,0.0006461526,-0.015463205,0.011328304,-0.015301708,0.0065880357,-0.010278425,0.0004889039,-0.00026726568,0.0010692835,0.011444891
2016-09-23,0.010592815,0.010113903,-0.00583335,0.0050827144,-0.00016434285,-0.014928108,-0.16919793,0.02504711,-0.16919793,-0.0024929862,-0.17566226,0.00034136104,0.0045549306,-0.0047076913,0.00013070424,0.0070928764,0.010747878,0.0034853735,0.006067385,0.005023264
2016-09-26,-0.0044900654,-0.008572039,0.0,-0.00052666693,0.009444984,-0.010490288,0.084813744,-0.015275001,0.084813744,-0.0033630708,0.08461761,0.015125097,-0.0026938424,-0.00011818523,0.0,-0.0049787057,-0.005815764,0.0024162813,0.0032465043,-0.007029707
2016-09-27,0.0,0.007343004,0.014863113,-0.0020834317,0.0074107973,-0.010458039,-0.01654665,0.032932203,-0.01654665,0.0021620872,0.025738249,0.0010076289,0.007990646,-0.0024327415,-0.002307943,-0.101807535,0.002556618,-0.015838336,-0.007043703,-0.0097810915
2016-09-28,0.0096396,0.0043071792,-0.024908207,0.018186698,0.010781959,0.007917055,-0.009084246,0.0007740035,-0.009084246,0.0041281665,-0.0074429894,-0.109101616,-0.0073493132,0.0067195576,0.01270772,0.012335788,0.0059956363,-0.003414624,0.010748819,0.0033432099
2016-09-29,0.0072499076,0.013802808,0.0050285463,-0.03210644,0.0025974785,0.011994519,0.021995509,-0.020121172,0.021995509,0.0,0.0,-0.023982538,0.0032225298,-0.0033116092,0.0013849644,0.039075837,-0.002821243,0.008841996,-0.008746638,0.020141944
2016-09-30,-0.00489426,-0.0056980806,0.009771311,0.030866433,0.009638561,0.00890197,-0.0072856387,0.039871715,-0.0072856387,-0.008260106,0.01294482,0.0049802205,0.01064035,0.005873329,0.0,-0.009929814,0.005480347,0.016237477,0.0049862433,-0.010915784
2016-10-03,0.0079669645,0.005257897,0.0019450987,0.0089950375,0.007629473,-0.011999667,0.003928796,0.03327725,0.003928796,0.005586479,-0.004573588,0.04494192,0.004270047,0.0048980615,-0.0044321395,0.01924995,0.0064349603,0.010512907,0.0071257316,-0.010731319
2016-10-04,-0.0019804654,0.0033307553,-0.006023526,-1.1829789e-05,0.019624373,0.007885052,-0.004334948,-0.019205779,-0.004334948,0.0057382397,0.0022511946,-0.009409938,0.011179131,0.0008499554,0.001977721,-0.015976338,-0.0034312713,0.007502962,-0.007209627,0.0037318522
2016-10-05,-0.0009767611,0.015842594,0.02297074,-0.00020315265,0.022896616,0.00674102,-0.007343731,0.022543931,-0.007343731,0.014786812,0.009490616,0.014009554,-0.0083667375,0.0036284893,0.009575428,0.015793193,0.0095522795,-0.004181276,0.0,-0.004898815
2016-10-06,-0.006458704,-0.0128239365,0.010703691,-0.0020136677,-0.007921573,0.008708374,0.08550305,0.010697368,0.08550305,0.005448604,0.012566443,0.00392092,0.007933766,0.01012611,0.0021705152,-0.0014398434,-0.0051176646,-0.0017152084,0.008178348,0.017189791
2016-10-07,-0.006622054,0.0041210335,-0.0073896055,0.0013216581,-0.009630491,-0.007393209,-0.009248183,0.0044083586,-0.009248183,0.00029286032,-0.017545791,0.011976102,-0.0065272516,-0.0026731289,0.016004432,0.0038198652,0.014451249,0.0007764679,0.012306974,0.008634333
2016-10-10,0.007765566,0.0030886007,0.010665017,0.011515453,-0.0057448954,-0.022794943,0.03327939,0.007590269,0.03327939,0.024296967,0.02998796,-0.012169947,0.008790662,0.0018775898,0.0053148842,0.0,0.017283687,-0.0036197102,0.003651809,0.0
2016-10-11,0.002864011,0.0041830977,0.00012678471,0.0024830909,0.008624639,-0.0067439917,0.0018460965,0.011710073,0.0018460965,0.0030577073,-0.022913162,0.004678198,0.007949878,-0.000102145284,-0.0016439207,-0.00068459153,0.029905485,0.008122142,-0.0018377939,0.005191582
2016-10-12,0.0010427516,0.00438009,0.0040042624,0.0011209934,-0.005664454,0.028310496,0.016894903,-0.051173616,0.016894903,-0.0042454004,0.015211635,0.012692715,-0.0022589134,0.010575533,0.004911265,0.001051427,0.013335077,0.0005283396,-0.003558462,-0.004076863
2016-10-13,0.0075540356,0.009586451,0.012259402,0.008615621,0.007695201,0.017117454,0.0032505484,0.00048003742,0.0032505484,0.0026616666,-0.0025388764,0.0059161982,0.0051703537,-0.0006736625,0.008450822,-0.004357994,-0.0057450435,0.0069243168,-0.0029733665,0.013824803
2016-10-14,-0.006313444,0.0133351255,0.00071103027,-0.009725256,0.0022439628,0.007670891,0.0028987513,-0.0049328753,0.0028987513,0.008558932,-0.012614249,0.011901262,0.005159527,0.014746808,0.0,0.0027666853,0.0039559496,0.010044875,0.005622347,-0.0004612857
2016-10-17,0.011234877,0.0033379751,0.016034497,0.0,0.024296457,-0.0024909065,0.010303532,0.008049396,0.010303532,-0.009060915,0.0033591841,0.0071706236,-0.0030892116,-0.003540708,0.006176202,0.0095928935,0.0,0.0,0.00092270446,0.004978985
2016-10-18,-0.0010301564,-0.002784695,0.007952829,0.009104316,-0.004170536,0.007756827,0.010904365,0.0057608513,0.010904365,0.010443027,-0.01833788,0.021989014,-0.014365064,-0.002023281,-0.01393296,0.0112747075,-0.018166304,-0.0008445872,0.0,-0.0067926864
2016-10-19,0.006903417,-0.007921546,0.01295612,-0.0048649292,0.0109283505,-0.0071754865,-0.018495087,-0.0016836888,-0.018495087,0.0076684756,0.01664133,0.018625107,0.018567147,0.004569218,0.0019228192,0.0033760227,0.0054877982,0.015191596,0.011980321,-0.020405665
2016-10-20,0.0005785225,0.004451462,-0.005535594,0.008691811,-0.00037159253,0.00977237,0.00081934745,0.02332434,0.00081934745,0.010504113,0.0017373008,-0.020992734,0.012438084,-0.0008189795,0.0011716284,0.012977589,0.006922203,0.014814046,-0.0008228528,0.01668049
2016-10-21,0.0062928298,0.0022738085,0.0054276125,0.008589454,0.025945472,0.013093896,0.0033625704,0.011894008,0.0033625704,0.015237631,0.0,0.012682384,0.0033207317,0.0036014484,-0.00033745752,0.065098904,-0.0007916276,-0.0073936586,0.006029531,0.005997706
2016-10-24,-0.004920688,-0.00065151916,-0.009533684,-0.0011417248,0.0009487331,0.010775906,0.009181929,0.010757077,0.009181929,-0.0130817,0.008000867,-0.009322032,0.0012671307,-0.00049577054,0.009083007,0.032730978,-0.0019885644,-0.009019839,0.00127978,0.016541013
2016-10-25,-0.0033300424,0.008830415,0.0073588686,0.009022596,-0.003847462,0.009975486,0.0020866839,0.045955263,0.0020866839,-0.00804796,-0.02248489,0.0028185004,0.0,0.014750362,0.005308783,-0.052135207,-0.0020391433,-0.009231759,0.0012224541,0.048779715
2016-10-26,-0.003419252,-0.007280712,0.005600993,0.008189451,-0.0029243992,-0.008112977,0.009019027,-0.011204427,0.009019027,0.015862968,-0.0022820241,-0.009313357,-0.006715781,-0.003139294,0.0053664194,0.0,-0.010877915,0.0025515293,0.008966853,-0.0012175619
2016-10-27,0.007659304,0.012768667,0.02330976,0.009778232,0.01515731,-0.0016162464,-0.0020829386,0.009774081,-0.0020829386,-0.010799914,0.03426689,0.026017187,0.011570301,0.008806238,0.006927007,0.0,-0.00019729824,-0.009665972,0.00095901673,0.003987221
2016-10-28,-0.0010710954,0.003416915,0.015493614,-0.00885145,-0.003144944,0.00372266,0.004965629,0.010481788,0.004965629,0.0017083543,-0.026931005,-0.009072868,-0.0012258888,0.0020382788,0.008922697,0.009729345,0.026013702,0.0,0.004099907,-0.017333895
2016-10-31,0.014547638,0.008417788,-0.0051169866,0.015896505,0.018626874,-0.0021378922,0.013088231,-0.06104816,0.013088231,-0.003068719,0.0126484865,0.009517412,0.034046896,-0.004870278,-0.0010216518,0.031265616,0.01258645,-0.019050367,0.013686449,0.013647495
2016-11-01,-0.0046234955,0.0073704785,0.0069268877,-0.021314198,-0.01932269,0.007263872,0.0017533305,-0.08600067,0.0017533305,0.023097178,0.0092307925,-0.012856305,0.008838185,0.013644684,0.008606689,-0.0017627975,0.018148946,0.0013730093,-0.0022061297,0.009189659
2016-11-02,0.012785025,0.0014543831,-0.007147963,0.009620571,-0.020451479,0.0022798253,0.026721684,-0.01620336,0.026721684,0.00029511264,-0.0036434145,0.024960842,0.010125655,0.003452614,0.003994271,-0.007347877,-0.0119386185,0.012804064,0.025588464,0.0
2016-11-03,0.015325551,0.0,0.0127023095,-0.017385978,-0.0023514556,0.0036423923,0.006985151,0.008467686,0.006985151,0.00047326522,0.16654538,0.039413277,0.0038668232,0.010073164,0.014335697,0.008309953,-0.019843034,0.00092293567,0.014923579,0.053363062
2016-11-04,-0.007324241,0.008845375,0.00727029,-0.0009690473,-0.0039858925,0.0,0.019225577,-0.0033327702,0.019225577,-0.003832408,0.003600551,0.020319803,0.0,-0.010576616,-0.01068591,0.026627144,0.005348639,0.014599687,-0.0021590015,0.0068122954
2016-11-07,0.015670894,0.007737831,0.0011817125,0.011000092,-0.010777917,0.0067817783,0.009516311,0.015251718,0.009516311,-0.0032322495,-0.0058694794,0.004635565,0.001619081,-0.00037858594,0.0011073231,0.00978133,0.008050791,0.0062862905,-0.0017312857,0.020303097
2016-11-08,0.0034942795,0.0045650774,0.0068597263,0.015057025,0.014105944,0.02143824,-0.017579978,0.026154492,-0.017579978,0.0008448542,0.0040508355,0.015303651,-0.0038431275,0.0055014985,0.008617159,0.012851534,0.0011680293,0.006717549,0.008257986,-0.0017289743
2016-11-09,-0.00036361185,0.009426987,0.00028756473,0.0064579486,0.00025361922,-0.022145089,-0.003937846,0.01039127,-0.003937846,-0.023001429,0.015133561,-0.061027035,-0.017778413,0.006578575,0.0024772629,-0.0039112577,0.008122344,0.012892681,0.019538369,-2.7486346e-06
2016-11-10,0.014783642,0.001537481,-0.021981927,0.0062669297,0.024731562,0.008666099,0.012267445,0.026047919,0.012267445,0.030567437,-0.0027893265,-0.001982515,0.0028705325,0.0,0.0017670762,-0.009208796,0.0009230066,-0.0050283703,-0.0030696664,-0.0026555795
2016-11-11,0.010576997,0.0070215575,0.007015081,0.0021365802,-0.0042071627,-0.033733755,0.055525877,0.02889292,0.055525877,-0.008030097,0.13858539,-0.0066365004,-0.00024817343,0.0071653803,-0.022918563,0.009927359,-0.00041417737,0.011710662,-0.00073422806,0.0069081117
2016-11-14,0.017027028,-0.008935774,-0.013814645,0.0,0.038072295,0.013182185,0.0,0.00742005,0.0,0.011519688,-0.016635899,0.022195969,0.013926752,0.005856202,-0.0010819756,0.03314211,0.01965443,0.0055475435,-0.004436038,0.019518426
2016-11-15,0.0049915756,0.003408975,-0.00581889,-0.010682729,0.0,0.0045523597,0.025125053,0.00588708,0.025125053,0.0054918188,0.0033723144,-0.010416393,-0.0013770687,0.0022875045,0.009504117,0.0012776428,-0.0018608082,0.0068050553,0.011635421,0.0009724563
2016-11-16,-0.005366093,0.000984788,-0.0024373583,0.0,0.006736273,-0.005405748,-0.00060996343,0.0019322857,-0.00060996343,0.0032238609,0.015662348,0.031719122,0.0022499228,0.009250569,0.009738884,-0.0040200944,0.0040840455,0.0,0.0016214035,-0.0009744503
2016-11-17,0.011437085,0.0030600592,5.6370154e-05,-0.0066859913,-0.0007959025,-0.0020823113,0.0028930653,0.01246098,0.0028930653,-0.006565,-0.0018129422,-0.015485955,-0.0016227384,0.0020524713,0.00052963104,-0.0014238937,0.0012941203,0.004007688,-0.0041127657,0.004401051
2016-11-18,-0.021498265,-0.004744041,0.0036995537,0.014436699,-0.0026864745,-0.0034050117,-0.021296484,0.0,-0.021296484,7.1878334e-05,0.01122978,-0.005399165,0.0114064235,0.007972451,0.0065796208,-0.003899524,0.008603359,0.0016725553,-0.0018168244,0.015047766
2016-11-21,0.009066696,0.0140649555,-0.008898607,-0.010082894,-0.0038259139,0.011755838,0.002723434,0.0018981694,0.002723434,0.008998649,0.0017996064,0.01433044,-0.008848277,-0.0034023318,-0.002854012,0.00050454045,-0.014522137,0.010282077,0.008379551,-0.007941733
2016-11-22,-0.008131462,0.00601816,-0.008069173,0.00493264,-0.001990252,0.010177018,0.007367145,0.032401532,0.007367145,-0.00053024746,0.0011538852,-0.021179894,-0.017179968,0.0030756688,0.0048522353,0.017263323,-0.014080589,-0.00174681,-0.017796876,-0.0064403946
2016-11-23,0.032601986,0.0023007588,0.030272363,0.0042018755,0.0078373095,0.008960486,-0.0017417121,0.0028292434,-0.0017417121,0.0,0.0097484505,0.0,0.0014772982,-0.0021438575,0.0043742987,-0.00984614,0.008483041,-0.016532224,0.0,0.010784423
2016-11-24,0.0039327457,-0.00041656935,-0.0007565393,0.008542891,0.039105218,0.01058977,-0.00048520838,-0.0040314994,-0.00048520838,-0.0013590825,0.0054093758,-0.009515282,0.006515648,0.012503746,0.0022760446,-0.0045300075,0.00315771,0.005896751,-0.004646348,-0.008115834
2016-11-25,-0.062485706,0.007439524,-0.00047157131,0.006027152,-0.003171337,-0.0016496332,-0.0037732415,0.117593765,-0.0037732415,-0.014066827,0.006946249,-0.01697086,0.0014958094,0.006282807,-0.000960566,-0.017480606,-0.003401896,0.0037372876,0.0054208916,-0.004293857
2016-11-28,0.009203845,0.015207444,0.0064774714,0.013660579,0.010465694,-0.010865087,0.0015066618,-0.00017440977,0.0015066618,0.0070051393,0.012701893,-0.0040894537,0.005389282,-0.0013459716,0.0,0.015949871,0.009648993,0.001170345,0.0054791593,0.0069619287
2016-11-29,-0.008115503,0.0044116,0.0026994282,-0.013347185,0.00057053135,-0.01312212,0.02201263,0.09103179,0.02201263,0.0038834922,0.0,0.018172044,0.0013765523,0.0019028159,0.010633055,0.007571148,0.00083679095,0.009587998,0.002151033,0.012509551
2016-11-30,0.0068032746,0.0066665397,-0.00870509,0.00815088,-0.0034256377,-0.010507882,0.00034341504,0.0038129382,0.00034341504,0.0035275682,0.0044131195,0.0008534205,0.0038834508,-0.0007019387,-0.010119567,0.0034787555,0.007517412,0.001579778,0.013387563,0.0
2016-12-01,0.010269011,0.008052357,0.009817578,0.0066057276,-0.0013111478,0.00078048947,-0.017709969,-0.01471409,-0.017709969,0.0022053486,-0.005390031,0.015863048,0.015745904,0.002638847,0.000274198,0.0060604303,0.019279692,0.0062274034,-0.06536113,0.0032449053
2016-12-02,0.003708004,-0.020143166,0.009892482,-0.00032959884,0.01133142,0.012563028,-0.05421845,0.0025717074,-0.05421845,0.021854308,-4.0596176e-05,0.042130552,-0.006780817,-0.020300645,0.008835834,-0.008797042,0.0103621865,-0.0056215543,0.01294497,0.011184258
2016-12-05,0.014798691,-0.003098119,0.031399585,0.019500855,0.011251034,-0.0035485085,-0.004504718,-0.0067230444,-0.004504718,0.0030510298,0.004362016,0.01732773,0.0071166907,0.011553887,-0.0019478126,0.008850497,0.0076129697,-0.0022031234,0.01819614,0.007268537
2016-12-06,0.010287601,-0.018949281,0.009530735,-0.0013363009,0.006270359,-0.0032458045,0.0024980812,0.02346049,0.021947637,0.014318523,-0.015482912,-0.023172943,-0.008307049,0.008404884,0.002251061,0.004767643,0.0134437615,0.0042531304,0.0534831,0.024344867
2016-12-07,-0.022188744,-0.001163447,0.0028544855,0.04013454,0.0063908766,0.008845927,-0.0028413371,0.0032214846,0.031203916,-0.010881078,0.0027039135,0.015279018,0.09687553,-0.0023510887,-0.007986076,0.0,-0.009843122,0.0,0.012810551,-0.001739461
2016-12-08,-0.00041435883,0.006056115,-0.0019989188,-0.014778771,-0.0072991145,-0.008999043,-0.009781552,0.0033451305,0.015178952,0.0002985474,0.04708931,0.021088706,0.009530722,0.008624019,-0.030867388,0.0009116289,0.038387377,-0.00014467904,0.0019512988,0.008557012
2016-12-09,0.0035029822,0.017183099,0.004247252,-0.016422017,-0.00534945,0.0,-0.010119192,0.0026756618,-0.0010734788,-0.009212861,-0.0020989557,0.020878207,-0.0038210724,-0.0054881973,0.018215423,0.013608109,0.010426563,0.004109615,-0.020109292,0.004940939
2016-12-12,0.01628061,0.009283883,-0.002588932,-0.009531863,0.008728709,-0.0033888354,0.003170364,-0.014872097,-0.088581994,-0.02281744,-0.00010526787,0.014058174,-0.01784137,-0.010880908,0.009918535,-0.005822294,0.012789494,-0.00047151846,0.0094415285,0.012379054
2016-12-13,0.0,0.01000187,-0.010863386,0.020201294,-0.022233194,0.011152582,-0.001027337,0.004998282,-0.0017632758,0.010886795,-0.0059562675,-0.01265266,-0.0042185164,0.010129091,0.01534058,-0.046480585,0.0050162254,0.007432141,-0.01822918,0.0039433297
2016-12-14,-0.018585727,0.010863376,0.012295216,0.011396178,0.012723856,0.006209798,-0.011960267,-0.00059015735,0.08110303,-0.00547851,0.0037775307,0.02345288,0.008480742,0.009717212,0.0042386027,0.0033722713,-0.0130290855,0.008671728,-0.017537225,-0.010132234
2016-12-15,0.008904298,0.00920924,0.0018465202,-0.0009329221,-0.0067939027,0.008624975,-0.008101896,-0.0036029313,-0.009812075,0.00021973033,0.004454398,0.00820438,0.005446858,0.009754806,0.012328008,0.017379967,0.014809083,-0.0005701832,0.010597912,0.012080859
2016-12-16,0.008828928,-0.00742498,0.0009289519,0.020184001,0.012253855,0.005041054,-0.00061110203,0.015215505,0.009220137,-0.11933033,0.010253155,0.0060280953,0.012264597,-0.0064635132,0.0038841467,0.043277226,0.0003851852,0.0024299494,-0.010831022,0.0054777754
2016-12-19,0.010754762,0.0031907207,-0.013672056,-0.003152889,0.002814885,0.0,-0.017496541,-0.005168137,-0.0023920243,0.019485584,0.022326188,0.013324108,-0.008261141,0.005410796,0.009036518,0.0024206876,0.0,-0.0016904584,0.024484582,0.0009575529
2016-12-20,-0.0028920288,-0.0017565397,0.004323071,0.015160123,-0.019400978,0.006465321,0.009817463,3.4810095e-05,0.016853657,0.06445691,0.016338782,0.01108221,0.014005326,0.008991651,-0.0046825125,0.0073672435,-0.019309703,0.008958016,-0.0015166341,0.004384768
2016-12-21,-0.018651148,0.004274725,-0.01800886,0.0024917675,0.0072240485,0.006626835,-0.0072467076,-0.095024265,0.00048281188,-0.021880955,0.007927335,0.021496037,-0.00029291128,-0.053124513,-0.0017355089,0.00822756,0.04863878,0.0063982066,0.025175802,0.009504894
2016-12-22,0.019542858,0.0023066911,0.00902939,0.030081855,-0.0027831795,0.008815001,-0.00973065,-0.01766644,-0.003485077,-0.024228116,0.01022405,0.0,0.00029338684,-0.010878836,0.03198265,0.0051511656,0.009083235,0.008019115,0.018584222,-0.028429192
2016-12-23,2.5668398e-06,-0.0053530666,-0.0038049077,0.0028500003,0.0022717302,-0.001260919,0.008123317,-0.030187318,-0.002431706,-0.010066397,0.017173827,0.0,-0.0022886363,0.013125345,0.0013351988,0.0019013294,0.0,0.004053051,-0.104964726,0.03541254
2016-12-26,0.009176115,0.008883131,-0.009468217,-0.0029018288,0.008471978,0.0069808303,0.007452253,0.1363648,0.05930676,-0.012994477,0.0030942243,0.012695549,0.013648763,0.0017394372,0.013803572,0.0039099995,0.038135063,0.0016069028,0.034645043,0.0051216404
2016-12-27,-0.023409085,0.011751321,-0.005857368,0.023834525,0.0012935023,0.0055498946,-0.0024767073,0.019915944,0.01533205,-0.010436194,0.0040199873,-0.02376073,-0.010720101,0.009033647,0.0,0.019705793,0.010866243,-0.0026357246,0.01537119,0.003503353
2016-12-28,0.006857057,0.006384613,0.012811157,-0.0039368034,-0.00501935,0.0061332257,0.014801911,-0.0068159224,0.007817665,-0.047231413,0.009327449,0.0038361973,-0.0038773015,0.008004315,0.023054292,0.006739306,0.02296911,0.013953159,0.0,0.0003792621
2016-12-29,-0.0029492676,0.001914701,0.010561693,0.0055943727,0.0055142883,-0.011782104,0.0012590878,0.0,0.0,0.06740273,0.03709611,0.0086264,-0.0039763264,-0.009424548,-0.0009058864,0.010297908,-0.0051932684,0.0059858016,0.015801735,0.0042194487
2016-12-30,-0.0023399924,0.0044363667,0.012326892,-0.005895793,-0.006111282,0.0053270473,0.008825877,-0.0002958699,-0.016471876,-0.014844573,0.011673133,-0.052225284,0.0022616168,0.095578976,0.018934948,-0.0041643726,0.0020499195,0.002254831,0.0,-0.0032226795
2017-01-02,-0.004430867,0.003399345,0.0034473988,0.004166834,0.00027666404,0.0105664795,0.001092195,0.032892976,0.0055215466,-0.024459593,4.5654415e-06,0.001097985,0.0038823904,-0.011667857,-0.012451404,0.009669481,0.023664337,0.008800599,0.0,-0.059393443
2017-01-03,0.018096035,-0.009207509,-0.0017376046,0.009762035,0.009042278,-0.04362633,0.023749426,-0.20757298,-0.02375914,0.06474848,0.0089024035,0.0010747975,-0.016880443,0.009161751,0.05477864,0.0056774435,0.0073773568,0.001142224,0.0024222813,-0.0045202347
2017-01-04,-0.007848996,-0.0074317353,0.0025249124,-0.0067400048,0.010338876,0.0062414557,-0.0052447673,0.030363247,-0.001117959,0.011327513,-0.023900254,-0.015672691,-0.0063592466,0.0,0.0,-0.0057275807,0.00095902075,0.002488654,0.008824629,0.012738144
2017-01-05,0.01313774,0.0020528995,-0.0011142646,-0.0070117214,0.0060306014,0.010300533,0.006804443,-0.21900198,0.0077301534,0.07831164,-0.0022991195,0.009726768,0.0008963172,0.0,-0.003190827,-0.008329833,-0.012709504,0.0061755897,-0.0064243325,-0.0014311845
2017-01-06,0.018435063,0.00980938,-0.009317794,-0.00066406827,0.0065414263,0.0039382167,-0.010759818,-0.011572119,-0.03405116,0.02106901,0.012689705,-0.003059528,0.02319419,0.03501736,-0.020234244,0.0127168195,0.007819071,-0.0008383943,-0.00792744,0.019340415
2017-01-09,-0.0019343402,0.0033863187,0.0070189447,0.01009716,0.0075670383,0.008123654,0.0012708122,-0.18546313,0.034591634,0.0,-0.09829596,0.0046312576,0.0075028134,0.0024543959,0.004837439,0.008111692,-0.013250822,0.0058727367,0.006533666,0.007586512
2017-01-10,0.0042801434,-0.0014199411,-0.008617555,-0.0032325261,-0.0020549558,-0.010475847,-0.0058651664,0.003874472,0.008453139,0.052793246,-0.009835055,-0.0052798726,-0.011131654,-0.0060048685,-0.06745417,0.011535196,0.001977909,-0.022439018,0.0014401384,0.0022853888
2017-01-11,0.012001692,0.0050152605,-0.0055424976,-0.0006105956,-0.0022197007,-0.0098235905,-0.0016147207,0.08280215,0.011978175,-0.0075066243,-0.014336665,0.020938521,0.062195588,-0.000508995,-0.0039327983,0.005929527,0.0012047086,-0.00073807064,-0.06654733,-0.0010134956
2017-01-12,-0.0061758114,-0.001162294,-0.0018392317,0.0010031394,0.0051460764,0.002877513,-0.0019840535,-0.007759615,-0.002970437,-0.017374935,0.002709473,-0.038273256,-0.03319875,-0.012562332,-0.004049629,-0.0074447123,0.0075705578,0.0044896337,-0.00022952093,0.009231911
2017-01-13,0.0039306553,-0.0019215137,0.0012889816,0.011690736,-0.010773465,-0.0059504122,0.008630663,0.16596562,0.0075979778,-0.048072524,0.019786319,0.05132185,0.01910698,0.0020016625,0.011218817,0.0019842484,-0.005085379,0.0068542324,0.0017676506,0.010926165
2017-01-16,0.012968868,0.0031531854,-0.00023980123,4.9629154e-05,0.0016191542,0.00876883,0.009080834,0.0025983914,0.008525251,-0.0017367444,-0.0008088627,-0.002758603,-0.0033948997,0.0043417104,-0.0039802073,0.001982971,0.0024616094,0.0030987521,0.00090115686,-0.0012997576
2017-01-17,0.0025178818,-0.0052894684,0.011843258,-0.004047952,0.015685726,-0.0033453868,-0.0056330687,0.08121115,0.007879415,0.038900383,0.004254916,-0.016905665,-0.036249142,0.014806321,0.013211563,-0.005120982,0.0014040642,0.005427803,0.00040893065,-0.006250424
2017-01-18,0.015140108,-0.006163615,0.004018127,-1.767621e-05,-0.006224329,0.008958909,0.0076269177,-0.0045599756,-0.001499859,-0.010710944,-0.02179929,0.005246798,0.1518389,0.007346908,0.0038883672,0.0074049653,0.026217973,0.004532305,-0.013099695,0.00056940364
2017-01-19,-0.010152381,0.0056295986,-0.005362804,0.008224224,-0.0008388765,0.0320937,0.008049146,-0.16040768,0.0066332472,-0.01181664,0.030860905,0.0030930396,0.019328328,-0.028176673,0.03801704,-0.014885093,0.01359229,0.0020553824,0.01971292,0.06134288
2017-01-20,0.015735198,-0.0036569815,0.0065635783,0.009138649,0.01631459,0.0059200367,-0.016918248,0.027217595,0.050510403,0.0105777765,0.014235855,0.014778487,-0.00033713123,-0.0053719836,0.04718462,0.00619983,0.013384845,-0.017652454,-0.015549841,0.012841043
2017-01-23,0.00280485,0.0024750668,0.008095973,0.009482066,0.009379195,-0.023830278,-0.00033916958,-0.009681399,-0.008255623,-0.025404055,-0.0065988377,0.011342446,0.015347397,0.006884066,0.0,0.010563647,-0.011851006,-0.0022733284,0.014694773,0.01817428
2017-01-24,0.013345097,0.017210275,0.0021287303,-0.012673751,-0.0026322803,0.012425902,-0.046279978,-0.03704979,-0.005726899,0.034934606,0.0046420903,-0.004524197,0.00057966606,-0.002630049,-0.00363954,-0.005307347,0.010102166,-0.017741436,0.006093461,0.0017152379
2017-01-25,-0.02929944,0.00093346304,0.0035199495,0.001662054,-0.011678753,-0.006017935,0.00424644,-0.066374876,0.0064809793,-0.0045752297,-0.0030247222,0.018926447,0.031906515,0.010495944,-0.014687522,0.0,-0.01486361,0.014056099,0.018448515,-0.0005598971
2017-01-26,0.015627092,0.0006076577,0.008212426,0.0036419919,0.008440465,0.0010615253,0.015432106,0.0003684206,-0.013089026,0.003719098,-0.001619228,-0.01748993,-0.012223163,8.990817e-05,0.0034921088,-0.01894438,0.0009406272,0.0038709887,0.0,-0.0075959736
2017-01-27,-0.010535223,0.004792667,0.0011701494,0.012759952,-0.014690173,-0.0011550059,-0.010044677,0.0639561,0.00495617,0.007942928,0.005206452,-0.005919466,0.0027787674,-0.0017105989,0.01252532,0.05525331,-0.010314564,-0.002085612,-0.013038948,0.0058211046
2017-01-30,0.008832072,0.012193277,-0.0017873502,0.00080428924,0.008173116,0.041325014,0.008457447,-0.0066933176,0.0026993952,-0.0033277716,0.008636283,-0.027011668,-0.0030180833,0.008198411,0.008650609,-0.0017266604,0.012953213,0.008049964,0.013616009,-0.0034066201
2017-01-31,-0.014276071,0.008921685,0.0005431644,-0.006226113,0.010545963,0.0193496,-0.022929462,-0.2039083,0.0015025293,-0.21595623,0.015199328,-0.053273287,-0.009056201,0.0,0.007472527,0.009861765,0.004080467,0.0038115492,-0.0030207145,0.009329086
2017-02-01,-0.0141528575,-0.0026844335,-0.005223787,0.0084721735,-0.0040446417,-0.01493005,0.06335882,0.08397263,0.020915473,0.02415255,-9.837716e-06,0.04537176,0.037753243,0.009794227,0.019189317,-0.016459405,0.010389883,-0.0074588996,0.006730364,0.0016904295
2017-02-02,0.0645828,-0.008660068,0.0014295446,-0.0014245001,0.008875964,0.0067421603,0.011323279,0.0017673257,0.017527798,-0.0023100977,0.008230371,0.008063023,0.006723665,-0.008264236,0.008466531,0.0089825615,-0.007508588,0.002400788,0.009907514,0.066341266
2017-02-03,0.015093166,0.0023151725,0.0006152831,0.027023243,-0.00024126892,0.014246936,0.005458347,-0.022864442,-0.00046735833,0.003761439,0.010194232,-0.017374318,0.00021693652,-0.001152319,-0.009402451,0.008958222,-0.0015930582,-0.0007245971,-0.00598693,-0.00029902888
2017-02-06,-0.00022947803,0.010043054,0.00781692,-0.0013196608,0.009356712,0.0037596964,-0.009532538,-0.010857879,0.001463379,-0.0017474098,0.008047926,0.0062246462,-0.0036769626,0.007096719,0.008793765,0.013319857,-0.004448849,0.0091848215,0.010390464,0.015755555
2017-02-07,0.008835857,0.008368888,0.0024698146,0.00887921,0.008801617,-0.0061678765,0.0058913403,-0.0018573664,0.025888814,0.0005504275,-0.009565102,0.069481984,0.017405452,0.00015485357,-0.09057183,-0.00070182915,0.009005125,-0.0026950813,0.02910858,0.0073639043
2017-02-08,0.0022239261,-0.00539707,0.00012955196,0.0150560485,0.0074976054,0.015222948,0.009544486,0.00146895,-0.010801268,-0.024772804,0.015259919,0.00887769,0.0162372,0.006300078,0.008810534,0.016389057,0.0016288189,0.010306902,-0.009354459,-0.00638028
2017-02-09,-0.0047439714,0.0139584,0.009196629,0.008806741,0.0011794614,-0.00075419026,-0.029952815,-0.007347116,0.008123479,0.014387783,9.0434114e-05,0.0060586026,0.0040497626,-0.013957658,0.010433504,0.0031011193,0.0069067064,-0.0020416593,-0.06800304,-0.023908176
2017-02-10,0.009199449,-0.0015727651,0.005941149,-0.0018606484,0.00033841282,-0.007411964,0.06372706,0.07970785,0.029155804,0.03680683,0.004315249,-0.010817908,-0.028533287,-0.037416883,0.017537737,0.014276499,0.033504985,0.015080546,0.009194685,0.0066147484
2017-02-13,-0.008480337,-0.013321942,0.0,0.033596963,-0.008722989,-0.00025552933,-0.00093111524,0.018170249,0.021079477,0.011147514,0.0050840373,0.008200978,0.007062189,0.013784093,0.010556494,0.010655678,-0.0049195597,0.016269997,0.014770677,0.0
2017-02-14,-0.02138936,0.004503779,-0.0010372663,0.007817174,0.004379344,0.015593452,0.0030746511,-0.048819613,0.009597133,0.009975425,0.011017229,-0.017356891,0.0019095078,0.018022554,0.014480651,-0.041182917,0.0017926379,0.005798394,0.0034309875,0.010130598
2017-02-15,0.046597064,0.004982551,0.008314275,-0.010502828,0.0012655696,0.010415991,0.0021941874,-0.0043974784,-0.017757589,-0.010634314,0.0015012951,-0.005373843,-0.0016008973,0.013712551,0.0057964004,-0.005793894,0.007664204,0.0069156666,-0.0013492962,0.0013151969
2017-02-16,-0.0039584604,-0.0033943213,0.002033095,-0.00015218888,-0.0071234107,0.0035991925,-0.0021424508,0.038975652,0.007235161,-0.004640443,-0.0030211583,-4.567623e-05,-0.0046637114,0.0037257147,0.013136303,0.0016199922,0.003168455,-0.010097524,0.0005830035,-0.0018675652
2017-02-17,-0.018352477,-0.00919853,-0.0009641749,-0.0010338776,-0.0031708183,-0.00016671229,8.210046e-06,0.0046108374,0.06342568,0.048382215,-0.0041092504,0.004902305,0.01525753,-0.0056932354,-0.04507294,0.06454275,-0.0044383635,-0.004457916,0.011351213,0.0020938918
2017-02-20,0.0006053477,-0.0011630626,-0.0011507982,-0.010297679,0.010541938,0.0014980487,0.021974986,0.0106165055,0.0,0.0049627894,0.008665327,0.0029010978,-0.023918526,-0.0044494965,-0.008795118,0.010563498,0.005494042,0.0012496598,-0.0089163715,-0.000841288
2017-02-21,0.015303025,0.0,-0.0059355944,0.0023854203,-0.008403339,-0.008554972,0.0019379893,-0.0139175095,0.0060984637,-0.0015026561,-0.0023877448,-0.00016152869,-0.08464118,-0.013946289,0.0063418187,-0.014914706,-0.0053061643,0.0017111716,-0.00020919384,-0.0070438054
2017-02-22,0.009014447,0.0056085633,0.0069245794,0.0071058385,0.007330228,0.0068230205,0.013088021,-0.011127541,0.0485678,0.00034032617,0.015509708,0.008466775,0.051934626,-0.004041724,0.0,0.003532388,0.004086468,0.0,-0.004514981,0.0059177577
2017-02-23,0.003873634,-0.0011070761,-0.0020114714,-0.0013523224,0.0063691647,-0.003695835,0.01054475,-0.024939448,-0.011372228,0.0038336227,0.0026867508,-0.010794154,0.053395644,0.03885291,-0.0033969183,0.0032065595,-0.00031347154,-0.0019153743,-0.003830845,0.050428227
2017-02-24,0.0009900331,0.0029368738,-0.002430197,-0.010145123,0.015759159,-0.008910103,0.0058701984,0.05266985,0.030637544,0.014901148,0.0013240033,0.0070285085,0.007033254,-0.006734806,0.017525276,0.003049372,0.004044812,0.0039025263,-0.0028980619,-0.022168597
2017-02-27,0.006697438,0.002154623,-0.00050089986,0.0070343716,-0.0036078638,0.010592003,0.0050347694,-0.010131269,0.01060852,0.016383896,-0.008207535,0.013822569,0.010547894,0.009179487,-0.016418613,0.01854236,0.0035633976,-0.019083383,-0.000935192,0.0023424604
2017-02-28,-0.007853186,0.010273191,-0.003820486,0.0021696717,-0.019310016,-0.0044132154,0.009004416,-0.00201223,-0.01106948,-0.007925118,-0.009848107,-0.0055181705,-0.0069431267,-0.0026312128,-0.016703667,-0.084222294,0.0014983759,0.0005963258,0.047854856,0.005171037
2017-03-01,0.0055183796,0.0035549533,-0.0030936566,-0.010580591,0.008884763,-0.003340167,-0.039500527,0.010380334,0.01261263,0.0036467426,0.008707302,-0.0027622771,0.009521587,-0.007964863,0.002352468,0.019532774,-0.061304152,0.002686481,0.0019936315,0.028975973
2017-03-02,0.013510065,0.0039950376,0.0019831767,0.010856472,0.005170739,0.007929869,0.006731468,0.087509796,0.012556484,0.0011239254,0.015174969,-0.00039862347,0.007873741,0.013131238,-0.023754058,-0.00073204824,-0.0012662961,0.00040812726,1.5367374e-05,0.0058279308
2017-03-03,0.0019677563,0.0,-0.020119391,0.004036411,-0.0049066464,0.014654196,-0.020236157,0.02059123,-0.0211487,-0.020861918,-0.0001358615,-0.010183508,0.0025611816,-0.0024764333,-0.009069351,-0.025729734,0.012817381,0.010935285,-0.0019887101,-0.009990652
2017-03-06,-0.1785847,0.0030579802,-0.006795575,0.0013156484,0.010605902,0.023164598,0.03278034,0.009767719,-0.00582415,0.008836228,0.00019564113,0.00013948257,0.024514947,0.0,0.0037207056,-0.0011142998,-0.0018175683,0.0005480319,0.034465097,0.0053518233
2017-03-07,0.028307226,0.0021470916,0.0017798907,0.013125725,-0.0042134365,-0.0009649233,0.009393212,-0.0005785644,0.01190265,0.0040265354,0.00040569442,0.061043657,0.0019039157,0.008991224,0.009406378,0.0,0.030909954,0.00834401,0.0022383637,0.0063732173
2017-03-08,0.032606244,0.0044633145,0.009004462,0.007294721,0.00048288063,0.008596873,0.039403435,-0.021914607,-0.0013666347,0.043221988,0.0,-0.017493626,-0.014237079,-0.016945254,0.006388691,-0.001726118,0.010931107,0.017083693,0.0034136781,0.0060845
2017-03-09,0.015973125,-0.02439583,0.006179914,0.006176964,0.0077167386,0.008655619,-0.0011890221,-0.0074656927,-0.01062097,-0.009437767,0.00510088,0.010825468,0.0032802536,-0.0042497865,0.0021494755,0.026051968,-0.004814767,-0.0023016252,0.0032536217,0.002226886
2017-03-10,-0.005289478,0.0034060902,-0.00031944938,0.011375752,-0.016638923,0.010859331,0.006945255,0.0010529109,-0.005836748,0.043458004,0.0,-0.005514326,0.00295071,0.00068028853,-0.01801766,0.0027527118,-0.007842645,-0.0030445969,0.0048482907,-0.0013969764
2017-03-13,-0.005763914,0.011713889,0.00901876,-0.011480596,0.01477304,0.0018732436,0.0040273564,-0.030884592,0.0019844337,-0.08619556,-0.002096262,0.03818538,0.00998409,0.0075214566,0.0,0.009812439,-0.0022804525,0.022032188,0.0011598655,0.0076492573
2017-03-14,0.040727325,0.008499462,0.010179292,0.010918729,-0.015289633,-0.0016854451,0.0034445547,0.049121365,0.026548741,0.034633778,-0.014088428,-0.019060606,0.0042735655,0.01798794,0.01835056,0.0033329166,-0.0042636464,-0.019690137,0.00014612295,-0.0100497445
2017-03-15,-0.005942131,-0.023687078,0.0008104846,0.0,0.016816849,0.0035706048,0.037593845,-0.016538298,0.036904566,0.0058131814,-0.0052465578,0.03260157,0.0018275835,-0.008044243,0.0052125244,-0.062440652,0.011203995,0.00095625257,0.0004939499,-0.0022787538
2017-03-16,0.008895939,0.0014312378,0.004860187,-0.008688945,0.0,0.015836207,0.0015988211,0.005745016,0.010589759,0.007093245,0.0035390442,0.01080138,0.004221522,-0.00570758,-0.011848705,-0.036382712,0.012503707,-0.0020211365,0.0005981742,0.0038229842
2017-03-17,0.040820107,0.007790625,0.012620132,-0.060471546,-0.002505489,0.0011081565,0.02206173,0.0019016151,0.16839404,0.00698523,0.0,0.013313065,0.0136662135,0.017938893,0.0015511353,0.010402208,-0.010788452,-0.0056666597,0.017201565,-0.0046384274
2017-03-20,-0.0014041028,-0.0049863765,0.0015897752,0.0105689755,-0.004778167,0.001680085,0.0037398445,0.0279104,-0.0038975603,-0.008405061,0.0040665073,0.02475634,0.006461196,0.0042812666,0.006818178,-0.0042688996,0.00863831,0.009049155,-0.0040364238,0.0041580675
2017-03-21,0.015089085,0.017328331,0.008049567,0.008841554,0.016040444,-0.21896318,0.00611981,-0.023807062,0.007426653,0.06528256,-0.009070103,-0.005435113,0.0142474035,-0.0022796802,0.021974059,-0.01506934,0.0021128613,0.006754316,0.01117314,0.0018837646
2017-03-22,0.003385488,0.007844943,-0.0029757486,0.02496006,0.0033696848,0.013320245,-0.004223373,0.008753038,0.015767157,0.0022146534,0.0036080165,0.0,-0.0012338327,0.009386895,0.008193677,0.011186922,0.011054339,0.008558312,-0.0098173395,-0.008753123
2017-03-23,-0.009665061,0.034947865,-0.011278359,0.019715345,-0.0055208774,0.023373514,-0.00523579,-0.11811056,0.022882428,0.004380907,-0.00974282,0.0,0.0,0.010017832,2.9454523e-06,-0.0035604932,0.008395102,-0.005596141,0.007820017,0.0036247433
2017-03-24,-0.008724887,-0.0032317056,0.007721666,0.0043604723,-0.010439262,0.007849402,-0.048854902,-0.019874478,0.0073243314,0.020164957,-0.012110244,-0.005639753,0.0,0.007994487,0.008684528,-0.0013670294,-0.007382995,0.009001171,0.005317636,-0.0063096094
2017-03-27,0.010299248,6.680498e-06,0.010745562,-0.012290225,0.006039962,0.04803505,0.03396827,0.007974445,0.008979458,0.00944101,0.00048727376,-0.015753265,0.0038901092,0.005083192,0.0,0.00047053074,0.009688092,0.0026636438,0.0027705792,0.012619795
2017-03-28,0.0014301608,-0.009074869,-0.006128842,-0.0041766316,0.0150874015,0.017040495,-0.002973479,-0.017545108,-0.0027902871,0.0,-0.0024280457,-0.007802857,-0.012609402,0.0003940559,0.0,0.0028604043,0.006783585,-0.0019573497,-0.010436075,0.0042778137
2017-03-29,0.014197142,-0.0024358847,0.005775935,-0.006039301,-0.005867774,0.0008180762,0.040629644,0.045570523,0.013129644,-0.0013222451,0.006473629,0.0,0.049211245,0.0031363643,0.00074682053,-0.009400467,-0.008645944,0.009786549,0.0024872147,-0.0074076536
2017-03-30,-0.0020709864,-0.0013434023,0.009399714,0.015139846,0.01445805,-0.0036396792,0.016274208,-0.005551783,0.03391928,0.013819818,0.0113458205,0.010636089,-0.0044551548,-0.008853742,-0.01242213,-0.0020887775,-0.003853108,0.007288388,0.0071483403,0.010671326
2017-03-31,0.007976843,0.010390306,0.0072425306,0.012599644,-0.002593559,0.007710303,0.018623352,0.011796993,-0.018133746,0.0,-0.011557881,0.00776302,-0.025704138,0.017203,0.005129162,0.08208887,-0.015367561,0.0052730255,0.008053471,0.004270257
2017-04-03,-0.0025328617,0.00928607,-0.0028379124,0.0004708014,-0.015528489,0.0046504433,0.007896895,0.022787662,0.010060148,0.024770824,0.005471859,0.0,0.025039833,-0.020544259,0.009236527,0.0077931,0.026212664,0.011049216,0.01016553,-0.0005592542
2017-04-04,0.0016218353,0.006918274,0.007678782,0.019597266,0.0044357404,-0.044785988,0.047093224,-0.00015201006,0.013254784,-0.000447271,0.0042391415,-0.002320072,0.005922667,0.01032782,-0.01047535,0.03442977,0.0048426264,0.002600456,-0.0033181736,0.00020276003
2017-04-05,-0.0073364927,0.0065732026,0.008121947,0.0010731966,-0.0059401663,0.010142758,0.000943748,0.00061237946,-0.016515117,0.0027445422,0.0116213625,0.009907194,0.009498662,0.0027104486,-0.0071758525,0.0059151193,0.019449444,0.007218002,-0.0065827533,0.009732616
2017-04-06,-0.0013579035,0.012232397,0.0009953002,0.0012102188,0.0018464386,0.006491684,-0.0074213957,-0.0045872703,0.0014992254,0.009592131,-0.005989021,0.004021163,0.0054655895,-0.00064580323,0.016850816,0.01232655,0.005555794,-0.0010125786,0.010396718,-0.009919945
2017-04-07,-0.022684105,0.03269836,0.00464658,0.007486933,0.012927039,0.0023030827,-0.0014185294,0.031647727,-0.0135019,0.015672255,-0.014914238,-0.00451764,-0.007028208,0.014537083,-0.003357022,0.024722397,-0.002657457,-0.0064897593,-0.006015559,0.0016208023
2017-04-10,0.012521581,-0.021326682,0.002060711,-0.0024353634,0.0026339127,0.0022531215,0.010188518,-0.0015442808,0.005823379,-0.0020760745,-0.014271788,0.0074237706,0.07699212,0.0022151521,0.015675675,-0.019765293,0.018154804,0.0,0.015070046,0.0053082267
2017-04-11,0.00082104944,-0.005563333,0.00033327827,0.0038346418,0.007056298,0.018589862,0.0,0.007913584,-0.024040187,0.009005748,0.006397559,-0.004733552,0.017055664,-0.007548004,0.011078183,0.03281354,-0.0022112192,0.0045586955,0.011963728,0.0036953434
2017-04-12,0.0059946436,-0.0116883125,0.009268883,0.0133866705,-0.01078023,0.00034049165,-0.0151991835,0.0025753633,0.08085431,0.009967026,0.009338215,-0.0023303994,-0.00033003962,0.0008256841,-0.004051832,-0.0020093964,-0.02382828,0.0037032699,-0.0020652327,-0.0024812187
2017-04-13,0.007375763,-0.0037158488,0.011668746,0.0,0.015100622,0.0035464254,-0.015869047,-0.016546015,0.0077361795,0.0031306436,0.003167078,0.011958214,0.009007099,0.015737107,0.010279351,-0.019529782,-0.01448989,0.0009784682,-0.0074115475,0.0061825826
2017-04-14,0.020257808,0.0067142085,-0.012446198,0.0015482584,0.0039174506,0.0,0.0021768382,0.0060101533,0.008798372,0.0052461084,0.010943003,0.005766021,0.005135683,0.009538665,0.00012627257,0.0,0.0021874995,0.013524299,-0.0071607223,0.00041075744
2017-04-17,-0.002512265,0.005269531,0.0061122654,0.010938644,-0.005923945,0.009772031,-0.022806685,-0.020349016,0.04523096,0.01081991,0.009711352,0.009944857,-0.0062076095,0.0018143655,-0.00041310609,0.013130877,-0.0015489382,0.0048352955,0.0028273328,-0.0017938359
2017-04-18,0.007328231,-0.0014461748,-0.010240001,0.003795048,0.016419465,0.01323401,-0.033264678,0.00025130535,-0.0055305795,0.022854693,0.0031533286,0.005095399,0.0009981146,-0.017911874,0.01326342,0.008567243,-0.0032753756,0.008934762,0.0013746088,-0.00193811
2017-04-19,-0.040266987,0.015214053,-0.0017660924,0.014417908,0.0044431062,0.043797836,0.020432588,0.006484115,0.0070347097,-0.00097651075,-0.015932925,-0.0008337175,0.0023183585,0.02080042,-0.004716804,0.024027474,0.01592369,-0.0031877202,0.010380377,0.00067813153
2017-04-20,-0.028545821,-0.0057714214,0.015971355,-0.0039856774,0.008202062,-0.014099197,0.012381133,0.004258519,0.0013648773,-0.0067190723,0.031798493,0.009668433,0.0009967571,0.01102742,0.009732456,0.00020731938,-0.0043723946,0.008560077,-0.0052286796,0.0009139176
2017-04-21,0.0013423801,-0.010320746,0.005420764,0.004041322,0.0041629267,-0.0013554752,0.0063153515,0.018069878,0.034845438,-0.005452237,-0.010784159,-0.006158326,-0.012930578,0.022983307,-5.722893e-05,-0.0057308376,0.013722472,0.0008791325,-0.006055905,-0.0014334514
2017-04-24,5.6539087e-05,0.009639187,-0.0019968958,0.0,0.0069372146,0.025022568,0.009264632,-0.0017476407,0.01096307,0.0066063446,0.0051018554,-0.0060097123,0.0069185165,-0.020204362,-0.005440874,0.017120128,0.013088805,-0.020736674,0.0075062253,-0.006116532
2017-04-25,-0.04599703,0.0,0.0022153046,0.017281612,0.010569366,0.009325905,0.009646914,0.004089754,0.07006686,-0.005284271,0.0040133605,0.00045063268,-0.016807703,0.0012856056,-0.00069255434,-0.014482768,0.00034102422,0.0037264777,0.014807527,0.007966731
2017-04-26,0.062484838,0.009096297,-0.0067305397,0.0027617416,-0.0007750415,0.0033517587,0.0052677947,0.010167041,0.012289689,-0.00454684,0.018895313,-0.0009441065,0.0014355319,0.023566373,-0.005867544,0.007561131,0.008846481,0.002821841,0.004364956,-0.0019557273
2017-04-27,0.033221878,-0.012701528,0.003546483,0.005759757,0.009229116,-0.0041771107,0.0068576103,0.0040931385,0.011450765,0.0003454843,-0.0023153317,0.012432269,-0.00953694,-0.0037761354,0.0071181087,0.0069552334,0.000482895,-0.00075145916,-0.011074323,0.0
2017-04-28,0.006906223,0.013064466,0.015669635,-0.000995256,0.019249525,0.0015198605,-0.0039402284,0.013228074,-0.0032886686,-0.0047588805,-0.00029338774,0.008773777,0.011749389,-0.010440386,0.016534237,0.00014818154,0.0045895823,0.0,-0.0146772675,0.009330976
2017-05-01,0.0054017114,-0.004893161,0.019457472,0.006602673,0.008909275,0.012083138,0.007444894,0.010134232,-0.004089446,-0.012920642,-0.01659516,-0.06908511,0.023918908,0.015154652,-9.038419e-05,0.011274936,-0.013313781,-0.008691396,0.009492938,0.00463738
2017-05-02,-0.010816428,0.018902665,0.0016061799,-0.010562468,0.0010650968,0.009532193,-0.03440212,-0.002031548,0.045145355,0.008990581,0.0019023925,-0.013109765,-0.01064551,0.017631128,-0.005242625,-0.0039729425,0.010316593,0.002279533,0.009799234,0.010226494
2017-05-03,0.00424805,0.0005572938,0.0099294195,0.009210444,0.0103163,-0.0025209547,0.026434714,0.01897214,0.0042561423,0.010102151,0.006335755,0.0,0.013339066,0.004509623,0.00036314828,-0.0034662823,0.004269813,-0.006078859,0.001981259,0.0011434549
2017-05-04,0.017184181,0.0,0.004916465,-0.010528747,-0.0107650105,0.015332758,0.0053991084,-0.00044593858,0.010140325,0.0017988633,0.008668999,-0.0035550522,-0.0038606543,-0.009747336,0.0043903906,0.012192145,-0.0013046109,0.012456127,0.0,0.0006720229
2017-05-05,0.006764022,0.00044580802,0.0,-0.003798189,0.00012102394,0.0088772345,-0.008009912,-0.0077006314,0.0061478447,0.0062818513,0.017281985,0.034010947,0.004519307,0.006251088,-0.03410712,0.00878627,0.010934335,0.0055305106,0.034204125,-0.005789967
2017-05-08,0.0,-0.0043035895,0.006262411,0.008146146,0.017581465,0.0019654755,0.01813401,0.0061301463,-0.07053062,-0.004897565,-0.0035437148,0.0026467468,-0.00672645,0.0039559808,0.00864283,-0.028016973,-0.0068742377,0.00092880084,0.0019626713,0.0071433457
2017-05-09,0.0094797,0.016312752,-0.0058366596,-0.003811991,-0.0062410827,0.036222517,0.015958318,0.02215602,0.005419373,0.000289185,0.011756955,0.008985272,0.04441533,0.016018659,0.0064144353,0.014258516,0.004271546,0.0036480294,0.00041053494,-0.011264699
2017-05-10,0.0027623181,0.009044011,0.006317898,0.036640756,0.00090804254,-0.07418495,-0.009884755,-0.0167032,0.005424284,0.013754171,-0.0028203023,0.0034389528,-0.015620298,-0.013483119,-0.008121357,-0.0012872835,0.012181042,0.0010849901,-0.0051312936,0.009316203
2017-05-11,0.0034271386,0.0048496076,0.006672561,-0.009222178,0.0069341194,-0.010557797,0.025509246,0.01493672,-0.0038357377,-0.0048640375,-0.00013356812,0.008089032,0.010461844,-0.000906258,-0.0020415524,-0.008921642,0.012770382,-0.003178887,-0.003033477,0.0025690848
2017-05-12,-0.0036945478,0.011577893,-0.0048876484,0.0021959688,0.0037693623,0.03875314,-0.010872849,0.017900504,0.012157683,-0.010785543,0.006103844,-0.007016507,-0.027064908,0.0010529663,-0.0033884123,-0.0025406592,0.015238605,0.0073276,0.002203885,0.0033117111
2017-05-15,-0.004864995,0.0039298944,0.016044306,-0.009264313,-0.016513273,0.062266223,-0.0028055452,0.003876197,0.02481724,-0.0020128714,0.02278971,0.014791973,0.0037364021,-0.016476452,-0.01264975,-0.01318991,-0.0007544963,0.0024530538,-0.0066656116,0.001693639
2017-05-16,-0.0029961213,-0.004763885,0.008053235,0.01592306,0.0026520137,-0.01167702,-0.026531527,-0.005491563,0.0775202,0.015349698,0.0050990875,0.0025635276,0.0054289936,0.006742208,-0.009234354,0.010879196,-0.007400256,0.0011493985,0.06479243,0.0017335191
2017-05-17,0.02174613,0.0053870315,-0.001978402,-0.0021985325,0.02078024,-0.017217394,-0.0034676401,0.0,-0.025597943,0.01613245,0.0044839284,0.037560504,-0.010539657,-0.008230869,-0.002116202,0.0031154368,0.0019562144,-0.008633057,0.0027253395,-0.0040322565
2017-05-18,0.009088534,0.008819718,0.012735804,0.004656804,0.009167388,0.003479184,0.014807458,0.007202226,-0.03170557,0.0046280185,0.0075624525,0.00860846,0.022592425,-0.0106985485,0.010638988,0.00092333835,0.0026592761,0.010200249,0.004996204,0.008849311
2017-05-19,-0.006838588,0.0,0.006156408,0.008090975,0.0010804342,0.001417729,-0.022136495,0.007006037,0.01306386,0.0067411084,-0.015058851,0.013438922,0.009310299,0.004451863,0.018885687,-0.0035766803,-0.0039505917,-0.010972699,0.00128794,-0.009290056
2017-05-22,0.0004557995,0.0020059652,-0.000246753,0.0019326729,0.02890249,0.005355235,0.00073867093,-0.006721607,0.0003529691,0.047267843,0.0,0.0069962274,0.00029323887,0.0042042634,-0.0015410518,0.008993353,0.011777142,-0.0013737954,-0.005514459,-0.0009038688
2017-05-23,0.00049484416,0.00065024267,0.0024570369,0.008120292,0.0,0.013595508,-0.004083918,0.01490767,0.0022385493,-0.004408708,0.00123259,-0.0076209125,0.006729161,0.014070993,0.0070269485,0.00071217027,-0.0035671045,0.0031496866,0.0117517,-0.003222115
2017-05-24,-0.0035792529,-8.34927e-05,-0.008623965,0.0014025616,-0.0064577344,0.0024771828,-0.00096534734,-0.008468113,0.020745967,0.014428061,-0.01269181,0.008838778,0.0062005655,0.001261818,0.0,0.0011408897,0.00948423,-0.008120896,-0.010068548,0.008222919
2017-05-25,-0.013064148,-0.0032165768,0.0016211517,-0.0055774427,0.0056476034,0.036572527,-0.0018731292,0.011252163,0.0074947285,0.018895542,-0.0032179968,0.0023052953,0.0087744035,0.010645533,0.010141112,0.003595806,0.006139207,0.0339486,-0.004299317,0.004443005
2017-05-26,-1.0030421e-05,0.00885018,0.010940235,0.02722495,0.0023653319,-0.12808216,-0.026939614,0.004880558,-0.017633438,-0.003038496,-0.0026977146,0.017277619,0.010452481,0.013760111,-0.01836817,-0.050480247,0.0013783952,0.006893671,0.0017086832,0.0031434682
2017-05-29,0.0006370153,0.004561111,-0.022953067,0.004054681,0.010762415,0.007873416,-0.013071554,0.0075360746,0.0006230534,0.010225213,0.008466064,0.0034626313,-0.0014210611,0.0031100607,0.003695244,0.016787797,0.013093112,0.010297282,0.011734008,-0.0058872425
2017-05-30,-0.0034924007,0.012112432,-0.0010279398,0.005356454,-0.0030814367,-0.024289662,0.047543433,0.0048545483,0.012530886,0.0044512823,0.007847224,-0.0038640918,-0.0016668396,0.0,0.0035217314,0.011963237,0.009705939,0.0039238967,-0.003028797,0.0017966061
2017-05-31,0.009738528,0.009840943,-0.0071330117,0.003936351,0.0067356154,0.009688683,0.050865106,-0.002709192,0.0,0.01099878,-0.0036411423,-0.011189642,-0.0031604532,0.0051583885,0.0060794367,-0.0021969872,-0.0004142779,-0.0015345044,0.013330133,0.0051931357
2017-06-01,0.002032235,-0.010127891,0.005373265,-0.0033560754,0.01425367,0.0006993058,0.008225542,0.009375222,0.013608216,0.008067176,0.000975566,0.006951018,0.010919225,0.016322862,0.013285255,0.010604678,0.018404841,-0.012801815,0.0134246,-0.00031365803
2017-06-02,-0.006215644,0.0,-0.0013613797,0.009803622,0.012305498,-0.026653534,-0.013687677,0.0090546785,-3.3117449e-06,0.0065774424,-0.0017946985,-0.012808731,0.0011729399,-0.003065928,0.002626841,0.0043953154,0.0037164972,0.011314433,0.013551904,0.01098373
2017-06-05,-0.052157253,-0.022583632,0.015427513,0.001429017,-0.015614375,0.028529009,0.029650986,-0.0028890471,0.009213513,-0.014675367,0.007357641,0.013248999,-0.020880625,-0.024181308,0.021619586,0.00083724037,-0.002157979,-0.0315115,0.00977026,-0.0006232722
2017-06-06,-0.015406634,-0.009267653,-0.006623643,0.012102058,5.5165556e-06,0.06429112,0.036062535,0.00027820465,0.0005006135,0.0,0.014853084,0.03385545,0.029650245,0.023519704,0.005841396,0.0026609267,0.020257402,0.015100267,0.007254321,-0.04939933
2017-06-07,-0.040360045,0.007432908,-0.014571087,0.003735071,0.026574528,-0.010739576,0.0051099807,0.009132776,-0.0033919797,-0.0020260462,0.019610185,0.0009266756,-0.0053026145,-0.003775763,0.0023273882,0.0012738016,-0.0072711166,-0.0026343784,-0.016501416,0.0053603915
2017-06-08,0.006561377,0.008033168,0.0,0.003957708,0.010923645,0.03189808,0.015286744,0.0054451083,0.003439362,-0.0024171164,-0.0055031194,0.0076238373,0.00091572996,0.010546181,-0.005003352,0.013073928,-0.0024784338,0.0038581889,0.001310627,-0.0073947827
2017-06-09,0.008803137,0.010713708,0.004800516,0.006348632,0.0078108856,-0.012275806,0.011561904,0.006542973,-0.006271764,0.00029559893,0.022039419,-0.0003454199,-0.018206391,0.0061648083,-0.0018689389,0.015082151,-0.008858538,-0.011619757,0.0156025905,0.00839177
2017-06-12,-0.021933272,0.0010561945,0.008143433,0.002980689,0.010104502,0.0005879916,-0.010470322,0.007117359,0.0031321964,-0.028043402,-0.006827261,0.0006483819,0.0008469265,-0.003080418,-0.0010909664,0.0034263355,-0.028455025,0.021943934,0.0,-0.022818452
2017-06-13,0.009686911,0.0065531507,0.002734894,0.009739414,-0.007478468,0.0018889778,0.009992902,0.0022403977,0.0023857006,0.025008107,-0.0058100238,0.00019715405,0.026779966,-0.0076275202,-0.01060242,-0.00093119993,0.008475998,8.836247e-05,0.017403523,0.018469531
2017-06-14,0.005176206,0.014814311,-0.0017678919,0.0035597181,-0.002365237,-0.05341536,-0.002373962,-0.0019241086,-0.033088073,0.009170176,0.013929365,0.008656694,0.017359205,0.024261199,0.054140296,0.020470565,0.004741152,0.0077926307,0.0033490676,-0.0014882805
2017-06-15,0.008516682,0.00076955813,0.018493073,0.008045919,0.0063387123,-0.0029477521,0.013894956,-0.0047204257,0.0068902667,0.021142395,0.0050330567,-0.004969661,-0.004030193,-0.016850976,0.0010098413,-0.010054808,0.013191402,-0.0025232856,-0.00767395,0.0061748023
2017-06-16,0.0056133345,0.0041025365,0.0088185705,0.0036191328,-0.022296492,0.013653654,0.008067471,-6.2715655e-05,0.0031670954,0.009219988,0.0050477255,0.0063426155,0.0026591746,0.037051957,-0.00969543,0.039405715,0.04165552,0.015896274,0.008290252,0.008512747
2017-06-19,0.013650338,5.314904e-05,0.0,-8.298954e-05,0.005990507,0.0061306763,-0.00423428,0.003478343,-0.039561573,0.0077223196,-0.0017424198,-0.012080895,-0.008341016,-0.008763738,0.0017618296,-0.03920911,-0.0017606127,0.0031678793,0.0018816442,-0.01164284
2017-06-20,-0.0055975933,-0.008206316,0.007241869,-0.005838029,0.0047273664,0.032826733,0.00033558987,0.010379511,0.00343927,-0.017888226,0.017040938,0.0045195394,0.004000639,0.007336712,0.0008553332,0.0003304119,-0.008239738,0.0027161504,0.018213691,0.0050070407
2017-06-21,-0.012815234,-0.0070303082,0.00519897,-0.013278683,0.0071094325,0.023116123,0.0029893802,0.0037349518,0.014807202,-0.021270996,0.023175936,0.009746386,0.012312108,-0.03181527,0.0126269525,0.0047217994,0.006120799,-0.0052696327,0.0009244532,-0.01588326
2017-06-22,0.0058669383,-0.002505206,-0.014532141,-0.013876381,-0.0006671494,-0.0010020924,-0.007111219,0.0054951063,-0.016950184,0.0,0.0025300288,0.00022355988,-0.0075102607,0.004085898,0.0133331735,-0.007430605,0.008797776,0.0014884791,-0.010526073,0.017061092
2017-06-23,-0.0057870224,0.0035468438,0.012495663,0.0037997756,0.015062792,0.0013972474,0.0032539912,-0.0033170437,0.023442464,-0.01632003,-0.006151509,0.0018010141,-0.00972733,0.0,-0.012719354,-0.013869499,0.011749572,0.0037540544,0.0019005284,0.0015116073
2017-06-26,-0.010566584,-0.0049790423,0.007512492,-0.034003012,-0.0052640704,0.019312251,0.006432895,0.005489248,0.005090895,-0.006914421,-0.004207313,-0.002109025,-0.010378793,0.0074378164,0.012248848,0.0048689055,0.0012328982,-0.009954042,0.0015567547,0.03630045
2017-06-27,0.0057856906,0.027030528,0.0063299383,0.012005051,0.0032017387,-0.0064992164,-0.023708576,0.0005909492,0.0079540955,-0.0052322205,0.012932117,0.008984892,0.0036034868,0.0022452301,0.008469679,0.0040478576,0.002341818,0.004871217,0.0060907123,0.0053630485
2017-06-28,0.0443284,0.015584921,-0.009779908,0.007178108,-0.0041970788,0.010241174,0.08039767,0.015871592,-0.0017340799,0.00809212,0.0020541393,-0.0028286786,0.008881861,0.009640368,-0.0021429365,0.008950434,-0.008153536,0.012624523,-0.0032164026,-0.01849853
2017-06-29,0.005494255,0.018514298,-0.017220456,-0.007581001,0.0023196095,0.035683468,0.017166438,0.008096614,0.015200971,-0.0015353735,0.0030339556,0.0061526806,0.009776278,-0.013156366,0.004534015,0.011438167,-0.012564363,-0.0016940396,0.0051354864,0.0017881608
2017-06-30,0.0014295363,-0.008145784,-0.018974489,0.021288639,0.010295462,-0.0025654144,0.00479089,0.0086923335,0.0072589987,0.009211134,0.01869302,0.0074161175,0.008799076,0.010648831,0.016292881,0.0029379353,0.010653688,0.0020277987,-0.015525342,0.009258543
2017-07-03,0.01022922,0.015452111,0.005495251,-0.009618465,-0.0029582449,-0.014658098,-0.028441193,-0.0055404264,0.01299639,-0.001633126,0.0084925555,-0.00044335512,-0.00025451565,-0.015450051,0.008776704,0.0033887904,-0.0035000488,0.008198999,0.0020514328,-0.0011274887
2017-07-04,0.005673081,0.0,0.001595718,0.00077324983,0.0,-0.002750698,0.003378816,-0.008627133,0.0058633974,0.003810918,0.009602258,0.008190425,0.0053700083,-0.0031283821,-0.0028541808,0.021025129,0.016381158,-0.0010005223,-0.0014455447,0.0035358
2017-07-05,0.008117543,0.012804326,0.021766264,0.0018804304,-0.0027306525,0.011247371,0.0063092015,0.002037145,0.010025206,-0.0007025298,-0.0029133619,-0.011632441,0.0,0.004017895,-0.002315071,-0.00044110126,-0.014611756,0.0069679483,-0.011019143,-0.0013164544
2017-07-06,0.0052241744,-0.04296498,0.012079746,0.0,0.015224453,-0.009110605,-0.021181745,-0.018229315,0.006236864,0.010590554,-0.0008246483,-0.02206639,-0.0006400037,0.0009885863,0.0063532945,0.004221523,0.010130077,-0.00924081,-0.016465344,-0.003138214
2017-07-07,0.0,0.015814288,0.0144748865,0.002036314,-0.0029306149,0.0076140454,-0.0017335075,-0.00044225674,-0.0012861759,-0.010894972,-0.0048259175,0.015212287,0.015269001,0.0,0.001792287,0.0,0.008591883,-0.0024976563,-0.00056242576,0.009602423
2017-07-10,0.013465689,0.0101894615,0.024318079,0.003412577,-0.0056366134,0.029297212,0.039726093,0.013719888,0.009514114,0.013664206,0.0056564314,-0.005558032,-0.010582869,0.0031903945,-0.0025943916,0.0053442433,-0.0010880337,0.009453858,0.0043656873,0.0012854693
2017-07-11,0.007248608,-0.0014858495,-0.013771388,0.0015618969,0.0025381523,0.015394671,-0.002209165,-0.024995811,0.0050876215,-0.024104252,-0.026739942,0.0019772511,0.025554901,0.0010380885,-0.0013044932,0.0010262018,0.009366183,-0.00021465342,0.020012999,0.0009054306
2017-07-12,0.003155013,0.009683057,0.0069409125,0.0024811777,0.039144754,0.0024610993,0.0012417226,-0.0048326887,0.0025293117,0.002847945,0.0038872163,-0.0017096545,0.021763466,0.008839587,-0.0014400572,0.014589387,0.0,-0.008103265,0.00404275,0.006100577
2017-07-13,-0.0014293237,0.008129896,-0.0012441734,0.0072204233,0.027217686,0.007641983,0.010277904,0.009639605,0.0017275336,-0.018741596,0.0005607773,0.0011747287,0.008836227,0.00043657798,-0.0011186016,0.0047311,0.0145711275,-0.005400812,0.0109411115,0.004639158
2017-07-14,0.0060793203,-0.002994435,0.002909478,0.007495473,0.013108373,0.0049403505,0.02448501,-0.01575525,0.013920019,0.008371182,-0.004558624,0.014756793,0.00029520935,0.012620967,-0.0042408677,-0.0067196805,-0.00075828296,-0.010721003,-0.0051809656,-0.014521165
2017-07-17,-0.002340083,-0.013864054,-0.011583578,0.009235909,0.0042406525,0.0059039705,-0.007418617,-0.016632695,0.00082372304,0.010257273,0.014806955,0.018723534,-0.009913561,0.014393152,0.0069600963,-0.007091074,0.009682241,0.011794565,0.011722777,-0.0073647057
2017-07-18,0.01480116,0.007039767,-0.029384788,-0.029719392,0.015203997,0.06411844,0.01586177,-0.0009650857,0.024520757,0.0014919995,0.012939958,0.0011763658,-0.0033487303,-0.009711967,0.019089317,0.037188172,-0.0028692652,0.010065082,-0.00880001,0.008490836
2017-07-19,-0.0017942755,0.0038588396,-0.0068625044,0.0120342625,0.005062858,0.004455415,-0.0055165426,0.0039170086,0.0041936752,0.0059942575,-0.010825727,-0.0025813708,-0.0071766404,-0.02487991,0.019902196,0.015555157,0.00036496314,-0.09082034,0.012506764,-0.0073347175
2017-07-20,-0.0037504204,-0.009665929,0.00035357103,-0.018929044,0.0072507528,0.0003533775,0.014871046,-0.013796711,0.0030566154,0.009551817,-0.014689584,-0.0017295477,0.009192464,0.0072466643,0.005606939,0.02538295,0.0240147,-0.004225891,0.006896673,0.0053663403
2017-07-21,0.0022733496,0.006664553,0.0021912549,0.0046533593,0.016750667,0.0022605998,0.0008327709,0.0025188376,-0.010867823,0.00075852376,0.024744822,-0.010528506,-0.01512727,-0.011922045,-0.019317381,0.009902356,0.018784488,0.014113847,0.0099720685,-0.0021901191
2017-07-24,-0.0024733602,0.005112265,0.0208633,0.0056546107,0.0063663404,-0.0019058083,-0.002944921,0.0138128055,-0.016977062,-0.010325239,0.0016287304,0.02049711,0.0,-0.0027912564,0.0051894584,-0.0018720765,0.020058285,2.4025107e-05,0.00085537723,0.006742265
2017-07-25,0.013538512,-0.016951652,0.01031534,0.007496601,-0.010443053,-0.02205518,-0.0077147707,0.00685335,0.0041803797,-0.004031267,-0.009298635,-0.008785847,0.0049378257,0.004831844,-0.0056162477,0.02652945,-0.0019007962,0.0010223994,-0.0019864228,0.011218716
2017-07-26,-0.0045871385,0.010952593,-0.019717753,0.008230685,-0.014859481,0.1587524,0.010973653,0.0034976876,0.033771917,0.012719389,0.0088066645,0.013785187,0.0058699306,0.004010178,0.0038859248,-0.0067256354,-0.004594359,0.0081495615,-0.005511964,-0.0034268894
2017-07-27,-0.0008272914,-0.009081507,0.00655784,-0.006286537,0.02545446,-0.00015206638,0.006169255,-0.0007077206,0.0017685611,0.012010003,0.00034892,-0.015028218,0.0024602897,-0.0035183157,0.012923013,0.02792292,0.006338317,0.0071221986,0.01597804,0.0027081158
2017-07-28,0.00023421453,0.010353104,0.008668473,-0.012656288,-0.020642793,-0.0042762808,0.008627472,-0.0073859873,0.009010911,-0.02306509,0.023225438,0.010396707,0.0,0.0027288008,0.0,-0.0007327913,0.009682244,0.022428643,0.0020080907,-0.008119904
2017-07-31,-0.005674615,0.008651891,0.0040589715,0.0021162007,0.00034025338,0.010339993,0.014234129,0.007478125,0.020706702,0.01606636,0.0050484203,0.0049328543,0.0008621849,0.061993707,-0.0004966426,0.010110401,0.022888502,-0.0021440114,0.002882505,0.008082221
2017-08-01,0.015097499,-0.014063205,0.009695097,0.024831865,0.06498703,-0.0072825705,0.012780309,0.006185614,-0.008683552,0.004130384,0.00012729419,0.02463681,0.001922412,-0.0019317205,0.009081894,0.0036520152,-0.0123645095,0.008929033,0.006513187,0.008539314
2017-08-02,-0.013369225,0.0007320226,0.0017330599,0.0027313607,0.0029245876,-0.013044166,-0.015886815,0.0040155,-0.00071003253,0.0023561572,8.1212194e-05,0.0,-0.0066038053,0.003290079,-0.04447549,0.0040471843,0.015666418,-0.0051469095,-0.0154797435,0.0067283385
2017-08-03,-0.0006490602,0.015799876,0.011791487,0.0,0.0036833924,0.020547152,0.0013797779,-0.0050524552,0.007587099,0.01150077,0.010073671,0.005523758,-0.000726844,0.00070802396,0.019508315,-0.001539128,0.009215789,0.036443777,0.0011934065,-0.004201563
2017-08-04,0.00035803902,0.0010915089,-0.017007936,0.012956047,0.0,-0.015423998,-0.0024647955,0.04396818,-0.0031765455,-0.0035579067,-0.011766408,0.009090935,-0.00944014,0.009515697,0.0067876554,0.08084349,0.0024583337,0.005304662,0.008118936,0.0006396859
2017-08-07,-0.003711188,0.008173571,0.0061592828,0.0011357302,-0.027997155,0.006180396,0.015363542,0.002540739,-0.0013551294,0.0,0.0061021945,0.0,-0.003401226,-0.0153303575,0.009614539,-0.01583578,-0.012810173,0.006317521,0.0033992194,-0.004273968
2017-08-08,0.016891042,-0.0011431878,-0.00052897446,0.003990303,-0.0007309571,0.014737962,-0.0023869432,0.0012916636,0.010255983,0.0061795185,0.0040620095,0.00036800254,0.0060340636,-0.0049057817,-0.0024761204,0.01917589,-0.026577096,-0.005806512,0.0075987666,0.0042654113
2017-08-09,-0.0009786875,0.019170016,0.024420675,-0.014837953,-0.01499249,-0.026157755,0.031767868,0.014455301,0.0026504346,0.0010529783,0.0,-0.01000472,0.010016693,0.016931865,0.012482668,0.015459497,0.010759594,0.0013613523,-0.0013876525,0.0059672752
2017-08-10,0.0071057314,0.006264663,-0.011392244,0.012977729,0.01202789,-0.00096707576,0.015588009,0.00674648,0.0048518237,0.0022574707,0.002256102,0.003897476,0.0,0.0035333752,-0.0036616286,0.007330704,-0.010022007,-0.014434805,-0.00091749436,0.005109108
2017-08-11,-0.0045051593,0.0075432854,0.0017050023,-0.004221497,0.007719163,-0.007400571,0.0090352865,-0.007072185,0.012792501,0.0027886804,-0.0016822773,0.016322967,-0.025098111,0.006247914,0.0048738895,0.0053364504,0.0022564984,0.013616528,-0.0026612375,-0.0028691627
2017-08-14,-0.0005097232,-0.010499666,-0.0018398737,0.040384572,0.021950163,-0.005791414,0.010110609,0.005681148,0.006923806,0.0056788353,-0.0019405764,-0.01063415,0.024717322,0.005925023,0.004789808,-0.017697707,0.00088221964,0.0067713056,-0.0074118567,-0.021051783
2017-08-15,0.0044829044,0.00478529,-0.011529419,0.0060608066,-0.0023825606,0.013690399,0.0014485429,-0.0013097473,0.005434388,-0.005189004,0.014635354,-0.022494555,0.013964927,0.014206038,0.024739383,0.005338941,-0.00042492506,-0.0061078654,-0.0012192465,0.005296506
2017-08-16,-0.004107037,-0.014198968,0.018043919,0.0063069607,-0.00461327,0.0007468709,-0.0020745415,-0.0133789955,-0.010738074,-0.0058902423,-0.00026058787,0.0072203116,-0.20524395,0.0070184893,0.0025983937,-0.011171812,0.005354683,0.0127755795,0.026675967,0.010126243
2017-08-17,-0.0349162,-0.011402894,0.006896918,-0.0078343535,0.004572597,-0.0071757142,0.010937338,-0.004106806,-0.0020213076,0.0,-0.0022063341,-0.026035463,-0.009790539,0.0073146764,0.009469407,-0.00348982,-0.0030913833,0.0016073623,0.015932107,0.0010057058
2017-08-18,-0.00045040812,0.03702709,-0.0025114906,0.0073463824,-0.0017971415,0.021546325,-0.0018185072,-0.007837516,0.008569064,-0.00023124197,0.009880571,0.013192852,-0.008088774,0.0048379684,-0.004665132,0.017334558,-0.0017096533,0.013321122,-0.00064555136,0.001123088
2017-08-21,0.0066247885,-0.049798366,0.023471585,0.017124835,-0.002462021,-0.005089887,0.012767679,0.0009845148,-0.0018126926,-3.998127e-05,-0.010486972,-0.0023217807,0.029138338,0.005738828,0.008522467,0.009566112,0.009499761,0.0018178071,0.04254711,0.011832643
2017-08-22,0.0074558095,0.008091215,0.0039167055,0.000657936,-0.01805953,0.015549329,0.00781416,0.014522102,0.010345116,0.00047179693,0.0040950486,0.014789271,0.008225831,0.008800246,0.005521248,-0.0033339427,-0.0058365203,0.0025452091,0.0019969624,0.0030537578
2017-08-23,0.008841701,0.017482895,0.00015348148,-0.0055167363,0.0013219817,0.024150932,0.0037268235,0.011934468,0.002826078,0.004934481,-0.0042849523,0.007264579,0.010639825,0.0040753423,0.0032159924,0.0071841995,0.0033344517,0.0053255646,-0.0020753136,-0.0086370325
2017-08-24,0.004470696,0.010800209,-0.0024974544,-0.0025590167,0.06505417,0.020108059,0.009886615,0.0038624844,-0.002532789,0.00854035,0.002466385,0.013992671,0.0018806634,0.009990442,0.008587548,-0.022138331,-0.00713766,0.011956387,0.017101455,0.0021672288
2017-08-25,0.0067441436,0.0019131004,0.003541799,0.02402313,0.017660756,0.010030184,0.0019370285,-0.0024086654,0.0044746534,0.009397149,0.008054119,-0.0013408782,0.010144171,0.0019904296,0.00904586,-0.0055140713,0.0012241333,-0.0035437706,0.03695484,0.004791955
2017-08-28,0.0014150533,5.2368243e-05,0.004636638,-0.010769056,-0.022882603,0.0037448732,-0.0012447214,-0.007218653,0.010389605,0.003202566,-0.0038355065,0.0038681417,0.008306107,-0.024940325,-0.003317389,0.036007404,0.0012446599,0.00018010345,-0.016050432,-0.010874391
2017-08-29,0.011754743,-0.0007368113,-0.00077090244,-0.0005180926,0.0005236622,-0.007539531,0.016373232,-0.008274622,0.0,-0.0010364723,0.0022557962,0.0072104298,-0.00026073898,-0.0010321994,0.0016723603,-0.019366115,0.008609829,0.0056862338,0.036665343,0.002967654
2017-08-30,-0.002897253,0.013230109,0.02645431,0.010777052,0.019845178,0.00077843334,0.013800791,0.0231484,0.007886827,-0.006423772,0.004562349,-0.013913991,0.01146406,-0.0003587316,-0.01307256,0.012670267,0.010958182,2.0346604e-06,0.0005237194,0.009881715
2017-08-31,0.027367275,-0.0008015731,0.007978286,0.0012541952,0.0026151643,-0.026339667,-0.014161097,0.007877988,0.011421135,0.009237321,0.014546811,-0.003226663,0.044797305,0.012439446,0.021014545,0.008479767,0.012755731,0.0019780009,-0.032980006,0.020269854
2017-09-01,-0.12691043,-0.015181441,0.0,-0.03293985,0.0068500503,0.00011888833,-0.015833857,0.012492997,0.008861932,0.018975869,-0.0028097986,0.0021035378,-0.0028513542,-0.0020628541,0.0041160383,-0.0049470267,0.022648577,-0.0042101624,-0.010473183,-0.02124919
2017-09-04,0.010108271,0.083293565,0.0073302467,0.008549419,-0.007017853,0.015247671,0.022451106,0.0067627155,0.011693917,-0.00051795493,0.000942076,0.0046682744,-0.008134676,0.009362816,0.002244091,0.085291594,-0.010298003,0.0031976947,0.007973634,-0.0010437097
2017-09-05,-0.020315673,0.0065672547,-0.0002922054,-0.010640932,-0.15480725,-0.010838814,0.018497506,0.0,0.004869919,-0.0011144755,0.0027428549,0.0044505773,-0.0029605958,-0.00415279,-0.0074771163,-0.0019749058,-0.00542284,0.0,0.015994696,-0.09017058
2017-09-06,0.00030184488,0.024415998,0.031089982,0.013998104,0.025311481,-0.00010096623,0.010345135,-0.008322507,0.0046129385,0.047098827,-0.0034097491,-0.017047815,0.003188736,0.014252494,-0.017835468,0.013688936,0.013802353,-0.0108580245,-0.0067099454,0.009218426
2017-09-07,0.034385182,0.018158758,-0.010491584,-0.007139329,0.0,0.005488112,-0.085867815,0.004528573,0.0003266338,0.008046544,0.009347108,0.008020711,0.006097503,0.0009304138,-0.020012049,-0.0033515214,-0.00714442,0.010958697,-0.0026402082,-0.0061417124
2017-09-08,0.002440067,-0.0033307509,-0.027698286,-0.0023164593,0.01399918,0.0016205438,0.02325519,-0.0079201525,-0.00014700255,0.005504834,-0.0069488324,0.04370507,-0.0052089714,0.009235524,0.010135978,-0.004293432,-0.010266981,-0.009724237,0.004464864,0.007195447
2017-09-11,-0.0009116317,0.003895303,-0.013073514,-0.0059850826,-0.0041238135,0.00046830627,0.0014182617,-0.00018182672,0.008648511,0.010936491,-0.008138211,0.004381558,0.028394708,0.019749254,0.013617232,-0.014413737,0.02206965,0.00584427,0.008690956,0.0110360505
2017-09-12,-0.030034011,0.004554082,0.0015784617,-0.01058185,0.0011620546,0.0016180573,0.025060918,0.00096959935,0.0,0.009705555,-0.000110022185,-0.00143905,-0.0055385833,-0.016527534,-0.010806251,-0.0005158734,0.0074260286,0.006113947,0.0,0.011697415
2017-09-13,0.067757994,-0.0077216695,-0.022278592,0.099455416,-0.022927338,-0.0019100717,-0.012590871,0.0063224505,-0.022712875,0.0024924953,0.009779163,0.010943208,-0.0057835616,-0.017726563,0.005809985,0.012808749,-0.0045969984,-0.0018435274,0.010852631,0.0039938437
2017-09-14,0.006741576,0.07289311,0.0071619465,0.020908978,0.008499859,0.008766883,0.0,0.0077070603,0.0010782002,0.018940935,0.007564652,0.00903851,0.005309051,0.012808441,-0.0066277357,-0.0050474247,0.005982782,-0.0035458035,0.0058610383,-0.0025795065
2017-09-15,0.02631208,-0.044259097,0.07935031,0.053390924,-0.0072545763,0.008799613,-0.008723609,0.010844641,0.009569178,-0.0077293585,0.008796896,-0.0059498977,0.0067400415,-0.013437654,0.00415462,0.0059982254,0.010587869,0.005293591,0.014232023,-0.0073900963
2017-09-18,-0.0028191656,0.013584354,-0.0070206905,0.01652083,0.02284234,-0.0059389235,0.009349767,-0.006038255,-0.00583335,-0.0036241256,-0.0035567554,-0.015222919,0.0049720686,0.011256032,-0.00028976394,0.0028341333,0.008831504,0.0038593183,-0.0014295924,-0.003827262
2017-09-19,0.002534827,0.019259516,0.016310047,0.0072399243,0.0117134545,0.0013719078,0.007243203,-0.0053633577,0.0,-0.0012195596,0.005903692,0.0017976541,-0.00215718,0.0038053084,0.005212358,0.0021868164,-0.0013447352,0.0010763822,-0.00096287276,-0.06488541
2017-09-20,0.017301355,0.0023881905,0.0067408145,0.0023112474,0.008258325,-0.00083460537,0.008663771,-0.008381401,0.014863113,0.0024594807,0.009988961,0.012109164,0.012815642,-0.029915996,0.006737227,-0.048401576,-0.022848055,0.009498536,0.008470998,0.0
2017-09-21,0.047766257,0.0046645384,0.017079243,0.005401199,-0.009248916,0.0,0.0007036986,0.006922845,-0.024908207,0.019313337,0.00545126,0.020089643,-0.0039128065,0.0014769222,0.034511425,0.00918072,0.012942031,0.0009716701,-0.007396462,0.00035258677
2017-09-22,0.0,-0.00341323,-0.023995247,0.0031794063,-0.007902,0.006924115,-0.008856698,0.016244758,0.0050285463,-0.0021215929,0.007831854,0.0016127437,0.01936562,0.010272096,-0.0008345916,-0.09144014,0.009315075,0.0009777173,0.007726167,-0.0013505586
2017-09-25,0.0020573314,-0.004438076,-0.08117495,0.0021573072,0.007721646,-0.010384472,-0.0014346259,-0.014742392,0.009771311,-0.0046219053,0.00084850105,-0.010186396,0.00160132,0.010402077,0.014396449,0.003716659,-0.018842103,-0.017802218,0.002763739,-0.018030921
2017-09-26,-0.027647585,0.08599619,-0.012775131,-0.0040455656,-0.0013457773,-0.0009754945,0.009606755,0.019863699,0.0019450987,0.0033502236,-0.011223627,0.0095881745,0.0070000407,-0.008559798,0.015709225,0.0061255465,0.005232356,0.0033486409,-0.009340364,0.009626666
2017-09-27,-0.04549171,0.0065721804,0.004430169,0.010653366,-0.0007951032,-0.0011488458,0.004047988,0.003142247,-0.006023526,0.00019273239,0.00022097536,0.004423464,0.00794848,0.007373291,-0.009286237,0.026163207,0.041225143,0.0020540457,0.0017484773,0.00882449
2017-09-28,0.01257251,0.020272175,0.03085588,0.0023569362,-0.006068872,0.004546508,0.026577232,0.008825761,0.02297074,-0.017937046,0.0039246655,-0.017886166,-0.024044713,0.0153554985,0.0030716402,0.0,-0.01015478,0.009775905,-0.03141925,-0.0048729177
2017-09-29,-0.032519292,-0.0015951451,0.033993922,-0.016459586,-0.004539897,0.0038137771,0.015963888,0.007217262,0.010703691,0.010518701,-0.003187811,0.0,-0.022325186,0.00022113127,0.006186453,-0.03889204,0.0033463528,-0.0009937966,0.010599401,0.057815015
2017-10-02,-0.0040152404,-0.019591156,-0.012443216,0.0041775797,0.047979243,0.005890197,-0.0011701384,-0.010809819,-0.0073896055,-0.0009772927,0.00013860318,-0.00089197495,0.015987996,-0.003591593,0.0012382113,0.010852771,-0.0019594678,0.010405206,0.0034848829,0.012943359
2017-10-03,-0.02446617,0.037350122,0.026782993,-0.028788328,0.010212612,-0.005172792,-0.0037829864,-0.017842961,0.010665017,0.008576129,0.00015371846,0.0017575636,-0.004855548,0.0014801775,0.00551498,-0.0032889568,0.007776152,0.003372884,-0.0016358843,-0.008108614
2017-10-04,0.023198605,0.00065982377,0.017173184,0.021478646,0.00515654,0.0,-0.020215483,0.0074255792,0.00012678471,0.009805758,-0.0049516456,-0.0061975205,0.009285025,0.0014836115,0.019057056,0.010954482,0.0054732068,-0.00015615506,-0.0014815674,2.8710892e-06
2017-10-05,-0.0007112032,-0.010033278,0.009104022,-0.0018589612,-0.003125791,-0.0016384388,0.015781442,-0.008906303,0.0040042624,-0.007624234,0.016317379,-0.0037713393,-0.0014088071,0.013982576,0.0084761735,0.0048435545,0.0022450506,0.006723517,0.001145657,0.041308504
2017-10-06,0.011573556,0.012429117,0.015395539,0.009643086,0.010115656,0.003243735,0.012676779,-0.015576487,0.012259402,0.0005681571,0.010119224,0.0060499585,0.00024601445,-0.002170569,0.00595816,0.013829537,0.0,0.008973537,0.00943117,0.0
2017-10-09,0.0050558904,-0.018544314,-0.005458366,0.015331389,-0.0034868529,-0.003474261,-0.011923168,0.0022462523,0.00071103027,0.0090494435,0.01109128,0.01739186,-0.0010261926,-0.0058235372,0.006083908,0.00487561,0.0037432236,-0.008301293,0.0067645297,0.0071925926
2017-10-10,-0.0010930054,-0.02046162,0.008685236,0.0021554353,-0.0014388547,0.005021473,-0.023317242,-0.00018821444,0.016034497,-0.0037370352,-0.003431816,0.01314042,0.01568883,0.0080051385,0.009611047,-0.0024155388,0.001021603,-0.00022208103,0.008625881,0.015416547
2017-10-11,-0.0028479006,-0.017543163,0.06158916,0.005109553,0.00198432,0.0060821017,0.005522872,0.02149183,0.007952829,0.0116133755,0.010053436,0.0059487666,-0.0030652666,0.00048911566,0.007475622,-0.0066713714,-0.0054581384,-0.0035786887,0.0017144892,0.012844354
2017-10-12,-0.009657654,0.032143306,0.0021679497,0.005596466,0.012359448,0.0025213917,0.014426903,0.00096913095,0.01295612,0.0073098005,0.008730262,0.0,0.015309419,-0.011891847,-0.019809637,0.015115361,0.015679056,0.005958949,0.0031526173,-0.012365478
2017-10-13,0.013816579,0.017277725,0.00040150067,-0.020632496,0.023001397,0.007240445,-0.014978348,0.011431107,-0.005535594,-0.008208066,-0.004695936,-0.01682436,0.04271424,-0.0070473677,0.0010204114,0.01047293,0.004717337,0.005132761,0.005171412,0.007884243
2017-10-16,0.008095401,-0.08804581,0.010467995,0.0076788543,0.026979579,0.008954947,-1.03156235e-05,0.009287711,0.0054276125,0.06131739,0.0,0.008662754,-0.002872482,0.0074809287,0.0092730895,-0.011497118,-0.0071432977,0.0027482875,-0.00071956246,0.016853843
2017-10-17,-0.004678527,-0.00029163805,-0.0039217575,0.0028645056,0.012623732,-0.0022692007,0.008990223,-0.008493995,-0.009533684,-0.015867105,0.00041274136,-0.0008188874,-0.022358876,-0.004715607,0.0071952734,-0.005445123,0.016102843,0.0072509204,0.0019742416,0.0039180582
2017-10-18,0.049194165,0.062391005,0.012644673,-0.0061026164,0.005561086,0.0022518334,0.007561636,-0.009242526,0.0073588686,-0.00232163,0.009212913,0.02294413,0.00906871,0.0004004846,0.021998497,0.016869718,-0.0015678108,-0.00052840484,0.00028427053,0.0065279054
2017-10-19,0.03434436,0.010244158,0.02524751,0.0027024802,0.0053953947,0.009801668,0.006033942,-0.002424942,0.005600993,-0.011789267,-0.0018563452,0.0043957797,-0.02563837,0.004892824,-0.009041497,0.0,-0.018043427,0.015975887,0.010840859,-0.0013489729
2017-10-20,0.010527188,-0.007763107,-0.0031519942,-0.004794356,-0.0023185266,0.0012770215,0.01776697,0.0068555227,0.02330976,0.0081293015,0.0,-0.0049580494,0.008128487,-0.00042165627,0.010924531,0.0,-0.037915204,-0.00043906292,0.0010686842,0.0068879477
2017-10-23,-0.02096472,-0.13785744,0.03848826,-0.0031993864,-0.012592346,0.001564116,0.013843409,0.013595888,0.015493614,0.010195303,0.003296096,0.0095524425,-0.0026974126,0.0025135751,0.0013113177,0.00816614,-0.0054682703,0.005911389,0.00437703,-0.0066269822
2017-10-24,0.053110063,0.0,0.0143709695,0.040225547,0.0039221663,0.0,0.0032062705,-0.003164051,-0.0051169866,0.0074161077,-0.0023542747,0.002271834,0.008028333,0.013075924,0.0035351939,-0.0023935228,0.05175161,5.4763146e-05,0.004828073,0.0076668486
2017-10-25,0.039387863,-0.1051721,0.013115574,0.00054130243,0.01284318,0.0056432076,0.0022932643,0.0060685524,0.0069268877,0.0015527499,0.0,0.0029453535,0.011251598,0.0077755423,0.0,0.0033491915,0.0980278,0.005926319,-0.0013194022,0.011795576
2017-10-26,-0.012753754,0.023998221,-0.019004883,-0.0032584723,-0.0006463484,0.0026724034,-0.0021379231,0.012465433,-0.007147963,0.009009019,0.00090722303,0.0022001695,0.018940967,2.7358885e-05,0.0034434816,0.008157604,0.0025139272,-0.013533135,0.016744375,0.005904457
2017-10-27,-0.0075683505,0.022256004,0.009416501,-0.00019096083,0.005149751,0.009073934,-0.061534267,-0.006508422,0.0127023095,0.014203008,-0.0027828391,0.01148802,0.027545724,-0.09069947,0.00097304874,0.006444239,0.00082824426,-0.00054975983,-0.020470649,0.0
2017-10-30,0.01087662,0.0041373684,-0.010801787,0.012088802,0.010759012,0.003568084,-0.0027640378,0.006375529,0.00727029,0.0025568076,-0.0053012352,0.009774918,0.0027575705,0.025202425,0.003762636,0.012329223,-0.025848981,0.004370185,0.0082575735,0.0136111565
2017-10-31,-0.009493212,0.01251991,0.0024942316,0.010293423,-0.0050953715,0.008945425,0.0,0.009608329,0.0011817125,0.010947056,0.0040667774,0.003912494,0.0117079,0.00432158,0.019600086,-0.017958274,0.0019311889,0.005668589,0.0023479476,0.0061160624
2017-11-01,-0.016746776,-0.00333509,-0.048531316,-0.0062292716,0.0080057075,0.0074454295,-0.015064684,0.0031188824,0.0068597263,0.004949316,0.0008459172,0.008172207,0.0048973216,-0.0017826937,0.006740444,-0.0034188293,0.013762017,-0.005519124,0.0039785383,0.0
2017-11-02,-0.0051641027,0.0141809955,0.021659557,0.0024521425,0.00424865,0.008609617,-0.0025407476,0.0028031215,0.00028756473,-0.0014889782,-0.012435529,-7.772123e-05,0.005614421,0.0016122323,0.015208766,-0.0051877345,0.021974273,0.0028101783,0.0,0.004528709
2017-11-03,0.0025965823,0.010301621,-0.003393124,0.0020956353,0.007020192,-0.003322004,0.013822553,0.003976915,-0.021981927,0.009208242,0.019014662,0.010550514,-0.006445176,0.019767258,0.012192359,0.0045452,0.0011387832,0.00867408,0.009885903,0.0065723
2017-11-06,0.005770942,-0.18263508,0.019252839,-0.009322151,0.00033813564,0.0015607136,0.00525764,-0.00922895,0.007015081,0.008988662,-0.0002848618,-0.001518819,0.004634215,-0.00833828,0.009897529,-0.020473192,0.019590642,-0.0027445427,0.0117112985,0.006237634
2017-11-07,0.025758324,0.0009818943,-0.018570023,0.013718669,0.0003838772,0.012743382,0.0022905222,-0.0054733856,-0.013814645,0.01712803,-0.0015722406,-0.016742462,0.0024767863,-0.010823636,0.004377364,-0.016661998,0.011097141,0.007433783,-0.00019015677,-0.00047182676
2017-11-08,0.006768909,-0.19676323,-0.0049392083,0.0044610165,0.009984142,-0.00052051555,-0.0090132505,0.015573646,-0.00581889,0.0006000271,-0.005392736,0.003255288,0.006130474,0.008643147,0.0044070263,0.0075759073,0.011937682,0.0044595646,0.0051362454,-0.002991114
2017-11-09,0.0027395522,0.09967533,0.01763837,0.015319372,0.0041862708,0.00718705,-0.0035744926,0.0019688,-0.0024373583,0.0014727266,0.0047728606,0.008135259,-0.009861819,0.007335543,-0.0027885663,0.01400362,-0.0063392366,-0.0014177256,0.008905478,0.0024789902
2017-11-10,0.024932494,-0.0033124264,0.008498744,0.017097453,0.005470753,0.0006646069,-0.0018060453,-0.0062423805,5.6370154e-05,0.00996932,-0.008343125,0.0,0.0066084154,0.0,-0.0013134888,0.006654542,0.010685275,0.008002928,0.00014781501,-0.0008384822
2017-11-13,0.03391754,0.011722209,0.012479023,0.0075315177,0.006240094,-0.00208502,0.0084969485,0.0015064857,0.0036995537,0.005610836,0.0033192043,-0.0068590404,0.010528126,0.0044677053,0.0043665674,0.007769591,0.011225157,0.0042471252,0.0027470232,0.00021749537
2017-11-14,0.0009715208,0.011439879,-0.0038627852,0.0031041948,-0.006102321,0.0027398986,-0.001749506,0.0059607793,-0.008898607,-0.009834505,0.00372159,0.0041139284,0.0067970897,-0.0026247695,-0.005161179,-0.0016548344,-0.0002722456,0.0060133785,0.009944166,0.0054335133
2017-11-15,9.530061e-05,-0.0039648204,0.0072598397,-0.0010088017,0.008541565,0.0055243815,0.0064713927,0.0022552041,-0.008069173,-0.0030124278,0.005598054,0.00038933658,0.0121705895,0.009262933,-0.0018089785,0.0010640784,-0.0072772,0.0,-0.009499742,-0.0039097006
2017-11-16,-0.079703145,0.009055313,0.010405987,-0.008246211,-0.005522739,0.0073564127,-0.014110624,0.0075005717,0.030272363,0.010280891,-0.013550252,-0.001740693,0.0017382398,0.001325519,0.009864922,0.0,0.024879865,0.006030106,-0.04979108,0.006319354
2017-11-17,0.00071389216,0.00091403024,0.0060020587,-0.0050702905,0.008909426,0.0007127812,0.013604003,0.0065464643,-0.0007565393,-0.0032043871,0.012708747,-0.009697698,-0.0031364607,0.0016191015,0.004491,-0.014128934,0.020587597,0.008118958,-0.011089943,-0.010681609
2017-11-20,-0.0042771827,0.009224875,0.006766498,-0.010947412,0.006255552,-0.0023349612,-0.00209861,0.007349252,-0.00047157131,-0.0048448937,-0.009777002,0.00050165516,-0.0073533463,0.0050763823,0.0049029063,0.012658276,-0.0020301647,-0.0045869634,0.013114207,-0.000659203
2017-11-21,-0.0013390509,0.013833794,0.04376874,0.010736394,-0.0077631976,0.0019678927,-0.0017235056,0.0019100896,0.0064774714,0.0025782585,0.005729208,0.009280928,-0.0007558234,0.0068704863,0.019465856,-0.014994519,0.0025197174,-0.0077615054,0.004676403,0.012910635
2017-11-22,0.009724936,0.0038917833,-0.0013108985,0.0043501914,0.0022810823,0.0,0.013551762,0.0050302325,0.0026994282,0.0044165524,-0.0021366978,0.013868128,-0.0037445256,0.0017568106,0.0054193228,0.00903711,-0.0058323704,-0.0010281836,0.015278883,-0.012598244
2017-11-23,-0.019892585,0.024971457,3.8413018e-05,0.008480949,0.007772286,0.0021669583,0.010456877,0.0013967104,-0.00870509,-0.00030642093,0.0031016767,0.00050432544,0.008671184,0.0,-0.01708977,0.005409252,0.0012695946,0.0077991146,0.0036798813,-0.018783985
2017-11-24,0.009087658,0.0039408407,-0.016597921,-0.0047137416,-0.009120499,0.004474904,0.009691312,0.011292626,0.009817578,-0.010554272,0.019152287,0.0041356334,0.00033644884,0.015402674,0.0018741816,-0.002173358,0.00018334575,-0.002691571,0.014941002,-0.111865036
2017-11-27,0.0029551964,0.021949336,-0.003989418,-0.0008385326,-0.012927089,0.0065792743,-0.009611533,-0.011068339,0.009892482,-0.0014135592,0.006002941,0.0059166495,0.008983035,0.01087171,0.0032746764,0.0052576303,-0.0026797955,0.010212842,-0.010670951,0.002307785
2017-11-28,0.09947631,0.0056016403,-0.016109085,-0.0028911026,0.012526451,0.00071286736,0.014476324,0.0040651713,0.031399585,0.0009858473,0.007992862,-0.00049996155,0.005476974,0.0020926027,0.0022896994,0.006557984,0.02574528,-0.001686483,0.02017169,-0.010815419
2017-11-29,0.017615722,0.009248562,0.025651373,-0.015359706,-0.009414167,0.0051627983,-0.011301109,-0.0025021294,0.01269923,-0.00051088503,0.008081996,0.0022175051,-0.00051088503,0.0034309183,-0.0067694625,-0.007905662,0.010325154,-0.0014376366,0.0070070177,0.015599123
2017-11-30,0.0044658384,0.0023557267,0.0025760839,-0.12210014,0.011791641,0.03939906,0.008802808,0.0011353748,-1.0012488e-06,0.009553554,-0.0017778456,0.0011897831,0.009553554,0.024947159,0.0,0.0590564,-0.00817144,0.0076937233,0.013133128,0.007650776
2017-12-01,0.0011881008,0.0034743624,0.0059749647,0.0074574463,0.006033634,-0.0071615237,0.015820673,-0.00083691854,-0.0038373375,0.0058333483,0.018468292,0.00976144,0.0058333483,0.0085213,0.012641706,0.017164374,0.0023526344,0.013611564,-0.0032211374,0.01438062
2017-12-04,0.004168688,-0.009805282,-0.0194547,0.01658328,-0.002725418,-0.0022879448,-0.0098121185,-0.023178235,0.012728489,0.013945652,-0.01862384,-0.0101588555,0.013945652,0.009794031,0.0007611455,-0.018089486,0.007007387,0.0031999582,0.008607351,0.00027614844
2017-12-05,0.01958664,0.021502916,0.010332137,-0.0009771623,0.049557693,0.00040723314,-0.0069405953,0.0024366775,-0.036784213,0.0077812746,0.009676551,0.009998013,0.0077812746,-0.024381895,-0.011482235,-0.0036108955,-0.004429293,0.0025868698,0.0009269374,-0.004953268
2017-12-06,-0.009343877,0.010864755,-0.009909506,-0.00070009334,-0.0076823165,0.0028698673,0.013109557,0.007925559,-0.0017241419,-0.011126479,-0.20853066,0.005443671,-0.011126479,-0.0046859034,-0.010907707,0.007325821,0.023398371,0.003548849,0.015738366,-1.8403947e-06
2017-12-07,0.0075200223,-0.00016262877,0.0017928379,0.0140139675,0.00020193147,0.0068122842,-0.0076727853,0.0020277558,0.012481413,-0.016476396,0.0,-0.005670729,-0.016476396,0.023412125,-0.0012485142,0.002246098,-0.005816902,-0.003091455,0.0043393523,-0.0015886157
2017-12-08,-0.0007694082,0.012863032,0.0,0.027939174,-0.114526354,-0.037124798,-0.032910883,-0.0013580645,0.0018405614,0.009790622,0.006492511,-0.000543667,0.009790622,0.012307156,0.004674057,0.00091924885,-0.009847414,0.002505763,-0.028361963,-0.0021356652
2017-12-11,0.0066078864,-0.0036291846,-0.0020691229,0.008201685,0.0010957133,0.018849978,0.008414983,0.034154426,-0.0071754446,0.001603471,0.008145708,0.006245491,0.001603471,-0.0023660837,-0.010730585,0.008512588,-0.014273318,0.0053109652,-0.003018394,0.0
2017-12-12,0.005350112,0.014160163,-0.00410848,0.0077174515,-0.013371832,0.011726847,-0.00048192346,-0.013751898,-0.004720165,0.0073290723,0.0059176385,0.00064829027,0.0073290723,-0.0069668246,0.016089361,0.00944073,-0.106601946,0.0014808587,0.0024949766,0.006116607
2017-12-13,-0.0017066834,-0.0017833398,0.009749905,-0.0006526701,0.086168,0.0074576866,-0.0066423095,0.010835348,0.007509013,0.0,-0.0069411965,0.0067245453,0.0,-0.008122811,0.0012606715,0.020181715,0.004221926,0.009680927,-0.004037416,0.006875739
2017-12-14,0.016289953,-0.006736901,0.019748542,0.010951406,-0.01995805,0.0011752048,0.04315907,-0.028605418,-0.00033516358,-0.014922122,0.010927035,0.0022346699,-0.014922122,0.0014765201,-0.003218038,0.027614756,0.012606759,-0.0002914586,0.014794068,-0.003234851
2017-12-15,0.0039102808,-0.009834915,0.0010317592,0.0046577286,-0.0119539965,0.008053354,-0.010470416,-0.00044812736,0.0027632075,-0.009452338,0.059913546,0.005317504,-0.009452338,0.009813234,0.0049055014,0.0019996604,0.014652084,-0.0067237513,0.008097273,0.0108635435
2017-12-18,0.00088016543,-0.02534447,0.0007445329,0.01106904,0.13698909,0.01509113,-0.014544366,0.0,0.005227707,0.014203152,2.8589639e-05,0.0098673515,0.014203152,-0.005515033,-0.0051384335,-0.0067784935,0.0001582465,0.01659875,-0.002295094,0.0056030494
2017-12-19,-0.008189742,0.0050704004,-8.3746134e-05,0.0025572085,-0.0066171554,-0.0065200375,0.006082727,-0.0023212968,0.0036156408,-0.00303514,-0.011124277,-0.009371134,-0.00303514,0.0144466525,0.0072846683,-0.015624744,0.013884036,0.00890391,0.018611023,0.00085353636
2017-12-20,-0.004585743,0.013613284,-0.008393954,-0.014285731,-0.012215061,-0.0108372215,-0.0027669952,-0.008343072,0.0029324587,0.009509784,0.0048899576,-0.032093138,0.009509784,0.010542893,-0.0023045428,-0.0041149664,-0.0045947474,0.007238666,0.00026909204,-0.005986908
2017-12-21,0.004557812,0.008676821,-0.0020111834,0.01559482,0.063999385,0.00037806647,0.0085440725,-0.007656803,-0.0005789861,-0.0016816941,0.05533879,0.009788703,-0.0016816941,-0.0066194437,-0.0014099894,0.012463924,0.0108704325,0.0018884158,0.0028055918,0.013284933
2017-12-22,-0.004554516,0.02183469,0.0075898473,-0.00065438467,0.031584747,-0.013370274,0.0024987482,0.01816564,-0.0044684447,0.0069318083,-0.014982164,-0.0056617265,0.0069318083,0.005771693,0.000981811,0.00064115034,-0.005906356,-0.0021208033,0.0074368934,-0.00022683901
2017-12-25,0.004188785,0.018226068,-0.017853213,-0.0017519996,0.008800568,-0.0045673153,-0.0044440725,0.0046170116,0.005991739,0.008162292,-0.0017497968,0.00978992,0.008162292,-0.0046890927,0.0009707072,-0.0014346308,-0.010823661,0.004020163,-0.008076046,-0.0005683057
2017-12-26,0.020158004,0.0108131105,0.008814003,0.025293142,0.008287398,0.01823412,-0.008076406,-0.013517092,0.0026023088,-0.012604559,0.021864487,0.0047106785,-0.012604559,0.014999967,-0.002401657,-0.0020118891,0.0027730383,-0.0030756248,0.000714162,0.011248388
2017-12-27,0.035044897,0.010455043,-0.00073343504,-0.018752854,0.020162879,0.011791593,0.0041419566,0.0,0.0014963889,0.009453329,0.0029759326,0.0076496536,0.009453329,0.0024145395,-0.003635494,-0.013503927,0.014732333,0.010002041,0.012839165,-0.0016943875
2017-12-28,-0.018824866,0.0109051475,0.006550821,-0.003894502,-0.0033345793,-0.006002379,0.0060805413,0.010940018,0.009563875,-0.004120214,-0.023794947,-0.007320629,-0.004120214,0.0,-0.036037944,0.0049374145,0.0064872033,0.0022954578,-0.013367009,0.0062625194
2017-12-29,0.0052734325,0.0082717985,0.01625966,-0.0018487455,0.012794782,0.010680402,0.015978571,0.005039994,0.00063343375,0.0054601547,0.0086288415,0.009639648,0.0054601547,0.0008613147,0.006224997,0.0007082384,-0.0021829829,-0.005273761,0.054849584,0.0009791224
2018-01-01,0.022609107,-0.00014183887,0.015677277,-0.06488075,-0.1366243,0.005517825,0.0006455368,-0.0018006872,-0.008835338,0.0055781025,-0.0029716569,0.0070175277,0.0055781025,-0.0074096723,-0.007742362,0.002306671,0.005033295,0.009634626,0.004441573,0.011986609
2018-01-02,0.0099448515,0.0032668796,0.006082544,0.018193545,0.0061113047,0.0006479453,0.01465289,0.011383616,0.0075012324,-0.016493471,0.006541666,0.001621343,-0.016493471,0.01224197,0.009743399,0.0068487986,0.0026895178,-0.0034623684,0.013376276,0.0037533091
2018-01-03,-0.0038995382,0.016605332,-0.010661279,0.0040343455,0.0055016656,0.0009275344,0.0,0.0,0.0023620268,0.013079152,-0.0038571805,0.004402904,0.013079152,-0.007585515,0.024796039,-0.0014399796,0.009419235,0.012584315,-0.013788599,0.014273174
2018-01-04,0.0030822475,0.0029324621,0.010795426,0.012710068,-0.0033474944,0.00952102,0.004022577,0.0,0.0007488533,-0.004214445,-0.0064446293,-0.015916595,-0.004214445,-2.5787234e-05,0.009358935,0.01473982,0.004650408,0.004837037,-0.0027035642,0.015752789
2018-01-05,-0.011902973,0.014802296,0.007516043,0.019892162,0.00965637,0.020646114,-0.00127403,0.016857442,-0.0013681952,-0.018614022,-0.007636446,0.01341127,-0.018614022,-0.0065572173,0.0050414857,0.007054038,-0.009301968,-0.0038924324,0.023474187,-0.0022474087
2018-01-08,0.0012709431,0.012142719,0.015060473,0.00858076,-0.014929507,-0.0015080747,-0.0025830828,0.0017993137,0.0042934758,0.0025068158,0.0071055326,0.0038603402,0.0025068158,-0.011781903,-0.002279878,-0.00808347,-0.0048393905,0.0072640455,0.0026367025,0.013070846
2018-01-09,0.008332952,-0.0040709493,-0.010850061,0.0015951481,0.010498762,0.011926251,-0.004052369,0.0056165494,-0.0050964663,0.0017732413,-0.015751416,-0.014814621,0.0017732413,-0.012540303,0.023596764,0.009908462,-0.009515434,0.004190886,0.01365291,0.008007465
2018-01-10,0.01829293,0.010943571,0.0016517487,-0.0016096099,0.03092797,0.019115679,-0.008709014,-0.015877083,0.003564066,0.010822165,0.0029202253,-0.002994594,0.010822165,-0.022934249,0.0071964175,-0.0067066965,-0.024248125,-0.008009334,-0.00027123804,0.006331733
2018-01-11,-0.013103242,0.032444037,0.008639824,0.006665786,0.012801096,0.00845709,0.0331371,0.0019789157,0.0012605403,0.025652835,0.0057729892,-0.0031756547,0.025652835,0.0007101148,-0.0043300735,0.007237624,0.003818999,0.012970876,0.0056230496,-0.0007806167
2018-01-12,-0.013553371,0.004294707,0.00057524495,-0.0076099765,0.009519258,-0.0026859439,-0.0045086415,-0.0028854117,0.0013589781,0.008642493,-0.010625071,0.014974783,0.008642493,-0.0071141333,-2.4591163e-06,0.0063789217,0.017727539,0.0060981708,-0.0029657057,-0.009302712
2018-01-15,0.0026636384,0.0021464848,-0.0033653593,0.0133502735,0.13364574,-0.012303524,0.0051844288,0.005502677,0.009407962,-0.0073296246,0.0050239163,0.009603,-0.0073296246,0.008161398,0.003153066,0.013072942,0.019213568,0.004582881,-0.0053211628,0.009107868
2018-01-16,0.013915523,-0.047265366,0.009786254,-0.006691046,0.005217173,0.011713269,-0.0051319795,0.00083279813,0.00031211626,-0.0065981653,0.0054033063,0.0019609884,-0.0065981653,-0.08358095,0.008831751,0.0038654732,0.012000749,0.004836201,0.0073075113,0.0045424607
2018-01-17,0.009752989,-0.01092825,-0.0047645336,0.0077060703,-0.0035493108,-0.011387528,0.00026977557,0.011407531,0.016231293,0.004022582,0.009215688,-0.0023232761,0.004022582,-0.005039497,0.006682378,0.0068698856,0.011038363,0.005610069,-0.002341467,0.00037451985
2018-01-18,-0.003551855,-0.004750154,-0.005456491,0.026263146,0.012599843,-0.002303908,0.008479539,0.0030561911,-0.0034978592,-0.010173514,0.0090181725,0.007892179,-0.010173514,0.024835257,0.0,0.01893015,0.0010284848,-0.0016280044,0.0021115257,-0.0016112238
2018-01-19,0.008271174,-0.0052020163,0.008683765,-0.014510163,-0.109240934,0.0068538613,0.0053663356,0.000256764,-0.014620687,-0.006744791,-0.0030656492,0.0,-0.006744791,0.004782102,0.000133126,0.010548735,-0.047113832,-0.0044802367,-0.00078639784,-0.0068562306
2018-01-22,-0.027023042,-0.0644213,-0.0020965755,0.034266032,0.00094847963,0.0067341463,-0.012305579,-0.00030292477,0.00574398,0.020375507,0.0010614514,-0.008590618,0.020375507,0.033073705,-0.00811084,-0.0041630073,-0.021137903,-0.0024498217,0.008374733,0.010002811
2018-01-23,0.0059133964,-0.011953078,0.012081164,0.017526366,0.08600324,0.010112863,-0.008673351,0.008669869,0.0027796947,0.009629648,0.000935494,0.01032442,0.009629648,0.02642692,0.012521247,0.007618126,0.014461178,0.005189797,0.03105204,0.0029591026
2018-01-24,0.0060769776,0.0,0.012526185,0.012907779,0.0010470876,-0.009214581,0.014783793,-0.003513276,-0.0055061337,0.023508659,-0.012285296,0.001169281,0.023508659,0.002202633,-0.009722483,-0.011634813,-0.004019085,-0.0020771278,-0.0019777615,0.006503692
2018-01-25,-0.023947345,0.004881666,-0.002114637,0.0022954145,0.02141568,-0.011509938,0.002035486,-0.011789968,0.0057675075,0.0051812767,0.0,-0.009324113,0.0051812767,0.0,0.004176676,0.008123696,0.021056535,0.00440672,-0.006197413,0.0042931186
2018-01-26,0.022342112,0.00789209,0.0067248694,-0.004807925,0.012396106,0.0061866487,0.003096737,0.0,0.0019170793,0.00016138928,-0.0007976522,0.006607998,0.00016138928,0.00161226,0.015308518,-0.008077911,-0.009480422,0.0076360498,0.0055060387,0.014745611
2018-01-29,0.008045637,0.010643147,0.011862655,0.008845968,0.0020459923,0.0068821968,0.004816227,-0.003351036,0.01011983,0.0,0.021962501,0.005773145,0.0,-0.0036930428,0.0014992871,-0.00020814475,0.024049873,-0.005047061,0.00049732946,0.011625871
2018-01-30,-0.004123147,-1.7083177e-05,-0.015426882,0.014871097,0.0060741343,-0.010733048,0.009527227,0.013352784,0.008497136,-0.009943137,-0.014065041,0.0016236752,-0.009943137,-0.008762359,0.00930498,-0.019731877,0.014765185,0.0088726515,0.0071616746,-0.009896154
2018-01-31,-0.0055178236,-0.028925562,0.0016156052,-0.009024878,0.01312839,-0.0031743038,-0.009263772,-0.00923788,0.010930451,0.005819643,-0.00044021997,0.014800106,0.005819643,0.0052357735,0.0059457417,0.0023466542,-0.0042383713,-0.0020933575,-0.004306556,0.0
2018-02-01,0.0090003675,0.026950492,0.009997573,0.01359632,-2.68129e-07,0.0009965152,0.008079931,-0.010563008,0.006317212,0.006379938,0.0037998122,-0.0042267893,0.006379938,-0.01283487,-0.009275563,-2.0699485e-05,-0.018649338,-0.00040084173,-0.002508689,-0.0109136505
2018-02-02,-0.007146484,-0.054902367,0.0117611885,-0.010499938,0.001620694,0.001492288,-0.003224122,0.0005367925,0.015439538,0.006895553,-0.0523494,0.003073811,0.006895553,0.019627124,0.0076115937,0.007762511,0.0,0.0022637078,-0.0024139655,-0.008133504
2018-02-05,0.024429029,0.03386317,0.008758318,0.020097619,-0.006950401,0.0062637306,0.009049418,0.010654741,-0.016870467,0.00068329205,0.015594039,0.0016179606,0.00068329205,0.0003131021,0.0,-0.0013080898,-0.0023385326,0.0050965664,-0.009813658,0.0095851645
2018-02-06,-0.017251829,0.007334953,-0.006671596,-0.011936622,-0.0068437085,-0.0018221827,0.015318808,-0.003580552,-0.0024112465,-0.019959934,-0.0042981887,-0.0042450703,-0.019959934,-0.0018861182,-0.0057567335,0.0060934173,-0.0035550431,0.009385936,-0.0046937778,-0.007632395
2018-02-07,0.009759463,-0.0012506128,-0.00049673195,0.013328781,-0.001191294,0.0,0.007433183,-0.011289502,-0.002714649,-0.004203491,-0.003616265,0.0007490635,-0.004203491,-0.002572066,-0.0018113351,0.008028035,0.011487133,0.0032734007,-0.0064683924,0.012893404
2018-02-08,0.010156407,0.006178372,0.023323987,-0.014905835,0.025816951,0.010931479,0.015170622,-0.009817971,-0.006449642,0.0,0.012896924,-0.008608693,0.0,-0.004499572,0.0018638966,-0.017572625,0.0049894555,0.004855332,-0.0033456178,0.0022187976
2018-02-09,0.007712403,-0.0049721794,-0.013607312,-0.005261742,0.08753688,-0.005366531,0.008559578,0.005522139,-0.007950281,0.008176087,0.0018800468,-0.020126715,0.008176087,-0.008994814,0.008558005,0.0029663644,-0.0048963134,0.0019722874,0.0013334777,0.0021303021
2018-02-12,-0.01761216,0.0059131975,0.0075926827,0.0032873766,0.012262266,0.00060099637,-0.0010093325,0.008720999,-0.019726155,0.004878685,0.03848772,0.014278223,0.004878685,0.018203909,-0.003539613,0.01133775,0.013333856,-0.005395714,0.0017865233,0.013651251
2018-02-13,6.885723e-05,0.0025799496,0.0027672218,0.0067090094,-0.043038663,0.018151652,0.016634999,0.0042643654,0.01227543,0.011425439,0.006002701,0.0043624723,0.011425439,0.0029539566,0.0054300167,0.008946533,0.017221482,0.0012393759,0.009695069,0.008836221
2018-02-14,-0.0009416841,0.05045623,0.023074908,0.005182764,-0.18949716,-0.0047357674,-0.025128938,0.0048111435,0.0009279678,0.0054554134,-0.00044499853,-0.015462701,0.0054554134,0.0027666835,0.0054832585,-0.001534535,-0.004502501,-0.012601641,0.0028677231,-0.0064239358
2018-02-15,0.0025572043,-0.002674811,-0.021176815,-0.02436232,0.0,-0.005073012,0.009627384,0.006845063,-0.02131061,0.0046173767,0.03135666,0.013678612,0.0046173767,0.0034348653,-0.0031580718,0.0026695111,0.019727733,0.008251026,0.019957928,-0.010809087
2018-02-16,-0.06219036,0.010836994,-0.012970931,-0.0030131098,-0.015546049,0.010929945,0.008982499,0.009682538,0.0071915276,-0.00297562,0.010073422,0.016351862,-0.00297562,0.0061460645,0.0039995587,-0.026295282,0.007723363,0.01333191,-0.0076341173,-0.005487423
2018-02-19,-0.021972949,-0.008416287,0.025161935,0.007863118,0.0063959043,0.015869873,0.011779048,0.0060939863,-0.007151746,0.0066870824,0.0087252185,0.0062282113,0.0066870824,0.008674443,0.0,0.011184166,0.013994954,0.0014390084,-0.005049638,0.003397607
2018-02-20,0.10243804,-0.015163528,-0.0039998526,0.060303327,0.018751744,0.012766277,-0.005818049,0.0055942214,-0.01123008,0.008324153,0.005269493,0.0056308554,0.008324153,0.011964663,0.0037446383,-0.0027572156,0.005351542,0.009373556,0.010637093,0.00954167
2018-02-21,0.025935171,0.03005923,0.0067382785,0.011116916,0.012441116,-0.0020368253,0.015695238,0.003104392,0.011094161,-0.0023965589,0.002130604,0.006304713,-0.0023965589,-0.00042396443,0.004203155,-0.010490108,0.0009697419,0.005351957,0.0,0.004342727
2018-02-22,-0.0022484208,0.005483012,0.004459444,-0.00810696,-0.13225035,0.0013275649,0.0017702375,0.009191046,0.0025806818,-0.0051840832,-0.019937377,0.007912929,-0.0051840832,0.010996351,0.013336798,-0.008036546,0.014433036,-0.003553629,-0.0017614996,-0.00174287
2018-02-23,0.019734258,-0.0017668769,-0.0023348427,0.007988015,0.03273316,0.0070296214,0.002706833,0.003935699,0.022075051,0.0048878724,0.0041942233,0.01013509,0.0048878724,0.006278567,0.073304914,-0.0060503,0.0036141274,0.005034655,0.009839836,-0.012286076
2018-02-26,-0.0031409797,0.0,0.0060924375,-0.013154516,-0.009478149,-0.0076449495,0.0068536107,0.005335141,-0.005990848,-0.007851824,0.0011935862,-0.008095037,-0.007851824,0.0,0.0015803473,-0.0043778056,-0.03150649,0.00226981,0.0015120552,0.0046496475
2018-02-27,0.01266045,-0.00011195564,0.0014398172,0.0023767087,0.017179115,0.009964876,0.017900225,-0.0019271972,0.013361556,0.0023053521,0.029496163,0.0045706467,0.0023053521,0.009442599,-0.033346005,0.009166054,0.014745494,0.01963778,0.021175526,0.005157708
2018-02-28,-0.006097999,0.0020526948,0.0060737226,-0.0017323673,0.020023938,0.07684056,-0.010713834,-0.0012645397,-0.009682263,0.0023398814,-0.013255749,0.007574765,0.0023398814,0.019152444,0.032100905,0.013790146,0.011353843,0.0022298198,0.017992757,0.010964641
2018-03-01,-0.0021855822,0.01371602,-0.002912309,-0.0409966,0.019801414,0.0052671,0.009746634,0.00065203256,0.013919961,0.004717305,0.0059053907,-0.004964423,0.004717305,0.000785068,0.009048918,0.015730906,0.0029757717,-0.015060543,0.0035561668,-0.010678256
2018-03-02,0.015527641,0.03406044,-0.0044589895,0.0008027407,0.010560161,0.009441008,0.0,-0.0015464255,0.00019264228,0.0041874936,0.010792642,0.00042663855,0.0041874936,-0.00047797177,0.0062549235,-0.025925128,-0.007903683,0.0,-0.014782038,0.014076569
2018-03-05,0.0045058676,0.0095134275,0.00887224,0.012500719,0.012464092,-0.005952671,0.0026202765,0.013076059,-0.003033809,0.005088714,-0.0003004016,-0.0014338888,0.005088714,0.0041538277,0.034942575,-0.00560962,-0.023014173,0.0021860139,-0.0013724484,0.0043055816
2018-03-06,-0.010534131,0.024555149,0.0058022826,0.002526227,0.002966304,0.0041862046,0.0008555286,0.00071508647,-0.0021408559,-0.0006480281,0.013056426,0.003801017,-0.0006480281,0.008212787,-0.0030595863,0.010809289,-0.008673918,-0.01683721,0.015846426,0.025053592
2018-03-07,-0.009401148,-0.012290419,-0.0046958965,0.004005249,-0.010850678,0.064567626,0.0058616614,0.0033077681,0.005308026,0.0007914081,0.009919526,0.004371162,0.0007914081,-0.011609236,0.0155748185,0.064707756,0.018588752,0.038431324,0.015142304,0.026542341
2018-03-08,0.013119929,0.0076430677,-0.0027951077,0.0027211073,0.006079943,0.010554403,2.4769083e-06,0.006082451,0.013796366,0.004600359,-0.013311872,0.0033994191,0.004600359,-0.032275412,-0.08039971,0.0017285954,0.004480658,0.006743187,0.008876111,-0.0014888099
2018-03-09,0.009317947,0.006527444,0.009136752,0.008891485,0.016197322,-5.1009356e-05,-0.00629135,0.0039428268,0.0,0.007073505,0.010467144,-0.001315789,0.007073505,0.018559866,0.009946644,-0.00022590917,0.004562875,0.0003298727,0.010238241,-0.0059941635
2018-03-12,0.00045710808,0.010925317,0.0018022502,-0.026829492,0.004514801,-0.009583988,-0.009828688,-0.006666986,-0.013898578,0.0074292803,0.004398518,0.008476767,0.0074292803,0.024651298,-0.039166138,-0.004990095,-0.014537475,0.019295193,0.007604313,0.030173847
2018-03-13,-0.0048803645,-0.0062857713,0.002689207,-0.00020098695,0.008049089,0.0024110351,-0.00053799065,0.002216811,0.012547075,-0.0057720453,0.0006880662,0.0014614393,-0.0057720453,0.0540939,0.0022180686,0.01353926,0.012753566,0.0024860178,0.002167436,0.021425456
2018-03-14,0.002128093,-0.07121098,0.0063308906,0.0025048011,0.014753888,0.010964013,0.005969727,0.0133901015,0.009807459,-0.00338798,0.028806245,-0.013166859,-0.00338798,-0.015021488,0.004721217,-0.002039022,-0.007881246,0.0011217201,-0.071214855,-0.0026104671
2018-03-15,0.0060843397,0.039893553,0.01575567,0.0069194413,-0.008231081,0.008787472,0.0016524041,0.007820667,0.005327459,0.0068540187,-0.0010144357,0.008935667,0.0068540187,0.006235986,0.01520696,-0.023032442,-0.0075775483,0.01097819,-0.0023329079,-0.011101732
2018-03-16,0.0047274763,-0.0008037211,0.003084639,-0.009797689,-0.0013384089,0.0028743632,0.009556164,-0.0069584325,-0.009781785,0.00018859697,0.017651105,0.002118278,0.00018859697,-0.101898395,-0.025260715,-0.01315445,0.010098103,-0.03343043,0.009079164,-0.023231825
2018-03-19,0.0071067405,0.005299579,-0.0032102028,0.0046752067,-0.0076691653,0.013745571,0.003402249,0.005743272,0.013993203,-0.00084160623,0.0062115095,0.0059932778,-0.00084160623,0.026056634,0.009439154,-0.0036945853,0.0068460526,0.0057636835,0.0117297005,0.030850468
2018-03-20,0.007026379,-0.01931368,-0.0013102287,-0.008745647,0.014850595,0.007801694,0.010560872,0.01332764,-0.0061098235,-0.003212333,-0.038664073,0.0038626734,-0.003212333,-0.016392915,0.009793065,-0.005209152,0.019011235,0.010226076,0.0103590265,-0.0045816856
2018-03-21,0.0015710158,-0.008854724,-0.003995071,0.005464314,-0.002440421,0.040713165,0.0021801854,-0.0016121969,0.0031262056,-0.0007642775,0.0077059297,-0.0073959203,-0.0007642775,0.009124367,0.002830326,-0.00016909615,0.0007658944,-0.0021443933,0.024334135,0.014488138
2018-03-22,-0.0039580995,0.0040954426,0.009102128,0.0062936805,-0.008708488,-0.007531393,0.0060759746,-0.0037878344,0.00028652282,-0.0036399195,0.011794731,0.014139066,-0.0036399195,0.0,0.0023449976,0.00058602,-0.009268264,0.007548518,-0.010519956,0.0003437022
2018-03-23,0.0109142875,0.008309168,-0.0066023804,0.0087558385,0.010053365,0.00092617166,-0.0032020367,-0.0034990187,0.0019379249,0.013581103,0.0070571383,0.01277796,0.013581103,-0.010881906,0.0037694327,0.015957931,0.009465804,0.010278835,-0.012593736,0.0019666082
2018-03-26,0.0,-0.00073070556,-0.0068423487,0.0011202702,0.008602713,-0.008720615,-0.009962306,0.005898674,0.0016187262,-0.021996243,-0.0035396602,-0.0020033745,-0.021996243,0.012529293,0.00032071598,-0.0022994154,0.0066477293,0.020022556,0.013651476,0.0085335625
2018-03-27,0.0220061,0.0031421548,0.0029775104,0.00020072483,-0.003928906,0.00016926945,0.00032964488,-0.011437748,0.0023091575,0.009339517,0.02428923,0.0017720466,0.009339517,-0.008670545,0.0039188843,0.011783984,0.002831224,0.04554133,0.011976551,-0.0065169013
2018-03-28,-0.013313797,0.013316493,0.0016211487,0.003055239,0.012370847,-0.006949051,-0.009473676,0.0014376187,0.009187214,-0.0014091324,0.0001477262,0.0,-0.0014091324,0.0062407446,0.0047023986,0.0037212553,0.0090033,-0.16226532,0.0152090825,0.0045084255
2018-03-29,0.010879656,0.0011225316,0.0084644295,0.008451978,-0.0040451083,-0.010442237,0.003864631,0.019496115,-0.0063812267,0.006100333,-0.010541399,-0.0073722163,0.006100333,0.016747365,0.0071015335,0.06362561,-0.00033861876,-0.0033996978,-0.015045781,0.003067358
2018-03-30,0.0051822,-0.0045126094,-0.0014884752,0.012598203,0.026446734,-0.0006607348,0.003606368,-0.0027968318,-0.0017414538,-0.0019104601,-0.011541505,-0.0007317079,-0.0019104601,0.0007015272,-0.008622187,-0.009396574,0.005663617,0.0058379946,0.02752245,0.009763209
2018-04-02,0.004082828,0.016079362,0.0054575284,0.012684011,0.00094184774,-0.0022340603,0.010086645,0.0050243954,0.012476563,0.0027215227,0.0,0.000995061,0.0027215227,-0.011641134,0.004556611,-0.015432173,-0.0011193955,0.0069423057,0.0075125103,0.011128573
2018-04-03,-0.0015432631,-0.0043156915,0.009949156,0.009715389,0.012923218,0.06340026,-0.0010838971,-0.0002051712,0.003746952,0.021992035,-0.0035604471,0.0043807947,0.021992035,0.017433371,0.004189575,0.015270332,-0.0016166776,0.0043448643,0.008712378,0.027523624
2018-04-04,0.0069578886,0.0026179354,0.0025199172,-0.0006093547,0.0040309527,0.0007375686,-0.0065134373,0.0039065676,0.007031775,0.0,0.020211747,-0.00043910515,0.0,-0.08754038,0.0036162206,-0.004600814,-0.00428453,0.014639186,0.002750079,0.012130853
2018-04-05,-0.019444918,0.012649554,0.0,0.013065526,-0.016761042,0.0,0.010259386,-0.0062294593,0.009651125,0.0054527693,0.0059417556,0.0037338422,0.0054527693,0.0084938295,0.005091445,0.0334304,0.0,-0.0032944942,-0.019298503,0.008905726
2018-04-06,0.015524995,0.0,0.008565956,-0.0007300124,0.00584573,0.01023481,0.0058543216,-6.0573984e-05,0.0040997793,-0.0003434133,-0.004745733,0.01046772,-0.0003434133,0.001591848,0.0031311037,0.005002491,0.0069306795,0.021293478,-0.01694944,0.0015098401
2018-04-09,-0.024258567,-0.028374968,-0.0013589084,0.011730052,-0.0050589,0.0033971276,-0.002350491,0.010538603,-0.0038446523,0.010095279,-0.023359701,-0.0065768235,0.010095279,-0.0034909113,0.0,0.004552885,0.0,-0.1143503,0.023742538,0.019445822
2018-04-10,-0.0055531194,0.0096819755,0.018943759,0.0059958715,0.011968086,0.009693335,0.00952982,0.007021823,-0.0009269737,-0.0007716683,0.009425839,0.008851804,-0.0007716683,0.0057209013,-0.007421569,0.011422273,0.006611663,0.020657552,0.007359457,0.00019923689
2018-04-11,-0.0076684495,0.009349057,0.00801825,-0.003174225,0.005536132,0.0,-0.005338784,0.0054003503,0.003538551,-0.00018228928,0.005074653,0.004144912,-0.00018228928,0.004500926,0.0,-0.0028165833,-0.004582606,-0.0031378814,0.009188948,-0.027963541
2018-04-12,-0.015307972,0.0045674834,-0.005968561,-0.010552118,0.010469793,-0.00042920004,-0.004539497,0.0135953445,-0.0036808485,0.006334678,0.011636785,-0.0020863165,0.006334678,0.14621396,0.13486099,-0.014356167,0.004754084,0.021873487,-0.0022801885,0.0
2018-04-13,-0.004462782,0.008150615,-0.007167025,0.0063658026,0.014452676,0.02744328,0.0140712,0.0007737075,0.012002998,0.00097155786,0.0049605644,0.008640216,0.00097155786,0.12759106,0.00605663,0.02593219,-0.00685583,-0.0011089558,0.007460463,-0.012258149
2018-04-16,-0.009799569,0.019961296,-0.0009798869,0.0038160142,-0.013161143,-0.0038921915,-0.0014875979,0.0017743782,-0.0019916126,-0.0012972043,0.0029386184,0.0043993685,-0.0012972043,-0.026089456,0.0048401537,0.01488813,0.020205157,-0.007119169,0.0022475964,0.037952144
2018-04-17,0.008634861,0.0116118975,0.0055546057,0.008428602,0.041860286,0.031364277,-0.0019468197,0.000103500985,-0.004013615,0.0061735674,-0.007894981,0.010577035,0.0061735674,0.054846365,-0.011792174,-0.023863576,0.0016189952,0.007443108,-0.18907633,-0.0027960516
2018-04-18,0.002995187,-0.0023380625,-0.026361449,-0.0064682933,-0.0005156058,0.008467503,0.009930785,0.0091912635,-0.0017536549,0.0018413414,0.0028808685,0.0002795425,0.0018413414,-0.0076032714,-0.030162932,0.013971569,-0.004408722,0.01199076,0.06863305,-0.017791642
2018-04-19,0.0022443933,0.013852164,0.013750826,-0.00084121234,0.0,0.010686463,-0.0034593474,0.0021109614,0.0053246794,0.0069263335,-0.00032153915,0.007494352,0.0069263335,0.032674383,0.01827854,0.014544633,-0.0048751975,0.0042992486,-0.020083115,0.0018826069
2018-04-20,-0.003823432,0.010941233,0.007499594,-0.001318124,0.0072234706,-0.00019951207,0.024302974,0.008101948,-0.0154843675,0.006240281,-0.007858085,0.009004557,0.006240281,0.017449072,0.013940434,0.04345138,0.0057295877,-0.00029110204,0.00016636551,0.004772709
2018-04-23,0.009693935,0.0042808102,0.0013948202,-0.010658606,-0.010580158,0.0092254225,-0.001926662,0.004168262,0.022916669,0.0049104923,0.005000078,-0.00016977916,0.0049104923,-0.0023481543,0.1633842,0.014188673,-0.0055214697,0.0023062814,0.023241034,0.007556977
2018-04-24,0.009031612,0.010586264,0.0,-0.0072906595,0.03759712,-0.003493955,0.016102348,-0.0023521264,0.0055920426,0.002465749,0.012861269,0.0018673198,0.002465749,0.0024773804,-0.038424227,0.012645845,0.0047055976,0.009100633,0.041395474,0.006258029
2018-04-25,0.014179714,-0.019845812,-0.005928746,0.0012459962,-0.0065748976,0.003728881,-0.0062097996,-0.0071473364,0.0018035372,0.0050911647,0.0044383,0.00676631,0.0050911647,0.019305028,-0.0074273995,-0.010470411,0.0038691,0.0030518656,-0.006019144,-0.007852274
2018-04-26,0.013271328,0.13766283,0.004535902,0.0021701271,-0.0004804688,0.003089549,0.012500135,0.008812446,0.004845633,-0.0018667334,0.0,-0.00054898206,-0.0018667334,0.013500129,-0.023821136,-0.002854189,-0.0045938496,-0.0011397785,-0.0070312684,0.010518646
2018-04-27,0.0003408523,-0.013156958,0.006716642,0.0030515937,-0.0024643503,-0.0296992,0.0036677031,-0.0023756549,0.0,-0.003851601,0.016178604,-0.008416588,-0.003851601,0.032068018,-0.0022612312,0.009302269,-0.0017013687,0.010487091,0.024591196,-0.004751522
2018-04-30,0.009189969,0.0016661076,0.0,0.002334861,0.0017035747,-0.002384333,0.0,0.007679342,-0.0009578469,0.008464168,-0.012106696,-0.0034149552,0.008464168,0.013059158,-0.010416973,0.0,-0.004221179,0.008048923,-0.0014891415,0.0113080125
2018-05-01,0.0062919767,0.0061056637,0.0052125338,-0.0028400363,-0.0040601804,-0.0068714567,-0.032295432,0.0038020632,-0.03329775,0.0048786188,-0.02026,0.007803645,0.0048786188,0.013955946,0.01010313,0.014789623,0.0008600853,0.0048215627,0.008120432,0.019632678
2018-05-02,-0.005002404,0.008137784,-1.8765773e-05,0.010201844,0.0022864721,0.0,0.0084130205,-0.0033530062,0.01947011,0.0065621203,0.013821639,-0.0002624818,0.0065621203,0.0024793593,0.11507578,-0.0017776377,0.008782575,0.0014481476,0.02012232,-0.00572073
2018-05-03,-0.013355957,-0.046985798,0.0035352064,0.006512428,0.014220177,-0.015596885,0.00077327975,0.004422217,0.0024666912,-0.002861581,-0.0014184319,-0.0034432712,-0.002861581,0.024800075,-0.21384872,0.009305422,-0.003772627,0.009044297,0.010612168,0.0057519893
2018-05-04,0.0066254907,-0.0027767904,-0.0026926368,0.0074365945,0.027311277,0.021848038,0.0021554942,-0.009403476,-0.002892963,0.0009124731,0.000567906,0.010521995,0.0009124731,0.00077524857,0.025825283,-0.016316738,0.007988776,0.0019263551,0.001607048,0.007894491
2018-05-07,-0.0051150536,0.008670699,0.014704653,0.0,0.014281403,0.0052715493,-0.0019035378,0.008432145,0.010817578,-0.004605902,0.011603122,0.00064497575,-0.004605902,0.041940648,0.008859543,0.012011719,0.0019494818,0.012955487,0.032441307,-0.0038946413
2018-05-08,-0.011939704,0.009473651,-0.0043312875,-0.009076029,-0.017582063,0.011945081,0.010604528,0.0019039151,0.004709848,0.005918795,-0.01903041,0.011587826,0.005918795,-0.011077105,0.0068212086,0.0012761499,-0.0068593714,-0.0029978615,0.00530844,-0.021047613
2018-05-09,0.0105983345,0.006428817,0.016567027,0.004273849,-0.01657935,0.01064397,0.0005734174,0.008894217,-0.0008821284,0.0015859695,-0.063351765,0.0034311567,0.0015859695,-0.02478519,0.0025424059,0.008239629,0.004403243,0.010404514,-0.007104462,0.017342951
2018-05-10,0.009065966,-0.005788257,0.002908724,0.004177656,0.012359374,0.020833816,0.0009194127,0.002770374,0.0030438951,0.0074267862,-0.025665134,-0.0017630999,0.0074267862,-0.014963441,0.00770277,-0.020394972,-0.0022032962,-0.012771755,0.004473938,0.012310342
2018-05-11,0.007903606,0.038894184,0.00023144943,0.0008336914,0.008090596,0.0,0.004729916,0.009818191,-0.017063249,0.0068325424,0.011158621,0.008798389,0.0068325424,0.005774787,0.02536459,0.0,0.025409907,-0.0033377344,0.013061469,-0.008659674
2018-05-14,0.0023822968,0.006872848,-0.001885587,-0.0069505465,-0.005387501,-0.0032263794,0.010227529,0.00014314539,0.015806753,0.002460922,-0.008004842,0.014203849,0.002460922,0.022489095,0.0051456345,-0.010453915,-0.0015104031,0.009732937,-0.0032262832,0.0070763277
2018-05-15,0.0073952326,0.0047905263,0.0022976224,0.0137050105,0.01451025,0.008335817,0.0,-0.0038830114,0.006829697,-0.0035422742,-0.0024660265,0.005262466,-0.0035422742,-0.03406178,0.017621096,0.014761943,-0.0017609246,0.014873036,-0.008097303,0.013585491
2018-05-16,0.0041981735,-0.005110306,-0.0010470301,-0.00908781,0.0040493235,0.0,0.00445594,-0.000650018,0.002893229,-0.0025318605,0.015486664,0.0,-0.0025318605,-0.03857824,-0.00376793,0.005168919,0.0034124367,0.004887386,0.007440685,0.015815973
2018-05-17,0.0015412971,0.01822985,0.010959105,0.0049639917,0.008139784,0.0021621431,-0.0021495237,0.006616897,0.005316709,0.008543112,-0.0054515637,0.0020605735,0.008543112,0.020943452,0.011241222,0.00010260897,-0.0030684038,0.0050277906,-0.0037115912,0.0074471626
2018-05-18,0.0062374095,0.0012268301,-0.0033415759,0.0012884552,-0.0049106856,0.009520677,0.006525066,0.0070755826,0.009631041,0.006247736,-0.020684322,0.0,0.006247736,0.008053952,-0.008295456,0.0019745564,0.0005890194,0.011407949,0.0056467927,0.0012393481
2018-05-21,-0.00037232574,-0.0024945138,-0.00669313,0.010113322,0.0064305253,0.008981913,0.0017429674,-0.0020187758,0.0053952555,-0.011738325,0.031661723,0.0015083998,-0.011738325,0.017265627,-0.0021235738,0.0009797624,0.009897436,0.0220382,-0.0026154793,-0.010877413
2018-05-22,0.0012830166,0.10318384,0.010958381,-0.015864616,0.008354883,0.005373975,0.0008984543,0.012984825,0.0010736468,0.008097084,0.012726446,-0.0011904517,0.008097084,0.02033755,0.022017993,0.013168837,0.0035451583,0.0,-0.0016483107,-0.014015508
2018-05-23,0.00027110896,-0.0039531137,-0.0033624026,0.009627998,-0.0026057125,0.009960756,0.0069473665,0.0034427622,0.0020925566,0.006016071,-0.004186889,-0.013608327,0.006016071,0.06133639,0.016885743,-0.0020345862,0.0038448023,0.010743118,0.0060286573,0.011250282
2018-05-24,0.0024455555,-0.0068581575,-0.009843551,0.002907759,-0.00016805589,0.0005605912,-0.0066205994,-0.0013762229,-0.0072337803,0.007368491,0.013019493,0.00013975847,0.007368491,0.009332323,-0.009286771,0.00022407313,0.011741123,0.010565167,0.007864395,0.025033606
2018-05-25,0.0030621507,0.027631065,-0.008862441,0.010599813,-0.002878824,0.054282583,0.013425713,0.003259353,0.0046733585,0.00136915,-0.015393297,-0.0022070857,0.00136915,0.09442629,-0.005162676,0.0027827132,0.003883248,0.006402209,0.016503254,0.007336466
2018-05-28,0.007557592,0.009381788,-0.014545524,0.012212716,0.0054299883,0.005767234,0.0063024275,0.0007116913,0.0018560928,0.019817015,0.0085432185,0.0042531304,-0.018949281,-0.0011063165,-0.005805416,0.0065367958,0.015752846,-0.0017681551,0.00659764,0.0044681467
2018-05-29,0.004246817,-0.0011180051,0.08450807,0.0059019784,0.021953339,-0.00050128956,0.0056026503,0.009333687,0.0,0.018240945,0.0051021245,0.0,-0.001163447,0.00084778416,0.0061837165,0.0006771115,0.0067554647,-0.0007025532,0.010216248,-0.009546506
2018-05-30,0.014015368,0.07860348,0.017531348,-0.010879215,0.031809147,0.019209566,0.0062843096,-0.0061671073,0.008473265,-0.04788467,-0.0007889388,-0.00014467904,0.006056115,0.008230074,-0.005972801,0.005674666,0.008664474,0.004206467,0.0047172923,-0.10153701
2018-05-31,0.010331513,-0.11851413,-0.046143916,0.0030258037,0.08490128,-0.030079259,0.0019356221,0.0011009169,-0.0020282217,0.0,-0.006193126,0.004109615,0.017183099,-0.0046413317,0.010132389,-0.0094245095,0.009517279,0.0037452432,0.0078647155,0.007190921
2018-06-01,0.01360594,-0.0056191175,-0.020279529,-0.0043152887,0.00069905905,0.023689361,-0.0018898798,0.0042015575,-0.0037546468,0.04023513,0.0,-0.00047151846,0.009283883,-0.0009818006,-0.0030630128,0.016372735,0.009688406,-0.0074185543,0.0056136735,-0.02763949
2018-06-04,0.020276656,-0.017406303,-0.00351428,-0.0017403483,0.03385326,0.0,-0.004757598,0.006442827,0.0017529124,-0.015334953,0.009592107,0.007432141,0.01000187,-0.012224449,0.040021002,-0.0072773388,0.004175097,0.0069437637,-0.0006336248,0.0183639
2018-06-05,-0.0011634992,0.010939187,-0.035520434,-0.012304618,0.00921711,0.0063126897,0.0035383268,-0.0065902206,0.009820718,-0.004894615,0.0022567743,0.008671728,0.010863376,-0.0034725207,0.009636496,-0.005720723,0.0,0.013776727,0.0040151887,0.0048524863
2018-06-06,-0.0066877548,0.012712279,0.043864727,0.015080115,0.0,-0.031903815,0.00023215747,0.0,0.0022548449,0.00810847,0.0061721364,-0.0005701832,0.00920924,0.010910029,-0.029249074,0.0038638068,0.0004637593,0.0033392026,0.008880138,0.011758754
2018-06-07,-0.0005230533,-0.0035534694,-0.03382644,0.04353041,0.0072691506,0.002810386,-6.0132097e-05,0.008342396,0.011115903,-0.0045919945,-0.005942019,0.0024299494,-0.00742498,-0.010911539,0.0022572752,-0.011650456,0.008428957,0.011059709,-0.002389108,-0.0035423683
2018-06-08,0.007233626,-0.0075730663,0.082324274,-0.008546598,-0.009315864,0.06394735,0.0010290217,0.01050934,0.0042773755,-0.014187434,-0.017585605,-0.0016904584,0.0031907207,0.0053830505,-0.010260311,0.0038327936,-0.007157414,-0.0036993797,0.0008772311,0.01420499
2018-06-11,-0.0035621866,0.025895037,-0.05265185,0.0042752544,0.021962916,0.014634956,0.018459719,0.008426059,0.007013858,0.0060461913,0.00037548717,0.008958016,-0.0017565397,-0.0032041224,0.0,0.0020154838,0.0019011496,0.0018546265,0.008113664,-0.0106735565
2018-06-12,0.004298468,-0.0032130873,0.0015165063,0.019449322,0.0010524777,0.013571597,-0.0073746108,0.0,-0.0023234643,-0.0023204365,0.016214596,0.0063982066,0.004274725,0.013001687,-0.008136462,0.0024606967,0.0021633105,0.00015066567,0.0005135238,0.012664743
2018-06-13,0.0004797323,0.0,0.0008681503,0.013603467,-0.014549453,0.010586668,0.008159081,-0.005940781,-0.0032565258,0.025146393,0.0061100204,0.008019115,0.0023066911,0.0078310175,0.0003217865,0.0064881565,-0.009224073,0.0017887071,0.00978776,0.011200553
2018-06-14,0.020128107,-0.006111976,0.0041798498,0.009158673,-0.015643062,-0.005465517,0.0023347961,0.0010440891,0.0,-0.004039232,-0.00035887823,0.004053051,-0.0053530666,-0.0014388084,0.0,0.0075583695,0.0048122085,-0.022913052,0.0038063573,0.0042744116
2018-06-15,0.0024065601,0.0050984025,0.024653962,0.009222363,0.003124439,-0.01949691,-0.0058941822,0.009311432,0.006334908,-0.0008897964,0.00743661,0.0016069028,0.008883131,0.003363132,0.0076230876,0.004308292,0.0057734386,0.010540857,0.0078070085,0.01169779
2018-06-18,0.006550189,0.0061294734,0.006089303,0.0060783606,0.0004890567,0.0048810174,0.0,-0.00943947,0.006657809,-0.0025508166,0.014202417,-0.0026357246,0.011751321,-0.008764574,0.014746907,0.00893234,0.005994806,0.0061171777,-0.0032004614,0.009036401
2018-06-19,0.0054499013,-0.016450252,0.021911465,-0.0040528355,0.0036236176,0.016291913,-0.0010589169,0.009997266,0.011249386,-0.0062622726,0.0036401206,0.013953159,0.006384613,0.014794265,-0.026547575,0.0036052596,0.009455043,0.008123473,0.014866136,0.00070114486
2018-06-20,0.006239197,-0.0028478412,-0.004160035,0.009371138,0.006743461,0.010932923,-0.008706954,0.0064833118,-0.00384753,-0.018927453,0.005033497,0.0059858016,0.001914701,-0.0045648953,-0.00090625574,0.003263736,0.0014968922,-0.0039680596,-0.00784571,-0.039401818
2018-06-21,-0.0061305934,0.0039595035,0.023523966,0.004731934,-0.020641524,0.0039093485,0.014778376,0.0,0.006858056,-0.056594163,-0.0015552031,0.002254831,0.0044363667,0.012148351,0.02198216,0.009413925,-0.0031304467,0.004652999,-0.0006570211,-0.019441292
2018-06-22,0.0029394508,0.032471497,-0.0013308233,0.0015578533,-0.004150312,-0.0026284824,0.0075998087,0.005393208,-0.007827422,0.0072948616,0.010104746,0.008800599,0.003399345,0.0106544,-0.008997927,0.01097007,-0.023879077,0.0,-0.00020089185,0.01264239
2018-06-25,0.019608403,-0.02268814,0.015971158,-0.011662905,0.025131615,-0.022126677,0.008836448,-0.013971867,0.003866201,0.023238378,0.0013611383,0.001142224,-0.009207509,0.011341634,-0.0022793354,0.008118753,0.008775513,-0.016211446,0.0027514617,0.0092671225
2018-06-26,0.0031197316,0.05572121,0.007009768,0.024904996,0.008675692,0.012383132,-0.008933473,-0.0021396063,0.0,0.0034022413,0.010909525,0.002488654,-0.0074317353,-0.0013450789,-0.005253367,-0.000114680566,0.014530205,-0.0033797843,-0.007840827,0.0
2018-06-27,-0.0066991965,0.007733631,0.0072424673,0.00948649,-0.019321486,0.010755877,0.011129119,-0.007398993,0.013192524,0.012267589,-0.010466917,0.0061755897,0.0020528995,0.000786584,-0.006477467,0.0016698272,0.0018626567,-0.0019811222,0.02773748,0.03315742
2018-06-28,-0.051983558,-0.006129725,0.005115349,0.0,0.019285688,0.0,-0.0057769055,-0.0035743918,0.009209067,-0.012717519,-0.00017905801,-0.0008383943,0.00980938,0.008491099,-0.016921587,-0.0016134474,0.0032600577,0.010404083,-0.0027357223,0.010570211
2018-06-29,-0.00011885571,0.02408749,0.002438803,0.011764454,-0.008862233,0.012618707,-0.00818337,-0.015477665,0.0061832992,0.020355001,0.0038610536,0.0058727367,0.0033863187,-0.0018478457,-0.0050104843,0.0075697186,0.007011216,0.0059783245,0.00067432405,0.023367958
2018-07-02,0.017397981,0.014757262,-0.01934621,0.011565478,-0.0007729291,0.051949088,0.01111292,0.0,0.0007779552,0.015170493,0.0,-0.022439018,-0.0014199411,-0.009774086,0.010847298,0.005094429,0.0041931425,0.013732078,0.010298125,-0.020225788
2018-07-03,0.012388227,-0.0072733224,-0.017931383,0.010111056,0.012139619,-0.00073823147,0.008883732,0.0036625727,0.004421362,-0.00016776517,0.0020377773,-0.00073807064,0.0050152605,-0.0114277,0.007863161,0.0025223412,0.005633912,0.0016741517,-0.002149056,-0.042070404
2018-07-04,-0.010763174,0.008791859,-0.109802455,-0.008686427,-0.031360846,-0.00012196189,-0.009124995,-0.013013947,-0.015619894,0.039624173,-0.010781193,0.0044896337,-0.001162294,0.018229842,0.024086026,0.006052578,0.0074502174,0.0038174,0.0018618944,0.005158919
2018-07-05,-0.0061461325,0.011785934,0.0016567445,0.007884101,0.005200579,-0.050176095,0.0003564995,0.011935062,0.010135417,0.01978576,0.0,0.0068542324,-0.0019215137,0.0,0.0017936832,0.00020530456,0.00336165,0.005050717,0.0025295683,-0.0018404798
2018-07-06,0.012016455,-0.004703531,-0.02575107,0.015553274,0.029900212,0.016382875,-0.002849855,-0.00036802987,-0.0057102917,-0.012439077,0.0104487045,0.0030987521,0.0031531854,0.004918938,-0.022832803,0.008628551,0.0011296025,0.0,0.0076134256,0.0050053396
2018-07-09,-0.008691945,0.0,-0.0012632023,-0.017471485,-0.018869555,-0.00025479644,-0.003150307,0.00035619532,-0.0053874636,-0.01153102,-0.015666239,0.005427803,-0.0052894684,0.008878769,0.022034002,0.007919836,-0.009289157,-0.0034902948,-0.00070276816,0.019305354
2018-07-10,0.019221956,-0.0033796164,-0.034850698,-0.07718053,0.0025050638,0.013357404,0.020532668,-0.000616359,0.0034858058,-0.11942735,-0.00035061754,0.004532305,-0.006163615,-0.002714612,-0.00355313,0.003381833,-0.003523866,-0.00028749567,0.005644409,0.00057497405
2018-07-11,0.0017717821,0.008926858,-0.011620736,-0.017572291,0.01899212,-0.04129234,-0.010503258,0.008841476,0.004952299,0.00253009,0.0068764826,0.0020553824,0.0056295986,0.0060918964,-0.0071510966,-0.0014080602,0.013567251,0.006542074,0.009918667,0.00631017
2018-07-12,-0.03822257,0.009487972,0.022100313,0.006141778,0.044317584,0.012233141,-0.02680494,0.011812373,0.009052536,-0.01631106,0.009414468,-0.017652454,-0.0036569815,0.015339445,0.017268522,0.005914916,-0.017832179,0.013845196,0.0048551518,0.004049357
2018-07-13,-0.01565619,-0.016500669,0.014574626,-0.022325933,0.007498519,0.005274607,0.003347272,-0.0029585178,-0.0020059114,0.041953333,0.010813437,-0.0022733284,0.0024750668,-0.011915947,0.010560322,-0.007929832,0.00837847,-0.0042923093,0.006751379,-0.0014255695
2018-07-16,-0.016492374,0.003884851,-0.07137932,0.012261265,0.0037624,-0.007006866,0.0022064294,0.0018780684,0.019745097,0.030700983,0.011389888,-0.017741436,0.017210275,0.017036043,-0.007836884,0.00041767783,-0.011927071,-0.011790787,0.0035672493,0.025652926
2018-07-17,0.010585082,0.010101294,0.013171661,0.005248354,-0.009959504,-0.012644344,0.00057629956,-0.0010323937,0.00049835315,-0.0042368495,-0.020896997,0.014056099,0.00093346304,0.0035638672,0.016627753,0.006895569,0.010469411,0.0038551826,0.0065943855,0.013418179
2018-07-18,0.007274841,0.0031259314,0.009108355,-0.015374482,0.020475946,0.009362588,0.02314864,0.006501573,0.0076274755,0.03984862,0.008666017,0.0038709887,0.0006076577,0.010906888,-0.0058133174,0.005126825,0.009221411,0.009481456,-0.001813987,-0.006478023
2018-07-19,0.0,0.0023380737,0.0075670443,0.037743367,0.015227819,-0.018462446,0.0022676557,0.008244644,0.009191702,0.013192742,0.0023066935,-0.002085612,0.004792667,-0.0023651805,0.0043330644,0.009319119,-0.0032077832,0.008474569,0.0,0.010230769
2018-07-20,0.010908755,-0.021324227,0.0,-0.0040309774,0.007960166,0.0152064515,0.0017147566,-0.002377175,-0.0032565491,-0.000106189415,-0.0013897863,0.008049964,0.012193277,-0.038097385,0.01940279,0.015175993,0.0033996329,0.00020726392,0.0037245674,-0.0070008044
2018-07-23,0.0043644942,0.016191062,0.023297736,0.005371843,0.007114763,0.022027832,0.03565976,0.008637435,0.009513269,0.008444471,-0.00022525534,0.0038115492,0.008921685,0.01455569,-0.007883902,0.01085434,-0.0014867887,-0.0025194224,0.00945,0.015522968
2018-07-24,0.010791737,0.0014827803,-0.01159132,0.014194452,0.012866389,0.01169742,0.012472351,0.008451246,-0.00097372336,0.048081666,0.009975483,-0.0074588996,-0.0026844335,0.01776341,0.0138203725,0.009285834,0.0032075103,0.004378598,0.0005949007,0.010076011
2018-07-25,0.011911223,0.03012802,0.0048701414,-0.0051163207,0.010363356,0.006741899,-0.0027370604,-0.0025522062,0.0030204016,-0.007849893,0.0024306658,0.002400788,-0.008660068,-0.0017577698,0.0058675795,0.008979111,-0.015274167,0.004607869,1.0938563e-05,0.0027420875
2018-07-26,0.010017647,-0.0042371303,-0.003924756,0.00063031295,-0.006957958,-0.055282097,-0.006213186,0.0029754415,0.0060344352,-0.0019965412,-0.0034223823,-0.0007245971,0.0023151725,0.0071957153,0.010492864,0.0,0.006768923,0.0,0.00830214,0.016269617
2018-07-27,-0.0019700034,0.0049019996,0.0,0.0086063305,-0.099728554,0.024044542,-0.007947877,-0.00027551156,0.0038891765,0.0059388173,0.011001639,0.0091848215,0.010043054,0.012601434,0.0015297654,-0.0004461277,0.00886423,0.0031261104,0.0053824713,0.0020570478
2018-07-30,-0.0047555356,-0.009460557,0.023307083,0.0071157794,0.0383061,-0.0052179345,0.00088334986,0.0073693446,-0.010336076,0.0038639691,0.0062904498,-0.0026950813,0.008368888,0.012834382,0.011021496,-0.016903194,-0.005473765,0.010279193,-0.0014941917,-0.007043151
2018-07-31,0.010604048,0.0062824027,-0.011944701,0.0027632634,0.025324045,-0.004052936,0.026012966,0.008010118,0.009467453,0.001282837,-0.00063257705,0.010306902,-0.00539707,0.0010605981,-0.007594499,-0.016047105,0.0007387896,0.0,0.002211748,0.024528626
2018-08-01,0.0038437925,0.017056478,0.032634743,0.014752401,-0.06594131,0.01633193,-0.0055297175,0.00056231406,0.0022465016,0.00019622104,0.014862794,-0.0020416593,0.0139584,0.006942271,0.008723258,-0.0058369143,0.002296103,-0.0040391986,-0.0051549743,-0.029718103
2018-08-02,0.00043568306,-0.0055288137,0.00903542,-1.998323e-06,-0.0019364933,0.013675166,-0.0023305723,-0.0044239475,-0.006688814,0.007436577,0.008292158,0.015080546,-0.0015727651,0.004099797,0.00064174307,0.0153325675,0.004574659,0.012822355,-0.02261766,-0.0019328148
2018-08-03,0.0024102272,0.02136112,-0.00013562854,0.003376503,-0.0048574544,0.008513556,-0.01961977,0.006924541,0.00517322,-0.015407406,-0.0056240624,0.016269997,-0.013321942,0.0019399278,-0.0035308336,0.00097564433,0.009121571,0.002731276,0.0011822365,-0.0005669975
2018-08-06,0.0030558151,0.022034204,-0.002011447,0.00097334216,0.020914093,-0.003373541,0.007090329,0.0063864077,0.0069749006,0.0034519006,0.0053843614,0.005798394,0.004503779,0.003420489,0.0060165375,-0.002098563,-0.006943593,0.01336383,0.0075621647,-0.014536055
2018-08-07,0.0033885618,-0.0020298734,0.03272167,0.008827603,0.08431902,0.00034709577,0.0025476613,-0.0053302175,-0.00093058456,0.0143129295,0.005289044,0.0069156666,0.004982551,-0.002454956,0.0040321993,5.616842e-05,0.005227833,0.0066156606,0.001963955,0.039834116
2018-08-08,0.0154013345,0.0074481224,0.0039119665,0.008986518,-0.0053704954,-0.003966583,0.01475776,0.004650078,0.00061886053,0.025004497,0.017731959,-0.010097524,-0.0033943213,-0.0027572569,0.005390179,-0.0032455116,-0.001105017,0.009015441,0.004493315,0.013601726
2018-08-09,-0.0019952103,-0.0041869953,0.0055754487,0.004036866,0.009191165,0.0040177153,-0.0054087252,0.0022473023,0.005498962,0.0019150785,-0.009099193,-0.004457916,-0.00919853,-0.0015562165,-0.0029701774,-0.0018532921,-0.0019290268,0.0043708836,0.0044611283,-0.016708048
2018-08-10,-0.00080699334,-0.004626366,0.024018472,0.009874404,0.002444456,-0.002581146,0.029946772,0.002309908,0.0044600223,-0.020282982,-0.0068128393,0.0012496598,-0.0011630626,0.0,0.005235956,-0.0074669505,0.0069161276,-0.0053711897,0.0020087732,0.0024294185
2018-08-13,0.007267393,-0.026897985,0.0059115514,0.0077154534,-2.3873597e-05,-0.003245015,0.006179504,0.011300526,-0.00043198955,-0.0033927087,-0.0038799897,0.0017111716,0.0,0.011258259,0.0,0.005999309,0.0,-0.00061068614,-0.0015857886,-0.008366587
2018-08-14,-0.00043137476,0.006733379,0.0011023886,-0.0018218127,-0.007502198,-0.0032155488,0.008861466,-0.003521451,0.008768883,0.008892818,0.004565461,0.0,0.0056085633,-0.0067472584,0.0012181303,0.0040485347,-0.0024379157,-0.0022789987,0.008742615,0.0074098296
2018-08-15,-0.0076174,-0.0073953033,0.0008583762,0.0050666463,0.04796916,-0.0015529948,-0.013616598,-0.0021229587,0.009173178,0.022222603,0.0,-0.0019153743,-0.0011070761,0.004401678,0.011067651,0.016804129,0.007619912,-0.0011705927,0.005272336,0.0172263
2018-08-16,-0.011915298,0.010328258,0.0108592175,0.0006820006,0.0145641025,0.008466936,0.0068868147,0.0069482885,-0.010495869,-0.0046349997,0.01060841,0.0039025263,0.0029368738,0.0067424695,0.0048269797,0.005503191,0.0,0.0,0.0095263645,0.009838191
2018-08-17,0.0,0.00990236,0.010047191,0.0,-0.008893584,0.013151667,0.008989267,0.00055332104,0.0035670705,-0.0048732962,0.0027672097,-0.019083383,0.002154623,0.0014389687,0.004844029,-0.0015431652,0.00040768646,0.006158893,-0.0045858375,0.013966658
2018-08-20,0.0012602655,-0.0052713067,0.0031092328,0.0047966703,0.026081536,0.0,-0.007909918,-0.01069187,0.006607998,0.0,0.0023886228,0.0005963258,0.010273191,0.012642971,0.0068062046,-0.0029739311,0.015826652,0.0076885475,0.0077671655,-0.0025150522
2018-08-21,0.011598837,0.0053321384,0.028896233,0.00071597606,0.0026797494,0.00891558,0.0028338477,0.005856867,0.0018477931,0.015539401,0.010388953,0.002686481,0.0035549533,0.0012814922,0.0069264164,-0.0059856293,0.010117647,0.005314082,0.0008845037,-0.041911624
2018-08-22,0.0053073247,-0.05831465,0.0013401151,0.00537389,0.0004601965,0.006288646,0.0037675514,0.007718187,0.013182174,0.0048312456,-0.0001367416,0.00040812726,0.0039950376,0.004605983,0.00040218912,0.009187986,-0.0047139376,0.005302991,0.008115244,-0.0018054744
2018-08-23,-0.0058146734,0.022507453,0.00019455567,0.002109154,0.08773573,-0.0019194694,-0.0014974771,0.003699472,-0.0066125235,-0.025618354,0.0040955143,0.010935285,0.0,0.00612187,0.008053398,-0.008046746,-0.020205794,0.007862169,-0.0016863361,0.015813407
2018-08-24,0.023431413,0.0,-0.007142487,0.013748504,-0.0010243228,0.0073029944,0.013428185,-0.007907221,0.008515315,0.0,0.0106348125,0.0005480319,0.0030579802,0.010581747,-0.0007308612,0.016236547,0.013097556,0.029961178,0.00577102,0.008670648
2018-08-27,0.008054769,-0.0044565136,-0.007362495,0.078315996,-0.005842314,-0.0056957817,0.011993951,-0.0033945306,0.019945884,-0.009268561,0.010611697,0.00834401,0.0021470916,0.030479494,-0.04913016,0.009051589,0.006363567,-0.040788032,0.0033922775,0.008843846
2018-08-28,-0.0031570029,0.0045315353,0.010447677,-0.0017100313,0.02128676,0.03632528,0.12645496,0.0,0.0032594628,0.05057182,0.0034224824,0.017083693,0.0044633145,0.0028413064,0.022600299,0.005774963,0.008440998,0.008153386,0.006351731,0.006733231
2018-08-29,-0.020570083,0.035328083,0.004717,-0.003298536,0.007606506,0.007432686,-0.019353548,0.007695408,0.0037501897,-0.017801106,0.0,-0.0023016252,-0.02439583,0.012264175,0.011407222,0.0038078832,0.0,0.014571523,-0.016013898,0.0022281301
2018-08-30,-0.004241016,0.003718628,0.0047812094,-0.028101718,-0.009845565,0.003972617,0.0,-0.0039865966,0.00046669907,0.12898211,0.0,-0.0030445969,0.0034060902,0.012445206,0.0031058285,0.0017667677,0.013265345,0.005221482,0.024760142,0.021212235
2018-08-31,-0.008620964,-0.0029976615,0.00299852,0.014705727,-0.003320123,0.0043658745,0.0033589106,0.001702496,-0.002173342,0.04605691,0.0022481163,0.022032188,0.011713889,-0.0066331243,-0.0017190876,0.01003827,-0.017680153,0.0,-0.001011368,-0.007730983
2018-09-03,0.0024541824,0.010703945,-0.004655836,-0.011068469,0.020438747,0.013144206,0.01478258,0.0016678988,0.0039902017,-0.0046180836,0.0061011855,-0.019690137,0.008499462,-0.0007494898,-0.00062975293,0.00043674433,-0.036393784,0.009905781,0.0009608389,-0.007919241
2018-09-04,-0.04688856,-0.00017881524,0.007794353,-0.007945536,0.00095100945,0.017939027,-0.007294448,0.008796023,-0.00846877,0.025174735,0.013096707,0.00095625257,-0.023687078,0.03179644,0.011476049,0.008972427,0.01997329,0.0009901933,0.0,-0.0055997996
2018-09-05,0.051755738,0.013396703,-0.010962863,0.0027620918,-0.008595963,-0.01883704,-0.021342369,-0.00475956,0.0043742373,0.008626404,0.00830067,-0.0020211365,0.0014312378,-0.0010306579,0.0019411938,-0.001987541,-0.0046058036,0.012304843,-0.02186592,0.01822244
2018-09-06,0.0033389195,0.0075217583,0.0073301746,0.011268948,0.0086582,-0.010080538,0.005146998,0.024844276,-0.010314525,0.038375296,0.004647489,-0.0056666597,0.007790625,0.007969629,0.0053956793,0.0002600069,0.0,-0.015877755,0.0005000102,0.0
2018-09-07,0.0065432736,0.00092980906,-0.009539299,0.008466055,-0.008948498,0.006298507,-0.008008113,-0.019787952,-0.0044586053,0.0,0.004085203,0.009049155,-0.0049863765,-0.014177547,0.009419837,0.0019861888,0.0024508862,-0.0019053752,-0.0053305808,0.0022513971
2018-09-10,0.0073123523,0.0,-0.1112445,0.004360096,-0.0005112118,-0.017347805,0.0075027323,0.01263549,0.005543976,-0.0270654,-0.012758156,0.006754316,0.017328331,-0.010726553,5.0246814e-05,0.020508643,0.011954309,-0.019165205,0.0,-0.0019360278
2018-09-11,-0.004877757,-0.008428852,0.0064407433,0.00228368,-0.007718668,0.0,0.014154127,0.003291887,-0.013350604,0.01515799,-0.010553958,0.008558312,0.007844943,0.012489845,0.00820397,0.0039861584,0.005278254,0.0043683993,-0.00092175946,-0.0019325209
2018-09-12,0.00872637,-0.00083708524,0.0019123701,-0.0012045705,-0.009955974,-0.0012809143,-0.030242875,0.009695404,0.048256133,0.018568939,-0.0006694009,-0.005596141,0.034947865,0.010062417,-0.0018361642,0.010008349,0.009185911,-0.008619965,-0.013177829,-0.0068725357
2018-09-13,0.016787188,0.0030610682,0.005218664,-0.0028130147,0.011955079,0.015051328,-0.0017285552,0.0061147497,-0.00016999657,0.01611287,0.002847845,0.009001171,-0.0032317056,-0.016075298,-0.013045679,0.0059960284,0.0,0.014784697,0.019598944,-0.005849928
2018-09-14,-0.06838126,-0.014448732,0.01618199,0.019891977,0.011374895,0.006867958,0.020260103,0.0076129865,0.007248731,0.0012049705,0.005569683,0.0026636438,6.680498e-06,0.028071286,0.016747758,0.014751368,0.0,-0.012564072,0.007355543,-0.002923275
2018-09-17,0.0148219075,0.010477824,0.008535189,-0.0061947587,0.002081484,0.005164665,0.014530917,-0.019850519,0.0045385263,-0.013548173,-0.0016533054,-0.0019573497,-0.009074869,0.0060871504,0.004879204,0.013060548,-0.0039243773,0.03283686,0.0042183367,0.009233688
2018-09-18,0.006826323,-0.00733423,0.004651603,0.0043800552,0.008721111,-0.005788412,-0.0017109512,0.007782114,-0.004528016,0.0014971631,0.00666377,0.009786549,-0.0024358847,0.003547669,-0.003938509,-0.0010351777,-0.012193889,-0.01585974,0.0022531035,-0.010523668
2018-09-19,0.0015946212,0.010418836,0.0065082395,0.02693221,0.010844274,0.0897394,0.0707798,-0.0061823553,0.00070660014,0.019976938,-0.0027985866,0.007288388,-0.0013434023,0.0005264597,0.0005518206,0.0060734698,0.025049359,0.018305354,0.006247971,0.013796453
2018-09-20,0.017322922,0.006853816,0.0,0.0,-0.0061594644,0.0022583096,0.003695092,0.010914592,0.0027687834,0.0021429476,0.004441239,0.0052730255,0.010390306,9.315247e-05,0.024989927,-0.004308781,-0.0065127052,-0.008072429,0.019687185,0.005070659
2018-09-21,0.0099217845,-0.0011071869,-0.0084984545,0.0054421895,0.0013848102,0.0030625872,-0.0015126842,-0.022912255,-0.004490075,-0.0036874728,0.007250622,0.011049216,0.00928607,0.0024535987,0.0,-0.005755933,0.004047023,-0.00032613432,-0.010571703,0.0
2018-09-24,-0.0021437812,0.00215341,0.00022215342,0.0,0.00057757134,0.0038360066,0.008798162,-0.010629809,0.008463434,-0.011947353,-0.008027314,0.002600456,0.006918274,0.0089695025,0.0070188222,0.003397852,0.010865185,0.0,0.005556219,-0.010909885
2018-09-25,-0.0019436203,0.013540284,0.007551959,0.014253583,0.019267995,0.013104822,0.011603091,0.015058103,0.0025718075,-0.0010490079,0.0056684483,0.007218002,0.0065732026,-0.027663512,-0.0013104306,-0.0051364796,0.0078230165,0.008957665,0.010980882,0.0020837148
2018-09-26,-0.008034846,0.010810928,0.00921427,0.0047226558,0.011752073,0.007388764,0.00088287884,0.027969744,0.003511643,0.0,0.0065735215,-0.0010125786,0.012232397,0.010495415,-0.0009653522,-0.03261431,0.0031726754,0.0067725605,0.0,0.008876971
2018-09-27,0.0,0.0013881342,0.0049021035,0.005644571,0.0019594978,0.0037376622,0.0047994815,0.014489756,-0.0009146336,0.018796032,0.008979288,-0.0064897593,0.03269836,0.009728105,-0.006843608,-0.010532779,0.007446475,0.012010574,-0.008070002,0.0005167933
2018-09-28,-0.0019437566,0.009291254,-0.003365332,0.019708877,0.0062604533,0.007169701,0.018885162,0.008861348,-0.011952957,0.0056504817,-0.0059880298,0.0,-0.021326682,-0.0018697132,0.0020070772,0.009171447,0.005074674,0.022873012,0.007453935,-0.037412304
2018-10-01,0.010629174,0.008635353,0.009018559,0.0052707116,-0.0019263437,0.00963085,-0.05658296,0.0012739982,0.0017361856,0.0087360805,0.006551471,0.0045586955,-0.005563333,0.009108345,0.00196013,-0.0023629083,0.04021842,-0.0062286537,0.0080445185,0.012677255
2018-10-02,0.0050039394,-0.0013755941,0.0,0.0,0.017532414,0.007449604,0.0014755469,0.0,0.0014955786,-0.0014390444,0.005386606,0.0037032699,-0.0116883125,-0.004293128,-0.017574985,0.0062435926,-0.025296548,0.008913837,0.0038639803,-0.00022579363
2018-10-03,0.0033647618,0.0,-0.005489277,-0.01600138,-0.0026616403,-0.0040472485,-0.0076999348,0.010614826,0.0056244894,0.008840903,0.0023002424,0.0009784682,-0.0037158488,-0.05084441,0.0008430706,0.00015486503,-0.0011734662,0.009172742,0.005751225,0.0016195324
2018-10-04,0.012490298,0.0,0.003924476,0.0034098425,0.0005638709,0.031063128,0.03674647,-0.00871579,-0.006372658,-0.009415085,0.0,0.013524299,0.0067142085,0.0014267972,0.005173205,0.007383685,0.0035186508,0.0003358271,-0.0065280674,0.012839202
2018-10-05,0.013178092,0.0084905075,-0.0075622695,0.0022301143,0.01572625,0.0014395872,0.025285162,0.00016708403,0.010921922,-0.011029731,0.0027695105,0.0048352955,0.005269531,0.012699634,-0.0001702983,-0.009766953,0.006774256,0.0034204714,0.0016985447,0.0
2018-10-08,0.0097166905,0.0009869644,0.0053405412,0.009159217,0.010044875,-0.011819968,-0.016705915,0.0022492574,0.010448685,0.0029404736,-0.008044357,0.008934762,-0.0014461748,-0.10346746,-0.009287515,0.007676252,-0.001493198,-0.004583232,0.0145332,0.013243884
2018-10-09,0.0050875247,0.0072067166,0.019718194,0.0022807969,-0.0019007765,0.008816601,-0.0066224243,0.0047938405,-0.009431882,0.01013139,0.0040481486,-0.0031877202,0.015214053,0.03796308,0.024538228,0.009156062,0.009950849,0.008568611,-0.016854813,0.004033621
2018-10-10,0.009889444,-0.005060223,0.0018833,0.025365675,0.004255095,0.01334945,-0.006357649,0.007956056,0.009772148,-0.0074011283,0.0,0.008560077,-0.0057714214,-0.005119177,5.1916857e-05,0.0032194576,0.027188888,0.0,0.07520364,-0.011624877
2018-10-11,-0.0061221956,0.026203338,0.0062307515,0.0104047675,0.0034918932,0.006076382,0.0,0.0007974396,0.0053069396,-0.03741412,0.011553253,0.0008791325,-0.010320746,0.0073209465,0.00035552663,0.00993284,-0.004285,-0.012594526,0.0044858376,0.0077079455
2018-10-12,-0.0058418806,-0.021007614,0.002436049,-0.0016008131,0.009756179,0.007983815,0.027204812,-0.0021222096,-0.0011328632,0.0018209975,0.0,-0.020736674,0.009639187,0.006920574,0.00040911356,-0.016301712,0.005355719,-0.0037697495,-0.00039325998,0.031395573
2018-10-15,0.00814933,0.0048775105,0.010248672,-0.0127303405,-0.0002892409,0.0,-0.016987983,-0.0022027548,-0.00081282156,-0.024914317,0.008848985,0.0037264777,0.0,-0.00844436,0.013444837,-0.00015849071,0.0,0.0069265394,0.0026754262,0.006401841
2018-10-16,0.01689435,-0.014054125,0.0025420594,-0.0071332366,0.008494254,-0.0034267227,0.009548405,-0.008685756,-0.0036579352,-0.00042303422,0.013677917,0.002821841,0.009096297,0.055559956,-0.02743481,0.0060495078,-0.0045575267,3.2586815e-06,-0.0012843173,0.005100692
2018-10-17,-0.003814247,-0.0097347675,-0.0013592546,0.025505893,0.0045295446,0.0022473487,0.010027244,0.0,-0.0033822022,0.045515623,0.0029155451,-0.00075145916,-0.012701528,0.0070816544,0.004009816,-0.00012633149,0.0028082759,0.0,-0.005502686,0.0
2018-10-18,0.000481442,-0.016587874,0.00962224,-0.017540408,-0.003959763,0.009986668,0.04463956,-0.013282732,0.0048524593,-0.08019191,0.005362214,0.0,0.013064466,-0.013880424,0.014672822,-0.0032800082,0.009314211,0.009435667,0.0054079993,0.01585725
2018-10-19,0.015881004,0.0014476179,-0.013328678,0.03043861,0.0027762593,0.0018798477,-0.010360881,0.0024073855,-0.013197755,0.16702543,-0.009469209,-0.008691396,-0.004893161,0.003753558,0.013824942,0.0077034,-0.0030814111,0.009191032,-0.00050685904,-0.0045884685
2018-10-22,0.010104167,0.008397985,0.0009772809,-0.014082024,-0.027136039,0.0,0.007505583,0.008026641,0.0043656277,0.0,0.0,0.002279533,0.018902665,0.015762262,-0.003983085,0.004042338,0.010506646,-0.007353027,0.005707456,0.0040453593
2018-10-23,-0.009802199,-0.01464018,-0.0015937276,0.017234236,0.00037365156,0.0076957787,0.0056340345,-0.010693967,0.0,-0.00095493114,0.006149809,-0.006078859,0.0005572938,-0.13163483,-0.0014920501,0.0091018975,0.015867626,0.01513597,-0.0025010272,0.0021654693
2018-10-24,0.006437373,0.0055638147,-0.010279869,-0.010527843,0.0070082783,-0.011243742,-0.00063707284,0.003461298,-0.0018521192,0.0109231165,0.005627806,0.012456127,0.0,0.009614974,0.004218981,0.01499801,-0.0022010533,0.00092740665,0.0,-0.0010747309
2018-10-25,0.003389961,0.008251858,0.0013985041,0.0030574396,0.0029081213,-0.0037398897,0.011948855,-0.0024701715,0.0154977,-0.010637519,-0.0013845185,0.0055305106,0.00044580802,0.006875537,0.014806365,0.0018210473,0.017109789,0.008464128,-0.0018893172,0.010315807
2018-10-26,0.00048701363,0.019367063,0.00083416514,0.0027169238,-0.020848047,0.0064199176,-0.0066216826,-0.00057878037,0.001879237,-0.017186956,0.0074969884,0.00092880084,-0.0043035895,0.0048320717,0.00543393,0.013100498,0.007980674,0.00469937,0.0024777553,-0.021193627
2018-10-29,-0.0014348915,0.005847179,0.022643397,-0.039380055,-0.001047342,0.0,-0.058839384,-0.005702358,0.011550902,0.08560652,0.004181901,0.0036480294,0.016312752,0.009002347,-0.0121756485,-0.0007306282,-0.0014757441,-0.00040991994,-0.00043314946,0.028108919
2018-10-30,0.005449455,0.0151223,-0.011864928,0.0029469328,0.026288413,0.0036999118,0.0003000389,0.0020038392,0.0056081004,-0.001188756,0.0052584247,0.0010849901,0.009044011,-0.0009681018,0.007772559,-3.7615973e-05,0.019267078,0.0057711797,0.0022495468,-0.0056823045
2018-10-31,-0.0025358226,-0.011667867,0.0011617016,0.011556862,-0.010477713,0.0,0.0044547506,0.004961327,0.0008555871,0.012717624,-0.0055840844,-0.003178887,0.0048496076,-0.21249239,-0.005910333,-0.00866208,0.0006377154,0.009427249,-0.00096964266,0.0069799875
2018-11-01,-0.0018071522,0.00017801035,-0.0049105743,0.009408846,-0.018697789,0.0012823603,-0.008416908,0.008605896,-0.002430368,0.020035636,0.0076572653,0.0073276,0.011577893,0.0853632,0.006068007,0.00013355327,0.00035036902,0.00551242,-0.016698057,0.002503774
2018-11-02,-0.01343087,0.002267557,-0.02210967,0.031509437,0.0040521743,0.030616874,-0.021489637,-0.0006554477,-0.0106753865,-0.0042365193,0.00464061,0.0024530538,0.0039298944,-0.0023149406,0.061734263,-0.0055274274,-0.012776744,0.011843011,-0.037369117,-0.0013754469
2018-11-05,0.013552879,0.0129217515,0.024451576,0.005587203,0.010786858,-0.008895858,0.0051355963,-0.005990538,0.0,0.002598385,0.00057792163,0.0011493985,-0.004763885,-0.003496167,-0.0077134864,0.012431659,-0.0023983219,0.014538399,-0.00087722036,-0.027417673
2018-11-06,0.0020004418,-0.022745576,0.027906632,-0.00018404442,0.013770457,-0.00464519,0.005976581,0.0126696965,-0.009699174,0.008504041,-0.0026885127,-0.008633057,0.0053870315,0.036602534,-0.01792749,0.005600875,0.0004921905,0.0009936966,0.009900226,4.8402667e-06
2018-11-07,0.0008923501,0.013088397,0.0065911897,0.0002778087,0.0046331557,0.013480395,-0.009870518,0.0051961937,0.009034356,-0.009779593,0.0053933864,0.010200249,0.008819718,0.0076429932,4.4305827e-05,-0.006571078,-0.001894013,-0.0039523137,0.011443155,0.01712569
2018-11-08,-0.0053635626,0.00311058,0.0014592761,-0.008626133,0.03816408,0.0,0.010580664,-0.0007289524,0.0027785785,-0.03292082,0.00072372216,-0.010972699,0.0,0.008088311,0.0041943896,-0.0023841888,-0.01755476,0.011271319,0.0041765417,0.019964125
2018-11-09,-0.004713524,0.0055808574,0.0047691674,0.007713113,0.003992983,0.007891237,-0.10690303,-0.0009872856,0.008680872,0.019918751,0.007446197,-0.0013737954,0.0020059652,0.0040342114,0.013939526,-0.0019856705,0.0074575334,0.001287401,0.017304076,0.004087004
2018-11-12,0.009360751,-0.0023678204,0.0,0.0014954051,0.0055061216,-0.004052469,0.030841796,0.020711515,-0.010873837,-0.012658556,0.00091126154,0.0031496866,0.00065024267,-0.0062809167,-0.0050584357,0.006335028,0.0069817626,0.004150869,0.01608452,0.00047617787
2018-11-13,0.0012393745,0.011090696,0.0062325248,0.0017735782,0.008117612,0.0043117814,0.016401937,0.01212464,-0.0006066352,-0.00014933494,0.006613272,-0.008120896,-8.34927e-05,-0.007614974,0.010121129,-0.001764545,0.00693278,0.013234971,0.005594918,-0.0008186272
2018-11-14,0.00435064,0.011979711,0.0201711,0.014966859,-0.006098969,-0.0035028239,0.00738089,-0.0096474355,0.007501991,0.010849419,0.0026731305,0.0339486,-0.0032165768,0.0040118224,-0.02044699,0.012288612,0.020596508,-0.0015580915,0.010914109,-0.005782769
2018-11-15,0.003562052,0.0015270449,0.0031382535,-0.001936371,0.0013892958,-0.0052438965,0.039252978,-0.003538625,0.012205559,0.018176373,0.010132043,0.006893671,0.00885018,0.0058896,0.023333142,0.008073838,0.0005802003,0.0029041017,-0.0016111899,0.0010493147
2018-11-16,0.009035191,-0.0046897093,-0.004248224,0.099371724,0.0044691684,0.011716783,0.0021775258,-0.017216489,0.00814608,0.008646906,-0.0006201376,0.010297282,0.004561111,0.001751725,0.014994165,0.0073569845,0.00954902,-0.0031904515,-0.002900669,0.008589835
2018-11-19,0.005926161,-0.005773154,0.0063679595,0.0040967353,-0.0002861375,-0.016377551,0.01040731,-0.027614428,0.007754786,-0.009946012,0.0047037276,0.0039238967,0.012112432,0.01274273,0.0,-0.0010002297,-0.0026084592,-0.0026470446,-0.002146074,0.009800999
2018-11-20,0.006137704,0.012792767,0.00053183996,0.0060279686,0.0028255417,0.0050763227,-0.005836074,-0.00783983,0.0011191252,-0.024656685,-0.0003381514,-0.0015345044,0.009840943,0.0,0.0061633564,0.005908634,-0.002604161,0.012429355,0.00041131047,0.011099606
2018-11-21,0.010923632,-0.015014406,0.016727652,-0.0042643636,0.0014627599,0.0086595155,0.055174947,0.034205906,-0.0038940937,0.012833544,0.0053997273,-0.012801815,-0.010127891,0.0010209325,-0.0074788122,0.001619967,-0.024603028,0.009891687,-0.00054371334,0.005464384
2018-11-22,0.00061087206,0.010059638,0.015628489,0.02245091,-0.0014269729,0.0,0.0043095993,0.056349404,0.00070872885,-0.012270968,-0.0048661805,0.0023568152,-0.006033155,0.0044170767,0.000188314,-0.0067694625,0.019983362,-0.0013034627,-0.0024013277,0.013024809
2018-11-23,-0.002025546,0.014313854,0.0035485576,-0.027969945,0.0048754653,-0.0023322958,0.0024382032,-0.049801424,0.00073213805,-0.008616689,-0.004853794,0.008051421,0.024122383,0.008242222,0.01085605,0.0,0.0064345356,0.0072703287,-0.0053912913,0.021764997
2018-11-26,-0.0007888947,-0.013165024,0.010522338,0.009805297,0.008343744,0.018667797,0.011923036,-0.03162272,0.004826373,-0.0020314334,0.01520656,0.010545892,0.012740854,-0.0013152229,-0.0049751466,0.012641706,0.008468489,-0.015454311,0.0005203335,0.0043834914
2018-11-27,0.0017331706,-0.0025720582,0.0037045185,0.0006980995,0.0009517232,0.008998616,-0.10766085,-0.004145031,0.008569133,0.015724422,-0.0041801706,-0.0051912367,-0.006234596,0.0057852273,0.003369253,0.0007611455,0.00041561964,0.002802816,0.020438595,0.0080528455
2018-11-28,0.002580721,6.485698e-05,0.0057612145,-0.03282801,-0.0156183615,0.00223803,0.0138369575,0.010631592,-0.00994255,-0.03210394,-0.0027834694,0.014639618,0.0055369297,-0.0002500862,0.0011775178,-0.011482235,0.010491168,0.008305041,0.0046288124,-0.005522432
2018-11-29,0.0023117731,0.014888085,0.0069248853,-0.022652017,0.0057212156,0.016338011,-0.099918015,0.001543178,0.007651224,0.008049611,-0.0010851469,-0.0014425173,-0.00680296,-0.0823152,0.0010818103,-0.010907707,-0.0015290154,-0.01000707,0.01358204,0.010186648
2018-11-30,0.007392268,0.009902876,0.005973517,0.0068630115,-0.004381441,0.006909607,0.008837349,0.07179337,0.009348118,0.15247717,-0.0042558475,0.017241048,-0.0026825722,-0.00069276616,0.0010978143,-0.0012485142,-0.0041326066,0.0026515499,-0.014628289,-0.0051719635
2018-12-03,0.006731263,-0.0021441684,-0.0018623131,-0.0054534706,0.016672263,0.0013459661,0.011136282,0.003691234,-0.0001987421,0.013923911,0.012615797,0.003236363,0.0027289425,-0.007030774,-0.0031478645,0.004674057,0.009094954,0.019619819,0.00934893,-0.028984688
2018-12-04,0.003047845,-0.0057492666,-0.007641457,0.011252531,0.0062450105,0.003058279,0.004566067,0.062400773,0.0040130448,0.004251662,0.008988181,0.0,0.00710985,0.011296569,-0.0023649966,-0.010730585,0.0072017265,0.0099166045,0.00366117,0.016584598
2018-12-05,-0.00028266417,0.011177393,0.0012670272,-0.0021046705,-0.00025208763,0.009904307,0.00563584,-0.0005089333,0.012825316,0.0082272915,0.014206211,0.008443766,0.005664123,0.013991074,1.8760198e-05,0.016089361,-0.024343792,-6.039836e-06,0.006843222,0.014746705
2018-12-06,0.0074149133,0.013817352,-0.007064671,0.0074323253,0.005282573,0.010927362,0.009451127,0.013717983,0.008196267,0.0015174677,-0.008886189,0.005363766,0.02629081,-0.00075501937,0.007780543,0.0012606715,-0.009730803,-0.0018446973,-0.0036806369,0.02106031
2018-12-07,0.000711714,-0.0030159648,0.0022296857,0.020024724,-0.00012018876,-0.017573992,-0.0027629253,0.009626652,-0.005531553,0.0,-0.008902227,-0.0012613685,0.00608335,0.004543676,-0.019061387,-0.003218038,0.013780739,0.010973123,0.00592768,-0.009372786
2018-12-10,-0.006802093,0.010598962,0.0048599797,0.018587636,0.07359378,0.0011801862,-0.00025592672,0.009984846,0.0022414653,0.026164746,0.0050904592,-0.018041229,-0.017542683,0.007498719,-0.0014916413,0.0049055014,0.008596441,0.0,-0.015422455,-0.037502054
2018-12-11,0.0034397875,0.020588132,0.0027695077,0.0025823042,0.005902358,0.0003453415,0.021945113,0.025865715,-0.010435832,-0.0034957982,0.010006895,-0.0056004752,-0.009450216,-0.0019246618,-0.011122725,-0.0051384335,0.016037717,-0.017989868,-0.0020532145,-0.010553829
2018-12-12,0.008482772,-0.009736812,0.012078659,-0.0066836006,0.004921436,-0.0077593606,0.004418149,0.020260094,0.0,0.00068062765,0.01853698,-0.001388447,-0.00020025844,0.00014533631,0.0014622078,0.0072846683,0.011662046,-0.003760023,0.014095177,0.0012159203
2018-12-13,-0.003567498,-0.0068847938,0.0045633465,0.012189679,0.00097485614,-0.007019754,-0.0180876,-0.0019423213,0.0054562115,0.002996322,0.003983777,0.00977699,0.016706588,-0.00029500423,0.0077641136,-0.0023045428,6.139251e-05,-0.0029796474,-0.0053875213,-0.010396936
2018-12-14,-0.0015022275,0.012255969,0.006305466,0.0021875645,-0.0023093848,0.006829912,-0.0017035321,-0.052491695,-0.0016783999,0.009169217,0.0007484254,-0.0048474483,0.012085238,0.004054434,0.009394743,-0.0014099894,0.0065921596,0.0054391716,0.009277003,-0.017570933
2018-12-17,-0.0016489022,0.0073769605,0.0069310674,0.0024841176,0.0063473545,-0.00138058,-0.002443166,0.013192856,0.003207135,-0.0053370977,0.003174657,0.005681433,-0.009407718,-0.00062671205,-0.001973689,0.000981811,-0.0020162293,0.006684712,-0.02329316,0.010564868
2018-12-18,-0.0035466407,0.013720879,0.015005649,-0.0121813845,-0.0026099784,-0.009458072,0.04261181,-0.0068772873,0.0017864342,0.008859537,0.0022689726,0.017297726,0.008502522,0.0044494355,0.0063242787,0.0009707072,0.0009901988,0.007446785,0.021732567,-0.010399471
2018-12-19,0.0044669537,0.0016656207,0.0009287187,0.009222956,0.01025902,0.0035498315,-0.031048443,0.0031834724,-0.0035350784,-0.00025669852,0.02220055,0.00818726,-0.004271987,0.0024544399,0.0002603974,-0.002401657,-0.0044335206,0.0059685274,0.0021375734,0.049227763
2018-12-20,0.0002669886,0.0006856542,-0.0037591388,0.0057871784,0.0071806414,-0.0048162136,0.020780433,-0.03270985,0.004177727,0.0,-0.008096044,-0.0086830435,-0.0019726888,-0.0019847616,-0.0068092537,-0.003635494,-0.002616339,0.007273212,0.017126303,0.014420053
2018-12-21,0.0019006227,-0.0030282328,0.0060002953,0.0009645077,0.0030985533,0.021988016,-0.009242506,-0.01349802,0.006098329,0.009570379,0.0033753219,0.0051546223,0.0040981653,0.00674009,0.00053518446,-0.036037944,-0.001039361,0.012653338,-0.0023067808,-0.010554709
2018-12-24,-0.007956588,0.0071778623,0.005515325,-0.009154243,0.00168192,0.001454435,0.02077777,0.05014731,0.003728565,0.0021402524,-0.0010196064,-0.0024983797,0.00890219,1.7588832e-07,0.0,0.006224997,-0.0011186438,-0.0025135342,0.006043911,0.00046174927
2018-12-25,0.0045278883,-0.009256129,0.0040581636,-0.0011909306,0.009688691,0.019496122,0.0033402424,0.030256683,0.007457519,4.1274034e-05,-0.035170175,-0.023097197,0.004797023,-0.012505896,0.0074961837,-0.007742362,0.010280345,0.009594152,0.009195073,-0.0040168497
2018-12-26,0.0064900755,0.008874045,-0.005669321,0.001521033,0.008986229,0.007843448,-0.00027868175,-0.035635274,0.012497769,0.0058789034,-0.0073185465,0.0129341325,-0.013519565,0.0040865014,-0.0013550468,0.009743399,0.009405102,0.012552681,0.0,-0.010561179
2018-12-27,0.001417256,0.0031341026,0.016630523,-0.002251598,0.0048591015,-0.020047318,0.010404381,0.01483108,-0.005294663,0.0,0.0008555411,0.009461053,-0.0023025712,-0.012441318,0.0045037847,0.024796039,-0.010906797,3.7420778e-06,0.006938362,0.014797318
2018-12-28,0.0052401014,0.017891478,0.0018618567,-0.0057298895,0.010625767,-0.027894102,-0.0073686987,-0.0064184507,0.002455191,0.0,0.021082934,0.0028908853,0.0053513553,0.0067051267,0.0005950288,0.009358935,0.006185108,0.007473795,0.0029808385,0.015671536
2018-12-31,-0.0013459804,-0.012490127,-0.00070256484,-0.008798217,-0.007401902,0.007486478,0.0007739791,0.0025984985,0.0030003423,-0.0011679817,0.00043957637,-0.0100737335,-0.0075343125,0.0039233025,-0.0076897223,0.0050414857,-0.023838222,0.005431952,0.038453396,0.0
2019-01-01,0.005074621,0.010389946,0.008164813,0.043243054,-0.009806337,0.0,0.0128810145,0.006269834,-0.0064127105,0.006166028,-0.01188611,0.024757212,0.006301077,-0.00029677752,0.010004008,-0.002279878,-0.003438425,0.008806779,-0.006918038,-0.009480847
2019-01-02,0.0,-0.026298258,-0.00823571,0.0068508866,0.0089199925,-0.011944826,0.010557279,-0.017649123,-0.011013561,-0.0016935888,-0.0033992482,0.0,0.00824415,0.012944286,0.0027602538,0.023596764,-0.007153458,-0.053273235,-0.016895102,-0.0012180123
2019-01-03,-0.0017322375,0.0022453496,-0.005677442,0.013313724,-0.002646698,0.005384196,-0.0020019114,-0.0102525195,-0.00044336516,0.007026836,-0.0066855247,0.0012038408,-0.009476802,0.01049188,0.007756142,0.0071964175,-0.012504762,-0.012316032,0.0035654237,0.009140491
2019-01-04,-0.00060988264,-0.0020359438,-0.004732408,0.009535245,-0.0020987121,-0.0038619312,0.0031518901,0.0032671352,0.0018870068,0.0014045074,0.009364157,0.00081308366,0.02460995,0.0052693076,-0.008055839,-0.0043300735,0.014975722,0.0,0.018083882,0.0029252553
2019-01-07,0.054189354,-0.019069849,0.013390031,-0.025687603,0.016349657,-0.0030631213,0.009475575,0.016185649,0.008840528,-0.00056264724,0.010503382,-0.011116003,0.023189425,-0.015291893,0.00981851,-2.4591163e-06,-0.05781826,0.004549691,0.0035534839,-0.052475464
2019-01-08,-0.011006391,0.021743663,-0.0089064725,0.00040972183,-0.014927415,0.01130078,0.008701533,-0.024461275,0.0054240907,0.0071746847,0.01194714,-0.0041844784,0.00092505245,0.017296039,0.009204914,0.003153066,-0.0024959897,0.01667039,-0.010824096,0.016719535
2019-01-09,-0.0038605821,-0.002121091,-0.0013279839,0.00981677,-0.013633201,-0.009046453,0.016960599,-1.9994788e-05,0.009467133,0.007311882,0.0017881513,-0.006699093,0.003603225,0.010214191,-0.0033306442,0.008831751,0.0022260018,0.011728172,-0.014163562,0.011177613
2019-01-10,-0.009174913,-0.006421049,0.0063426765,0.019691762,-0.0009481676,0.0043687876,-0.00027860748,-0.0054609496,0.01480871,-0.003763385,0.00016973724,-0.0004514983,0.017426116,0.005883796,0.0006842685,0.006682378,0.012126872,0.00360147,0.010985584,-0.0048401617
2019-01-11,0.0019306912,0.019639282,0.015853656,0.010891928,0.008051118,0.0069315904,8.367112e-05,-0.0030094823,0.0,0.013693977,0.017313128,-0.0013308139,-0.010213327,0.009045864,0.003467241,0.0,0.011218463,-0.007679147,-0.013358661,0.0017928784
2019-01-14,0.0,-0.0008157898,-0.0018477786,0.011871216,0.0047207163,-0.00355067,-0.0053967955,-0.02963502,0.005463679,0.019602774,0.0025972982,0.018380081,0.020968167,0.0041680937,-0.013291118,0.000133126,-0.013095534,0.012326374,0.006019424,0.0017965264
2019-01-15,-0.013213515,0.01980872,0.010179713,-0.0030678937,0.0044214027,0.0038203287,0.019433018,0.006715416,-0.0010730728,0.009770229,-0.00049691624,0.009819562,0.0046941466,-0.010696653,-0.029515913,-0.00811084,0.006864954,-0.006590101,-0.008932938,0.011725571
2019-01-16,-0.010449332,0.004152746,-0.007810678,0.0009527319,0.009288939,0.0,0.004760807,0.010855847,-0.008625062,0.0005981403,0.013788192,0.0024811795,0.0020374106,0.0067282426,0.015742354,0.012521247,0.0069632665,0.004825427,0.008054138,0.0009125908
2019-01-17,0.016500317,0.014141354,0.020348731,0.019340005,0.0021325047,0.009570036,0.0057358136,0.03435633,0.0027816114,0.016614746,-0.0009899845,0.0048220926,-0.0077747977,0.03492717,0.011795066,-0.009722483,-0.0018617389,0.012096045,0.00796837,0.022081772
2019-01-18,0.0055805193,-0.014495769,0.009907283,0.012272147,0.011364386,0.009037642,-0.002321994,0.016231054,-0.015746744,0.005858936,-0.018984139,0.013153221,0.0061878324,0.002808459,0.00558696,0.004176676,0.005520262,-0.00070344284,-0.02435507,-0.0024956577
2019-01-21,0.0059943055,0.001457209,0.011261115,-0.0076744263,0.00816239,0.012479611,-0.0026136625,-0.0015816072,0.00721404,-0.0012549635,0.013721762,0.00029586413,0.0022471568,0.0072983163,0.0071460158,0.015308518,0.00048078172,0.00970803,0.015783712,0.011867918
2019-01-22,-0.010941438,-0.00048110343,0.008156557,0.00094706763,-0.0059491955,-0.115790345,0.0031570473,0.012534839,-0.002656453,0.0091956165,0.00010481138,-0.01574285,-0.0005129798,-0.00990691,0.0009977374,0.0014992871,0.0065170843,-0.0015137042,0.009144331,0.0
2019-01-23,0.024233319,0.0017912629,0.0012893543,0.0,0.0018880127,0.012634128,0.0019503289,0.011324863,-0.0021146818,-0.018095592,0.00816288,0.0010344727,0.0035441965,0.0031664371,0.0016818196,0.00930498,0.0052253585,0.0042659556,-0.0059029716,0.013755791
2019-01-24,-0.01139238,-0.003118337,-0.0017232891,0.0043151644,0.0027663081,0.0012457777,-0.022555575,-0.01267185,-0.00458119,0.011737947,0.010544725,-0.0015857789,0.0016344524,0.008990876,-0.0014487884,0.0059457417,-0.016478354,0.010357323,0.0,0.009524996
2019-01-25,0.017727973,0.0028372905,0.0064496533,-0.0023493615,0.0006891916,-0.15710822,-0.010767597,0.013821595,0.0028653247,0.0362304,0.014180304,0.010916935,0.01040203,0.0063636303,-0.0008984013,-0.009275563,-0.0021576432,-0.0032079648,-0.004765655,-0.0091876155
2019-01-28,-0.0052798367,0.0030768134,-0.0014290008,-0.0046129343,0.0008283916,0.09167104,0.010126418,-0.01901786,0.0039085397,-0.012513353,-0.0021451039,0.007480547,0.003412941,0.019599862,0.0052122213,0.0076115937,0.010408179,0.0037532619,-0.0063083647,0.013674664
2019-01-29,-0.0028123406,0.0019519653,0.016711429,0.011225757,0.009538935,-0.011029491,0.0056499625,0.0012825096,0.008640847,-0.013897181,-0.0108441245,0.0055577825,0.009999422,0.013374677,-0.00042019383,0.0,-0.022168973,0.0138339605,0.0041829436,-0.0064286683
2019-01-30,-0.0024965093,-0.013296048,-0.014570376,-0.0024792035,0.0004094061,-0.009389198,0.02148325,-0.044692136,0.0039071185,-0.028796636,0.0038699745,0.006265306,0.010937982,-0.003991843,0.0065688933,-0.0057567335,-0.0018198089,-0.0021732326,-0.009726518,-0.017634425
2019-01-31,-0.0062733446,0.011984554,0.0018813605,0.0,0.0039947387,0.0043782154,-0.00015030029,0.024966236,-0.00014571584,0.053462356,0.0045368336,-0.008569089,0.018034466,-0.017120376,0.0027755897,-0.0018113351,-0.0058280113,-0.0024048383,-0.032567587,0.023597468
2019-02-01,0.014205899,0.00548809,0.004859395,-0.00044072542,0.0001663162,0.028071685,0.00205213,0.006388054,0.004618543,-0.015277628,-0.00028393144,0.011145708,0.00077733776,0.0011570806,-0.0006872634,0.0018638966,0.00765076,-0.0009325471,0.007521329,-0.01675578
2019-02-04,-0.013374972,-0.00044942502,-0.008913717,0.008926899,0.015933042,-0.0013083174,0.008818425,0.008171916,-0.003343977,-0.0073988265,0.0016075183,-0.0018315474,0.01024155,0.0237931,0.0039838892,0.008558005,0.00025150052,-0.007808373,0.005159963,0.011438421
2019-02-05,0.008870252,-0.0033480464,0.009279995,0.006731797,0.005847487,-0.0054564974,-0.00072181487,-0.026894595,0.0010788802,0.025037885,0.008741525,0.006713432,0.00010248498,-0.0051335096,-0.0068067997,-0.003539613,0.007334389,0.0022699677,-0.010584222,-0.0017358612
2019-02-06,-0.00028690274,0.0027395857,0.0012690517,-0.016768463,-0.0015986204,-0.019815817,-0.006520686,-0.019358309,-0.0064863134,-0.075836845,0.0045570317,-0.0034968336,0.0038511022,0.016066762,-0.0038177625,0.0054300167,0.0054330067,0.0040853964,0.019543117,0.008008811
2019-02-07,0.0051180716,-0.003951667,0.024028536,-0.0025008076,0.008355797,0.0017872511,0.0022492323,0.02471965,-0.013258789,0.0062968503,0.004556594,-0.0032190047,0.00033671444,0.0038044525,0.004419766,0.0054832585,0.0,0.0017220096,0.012087723,0.013697284
2019-02-08,-0.0013345616,-0.0019835783,0.0015044101,0.0004374812,0.009051679,-0.042567216,0.008738024,0.033468153,0.005144846,-0.012769945,0.006106445,-0.00082181394,0.008767008,0.01635464,0.001797505,-0.0031580718,0.01164331,0.008882302,0.032786157,0.0055260425
2019-02-11,0.0016812835,0.010959688,0.005660238,0.017825319,0.008843852,0.07094366,-0.0033799452,-0.002456878,-0.0007623906,-0.033255756,0.0013313531,-0.009810539,-0.0054061473,0.010075518,0.0033417935,0.0039995587,-0.004381255,-0.010235661,-0.0050198766,-0.0020692714
2019-02-12,-0.0070477226,0.009423786,0.0063588135,0.009912548,-0.0018470428,0.044861816,0.0036537575,-0.03548086,0.009632623,0.09771247,0.0077215633,0.013063864,0.0058139474,0.0077289324,0.004754851,0.0,0.0022315902,0.010586353,0.0019819876,0.0068811565
2019-02-13,0.01773791,-0.003919471,-0.00072802615,-0.010027616,0.0038075408,0.0133318165,-0.0035578096,0.047930323,-0.0073232134,0.010676017,-0.007323605,0.0049443706,0.0045691426,-0.002514519,-0.0004823177,0.0037446383,0.017212713,0.003371819,4.3296564e-05,0.0040370263
2019-02-14,-0.0032278204,0.0075006685,0.0060522975,0.018988196,0.012493095,0.018295322,-0.007484647,-0.0804654,0.0070135514,0.080924004,0.0073127584,-0.011566604,0.0,0.004973465,0.0,0.004203155,-0.002546243,0.0069327164,0.0037453785,-0.0018068231
2019-02-15,0.020459782,-0.01124171,0.004758469,0.0030964902,0.0011999257,-0.010991917,0.0008553568,0.010969906,-0.0062330663,0.014782952,0.0,-0.0105212685,-0.019070905,-0.0035447273,0.008488238,0.013336798,0.0,0.006170277,-0.0021049653,-0.005597322
2019-02-18,0.0193914,0.010203993,8.34888e-05,-0.010455202,0.008892256,-0.015837675,0.0,0.08584694,-0.0014502857,-0.010615397,0.010047063,0.0051035224,0.044013165,-0.0073649054,-0.0035471485,0.073304914,0.01207489,0.0060890676,-0.00062240765,-0.0078533245
2019-02-19,0.017291399,0.0006172589,-0.004887301,0.013178312,0.008249128,-0.08017565,0.0074586966,-0.02015458,-0.0023449524,0.0054504215,0.0063362624,0.006291529,0.0018517245,-0.0050555356,0.008854629,0.0015803473,0.004339481,0.0,0.00880932,0.01148719
2019-02-20,0.0011563305,0.01270504,0.00026030355,0.008842398,0.009730109,0.04402919,-0.023073392,0.0045608077,0.008294943,0.013884589,0.0011333243,0.0,0.019588396,0.009394054,0.0019587849,-0.033346005,0.0030496232,-0.012442824,0.00064701063,0.018124916
2019-02-21,-0.025293607,0.023007339,0.0014835593,-0.0036636707,0.0036576262,0.0024993562,-0.00484136,-0.005743934,-0.00022585604,-0.008031428,-0.009267636,0.06518633,-0.0033942442,0.008038705,0.0,0.032100905,-0.01195219,0.019554632,0.05031324,0.0023884994
2019-02-22,0.0069335806,-0.005531258,0.016327538,-0.0014403969,0.08322903,0.0033566428,0.010212143,0.024406794,0.004456053,0.0075516547,0.008768692,-0.013891353,-0.005852276,0.005905923,-0.00029455547,0.009048918,0.015245329,0.020494362,-0.001986346,0.003637645
2019-02-25,-0.007781053,0.014205372,-0.19225171,0.015906919,-0.009476594,0.018356007,0.011728744,0.0067545096,0.017169429,-0.03469137,0.0031060353,-0.016215138,-0.00043306383,0.0032210504,0.010382815,0.0062549235,-0.113405384,-0.0010569189,0.0012318479,0.021726146
2019-02-26,-0.009347073,-0.010524957,0.023351772,0.007977549,0.013218913,0.01513323,0.0039307256,0.0012509896,0.014798437,0.027328573,0.0,0.0051069027,-0.0023382872,0.011976552,-0.014914625,0.034942575,-0.010525879,-0.116992086,-0.0062215193,-0.0019837506
2019-02-27,-0.0017252201,-0.017744282,0.031289853,0.017262006,-0.019482492,-0.010158077,-0.01079329,0.00027403038,-0.012909821,0.084846675,0.0011757474,0.079724826,-7.958883e-05,0.01603334,0.042342365,-0.0030595863,0.0047158883,0.05600999,-0.007887821,0.0
2019-02-28,-0.1341263,0.0,-0.00480782,-0.0028074414,0.0071540135,0.0044707013,-0.012818555,-7.1399765e-05,0.0030065114,-0.10039087,0.005008937,0.0024149597,-0.0624493,0.011383152,0.03726861,0.0155748185,0.022160465,0.008967344,0.016411712,-0.00134352
2019-03-01,0.010645792,0.0023304033,0.010231464,0.0023659638,0.04529104,-0.021259313,0.022548102,0.019256521,-0.0108622,0.008644513,-0.0021832385,0.012800774,-0.029800488,-0.010846273,0.0029475773,-0.08039971,-0.0028164263,0.008624639,-0.008626296,0.008991474
2019-03-04,0.039810624,0.046798483,-0.0043684975,0.009220336,0.012777738,0.0075120837,0.019007644,0.0074040215,0.012476346,0.011279647,0.001287754,0.0009063985,0.0,0.0030949446,0.0070935395,0.009946644,0.006104365,0.039412525,0.02571851,-0.0025065967
2019-03-05,0.01280846,-0.0022453393,-0.0008096461,-0.0036866455,-0.0060061645,0.0028149534,-0.0057853535,-0.000913387,-0.00052914955,0.019380888,-0.007974463,0.014898793,0.04425321,0.011411387,0.024728576,-0.039166138,-0.008741374,-0.019062364,-0.008596518,-0.0019297024
2019-03-06,0.001359721,0.025804799,-0.0045746067,-0.0011952874,-0.009359661,-0.042064965,0.0084393015,0.010406121,1.6652222e-05,0.024193203,-0.0024901559,0.0,0.032156147,-0.02532436,0.009188747,0.0022180686,0.023724888,0.00071345316,-0.008999298,-0.0018592541
2019-03-07,-0.0024938153,-0.0017599167,0.005028741,-0.010814161,-0.0031670365,-0.0018889816,0.0065880357,0.005580587,0.010089578,-0.02210036,0.012687543,0.023394428,0.03517282,0.0070883664,-0.06691813,0.004721217,0.00943477,0.013606951,0.00957682,0.0006461526
2019-03-08,-0.008680725,0.038213663,0.017572055,-0.040579073,0.0015800456,0.0138924485,0.00013070424,0.0057780757,0.012678413,0.016420925,0.0021138005,0.010013391,0.014477759,0.007327008,0.0047315904,0.01520696,0.0020347475,0.0011754833,-0.0047533005,-0.17566226
2019-03-11,-0.002335754,-0.0024631526,0.0007864546,-0.0016015457,-0.063985266,0.0048821745,0.0,0.00019800731,-0.0013383472,0.029401949,0.0026927232,0.006732216,-0.0002794785,-0.0034332164,-0.008188937,-0.025260715,0.008866929,0.010633115,0.019387696,0.08461761
2019-03-12,-0.004748511,-0.002288499,0.010142009,0.007608872,0.0049688523,0.021872526,-0.002307943,-0.020358084,0.015234169,0.0033479214,0.007478261,-0.027098624,-0.017510962,0.027259972,0.00143316,0.009439154,0.0065606926,-0.00752272,0.0044482425,0.025738249
2019-03-13,-0.0031329733,0.017346293,0.0061874115,-0.0064435317,-0.002452669,0.0,0.01270772,0.004365464,-0.0031493069,-0.009119786,0.008669176,0.022374371,0.0042845234,0.010851999,0.0030191725,0.009793065,-0.0058093136,0.007094962,0.004559547,-0.0074429894
2019-03-14,0.011570249,-0.00060014497,-0.0093410965,0.002208218,0.011438605,-0.0039912583,0.0013849644,0.034742545,0.001365226,0.13242587,0.009538025,0.01506804,0.0023135934,0.01061394,-0.0023464153,0.002830326,0.00575555,-0.001671759,0.0015239081,0.0
2019-03-15,0.004443941,0.014782585,-0.04187442,0.0,0.0010104575,0.012562798,0.0,0.0032153565,0.013735705,-0.00035512354,-0.010667773,0.009047703,-0.011028422,-0.0088161705,0.0004991715,0.0023449976,0.0026929053,0.031148925,0.007065488,0.01294482
2019-03-18,-0.012811604,-0.008361378,0.09186967,0.007335748,0.013298015,0.004081605,-0.0044321395,0.0003624918,0.02510388,-0.026189368,0.0018415225,0.0027935905,-0.015608068,0.006921059,0.002979015,0.0037694327,0.00093895604,-0.0025958319,0.015471002,-0.004573588
2019-03-19,0.0,-0.007444857,-0.114370964,0.012785174,-0.06764714,5.9941554e-05,0.001977721,0.017476192,3.591661e-05,-0.0058276774,-0.0040809345,0.01010944,-0.017888146,-0.005248263,3.1208754e-05,0.00032071598,0.042591106,4.4048502e-05,0.0005030055,0.0022511946
2019-03-20,0.020399144,0.009781047,0.0016222759,0.01568644,-0.0033886898,0.034025796,0.009575428,0.00080768595,0.007424513,-0.0025431705,0.0023980439,0.0009199052,0.041421324,-0.023622135,0.008969143,0.0039188843,0.0065167877,-0.008396446,-0.05668717,0.009490616
2019-03-21,-0.02465708,-0.006759087,-0.0046581016,-0.003688097,-0.004051346,-0.053944852,0.0021705152,0.008472182,-0.0026935022,-0.015034232,0.0002890166,0.0074782367,0.005604491,0.014827299,-0.00806134,0.0047023986,0.0028615373,-0.004660946,-0.007560964,0.012566443
2019-03-22,0.009973288,0.0140130725,-0.007234171,-0.0013063533,-0.010439023,-0.005200677,0.016004432,0.0020112754,-0.001966323,0.0036453137,-0.0066264034,-0.004875521,0.0011959601,0.0074599087,-0.062069517,0.0071015335,0.008895673,0.00407048,0.009271353,-0.017545791
2019-03-25,0.0053090337,0.011827121,0.00040927104,0.0034838885,0.08483036,-0.019884655,0.0053148842,0.0,0.006091343,0.050753262,0.014754081,0.009014045,0.0014310338,0.0070183147,-0.0014733131,-0.008622187,0.005546449,-0.0062575634,0.0026098709,0.02998796
2019-03-26,0.001394547,0.00530384,0.06200393,-0.0062727,0.05489031,0.012332176,-0.0016439207,-0.0077972976,0.008507375,0.046944425,0.0025010672,0.0060321237,0.012416924,0.01784598,0.062497165,0.004556611,-0.0023409834,0.0024016143,0.024082312,-0.022913162
2019-03-27,0.0011918058,0.0008572058,0.03897845,0.0056055686,0.01631745,0.037803564,0.004911265,-0.0049195318,0.008198975,-0.012396619,-0.0032124901,-0.009803592,-0.00059784617,0.008554849,0.0022547867,0.004189575,0.005546693,-0.00091730617,0.017432367,0.015211635
2019-03-28,-0.0046309154,0.006883378,0.027429989,0.007156334,0.011550234,0.0066127875,0.008450822,0.0113829095,-0.00552047,0.0055423845,0.0,0.013583919,0.021020625,0.0031296513,-0.003617202,0.0036162206,0.007366391,0.023361573,0.002529207,-0.0025388764
2019-03-29,0.008620922,0.010857478,0.0,0.009047628,5.0769162e-05,-0.0073770303,0.0,0.00210118,0.015990574,0.032325506,0.0037940377,-0.104457624,0.014003107,0.01242942,0.006919699,0.005091445,0.015047973,-0.007406785,-0.038940053,-0.012614249
2019-04-01,0.010453157,0.0,0.002255018,-0.020320226,0.007861362,-0.01587255,0.006176202,0.0113676675,0.0014654028,-0.029727899,0.0,0.04532949,0.009278111,0.0008267937,0.013402555,0.0031311037,-0.0043483656,0.0,0.011062317,0.0033591841
2019-04-02,-0.010680958,0.010878367,0.0023343246,-0.013244561,-0.0029416191,0.023417294,-0.01393296,0.0016192677,-0.008141289,0.0,0.0040493854,0.009644141,0.0058991965,0.014216341,-0.008272061,0.0,0.0011760385,0.008465261,0.00868538,-0.01833788
2019-04-03,0.012622908,-0.007661115,-0.00878895,-0.0062783924,0.015723074,0.0070190723,0.0019228192,-0.00646197,0.010563695,0.0034835273,-0.006260388,-0.0017598107,0.0014428793,-0.0064419764,-0.0025836003,-0.007421569,0.015936807,0.012073529,0.007111591,0.01664133
2019-04-04,0.0,0.00934288,0.008110549,-0.009435734,0.008185384,0.015650267,0.0011716284,0.0009225889,0.021778785,0.06478145,0.00605525,0.002439418,-2.6567168e-06,0.004087138,0.011516843,0.0,0.0115615735,-0.0055388054,-0.005497143,0.0017373008
2019-04-05,0.000889345,-0.006270788,0.0042553823,0.0011432251,0.05495395,0.026035396,-0.00033745752,0.03805313,-0.004292312,0.004631485,0.002524548,0.012357668,-0.0096181175,0.010388474,0.012589232,0.13486099,-1.0291302e-05,0.0017413121,0.01822908,0.0
2019-04-08,0.006292732,0.018148972,0.008077363,0.0020241572,-0.0009550137,-0.00030653592,0.009083007,0.010275399,-0.005469801,0.0051509007,-6.147719e-05,0.007435744,0.00485396,-0.0014888372,0.001608071,0.00605663,0.005448613,-0.009929999,0.0026039907,0.008000867
2019-04-09,0.0008699196,0.0009978887,0.15225694,0.0052679614,0.0053488123,-0.0064064786,0.005308783,-0.002194783,-0.0038977333,-0.012806204,-0.00046754358,0.0044209124,0.065048546,0.006743999,-0.008361898,0.0048401537,0.00933072,0.010778634,-0.010939765,-0.02248489
2019-04-10,0.0020412467,-0.006528349,0.014282919,0.0,0.03128126,-0.0055047097,0.0053664194,0.025224887,0.009099986,0.023315646,-0.0030663023,0.0012308535,0.013898756,0.0028890807,-0.030084774,-0.011792174,0.006154623,-0.05624725,0.0024566173,-0.0022820241
2019-04-11,-0.00062940246,-0.0014571002,-0.0037689593,0.0,0.008080583,0.0024405464,0.006927007,-0.015622398,0.0044181943,0.022740874,-0.0045681125,0.018195128,-0.04469098,0.0038458277,0.008007982,-0.030162932,-0.0050525917,-0.0008308703,-0.0014791061,0.03426689
2019-04-12,0.0050010313,0.037232675,0.032115832,0.0065830303,0.010338182,-0.015548176,0.008922697,0.009509455,-0.0028590017,0.009426457,-0.0006575356,0.02122396,-0.002646814,0.0031346476,0.0024527514,0.01827854,0.007979273,0.05641933,-0.0060713436,-0.026931005
2019-04-15,0.0048448825,-0.016617175,-0.01627982,0.009653663,0.003730695,0.0002752826,-0.0010216518,0.01184362,0.01460215,-0.01103095,0.0089581525,0.0053801136,0.009275028,-0.0035573475,-0.0038375114,0.013940434,-0.004862652,0.006141902,-0.00878616,0.0126484865
2019-04-16,-0.0022629816,0.027769085,-0.0031145513,-0.0060573057,-0.022191044,-0.02957204,0.008606689,-0.0072582513,0.016096175,0.0012787726,-0.0020867395,0.0018833375,-0.0008812041,0.014079059,-0.0007419154,0.1633842,0.01572899,0.01402083,0.009412057,0.0092307925
2019-04-17,-0.0073842243,-0.008322898,0.008855238,0.017449096,0.0071670506,0.0,0.003994271,0.009297267,0.008287092,0.001520005,0.009214142,-0.036849417,0.009067642,0.01984875,0.0080031315,-0.038424227,-0.00786538,0.00992089,-0.0011024129,-0.0036434145
2019-04-18,-0.0059080017,0.027971163,0.0155420415,0.0,0.029802246,0.034611363,0.014335697,-0.015615955,-0.0073503572,0.0043825395,0.010969974,0.0054271435,0.0058559943,-0.0053948946,0.0032783856,-0.0074273995,0.003754807,0.030264305,0.024622614,0.16654538
2019-04-19,0.0,0.0,-0.013203233,-0.0025100086,0.029254576,-0.0010610656,-0.01068591,-0.0030293898,0.0005363385,0.0072467886,0.0017726584,-0.019067029,0.062403902,0.0010248347,0.013997261,-0.023821136,0.021814551,0.01481324,0.010902976,0.003600551
2019-04-22,0.0019497152,0.01474559,0.0038846908,0.0115640955,-0.0042387517,0.0038313135,0.0011073231,-0.03684996,-0.015629016,-0.005999526,0.00080811593,0.006438957,0.0012877019,0.0044202246,-0.0017457245,-0.0022612312,0.0103036985,-0.0033898044,-0.009769502,-0.0058694794
2019-04-23,0.028047957,-0.0069283117,0.038855128,0.004192309,-0.005250849,0.0,0.008617159,0.0110810045,0.0025153602,0.03264806,0.005221518,0.0014373972,0.0121396165,0.0024371056,0.0,-0.010416973,-0.005468063,-0.012913805,0.010866886,0.0040508355
2019-04-24,0.0266788,-0.008162848,-0.0018801362,-0.000745427,-0.04199134,0.024115609,0.0024772629,0.005882368,-0.0022069137,0.0051773284,0.0022440716,-0.0072004087,-0.08766042,-0.0038983496,0.013098081,0.01010313,-0.0058751306,0.0101052895,0.005925454,0.015133561
2019-04-25,0.0069192695,-0.00651553,0.014844558,0.007995285,0.010229208,-0.0028010325,0.0017670762,-0.0076834667,0.009713621,0.0055185272,0.0085266065,0.012344803,0.013421024,0.013865158,-0.003579245,0.11507578,-0.0017547075,0.032737818,0.009789955,-0.0027893265
2019-04-26,-0.010872159,-0.02292089,0.008031223,0.0022289953,-0.00047388306,0.0011650521,-0.022918563,0.0036173903,0.0009990785,-0.018962177,0.0025955373,0.000941931,-0.0028015566,0.0035769637,0.009209458,-0.21384872,0.009292724,-0.013836464,-0.003784397,0.13858539
2019-04-29,0.013595778,-0.02093477,0.00022951412,0.010670789,0.010138203,0.011034685,-0.0010819756,0.00058327906,0.0060561276,-0.016969256,-0.0038590247,0.0008005084,-0.021032695,0.0034135147,-0.006783667,0.025825283,0.022090012,0.03126516,0.005911572,-0.016635899
2019-04-30,0.03543824,0.027735896,0.010953435,-0.0051180166,-0.024697708,-0.0014920569,0.009504117,0.010512842,-8.0545855e-05,-0.022463774,-0.006622278,0.0045073675,0.016226646,0.013341278,0.004371242,0.008859543,-0.005111698,-0.0030664867,0.0,0.0033723144
2019-05-01,0.0038558212,0.0102999015,0.015961364,0.009657191,0.006332602,0.0030971526,0.009738884,0.005116694,0.012050951,0.0063681807,0.00034697232,0.015703324,0.08217583,-0.017646668,0.0033329616,0.0068212086,0.0024289298,-0.013230027,-0.088183254,0.015662348
2019-05-02,0.029922163,0.012656383,-0.0018305376,-0.010590405,0.0043982933,0.010145096,0.00052963104,-0.004579725,0.002386478,0.01127484,0.011143095,-0.02280484,-0.013309283,0.0044197664,0.0,0.0025424059,-0.002128029,-0.02497702,-0.008539908,-0.0018129422
2019-05-03,0.008380561,0.0018971595,-0.03686285,-0.009302006,-0.020994613,0.037380755,0.0065796208,-0.016552577,0.00024922527,0.009716819,0.016266905,0.0067376443,-0.016827127,0.0009421631,-0.0028555642,0.00770277,-0.005285767,0.020669503,0.015441746,0.01122978
2019-05-06,0.014562566,0.0003578868,-0.012709492,0.0075241127,-0.015395534,0.005071244,-0.002854012,0.010223852,0.012238309,0.008368472,-0.017806893,-0.0014918989,0.0020516703,0.013830229,-0.0037391477,0.02536459,-0.009474493,0.019718897,0.0030066073,0.0017996064
2019-05-07,-0.00580885,0.005857524,0.0014763051,0.023399191,0.0122542735,0.0009779652,0.0048522353,0.000806019,-0.00978396,-0.0011939639,0.008305315,-0.017543567,-0.00031600648,-4.1890577e-05,-0.037182588,0.0051456345,-0.009359789,0.00097027794,0.013850226,0.0011538852
2019-05-08,-0.008930238,0.014396285,-0.0071751405,0.0027968227,0.019088423,0.015287539,0.0043742987,0.010997991,0.028789846,0.009055379,-0.0074026957,0.062821075,0.026271967,-0.019819086,0.024903249,0.017621096,-0.006848208,0.009759954,-0.016360879,0.0097484505
2019-05-09,0.011873464,0.004832596,0.0,0.0040326607,0.0,0.0039339634,0.0022760446,0.0072535165,0.009307508,-0.016001401,-0.0067385295,0.013268412,0.008806168,0.014988289,-0.011681077,-0.00376793,0.017095359,0.012399424,0.02118739,0.0054093758
2019-05-10,0.0059666843,0.009548034,0.015252218,0.010476197,-0.006849489,-0.0058275177,-0.000960566,-0.008613574,-0.045337424,0.004940246,-0.006234064,-0.021353621,0.019647306,0.0012404667,0.01050201,0.011241222,0.005663455,0.008014017,0.0015028054,0.006946249
2019-05-13,0.009592165,-8.914498e-06,0.023748355,-0.0005001708,0.011469181,-0.01741762,0.0,0.008148398,0.011321514,-0.0036230087,0.008862002,-0.012889304,-0.03656665,0.011305568,0.0011733971,-0.008295456,-0.005516255,0.0111161405,0.004662942,0.012701893
2019-05-14,0.001382708,-0.00500409,-0.0030259446,0.0067386464,-0.010163549,0.0011040969,0.010633055,0.008881849,0.00494951,-0.020315005,0.0,0.005678557,0.00958471,-0.011039537,0.009335188,-0.0021235738,-0.008116921,0.015932173,-0.00012273397,0.0
2019-05-15,0.0053703147,0.023260664,0.009606944,-0.004544594,0.042076975,-0.00093748287,-0.010119567,-0.0075369338,0.008032452,-0.010467327,0.005320376,-0.02127386,-0.007415767,0.007461485,0.00860743,0.022017993,0.00092735793,0.0069854413,0.00724278,0.0044131195
2019-05-16,-0.007070792,0.013177908,0.01253602,0.0009290033,0.013141818,0.0018859804,0.000274198,0.0068285833,0.0022845233,0.05473524,0.001565758,0.0024681222,0.015352551,0.015799645,0.001280088,0.016885743,0.005097221,0.023434501,0.0040337685,-0.005390031
2019-05-17,0.01571212,0.024682514,0.009684656,0.01582677,-0.08888121,0.025175337,0.008835834,0.0,0.008418407,-0.0008110731,0.007295831,0.013762873,-0.011908976,-0.021335373,0.012712376,-0.009286771,0.0,-0.00038999613,0.007292927,-4.0596176e-05
2019-05-20,-0.0070387055,-0.005527346,0.035921883,0.0031169318,0.0145958355,0.0075335386,-0.0019478126,0.00143553,-0.009651221,0.04139339,0.009716235,-0.003038627,-0.0098336665,0.015975166,-0.0057671415,-0.005162676,-0.0029041106,-0.0048792264,0.023132654,0.004362016
2019-05-21,-0.013687677,0.009905256,-0.010166056,0.008033741,0.008955812,0.0074008782,0.028093562,0.0,-0.08238458,0.019983362,0.007428486,0.024377003,0.0033440166,0.0,-0.08437737,-0.010813059,0.007496587,0.00283876,0.16339618,-0.013687677
2019-05-22,0.029650986,-0.012835468,0.009836939,0.019047959,0.020835547,0.008566585,0.007736386,-0.0031681485,0.0,0.0064345356,0.00621722,0.016712576,0.0019574675,0.0014891928,-0.06196861,-0.0061144517,-0.0031257307,0.037072983,-0.21825604,0.029650986
2019-05-23,0.036062535,0.0031310094,0.013509499,0.028408831,-0.002582453,0.038067542,0.0043597594,0.004569312,0.007010097,0.008468489,0.0064782016,-0.012839312,-0.0034414148,0.00035196258,-0.023478694,-0.009173541,0.010109987,0.031226508,0.053995676,0.036062535
2019-05-24,0.0051099807,0.0016039117,-0.0164177,-0.0037020755,0.009468762,-0.00085530203,0.008466639,-0.0010289851,0.0,0.00041561964,0.0014024568,0.0037198,0.004714926,-0.01019987,-0.09113164,0.008945839,0.0131159,-0.053237636,0.006743555,0.0051099807
2019-05-27,0.015286744,-0.0031425578,-0.0011306956,0.0027663694,0.004944479,-0.006681367,0.0022447116,0.003237073,0.0018964383,0.010491168,0.0013737882,-0.0019863017,-0.0025565277,-0.004228687,0.106650375,0.0072395313,-0.011965607,0.025176063,0.0,0.015286744
2019-05-28,0.011561904,-0.0024713287,0.0037102303,-0.011810765,0.0073287874,-0.008602154,0.0027103734,0.005481399,-0.0066205664,-0.0015290154,0.0058960244,0.0155855715,-0.0012099845,-0.002946839,0.006077644,0.005668585,-0.0031910127,-0.0057114884,0.052822664,0.011561904
2019-05-29,-0.010470322,0.0030927034,0.00087290985,-0.0050116386,0.009749488,0.009724158,0.025318604,0.008479092,0.009682085,-0.0041326066,-0.0037255,0.005689647,-0.003417547,-0.0026920596,0.0017850887,0.02676116,0.0027537234,0.00012288513,0.0069564725,-0.010470322
2019-05-30,0.009992902,0.00483939,-0.019590463,0.005991195,0.02097941,0.0068544974,-0.008952469,0.0001816836,-0.009010854,0.009094954,0.0025618444,-0.010349101,0.0012291544,-0.014326588,-0.0069018165,0.012997714,0.010923605,-0.0040593613,0.0570629,0.009992902
2019-05-31,-0.002373962,0.008053995,-0.00736109,-0.0066356473,-0.007928927,-0.0042255595,0.0075131264,0.0,-0.0005428153,0.0072017265,-0.0049417373,0.0070770974,0.0032447502,0.009718137,0.040653672,0.0054109497,-0.003236341,0.0053482135,-0.001508931,-0.002373962
2019-06-03,0.013894956,0.01265194,0.0041067917,0.019756049,-0.008662659,0.0040592104,-5.696339e-05,-0.0022771321,0.0058722408,-0.024343792,0.010675984,-0.00054145657,0.006099564,0.015954189,0.03400356,-0.014981162,0.0041858847,0.0017803655,0.00035190003,0.013894956
2019-06-04,0.008067471,0.00811096,0.0011111308,0.001804087,0.0,0.024914723,-0.0068712686,0.008520221,0.011993683,-0.009730803,0.010264769,0.026311226,0.0035154927,0.003653415,0.00051550346,0.0066300193,0.006232455,-0.004998958,-0.0030469154,0.008067471
2019-06-05,-0.00423428,-4.9904844e-05,0.060788948,-0.0043869517,0.00944571,0.00926553,-0.008051689,0.0012138617,0.014248797,0.013780739,0.0015092632,0.004016702,-0.0017339038,0.006144159,-0.016617605,0.009699691,-0.0033896621,-0.013910762,-0.009256287,-0.00423428
2019-06-06,0.00033558987,-0.019016452,0.015837418,0.0074593113,0.0009591541,0.003464471,0.0,0.0048552547,0.004253338,0.008596441,0.0031915978,-0.0016463696,0.0053567784,0.03383456,0.017342977,-0.0020076705,0.0033552474,0.018794667,0.03841994,0.00033558987
2019-06-07,0.0029893802,-0.08077804,0.011125978,-0.028826801,0.014567572,0.0084631685,-0.0039880727,0.001399853,0.005395241,0.016037717,0.007808951,-0.030412449,0.0007777091,0.009750925,0.015567822,0.0043868767,0.001918935,0.011354592,-0.01681919,0.0029893802
2019-06-10,-0.007111219,0.0001358651,-0.0093341665,0.022021309,0.013947861,0.0020585395,0.009768631,0.00040789464,-0.0017729241,0.011662046,0.010083544,0.007406251,-0.0021257573,-0.016535621,-0.05194732,0.009181513,0.0027269598,0.0013621033,0.094498,-0.007111219
2019-06-11,0.0032539912,-0.0046224515,0.0072027254,0.0012890474,0.006126033,0.005462312,-0.0013443523,0.0007860882,4.7669644e-05,6.139251e-05,0.0014111766,0.008113855,0.009089183,0.0011478992,0.008862051,0.0,-0.003360674,-0.007895589,0.007712963,0.0032539912
2019-06-12,0.006432895,0.019575909,-0.00021237081,0.0,0.02434161,0.018168075,-0.010681642,0.007950632,-0.0023413503,0.0065921596,0.0040363087,0.014757561,0.009496188,-0.0055440105,0.009144737,-0.006055391,0.0074522384,0.0029683914,0.006181203,0.006432895
2019-06-13,-0.023708576,0.041659802,-0.0059620747,0.005798781,-0.009613862,0.00425158,0.011496714,-0.012533679,0.007248689,-0.0020162293,-0.007936646,0.011461077,0.007326051,0.0058102137,0.007093262,0.0024786806,-0.0059860735,-0.112355284,0.0074387565,-0.023708576
2019-06-14,0.08039767,0.00032799158,-0.0026722953,0.0007816791,0.0,-0.00020021165,0.02618025,0.012813885,0.0046522766,0.0009901988,0.0060790903,-0.0019907583,0.006730761,-0.012929004,0.0008318487,0.008272525,-0.0026181228,0.012027667,0.0,0.08039767
2019-06-17,0.017166438,0.020175813,0.009620655,-0.004878856,-0.0048678787,-0.0019081174,0.011855488,-0.02137902,-0.00047501037,-0.0044335206,-0.0039321524,-0.0070443787,0.002846319,-0.026110917,-0.052589647,0.002234006,-0.0019429649,-0.0053068046,0.0056511657,0.017166438
2019-06-18,0.00479089,0.010836918,0.018202601,-0.0066163978,0.0015023174,0.0009440947,-0.012782064,0.008862773,-0.00071651285,-0.002616339,0.03444419,-0.008927807,-0.003043851,-0.00086669787,0.0006294301,-0.0021230883,0.007500006,-0.0005072435,0.010631973,0.00479089
2019-06-19,-0.028441193,-0.005222102,-0.01698256,0.0010031417,-0.022881411,0.010028552,0.03805994,-0.003405129,-0.0031341286,-0.001039361,-0.0026781883,-0.0022090843,0.0,-0.0135525875,0.01177909,-0.019007714,0.0022793603,0.0060049864,0.016361393,-0.028441193
2019-06-20,0.003378816,0.013126286,0.009352956,-0.003687399,-0.021964515,0.0,0.01286959,0.001940563,0.0069325054,-0.0011186438,0.022333464,0.01542811,-0.0002899217,0.002254827,0.004446123,0.00015799142,0.002873112,0.0,0.010368896,0.003378816
2019-06-21,0.0063092015,-0.010788826,0.015595333,-0.0020268143,0.000852198,0.007063957,1.6064738e-05,0.024145959,0.008666673,0.010280345,-0.0013758799,0.007714607,0.0,0.015014216,0.0009716214,0.0018928652,0.0024539058,0.025231985,0.06678693,0.0063092015
2019-06-24,-0.021181745,0.025308061,0.0019456134,0.007196867,0.012458795,0.0063303937,0.0032113541,-0.008047727,-0.00634406,0.009405102,0.0066545894,-0.010367062,0.0016210933,0.0097303325,-0.004659649,-0.012352945,0.0050889393,0.010735256,-0.11088623,-0.021181745
2019-06-25,-0.0017335075,-0.0019201828,0.014562372,-0.0088910125,-0.019679934,-0.00979411,3.2666943e-05,0.013350727,-0.0074462485,-0.010906797,0.006872361,-0.0031953682,0.009435453,0.041399915,0.004457747,-0.006533496,-0.0018562018,-0.015474475,-0.07687383,-0.0017335075
2019-06-26,0.039726093,-0.0017327248,-0.0020547302,0.011898433,0.016138468,0.008953862,0.01266859,0.0044686166,0.0,0.006185108,0.0013736313,0.051616844,0.0,0.007298414,-0.0010116367,0.000988825,-0.002990427,-0.00135279,-0.03205536,0.039726093
2019-06-27,-0.002209165,0.018767353,-0.009027569,0.0075534317,-0.003745677,0.0072252126,0.023552375,0.0,-0.0018728077,-0.023838222,-0.0024289961,-0.0058717164,0.0033513533,-0.0119993705,0.0,0.0005906065,-0.00198018,-0.02199904,0.009465079,-0.002209165
2019-06-28,0.0012417226,-0.01060963,-0.0039624595,0.005248854,0.019222287,-0.0071415394,-0.06514019,0.01409197,0.0068591163,-0.003438425,0.010149566,0.00019282303,-0.00046562022,-0.0020144172,-0.0059856237,0.010550297,0.0069637466,-0.00977167,0.0010932231,0.0012417226
2019-07-01,0.010277904,-0.013894036,-0.00072645186,0.005918814,0.00382886,0.0056351544,0.0,0.0013561429,0.0073912214,-0.007153458,-0.0033928107,0.012072003,0.0021955362,0.00087440416,0.01767443,-0.007176672,0.0006958596,-0.022224173,0.015754549,0.010277904
2019-07-02,0.02448501,0.0024793155,-0.0049598357,0.0014863914,0.013621595,0.0038755068,-0.005374124,0.015452682,0.010774845,-0.012504762,-0.0011578648,0.004369999,-0.00266714,-0.0038657936,0.004097217,-0.0116078565,-0.010780712,0.01303035,0.02606411,0.02448501
2019-07-03,-0.007418617,-3.669892e-06,0.0026518295,0.009012771,-0.0056437314,0.0072943615,-0.010265248,-0.004169177,0.005264817,0.014975722,0.0065416773,-0.012371015,0.0010646548,-0.004867203,0.004562716,-0.0052273963,0.010948565,0.0036978533,-0.010860887,-0.007418617
2019-07-04,0.01586177,0.025155596,0.008439994,0.0033960892,0.013253651,0.0023608895,0.018998343,-0.010408037,0.0,-0.05781826,-0.010587013,0.010596925,0.0072040698,-0.0026274398,0.0061030737,0.011114629,0.008913909,0.015511327,-0.009443372,0.01586177
2019-07-05,-0.0055165426,-0.0027630134,0.011509264,0.003063263,0.0069672703,-0.007415724,0.0116005065,0.00234699,0.006096389,-0.0024959897,0.0084123155,0.013770271,-0.0024022022,0.0039266506,0.024630526,0.007115578,0.00039641504,-0.0077502914,-0.0003330558,-0.0055165426
2019-07-08,0.014871046,0.012655569,0.017081337,0.0048214425,0.009003199,0.007985041,0.0060774796,0.03197511,0.009183593,0.0022260018,-0.02025427,-0.01569784,0.0089899115,-0.012720633,-0.0048857694,-0.00138487,-0.0006335419,0.026320659,-0.002342028,0.014871046
2019-07-09,0.0008327709,0.0117284525,0.0,0.0061580148,-0.00094738347,0.018242514,0.013836265,-0.00833692,-0.009239848,0.012126872,0.003159523,-0.1263078,0.0013990452,0.0071908967,0.03841332,-0.0036409188,0.0012295637,-0.0047154506,0.0041932403,0.0008327709
2019-07-10,-0.002944921,0.0,-0.008621325,0.005082137,0.011839092,-0.009738043,-0.0020425795,0.0032619038,0.009863854,0.011218463,0.012938489,0.0153156845,0.0023402167,0.0064577935,0.005638306,0.004093292,0.008501189,0.017252875,0.040662374,-0.002944921
2019-07-11,-0.0077147707,-0.0038759704,0.011063397,-0.0056290813,0.0012814212,0.004358402,-0.00034607286,0.00200405,-0.0010766047,-0.013095534,0.0088569345,-0.009481169,0.0039030998,0.008757191,-0.0047516134,0.007708581,0.0,-0.003292185,0.016802019,-0.0077147707
2019-07-12,0.010973653,0.0026634312,-0.007465992,0.0035693746,0.00083422556,0.008707859,-0.0014985172,0.008474383,0.005032205,0.006864954,-0.0018307623,0.026259696,-0.0050916616,0.0,-0.00877882,-0.0015506806,-0.0020353238,-0.03753553,0.0031289286,0.010973653
2019-07-15,0.006169255,0.024066968,-0.045153145,0.0061827376,-0.007909315,-0.00053359015,0.0007881118,-0.00202356,0.008056979,0.0069632665,-0.0056772144,0.018668735,-0.007433623,0.005503732,0.0072399904,0.007331727,0.011668609,-0.016571205,-0.008406254,0.006169255
2019-07-16,0.008627472,-0.009109364,0.010844707,-0.0020991853,0.0025211244,-0.0028183528,0.0031448153,0.0043508983,-0.0017750348,-0.0018617389,0.010484533,0.011199442,-0.0015365558,0.007814805,-0.0089722155,0.0040534837,0.0024612523,0.015681375,-0.015035261,0.008627472
2019-07-17,0.014234129,0.014060229,-0.005483484,0.004687332,0.002142311,0.0063098613,-0.01756392,-0.00073535676,0.010561146,0.005520262,-0.0041069486,-0.001207406,0.0024745413,0.008190195,0.024984434,0.0044978256,0.008248032,0.013144651,0.056195345,0.014234129
2019-07-18,0.012780309,-0.008158426,0.012644189,0.008462691,0.0083339745,-0.00063834887,0.013295117,-0.007862169,0.0,0.00048078172,0.020351531,0.0043740706,0.011471288,-0.018939005,0.011412449,0.009296059,0.00037918452,-0.010052461,-0.014073496,0.012780309
2019-07-19,-0.015886815,0.0022058948,0.007225306,-0.0055218847,0.0045267744,0.0023387384,0.009272119,0.003933093,-0.004052461,0.0065170843,-0.02275917,-0.0016193282,0.009735319,0.006071878,0.002517829,0.011746441,-0.002039961,0.007434602,0.019680215,-0.015886815
2019-07-22,0.0013797779,0.038053505,0.0033047139,0.0018839082,0.002491931,0.012047756,0.0037863334,-0.07186182,-0.01927981,0.0052253585,0.0015734943,0.0004082671,0.004982703,0.0017692358,0.0014324966,-0.0042154114,0.008833789,-0.0024239244,0.008688335,0.0013797779
2019-07-23,-0.0024647955,0.0026106136,-0.029841792,0.00499568,-0.014183147,-0.013520286,0.0091855945,0.0033821752,-0.0014405017,-0.016478354,0.010220594,0.00040333756,0.009692426,0.010359033,0.009700413,0.014419578,-0.022160307,7.459858e-05,-0.007245459,-0.0024647955
2019-07-24,0.015363542,-0.0075794645,0.012774199,0.0,0.017727578,0.0010059231,0.0049703424,0.0030632406,-0.0051790513,-0.0021576432,-0.01728844,0.007522032,0.010148266,0.0023541958,0.0121706845,0.011762594,0.0131315105,0.020709401,0.018837553,0.015363542
2019-07-25,-0.0023869432,0.0036379143,-0.00048026675,0.0027784884,-0.0004270509,0.004580921,0.008046049,-0.020325731,0.0,0.010408179,-0.01183604,0.024517141,-0.0029477696,0.0028961936,0.013999079,-0.029661452,0.0043630265,-0.0066905143,0.01475884,-0.0023869432
2019-07-26,0.031767868,0.0061948122,-0.00859487,-0.0040154555,0.0022895983,0.008620451,0.009072549,-0.002430199,0.0125940675,-0.022168973,-0.007922753,-0.0042185825,1.0710969e-05,-0.0030633581,-0.0026830884,-0.012944621,0.004899945,0.005349544,-0.0045883856,0.031767868
2019-07-29,0.015588009,-0.004195016,-0.00526331,0.0072443276,-0.012214041,0.009467238,0.003861283,-0.0074557597,0.005964725,-0.0018198089,0.0034449897,0.0,-0.014622476,0.0057290243,-0.018799402,0.014577937,0.004871645,0.004618169,0.0153424805,0.015588009
2019-07-30,0.0090352865,0.0023599742,-0.0075857933,-0.008547283,-0.019082917,-0.0038695773,-0.009502655,0.014218405,0.010055748,-0.0058280113,-0.004574762,0.035882737,-0.004395626,-0.001753645,0.07916658,0.007606106,0.007158246,0.0,0.010114097,0.0090352865
2019-07-31,0.010110609,0.010530936,0.012823365,0.0068015317,0.0031644357,0.006306644,-0.0062674466,0.006856063,-0.0019381627,0.00765076,0.042416174,-0.011943786,0.0034617863,0.00029509573,-0.010677237,-0.00407635,0.00770795,0.027295047,-0.21774209,0.010110609
2019-08-01,0.0014485429,0.005327241,0.004982885,0.006047635,0.0069136736,-0.0131768035,0.016234558,0.0042720535,0.008213009,0.00025150052,0.022099681,-0.0003359162,0.0065683136,0.0062732673,0.006951712,-0.0011362629,-0.0076026013,-0.0010364178,0.03137944,0.0014485429
2019-08-02,-0.0020745415,0.0055312454,0.013620132,-0.004117563,0.013106941,-0.004595746,0.0,-0.014963301,0.0083053,0.007334389,-0.0010415659,0.013912398,0.0011491018,-0.00070691714,0.06530872,0.010006026,0.0,0.011373968,0.03987054,-0.0020745415
2019-08-05,0.010937338,-0.00014924047,-0.009223298,0.00095626945,0.0022604445,0.0,0.062577344,0.004398814,0.0065227617,0.0054330067,-0.0023604778,-0.004341377,0.005290228,0.0043746145,-0.011687878,0.0045750723,0.0053001433,-0.0012477166,-0.0014121586,0.010937338
2019-08-06,-0.0018185072,0.008476819,-0.00028221062,-0.0033963886,-9.307636e-06,-0.008620856,0.014612873,-0.002672236,-0.012647312,0.0,-0.0021820662,-0.028251909,0.014809888,0.011084881,-0.0008550917,0.011989619,0.008168988,0.0045865276,0.013744047,-0.0018185072
2019-08-07,0.012767679,0.0073758075,-0.0036236877,0.011901768,0.007168225,0.0036722377,0.010574276,0.0056326627,-0.012563178,0.01164331,0.008337139,0.0094024055,-0.007717862,0.018207904,-0.116169624,0.018395694,-0.0009033503,-0.026223227,-0.009256881,0.012767679
2019-08-08,0.00781416,4.928177e-06,0.004564988,-0.00062409084,-0.0023421864,0.017972833,0.0045253024,0.003184889,0.0009109346,-0.004381255,0.007049876,0.014801488,0.0041413205,0.0045168744,0.005099289,-0.011323163,-0.0042504678,0.00071811414,0.07924535,0.00781416
2019-08-09,0.0037268235,0.0039582057,0.00065009913,-0.0038813897,0.0042541455,0.0038610727,0.005056214,-0.037229143,0.0019391568,0.0022315902,0.017934758,-0.00014805555,0.007331224,0.0,-0.011912662,0.010617583,0.0068633975,0.018975217,0.025179602,0.0037268235
2019-08-12,0.009886615,-0.0010216525,0.012838766,0.0011806348,0.0048610833,-0.011924584,0.003623385,7.183016e-05,0.0001503329,0.017212713,-0.002063375,0.010115082,0.0025068428,0.001288369,-0.19242932,0.0011864576,-0.004967294,0.014038889,-0.016559577,0.009886615
2019-08-13,0.0019370285,0.0049777986,0.008806595,-0.0017051648,0.00060869096,0.010453464,-0.0033552295,-0.021295033,0.0062401686,-0.002546243,0.011768656,0.006974954,-0.002657124,0.0018836074,0.009204611,-0.009321462,0.0073581277,-0.015628114,-0.21762906,0.0019370285
2019-08-14,-0.0012447214,-0.008563819,-0.0085197855,0.0038542522,-0.0054870527,0.0070110806,-0.0014932448,0.014793393,0.0022054273,0.0,-0.003571415,0.013123136,0.008799547,0.0,-0.014708079,0.009535063,0.0026438497,0.010296891,-0.015655229,-0.0012447214
2019-08-15,0.016373232,-0.0007865218,0.008759377,0.011178859,-0.007897263,0.008888572,-0.03636174,0.006946798,-0.0025632,0.01207489,0.0033728934,0.009981766,0.0014921658,-0.0020476852,0.037643522,-0.0070275106,0.004580432,0.0067134053,0.0,0.016373232
2019-08-16,0.013800791,-0.005506911,0.0032910532,-0.006641942,0.036317952,0.006545056,0.018756477,-0.0008330221,0.0005794098,0.004339481,-0.008229903,-0.0020121706,0.009383984,0.018811794,-0.0140003385,0.008916332,0.0047774413,0.006721936,0.042596165,0.013800791
2019-08-19,-0.014161097,-0.0011743471,0.014200075,0.011725933,0.04875992,-0.009495489,0.012629783,0.009958319,0.013715139,0.0030496232,-0.0074288263,0.010770039,0.017356,-0.0026956,0.0,0.025611298,0.0020349005,-0.00204906,0.029789973,-0.014161097
2019-08-20,-0.015833857,0.021663137,-9.932701e-05,0.008019752,0.007029043,0.024219895,0.0047029313,0.009124755,-0.015870333,-0.01195219,0.00441697,-0.0046433033,0.004470471,0.0048566693,-0.003931184,0.016743092,0.010865023,-0.019656332,0.12238348,-0.015833857
2019-08-21,0.022451106,0.01058386,0.0,0.0014010345,-0.0009294338,-0.009205042,0.0053683626,-0.009842542,0.0034551537,0.015245329,0.0113072945,0.005458002,0.012378715,0.013747418,0.0,0.0001432529,0.0016963826,0.057762,-0.005245374,0.022451106
2019-08-22,0.018497506,0.004232606,0.010629216,-0.0073959194,0.010237796,0.013758445,-0.001440041,0.015509148,0.0015234126,-0.113405384,0.0019547865,-0.005611915,0.0,0.009500334,0.007869447,0.0049264827,-0.000361841,-4.8849775e-05,0.020607011,0.018497506
2019-08-23,0.010345135,0.004442761,0.005460652,0.0018033684,0.014269471,0.004854548,0.0021814802,0.0063349297,0.012509632,-0.010525879,0.0037341674,0.0490593,-0.0047826227,0.016693272,0.0011185788,-0.010680069,0.015873557,0.025275588,-0.025941832,0.010345135
2019-08-26,-0.085867815,0.0119744865,0.009844709,0.012243504,0.008319651,-0.0063459785,0.016455274,0.010154495,-0.0010056569,0.0047158883,0.011825324,-0.027193999,-0.0006652192,-0.013545596,-0.001296695,-0.003574257,0.004905349,-0.00941693,0.00028409655,-0.085867815
2019-08-27,0.02325519,-0.0074015427,0.00990001,0.007732035,0.0013233843,0.004354383,-0.0002761676,-0.016599871,-0.0026108113,0.022160465,-0.00454434,0.04860011,-0.024254993,0.016469061,0.012611008,0.0056046685,-0.00016207996,-0.015123114,0.012490264,0.02325519
2019-08-28,0.0014182617,-0.0003446958,0.00046817926,-0.002746765,-0.007363406,0.01581985,0.0,-0.0026696436,0.0124873165,-0.0028164263,0.0050748754,0.021877594,0.002253979,0.017003587,-0.0066378172,0.012033763,-0.014249019,0.016550658,-0.023004517,0.0014182617
2019-08-29,0.025060918,0.009609773,0.003472144,0.0076053175,-0.00019858686,0.008480359,0.009874778,0.00225761,0.003014221,0.006104365,-0.021081163,-0.00045369146,0.00023257923,-0.009090583,0.0055057,-0.0018334284,0.014799773,0.0096921045,-0.0031006613,0.025060918
2019-08-30,-0.012590871,-0.015808282,-0.0013714369,0.0037544195,0.0109869735,-0.004008196,2.8450322e-05,-0.010443274,-0.0016407354,-0.008741374,0.017219065,0.0030008962,0.01021382,-0.0032204273,-0.008883062,0.053727373,-0.01168863,0.00039623617,0.008909398,-0.012590871
2019-09-02,0.0,0.0130135035,0.004438317,0.002895062,0.01030135,0.014391375,0.0003707141,-0.018730635,0.0038572862,0.023724888,0.016246136,-0.00033085913,0.015718084,0.00088568905,0.008130591,-0.00977206,0.022429913,-0.024866221,0.1020593,0.0
2019-09-03,-0.008723609,-0.002914815,-0.040440504,-0.023105888,-0.00074420986,-0.013335375,-0.0007523406,0.0,0.004085484,0.00943477,-0.011233026,0.008324366,0.007608824,-0.0001405038,-0.0077003203,0.016796783,0.007272079,0.0037300608,-0.016817803,-0.008723609
2019-09-04,0.009349767,-0.009451299,0.0068636406,-0.0012625225,-0.003469235,0.00034811223,0.007031003,0.01331735,0.007330448,0.0020347475,0.0050827144,0.0069276732,-0.0026235725,0.0054352684,0.010433869,0.012428595,0.013163536,0.001300307,0.025341706,0.009349767
2019-09-05,0.007243203,0.006569826,0.0054695285,0.008358192,0.012082158,0.009708597,0.0060427533,-0.0060631814,-0.0040285103,0.008866929,-0.00052666693,0.013089916,0.0015974593,-0.0020314148,-0.0042838342,0.016427591,-0.013745829,0.0054404885,-0.06894069,0.007243203
2019-09-06,0.008663771,-0.005337392,0.0065301177,-0.001981301,0.008486106,-0.0066278367,0.009000136,0.007317839,-0.008819765,0.0065606926,-0.0020834317,0.010124157,0.010664419,0.008838944,0.008780988,-0.0034082297,-0.017001547,-0.01948059,0.06885694,0.008663771
2019-09-09,0.0007036986,0.002253572,0.0033551946,0.011719943,-0.0013177856,0.026238983,-0.003247786,0.0018615463,0.008496187,-0.0058093136,0.018186698,-0.0022566433,0.00804593,0.0028478685,0.0031331372,0.0040908665,0.005851929,-0.0074014356,-0.0049308115,0.0007036986
2019-09-10,-0.008856698,0.0067394446,0.008003497,0.003139173,0.0015967597,-0.021559125,0.003909053,0.0131737795,0.047363073,0.00575555,-0.03210644,-0.0203846,0.013762146,0.003907439,0.0055759344,0.0054817433,0.0074709477,0.014531228,0.00798343,-0.008856698
2019-09-11,-0.0014346259,0.0043848846,0.004366065,0.014104691,0.004927595,-0.010127473,0.010402208,-0.0020302364,0.0021598383,0.0026929053,0.030866433,0.0,0.0006969298,-0.023016566,0.0014434508,-0.013026398,-0.002107202,-0.010991797,0.017579509,-0.0014346259
2019-09-12,0.009606755,-0.009480166,-0.0040355492,0.012129364,-0.0053601265,0.0058302963,0.0020568483,0.012845447,-0.0580933,0.00093895604,0.0089950375,-0.003335226,0.016625794,0.002253776,-2.1944265e-05,0.07328574,0.003392068,-0.018884331,-0.007837426,0.009606755
2019-09-13,0.004047988,0.00047322433,0.0045802873,0.013163315,-0.009382132,-0.018688641,0.0004572536,0.006788573,-0.024018282,0.042591106,-1.1829789e-05,0.004193939,-0.0073896707,0.010562101,0.013364843,-0.0111345975,0.0018922953,0.003713338,0.0028638043,0.004047988
2019-09-16,0.026577232,-0.0059570395,0.0059205303,0.0066431216,0.0022232411,-0.0029710256,-0.00017915931,0.007539313,0.0016194349,0.0065167877,-0.00020315265,0.008352281,-0.004206134,0.008006943,0.0016006931,0.018833404,0.0028070922,0.0030294089,-0.0076263123,0.026577232
2019-09-17,0.015963888,-0.001333633,0.009655081,0.0,-0.006901679,-0.00979628,0.0037272233,-0.017554559,-0.010167424,0.0028615373,-0.0020136677,0.0003631422,0.002019894,-0.004176504,0.0,0.008644924,0.012338832,0.009312869,0.00489525,0.015963888
2019-09-18,-0.0011701384,-0.011700928,-0.0038384052,0.0022577883,0.013846497,0.043814726,0.007959353,0.0,0.0051224856,0.008895673,0.0013216581,0.008664898,-0.009478497,0.008851962,-0.009368145,-0.00047001606,0.0010038541,0.0020188366,0.09107166,-0.0011701384
2019-09-19,-0.0037829864,0.0022443812,0.004831668,-0.0011956089,0.0,-0.0049617803,-0.004637406,7.656301e-05,-0.0062887114,0.005546449,0.011515453,0.024163978,0.008557883,-0.0044427887,0.0021591585,-0.0034752663,-0.0025908914,0.0024585528,-0.004915327,-0.0037829864
2019-09-20,-0.020215483,0.0071803513,0.0022559175,-0.00612594,0.0,0.018337749,0.01054546,-0.0013299806,0.016365645,-0.0023409834,0.0024830909,0.00013766234,0.011155339,-0.019465938,0.005471817,0.03212517,0.020339852,-0.007031325,-0.0011638704,-0.020215483
2019-09-23,0.015781442,0.005769885,0.0029425554,0.0034379456,0.005023066,-0.0065641915,-0.002360216,-0.0008581933,0.0023247234,0.005546693,0.0011209934,0.0042149858,0.0455899,0.05214372,-0.0029388021,-0.006945578,0.019391278,0.021660637,0.003973019,0.015781442
2019-09-24,0.012676779,0.011435679,0.0024317163,0.008647136,-0.016577693,-0.0011264132,-0.0042892997,0.002330917,0.010815288,0.007366391,0.008615621,0.010124943,0.006233071,0.01538773,0.003262615,0.0073343185,0.001514982,0.015094448,0.029219212,0.012676779
2019-09-25,-0.011923168,-0.0012045824,0.00097006577,0.0021273838,0.0056670285,0.0020147061,0.0061040083,-2.3646853e-05,0.0,0.015047973,-0.009725256,0.005796789,0.000176559,0.0019341145,-0.0016794523,-0.0034148034,-0.0032243037,0.006884113,-0.0072251027,-0.011923168
2019-09-26,-0.023317242,0.01812505,-0.0006663673,-0.010550113,-5.01441e-05,-0.024519281,-0.0031047657,-0.005770505,0.009344518,-0.0043483656,0.0,-0.006912505,-0.0042221216,0.0036067301,0.0036123446,-0.00359403,0.0036862607,-0.054821674,0.010712538,-0.023317242
2019-09-27,0.005522872,0.0017260404,0.0060235397,0.010981488,-0.004541109,0.0,0.0015745608,0.009090706,0.008639227,0.0011760385,0.009104316,-0.009075775,0.0033651262,-0.012565183,0.0013266501,-0.005326688,0.0054496652,-0.032776438,-0.002512069,0.005522872
2019-09-30,0.014426903,0.006083626,0.00024506394,-0.0011831018,0.008803383,-0.03754337,0.008907745,0.010864464,-0.0015500796,0.015936807,-0.0048649292,-0.011893864,0.020701101,-0.0048720283,0.008820352,0.007876541,0.00815607,0.07110324,0.012823666,0.014426903
2019-10-01,-0.014978348,0.0,-0.004627325,0.00202325,-0.0016895295,0.01563384,-0.007536835,-0.0029407756,0.019494746,0.0115615735,0.008691811,0.01679189,-0.0028866702,-0.011454644,-0.0069576846,0.011743276,-0.00070329563,-0.0059173503,0.004875826,-0.014978348
2019-10-02,-1.03156235e-05,0.0053784573,0.005518142,-0.0071398597,-0.006441514,0.0888398,0.029147614,0.004908397,0.012563101,-1.0291302e-05,0.008589454,0.008523183,0.0003713201,0.012534195,0.0,0.012774991,0.02293226,0.009120086,0.0,-1.03156235e-05
2019-10-03,0.008990223,-0.00280388,0.0,0.013068221,0.012243738,0.006942273,0.026082119,-0.016189048,0.0019970497,0.005448613,-0.0011417248,0.008703681,0.008563963,0.008826994,0.008311587,-0.00092840963,-0.002112142,-0.060763523,0.004665605,0.008990223
2019-10-04,0.007561636,0.0011603044,0.0004804069,-0.007049731,-0.0033285925,0.019950556,0.005363052,6.344557e-05,0.023740109,0.00933072,0.009022596,0.0008647553,-0.002849898,0.004805377,0.008862321,-0.0035442128,0.0,-0.0052256766,0.0071136174,0.007561636
2019-10-07,0.006033942,0.012618604,0.00348349,0.013698825,0.0030321637,0.010746346,0.0044814437,-0.0025741924,-0.017838033,0.006154623,0.008189451,-0.005539348,-0.013546364,0.0,0.0076810136,-0.0074102697,0.0010824337,0.012165994,0.008636843,0.006033942
2019-10-08,0.01776697,0.0024125115,-0.0034961859,-0.04046604,0.0022606328,-0.0016100268,0.0029069665,-4.4021683e-05,-0.0069355536,-0.0050525917,0.009778232,0.0151958475,0.008116189,0.00040511004,-0.0024937154,0.016486866,0.006682476,-0.0080660805,0.0093677025,0.01776697
2019-10-09,0.013843409,-0.01194671,0.009184281,0.012576231,0.012304624,-0.0014918627,0.014338352,0.009904659,0.0060981372,0.007979273,-0.00885145,0.00047502771,-0.007956123,0.0052997377,-0.004243723,-0.0017299239,-0.00861792,0.0034308094,0.0023095894,0.013843409
2019-10-10,0.0032062705,0.003123608,0.012640159,-0.002041832,0.012181635,0.012634269,0.0038328113,-0.015290975,0.0030562684,-0.004862652,0.015896505,0.004830855,0.049891613,-0.004539814,-0.001936704,0.0015883731,0.006908483,0.011260501,-0.0027408835,0.0032062705
2019-10-11,0.0022932643,0.007888572,-0.008316703,0.017882772,0.01752316,-0.0054484443,-0.005103213,0.014405274,0.003315952,0.01572899,-0.021314198,0.0,0.013303872,-0.0103061665,0.003546881,0.0101680895,0.0034612853,0.027691465,-0.024687635,0.0022932643
2019-10-14,-0.0021379231,0.0041169743,-0.0023954879,0.0,0.0039955913,0.0067162984,0.002789361,0.0102815665,-0.0062962435,-0.00786538,0.009620571,0.007697909,0.005355644,0.0,0.009754671,0.0031991606,0.038749382,0.020279927,0.025008291,-0.0021379231
2019-10-15,-0.061534267,0.005060976,0.006037433,0.0,-0.0066462345,-0.004471071,-0.0097676,0.0031824363,0.0,0.003754807,-0.017385978,-0.007191417,0.004383167,0.006052453,-0.016761614,-0.019274421,-0.0017275169,0.0051139942,-0.00042788073,-0.061534267
2019-10-16,-0.0027640378,-0.00018005627,-0.03470053,0.013519885,-2.648878e-05,0.0,0.00017418935,-0.0033996326,0.0023167094,0.021814551,-0.0009690473,-0.0076447744,0.01012959,0.016295515,0.0149506265,-0.0019386032,-0.015828228,0.00021688465,-0.10523673,-0.0027640378
2019-10-17,0.0,-0.0032661986,0.0,0.0010659772,0.0024841898,-0.084082685,0.013390755,-0.002327918,0.008607346,0.0103036985,0.011000092,0.0019373134,0.019040883,0.007919291,-0.0042232247,0.009962677,-0.014887313,-0.0007925064,0.0016221511,0.0
2019-10-18,-0.015064684,0.00036386706,2.3101559e-06,0.009871366,-0.009131395,0.0044037923,0.00039653043,-0.020529654,-0.00080210966,-0.005468063,0.015057025,0.011719123,0.0030948517,0.0031862785,-0.00018847619,0.01823958,0.032725826,0.009913521,-0.0084424205,-0.015064684
2019-10-21,-0.0025407476,0.0081674075,0.0022353993,0.00313951,0.013085357,0.0028780273,5.415957e-05,-0.0026485722,-0.005871927,-0.0058751306,0.0064579486,0.0014424346,0.0026014058,-0.0019871572,0.0013848617,0.01665691,0.012069906,-0.014381839,-0.006607538,-0.0025407476
2019-10-22,0.013822553,0.008991143,0.0020438624,0.005003976,0.010199961,0.0047324225,0.005638775,0.010951807,0.016544385,-0.0017547075,0.0062669297,0.01835408,0.037562646,0.02077189,0.009211712,0.009380003,0.03327978,0.026520139,0.06229989,0.013822553
2019-10-23,0.00525764,0.0,0.00039699755,0.004681582,0.0076208143,0.0060504978,-0.011992716,0.0072888043,0.020973317,0.009292724,0.0021365802,0.005215599,0.00039243588,0.004999422,0.008704356,-0.008057571,0.01182932,0.0048506525,-0.00020630541,0.00525764
2019-10-24,0.0022905222,-0.0040373188,0.007571157,0.0075148917,0.029713297,-0.0008598034,0.010858967,0.017547974,-0.03357423,0.022090012,0.0,0.011704519,-0.031454597,0.011906942,0.0042004464,-0.0073230895,-0.00012911043,0.016426712,0.06858451,0.0022905222
2019-10-25,-0.0090132505,-0.0056875604,0.0011068762,0.00010838156,0.0,-0.015825218,0.006782546,0.0036835622,0.003832097,-0.005111698,-0.010682729,-0.042516995,0.013277138,-0.0020287253,0.0,0.013854468,-0.0030100613,-0.021252021,0.15269534,-0.0090132505
2019-10-28,-0.0035744926,0.004514778,0.00068908616,0.004892632,-0.00027065634,-0.00033071043,0.025476484,-0.0013421742,0.020011151,0.0024289298,0.0,0.07634782,-0.01002726,0.006289615,0.0060388567,0.0062710117,-0.0077942233,0.00905919,-0.14267054,-0.0035744926
2019-10-29,-0.0018060453,-0.00019330264,0.00040776635,-0.0058010244,0.004839334,0.0071397,0.0033880954,0.0045582997,-0.007222133,-0.002128029,-0.0066859913,-0.008492996,-0.00189611,0.034481633,0.0054867207,0.0067352713,0.0071114395,0.0,0.02098437,-0.0018060453
2019-10-30,0.0084969485,-0.009316986,0.009639349,-0.0043500834,0.010108575,0.01416775,0.013083257,0.0,-0.0054588127,-0.005285767,0.014436699,0.0,0.005722353,-0.0053537865,-0.0014366362,0.0041884067,0.00815046,0.0020005258,0.016878285,0.0084969485
2019-10-31,-0.001749506,0.000109758636,-0.006330416,0.0052610952,-0.0033339355,-0.0059301984,0.002594274,0.0044821175,0.0033431032,-0.009474493,-0.010082894,0.002821584,-0.0153047135,-0.004763103,0.0074281357,0.0031053068,0.0046016453,0.014376339,-0.174866,-0.001749506
2019-11-01,0.0064713927,0.00816996,0.008083822,0.00028927712,5.229748e-05,0.010774852,0.0029256297,0.0008609238,0.01721964,-0.009359789,0.00493264,0.017214593,0.0027753443,-0.0037938782,0.010819258,0.011269646,0.004258119,-0.0014260293,0.0711758,0.0064713927
2019-11-04,-0.014110624,0.007076948,0.00028982395,0.0037792148,0.0072922525,-0.002560594,-8.818621e-05,-0.002196076,0.015332409,-0.006848208,0.0042018755,0.018498907,0.0,-0.117268205,0.001976796,-0.0314839,-0.007238909,0.00063164625,-0.009249398,-0.014110624
2019-11-05,0.013604003,-0.00083499006,0.013150896,0.011855544,0.016281871,0.002016955,0.0016462776,0.009616524,0.0069231084,0.017095359,0.008542891,-0.0058394154,0.00566213,-0.019452142,0.0037065616,0.00079558115,0.013464685,0.014325864,0.025850357,0.013604003
2019-11-06,-0.00209861,-0.0022828537,0.00083387725,0.009618718,0.009224135,-0.018605873,0.0016618278,-0.0046195704,-0.0006607676,0.005663455,0.006027152,0.0067343675,0.0,0.09722242,0.007092955,-0.009089823,0.009037177,0.0014055977,-0.0031591076,-0.00209861
2019-11-07,-0.0017235056,-0.0017535758,0.008119704,0.010474432,0.0062837675,0.034588013,0.007899682,0.025931843,0.004975839,-0.005516255,0.013660579,0.0,0.0038240647,0.0,-0.010761151,0.03970223,0.011730734,-0.0017922176,0.028246941,-0.0017235056
2019-11-08,0.013551762,-0.003967192,-0.010879905,0.0021577151,-0.013285587,0.019608112,0.00520069,0.00087583467,0.0105022,-0.008116921,-0.013347185,0.016923796,-0.01505914,-0.020398065,0.006129661,0.011746777,-0.002667908,0.0048913937,0.004061366,0.013551762
2019-11-11,0.010456877,-8.4049585e-05,-0.001149251,0.010179298,0.008673242,0.0141543485,0.0042847483,0.008858396,-0.0003988303,0.00092735793,0.00815088,0.008227762,0.018078644,0.004695926,-0.009034746,0.0060411086,0.006281414,0.0055487757,0.005357261,0.010456877
2019-11-12,0.009691312,0.0008102653,0.015775729,-0.0039094724,0.006085485,0.010592151,-0.0013252866,0.0033221142,0.011930265,0.005097221,0.0066057276,0.0,-0.0014891014,0.031473264,0.0031877332,-0.0060958657,-0.022486875,-0.021240538,0.0026995088,0.009691312
2019-11-13,-0.009611533,0.0060435613,0.006192991,0.008658583,-0.0008077341,-0.0033666156,0.003847325,0.009245716,0.039131843,0.0,-0.00032959884,0.006239615,-0.0066255885,-0.032780215,0.005324683,0.015196418,-0.003564329,-0.0029615532,-0.0054562595,-0.009611533
2019-11-14,0.014476324,0.0031667885,-0.0016082374,-0.01318123,0.004386353,0.0,6.859444e-06,-0.014209537,0.0010001983,-0.0029041106,0.019500855,-0.0013187819,-0.0077071236,0.008134751,0.006444265,-0.0021999236,-0.0019618275,0.005303045,-0.022636227,0.014476324
2019-11-15,0.0534831,0.05069013,0.0033725125,0.0004491897,-0.01158782,0.008692171,-0.016959628,0.019334158,-0.0011241084,-0.00033608242,0.008905348,0.004273978,0.005349309,0.00732939,-0.0029792637,0.0018551933,0.019742029,0.026110953,0.022603348,0.014318523
2019-11-18,0.012810551,-0.007665819,0.01197914,0.0006555531,0.16097166,0.0023820477,-0.013218639,0.0053251353,-0.0023578098,0.027367512,0.00048209509,0.006003676,0.005862582,0.011096458,0.0036922018,-0.008606186,-0.006653447,-0.11597041,0.0,-0.010881078
2019-11-19,0.0019512988,0.0084657455,-0.011212803,-0.002016302,-0.0048197885,0.13160194,0.040700927,0.004838615,0.004714279,0.010239485,0.014665167,0.039049096,-0.0024115697,-0.02539948,0.05355617,0.02695797,0.0071139173,-0.0021484164,0.009639471,0.0002985474
2019-11-20,-0.020109292,-0.023896486,0.008448086,0.0011279924,0.021524748,-0.11922723,0.0,0.010922399,0.0,0.006477419,0.011014504,-0.009201606,-0.000793637,0.0034528768,0.013548954,0.010978156,0.012742547,0.0014928156,-0.011927644,-0.009212861
2019-11-21,0.0094415285,0.011964837,0.008747353,0.009275399,-0.007390636,0.007732085,0.032669805,-0.016358139,0.016800767,-0.0029697774,0.002493196,-0.0073631722,0.0033279373,-0.040035386,-0.012928158,-0.0020877605,-0.0028220678,0.0,0.020481713,-0.02281744
2019-11-22,-0.01822918,-0.0014181217,0.0152062075,-0.01333032,-0.02391834,-0.038463764,0.005485936,-0.00073101284,-0.0029730853,0.011692884,0.060982265,0.006818283,0.010940912,0.01506032,0.009566464,0.0,-0.0034885241,0.034287684,0.012342356,0.010886795
2019-11-25,-0.017537225,-0.006379479,-0.0020642309,0.0039190524,-0.00046193463,0.020531764,-0.0079824645,0.0009668412,0.0,0.005793156,-0.17955962,0.028579429,0.020640345,0.008334271,-0.0004718583,0.0,0.0100315595,0.008373782,-0.0037885043,-0.00547851
2019-11-26,0.010597912,0.009155005,-0.004848761,0.015419959,0.007031657,-0.010111048,-0.016069042,0.003279171,0.006512019,0.0132151665,0.07442732,0.013758565,0.0,0.014251485,-0.005818915,0.006731623,0.008003097,0.007431927,-0.0026682606,0.00021973033
2019-11-27,-0.010831022,-0.013182226,0.0,0.01368818,-0.11485714,0.013000774,0.009541127,0.008282912,-0.0052834693,0.00012375986,0.0085202195,0.00038329,0.007461976,0.010126677,0.010223042,0.0033300454,0.012999657,-0.008649291,0.048752904,-0.11933033
2019-11-28,0.024484582,0.010936834,0.0068665263,-0.0055327606,-0.022670021,0.023239011,-0.00029104183,0.00552645,-0.0022291348,0.004412195,0.012035589,0.0072793993,0.0060842116,0.0051130373,-0.02002134,0.08592512,0.00018554715,0.023420682,-0.14861114,0.019485584
2019-11-29,-0.0015166341,-0.03070851,0.006928604,-0.0028232073,0.08496432,0.06311788,-0.00048001247,0.015787037,0.010107091,0.008607074,0.019908603,-0.01988263,0.011252147,0.0056084604,0.013087481,0.008608111,0.017497433,-0.011853091,0.049589973,0.06445691
2019-12-02,0.025175802,-0.020416845,0.015757011,0.0055124294,-0.009906724,-0.1751611,0.0067409608,-0.0097230105,0.00012409744,0.0,-0.18691798,0.0009238064,-0.020072259,0.0023439692,0.009487279,-0.003653683,0.009650649,0.0014864473,-0.0021565282,-0.021880955
2019-12-03,0.018584222,-0.008971573,0.015940702,0.014016012,0.023347123,0.009680346,0.0035767562,0.0,0.019789457,0.019978058,0.018290643,0.018822245,0.020006388,0.010227035,0.0056876773,0.003371612,0.005298544,0.012532117,0.0254541,-0.024228116
2019-12-04,-0.104964726,0.007325119,0.0024112263,-0.030589726,-0.005641382,-0.00258257,0.004956398,0.0026925409,0.0,-0.0032221724,-0.0013109433,-0.013904397,0.0018714865,-0.0130165955,0.006562131,0.0043786964,-0.0003156259,0.021777313,-0.012350079,-0.010066397
2019-12-05,0.034645043,-0.006945475,0.009510199,-0.0032615918,0.01022391,-0.03469443,0.010079368,-0.00020041151,-0.008292756,0.009265962,-0.0064512515,0.013464192,-0.007394166,0.0074893655,0.0049340976,0.006579042,0.005915695,0.0077414643,-0.011621364,-0.012994477
2019-12-06,0.01537119,0.022805102,-0.021027375,0.011277003,-0.004817941,0.047237985,-0.00549332,-0.0015897476,0.009045436,0.0043950616,0.01794662,-0.049010783,-0.00076750456,-0.00674327,-0.023983203,0.005419543,-0.0059759063,0.00860401,-0.009334683,-0.010436194
2019-12-09,0.0,0.011632543,-0.012113184,0.006845784,0.07858876,-0.0037540144,0.007851311,0.0029461326,0.00036002448,0.012599315,-0.00066497794,0.017798478,-0.00220845,-0.0011846549,-0.006271488,0.0033851266,-0.0016325458,-0.018877711,0.009635159,-0.047231413
2019-12-10,0.015801735,-0.0015445995,0.0069966684,0.0074560135,-0.0077515286,-0.0036818846,0.0,-0.0038971864,0.005040915,-0.00010549209,0.0047353064,0.0084380675,-0.10142244,0.007866632,-0.017925214,-0.006041909,0.011424171,0.017002827,0.044297084,0.06740273
2019-12-11,0.0,-0.008673159,-0.004460117,0.00074247544,0.015279568,0.025103288,0.008228892,-0.0038548522,-0.004582682,-0.0037305898,-0.0028037375,0.0042644837,0.0,-0.0009827713,0.007589022,0.0020506806,0.0153196575,-0.002013274,-0.038078222,-0.014844573
2019-12-12,0.0,-0.00075646216,-0.025113925,-0.0005639904,0.0035941168,0.009038237,-0.010422994,0.015867677,0.011428407,-0.0002522958,-0.0031088272,-0.008103319,0.0069030942,0.018457016,0.013686903,0.00036368895,0.009201023,-0.0026361258,-0.0005417043,-0.024459593
2019-12-13,0.0024222813,0.011148378,0.022004517,0.0,0.008043228,0.009059807,0.01067976,0.013420768,0.0073561794,0.004856706,0.10126305,0.015719583,-0.0011825068,0.0,-0.0047530117,0.011840641,0.0057726614,0.0,0.009787078,0.06474848
2019-12-16,0.008824629,0.0056805294,0.0068642898,0.002793662,0.009392745,-0.00078994595,-0.0023337847,0.006022835,0.00024437564,0.004628258,-0.022098182,0.0095481565,-0.0015001856,1.0874271e-05,0.002898888,-0.011441925,0.00097581174,-0.0018550471,0.015605971,0.011327513
2019-12-17,-0.0064243325,-0.009966336,0.010308856,-0.005803332,-0.0019159064,0.009481608,0.0025424792,-0.0047826977,0.0054105334,0.002385694,0.046734266,-0.0061399275,0.008806662,-0.0014901521,0.0162869,0.012540872,-0.0193843,0.032758437,0.0021582365,0.07831164
2019-12-18,-0.00792744,0.02369305,0.0035518326,0.009154706,-0.010690588,0.06716327,0.012813732,0.0018664431,0.010570828,0.009436128,-0.012422056,0.012924818,-4.4346425e-06,-0.0039056083,-0.0067091603,0.002563218,0.004710801,-0.016350448,0.001615714,0.02106901
2019-12-19,0.006533666,0.019648058,0.006881721,0.008907854,0.022945339,0.01572935,-0.017318925,-0.0014503837,0.004012977,-0.021981273,0.014783356,0.00027764472,0.0029118566,0.0137810735,0.0063682133,0.008448706,0.016293941,-3.8586226e-05,0.010139449,0.0
2019-12-20,0.0014401384,-0.0046897503,-0.00022473914,0.0060469103,0.0026706958,-0.005899071,0.012707931,0.017490743,0.0056328517,-0.0029705304,0.02526924,-0.024154285,-0.00395637,-0.0030171296,0.011161542,0.013842634,0.006285797,0.0,-0.037758447,0.052793246
2019-12-23,-0.06654733,-0.004496075,0.018775847,0.010234278,0.0027082672,0.010793731,0.0037931427,0.0,-0.00030718962,0.03287208,-0.0339722,-0.012315636,0.009039837,0.010973862,0.026228571,0.009801609,0.012409951,0.010215407,0.011251644,-0.0075066243
2019-12-24,-0.00022952093,0.0027294108,0.0009236342,0.008037004,0.030117797,0.023093285,-0.0017270185,-0.020205015,-0.00064349844,-0.018065348,-0.00080135115,0.014336141,-0.071185306,0.0059214286,0.009208814,0.0019517264,0.0018839574,0.0088497605,0.0,-0.017374935
2019-12-25,0.0017676506,-0.033232637,-0.016574547,-0.01772868,0.013139933,-0.010788506,-0.001931531,0.010935177,-0.013134034,0.021900631,0.00619974,-0.01954626,0.00086219056,0.0040267017,-0.013755334,-0.016866168,0.00958784,-0.0059766155,0.04562919,-0.048072524
2019-12-26,0.00090115686,0.011382129,0.014949552,0.004992344,-0.0008182802,0.0046504424,0.003242414,-0.0088684615,-0.013373036,-0.01085377,-0.011861421,0.0043855812,0.013181268,-0.0013924083,0.0028635152,0.00015260348,0.008554479,0.007086854,0.00807598,-0.0017367444
2019-12-27,0.00040893065,-0.0074306033,0.0014949007,0.008270078,-0.0067199282,0.00027919147,0.004480984,0.0024728365,0.014247928,0.00027979957,0.0050258455,0.019830715,-0.015369683,-0.008844433,-0.0027359964,0.0007152755,0.018223356,-0.012284708,0.008230546,0.038900383
2019-12-30,-0.013099695,0.008992307,-0.00815194,-0.010885841,-0.0022212255,-0.0034002392,0.026340432,0.016375676,0.015804831,0.00222437,0.08486244,0.0071429196,-0.013684374,-0.001601572,-0.0074942373,0.008443009,-0.0032326388,0.0017738632,0.0051754657,-0.010710944
2019-12-31,0.01971292,0.00963726,-0.0034304652,0.008440677,-0.06302742,0.04993843,0.0031705417,0.0036481465,0.008555168,-0.0031230596,0.01393638,0.012696513,0.032564227,0.0037267753,0.009194643,0.005518714,-0.017706638,0.038299363,-0.012866597,-0.01181664
2020-01-01,-0.015549841,-0.007613267,0.007316758,0.03699674,0.085683756,-0.00025241822,0.0,0.025442563,-0.0035558173,-0.004244302,0.013143423,0.018924883,0.01719705,0.013621195,0.01020763,-0.0010464017,0.0,0.0048872507,-0.031322632,0.0105777765
2020-01-02,0.014694773,-0.004172001,0.017207274,0.00042690558,-0.00362702,0.016408788,0.0072564124,0.009080707,0.0061502433,0.0,0.008224956,0.004755079,0.0037042438,0.015891349,-0.004674566,0.010791072,0.0022950612,0.004102176,-0.008602041,-0.025404055
2020-01-03,0.006093461,0.008459889,0.004773984,-0.0059825135,0.022804167,0.01169358,-0.0049336525,-0.0030850226,0.0067411014,0.010751505,0.0,-0.01563468,0.0015006594,0.013685286,0.010923038,-0.01387499,-0.0010379159,0.01268917,0.012201733,0.034934606
2020-01-06,0.018448515,0.0025386966,-0.031369768,-0.0006418901,0.038450085,-0.09739141,0.009541476,-0.005676791,0.012431248,-0.0005028102,0.013181953,-0.0024008402,0.011094314,0.013419258,0.0027329,-0.016566912,-0.002328584,6.1786873e-06,-0.21398672,-0.0045752297
2020-01-07,0.0,0.008559256,0.00037907402,-0.0006542471,-0.00028492065,-0.003031651,0.007084651,0.039110046,-0.03396116,0.0062484965,0.00034553092,0.013060537,0.0,-0.0017145802,0.004868428,-0.003792449,0.0,0.006532642,-0.01044206,0.003719098
2020-01-08,-0.013038948,-0.0030256396,0.0068521234,-0.009839813,0.0036843217,0.011631108,-0.005443298,0.0,0.0203792,-0.016432364,-0.009908105,0.0012306873,-0.0015748986,-0.0022447666,-0.0023738453,-0.001315165,0.0014365702,-0.005852735,-0.014697921,0.007942928
2020-01-09,0.013616009,0.0063364524,0.008018682,0.0012704306,0.00052773923,-0.0015005238,-0.0087983,0.0028124324,0.010386243,0.01664648,-0.0002493486,0.006793113,-0.016683387,0.011374964,0.005165794,-0.0071182656,0.0010561785,0.004923437,-0.0031311475,-0.0033277716
2020-01-10,-0.0030207145,-0.0017213906,-0.00268919,-0.006950402,-0.0006644887,0.011971943,-0.009902978,0.0010499867,0.0,0.009324963,0.0043781423,0.0,0.010811053,0.022033688,0.0020831935,0.00058929226,0.004173996,-0.009929125,0.003466035,-0.21595623
2020-01-13,0.006730364,0.009572726,0.010605203,0.017477484,-0.0029572912,0.010931612,0.008600421,0.009601417,0.022216998,0.015374207,-0.0022892507,-0.022894004,0.011269094,0.00067011587,-0.0048702415,0.0012828964,0.0055694296,0.008041677,0.0784962,0.02415255
2020-01-14,0.009907514,0.00013982212,0.00409581,-0.0032235992,0.012254285,0.0017345067,0.0033502595,-0.014742515,-0.0004244387,0.012619719,-0.016280383,0.005518017,0.005078408,0.005004098,0.0022624838,0.007597639,0.0042818952,0.009507695,0.0011446165,-0.0023100977
2020-01-15,-0.00598693,-0.015691413,0.011363718,0.013186623,0.0072725634,0.00087885506,0.017632246,-0.03090769,-0.00072150724,0.015006082,0.019363081,0.0054772533,0.009659775,-0.0045441124,0.007831648,0.006086314,0.012032203,-0.016256219,0.061312024,0.003761439
2020-01-16,0.010390464,0.0048679677,0.00055016635,0.01335528,-0.013338519,0.0013338311,0.00015544222,0.019958701,0.0029890249,-0.0037808153,-0.004031512,-0.008171186,-0.0024459315,0.004883471,0.0045169606,0.014008663,0.005171374,0.01357654,0.039064962,-0.0017474098
2020-01-17,0.02910858,0.008614083,0.0009944941,0.010578675,-0.00542515,0.00090395584,0.009166302,0.002554165,0.0062742317,0.0038682637,-0.01299775,0.0011889021,0.0023107573,0.008023116,0.0,0.003039424,0.008260712,-0.047167797,-0.070718005,0.0005504275
2020-01-20,-0.009354459,0.0,-0.0020374453,0.0083352085,0.03930828,0.010125096,-0.01629176,0.0027787858,0.0,-0.015528914,-0.00927801,0.006732081,-0.0006371591,-0.008186636,-0.040059667,0.01797065,0.0,0.01529868,0.037170887,-0.024772804
2020-01-21,-0.06800304,0.00054580136,0.0061840937,0.00866758,-0.020342557,3.2422545e-07,-0.013081786,0.011239487,0.00252286,0.0030565422,0.019837728,0.005151812,0.0108504705,-0.003868448,0.012623354,0.0019634475,0.0050752503,0.035149507,0.004579251,0.014387783
2020-01-22,0.009194685,0.01949715,0.0010383959,-0.004653352,0.002942155,-0.0037634727,0.009751449,0.008760144,0.009191514,-0.0012720271,0.013382065,0.0057325824,0.022608628,-0.011748022,0.0017319772,0.010385661,0.0028542373,0.0037428418,0.0093552545,0.03680683
2020-01-23,0.014770677,-0.005488338,-0.0045175115,0.0060013067,0.0028259722,-0.0022965376,-0.0608565,-0.0072869034,0.01202906,0.008505592,0.002245742,0.010948646,0.0067341845,0.00085469964,0.00019225432,0.0009204915,-0.008707294,-0.007362956,-0.003430305,0.011147514
2020-01-24,0.0034309875,0.005770896,0.0016267849,0.007158929,-0.00533262,0.019031683,0.0037247427,-0.010527836,0.0038075591,0.008964697,0.012640469,-0.0025034077,0.01477889,0.0055147563,0.034069955,0.013762261,-0.006912685,0.005693571,0.026301822,0.009975425
2020-01-27,-0.0013492962,0.015291894,0.0006036018,-0.005425996,0.006824909,0.0084972195,0.004905166,0.016441504,-0.0017726467,-0.0052262824,0.014348772,-0.00090772106,0.00558288,0.0,0.0098692775,0.0004931789,0.0070491373,0.030323869,0.010559625,-0.010634314
2020-01-28,0.0005830035,0.011877634,0.0,0.0005571101,0.004621121,0.00984091,0.03266089,-0.008091857,0.0035873633,-0.0023138374,-0.01148468,0.006819323,0.009372012,-0.0264121,0.009006425,-0.015606815,-0.0006925855,0.0,0.0029230306,-0.004640443
2020-01-29,0.011351213,-0.0012522547,0.0105558615,-0.006277164,0.0020471585,-0.011716377,0.0117521025,0.06433549,-0.0003786391,2.5745778e-05,-0.024537923,-0.00060520036,0.0196002,0.021450827,-0.010341709,0.00035258677,0.0022601457,0.0024652735,-0.008101727,0.048382215
2020-01-30,-0.0089163715,0.013596567,0.0007997382,0.0010462127,0.0040674377,0.0001336397,0.005501734,0.012535441,0.004247646,0.009818949,-0.014305668,0.01255079,-0.00866279,0.009265444,0.002942351,-0.0030040268,0.0011181845,0.053735282,0.009788334,0.0049627894
2020-01-31,-0.00020919384,0.007839595,-0.0009175958,0.0034361128,0.008423337,-6.325131e-06,0.0030557353,-0.0066378093,0.00089574174,0.00053001795,-0.017019441,-0.01924637,0.0013593393,-0.0047112643,-0.0050122133,0.0070863124,0.003643935,-0.000461542,0.0025945627,-0.0015026561
2020-02-03,-0.004514981,0.020206593,0.005524706,-0.005666509,0.0030179692,-0.008837768,-0.004160585,0.0044514495,0.0048799226,-0.0013415564,-0.007646244,-0.008611542,0.0015543532,-0.0058420114,0.011957498,0.002769063,-0.00066157087,-0.008019355,-0.0135384025,0.00034032617
2020-02-04,-0.003830845,0.0066374866,0.0075782486,0.0006943591,0.005717861,0.0096472455,0.009359202,0.008160414,0.0018834721,-0.0024502801,-0.010379019,-0.0018824232,-0.00096266734,0.00019574139,0.0011638465,-0.009001135,0.014439243,0.015709748,0.11085513,0.0038336227
2020-02-05,-0.0028980619,-0.005641868,0.005233191,0.0028711122,0.0056594317,-0.106706835,0.011851918,0.039165813,-0.0046655503,0.0,0.015319194,0.016488567,0.004394344,0.012669592,-0.017576389,-0.00080968987,-0.0041767457,0.008273756,-0.05428067,0.014901148
2020-02-06,-0.000935192,-0.0042416044,0.009121563,-0.003033047,-0.0011801267,0.002872395,-0.0013309754,0.00071270514,0.005188466,0.005924901,-0.05544016,-0.008294327,0.004718703,0.013082491,0.0046429057,-0.0017527265,-0.013549162,0.0105443355,-0.0094611095,0.016383896
2020-02-07,0.047854856,0.0044158474,-0.0029479961,0.0023335307,0.0075661293,0.026960218,0.0038635351,0.0066553815,0.007332147,-0.002655388,0.013127569,-0.010837588,-0.008344998,-0.00068992074,-0.0058236914,0.01440671,0.0,-0.0034535178,0.0156109305,-0.007925118
2020-02-10,0.0019936315,0.00091571116,0.019665834,0.009038,-0.008223072,0.010033878,-0.058419872,0.010011433,-0.015824648,0.00531343,0.019430075,-0.009572281,0.00629724,0.0060785757,0.0135648865,0.0011368153,0.007987939,-0.012973769,0.009896887,0.0036467426
2020-02-11,1.5367374e-05,0.016750863,-0.0019132404,0.014977923,-0.004591595,-0.005597265,0.0035388027,0.021017209,0.00044211553,0.00075904164,-0.003815785,0.02181956,0.01036243,-0.008923296,-0.0052530984,0.0043891617,0.012614624,-0.01168267,0.039725717,0.0011239254
2020-02-12,-0.0019887101,-0.0015396641,0.018935433,-0.013384184,0.0073148077,0.013756201,-0.0024203998,-0.022348536,0.0077551543,0.0018727123,0.006655689,-0.0063328436,0.0,0.0073200874,-0.001593199,0.003913118,0.002308685,0.0012598144,-0.0002056283,-0.020861918
2020-02-13,0.034465097,0.007416769,-0.0011724312,-0.0025016924,-0.0064142826,0.023506274,-0.0056773624,0.015431783,0.0040695546,1.3417053e-05,0.041407764,0.008641564,0.0013211732,0.018340034,-0.0013314583,0.010233254,0.0008923412,0.008846036,-0.00821937,0.008836228
2020-02-14,0.0022383637,0.009530507,0.007869426,0.003984422,-0.0009708567,0.005827133,0.012861433,0.011983644,0.0054863016,-0.0012233393,-0.010558824,-1.3824976e-05,0.013871594,0.007318044,-0.00071791915,-0.013882325,0.0063009057,0.010558229,-0.011679679,0.0040265354
2020-02-17,0.0034136781,0.0014282448,0.0069139577,0.0,-0.020158766,0.0,-0.0067782025,-0.024286488,0.020798175,0.0038757431,0.000570673,0.0075021856,0.0080978125,0.0032078025,0.0016152515,0.00979076,0.011899165,0.008082217,-0.006324369,0.043221988
2020-02-18,0.0032536217,-0.005117316,0.013978895,-0.021141578,-0.0024214764,-0.0035804838,0.011189234,0.009890301,-0.007394877,0.0012851052,-0.0019072706,0.049405452,-0.0050418964,0.015472827,0.022671515,0.014870035,0.0002888011,0.037912853,-0.0067947013,-0.009437767
2020-02-19,0.0048482907,-0.0043214713,-0.0043251165,0.03838491,0.0072420775,0.00250432,-0.0032097779,0.00944507,-0.026584944,0.00023044745,-0.013271247,-0.0036331294,-0.008179337,-0.0058347224,0.011762826,0.009898542,0.00046234298,0.011310194,0.042070918,0.043458004
2020-02-20,0.0011598655,0.025213886,-0.009287889,0.052136455,0.041209787,0.008165341,0.0,-0.021174468,0.0016466511,0.0016589784,-0.0139432745,-0.02607588,0.00055117515,-0.00038921076,0.009884886,-0.004803135,0.0064051403,-0.0092886165,-0.042126678,-0.08619556
2020-02-21,0.00014612295,-0.018036071,0.00012789563,0.008220883,0.010311389,-0.026844073,-0.010984052,0.005577375,0.008000837,-0.0024996214,0.007800848,0.036353167,-0.007711452,0.046302475,0.008289228,0.0050713364,0.009674347,-0.0026630927,0.018165987,0.034633778
2020-02-24,0.0004939499,0.0033388888,0.014003735,-0.008195958,0.010380416,0.0,0.0094244,0.004649007,-0.027867047,0.0029166806,0.01094231,0.024232369,0.01501734,0.0,0.03804538,-0.016179921,-0.0014599862,0.019358613,0.0016219702,0.0058131814
2020-02-25,0.0005981742,-0.00148918,-0.0034388811,-0.004792167,-0.009295059,-9.477455e-05,0.0021107441,0.011953715,0.00927199,-0.00097180833,0.0018759328,0.0067299893,0.006342674,0.004025442,-0.0021805535,0.00510771,-0.0002866184,0.020143505,0.022235513,0.007093245
2020-02-26,0.017201565,0.0034781483,-0.009667792,0.036277745,0.012035078,0.004435223,-0.004235763,-0.00029521904,-1.055736e-05,0.0,-0.019102933,0.009360502,0.014753226,0.0017713847,0.022253988,0.018928984,-0.0013188135,0.009701778,0.005260619,0.00698523
2020-02-27,-0.0040364238,0.006366878,0.0118983155,0.018802823,-0.005499098,0.0012333347,0.014083215,0.0055822087,0.016868433,0.015291159,-0.012395284,0.009287375,0.007327055,0.012051737,0.024939068,-0.004833262,-0.0007966281,0.02499331,0.010913262,-0.008405061
2020-02-28,0.01117314,-0.0098127,0.00674738,-0.0071074576,0.014155881,-0.0030995007,0.00050506584,0.009742842,-0.018821301,0.004063939,-0.017616581,-0.035938017,0.008887108,-0.009248584,-0.03530362,-0.00024487218,0.005462035,0.010280844,0.02965111,0.06528256
2020-03-02,-0.0098173395,0.015106822,0.0015176435,-0.0011221743,-0.005026759,0.008577421,-0.000250745,0.023687134,0.021288743,0.006219567,0.00092241913,-0.004545482,0.0031315163,0.006987498,0.013907065,0.008667867,0.004905278,0.016865445,-0.061096128,0.0022146534
2020-03-03,0.007820017,-0.0110238185,0.00035902392,0.0020667715,0.0038620601,-0.0035626271,0.0025231347,0.0047395853,-0.008131581,0.0015963725,-0.020313947,0.009771479,-0.002446953,0.0005257349,0.007521806,0.007912517,0.0022557594,-0.18972597,0.00045423268,0.004380907
2020-03-04,0.005317636,0.01156861,-0.0034365049,0.0064225094,0.010079943,-0.00039459683,0.007108668,-0.0021530327,0.013834246,0.00092516356,0.100018315,0.016321938,0.008859871,0.011639443,-0.0014145484,0.0014906577,0.007631666,-0.0166546,0.010213886,0.020164957
2020-03-05,0.0027705792,-0.0004835255,0.011591093,-0.015604716,-0.014027316,0.0055182576,0.0075116074,0.009425306,0.005016394,0.008988447,-0.029988429,-0.020322168,-0.0028817349,0.003321657,0.0006536607,-0.0033459,0.007101044,0.007312847,0.0027197818,0.00944101
2020-03-06,-0.010436075,0.00019484575,0.009737393,-0.0032135623,0.014053245,0.020776724,0.0,-0.007449857,0.005320112,-0.011892627,0.020426104,0.011960429,0.01029237,0.0035321196,0.007327031,0.008680155,-0.0077882693,0.008840305,-0.01062985,0.0
2020-03-09,0.0024872147,0.0031854,-0.023732524,0.012042721,0.0038748572,-0.00027874362,0.01998973,0.0071181413,-0.021623667,-8.0103506e-05,0.0045283805,0.012149087,0.00019434592,0.0011562731,-0.031006427,0.0022907776,0.0037222886,0.0057169506,0.005128545,-0.0013222451
2020-03-10,0.0071483403,-0.028655868,0.009306495,0.010281757,0.02025995,-0.021602267,0.008663538,0.0075009293,-0.00020184032,0.0022359611,0.004292921,0.007328068,0.003215338,-0.0016308038,0.03022982,0.0056608743,0.0071139704,-0.017759876,0.008664927,0.013819818
2020-03-11,0.008053471,-0.003367771,0.009742055,-0.00679238,0.024731813,0.015816683,0.004654978,0.0011682799,-0.011705486,0.0,0.0011492932,-0.008362225,0.00095987524,0.008308136,-0.008982847,0.002828867,0.013335389,0.0025799575,0.012552197,0.0
2020-03-12,0.01016553,0.0026347956,-0.0016554466,0.0043646796,-0.008876658,-0.007073888,0.0069317436,0.0091824075,-0.00044358915,0.005423586,-6.5048152e-06,0.012674554,0.0035037398,0.014943274,0.0017549718,0.009236794,-0.0033636868,-0.015766231,0.005729969,0.024770824
2020-03-13,-0.0033181736,0.040236767,-0.005835046,0.015049409,0.0,0.0015808564,0.0022436692,-0.008083077,0.0,0.0024980097,0.0,-0.0023843036,0.015108873,-0.00052558165,0.017988602,-2.0920903e-05,-0.00555993,-0.00016169736,0.03317131,-0.000447271
2020-03-16,-0.0065827533,-0.009770467,0.007776235,-0.0019309135,0.00023575281,0.007510977,0.007111091,-0.004220978,0.0041534314,0.005000702,0.0019284344,0.0022589902,-0.004066192,0.0,0.0009736271,0.01029167,0.010758817,0.016811874,-0.005801923,0.0027445422
2020-03-17,0.010396718,-0.028664812,0.00094997644,-0.004599139,-0.0010037085,-0.007804386,-0.0054822215,-0.0013722376,-0.009968116,0.0052408758,0.0037335872,-0.008725974,-0.0072912597,0.0,0.008356339,-0.0024139835,-0.0020782172,-0.014564915,0.024428245,0.009592131
2020-03-18,-0.006015559,0.019278046,-0.01448547,0.0069725537,-0.0012035659,0.020397814,0.0056887055,-0.010807747,0.010868208,0.0,0.01649471,-1.913165e-06,0.0023288392,0.008266106,-0.005119772,0.001515447,0.0028172852,-0.0016879655,-0.020865045,0.015672255
2020-03-19,0.015070046,0.03809873,-0.0032862446,0.0,-0.011507784,0.008959603,-0.009310422,0.0,0.0068684863,-0.0020201073,0.009022104,0.001419406,0.005396629,-0.0013958731,-0.00756753,-0.001655627,0.0005765055,0.005323037,0.017162701,-0.0020760745
2020-03-20,0.011963728,0.01176755,0.008745569,0.0020264317,0.028869636,-0.0005738337,0.0041090315,-0.0005849577,0.0119101945,-0.006051944,0.012764015,-0.03145501,0.0034289372,0.0046560606,0.0054784934,0.0034012941,0.0053956453,-0.052234102,0.039398376,0.009005748
2020-03-23,-0.0020652327,-0.012309739,0.00055532076,-0.013888816,0.0072848382,0.0008531294,0.00018688795,0.020171227,0.010574149,0.011055975,0.017319398,0.0118994545,-0.0035459837,-0.0023349524,0.010358603,0.008637636,0.003185243,0.003700567,0.005222631,0.009967026
2020-03-24,-0.0074115475,0.011023691,0.007686214,0.0038136826,0.010140813,0.0083199665,-0.08544961,0.0041568093,0.0022511948,-0.0047905957,-0.004686953,-4.9785074e-05,-0.004632978,0.0031672202,0.0072396165,-0.03475599,-0.0019345927,0.010670154,-0.0014579596,0.0031306436
2020-03-25,-0.0071607223,0.014525531,0.002934053,0.009273072,0.007060661,0.0029373036,0.008877539,-0.010881199,0.0009252897,-0.0039949194,0.008803382,0.010430279,0.0076914416,-0.0029697283,0.0049931714,0.006058486,0.00044291286,0.0077679222,0.015929738,0.0052461084
2020-03-26,0.0028273328,0.005457432,-0.0016882368,0.024151707,0.0055395598,0.0034006396,0.0063354606,0.0011335746,0.0061289296,0.003242105,0.00798584,-0.00978666,0.008980402,-0.002034228,-0.0027467865,0.00036212514,0.010480603,0.010311587,-0.008199984,0.01081991
2020-03-27,0.0013746088,-0.003278593,0.0009859959,0.017646324,0.004552256,0.006782483,0.0072707846,0.007392882,0.004472225,-0.0068628197,0.023413422,0.0004912456,0.0,0.015750455,-0.0033376543,-0.0044268793,-0.002400633,0.037499372,-0.0022922885,0.022854693
2020-03-30,0.010380377,0.06841049,0.002452774,0.004637126,0.008982047,0.015009249,0.0019382705,0.019525798,-0.0055918056,-0.00042305328,0.0060750325,-0.008410632,-0.0029504646,0.001670495,0.007056373,0.012800295,0.006331756,0.0028948118,0.0019648045,-0.00097651075
2020-03-31,-0.0052286796,0.025029814,0.0,0.006190955,0.0031362793,0.017353356,0.02053904,0.00018331477,0.076025605,0.022034165,0.0070175985,0.014635567,0.022343766,0.022210786,0.013592253,-0.0010538528,0.0031738947,0.010915777,0.015969258,-0.0067190723
2020-04-01,-0.006055905,-0.0012763706,-0.0048932172,0.0,0.009270203,0.0060760756,0.014269433,0.0029331928,-0.010166756,0.0001575257,0.008786659,0.017344842,0.0,0.0026788637,0.0131021645,0.0080361795,0.008655993,0.005204357,-0.020573968,-0.005452237
2020-04-02,0.0075062253,-0.011076523,0.00087611866,0.008532165,-0.010674051,-0.020979105,-0.004194032,-0.0058407164,0.022118423,0.0,0.006719934,-0.03486493,0.009596015,-0.0014924689,0.0067358455,-0.0004978505,0.0074523855,0.0033893066,0.009405231,0.0066063446
2020-04-03,0.014807527,0.0001995017,0.0009792208,0.0098858485,0.0022551992,0.008947915,0.0117317485,0.0007106126,-0.003390317,0.004343342,-0.018537683,0.0074430704,0.0028593089,-0.00028138206,-0.033131413,0.0035932907,-0.0050878054,0.0032923871,-0.0013082506,-0.005284271
2020-04-06,0.004364956,0.0125596635,-0.0037015807,-0.016682968,0.019531354,0.033910166,0.009362508,0.007841085,0.017374706,-0.006166536,0.022152549,0.017516894,0.0020548368,-0.008518453,0.0013968367,0.00010306579,0.002331613,0.01248692,0.013565073,-0.00454684
2020-04-07,-0.011074323,0.034360655,0.0038567875,0.0049270904,0.010941464,0.00072838593,0.0,0.01282913,0.0060783806,0.009897403,-0.018119475,-0.010033422,0.0068578036,0.015981799,-0.01721175,0.0010496046,0.0039170883,-0.040492393,-0.039049596,0.0003454843
2020-04-08,-0.0146772675,-0.005959279,0.004021953,0.004659007,-0.0080928365,0.009062051,-0.0031771543,-0.0025954577,0.025672039,0.0009727193,-0.04704547,-0.009394797,0.011222691,0.0013683097,0.009602944,-0.0015663081,-0.0038534019,0.0012125825,0.008237657,-0.0047588805
2020-04-09,0.009492938,-0.014084622,0.004721287,0.00091447163,0.009640172,0.0015880462,0.010038,0.013135335,0.014626638,-0.0014387984,-0.0537069,0.0018788575,0.0038680518,-0.001102838,-0.00013612455,0.004785193,0.008667735,0.007560443,-0.004236907,-0.012920642
2020-04-10,0.009799234,-0.00063465215,0.0064480705,0.0036416997,0.023668796,0.0019567413,0.002411472,-0.007102735,-0.01123505,-0.0068621826,0.0060429666,0.014841322,0.00899723,-0.0029275299,-0.0007411905,0.004528373,0.000932675,0.0019968196,0.0024575077,0.008990581
2020-04-13,0.001981259,0.00050557667,0.0010507526,0.0052980394,0.0041028806,0.00081093464,-0.0012738497,-0.00037316524,0.008848773,0.0006502668,0.0068472587,0.0086510135,0.011500201,0.012966293,0.0031387173,-0.0020727532,0.012979276,0.017174648,0.0107408445,0.010102151
2020-04-14,0.0,0.005956736,0.0047429395,0.0009112235,0.0053129415,0.0114455065,-0.009282528,-0.002023862,0.007947528,0.009092675,0.0,0.009300281,0.0,0.012897521,0.015165572,0.001525281,0.010129686,0.006805967,0.033478137,0.0017988633
2020-04-15,0.034204125,0.0065848036,0.003783656,0.012484836,0.0,0.00087770895,0.016727831,0.00026360506,-0.0018819462,0.0049286652,0.024978615,0.015422441,0.0055132858,6.433598e-07,-0.0032983602,0.0088336095,0.0075742914,-0.005038298,0.03464422,0.0062818513
2020-04-16,0.0019626713,-0.031467233,0.0049036625,-0.0015198886,0.007952686,-0.005982944,0.0035066626,0.0026536798,-0.05497352,-0.00060694607,2.9167525e-06,0.006477411,0.008799134,0.02165272,0.010648234,-0.0020214585,0.0003442851,0.007869511,0.0067518395,-0.004897565
2020-04-17,0.00041053494,-0.013886745,0.0014197904,-0.0034234112,0.016276691,-0.0020355568,0.014100524,-0.015674433,0.0018294437,0.009051999,-0.001618338,-0.004991426,-0.008117283,0.020121297,0.0035230636,-0.0019249645,0.011328572,0.0064348164,0.011393828,0.000289185
2020-04-20,-0.0051312936,-0.012574026,0.0049325163,0.011851605,0.00088303117,-0.020485325,0.010889922,0.0,0.011188514,0.0,0.009524785,0.014848854,0.005627123,0.0023588624,0.0039150994,-0.0006360205,0.0039467597,0.001989391,0.007427767,0.013754171
2020-04-21,-0.003033477,-0.01859892,0.0074134977,0.0011888113,0.0005153978,-0.0048843287,-0.005477076,0.0,0.0043647294,0.0009719284,-0.0054690423,-0.0030290312,0.0,0.020263728,-0.001559489,0.00974712,-0.00815014,-0.001856706,-0.003747369,-0.0048640375
2020-04-22,0.002203885,-0.0014254518,0.00031236417,-0.017147973,0.0118882395,0.0027906068,-0.0025772585,-0.0043484974,4.7541635e-05,0.0,-0.014373304,0.004161319,0.004342803,0.0093367845,0.01334351,0.0050172056,-0.003122168,-0.010239482,-0.0024383795,-0.010785543
2020-04-23,-0.0066656116,0.01880185,-0.0012826868,0.0062615406,-0.0007442103,-0.022719871,0.017178342,0.004495828,0.017556692,0.0,-0.00913674,0.011350761,0.0004708775,-0.008239826,-0.0018328878,0.0021550364,0.013581898,0.0070542693,0.015971435,-0.0020128714
2020-04-24,0.06479243,-0.001001148,-0.000616533,0.0056965007,0.004362927,0.010006301,-0.01964739,0.008050423,-0.013834622,0.0,0.00091863825,0.0006394367,-0.00395055,-0.004756674,0.0010729869,0.0076353005,-0.0035894406,0.00343577,0.0066325567,0.015349698
2020-04-27,0.0027253395,0.043137852,0.005082608,-0.0018700436,-0.013901513,-0.0021907573,0.011025412,0.0068261097,-0.0004809887,0.00095867884,0.00911938,-0.00777026,0.006768346,-0.016411647,1.3499041e-05,-0.004184939,0.008873401,0.0075488295,0.019141993,0.01613245
2020-04-28,0.004996204,0.017580586,-0.0045987815,0.009771212,0.012650353,0.008521355,-0.007697608,-0.0023840321,0.0023890561,0.0012729344,0.0069700074,0.0017124048,0.016334957,-0.0056280764,-0.008094814,0.0050677983,-0.01090706,-0.0064515816,0.01943688,0.0046280185
2020-04-29,0.00128794,0.010799768,0.0048315884,0.0027268564,0.004093174,0.008606797,0.012243041,0.011284693,0.0072228545,0.010606786,0.0035070518,-0.004672435,0.0,0.0084727025,0.025048142,0.007230957,0.008286422,0.018587662,-0.005994173,0.0067411084
2020-04-30,-0.005514459,0.002717738,-0.0032246308,-0.0011352667,0.0047099,0.02472291,0.02917227,0.002807416,0.006726592,0.0070710825,0.0013634296,-0.006686436,0.0023260277,-0.053980246,0.0,-0.00303658,0.002986398,-0.0053869933,-0.0017280739,0.047267843
2020-05-01,0.0117517,-0.02051319,0.010442649,-0.00023728608,-0.01220348,0.010898096,-0.0018574244,0.0047431914,0.0005800665,0.0011946169,0.03287736,0.0117783155,0.0,-0.0073994705,0.005481359,-0.0042300564,-0.003629784,0.0075619915,0.0064292667,-0.004408708
2020-05-04,-0.010068548,0.008216856,0.009291058,0.00045316186,-0.004184735,-0.00605827,0.0084615145,0.005611739,0.0060902378,-0.008647037,0.009078435,0.009747957,0.0048905523,0.014696554,-0.0006662472,0.008220561,0.008473329,0.00414382,0.005461474,0.014428061
2020-05-05,-0.004299317,0.0,0.00039295468,0.002873622,0.017433481,-0.0017259582,0.0007875802,0.005230769,0.018208196,-0.000241681,0.0007528741,0.0,-0.006960771,0.0031111056,0.01048913,0.004173914,-0.010758984,0.0039322814,-0.020606987,0.018895542
2020-05-06,0.0017086832,-0.0022791852,-0.0032715576,0.001970811,0.0036340726,-0.0008266081,-0.007032205,0.00141537,-0.008631097,0.013158692,0.002655214,0.012765407,0.0020615365,-0.009754296,0.0021021885,0.00161396,-0.013887158,-0.003859273,0.023641331,-0.003038496
2020-05-07,0.011734008,0.023128847,0.010119303,-0.0017183616,-0.003304331,0.003275222,-0.054630525,0.006916764,0.013557301,-0.004197587,-0.011834235,-0.025708277,0.006716071,0.0052475883,-0.0068872594,0.002597492,0.021958813,-0.051075783,-0.035997838,0.010225213
2020-05-08,-0.003028797,0.0019823068,-0.0037163459,0.00067199825,0.0018887313,-0.0004291089,0.0077676647,-0.0001554915,-0.0007541046,0.009512766,0.006947269,-0.0020030963,-0.00254391,0.006544877,0.0017804749,-0.0013594643,-0.000874764,0.025080686,-0.002673963,0.0044512823
2020-05-11,0.013330133,0.010619538,0.00039516197,0.012449913,0.0040825163,0.007613711,-0.01642688,0.005600063,0.007967426,-0.0035545235,-0.05242588,0.009048603,0.00405453,0.015910042,0.011260304,0.00067983556,0.016990356,0.02015475,0.014774246,0.01099878
2020-05-12,0.0134246,0.011938515,-0.00042905033,-0.009507345,0.009497368,0.0015317389,0.007629956,0.007427938,-0.00014475473,-0.0018577325,0.0031289614,0.0033163193,0.0010066024,2.5952397e-06,-0.017577937,-0.00014789308,0.00918973,0.010423045,-0.00076693133,0.008067176
2020-05-13,0.0023905893,0.016143322,0.0004491897,0.016625447,0.018839208,0.023512837,0.02586384,0.012212716,-0.013232209,0.01404111,-0.14089859,0.048857853,-0.0029595587,0.008978251,0.006841547,0.005658951,0.007480713,-0.003356704,-0.007785389,0.06520192
2020-05-14,-0.0065484266,0.020691622,0.0006555531,0.0059901215,0.012095791,-0.006801455,0.015992617,0.0059019784,0.013325721,-0.0059997286,0.16446307,0.0136089865,0.009837714,0.012822934,0.006725603,0.0,0.009050604,-0.0055902973,0.008456549,0.0083937
2020-05-15,0.0021661187,0.01530261,-0.002016302,0.0,0.0077913115,0.0062089213,0.008110922,-0.010879215,0.016243666,-0.00814949,0.020083012,0.013005007,0.008267442,-0.0013357443,-0.0034383293,0.008054164,0.024325391,-0.01004695,-0.016814161,-0.0052449517
2020-05-18,0.003995326,-0.0012932403,0.0011279924,0.0033763568,0.014807036,-0.0034901064,0.0012767499,0.0030258037,0.005999537,0.0034329828,0.00014129694,0.0024794575,0.012928488,0.0075531323,0.02618306,-0.009436239,-0.02622743,0.0063366867,-0.017126542,0.0016568118
2020-05-19,0.014785532,0.015817143,0.009275399,-0.0022496448,0.00045955004,-0.0010220424,0.018172985,-0.0043152887,0.001288518,0.010697798,-0.009418068,-0.005420003,0.013469705,-0.1413761,0.0031617803,0.004394663,-0.005516943,-0.0029733477,-0.00333009,0.0022253036
2020-05-20,0.04430164,-0.009780751,-0.01333032,0.0016100911,0.018045759,0.026493702,-0.0028077366,-0.0017403483,0.00916423,0.013983785,1.9327348e-05,-0.004204808,0.016829396,0.01012486,-0.010232322,-0.052914664,-0.0020559805,-0.006963215,0.082570255,0.010032751
2020-05-21,0.0024662619,0.005771591,0.0039190524,0.0106800655,0.010925291,-0.021280335,-0.005935087,-0.012304618,-0.005979674,0.0051583536,0.008231769,-0.021223105,-0.022728637,-0.00045774708,0.0006478675,0.025487855,-0.0058251014,0.007948865,0.004468154,0.003342891
2020-05-22,0.013336429,0.0021601748,0.015419959,0.0052397884,-0.0018578996,-0.022227548,0.011687094,0.015080115,0.009640213,0.002768249,0.028326359,0.026561946,0.010930143,-0.013549469,0.006742474,0.0142811425,0.012560273,-0.0004108319,0.012954666,0.015246426
2020-05-25,0.016803883,-0.030185772,0.01368818,0.0022484288,0.008923039,0.0332823,0.0018566258,0.04353041,0.0077537405,0.0,-0.008036271,0.0075001665,0.023286263,0.0036805677,0.0064734044,-0.0025190294,0.0016912927,0.009783515,0.0076764594,0.011810765
2020-05-26,0.0063157934,0.024198014,-0.0055327606,-0.0075222566,0.0025362957,-0.004000294,0.005463905,-0.008546598,0.008886202,-0.014174436,0.008463343,0.0018921853,-0.053398844,0.0041212123,-0.014235902,0.0018189199,0.0047379243,-0.0017178194,-0.041006546,-0.011413811
2020-05-27,0.000120149336,0.0070287986,-0.0028232073,0.009811497,-0.044943,0.009405305,0.007953106,0.0042752544,0.004376397,0.009643343,-0.030651527,0.02346407,0.017890684,0.0019709854,0.011757817,0.0038931833,0.002276493,-0.015173907,0.01056586,0.01293208
2020-05-28,0.009637755,0.0032874043,0.0055124294,0.004261956,0.0013839069,-0.003198762,0.009997363,0.019449322,-0.012271588,-0.017068557,0.014747512,0.005171828,-0.008148385,0.0037111472,0.011483241,-0.0055021495,0.0056559965,0.0,-0.010577143,-0.017607136
2020-05-29,0.012757275,0.023074945,0.014016012,-0.009806575,0.046437684,-0.0065138494,-0.024030777,0.013603467,-0.0021138757,0.05426092,-0.0032876881,0.011448839,0.025595093,0.009126137,0.0022599788,0.0049181585,-0.010471636,0.026636442,0.010660863,0.003980712
2020-06-01,-0.002101546,0.0038827236,-0.030589726,-0.0076613734,0.013394237,-0.00065784063,0.03867303,0.009158673,0.011744439,0.0055571594,0.0108908685,0.0034179904,-0.0014330359,-0.008290633,0.009530708,-0.0037517862,-0.004170753,0.0007358214,0.009213576,-0.00040006172
2020-06-02,0.019141871,-0.013075907,-0.0032615918,0.011702407,-0.017851036,0.02093395,0.004386924,0.009222363,0.004855654,0.0076526483,0.02514521,0.009678637,0.0011029708,0.0038706593,0.0010074091,-0.0008121249,0.08632535,-0.019780258,0.023119988,-0.0017497716
2020-06-03,-0.001737948,0.004054036,0.011277003,0.009317537,0.012489092,-0.034623325,0.0049374625,0.0060783606,0.0035238022,0.009753942,-0.009575013,-0.0063995393,-0.0016128741,0.010918423,0.004062538,0.0129301315,0.0099468,0.005814306,0.01075758,0.011727695
2020-06-04,-0.0011181509,0.023049861,0.006845784,-0.015016801,0.0069103395,0.002765329,-0.0014963005,-0.0040528355,-0.0024122836,-0.008459234,-0.0071319146,-0.006202716,0.0,0.0019496091,0.003450327,-0.0007630925,0.01173523,0.01118604,-0.0013451701,-0.03146549
2020-06-05,0.016857509,0.015220176,0.0074560135,-0.0020239297,-0.0033409772,-0.008665756,0.016782042,0.009371138,0.0042677447,0.0009953931,-0.024705557,-0.010809908,0.013393967,0.00058706175,-0.018566914,-0.008438117,0.0022521652,-0.00034336402,0.013322695,-0.0019043385
2020-06-08,-0.015233404,0.0,0.00074247544,-0.0016508185,0.011827701,0.0042561474,0.007326865,0.004731934,0.031806625,-0.00093890255,0.004061801,0.012724794,0.06370492,0.0029924149,0.01590625,0.017560199,0.010970651,0.00689374,0.020267205,0.0021792066
2020-06-09,0.011198054,0.0159602,-0.0005639904,0.014575426,-0.0064207437,0.026690781,-0.008727683,0.0015578533,-0.005779897,0.0,0.0035201393,0.0026786912,-0.0035479798,0.0048843287,0.0038964988,-0.015533421,0.025508536,0.0,-0.013332872,0.15219724
2020-06-10,0.024876177,0.0063142367,0.0,0.00812499,0.005560733,0.009530705,0.008283902,-0.011662905,-0.008435256,-0.013700459,0.01954381,0.008477805,-0.006526575,-0.009751955,0.0069526765,-0.002328473,0.00065677206,0.006766461,0.00562216,0.023627734
2020-06-11,-0.009272192,0.0055350764,0.002793662,0.0013408748,0.010743929,0.020358104,0.0030434057,0.024904996,-0.0074142613,-0.003186958,0.012880411,0.006554209,-0.00030245635,-0.021979915,0.018443225,-0.004023233,-0.013164977,0.0,0.003112702,-0.017801426
2020-06-12,0.009234002,0.008928573,-0.005803332,0.005553983,-0.0047094477,-0.0019798623,-0.01079898,0.00948649,-0.0038415077,0.012935599,-0.012276321,0.015864177,0.010133647,0.0116522005,0.0030727016,0.0,-0.0059843627,0.008648797,0.0047905636,-0.009551306
2020-06-15,0.006595899,0.0009123302,0.009154706,0.0058279857,0.007896764,0.004175252,-0.0016466265,0.0,-0.010495613,0.0068357866,0.0031405615,0.02785894,-0.01549709,0.01011987,0.0067347656,0.0037627867,0.013270843,0.00087332504,0.0060827984,0.006826891
2020-06-16,0.0010261383,0.0,0.008907854,-0.013362256,0.006420102,-0.020380264,0.0027845695,0.011764454,0.014450183,0.00046745423,-0.011795262,-0.004598921,0.027025748,-0.016548285,0.010632562,0.0055554993,-0.05767452,0.0025582223,0.0075304373,0.0010191922
2020-06-17,-0.011677203,-0.0031666157,0.0060469103,-0.0014120957,0.010922155,-0.0033417833,0.0014746531,0.011565478,0.044144128,0.0023000026,-0.0045646355,0.0,0.004003125,0.0060883253,-0.02641797,0.005094669,0.0015877343,-0.0004228976,-0.009468495,0.008626673
2020-06-18,0.007506015,0.023346968,0.010234278,0.003622825,0.011737238,0.005231415,0.0016303764,0.010111056,-0.015785906,0.010633224,0.0069288285,0.01394033,0.024750823,0.017196871,-0.014676054,0.0023322897,0.0036206646,0.0014554552,0.0038667812,-0.07182804
2020-06-19,-0.0005654399,0.008936734,0.008037004,-0.004842556,0.0035954325,-0.0016702849,0.010898882,-0.008686427,-0.032340452,-0.0010905671,0.0077893874,0.010653237,-0.07959316,-0.0061794543,0.0071620885,0.011544987,-0.0076430216,-0.002475166,0.008862395,0.043654773
2020-06-22,-0.04710793,0.008821745,-0.01772868,0.0025512015,0.011311939,0.010574699,0.010934188,0.007884101,0.011535391,0.0022289106,0.0043729823,-0.08506189,-0.21161442,0.008046325,-0.002375187,0.00413736,0.009692594,-0.0176369,0.0,0.006416861
2020-06-23,0.01134878,0.010791638,0.004992344,-0.002313252,0.016696125,0.007773026,-0.0058397586,0.015553274,0.006353988,0.0061128065,-0.002908518,-0.0017257261,0.01178936,-0.025670677,-0.011141817,-0.005698195,-0.0030985551,0.008206536,-0.0012699985,0.011355699
2020-06-24,0.014808334,0.0024406537,0.008270078,0.0041885865,-0.0013102383,0.018131014,0.013592344,-0.017471485,0.0,-0.013372217,0.0145708835,-0.037899926,0.004268097,-0.0071745976,0.009237418,-0.0032006348,0.02646268,-0.014478449,0.018885054,-0.006961769
2020-06-25,-0.000800025,-0.04979992,-0.010885841,-0.00048477403,0.00017716178,0.013672654,-0.009614654,-0.07718053,0.01520932,0.045845773,-0.013827993,0.03206433,-0.005145949,-0.009539897,0.01901122,-0.0068842415,0.013426237,0.01646232,-0.037181433,0.0014786154
2020-06-26,-0.0023512482,0.023902543,0.008440677,0.013398808,-0.017612614,0.0011702483,0.01761544,-0.017572291,-0.01564278,-0.009782138,0.010229496,0.07003734,0.018222587,-0.008780786,0.016787382,-0.08201296,-0.0024763173,-0.0010590333,0.0021359727,-0.003446806
2020-06-29,0.0014621784,0.009984253,0.03699674,-0.0039988714,0.00350963,0.0026617867,0.0059008775,0.006141778,-0.004163764,0.00069604005,0.004041267,-0.038643714,0.007020916,0.015189153,0.0011016284,-0.01044948,-0.0046986802,0.017173748,0.006759281,-0.006117988
2020-06-30,0.016516097,-0.0014398322,0.00042690558,0.015444799,-0.0023186507,-0.029426454,0.0030420632,-0.022325933,0.13801785,0.02029513,-0.016727535,0.007804287,-0.00028619615,0.026832364,-0.0028575715,0.020531695,-0.0049310084,-0.0036428806,0.013157659,0.008672985
2020-07-01,0.0091470815,-0.0017520936,-0.0059825135,0.0048543788,-0.0039864513,0.010591318,0.0053499094,0.012261265,-0.005642467,-0.0029036733,0.0015925687,0.09146399,0.0138011845,0.018564416,0.012335951,0.015725585,0.007686639,0.006794277,0.0,-0.009918528
2020-07-02,-0.008491186,0.013320255,-0.0006418901,-0.005367725,0.01191572,-0.0011988756,-0.016943922,0.005248354,0.0041461447,0.014857193,0.0018811149,0.0011356056,0.0,0.007653862,-0.010548511,-0.00084637624,-0.001860779,-0.009306016,0.0072377906,0.010978257
2020-07-03,0.011745457,-0.01287809,-0.0006542471,0.012520061,0.0028835936,0.015694192,-0.006219709,-0.015374482,0.0060776058,0.0011360885,0.009248371,0.00766901,-0.08469942,0.0093467785,0.011692564,0.019571217,-0.0038268247,0.0014631739,0.0030446479,0.005369229
2020-07-06,0.0,0.006143254,-0.009839813,-0.004051009,-0.017333481,-0.04603857,0.009372966,0.037743367,0.0548805,0.0037462201,0.0065981084,0.0024444477,0.05794388,0.0037033996,-0.0032200855,-0.009135331,0.004107624,-0.0057193376,0.004306033,-0.008355514
2020-07-07,0.0019994916,-0.005257548,0.0012704306,0.006229873,0.0,0.015178229,0.029746603,-0.0040309774,-0.0044453554,-0.0057574604,0.042931113,0.0010176465,0.006036784,0.0069113355,-0.010348799,0.012671944,-0.0011588093,-0.003985784,0.007405288,-0.0006223148
2020-07-08,0.008099114,0.047196336,-0.006950402,0.006889778,0.009199904,-0.004690829,0.0029518749,0.005371843,-0.013795151,0.013592996,-0.009899605,-0.011541303,-0.019534277,0.062356584,0.00785894,0.0131132305,8.657234e-05,0.017344462,-0.0014219298,-0.011936709
2020-07-09,0.0049881674,0.006002147,0.017477484,-0.0005440876,0.032042585,-0.0059778346,0.010006383,0.014194452,-0.0053026923,0.015333975,0.0004646155,0.0,0.011719552,0.0025787235,-0.00052409957,-0.0041844686,0.004629427,0.0060002,-0.007722848,0.02727149
2020-07-10,-0.00032560283,-0.008955554,-0.0032235992,0.020100532,-0.002328365,0.009032635,0.0075019486,-0.0051163207,0.010970002,-0.0227999,0.00065413385,0.0010608481,0.0146065345,-0.0072311866,-0.037945338,-0.0030200921,-0.011543227,0.0024631398,0.007730903,0.0057119043
2020-07-13,0.004445182,0.018886253,0.013186623,-0.005983679,0.010161281,0.010139774,-0.030080667,0.00063031295,-0.0039432896,-0.0021964666,0.009352048,0.010927479,0.007588965,0.009901747,0.00045869517,0.006332999,0.047124073,0.004069912,-0.032722685,-0.004443067
2020-07-14,0.012394902,0.0,0.01335528,-0.0014343311,0.0018729826,-0.0074078087,0.0073185447,0.0086063305,0.007977477,0.010922738,-0.008721115,0.027832905,-0.005466701,0.0001014699,-0.013315106,-0.010592847,0.0052573914,-0.005048702,0.0090580145,0.0004976218
2020-07-15,0.0037410378,0.009425732,0.010578675,-0.0038562797,0.005499695,0.011236319,0.0047203773,0.0071157794,0.00015476198,0.0027712935,0.008328722,0.005799382,-0.0054290937,-0.00029189832,0.010845799,0.00327367,0.0061117704,0.010050368,0.022030897,-0.007983194
2020-07-16,-0.004252974,0.009623797,0.0083352085,0.019835662,-0.009562715,0.0074564554,0.027560668,0.0027632634,0.023799542,0.011278647,0.020711135,0.007977203,0.013554906,0.007096387,0.0060814894,0.027849745,0.024743484,0.007445222,-0.003154327,-0.04821456
2020-07-17,0.010401791,-0.002325806,0.00866758,-0.01399012,-0.00095255964,-0.002062011,0.0027246836,0.014752401,0.004377929,0.0002955719,0.0,0.023673557,0.0026163752,-0.024774643,0.01673787,-0.02119121,-0.008790855,0.008115066,0.008596963,0.037360772
2020-07-20,0.012045046,-0.0051971013,-0.004653352,0.013759306,-0.0021963865,-0.015977953,0.0,-1.998323e-06,0.0028643291,-0.0015066899,0.0047150822,-0.024621798,0.0009654679,-0.0019903374,-0.0037951462,0.0020156363,-0.008471006,-0.017328182,-0.01336998,0.0032089998
2020-07-21,-0.0008246719,-0.00029999705,0.0060013067,0.009764486,0.0030899728,-0.004745138,-0.005829674,0.003376503,-0.0010065266,-0.012812465,0.004203752,-0.014880274,0.0026649311,0.00846387,-0.004968268,0.00861574,-0.0014145612,-0.0144446315,0.011972789,-0.004277754
2020-07-22,0.0042287163,0.015215653,0.007158929,0.0,-0.0074285734,0.0,0.022919787,0.00097334216,-0.0041175717,0.010661097,0.010177719,0.0055511943,0.003542626,-0.00043882834,-0.005304075,-0.0028739497,-0.0044766963,0.0033877757,0.008911316,0.020971185
2020-07-23,0.0041213008,-0.018693538,-0.005425996,0.0038874603,-0.002280981,0.01229889,-0.006398195,0.008827603,0.017085014,-0.0095086405,-0.007855881,-0.0036204688,0.0042575714,0.00026670276,0.007967596,0.008497569,0.012852552,0.010928517,-0.0115398085,0.009057867
2020-07-24,0.0030141464,0.02234123,0.0005571101,0.004831524,-0.007762792,0.014766421,0.0051720515,0.008986518,0.003556951,0.005418792,0.013342105,0.0009915298,-0.0030125766,-0.0026351674,-0.004329878,0.010777992,0.00913425,0.023022743,-0.015483579,-0.004898446
2020-07-27,-0.0006135284,-0.0053192982,-0.006277164,-0.0013653998,-0.010334706,-0.0009756953,0.0028558625,0.004036866,-0.006189554,0.008438872,-0.06179601,0.03924546,-0.0031790775,0.0247332,0.0,-0.016673746,0.00084920594,-0.002023442,0.061577044,-0.0112255355
2020-07-28,-0.01041391,-0.0025062102,0.0010462127,0.009798028,-0.010092041,0.0097658085,-0.0042090057,0.009874404,0.01643281,0.0005837879,0.03750902,0.008498158,-0.06444892,8.049203e-05,0.00018239956,-0.008054181,0.004391042,0.00889012,0.005484635,0.007694491
2020-07-29,-0.007809301,0.0022722527,0.0034361128,0.007475727,0.0024513472,0.00175602,0.0050196536,0.0077154534,0.0053815045,-0.029522767,0.02472933,0.02000124,0.00092678185,0.002493298,0.010793919,0.014478745,-0.0047879317,-0.0027978644,0.0018650695,0.01867957
2020-07-30,-0.051504895,0.0,-0.005666509,0.00035429088,0.008269103,0.015901374,0.00265423,-0.0018218127,0.005198563,0.021738615,-0.002771004,0.024975428,0.0016385618,0.0037134844,0.0100220665,0.007984788,0.02338632,-0.0037823142,0.0043778378,0.008416937
2020-07-31,0.005710661,0.011432616,0.0006943591,0.0046896758,0.004438185,-0.0022108841,0.001240591,0.0050666463,0.007242641,0.021208204,-0.037007555,-0.0035737394,-0.004724493,0.0066997777,0.004380607,0.0,-0.0002725309,0.01475921,0.0012803143,0.0016223755
2020-08-03,0.024804343,-0.0046044597,0.0028711122,-0.003987691,0.00482762,0.0028544927,0.0038114695,0.0006820006,-0.0012916023,0.011527288,0.002406879,-0.0082738325,0.015701005,0.010295392,0.00048640094,0.011712149,0.011005532,0.0061388337,-0.012937002,0.009720669
2020-08-04,0.001997698,0.013809918,-0.003033047,-0.0052055535,0.002333871,0.006352239,-0.02292005,0.0,0.0016220899,0.020412084,-0.023871984,0.05176661,-0.00875161,-0.18907903,-0.0138744805,-0.003664303,-0.0118678715,-0.003118854,0.041752905,0.0
2020-08-05,0.008345113,0.00595084,0.0023335307,-0.004445644,0.0069974507,-0.0044951485,-0.021290453,0.0047966703,-0.0007367106,0.0022378052,0.009116297,-0.012886325,0.02659625,2.0625439e-05,0.0114602465,0.005334698,-0.0007987764,0.003718831,0.0028093718,0.00522672
2020-08-06,-0.0061277556,0.013826838,0.009038,0.009198461,0.0014296065,0.0,-0.0048717614,0.00071597606,0.00793891,0.0037079216,0.016864853,0.008466947,0.008730774,-0.016828919,0.010223363,0.019453593,-0.002976295,0.000684342,0.012652196,0.007886924
2020-08-07,-0.01585211,0.009656542,0.014977923,0.005101273,-0.013267813,0.0005851556,0.025177358,0.00537389,-0.0024106374,0.002492533,-0.006968005,0.02046932,-0.0018167245,-0.0058308663,-0.008557751,0.005939385,-0.00034960234,0.004017148,0.02059002,0.007505402
2020-08-10,0.0031799378,-0.0071645644,-0.013384184,-0.0017483749,0.01893879,0.006324139,0.003050107,0.002109154,0.0015330998,0.0,0.0,0.025254998,0.011232195,-0.0035383285,0.003938386,0.0039235754,0.008776759,0.00027379143,0.0024423762,0.006964389
2020-08-11,0.09187875,0.04450057,-0.0025016924,-0.005229025,0.015529793,-0.0037707114,-0.05173609,0.013748504,-0.03302081,-0.025629917,-0.06656608,0.012515471,0.0032480475,0.0985316,0.014773425,-0.000412614,-0.010560634,0.0038594685,0.0036365418,-0.009267145
2020-08-12,0.012069207,0.010831245,0.003984422,0.018935196,0.003328135,0.099183194,0.038563885,0.078315996,-0.007117046,0.016760057,-0.07135098,0.008869722,0.005281172,-0.0048791417,0.0024423096,0.0055881725,0.034342427,0.03977013,0.046395004,0.014312935
2020-08-13,0.0043799053,0.0072339424,0.0,0.081913404,0.0022491943,0.04924547,-0.005773287,-0.0017100313,-0.029708449,0.01009829,0.020027634,0.0029159824,-0.0017086031,0.008287361,0.034415558,0.0041505233,-0.00933577,-0.0005735635,0.0095286835,0.03784656
2020-08-14,0.0019568424,0.01031582,-0.021141578,-0.014924967,0.013228872,-0.0032771474,-0.004067908,-0.003298536,0.0400032,0.010462291,0.01969938,0.0037237352,0.0010767394,0.011634395,0.0041988785,0.004909201,0.016251804,0.017649414,-0.008879755,0.024442883
2020-08-17,-0.015581178,-0.115440786,0.03838491,0.015786944,0.009729224,0.0072737033,0.0,-0.028101718,-0.0077493005,-0.00766537,-0.042505335,-0.0131553495,0.007002512,0.0050868355,0.0039304146,0.004850353,0.012687232,0.009694523,0.001959473,-0.011834216
2020-08-18,0.055048797,-0.0058145695,0.052136455,-0.0032110042,0.0037295835,-0.004066067,-0.00029821266,0.014705727,-0.10042012,-0.03661089,0.019521283,0.004075356,0.0043755015,0.011163618,0.042055238,0.0030888405,0.019788818,0.0042233258,0.0023661312,-0.001393154
2020-08-19,0.009941943,0.0,0.008220883,0.024104802,0.0038681773,0.013176617,0.10850676,-0.011068469,0.04098338,0.0,0.004391335,0.0,0.0061349366,0.0041898806,-0.013909825,0.006732888,0.0035296476,0.002200778,0.013399799,0.00017198919
2020-08-20,-0.0048945206,0.006048654,-0.008195958,-0.006209751,-0.0016603403,0.0045962203,0.0038732083,-0.007945536,-0.006204234,0.0039509707,0.006109057,-0.0077200956,-0.0011338375,-0.010904129,0.0061766137,-0.0030794195,0.010112479,0.0048906575,0.0,0.0016425884
2020-08-21,0.0122301215,0.034630533,-0.004792167,0.013258741,0.008053806,0.004944377,0.010187595,0.0027620918,0.014927858,0.020332802,-0.0007020756,0.009055712,-0.008132617,0.006111296,-0.015232892,0.00013394617,-0.005204627,0.0070242593,0.02143107,0.03669559
2020-08-24,-0.01762437,0.09007524,0.036277745,-0.0001029343,0.008652629,0.0022603713,0.01243243,0.011268948,0.024678892,-0.0070501706,-0.0046583796,0.0010506746,0.01313747,-0.015995676,0.0074467277,0.0,0.005968047,-0.00053240894,0.017321276,0.0
2020-08-25,0.08257932,-0.0050267675,0.018802823,0.02983254,0.0,-0.0010191768,-0.0037010165,0.008466055,0.0074626505,0.0055097416,-0.0075887134,0.0031788582,0.001556913,-0.0038225697,-0.0013987266,0.005272008,0.009200444,0.01590951,-0.010578907,-0.0049023284
2020-08-26,0.011642367,0.008323879,-0.0071074576,0.0012605968,0.00045886633,0.0043449183,0.010109439,0.004360096,-0.052563135,-0.0031313899,0.007658399,0.0033103835,0.0016117783,-0.0019627665,0.0021309538,0.006721454,-0.007633859,-0.02422381,0.0070728217,0.005913501
2020-08-27,0.00096171506,0.011907042,-0.0011221743,0.022734767,0.00092704786,4.2073858e-05,-0.0009793155,0.00228368,-0.032113947,0.011758021,0.025881855,0.0051977076,0.0005150423,0.02066046,-0.038089596,0.0050480883,0.01632054,-0.0067171236,0.009569304,-0.0026797955
2020-08-28,0.0066186767,-0.010580691,0.0020667715,0.0060264436,0.009094727,0.006375135,0.0038721608,-0.0012045705,0.03962035,-0.0038233767,0.0005403689,0.000119502794,0.005971092,-0.009386668,0.04723176,0.00397457,0.0015427348,-0.071478285,-0.00018121138,0.0016096813
2020-08-31,-0.0017446083,-0.008970373,0.0064225094,0.01368762,-0.0062712827,-0.004249102,0.012456542,-0.0028130147,-0.010591102,0.0076789996,0.00013084972,-0.02394169,0.012518506,0.009048719,0.0060418244,0.0019286192,0.0032407537,0.0027712928,-0.0048945704,-0.007534051
2020-09-01,0.00952324,0.001876616,-0.015604716,0.00463596,-0.0049200775,0.018197529,-0.0005838156,0.019891977,0.0063855248,0.0027019414,0.009218782,-0.0017624005,0.0006266424,-0.052433576,0.015942369,0.0029384862,-0.0020288883,-0.009055348,0.008867973,-0.014498254
2020-09-02,-0.0014919138,0.06182889,-0.0032135623,-0.013927962,-0.0039395085,-0.0058030905,0.0027443534,-0.0061947587,0.011102853,0.017073793,0.03627205,-0.013173773,-0.0004091944,0.005848913,-0.01782172,0.015651563,0.000855094,-0.0038330683,-0.0075918934,0.0012676902
2020-09-03,0.012172786,-0.0063122367,0.012042721,-0.013352361,0.017125577,-0.041200496,0.01888117,0.0043800552,0.0138408225,-0.041571707,-0.03995169,-0.02343264,-0.002724148,0.008697102,0.0118715055,0.0,-0.008823392,0.009062267,-0.00027434033,0.0009888104
2020-09-04,0.019695967,0.009520916,0.010281757,-1.0991888e-05,-0.0119271865,-0.0039658714,0.0092849005,0.02693221,0.01566396,-0.03336076,0.03609478,0.03570682,0.00502806,-0.0061852997,-0.049399592,0.006382997,0.007467177,-0.005910509,0.004809358,0.007915374
2020-09-07,0.012699939,-0.019131547,-0.00679238,0.01010894,0.005125151,-0.02385986,-0.00065053423,0.0,0.108346745,-0.022380346,0.021597778,0.014574963,-0.003932827,0.011821437,-0.0060112923,0.012653345,0.010214785,0.009110666,-0.00703096,0.01573181
2020-09-08,0.0019488272,-0.0071654287,0.0043646796,0.0147750545,0.0027017866,0.0011297952,0.00063074264,0.0054421895,0.010123988,0.0032797346,0.01033194,0.0015082033,0.0068867267,-0.0029480467,0.043507665,0.0027879651,0.014396096,-0.018207708,-0.0015509669,-0.009471969
2020-09-09,-0.007494344,-0.004586415,0.015049409,0.010518186,-0.0028342018,0.0036103267,0.010586521,0.0,0.0017728684,0.018196004,0.013597844,0.012642891,0.0042954697,0.0016022054,-0.01593821,0.00701931,-0.002653768,0.060011953,0.0040417323,-0.0010320152
2020-09-10,-0.005349419,-0.02153747,-0.0019309135,0.012170271,-0.0016736521,0.0070833284,-0.015545042,0.014253583,-0.013176782,0.0014043893,-0.011884699,0.006634089,0.00049632794,-0.00053470343,0.008695546,-0.009270047,0.0008339446,-0.0030184672,0.0058956905,-0.024436498
2020-09-11,-0.0055005345,0.039243698,-0.004599139,-0.016770601,-0.0019979735,0.01455617,-0.0033912356,0.0047226558,0.010916058,-0.0061179963,0.0027957626,0.010768687,0.0074480553,0.008873636,0.020482993,-0.0042152707,0.003883584,0.0041920193,-0.003535942,-0.021129383
2020-09-14,0.0057997303,0.05096913,0.0069725537,0.0013869879,0.007865823,0.0035088742,-0.0013119433,0.005644571,-0.009115965,0.027973173,0.0073352396,0.01208844,0.008162533,0.0061142747,0.0,0.0097675435,0.0028698219,-0.010674527,2.3271123e-05,-0.005915473
2020-09-15,0.004525765,0.0011046221,0.0,0.002251377,0.00019597168,0.013254363,-0.004691782,0.019708877,-0.039726686,0.003597493,0.0050504557,0.005710493,-0.004243737,-0.028787674,0.012452062,0.0035175567,0.0067362865,-0.0044813193,0.0,-0.017269414
2020-09-16,-0.009293267,0.02427278,0.0020264317,-0.008890751,0.00686904,0.009312521,0.0032665306,0.0052707116,0.00280835,-0.0016401728,0.007272423,0.0018343533,-0.0060787764,0.0029007983,0.035130598,0.0038974062,0.00812759,-0.020777913,0.010632336,-0.025787892
2020-09-17,0.0009729322,-0.022033678,-0.013888816,0.024786081,-0.0015956832,0.00022907014,-0.001725299,0.0,0.0056075845,-0.0014268482,-0.016550789,0.0006447828,0.003355282,-0.003404851,-0.0052664583,0.0067187534,-0.0016475416,0.014579549,0.0037711768,0.0061835353
2020-09-18,0.008041765,0.03823667,0.0038136826,-0.0034698604,0.0136888875,-0.008532304,0.006067964,-0.01600138,0.041182466,0.0069721225,0.03314868,-0.014488247,0.0033053444,0.009637862,0.009769752,0.01299823,-0.0009860431,-0.002190293,0.0024683499,0.009259858
2020-09-21,0.0034022222,-0.017974678,0.009273072,-0.0071259937,-0.0073769847,0.050015807,-0.0041863965,0.0034098425,-0.0041711647,0.0069528185,-0.009819668,-0.010463448,0.0048189373,0.009772329,0.0058031403,-0.009822711,0.0015362676,-0.0139682675,0.008054096,-0.02581068
2020-09-22,0.0026937714,0.020444714,0.024151707,0.009324542,-0.0039712116,-0.03766964,0.0030688446,0.0022301143,0.003352612,0.0122484565,0.013229312,0.010034022,-0.0068746717,-0.0007726228,0.0018049972,-0.00045861502,-0.006154486,-0.007425472,-0.00379015,0.0047896365
2020-09-23,-0.024590474,-0.008554244,0.017646324,0.00047537874,-0.009410757,-0.0013359924,-0.0036179044,0.009159217,0.015329684,-0.0042788964,0.006397664,0.006909459,-0.018775074,0.014813693,0.010951391,-0.002016648,0.009612817,0.02645141,0.012074413,0.0085894475
2020-09-24,0.017455535,-0.0176601,0.004637126,0.004935888,0.015688801,0.011155159,0.014050128,0.0022807969,0.008116687,0.003275036,-0.047490135,0.007137506,4.140278e-05,-0.007415641,0.008801678,0.013998313,-0.0036413958,0.013170867,-0.0041230493,0.0018868211
2020-09-25,0.014748376,0.00801053,0.006190955,-0.0039672703,0.011171403,-0.008956935,0.009799263,0.025365675,0.0084966235,0.024506323,0.0076731606,0.00063983555,0.0021658363,0.008915277,-0.019700749,0.008394512,-0.010458807,0.0012002185,-0.002477151,-0.08950552
2020-09-28,-0.0050805076,0.045133375,0.0,0.012957712,0.022120098,0.016283413,0.00097794,0.0104047675,-0.0023518773,-0.0069607366,0.016536511,0.002731346,-0.0016151596,0.0032740636,0.003081407,-0.01892338,0.0033506993,0.009502105,0.002776231,0.011735003
2020-09-29,0.02634243,-0.014130074,0.008532165,-0.00077393616,-0.018599408,0.0091480855,0.0119267935,-0.0016008131,0.010383915,-0.025628202,0.015885722,-0.0064592,-0.0019498754,-0.00074692676,-0.016579842,0.004264168,0.01086679,0.005607542,0.0042329873,0.020532561
2020-09-30,0.00094629964,0.0044827387,0.0098858485,0.012292388,0.0012799223,0.010845164,0.0061466293,-0.0127303405,-0.012060498,-0.0007313041,0.014142213,0.006961146,0.004669032,0.0019706436,-0.011639401,-0.0013913495,0.009078746,0.0152659705,-0.0004999682,0.032057054
2020-10-01,-0.0086950855,4.8397407e-05,-0.016682968,-0.08629163,0.012283883,0.010576055,0.0040420867,-0.0071332366,0.0,0.008278608,-0.008495865,0.004464962,0.004414394,-0.001542458,0.012253241,0.014428077,0.007846017,0.0028751502,-0.0059411577,0.0001643606
2020-10-02,-0.004085817,-0.020487055,0.0049270904,0.01621042,0.00891674,0.015268583,-0.008191885,0.025505893,0.00913915,0.0069995685,0.08354581,0.0046380395,0.0017964726,-0.020465996,0.011566886,0.00380157,0.005380609,-0.001969307,-0.00023626814,-0.020815574
2020-10-05,-0.011880528,-0.017073845,0.004659007,0.013948547,-0.005619463,0.0057275062,0.007588008,-0.017540408,0.009564494,0.0018438317,-0.002361042,-0.0011229127,0.004724261,0.014759306,0.011736856,0.0028944889,0.010844123,-0.0069071567,0.0060532424,0.0147460345
2020-10-06,0.024912432,0.0024329484,0.00091447163,0.042763907,-0.0016221108,0.015212529,0.00926382,0.03043861,-0.011541782,0.012782178,0.0043074014,0.0043555964,-0.0018158788,0.020153305,0.023664216,0.002153393,0.0101631135,-0.0024451707,-0.014398073,0.011993762
2020-10-07,0.001110981,0.01934373,0.0036416997,-0.008522902,0.0052789347,0.0074766073,0.0005238885,-0.014082024,-0.008233454,-0.0760382,0.0051653404,-0.0005016319,0.0025783507,0.00039664056,-0.0040411237,0.0,0.01279701,0.0075236987,-0.0076216087,-0.0026891548
2020-10-08,-0.009847622,0.008301073,0.0052980394,0.0107617965,0.0023750316,-0.0057556704,0.014768143,0.017234236,0.0068503167,0.0071641686,-0.0025606446,-0.0044749384,0.009154305,-0.00081451796,0.010827654,0.008837111,-0.0032900434,-0.014513232,-0.017750746,-0.014271451
2020-10-09,0.014728632,-0.010107493,0.0009112235,-0.010404733,0.009984088,-0.0029138029,0.012522544,-0.010527843,0.005320692,0.008808006,0.0026340282,0.0061729946,0.003293483,-0.0051111537,0.014319279,-0.0026337248,-0.0012019074,0.018426169,0.02480601,0.0026328964
2020-10-12,0.00959178,0.009251387,0.012484836,0.012594415,0.009542253,-0.007359106,0.008149812,0.0030574396,0.0,0.021284558,-0.00022836006,0.003802475,0.0045539807,0.013907394,0.025505008,0.0010536326,0.0016093625,-0.005534226,0.010394004,0.1350808
2020-10-13,-0.007843148,0.023002159,-0.0015198886,-0.014917794,-0.0029810122,0.010125513,0.0040830616,0.0027169238,0.0015100089,-0.010524606,0.0011671205,0.010867898,-0.0019311301,0.010726358,0.0050713606,-0.010356381,0.00090869406,0.012461914,0.0036087588,0.012481199
2020-10-14,0.0124926185,-0.003417515,-0.0034234112,-0.0040366193,0.0,0.0022752634,-0.005283278,-0.039380055,0.002748779,0.0044951057,0.023299124,0.0018003681,0.002751909,0.010993155,0.014758273,0.009189261,0.01380944,-0.0043115583,0.007225956,0.001452902
2020-10-15,-0.0028151248,-0.012744562,0.011851605,0.0,-0.0018180319,-0.0013415882,0.00680992,0.0029469328,0.011958067,-0.002820726,-0.010474926,-0.0053793425,-0.0015047247,0.00012992592,0.0,0.016061552,-0.009314693,0.008494331,0.010910619,0.0018010689
2020-10-16,0.046219528,-0.056773704,0.0011888113,0.017806014,0.0080419015,0.0043985485,-0.0018459605,0.011556862,-0.006457834,0.014747746,0.002814552,-0.0013488684,-0.0054086554,0.0116917025,-0.00014937685,0.0057413806,-0.011214348,0.015849289,-0.0029809275,-0.0034320978
2020-10-19,-0.0026888,-0.026045851,-0.017147973,0.006258681,0.0,0.0067121126,0.007052165,0.009408846,0.006179325,-0.019034248,0.037952002,0.0,0.0010354677,0.0035811635,0.0021083767,0.0,-0.0073608896,-0.013189786,0.01504518,0.013173055
2020-10-20,0.0,0.025076682,0.0062615406,0.018835811,0.0,0.00049064273,0.0057669636,0.031509437,-0.037080456,-0.010434798,0.0,0.0088787535,0.002462195,0.008130957,0.024775943,0.00057630107,0.007270216,-0.00076757214,-0.008670959,0.0179609
2020-10-21,0.010532303,0.014304429,0.0056965007,-0.002518335,-0.0045678825,-0.0009874965,-0.0070401025,0.005587203,0.010152722,-0.0015963422,0.005363501,0.0,-0.0134564955,0.0074463063,0.015158901,0.0035543158,0.017642543,-0.023847712,0.009256387,-0.012711392
2020-10-22,-0.0072705806,0.099138156,-0.0018700436,0.0062289136,0.008461207,-0.003348695,0.009440868,-0.00018404442,-0.0006590664,-0.00027544078,0.0016386217,0.005410128,0.010540734,-0.008316664,-0.0022941579,0.0011286275,-0.0025581655,0.015192138,0.000439799,0.023980359
2020-10-23,-0.001012492,0.006116946,0.009771212,0.0049774996,-0.0090697305,0.0120181125,0.008307196,0.0002778087,0.02622939,0.024604917,-0.0026554575,0.013462669,0.0076814597,-0.011659521,-1.805057e-05,0.0024367278,0.0017956384,0.0049765725,0.005513537,-0.003015913
2020-10-26,0.009053121,0.0105671575,0.0027268564,0.007497063,0.0011118675,0.00014634024,-0.012442194,-0.008626133,0.0086555565,0.0062686168,0.00020583945,0.005775295,0.006569086,-0.0071306103,0.0001920115,-0.00020910411,0.0056790183,0.024796732,0.0071241185,-0.0029703614
2020-10-27,0.0037701298,0.00029747412,-0.0011352667,0.0015834274,-0.0037321015,-0.0035244802,0.010141103,0.007713113,0.009817426,0.0004627556,0.006899942,0.019534823,0.0027018131,0.0,0.0026194588,0.010548843,0.0046022525,-0.013067021,0.0,-0.006738955
2020-10-28,0.00072798127,0.032164436,-0.00023728608,0.0027906802,0.009486679,-0.0025102273,0.009270824,0.0014954051,-0.003469266,0.0004954209,0.021921825,0.006737797,0.004248883,0.0024554082,0.009809551,-0.004677689,0.0021035096,0.0,0.015625,0.025488378
2020-10-29,-0.011673936,-0.07333618,0.00045316186,0.039209668,0.0066238143,0.0010523917,0.0072528184,0.0017735782,-0.00080561545,0.006904508,0.0070040235,0.0022399353,0.0007094554,0.0022385647,0.0010530155,0.0017540309,0.006296669,0.01748381,0.022983067,-0.00059532805
2020-10-30,-0.029012147,0.02758021,0.002873622,0.0038663521,0.008798921,0.0012416723,-0.0034115103,0.014966859,-0.0137687605,0.008484371,-0.004917665,0.0,0.0041685496,0.0007937301,-6.260276e-05,0.013197934,0.0138668595,-0.0037897192,-0.020081805,0.011152279
2020-11-02,-0.017844751,-0.008239779,0.001970811,0.009995466,0.014482328,0.0015081448,0.00811034,-0.001936371,0.004848107,0.016420329,0.02036497,0.007769756,0.0050186515,0.006241042,0.0018608968,-0.008038009,-0.0021680165,-0.0021364237,0.00038318647,0.009272126
2020-11-03,-0.007507557,-0.0035049058,-0.0017183616,0.0,-0.0042353305,-0.003264295,0.0,0.099371724,0.009718661,0.0047714086,0.0,0.0074271844,0.0075545697,0.008989034,0.007546344,0.02195663,0.007073048,-0.029410617,0.008751691,-0.06917069
2020-11-04,0.0,0.14180641,0.00067199825,0.0,0.011846417,-0.0017646556,0.0020019736,0.0040967353,0.016569192,-0.002742363,0.00699447,-0.0096627055,-0.004752046,0.0040536607,0.006082752,0.010431644,5.274674e-06,0.014909226,-0.0016957923,0.026126824
2020-11-05,0.0048675076,-0.029073741,0.012449913,-0.01391192,-0.002672021,0.0018501375,0.013920756,0.0060279686,-0.0114702135,-0.0046595386,0.016774695,0.0,-0.0011134358,0.0030262987,0.009114206,0.0133764865,0.0036483253,0.0062887836,0.0121081835,0.0047357096
2020-11-06,0.040631685,0.013760217,-0.009507345,0.020277072,0.0004494066,-0.0022511226,-0.0013170438,-0.0042643636,-0.031472705,0.13713987,0.0037848887,-0.0056287115,0.0014620309,0.0022620661,0.017897282,0.00858536,0.005241126,-0.009172024,0.0008112787,0.01272002
2020-11-09,0.0022702063,0.012823834,0.0041618193,-0.003304992,0.005875484,0.0049235364,0.017811226,-0.0029290188,0.006555607,0.0063024275,-0.0010549349,-0.00825687,0.0024268113,0.0086548235,0.023254603,0.020888899,0.0,0.0022626878,0.0038177068,0.00283876
2020-11-10,0.009750933,-0.0072474396,-0.0073989597,0.0151573485,0.0033365532,-0.0034695554,0.00521651,0.0038498603,0.0039959364,0.0056026503,-0.0025995453,0.0011843866,0.008459991,0.009994709,-0.012465049,-0.0073797465,-0.0072650183,-0.008562911,-0.0045298734,0.037072983
2020-11-11,0.004866448,0.00278146,-0.0012026229,-0.00090892456,-0.010998065,0.012524653,-0.004975087,0.012789702,-0.005727549,0.0062843096,0.0075043896,0.033969875,-0.0028514806,0.004507924,-0.014276082,0.01714295,0.0018750618,0.015495229,0.0,0.031226508
2020-11-12,-0.009038134,-0.009002756,-0.009703166,0.0001189474,0.00556379,-0.010866029,-0.00146768,0.00921506,0.008928161,0.0019356221,0.0058894,0.009956559,0.0054428773,-0.00457191,0.0018070309,-0.052533463,0.032617442,-0.00598068,0.009125421,-0.053237636
2020-11-13,0.0013976404,-0.0035477923,0.025064772,0.0031001137,0.006741294,0.00025615195,-0.0013815523,-0.002146625,-0.005524632,-0.0018898798,-0.0034219597,-0.0014862072,0.00031474582,0.01274923,0.004839749,0.008188867,-0.0024776263,0.001256212,0.0030903858,0.025176063
2020-11-16,0.01525082,0.048932,0.009210313,-0.015360767,0.0018480078,0.003305549,0.0086815925,-0.0042245113,0.00031696912,-0.004757598,-0.007970266,0.008046762,0.0067504602,0.0023632357,-0.023079075,0.002712149,0.024119899,0.021152187,0.011067691,-0.0057114884
2020-11-17,0.02294801,0.004686945,0.0038592864,-0.0028058398,-0.00059490674,-0.0003225949,0.0019958792,0.00072041753,0.0082376,0.0035383268,0.039880678,0.0018624467,0.0032032826,-0.001485902,0.05034517,0.0039136265,0.00061033247,-0.015136916,0.013875471,0.00012288513
2020-11-18,-0.115970805,-0.011898195,0.008794298,0.00731977,-5.1794e-05,-0.02899369,-0.021269137,0.002241335,-0.0005246576,0.00023215747,0.009194631,-0.002073054,-0.0040665106,0.0014562841,0.0022685362,-0.009404924,0.009254186,-0.008005607,0.0071888617,-0.0040593613
2020-11-19,0.016031317,0.021323195,0.0,0.0009335519,0.008890227,0.001097994,0.004645617,0.015483712,-0.0022911094,-6.0132097e-05,-0.01231456,0.008273694,0.006442563,0.0056161545,0.0057666376,0.019347096,-0.00067269267,0.018812725,0.009193936,0.0053482135
2020-11-20,0.014788955,0.0030971603,0.008111532,-0.004453216,0.014080736,-0.0033871469,-0.0034368215,0.001357644,0.009066576,0.0010290217,0.005309473,0.00082207564,0.0086665675,0.00749707,0.018432159,-0.21803093,-0.0002109266,0.006791339,0.0048118746,0.0017803655
2020-11-23,0.007559842,0.00739424,0.0045357905,0.016376628,0.0010928056,0.012496253,0.009523785,0.0018951794,0.0024829195,0.018459719,0.0,0.0031962674,0.008487117,-0.0013178053,-0.011913496,-0.013802838,0.0075724293,-0.003775894,0.0003414643,-0.004998958
2020-11-24,-0.007772574,-6.13983e-05,0.002465881,0.00479087,-0.011333477,0.04400073,0.014725347,0.0061738743,-0.0024312236,-0.0073746108,0.0012697297,-0.00023031162,-0.001720422,-0.0011895243,0.0050366987,0.021991368,-0.02167703,-0.008142846,0.0059525385,-0.013910762
2020-11-25,-0.07949352,-0.0018641035,0.008477619,0.009618965,0.00077178766,-0.012527678,0.013069851,0.003452866,0.010349959,0.008159081,-0.004254481,0.0053746398,-0.010114506,0.0028260092,0.010658852,0.038769618,0.009342298,0.008805196,0.010031651,0.018794667
2020-11-26,0.02535125,-0.009595774,-0.013049877,-0.008573578,0.0,-0.0025358065,0.009151855,0.008929209,0.0015287773,0.0023347961,0.010791247,-0.0044892486,0.0,0.005089909,-0.006485334,-0.013487277,0.023778081,-0.028098958,-0.0022633376,0.011354592
2020-11-27,0.011178104,0.006177743,0.0044070818,0.011433202,0.0072754193,0.017716534,0.0065718126,-0.0054041115,-0.0023459236,-0.0058941822,0.01200088,-0.0056224964,0.004876215,0.022897368,0.0047158776,-0.00808078,0.02209707,0.0027653752,-0.008163045,0.0013621033
2020-11-30,0.015699465,0.009633563,-0.0055047544,0.006671532,0.017751742,0.004582988,-0.004283813,0.0025675187,-0.0022024252,0.0,-0.002096318,0.003541525,0.0,0.010019547,0.0041000824,-0.20987436,-0.013201007,0.019712549,0.0018521548,-0.007895589
2020-12-01,0.0060914503,0.00040468128,0.025024027,0.002734275,0.008860814,0.009225493,-0.0037780711,0.008940284,-0.0022004063,-0.0010589169,0.0025894286,-0.0027748782,0.009513876,0.018893884,0.0029555734,0.009977195,0.0023619412,0.0070932596,0.01015522,0.0029683914
2020-12-02,-0.010865229,-0.0028135956,-0.0027170158,-0.013545393,0.0030466046,0.0069147996,-0.040046025,-0.0030399447,0.0014095467,-0.008706954,-0.008611178,0.0056881174,0.0065661375,-0.0023376958,0.01953293,-0.11266693,0.0039344467,0.006127665,-0.0111896815,-0.112355284
2020-12-03,0.007609178,0.01379665,0.0108995605,0.0163301,-0.008359612,-0.0014073798,-0.0098162815,0.021959104,0.007328054,0.014778376,0.005889549,0.008974525,-0.0034395305,0.0066025765,0.0031000145,0.008283751,0.0054206713,-0.00010220812,0.010027817,0.012027667
2020-12-04,-0.03004541,0.010244934,0.0014831322,0.007258363,-0.0051311804,-0.010549212,-0.0002370569,-0.012660989,-0.010194287,0.0075998087,0.013177427,-0.0017961606,0.0073038447,-0.0044068214,0.022333145,0.004693015,-0.00047782532,0.0035191462,0.0051203542,-0.0053068046
2020-12-07,0.004492117,-0.005469778,0.008697795,-0.0015844709,0.010697157,-0.011370964,0.005367381,0.007006323,-0.005603684,0.008836448,0.0061768424,0.009398826,0.004311597,0.01068869,0.026097238,0.022147272,-0.010838223,0.0015559766,0.00019497609,-0.0005072435
2020-12-08,-0.010476522,0.010533298,-2.32329e-05,-0.018073183,-0.0030859266,0.014367339,-0.040852055,0.0014216616,0.004080391,-0.008933473,-0.007522225,-0.003734433,0.005563656,-0.0047591333,0.0072386167,-0.056902844,0.008482966,-0.003517431,-0.0018195114,0.0060049864
2020-12-09,-0.022866165,-0.0014251728,0.0003330001,0.0022691218,-0.009888241,0.0015154964,0.017866489,-0.00096842885,0.007957595,0.011129119,0.015664905,-0.0023012976,0.0048732776,0.013002535,-0.04468467,0.007910386,0.004369537,0.0048036426,0.008115928,0.0
2020-12-10,0.049214974,0.007398584,0.005501821,0.00012916783,0.0078700995,-0.0034052902,0.019850444,0.0022547997,0.0,-0.0057769055,0.0017967722,-0.005436215,-0.008690398,0.00066071615,0.007474819,0.012616801,0.003158454,-0.0017402638,0.0012210618,0.025231985
2020-12-11,-0.0050557745,0.0,0.0,0.0,0.0020198552,0.009755245,-0.0026975565,-0.008041912,0.0,-0.00818337,-0.0069392356,-0.0015139148,0.0063222144,-0.0013612682,0.020721575,0.05037708,0.008017581,-0.10180902,0.0062388256,0.010735256
2020-12-14,-0.0054782233,-0.024289321,0.0035835283,-0.008336476,-0.0008232549,-0.0063614044,0.011118041,-0.0026118103,0.007560235,0.01111292,0.0,0.010383938,0.0029718943,-0.0004531393,0.007528482,0.01308809,-0.0019143911,0.013763665,-3.3835543e-06,-0.015474475
2020-12-15,0.011059217,-0.00074557913,-0.00095273176,0.0005017582,-0.010022767,0.0022573383,0.0028644751,-0.004434935,0.0017995753,0.008883732,-0.016500123,-0.0009732668,0.005719303,-0.015503184,0.016878078,0.06483294,-0.0028071033,0.009914374,0.00963375,-0.00135279
2020-12-16,0.000871884,-0.001930541,0.0011295304,0.00019743374,0.0,0.014015427,-0.0018545805,0.003227656,-0.0033804385,-0.009124995,0.0060527367,-0.0118860295,0.0015463022,-0.0026390182,0.0007851632,0.016384982,-0.007723287,-0.0051716096,0.015593853,-0.02199904
2020-12-17,0.006523421,0.012940607,0.002005072,-0.004764348,0.0040721134,0.012930181,0.0033026699,-0.0022109537,0.0,0.0003564995,0.0052647055,0.007237403,0.0029284956,-0.005185125,-0.004059818,0.0119602885,-0.035685316,8.171689e-05,-0.008990414,-0.00977167
2020-12-18,0.01085405,0.0193532,-0.02031328,0.0061714156,0.006019648,0.0024149823,-0.010427832,-0.00010192451,0.010873235,-0.002849855,-0.0046826033,0.012779887,-0.00048295615,-0.014568793,0.00067968224,0.0068627843,0.062791266,0.010767606,0.0014976589,-0.022224173
2020-12-21,-0.010536125,0.010597616,0.002929422,0.025702508,0.0018978192,0.017119285,0.006764536,-0.023952793,0.0093531,-0.003150307,-0.0011407837,0.014651578,0.0033976538,-0.010442293,0.008598464,-0.00022538239,0.0066753575,-0.0071118926,0.008722878,0.01303035
2020-12-22,0.007906856,0.0034049442,0.0007608486,-0.0048676957,0.005184003,-0.027281325,-0.0024646136,-0.022268072,0.0004851356,0.020532668,-0.0017418972,0.006959433,-0.0057770964,0.018351896,-0.06558246,0.021395855,0.013505985,-0.0014234488,-0.004121926,0.0036978533
2020-12-23,0.0031461304,2.7714024e-05,0.025318282,0.008798117,0.0074714515,-0.0020195623,-0.0008211915,0.012931845,0.0028628178,-0.010503258,0.014747405,-0.0061629866,0.0054861293,0.044787064,0.018477084,0.01286308,-0.005532037,-0.0059244563,-0.002677291,0.015511327
2020-12-24,0.016375303,0.0,-0.008952778,-0.009702515,0.017165149,-0.015455253,0.0059537767,0.008710347,0.0,-0.02680494,0.018929617,-0.0066179177,0.00211062,0.0,0.0066070566,-0.0825424,0.038234357,0.01594268,0.008290578,-0.0077502914
2020-12-25,0.011020273,-0.01633203,0.0076464745,0.00033734276,-0.010798667,-0.015059336,-0.015759692,-0.01810957,-0.0008226148,0.003347272,0.017488142,-0.008035497,0.0037201154,-0.0061024963,-0.018035598,-0.021287158,0.002515045,0.010941035,-0.008039006,0.026320659
2020-12-28,0.0010259342,-0.0032957525,0.0047899676,0.025819924,0.0070557594,-0.004560072,0.010525317,0.0028320663,0.0052222563,0.0022064294,0.0016173432,0.0022525177,0.00013211626,-0.002313018,0.0022191224,-0.005279497,-0.0021972738,-0.00569156,0.0023440633,-0.0047154506
2020-12-29,-0.004135649,-0.03185764,0.0,-0.0018183574,0.0030504265,0.023308327,-0.010357803,0.0051149954,0.0034185715,0.00057629956,-0.022904586,-0.0055106473,0.0060619097,0.017390583,-0.0013155834,0.018633539,0.013248332,0.010832895,0.002219692,0.017252875
2020-12-30,0.012128191,0.0029920347,0.007591574,-0.00029790288,0.013988409,-0.00056429335,0.008123302,-0.004239067,0.0,0.02314864,0.011541941,0.005144023,-0.0033686631,-0.004522613,-0.0025146913,0.0069191256,0.0048926994,-0.016317075,-0.008313563,-0.003292185
2020-12-31,-0.0019254808,0.0031078744,0.0004974258,0.03184782,-0.000526245,0.0022511596,0.00061075645,0.0009178705,-0.0045564785,0.0022676557,0.00561376,0.0032228876,0.0037067481,-0.0020841302,0.038405657,0.007063353,0.013066058,0.009207504,0.0070757284,-0.03753553
2021-01-01,-0.007788468,0.010941477,0.003125042,-0.021247776,0.015260384,-0.0055746417,-0.016786613,0.005325199,-0.0051989863,0.0017147566,-0.005114695,0.015580642,0.000489255,-0.0011194191,0.007982487,0.011500835,0.0012637499,-0.009112132,0.0071954895,-0.016571205
2021-01-04,0.0019045221,0.0060736523,0.0040334035,0.0022511154,0.0070651593,0.0017322795,0.004438211,0.017792596,0.0050996942,0.03565976,-0.0049612764,-0.0068665417,0.010580323,-0.0022919434,-0.04181861,0.010947539,0.006929703,-0.010467835,0.0021387236,0.015681375
2021-01-05,0.015227001,-0.00013436834,-0.019169593,0.031051243,0.010704964,0.0029101288,0.008288504,0.0030472688,0.00439069,0.012472351,0.0019564764,0.010807044,0.0015137065,0.008721071,0.002754884,0.0667517,0.011174132,-0.0012928833,0.011784917,0.013144651
2021-01-06,-1.9830104e-05,0.0014345688,-0.006815262,0.01074797,-0.0010232682,-0.10231178,0.010414338,0.011406224,0.0017974445,-0.0027370604,-0.0061995364,0.021010986,0.0,0.008810375,0.048341915,0.004499161,-0.0059576547,-0.0027977875,0.0006400962,-0.010052461
2021-01-07,0.0073327017,0.0035671026,0.009978394,-0.009314419,-0.02734834,-0.004001336,0.009504871,0.011314537,0.0017716648,-0.006213186,0.0009539665,0.0074492907,-0.004578068,0.012421027,-0.0040825643,0.002575613,-0.0031148114,0.009695078,0.00703045,0.007434602
2021-01-08,0.012568492,0.001596293,-0.013952327,-0.01818845,0.003343499,0.025678957,-0.0077164257,-0.0075175897,-0.005365052,-0.007947877,-0.014853154,-0.018220168,0.002510321,-0.03538728,0.026871491,-0.019442597,0.011831277,-0.0038458705,-0.0059909476,-0.0024239244
2021-01-11,0.008974438,-0.022680845,0.0066424618,0.0068940045,-0.0024517328,-0.009250883,-0.005487027,0.0,0.0046200883,0.00088334986,0.0006484363,-0.0033323301,-0.005644736,0.025632355,0.008587669,0.0040603667,-0.011180766,0.010810948,-0.007914017,7.459858e-05
2021-01-12,0.026270153,0.025109256,0.016634842,0.0031793686,-0.0070887576,0.041262213,0.006870845,0.0063439393,0.00086636207,0.026012966,-0.0063352515,-0.00062303565,0.010759365,0.0048847976,0.007406885,-0.013935255,0.004547095,-0.0041516814,0.0054708375,0.020709401
2021-01-13,0.0076566385,-0.02503693,-0.009348459,0.0017660806,0.0077275815,0.0069842357,-0.0002682354,-0.0024184915,0.013155796,-0.0055297175,-0.013909564,0.00667649,0.0024521453,0.012286355,0.010267661,0.0060326266,-0.00497758,0.013510583,0.009602414,-0.0066905143
2021-01-14,-0.03938582,0.01725662,0.008007491,0.00038295583,-0.012290962,-0.0053000343,0.001861868,-0.0021053879,0.01354392,-0.0023305723,-0.0011136458,0.0064557274,0.006407569,-0.015251003,-0.019367235,0.0119141545,0.008996837,0.003124019,-0.0016045257,0.005349544
2021-01-15,0.0,0.0070545753,0.014031589,-0.0007098317,0.00439798,0.07443736,-0.0010256817,0.006217966,-0.008189164,-0.01961977,-0.05297487,-0.010919812,-0.0014392596,0.061907016,0.009895961,0.015348464,0.00386157,0.0048055695,0.010611547,0.004618169
2021-01-18,-0.004811657,-0.0062395865,0.0053530885,0.0072425352,0.0009030001,0.019862168,0.01116321,0.0017946174,0.0,0.007090329,0.1260469,0.008818588,0.0033499827,-0.013647628,0.01998097,0.0010032444,-0.0038786335,0.0070146667,0.013150685,0.0
2021-01-19,-0.0048163245,0.010902665,-0.0033290149,-0.03863211,0.009743887,0.0051406766,-0.005130232,-0.007947416,0.0131288115,0.0025476613,-0.08921174,0.0068600415,-0.0014304683,-0.08814635,0.008120123,-0.0005892237,0.007614363,0.00030926112,0.0025166317,0.027295047
2021-01-20,0.0153481895,0.0112885125,0.00965488,0.08527754,0.0,0.05486262,-0.0031755914,0.005464278,-0.0013587975,0.01475776,0.01065199,0.010203834,-0.0073557626,0.017204808,0.013741548,0.0,0.0052365735,0.0019786598,-0.00062355376,-0.0010364178
2021-01-21,0.025465442,0.018961586,-0.012290556,0.01077538,-0.004909896,-0.0315074,-0.004945119,-0.0009619495,-0.00019653031,-0.0054087252,-0.011017781,0.00545701,0.007868952,0.0056459466,-0.021596188,-0.049888123,0.0042034322,0.0021430545,0.0045265513,0.011373968
2021-01-22,0.018548323,-0.001011607,0.008872346,-0.054088883,0.013836378,0.010601681,-0.01509191,0.00945979,0.00068429805,0.029946772,0.0050680432,0.008552467,0.0031422728,-0.0074158544,0.006521492,0.092966296,-0.005020413,-0.0030626021,-0.020129237,-0.0012477166
2021-01-25,-0.015294969,0.008870472,0.0,-0.004831648,0.008196197,-0.0073721223,0.0025533333,0.032403387,-0.0046046074,0.006179504,0.0,-0.0067469855,0.0,0.005442259,-0.0050960714,-0.0023432996,0.0038139415,0.0017430054,0.0035535302,0.0045865276
2021-01-26,-0.010692456,0.0021618027,-0.0035217793,0.003925499,0.009356348,-0.0054463954,0.011360092,-0.0077551897,0.0,0.008861466,0.0012017434,0.011957155,-0.002584917,-0.011586424,0.0036738112,0.01398457,0.0027678395,0.0032171677,-0.0013684089,-0.026223227
2021-01-27,-0.017746547,-0.00093995384,0.006184242,0.009327885,-0.01498424,0.00855187,-0.013343252,0.011119772,0.008470991,-0.013616598,0.010891986,0.014671885,0.013094645,-0.012487382,0.014450193,0.11878503,0.0010444059,0.006277713,0.006170438,0.00071811414
2021-01-28,0.004398767,0.0079533,0.004644386,-0.02307556,0.0075704986,0.0125417,0.008065085,0.0021529994,0.0074122534,0.0068868147,0.021005964,0.00070866616,-0.0037173012,0.03610988,-0.0066914246,-0.023603205,0.011526039,-4.499732e-05,0.0069920644,0.018975217
2021-01-29,-0.007293681,-0.004690793,-0.007007221,0.01056537,-0.024112878,0.0073626502,0.0068391357,0.009015283,0.0030321148,0.008989267,0.013303838,0.0,0.008046119,0.0030090162,-0.012238342,0.009807723,0.00653331,0.00676233,0.012209525,0.014038889
2021-02-01,-0.008236034,-0.0008559751,-0.0025345406,-0.0001032826,0.0038208617,0.0013487613,-0.0019252811,0.009617119,0.0022670005,-0.007909918,0.011605762,0.0096147405,0.010918776,0.0025634563,-0.0041120397,0.02312068,0.0040233247,0.0024616905,0.006075965,-0.015628114
2021-02-02,0.0,-0.0107041085,-0.0019820002,0.045133755,-0.0061306558,0.047457613,-0.010309528,0.0,0.00064468366,0.0028338477,0.01107176,-0.0024184266,0.00097131723,0.00045260024,0.007654702,0.007813022,-0.004175798,0.0,-0.0029702585,0.010296891
2021-02-03,0.01845897,0.0019500928,0.004652839,0.0036162173,0.015311518,0.001172823,0.017421389,0.004377089,0.003066369,0.0037675514,0.012226857,0.03273722,-0.005989562,0.0053489,0.0016775369,-0.0013639891,0.007432809,0.007947002,0.0007388351,0.0067134053
2021-02-04,-0.0039437655,0.0172783,0.010934598,-0.023706228,0.0080341995,0.0081442045,0.009416902,0.0137643395,0.0,-0.0014974771,-0.0026878149,0.030086352,-0.0042175082,0.01966567,0.0062457565,0.00097527035,0.0005040616,0.0032924258,-0.0026059581,0.006721936
2021-02-05,0.01502467,0.007653912,-0.0016657471,0.00059725123,-0.001994574,-0.0020690581,0.0005679909,-0.0013244624,0.008881259,0.013428185,-0.008824566,-0.0016793271,0.0032405956,0.003448941,0.013411661,-0.00042540586,0.011188922,0.015905634,0.007566394,-0.00204906
2021-02-08,-0.01357734,-0.0024900541,-0.02605021,0.010527867,-0.0049348013,-0.0036703695,0.016274618,0.0075038252,-0.008880583,0.011993951,-0.014443788,0.0043951455,0.008599393,0.023813559,0.0,-0.00039504404,-0.027153442,0.005436881,0.09421759,-0.019656332
2021-02-09,0.012563393,-0.004958193,-0.004730579,-0.05081359,0.007957238,0.00922373,0.008173374,0.0043766005,0.0083144605,0.12645496,0.0,-0.008537062,0.008044012,0.03936324,0.010091207,0.00719912,0.05933549,0.0,0.00982716,0.057762
2021-02-10,-0.004174607,-0.037507687,0.012392243,-0.0012944838,-0.050873008,-0.018616702,0.023390487,0.013768336,0.0006460949,-0.019353548,0.0025673222,0.0105233835,0.0022932298,-0.014470084,0.010501966,-0.1203585,0.0093060145,0.0063408986,0.015754215,-4.8849775e-05
2021-02-11,-0.010549744,0.015212646,0.008613047,0.012233572,0.0053642904,0.008142223,0.08077552,0.0048760874,0.008027121,0.0,-0.024275586,-0.005520759,0.0,-0.007664818,-0.009381444,0.16912258,0.020142887,0.0013786551,0.00162356,0.025275588
2021-02-12,0.012461553,0.010045772,0.0053146747,0.00013705193,0.008245893,0.010646875,-0.004921844,-0.006172007,0.0126414085,0.0033589106,-0.007371287,-0.012676464,0.013025195,-0.011031716,0.0073364056,0.010229717,-0.021417564,0.0028749392,-0.01081853,-0.00941693
2021-02-15,0.006540122,-0.0024727911,0.0035821844,0.011150644,0.00029444793,-0.009427632,0.0020088165,-0.0026106318,-0.008003162,0.01478258,-0.008180258,0.013210124,-0.0015993575,0.0022833766,-0.01753372,0.014887922,-0.113029994,-0.0045806738,-0.014243974,-0.015123114
2021-02-16,0.010954181,0.0061844,0.0096737435,0.013056251,-0.0006470478,0.025993126,0.0020044583,-0.005235079,-0.0057800766,-0.007294448,0.021731617,0.00840703,0.001372649,0.009224167,-0.011752656,0.0030666953,0.08323598,0.0038687403,0.011021071,0.016550658
2021-02-17,0.0054470063,0.00546346,0.0023298457,0.003677624,-0.010463695,-0.022276718,0.03249894,0.010636473,0.004124442,-0.021342369,3.4115474e-05,0.0,0.01027179,0.009213424,0.009828713,0.01709144,-0.016836127,0.00089165976,0.0035378337,0.0096921045
2021-02-18,0.009031399,0.008269027,0.022821229,0.0,0.010611563,0.010222204,-0.01784318,0.012821892,-0.0099259615,0.005146998,0.00086312613,0.0,0.008996226,0.021982757,-0.00963194,-0.0017531655,0.013149451,0.01274469,0.061835855,0.00039623617
2021-02-19,-0.014918056,-0.0020413536,0.0072497227,0.0049878536,-0.0043753716,-0.00085367577,0.017364547,0.0041988324,0.009221802,-0.008008113,0.07167991,-0.00048168746,0.015865944,0.03857321,0.025005808,0.02722431,0.011980692,-0.008119329,-0.0040018954,-0.024866221
2021-02-22,0.006417632,-0.004764178,0.0124438545,0.007168267,0.01252757,0.0044682594,-0.000293323,-0.011903416,-0.0077022966,0.0075027323,-0.031500634,0.008443051,-0.0004248507,0.008506083,0.0,-0.015463205,0.007879398,-0.011633697,0.00029494095,0.0037300608
2021-02-23,0.0044142627,-0.0017024952,-0.0010123017,-0.0031133282,0.0038046015,0.0089976685,-0.00016434285,-0.003908706,-0.0019287899,0.014154127,0.00457968,0.0,0.0057656826,0.035507314,0.01309173,0.00034136104,0.0067392886,-0.0040088617,0.020751411,0.001300307
2021-02-24,-0.0026299225,-0.0050970074,0.0014984667,0.006100207,-0.011223573,-0.0028074312,0.009444984,0.0008030312,0.003762511,-0.030242875,0.011975243,0.011428263,0.0030533832,0.0015920555,-0.002624561,0.015125097,-0.007295005,-0.004968196,-0.019423133,0.0054404885
2021-02-25,0.011992805,0.0048666047,-0.0044274786,0.0,0.026741507,0.008300029,0.0074107973,0.013385077,-0.0036590067,-0.0017285552,0.018283995,-0.0074570403,-7.1549235e-05,0.02012862,-0.00029296725,0.0010076289,0.0,0.012418517,0.013896006,-0.01948059
2021-02-26,-0.0053866664,-0.00029241067,0.008173618,0.0057493914,0.012435896,0.0,0.010781959,0.017010365,0.010012689,0.020260103,-0.02269655,0.013671724,0.025017815,0.020015426,-0.00042820748,-0.109101616,0.012216174,0.0019002337,-0.0077368114,-0.0074014356
2021-03-01,-0.008220725,0.02286778,0.0026250689,0.0015224351,-0.00058562617,0.009327339,0.0025974785,0.0066772834,-0.0023100842,0.014530917,-0.021403752,0.0036113823,-0.016348395,-0.00074689224,0.008552012,-0.023982538,0.010633111,0.0056539034,-0.010569843,0.014531228
2021-03-02,0.02025852,0.023363775,1.676369e-05,0.011147564,0.009436195,0.0064187893,0.009638561,-0.0016824107,0.015315426,-0.0017109512,0.078004435,-0.01502028,0.0075319125,0.0019666136,-0.009175568,0.0049802205,-0.038930535,0.006612715,-0.0028942858,-0.010991797
2021-03-03,0.0035031645,0.036168292,-0.0071458556,0.0026644883,0.0,0.0030260235,0.007629473,0.011091574,0.0,0.0707798,0.0022487142,-0.001311784,-0.008497968,0.011824666,0.01662233,0.04494192,0.00206236,0.0,0.0022514393,-0.018884331
2021-03-04,0.005026833,-0.005501428,0.007541381,-0.0032279135,-0.0055067423,-0.005502046,0.019624373,-0.00043174397,-0.00047823347,0.003695092,0.03308858,0.013911147,-0.009167685,-0.010678812,-0.012609933,-0.009409938,-0.057606366,0.008678923,-0.006979881,0.003713338
2021-03-05,0.0,0.0058562765,-0.008328141,0.009935713,0.007657785,0.006042778,0.022896616,-0.016662022,0.0031363966,-0.0015126842,0.001882743,-0.0019226689,0.0038834843,0.0006339882,0.015234642,0.014009554,-0.02204322,0.0068566734,-0.02295672,0.0030294089
2021-03-08,0.0,-0.014500042,-0.008582652,0.0045741377,-0.0029222239,0.008850866,-0.007921573,0.00093724986,-0.014074362,0.008798162,-0.0027072753,0.0042588073,0.002754931,0.0014599233,0.016790494,0.00392092,0.09510616,0.0016219752,-0.003684883,0.009312869
2021-03-09,0.015498731,0.015797447,-0.022220615,3.3632692e-05,-0.00025819484,0.0,-0.009630491,0.004453078,-0.006050325,0.011603091,0.00038977136,-0.008086248,0.00277262,-0.025737274,-0.0024246161,0.011976102,0.004795023,-3.680752e-05,0.012494287,0.0020188366
2021-03-10,-0.019932676,-0.002488745,0.008067111,0.010179943,-0.0131057305,0.0024150542,-0.0057448954,0.009152721,0.014219138,0.00088287884,0.013955311,0.009984135,0.009732026,0.01378699,0.021972718,-0.012169947,0.0034132744,0.004009785,-0.0105348835,0.0024585528
2021-03-11,0.0058114757,0.0074861557,-0.010196981,-0.003484199,0.011300545,0.0,0.008624639,-0.006695799,0.009027797,0.0047994815,0.0040399027,0.008165515,0.0024724796,0.0022182283,-0.030005705,0.004678198,0.012161064,0.0028460298,0.008091499,-0.007031325
2021-03-12,0.012514596,-0.004845034,0.008824621,0.005315954,0.00018755568,0.0021051057,-0.005664454,0.0,0.0014016719,0.018885162,0.0043625347,0.001506871,-0.0030529818,0.00019938275,-0.003198445,0.012692715,-0.0075913267,0.005009244,0.0043822015,0.021660637
2021-03-15,0.007581684,-0.0017288213,0.015981792,-0.0139039615,0.005726866,0.00566716,0.007695201,0.009197061,0.017623631,-0.05658296,0.012766391,0.003480098,0.0023931088,-0.0029944915,0.0028891242,0.0059161982,0.0104223415,-0.010803746,0.00883544,0.015094448
2021-03-16,-0.0071388744,-0.014327295,0.015706921,0.005503545,0.0,0.00693582,0.0022439628,-0.00796813,-0.00033159164,0.0014755469,-0.0863938,-0.00540489,0.0065492904,0.007095811,0.0047458117,0.011901262,0.0022470905,0.015836863,-0.0014899363,0.006884113
2021-03-17,0.0076038665,0.0038120493,0.0022954924,0.009275254,-0.003962973,0.005793557,0.024296457,-0.005379948,0.0027863672,-0.0076999348,0.04492505,0.009466332,-0.0004092733,-0.0070005395,0.015222895,0.0071706236,0.023370827,0.0056121005,0.0,-0.054821674
2021-03-18,-0.010485414,-0.0028528234,-0.002024746,-0.0035817889,-0.014179016,0.0042416262,-0.004170536,0.0059130276,0.00054888625,0.03674647,-0.007866683,0.0047323555,0.004317136,0.0,-0.0149219725,0.021989014,0.008719028,-0.0024960013,-0.0061486554,-0.032776438
2021-03-19,0.0048042,0.008589045,0.0144333625,0.0039121485,-0.007582352,0.008051305,0.0109283505,0.0035413837,0.0057756878,0.025285162,0.112746686,0.003062165,-0.013997927,0.03236557,0.021908263,0.018625107,-0.0013285298,0.004409623,0.008799475,0.07110324
2021-03-22,-0.0036802818,0.015403223,0.0029039558,0.015779058,0.0128337005,-0.071406215,-0.00037159253,0.010177674,0.011361853,-0.016705915,0.015156766,0.0015888056,0.0124570085,-0.0022381917,0.0043628975,-0.020992734,0.011438559,-0.0070078163,0.012496814,-0.0059173503
2021-03-23,-0.0050838813,-0.000457992,0.011986199,-0.0058810813,0.010592802,-0.0027499127,0.025945472,0.004601239,-0.0062045227,-0.0066224243,0.010374352,0.0063597597,0.002673507,0.023289062,-0.0013898909,0.012682384,-0.0020913195,0.013600501,-9.9917735e-05,0.009120086
2021-03-24,0.0060575386,0.016846104,0.018989882,-0.00026870088,-0.020305188,0.0009291598,0.0009487331,-0.0014648192,0.015866026,-0.006357649,0.023861839,0.010007623,0.008023877,-0.0040521887,0.010931232,-0.009322032,-0.03710071,-0.01682739,-0.0056166076,-0.060763523
2021-03-25,0.009436371,0.0015529791,0.0045753606,0.00549161,0.008894019,0.0,-0.003847462,0.019865159,0.008838883,0.0,0.006184257,0.002111714,-0.0009980081,0.0,0.0025221438,0.0028185004,0.0005940842,0.0001555154,0.0035681906,-0.0052256766
2021-03-26,0.0,0.00692522,0.0008584688,-0.0021343923,0.004371892,0.016734092,-0.0029243992,-0.0026367134,0.002255297,0.027204812,-0.0013094618,0.007967846,0.0034914583,0.0119616315,-0.0035470757,-0.009313357,0.0063418057,0.014824158,-0.013252715,0.012165994
2021-03-29,0.0038356266,0.0045588664,-0.00027558638,0.00060541584,0.019969823,0.0036588795,0.01515731,-0.0024230785,0.00053854956,-0.016987983,-0.0011179423,0.005467055,-0.007809027,0.009451995,0.006471433,0.026017187,-0.005842364,0.07004543,0.017176569,-0.0080660805
2021-03-30,-0.0059150294,0.008891369,0.0021736813,-0.0004551232,-0.015675336,-0.0012723907,-0.003144944,-0.0069665327,0.010941096,0.009548405,0.014296498,0.003669837,0.004340045,-0.0038061598,-7.834169e-05,-0.009072868,0.012242856,0.000999474,0.025179857,0.0034308094
2021-03-31,0.008116919,0.001545232,-0.005319377,0.006246716,0.029784488,0.0085355835,0.018626874,0.009091811,0.0030274922,0.010027244,0.01569682,0.0044930424,0.006910857,-0.0064158025,-0.011600763,0.009517412,-0.010559524,0.0016037504,-0.009546241,0.011260501
2021-04-01,-0.0003138741,0.009838264,-0.0038217064,-0.0035742116,-0.0083425995,0.0091690775,-0.01932269,0.0029762008,0.0032155833,0.04463956,-0.0024073438,0.00014508759,0.009263993,0.098671846,0.015352837,-0.012856305,0.03822658,0.012775226,0.00049864105,0.027691465
2021-04-02,0.01927664,0.0023815725,0.006182314,0.008956869,0.0022576165,-0.0052950084,-0.020451479,0.025424436,-0.014996509,-0.010360881,0.014196373,0.000562918,-0.0067384597,0.044466365,0.0044166297,0.024960842,0.008444185,0.010879478,-0.008899861,0.020279927
2021-04-05,-0.0122378785,-0.103831835,0.0060945856,0.004936109,-0.0032216338,0.007963588,-0.0023514556,-0.04163406,0.008748619,0.007505583,-0.009820683,0.010426691,0.0037575336,0.0018959321,-0.0059466893,0.039413277,-0.0006514661,-0.01239216,0.01899199,0.0051139942
2021-04-06,-0.0017242553,-0.005526495,-0.008104003,0.0,0.011704063,0.0,-0.0039858925,-0.002391195,0.013068297,0.0056340345,0.026335675,0.008799442,0.0051820036,4.1484094e-05,0.001821015,0.020319803,0.0,0.0028942327,0.0018970025,0.00021688465
2021-04-07,0.0021774995,0.024409976,0.0,-0.00080468925,-0.0032164566,-0.0005091185,-0.010777917,0.015601277,-0.027784707,-0.00063707284,-0.0126950545,-4.8456444e-05,0.0033715353,0.01963097,0.0074310624,0.004635565,-0.0066908994,0.014549886,-0.02636272,-0.0007925064
2021-04-08,0.00095169386,0.011685428,0.0,-0.007892778,0.0086984355,-0.002994462,0.014105944,-0.003965497,0.00093388243,0.011948855,-0.011392058,-0.005036993,0.009312993,0.03153573,-0.0027668034,0.015303651,0.015368532,0.007506959,0.0049929246,0.009913521
2021-04-09,0.003692437,-0.010872831,-0.015821017,0.0070010102,0.014336996,0.0038747352,0.00025361922,-0.015609987,0.016947538,-0.0066216826,-0.014721619,0.009781785,0.0015113846,0.0025271296,0.0014163102,-0.061027035,-0.011903266,-0.0023465578,0.021991778,-0.014381839
2021-04-12,0.012014456,0.028806662,0.010269604,-0.001835322,0.007171806,0.016237801,0.024731562,0.019500231,8.783063e-05,-0.058839384,0.0018421143,0.007095531,0.0009663536,0.034759056,-0.00584941,-0.001982515,0.023291817,0.0035177155,0.017282505,0.026520139
2021-04-13,-0.0049551297,-0.039193556,-0.004140244,0.0035602127,-0.014923943,0.0034478162,-0.0042071627,0.013709271,0.0070098513,0.0003000389,0.010499813,0.0065561105,0.0052237627,0.0031720158,0.007587591,-0.0066365004,0.040967867,0.0057146363,0.0100906575,0.0048506525
2021-04-14,0.0,0.015902791,0.021214832,0.008955574,0.0062405467,0.011711176,0.038072295,-0.006607275,0.005745372,0.0044547506,0.0025475458,0.0074960096,0.0071061268,0.029155051,0.011429191,0.022195969,0.0053971843,-0.008304455,-0.010889457,0.016426712
2021-04-15,0.0034093738,0.006260103,0.018501746,-0.002923468,-0.011456782,0.00940206,0.0,0.011384311,-0.0036189205,-0.008416908,0.0028114768,-0.0031817171,0.00071198505,-0.0073866094,0.0058088875,-0.010416393,0.0018363602,0.014792643,-0.0044304705,-0.021252021
2021-04-16,0.0077082217,0.00667531,0.006688268,0.005095858,0.0007832709,-0.0027217458,0.006736273,0.012937821,0.009250484,-0.021489637,0.0065672467,0.0020847607,0.004258022,0.022837777,0.008521035,0.031719122,0.0016582113,0.008042753,0.019145163,0.00905919
2021-04-19,0.011343804,0.0038693869,-0.00079017394,0.0035210678,0.023702007,0.0053147213,-0.0007959025,0.003860087,0.0028168254,0.0051355963,-0.007234703,-0.003211648,-0.0016995971,0.0013587604,-0.004862737,-0.015485955,0.009421761,0.0021251172,-0.0034311176,0.0
2021-04-20,0.0020574243,-0.003353035,0.0104851825,0.0077527356,-0.0126673225,0.006008316,-0.0026864745,0.019738687,0.002987518,0.005976581,0.08428676,0.010388988,0.0039209025,0.0,-0.0004456479,-0.005399165,0.0020138721,0.0019282629,0.0100266095,0.0020005258
2021-04-21,-0.008074801,-0.014337551,-0.04267225,0.0075115133,0.038056344,-0.007657511,-0.0038259139,-0.009970261,0.008465006,-0.009870518,-0.002309439,-0.0031901074,-0.0019875092,0.009208651,0.009769639,0.01433044,0.0057124197,-0.007376631,0.0,0.014376339
2021-04-22,-0.005284286,0.004378032,0.0027443017,0.00797594,-0.013126697,-0.00083503546,-0.001990252,0.0036899897,6.571554e-05,0.010580664,-0.08473486,0.0005618758,0.0014871443,-0.0094315745,-0.0022871075,-0.021179894,0.0070133745,0.0030478786,0.0059250584,-0.0014260293
2021-04-23,-0.0016966973,0.005753736,0.009853146,0.009050149,-0.0030283441,0.0019722101,0.0078373095,0.009447848,0.0021571645,-0.10690303,-0.0054871836,0.0028607354,-0.0033968037,0.0037109468,0.005261404,0.0,0.013769751,-0.009092457,0.0133065265,0.00063164625
2021-04-26,0.008137114,-0.00081934413,-0.015266361,-0.005958764,0.015801042,0.006109479,0.039105218,-0.0067384113,0.009387997,0.030841796,0.1582307,-0.0054580066,-0.0015953509,0.016041605,0.010539573,-0.009515282,0.0020041885,-0.0045110015,-0.007875715,0.014325864
2021-04-27,0.0036084491,0.0091925515,0.011546145,-0.002929738,0.0042890194,-0.0016935236,-0.003171337,0.005053776,0.0043517584,0.016401937,0.0073146876,-0.003203365,0.004226189,0.0002594266,0.011798428,-0.01697086,-0.0019270006,0.00999976,0.011714682,0.0014055977
2021-04-28,0.014690241,0.007340315,0.0053671068,0.006907424,-0.0029892556,-0.006829508,0.010465694,0.00976967,0.0,0.00738089,-0.08483919,0.0,-0.0045442735,0.013146877,0.008661475,-0.0040894537,0.016811721,0.01017798,-0.009075261,-0.0017922176
2021-04-29,-0.0040288735,0.00346677,0.006097122,0.006458209,0.019869696,-0.019318053,0.00057053135,-0.0039252616,-1.1994502e-05,0.039252978,0.00078416296,0.009332312,0.010237893,-0.006266019,-0.015085597,0.018172044,-0.0018205548,-0.005741663,0.007821086,0.0048913937
2021-04-30,0.0013577056,0.011941156,-0.0019276446,0.0005477808,0.008860388,0.0138748,-0.0034256377,-0.0036399066,0.003741362,0.0021775258,0.026962815,0.0018047472,0.0073256325,0.0,0.001504282,0.0008534205,0.0,0.005817205,-0.0038665065,0.0055487757
2021-05-03,9.962877e-07,0.018939918,-0.014927289,-0.0064456356,0.001965306,0.007550807,-0.0013111478,0.011294316,-0.008119903,0.01040731,-0.012569763,0.0,-0.0049322946,-0.051995438,0.01359692,0.015863048,-0.0020072383,0.0042474866,-0.006621798,-0.021240538
2021-05-04,0.0049545625,0.01101992,0.010449686,0.0022295245,0.021156736,-0.0066238684,0.01133142,0.01629348,0.004381961,-0.005836074,0.008818675,-0.002311378,0.003503399,0.011256974,-0.0032510913,0.042130552,-0.00067439093,0.0051967166,0.011744071,-0.0029615532
2021-05-05,-0.008036785,-0.0046511716,0.017165039,-0.009097915,0.0,0.010700719,0.011251034,0.009146696,-0.0009856018,0.055174947,-0.006461215,0.007654719,0.004662479,0.012496141,0.0012593088,0.01732773,-0.0020025703,0.021509323,-0.002668347,0.005303045
2021-05-06,0.021910297,0.020986056,-0.016121957,0.030580482,0.0069096927,0.009037984,0.0,0.014622818,0.023171693,0.02346806,0.00659764,-0.00192991,-0.0014269729,0.01051018,0.009306665,0.04452759,0.015405593,0.002190292,0.008134687,0.026110953
2021-05-07,2.009143e-06,0.0046120225,0.019644044,-0.0018771441,0.008150599,-0.0071207234,0.04934338,-0.006250796,0.010858242,0.020609926,0.010216248,0.008250632,0.0048754653,0.008522365,-0.016933406,0.0032212434,0.0055912957,0.000750183,0.0053285165,-0.11597041
2021-05-10,0.0115608275,0.0038968923,0.017354285,0.009717784,0.0,0.032512564,0.009376773,0.011718716,-0.0016013571,0.0040096436,0.0047172923,-0.00785377,0.008343744,-0.0019172279,0.028641926,0.015089081,0.0,-0.018144842,0.009165621,-0.0021484164
2021-05-11,0.0015051066,-0.02317987,-0.0057520573,0.025227357,-0.0031147648,-0.022986284,-0.0066169407,0.0,0.012733124,0.026101055,0.0078647155,0.00437478,0.0009517232,0.0041523757,-0.0049852906,-0.002085554,0.007975198,0.01957046,0.0008720894,0.0014928156
2021-05-12,0.0042493553,0.0017136262,0.0050081434,-0.002343694,0.0037472867,0.010862473,0.005615474,0.00398844,0.0070551583,-2.0274236e-05,0.0056136735,-0.00086549093,-0.0156183615,0.012331746,0.033613857,-0.017847398,0.002993863,0.009884109,-0.015480096,0.0
2021-05-13,0.007937104,-0.0040220628,0.004157094,0.032109078,0.0011562333,0.014144851,0.00497445,-0.0006607366,-0.003542906,-0.0039438815,-0.0006336248,-0.011688371,0.0057212156,-0.0013071109,0.0011002906,0.01169917,0.0056482367,-0.010057248,-0.004532132,0.034287684
2021-05-14,-0.0021560378,-0.10239613,0.004462254,-0.020409672,-0.0015224607,0.01539884,-0.013920781,0.010494436,0.0066589233,0.010498724,0.0040151887,-0.0035084535,-0.004381441,0.0035325324,0.0022552975,-0.014200759,-0.0045834403,-0.0070581636,0.008550535,0.008373782
2021-05-17,0.0007238906,0.016794564,0.016385363,0.009998869,0.0053656157,-0.03377578,-0.009315262,0.0,0.007184572,-0.00859438,0.008880138,0.014408657,0.016672263,-0.00051647227,0.0058532855,-0.004735756,0.0033510353,-0.020422703,0.005014003,0.007431927
2021-05-18,0.008847734,0.0320205,0.0011056428,-0.017819809,0.0036567717,0.15935226,0.012926067,0.008798709,-0.012368767,0.0069940146,-0.002389108,-0.002290451,0.0062450105,0.015702648,-0.011214409,0.0003336953,0.0045952257,-0.0042899703,0.005662162,-0.008649291
2021-05-19,-0.009164682,-0.010496508,0.00071443507,0.009636282,-0.002231761,-0.012628262,0.006326788,-0.015541588,0.0019182684,0.015754739,0.0008772311,-0.000625939,-0.00025208763,0.0018534851,0.00044406566,0.008777433,0.0023468763,0.011242626,-0.011904794,0.023420682
2021-05-20,0.0012915372,0.016822537,-0.015464643,-0.019944819,0.005849202,0.039071247,0.004090108,0.0,0.000885142,-0.0055700555,0.008113664,0.012752145,0.005282573,-0.01809552,-0.0038478172,0.008626672,0.011758293,0.009563263,0.020602675,-0.011853091
2021-05-21,0.014807406,0.014063997,0.011201691,0.019398594,0.0021050798,0.0062354603,0.00734893,-0.017331487,-0.0011682269,0.013073986,0.0005135238,0.0062358105,-0.00012018876,0.0054269466,0.0079314485,-0.0070320116,0.0032648123,0.014032744,-0.00084659865,0.0014864473
2021-05-24,0.005127625,-0.0025017294,0.003822738,0.00034428813,0.00898683,-0.012798829,0.0002701048,-0.008651426,0.008798861,-0.00032288517,0.00978776,-0.0016012472,0.07359378,0.011253898,0.0022433097,0.01144573,0.00096332055,-0.0042865137,0.013081773,0.012532117
2021-05-25,-0.0037566351,0.011325158,-0.007915138,-0.0037077393,0.0144556835,0.0063331546,-0.0010362136,-0.014548925,0.0074605164,-0.0101478845,0.0038063573,0.0023478041,0.005902358,-0.04157502,0.013351978,-0.032805983,0.0018861685,0.0022667663,0.005545007,0.021777313
2021-05-26,-0.0153297065,0.014764894,0.010478543,0.032701056,0.0,-0.005695438,-0.0009597371,0.015877228,0.0021278437,-0.0025317098,0.0078070085,-0.04163573,0.004921436,0.002974857,0.003770711,-0.0005616199,0.010238236,0.01434553,-0.007423209,0.0077414643
2021-05-27,-0.006148505,0.0048678378,0.0,-0.010549324,0.0,-0.018938385,-0.004597268,0.01817615,-0.0002860877,0.020124903,-0.0032004614,0.0010166572,0.00097485614,0.0026614775,-0.0059140916,0.022251088,0.0006975007,-0.0024886616,-0.008715751,0.00860401
2021-05-28,0.019498982,-0.0015981545,-0.00947239,-0.0044066487,-0.021982264,-0.0017447383,-0.026405849,0.013692731,0.008998749,-0.0017055543,0.014866136,0.013396245,-0.0023093848,-0.0071619325,0.011041543,0.021352703,-0.0028970728,0.010490556,0.0,-0.018877711
2021-05-31,0.010941251,0.080874905,-0.004925984,0.036819473,-0.01584207,-0.0055169067,0.013845595,-0.017220628,-0.010565046,0.0004634306,-0.00784571,-0.0035991962,0.0063473545,0.025810063,0.0020674448,0.020285793,0.003853819,-0.0060126064,-0.00065776584,0.017002827
2021-06-01,0.010951527,0.05067575,-0.008336821,-0.0019593155,0.0018819107,0.012817657,-0.0012504278,0.0034830433,-0.0034264897,-0.009752283,-0.0006570211,0.0,-0.0026099784,0.02343761,0.0018242656,-0.0034792074,0.0037297588,0.00628266,0.0,-0.002013274
2021-06-02,-0.00769186,-0.024002768,0.01279626,-0.0013403131,0.013889248,-0.016974518,0.055419214,-0.0017022295,-1.4515328e-05,0.0068314527,-0.00020089185,0.04349354,0.01025902,-0.009730827,0.0107674925,0.008880379,0.012301832,0.011059921,0.0064862953,-0.0026361258
2021-06-03,-0.023085343,0.020517906,-0.0069000875,-0.002662896,0.012668799,0.11187933,0.007594424,-0.011352768,-0.042181134,-0.055283587,0.0027514617,0.009551921,0.0071806414,0.00034778818,0.0051591652,0.008892598,0.0013950635,0.00508742,0.004891541,0.0
2021-06-04,0.0074979207,0.010004205,0.008701383,-0.0016612555,0.0059434837,0.005942396,-0.004514214,0.0033475307,0.006774185,0.004818476,-0.007840827,-0.025880396,0.0030985533,0.0043820315,0.0067158947,0.0038564291,-0.007141107,0.00017684791,0.011505756,-0.0018550471
2021-06-07,0.0021431672,-0.01016893,0.007683178,-0.00023633556,-0.00024395293,0.012632997,0.0118923765,0.010560357,0.011378549,0.0055446792,0.02773748,0.0,0.00168192,-0.010769379,-0.01297092,0.0072045736,0.0010882096,0.005224341,-0.021341633,0.032758437
2021-06-08,0.011569046,0.0011325018,-0.004584014,0.010178524,0.021828327,0.0063418727,0.0062545775,-0.009436899,0.0,-0.011335769,-0.0027357223,0.010979865,0.009688691,-0.022040002,0.0046546767,0.0,0.0097171785,-0.0052526635,0.0072684158,-0.016350448
2021-06-09,0.0006752076,0.00077229674,0.0,0.0040250905,0.0056837555,0.005267281,-0.0011449108,-0.008106086,-0.012176076,0.018420186,0.00067432405,-0.018924104,0.008986229,0.03388789,-0.0073923725,0.008800923,-0.0026607844,0.004044314,0.010907186,-3.8586226e-05
2021-06-10,-0.0051162965,0.028463498,0.0,-0.014412268,-0.00029215642,0.013344789,0.013616427,-0.0037088098,0.0015091865,-0.00047930965,0.010298125,0.00094107806,0.0048591015,-0.0039473553,0.013331903,-0.005457221,-0.0049818084,0.0057492987,-0.009335317,0.0
2021-06-11,0.0014966564,-0.017775176,0.010903567,0.008510286,0.0048351497,-0.006284654,0.005764914,0.007503371,0.007019002,0.012345974,-0.002149056,-0.0045880987,0.010625767,0.005493374,0.0025561214,0.0069958633,0.00095396815,0.0025188772,-0.0025549296,0.010215407
2021-06-14,0.0030561588,0.012574393,-0.0036965578,0.003718683,0.010447496,0.0013342238,-0.0023839218,0.011141531,-0.00092910393,0.008621763,0.0018618944,0.007482291,-0.007401902,0.0010529826,0.0078018587,0.0040366272,0.0078085507,-0.0023963463,0.019182224,0.0088497605
2021-06-15,0.00038730458,0.0054354784,0.0063824314,0.009065664,-0.009559439,-0.010160769,0.009374312,0.0137620075,0.01492942,0.003065266,0.0025295683,-0.004452683,-0.009806337,0.010097564,0.007515311,0.001218219,0.005074619,0.005731153,-0.0062039346,-0.0059766155
2021-06-16,0.00037032497,0.0030822002,0.010001195,0.010016406,-0.0035067638,-0.023923261,-0.0012962623,0.005675698,0.00021299583,-0.0015495127,0.0076134256,0.0,0.0089199925,0.0,-0.002696491,-0.0058414144,0.0084564835,0.0012149796,-0.0071199657,0.007086854
2021-06-17,-0.0055059083,-0.0039564343,0.00580363,0.014147652,-0.005509234,0.015879914,0.0017854435,0.010941066,-0.003859909,-0.0015728326,-0.00070276816,-0.009788668,-0.002646698,0.0042291987,0.009375966,0.022032062,0.0,-0.004888531,0.010918618,-0.012284708
2021-06-18,0.005356547,-0.004160044,0.0037417735,-0.0013526438,0.01562962,0.00039849922,0.007489095,-0.0001386958,0.007687037,0.0069258558,0.005644409,0.012891613,-0.0020987121,0.005892135,-0.0010541825,0.008975403,-0.0067555816,0.0074391775,-0.007899152,0.0017738632
2021-06-21,0.01961159,0.025945479,0.00027827505,-0.0061304187,-0.009042744,0.012370571,-0.00024355999,0.0054148324,-0.00341084,0.007480129,0.009918667,0.012995164,0.016349657,0.008480011,-0.013937547,0.009904657,-0.0013046274,0.0028908078,-0.0066829007,0.038299363
2021-06-22,-0.0067169922,-0.004726252,0.009905926,-0.014297447,0.0077133626,0.008497749,0.0026558682,0.0029452203,0.0031501306,-0.018585077,0.0048551518,0.013802024,-0.014927415,-0.004073811,0.0005232803,-0.02399212,0.007890274,0.004251884,-0.0007103734,0.0048872507
2021-06-23,0.017524837,0.0,-0.01416427,0.012530001,0.012972747,-0.010010235,-0.008141402,0.002509998,-0.010811987,-0.0035101785,0.006751379,0.0046037827,-0.013633201,0.008640371,0.011555689,-0.00981653,0.01176393,0.0055319844,0.014426895,0.004102176
2021-06-24,-0.00012482992,0.009903372,-0.0014296877,0.00030535305,-0.016127396,0.05267625,0.015348422,-0.006316312,-0.014207832,-0.0031725406,0.0035672493,-0.005403376,-0.0009481676,0.0115010375,0.0046072267,0.010255447,-0.002010507,0.0074787415,0.0047045834,0.01268917
2021-06-25,0.0103877215,-0.011157192,0.0012053697,0.008494447,0.0077601,-0.0053721364,0.00088211364,-0.009735824,-0.054788888,-0.014925415,0.0065943855,0.010400654,0.008051118,-0.0023296603,-0.00077387097,-0.01024189,0.003449047,0.008806822,-0.009920579,6.1786873e-06
2021-06-28,-0.0052766833,0.0027405114,0.0,0.00029861086,0.003354239,-0.012723175,0.013123421,0.00951821,-0.051176444,0.0,-0.001813987,5.953251e-05,0.0047207163,0.0036408345,0.0037402075,-0.0030530372,-0.013779009,0.0013564273,0.013891299,0.006532642
2021-06-29,0.0021608341,-0.0069464105,0.0027907677,0.010025827,0.0046256003,-1.9002722e-05,-0.009807069,-0.006805839,0.023130406,0.010204383,0.0,-0.01071063,0.0044214027,0.005396459,0.020012286,-0.00069846923,-0.0020018327,0.014378303,0.021120306,-0.005852735
2021-06-30,0.026062107,0.0074613937,0.009752256,-0.0034441506,-0.00214975,0.0038626513,0.0023332166,0.01118997,-0.072720416,0.0039701546,0.0037245674,0.0,0.009288939,0.008269835,-0.010206805,-0.029813774,-0.0020332327,-0.00801197,0.0016441607,0.004923437
2021-07-01,0.006948256,0.011875472,0.0022557827,0.009925959,0.013595955,-0.06455819,0.0057991473,-0.025406705,0.025178248,0.0069906334,0.00945,0.009691956,0.0021325047,-0.004330923,0.008470913,0.024165362,-0.0027495874,0.015835542,0.01186964,-0.009929125
2021-07-02,-0.0037915169,-0.010504561,0.008832132,-0.004893579,-0.0020847686,-0.0011300282,-0.0065700472,0.0,-0.00887555,0.0080943005,0.0005949007,-0.0048902524,0.011364386,0.0021590067,-0.0017497196,-0.03375755,0.0027475415,0.015563825,-0.00014148346,0.008041677
2021-07-05,-0.004573416,-0.0069068233,0.002267788,0.0051558698,0.015987858,0.032684352,-0.00089950964,0.015709354,0.0015575198,-0.00048131743,1.0938563e-05,0.004031916,0.00816239,0.015043823,0.0032176443,-0.003335677,-0.010210234,0.0103874225,-0.0019400636,0.009507695
2021-07-06,0.06302087,0.083634205,0.0025308907,-0.0023471732,-0.008705107,0.0018781939,-0.00714032,0.004327356,0.020174468,0.008209047,0.00830214,0.014688405,-0.0059491955,-0.008068784,0.0011483663,0.010475597,0.011569135,0.008170845,0.0102550145,-0.016256219
2021-07-07,-0.010837788,-0.0020196813,0.000304916,0.01356115,0.014754467,0.0,0.013576421,0.0037253553,0.021369386,-0.010263663,0.0053824713,0.006246275,0.0018880127,0.0005184169,-0.002069158,0.009670226,-0.0032203672,-0.0058825877,0.008520219,0.01357654
2021-07-08,-0.002968254,0.019348301,0.0138790645,0.0005059596,0.0028758135,-0.00750513,0.0072493465,0.009490235,-0.21044903,-0.00014228921,-0.0014941917,0.0018464541,0.0027663081,0.0131877195,0.022961391,-0.008503644,0.013035803,0.0016023726,0.006634887,-0.047167797
2021-07-09,0.039162118,-0.022155225,5.414684e-07,0.011614264,-0.0130643835,-0.0025807119,0.0,0.0036918868,0.0047518625,0.011679648,0.002211748,0.00091424224,0.0006891916,-0.0033299217,0.009353541,0.0047258087,0.00788768,0.016327599,-0.009401394,0.01529868
2021-07-12,-0.002193668,0.0046149413,-0.010890228,-0.019934203,0.02561096,0.014243178,0.0059161414,-0.009067976,-0.022690209,0.0065643885,-0.0051549743,-0.0010594253,0.0008283916,-0.013953631,-0.02888804,0.0043741055,-0.0024014781,-0.01920197,-0.016577914,0.035149507
2021-07-13,-0.0022894237,0.009639676,0.0,-0.0013073959,-0.002483542,0.035400715,0.008158613,-0.0015632561,-0.024449559,0.012762372,-0.02261766,0.008162275,0.009538935,0.015045698,0.010896412,0.004464539,0.013087334,0.005665129,0.0057586394,0.0037428418
2021-07-14,-0.008861782,0.007238375,-0.0041488474,0.0035852194,0.01978925,-0.0065831086,0.0054479195,0.0049057384,0.017337702,0.007926106,0.0011822365,-0.002625959,0.0004094061,-0.0015076522,-0.0010694956,-0.002488168,0.010139355,0.00018488309,0.0067123715,-0.007362956
2021-07-15,0.0077852206,-0.0013265419,0.0088713765,0.0047007645,-0.01670094,-0.015674934,0.008690673,0.0005874285,-0.010860458,0.0,0.0075621647,0.007034353,0.0039947387,0.00805033,-0.002832765,0.0047730734,0.005832535,0.0038205483,0.0,0.005693571
2021-07-16,-0.013531092,0.027882582,0.0141486125,0.0029114813,-0.0027069612,0.007949541,0.0138287945,0.006735809,0.017310934,0.0070923637,0.001963955,0.005665051,0.0001663162,-0.008324021,0.010872756,0.0060012103,-0.0032214972,-0.009495056,0.008877619,0.030323869
2021-07-19,0.012581907,0.017167108,0.0042349366,0.03060908,0.015922144,0.0022504665,0.0011775213,-0.01584807,0.008322498,0.00047581468,0.004493315,0.0022981572,0.015933042,0.008394266,-0.00020771127,-0.01292721,0.0075628622,0.0129141975,0.008273906,0.0
2021-07-20,-0.0021846863,0.013966041,-0.00091923913,0.009194199,0.0076195025,0.0044603986,-0.002425176,-0.02374021,0.00403205,-0.0021483386,0.0044611283,0.0018713538,0.005847487,0.029199677,-0.00038794611,-0.0031623298,0.0006453174,0.0010650291,0.0077770995,0.0024652735
2021-07-21,0.0022678454,-0.039243218,0.005974024,0.0046217632,0.011612395,0.09130025,-0.0014198553,0.0034147804,0.013836236,0.0048145736,0.0020087732,-0.0039386167,-0.0015986204,0.0007316184,-0.060332038,-0.0049090753,-0.0024873512,0.005223801,0.0007128694,0.053735282
2021-07-22,-0.0028202897,0.015863568,0.0024291673,0.0025179258,0.0027456975,-0.006315429,-0.012825947,-0.027739821,0.0022873112,0.005532922,-0.0015857886,0.0029827203,0.008355797,0.007040601,0.0,0.002489115,-0.0017445347,0.0044451896,-0.0033109665,-0.000461542
2021-07-23,0.0078081633,-0.0016052548,0.0045783087,-0.0076797674,0.0027900967,0.0047337343,0.008230193,0.013392347,0.0102528855,-0.0070451912,0.008742615,-0.0043863263,0.009051679,-0.007320918,0.0214286,-0.013859728,0.008965849,-0.00073073205,0.0037633881,-0.008019355
2021-07-26,0.0066300165,0.0061252923,0.0,0.017322911,-0.0012278747,-0.014177251,0.0073306332,0.006890647,0.0026174865,0.001780774,0.005272336,0.003043472,0.008843852,0.006666783,-0.0074035544,0.039299645,-0.005272472,0.005784544,-0.01842124,0.015709748
2021-07-27,-0.0025018502,0.002010002,0.007696264,0.0062875454,-0.004209768,-0.044587232,0.003244814,0.010479845,-0.0016484852,-0.008102479,0.0095263645,0.008799667,-0.0018470428,-0.05594772,0.007726937,0.008055857,0.0062702284,-0.0045691016,0.010113491,0.008273756
2021-07-28,-0.014915051,0.014828552,0.0069273384,-0.0062688314,-0.001176216,0.0046172654,0.012128482,0.015585164,0.011020666,0.009337742,-0.0045858375,0.002106421,0.0038075408,0.0066241324,0.0043799253,-0.0035431567,0.0028365199,0.007468083,-0.02004425,0.0105443355
2021-07-29,0.014479846,-0.020326234,-0.0047907056,0.0065775495,-0.0044696215,0.0018115855,-0.003934841,0.01546449,0.012291699,0.003264273,0.0077671655,-0.005933154,0.012493095,0.009486392,0.013127465,-0.09252933,0.009856904,-0.006813291,0.0061517158,-0.0034535178
2021-07-30,-0.0027826289,0.020372747,-0.0022823215,-0.0053672045,0.0012543161,-0.14944711,0.010247426,-0.014438513,-0.01699941,0.009453011,0.0008845037,0.0039507975,0.0011999257,-0.003400649,0.0035153795,-0.08472011,0.007415518,0.005578323,0.008802737,-0.012973769
2021-08-02,0.015426195,0.0022473792,0.0012266017,-0.0064674406,-0.025448602,-0.023592249,0.0062820297,0.015357007,0.0032744326,0.015030154,0.008115244,0.0016093651,0.008892256,-0.011229679,0.00054511207,-0.004800014,0.01092687,0.0018750222,0.0023658134,-0.01168267
2021-08-03,0.0,-0.006661702,0.003949223,0.0096266745,0.006907779,0.008911772,0.0009875864,-0.01311338,0.0009340014,0.00016531526,-0.0016863361,-0.005481126,0.008249128,0.0018259878,-0.013786505,0.004501542,-0.007032599,0.0070401113,0.004460044,0.0012598144
2021-08-04,0.013618109,0.012820855,0.008916558,-0.011170651,0.0011892848,0.00527231,0.0028510527,0.019343102,0.007031861,-0.0074084024,0.00577102,0.012143439,0.009730109,0.032815665,0.0025127998,0.015435944,0.008463999,-0.008886909,0.0003948161,0.008846036
2021-08-05,-0.0006536796,-0.0070508136,-0.00046553035,0.0,-0.0011060297,0.0029802672,0.017546095,0.0041435985,-0.0012906224,0.0002081562,0.0033922775,0.007867024,0.0036576262,0.019575125,-0.11273411,0.03938585,0.007886653,0.0010122638,0.0062339404,0.010558229
2021-08-06,0.0,0.018379908,0.0044218926,0.008767634,0.0105226375,0.013054809,0.0056137606,-0.011485015,0.01904009,-0.003121272,0.006351731,0.009182268,0.08322903,0.025158202,0.04755431,0.09484729,0.008764268,-0.0011138514,0.017989095,0.008082217
2021-08-09,-0.0005884655,-0.004692625,-0.0034473478,0.08579742,0.0072840406,0.0075891274,3.965056e-05,0.015402265,-0.006383493,0.011415286,-0.016013898,0.0014452618,-0.009476594,0.0,0.015702184,0.020808976,0.00028432778,0.035231147,-0.00044160287,0.037912853
2021-08-10,0.007423349,0.0057167658,0.004767817,-0.010086105,-0.00031694837,-0.0016639129,0.007314142,-0.013463431,-0.02662631,-0.090876244,0.024760142,0.0006418043,0.013218913,0.019983826,0.0024556408,0.029827943,0.004615839,-0.029742165,0.009270978,0.011310194
2021-08-11,0.008403537,0.0044948,0.0006955768,0.004666285,0.009949554,0.014769609,-0.014991382,0.008987837,-0.05664552,-0.0020257337,-0.001011368,0.014856269,-0.019482492,0.00963818,0.038571335,0.008800844,0.0062974086,-0.0068912487,0.001522775,-0.0092886165
2021-08-12,-0.0062437165,0.00223911,0.018955097,0.02041453,0.008304986,-0.0035648707,0.019578233,0.0004676144,0.031998716,-0.01939658,0.0009608389,-0.0008146748,0.0071540135,-0.0023039198,0.0,0.0059907488,0.0034740518,0.0013977917,-0.02200068,-0.0026630927
2021-08-13,-0.0011496134,0.008040655,-0.015455135,0.006018859,0.009208747,0.012670086,-0.0011728782,-0.0008546477,0.026876438,0.019256491,0.0,-0.0050057154,0.04529104,0.014869217,0.015330685,0.017212456,0.0062310197,0.0031153408,0.002041231,0.019358613
2021-08-16,0.010125971,0.0007220433,0.0,0.049134333,-0.004949935,0.007492361,0.008140007,0.00918587,0.0035098658,-0.00072234415,-0.02186592,-0.0076339194,0.012777738,0.024609927,0.002909277,-0.008864536,-0.004839116,0.018908128,0.01318645,0.020143505
2021-08-17,-0.0015593808,0.01001739,-0.0055177617,-0.0018092763,0.00957308,0.0016190348,0.0,0.007590102,-0.007200488,0.08387886,0.0005000102,0.009954541,-0.0060061645,-0.00060230214,0.010798196,0.0021642144,0.0,-0.0018585382,-0.0133806635,0.009701778
2021-08-18,-0.0007961094,0.003027121,0.01524286,0.0004562189,0.0,0.0059256665,0.0011772561,0.0010089482,0.00880262,-0.013235564,-0.0053305808,-0.007255852,-0.009359661,0.010099991,-0.0049899933,0.0108244065,0.0022480309,0.008291709,-0.039605815,0.02499331
2021-08-19,-0.0028244022,0.012097265,0.010853823,0.0033025793,0.0014496642,0.0009649951,0.0,-5.6855057e-05,0.007695828,0.009866581,0.0,0.008051326,-0.0031670365,0.016835235,0.0010458068,0.0032769614,0.007143387,-0.0104561,0.009355804,0.010280844
2021-08-20,0.017234087,0.00083401223,0.0021833275,0.021266099,0.008534115,0.0049537444,0.0017456771,0.00019756443,-0.024779335,0.0060795858,-0.00092175946,0.00076932594,0.0015800456,0.0077808257,0.0,0.004381868,0.0,-0.0044094976,0.04632245,0.016865445
2021-08-23,0.005019486,0.0015170004,0.008787354,-0.030133273,0.005685646,-0.006628417,0.0020087657,0.0030932256,0.0026822295,-0.00068629696,-0.013177829,-0.002332091,-0.063985266,0.0,-0.004490361,0.013734583,-0.0046125483,-0.027803594,-0.010490315,-0.18972597
2021-08-24,0.0,0.009998107,0.012833589,0.009983313,0.013593245,0.0015335573,-0.007948548,0.010111537,0.009523619,0.0069134114,0.019598944,0.005150046,0.0049688523,-0.01726047,0.012319611,-0.002388969,0.0056915083,0.044590883,0.015002842,-0.0166546
2021-08-25,-0.006212472,2.8842493e-05,0.0080069415,0.06313324,-0.00036878727,-0.011277835,0.0052831885,0.0068760756,-0.10368119,0.011662603,0.007355543,0.007379448,-0.002452669,0.05355051,0.016480055,0.00599353,0.009725208,0.0067273634,-0.009439608,0.007312847
2021-08-26,0.00019956364,0.00074253854,0.0056876545,0.012118138,-0.0035647673,0.016338509,0.018229526,0.0017343113,0.039050367,0.0037420478,0.0042183367,-0.008690286,0.011438605,-0.003332255,0.0060905647,0.057843927,0.0,0.088650376,0.01595256,0.008840305
2021-08-27,-0.010607233,-0.005396247,-0.0004070213,-0.010080806,0.011211224,0.010907075,-0.0071211685,-0.0017780396,0.0102472855,0.0009205648,0.0022531035,0.006626979,0.0010104575,-0.011041251,0.015577311,0.012300444,0.0,-0.0076173963,-9.9950674e-05,0.0057169506
2021-08-30,0.0073175384,0.005735893,-0.012938743,0.0050195805,0.010214846,-0.010404882,0.006509654,0.013460537,0.010458482,-0.00123881,0.006247971,0.0043730815,0.013298015,0.04033546,0.014407776,-0.011601454,0.0045997286,-0.0041861534,0.012104867,-0.017759876
2021-08-31,0.015823463,0.0010661068,0.006613831,0.00029987498,-0.009401936,0.0034099307,0.00065570854,-0.008054683,0.0052412557,0.002027919,0.019687185,0.00516312,-0.06764714,-0.0059878817,-0.010792047,0.014519058,0.005171156,-0.0046449034,0.010859243,0.0025799575
2021-09-01,-0.028573815,0.0,0.0009691698,0.0014385447,-0.0032639802,0.0070812744,0.008626308,0.011153469,0.003860338,-0.00064254814,-0.010571703,0.019510707,-0.0033886898,0.005512947,-0.0055512753,5.0383816e-05,-0.00663908,0.0059937877,-0.013984164,-0.015766231
2021-09-02,0.004809693,0.000504613,-0.011945812,-0.0001477981,0.008183407,0.0043174694,0.0043992307,0.009425181,-0.0077081104,0.0055912565,0.005556219,-0.019922184,-0.004051346,-0.012865309,0.0035719185,-0.00025379908,0.01183546,0.015211062,-0.004058564,-0.00016169736
2021-09-03,-0.0020977766,0.010174796,-0.0031224268,-0.010922153,-0.0012682203,-0.10219424,0.0,-0.014270333,0.0073301536,0.010336608,0.010980882,0.0,-0.010439023,-0.020081842,0.01928553,0.04725312,0.0047209524,-0.00092763396,0.014480472,0.016811874
2021-09-06,0.010258114,0.0057782596,0.006751239,0.009996325,-0.019030841,0.0043701148,0.0027805197,-0.00078140723,0.0028869926,0.0131283365,0.0,0.0072987257,0.08483036,0.06532463,-0.017558925,0.0055734655,0.0,0.02223923,0.0044955835,-0.014564915
2021-09-07,0.02182394,0.011468989,0.00085635256,0.00022972567,-0.014753564,-0.007189613,0.0009265467,-0.049851228,0.013187182,0.0017540453,-0.008070002,-0.0032150713,0.05489031,0.0025120971,0.015248092,0.0035787374,0.0036248916,-0.009082012,0.009226842,-0.0016879655
2021-09-08,-0.006653998,-0.0013421745,0.0053978143,0.003930028,0.00039772224,-0.0020670108,5.4061813e-05,0.0,-0.0090616485,0.0074989293,0.007453935,0.010173529,0.01631745,-0.086950675,0.013121336,-0.005102533,0.0053859493,0.005925152,0.0004955814,0.005323037
2021-09-09,-0.0016047047,0.0075063435,0.0044173254,0.002919891,0.015583398,-0.008072113,0.009730865,0.00640178,-0.022163985,0.001936955,0.0080445185,-0.0023216857,0.011550234,0.030672526,-0.004442843,0.02214272,-0.005722627,0.038780227,-0.006446791,-0.052234102
2021-09-10,-0.021944027,-0.0045327637,-0.009343656,0.00036332762,0.0096392995,0.0,0.0062888907,0.0,0.009055756,-0.00890279,0.0038639803,-0.001827483,5.0769162e-05,-0.0054616313,0.0037800465,-0.21922031,-0.0030171052,0.012024989,0.01633907,0.003700567
2021-09-13,0.009751714,-0.013499732,0.009053505,0.008078393,-0.0019318601,0.00030087464,0.0044698496,0.010674974,-0.029317318,0.010405171,0.005751225,0.0072762775,0.007861362,0.023411062,-0.01797059,0.0,0.010221059,0.004222597,0.006140748,0.010670154
2021-09-14,0.0028836052,0.006292277,-0.014133054,-0.0074628745,0.007304747,0.01750902,-0.013242433,-0.016901935,0.0088435365,-0.006220287,-0.0065280674,0.010557065,-0.0029416191,0.00986578,0.043079477,-0.013479381,-0.0034970304,0.025488134,-0.0007143857,0.0077679222
2021-09-15,0.0046416894,-0.009167856,-0.0011096036,-0.07098032,-0.0016432239,0.00032913178,0.008864983,0.0018906734,0.021683129,-0.014521582,0.0016985447,-0.0023304885,0.015723074,-0.0067757284,-0.009473019,-0.02405713,-0.0042085424,-0.0077136233,0.008141268,0.010311587
2021-09-16,-0.0071154926,0.0009851315,0.009609851,0.013607814,-0.00041308303,0.00803959,-0.0005782465,0.0084044,0.004615166,0.0005125663,0.0145332,0.013382789,0.008185384,0.034880362,0.0051926645,0.14411458,-0.00059221213,-0.0035962833,0.0,0.037499372
2021-09-17,0.005775052,0.011504782,0.0034524747,0.007799022,0.004670947,0.026475936,0.005724607,-0.0023102115,-0.018930247,0.0074712136,-0.016854813,0.0034488076,0.05495395,0.0015245752,0.014592537,-0.003916316,0.0021874234,0.0047198823,-0.0018406736,0.0028948118
2021-09-20,0.0069053206,0.0062727565,0.0015955872,0.16824464,0.0005777133,-0.019960903,0.0076299515,0.0021100875,0.04023248,0.01625511,0.07520364,-0.0034442034,-0.0009550137,0.0061870734,0.008279079,0.01765888,0.0,0.010125548,0.0153283,0.010915777
2021-09-21,-0.0037968275,0.007436822,-0.0004444972,-0.0010080535,0.009013871,0.006739033,0.007905438,-0.011572596,0.028690716,-0.0061623636,0.0044858376,0.018149745,0.0053488123,-0.014468931,-0.0074037723,0.00086711656,-0.004529894,0.017095698,-0.0029046633,0.005204357
2021-09-22,0.00894879,0.015363735,-0.0039218925,0.028233819,0.00873313,-0.006862992,0.010690422,0.009518068,-0.0057915035,-0.0046537854,-0.00039325998,0.0015962877,0.03128126,-0.015086777,0.012149305,0.0049400637,0.0048109023,-0.008268631,0.003054493,0.0033893066
2021-09-23,0.0020156428,-0.013207976,0.017868282,-0.008710857,-0.010577849,0.022986276,0.0055152476,0.0,0.019967545,0.002298172,0.0026754262,-0.00017968942,0.008080583,-0.0008046554,0.039960533,-0.011564923,0.01687985,0.010948061,0.008634764,0.0032923871
2021-09-24,0.01552276,0.013555021,-0.0026920317,0.04095008,-0.007923104,-0.016159145,0.009786677,0.014564734,0.005617355,0.0,-0.0012843173,0.004855975,0.010338182,0.006898185,0.0058300635,0.021369731,0.0064493855,-0.006683231,-0.020537712,0.01248692
2021-09-27,-0.009776112,0.005494536,0.004002463,-0.06132713,0.01325664,-0.011657769,0.0,0.001987466,0.0304312,0.009331774,-0.005502686,-0.0019687156,0.003730695,0.014919109,0.00078614725,-0.001434439,0.0067844577,0.006192196,0.006395214,-0.040492393
2021-09-28,0.0006464206,0.015826304,-0.016596742,0.005178993,-0.0014576871,0.020044776,0.006237577,0.0018743041,0.0013575057,0.010659132,0.0054079993,0.007089239,-0.022191044,0.018081345,-0.010429419,0.025358465,0.0,0.0077563366,0.005286866,0.0012125825
2021-09-29,0.0056387945,0.0046595368,0.0018847055,0.018151024,-0.004850513,0.007559472,-0.00067535345,0.0,0.0017203493,0.034364097,-0.00050685904,0.0,0.0071670506,0.02410615,-0.002665777,-0.0012753602,0.007906403,0.005137133,0.0,0.007560443
2021-09-30,-0.0079697585,0.010100422,0.0013726488,-0.01831477,0.004178499,0.0069253426,4.800677e-06,0.0077436343,0.013608655,-0.015293264,0.005707456,0.0037375288,0.029802246,0.016733669,-0.010512899,0.0074038464,0.00025115933,0.0041854344,-0.0063119973,0.0019968196
2021-10-01,0.0034053181,0.010687947,0.009217972,0.015685072,-0.0033514798,-0.0008828044,0.0094332555,-0.0015382646,-0.03601559,-0.01542748,-0.0025010272,-0.00202685,0.029254576,0.0070063216,0.02884605,0.010616888,0.00013274534,0.0033599108,-0.0036654694,0.017174648
2021-10-04,-0.007425105,-0.0054965164,0.00010350703,0.022775989,0.0009098343,-0.017713515,-0.005209527,0.013804114,0.006940245,-0.003635285,0.0,0.018692093,-0.0042387517,0.015188469,-0.010208278,0.044561908,0.005701722,0.0054965336,-0.0014251118,0.006805967
2021-10-05,-0.003892417,-0.019607117,0.004692921,0.061993778,0.015978064,0.012687973,0.018614087,-0.0054105497,-0.052535318,-0.0020326653,-0.0018893172,0.010570334,-0.005250849,-0.00039301306,0.023341374,0.016078018,-6.5055053e-07,0.0065924604,-0.008365891,-0.005038298
2021-10-06,-0.0056998795,0.0019138026,0.0034260275,-0.006691123,-0.0059344866,0.0008574705,-0.004677668,0.0033565168,0.038953684,0.010146773,0.0024777553,-0.021445004,-0.04199134,0.004631263,-0.0027410828,0.043667477,0.0074910307,-0.0005890327,0.015353989,0.007869511
2021-10-07,-0.015650595,-0.0029995278,-0.009624121,0.024920927,-0.00029031848,0.0,0.0010167254,0.010560251,0.022032037,0.0157869,-0.00043314946,-0.007168855,0.010229208,0.008724741,-0.00251923,-0.029902907,-0.03312421,0.002721645,-0.011908403,0.0064348164
2021-10-08,0.0028686526,0.0020077166,0.005977439,0.0013922261,0.008474972,0.024597032,-0.0045857755,0.006181579,-0.0063111386,0.00925051,0.0022495468,0.0072697243,-0.00047388306,-0.0107363425,-0.0027454044,0.010295249,0.009333933,0.012407634,-0.017563047,0.001989391
2021-10-11,0.0079961745,-0.009107252,0.0022081921,-0.015441144,-0.005251999,-0.0014299322,-0.003280468,0.014748828,-0.003313621,-0.003392132,-0.00096964266,-0.0062732385,0.010138203,0.010136564,0.013097508,-0.0051272856,-0.0023633495,0.0021322295,0.006520972,-0.001856706
2021-10-12,0.013210309,0.012502941,-0.0007126304,0.006895598,0.010128293,0.009519849,0.0028767388,-0.0006235422,0.042479623,3.8527523e-05,-0.016698057,-0.0054679657,-0.024697708,0.005909508,-0.0021389928,0.08166637,0.026642209,0.0045833816,-0.0026288084,-0.010239482
2021-10-13,-0.00767921,0.0067686574,0.0092121465,0.0063879034,-0.0014176258,0.0,0.0011725463,0.004415096,0.010548637,0.005618703,-0.037369117,0.009707112,0.006332602,0.0022616573,0.0074461005,-0.039130356,0.020978358,0.012631024,2.4292192e-05,0.0070542693
2021-10-14,0.00092058425,0.0005439945,-0.004979167,-0.004409862,0.0017920223,0.012807167,0.0038120593,0.015236033,-0.024335578,-0.014098829,-0.00087722036,0.0038267584,0.0043982933,0.009808531,0.012019827,0.064141825,0.0069442405,-0.010595222,0.0151913855,0.00343577
2021-10-15,0.005419526,0.009817138,0.015720516,0.03109325,0.018952476,0.0,0.008877572,0.01174168,0.00032936558,-0.0095056575,0.009900226,0.003704043,-0.020994613,-0.010022987,0.009317981,0.0027648294,0.0022466828,-0.007043141,0.0010395132,0.0075488295
2021-10-18,0.0027754223,-0.00021091364,-0.0041904235,0.0040196395,0.0023133785,0.0,-0.003523748,1.3723125e-07,-0.0011738115,-0.016800886,0.011443155,0.0019791902,-0.015395534,-0.004750512,-0.0040071714,-0.0357083,0.0008606204,-0.004076079,0.012696826,-0.0064515816
2021-10-19,0.012223212,0.012647904,-0.0052598305,-0.0023554803,0.0062492206,-0.002721625,-0.00014520623,-0.00026977365,0.001630794,0.012075324,0.0041765417,0.0038629,0.0122542735,0.0037059768,0.008812494,0.005488778,-0.012303366,0.009930796,0.00873893,0.018587662
2021-10-20,0.010840098,0.0018923772,0.0022857757,-0.005114539,0.0033408462,0.004107214,0.007964944,0.0049974737,-0.0016597648,0.014854847,0.017304076,0.0059264,0.019088423,-0.010329974,0.0128948325,-0.0074397046,0.02797632,0.0019702814,0.0014873444,-0.0053869933
2021-10-21,0.004376481,0.000978859,0.0019550237,-0.030744012,0.002020472,0.006594421,0.0038377938,0.0039001426,-0.0068884054,0.0016862882,0.01608452,0.008846645,0.0,0.010792761,0.008584722,0.00029446505,0.0057828217,0.0006467032,-0.023044469,0.0075619915
2021-10-22,0.01852317,0.004857899,0.01533618,0.0,0.002626778,-0.0062471405,-0.013189617,0.00042889928,0.0038570957,0.007923316,0.005594918,0.008169191,-0.006849489,0.01758306,-0.006999099,0.0058042305,-0.03768759,-0.017578388,-0.008026502,0.00414382
2021-10-25,0.014769273,-0.0018390219,-0.017659485,0.0,0.00039082274,-0.018941695,0.008341366,0.005524842,-0.0046730177,-0.02631867,0.010914109,0.0011843648,0.011469181,0.014608229,0.008990985,0.036166627,-0.0002855541,0.011763787,-0.000354366,0.0039322814
2021-10-26,-0.005660421,0.008464931,-0.006498647,-0.002551585,-0.001921478,0.011997664,0.0052808193,-0.0044429055,0.011432996,-0.00025944575,-0.0016111899,0.0,-0.010163549,-0.004703927,0.0069190026,0.01461951,-0.0036823063,0.009355858,0.0035766298,-0.003859273
2021-10-27,-0.0015794173,0.015943049,0.0,0.030802447,0.0062570544,-0.007171066,-0.0030195606,0.011750408,0.0019540386,-0.0026943516,-0.002900669,0.008190233,0.042076975,0.005992767,-0.009581506,0.015760224,-0.0067831087,0.009708732,0.0,-0.051075783
2021-10-28,0.019507563,0.0031515062,-0.0059328005,0.018348295,0.013301724,0.004962705,0.0,0.0021924952,0.0030747382,-0.00014053147,-0.002146074,0.00268776,0.013141818,-0.008107688,0.010223004,0.0076362267,0.01817777,0.008674501,0.019247472,0.025080686
2021-10-29,0.004608702,-0.004599132,-0.01129042,-0.006705599,0.0031221148,0.005393312,0.0077911103,0.0017735689,-0.0030716548,0.005251018,0.00041131047,0.0053295204,-0.08888121,0.038489517,0.006178957,0.042365175,0.039128363,-0.012609039,0.008151425,0.02015475
2021-11-01,-0.0068674423,0.0021866984,-0.004503955,0.013860437,0.0013704295,0.0023075861,-0.0044458997,0.011352166,0.03779785,0.033775583,-0.00054371334,-0.01493273,0.0145958355,0.005594485,0.006253407,0.009195526,-0.0024457388,-0.07374455,0.012412588,0.010423045
2021-11-02,0.007157136,-0.007905662,0.0033440166,0.019368982,-0.0011901157,0.0057533686,0.00060422416,0.010325154,-0.008341992,-0.0028477535,0.007410374,0.03446668,0.015363249,0.01588246,0.01927397,-0.009973912,0.019521864,0.0013784941,-0.0010207802,0.039240856
2021-11-03,0.019474309,0.0590564,0.0019574675,-0.025494922,0.001267026,-0.001441416,0.0013604187,-0.00817144,0.0051618163,0.01856136,0.0043941117,-0.004636289,-0.04906044,-0.004891097,0.008526512,0.0013072853,0.01585918,0.012893076,0.008101127,0.04706286
2021-11-04,0.01022158,0.017164374,-0.0034414148,0.12811735,0.000855327,0.0,0.010295211,0.0023526344,0.00885229,0.025093999,-0.0064735566,0.019655278,0.00057569396,0.011286084,-0.0013983948,0.026869787,-0.016683752,0.002058835,-0.0061624036,0.0054663657
2021-11-05,0.0,-0.018089486,0.004714926,-0.010903246,0.01062816,0.015068846,0.018671041,0.007007387,0.0024231223,0.0015570489,0.009384308,0.014323914,0.019862188,-0.019761734,0.009362368,-6.209111e-06,0.0107882265,0.007251232,-0.011402731,-0.019509396
2021-11-08,0.012490116,-0.0036108955,-0.0025565277,-0.002342188,0.012301623,-0.07230241,-0.0033725528,-0.004429293,-0.010886056,-0.0016443477,0.0018356469,-0.0062586097,0.02119463,0.005602128,0.024642788,0.0117598735,-0.003335206,0.0023100101,-0.00424712,0.0061131045
2021-11-09,-0.009306339,0.007325821,-0.0012099845,0.009219443,0.0033416448,0.0,0.0022349486,0.023398371,0.013059709,0.0077586873,-0.016013104,-0.0017544425,-0.06521352,0.025134796,0.008232759,0.010954716,-0.003501099,0.0026328086,-0.0047267783,0.025215656
2021-11-10,-0.0018122637,0.002246098,-0.003417547,-0.0052059414,0.0032088908,-0.049563937,-0.0054875207,-0.005816902,0.0,-0.0157093,0.004374205,-0.0013738718,0.00089748687,0.004374453,-0.008027964,0.026700648,-0.008127101,0.0007757576,-0.0017245889,0.006238909
2021-11-11,0.012523653,0.00091924885,0.0012291544,0.0002957303,-0.0011179171,0.044984955,-0.094239466,-0.009847414,-0.00040912404,0.02382004,0.0030676979,0.009277209,0.021659875,-0.0026970655,0.015610953,-0.007477662,0.008270794,-0.005207838,0.007018378,0.016604898
2021-11-12,0.021217464,0.008512588,0.0032447502,0.017308095,0.0018145927,0.0019140618,-0.002333411,-0.014273318,0.01881918,0.010561939,-0.005840672,0.018796228,0.023531906,0.007995885,0.0004751438,-0.0038067054,0.0058436734,0.010756269,0.005171728,0.001393547
2021-11-15,0.00049081794,0.00944073,0.006099564,0.010089385,-0.0019928336,0.058016047,0.008780114,-0.106601946,0.0054418086,0.012578002,0.00042330803,0.007065752,0.038728587,0.0024612038,0.006368424,0.01043892,-0.009010743,0.0,0.0040198076,0.013836262
2021-11-16,0.0035289251,0.020181715,0.0035154927,0.0050763595,0.007416977,0.0032607405,0.08141415,0.004221926,-0.0017463232,0.0,0.0008014219,0.015880618,0.09174895,-0.0014855545,-0.012572924,0.006529517,0.017306447,0.004500726,0.006404719,0.0045509236
2021-11-17,-0.005505942,0.027614756,-0.0017339038,-0.001378702,-0.00019374678,0.0,4.135388e-05,0.012606759,0.008444376,-0.0024332986,0.0027154896,-0.01811271,-0.0017098058,0.0050108074,0.0022537024,-0.0076097506,0.0057822,0.0,0.0047431258,-0.005416229
2021-11-18,-0.0072618285,0.0019996604,0.0053567784,0.0016033907,0.009532966,-0.008998781,0.0039018155,0.014652084,0.019283112,0.0014333865,0.007959097,0.019017868,-0.0016043889,0.0026351013,0.00034765765,0.004666441,0.0015326025,0.010856112,0.005772994,0.001494252
2021-11-19,0.0083764065,-0.0067784935,0.0007777091,0.0014283825,0.006663828,0.012427523,0.0016727096,0.0001582465,0.00728232,-0.004738536,0.00030116798,-0.07112442,-0.01890295,-0.0057483236,0.04823816,0.0,-0.0011076254,-0.004240328,7.061478e-05,-0.024574079
2021-11-22,-0.0075739925,-0.015624744,-0.0021257573,-0.0008525173,0.0068156403,-0.0074201673,0.017694933,0.013884036,0.0011070085,-0.037128944,-0.029373247,0.07630422,0.0,-0.011476701,-0.0014899812,0.00062540296,-0.0013744222,0.012467696,0.009448089,0.013265944
2021-11-23,-0.008347657,-0.0041149664,0.009089183,0.0033519438,0.008043008,0.009678212,-0.03507464,-0.0045947474,-0.008456636,0.0022449875,0.00019722381,-0.030383514,0.0006272706,0.0020376318,0.024799392,-0.00048427042,0.010381887,0.006473863,-0.004119717,-0.012926579
2021-11-24,0.0020834124,0.012463924,0.009496188,0.0031975561,0.0137075335,0.011738898,0.0034990136,0.0108704325,0.009642964,-0.008278963,0.00813619,0.013084807,0.1425032,0.0062732976,-0.0053998684,0.0029586751,-0.006084297,-0.0023956709,-0.003095166,0.010542558
2021-11-25,-0.0044373036,0.00064115034,0.007326051,-0.0047082347,0.004034566,-0.1766635,0.0077403015,-0.005906356,-0.005882809,0.02143773,-0.006747665,0.007883023,-0.023974702,0.0087683005,0.013163601,-0.008297952,0.003050221,0.00825732,-0.004877858,0.00015700332
2021-11-26,0.010844084,-0.0014346308,0.006730761,0.00057105743,0.0,-0.01706114,-0.0075305947,-0.010823661,-0.027287535,0.0,-0.042692382,0.002017783,0.011742172,-0.004516355,-0.006446922,0.0009699223,0.018630143,-0.0004831641,0.0038028858,-0.0067374716
2021-11-29,0.003918652,-0.0020118891,0.002846319,-0.010652636,0.0074606356,0.0,0.0060859798,0.0027730383,0.0027201306,-0.0018435603,0.024472088,0.00082825456,-0.0023469178,0.0048744525,0.011434218,-0.009628191,-0.017450565,-0.0024821926,0.0055505857,-0.01090143
2021-11-30,0.00052048283,-0.013503927,-0.003043851,-0.0023179173,-0.0032946446,0.012964204,0.008457142,0.014732333,3.7688667e-05,0.0024707508,-0.013901247,0.0005920611,0.004053194,0.0063917353,-0.0023988734,0.022584828,0.005469042,0.01500812,0.003538433,0.026392128
2021-12-01,0.0049889926,0.0049374145,0.0,0.0,0.0053216224,0.008136029,0.006233382,0.0064872033,-0.0066588493,0.010224286,-0.010932094,0.019434545,-0.0012602893,0.00013061092,-0.009822848,-0.0024935168,0.0028433588,0.0024480636,0.0,0.0057973946
2021-12-02,0.019515853,0.0007082384,-0.0002899217,0.0016016855,-0.010150892,-0.0074220556,0.0046745064,-0.0021829829,0.05038139,0.0007984404,0.05541659,-0.003444604,0.0016074962,0.0033538183,0.0025118217,0.010878647,0.0050303997,-0.013392204,0.0050121695,0.0
2021-12-03,0.0012754209,0.002306671,0.0,-0.0053376076,-0.00010359104,-0.0033551343,0.0021111087,0.005033295,0.005454831,0.010160624,0.010037115,0.002841365,-0.008666242,-0.010100192,0.016246848,0.006002971,0.009529016,0.008207602,0.0035513632,0.026267828
2021-12-06,-0.013355621,0.0068487986,0.0016210933,0.004831958,-0.004183965,0.009349728,0.004683044,0.0026895178,-0.030287629,0.010619153,0.0052853697,-0.00016479834,0.020821273,0.010639887,0.0011543246,0.002973458,-0.0010422909,-0.01556133,0.0034453499,0.010652685
2021-12-07,-0.01306486,-0.0014399796,0.009435453,0.015692282,0.006214442,0.00056661916,0.003681381,0.009419235,0.004372292,-0.022606827,-0.00026172787,0.011672595,-0.0024076896,-0.00034033097,0.008886888,-0.015839651,-0.009612937,0.0056531867,0.0023816742,-0.0070343963
2021-12-08,0.004580882,0.01473982,0.0,0.0060771913,-0.003514848,0.023137903,-0.012528147,0.004650408,-0.008138157,0.0003100201,0.0090457285,-0.013417642,0.0,-0.008618862,0.017170431,0.007269755,-0.0048707896,0.007964922,0.0020189655,-0.008960712
2021-12-09,-0.0387238,0.007054038,0.0033513533,5.9296326e-06,0.015987499,0.0019476581,0.006743729,-0.009301968,0.03278464,0.008223089,0.008876055,-0.0009367995,0.0029723202,0.00091791246,-0.00086327275,0.00087425363,0.0,0.0054278392,0.0048441896,0.040413797
2021-12-10,0.010195459,-0.00808347,-0.00046562022,0.00861015,0.0054680267,0.009638374,0.0019682187,-0.0048393905,0.00084895303,0.006027531,0.005436856,0.007870683,0.011364516,-0.015859304,0.0030706327,0.0019503605,0.007243588,0.0009398301,0.0014266863,0.021828854
2021-12-13,0.018245617,0.009908462,0.0021955362,-0.007886105,-0.008036833,0.011304156,-0.003544429,-0.009515434,0.0030683859,0.008419235,0.01099831,-0.011196737,-0.0066964356,0.006811669,0.0,-0.0105179995,0.004796714,-0.010269961,2.4967505e-05,0.00903312
2021-12-14,0.012821881,-0.0067066965,-0.00266714,-0.014922037,-0.0059722504,0.011958035,-0.0020404565,-0.024248125,0.0018436975,0.021989668,0.0024065115,-0.01209292,0.020913651,0.006019079,-0.018036082,-0.0013636434,-0.0030612196,-0.005140746,0.0018517135,-0.0190607
2021-12-15,-0.044469148,0.007237624,0.0010646548,-0.0015796057,0.0,-0.015633455,-0.0013836325,0.003818999,0.010790164,-0.0020753243,0.0056618634,-0.00045288278,0.023439828,0.0016082464,-0.010471022,0.007488848,0.0027720772,0.0049754335,-0.0005702412,-0.00654263
2021-12-16,0.024958985,0.0063789217,0.0072040698,-0.0054983594,0.0075417575,0.09098558,-0.0039742524,0.017727539,0.0509952,-0.009465294,0.0072588646,0.032526903,0.03513687,-0.00037575804,-0.0080890665,0.007769537,0.026260052,-0.009709157,0.0031417734,0.016762406
2021-12-17,0.009902445,0.013072942,-0.0024022022,0.009162169,-0.009791263,-0.0074120113,0.0067442846,0.019213568,-0.018067895,-0.01330152,0.0063084452,0.004990569,0.0132974,0.0,-0.007217067,0.005202471,0.0001414445,0.0015032294,-0.00297454,-0.014921391
2021-12-20,-0.023947882,0.0038654732,0.0089899115,0.0011478668,-0.009675398,-0.0071902163,-0.012309648,0.012000749,0.022100668,0.020104129,-0.008041728,0.011717913,-0.0038294184,0.00923215,-0.008699698,0.0073085423,0.01422351,0.0076996516,-0.00316952,-0.0028294025
2021-12-21,0.009270124,0.0068698856,0.0013990452,0.0054253773,-0.00073963567,-0.0018541203,0.010918846,0.011038363,-0.016381044,-0.026378596,-0.0108010555,-0.0026392979,0.007473625,-0.005137267,0.037169717,0.002203566,-0.00073615543,0.011448388,0.005456013,0.0073747626
2021-12-22,0.003430647,0.01893015,0.0023402167,-0.0034191252,0.0,0.0018950901,0.021873424,0.0010284848,-0.18482241,0.091171846,0.038596515,0.0,0.0033106536,-0.00425076,-0.00023102446,-5.558814e-06,-0.0052722096,-0.010584662,0.010915417,-0.02565429
2021-12-23,-0.0035945224,0.010548735,0.0039030998,-0.0038108735,0.016034244,0.07604499,-0.0066107693,-0.047113832,-0.018639732,-0.009964948,-0.018861316,0.028354775,-0.003564952,0.027665282,0.008853311,0.0065359585,0.00279467,0.0043630614,0.013619601,-0.019628426
2021-12-24,0.010593818,-0.0041630073,-0.0050916616,0.0103985965,0.0043621776,-0.0053317007,0.021551063,-0.021137903,0.0491256,0.0105778985,0.015855737,0.0017863278,-0.007928219,-0.017141653,0.05151063,-0.0056298217,-8.877104e-06,-0.005888015,-0.0030093447,-0.016988147
2021-12-27,0.010539446,0.007618126,-0.007433623,-0.005082836,0.038387477,-0.0158349,0.003710155,0.014461178,-0.0256092,0.008038325,-0.0061402284,0.0030900866,0.024527913,0.010939263,-0.010556053,0.0074500893,0.008204371,0.0097771585,0.002512707,0.043484453
2021-12-28,0.0069219056,-0.011634813,-0.0015365558,0.020332418,0.008973893,0.00088780397,0.083684616,-0.004019085,-0.0070424364,-0.0055353926,-0.0008464156,0.009312368,0.0033647176,0.0174812,0.011795248,0.009792385,0.008174481,0.00747548,-0.008152936,0.00010430935
2021-12-29,0.009685295,0.008123696,0.0024745413,0.0066168257,-0.016813422,-0.05081183,-0.012458373,0.021056535,0.018160764,0.014475136,0.0002126831,-0.02785991,3.925322e-05,-0.010766773,-0.012721432,-0.0063134776,0.0,0.011533872,0.0017188232,0.084886305
2021-12-30,3.5975765e-05,-0.008077911,0.011471288,0.012604036,-0.011248819,0.007721125,0.00771231,-0.009480422,0.012375194,-0.005394695,0.0070137796,-0.0062685055,0.010672416,0.020059215,0.006931119,0.0086004045,-0.0034891255,-0.0058281515,-0.0013614196,-0.0011723752
2021-12-31,0.0024637664,-0.00020814475,0.009735319,0.0,0.08502934,0.0030188207,-0.03172224,0.024049873,0.013161675,0.013749885,-0.0004463338,0.0043889587,-0.020376042,0.00039223497,0.010546883,-0.009726112,0.0036931203,-0.006334628,-0.0025011296,-0.0019981219
2022-01-03,0.0036104647,-0.019731877,0.004982703,-0.002328452,0.008161151,-0.02321623,-0.001924728,0.014765185,0.01533382,0.013337123,-0.00467338,0.005783433,-0.015564834,-0.0047832113,-0.006977064,-0.00015339968,-0.0049390798,0.019616328,0.00935894,0.016232789
2022-01-04,-0.007830262,0.0023466542,0.009692426,-0.05659079,0.016150294,0.0033517184,0.0,-0.0042383713,-0.032288637,0.0042622187,-0.0016081817,0.0053686546,0.0017999903,-0.013298611,0.014942833,0.006756504,0.0074934345,-0.00068411685,-0.010662261,-0.029166179
2022-01-05,0.005119066,-2.0699485e-05,0.010148266,0.0045237965,0.009195076,-0.0062704897,-0.004841345,-0.018649338,-0.03180137,0.0359459,-0.01322634,-0.00644386,0.0069855778,0.00026934608,0.0027154149,0.005962181,0.009187265,-0.0048564286,0.0,0.015586602
2022-01-06,0.009914105,0.007762511,-0.0029477696,0.0023465136,0.0051527014,0.010271505,0.013438044,0.0,0.010406607,-0.011638198,0.012946038,-0.0073339245,0.042497806,0.0075253313,-0.026877845,0.009093802,0.0,0.009881063,0.015328483,-0.0029131176
2022-01-07,0.00075832056,-0.0013080898,1.0710969e-05,0.004166791,0.00016750563,0.0033965965,0.015365384,-0.0023385326,0.040435083,0.0057849973,0.01197961,0.013296187,0.010136544,0.021873306,0.015035551,-0.007842905,0.007490896,0.013200074,-0.008345341,-0.009369272
2022-01-10,0.007883719,0.0060934173,-0.014622476,0.02509555,0.0031340956,-0.0079263365,0.012850454,-0.0035550431,0.004295245,-0.0053540994,0.010190813,0.011353625,-0.003694035,0.0011818435,-0.017573673,0.01189145,0.0035177215,-0.0036158448,0.004216788,0.02598636
2022-01-11,0.00047029406,0.008028035,-0.004395626,-0.051359236,0.0022424252,-0.0025113449,0.016854605,0.011487133,0.011866361,0.009365247,0.023884717,-0.008493072,0.035487708,-0.010194231,-0.0064556026,-0.00644808,0.0061210096,0.008822274,0.006219625,-0.0019335664
2022-01-12,0.0022932992,-0.017572625,0.0034617863,0.027416749,-0.0040902817,0.009856775,0.020406004,0.0049894555,0.009497265,0.017936923,0.0096028615,0.020141857,0.009866008,0.01087642,0.15629353,0.0062424745,0.0014960289,-0.004708924,0.0067700674,-0.0035654688
2022-01-13,-0.0073751104,0.0029663644,0.0065683136,0.015412307,-0.0039127585,-0.024585921,-0.00081704376,-0.0048963134,-0.0043137297,0.026367405,0.0036013473,0.009407499,0.007900465,0.003529812,-0.018143069,0.010545339,0.008553066,-0.009574576,-0.0024207165,0.011795661
2022-01-14,0.0,0.01133775,0.0011491018,-0.00735159,0.019110037,0.004711481,-0.003066075,0.013333856,-0.0028297557,-0.0124877,-0.00572879,-0.01978146,0.013656011,-0.006439695,0.15848984,0.008723886,0.004620341,1.379766e-06,0.0,0.0221666
2022-01-17,-0.008820184,0.008946533,0.005290228,-0.00079232804,0.020893853,0.0009299754,0.007844709,0.017221482,0.0219105,-0.053224478,0.0044204374,0.009379073,0.0,-0.01255199,-0.10820935,-0.007275585,0.0031231544,0.0018813962,-0.0012519932,0.008586826
2022-01-18,0.0056372453,-0.001534535,0.014809888,-0.0035403878,0.0027092055,0.013070799,-0.007636875,-0.004502501,0.06350732,0.0019642601,0.0019401251,-0.0073793754,0.009139478,0.011735108,0.055769354,-0.0093199825,-0.001485539,0.0016206781,0.008847344,0.01617906
2022-01-19,-0.0067186565,0.0026695111,-0.007717862,0.0015083852,0.0015192761,-0.00900229,0.0018865003,0.019727733,0.0020702304,0.010399944,0.0,-0.010484521,-0.006613815,0.00019674456,-0.005874576,0.013330384,-0.0010661569,0.011855239,-0.0026927157,0.0069929957
2022-01-20,-0.013815751,-0.026295282,0.0041413205,0.0012933462,0.0091365725,0.013631719,0.0026692085,0.007723363,-0.004066546,0.013973212,-0.0012825484,-0.0022955367,0.0019403175,0.007687077,0.0073794103,0.011314075,0.004713595,0.013596945,-0.005989759,0.0024500678
2022-01-21,0.002282383,0.011184166,0.007331224,0.019272527,-0.018214896,0.01326465,0.010613787,0.013994954,-0.0108849555,-0.00056880113,0.009431718,0.001114635,0.005356585,0.002295261,0.0807363,-0.0014321549,0.007803957,0.0075173476,0.00092439784,-0.006081437
2022-01-24,0.008146302,-0.0027572156,0.0025068428,0.032145552,0.0,-0.009202685,-0.0047158627,0.005351542,0.087633684,0.013636664,0.0019058568,0.0054256697,-0.0020902501,-0.0059997863,-0.007151858,0.0027697084,0.006738455,-0.008027984,0.0024625948,0.008542421
2022-01-25,0.028298713,-0.010490108,-0.002657124,-0.023681829,-0.013880894,0.017014707,0.010455732,0.0009697419,0.0055384804,0.0102125285,0.006531182,0.001393929,-0.007730703,0.011138537,0.08130529,-0.0025051988,0.0036391516,0.0045387335,0.0008429932,-0.00842526
2022-01-26,-0.0075898734,-0.008036546,0.008799547,-0.00025665792,0.001728894,0.004171681,0.016841682,0.014433036,-0.025012745,-0.011613004,0.026118394,-0.007883335,-0.009181751,0.007713912,0.0,0.002091658,0.0,-0.004070902,0.0027934518,-0.008687851
2022-01-27,0.00014607086,-0.0060503,0.0014921658,-0.0040571964,-0.0022025849,0.01207041,-0.001018602,0.0036141274,-0.0021505603,0.014475105,-0.042281758,0.003888974,0.03324973,0.0072039114,0.0049825893,0.0024632595,0.010870287,0.0,-0.0026783575,0.0061211665
2022-01-28,0.0019678373,-0.0043778056,0.009383984,0.012168949,0.008844047,-0.0076201777,-0.013913793,-0.03150649,0.010870827,0.010452659,0.0,0.013190972,0.004350748,0.0074362075,0.027482243,0.010161604,0.0017723187,-0.0017432633,0.0059222616,0.026008511
2022-01-31,0.04476225,0.009166054,0.017356,-0.00048114604,0.0043217754,0.03068109,-0.014089392,0.014745494,0.006232576,0.013385472,0.0071864934,0.009433793,0.0057975445,0.02121061,0.0,0.0,0.004381223,0.009697798,0.042445753,0.064864025
2022-02-01,0.0036346274,0.013790146,0.004470471,-0.009408916,-0.008868502,0.048897818,0.0024820827,0.011353843,-0.023070334,-0.0016989321,0.002414909,-0.010533293,0.010986827,0.0029867017,0.0087025985,0.0075967996,0.0037078438,-0.013600021,0.0008416882,0.008054373
2022-02-02,-0.0028492303,0.015730906,0.012378715,0.0049315975,0.0,0.0029612146,-0.0044572037,0.0029757717,0.0014998484,0.014321236,-4.9501496e-06,0.0023276263,0.030821087,0.01809065,0.0026049581,0.004768387,-0.01082857,0.005535723,-0.0014244593,-0.01071281
2022-02-03,0.011728673,-0.025925128,0.0,-0.16138242,0.008510848,0.0003352938,-0.0039795963,-0.007903683,0.008804754,0.040965833,-0.0023735084,-0.001051431,-0.0025212895,0.014765412,0.0,-0.002832228,0.0069054035,-0.0034289248,0.013057819,-0.0036380966
2022-02-04,-0.055773243,-0.00560962,-0.0047826227,-0.0046146824,-0.008200634,0.040343743,-0.013992274,-0.023014173,-0.21327813,0.003889183,-0.008405916,0.075192384,0.009192669,-0.014059516,0.0054554204,-0.0036691262,-0.008688594,-0.009783163,-0.00637175,0.044614144
2022-02-07,0.0077377763,0.010809289,-0.0006652192,-0.0023028702,-0.004629527,0.002956734,-0.01087826,-0.008673918,0.00014787726,0.0008639359,-0.015055533,0.017504089,0.014152746,-0.0110658,-0.010549896,0.004386336,0.014463817,0.016571542,-0.01249397,-0.0022753065
2022-02-08,0.010838181,0.064707756,-0.024254993,0.009559511,-0.017657246,0.013422109,0.0120256245,0.018588752,-0.013291378,0.0058575207,0.011496565,0.025185194,0.004215273,0.0003457877,0.0,0.0056591323,-0.020322377,0.004092332,0.008119716,0.0011241823
2022-02-09,0.0,0.0017285954,0.002253979,0.025993757,0.022322586,-0.016256597,0.025423294,0.004480658,0.004570009,0.004239465,0.03904026,0.009209011,0.030379035,0.0025550048,0.007118159,0.010103597,0.015766073,0.005645221,-0.017800812,0.0070759202
2022-02-10,0.003715638,-0.00022590917,0.00023257923,0.05390479,-0.027658597,0.012431109,0.004049958,0.004562875,0.019705614,-0.00080226845,0.012818974,-0.016795857,-0.010810352,0.009315939,0.0044147973,0.0032188674,0.011129019,-0.015540439,0.003811969,-0.0040584044
2022-02-11,0.0037154092,-0.004990095,0.01021382,0.0019209959,0.0060202624,0.00031962726,0.010882959,-0.014537475,0.00242224,0.0063895257,0.015527917,0.018671136,0.021205546,0.008860374,0.01202518,0.0,-0.00018034509,0.0038178577,0.009639768,0.008560516
2022-02-14,0.015983427,0.01353926,0.015718084,-0.0051936614,-0.0017929979,-0.020605348,0.002584018,0.012753566,-0.001828529,0.014281709,0.013732012,0.014805971,0.0068936097,-0.00387818,0.004315665,-0.004026665,-0.005612752,0.012262645,-0.002686274,0.015917458
2022-02-15,-0.003626814,-0.002039022,0.007608824,0.009518181,0.013077998,-0.023130184,0.0001471156,-0.007881246,0.038482614,-0.003322134,0.001010604,-0.008800978,-0.019438291,0.00447222,0.013757735,0.0033504763,0.014497766,0.0050481046,-0.009432209,0.0037413342
2022-02-16,0.0088003585,-0.023032442,-0.0026235725,0.078270234,0.014315433,0.020261358,0.010648347,-0.0075775483,0.0027048795,0.027836626,0.0021575298,0.008935953,0.0015070898,0.007716403,-0.0066942726,0.0015790769,-0.04366303,3.4475238e-07,0.0058362107,-0.0064427084
2022-02-17,0.0032279931,-0.01315445,0.0015974593,0.004399042,-0.0015329015,-0.01299691,-0.016039016,0.010098103,-0.0056073735,-0.015097806,0.0088108955,0.0045240526,0.037816614,-0.006719504,0.005535184,0.008048356,0.0038895933,0.006549857,0.008225897,-0.0015535995
2022-02-18,-0.03146848,-0.0036945853,0.010664419,-0.007965419,-0.0010166964,-0.0031283647,0.0073086238,0.0068460526,0.016488362,-0.0016934559,0.015718663,0.01528989,0.014305871,0.0050587947,0.010528618,-0.0014062212,-0.0013408007,0.01031699,0.00040574544,-0.014303017
2022-02-21,0.014082663,-0.005209152,0.00804593,-0.015658729,0.010196121,0.013681844,0.0044560153,0.019011235,0.010689743,0.08997518,-0.010238418,-0.023698932,0.008740759,0.010926111,-0.011098609,0.005735987,0.023518015,0.008965004,0.003964918,0.004311033
2022-02-22,-0.021569321,-0.00016909615,0.013762146,0.025913728,0.009954898,0.0052064913,-0.003737933,0.0007658944,0.01046841,0.01009948,0.0,0.010704297,-0.00016842288,-0.029218147,0.008451744,0.0029393476,-0.010776573,0.007949688,0.008155679,0.031138266
2022-02-23,0.0026969153,0.00058602,0.0006969298,0.006880672,-0.0049350113,-0.019081356,0.005085777,-0.009268264,-0.015117497,0.023208264,-0.010595345,0.0,-0.001633584,-0.01790865,-0.0010896842,0.0073687728,0.0108966045,-0.00010075052,0.02057681,0.0105519
2022-02-24,-0.00024321736,0.015957931,0.016625794,-0.002029863,0.0042467955,0.016240662,-0.0022995698,0.009465804,-0.0049602785,-0.004166563,0.007604045,0.015649574,-0.005298239,-0.018667568,-0.008123195,-0.0018318722,-0.0054405364,-0.0052615358,-0.0020573197,0.01963066
2022-02-25,0.041015983,-0.0022994154,-0.0073896707,0.018186845,0.0020096307,0.004603921,-0.0024571018,0.0066477293,-0.0035665634,-0.0034265097,0.023030981,-0.0028518583,0.0008989929,-0.0007162528,-0.014194386,0.0012067041,0.011366544,0.0056551932,-0.0038570436,-0.00071258034
2022-02-28,-0.014194998,0.011783984,-0.004206134,0.012701058,-0.0036488909,-0.0066269897,0.0048078587,0.002831224,0.014774949,0.011781929,-0.07817739,0.0032699683,0.0011280242,-0.040524222,-0.00251047,0.009565894,0.0039785714,-0.0023990846,-0.0027830286,0.025208786
2022-03-01,0.0062876507,0.0037212553,0.002019894,-0.049495976,0.009225185,-0.0047086827,0.004935245,0.0090033,-0.01056286,0.0013765657,0.0024797427,0.014548357,0.0074060373,0.0021330246,0.005274684,-0.003707857,0.0060655284,-0.016995227,-0.0024668574,0.004469383
2022-03-02,-0.013311452,0.06362561,-0.009478497,-0.0031531078,-0.0013131154,0.011712631,-0.004552503,-0.00033861876,-0.043801524,0.007958733,-0.0027132235,-0.008060506,0.0,0.0,0.0002996699,0.0008743411,0.004937611,0.016162775,-0.0034003174,0.0
2022-03-03,0.015324717,-0.009396574,0.008557883,0.0010637395,0.01316418,0.00029993456,0.0016926116,0.005663617,0.06109446,0.0035396968,-0.0026969777,0.0055386424,0.0007083591,0.0062934486,-0.01390852,-0.003562389,0.008903167,-0.0013574439,0.004978402,0.03190777
2022-03-04,0.016969163,-0.015432173,0.011155339,0.00731502,-0.006222593,-0.0055906423,-0.003211633,-0.0011193955,-0.022286683,0.002670206,0.0071139443,-0.0076598646,-0.0021185458,0.0020019463,-0.005246433,0.009263414,-0.0044918703,0.007729331,0.0052837715,0.010087996
2022-03-07,0.0018263978,0.015270332,0.0455899,0.0067971507,0.0050232313,0.022809915,-0.0020029168,-0.0016166776,0.0051779803,-0.013365661,-0.0013739237,0.019204684,-0.0035216715,0.024057563,0.0068564904,0.00888461,0.023958901,0.0114304945,-0.00023476304,0.008711599
2022-03-08,0.007027263,-0.004600814,0.006233071,-0.0023418043,0.0068992837,0.013058848,0.010799612,-0.00428453,0.015705684,-0.008077343,0.008612677,0.0061351345,-0.013071283,-0.018009437,0.010025087,-0.00091648486,-0.004438757,0.015314705,0.003226673,-0.0107264165
2022-03-09,0.006381509,0.0334304,0.000176559,0.019691525,-0.0082106935,-0.0014318598,0.0052456744,0.0,0.023904055,0.0056641847,-5.376192e-06,0.011790477,0.019638224,0.005915151,0.0021596355,0.007861237,0.0020420703,0.012370192,-0.00040628202,-0.030927522
2022-03-10,-0.0098230755,0.005002491,-0.0042221216,0.002970054,0.011736442,0.0048116916,0.0,0.0069306795,0.0326993,0.016396502,-0.006468988,0.043287747,0.007076442,-0.010569285,0.0022353334,-0.0023300997,0.00015057654,0.0019925702,0.0009808729,-0.0016242528
2022-03-11,0.0018936713,0.004552885,0.0033651262,0.061613865,-0.00044042018,-0.0028530397,0.002537812,0.0,0.01176949,0.009358259,0.00088356005,0.011347096,0.025340462,-0.005414254,0.0035699308,-0.008518078,0.015944794,0.0088559445,-0.002827267,0.035243474
2022-03-14,-0.0016180872,0.011422273,0.020701101,-0.0071322112,0.0060746805,-0.009845381,0.0060622045,0.006611663,-0.009472965,-0.0032002868,0.009709586,-0.00028845246,0.019202122,0.0041411025,-0.043390937,-0.0019528851,-0.029230038,-0.002301432,0.007468554,-0.108484626
2022-03-15,0.005401351,-0.0028165833,-0.0028866702,-0.0031252322,-0.004970073,0.009264431,-0.013586118,-0.004582606,0.007070529,-0.015560015,0.003574573,0.0053790486,0.005593447,0.008276861,0.008744874,-0.0032083353,-0.0005779231,-0.0017513261,0.012359887,0.0024377073
2022-03-16,-0.005509995,-0.014356167,0.0003713201,-0.003063565,-0.0066185915,0.01140642,0.0035227677,0.004754084,-0.0255781,0.012300777,-0.0031423888,-0.06229298,-0.008632617,-0.0059850705,0.008799742,0.015337714,0.005201166,0.024604162,0.00963638,0.030338632
2022-03-17,0.021394838,0.02593219,0.008563963,0.017376738,0.004718498,0.06538359,0.0015890847,-0.00685583,0.026248889,0.020210234,0.011375422,0.0033234765,0.0053637666,0.021913948,0.00646515,-0.0079493,-0.006424518,0.002989769,0.0037462397,-0.011285181
2022-03-18,-0.0024833556,0.01488813,-0.002849898,-0.017480526,0.012772189,0.0018575889,0.00716971,0.020205157,0.007146711,0.013009003,0.009010948,0.011180546,-0.003821858,-0.03702838,0.027803624,0.00018548426,0.0,0.0,0.0069918716,0.012817036
2022-03-21,0.0031428451,-0.023863576,-0.013546364,-0.0036635604,0.0,0.010093753,-0.0041341814,0.0016189952,-0.017984109,0.013743652,0.0009396917,0.018918693,-0.015081994,0.0086721005,0.0073875138,-0.010623757,0.0008460031,0.011195803,0.0,0.009358742
2022-03-22,-0.012987845,0.013971569,0.008116189,-0.0020118116,0.009711944,-0.006926078,-0.0026493426,-0.004408722,0.008323933,0.001740143,0.0073297825,0.006181173,-0.046859525,0.0087589435,-0.009404299,0.019723864,0.008532979,0.006374386,0.013854405,0.034348685
2022-03-23,-0.019711906,0.014544633,-0.007956123,0.08218204,-0.0071897376,-0.014534748,0.005356521,-0.0048751975,0.049107168,-0.03712288,0.011470752,-0.06563964,0.017344201,0.011698852,0.008464872,0.006443698,0.011754507,0.0153493835,0.0041881735,0.008674345
2022-03-24,-0.0039684093,0.04345138,0.049891613,-0.08449101,0.0063224365,0.004179264,-0.00024226506,0.0057295877,0.02338849,0.0041209585,0.00089607976,-0.007729142,0.024116943,-0.0030736548,0.010062377,0.004651838,-0.0042457664,0.011359685,0.007418181,-0.00097492797
2022-03-25,-0.021931252,0.014188673,0.013303872,0.03894593,0.0,-0.0013633972,0.006743718,-0.0055214697,0.004038713,-0.0018162618,-0.01029524,0.007455382,-0.009322758,-0.0059877685,0.009083237,-0.007588223,0.01727687,-0.010002464,0.005175787,-0.04849117
2022-03-28,0.0025242998,0.012645845,0.005355644,-0.011485059,0.0034050876,0.13775343,0.01486186,0.0047055976,0.0019402528,0.0043647652,-0.0011380133,0.0,0.015310474,0.007036117,-0.0077405157,0.008162424,0.0058696233,-0.001201512,-0.003681405,0.0049151178
2022-03-29,0.011930915,-0.010470411,0.004383167,0.031745028,-0.0014898414,0.009401764,0.01822725,0.0038691,-0.20610338,0.0072715115,-0.009934899,0.033335246,-0.0017270722,-0.0026737393,0.018458579,0.000414479,-0.000268057,-0.015084178,0.0031826377,0.0070805666
2022-03-30,0.0044391565,-0.002854189,0.01012959,0.011157402,0.011453992,0.006905548,-0.0020043405,-0.0045938496,0.011190249,0.00636039,0.007107926,0.010743817,-0.004673352,0.012719968,0.008029739,0.012916782,-0.009243523,0.010232821,-0.001929429,-0.03210304
2022-03-31,0.010860601,0.009302269,0.019040883,0.0055319346,0.0008391165,-0.012515185,-0.004414511,-0.0017013687,-0.009774494,-0.021942556,0.008845982,0.009277402,-0.0012709161,-0.02245191,0.00018200775,-0.009312352,0.010672888,0.010621735,0.004753998,0.0046861223
2022-04-01,0.008962455,0.0,0.0030948517,-0.009013036,-0.012265153,0.00010554071,0.0004980883,-0.004221179,0.03830889,-0.063470855,0.0018250857,0.013667258,0.0075578443,0.009936134,0.0074545825,0.010125792,-0.0044388296,-0.0028127336,-0.053267036,0.0323835
2022-04-04,0.0001223792,0.014789623,0.0026014058,0.0016197735,-0.010611908,0.0008505175,0.010127868,0.0008600853,0.0001489451,0.008992232,0.0093264645,0.0015973769,0.010884013,-0.006810868,0.0038884145,0.0056433906,-0.008120137,-0.010499092,-0.00695642,0.007950836
2022-04-05,0.004919012,-0.0017776377,0.037562646,-0.0014902167,-0.000563973,0.038415574,0.0044187624,0.008782575,-0.009562835,0.011327069,-0.0030284824,0.0038680634,0.0040454417,0.015024986,0.014129648,-0.004563719,0.015589299,0.018538464,-0.007937416,0.010943938
2022-04-06,0.010383755,0.009305422,0.00039243588,0.011449873,-0.0022503743,-0.11691595,0.0024372516,-0.003772627,0.0019884582,-0.098104216,0.015209765,0.008563327,0.0006184612,0.00832169,0.0041659754,-0.005380373,0.013822148,0.001622615,0.0004274631,-0.0034638136
2022-04-07,0.0013587599,-0.016316738,-0.031454597,0.002519267,0.0017012672,0.009167884,-0.0017399521,0.007988776,0.0003869952,0.0023730577,0.009064034,-0.03437669,0.0055908733,0.011349866,0.0074819652,0.0055236705,0.0009221105,0.0036516576,0.013038919,0.00907138
2022-04-08,0.010831675,0.012011719,0.013277138,-0.0010977527,0.012029227,0.007816206,0.0005105688,0.0019494818,-0.009864532,-0.0032235365,-0.0034470118,0.0017904938,0.0030439342,-0.0025041834,0.019628562,0.011422322,0.002062604,0.0030362299,-0.0032007908,0.020043416
2022-04-11,0.0042314692,0.0012761499,-0.01002726,0.079597086,0.006082432,0.01020996,0.0025188106,-0.0068593714,-0.21754003,0.033369616,0.0063638897,0.019597352,-0.0017753278,0.0018932491,0.00011894389,0.008558847,0.013718204,0.007430876,-0.0024282327,-0.008620907
2022-04-12,0.0,0.008239629,-0.00189611,-0.016752057,0.00431271,-0.002018567,0.009877294,0.004403243,0.07493554,-0.00999924,0.007013477,0.016242977,0.010312927,0.0,-0.007218897,-0.015340428,-0.0038527618,0.001091455,0.004106389,0.0023494617
2022-04-13,-0.0017908312,-0.020394972,0.005722353,0.010940273,-0.0012884438,0.025134249,0.0016209601,-0.0022032962,-0.00077528384,-0.0066665285,-0.009239528,-0.006151355,0.0056109657,0.014795462,-0.025655495,-0.0058105965,0.0067338147,-0.0005407508,-0.0022058785,-0.009070617
2022-04-14,0.0112026185,0.0,-0.0153047135,0.020667713,0.003947704,-0.014898359,-0.0017440292,0.025409907,-0.0003400141,0.037258185,0.013008059,-0.0098049035,0.0020959198,0.006064562,0.005702331,-0.015604202,0.010394977,-0.016883567,-0.006170489,0.023703527
2022-04-15,-0.0053545833,-0.010453915,0.0027753443,-0.055393655,0.011618146,-8.037435e-05,0.00712349,-0.0015104031,0.15020826,0.0017086895,0.0019004898,0.017581077,-0.00859949,0.0057645827,4.959068e-06,0.029491534,-0.007828174,0.007740576,0.0,-0.11788502
2022-04-18,0.013406937,0.014761943,0.0,0.02803837,0.0051303213,0.0100913085,0.0043755686,-0.0017609246,0.018622143,0.008462282,0.009439951,0.023643598,0.013809099,-0.0065121967,0.010590372,-0.009266155,-0.015683698,0.012833647,-0.010547034,0.020802945
2022-04-19,0.008815953,0.005168919,0.00566213,-0.03920684,0.002110868,0.004036502,0.0022407682,0.0034124367,-0.004227737,0.003791427,-0.016389089,-0.060724,-0.0010029337,0.0,-0.00074074214,0.018097049,-0.003600004,0.007240591,0.0005986523,0.03230065
2022-04-20,0.0041750367,0.00010260897,0.0,-0.09000823,-0.0034532542,-0.004058635,0.005823593,-0.0030684038,0.021939876,-0.0058882902,-0.025173096,0.006761743,0.008826882,0.008791144,0.008668113,0.0046427967,0.03453098,0.000600845,0.00556587,0.0061854557
2022-04-21,0.0056768674,0.0019745564,0.0038240647,0.00879904,-0.0038325628,0.0,0.0,0.0005890194,-0.010924124,0.00849446,0.02226959,0.008123495,0.00875401,-0.013163417,-0.014915317,0.019657362,-0.0026399416,0.005740029,0.003981976,0.00784515
2022-04-22,0.008076276,0.0009797624,-0.01505914,0.020563317,0.010052519,-0.00023975816,-0.0032884516,0.009897436,-0.005205685,0.0067538233,-0.0013615369,0.0027261698,0.0076640686,0.009757227,0.009813575,0.011764447,0.00019179475,-0.027124431,-0.0009868141,-0.03917202
2022-04-25,-0.005211909,0.013168837,0.018078644,0.004555874,0.010826493,0.00533573,-0.010461027,0.0035451583,-0.025853142,0.009218356,-0.00026450626,0.02610368,0.007956387,0.004214989,-0.014803045,-0.0064615,0.013121254,0.0057864417,0.0030420772,0.0070831
2022-04-26,-0.010778126,-0.0020345862,-0.0014891014,0.0088395635,0.0075431126,0.020160897,0.004895499,0.0038448023,0.011125845,7.090056e-05,0.030754043,-0.0004725002,-0.0066958633,0.0,0.0059057884,0.017192671,0.0059993644,0.006886273,0.001782605,-0.03337186
2022-04-27,0.0030837052,0.00022407313,-0.0066255885,-0.009105332,-0.00084500364,0.011724276,0.0069014584,0.011741123,-0.016773911,-0.0033808313,-0.009259842,0.010524927,0.008996983,0.009522904,0.0015088209,0.0,0.010231636,0.015700046,0.00945317,0.14879508
2022-04-28,-0.0059053316,0.0027827132,-0.0077071236,0.16592622,0.0053358786,0.0038311114,0.009759999,0.003883248,0.015090388,0.015214992,0.008966192,0.008629917,0.0,-0.0033954338,-0.010685169,-0.005514117,0.004952928,-0.011927386,-0.0018208165,0.023096258
2022-04-29,0.056349404,0.015220492,0.0022626878,0.010195255,0.0048250733,0.02245091,0.0011729399,0.080536194,0.022403592,-0.009442273,0.008374113,0.0055607376,0.006003666,0.022603348,-0.00028064306,-0.012304126,0.009530735,-0.0071022883,0.008374113,-0.017727222
2022-05-02,-0.049801424,-0.03174837,-0.008562911,0.0054556695,0.014806392,-0.027969945,-0.020880625,-0.0023582655,0.007543582,-0.010560537,-0.022160621,3.0055557e-05,0.0032521416,0.0,0.00051959447,0.0032609212,0.0028544855,0.0076206955,-0.022160621,0.011559947
2022-05-03,-0.03162272,0.013868508,0.015495229,-0.05175882,0.0052048983,0.009805297,0.029650245,0.0,0.008785557,0.024859823,0.0051632924,0.010934798,-0.0034626995,0.009639471,0.062767506,0.045494176,-0.0019989188,0.0044643814,0.0051632924,0.0054438743
2022-05-04,-0.004145031,0.011723046,-0.00598068,-0.00040789382,-0.008664985,0.0006980995,-0.0053026145,0.0025774485,0.0006385907,-0.03149684,0.0036660724,0.0,0.0038495485,-0.011927644,0.0025666838,0.024820197,0.004247252,0.019252338,0.0036660724,0.0035713657
2022-05-05,0.010631592,0.0020621263,0.001256212,0.008611593,-0.0019132468,-0.03282801,0.00091572996,0.0071412,-0.0047915895,-0.032714628,0.0068611293,0.0092029935,-0.00090079225,0.020481713,0.012433896,-0.006833587,-0.002588932,0.017061332,0.0068611293,0.008487598
2022-05-06,0.001543178,-0.012803653,0.021152187,-0.0015665969,-0.009568226,-0.022652017,-0.018206391,-0.021347819,-0.0059929998,0.008038547,0.003866641,0.006885059,0.0,0.012342356,0.005156028,-0.033114113,-0.010863386,-0.037973057,0.003866641,0.010608699
2022-05-09,0.07179337,-0.005601581,-0.015136916,0.0077578905,0.0033235499,0.0068630115,0.0008469265,0.0117599275,0.01751398,0.00020034715,0.0020825514,0.0019490931,0.011398747,-0.0037885043,0.019654596,-0.010452743,0.012295216,-0.0019183141,0.0020825514,0.024097443
2022-05-10,0.003691234,-0.0015685334,-0.008005607,0.008859448,0.007985405,-0.0054534706,0.026779966,0.019321958,0.0040405705,-0.085241355,-0.0006388767,-0.010575882,-0.0016723886,-0.0026682606,0.0048685158,0.014336384,0.0018465202,0.03700691,-0.0006388767,0.01323818
2022-05-11,0.062400773,0.021173414,0.018812725,-0.001221373,-0.004190848,0.011252531,0.017359205,-0.0041439584,0.005863031,0.017931,0.0022510868,0.0057403627,0.006974887,0.048752904,0.008938041,0.008111722,0.0009289519,0.0031608893,0.0022510868,-0.02298092
2022-05-12,-0.0005089333,0.0036955664,0.006791339,-0.00801205,0.00856772,-0.0021046705,-0.004030193,-0.0014571301,0.013698691,0.015391531,0.004954688,-0.00095781364,0.008962863,-0.14861114,0.006478686,-0.08154841,-0.013672056,-0.0036380736,0.004954688,0.032874465
2022-05-13,0.013717983,0.014523506,-0.003775894,-0.0027651293,-0.0034219746,0.0074323253,0.0026591746,0.021762716,0.0,0.02518756,0.007428515,-2.4415445e-05,0.00731054,0.049589973,4.3869462e-05,0.037003625,0.004323071,0.013338012,0.007428515,0.011553699
2022-05-16,0.009626652,0.01727597,-0.008142846,-0.009035851,0.0036809577,0.020024724,-0.008341016,-0.008796133,-0.011647814,0.03078379,-0.0029568505,0.00023650206,0.003802585,-0.0021565282,-0.010406169,-0.009866233,-0.01800886,-0.010905832,-0.0029568505,0.0078561995
2022-05-17,0.009984846,0.016269712,0.008805196,0.012527845,0.0075593884,0.018587636,0.004000639,0.009346618,-0.0025458022,0.014923929,-0.00055547664,-0.0025185316,0.012605241,0.0254541,-0.09208141,-0.017044375,0.00902939,-0.015570652,-0.00055547664,0.00849453
2022-05-18,0.025865715,0.014527209,-0.028098958,-0.00241361,0.0074275676,0.0025823042,0.012312108,-0.007992507,-0.012410446,0.0066153915,-0.005491697,0.010593238,0.009053629,-0.012350079,-0.03962237,0.014854489,-0.0038049077,0.0020807213,-0.005491697,0.0030753997
2022-05-19,0.020260094,0.0,0.0027653752,0.0062428773,0.0013406402,-0.0066836006,-0.0075102607,0.009754476,-0.014592345,0.0065122736,0.0,0.0096263755,-0.00224284,-0.011621364,0.02378294,0.0637908,-0.009468217,0.07967812,0.0,-0.0022066757
2022-05-20,-0.0019423213,-2.0563666e-05,0.019712549,-0.0012868809,-0.0025972994,0.012189679,-0.00972733,-0.0068652104,0.010838051,-0.068584,0.017281545,0.0070189335,0.0071056904,-0.009334683,0.0016209731,-0.00076796813,-0.005857368,-0.0059902617,0.017281545,0.0125818
2022-05-23,-0.052491695,-0.010397213,0.0070932596,0.0045706397,-0.00097025716,0.0021875645,-0.010378793,-0.0058168154,0.015959946,0.0036979585,0.012728009,0.0007112813,0.01964467,0.009635159,0.022184962,-0.03806199,0.012811157,0.0045214673,0.012728009,-0.0015722347
2022-05-24,0.013192856,-0.0032005857,0.006127665,-0.048978,-0.0149167655,0.0024841176,0.0036034868,0.00048976723,0.0053244526,0.017660914,0.0025963997,-0.0010413871,0.0018176509,0.044297084,-0.00037638843,0.032454368,0.010561693,0.0070456504,0.0025963997,0.0
2022-05-25,-0.0068772873,0.0059621735,-0.00010220812,0.013810408,-0.01168656,-0.0121813845,0.008881861,0.0030072,0.0021423749,0.019395381,0.00016689279,0.0048418166,0.0017149008,-0.038078222,0.006920244,0.0024892685,0.012326892,0.0032142664,0.00016689279,0.005679956
2022-05-26,0.0031834724,0.005517938,0.0035191462,0.007688173,0.0054798694,0.009222956,0.009776278,-0.1170049,-0.0009642253,0.0048626964,-0.0029128443,0.0042006886,0.0022636862,-0.0005417043,0.0,-0.054699864,0.0034473988,0.015506334,-0.0029128443,0.003059609
2022-05-27,-0.03270985,0.01959111,0.0015559766,-0.0010344171,-0.0005486622,0.0057871784,0.008799076,0.0059150397,0.013939715,-0.001991529,-0.0041725948,0.002030581,0.0061029126,0.009787078,0.0024121494,0.04708322,-0.0017376046,0.0,-0.0041725948,-0.007820172
2022-05-30,-0.01349802,-0.004407944,-0.003517431,-0.011485354,0.005911805,0.0009645077,-0.00025451565,0.0405272,0.00956721,0.0105735725,-0.013460569,-0.00025838523,0.0027909079,0.015605971,0.0026619267,-0.20475626,0.0025249124,-0.0076919883,-0.013460569,-0.0070678955
2022-05-31,0.05014731,-0.010365911,0.0048036426,-0.114830464,0.009668818,-0.009154243,0.0053700083,-0.051981404,-0.002521977,-0.019373821,-0.0012721793,0.0015954351,-0.011936633,0.0021582365,0.01029094,0.0017601126,-0.0011142646,-0.0103398245,-0.0012721793,-0.0029751738
2022-06-01,0.030256683,0.033258256,-0.0017402638,0.05516103,-0.010129516,-0.0011909306,0.0,0.019491982,0.027159369,-0.0063055693,0.010476062,-0.0035533335,0.014877053,0.001615714,0.014788596,0.0015662336,-0.009317794,0.0013827371,0.010476062,0.0022619988
2022-06-02,-0.035635274,0.009440455,-0.10180902,0.016965793,0.005630508,0.001521033,-0.0006400037,0.014200619,-0.010972212,0.010474137,-0.0042112404,0.002310497,0.0014160773,0.010139449,0.007581198,0.031825952,0.0070189447,0.0011721087,-0.0042112404,0.0046810065
2022-06-03,0.01483108,-0.0102241775,0.013763665,0.0025699937,0.0059975185,-0.002251598,0.015269001,-0.027800005,-0.11524094,0.014771205,0.010405794,0.005925632,0.008742698,-0.037758447,0.0068515753,0.026851166,-0.008617555,0.0019923667,0.010405794,0.0
2022-06-06,-0.0064184507,0.0,0.009914374,-0.00048077715,0.014799369,-0.0057298895,-0.010582869,-0.0069749807,0.010643952,0.00023431981,0.007794255,-0.002817324,0.012077363,0.011251644,-0.0016997682,0.018072715,-0.0055424976,0.006273597,0.007794255,0.014306376
2022-06-07,0.0025984985,-0.008078693,-0.0051716096,0.0025055213,0.011709985,-0.008798217,0.025554901,0.011552041,-0.012854133,-0.01023023,0.0035403555,0.001622494,0.00073341874,0.0,0.0073022954,-0.0008146481,-0.0018392317,0.0142809665,0.0035403555,0.0039240615
2022-06-08,0.006269834,0.016433885,8.171689e-05,0.011738666,0.00554123,0.043243054,0.021763466,-0.083562866,0.012386954,0.0,-0.010864046,-0.0005007361,-0.0020096735,0.04562919,-0.00053951464,0.0066515463,0.0012889816,0.0027485946,-0.010864046,0.004200029
2022-06-09,-0.017649123,-0.0066585504,0.010767606,0.019925386,0.0077561866,0.0068508866,0.008836227,-0.0069126454,0.011668192,0.02100249,0.010112125,-0.0088857645,-0.061685327,0.00807598,-0.0036985017,0.003078089,-0.00023980123,-0.013440292,0.010112125,0.001023796
2022-06-10,-0.0102525195,0.0042251516,-0.0071118926,0.011393638,0.007902123,0.013313724,0.00029520935,0.038290147,0.0,-0.0027159234,0.0063551795,0.0060836123,-0.0042220172,0.008230546,0.008357222,-0.015560915,0.011843258,0.010079405,0.0063551795,0.008475256
2022-06-13,0.0032671352,0.006703801,-0.0014234488,0.00038836096,-0.015993353,0.009535245,-0.009913561,0.0022589702,-0.014998786,0.02803948,-0.0021976412,0.0061800834,0.0020665063,0.0051754657,0.007055975,0.080609925,0.004018127,-0.003571803,-0.0021976412,0.008611837
2022-06-14,0.016185649,0.03467628,-0.0059244563,0.011213186,-0.0020074793,-0.025687603,-0.0033487303,0.011893306,0.016836772,0.018927544,0.0008360107,0.0061112023,0.0041872025,-0.012866597,-0.0023680557,0.0032348665,-0.005362804,-0.021399772,0.0008360107,-0.053526256
2022-06-15,-0.024461275,0.0060329284,0.01594268,0.0049839215,0.0016359459,0.00040972183,-0.0071766404,0.03920049,0.017724387,0.013221417,-0.0014387838,0.0004992251,0.027467422,-0.031322632,0.0022937262,0.009689648,0.0065635783,0.0041560032,-0.0014387838,-0.0101027535
2022-06-16,-1.9994788e-05,-0.00068455434,0.010941035,0.009828432,0.0053927978,0.00981677,0.009192464,-0.0055246437,-0.01721071,0.01132681,0.007576252,-0.0055374,0.012394244,-0.008602041,0.010758277,-0.017862856,0.008095973,-0.009966308,0.007576252,0.00045895277
2022-06-17,-0.0054609496,-0.0023978895,-0.00569156,0.010948229,-0.0053842156,0.019691762,-0.01512727,0.0077981213,0.0027790247,0.0104250815,0.005837351,-0.00088695093,0.004580354,0.012201733,0.012081746,0.0040187878,0.0021287303,0.011353456,0.005837351,0.0009085252
2022-06-20,-0.0030094823,0.0065512867,0.010832895,0.0,0.0058420976,0.010891928,0.0,0.00667819,0.003953708,-0.015405065,0.010302296,-0.002048944,0.025095826,-0.21398672,0.027380971,0.0062661553,0.0035199495,-0.0003079879,0.010302296,-0.017543873
2022-06-21,-0.02963502,0.0077812076,-0.016317075,-0.005837241,0.0050675753,0.011871216,0.0049378257,-0.03014948,0.010834858,-0.022809364,0.0072522005,0.0,0.0044243806,-0.01044206,0.019932406,0.0036953979,0.008212426,-0.01008329,0.0072522005,0.011294784
2022-06-22,0.006715416,0.0069392337,0.009207504,-0.0009408345,0.0051409695,-0.0030678937,0.0058699306,0.024544096,0.001665209,0.008185921,0.009351435,-0.00516356,0.01333904,-0.014697921,-0.006853955,0.01740612,0.0011701494,0.004284546,0.009351435,0.004968736
2022-06-23,0.010855847,0.00709169,-0.009112132,-0.0032486892,0.006196108,0.0009527319,0.0024602897,-0.0066319765,0.004072113,0.002472886,0.008518329,-0.0018572251,0.016770003,-0.0031311475,0.0,0.013186286,-0.0017873502,0.019667422,0.008518329,-0.0032320712
2022-06-24,0.03435633,-0.00019133893,-0.010467835,0.0015960151,0.002439714,0.019340005,0.0,-0.00065295515,0.05432917,-0.026097383,0.008118274,0.008161664,-0.00740163,0.003466035,-0.036237437,0.03406691,0.0005431644,-0.006391572,0.008118274,0.0067382087
2022-06-27,0.016231054,-0.003064283,-0.0012928833,0.021948526,0.002001965,0.012272147,0.0008621849,0.013101523,0.01467747,0.03268479,0.0012240475,0.00097578845,0.0060814857,0.0784962,0.005158436,0.0090629235,-0.005223787,0.030316858,0.0012240475,-0.0018278296
2022-06-28,-0.0015816072,-0.0042846785,-0.0027977875,-0.0040186937,0.0019054593,-0.0076744263,0.001922412,-0.010329938,0.00031104838,0.011120919,0.0,0.002599608,-0.0024618346,0.0011446165,-0.00081977795,-0.016678879,0.0014295446,0.013141792,0.0,0.010031933
2022-06-29,0.012534839,-0.0017619088,0.009695078,-0.004024824,0.0032560632,0.00094706763,-0.0066038053,0.0022397833,0.0153603805,1.8697106e-05,0.011551171,0.0033093581,-0.001424108,0.061312024,0.002622353,0.0,0.0006152831,-0.004963599,0.011551171,-0.0013282986
2022-06-30,0.011324863,0.0061620665,-0.0038458705,-0.0041222535,0.00053254684,0.0,-0.000726844,0.0032334118,-0.031033145,-0.017954161,-0.0011666254,0.0,0.00085246726,0.039064962,-0.0046686875,-0.008197267,0.00781692,0.023572732,-0.0011666254,0.0068533444
2022-07-01,-0.01267185,0.005226683,0.010810948,0.014993494,0.00012121822,0.0043151644,-0.00944014,0.005160516,-0.0062172916,0.0022877068,0.0029967453,-0.011182406,-0.0071543846,-0.070718005,-0.033855908,-0.061184444,0.0024698146,-0.0075597987,0.0029967453,0.0035440088
2022-07-04,0.013821595,0.012934992,-0.0041516814,-0.0033386254,0.0012819604,-0.0023493615,-0.003401226,-0.026780302,0.008029489,-0.078801244,0.0062289527,0.0095642535,0.0074923094,0.037170887,0.020120336,0.0055087237,0.00012955196,0.0073371883,0.0062289527,-0.0005934942
2022-07-05,-0.01901786,0.0,0.013510583,0.0084568,-0.0058611147,-0.0046129343,0.0060340636,0.012942937,-0.009826891,0.0071847844,-0.01061796,-0.010750563,0.0,0.004579251,0.007721169,0.044979606,0.009196629,-0.008599239,-0.01061796,-0.0075818
2022-07-06,0.0012825096,0.008560461,0.003124019,0.004251539,0.009684039,0.011225757,0.010016693,0.009710176,0.015239603,0.012399331,-0.00025963516,-0.0066173286,-0.0026391838,0.0093552545,0.0,0.0024538997,0.005941149,-0.00083513616,-0.00025963516,-0.002849326
2022-07-07,-0.044692136,0.0043763663,0.0048055695,0.008641646,0.0037123153,-0.0024792035,0.0,-0.044279046,-0.018537618,-0.0009725852,-0.01060149,0.006583732,-0.0030108683,-0.003430305,0.0070350273,0.015117488,0.0,0.007955085,-0.01060149,-0.0007947668
2022-07-08,0.024966236,0.005360903,0.0070146667,-0.01754833,-0.003173283,0.0,-0.025098111,0.008143386,0.016287317,0.018158957,0.012451652,-0.013120148,0.008917737,0.026301822,0.0,0.010050561,-0.0010372663,0.007890465,0.012451652,0.001014151
2022-07-11,0.006388054,-0.0028323617,0.00030926112,0.011996625,0.002941195,-0.00044072542,0.024717322,-0.029617032,-0.013366446,-0.0026518414,0.002994127,0.010631317,-0.004176035,0.010559625,0.008121264,-0.0061591696,0.008314275,0.004864774,0.002994127,0.00199784
2022-07-12,0.008171916,0.0,0.0019786598,0.0033043106,0.007008309,0.008926899,0.013964927,0.16835105,0.0019423912,0.007308581,0.0010039456,-9.471728e-05,-0.023808038,0.0029230306,-0.010463377,-0.000851383,0.002033095,0.020587673,0.0010039456,-0.0062993327
2022-07-13,-0.026894595,-0.0197205,0.0021430545,0.0068131206,-0.0023849714,0.006731797,-0.20524395,0.005197855,0.017036734,0.0075513986,0.0021251386,0.0070556533,0.005367992,-0.008101727,0.009061493,0.0,-0.0009641749,-0.004272507,0.0021251386,-0.0032602036
2022-07-14,-0.019358309,0.00917806,-0.0030626021,0.0022584898,-0.003071718,-0.016768463,-0.009790539,-0.0036786078,0.04311336,-0.007050887,0.0,-0.0007812688,0.0,0.009788334,0.00069745374,0.008517565,-0.0011507982,0.008873373,0.0,-0.004194373
2022-07-15,0.02471965,-0.0034064732,0.0017430054,0.010081459,0.0033141382,-0.0025008076,-0.008088774,-0.09253327,-0.008664023,0.012513342,-0.0042052385,0.0009756668,-0.015792385,0.0025945627,0.013009575,-0.0015271371,-0.0059355944,-0.009984244,-0.0042052385,0.014751349
2022-07-18,0.033468153,0.0013999622,0.0032171677,0.0036109434,0.0023984842,0.0004374812,0.029138338,0.0066473214,-0.00376431,0.004328625,-0.00553391,0.008116556,0.007107374,-0.0135384025,0.0032886062,-0.017988062,0.0069245794,0.008846311,-0.00553391,0.013260443
2022-07-19,-0.002456878,0.007826063,0.006277713,-0.0062431884,0.0044021453,0.017825319,0.008225831,0.0,0.013101649,-0.0064850403,0.0054704347,0.0047451737,0.010927747,0.11085513,-0.009117003,0.01582193,-0.0020114714,-0.012296891,0.0054704347,0.0034403119
2022-07-20,-0.03548086,0.0022762853,-4.499732e-05,0.0074717794,0.0053941295,0.009912548,0.010639825,0.019620882,0.0005464079,0.0012018156,0.001963595,0.0038238221,0.010229246,-0.05428067,-0.007836518,0.01076289,-0.002430197,-0.0012248749,0.001963595,0.01610365
2022-07-21,0.047930323,0.0071051577,0.00676233,0.0034995638,-0.0034940364,-0.010027616,0.0018806634,0.03788491,-0.0002810371,0.0012836546,0.0048726243,0.008319296,0.0046252124,-0.0094611095,0.0,0.0021903836,-0.00050089986,-0.002886738,0.0048726243,0.008365953
2022-07-22,-0.0804654,0.008899446,0.0024616905,-0.0007443248,0.004089793,0.018988196,0.010144171,0.022032622,-0.04209897,-0.0198708,0.00049242604,-0.0025031082,-0.009745622,0.0156109305,0.008033806,0.0011309694,-0.003820486,0.033710465,0.00049242604,0.0030621067
2022-07-25,0.010969906,-0.004716983,0.0,0.0054292027,0.00020437305,0.0030964902,0.008306107,-0.01478829,0.008149625,-0.01650589,-0.010717996,0.007443477,0.0073724934,0.009896887,0.015695449,0.004921631,-0.0030936566,0.02706432,-0.010717996,0.0009321555
2022-07-26,0.08584694,0.005451022,0.007947002,0.0055778716,0.0,-0.010455202,-0.00026073898,0.002472941,-0.017132577,0.00017389239,0.00623589,0.010576442,0.00026254277,0.039725717,-0.02139767,0.007849971,0.0019831767,0.0115038175,0.00623589,-0.016864538
2022-07-27,-0.02015458,-0.003933193,0.0032924258,0.0075863344,0.0023871935,0.013178312,0.01146406,0.00596422,0.007094623,0.015308544,0.007733031,0.003334921,0.0038786216,-0.0002056283,0.0025418405,-0.004002789,-0.020119391,0.0006141328,0.007733031,0.013136845
2022-07-28,0.0045608077,0.019533118,0.015905634,0.014393994,0.00069492095,0.008842398,0.044797305,-0.0021068747,0.0073281736,0.027646251,-0.0138855055,0.010144891,0.005347916,-0.00821937,-0.011076846,0.00454915,-0.006795575,-0.00483462,-0.0138855055,-0.006425577
2022-07-29,-0.005743934,-0.024698555,0.005436881,0.02872962,0.0008243249,-0.0036636707,-0.0028513542,0.0027074951,0.0108557055,0.019172065,-0.01794376,0.0034324024,-0.0018451376,-0.011679679,0.0,-0.015044474,0.0017798907,0.026213398,-0.01794376,0.015358913
2022-08-01,0.024406794,0.0023989372,0.0,0.0026342205,0.021665996,-0.0014403969,-0.008134676,0.013741749,-0.022715395,0.002078521,-0.0102972975,0.001041523,-0.0024023647,-0.006324369,0.031819556,0.013599054,0.009004462,0.01887979,-0.0102972975,-0.004035572
2022-08-02,0.0067545096,-0.0017628416,0.0063408986,-0.008956301,-0.010307318,0.015906919,-0.0029605958,-0.003989521,-0.0066919937,0.0107278805,0.013304845,0.0015467857,0.0055218665,-0.0067947013,0.00058774074,-0.00038772656,0.006179914,-0.019187715,0.013304845,-5.7052283e-05
2022-08-03,0.0012509896,0.007729679,0.0013786551,0.0056815753,0.010129046,0.007977549,0.003188736,0.004924745,-0.030028304,0.006353976,0.0038197173,0.0,0.0,0.042070918,0.00797544,0.01657403,-0.00031944938,-0.0219988,0.0038197173,0.013616396
2022-08-04,0.00027403038,-0.004537064,0.0028749392,0.008316233,0.014196817,0.017262006,0.006097503,-0.007702202,-0.0007510889,0.00014909511,0.00070779206,0.006879876,0.008739572,-0.042126678,-0.023043025,0.010657543,0.00901876,0.01409987,0.00070779206,0.01593681
2022-08-05,-7.1399765e-05,0.01320506,-0.0045806738,0.02047458,0.008283583,-0.0028074414,-0.0052089714,0.004537693,0.017731845,-0.014949085,0.039836206,-0.013130094,0.009087069,0.018165987,0.011762498,0.013085438,0.010179292,-0.011727404,0.039836206,-0.0023881607
2022-08-08,0.019256521,0.008412526,0.0038687403,0.008964136,-0.0073129744,0.0023659638,0.028394708,0.0015034229,0.02003527,0.011767574,0.015639622,0.0010794397,0.008273289,0.0016219702,0.0040111644,-0.0005104777,0.0008104846,0.009725008,0.015639622,0.011776966
2022-08-09,0.0074040215,0.007537742,0.00089165976,0.004820253,0.0,0.009220336,-0.0055385833,-0.003548539,-0.002305771,-0.010025591,-0.001954451,-0.0030695493,0.012932595,0.022235513,0.01311355,-0.0029706422,0.004860187,-0.0018176396,-0.001954451,0.009807363
2022-08-10,-0.000913387,-0.010040021,0.01274469,-0.00878807,-0.027816858,-0.0036866455,-0.0057835616,-0.0022948354,0.015909951,0.0038743743,-0.0023790302,0.005486011,0.0,0.005260619,0.0076620686,0.0053149913,0.012620132,-0.009057449,-0.0023790302,0.02513062
2022-08-11,0.010406121,0.007306832,-0.008119329,-0.013330577,0.007135351,-0.0011952874,0.005309051,0.0,0.014810345,0.0015264081,0.0044047725,-0.0028856797,0.00732074,0.010913262,-7.821148e-06,-0.015405341,0.0015897752,0.016550632,0.0044047725,0.0015089856
2022-08-12,0.005580587,0.0047145076,-0.011633697,-0.010096496,0.00028973652,-0.010814161,0.0067400415,0.0030757713,-0.010423231,-0.0026172404,0.0071299546,0.0019263104,0.0,0.02965111,0.009525263,0.01628242,0.008049567,0.009711598,0.0071299546,0.0035076751
2022-08-15,0.0057780757,0.0,-0.0040088617,0.027176298,0.0022130385,-0.040579073,0.0049720686,-0.001416204,0.0062738988,0.015934946,-0.006777089,-0.0022406008,0.0,-0.061096128,-0.0012449359,0.0009464285,-0.0029757486,0.02923292,-0.006777089,0.004295985
2022-08-16,0.00019800731,0.002313901,-0.004968196,0.022280067,0.033034585,-0.0016015457,-0.00215718,0.0,-0.003547024,0.0,0.0,-0.0013929773,-0.0010253877,0.00045423268,0.010848762,-0.031357106,-0.011278359,0.011893178,0.0,0.0
2022-08-17,-0.020358084,0.008285618,0.012418517,0.0021078803,-0.009271293,0.007608872,0.012815642,-0.020330627,0.0038891602,0.0041255057,0.008881427,0.014106039,-0.0047815773,0.010213886,0.019831048,0.007811082,0.007721666,-0.07278634,0.008881427,0.004655519
2022-08-18,0.004365464,-0.0036713928,0.0019002337,-0.013172921,0.009203589,-0.0064435317,-0.0039128065,0.010884185,0.0009928023,0.011705725,0.008846598,-0.019538742,0.011749522,0.0027197818,-0.012282872,0.01090197,0.010745562,0.0010392022,0.008846598,0.002682075
2022-08-19,0.034742545,-0.0006026924,0.0056539034,0.004878113,0.0033152795,0.002208218,0.01936562,0.0037018617,0.0050331927,0.0021645203,-0.00644664,-0.002406629,0.0032758873,-0.01062985,0.0007330722,0.0015311455,-0.006128842,0.001984578,-0.00644664,-0.0030840726
2022-08-22,0.0032153565,0.013178744,0.006612715,0.0015831891,0.0067278533,0.0,0.00160132,0.00084219687,0.0058195465,0.0030386213,0.008593848,0.005921089,0.0045327633,0.005128545,-0.0017387137,0.0,0.005775935,0.011840055,0.008593848,0.006013004
2022-08-23,0.0003624918,0.014543614,0.0,-0.00043703135,-0.004293143,0.007335748,0.0070000407,-0.009527788,0.0019834216,-0.015101569,-0.0027412407,0.007991106,-0.0019996192,0.008664927,-0.025381526,0.009297011,0.009399714,0.0038063282,-0.0027412407,-0.0033613471
2022-08-24,0.017476192,-0.002152351,0.008678923,0.008112436,-0.014692241,0.012785174,0.00794848,0.009577838,-0.0025803235,-0.0017087703,0.004118144,0.0019649786,-0.001327089,0.012552197,0.06125035,-0.009402149,0.0072425306,0.037596725,0.004118144,0.015824493
2022-08-25,0.00080768595,0.0012488671,0.0068566734,0.0013705168,0.0015165189,0.01568644,-0.024044713,0.004075564,0.017328404,-0.0050295996,0.0001097625,-0.010949763,0.0038649028,0.005729969,-0.023786156,0.00032988333,-0.0028379124,0.018621333,0.0001097625,0.0052459757
2022-08-26,0.008472182,0.0018897371,0.0016219752,0.0018017136,0.0061083613,-0.003688097,-0.022325186,0.001024245,0.0071179653,0.01958389,-0.00017590758,-0.008088073,0.002215451,0.03317131,0.006732638,-0.013864231,0.007678782,-0.033191573,-0.00017590758,-0.0043739127
2022-08-29,0.0020112754,-0.0017503385,-3.680752e-05,-0.010684683,0.0017661643,-0.0013063533,0.015987996,0.0036124045,-0.004034706,0.0077687,0.008913747,0.0006612331,-0.0023005037,-0.005801923,0.07045147,0.0009568332,0.008121947,0.04444502,0.008913747,0.0041363775
2022-08-30,0.0,0.0071709356,0.004009785,0.007637958,0.010067195,0.0034838885,-0.004855548,0.00059319264,0.0017848569,-0.015115025,0.0054554176,-0.006444095,0.002737897,0.024428245,-0.00059123227,0.0,0.0009953002,0.0009429316,0.0054554176,-0.009414231
2022-08-31,-0.0077972976,0.00073826517,0.0028460298,0.016223708,0.015806329,-0.0062727,0.009285025,0.007445131,-0.0026693777,-0.018537356,-0.00044903974,-0.018014204,-0.002825215,-0.020865045,0.008717205,-0.0020239654,0.00464658,-0.01218405,-0.00044903974,-0.0045975307
